timestamp,link_type,tx_id,rx_id,received_power,path_loss,delay_spread,is_line_of_sight,num_paths,p_tot_watts,p_max_watts,dominance,k_factor,k_factor_db,prop_mode,received_power_watts,snr,snr_db,theoretical_throughput_bps,theoretical_throughput_mbps,mcs_index,spectral_efficiency_bpshz,throughput_mbps_mcs,margin_db_used,snr_db_eff_margin,mcs_index_est,spectral_efficiency_bpshz_est,throughput_mbps_mcs_est
0.0,V2I,BS_1,we_0,-96.91,126.91,1120.38,False,1,2.034854695189e-13,2.034854695189e-13,1.0,inf,inf,D,2.0370420777057234e-13,0.5090060164182216,-2.932770843001916,59359855.791193165,59.35985579119316,1,0.38,38.0,6.514156594356944,-9.44692743735886,0,0.15,15.0
1.0,V2I,BS_1,we_0,-96.7,126.7,1092.52,False,1,2.1399736768380003e-13,2.1399736768380003e-13,1.0,inf,inf,D,2.137962089502233e-13,0.5342234106702229,-2.7227708430019257,61750858.062281445,61.750858062281445,1,0.38,38.0,6.514156594356944,-9.236927437358869,0,0.15,15.0
1.0,V2I,BS_1,we_1,-96.87,126.87,1114.61,False,1,2.0559681649070003e-13,2.0559681649070003e-13,1.0,inf,inf,D,2.055890595984136e-13,0.5137157911004837,-2.892770843001938,59809435.64069013,59.80943564069013,1,0.38,38.0,6.514156594356944,-9.40692743735888,0,0.15,15.0
1.0,V2I,BS_1,sn_0,-96.72,126.72,1095.89,False,1,2.126800219074e-13,2.126800219074e-13,1.0,inf,inf,D,2.128139045982709e-13,0.5317688770571486,-2.7427708430019324,61519863.07628826,61.51986307628826,1,0.38,38.0,6.514156594356944,-9.256927437358875,0,0.15,15.0
1.0,V2I,BS_1,ew_0,-73.59,103.59,0.49,True,2,4.370233862294e-11,3.7909599071020005e-11,0.86745,6.54433,8.16,D,4.3752210515825197e-11,109.32586335788405,20.387229156998075,678562722.6979983,678.5627226979983,6,4.4,440.00000000000006,6.514156594356944,13.87307256264113,4,2.4,240.0
1.0,V2I,BS_1,ns_0,-74.44,104.44,0.11,True,2,3.600147956172e-11,3.5776430429290006e-11,0.993749,158.971643,22.01,D,3.5974933515574235e-11,89.892387595138,19.537229156998073,650608756.5999506,650.6087565999505,5,3.3,330.0,6.514156594356944,13.02307256264113,4,2.4,240.0
1.0,V2V,we_0,we_1,-55.46,78.46,0.02,True,2,2.841623279278e-09,2.841247746296e-09,0.999868,7565.907345,38.79,D,2.8444611074479142e-09,7107.598969135217,38.51722915699807,1279534953.2347517,1279.5349532347514,7,5.5,550.0,6.514156594356944,32.00307256264112,7,5.5,550.0
1.0,V2V,we_1,we_0,-55.46,78.46,0.02,True,2,2.841623073161e-09,2.841247746296e-09,0.999868,7570.062272,38.79,D,2.8444611074479142e-09,7107.598969135217,38.51722915699807,1279534953.2347517,1279.5349532347514,7,5.5,550.0,6.514156594356944,32.00307256264112,7,5.5,550.0
2.0,V2I,BS_1,we_0,-96.47,126.47,1064.77,False,1,2.252962339025e-13,2.252962339025e-13,1.0,inf,inf,D,2.2542392121524281e-13,0.5632781639561288,-2.4927708430019293,64457450.901864536,64.45745090186453,1,0.38,38.0,6.514156594356944,-9.006927437358874,0,0.15,15.0
2.0,V2I,BS_1,we_1,-96.64,126.64,1085.85,False,1,2.1663463692579997e-13,2.1663463692579997e-13,1.0,inf,inf,D,2.167704104819696e-13,0.5416551986056212,-2.6627708430019235,62448013.30312515,62.44801330312515,1,0.38,38.0,6.514156594356944,-9.176927437358868,0,0.15,15.0
2.0,V2I,BS_1,we_2,-96.82,126.82,1108.48,False,1,2.0787876914909997e-13,2.0787876914909997e-13,1.0,inf,inf,D,2.079696687103702e-13,0.5196643396061223,-2.8427708430019134,60375269.92856823,60.37526992856823,1,0.38,38.0,6.514156594356944,-9.356927437358856,0,0.15,15.0
2.0,V2I,BS_1,sn_0,-96.49,126.49,1066.47,False,1,2.245783145039e-13,2.245783145039e-13,1.0,inf,inf,D,2.243881923782771e-13,0.5606901358777537,-2.5127708430019178,64218412.87265485,64.21841287265485,1,0.38,38.0,6.514156594356944,-9.02692743735886,0,0.15,15.0
2.0,V2I,BS_1,sn_1,-96.67,126.67,1089.16,False,1,2.1531745425019997e-13,2.1531745425019997e-13,1.0,inf,inf,D,2.152781734724374e-13,0.5379264704458705,-2.692770843001924,62098652.84889688,62.09865284889688,1,0.38,38.0,6.514156594356944,-9.206927437358868,0,0.15,15.0
2.0,V2I,BS_1,sn_2,-96.86,126.86,1113.42,False,1,2.060366306689e-13,2.060366306689e-13,1.0,inf,inf,D,2.0606299132700007e-13,0.5149000283033484,-2.882770843001926,59922259.01141518,59.922259011415186,1,0.38,38.0,6.514156594356944,-9.396927437358867,0,0.15,15.0
2.0,V2I,BS_1,ew_0,-73.9,103.9,0.15,True,2,4.0755946550560006e-11,4.0364416670210005e-11,0.990393,103.09409,20.13,D,4.0738027780411224e-11,101.79417236484562,20.07722915699807,668361466.6965533,668.3614666965533,6,4.4,440.00000000000006,6.514156594356944,13.563072562641125,4,2.4,240.0
2.0,V2I,BS_1,ew_1,-74.12,104.12,0.13,True,2,3.876859667714e-11,3.845197077412e-11,0.991833,121.442909,20.84,D,3.872576449216165e-11,96.76602821629596,19.857229156998063,661126133.8816785,661.1261338816785,5,3.3,330.0,6.514156594356944,13.343072562641122,4,2.4,240.0
2.0,V2I,BS_1,ns_0,-73.56,103.56,0.49,True,2,4.4064297349820006e-11,3.817497359893e-11,0.866347,6.482064,8.12,D,4.4055486350655335e-11,110.08367403961851,20.417229156998076,679550298.9284675,679.5502989284676,6,4.4,440.00000000000006,6.514156594356944,13.903072562641132,4,2.4,240.0
2.0,V2I,BS_1,ns_1,-73.7,103.7,0.5,True,2,4.264318065328e-11,3.628065903261e-11,0.850796,5.702245,7.56,D,4.2657951880159254e-11,106.5915839084439,20.277229156998075,674942142.0750834,674.9421420750833,6,4.4,440.00000000000006,6.514156594356944,13.763072562641131,4,2.4,240.0
2.0,V2I,BS_1,wn_0,-96.76,126.76,1100.49,False,1,2.109063877711e-13,2.109063877711e-13,1.0,inf,inf,D,2.1086281499332891e-13,0.5268935906879781,-2.7827708430019276,61059952.412827425,61.05995241282743,1,0.38,38.0,6.514156594356944,-9.296927437358873,0,0.15,15.0
2.0,V2I,BS_1,se_0,-96.79,126.79,1104.16,False,1,2.095075723291e-13,2.095075723291e-13,1.0,inf,inf,D,2.0941124558508913e-13,0.5232664807223616,-2.812770843001929,60716834.94330471,60.71683494330471,1,0.38,38.0,6.514156594356944,-9.326927437358872,0,0.15,15.0
2.0,V2V,we_0,we_1,-55.09,78.09,0.03,True,2,3.096567885704e-09,3.095949142371e-09,0.9998,5003.608085,36.99,D,3.0974192992165773e-09,7739.678408837025,38.887229156998075,1291824429.730753,1291.8244297307529,7,5.5,550.0,6.514156594356944,32.37307256264113,7,5.5,550.0
2.0,V2V,we_0,we_2,-61.28,84.28,0.18,True,2,7.451406232797e-10,7.224017580916e-10,0.969484,31.769473,15.02,D,7.447319739059888e-10,1860.8994850224608,32.69722915699808,1086255947.5510554,1086.2559475510554,7,5.5,550.0,6.514156594356944,26.183072562641133,7,5.5,550.0
2.0,V2V,we_0,wn_0,-59.59,82.59,0.18,True,2,1.098696019881e-09,1.076421158662e-09,0.979726,48.324483,16.84,D,1.0990058394325198e-09,2746.1415278173904,34.38722915699807,1142371552.2058263,1142.3715522058264,7,5.5,550.0,6.514156594356944,27.873072562641124,7,5.5,550.0
2.0,V2V,we_1,we_0,-55.09,78.09,0.03,True,2,3.09656788843e-09,3.095949142371e-09,0.9998,5003.586043,36.99,D,3.0974192992165773e-09,7739.678408837025,38.887229156998075,1291824429.730753,1291.8244297307529,7,5.5,550.0,6.514156594356944,32.37307256264113,7,5.5,550.0
2.0,V2V,we_1,we_2,-55.68,78.68,0.04,True,2,2.704542479513e-09,2.703227293981e-09,0.999514,2055.396162,33.13,D,2.703958364108846e-09,6756.517651446392,38.29722915699808,1272227765.9919417,1272.2277659919416,7,5.5,550.0,6.514156594356944,31.783072562641134,7,5.5,550.0
2.0,V2V,we_1,wn_0,-51.89,74.89,0.31,True,2,6.468140062452e-09,6.39211637969e-09,0.988246,84.080594,19.25,D,6.47142615748583e-09,16170.480153637756,42.08722915699808,1398116411.2324188,1398.1164112324188,7,5.5,550.0,6.514156594356944,35.57307256264113,7,5.5,550.0
2.0,V2V,we_2,we_0,-61.28,84.28,0.18,True,2,7.451390352681e-10,7.224017580916e-10,0.969486,31.771692,15.02,D,7.447319739059888e-10,1860.8994850224608,32.69722915699808,1086255947.5510554,1086.2559475510554,7,5.5,550.0,6.514156594356944,26.183072562641133,7,5.5,550.0
2.0,V2V,we_2,we_1,-55.68,78.68,0.04,True,2,2.704542197682e-09,2.703227293981e-09,0.999514,2055.836707,33.13,D,2.703958364108846e-09,6756.517651446392,38.29722915699808,1272227765.9919417,1272.2277659919416,7,5.5,550.0,6.514156594356944,31.783072562641134,7,5.5,550.0
2.0,V2V,we_2,wn_0,-46.56,69.56,0.07,True,2,2.209835484911e-08,2.209304470833e-08,0.99976,4160.538418,36.19,D,2.2080047330188972e-08,55172.532059442696,47.41722915699807,1575168872.0389,1575.1688720389002,7,5.5,550.0,6.514156594356944,40.90307256264113,7,5.5,550.0
2.0,V2V,sn_0,sn_1,-55.69,78.69,0.05,True,2,2.697885360091e-09,2.695860116451e-09,0.999249,1331.12879,31.24,D,2.69773943244492e-09,6740.978092066267,38.28722915699807,1271895622.3980844,1271.8956223980845,7,5.5,550.0,6.514156594356944,31.77307256264113,7,5.5,550.0
2.0,V2V,sn_0,sn_2,-61.54,84.54,0.29,True,2,7.016883774453e-10,6.319079033698e-10,0.900553,9.055655,9.57,D,7.014552984199712e-10,1752.761865117369,32.43722915699807,1077623714.9127693,1077.6237149127694,7,5.5,550.0,6.514156594356944,25.923072562641128,7,5.5,550.0
2.0,V2V,sn_0,se_0,-59.89,82.89,0.25,True,2,1.026552453048e-09,9.811819764475e-10,0.955803,21.626001,13.35,D,1.0256519262514081e-09,2562.848391432803,34.08722915699808,1132409523.7962394,1132.4095237962397,7,5.5,550.0,6.514156594356944,27.573072562641133,7,5.5,550.0
2.0,V2V,sn_1,sn_0,-55.69,78.69,0.05,True,2,2.69788466698e-09,2.695860116451e-09,0.99925,1331.584506,31.24,D,2.69773943244492e-09,6740.978092066267,38.28722915699807,1271895622.3980844,1271.8956223980845,7,5.5,550.0,6.514156594356944,31.77307256264113,7,5.5,550.0
2.0,V2V,sn_1,sn_2,-56.24,79.24,0.08,True,2,2.379402150381e-09,2.374672300116e-09,0.998012,502.060777,27.01,D,2.3768402866248732e-09,5939.13115098669,37.73722915699807,1253627906.9019663,1253.6279069019663,7,5.5,550.0,6.514156594356944,31.223072562641125,7,5.5,550.0
2.0,V2V,sn_1,se_0,-52.01,75.01,0.27,True,2,6.289571751645e-09,6.234379530028e-09,0.991225,112.957575,20.53,D,6.295061828571981e-09,15729.789676591656,41.96722915699808,1394130347.4581947,1394.1303474581948,7,5.5,550.0,6.514156594356944,35.45307256264114,7,5.5,550.0
2.0,V2V,sn_2,sn_0,-61.54,84.54,0.29,True,2,7.016827619484e-10,6.319079033698e-10,0.900561,9.056384,9.57,D,7.014552984199712e-10,1752.761865117369,32.43722915699807,1077623714.9127693,1077.6237149127694,7,5.5,550.0,6.514156594356944,25.923072562641128,7,5.5,550.0
2.0,V2V,sn_2,sn_1,-56.24,79.24,0.08,True,2,2.379397618248e-09,2.374672300116e-09,0.998014,502.542312,27.01,D,2.3768402866248732e-09,5939.13115098669,37.73722915699807,1253627906.9019663,1253.6279069019663,7,5.5,550.0,6.514156594356944,31.223072562641125,7,5.5,550.0
2.0,V2V,sn_2,se_0,-47.86,70.86,0.41,True,2,1.635907503457e-08,1.620026815031e-08,0.990292,102.01238,20.09,D,1.63681652142781e-08,40899.96305416816,46.11722915699808,1531984719.2817087,1531.9847192817087,7,5.5,550.0,6.514156594356944,39.60307256264113,7,5.5,550.0
2.0,V2V,ew_0,ew_1,-55.32,78.32,0.01,True,2,2.93931451683e-09,2.939210721416e-09,0.999965,28317.346684,44.52,D,2.93764965196153e-09,7340.453902952349,38.65722915699807,1284185008.7630725,1284.1850087630726,7,5.5,550.0,6.514156594356944,32.14307256264112,7,5.5,550.0
2.0,V2V,ew_1,ew_0,-55.32,78.32,0.01,True,2,2.939314710399e-09,2.939210721416e-09,0.999965,28264.635658,44.51,D,2.93764965196153e-09,7340.453902952349,38.65722915699807,1284185008.7630725,1284.1850087630726,7,5.5,550.0,6.514156594356944,32.14307256264112,7,5.5,550.0
2.0,V2V,ns_0,ns_1,-55.9,78.9,0.03,True,2,2.568976439795e-09,2.568184406299e-09,0.999692,3242.519945,35.11,D,2.5703957827688646e-09,6422.778067888216,38.07722915699807,1264920633.5380344,1264.9206335380345,7,5.5,550.0,6.514156594356944,31.56307256264113,7,5.5,550.0
2.0,V2V,ns_1,ns_0,-55.9,78.9,0.03,True,2,2.568978405513e-09,2.568184406299e-09,0.999691,3234.49238,35.1,D,2.5703957827688646e-09,6422.778067888216,38.07722915699807,1264920633.5380344,1264.9206335380345,7,5.5,550.0,6.514156594356944,31.56307256264113,7,5.5,550.0
2.0,V2V,wn_0,we_0,-59.59,82.59,0.18,True,2,1.098694121743e-09,1.076421158662e-09,0.979728,48.328602,16.84,D,1.0990058394325198e-09,2746.1415278173904,34.38722915699807,1142371552.2058263,1142.3715522058264,7,5.5,550.0,6.514156594356944,27.873072562641124,7,5.5,550.0
2.0,V2V,wn_0,we_1,-51.89,74.89,0.31,True,2,6.468144470672e-09,6.39211637969e-09,0.988246,84.075719,19.25,D,6.47142615748583e-09,16170.480153637756,42.08722915699808,1398116411.2324188,1398.1164112324188,7,5.5,550.0,6.514156594356944,35.57307256264113,7,5.5,550.0
2.0,V2V,wn_0,we_2,-46.56,69.56,0.07,True,2,2.20983706022e-08,2.209304470833e-08,0.999759,4148.232252,36.18,D,2.2080047330188972e-08,55172.532059442696,47.41722915699807,1575168872.0389,1575.1688720389002,7,5.5,550.0,6.514156594356944,40.90307256264113,7,5.5,550.0
2.0,V2V,se_0,sn_0,-59.89,82.89,0.25,True,2,1.026548468482e-09,9.811819764475e-10,0.955807,21.627901,13.35,D,1.0256519262514081e-09,2562.848391432803,34.08722915699808,1132409523.7962394,1132.4095237962397,7,5.5,550.0,6.514156594356944,27.573072562641133,7,5.5,550.0
2.0,V2V,se_0,sn_1,-52.01,75.01,0.27,True,2,6.289571773797e-09,6.234379530028e-09,0.991225,112.95753,20.53,D,6.295061828571981e-09,15729.789676591656,41.96722915699808,1394130347.4581947,1394.1303474581948,7,5.5,550.0,6.514156594356944,35.45307256264114,7,5.5,550.0
2.0,V2V,se_0,sn_2,-47.86,70.86,0.41,True,2,1.635907937634e-08,1.620026815031e-08,0.990292,102.009591,20.09,D,1.63681652142781e-08,40899.96305416816,46.11722915699808,1531984719.2817087,1531.9847192817087,7,5.5,550.0,6.514156594356944,39.60307256264113,7,5.5,550.0
3.0,V2I,BS_1,we_0,-96.24,126.24,1037.15,False,1,2.374567283598e-13,2.374567283598e-13,1.0,inf,inf,D,2.3768402866248833e-13,0.5939131150986714,-2.2627708430019142,67257298.95337729,67.25729895337729,1,0.38,38.0,6.514156594356944,-8.776927437358857,0,0.15,15.0
3.0,V2I,BS_1,we_1,-96.41,126.41,1057.21,False,1,2.2853119815189996e-13,2.2853119815189996e-13,1.0,inf,inf,D,2.28559880337543e-13,0.5711141437719714,-2.4327708430019266,65178799.83734827,65.17879983734827,1,0.38,38.0,6.514156594356944,-8.94692743735887,0,0.15,15.0
3.0,V2I,BS_1,we_2,-96.59,126.59,1078.81,False,1,2.1946865752759997e-13,2.1946865752759997e-13,1.0,inf,inf,D,2.1928049353504455e-13,0.54792727020251,-2.6127708430019334,63033768.76430885,63.033768764308846,1,0.38,38.0,6.514156594356944,-9.126927437358876,0,0.15,15.0
3.0,V2I,BS_1,we_3,-96.77,126.77,1101.98,False,1,2.103385440489e-13,2.103385440489e-13,1.0,inf,inf,D,2.1037784397664777e-13,0.5256817690570907,-2.792770843001922,60945407.22110379,60.945407221103785,1,0.38,38.0,6.514156594356944,-9.306927437358866,0,0.15,15.0
3.0,V2I,BS_1,sn_0,-96.24,126.24,1037.18,False,1,2.374432816421e-13,2.374432816421e-13,1.0,inf,inf,D,2.3768402866248833e-13,0.5939131150986714,-2.2627708430019142,67257298.95337729,67.25729895337729,1,0.38,38.0,6.514156594356944,-8.776927437358857,0,0.15,15.0
3.0,V2I,BS_1,sn_1,-96.42,126.42,1058.84,False,1,2.278263786577e-13,2.278263786577e-13,1.0,inf,inf,D,2.280342072000421e-13,0.5698006176912594,-2.442770843001922,65058133.2279614,65.05813322796139,1,0.38,38.0,6.514156594356944,-8.956927437358866,0,0.15,15.0
3.0,V2I,BS_1,sn_2,-96.61,126.61,1082.06,False,1,2.1815146965040003e-13,2.1815146965040003e-13,1.0,inf,inf,D,2.1827299118430039e-13,0.5454097730742137,-2.6327708430019223,62798942.66075102,62.798942660751024,1,0.38,38.0,6.514156594356944,-9.146927437358864,0,0.15,15.0
3.0,V2I,BS_1,sn_3,-96.81,126.81,1106.86,False,1,2.0848693021479997e-13,2.0848693021479997e-13,1.0,inf,inf,D,2.0844908830972842e-13,0.5208622896295062,-2.8327708430019367,60488952.64594872,60.48895264594872,1,0.38,38.0,6.514156594356944,-9.34692743735888,0,0.15,15.0
3.0,V2I,BS_1,ew_0,-73.16,103.16,0.49,True,2,4.8335406857560005e-11,4.274746528976e-11,0.884392,7.649949,8.84,D,4.830588020397728e-11,120.70434833577532,20.81722915699807,692723690.4337369,692.7236904337369,6,4.4,440.00000000000006,6.514156594356944,14.30307256264113,4,2.4,240.0
3.0,V2I,BS_1,ew_1,-73.19,103.19,0.53,True,2,4.7955858468310005e-11,4.0978036935920006e-11,0.854495,5.872612,7.69,D,4.797334486366892e-11,119.87342544644906,20.787229156998073,691735328.6381537,691.7353286381536,6,4.4,440.00000000000006,6.514156594356944,14.27307256264113,4,2.4,240.0
3.0,V2I,BS_1,ew_2,-73.36,103.36,0.53,True,2,4.6109075758920006e-11,3.9026462617110005e-11,0.846394,5.510178,7.41,D,4.6131757456037906e-11,115.27175776121416,20.61722915699807,686135690.0636741,686.1356900636741,6,4.4,440.00000000000006,6.514156594356944,14.103072562641128,4,2.4,240.0
3.0,V2I,BS_1,ns_0,-73.89,103.89,0.14,True,2,4.08765342538e-11,4.050611582262e-11,0.990938,109.352323,20.39,D,4.083193863326919e-11,102.02883216708943,20.08722915699807,668690431.5568678,668.6904315568678,6,4.4,440.00000000000006,6.514156594356944,13.573072562641126,4,2.4,240.0
3.0,V2I,BS_1,ns_1,-73.76,103.76,0.4,True,2,4.209494428378e-11,3.87461243645e-11,0.920446,11.570083,10.63,D,4.207266283844438e-11,105.12909254983602,20.217229156998073,672967637.7828758,672.9676377828757,6,4.4,440.00000000000006,6.514156594356944,13.703072562641127,4,2.4,240.0
3.0,V2I,BS_1,ns_2,-74.09,104.09,0.33,True,2,3.8969350966630005e-11,3.681488447427e-11,0.944714,17.087703,12.33,D,3.899419866765428e-11,97.43677827999568,19.887229156998067,662112553.5743841,662.112553574384,5,3.3,330.0,6.514156594356944,13.373072562641124,4,2.4,240.0
3.0,V2I,BS_1,wn_0,-96.56,126.56,1075.7,False,1,2.207394566252e-13,2.207394566252e-13,1.0,inf,inf,D,2.208004733018897e-13,0.5517253205944269,-2.5827708430019323,63387320.07673663,63.38732007673663,1,0.38,38.0,6.514156594356944,-9.096927437358875,0,0.15,15.0
3.0,V2I,BS_1,wn_1,-96.79,126.79,1104.9,False,1,2.092274951794e-13,2.092274951794e-13,1.0,inf,inf,D,2.0941124558508913e-13,0.5232664807223616,-2.812770843001929,60716834.94330471,60.71683494330471,1,0.38,38.0,6.514156594356944,-9.326927437358872,0,0.15,15.0
3.0,V2I,BS_1,se_0,-96.59,126.59,1079.43,False,1,2.1921768023240003e-13,2.1921768023240003e-13,1.0,inf,inf,D,2.1928049353504455e-13,0.54792727020251,-2.6127708430019334,63033768.76430885,63.033768764308846,1,0.38,38.0,6.514156594356944,-9.126927437358876,0,0.15,15.0
3.0,V2I,BS_1,se_1,-96.82,126.82,1108.84,False,1,2.07742101316e-13,2.07742101316e-13,1.0,inf,inf,D,2.079696687103702e-13,0.5196643396061223,-2.8427708430019134,60375269.92856823,60.37526992856823,1,0.38,38.0,6.514156594356944,-9.356927437358856,0,0.15,15.0
3.0,V2V,we_0,we_1,-54.7,77.7,0.02,True,2,3.386697033004e-09,3.386498630288e-09,0.999941,17068.811855,42.32,D,3.38844156139202e-09,8466.870468245927,39.27722915699807,1304778348.548509,1304.7783485485088,7,5.5,550.0,6.514156594356944,32.76307256264113,7,5.5,550.0
3.0,V2V,we_0,we_2,-60.85,83.85,0.22,True,2,8.230989208778e-10,7.877461612763e-10,0.957049,22.282452,13.48,D,8.222426499470712e-10,2054.579335200078,33.12722915699808,1100532933.853473,1100.532933853473,7,5.5,550.0,6.514156594356944,26.613072562641133,7,5.5,550.0
3.0,V2V,we_0,we_3,-64.53,87.53,0.18,True,2,3.523614278738e-10,3.265794686937e-10,0.926831,12.666976,11.03,D,3.523708710424869e-10,880.4869341391476,29.44722915699807,978379537.5097426,978.3795375097426,7,5.5,550.0,6.514156594356944,22.93307256264113,6,4.4,440.00000000000006
3.0,V2V,we_0,wn_0,-60.24,83.24,0.22,True,2,9.460139135303e-10,9.122749779656e-10,0.964336,27.039234,14.32,D,9.462371613657926e-10,2364.410698065449,33.737229156998076,1120787498.0117428,1120.7874980117429,7,5.5,550.0,6.514156594356944,27.223072562641132,7,5.5,550.0
3.0,V2V,we_0,wn_1,-64.33,87.33,0.27,True,2,3.688638282331e-10,2.987234362479e-10,0.809847,4.258936,6.29,D,3.689775985701504e-10,921.9830049229146,29.647229156998076,985016027.324798,985.016027324798,7,5.5,550.0,6.514156594356944,23.133072562641132,6,4.4,440.00000000000006
3.0,V2V,we_1,we_0,-54.7,77.7,0.02,True,2,3.386696598403e-09,3.386498630288e-09,0.999942,17106.283111,42.33,D,3.38844156139202e-09,8466.870468245927,39.27722915699807,1304778348.548509,1304.7783485485088,7,5.5,550.0,6.514156594356944,32.76307256264113,7,5.5,550.0
3.0,V2V,we_1,we_2,-55.32,78.32,0.01,True,2,2.939314592263e-09,2.939210721416e-09,0.999965,28296.782045,44.52,D,2.93764965196153e-09,7340.453902952349,38.65722915699807,1284185008.7630725,1284.1850087630726,7,5.5,550.0,6.514156594356944,32.14307256264112,7,5.5,550.0
3.0,V2V,we_1,we_3,-61.45,84.45,0.2,True,2,7.162936591475e-10,6.870242160949e-10,0.959138,23.472405,13.71,D,7.161434102129013e-10,1789.4637936354352,32.52722915699807,1080611762.9754066,1080.6117629754067,7,5.5,550.0,6.514156594356944,26.013072562641124,7,5.5,550.0
3.0,V2V,we_1,wn_0,-54.04,77.04,0.09,True,2,3.948568480663e-09,3.942669141555e-09,0.998506,668.32387,28.25,D,3.944573020752785e-09,9856.504299732094,39.93722915699807,1326700671.9282608,1326.7006719282608,7,5.5,550.0,6.514156594356944,33.423072562641124,7,5.5,550.0
3.0,V2V,we_1,wn_1,-61.88,84.88,0.24,True,2,6.484986121254e-10,6.044496519031e-10,0.932075,13.722223,11.37,D,6.486344335482374e-10,1620.7756960225822,32.09722915699807,1066335858.226094,1066.335858226094,7,5.5,550.0,6.514156594356944,25.583072562641124,7,5.5,550.0
3.0,V2V,we_2,we_0,-60.85,83.85,0.22,True,2,8.230967223055e-10,7.877461612763e-10,0.957052,22.283838,13.48,D,8.222426499470712e-10,2054.579335200078,33.12722915699808,1100532933.853473,1100.532933853473,7,5.5,550.0,6.514156594356944,26.613072562641133,7,5.5,550.0
3.0,V2V,we_2,we_1,-55.32,78.32,0.01,True,2,2.93931451683e-09,2.939210721416e-09,0.999965,28317.346684,44.52,D,2.93764965196153e-09,7340.453902952349,38.65722915699807,1284185008.7630725,1284.1850087630726,7,5.5,550.0,6.514156594356944,32.14307256264112,7,5.5,550.0
3.0,V2V,we_2,we_3,-55.89,78.89,0.06,True,2,2.577136424406e-09,2.575033761913e-09,0.999184,1224.653871,30.88,D,2.576321157002573e-09,6437.584100456204,38.08722915699807,1265252774.6940088,1265.2527746940088,7,5.5,550.0,6.514156594356944,31.573072562641126,7,5.5,550.0
3.0,V2V,we_2,wn_0,-38.05,61.05,0.79,True,2,1.566077815034e-07,1.547474924428e-07,0.988121,83.184649,19.2,D,1.56675107010815e-07,391492.0215162793,55.92722915699808,1857862706.5698757,1857.8627065698752,7,5.5,550.0,6.514156594356944,49.41307256264113,7,5.5,550.0
3.0,V2V,we_2,wn_1,-56.93,79.93,0.06,True,2,2.026193306675e-09,2.023738255136e-09,0.998788,824.315996,29.16,D,2.0276827195212836e-09,5066.673462072172,37.04722915699808,1230710785.140079,1230.710785140079,7,5.5,550.0,6.514156594356944,30.533072562641134,7,5.5,550.0
3.0,V2V,we_3,we_0,-64.53,87.53,0.18,True,2,3.523596086522e-10,3.265794686937e-10,0.926836,12.66787,11.03,D,3.523708710424869e-10,880.4869341391476,29.44722915699807,978379537.5097426,978.3795375097426,7,5.5,550.0,6.514156594356944,22.93307256264113,6,4.4,440.00000000000006
3.0,V2V,we_3,we_1,-61.45,84.45,0.2,True,2,7.162918039291e-10,6.870242160949e-10,0.95914,23.473893,13.71,D,7.161434102129013e-10,1789.4637936354352,32.52722915699807,1080611762.9754066,1080.6117629754067,7,5.5,550.0,6.514156594356944,26.013072562641124,7,5.5,550.0
3.0,V2V,we_3,we_2,-55.89,78.89,0.06,True,2,2.577135296738e-09,2.575033761913e-09,0.999185,1225.311012,30.88,D,2.576321157002573e-09,6437.584100456204,38.08722915699807,1265252774.6940088,1265.2527746940088,7,5.5,550.0,6.514156594356944,31.573072562641126,7,5.5,550.0
3.0,V2V,we_3,wn_0,-56.93,79.93,0.06,True,2,2.02611026696e-09,2.023376559539e-09,0.998651,740.158418,28.69,D,2.0276827195212836e-09,5066.673462072172,37.04722915699808,1230710785.140079,1230.710785140079,7,5.5,550.0,6.514156594356944,30.533072562641134,7,5.5,550.0
3.0,V2V,we_3,wn_1,-37.99,60.99,0.82,True,2,1.589259759488e-07,1.568929892028e-07,0.987208,77.173641,18.87,D,1.5885467485977779e-07,396938.2180404241,55.98722915699807,1859855858.3706465,1859.8558583706465,7,5.5,550.0,6.514156594356944,49.47307256264112,7,5.5,550.0
3.0,V2V,sn_0,sn_1,-55.33,78.33,0.02,True,2,2.931281652786e-09,2.930859292369e-09,0.999856,6939.237621,38.41,D,2.930893245250324e-09,7323.571327462078,38.64722915699808,1283852861.2546246,1283.8528612546247,7,5.5,550.0,6.514156594356944,32.13307256264113,7,5.5,550.0
3.0,V2V,sn_0,sn_2,-61.36,84.36,0.25,True,2,7.307958931584e-10,6.851350167283e-10,0.937519,15.004859,11.76,D,7.311390834834173e-10,1826.934241587749,32.61722915699807,1083599845.6238785,1083.5998456238783,7,5.5,550.0,6.514156594356944,26.103072562641128,7,5.5,550.0
3.0,V2V,sn_0,sn_3,-64.65,87.65,0.25,True,2,3.424824784433e-10,2.853534807989e-10,0.833191,4.994897,6.99,D,3.427677865464498e-10,856.4912207557464,29.327229156998065,974397809.04048,974.3978090404798,7,5.5,550.0,6.514156594356944,22.81307256264112,6,4.4,440.00000000000006
3.0,V2V,sn_0,se_0,-60.83,83.83,0.26,True,2,8.269044224137e-10,7.773496723647e-10,0.940072,15.686683,11.96,D,8.260379495771782e-10,2064.0628425216846,33.14722915699807,1101196997.004283,1101.196997004283,7,5.5,550.0,6.514156594356944,26.63307256264113,7,5.5,550.0
3.0,V2V,sn_0,se_1,-64.86,87.86,0.24,True,2,3.266446339327e-10,2.700398988593e-10,0.826709,4.770624,6.79,D,3.26587832172336e-10,816.0615496560118,29.11722915699808,967430095.1179756,967.4300951179756,7,5.5,550.0,6.514156594356944,22.603072562641135,6,4.4,440.00000000000006
3.0,V2V,sn_1,sn_0,-55.33,78.33,0.02,True,2,2.931281834587e-09,2.930859292369e-09,0.999856,6936.251978,38.41,D,2.930893245250324e-09,7323.571327462078,38.64722915699808,1283852861.2546246,1283.8528612546247,7,5.5,550.0,6.514156594356944,32.13307256264113,7,5.5,550.0
3.0,V2V,sn_1,sn_2,-55.9,78.9,0.03,True,2,2.568965175487e-09,2.568174127835e-09,0.999692,3246.547947,35.11,D,2.5703957827688646e-09,6422.778067888216,38.07722915699807,1264920633.5380344,1264.9206335380345,7,5.5,550.0,6.514156594356944,31.56307256264113,7,5.5,550.0
3.0,V2V,sn_1,sn_3,-61.99,84.99,0.2,True,2,6.318965588476e-10,6.028955215954e-10,0.954105,20.788757,13.18,D,6.324118513762196e-10,1580.239508686206,31.987229156998076,1062684019.2411108,1062.684019241111,7,5.5,550.0,6.514156594356944,25.473072562641132,7,5.5,550.0
3.0,V2V,sn_1,se_0,-54.81,77.81,0.03,True,2,3.304856543952e-09,3.304372995724e-09,0.999854,6833.595499,38.35,D,3.3036954103681492e-09,8255.110970435153,39.16722915699808,1301124664.6825936,1301.1246646825937,7,5.5,550.0,6.514156594356944,32.65307256264113,7,5.5,550.0
3.0,V2V,sn_1,se_1,-62.42,85.42,0.15,True,2,5.732306207401e-10,5.567186812354e-10,0.971195,33.716129,15.28,D,5.727960309858291e-10,1431.2744402444507,31.557229156998076,1048409224.070319,1048.4092240703192,7,5.5,550.0,6.514156594356944,25.043072562641132,7,5.5,550.0
3.0,V2V,sn_2,sn_0,-61.36,84.36,0.25,True,2,7.307923184017e-10,6.851350167283e-10,0.937524,15.006034,11.76,D,7.311390834834173e-10,1826.934241587749,32.61722915699807,1083599845.6238785,1083.5998456238783,7,5.5,550.0,6.514156594356944,26.103072562641128,7,5.5,550.0
3.0,V2V,sn_2,sn_1,-55.9,78.9,0.03,True,2,2.568964730805e-09,2.568174127835e-09,0.999692,3248.373995,35.12,D,2.5703957827688646e-09,6422.778067888216,38.07722915699807,1264920633.5380344,1264.9206335380345,7,5.5,550.0,6.514156594356944,31.56307256264113,7,5.5,550.0
3.0,V2V,sn_2,sn_3,-56.44,79.44,0.05,True,2,2.270792778565e-09,2.26888776848e-09,0.999161,1191.010896,30.76,D,2.269864851883821e-09,5671.826216601252,37.53722915699807,1246985195.3309064,1246.9851953309064,7,5.5,550.0,6.514156594356944,31.02307256264113,7,5.5,550.0
3.0,V2V,sn_2,se_0,-37.43,60.43,0.11,True,2,1.806261966692e-07,1.805833029314e-07,0.999763,4210.015538,36.24,D,1.8071741260109278e-07,451567.74762891734,56.54722915699807,1878458611.7321496,1878.4586117321496,7,5.5,550.0,6.514156594356944,50.03307256264112,7,5.5,550.0
3.0,V2V,sn_2,se_1,-57.09,80.09,0.08,True,2,1.953866894741e-09,1.949346810146e-09,0.997687,431.263347,26.35,D,1.9543394557753923e-09,4883.406935970495,36.88722915699807,1225396768.565283,1225.396768565283,7,5.5,550.0,6.514156594356944,30.373072562641124,7,5.5,550.0
3.0,V2V,sn_3,sn_0,-64.65,87.65,0.25,True,2,3.424787237028e-10,2.853534807989e-10,0.833201,4.995226,6.99,D,3.427677865464498e-10,856.4912207557464,29.327229156998065,974397809.04048,974.3978090404798,7,5.5,550.0,6.514156594356944,22.81307256264112,6,4.4,440.00000000000006
3.0,V2V,sn_3,sn_1,-61.99,84.99,0.2,True,2,6.318941193739e-10,6.028955215954e-10,0.954108,20.790506,13.18,D,6.324118513762196e-10,1580.239508686206,31.987229156998076,1062684019.2411108,1062.684019241111,7,5.5,550.0,6.514156594356944,25.473072562641132,7,5.5,550.0
3.0,V2V,sn_3,sn_2,-56.44,79.44,0.05,True,2,2.270791689835e-09,2.26888776848e-09,0.999162,1191.691958,30.76,D,2.269864851883821e-09,5671.826216601252,37.53722915699807,1246985195.3309064,1246.9851953309064,7,5.5,550.0,6.514156594356944,31.02307256264113,7,5.5,550.0
3.0,V2V,sn_3,se_0,-57.32,80.32,0.17,True,2,1.855564627864e-09,1.836646467311e-09,0.989805,97.083776,19.87,D,1.8535316234148103e-09,4631.513301886082,36.65722915699807,1217757940.350233,1217.7579403502332,7,5.5,550.0,6.514156594356944,30.143072562641127,7,5.5,550.0
3.0,V2V,sn_3,se_1,-34.36,57.36,0.61,True,2,3.666205311813e-07,3.645693813265e-07,0.994405,177.739028,22.5,D,3.664375746478334e-07,915636.118560303,59.61722915699808,1980441642.3216631,1980.4416423216633,7,5.5,550.0,6.514156594356944,53.10307256264113,7,5.5,550.0
3.0,V2V,ew_0,ew_1,-54.94,77.94,0.02,True,2,3.207898778215e-09,3.207500601055e-09,0.999876,8055.461044,39.06,D,3.2062693245054673e-09,8011.667477524906,39.03722915699808,1296806689.133506,1296.806689133506,7,5.5,550.0,6.514156594356944,32.52307256264113,7,5.5,550.0
3.0,V2V,ew_0,ew_2,-61.15,84.15,0.17,True,2,7.678681868649e-10,7.475275071369e-10,0.97351,36.75037,15.65,D,7.673614893618185e-10,1917.4450009040945,32.82722915699807,1090572169.0176008,1090.5721690176008,7,5.5,550.0,6.514156594356944,26.31307256264113,7,5.5,550.0
3.0,V2V,ew_1,ew_0,-54.94,77.94,0.02,True,2,3.207899154883e-09,3.207500601055e-09,0.999876,8047.84793,39.06,D,3.2062693245054673e-09,8011.667477524906,39.03722915699808,1296806689.133506,1296.806689133506,7,5.5,550.0,6.514156594356944,32.52307256264113,7,5.5,550.0
3.0,V2V,ew_1,ew_2,-55.54,78.54,0.04,True,2,2.795235695711e-09,2.794092812638e-09,0.999591,2444.775741,33.88,D,2.792543841237336e-09,6977.87066775946,38.43722915699807,1276877788.071845,1276.877788071845,7,5.5,550.0,6.514156594356944,31.923072562641128,7,5.5,550.0
3.0,V2V,ew_2,ew_0,-61.15,84.15,0.17,True,2,7.678661461246e-10,7.475275071369e-10,0.973513,36.754058,15.65,D,7.673614893618185e-10,1917.4450009040945,32.82722915699807,1090572169.0176008,1090.5721690176008,7,5.5,550.0,6.514156594356944,26.31307256264113,7,5.5,550.0
3.0,V2V,ew_2,ew_1,-55.54,78.54,0.04,True,2,2.795235869724e-09,2.794092812638e-09,0.999591,2444.403561,33.88,D,2.792543841237336e-09,6977.87066775946,38.43722915699807,1276877788.071845,1276.877788071845,7,5.5,550.0,6.514156594356944,31.923072562641128,7,5.5,550.0
3.0,V2V,ns_0,ns_1,-55.55,78.55,0.03,True,2,2.786939307594e-09,2.786351534468e-09,0.999789,4740.522166,36.76,D,2.7861211686297723e-09,6961.822010569145,38.42722915699808,1276545642.9169867,1276.5456429169867,7,5.5,550.0,6.514156594356944,31.913072562641137,7,5.5,550.0
3.0,V2V,ns_0,ns_2,-61.51,84.51,0.26,True,2,7.062400810539e-10,6.524291664582e-10,0.923806,12.124476,10.84,D,7.063175542629623e-10,1764.9114299424343,32.46722915699807,1078619727.0464327,1078.619727046433,7,5.5,550.0,6.514156594356944,25.95307256264113,7,5.5,550.0
3.0,V2V,ns_1,ns_0,-55.55,78.55,0.03,True,2,2.786939409917e-09,2.786351534468e-09,0.999789,4739.697055,36.76,D,2.7861211686297723e-09,6961.822010569145,38.42722915699808,1276545642.9169867,1276.5456429169867,7,5.5,550.0,6.514156594356944,31.913072562641137,7,5.5,550.0
3.0,V2V,ns_1,ns_2,-56.11,79.11,0.04,True,2,2.450572608344e-09,2.449359162333e-09,0.999505,2018.515154,33.05,D,2.449063241844746e-09,6119.598305459136,37.86722915699808,1257945697.191477,1257.9456971914772,7,5.5,550.0,6.514156594356944,31.353072562641135,7,5.5,550.0
3.0,V2V,ns_2,ns_0,-61.51,84.51,0.26,True,2,7.062360161873e-10,6.524291664582e-10,0.923812,12.125392,10.84,D,7.063175542629623e-10,1764.9114299424343,32.46722915699807,1078619727.0464327,1078.619727046433,7,5.5,550.0,6.514156594356944,25.95307256264113,7,5.5,550.0
3.0,V2V,ns_2,ns_1,-56.11,79.11,0.04,True,2,2.450572319937e-09,2.449359162333e-09,0.999505,2018.99502,33.05,D,2.449063241844746e-09,6119.598305459136,37.86722915699808,1257945697.191477,1257.9456971914772,7,5.5,550.0,6.514156594356944,31.353072562641135,7,5.5,550.0
3.0,V2V,wn_0,we_0,-60.24,83.24,0.22,True,2,9.460116291196e-10,9.122749779656e-10,0.964338,27.041065,14.32,D,9.462371613657926e-10,2364.410698065449,33.737229156998076,1120787498.0117428,1120.7874980117429,7,5.5,550.0,6.514156594356944,27.223072562641132,7,5.5,550.0
3.0,V2V,wn_0,we_1,-54.04,77.04,0.09,True,2,3.948568449512e-09,3.942669141555e-09,0.998506,668.327399,28.25,D,3.944573020752785e-09,9856.504299732094,39.93722915699807,1326700671.9282608,1326.7006719282608,7,5.5,550.0,6.514156594356944,33.423072562641124,7,5.5,550.0
3.0,V2V,wn_0,we_2,-38.05,61.05,0.79,True,2,1.566079429461e-07,1.547474924428e-07,0.98812,83.17743,19.2,D,1.56675107010815e-07,391492.0215162793,55.92722915699808,1857862706.5698757,1857.8627065698752,7,5.5,550.0,6.514156594356944,49.41307256264113,7,5.5,550.0
3.0,V2V,wn_0,we_3,-56.93,79.93,0.06,True,2,2.026110389834e-09,2.023376559539e-09,0.998651,740.125151,28.69,D,2.0276827195212836e-09,5066.673462072172,37.04722915699808,1230710785.140079,1230.710785140079,7,5.5,550.0,6.514156594356944,30.533072562641134,7,5.5,550.0
3.0,V2V,wn_0,wn_1,-57.8,80.8,0.19,True,2,1.658421255613e-09,1.632191695917e-09,0.984184,62.227186,17.94,D,1.659586907437563e-09,4146.893821683066,36.17722915699808,1201816324.8993585,1201.8163248993585,7,5.5,550.0,6.514156594356944,29.663072562641137,7,5.5,550.0
3.0,V2V,wn_1,we_0,-64.33,87.33,0.27,True,2,3.68864808453e-10,2.987234362479e-10,0.809845,4.258876,6.29,D,3.689775985701504e-10,921.9830049229146,29.647229156998076,985016027.324798,985.016027324798,7,5.5,550.0,6.514156594356944,23.133072562641132,6,4.4,440.00000000000006
3.0,V2V,wn_1,we_1,-61.88,84.88,0.24,True,2,6.484949238405e-10,6.044496519031e-10,0.932081,13.723372,11.37,D,6.486344335482374e-10,1620.7756960225822,32.09722915699807,1066335858.226094,1066.335858226094,7,5.5,550.0,6.514156594356944,25.583072562641124,7,5.5,550.0
3.0,V2V,wn_1,we_2,-56.93,79.93,0.06,True,2,2.026193151093e-09,2.023738255136e-09,0.998788,824.368238,29.16,D,2.0276827195212836e-09,5066.673462072172,37.04722915699808,1230710785.140079,1230.710785140079,7,5.5,550.0,6.514156594356944,30.533072562641134,7,5.5,550.0
3.0,V2V,wn_1,we_3,-37.99,60.99,0.82,True,2,1.589259419235e-07,1.568929892028e-07,0.987208,77.174933,18.87,D,1.5885467485977779e-07,396938.2180404241,55.98722915699807,1859855858.3706465,1859.8558583706465,7,5.5,550.0,6.514156594356944,49.47307256264112,7,5.5,550.0
3.0,V2V,wn_1,wn_0,-57.8,80.8,0.19,True,2,1.658416947076e-09,1.632191695917e-09,0.984187,62.23741,17.94,D,1.659586907437563e-09,4146.893821683066,36.17722915699808,1201816324.8993585,1201.8163248993585,7,5.5,550.0,6.514156594356944,29.663072562641137,7,5.5,550.0
3.0,V2V,se_0,sn_0,-60.83,83.83,0.26,True,2,8.268997649848e-10,7.773496723647e-10,0.940077,15.688158,11.96,D,8.260379495771782e-10,2064.0628425216846,33.14722915699807,1101196997.004283,1101.196997004283,7,5.5,550.0,6.514156594356944,26.63307256264113,7,5.5,550.0
3.0,V2V,se_0,sn_1,-54.81,77.81,0.03,True,2,3.304856806356e-09,3.304372995724e-09,0.999854,6829.889162,38.34,D,3.3036954103681492e-09,8255.110970435153,39.16722915699808,1301124664.6825936,1301.1246646825937,7,5.5,550.0,6.514156594356944,32.65307256264113,7,5.5,550.0
3.0,V2V,se_0,sn_2,-37.43,60.43,0.11,True,2,1.80626197068e-07,1.805833029314e-07,0.999763,4209.976403,36.24,D,1.8071741260109278e-07,451567.74762891734,56.54722915699807,1878458611.7321496,1878.4586117321496,7,5.5,550.0,6.514156594356944,50.03307256264112,7,5.5,550.0
3.0,V2V,se_0,sn_3,-57.32,80.32,0.17,True,2,1.855571273422e-09,1.836646467311e-09,0.989801,97.049685,19.87,D,1.8535316234148103e-09,4631.513301886082,36.65722915699807,1217757940.350233,1217.7579403502332,7,5.5,550.0,6.514156594356944,30.143072562641127,7,5.5,550.0
3.0,V2V,se_0,se_1,-57.92,80.92,0.14,True,2,1.614850464091e-09,1.60145306387e-09,0.991704,119.534614,20.77,D,1.6143585568264866e-09,4033.8794523400466,36.05722915699808,1197830985.627936,1197.830985627936,7,5.5,550.0,6.514156594356944,29.543072562641132,7,5.5,550.0
3.0,V2V,se_1,sn_0,-64.86,87.86,0.24,True,2,3.266413333053e-10,2.700398988593e-10,0.826717,4.770902,6.79,D,3.26587832172336e-10,816.0615496560118,29.11722915699808,967430095.1179756,967.4300951179756,7,5.5,550.0,6.514156594356944,22.603072562641135,6,4.4,440.00000000000006
3.0,V2V,se_1,sn_1,-62.42,85.42,0.15,True,2,5.732295020711e-10,5.567186812354e-10,0.971197,33.718413,15.28,D,5.727960309858291e-10,1431.2744402444507,31.557229156998076,1048409224.070319,1048.4092240703192,7,5.5,550.0,6.514156594356944,25.043072562641132,7,5.5,550.0
3.0,V2V,se_1,sn_2,-57.09,80.09,0.08,True,2,1.953866499815e-09,1.949346810146e-09,0.997687,431.30103,26.35,D,1.9543394557753923e-09,4883.406935970495,36.88722915699807,1225396768.565283,1225.396768565283,7,5.5,550.0,6.514156594356944,30.373072562641124,7,5.5,550.0
3.0,V2V,se_1,sn_3,-34.36,57.36,0.61,True,2,3.666204948522e-07,3.645693813265e-07,0.994405,177.742176,22.5,D,3.664375746478334e-07,915636.118560303,59.61722915699808,1980441642.3216631,1980.4416423216633,7,5.5,550.0,6.514156594356944,53.10307256264113,7,5.5,550.0
3.0,V2V,se_1,se_0,-57.92,80.92,0.14,True,2,1.61484926789e-09,1.60145306387e-09,0.991704,119.545288,20.78,D,1.6143585568264866e-09,4033.8794523400466,36.05722915699808,1197830985.627936,1197.830985627936,7,5.5,550.0,6.514156594356944,29.543072562641132,7,5.5,550.0
4.0,V2I,BS_1,we_0,-96.01,126.01,1009.66,False,1,2.5056165542159996e-13,2.5056165542159996e-13,1.0,inf,inf,D,2.5061092530321093e-13,0.6262142061549496,-2.032770843001935,70151730.28025314,70.15173028025315,1,0.38,38.0,6.514156594356944,-8.546927437358878,0,0.15,15.0
4.0,V2I,BS_1,we_1,-96.17,126.17,1028.7,False,1,2.413711016889e-13,2.413711016889e-13,1.0,inf,inf,D,2.4154608344449353e-13,0.6035634268977849,-2.1927708430019353,68128141.8862924,68.1281418862924,1,0.38,38.0,6.514156594356944,-8.706927437358878,0,0.15,15.0
4.0,V2I,BS_1,we_2,-96.35,126.35,1049.28,False,1,2.3199485158069997e-13,2.3199485158069997e-13,1.0,inf,inf,D,2.31739464996848e-13,0.579059132925657,-2.3727708430019243,65906519.85453387,65.90651985453387,1,0.38,38.0,6.514156594356944,-8.886927437358867,0,0.15,15.0
4.0,V2I,BS_1,we_3,-96.53,126.53,1071.42,False,1,2.2250886856169997e-13,2.2250886856169997e-13,1.0,inf,inf,D,2.223309890651401e-13,0.5555496978139431,-2.552770843001931,63742448.78612787,63.74244878612787,1,0.38,38.0,6.514156594356944,-9.066927437358874,0,0.15,15.0
4.0,V2I,BS_1,we_4,-96.74,126.74,1098.08,False,1,2.1183428599529997e-13,2.1183428599529997e-13,1.0,inf,inf,D,2.1183611352485046e-13,0.5293256210016252,-2.7627708430019213,61289561.519398265,61.28956151939826,1,0.38,38.0,6.514156594356944,-9.276927437358864,0,0.15,15.0
4.0,V2I,BS_1,we_5,-96.91,126.91,1120.38,False,1,2.034854695189e-13,2.034854695189e-13,1.0,inf,inf,D,2.0370420777057234e-13,0.5090060164182216,-2.932770843001916,59359855.791193165,59.35985579119316,1,0.38,38.0,6.514156594356944,-9.44692743735886,0,0.15,15.0
4.0,V2I,BS_1,sn_0,-96.0,126.0,1008.03,False,1,2.513746216072e-13,2.513746216072e-13,1.0,inf,inf,D,2.511886431509582e-13,0.6276577789879014,-2.022770843001924,70279739.95693421,70.27973995693421,1,0.38,38.0,6.514156594356944,-8.536927437358868,0,0.15,15.0
4.0,V2I,BS_1,sn_1,-96.17,126.17,1028.66,False,1,2.4139050915049997e-13,2.4139050915049997e-13,1.0,inf,inf,D,2.4154608344449353e-13,0.6035634268977849,-2.1927708430019353,68128141.8862924,68.1281418862924,1,0.38,38.0,6.514156594356944,-8.706927437358878,0,0.15,15.0
4.0,V2I,BS_1,sn_2,-96.36,126.36,1050.85,False,1,2.313042034839e-13,2.313042034839e-13,1.0,inf,inf,D,2.3120647901755986e-13,0.5777273338769611,-2.382770843001919,65784789.73327206,65.78478973327206,1,0.38,38.0,6.514156594356944,-8.896927437358864,0,0.15,15.0
4.0,V2I,BS_1,sn_3,-96.55,126.55,1074.6,False,1,2.2119158356889997e-13,2.2119158356889997e-13,1.0,inf,inf,D,2.2130947096056414e-13,0.5529971788120043,-2.572770843001919,63505520.89154088,63.50552089154088,1,0.38,38.0,6.514156594356944,-9.086927437358865,0,0.15,15.0
4.0,V2I,BS_1,sn_4,-96.77,126.77,1101.79,False,1,2.10408346098e-13,2.10408346098e-13,1.0,inf,inf,D,2.1037784397664777e-13,0.5256817690570907,-2.792770843001922,60945407.22110379,60.945407221103785,1,0.38,38.0,6.514156594356944,-9.306927437358866,0,0.15,15.0
4.0,V2I,BS_1,ew_0,-72.84,102.84,0.54,True,2,5.2027231047660006e-11,4.497360123201e-11,0.864424,6.375951,8.05,D,5.199959965335152e-11,129.93403211732013,21.137229156998067,703269631.8269583,703.2696318269583,6,4.4,440.00000000000006,6.514156594356944,14.623072562641124,4,2.4,240.0
4.0,V2I,BS_1,ew_1,-73.62,103.62,0.0,True,2,4.3406038471930007e-11,4.340571999051e-11,0.999993,136289.644483,51.34,D,4.3451022417157146e-11,108.57326940818876,20.357229156998073,677575208.3002428,677.5752083002428,6,4.4,440.00000000000006,6.514156594356944,13.84307256264113,4,2.4,240.0
4.0,V2I,BS_1,ew_2,-73.55,103.55,0.35,True,2,4.415945950922e-11,4.1617646828750006e-11,0.94244,16.373216,12.14,D,4.41570447353313e-11,110.33744311676983,20.42722915699808,679879504.6735685,679.8795046735685,6,4.4,440.00000000000006,6.514156594356944,13.913072562641135,4,2.4,240.0
4.0,V2I,BS_1,ew_3,-73.83,103.83,0.3,True,2,4.144007858219e-11,3.963199907142e-11,0.956369,21.91939,13.41,D,4.139996748197304e-11,103.44819460762878,20.147229156998073,670664374.5337895,670.6643745337896,6,4.4,440.00000000000006,6.514156594356944,13.633072562641129,4,2.4,240.0
4.0,V2I,BS_1,ew_4,-74.05,104.05,0.31,True,2,3.933593750206e-11,3.741650392297e-11,0.951204,19.493513,12.9,D,3.935500754557781e-11,98.33834968909994,19.927229156998077,663427887.4326816,663.4278874326816,5,3.3,330.0,6.514156594356944,13.413072562641132,4,2.4,240.0
4.0,V2I,BS_1,ns_0,-73.29,103.29,0.44,True,2,4.6880005519920006e-11,4.268267336793e-11,0.910466,10.169001,10.07,D,4.6881338214526456e-11,117.14477314974124,20.687229156998068,688441199.4137261,688.441199413726,6,4.4,440.00000000000006,6.514156594356944,14.173072562641124,4,2.4,240.0
4.0,V2I,BS_1,ns_1,-73.38,103.38,0.46,True,2,4.588699645952e-11,4.1118827093230006e-11,0.896089,8.623609,9.36,D,4.5919801283686945e-11,114.74213214314578,20.597229156998083,685477031.5840274,685.4770315840274,6,4.4,440.00000000000006,6.514156594356944,14.08307256264114,4,2.4,240.0
4.0,V2I,BS_1,ns_2,-73.92,103.92,0.25,True,2,4.052714620058e-11,3.934178330334e-11,0.970751,33.189653,15.21,D,4.055085354483835e-11,101.32647062678248,20.05722915699807,667703559.0987384,667.7035590987384,6,4.4,440.00000000000006,6.514156594356944,13.543072562641123,4,2.4,240.0
4.0,V2I,BS_1,ns_3,-73.97,103.97,0.36,True,2,4.013209859918e-11,3.737825327033e-11,0.93138,13.573113,11.33,D,4.008667176273026e-11,100.16659610877124,20.007229156998072,666058919.9337875,666.0589199337875,6,4.4,440.00000000000006,6.514156594356944,13.493072562641128,4,2.4,240.0
4.0,V2I,BS_1,wn_0,-96.36,126.36,1051.0,False,1,2.3123612548019997e-13,2.3123612548019997e-13,1.0,inf,inf,D,2.3120647901755986e-13,0.5777273338769611,-2.382770843001919,65784789.73327206,65.78478973327206,1,0.38,38.0,6.514156594356944,-8.896927437358864,0,0.15,15.0
4.0,V2I,BS_1,wn_1,-96.59,126.59,1079.17,False,1,2.193240103534e-13,2.193240103534e-13,1.0,inf,inf,D,2.1928049353504455e-13,0.54792727020251,-2.6127708430019334,63033768.76430885,63.033768764308846,1,0.38,38.0,6.514156594356944,-9.126927437358876,0,0.15,15.0
4.0,V2I,BS_1,wn_2,-96.83,126.83,1109.68,False,1,2.0742853059499997e-13,2.0742853059499997e-13,1.0,inf,inf,D,2.0749135174549105e-13,0.5184691447913319,-2.8527708430019256,60261759.33201269,60.26175933201269,1,0.38,38.0,6.514156594356944,-9.36692743735887,0,0.15,15.0
4.0,V2I,BS_1,se_0,-96.39,126.39,1054.79,False,1,2.295777383435e-13,2.295777383435e-13,1.0,inf,inf,D,2.296148648112366e-13,0.5737502868846489,-2.4127708430019204,65420664.09384285,65.42066409384284,1,0.38,38.0,6.514156594356944,-8.926927437358865,0,0.15,15.0
4.0,V2I,BS_1,se_1,-96.62,126.62,1083.16,False,1,2.177083081492e-13,2.177083081492e-13,1.0,inf,inf,D,2.177709772353155e-13,0.5441553654055858,-2.642770843001934,62681791.68699837,62.681791686998366,1,0.38,38.0,6.514156594356944,-9.156927437358878,0,0.15,15.0
4.0,V2I,BS_1,se_2,-96.86,126.86,1113.9,False,1,2.0585963912950003e-13,2.0585963912950003e-13,1.0,inf,inf,D,2.0606299132700007e-13,0.5149000283033484,-2.882770843001926,59922259.01141518,59.922259011415186,1,0.38,38.0,6.514156594356944,-9.396927437358867,0,0.15,15.0
4.0,V2V,we_0,we_1,-54.29,77.29,0.07,True,2,3.72390022553e-09,3.719954679233e-09,0.99894,942.823731,29.74,D,3.723917062545683e-09,9305.140086321046,39.68722915699807,1318396718.89633,1318.3967188963302,7,5.5,550.0,6.514156594356944,33.173072562641124,7,5.5,550.0
4.0,V2V,we_0,we_2,-60.35,83.35,0.28,True,2,9.235605263054e-10,8.623748084004e-10,0.93375,14.094381,11.49,D,9.225714271547627e-10,2305.275929921946,33.62722915699807,1117134941.643545,1117.1349416435446,7,5.5,550.0,6.514156594356944,27.11307256264113,7,5.5,550.0
4.0,V2V,we_0,we_3,-64.47,87.47,0.04,True,2,3.575848975024e-10,3.563889630567e-10,0.996656,298.000417,24.74,D,3.572728381519289e-10,892.735727516064,29.507229156998072,980370448.7665048,980.3704487665048,7,5.5,550.0,6.514156594356944,22.993072562641128,6,4.4,440.00000000000006
4.0,V2V,we_0,we_4,-66.43,89.43,0.22,True,2,2.274534820728e-10,1.74630623575e-10,0.767764,3.305967,5.19,D,2.2750974307720667e-10,568.4901126366983,27.547229156998068,915352698.4168464,915.3526984168464,7,5.5,550.0,6.514156594356944,21.033072562641124,6,4.4,440.00000000000006
4.0,V2V,we_0,we_5,-68.95,91.95,0.14,True,2,1.273131243269e-10,1.117636402904e-10,0.877864,7.187611,8.57,D,1.2735030810166603e-10,318.21666192320345,25.027229156998068,831839214.6618873,831.8392146618872,7,5.5,550.0,6.514156594356944,18.513072562641124,5,3.3,330.0
4.0,V2V,we_0,wn_0,-60.73,83.73,0.29,True,2,8.458505496916e-10,7.829669414349e-10,0.925656,12.45105,10.95,D,8.452788451602908e-10,2112.141042379537,33.24722915699808,1104517334.8362129,1104.517334836213,7,5.5,550.0,6.514156594356944,26.733072562641137,7,5.5,550.0
4.0,V2V,we_0,wn_1,-64.79,87.79,0.24,True,2,3.318673617335e-10,2.805941976331e-10,0.845501,5.472535,7.38,D,3.318944575526096e-10,829.321483139954,29.187229156998065,969752621.5792,969.7526215792,7,5.5,550.0,6.514156594356944,22.67307256264112,6,4.4,440.00000000000006
4.0,V2V,we_0,wn_2,-67.85,90.85,0.17,True,2,1.640589217449e-10,1.366269562311e-10,0.832792,4.980575,6.97,D,1.6405897731995418e-10,409.94247206385353,26.127229156998084,868279263.4588779,868.279263458878,7,5.5,550.0,6.514156594356944,19.61307256264114,5,3.3,330.0
4.0,V2V,we_1,we_0,-54.29,77.29,0.07,True,2,3.723899963169e-09,3.719954679233e-09,0.998941,942.886428,29.74,D,3.723917062545683e-09,9305.140086321046,39.68722915699807,1318396718.89633,1318.3967188963302,7,5.5,550.0,6.514156594356944,33.173072562641124,7,5.5,550.0
4.0,V2V,we_1,we_2,-54.94,77.94,0.02,True,2,3.207898981043e-09,3.207500601055e-09,0.999876,8051.359751,39.06,D,3.2062693245054673e-09,8011.667477524906,39.03722915699808,1296806689.133506,1296.806689133506,7,5.5,550.0,6.514156594356944,32.52307256264113,7,5.5,550.0
4.0,V2V,we_1,we_3,-61.15,84.15,0.17,True,2,7.678294695642e-10,7.475259122028e-10,0.973557,36.817485,15.66,D,7.673614893618185e-10,1917.4450009040945,32.82722915699807,1090572169.0176008,1090.5721690176008,7,5.5,550.0,6.514156594356944,26.31307256264113,7,5.5,550.0
4.0,V2V,we_1,we_4,-64.58,87.58,0.26,True,2,3.486641547958e-10,2.845947130828e-10,0.816243,4.441973,6.48,D,3.4833731503601156e-10,870.4080835482548,29.397229156998073,976720468.6136467,976.7204686136467,7,5.5,550.0,6.514156594356944,22.88307256264113,6,4.4,440.00000000000006
4.0,V2V,we_1,we_5,-66.86,89.86,0.2,True,2,2.059780884626e-10,1.635457987913e-10,0.793996,3.854277,5.86,D,2.0606299132700007e-10,514.9000283033484,27.117229156998075,901094771.5414563,901.0947715414565,7,5.5,550.0,6.514156594356944,20.60307256264113,6,4.4,440.00000000000006
4.0,V2V,we_1,wn_0,-55.73,78.73,0.02,True,2,2.672510797334e-09,2.672147877695e-09,0.999864,7362.918937,38.67,D,2.673006408663314e-09,6679.176433441565,38.24722915699808,1270567049.159641,1270.567049159641,7,5.5,550.0,6.514156594356944,31.733072562641137,7,5.5,550.0
4.0,V2V,we_1,wn_1,-62.69,85.69,0.08,True,2,5.376550012964e-10,5.332995116095e-10,0.991899,122.443066,20.88,D,5.382697825162882e-10,1345.0019553130635,31.287229156998073,1039446479.0389224,1039.4464790389225,7,5.5,550.0,6.514156594356944,24.77307256264113,6,4.4,440.00000000000006
4.0,V2V,we_1,wn_2,-65.93,88.93,0.22,True,2,2.554955209317e-10,2.090898490722e-10,0.81837,4.505696,6.54,D,2.5527013026612416e-10,637.856397466577,28.047229156998064,931934786.7511144,931.9347867511144,7,5.5,550.0,6.514156594356944,21.53307256264112,6,4.4,440.00000000000006
4.0,V2V,we_2,we_0,-60.35,83.35,0.28,True,2,9.235559353321e-10,8.623748084004e-10,0.933755,14.095438,11.49,D,9.225714271547627e-10,2305.275929921946,33.62722915699807,1117134941.643545,1117.1349416435446,7,5.5,550.0,6.514156594356944,27.11307256264113,7,5.5,550.0
4.0,V2V,we_2,we_1,-54.94,77.94,0.02,True,2,3.207899154883e-09,3.207500601055e-09,0.999876,8047.84793,39.06,D,3.2062693245054673e-09,8011.667477524906,39.03722915699808,1296806689.133506,1296.806689133506,7,5.5,550.0,6.514156594356944,32.52307256264113,7,5.5,550.0
4.0,V2V,we_2,we_3,-55.54,78.54,0.04,True,2,2.795224943665e-09,2.794081470884e-09,0.999591,2443.505013,33.88,D,2.792543841237336e-09,6977.87066775946,38.43722915699807,1276877788.071845,1276.877788071845,7,5.5,550.0,6.514156594356944,31.923072562641128,7,5.5,550.0
4.0,V2V,we_2,we_4,-62.35,85.35,0.09,True,2,5.825969857841e-10,5.772905834795e-10,0.990892,108.791334,20.37,D,5.821032177708708e-10,1454.5307790376582,31.62722915699807,1050732963.2055086,1050.732963205509,7,5.5,550.0,6.514156594356944,25.11307256264113,7,5.5,550.0
4.0,V2V,we_2,we_5,-65.35,88.35,0.16,True,2,2.919327359948e-10,2.728602738811e-10,0.934668,14.306505,11.56,D,2.917427014001172e-10,728.992257371607,28.627229156998084,951173735.197173,951.173735197173,7,5.5,550.0,6.514156594356944,22.11307256264114,6,4.4,440.00000000000006
4.0,V2V,we_2,wn_0,-34.88,57.88,0.2,True,2,3.251899001356e-07,3.249852110862e-07,0.999371,1587.701989,32.01,D,3.250872973854341e-07,812312.0874198751,59.09722915699807,1963167636.2697177,1963.1676362697176,7,5.5,550.0,6.514156594356944,52.58307256264112,7,5.5,550.0
4.0,V2V,we_2,wn_1,-58.11,81.11,0.19,True,2,1.545442876455e-09,1.520371933885e-09,0.983778,60.642791,17.83,D,1.545254439538414e-09,3861.205496097986,35.86722915699808,1191520921.2367084,1191.5209212367083,7,5.5,550.0,6.514156594356944,29.353072562641135,7,5.5,550.0
4.0,V2V,we_2,wn_2,-64.11,87.11,0.13,True,2,3.885648951086e-10,3.770440012375e-10,0.97035,32.726975,15.15,D,3.8815036599064864e-10,969.8909694918756,29.86722915699808,992316548.067638,992.316548067638,7,5.5,550.0,6.514156594356944,23.353072562641135,6,4.4,440.00000000000006
4.0,V2V,we_3,we_0,-64.47,87.47,0.04,True,2,3.575848460166e-10,3.563889630567e-10,0.996656,298.013246,24.74,D,3.572728381519289e-10,892.735727516064,29.507229156998072,980370448.7665048,980.3704487665048,7,5.5,550.0,6.514156594356944,22.993072562641128,6,4.4,440.00000000000006
4.0,V2V,we_3,we_1,-61.15,84.15,0.17,True,2,7.678275520437e-10,7.475259122028e-10,0.97356,36.820962,15.66,D,7.673614893618185e-10,1917.4450009040945,32.82722915699807,1090572169.0176008,1090.5721690176008,7,5.5,550.0,6.514156594356944,26.31307256264113,7,5.5,550.0
4.0,V2V,we_3,we_2,-55.54,78.54,0.04,True,2,2.795223350115e-09,2.794081470884e-09,0.999591,2446.915047,33.89,D,2.792543841237336e-09,6977.87066775946,38.43722915699807,1276877788.071845,1276.877788071845,7,5.5,550.0,6.514156594356944,31.923072562641128,7,5.5,550.0
4.0,V2V,we_3,we_4,-57.12,80.12,0.01,True,2,1.940467997972e-09,1.9403409265e-09,0.999935,15269.681698,41.84,D,1.940885877592779e-09,4849.789799082407,36.85722915699807,1224400394.8756382,1224.4003948756383,7,5.5,550.0,6.514156594356944,30.34307256264113,7,5.5,550.0
4.0,V2V,we_3,we_5,-62.35,85.35,0.09,True,2,5.826213763683e-10,5.772916910726e-10,0.990852,108.316281,20.35,D,5.821032177708708e-10,1454.5307790376582,31.62722915699807,1050732963.2055086,1050.732963205509,7,5.5,550.0,6.514156594356944,25.11307256264113,7,5.5,550.0
4.0,V2V,we_3,wn_0,-54.73,77.73,0.04,True,2,3.363959543221e-09,3.363039986044e-09,0.999727,3657.238583,35.63,D,3.365115693754908e-09,8408.584941916311,39.247229156998074,1303781888.2167974,1303.7818882167974,7,5.5,550.0,6.514156594356944,32.73307256264113,7,5.5,550.0
4.0,V2V,we_3,wn_1,-46.53,69.53,0.39,True,2,2.221904931527e-08,2.206100425568e-08,0.992887,139.586801,21.45,D,2.223309890651401e-08,55554.96978139431,47.44722915699807,1576165432.4669902,1576.1654324669903,7,5.5,550.0,6.514156594356944,40.93307256264113,7,5.5,550.0
4.0,V2V,we_3,wn_2,-60.08,83.08,0.23,True,2,9.808984907674e-10,9.420197002852e-10,0.960364,24.229656,13.84,D,9.817479430199843e-10,2453.1432859070073,33.89722915699807,1126100376.831356,1126.100376831356,7,5.5,550.0,6.514156594356944,27.38307256264113,7,5.5,550.0
4.0,V2V,we_4,we_0,-66.43,89.43,0.22,True,2,2.274062155381e-10,1.74630623575e-10,0.767924,3.308928,5.2,D,2.2750974307720667e-10,568.4901126366983,27.547229156998068,915352698.4168464,915.3526984168464,7,5.5,550.0,6.514156594356944,21.033072562641124,6,4.4,440.00000000000006
4.0,V2V,we_4,we_1,-64.58,87.58,0.26,True,2,3.487061104217e-10,2.845947130828e-10,0.816145,4.439066,6.47,D,3.4833731503601156e-10,870.4080835482548,29.397229156998073,976720468.6136467,976.7204686136467,7,5.5,550.0,6.514156594356944,22.88307256264113,6,4.4,440.00000000000006
4.0,V2V,we_4,we_2,-62.35,85.35,0.09,True,2,5.826200077986e-10,5.772905834795e-10,0.990853,108.321377,20.35,D,5.821032177708708e-10,1454.5307790376582,31.62722915699807,1050732963.2055086,1050.732963205509,7,5.5,550.0,6.514156594356944,25.11307256264113,7,5.5,550.0
4.0,V2V,we_4,we_3,-57.12,80.12,0.01,True,2,1.940468024093e-09,1.9403409265e-09,0.999935,15266.54343,41.84,D,1.940885877592779e-09,4849.789799082407,36.85722915699807,1224400394.8756382,1224.4003948756383,7,5.5,550.0,6.514156594356944,30.34307256264113,7,5.5,550.0
4.0,V2V,we_4,we_5,-55.54,78.54,0.04,True,2,2.795235521352e-09,2.794092812638e-09,0.999591,2445.148775,33.88,D,2.792543841237336e-09,6977.87066775946,38.43722915699807,1276877788.071845,1276.877788071845,7,5.5,550.0,6.514156594356944,31.923072562641128,7,5.5,550.0
4.0,V2V,we_4,wn_0,-61.78,84.78,0.22,True,2,6.634665198024e-10,6.2683003213e-10,0.94478,17.109447,12.33,D,6.637430704019088e-10,1658.5284117988726,32.19722915699808,1069655761.3813434,1069.6557613813434,7,5.5,550.0,6.514156594356944,25.683072562641133,7,5.5,550.0
4.0,V2V,we_4,wn_1,-54.06,77.06,0.09,True,2,3.922621899578e-09,3.917021538954e-09,0.998572,699.423091,28.45,D,3.926449353995993e-09,9811.21777610193,39.91722915699807,1326036353.8636656,1326.0363538636657,7,5.5,550.0,6.514156594356944,33.40307256264113,7,5.5,550.0
4.0,V2V,we_4,wn_2,-49.82,72.82,0.47,True,2,1.043292285367e-08,1.024479934289e-08,0.981968,54.457836,17.36,D,1.0423174293933037e-08,26044.913278193493,44.15722915699807,1466876940.4421537,1466.8769404421537,7,5.5,550.0,6.514156594356944,37.64307256264112,7,5.5,550.0
4.0,V2V,we_5,we_0,-68.95,91.95,0.14,True,2,1.273121953332e-10,1.117636402904e-10,0.877871,7.18804,8.57,D,1.2735030810166603e-10,318.21666192320345,25.027229156998068,831839214.6618873,831.8392146618872,7,5.5,550.0,6.514156594356944,18.513072562641124,5,3.3,330.0
4.0,V2V,we_5,we_1,-66.86,89.86,0.2,True,2,2.059756046851e-10,1.635457987913e-10,0.794006,3.854503,5.86,D,2.0606299132700007e-10,514.9000283033484,27.117229156998075,901094771.5414563,901.0947715414565,7,5.5,550.0,6.514156594356944,20.60307256264113,6,4.4,440.00000000000006
4.0,V2V,we_5,we_2,-65.35,88.35,0.16,True,2,2.91931505182e-10,2.728602738811e-10,0.934672,14.307428,11.56,D,2.917427014001172e-10,728.992257371607,28.627229156998084,951173735.197173,951.173735197173,7,5.5,550.0,6.514156594356944,22.11307256264114,6,4.4,440.00000000000006
4.0,V2V,we_5,we_3,-62.35,85.35,0.09,True,2,5.826681109122e-10,5.772916910726e-10,0.990773,107.374742,20.31,D,5.821032177708708e-10,1454.5307790376582,31.62722915699807,1050732963.2055086,1050.732963205509,7,5.5,550.0,6.514156594356944,25.11307256264113,7,5.5,550.0
4.0,V2V,we_5,we_4,-55.54,78.54,0.04,True,2,2.795235169172e-09,2.794092812638e-09,0.999591,2445.902596,33.88,D,2.792543841237336e-09,6977.87066775946,38.43722915699807,1276877788.071845,1276.877788071845,7,5.5,550.0,6.514156594356944,31.923072562641128,7,5.5,550.0
4.0,V2V,we_5,wn_0,-65.19,88.19,0.14,True,2,3.028562453842e-10,2.886541303325e-10,0.953106,20.324728,13.08,D,3.026913428101305e-10,756.350181934359,28.787229156998073,956481671.4456187,956.4816714456188,7,5.5,550.0,6.514156594356944,22.27307256264113,6,4.4,440.00000000000006
4.0,V2V,we_5,wn_1,-60.85,83.85,0.01,True,2,8.212983470399e-10,8.212580291834e-10,0.999951,20369.585615,43.09,D,8.222426499470712e-10,2054.579335200078,33.12722915699808,1100532933.853473,1100.532933853473,7,5.5,550.0,6.514156594356944,26.613072562641133,7,5.5,550.0
4.0,V2V,we_5,wn_2,-49.0,72.0,0.62,True,2,1.259938947412e-08,1.223925301417e-08,0.971416,33.985043,15.31,D,1.2589254117941661e-08,31457.40659155837,44.97722915699807,1494115797.7808628,1494.1157977808627,7,5.5,550.0,6.514156594356944,38.46307256264113,7,5.5,550.0
4.0,V2V,sn_0,sn_1,-54.95,77.95,0.01,True,2,3.198021889421e-09,3.197966439813e-09,0.999983,57673.381531,47.61,D,3.198895109691397e-09,7993.241153651667,39.027229156998075,1296474537.8302329,1296.4745378302327,7,5.5,550.0,6.514156594356944,32.51307256264113,7,5.5,550.0
4.0,V2V,sn_0,sn_2,-61.24,84.24,0.1,True,2,7.521321100832e-10,7.453836499691e-10,0.991028,110.452405,20.43,D,7.516228940182046e-10,1878.1181759575325,32.73722915699807,1087584008.3994155,1087.5840083994158,7,5.5,550.0,6.514156594356944,26.223072562641125,7,5.5,550.0
4.0,V2V,sn_0,sn_3,-64.84,87.84,0.16,True,2,3.27768353569e-10,3.095938199351e-10,0.944551,17.034485,12.31,D,3.2809529311311904e-10,819.8283186234858,29.137229156998075,968093669.4638923,968.0936694638924,7,5.5,550.0,6.514156594356944,22.62307256264113,6,4.4,440.00000000000006
4.0,V2V,sn_0,sn_4,-67.96,90.96,0.07,True,2,1.600665246064e-10,1.567321409026e-10,0.979169,47.004831,16.72,D,1.599558028614671e-10,399.6896623225064,26.01722915699808,864634147.890844,864.634147890844,7,5.5,550.0,6.514156594356944,19.503072562641137,5,3.3,330.0
4.0,V2V,sn_0,se_0,-61.56,84.56,0.29,True,2,6.983858394655e-10,6.309936960406e-10,0.903503,9.363016,9.71,D,6.982324040771705e-10,1744.7086558649935,32.41722915699807,1076959709.0014997,1076.9597090014995,7,5.5,550.0,6.514156594356944,25.903072562641125,7,5.5,550.0
4.0,V2V,sn_0,se_1,-65.94,88.94,0.12,True,2,2.545688469502e-10,2.440871986678e-10,0.958826,23.287101,13.67,D,2.5468302525850446e-10,636.38936846203,28.03722915699808,931603114.5202032,931.6031145202032,7,5.5,550.0,6.514156594356944,21.523072562641136,6,4.4,440.00000000000006
4.0,V2V,sn_0,se_2,-69.07,92.07,0.03,True,2,1.238505018089e-10,1.231885293778e-10,0.994655,186.093142,22.7,D,1.2387965865303716e-10,309.5443744453702,24.907229156998085,827865562.3174295,827.8655623174295,6,4.4,440.00000000000006,6.514156594356944,18.39307256264114,5,3.3,330.0
4.0,V2V,sn_1,sn_0,-54.95,77.95,0.01,True,2,3.198021827092e-09,3.197966439813e-09,0.999983,57738.283309,47.61,D,3.198895109691397e-09,7993.241153651667,39.027229156998075,1296474537.8302329,1296.4745378302327,7,5.5,550.0,6.514156594356944,32.51307256264113,7,5.5,550.0
4.0,V2V,sn_1,sn_2,-55.55,78.55,0.03,True,2,2.786939690233e-09,2.786351534468e-09,0.999789,4737.438106,36.76,D,2.7861211686297723e-09,6961.822010569145,38.42722915699808,1276545642.9169867,1276.5456429169867,7,5.5,550.0,6.514156594356944,31.913072562641137,7,5.5,550.0
4.0,V2V,sn_1,sn_3,-61.51,84.51,0.26,True,2,7.062417369055e-10,6.524291664582e-10,0.923804,12.124103,10.84,D,7.063175542629623e-10,1764.9114299424343,32.46722915699807,1078619727.0464327,1078.619727046433,7,5.5,550.0,6.514156594356944,25.95307256264113,7,5.5,550.0
4.0,V2V,sn_1,sn_4,-65.69,88.69,0.13,True,2,2.700522402152e-10,2.58528883334e-10,0.957329,22.435206,13.51,D,2.6977394324449205e-10,674.0978092066267,28.287229156998073,939895272.695275,939.8952726952748,7,5.5,550.0,6.514156594356944,21.77307256264113,6,4.4,440.00000000000006
4.0,V2V,sn_1,se_0,-56.88,79.88,0.11,True,2,2.049987772275e-09,2.042229388714e-09,0.996215,263.228722,24.2,D,2.0511621788255627e-09,5125.342775676068,37.09722915699807,1232371423.309931,1232.371423309931,7,5.5,550.0,6.514156594356944,30.583072562641124,7,5.5,550.0
4.0,V2V,sn_1,se_1,-63.14,86.14,0.17,True,2,4.854502846131e-10,4.660044154904e-10,0.959943,23.964186,13.8,D,4.85288500162121e-10,1212.6149429338354,30.83722915699807,1024509503.9008172,1024.5095039008172,7,5.5,550.0,6.514156594356944,24.32307256264113,6,4.4,440.00000000000006
4.0,V2V,sn_1,se_2,-67.08,90.08,0.09,True,2,1.960468651383e-10,1.90698443175e-10,0.972719,35.655086,15.52,D,1.9588446735059887e-10,489.4664351589177,26.897229156998073,893801059.9437035,893.8010599437035,7,5.5,550.0,6.514156594356944,20.38307256264113,6,4.4,440.00000000000006
4.0,V2V,sn_2,sn_0,-61.24,84.24,0.1,True,2,7.521317293481e-10,7.453836499691e-10,0.991028,110.458637,20.43,D,7.516228940182046e-10,1878.1181759575325,32.73722915699807,1087584008.3994155,1087.5840083994158,7,5.5,550.0,6.514156594356944,26.223072562641125,7,5.5,550.0
4.0,V2V,sn_2,sn_1,-55.55,78.55,0.03,True,2,2.786939307594e-09,2.786351534468e-09,0.999789,4740.522166,36.76,D,2.7861211686297723e-09,6961.822010569145,38.42722915699808,1276545642.9169867,1276.5456429169867,7,5.5,550.0,6.514156594356944,31.913072562641137,7,5.5,550.0
4.0,V2V,sn_2,sn_3,-56.11,79.11,0.04,True,2,2.450572511603e-09,2.449359162333e-09,0.999505,2018.676092,33.05,D,2.449063241844746e-09,6119.598305459136,37.86722915699808,1257945697.191477,1257.9456971914772,7,5.5,550.0,6.514156594356944,31.353072562641135,7,5.5,550.0
4.0,V2V,sn_2,sn_4,-62.61,85.61,0.14,True,2,5.478257250106e-10,5.346203385106e-10,0.975895,40.48502,16.07,D,5.482769649208534e-10,1370.007408597835,31.36722915699807,1042102065.1781032,1042.1020651781034,7,5.5,550.0,6.514156594356944,24.853072562641128,6,4.4,440.00000000000006
4.0,V2V,sn_2,se_0,-40.07,63.07,0.82,True,2,9.851369326065e-08,9.701546237828e-08,0.984792,64.753346,18.11,D,9.840111057611345e-08,245879.83652202255,53.90722915699808,1790759977.288445,1790.759977288445,7,5.5,550.0,6.514156594356944,47.39307256264114,7,5.5,550.0
4.0,V2V,sn_2,se_1,-58.62,81.62,0.23,True,2,1.372549983355e-09,1.333944701909e-09,0.971873,34.553425,15.38,D,1.374041975012515e-09,3433.388243409582,35.35722915699807,1174583742.3938367,1174.5837423938367,7,5.5,550.0,6.514156594356944,28.84307256264113,7,5.5,550.0
4.0,V2V,sn_2,se_2,-63.79,86.79,0.27,True,2,4.179936003548e-10,3.497650026351e-10,0.836771,5.12637,7.1,D,4.1783036664662214e-10,1044.0538896717194,30.18722915699808,1002936162.3482658,1002.9361623482656,7,5.5,550.0,6.514156594356944,23.673072562641135,6,4.4,440.00000000000006
4.0,V2V,sn_3,sn_0,-64.84,87.84,0.16,True,2,3.277669081601e-10,3.095938199351e-10,0.944555,17.03584,12.31,D,3.2809529311311904e-10,819.8283186234858,29.137229156998075,968093669.4638923,968.0936694638924,7,5.5,550.0,6.514156594356944,22.62307256264113,6,4.4,440.00000000000006
4.0,V2V,sn_3,sn_1,-61.51,84.51,0.26,True,2,7.062386411829e-10,6.524291664582e-10,0.923808,12.124801,10.84,D,7.063175542629623e-10,1764.9114299424343,32.46722915699807,1078619727.0464327,1078.619727046433,7,5.5,550.0,6.514156594356944,25.95307256264113,7,5.5,550.0
4.0,V2V,sn_3,sn_2,-56.11,79.11,0.04,True,2,2.450572416592e-09,2.449359162333e-09,0.999505,2018.834175,33.05,D,2.449063241844746e-09,6119.598305459136,37.86722915699808,1257945697.191477,1257.9456971914772,7,5.5,550.0,6.514156594356944,31.353072562641135,7,5.5,550.0
4.0,V2V,sn_3,sn_4,-57.22,80.22,0.14,True,2,1.897532451145e-09,1.883241224692e-09,0.992469,131.77604,21.2,D,1.896705921211148e-09,4739.395105475133,36.75722915699808,1221079159.5463655,1221.0791595463654,7,5.5,550.0,6.514156594356944,30.243072562641135,7,5.5,550.0
4.0,V2V,sn_3,se_0,-54.63,77.63,0.01,True,2,3.447245923739e-09,3.447127035044e-09,0.999966,28994.573699,44.62,D,3.443499307633384e-09,8604.44604606043,39.347229156998075,1307103425.80736,1307.1034258073598,7,5.5,550.0,6.514156594356944,32.833072562641135,7,5.5,550.0
4.0,V2V,sn_3,se_1,-47.08,70.08,0.4,True,2,1.957299206633e-08,1.941376676663e-08,0.991865,121.926395,20.86,D,1.9588446735059893e-08,48946.643515891774,46.89722915699807,1557895178.545051,1557.895178545051,7,5.5,550.0,6.514156594356944,40.38307256264113,7,5.5,550.0
4.0,V2V,sn_3,se_2,-60.44,83.44,0.03,True,2,9.041535759269e-10,9.037277264623e-10,0.999529,2122.176501,33.27,D,9.036494737223023e-10,2257.9946869622745,33.53722915699808,1114146516.2253556,1114.1465162253555,7,5.5,550.0,6.514156594356944,27.023072562641136,7,5.5,550.0
4.0,V2V,sn_4,sn_0,-67.96,90.96,0.07,True,2,1.60066281282e-10,1.567321409026e-10,0.97917,47.008261,16.72,D,1.599558028614671e-10,399.6896623225064,26.01722915699808,864634147.890844,864.634147890844,7,5.5,550.0,6.514156594356944,19.503072562641137,5,3.3,330.0
4.0,V2V,sn_4,sn_1,-65.68,88.68,0.13,True,2,2.701152124199e-10,2.58528883334e-10,0.957106,22.313269,13.49,D,2.7039583641088405e-10,675.6517651446377,28.29722915699807,940226974.00381,940.22697400381,7,5.5,550.0,6.514156594356944,21.783072562641127,6,4.4,440.00000000000006
4.0,V2V,sn_4,sn_2,-62.61,85.61,0.14,True,2,5.478248278602e-10,5.346203385106e-10,0.975897,40.487771,16.07,D,5.482769649208534e-10,1370.007408597835,31.36722915699807,1042102065.1781032,1042.1020651781034,7,5.5,550.0,6.514156594356944,24.853072562641128,6,4.4,440.00000000000006
4.0,V2V,sn_4,sn_3,-57.22,80.22,0.14,True,2,1.897540637643e-09,1.883241224692e-09,0.992464,131.700597,21.2,D,1.896705921211148e-09,4739.395105475133,36.75722915699808,1221079159.5463655,1221.0791595463654,7,5.5,550.0,6.514156594356944,30.243072562641135,7,5.5,550.0
4.0,V2V,sn_4,se_0,-62.03,85.03,0.08,True,2,6.272654044722e-10,6.227473554256e-10,0.992797,137.835457,21.39,D,6.26613864672335e-10,1565.7517857879432,31.94722915699807,1061356092.217693,1061.356092217693,7,5.5,550.0,6.514156594356944,25.43307256264113,7,5.5,550.0
4.0,V2V,sn_4,se_1,-54.01,77.01,0.03,True,2,3.9701393067e-09,3.969483172582e-09,0.999835,6049.804554,37.82,D,3.971915494694405e-09,9924.826323574223,39.96722915699807,1327697149.6066184,1327.6971496066185,7,5.5,550.0,6.514156594356944,33.453072562641125,7,5.5,550.0
4.0,V2V,sn_4,se_2,-50.08,73.08,0.52,True,2,9.807048984493e-09,9.572017178883e-09,0.976034,40.726476,16.1,D,9.817479430199845e-09,24531.432859070075,43.89722915699807,1458240269.1295528,1458.2402691295529,7,5.5,550.0,6.514156594356944,37.38307256264113,7,5.5,550.0
4.0,V2V,ew_0,ew_1,-54.54,77.54,0.03,True,2,3.514771982782e-09,3.514274821284e-09,0.999859,7068.678545,38.49,D,3.5156044052829833e-09,8784.61870385553,39.43722915699808,1310092817.2438583,1310.0928172438582,7,5.5,550.0,6.514156594356944,32.92307256264114,7,5.5,550.0
4.0,V2V,ew_0,ew_2,-60.78,83.78,0.17,True,2,8.362189825603e-10,8.163878094945e-10,0.976285,41.166895,16.15,D,8.356030182312475e-10,2087.96356379622,33.19722915699807,1102857161.3453448,1102.8571613453448,7,5.5,550.0,6.514156594356944,26.68307256264113,7,5.5,550.0
4.0,V2V,ew_0,ew_3,-64.6,87.6,0.11,True,2,3.464448255432e-10,3.380374969661e-10,0.975733,40.20748,16.04,D,3.467368504525324e-10,866.4089216704956,29.377229156998084,976056847.1785502,976.0568471785502,7,5.5,550.0,6.514156594356944,22.86307256264114,6,4.4,440.00000000000006
4.0,V2V,ew_0,ew_4,-66.43,89.43,0.22,True,2,2.274087519262e-10,1.74630623575e-10,0.767915,3.308769,5.2,D,2.2750974307720667e-10,568.4901126366983,27.547229156998068,915352698.4168464,915.3526984168464,7,5.5,550.0,6.514156594356944,21.033072562641124,6,4.4,440.00000000000006
4.0,V2V,ew_1,ew_0,-54.54,77.54,0.03,True,2,3.514771897074e-09,3.514274821284e-09,0.999859,7069.897367,38.49,D,3.5156044052829833e-09,8784.61870385553,39.43722915699808,1310092817.2438583,1310.0928172438582,7,5.5,550.0,6.514156594356944,32.92307256264114,7,5.5,550.0
4.0,V2V,ew_1,ew_2,-55.17,78.17,0.03,True,2,3.042909508741e-09,3.042329586632e-09,0.999809,5246.100366,37.2,D,3.0408850256762767e-09,7598.413357511935,38.80722915699807,1289167233.757691,1289.1672337576908,7,5.5,550.0,6.514156594356944,32.29307256264113,7,5.5,550.0
4.0,V2V,ew_1,ew_3,-61.24,84.24,0.24,True,2,7.514361200507e-10,7.103119365739e-10,0.945273,17.272366,12.37,D,7.516228940182046e-10,1878.1181759575325,32.73722915699807,1087584008.3994155,1087.5840083994158,7,5.5,550.0,6.514156594356944,26.223072562641125,7,5.5,550.0
4.0,V2V,ew_1,ew_4,-65.26,88.26,0.11,True,2,2.978871044805e-10,2.891912243694e-10,0.970808,33.256119,15.22,D,2.978516429429185e-10,744.2569788678622,28.717229156998066,954159416.9995748,954.1594169995748,7,5.5,550.0,6.514156594356944,22.20307256264112,6,4.4,440.00000000000006
4.0,V2V,ew_2,ew_0,-60.78,83.78,0.17,True,2,8.362164461721e-10,8.163878094945e-10,0.976288,41.17216,16.15,D,8.356030182312475e-10,2087.96356379622,33.19722915699807,1102857161.3453448,1102.8571613453448,7,5.5,550.0,6.514156594356944,26.68307256264113,7,5.5,550.0
4.0,V2V,ew_2,ew_1,-55.17,78.17,0.03,True,2,3.042909438997e-09,3.042329586632e-09,0.999809,5246.731359,37.2,D,3.0408850256762767e-09,7598.413357511935,38.80722915699807,1289167233.757691,1289.1672337576908,7,5.5,550.0,6.514156594356944,32.29307256264113,7,5.5,550.0
4.0,V2V,ew_2,ew_3,-55.75,78.75,0.02,True,2,2.659735575628e-09,2.659463012871e-09,0.999898,9757.250182,39.89,D,2.6607250597988087e-09,6648.4884052943735,38.22722915699807,1269902763.2262857,1269.9027632262855,7,5.5,550.0,6.514156594356944,31.713072562641127,7,5.5,550.0
4.0,V2V,ew_2,ew_4,-61.88,84.88,0.24,True,2,6.485457679009e-10,6.044547468313e-10,0.932016,13.709248,11.37,D,6.486344335482374e-10,1620.7756960225822,32.09722915699807,1066335858.226094,1066.335858226094,7,5.5,550.0,6.514156594356944,25.583072562641124,7,5.5,550.0
4.0,V2V,ew_3,ew_0,-64.6,87.6,0.11,True,2,3.464441907539e-10,3.380374969661e-10,0.975734,40.210516,16.04,D,3.467368504525324e-10,866.4089216704956,29.377229156998084,976056847.1785502,976.0568471785502,7,5.5,550.0,6.514156594356944,22.86307256264114,6,4.4,440.00000000000006
4.0,V2V,ew_3,ew_1,-61.24,84.24,0.24,True,2,7.514315595362e-10,7.103119365739e-10,0.945278,17.274281,12.37,D,7.516228940182046e-10,1878.1181759575325,32.73722915699807,1087584008.3994155,1087.5840083994158,7,5.5,550.0,6.514156594356944,26.223072562641125,7,5.5,550.0
4.0,V2V,ew_3,ew_2,-55.75,78.75,0.02,True,2,2.659735666875e-09,2.659463012871e-09,0.999897,9753.984812,39.89,D,2.6607250597988087e-09,6648.4884052943735,38.22722915699807,1269902763.2262857,1269.9027632262855,7,5.5,550.0,6.514156594356944,31.713072562641127,7,5.5,550.0
4.0,V2V,ew_3,ew_4,-56.56,79.56,0.05,True,2,2.209128393542e-09,2.207673314072e-09,0.999341,1517.218379,31.81,D,2.208004733018897e-09,5517.253205944269,37.41722915699807,1242999594.1168258,1242.9995941168258,7,5.5,550.0,6.514156594356944,30.903072562641125,7,5.5,550.0
4.0,V2V,ew_4,ew_0,-66.43,89.43,0.22,True,2,2.274054623748e-10,1.74630623575e-10,0.767926,3.308975,5.2,D,2.2750974307720667e-10,568.4901126366983,27.547229156998068,915352698.4168464,915.3526984168464,7,5.5,550.0,6.514156594356944,21.033072562641124,6,4.4,440.00000000000006
4.0,V2V,ew_4,ew_1,-65.26,88.26,0.11,True,2,2.978865403003e-10,2.891912243694e-10,0.97081,33.258277,15.22,D,2.978516429429185e-10,744.2569788678622,28.717229156998066,954159416.9995748,954.1594169995748,7,5.5,550.0,6.514156594356944,22.20307256264112,6,4.4,440.00000000000006
4.0,V2V,ew_4,ew_2,-61.88,84.88,0.24,True,2,6.485418414834e-10,6.044547468313e-10,0.932021,13.710469,11.37,D,6.486344335482374e-10,1620.7756960225822,32.09722915699807,1066335858.226094,1066.335858226094,7,5.5,550.0,6.514156594356944,25.583072562641124,7,5.5,550.0
4.0,V2V,ew_4,ew_3,-56.56,79.56,0.05,True,2,2.209130324562e-09,2.207673314072e-09,0.99934,1515.207564,31.8,D,2.208004733018897e-09,5517.253205944269,37.41722915699807,1242999594.1168258,1242.9995941168258,7,5.5,550.0,6.514156594356944,30.903072562641125,7,5.5,550.0
4.0,V2V,ns_0,ns_1,-55.18,78.18,0.03,True,2,3.034148307419e-09,3.033548234255e-09,0.999802,5055.297281,37.04,D,3.033891184194272e-09,7580.937491739809,38.79722915699808,1288835084.7115154,1288.8350847115155,7,5.5,550.0,6.514156594356944,32.28307256264114,7,5.5,550.0
4.0,V2V,ns_0,ns_2,-61.17,84.17,0.27,True,2,7.644189218761e-10,7.083275728098e-10,0.926622,12.628107,11.01,D,7.638357835776906e-10,1908.6351413735397,32.807229156998076,1089908130.5115054,1089.9081305115053,7,5.5,550.0,6.514156594356944,26.293072562641132,7,5.5,550.0
4.0,V2V,ns_0,ns_3,-64.86,87.86,0.2,True,2,3.26690197543e-10,2.946959398307e-10,0.902065,9.210901,9.64,D,3.26587832172336e-10,816.0615496560118,29.11722915699808,967430095.1179756,967.4300951179756,7,5.5,550.0,6.514156594356944,22.603072562641135,6,4.4,440.00000000000006
4.0,V2V,ns_1,ns_0,-55.18,78.18,0.03,True,2,3.034148175719e-09,3.033548234255e-09,0.999802,5056.407025,37.04,D,3.033891184194272e-09,7580.937491739809,38.79722915699808,1288835084.7115154,1288.8350847115155,7,5.5,550.0,6.514156594356944,32.28307256264114,7,5.5,550.0
4.0,V2V,ns_1,ns_2,-55.76,78.76,0.04,True,2,2.653471439209e-09,2.652263835058e-09,0.999545,2196.302352,33.42,D,2.6546055619755413e-09,6633.1973062857105,38.21722915699808,1269570620.4319978,1269.5706204319977,7,5.5,550.0,6.514156594356944,31.703072562641136,7,5.5,550.0
4.0,V2V,ns_1,ns_3,-62.05,85.05,0.05,True,2,6.237093664721e-10,6.220077933734e-10,0.997272,365.548676,25.63,D,6.237348354824192e-10,1558.5578098011472,31.927229156998074,1060692131.6288956,1060.6921316288956,7,5.5,550.0,6.514156594356944,25.41307256264113,7,5.5,550.0
4.0,V2V,ns_2,ns_0,-61.17,84.17,0.27,True,2,7.64414463814e-10,7.083275728098e-10,0.926628,12.629111,11.01,D,7.638357835776906e-10,1908.6351413735397,32.807229156998076,1089908130.5115054,1089.9081305115053,7,5.5,550.0,6.514156594356944,26.293072562641132,7,5.5,550.0
4.0,V2V,ns_2,ns_1,-55.76,78.76,0.04,True,2,2.653471335631e-09,2.652263835058e-09,0.999545,2196.490747,33.42,D,2.6546055619755413e-09,6633.1973062857105,38.21722915699808,1269570620.4319978,1269.5706204319977,7,5.5,550.0,6.514156594356944,31.703072562641136,7,5.5,550.0
4.0,V2V,ns_2,ns_3,-56.3,79.3,0.09,True,2,2.344769235598e-09,2.338594006129e-09,0.997366,378.705604,25.78,D,2.344228815319922e-09,5857.64321669146,37.677229156998074,1251635087.9140675,1251.6350879140675,7,5.5,550.0,6.514156594356944,31.16307256264113,7,5.5,550.0
4.0,V2V,ns_3,ns_0,-64.86,87.86,0.2,True,2,3.266878217559e-10,2.946959398307e-10,0.902072,9.211585,9.64,D,3.26587832172336e-10,816.0615496560118,29.11722915699808,967430095.1179756,967.4300951179756,7,5.5,550.0,6.514156594356944,22.603072562641135,6,4.4,440.00000000000006
4.0,V2V,ns_3,ns_1,-62.05,85.05,0.05,True,2,6.237091686629e-10,6.220077933734e-10,0.997272,365.591176,25.63,D,6.237348354824192e-10,1558.5578098011472,31.927229156998074,1060692131.6288956,1060.6921316288956,7,5.5,550.0,6.514156594356944,25.41307256264113,7,5.5,550.0
4.0,V2V,ns_3,ns_2,-56.3,79.3,0.09,True,2,2.344768316988e-09,2.338594006129e-09,0.997367,378.761948,25.78,D,2.344228815319922e-09,5857.64321669146,37.677229156998074,1251635087.9140675,1251.6350879140675,7,5.5,550.0,6.514156594356944,31.16307256264113,7,5.5,550.0
4.0,V2V,wn_0,we_0,-60.73,83.73,0.29,True,2,8.458335924415e-10,7.829669414349e-10,0.925675,12.454408,10.95,D,8.452788451602908e-10,2112.141042379537,33.24722915699808,1104517334.8362129,1104.517334836213,7,5.5,550.0,6.514156594356944,26.733072562641137,7,5.5,550.0
4.0,V2V,wn_0,we_1,-55.73,78.73,0.02,True,2,2.672510722744e-09,2.672147877695e-09,0.999864,7364.43252,38.67,D,2.673006408663314e-09,6679.176433441565,38.24722915699808,1270567049.159641,1270.567049159641,7,5.5,550.0,6.514156594356944,31.733072562641137,7,5.5,550.0
4.0,V2V,wn_0,we_2,-34.88,57.88,0.2,True,2,3.251898998477e-07,3.249852110862e-07,0.999371,1587.704223,32.01,D,3.250872973854341e-07,812312.0874198751,59.09722915699807,1963167636.2697177,1963.1676362697176,7,5.5,550.0,6.514156594356944,52.58307256264112,7,5.5,550.0
4.0,V2V,wn_0,we_3,-54.73,77.73,0.04,True,2,3.363958598739e-09,3.363039986044e-09,0.999727,3660.998817,35.64,D,3.365115693754908e-09,8408.584941916311,39.247229156998074,1303781888.2167974,1303.7818882167974,7,5.5,550.0,6.514156594356944,32.73307256264113,7,5.5,550.0
4.0,V2V,wn_0,we_4,-61.78,84.78,0.22,True,2,6.634693967754e-10,6.2683003213e-10,0.944776,17.108103,12.33,D,6.637430704019088e-10,1658.5284117988726,32.19722915699808,1069655761.3813434,1069.6557613813434,7,5.5,550.0,6.514156594356944,25.683072562641133,7,5.5,550.0
4.0,V2V,wn_0,we_5,-65.19,88.19,0.14,True,2,3.028571148448e-10,2.886541303325e-10,0.953103,20.323484,13.08,D,3.026913428101305e-10,756.350181934359,28.787229156998073,956481671.4456187,956.4816714456188,7,5.5,550.0,6.514156594356944,22.27307256264113,6,4.4,440.00000000000006
4.0,V2V,wn_0,wn_1,-57.56,80.56,0.13,True,2,1.753315869774e-09,1.741331259907e-09,0.993165,145.297284,21.62,D,1.7538805018417603e-09,4382.509999604598,36.41722915699808,1209787082.3688226,1209.787082368823,7,5.5,550.0,6.514156594356944,29.903072562641132,7,5.5,550.0
4.0,V2V,wn_0,wn_2,-63.24,86.24,0.28,True,2,4.744434108459e-10,4.029002743753e-10,0.849206,5.631571,7.51,D,4.742419852602447e-10,1185.012456922151,30.737229156998076,1021190344.7535408,1021.1903447535408,7,5.5,550.0,6.514156594356944,24.223072562641132,6,4.4,440.00000000000006
4.0,V2V,wn_1,we_0,-64.79,87.79,0.24,True,2,3.318632082594e-10,2.805941976331e-10,0.845512,5.472979,7.38,D,3.318944575526096e-10,829.321483139954,29.187229156998065,969752621.5792,969.7526215792,7,5.5,550.0,6.514156594356944,22.67307256264112,6,4.4,440.00000000000006
4.0,V2V,wn_1,we_1,-62.69,85.69,0.08,True,2,5.376545984094e-10,5.332995116095e-10,0.9919,122.454393,20.88,D,5.382697825162882e-10,1345.0019553130635,31.287229156998073,1039446479.0389224,1039.4464790389225,7,5.5,550.0,6.514156594356944,24.77307256264113,6,4.4,440.00000000000006
4.0,V2V,wn_1,we_2,-58.11,81.11,0.19,True,2,1.545424833764e-09,1.520371933885e-09,0.983789,60.686465,17.83,D,1.545254439538414e-09,3861.205496097986,35.86722915699808,1191520921.2367084,1191.5209212367083,7,5.5,550.0,6.514156594356944,29.353072562641135,7,5.5,550.0
4.0,V2V,wn_1,we_3,-46.53,69.53,0.39,True,2,2.221904968078e-08,2.206100425568e-08,0.992887,139.586478,21.45,D,2.223309890651401e-08,55554.96978139431,47.44722915699807,1576165432.4669902,1576.1654324669903,7,5.5,550.0,6.514156594356944,40.93307256264113,7,5.5,550.0
4.0,V2V,wn_1,we_4,-54.06,77.06,0.09,True,2,3.922620627576e-09,3.917021538954e-09,0.998573,699.581986,28.45,D,3.926449353995993e-09,9811.21777610193,39.91722915699807,1326036353.8636656,1326.0363538636657,7,5.5,550.0,6.514156594356944,33.40307256264113,7,5.5,550.0
4.0,V2V,wn_1,we_5,-60.85,83.85,0.01,True,2,8.212983438193e-10,8.212580291834e-10,0.999951,20371.212854,43.09,D,8.222426499470712e-10,2054.579335200078,33.12722915699808,1100532933.853473,1100.532933853473,7,5.5,550.0,6.514156594356944,26.613072562641133,7,5.5,550.0
4.0,V2V,wn_1,wn_0,-57.56,80.56,0.13,True,2,1.753313629667e-09,1.741331259907e-09,0.993166,145.324447,21.62,D,1.7538805018417603e-09,4382.509999604598,36.41722915699808,1209787082.3688226,1209.787082368823,7,5.5,550.0,6.514156594356944,29.903072562641132,7,5.5,550.0
4.0,V2V,wn_1,wn_2,-58.25,81.25,0.0,True,2,1.49585857623e-09,1.495845924341e-09,0.999992,118231.035078,50.73,D,1.496235656094433e-09,3738.719780345909,35.72722915699807,1186871445.6739943,1186.8714456739945,7,5.5,550.0,6.514156594356944,29.213072562641127,7,5.5,550.0
4.0,V2V,wn_2,we_0,-67.85,90.85,0.17,True,2,1.639263317772e-10,1.366269562311e-10,0.833466,5.004765,6.99,D,1.6405897731995418e-10,409.94247206385353,26.127229156998084,868279263.4588779,868.279263458878,7,5.5,550.0,6.514156594356944,19.61307256264114,5,3.3,330.0
4.0,V2V,wn_2,we_1,-65.93,88.93,0.22,True,2,2.554926134998e-10,2.090898490722e-10,0.818379,4.505978,6.54,D,2.5527013026612416e-10,637.856397466577,28.047229156998064,931934786.7511144,931.9347867511144,7,5.5,550.0,6.514156594356944,21.53307256264112,6,4.4,440.00000000000006
4.0,V2V,wn_2,we_2,-64.11,87.11,0.13,True,2,3.885640221868e-10,3.770440012375e-10,0.970352,32.729454,15.15,D,3.8815036599064864e-10,969.8909694918756,29.86722915699808,992316548.067638,992.316548067638,7,5.5,550.0,6.514156594356944,23.353072562641135,6,4.4,440.00000000000006
4.0,V2V,wn_2,we_3,-60.08,83.08,0.23,True,2,9.808613808612e-10,9.420197002852e-10,0.9604,24.252805,13.85,D,9.817479430199843e-10,2453.1432859070073,33.89722915699807,1126100376.831356,1126.100376831356,7,5.5,550.0,6.514156594356944,27.38307256264113,7,5.5,550.0
4.0,V2V,wn_2,we_4,-49.82,72.82,0.47,True,2,1.043291439166e-08,1.024479934289e-08,0.981969,54.460286,17.36,D,1.0423174293933037e-08,26044.913278193493,44.15722915699807,1466876940.4421537,1466.8769404421537,7,5.5,550.0,6.514156594356944,37.64307256264112,7,5.5,550.0
4.0,V2V,wn_2,we_5,-49.0,72.0,0.62,True,2,1.259938145514e-08,1.223925301417e-08,0.971417,33.9858,15.31,D,1.2589254117941661e-08,31457.40659155837,44.97722915699807,1494115797.7808628,1494.1157977808627,7,5.5,550.0,6.514156594356944,38.46307256264113,7,5.5,550.0
4.0,V2V,wn_2,wn_0,-63.24,86.24,0.28,True,2,4.74438598354e-10,4.029002743753e-10,0.849215,5.63195,7.51,D,4.742419852602447e-10,1185.012456922151,30.737229156998076,1021190344.7535408,1021.1903447535408,7,5.5,550.0,6.514156594356944,24.223072562641132,6,4.4,440.00000000000006
4.0,V2V,wn_2,wn_1,-58.25,81.25,0.0,True,2,1.495858583637e-09,1.495845924341e-09,0.999992,118161.86245,50.72,D,1.496235656094433e-09,3738.719780345909,35.72722915699807,1186871445.6739943,1186.8714456739945,7,5.5,550.0,6.514156594356944,29.213072562641127,7,5.5,550.0
4.0,V2V,se_0,sn_0,-61.56,84.56,0.29,True,2,6.983814921626e-10,6.309936960406e-10,0.903509,9.36362,9.71,D,6.982324040771705e-10,1744.7086558649935,32.41722915699807,1076959709.0014997,1076.9597090014995,7,5.5,550.0,6.514156594356944,25.903072562641125,7,5.5,550.0
4.0,V2V,se_0,sn_1,-56.88,79.88,0.11,True,2,2.049986155881e-09,2.042229388714e-09,0.996216,263.283575,24.2,D,2.0511621788255627e-09,5125.342775676068,37.09722915699807,1232371423.309931,1232.371423309931,7,5.5,550.0,6.514156594356944,30.583072562641124,7,5.5,550.0
4.0,V2V,se_0,sn_2,-40.07,63.07,0.82,True,2,9.851367447587e-08,9.701546237828e-08,0.984792,64.754158,18.11,D,9.840111057611345e-08,245879.83652202255,53.90722915699808,1790759977.288445,1790.759977288445,7,5.5,550.0,6.514156594356944,47.39307256264114,7,5.5,550.0
4.0,V2V,se_0,sn_3,-54.63,77.63,0.01,True,2,3.447245993256e-09,3.447127035044e-09,0.999965,28977.629896,44.62,D,3.443499307633384e-09,8604.44604606043,39.347229156998075,1307103425.80736,1307.1034258073598,7,5.5,550.0,6.514156594356944,32.833072562641135,7,5.5,550.0
4.0,V2V,se_0,sn_4,-62.03,85.03,0.08,True,2,6.272657997445e-10,6.227473554256e-10,0.992797,137.823399,21.39,D,6.26613864672335e-10,1565.7517857879432,31.94722915699807,1061356092.217693,1061.356092217693,7,5.5,550.0,6.514156594356944,25.43307256264113,7,5.5,550.0
4.0,V2V,se_0,se_1,-57.62,80.62,0.18,True,2,1.730104221556e-09,1.707474531818e-09,0.98692,75.452848,18.78,D,1.729816359215103e-09,4322.379708183666,36.35722915699808,1207794383.36086,1207.79438336086,7,5.5,550.0,6.514156594356944,29.843072562641137,7,5.5,550.0
4.0,V2V,se_0,se_2,-63.88,86.88,0.14,True,2,4.08796978104e-10,3.953587173897e-10,0.967127,29.420379,14.69,D,4.092606597300109e-10,1022.6403291604472,30.097229156998075,999949317.7259188,999.9493177259188,7,5.5,550.0,6.514156594356944,23.58307256264113,6,4.4,440.00000000000006
4.0,V2V,se_1,sn_0,-65.94,88.94,0.12,True,2,2.545681920857e-10,2.440871986678e-10,0.958828,23.288556,13.67,D,2.5468302525850446e-10,636.38936846203,28.03722915699808,931603114.5202032,931.6031145202032,7,5.5,550.0,6.514156594356944,21.523072562641136,6,4.4,440.00000000000006
4.0,V2V,se_1,sn_1,-63.14,86.14,0.17,True,2,4.854489665773e-10,4.660044154904e-10,0.959945,23.96581,13.8,D,4.85288500162121e-10,1212.6149429338354,30.83722915699807,1024509503.9008172,1024.5095039008172,7,5.5,550.0,6.514156594356944,24.32307256264113,6,4.4,440.00000000000006
4.0,V2V,se_1,sn_2,-58.62,81.62,0.23,True,2,1.372546746415e-09,1.333944701909e-09,0.971876,34.556323,15.39,D,1.374041975012515e-09,3433.388243409582,35.35722915699807,1174583742.3938367,1174.5837423938367,7,5.5,550.0,6.514156594356944,28.84307256264113,7,5.5,550.0
4.0,V2V,se_1,sn_3,-47.08,70.08,0.4,True,2,1.957299174513e-08,1.941376676663e-08,0.991865,121.926641,20.86,D,1.9588446735059893e-08,48946.643515891774,46.89722915699807,1557895178.545051,1557.895178545051,7,5.5,550.0,6.514156594356944,40.38307256264113,7,5.5,550.0
4.0,V2V,se_1,sn_4,-54.01,77.01,0.03,True,2,3.970139315656e-09,3.969483172582e-09,0.999835,6049.721978,37.82,D,3.971915494694405e-09,9924.826323574223,39.96722915699807,1327697149.6066184,1327.6971496066185,7,5.5,550.0,6.514156594356944,33.453072562641125,7,5.5,550.0
4.0,V2V,se_1,se_0,-57.62,80.62,0.18,True,2,1.730102088055e-09,1.707474531818e-09,0.986921,75.459962,18.78,D,1.729816359215103e-09,4322.379708183666,36.35722915699808,1207794383.36086,1207.79438336086,7,5.5,550.0,6.514156594356944,29.843072562641137,7,5.5,550.0
4.0,V2V,se_1,se_2,-58.28,81.28,0.16,True,2,1.487528672848e-09,1.468852197413e-09,0.987445,78.647184,18.96,D,1.485935642287006e-09,3712.9826144103095,35.69722915699807,1185875134.652596,1185.875134652596,7,5.5,550.0,6.514156594356944,29.18307256264113,7,5.5,550.0
4.0,V2V,se_2,sn_0,-69.07,92.07,0.03,True,2,1.238792622804e-10,1.231885293778e-10,0.994424,178.344667,22.51,D,1.2387965865303716e-10,309.5443744453702,24.907229156998085,827865562.3174295,827.8655623174295,6,4.4,440.00000000000006,6.514156594356944,18.39307256264114,5,3.3,330.0
4.0,V2V,se_2,sn_1,-67.08,90.08,0.09,True,2,1.960465747412e-10,1.90698443175e-10,0.97272,35.657022,15.52,D,1.9588446735059887e-10,489.4664351589177,26.897229156998073,893801059.9437035,893.8010599437035,7,5.5,550.0,6.514156594356944,20.38307256264113,6,4.4,440.00000000000006
4.0,V2V,se_2,sn_2,-63.79,86.79,0.27,True,2,4.179889983056e-10,3.497650026351e-10,0.83678,5.126715,7.1,D,4.1783036664662214e-10,1044.0538896717194,30.18722915699808,1002936162.3482658,1002.9361623482656,7,5.5,550.0,6.514156594356944,23.673072562641135,6,4.4,440.00000000000006
4.0,V2V,se_2,sn_3,-60.44,83.44,0.03,True,2,9.041535655864e-10,9.037277264623e-10,0.999529,2122.228032,33.27,D,9.036494737223023e-10,2257.9946869622745,33.53722915699808,1114146516.2253556,1114.1465162253555,7,5.5,550.0,6.514156594356944,27.023072562641136,7,5.5,550.0
4.0,V2V,se_2,sn_4,-50.08,73.08,0.52,True,2,9.807055098407e-09,9.572017178883e-09,0.976034,40.725417,16.1,D,9.817479430199845e-09,24531.432859070075,43.89722915699807,1458240269.1295528,1458.2402691295529,7,5.5,550.0,6.514156594356944,37.38307256264113,7,5.5,550.0
4.0,V2V,se_2,se_0,-63.88,86.88,0.14,True,2,4.087959175836e-10,3.953587173897e-10,0.96713,29.422701,14.69,D,4.092606597300109e-10,1022.6403291604472,30.097229156998075,999949317.7259188,999.9493177259188,7,5.5,550.0,6.514156594356944,23.58307256264113,6,4.4,440.00000000000006
4.0,V2V,se_2,se_1,-58.28,81.28,0.16,True,2,1.487526249988e-09,1.468852197413e-09,0.987446,78.657388,18.96,D,1.485935642287006e-09,3712.9826144103095,35.69722915699807,1185875134.652596,1185.875134652596,7,5.5,550.0,6.514156594356944,29.18307256264113,7,5.5,550.0
5.0,V2I,BS_1,we_0,-95.77,125.77,982.32,False,1,2.647028691482e-13,2.647028691482e-13,1.0,inf,inf,D,2.648500138606701e-13,0.6617941375828836,-1.7927708430019265,73274167.2671773,73.2741672671773,1,0.38,38.0,6.514156594356944,-8.30692743735887,0,0.15,15.0
5.0,V2I,BS_1,we_1,-95.93,125.93,1000.35,False,1,2.5524850926289996e-13,2.5524850926289996e-13,1.0,inf,inf,D,2.552701302661247e-13,0.6378563974665784,-1.9527708430019264,71180887.11762355,71.18088711762356,1,0.38,38.0,6.514156594356944,-8.46692743735887,0,0.15,15.0
5.0,V2I,BS_1,we_2,-96.1,126.1,1019.9,False,1,2.455530535275e-13,2.455530535275e-13,1.0,inf,inf,D,2.4547089156850336e-13,0.6133705436494337,-2.1227708430019203,69007782.10676207,69.00778210676206,1,0.38,38.0,6.514156594356944,-8.636927437358864,0,0.15,15.0
5.0,V2I,BS_1,we_3,-96.28,126.28,1041.01,False,1,2.356993905044e-13,2.356993905044e-13,1.0,inf,inf,D,2.355049283896009e-13,0.5884680869305369,-2.3027708430019276,66763610.59220118,66.76361059220118,1,0.38,38.0,6.514156594356944,-8.81692743735887,0,0.15,15.0
5.0,V2I,BS_1,we_4,-96.52,126.52,1070.31,False,1,2.2297003132039997e-13,2.2297003132039997e-13,1.0,inf,inf,D,2.228435149270308e-13,0.5568303721315111,-2.5427708430019185,63861176.09768385,63.861176097683845,1,0.38,38.0,6.514156594356944,-9.056927437358862,0,0.15,15.0
5.0,V2I,BS_1,we_5,-96.69,126.69,1091.59,False,1,2.1436092414640003e-13,2.1436092414640003e-13,1.0,inf,inf,D,2.1428906011200566e-13,0.5354549228186047,-2.712770843001931,61866615.89561543,61.86661589561543,1,0.38,38.0,6.514156594356944,-9.226927437358874,0,0.15,15.0
5.0,V2I,BS_1,we_6,-96.87,126.87,1114.43,False,1,2.056654422128e-13,2.056654422128e-13,1.0,inf,inf,D,2.055890595984136e-13,0.5137157911004837,-2.892770843001938,59809435.64069013,59.80943564069013,1,0.38,38.0,6.514156594356944,-9.40692743735888,0,0.15,15.0
5.0,V2I,BS_1,sn_0,-95.74,125.74,979.03,False,1,2.664838668121e-13,2.664838668121e-13,1.0,inf,inf,D,2.666858664521481e-13,0.6663814753926737,-1.762770843001925,73671870.66205348,73.67187066205348,1,0.38,38.0,6.514156594356944,-8.27692743735887,0,0.15,15.0
5.0,V2I,BS_1,sn_1,-95.92,125.92,998.64,False,1,2.561227364639e-13,2.561227364639e-13,1.0,inf,inf,D,2.5585858869056425e-13,0.6393268083222494,-1.942770843001932,71310349.1866438,71.31034918664379,1,0.38,38.0,6.514156594356944,-8.456927437358877,0,0.15,15.0
5.0,V2I,BS_1,sn_2,-96.1,126.1,1019.79,False,1,2.4560816150059997e-13,2.4560816150059997e-13,1.0,inf,inf,D,2.4547089156850336e-13,0.6133705436494337,-2.1227708430019203,69007782.10676207,69.00778210676206,1,0.38,38.0,6.514156594356944,-8.636927437358864,0,0.15,15.0
5.0,V2I,BS_1,sn_3,-96.29,126.29,1042.5,False,1,2.350241645485e-13,2.350241645485e-13,1.0,inf,inf,D,2.349632820848301e-13,0.587114647888131,-2.3127708430019394,66640634.74329989,66.64063474329988,1,0.38,38.0,6.514156594356944,-8.826927437358883,0,0.15,15.0
5.0,V2I,BS_1,sn_4,-96.53,126.53,1072.34,False,1,2.2212431917059997e-13,2.2212431917059997e-13,1.0,inf,inf,D,2.223309890651401e-13,0.5555496978139431,-2.552770843001931,63742448.78612787,63.74244878612787,1,0.38,38.0,6.514156594356944,-9.066927437358874,0,0.15,15.0
5.0,V2I,BS_1,sn_5,-96.72,126.72,1095.24,False,1,2.129332419182e-13,2.129332419182e-13,1.0,inf,inf,D,2.128139045982709e-13,0.5317688770571486,-2.7427708430019324,61519863.07628826,61.51986307628826,1,0.38,38.0,6.514156594356944,-9.256927437358875,0,0.15,15.0
5.0,V2I,BS_1,ew_0,-72.68,102.68,0.54,True,2,5.3915455867220005e-11,4.694724817234e-11,0.870757,6.737349,8.28,D,5.395106225151268e-11,134.81025050352991,21.297229156998068,708544856.3263905,708.5448563263905,6,4.4,440.00000000000006,6.514156594356944,14.783072562641124,4,2.4,240.0
5.0,V2I,BS_1,ew_1,-73.2,103.2,0.34,True,2,4.7885543620620005e-11,4.563736194507e-11,0.953051,20.299677,13.07,D,4.7863009232263794e-11,119.5977242185502,20.77722915699807,691405887.2389252,691.4058872389252,6,4.4,440.00000000000006,6.514156594356944,14.263072562641128,4,2.4,240.0
5.0,V2I,BS_1,ew_2,-73.05,103.05,0.49,True,2,4.9502034416e-11,4.40784388156e-11,0.890437,8.127162,9.1,D,4.954501908047906e-11,123.80064737750888,20.927229156998077,696348160.7676002,696.3481607676002,6,4.4,440.00000000000006,6.514156594356944,14.413072562641132,4,2.4,240.0
5.0,V2I,BS_1,ew_3,-73.64,103.64,0.23,True,2,4.3291760909620006e-11,4.2280477730030006e-11,0.97664,41.808742,16.21,D,4.325138310350088e-11,108.07442054847796,20.337229156998077,676916899.927591,676.916899927591,6,4.4,440.00000000000006,6.514156594356944,13.823072562641132,4,2.4,240.0
5.0,V2I,BS_1,ew_4,-73.32,103.32,0.52,True,2,4.661062855127e-11,3.9876716512180005e-11,0.855528,5.921776,7.72,D,4.6558609352296007e-11,116.3383542036382,20.657229156998085,687453085.1692097,687.4530851692098,6,4.4,440.00000000000006,6.514156594356944,14.14307256264114,4,2.4,240.0
5.0,V2I,BS_1,ew_5,-73.54,103.54,0.5,True,2,4.4225339536350006e-11,3.794247208089e-11,0.857935,6.039037,7.81,D,4.425883723626256e-11,110.59179719206034,20.437229156998065,680208717.2270918,680.2087172270918,6,4.4,440.00000000000006,6.514156594356944,13.92307256264112,4,2.4,240.0
5.0,V2I,BS_1,ns_0,-73.3,103.3,0.33,True,2,4.6770219858450005e-11,4.4606103533070007e-11,0.953729,20.611694,13.14,D,4.6773514128719814e-11,116.87534764797552,20.677229156998074,688111821.559998,688.111821559998,6,4.4,440.00000000000006,6.514156594356944,14.16307256264113,4,2.4,240.0
5.0,V2I,BS_1,ns_1,-73.56,103.56,0.2,True,2,4.40168443144e-11,4.329927735802e-11,0.983698,60.341794,17.81,D,4.4055486350655335e-11,110.08367403961851,20.417229156998076,679550298.9284675,679.5502989284676,6,4.4,440.00000000000006,6.514156594356944,13.903072562641132,4,2.4,240.0
5.0,V2I,BS_1,ns_2,-73.26,103.26,0.48,True,2,4.7162388577830006e-11,4.1745589624e-11,0.885146,7.70669,8.87,D,4.720630412635899e-11,117.956781924935,20.71722915699807,689429371.4337754,689.4293714337754,6,4.4,440.00000000000006,6.514156594356944,14.203072562641124,4,2.4,240.0
5.0,V2I,BS_1,ns_3,-73.27,103.27,0.53,True,2,4.712801243006e-11,3.995965711101e-11,0.847896,5.574453,7.46,D,4.7097732639695287e-11,117.6854888548108,20.707229156998075,689099974.3651141,689.0999743651141,6,4.4,440.00000000000006,6.514156594356944,14.193072562641133,4,2.4,240.0
5.0,V2I,BS_1,ns_4,-74.1,104.1,0.25,True,2,3.885984188514e-11,3.7698125870960006e-11,0.970105,32.45038,15.11,D,3.890451449942813e-11,97.212679908616,19.877229156998084,661783739.2954204,661.7837392954204,5,3.3,330.0,6.514156594356944,13.36307256264114,4,2.4,240.0
5.0,V2I,BS_1,ns_5,-74.43,104.43,0.12,True,2,3.606149420418e-11,3.5784028518120006e-11,0.992306,128.967401,21.1,D,3.6057864302164196e-11,90.09961094993552,19.54722915699807,650937298.7753358,650.9372987753358,5,3.3,330.0,6.514156594356944,13.033072562641127,4,2.4,240.0
5.0,V2I,BS_1,wn_0,-96.15,126.15,1026.42,False,1,2.424469334715e-13,2.424469334715e-13,1.0,inf,inf,D,2.426610095082415e-13,0.6063493490960555,-2.172770843001928,68378568.45108871,68.37856845108871,1,0.38,38.0,6.514156594356944,-8.686927437358872,0,0.15,15.0
5.0,V2I,BS_1,wn_1,-96.38,126.38,1053.53,False,1,2.3012650514009997e-13,2.3012650514009997e-13,1.0,inf,inf,D,2.301441817408509e-13,0.5750729178931805,-2.4027708430019263,65541861.96270128,65.54186196270129,1,0.38,38.0,6.514156594356944,-8.91692743735887,0,0.15,15.0
5.0,V2I,BS_1,wn_2,-96.62,126.62,1083.01,False,1,2.177724332746e-13,2.177724332746e-13,1.0,inf,inf,D,2.177709772353155e-13,0.5441553654055858,-2.642770843001934,62681791.68699837,62.681791686998366,1,0.38,38.0,6.514156594356944,-9.156927437358878,0,0.15,15.0
5.0,V2I,BS_1,wn_3,-96.88,126.88,1115.41,False,1,2.053042731477e-13,2.053042731477e-13,1.0,inf,inf,D,2.0511621788255711e-13,0.5125342775676088,-2.902770843001915,59696783.76047192,59.69678376047192,1,0.38,38.0,6.514156594356944,-9.416927437358858,0,0.15,15.0
5.0,V2I,BS_1,se_0,-96.19,126.19,1030.24,False,1,2.406486656413e-13,2.406486656413e-13,1.0,inf,inf,D,2.4043628000069344e-13,0.6007903048493088,-2.212770843001925,67878433.47324917,67.87843347324916,1,0.38,38.0,6.514156594356944,-8.726927437358869,0,0.15,15.0
5.0,V2I,BS_1,se_1,-96.41,126.41,1057.59,False,1,2.283659205592e-13,2.283659205592e-13,1.0,inf,inf,D,2.28559880337543e-13,0.5711141437719714,-2.4327708430019266,65178799.83734827,65.17879983734827,1,0.38,38.0,6.514156594356944,-8.94692743735887,0,0.15,15.0
5.0,V2I,BS_1,se_2,-96.65,126.65,1087.27,False,1,2.160657068242e-13,2.160657068242e-13,1.0,inf,inf,D,2.1627185237270158e-13,0.5404094262186445,-2.6727708430019357,62331385.65501096,62.33138565501096,1,0.38,38.0,6.514156594356944,-9.18692743735888,0,0.15,15.0
5.0,V2V,we_0,we_1,-53.87,76.87,0.03,True,2,4.105696248363e-09,4.105180869294e-09,0.999874,7965.362037,39.01,D,4.102041029866072e-09,10249.977585872244,40.10722915699808,1332347387.864976,1332.347387864976,7,5.5,550.0,6.514156594356944,33.59307256264114,7,5.5,550.0
5.0,V2V,we_0,we_2,-59.98,82.98,0.28,True,2,1.005199539849e-09,9.481313989068e-10,0.943227,16.614023,12.2,D,1.0046157902783966e-09,2510.2843335292264,33.99722915699808,1129420966.7851117,1129.4209667851117,7,5.5,550.0,6.514156594356944,27.483072562641137,7,5.5,550.0
5.0,V2V,we_0,we_3,-63.96,86.96,0.13,True,2,4.013546261539e-10,3.904748964578e-10,0.972892,35.890128,15.55,D,4.0179081084894e-10,1003.9750396025488,30.017229156998077,997294395.4535136,997.2943954535136,7,5.5,550.0,6.514156594356944,23.503072562641133,6,4.4,440.00000000000006
5.0,V2V,we_0,we_4,-66.43,89.43,0.22,True,2,2.274103967019e-10,1.74630623575e-10,0.76791,3.308666,5.2,D,2.2750974307720667e-10,568.4901126366983,27.547229156998068,915352698.4168464,915.3526984168464,7,5.5,550.0,6.514156594356944,21.033072562641124,6,4.4,440.00000000000006
5.0,V2V,we_0,we_5,-69.44,92.44,0.0,True,2,1.136499156671e-10,1.136499156113e-10,1.0,2036303802.038163,93.09,D,1.1376272858234309e-10,284.26468911130206,24.537229156998073,815615736.6779144,815.6157366779144,6,4.4,440.00000000000006,6.514156594356944,18.02307256264113,5,3.3,330.0
5.0,V2V,we_0,we_6,-71.07,94.07,0.01,True,2,7.812952657239e-11,7.804661845486e-11,0.998939,941.36281,29.74,D,7.816278045883309e-11,195.30929649883328,22.90722915699808,761698468.5019906,761.6984685019905,6,4.4,440.00000000000006,6.514156594356944,16.393072562641137,5,3.3,330.0
5.0,V2V,we_0,wn_0,-61.27,84.27,0.29,True,2,7.46807427647e-10,6.793178935625e-10,0.909629,10.065529,10.03,D,7.464487584100653e-10,1865.189301374476,32.70722915699807,1086587962.1496043,1086.5879621496042,7,5.5,550.0,6.514156594356944,26.193072562641124,7,5.5,550.0
5.0,V2V,we_0,wn_1,-65.3,88.3,0.2,True,2,2.953949113654e-10,2.640621082412e-10,0.893929,8.427657,9.26,D,2.95120922666639e-10,737.4335898716615,28.67722915699808,952832436.9571902,952.83243695719,7,5.5,550.0,6.514156594356944,22.163072562641137,6,4.4,440.00000000000006
5.0,V2V,we_0,wn_2,-68.7,91.7,0.05,True,2,1.348155912376e-10,1.333298177675e-10,0.988979,89.737649,19.53,D,1.3489628825916532e-10,337.07218455563543,25.277229156998075,840118751.0784341,840.1187510784341,7,5.5,550.0,6.514156594356944,18.76307256264113,5,3.3,330.0
5.0,V2V,we_0,wn_3,-70.68,93.68,0.1,True,2,8.544919673742e-11,7.689997164170001e-11,0.89995,8.994964,9.54,D,8.550667128846822e-11,213.65984829702205,23.29722915699807,774590855.2932445,774.5908552932444,6,4.4,440.00000000000006,6.514156594356944,16.783072562641127,5,3.3,330.0
5.0,V2V,we_1,we_0,-53.87,76.87,0.03,True,2,4.105696230927e-09,4.105180869294e-09,0.999874,7965.631524,39.01,D,4.102041029866072e-09,10249.977585872244,40.10722915699808,1332347387.864976,1332.347387864976,7,5.5,550.0,6.514156594356944,33.59307256264114,7,5.5,550.0
5.0,V2V,we_1,we_2,-54.54,77.54,0.03,True,2,3.514772019385e-09,3.514274821284e-09,0.999859,7068.158167,38.49,D,3.5156044052829833e-09,8784.61870385553,39.43722915699808,1310092817.2438583,1310.0928172438582,7,5.5,550.0,6.514156594356944,32.92307256264114,7,5.5,550.0
5.0,V2V,we_1,we_3,-60.78,83.78,0.17,True,2,8.362210676043e-10,8.163898474658e-10,0.976285,41.1669,16.15,D,8.356030182312475e-10,2087.96356379622,33.19722915699807,1102857161.3453448,1102.8571613453448,7,5.5,550.0,6.514156594356944,26.68307256264113,7,5.5,550.0
5.0,V2V,we_1,we_4,-65.46,88.46,0.1,True,2,2.846716762648e-10,2.771743267802e-10,0.973663,36.969642,15.68,D,2.84446110744792e-10,710.7598969135231,28.51722915699808,947524683.8337688,947.5246838337688,7,5.5,550.0,6.514156594356944,22.003072562641137,6,4.4,440.00000000000006
5.0,V2V,we_1,we_5,-66.86,89.86,0.2,True,2,2.059791212932e-10,1.635459427784e-10,0.793993,3.8542,5.86,D,2.0606299132700007e-10,514.9000283033484,27.117229156998075,901094771.5414563,901.0947715414565,7,5.5,550.0,6.514156594356944,20.60307256264113,6,4.4,440.00000000000006
5.0,V2V,we_1,we_6,-69.64,92.64,0.07,True,2,1.086506447146e-10,1.050078430643e-10,0.966472,28.826122,14.6,D,1.0864256236170644e-10,271.4706705689816,24.33722915699807,808995713.268461,808.995713268461,6,4.4,440.00000000000006,6.514156594356944,17.823072562641126,5,3.3,330.0
5.0,V2V,we_1,wn_0,-57.12,80.12,0.12,True,2,1.939166679159e-09,1.929785653044e-09,0.995162,205.711575,23.13,D,1.940885877592779e-09,4849.789799082407,36.85722915699807,1224400394.8756382,1224.4003948756383,7,5.5,550.0,6.514156594356944,30.34307256264113,7,5.5,550.0
5.0,V2V,we_1,wn_1,-62.96,85.96,0.21,True,2,5.053517787635e-10,4.739982691866e-10,0.937957,15.11787,11.79,D,5.058246620031138e-10,1263.929690162703,31.01722915699807,1030484148.106575,1030.484148106575,7,5.5,550.0,6.514156594356944,24.50307256264113,6,4.4,440.00000000000006
5.0,V2V,we_1,wn_2,-65.85,88.85,0.24,True,2,2.602106249785e-10,1.983943321806e-10,0.762437,3.209418,5.06,D,2.6001595631652776e-10,649.715033274682,28.127229156998084,934588207.4042872,934.5882074042872,7,5.5,550.0,6.514156594356944,21.61307256264114,6,4.4,440.00000000000006
5.0,V2V,we_1,wn_3,-69.68,92.68,0.08,True,2,1.075498733685e-10,1.032214837153e-10,0.959755,23.847549,13.77,D,1.0764652136298328e-10,268.9818125012075,24.297229156998064,807671841.2243059,807.6718412243059,6,4.4,440.00000000000006,6.514156594356944,17.78307256264112,5,3.3,330.0
5.0,V2V,we_2,we_0,-59.98,82.98,0.28,True,2,1.005193243183e-09,9.481313989068e-10,0.943233,16.615856,12.21,D,1.0046157902783966e-09,2510.2843335292264,33.99722915699808,1129420966.7851117,1129.4209667851117,7,5.5,550.0,6.514156594356944,27.483072562641137,7,5.5,550.0
5.0,V2V,we_2,we_1,-54.54,77.54,0.03,True,2,3.514771982782e-09,3.514274821284e-09,0.999859,7068.678545,38.49,D,3.5156044052829833e-09,8784.61870385553,39.43722915699808,1310092817.2438583,1310.0928172438582,7,5.5,550.0,6.514156594356944,32.92307256264114,7,5.5,550.0
5.0,V2V,we_2,we_3,-55.17,78.17,0.03,True,2,3.042921889468e-09,3.042342346104e-09,0.99981,5249.55083,37.2,D,3.0408850256762767e-09,7598.413357511935,38.80722915699807,1289167233.757691,1289.1672337576908,7,5.5,550.0,6.514156594356944,32.29307256264113,7,5.5,550.0
5.0,V2V,we_2,we_4,-62.51,85.51,0.19,True,2,5.61164238661e-10,5.359222034182e-10,0.955018,21.231339,13.27,D,5.610479760324711e-10,1401.9189805908825,31.46722915699808,1045421597.9525236,1045.4215979525236,7,5.5,550.0,6.514156594356944,24.953072562641136,6,4.4,440.00000000000006
5.0,V2V,we_2,we_5,-64.92,87.92,0.24,True,2,3.217716840268e-10,2.658911874554e-10,0.826335,4.758211,6.77,D,3.221068791283435e-10,804.8647654381396,29.057229156998076,965439394.589623,965.439394589623,7,5.5,550.0,6.514156594356944,22.543072562641132,6,4.4,440.00000000000006
5.0,V2V,we_2,we_6,-67.6,90.6,0.16,True,2,1.737423768431e-10,1.534839691292e-10,0.8834,7.57631,8.79,D,1.7378008287493763e-10,434.23309064202306,26.377229156998077,876564443.8206458,876.5644438206458,7,5.5,550.0,6.514156594356944,19.863072562641133,5,3.3,330.0
5.0,V2V,we_2,wn_0,-45.31,68.31,0.87,True,2,2.94427746356e-08,2.851261451038e-08,0.968408,30.653447,14.86,D,2.944421633798757e-08,73573.75396798493,48.66722915699807,1616692319.2389443,1616.6923192389445,7,5.5,550.0,6.514156594356944,42.15307256264113,7,5.5,550.0
5.0,V2V,we_2,wn_1,-59.24,82.24,0.1,True,2,1.190135932848e-09,1.183805497745e-09,0.994681,187.002233,22.72,D,1.1912420080273738e-09,2976.616711712578,34.73722915699807,1153994234.2242315,1153.9942342242318,7,5.5,550.0,6.514156594356944,28.223072562641125,7,5.5,550.0
5.0,V2V,we_2,wn_2,-64.61,87.61,0.08,True,2,3.460192114422e-10,3.413195832397e-10,0.986418,72.626933,18.61,D,3.4593937782612166e-10,864.4162364470807,29.36722915699807,975725037.7812028,975.7250377812028,7,5.5,550.0,6.514156594356944,22.853072562641128,6,4.4,440.00000000000006
5.0,V2V,we_2,wn_3,-66.88,89.88,0.21,True,2,2.051038541677e-10,1.503357465554e-10,0.732974,2.744951,4.39,D,2.0511621788255668e-10,512.5342775676078,27.097229156998075,900431676.7051092,900.4316767051092,7,5.5,550.0,6.514156594356944,20.58307256264113,6,4.4,440.00000000000006
5.0,V2V,we_3,we_0,-63.96,86.96,0.13,True,2,4.014192597481e-10,3.904748964578e-10,0.972736,35.678174,15.52,D,4.0179081084894e-10,1003.9750396025488,30.017229156998077,997294395.4535136,997.2943954535136,7,5.5,550.0,6.514156594356944,23.503072562641133,6,4.4,440.00000000000006
5.0,V2V,we_3,we_1,-60.78,83.78,0.17,True,2,8.362201704539e-10,8.163898474658e-10,0.976286,41.168762,16.15,D,8.356030182312475e-10,2087.96356379622,33.19722915699807,1102857161.3453448,1102.8571613453448,7,5.5,550.0,6.514156594356944,26.68307256264113,7,5.5,550.0
5.0,V2V,we_3,we_2,-55.17,78.17,0.03,True,2,3.042922006458e-09,3.042342346104e-09,0.99981,5248.491343,37.2,D,3.0408850256762767e-09,7598.413357511935,38.80722915699807,1289167233.757691,1289.1672337576908,7,5.5,550.0,6.514156594356944,32.29307256264113,7,5.5,550.0
5.0,V2V,we_3,we_4,-57.91,80.91,0.2,True,2,1.619738786004e-09,1.591504928637e-09,0.982569,56.368668,17.51,D,1.6180800376430676e-09,4043.1785048552415,36.06722915699808,1198163096.2018216,1198.1630962018216,7,5.5,550.0,6.514156594356944,29.553072562641137,7,5.5,550.0
5.0,V2V,we_3,we_5,-62.51,85.51,0.19,True,2,5.611632002925e-10,5.359222034182e-10,0.95502,21.232212,13.27,D,5.610479760324711e-10,1401.9189805908825,31.46722915699808,1045421597.9525236,1045.4215979525236,7,5.5,550.0,6.514156594356944,24.953072562641136,6,4.4,440.00000000000006
5.0,V2V,we_3,we_6,-65.09,88.09,0.24,True,2,3.09916882685e-10,2.552829045948e-10,0.823714,4.672603,6.7,D,3.0974192992165775e-10,773.9678408837026,28.88722915699807,959799263.3374194,959.7992633374192,7,5.5,550.0,6.514156594356944,22.373072562641127,6,4.4,440.00000000000006
5.0,V2V,we_3,wn_0,-51.76,74.76,0.13,True,2,6.664330665136e-09,6.65096708527e-09,0.997995,497.693519,26.97,D,6.668067692136219e-09,16661.83831118495,42.21722915699807,1402434654.668149,1402.434654668149,7,5.5,550.0,6.514156594356944,35.703072562641125,7,5.5,550.0
5.0,V2V,we_3,wn_1,-50.7,73.7,0.43,True,2,8.504894640718e-09,8.354217700114e-09,0.982284,55.444567,17.44,D,8.51138038202376e-09,21267.81704653613,43.277229156998075,1437645217.361174,1437.6452173611738,7,5.5,550.0,6.514156594356944,36.76307256264113,7,5.5,550.0
5.0,V2V,we_3,wn_2,-61.07,84.07,0.12,True,2,7.808004194515e-10,7.716874793191e-10,0.988329,84.680407,19.28,D,7.816278045883292e-10,1953.092964988329,32.90722915699807,1093228338.909082,1093.228338909082,7,5.5,550.0,6.514156594356944,26.393072562641127,7,5.5,550.0
5.0,V2V,we_3,wn_3,-65.72,88.72,0.16,True,2,2.67906854569e-10,2.485597924406e-10,0.927784,12.847418,11.09,D,2.679168324819031e-10,669.4573525284935,28.257229156998072,938900175.5681552,938.9001755681552,7,5.5,550.0,6.514156594356944,21.743072562641128,6,4.4,440.00000000000006
5.0,V2V,we_4,we_0,-66.43,89.43,0.22,True,2,2.274069963912e-10,1.74630623575e-10,0.767921,3.308879,5.2,D,2.2750974307720667e-10,568.4901126366983,27.547229156998068,915352698.4168464,915.3526984168464,7,5.5,550.0,6.514156594356944,21.033072562641124,6,4.4,440.00000000000006
5.0,V2V,we_4,we_1,-65.46,88.46,0.1,True,2,2.846711480813e-10,2.771743267802e-10,0.973665,36.972247,15.68,D,2.84446110744792e-10,710.7598969135231,28.51722915699808,947524683.8337688,947.5246838337688,7,5.5,550.0,6.514156594356944,22.003072562641137,6,4.4,440.00000000000006
5.0,V2V,we_4,we_2,-62.51,85.51,0.19,True,2,5.611623723667e-10,5.359222034182e-10,0.955022,21.232909,13.27,D,5.610479760324711e-10,1401.9189805908825,31.46722915699808,1045421597.9525236,1045.4215979525236,7,5.5,550.0,6.514156594356944,24.953072562641136,6,4.4,440.00000000000006
5.0,V2V,we_4,we_3,-57.91,80.91,0.2,True,2,1.619735989332e-09,1.591504928637e-09,0.982571,56.374252,17.51,D,1.6180800376430676e-09,4043.1785048552415,36.06722915699808,1198163096.2018216,1198.1630962018216,7,5.5,550.0,6.514156594356944,29.553072562641137,7,5.5,550.0
5.0,V2V,we_4,we_5,-55.17,78.17,0.03,True,2,3.0429221472e-09,3.042342346104e-09,0.999809,5247.217313,37.2,D,3.0408850256762767e-09,7598.413357511935,38.80722915699807,1289167233.757691,1289.1672337576908,7,5.5,550.0,6.514156594356944,32.29307256264113,7,5.5,550.0
5.0,V2V,we_4,we_6,-61.24,84.24,0.24,True,2,7.51433179391e-10,7.103119365739e-10,0.945276,17.273601,12.37,D,7.516228940182046e-10,1878.1181759575325,32.73722915699807,1087584008.3994155,1087.5840083994158,7,5.5,550.0,6.514156594356944,26.223072562641125,7,5.5,550.0
5.0,V2V,we_4,wn_0,-61.44,84.44,0.03,True,2,7.186023869103e-10,7.181140880597e-10,0.99932,1470.644641,31.68,D,7.177942912713613e-10,1793.5889337115475,32.53722915699807,1080943770.4637144,1080.9437704637144,7,5.5,550.0,6.514156594356944,26.02307256264113,7,5.5,550.0
5.0,V2V,we_4,wn_1,-53.0,76.0,0.11,True,2,5.007068834499e-09,4.998668587596e-09,0.998322,595.062103,27.75,D,5.0118723362727255e-09,12523.419131116252,40.97722915699808,1361245607.3900805,1361.2456073900803,7,5.5,550.0,6.514156594356944,34.46307256264113,7,5.5,550.0
5.0,V2V,we_4,wn_2,-50.69,73.69,0.46,True,2,8.539816219871e-09,8.36508593507e-09,0.979539,47.874276,16.8,D,8.531001140175895e-09,21316.84442822562,43.28722915699807,1437977394.5698576,1437.9773945698576,7,5.5,550.0,6.514156594356944,36.77307256264113,7,5.5,550.0
5.0,V2V,we_4,wn_3,-61.26,84.26,0.29,True,2,7.474089891392e-10,6.795167286725e-10,0.909163,10.008751,10.0,D,7.481695005111552e-10,1869.4890067745007,32.71722915699808,1086919977.1578083,1086.9199771578085,7,5.5,550.0,6.514156594356944,26.203072562641136,7,5.5,550.0
5.0,V2V,we_5,we_0,-69.44,92.44,0.0,True,2,1.136499156638e-10,1.136499156113e-10,1.0,2163701750.425436,93.35,D,1.1376272858234309e-10,284.26468911130206,24.537229156998073,815615736.6779144,815.6157366779144,6,4.4,440.00000000000006,6.514156594356944,18.02307256264113,5,3.3,330.0
5.0,V2V,we_5,we_1,-66.86,89.86,0.2,True,2,2.05976590443e-10,1.635459427784e-10,0.794003,3.85443,5.86,D,2.0606299132700007e-10,514.9000283033484,27.117229156998075,901094771.5414563,901.0947715414565,7,5.5,550.0,6.514156594356944,20.60307256264113,6,4.4,440.00000000000006
5.0,V2V,we_5,we_2,-64.92,87.92,0.24,True,2,3.217677354575e-10,2.658911874554e-10,0.826345,4.758547,6.77,D,3.221068791283435e-10,804.8647654381396,29.057229156998076,965439394.589623,965.439394589623,7,5.5,550.0,6.514156594356944,22.543072562641132,6,4.4,440.00000000000006
5.0,V2V,we_5,we_3,-62.51,85.51,0.19,True,2,5.611613838399e-10,5.359222034182e-10,0.955023,21.23374,13.27,D,5.610479760324711e-10,1401.9189805908825,31.46722915699808,1045421597.9525236,1045.4215979525236,7,5.5,550.0,6.514156594356944,24.953072562641136,6,4.4,440.00000000000006
5.0,V2V,we_5,we_4,-55.17,78.17,0.03,True,2,3.042922099997e-09,3.042342346104e-09,0.999809,5247.644531,37.2,D,3.0408850256762767e-09,7598.413357511935,38.80722915699807,1289167233.757691,1289.1672337576908,7,5.5,550.0,6.514156594356944,32.29307256264113,7,5.5,550.0
5.0,V2V,we_5,we_6,-55.75,78.75,0.02,True,2,2.659725784311e-09,2.659452202762e-09,0.999897,9720.875623,39.88,D,2.6607250597988087e-09,6648.4884052943735,38.22722915699807,1269902763.2262857,1269.9027632262855,7,5.5,550.0,6.514156594356944,31.713072562641127,7,5.5,550.0
5.0,V2V,we_5,wn_0,-64.73,87.73,0.13,True,2,3.362844574782e-10,3.252964771723e-10,0.967325,29.604756,14.71,D,3.3651156937549014e-10,840.8584941916295,29.247229156998067,971743394.4581206,971.7433944581206,7,5.5,550.0,6.514156594356944,22.733072562641123,6,4.4,440.00000000000006
5.0,V2V,we_5,wn_1,-60.17,83.17,0.06,True,2,9.626758441554e-10,9.603191759566e-10,0.997552,407.490192,26.1,D,9.616122783836636e-10,2402.8292813185,33.80722915699807,1123111872.4912162,1123.1118724912162,7,5.5,550.0,6.514156594356944,27.293072562641125,7,5.5,550.0
5.0,V2V,we_5,wn_2,-47.0,70.0,0.8,True,2,1.994256537439e-08,1.926746523959e-08,0.966148,28.540159,14.55,D,1.9952623149688783e-08,49856.62955944224,46.97722915699807,1560552667.2243836,1560.5526672243836,7,5.5,550.0,6.514156594356944,40.46307256264113,7,5.5,550.0
5.0,V2V,we_5,wn_3,-56.12,79.12,0.07,True,2,2.446197962229e-09,2.443001223617e-09,0.998693,764.21676,28.83,D,2.443430552693971e-09,6105.523619924965,37.85722915699807,1257613558.7190769,1257.6135587190768,7,5.5,550.0,6.514156594356944,31.34307256264113,7,5.5,550.0
5.0,V2V,we_6,we_0,-71.07,94.07,0.01,True,2,7.812088720575001e-11,7.804661845486e-11,0.999049,1050.867525,30.22,D,7.816278045883309e-11,195.30929649883328,22.90722915699808,761698468.5019906,761.6984685019905,6,4.4,440.00000000000006,6.514156594356944,16.393072562641137,5,3.3,330.0
5.0,V2V,we_6,we_1,-69.64,92.64,0.07,True,2,1.08650403467e-10,1.050078430643e-10,0.966474,28.828031,14.6,D,1.0864256236170644e-10,271.4706705689816,24.33722915699807,808995713.268461,808.995713268461,6,4.4,440.00000000000006,6.514156594356944,17.823072562641126,5,3.3,330.0
5.0,V2V,we_6,we_2,-67.6,90.6,0.16,True,2,1.737411806426e-10,1.534839691292e-10,0.883406,7.576757,8.79,D,1.7378008287493763e-10,434.23309064202306,26.377229156998077,876564443.8206458,876.5644438206458,7,5.5,550.0,6.514156594356944,19.863072562641133,5,3.3,330.0
5.0,V2V,we_6,we_3,-65.09,88.09,0.24,True,2,3.099131390204e-10,2.552829045948e-10,0.823724,4.672923,6.7,D,3.0974192992165775e-10,773.9678408837026,28.88722915699807,959799263.3374194,959.7992633374192,7,5.5,550.0,6.514156594356944,22.373072562641127,6,4.4,440.00000000000006
5.0,V2V,we_6,we_4,-61.24,84.24,0.24,True,2,7.514310971161e-10,7.103119365739e-10,0.945279,17.274476,12.37,D,7.516228940182046e-10,1878.1181759575325,32.73722915699807,1087584008.3994155,1087.5840083994158,7,5.5,550.0,6.514156594356944,26.223072562641125,7,5.5,550.0
5.0,V2V,we_6,we_5,-55.75,78.75,0.02,True,2,2.659725848971e-09,2.659452202762e-09,0.999897,9718.57867,39.88,D,2.6607250597988087e-09,6648.4884052943735,38.22722915699807,1269902763.2262857,1269.9027632262855,7,5.5,550.0,6.514156594356944,31.713072562641127,7,5.5,550.0
5.0,V2V,we_6,wn_0,-67.41,90.41,0.07,True,2,1.816436316043e-10,1.785631328095e-10,0.983041,57.965656,17.63,D,1.815515662773137e-10,453.65208964845993,26.56722915699808,882861917.3473818,882.8619173473818,7,5.5,550.0,6.514156594356944,20.053072562641137,6,4.4,440.00000000000006
5.0,V2V,we_6,wn_1,-64.26,87.26,0.0,True,2,3.747157082405e-10,3.747157076698e-10,1.0,656583005.001339,88.17,D,3.749730022454834e-10,936.9640236019072,29.717229156998073,987338877.7796298,987.3388777796298,7,5.5,550.0,6.514156594356944,23.20307256264113,6,4.4,440.00000000000006
5.0,V2V,we_6,wn_2,-58.45,81.45,0.14,True,2,1.428542702642e-09,1.414168554849e-09,0.989938,98.382775,19.93,D,1.4288939585111006e-09,3570.44967144203,35.52722915699807,1180229407.5801768,1180.229407580177,7,5.5,550.0,6.514156594356944,29.013072562641124,7,5.5,550.0
5.0,V2V,we_6,wn_3,-28.49,51.49,0.29,True,2,1.414646021391e-06,1.413198411765e-06,0.998977,976.228941,29.9,D,1.4157937799570825e-06,3537715.5920966575,65.48722915699807,2175438704.709995,2175.438704709995,7,5.5,550.0,6.514156594356944,58.97307256264112,7,5.5,550.0
5.0,V2V,sn_0,sn_1,-54.56,77.56,0.01,True,2,3.503376737978e-09,3.503341371246e-09,0.99999,99057.538558,49.96,D,3.4994516702835692e-09,8744.25704718533,39.41722915699807,1309428507.4212043,1309.4285074212044,7,5.5,550.0,6.514156594356944,32.90307256264113,7,5.5,550.0
5.0,V2V,sn_0,sn_2,-60.7,83.7,0.23,True,2,8.516403097703e-10,8.13941180682e-10,0.955734,21.590451,13.34,D,8.511380382023758e-10,2126.781704653613,33.277229156998075,1105513443.279061,1105.513443279061,7,5.5,550.0,6.514156594356944,26.76307256264113,7,5.5,550.0
5.0,V2V,sn_0,sn_3,-64.49,87.49,0.16,True,2,3.555169273341e-10,3.370594258199e-10,0.948083,18.261379,12.62,D,3.556313185689855e-10,888.6339794327472,29.487229156998076,979706808.2403268,979.7068082403268,7,5.5,550.0,6.514156594356944,22.973072562641132,6,4.4,440.00000000000006
5.0,V2V,sn_0,sn_4,-67.96,90.96,0.07,True,2,1.600665959077e-10,1.567321409026e-10,0.979168,47.003825,16.72,D,1.599558028614671e-10,399.6896623225064,26.01722915699808,864634147.890844,864.634147890844,7,5.5,550.0,6.514156594356944,19.503072562641137,5,3.3,330.0
5.0,V2V,sn_0,sn_5,-68.87,91.87,0.16,True,2,1.298489545327e-10,1.01426529444e-10,0.781112,3.568539,5.52,D,1.2971792709839543e-10,324.1327513703034,25.10722915699807,834488507.9114672,834.4885079114672,7,5.5,550.0,6.514156594356944,18.59307256264113,5,3.3,330.0
5.0,V2V,sn_0,se_0,-62.28,85.28,0.29,True,2,5.920768237393e-10,5.223886121674e-10,0.882299,7.496083,8.75,D,5.915616341754741e-10,1478.1650029372167,31.697229156998077,1053056728.0737616,1053.0567280737616,7,5.5,550.0,6.514156594356944,25.183072562641133,7,5.5,550.0
5.0,V2V,sn_0,se_1,-65.89,88.89,0.2,True,2,2.574909633956e-10,2.217003722491e-10,0.861003,6.194376,7.92,D,2.576321157002573e-10,643.7584100456203,28.08722915699807,933261487.6016402,933.2614876016402,7,5.5,550.0,6.514156594356944,21.573072562641126,6,4.4,440.00000000000006
5.0,V2V,sn_0,se_2,-68.13,91.13,0.18,True,2,1.538881741482e-10,1.169673784079e-10,0.76008,3.168062,5.01,D,1.5381546403030357e-10,384.3464868323427,25.847229156998075,859001242.7879645,859.0012427879644,7,5.5,550.0,6.514156594356944,19.33307256264113,5,3.3,330.0
5.0,V2V,sn_1,sn_0,-54.56,77.56,0.01,True,2,3.503376737978e-09,3.503341371246e-09,0.99999,99057.538558,49.96,D,3.4994516702835692e-09,8744.25704718533,39.41722915699807,1309428507.4212043,1309.4285074212044,7,5.5,550.0,6.514156594356944,32.90307256264113,7,5.5,550.0
5.0,V2V,sn_1,sn_2,-55.18,78.18,0.03,True,2,3.034134658065e-09,3.033534765923e-09,0.999802,5056.800306,37.04,D,3.033891184194272e-09,7580.937491739809,38.79722915699808,1288835084.7115154,1288.8350847115155,7,5.5,550.0,6.514156594356944,32.28307256264114,7,5.5,550.0
5.0,V2V,sn_1,sn_3,-61.17,84.17,0.27,True,2,7.644522936557e-10,7.083261107869e-10,0.92658,12.620244,11.01,D,7.638357835776906e-10,1908.6351413735397,32.807229156998076,1089908130.5115054,1089.9081305115053,7,5.5,550.0,6.514156594356944,26.293072562641132,7,5.5,550.0
5.0,V2V,sn_1,sn_4,-65.01,88.01,0.25,True,2,3.156093296356e-10,2.520979763864e-10,0.798766,3.969337,5.99,D,3.1550046233746236e-10,788.3569773549784,28.967229156998073,962453407.9352762,962.453407935276,7,5.5,550.0,6.514156594356944,22.45307256264113,6,4.4,440.00000000000006
5.0,V2V,sn_1,sn_5,-67.63,90.63,0.17,True,2,1.724477818997e-10,1.472832532516e-10,0.854075,5.852812,7.67,D,1.7258378919902038e-10,431.24385107201493,26.347229156998075,875570163.0586162,875.5701630586161,7,5.5,550.0,6.514156594356944,19.83307256264113,5,3.3,330.0
5.0,V2V,sn_1,se_0,-58.58,81.58,0.0,True,2,1.386067278049e-09,1.386065374083e-09,0.999999,727988.268515,58.62,D,1.3867558288718895e-09,3465.156993682882,35.39722915699808,1175912128.5056975,1175.9121285056976,7,5.5,550.0,6.514156594356944,28.883072562641136,7,5.5,550.0
5.0,V2V,sn_1,se_1,-63.84,86.84,0.16,True,2,4.133943796186e-10,3.957718939127e-10,0.957371,22.458347,13.51,D,4.13047501990161e-10,1032.1027036235903,30.13722915699807,1001276796.833572,1001.276796833572,7,5.5,550.0,6.514156594356944,23.623072562641127,6,4.4,440.00000000000006
5.0,V2V,sn_1,se_2,-66.52,89.52,0.21,True,2,2.227890254886e-10,1.751154835222e-10,0.786015,3.673222,5.65,D,2.2284351492703075e-10,556.830372131511,27.45722915699808,912368267.6544358,912.3682676544356,7,5.5,550.0,6.514156594356944,20.943072562641134,6,4.4,440.00000000000006
5.0,V2V,sn_2,sn_0,-60.7,83.7,0.23,True,2,8.516372749653e-10,8.13941180682e-10,0.955737,21.592189,13.34,D,8.511380382023758e-10,2126.781704653613,33.277229156998075,1105513443.279061,1105.513443279061,7,5.5,550.0,6.514156594356944,26.76307256264113,7,5.5,550.0
5.0,V2V,sn_2,sn_1,-55.18,78.18,0.03,True,2,3.034134571058e-09,3.033534765923e-09,0.999802,5057.533836,37.04,D,3.033891184194272e-09,7580.937491739809,38.79722915699808,1288835084.7115154,1288.8350847115155,7,5.5,550.0,6.514156594356944,32.28307256264114,7,5.5,550.0
5.0,V2V,sn_2,sn_3,-55.76,78.76,0.04,True,2,2.653471638575e-09,2.652263835058e-09,0.999545,2195.939818,33.42,D,2.6546055619755413e-09,6633.1973062857105,38.21722915699808,1269570620.4319978,1269.5706204319977,7,5.5,550.0,6.514156594356944,31.703072562641136,7,5.5,550.0
5.0,V2V,sn_2,sn_4,-62.5,85.5,0.28,True,2,5.620030908949e-10,4.976769257196e-10,0.885541,7.736773,8.89,D,5.62341325190349e-10,1405.1507376070688,31.47722915699807,1045753554.2473392,1045.7535542473393,7,5.5,550.0,6.514156594356944,24.96307256264113,6,4.4,440.00000000000006
5.0,V2V,sn_2,sn_5,-65.58,88.58,0.2,True,2,2.765719844349e-10,2.422968630596e-10,0.876072,7.069176,8.49,D,2.766941645411513e-10,691.3897164946308,28.397229156998076,943544048.7453896,943.5440487453895,7,5.5,550.0,6.514156594356944,21.883072562641132,6,4.4,440.00000000000006
5.0,V2V,sn_2,se_0,-48.72,71.72,0.54,True,2,1.342775399772e-08,1.315704185632e-08,0.979839,48.601595,16.87,D,1.342764961137864e-08,33552.347854519336,45.25722915699808,1503416910.1031432,1503.4169101031432,7,5.5,550.0,6.514156594356944,38.74307256264113,7,5.5,550.0
5.0,V2V,sn_2,se_1,-60.0,83.0,0.2,True,2,9.991780242254e-10,9.698140841001e-10,0.970612,33.027383,15.19,D,9.999999999999999e-10,2498.7506246876555,33.97722915699808,1128756846.3360925,1128.7568463360924,7,5.5,550.0,6.514156594356944,27.463072562641138,7,5.5,550.0
5.0,V2V,sn_2,se_2,-64.8,87.8,0.19,True,2,3.313731260109e-10,3.033870898271e-10,0.915545,10.84066,10.35,D,3.3113112148259143e-10,827.4140966581494,29.17722915699808,969420829.3074543,969.4208293074544,7,5.5,550.0,6.514156594356944,22.663072562641137,6,4.4,440.00000000000006
5.0,V2V,sn_3,sn_0,-64.49,87.49,0.16,True,2,3.555157311336e-10,3.370594258199e-10,0.948086,18.262562,12.62,D,3.556313185689855e-10,888.6339794327472,29.487229156998076,979706808.2403268,979.7068082403268,7,5.5,550.0,6.514156594356944,22.973072562641132,6,4.4,440.00000000000006
5.0,V2V,sn_3,sn_1,-61.17,84.17,0.27,True,2,7.644478854352e-10,7.083261107869e-10,0.926585,12.621235,11.01,D,7.638357835776906e-10,1908.6351413735397,32.807229156998076,1089908130.5115054,1089.9081305115053,7,5.5,550.0,6.514156594356944,26.293072562641132,7,5.5,550.0
5.0,V2V,sn_3,sn_2,-55.76,78.76,0.04,True,2,2.653471736788e-09,2.652263835058e-09,0.999545,2195.76127,33.42,D,2.6546055619755413e-09,6633.1973062857105,38.21722915699808,1269570620.4319978,1269.5706204319977,7,5.5,550.0,6.514156594356944,31.703072562641136,7,5.5,550.0
5.0,V2V,sn_3,sn_4,-58.02,81.02,0.2,True,2,1.575926183376e-09,1.549004544144e-09,0.982917,57.537527,17.6,D,1.5776112696993471e-09,3942.057145675529,35.95722915699807,1194509890.3853765,1194.5098903853764,7,5.5,550.0,6.514156594356944,29.443072562641124,7,5.5,550.0
5.0,V2V,sn_3,sn_5,-62.5,85.5,0.28,True,2,5.620014239673e-10,4.976769257196e-10,0.885544,7.736973,8.89,D,5.62341325190349e-10,1405.1507376070688,31.47722915699807,1045753554.2473392,1045.7535542473393,7,5.5,550.0,6.514156594356944,24.96307256264113,6,4.4,440.00000000000006
5.0,V2V,sn_3,se_0,-50.6,73.6,0.21,True,2,8.709432628349e-09,8.673747493909e-09,0.995903,243.063327,23.86,D,8.709635899560797e-09,21763.208144829572,43.37722915699807,1440966991.0527112,1440.9669910527111,7,5.5,550.0,6.514156594356944,36.86307256264112,7,5.5,550.0
5.0,V2V,sn_3,se_1,-52.03,75.03,0.27,True,2,6.260570977446e-09,6.202040647497e-09,0.990651,105.962851,20.25,D,6.266138646723351e-09,15657.517857879431,41.94722915699807,1393466004.171337,1393.4660041713369,7,5.5,550.0,6.514156594356944,35.43307256264113,7,5.5,550.0
5.0,V2V,sn_3,se_2,-61.59,84.59,0.01,True,2,6.927339537133e-10,6.927174660505e-10,0.999976,42014.291238,46.23,D,6.934258060165678e-10,1732.6981659584403,32.38722915699807,1075963703.4214518,1075.9637034214518,7,5.5,550.0,6.514156594356944,25.873072562641124,7,5.5,550.0
5.0,V2V,sn_4,sn_0,-67.96,90.96,0.07,True,2,1.600663622748e-10,1.567321409026e-10,0.97917,47.007119,16.72,D,1.599558028614671e-10,399.6896623225064,26.01722915699808,864634147.890844,864.634147890844,7,5.5,550.0,6.514156594356944,19.503072562641137,5,3.3,330.0
5.0,V2V,sn_4,sn_1,-65.01,88.01,0.25,True,2,3.15605275845e-10,2.520979763864e-10,0.798776,3.969591,5.99,D,3.1550046233746236e-10,788.3569773549784,28.967229156998073,962453407.9352762,962.453407935276,7,5.5,550.0,6.514156594356944,22.45307256264113,6,4.4,440.00000000000006
5.0,V2V,sn_4,sn_2,-62.5,85.5,0.28,True,2,5.619990094144e-10,4.976769257196e-10,0.885548,7.737264,8.89,D,5.62341325190349e-10,1405.1507376070688,31.47722915699807,1045753554.2473392,1045.7535542473393,7,5.5,550.0,6.514156594356944,24.96307256264113,6,4.4,440.00000000000006
5.0,V2V,sn_4,sn_3,-58.02,81.02,0.2,True,2,1.575923012891e-09,1.549004544144e-09,0.982919,57.544304,17.6,D,1.5776112696993471e-09,3942.057145675529,35.95722915699807,1194509890.3853765,1194.5098903853764,7,5.5,550.0,6.514156594356944,29.443072562641124,7,5.5,550.0
5.0,V2V,sn_4,sn_5,-55.76,78.76,0.04,True,2,2.653471287001e-09,2.652263835058e-09,0.999545,2196.579211,33.42,D,2.6546055619755413e-09,6633.1973062857105,38.21722915699808,1269570620.4319978,1269.5706204319977,7,5.5,550.0,6.514156594356944,31.703072562641136,7,5.5,550.0
5.0,V2V,sn_4,se_0,-61.12,84.12,0.1,True,2,7.721886880324e-10,7.659115143122e-10,0.991871,122.015345,20.86,D,7.72680585095702e-10,1930.736094691909,32.85722915699807,1091568229.763224,1091.5682297632238,7,5.5,550.0,6.514156594356944,26.34307256264113,7,5.5,550.0
5.0,V2V,sn_4,se_1,-52.09,75.09,0.05,True,2,6.178607577232e-09,6.176479880193e-09,0.999656,2902.894429,34.63,D,6.180164001384151e-09,15442.68865913081,41.88722915699807,1391472975.4866776,1391.4729754866776,7,5.5,550.0,6.514156594356944,35.37307256264113,7,5.5,550.0
5.0,V2V,sn_4,se_2,-51.94,74.94,0.32,True,2,6.393484888473e-09,6.311238337973e-09,0.987136,76.735599,18.85,D,6.397348354826482e-09,15985.37819796722,42.03722915699807,1396455550.4879203,1396.4555504879204,7,5.5,550.0,6.514156594356944,35.52307256264113,7,5.5,550.0
5.0,V2V,sn_5,sn_0,-68.86,91.86,0.16,True,2,1.299542478689e-10,1.01426529444e-10,0.780479,3.555368,5.51,D,1.30016957803329e-10,324.8799545310569,25.11722915699807,834819680.1783502,834.8196801783502,7,5.5,550.0,6.514156594356944,18.603072562641128,5,3.3,330.0
5.0,V2V,sn_5,sn_1,-67.63,90.63,0.17,True,2,1.724460734373e-10,1.472832532516e-10,0.854083,5.853209,7.67,D,1.7258378919902038e-10,431.24385107201493,26.347229156998075,875570163.0586162,875.5701630586161,7,5.5,550.0,6.514156594356944,19.83307256264113,5,3.3,330.0
5.0,V2V,sn_5,sn_2,-65.58,88.58,0.2,True,2,2.765698163214e-10,2.422968630596e-10,0.876078,7.069623,8.49,D,2.766941645411513e-10,691.3897164946308,28.397229156998076,943544048.7453896,943.5440487453895,7,5.5,550.0,6.514156594356944,21.883072562641132,6,4.4,440.00000000000006
5.0,V2V,sn_5,sn_3,-62.5,85.5,0.28,True,2,5.619959856853e-10,4.976769257196e-10,0.885552,7.737627,8.89,D,5.62341325190349e-10,1405.1507376070688,31.47722915699807,1045753554.2473392,1045.7535542473393,7,5.5,550.0,6.514156594356944,24.96307256264113,6,4.4,440.00000000000006
5.0,V2V,sn_5,sn_4,-55.76,78.76,0.04,True,2,2.653470988124e-09,2.652263835058e-09,0.999545,2197.123058,33.42,D,2.6546055619755413e-09,6633.1973062857105,38.21722915699808,1269570620.4319978,1269.5706204319977,7,5.5,550.0,6.514156594356944,31.703072562641136,7,5.5,550.0
5.0,V2V,sn_5,se_0,-64.87,87.87,0.06,True,2,3.261314890002e-10,3.240739602331e-10,0.993691,157.506405,21.97,D,3.2583670100200866e-10,814.1846601749343,29.107229156998073,967098309.3464696,967.0983093464696,7,5.5,550.0,6.514156594356944,22.59307256264113,6,4.4,440.00000000000006
5.0,V2V,sn_5,se_1,-60.05,83.05,0.17,True,2,9.882873397415e-10,9.682299601718e-10,0.979705,48.273004,16.84,D,9.885530946569391e-10,2470.147662810942,33.927229156998074,1127096550.5786128,1127.0965505786128,7,5.5,550.0,6.514156594356944,27.41307256264113,7,5.5,550.0
5.0,V2V,sn_5,se_2,-46.58,69.58,0.72,True,2,2.196570136471e-08,2.140650854205e-08,0.974542,38.281086,15.83,D,2.1978598727848273e-08,54919.037300970194,47.39722915699808,1574504498.4894376,1574.5044984894375,7,5.5,550.0,6.514156594356944,40.88307256264113,7,5.5,550.0
5.0,V2V,ew_0,ew_1,-54.12,77.12,0.1,True,2,3.874303468808e-09,3.867240103367e-09,0.998177,547.506728,27.38,D,3.872576449216173e-09,9676.602821629616,39.85722915699807,1324043401.5463538,1324.0434015463538,7,5.5,550.0,6.514156594356944,33.343072562641126,7,5.5,550.0
5.0,V2V,ew_0,ew_2,-60.27,83.27,0.25,True,2,9.390647748559e-10,8.952230065333e-10,0.953313,20.419409,13.1,D,9.397233105646374e-10,2348.1342093069397,33.707229156998075,1119791342.3542414,1119.7913423542414,7,5.5,550.0,6.514156594356944,27.19307256264113,7,5.5,550.0
5.0,V2V,ew_0,ew_3,-63.81,86.81,0.24,True,2,4.162098881533e-10,3.694664253249e-10,0.887693,7.90413,8.98,D,4.159106104940219e-10,1039.2568977861615,30.167229156998072,1002272413.93691,1002.27241393691,7,5.5,550.0,6.514156594356944,23.65307256264113,6,4.4,440.00000000000006
5.0,V2V,ew_0,ew_4,-66.43,89.43,0.22,True,2,2.274098872091e-10,1.74630623575e-10,0.767911,3.308698,5.2,D,2.2750974307720667e-10,568.4901126366983,27.547229156998068,915352698.4168464,915.3526984168464,7,5.5,550.0,6.514156594356944,21.033072562641124,6,4.4,440.00000000000006
5.0,V2V,ew_0,ew_5,-69.26,92.26,0.09,True,2,1.186862894918e-10,1.125124285929e-10,0.947982,18.223998,12.61,D,1.1857687481671596e-10,296.294040021779,24.717229156998073,821574673.0998045,821.5746730998045,6,4.4,440.00000000000006,6.514156594356944,18.20307256264113,5,3.3,330.0
5.0,V2V,ew_1,ew_0,-54.12,77.12,0.1,True,2,3.874308559583e-09,3.867240103367e-09,0.998176,547.112408,27.38,D,3.872576449216173e-09,9676.602821629616,39.85722915699807,1324043401.5463538,1324.0434015463538,7,5.5,550.0,6.514156594356944,33.343072562641126,7,5.5,550.0
5.0,V2V,ew_1,ew_2,-54.78,77.78,0.02,True,2,3.325418451942e-09,3.325208150691e-09,0.999937,15811.642277,41.99,D,3.326595532940047e-09,8312.332666017108,39.19722915699808,1302121122.818988,1302.1211228189882,7,5.5,550.0,6.514156594356944,32.68307256264113,7,5.5,550.0
5.0,V2V,ew_1,ew_3,-60.98,83.98,0.19,True,2,7.984041501453e-10,7.739872855928e-10,0.969418,31.698881,15.01,D,7.979946872679769e-10,1993.9897233082877,32.997229156998074,1096216559.944537,1096.2165599445368,7,5.5,550.0,6.514156594356944,26.48307256264113,7,5.5,550.0
5.0,V2V,ew_1,ew_4,-64.64,87.64,0.25,True,2,3.435567938903e-10,2.815915630508e-10,0.819636,4.544348,6.57,D,3.4355794789987426e-10,858.46563693122,29.33722915699807,974729614.8942908,974.7296148942906,7,5.5,550.0,6.514156594356944,22.823072562641126,6,4.4,440.00000000000006
5.0,V2V,ew_1,ew_5,-66.86,89.86,0.2,True,2,2.05978669949e-10,1.635459427784e-10,0.793995,3.854241,5.86,D,2.0606299132700007e-10,514.9000283033484,27.117229156998075,901094771.5414563,901.0947715414565,7,5.5,550.0,6.514156594356944,20.60307256264113,6,4.4,440.00000000000006
5.0,V2V,ew_2,ew_0,-60.27,83.27,0.25,True,2,9.390597823801e-10,8.952230065333e-10,0.953318,20.421735,13.1,D,9.397233105646374e-10,2348.1342093069397,33.707229156998075,1119791342.3542414,1119.7913423542414,7,5.5,550.0,6.514156594356944,27.19307256264113,7,5.5,550.0
5.0,V2V,ew_2,ew_1,-54.78,77.78,0.02,True,2,3.325418339755e-09,3.325208150691e-09,0.999937,15820.08164,41.99,D,3.326595532940047e-09,8312.332666017108,39.19722915699808,1302121122.818988,1302.1211228189882,7,5.5,550.0,6.514156594356944,32.68307256264113,7,5.5,550.0
5.0,V2V,ew_2,ew_3,-55.39,78.39,0.0,True,2,2.88961876664e-09,2.889607032366e-09,0.999996,246253.583831,53.91,D,2.8906798823654773e-09,7223.088161832777,38.58722915699808,1281859978.4051018,1281.859978405102,7,5.5,550.0,6.514156594356944,32.07307256264113,7,5.5,550.0
5.0,V2V,ew_2,ew_4,-62.14,85.14,0.26,True,2,6.10977523087e-10,5.601873083357e-10,0.916871,11.029434,10.43,D,6.109420249055713e-10,1526.591766380738,31.83722915699807,1057704333.372462,1057.704333372462,7,5.5,550.0,6.514156594356944,25.323072562641126,7,5.5,550.0
5.0,V2V,ew_2,ew_5,-64.86,87.86,0.24,True,2,3.265806150526e-10,2.700401203779e-10,0.826871,4.776048,6.79,D,3.26587832172336e-10,816.0615496560118,29.11722915699808,967430095.1179756,967.4300951179756,7,5.5,550.0,6.514156594356944,22.603072562641135,6,4.4,440.00000000000006
5.0,V2V,ew_3,ew_0,-63.81,86.81,0.24,True,2,4.162062995517e-10,3.694664253249e-10,0.8877,7.904737,8.98,D,4.159106104940219e-10,1039.2568977861615,30.167229156998072,1002272413.93691,1002.27241393691,7,5.5,550.0,6.514156594356944,23.65307256264113,6,4.4,440.00000000000006
5.0,V2V,ew_3,ew_1,-60.98,83.98,0.19,True,2,7.984022921579e-10,7.739872855928e-10,0.96942,31.701293,15.01,D,7.979946872679769e-10,1993.9897233082877,32.997229156998074,1096216559.944537,1096.2165599445368,7,5.5,550.0,6.514156594356944,26.48307256264113,7,5.5,550.0
5.0,V2V,ew_3,ew_2,-55.39,78.39,0.0,True,2,2.88961878326e-09,2.889607032366e-09,0.999996,245905.307048,53.91,D,2.8906798823654773e-09,7223.088161832777,38.58722915699808,1281859978.4051018,1281.859978405102,7,5.5,550.0,6.514156594356944,32.07307256264113,7,5.5,550.0
5.0,V2V,ew_3,ew_4,-57.43,80.43,0.17,True,2,1.807139473232e-09,1.788218244647e-09,0.98953,94.508569,19.75,D,1.8071741260109255e-09,4515.677476289169,36.54722915699807,1214104618.3168352,1214.104618316835,7,5.5,550.0,6.514156594356944,30.033072562641127,7,5.5,550.0
5.0,V2V,ew_3,ew_5,-62.14,85.14,0.26,True,2,6.109757398621e-10,5.601873083357e-10,0.916873,11.029821,10.43,D,6.109420249055713e-10,1526.591766380738,31.83722915699807,1057704333.372462,1057.704333372462,7,5.5,550.0,6.514156594356944,25.323072562641126,7,5.5,550.0
5.0,V2V,ew_4,ew_0,-66.43,89.43,0.22,True,2,2.274062155381e-10,1.74630623575e-10,0.767924,3.308928,5.2,D,2.2750974307720667e-10,568.4901126366983,27.547229156998068,915352698.4168464,915.3526984168464,7,5.5,550.0,6.514156594356944,21.033072562641124,6,4.4,440.00000000000006
5.0,V2V,ew_4,ew_1,-64.64,87.64,0.25,True,2,3.435523026004e-10,2.815915630508e-10,0.819647,4.544677,6.58,D,3.4355794789987426e-10,858.46563693122,29.33722915699807,974729614.8942908,974.7296148942906,7,5.5,550.0,6.514156594356944,22.823072562641126,6,4.4,440.00000000000006
5.0,V2V,ew_4,ew_2,-62.14,85.14,0.26,True,2,6.109732754675e-10,5.601873083357e-10,0.916877,11.030356,10.43,D,6.109420249055713e-10,1526.591766380738,31.83722915699807,1057704333.372462,1057.704333372462,7,5.5,550.0,6.514156594356944,25.323072562641126,7,5.5,550.0
5.0,V2V,ew_4,ew_3,-57.43,80.43,0.17,True,2,1.807148187221e-09,1.788218244647e-09,0.989525,94.465064,19.75,D,1.8071741260109255e-09,4515.677476289169,36.54722915699807,1214104618.3168352,1214.104618316835,7,5.5,550.0,6.514156594356944,30.033072562641127,7,5.5,550.0
5.0,V2V,ew_4,ew_5,-55.39,78.39,0.0,True,2,2.889618653108e-09,2.889607032366e-09,0.999996,248659.432621,53.96,D,2.8906798823654773e-09,7223.088161832777,38.58722915699808,1281859978.4051018,1281.859978405102,7,5.5,550.0,6.514156594356944,32.07307256264113,7,5.5,550.0
5.0,V2V,ew_5,ew_0,-69.26,92.26,0.09,True,2,1.186859046032e-10,1.125124285929e-10,0.947985,18.225134,12.61,D,1.1857687481671596e-10,296.294040021779,24.717229156998073,821574673.0998045,821.5746730998045,6,4.4,440.00000000000006,6.514156594356944,18.20307256264113,5,3.3,330.0
5.0,V2V,ew_5,ew_1,-66.86,89.86,0.2,True,2,2.059759175802e-10,1.635459427784e-10,0.794005,3.854491,5.86,D,2.0606299132700007e-10,514.9000283033484,27.117229156998075,901094771.5414563,901.0947715414565,7,5.5,550.0,6.514156594356944,20.60307256264113,6,4.4,440.00000000000006
5.0,V2V,ew_5,ew_2,-64.86,87.86,0.24,True,2,3.265768270842e-10,2.700401203779e-10,0.826881,4.776368,6.79,D,3.26587832172336e-10,816.0615496560118,29.11722915699808,967430095.1179756,967.4300951179756,7,5.5,550.0,6.514156594356944,22.603072562641135,6,4.4,440.00000000000006
5.0,V2V,ew_5,ew_3,-62.14,85.14,0.26,True,2,6.109711987305e-10,5.601873083357e-10,0.91688,11.030807,10.43,D,6.109420249055713e-10,1526.591766380738,31.83722915699807,1057704333.372462,1057.704333372462,7,5.5,550.0,6.514156594356944,25.323072562641126,7,5.5,550.0
5.0,V2V,ew_5,ew_4,-55.39,78.39,0.0,True,2,2.889618572571e-09,2.889607032366e-09,0.999996,250394.784094,53.99,D,2.8906798823654773e-09,7223.088161832777,38.58722915699808,1281859978.4051018,1281.859978405102,7,5.5,550.0,6.514156594356944,32.07307256264113,7,5.5,550.0
5.0,V2V,ns_0,ns_1,-54.79,77.79,0.0,True,2,3.315162030539e-09,3.315145180208e-09,0.999995,196740.661413,52.94,D,3.318944575526103e-09,8293.214831399557,39.18722915699807,1301788970.0145755,1301.7889700145754,7,5.5,550.0,6.514156594356944,32.673072562641124,7,5.5,550.0
5.0,V2V,ns_0,ns_2,-61.07,84.07,0.12,True,2,7.810404307187e-10,7.717285045669e-10,0.988078,82.875282,19.18,D,7.816278045883292e-10,1953.092964988329,32.90722915699807,1093228338.909082,1093.228338909082,7,5.5,550.0,6.514156594356944,26.393072562641127,7,5.5,550.0
5.0,V2V,ns_0,ns_3,-64.67,87.67,0.17,True,2,3.410923992848e-10,3.201628496969e-10,0.93864,15.297169,11.85,D,3.4119291162192807e-10,852.5560010542929,29.30722915699807,973734200.007858,973.734200007858,7,5.5,550.0,6.514156594356944,22.793072562641125,6,4.4,440.00000000000006
5.0,V2V,ns_0,ns_4,-67.96,90.96,0.07,True,2,1.600667419715e-10,1.567323181175e-10,0.979169,47.004318,16.72,D,1.599558028614671e-10,399.6896623225064,26.01722915699808,864634147.890844,864.634147890844,7,5.5,550.0,6.514156594356944,19.503072562641137,5,3.3,330.0
5.0,V2V,ns_0,ns_5,-68.52,91.52,0.18,True,2,1.405014386641e-10,1.004671876968e-10,0.715062,2.509531,4.0,D,1.4060475241299154e-10,351.3362129260159,25.45722915699808,846080895.1646693,846.0808951646693,7,5.5,550.0,6.514156594356944,18.943072562641134,5,3.3,330.0
5.0,V2V,ns_1,ns_0,-54.79,77.79,0.0,True,2,3.315162087855e-09,3.315145180208e-09,0.999995,196073.723866,52.92,D,3.318944575526103e-09,8293.214831399557,39.18722915699807,1301788970.0145755,1301.7889700145754,7,5.5,550.0,6.514156594356944,32.673072562641124,7,5.5,550.0
5.0,V2V,ns_1,ns_2,-55.4,78.4,0.01,True,2,2.881565867302e-09,2.881465780183e-09,0.999965,28789.576675,44.59,D,2.884031503126606e-09,7206.475520056486,38.57722915699807,1281527831.6326344,1281.5278316326344,7,5.5,550.0,6.514156594356944,32.063072562641125,7,5.5,550.0
5.0,V2V,ns_1,ns_3,-61.51,84.51,0.21,True,2,7.057455462811e-10,6.739664468318e-10,0.954971,21.207852,13.26,D,7.063175542629623e-10,1764.9114299424343,32.46722915699807,1078619727.0464327,1078.619727046433,7,5.5,550.0,6.514156594356944,25.95307256264113,7,5.5,550.0
5.0,V2V,ns_1,ns_4,-65.19,88.19,0.23,True,2,3.0263521134e-10,2.559274351606e-10,0.845663,5.479332,7.39,D,3.026913428101305e-10,756.350181934359,28.787229156998073,956481671.4456187,956.4816714456188,7,5.5,550.0,6.514156594356944,22.27307256264113,6,4.4,440.00000000000006
5.0,V2V,ns_1,ns_5,-67.63,90.63,0.17,True,2,1.725149241922e-10,1.472832532516e-10,0.853742,5.837237,7.66,D,1.7258378919902038e-10,431.24385107201493,26.347229156998075,875570163.0586162,875.5701630586161,7,5.5,550.0,6.514156594356944,19.83307256264113,5,3.3,330.0
5.0,V2V,ns_2,ns_0,-61.07,84.07,0.12,True,2,7.810396138688e-10,7.717285045669e-10,0.988079,82.882552,19.18,D,7.816278045883292e-10,1953.092964988329,32.90722915699807,1093228338.909082,1093.228338909082,7,5.5,550.0,6.514156594356944,26.393072562641127,7,5.5,550.0
5.0,V2V,ns_2,ns_1,-55.4,78.4,0.01,True,2,2.88156592531e-09,2.881465780183e-09,0.999965,28772.900612,44.59,D,2.884031503126606e-09,7206.475520056486,38.57722915699807,1281527831.6326344,1281.5278316326344,7,5.5,550.0,6.514156594356944,32.063072562641125,7,5.5,550.0
5.0,V2V,ns_2,ns_3,-55.97,78.97,0.07,True,2,2.530997584699e-09,2.527636929926e-09,0.998672,752.126327,28.76,D,2.5292979964461473e-09,6320.084948641048,38.00722915699808,1262595648.7951634,1262.5956487951637,7,5.5,550.0,6.514156594356944,31.493072562641135,7,5.5,550.0
5.0,V2V,ns_2,ns_4,-62.3,85.3,0.29,True,2,5.882488823675e-10,5.193650159671e-10,0.8829,7.539719,8.77,D,5.888436553555896e-10,1471.3734516631423,31.67722915699808,1052392792.6525204,1052.3927926525205,7,5.5,550.0,6.514156594356944,25.163072562641137,7,5.5,550.0
5.0,V2V,ns_2,ns_5,-66.09,89.09,0.0,True,2,2.459119076938e-10,2.459041608137e-10,0.999968,31742.347503,45.02,D,2.4603676041476273e-10,614.7845087825154,27.887229156998075,926628176.3906796,926.6281763906796,7,5.5,550.0,6.514156594356944,21.37307256264113,6,4.4,440.00000000000006
5.0,V2V,ns_3,ns_0,-64.67,87.67,0.17,True,2,3.410912889228e-10,3.201628496969e-10,0.938643,15.29798,11.85,D,3.4119291162192807e-10,852.5560010542929,29.30722915699807,973734200.007858,973.734200007858,7,5.5,550.0,6.514156594356944,22.793072562641125,6,4.4,440.00000000000006
5.0,V2V,ns_3,ns_1,-61.51,84.51,0.21,True,2,7.057421376634e-10,6.739664468318e-10,0.954975,21.210127,13.27,D,7.063175542629623e-10,1764.9114299424343,32.46722915699807,1078619727.0464327,1078.619727046433,7,5.5,550.0,6.514156594356944,25.95307256264113,7,5.5,550.0
5.0,V2V,ns_3,ns_2,-55.97,78.97,0.07,True,2,2.530996733583e-09,2.527636929926e-09,0.998673,752.316858,28.76,D,2.5292979964461473e-09,6320.084948641048,38.00722915699808,1262595648.7951634,1262.5956487951637,7,5.5,550.0,6.514156594356944,31.493072562641135,7,5.5,550.0
5.0,V2V,ns_3,ns_4,-57.59,80.59,0.09,True,2,1.743506313126e-09,1.737654582522e-09,0.996644,296.947126,24.73,D,1.7418068733916131e-09,4352.341012972545,36.387229156998075,1208790732.0743487,1208.7907320743486,7,5.5,550.0,6.514156594356944,29.87307256264113,7,5.5,550.0
5.0,V2V,ns_3,ns_5,-62.3,85.3,0.29,True,2,5.882031498492e-10,5.193640412852e-10,0.882967,7.544607,8.78,D,5.888436553555896e-10,1471.3734516631423,31.67722915699808,1052392792.6525204,1052.3927926525205,7,5.5,550.0,6.514156594356944,25.163072562641137,7,5.5,550.0
5.0,V2V,ns_4,ns_0,-67.96,90.96,0.07,True,2,1.600665000317e-10,1.567323181175e-10,0.97917,47.007728,16.72,D,1.599558028614671e-10,399.6896623225064,26.01722915699808,864634147.890844,864.634147890844,7,5.5,550.0,6.514156594356944,19.503072562641137,5,3.3,330.0
5.0,V2V,ns_4,ns_1,-65.19,88.19,0.23,True,2,3.026320325478e-10,2.559274351606e-10,0.845672,5.479705,7.39,D,3.026913428101305e-10,756.350181934359,28.787229156998073,956481671.4456187,956.4816714456188,7,5.5,550.0,6.514156594356944,22.27307256264113,6,4.4,440.00000000000006
5.0,V2V,ns_4,ns_2,-62.3,85.3,0.29,True,2,5.88244485223e-10,5.193650159671e-10,0.882907,7.540201,8.77,D,5.888436553555896e-10,1471.3734516631423,31.67722915699808,1052392792.6525204,1052.3927926525205,7,5.5,550.0,6.514156594356944,25.163072562641137,7,5.5,550.0
5.0,V2V,ns_4,ns_3,-57.59,80.59,0.09,True,2,1.743504615048e-09,1.737654582522e-09,0.996645,297.03332,24.73,D,1.7418068733916131e-09,4352.341012972545,36.387229156998075,1208790732.0743487,1208.7907320743486,7,5.5,550.0,6.514156594356944,29.87307256264113,7,5.5,550.0
5.0,V2V,ns_4,ns_5,-55.97,78.97,0.07,True,2,2.53098132454e-09,2.527626474247e-09,0.998674,753.424521,28.77,D,2.5292979964461473e-09,6320.084948641048,38.00722915699808,1262595648.7951634,1262.5956487951637,7,5.5,550.0,6.514156594356944,31.493072562641135,7,5.5,550.0
5.0,V2V,ns_5,ns_0,-68.52,91.52,0.18,True,2,1.404988662791e-10,1.004671876968e-10,0.715075,2.509692,4.0,D,1.4060475241299154e-10,351.3362129260159,25.45722915699808,846080895.1646693,846.0808951646693,7,5.5,550.0,6.514156594356944,18.943072562641134,5,3.3,330.0
5.0,V2V,ns_5,ns_1,-67.63,90.63,0.17,True,2,1.725132268058e-10,1.472832532516e-10,0.85375,5.83763,7.66,D,1.7258378919902038e-10,431.24385107201493,26.347229156998075,875570163.0586162,875.5701630586161,7,5.5,550.0,6.514156594356944,19.83307256264113,5,3.3,330.0
5.0,V2V,ns_5,ns_2,-66.09,89.09,0.0,True,2,2.459119087673e-10,2.459041608137e-10,0.999968,31737.949426,45.02,D,2.4603676041476273e-10,614.7845087825154,27.887229156998075,926628176.3906796,926.6281763906796,7,5.5,550.0,6.514156594356944,21.37307256264113,6,4.4,440.00000000000006
5.0,V2V,ns_5,ns_3,-62.3,85.3,0.29,True,2,5.881979330858e-10,5.193640412852e-10,0.882975,7.545179,8.78,D,5.888436553555896e-10,1471.3734516631423,31.67722915699808,1052392792.6525204,1052.3927926525205,7,5.5,550.0,6.514156594356944,25.163072562641137,7,5.5,550.0
5.0,V2V,ns_5,ns_4,-55.97,78.97,0.07,True,2,2.530982524202e-09,2.527626474247e-09,0.998674,753.1552,28.77,D,2.5292979964461473e-09,6320.084948641048,38.00722915699808,1262595648.7951634,1262.5956487951637,7,5.5,550.0,6.514156594356944,31.493072562641135,7,5.5,550.0
5.0,V2V,wn_0,we_0,-61.27,84.27,0.29,True,2,7.468033295526e-10,6.793178935625e-10,0.909634,10.066141,10.03,D,7.464487584100653e-10,1865.189301374476,32.70722915699807,1086587962.1496043,1086.5879621496042,7,5.5,550.0,6.514156594356944,26.193072562641124,7,5.5,550.0
5.0,V2V,wn_0,we_1,-57.12,80.12,0.12,True,2,1.939165694094e-09,1.929785653044e-09,0.995163,205.733178,23.13,D,1.940885877592779e-09,4849.789799082407,36.85722915699807,1224400394.8756382,1224.4003948756383,7,5.5,550.0,6.514156594356944,30.34307256264113,7,5.5,550.0
5.0,V2V,wn_0,we_2,-45.31,68.31,0.87,True,2,2.944283586335e-08,2.851261451038e-08,0.968406,30.65143,14.86,D,2.944421633798757e-08,73573.75396798493,48.66722915699807,1616692319.2389443,1616.6923192389445,7,5.5,550.0,6.514156594356944,42.15307256264113,7,5.5,550.0
5.0,V2V,wn_0,we_3,-51.76,74.76,0.13,True,2,6.664330415928e-09,6.65096708527e-09,0.997995,497.7028,26.97,D,6.668067692136219e-09,16661.83831118495,42.21722915699807,1402434654.668149,1402.434654668149,7,5.5,550.0,6.514156594356944,35.703072562641125,7,5.5,550.0
5.0,V2V,wn_0,we_4,-61.44,84.44,0.03,True,2,7.186024282288e-10,7.181140880597e-10,0.99932,1470.52021,31.67,D,7.177942912713613e-10,1793.5889337115475,32.53722915699807,1080943770.4637144,1080.9437704637144,7,5.5,550.0,6.514156594356944,26.02307256264113,7,5.5,550.0
5.0,V2V,wn_0,we_5,-64.73,87.73,0.13,True,2,3.362852840195e-10,3.252964771723e-10,0.967323,29.602529,14.71,D,3.3651156937549014e-10,840.8584941916295,29.247229156998067,971743394.4581206,971.7433944581206,7,5.5,550.0,6.514156594356944,22.733072562641123,6,4.4,440.00000000000006
5.0,V2V,wn_0,we_6,-67.41,90.41,0.07,True,2,1.816437925514e-10,1.785631328095e-10,0.98304,57.962627,17.63,D,1.815515662773137e-10,453.65208964845993,26.56722915699808,882861917.3473818,882.8619173473818,7,5.5,550.0,6.514156594356944,20.053072562641137,6,4.4,440.00000000000006
5.0,V2V,wn_0,wn_1,-57.29,80.29,0.07,True,2,1.865593557858e-09,1.861831007397e-09,0.997983,494.83217,26.94,D,1.8663796908346695e-09,4663.617418377485,36.68722915699807,1218754304.3929105,1218.7543043929104,7,5.5,550.0,6.514156594356944,30.173072562641128,7,5.5,550.0
5.0,V2V,wn_0,wn_2,-63.66,86.66,0.03,True,2,4.30284673266e-10,4.296661029514e-10,0.998562,694.611579,28.42,D,4.30526610491711e-10,1075.778636910822,30.31722915699808,1007250597.7203872,1007.2505977203872,7,5.5,550.0,6.514156594356944,23.803072562641137,6,4.4,440.00000000000006
5.0,V2V,wn_0,wn_3,-66.43,89.43,0.22,True,2,2.275706875726e-10,1.746185175826e-10,0.767316,3.297665,5.18,D,2.2750974307720667e-10,568.4901126366983,27.547229156998068,915352698.4168464,915.3526984168464,7,5.5,550.0,6.514156594356944,21.033072562641124,6,4.4,440.00000000000006
5.0,V2V,wn_1,we_0,-65.3,88.3,0.2,True,2,2.953931613684e-10,2.640621082412e-10,0.893934,8.428127,9.26,D,2.95120922666639e-10,737.4335898716615,28.67722915699808,952832436.9571902,952.83243695719,7,5.5,550.0,6.514156594356944,22.163072562641137,6,4.4,440.00000000000006
5.0,V2V,wn_1,we_1,-62.96,85.96,0.21,True,2,5.053496854126e-10,4.739982691866e-10,0.937961,15.118879,11.8,D,5.058246620031138e-10,1263.929690162703,31.01722915699807,1030484148.106575,1030.484148106575,7,5.5,550.0,6.514156594356944,24.50307256264113,6,4.4,440.00000000000006
5.0,V2V,wn_1,we_2,-59.24,82.24,0.1,True,2,1.190135136073e-09,1.183805497745e-09,0.994682,187.025772,22.72,D,1.1912420080273738e-09,2976.616711712578,34.73722915699807,1153994234.2242315,1153.9942342242318,7,5.5,550.0,6.514156594356944,28.223072562641125,7,5.5,550.0
5.0,V2V,wn_1,we_3,-50.7,73.7,0.43,True,2,8.50489139547e-09,8.354217700114e-09,0.982284,55.445761,17.44,D,8.51138038202376e-09,21267.81704653613,43.277229156998075,1437645217.361174,1437.6452173611738,7,5.5,550.0,6.514156594356944,36.76307256264113,7,5.5,550.0
5.0,V2V,wn_1,we_4,-53.0,76.0,0.11,True,2,5.007068853882e-09,4.998668587596e-09,0.998322,595.06073,27.75,D,5.0118723362727255e-09,12523.419131116252,40.97722915699808,1361245607.3900805,1361.2456073900803,7,5.5,550.0,6.514156594356944,34.46307256264113,7,5.5,550.0
5.0,V2V,wn_1,we_5,-60.17,83.17,0.06,True,2,9.626759860657e-10,9.603191759566e-10,0.997552,407.465655,26.1,D,9.616122783836636e-10,2402.8292813185,33.80722915699807,1123111872.4912162,1123.1118724912162,7,5.5,550.0,6.514156594356944,27.293072562641125,7,5.5,550.0
5.0,V2V,wn_1,we_6,-64.26,87.26,0.0,True,2,3.747157082596e-10,3.747157076698e-10,1.0,635320617.868646,88.03,D,3.749730022454834e-10,936.9640236019072,29.717229156998073,987338877.7796298,987.3388777796298,7,5.5,550.0,6.514156594356944,23.20307256264113,6,4.4,440.00000000000006
5.0,V2V,wn_1,wn_0,-57.29,80.29,0.07,True,2,1.8655927417e-09,1.861831007397e-09,0.997984,494.93953,26.95,D,1.8663796908346695e-09,4663.617418377485,36.68722915699807,1218754304.3929105,1218.7543043929104,7,5.5,550.0,6.514156594356944,30.173072562641128,7,5.5,550.0
5.0,V2V,wn_1,wn_2,-57.91,80.91,0.2,True,2,1.619632437685e-09,1.591398068057e-09,0.982567,56.36386,17.51,D,1.6180800376430676e-09,4043.1785048552415,36.06722915699808,1198163096.2018216,1198.1630962018216,7,5.5,550.0,6.514156594356944,29.553072562641137,7,5.5,550.0
5.0,V2V,wn_1,wn_3,-63.81,86.81,0.25,True,2,4.159993790123e-10,3.628133352052e-10,0.872149,6.821589,8.34,D,4.159106104940219e-10,1039.2568977861615,30.167229156998072,1002272413.93691,1002.27241393691,7,5.5,550.0,6.514156594356944,23.65307256264113,6,4.4,440.00000000000006
5.0,V2V,wn_2,we_0,-68.7,91.7,0.05,True,2,1.348155116294e-10,1.333298177675e-10,0.98898,89.742457,19.53,D,1.3489628825916532e-10,337.07218455563543,25.277229156998075,840118751.0784341,840.1187510784341,7,5.5,550.0,6.514156594356944,18.76307256264113,5,3.3,330.0
5.0,V2V,wn_2,we_1,-65.85,88.85,0.24,True,2,2.602067262509e-10,1.983943321806e-10,0.762449,3.209621,5.06,D,2.6001595631652776e-10,649.715033274682,28.127229156998084,934588207.4042872,934.5882074042872,7,5.5,550.0,6.514156594356944,21.61307256264114,6,4.4,440.00000000000006
5.0,V2V,wn_2,we_2,-64.61,87.61,0.08,True,2,3.460188009405e-10,3.413195832397e-10,0.986419,72.633277,18.61,D,3.4593937782612166e-10,864.4162364470807,29.36722915699807,975725037.7812028,975.7250377812028,7,5.5,550.0,6.514156594356944,22.853072562641128,6,4.4,440.00000000000006
5.0,V2V,wn_2,we_3,-61.07,84.07,0.12,True,2,7.807994849198e-10,7.716874793191e-10,0.98833,84.689092,19.28,D,7.816278045883292e-10,1953.092964988329,32.90722915699807,1093228338.909082,1093.228338909082,7,5.5,550.0,6.514156594356944,26.393072562641127,7,5.5,550.0
5.0,V2V,wn_2,we_4,-50.69,73.69,0.46,True,2,8.539820594864e-09,8.36508593507e-09,0.979539,47.873078,16.8,D,8.531001140175895e-09,21316.84442822562,43.28722915699807,1437977394.5698576,1437.9773945698576,7,5.5,550.0,6.514156594356944,36.77307256264113,7,5.5,550.0
5.0,V2V,wn_2,we_5,-47.0,70.0,0.8,True,2,1.99425939946e-08,1.926746523959e-08,0.966146,28.538949,14.55,D,1.9952623149688783e-08,49856.62955944224,46.97722915699807,1560552667.2243836,1560.5526672243836,7,5.5,550.0,6.514156594356944,40.46307256264113,7,5.5,550.0
5.0,V2V,wn_2,we_6,-58.45,81.45,0.14,True,2,1.428544732307e-09,1.414168554849e-09,0.989936,98.368886,19.93,D,1.4288939585111006e-09,3570.44967144203,35.52722915699807,1180229407.5801768,1180.229407580177,7,5.5,550.0,6.514156594356944,29.013072562641124,7,5.5,550.0
5.0,V2V,wn_2,wn_0,-63.66,86.66,0.03,True,2,4.302846508978e-10,4.296661029514e-10,0.998562,694.636698,28.42,D,4.30526610491711e-10,1075.778636910822,30.31722915699808,1007250597.7203872,1007.2505977203872,7,5.5,550.0,6.514156594356944,23.803072562641137,6,4.4,440.00000000000006
5.0,V2V,wn_2,wn_1,-57.91,80.91,0.2,True,2,1.619629020761e-09,1.591398068057e-09,0.982569,56.370682,17.51,D,1.6180800376430676e-09,4043.1785048552415,36.06722915699808,1198163096.2018216,1198.1630962018216,7,5.5,550.0,6.514156594356944,29.553072562641137,7,5.5,550.0
5.0,V2V,wn_2,wn_3,-58.65,81.65,0.22,True,2,1.363617513747e-09,1.32883781173e-09,0.974495,38.20728,15.82,D,1.3645831365889239e-09,3409.7529649898142,35.32722915699807,1173587455.1460254,1173.5874551460254,7,5.5,550.0,6.514156594356944,28.81307256264113,7,5.5,550.0
5.0,V2V,wn_3,we_0,-70.68,93.68,0.1,True,2,8.544868032214001e-11,7.689997164170001e-11,0.899955,8.995507,9.54,D,8.550667128846822e-11,213.65984829702205,23.29722915699807,774590855.2932445,774.5908552932444,6,4.4,440.00000000000006,6.514156594356944,16.783072562641127,5,3.3,330.0
5.0,V2V,wn_3,we_1,-69.69,92.69,0.08,True,2,1.074834551649e-10,1.032214837153e-10,0.960348,24.219187,13.84,D,1.0739894123412462e-10,268.36317149956176,24.28722915699808,807340880.2538493,807.3408802538493,6,4.4,440.00000000000006,6.514156594356944,17.773072562641136,5,3.3,330.0
5.0,V2V,wn_3,we_2,-66.88,89.88,0.21,True,2,2.051002489523e-10,1.503357465554e-10,0.732987,2.745131,4.39,D,2.0511621788255668e-10,512.5342775676078,27.097229156998075,900431676.7051092,900.4316767051092,7,5.5,550.0,6.514156594356944,20.58307256264113,6,4.4,440.00000000000006
5.0,V2V,wn_3,we_3,-65.72,88.72,0.16,True,2,2.679809857739e-10,2.485597924406e-10,0.927528,12.798379,11.07,D,2.679168324819031e-10,669.4573525284935,28.257229156998072,938900175.5681552,938.9001755681552,7,5.5,550.0,6.514156594356944,21.743072562641128,6,4.4,440.00000000000006
5.0,V2V,wn_3,we_4,-61.26,84.26,0.29,True,2,7.474041434195e-10,6.795167286725e-10,0.909169,10.009465,10.0,D,7.481695005111552e-10,1869.4890067745007,32.71722915699808,1086919977.1578083,1086.9199771578085,7,5.5,550.0,6.514156594356944,26.203072562641136,7,5.5,550.0
5.0,V2V,wn_3,we_5,-56.12,79.12,0.07,True,2,2.446197043619e-09,2.443001223617e-09,0.998694,764.436427,28.83,D,2.443430552693971e-09,6105.523619924965,37.85722915699807,1257613558.7190769,1257.6135587190768,7,5.5,550.0,6.514156594356944,31.34307256264113,7,5.5,550.0
5.0,V2V,wn_3,we_6,-28.49,51.49,0.29,True,2,1.414646020593e-06,1.413198411765e-06,0.998977,976.229479,29.9,D,1.4157937799570825e-06,3537715.5920966575,65.48722915699807,2175438704.709995,2175.438704709995,7,5.5,550.0,6.514156594356944,58.97307256264112,7,5.5,550.0
5.0,V2V,wn_3,wn_0,-66.43,89.43,0.22,True,2,2.275673260276e-10,1.746185175826e-10,0.767327,3.297874,5.18,D,2.2750974307720667e-10,568.4901126366983,27.547229156998068,915352698.4168464,915.3526984168464,7,5.5,550.0,6.514156594356944,21.033072562641124,6,4.4,440.00000000000006
5.0,V2V,wn_3,wn_1,-63.81,86.81,0.25,True,2,4.159957959487e-10,3.628133352052e-10,0.872156,6.822049,8.34,D,4.159106104940219e-10,1039.2568977861615,30.167229156998072,1002272413.93691,1002.27241393691,7,5.5,550.0,6.514156594356944,23.65307256264113,6,4.4,440.00000000000006
5.0,V2V,wn_3,wn_2,-58.65,81.65,0.22,True,2,1.363613346428e-09,1.32883781173e-09,0.974498,38.211859,15.82,D,1.3645831365889239e-09,3409.7529649898142,35.32722915699807,1173587455.1460254,1173.5874551460254,7,5.5,550.0,6.514156594356944,28.81307256264113,7,5.5,550.0
5.0,V2V,se_0,sn_0,-62.28,85.28,0.29,True,2,5.920726758032e-10,5.223886121674e-10,0.882305,7.496529,8.75,D,5.915616341754741e-10,1478.1650029372167,31.697229156998077,1053056728.0737616,1053.0567280737616,7,5.5,550.0,6.514156594356944,25.183072562641133,7,5.5,550.0
5.0,V2V,se_0,sn_1,-58.58,81.58,0.0,True,2,1.386067275608e-09,1.386065374083e-09,0.999999,728922.964152,58.63,D,1.3867558288718895e-09,3465.156993682882,35.39722915699808,1175912128.5056975,1175.9121285056976,7,5.5,550.0,6.514156594356944,28.883072562641136,7,5.5,550.0
5.0,V2V,se_0,sn_2,-48.72,71.72,0.54,True,2,1.342774464964e-08,1.315704185632e-08,0.97984,48.603273,16.87,D,1.342764961137864e-08,33552.347854519336,45.25722915699808,1503416910.1031432,1503.4169101031432,7,5.5,550.0,6.514156594356944,38.74307256264113,7,5.5,550.0
5.0,V2V,se_0,sn_3,-50.6,73.6,0.21,True,2,8.709434851843e-09,8.673747493909e-09,0.995902,243.048183,23.86,D,8.709635899560797e-09,21763.208144829572,43.37722915699807,1440966991.0527112,1440.9669910527111,7,5.5,550.0,6.514156594356944,36.86307256264112,7,5.5,550.0
5.0,V2V,se_0,sn_4,-61.12,84.12,0.1,True,2,7.721649703111e-10,7.659115143122e-10,0.991901,122.478117,20.88,D,7.72680585095702e-10,1930.736094691909,32.85722915699807,1091568229.763224,1091.5682297632238,7,5.5,550.0,6.514156594356944,26.34307256264113,7,5.5,550.0
5.0,V2V,se_0,sn_5,-64.87,87.87,0.06,True,2,3.261316454477e-10,3.240739602331e-10,0.993691,157.49443,21.97,D,3.2583670100200866e-10,814.1846601749343,29.107229156998073,967098309.3464696,967.0983093464696,7,5.5,550.0,6.514156594356944,22.59307256264113,6,4.4,440.00000000000006
5.0,V2V,se_0,se_1,-57.36,80.36,0.12,True,2,1.835143624793e-09,1.824412082744e-09,0.994152,170.004653,22.3,D,1.836538343348347e-09,4589.0513327045155,36.61722915699808,1216429457.2729084,1216.4294572729084,7,5.5,550.0,6.514156594356944,30.103072562641135,7,5.5,550.0
5.0,V2V,se_0,se_2,-63.06,86.06,0.28,True,2,4.939387935328e-10,4.213645155935e-10,0.85307,5.805976,7.64,D,4.943106869868354e-10,1235.1591378981393,30.917229156998076,1027164876.631681,1027.164876631681,7,5.5,550.0,6.514156594356944,24.403072562641132,6,4.4,440.00000000000006
5.0,V2V,se_1,sn_0,-65.89,88.89,0.2,True,2,2.57568697047e-10,2.217003722491e-10,0.860743,6.180951,7.91,D,2.576321157002573e-10,643.7584100456203,28.08722915699807,933261487.6016402,933.2614876016402,7,5.5,550.0,6.514156594356944,21.573072562641126,6,4.4,440.00000000000006
5.0,V2V,se_1,sn_1,-63.84,86.84,0.16,True,2,4.133929702064e-10,3.957718939127e-10,0.957375,22.460143,13.51,D,4.13047501990161e-10,1032.1027036235903,30.13722915699807,1001276796.833572,1001.276796833572,7,5.5,550.0,6.514156594356944,23.623072562641127,6,4.4,440.00000000000006
5.0,V2V,se_1,sn_2,-60.0,83.0,0.2,True,2,9.991755985966e-10,9.698140841001e-10,0.970614,33.030111,15.19,D,9.999999999999999e-10,2498.7506246876555,33.97722915699808,1128756846.3360925,1128.7568463360924,7,5.5,550.0,6.514156594356944,27.463072562641138,7,5.5,550.0
5.0,V2V,se_1,sn_3,-52.03,75.03,0.27,True,2,6.260576172057e-09,6.202040647497e-09,0.99065,105.953448,20.25,D,6.266138646723351e-09,15657.517857879431,41.94722915699807,1393466004.171337,1393.4660041713369,7,5.5,550.0,6.514156594356944,35.43307256264113,7,5.5,550.0
5.0,V2V,se_1,sn_4,-52.09,75.09,0.05,True,2,6.178607607172e-09,6.176479880193e-09,0.999656,2902.853582,34.63,D,6.180164001384151e-09,15442.68865913081,41.88722915699807,1391472975.4866776,1391.4729754866776,7,5.5,550.0,6.514156594356944,35.37307256264113,7,5.5,550.0
5.0,V2V,se_1,sn_5,-60.05,83.05,0.17,True,2,9.883227868736e-10,9.682299601718e-10,0.97967,48.187842,16.83,D,9.885530946569391e-10,2470.147662810942,33.927229156998074,1127096550.5786128,1127.0965505786128,7,5.5,550.0,6.514156594356944,27.41307256264113,7,5.5,550.0
5.0,V2V,se_1,se_0,-57.36,80.36,0.12,True,2,1.835141688582e-09,1.824412082744e-09,0.994153,170.035331,22.31,D,1.836538343348347e-09,4589.0513327045155,36.61722915699808,1216429457.2729084,1216.4294572729084,7,5.5,550.0,6.514156594356944,30.103072562641135,7,5.5,550.0
5.0,V2V,se_1,se_2,-58.02,81.02,0.15,True,2,1.578194369252e-09,1.561794320185e-09,0.989608,95.231076,19.79,D,1.5776112696993471e-09,3942.057145675529,35.95722915699807,1194509890.3853765,1194.5098903853764,7,5.5,550.0,6.514156594356944,29.443072562641124,7,5.5,550.0
5.0,V2V,se_2,sn_0,-68.13,91.13,0.18,True,2,1.538859174273e-10,1.169673784079e-10,0.760092,3.168256,5.01,D,1.5381546403030357e-10,384.3464868323427,25.847229156998075,859001242.7879645,859.0012427879644,7,5.5,550.0,6.514156594356944,19.33307256264113,5,3.3,330.0
5.0,V2V,se_2,sn_1,-66.52,89.52,0.21,True,2,2.227860903669e-10,1.751154835222e-10,0.786025,3.673448,5.65,D,2.2284351492703075e-10,556.830372131511,27.45722915699808,912368267.6544358,912.3682676544356,7,5.5,550.0,6.514156594356944,20.943072562641134,6,4.4,440.00000000000006
5.0,V2V,se_2,sn_2,-64.8,87.8,0.19,True,2,3.313716141463e-10,3.033870898271e-10,0.915549,10.841245,10.35,D,3.3113112148259143e-10,827.4140966581494,29.17722915699808,969420829.3074543,969.4208293074544,7,5.5,550.0,6.514156594356944,22.663072562641137,6,4.4,440.00000000000006
5.0,V2V,se_2,sn_3,-61.59,84.59,0.01,True,2,6.927339471342e-10,6.927174660505e-10,0.999976,42031.062806,46.24,D,6.934258060165678e-10,1732.6981659584403,32.38722915699807,1075963703.4214518,1075.9637034214518,7,5.5,550.0,6.514156594356944,25.873072562641124,7,5.5,550.0
5.0,V2V,se_2,sn_4,-51.94,74.94,0.32,True,2,6.393482235788e-09,6.311238337973e-09,0.987136,76.738074,18.85,D,6.397348354826482e-09,15985.37819796722,42.03722915699807,1396455550.4879203,1396.4555504879204,7,5.5,550.0,6.514156594356944,35.52307256264113,7,5.5,550.0
5.0,V2V,se_2,sn_5,-46.58,69.58,0.72,True,2,2.196559277629e-08,2.140650854205e-08,0.974547,38.288521,15.83,D,2.1978598727848273e-08,54919.037300970194,47.39722915699808,1574504498.4894376,1574.5044984894375,7,5.5,550.0,6.514156594356944,40.88307256264113,7,5.5,550.0
5.0,V2V,se_2,se_0,-63.06,86.06,0.28,True,2,4.939342634771e-10,4.213645155935e-10,0.853078,5.806338,7.64,D,4.943106869868354e-10,1235.1591378981393,30.917229156998076,1027164876.631681,1027.164876631681,7,5.5,550.0,6.514156594356944,24.403072562641132,6,4.4,440.00000000000006
5.0,V2V,se_2,se_1,-58.02,81.02,0.15,True,2,1.578192954302e-09,1.561794320185e-09,0.989609,95.239293,19.79,D,1.5776112696993471e-09,3942.057145675529,35.95722915699807,1194509890.3853765,1194.5098903853764,7,5.5,550.0,6.514156594356944,29.443072562641124,7,5.5,550.0
6.0,V2I,BS_1,we_0,-95.53,125.53,955.14,False,1,2.799822513882e-13,2.799822513882e-13,1.0,inf,inf,D,2.798981319634358e-13,0.699395632092543,-1.552770843001935,76502176.18877864,76.50217618877863,1,0.38,38.0,6.514156594356944,-8.066927437358878,0,0.15,15.0
6.0,V2I,BS_1,we_1,-95.68,125.68,972.15,False,1,2.7026823505699997e-13,2.7026823505699997e-13,1.0,inf,inf,D,2.703958364108836e-13,0.6756517651446364,-1.70277084300194,74472235.85244611,74.4722358524461,1,0.38,38.0,6.514156594356944,-8.216927437358883,0,0.15,15.0
6.0,V2I,BS_1,we_2,-95.85,125.85,990.69,False,1,2.602501552237e-13,2.602501552237e-13,1.0,inf,inf,D,2.6001595631652783e-13,0.649715033274682,-1.8727708430019163,72221683.92667261,72.22168392667261,1,0.38,38.0,6.514156594356944,-8.38692743735886,0,0.15,15.0
6.0,V2I,BS_1,we_3,-96.02,126.02,1010.76,False,1,2.500182043742e-13,2.500182043742e-13,1.0,inf,inf,D,2.50034536169643e-13,0.6247739534473836,-2.0427708430019296,70023901.72642513,70.02390172642512,1,0.38,38.0,6.514156594356944,-8.556927437358873,0,0.15,15.0
6.0,V2I,BS_1,we_4,-96.29,126.29,1042.66,False,1,2.3495184895539996e-13,2.3495184895539996e-13,1.0,inf,inf,D,2.349632820848301e-13,0.587114647888131,-2.3127708430019394,66640634.74329989,66.64063474329988,1,0.38,38.0,6.514156594356944,-8.826927437358883,0,0.15,15.0
6.0,V2I,BS_1,we_5,-96.46,126.46,1062.92,False,1,2.2607925682400002e-13,2.2607925682400002e-13,1.0,inf,inf,D,2.259435770220983e-13,0.5645766542281315,-2.4827708430019166,64577234.31206539,64.57723431206539,1,0.38,38.0,6.514156594356944,-8.99692743735886,0,0.15,15.0
6.0,V2I,BS_1,we_6,-96.63,126.63,1084.73,False,1,2.170786548374e-13,2.170786548374e-13,1.0,inf,inf,D,2.1727011788637433e-13,0.5429038427945385,-2.652770843001929,62564815.274065234,62.56481527406523,1,0.38,38.0,6.514156594356944,-9.166927437358872,0,0.15,15.0
6.0,V2I,BS_1,we_7,-96.82,126.82,1108.11,False,1,2.0801822410489997e-13,2.0801822410489997e-13,1.0,inf,inf,D,2.079696687103702e-13,0.5196643396061223,-2.8427708430019134,60375269.92856823,60.37526992856823,1,0.38,38.0,6.514156594356944,-9.356927437358856,0,0.15,15.0
6.0,V2I,BS_1,sn_0,-95.48,125.48,950.21,False,1,2.8289581339459996e-13,2.8289581339459996e-13,1.0,inf,inf,D,2.831391995799379e-13,0.7074942518239327,-1.5027708430019269,77188072.17779922,77.18807217779923,1,0.38,38.0,6.514156594356944,-8.01692743735887,0,0.15,15.0
6.0,V2I,BS_1,sn_1,-95.65,125.65,968.79,False,1,2.72149811227e-13,2.72149811227e-13,1.0,inf,inf,D,2.722701308077905e-13,0.6803351594397562,-1.6727708430019388,74874902.14776874,74.87490214776874,1,0.38,38.0,6.514156594356944,-8.186927437358882,0,0.15,15.0
6.0,V2I,BS_1,sn_2,-95.83,125.83,988.9,False,1,2.611909987684e-13,2.611909987684e-13,1.0,inf,inf,D,2.6121613543992053e-13,0.6527139816089966,-1.8527708430019292,72483707.36818211,72.48370736818211,1,0.38,38.0,6.514156594356944,-8.366927437358873,0,0.15,15.0
6.0,V2I,BS_1,sn_3,-96.02,126.02,1010.57,False,1,2.5011220120309996e-13,2.5011220120309996e-13,1.0,inf,inf,D,2.50034536169643e-13,0.6247739534473836,-2.0427708430019296,70023901.72642513,70.02390172642512,1,0.38,38.0,6.514156594356944,-8.556927437358873,0,0.15,15.0
6.0,V2I,BS_1,sn_4,-96.29,126.29,1043.02,False,1,2.347883305215e-13,2.347883305215e-13,1.0,inf,inf,D,2.349632820848301e-13,0.587114647888131,-2.3127708430019394,66640634.74329989,66.64063474329988,1,0.38,38.0,6.514156594356944,-8.826927437358883,0,0.15,15.0
6.0,V2I,BS_1,sn_5,-96.47,126.47,1064.89,False,1,2.2524356397e-13,2.2524356397e-13,1.0,inf,inf,D,2.2542392121524281e-13,0.5632781639561288,-2.4927708430019293,64457450.901864536,64.45745090186453,1,0.38,38.0,6.514156594356944,-9.006927437358874,0,0.15,15.0
6.0,V2I,BS_1,sn_6,-96.66,126.66,1088.32,False,1,2.1564886420289997e-13,2.1564886420289997e-13,1.0,inf,inf,D,2.1577444091526647e-13,0.5391665190286518,-2.68277084300193,62214932.21021661,62.21493221021661,1,0.38,38.0,6.514156594356944,-9.196927437358871,0,0.15,15.0
6.0,V2I,BS_1,sn_7,-96.86,126.86,1113.33,False,1,2.060711806265e-13,2.060711806265e-13,1.0,inf,inf,D,2.0606299132700007e-13,0.5149000283033484,-2.882770843001926,59922259.01141518,59.922259011415186,1,0.38,38.0,6.514156594356944,-9.396927437358867,0,0.15,15.0
6.0,V2I,BS_1,ew_0,-73.13,103.13,0.04,True,2,4.8601475606890005e-11,4.8569918920100006e-11,0.999351,1539.132395,31.87,D,4.8640720569146184e-11,121.54103090741177,20.847229156998075,693712108.329053,693.7121083290531,6,4.4,440.00000000000006,6.514156594356944,14.333072562641131,4,2.4,240.0
6.0,V2I,BS_1,ew_1,-73.22,103.22,0.07,True,2,4.7652529017450006e-11,4.756571525544e-11,0.998178,547.905242,27.39,D,4.764309868054156e-11,119.04822259005888,20.757229156998072,690747023.324734,690.747023324734,6,4.4,440.00000000000006,6.514156594356944,14.243072562641128,4,2.4,240.0
6.0,V2I,BS_1,ew_2,-73.16,103.16,0.32,True,2,4.833564668308e-11,4.629784403076e-11,0.957841,22.719493,13.56,D,4.830588020397728e-11,120.70434833577532,20.81722915699807,692723690.4337369,692.7236904337369,6,4.4,440.00000000000006,6.514156594356944,14.30307256264113,4,2.4,240.0
6.0,V2I,BS_1,ew_3,-73.0,103.0,0.49,True,2,5.013702647494e-11,4.476073331428e-11,0.892768,8.325575,9.2,D,5.0118723362727245e-11,125.23419131116252,20.97722915699808,697995891.5896336,697.9958915896336,6,4.4,440.00000000000006,6.514156594356944,14.463072562641134,4,2.4,240.0
6.0,V2I,BS_1,ew_4,-73.64,103.64,0.23,True,2,4.3291760909620006e-11,4.2280477730030006e-11,0.97664,41.808742,16.21,D,4.325138310350088e-11,108.07442054847796,20.337229156998077,676916899.927591,676.916899927591,6,4.4,440.00000000000006,6.514156594356944,13.823072562641132,4,2.4,240.0
6.0,V2I,BS_1,ew_5,-73.92,103.92,0.08,True,2,4.0596957856500005e-11,4.047783289107e-11,0.997066,339.793029,25.31,D,4.055085354483835e-11,101.32647062678248,20.05722915699807,667703559.0987384,667.7035590987384,6,4.4,440.00000000000006,6.514156594356944,13.543072562641123,4,2.4,240.0
6.0,V2I,BS_1,ew_6,-74.14,104.14,0.03,True,2,3.852053841138e-11,3.8501268145860006e-11,0.9995,1997.962514,33.01,D,3.8547835766577195e-11,96.32142870209196,19.83722915699807,660468559.4431003,660.4685594431004,5,3.3,330.0,6.514156594356944,13.32307256264113,4,2.4,240.0
6.0,V2I,BS_1,ns_0,-72.95,102.95,0.45,True,2,5.069304611499e-11,4.6174810502950006e-11,0.910871,10.219655,10.09,D,5.0699070827470445e-11,126.68433490122548,21.027229156998075,699643772.697972,699.643772697972,6,4.4,440.00000000000006,6.514156594356944,14.513072562641131,4,2.4,240.0
6.0,V2I,BS_1,ns_1,-73.1,103.1,0.42,True,2,4.894412306e-11,4.517733409592e-11,0.923039,11.993593,10.79,D,4.8977881936844664e-11,122.38351308556886,20.877229156998077,694700581.9442174,694.7005819442174,6,4.4,440.00000000000006,6.514156594356944,14.363072562641133,4,2.4,240.0
6.0,V2I,BS_1,ns_2,-72.92,102.92,0.54,True,2,5.1092497420360006e-11,4.391351865474e-11,0.859491,6.116959,7.87,D,5.105049999754065e-11,127.56246875947188,21.057229156998076,700632572.7951784,700.6325727951784,6,4.4,440.00000000000006,6.514156594356944,14.543072562641132,4,2.4,240.0
6.0,V2I,BS_1,ns_3,-73.72,103.72,0.05,True,2,4.2422003261010005e-11,4.238199721729e-11,0.999057,1059.389864,30.25,D,4.2461956394631294e-11,106.10184006654497,20.257229156998076,674283945.634352,674.283945634352,6,4.4,440.00000000000006,6.514156594356944,13.743072562641132,4,2.4,240.0
6.0,V2I,BS_1,ns_4,-73.32,103.32,0.51,True,2,4.655470974002e-11,4.004926945633e-11,0.860262,6.156273,7.89,D,4.6558609352296007e-11,116.3383542036382,20.657229156998085,687453085.1692097,687.4530851692098,6,4.4,440.00000000000006,6.514156594356944,14.14307256264114,4,2.4,240.0
6.0,V2I,BS_1,ns_5,-73.73,103.73,0.43,True,2,4.234461999791e-11,3.825753255859e-11,0.90348,9.360586,9.71,D,4.236429660495409e-11,105.85781260608216,20.24722915699807,673954858.0187141,673.954858018714,6,4.4,440.00000000000006,6.514156594356944,13.73307256264113,4,2.4,240.0
6.0,V2I,BS_1,ns_6,-73.74,103.74,0.49,True,2,4.228018542912e-11,3.630344636019e-11,0.85864,6.074123,7.83,D,4.226686142656033e-11,105.6143463932042,20.237229156998076,673625777.494223,673.625777494223,6,4.4,440.00000000000006,6.514156594356944,13.723072562641132,4,2.4,240.0
6.0,V2I,BS_1,wn_0,-95.94,125.94,1001.92,False,1,2.5444600352479996e-13,2.5444600352479996e-13,1.0,inf,inf,D,2.5468302525850445e-13,0.6363893684620301,-1.96277084300192,71051606.92532074,71.05160692532074,1,0.38,38.0,6.514156594356944,-8.476927437358864,0,0.15,15.0
6.0,V2I,BS_1,wn_1,-96.17,126.17,1028.01,False,1,2.416975916123e-13,2.416975916123e-13,1.0,inf,inf,D,2.4154608344449353e-13,0.6035634268977849,-2.1927708430019353,68128141.8862924,68.1281418862924,1,0.38,38.0,6.514156594356944,-8.706927437358878,0,0.15,15.0
6.0,V2I,BS_1,wn_2,-96.4,126.4,1056.44,False,1,2.2886457034389995e-13,2.2886457034389995e-13,1.0,inf,inf,D,2.29086765276777e-13,0.5724306978430209,-2.422770843001932,65299643.42228931,65.29964342228931,1,0.38,38.0,6.514156594356944,-8.936927437358875,0,0.15,15.0
6.0,V2I,BS_1,wn_3,-96.68,126.68,1090.56,False,1,2.147643735789e-13,2.147643735789e-13,1.0,inf,inf,D,2.147830474130529e-13,0.5366892738956843,-2.7027708430019364,61982547.45086924,61.98254745086924,1,0.38,38.0,6.514156594356944,-9.21692743735888,0,0.15,15.0
6.0,V2I,BS_1,se_0,-95.98,125.98,1005.82,False,1,2.524793770649e-13,2.524793770649e-13,1.0,inf,inf,D,2.5234807724805706e-13,0.6305549156623114,-2.002770843001934,70536303.06107746,70.53630306107746,1,0.38,38.0,6.514156594356944,-8.516927437358877,0,0.15,15.0
6.0,V2I,BS_1,se_1,-96.2,126.2,1032.12,False,1,2.3977560101589997e-13,2.3977560101589997e-13,1.0,inf,inf,D,2.398832919019485e-13,0.5994085254921252,-2.222770843001936,67753848.31740229,67.75384831740229,1,0.38,38.0,6.514156594356944,-8.73692743735888,0,0.15,15.0
6.0,V2I,BS_1,se_2,-96.44,126.44,1060.75,False,1,2.2700446503590003e-13,2.2700446503590003e-13,1.0,inf,inf,D,2.2698648518838215e-13,0.5671826216601252,-2.4627708430019273,64817330.48979715,64.81733048979716,1,0.38,38.0,6.514156594356944,-8.97692743735887,0,0.15,15.0
6.0,V2I,BS_1,se_3,-96.71,126.71,1094.26,False,1,2.133159932322e-13,2.133159932322e-13,1.0,inf,inf,D,2.1330449131465798e-13,0.5329947309211842,-2.73277084300192,61635273.829679385,61.635273829679385,1,0.38,38.0,6.514156594356944,-9.246927437358863,0,0.15,15.0
6.0,V2V,we_0,we_1,-53.4,76.4,0.15,True,2,4.569835387719e-09,4.553521434631e-09,0.99643,279.118213,24.46,D,4.570881896148752e-09,11421.49399337519,40.57722915699807,1347959006.344139,1347.9590063441392,7,5.5,550.0,6.514156594356944,34.063072562641125,7,5.5,550.0
6.0,V2V,we_0,we_2,-59.74,82.74,0.14,True,2,1.060662250926e-09,1.047348612432e-09,0.987448,78.667346,18.96,D,1.061695557198724e-09,2652.9124367784207,34.23722915699807,1137390505.585643,1137.390505585643,7,5.5,550.0,6.514156594356944,27.723072562641125,7,5.5,550.0
6.0,V2V,we_0,we_3,-63.66,86.66,0.03,True,2,4.302324208318e-10,4.296948117641e-10,0.99875,799.270023,29.03,D,4.30526610491711e-10,1075.778636910822,30.31722915699808,1007250597.7203872,1007.2505977203872,7,5.5,550.0,6.514156594356944,23.803072562641137,6,4.4,440.00000000000006
6.0,V2V,we_0,we_4,-66.43,89.43,0.22,True,2,2.274112329347e-10,1.74630623575e-10,0.767907,3.308613,5.2,D,2.2750974307720667e-10,568.4901126366983,27.547229156998068,915352698.4168464,915.3526984168464,7,5.5,550.0,6.514156594356944,21.033072562641124,6,4.4,440.00000000000006
6.0,V2V,we_0,we_5,-68.79,91.79,0.14,True,2,1.319943249495e-10,1.155843933831e-10,0.875677,7.043563,8.48,D,1.3212956341865738e-10,330.15882913207736,25.18722915699807,837137951.2675207,837.1379512675206,7,5.5,550.0,6.514156594356944,18.673072562641128,5,3.3,330.0
6.0,V2V,we_0,we_6,-69.97,92.97,0.14,True,2,1.006844033139e-10,8.026691615917001e-11,0.797213,3.931283,5.95,D,1.0069316688518043e-10,251.607113656123,24.007229156998076,798075145.7134174,798.0751457134174,6,4.4,440.00000000000006,6.514156594356944,17.49307256264113,5,3.3,330.0
6.0,V2V,we_0,we_7,-71.17,94.17,0.13,True,2,7.635313632365e-11,5.784568236143e-11,0.757607,3.125534,4.95,D,7.638357835776907e-11,190.86351413735397,22.807229156998076,758393657.6254586,758.3936576254586,6,4.4,440.00000000000006,6.514156594356944,16.293072562641132,5,3.3,330.0
6.0,V2V,we_0,wn_0,-62.18,85.18,0.13,True,2,6.059574363628e-10,5.949413197314e-10,0.98182,54.006447,17.32,D,6.053408747539135e-10,1512.5958889403137,31.797229156998075,1056376435.9970613,1056.3764359970612,7,5.5,550.0,6.514156594356944,25.28307256264113,7,5.5,550.0
6.0,V2V,we_0,wn_1,-65.63,88.63,0.18,True,2,2.737195695143e-10,2.489455671107e-10,0.909491,10.048662,10.02,D,2.735268726306714e-10,683.475443854751,28.347229156998075,941885497.4260888,941.8854974260888,7,5.5,550.0,6.514156594356944,21.83307256264113,6,4.4,440.00000000000006
6.0,V2V,we_0,wn_2,-67.65,90.65,0.19,True,2,1.717773115039e-10,1.301493863869e-10,0.757663,3.126492,4.95,D,1.717908387157586e-10,429.2624655566181,26.32722915699807,874907318.038116,874.9073180381159,7,5.5,550.0,6.514156594356944,19.813072562641125,5,3.3,330.0
6.0,V2V,we_0,wn_3,-69.7,92.7,0.16,True,2,1.070451470088e-10,7.347478434205e-11,0.686391,2.18868,3.4,D,1.0715193052376048e-10,267.7459533327348,24.277229156998068,807009922.1125197,807.0099221125197,6,4.4,440.00000000000006,6.514156594356944,17.763072562641124,5,3.3,330.0
6.0,V2V,we_1,we_0,-53.4,76.4,0.15,True,2,4.569834692704e-09,4.553521434631e-09,0.99643,279.130105,24.46,D,4.570881896148752e-09,11421.49399337519,40.57722915699807,1347959006.344139,1347.9590063441392,7,5.5,550.0,6.514156594356944,34.063072562641125,7,5.5,550.0
6.0,V2V,we_1,we_2,-54.12,77.12,0.1,True,2,3.874318871275e-09,3.867259242576e-09,0.998178,547.799241,27.39,D,3.872576449216173e-09,9676.602821629616,39.85722915699807,1324043401.5463538,1324.0434015463538,7,5.5,550.0,6.514156594356944,33.343072562641126,7,5.5,550.0
6.0,V2V,we_1,we_3,-60.27,83.27,0.25,True,2,9.390677210535e-10,8.952230065333e-10,0.95331,20.418037,13.1,D,9.397233105646374e-10,2348.1342093069397,33.707229156998075,1119791342.3542414,1119.7913423542414,7,5.5,550.0,6.514156594356944,27.19307256264113,7,5.5,550.0
6.0,V2V,we_1,we_4,-64.86,87.86,0.24,True,2,3.266487707928e-10,2.700401203779e-10,0.826699,4.770298,6.79,D,3.26587832172336e-10,816.0615496560118,29.11722915699808,967430095.1179756,967.4300951179756,7,5.5,550.0,6.514156594356944,22.603072562641135,6,4.4,440.00000000000006
6.0,V2V,we_1,we_5,-66.86,89.86,0.2,True,2,2.06042381472e-10,1.635459427784e-10,0.793749,3.848462,5.85,D,2.0606299132700007e-10,514.9000283033484,27.117229156998075,901094771.5414563,901.0947715414565,7,5.5,550.0,6.514156594356944,20.60307256264113,6,4.4,440.00000000000006
6.0,V2V,we_1,we_6,-68.75,91.75,0.16,True,2,1.332675018118e-10,1.067250332254e-10,0.800833,4.020916,6.04,D,1.3335214321633238e-10,333.21375116524837,25.22722915699807,838462728.3825454,838.4627283825454,7,5.5,550.0,6.514156594356944,18.71307256264113,5,3.3,330.0
6.0,V2V,we_1,we_7,-69.7,92.7,0.16,True,2,1.070451248569e-10,7.347501139863e-11,0.686393,2.188703,3.4,D,1.0715193052376048e-10,267.7459533327348,24.277229156998068,807009922.1125197,807.0099221125197,6,4.4,440.00000000000006,6.514156594356944,17.763072562641124,5,3.3,330.0
6.0,V2V,we_1,wn_0,-58.36,81.36,0.0,True,2,1.458625952622e-09,1.458611037355e-09,0.99999,97793.154403,49.9,D,1.4588142602753475e-09,3645.2130441662857,35.61722915699807,1183218314.3565938,1183.2183143565935,7,5.5,550.0,6.514156594356944,29.103072562641128,7,5.5,550.0
6.0,V2V,we_1,wn_1,-63.21,86.21,0.25,True,2,4.771264055599e-10,4.240551250099e-10,0.888769,7.990294,9.03,D,4.775292736576912e-10,1193.2265708587984,30.767229156998077,1022186085.7985908,1022.1860857985909,7,5.5,550.0,6.514156594356944,24.253072562641133,6,4.4,440.00000000000006
6.0,V2V,we_1,wn_2,-66.52,89.52,0.19,True,2,2.226066796707e-10,1.884962380037e-10,0.846768,5.526057,7.42,D,2.2284351492703075e-10,556.830372131511,27.45722915699808,912368267.6544358,912.3682676544356,7,5.5,550.0,6.514156594356944,20.943072562641134,6,4.4,440.00000000000006
6.0,V2V,we_1,wn_3,-69.77,92.77,0.11,True,2,1.054273681724e-10,9.641314227344e-11,0.914498,10.695665,10.29,D,1.0543868963912601e-10,263.46499160201404,24.20722915699808,804693294.8844094,804.6932948844094,6,4.4,440.00000000000006,6.514156594356944,17.693072562641138,5,3.3,330.0
6.0,V2V,we_2,we_0,-59.74,82.74,0.14,True,2,1.060661321932e-09,1.047348612432e-09,0.987449,78.672836,18.96,D,1.061695557198724e-09,2652.9124367784207,34.23722915699807,1137390505.585643,1137.390505585643,7,5.5,550.0,6.514156594356944,27.723072562641125,7,5.5,550.0
6.0,V2V,we_2,we_1,-54.12,77.12,0.1,True,2,3.874318298095e-09,3.867259242576e-09,0.998178,547.843721,27.39,D,3.872576449216173e-09,9676.602821629616,39.85722915699807,1324043401.5463538,1324.0434015463538,7,5.5,550.0,6.514156594356944,33.343072562641126,7,5.5,550.0
6.0,V2V,we_2,we_3,-54.78,77.78,0.02,True,2,3.325402184363e-09,3.325192555781e-09,0.999937,15862.30518,42.0,D,3.326595532940047e-09,8312.332666017108,39.19722915699808,1302121122.818988,1302.1211228189882,7,5.5,550.0,6.514156594356944,32.68307256264113,7,5.5,550.0
6.0,V2V,we_2,we_4,-62.44,85.44,0.29,True,2,5.697888943068e-10,4.98845303509e-10,0.875491,7.031577,8.47,D,5.701642722807478e-10,1424.6983315361013,31.537229156998077,1047745303.387867,1047.745303387867,7,5.5,550.0,6.514156594356944,25.023072562641133,7,5.5,550.0
6.0,V2V,we_2,we_5,-65.77,88.77,0.09,True,2,2.645994490637e-10,2.591854423606e-10,0.979539,47.873129,16.8,D,2.648500138606701e-10,661.7941375828838,28.207229156998075,937241703.1746424,937.2417031746425,7,5.5,550.0,6.514156594356944,21.69307256264113,6,4.4,440.00000000000006
6.0,V2V,we_2,we_6,-67.6,90.6,0.16,True,2,1.737427645007e-10,1.534839691292e-10,0.883398,7.576165,8.79,D,1.7378008287493763e-10,434.23309064202306,26.377229156998077,876564443.8206458,876.5644438206458,7,5.5,550.0,6.514156594356944,19.863072562641133,5,3.3,330.0
6.0,V2V,we_2,we_7,-68.54,91.54,0.18,True,2,1.400598219197e-10,9.884657965232e-11,0.705745,2.398418,3.8,D,1.3995873225726149e-10,349.72196965832455,25.437229156998065,845418399.53993,845.41839953993,7,5.5,550.0,6.514156594356944,18.92307256264112,5,3.3,330.0
6.0,V2V,we_2,wn_0,-50.1,73.1,0.09,True,2,9.761313312995e-09,9.755248871909e-09,0.999379,1608.598176,32.06,D,9.772372209558113e-09,24418.721163313618,43.87722915699808,1457575910.6549568,1457.5759106549567,7,5.5,550.0,6.514156594356944,37.363072562641136,7,5.5,550.0
6.0,V2V,we_2,wn_1,-59.98,82.98,0.28,True,2,1.004985010146e-09,9.477437413285e-10,0.943043,16.557001,12.19,D,1.0046157902783966e-09,2510.2843335292264,33.99722915699808,1129420966.7851117,1129.4209667851117,7,5.5,550.0,6.514156594356944,27.483072562641137,7,5.5,550.0
6.0,V2V,we_2,wn_2,-64.69,87.69,0.19,True,2,3.393939579056e-10,3.104351254877e-10,0.914675,10.719877,10.3,D,3.3962527259040885e-10,848.6388620449997,29.28722915699808,973070594.5555872,973.0705945555871,7,5.5,550.0,6.514156594356944,22.773072562641136,6,4.4,440.00000000000006
6.0,V2V,we_2,wn_3,-68.15,91.15,0.14,True,2,1.531310415164e-10,1.359573276061e-10,0.88785,7.916594,8.99,D,1.5310874616820288e-10,382.5805751329407,25.827229156998072,858338585.259962,858.338585259962,7,5.5,550.0,6.514156594356944,19.31307256264113,5,3.3,330.0
6.0,V2V,we_3,we_0,-63.66,86.66,0.03,True,2,4.302324023575e-10,4.296948117641e-10,0.99875,799.29749,29.03,D,4.30526610491711e-10,1075.778636910822,30.31722915699808,1007250597.7203872,1007.2505977203872,7,5.5,550.0,6.514156594356944,23.803072562641137,6,4.4,440.00000000000006
6.0,V2V,we_3,we_1,-60.27,83.27,0.25,True,2,9.390631439251e-10,8.952230065333e-10,0.953315,20.420169,13.1,D,9.397233105646374e-10,2348.1342093069397,33.707229156998075,1119791342.3542414,1119.7913423542414,7,5.5,550.0,6.514156594356944,27.19307256264113,7,5.5,550.0
6.0,V2V,we_3,we_2,-54.78,77.78,0.02,True,2,3.325402058916e-09,3.325192555781e-09,0.999937,15871.803332,42.01,D,3.326595532940047e-09,8312.332666017108,39.19722915699808,1302121122.818988,1302.1211228189882,7,5.5,550.0,6.514156594356944,32.68307256264113,7,5.5,550.0
6.0,V2V,we_3,we_4,-58.65,81.65,0.22,True,2,1.363952344674e-09,1.328936609033e-09,0.974328,37.952554,15.79,D,1.3645831365889239e-09,3409.7529649898142,35.32722915699807,1173587455.1460254,1173.5874551460254,7,5.5,550.0,6.514156594356944,28.81307256264113,7,5.5,550.0
6.0,V2V,we_3,we_5,-62.44,85.44,0.29,True,2,5.69772535157e-10,4.988461895834e-10,0.875518,7.033299,8.47,D,5.701642722807478e-10,1424.6983315361013,31.537229156998077,1047745303.387867,1047.745303387867,7,5.5,550.0,6.514156594356944,25.023072562641133,7,5.5,550.0
6.0,V2V,we_3,we_6,-65.62,88.62,0.18,True,2,2.740693224884e-10,2.489723265596e-10,0.908428,9.920404,9.97,D,2.7415741719278805e-10,685.0510174732335,28.357229156998073,942217205.4684289,942.2172054684288,7,5.5,550.0,6.514156594356944,21.84307256264113,6,4.4,440.00000000000006
6.0,V2V,we_3,we_7,-68.39,91.39,0.03,True,2,1.44819117546e-10,1.443229227681e-10,0.996574,290.859415,24.64,D,1.4487718535447602e-10,362.01195740748625,25.58722915699807,850387326.0332837,850.3873260332837,7,5.5,550.0,6.514156594356944,19.073072562641126,5,3.3,330.0
6.0,V2V,we_3,wn_0,-47.16,70.16,0.67,True,2,1.922920884165e-08,1.876225960496e-08,0.975717,40.180512,16.04,D,1.9230917289101618e-08,48053.2665894593,46.81722915699808,1555237690.8658516,1555.2376908658516,7,5.5,550.0,6.514156594356944,40.303072562641134,7,5.5,550.0
6.0,V2V,we_3,wn_1,-53.59,76.59,0.14,True,2,4.371289282058e-09,4.357566775578e-09,0.996861,317.548895,25.02,D,4.375221051582521e-09,10932.586335788406,40.387229156998075,1341647907.7924469,1341.6479077924469,7,5.5,550.0,6.514156594356944,33.87307256264113,7,5.5,550.0
6.0,V2V,we_3,wn_2,-61.91,84.91,0.03,True,2,6.441691956989e-10,6.436758583381e-10,0.999234,1304.73771,31.16,D,6.441692655151775e-10,1609.618354610638,32.067229156998074,1065339896.4219202,1065.3398964219202,7,5.5,550.0,6.514156594356944,25.55307256264113,7,5.5,550.0
6.0,V2V,we_3,wn_3,-65.83,88.83,0.22,True,2,2.611179264648e-10,2.136090282099e-10,0.818056,4.49619,6.53,D,2.612161354399205e-10,652.7139816089966,28.147229156998073,935251574.3584628,935.2515743584628,7,5.5,550.0,6.514156594356944,21.63307256264113,6,4.4,440.00000000000006
6.0,V2V,we_4,we_0,-66.43,89.43,0.22,True,2,2.274081150602e-10,1.74630623575e-10,0.767917,3.308809,5.2,D,2.2750974307720667e-10,568.4901126366983,27.547229156998068,915352698.4168464,915.3526984168464,7,5.5,550.0,6.514156594356944,21.033072562641124,6,4.4,440.00000000000006
6.0,V2V,we_4,we_1,-64.86,87.86,0.24,True,2,3.265801886292e-10,2.700401203779e-10,0.826872,4.776084,6.79,D,3.26587832172336e-10,816.0615496560118,29.11722915699808,967430095.1179756,967.4300951179756,7,5.5,550.0,6.514156594356944,22.603072562641135,6,4.4,440.00000000000006
6.0,V2V,we_4,we_2,-62.44,85.44,0.29,True,2,5.697840098213e-10,4.98845303509e-10,0.875499,7.032061,8.47,D,5.701642722807478e-10,1424.6983315361013,31.537229156998077,1047745303.387867,1047.745303387867,7,5.5,550.0,6.514156594356944,25.023072562641133,7,5.5,550.0
6.0,V2V,we_4,we_3,-58.65,81.65,0.22,True,2,1.363949210185e-09,1.328936609033e-09,0.97433,37.955952,15.79,D,1.3645831365889239e-09,3409.7529649898142,35.32722915699807,1173587455.1460254,1173.5874551460254,7,5.5,550.0,6.514156594356944,28.81307256264113,7,5.5,550.0
6.0,V2V,we_4,we_5,-54.78,77.78,0.02,True,2,3.325418482812e-09,3.325208150691e-09,0.999937,15809.321648,41.99,D,3.326595532940047e-09,8312.332666017108,39.19722915699808,1302121122.818988,1302.1211228189882,7,5.5,550.0,6.514156594356944,32.68307256264113,7,5.5,550.0
6.0,V2V,we_4,we_6,-60.98,83.98,0.19,True,2,7.984034772825e-10,7.739872855928e-10,0.969419,31.699755,15.01,D,7.979946872679769e-10,1993.9897233082877,32.997229156998074,1096216559.944537,1096.2165599445368,7,5.5,550.0,6.514156594356944,26.48307256264113,7,5.5,550.0
6.0,V2V,we_4,we_7,-64.79,87.79,0.12,True,2,3.318980946725e-10,3.210678861553e-10,0.967369,29.645587,14.72,D,3.318944575526096e-10,829.321483139954,29.187229156998065,969752621.5792,969.7526215792,7,5.5,550.0,6.514156594356944,22.67307256264112,6,4.4,440.00000000000006
6.0,V2V,we_4,wn_0,-60.56,83.56,0.26,True,2,8.796850705392e-10,8.308100005224e-10,0.94444,16.998646,12.3,D,8.790225168308842e-10,2196.4580630456876,33.417229156998076,1110161991.7464972,1110.161991746497,7,5.5,550.0,6.514156594356944,26.903072562641132,7,5.5,550.0
6.0,V2V,we_4,wn_1,-51.75,74.75,0.34,True,2,6.687975757445e-09,6.594393002835e-09,0.986007,70.4659,18.48,D,6.683439175686149e-09,16700.247815307717,42.22722915699808,1402766827.564423,1402.766827564423,7,5.5,550.0,6.514156594356944,35.71307256264113,7,5.5,550.0
6.0,V2V,we_4,wn_2,-51.54,74.54,0.26,True,2,7.009494284459e-09,6.956216902989e-09,0.992399,130.566043,21.16,D,7.014552984199714e-09,17527.618651173696,42.43722915699807,1409742468.8047152,1409.7424688047151,7,5.5,550.0,6.514156594356944,35.923072562641124,7,5.5,550.0
6.0,V2V,we_4,wn_3,-62.19,85.19,0.12,True,2,6.045681276737e-10,5.95175907946e-10,0.984465,63.369036,18.02,D,6.039486293763805e-10,1509.1170149334846,31.78722915699808,1056044462.9128662,1056.0444629128665,7,5.5,550.0,6.514156594356944,25.273072562641136,7,5.5,550.0
6.0,V2V,we_5,we_0,-68.79,91.79,0.14,True,2,1.319932367393e-10,1.155843933831e-10,0.875684,7.044031,8.48,D,1.3212956341865738e-10,330.15882913207736,25.18722915699807,837137951.2675207,837.1379512675206,7,5.5,550.0,6.514156594356944,18.673072562641128,5,3.3,330.0
6.0,V2V,we_5,we_1,-66.86,89.86,0.2,True,2,2.060396429481e-10,1.635459427784e-10,0.79376,3.84871,5.85,D,2.0606299132700007e-10,514.9000283033484,27.117229156998075,901094771.5414563,901.0947715414565,7,5.5,550.0,6.514156594356944,20.60307256264113,6,4.4,440.00000000000006
6.0,V2V,we_5,we_2,-65.77,88.77,0.09,True,2,2.645991323613e-10,2.591854423606e-10,0.97954,47.87593,16.8,D,2.648500138606701e-10,661.7941375828838,28.207229156998075,937241703.1746424,937.2417031746425,7,5.5,550.0,6.514156594356944,21.69307256264113,6,4.4,440.00000000000006
6.0,V2V,we_5,we_3,-62.44,85.44,0.29,True,2,5.697674291529e-10,4.988461895834e-10,0.875526,7.033805,8.47,D,5.701642722807478e-10,1424.6983315361013,31.537229156998077,1047745303.387867,1047.745303387867,7,5.5,550.0,6.514156594356944,25.023072562641133,7,5.5,550.0
6.0,V2V,we_5,we_4,-54.78,77.78,0.02,True,2,3.325418339755e-09,3.325208150691e-09,0.999937,15820.08164,41.99,D,3.326595532940047e-09,8312.332666017108,39.19722915699808,1302121122.818988,1302.1211228189882,7,5.5,550.0,6.514156594356944,32.68307256264113,7,5.5,550.0
6.0,V2V,we_5,we_6,-55.39,78.39,0.0,True,2,2.88961876664e-09,2.889607032366e-09,0.999996,246253.583831,53.91,D,2.8906798823654773e-09,7223.088161832777,38.58722915699808,1281859978.4051018,1281.859978405102,7,5.5,550.0,6.514156594356944,32.07307256264113,7,5.5,550.0
6.0,V2V,we_5,we_7,-61.4,84.4,0.25,True,2,7.23612883436e-10,6.758082412145e-10,0.933936,14.136875,11.5,D,7.244359600749906e-10,1810.1848077835843,32.57722915699808,1082271804.6670666,1082.2718046670666,7,5.5,550.0,6.514156594356944,26.063072562641135,7,5.5,550.0
6.0,V2V,we_5,wn_0,-63.8,86.8,0.24,True,2,4.172365106422e-10,3.693699761193e-10,0.885277,7.716664,8.87,D,4.1686938347033546e-10,1041.6526323596588,30.177229156998074,1002604287.7761337,1002.6042877761336,7,5.5,550.0,6.514156594356944,23.66307256264113,6,4.4,440.00000000000006
6.0,V2V,we_5,wn_1,-59.32,82.32,0.21,True,2,1.168258764693e-09,1.137821422885e-09,0.973946,37.382418,15.73,D,1.1694993910198702e-09,2922.287333882733,34.65722915699807,1151337592.523076,1151.337592523076,7,5.5,550.0,6.514156594356944,28.143072562641127,7,5.5,550.0
6.0,V2V,we_5,wn_2,-44.48,67.48,0.92,True,2,3.568461438098e-08,3.456546999009e-08,0.968638,30.885621,14.9,D,3.5645113342624475e-08,89068.24923194518,49.49722915699808,1644263981.3115616,1644.2639813115616,7,5.5,550.0,6.514156594356944,42.98307256264114,7,5.5,550.0
6.0,V2V,we_5,wn_3,-57.43,80.43,0.16,True,2,1.806867255927e-09,1.788076827162e-09,0.989601,95.158916,19.78,D,1.8071741260109255e-09,4515.677476289169,36.54722915699807,1214104618.3168352,1214.104618316835,7,5.5,550.0,6.514156594356944,30.033072562641127,7,5.5,550.0
6.0,V2V,we_6,we_0,-69.97,92.97,0.14,True,2,1.007796466274e-10,8.026691615917001e-11,0.79646,3.913029,5.93,D,1.0069316688518043e-10,251.607113656123,24.007229156998076,798075145.7134174,798.0751457134174,6,4.4,440.00000000000006,6.514156594356944,17.49307256264113,5,3.3,330.0
6.0,V2V,we_6,we_1,-68.75,91.75,0.16,True,2,1.33265865343e-10,1.067250332254e-10,0.800843,4.021164,6.04,D,1.3335214321633238e-10,333.21375116524837,25.22722915699807,838462728.3825454,838.4627283825454,7,5.5,550.0,6.514156594356944,18.71307256264113,5,3.3,330.0
6.0,V2V,we_6,we_2,-67.6,90.6,0.16,True,2,1.737414963066e-10,1.534839691292e-10,0.883404,7.576639,8.79,D,1.7378008287493763e-10,434.23309064202306,26.377229156998077,876564443.8206458,876.5644438206458,7,5.5,550.0,6.514156594356944,19.863072562641133,5,3.3,330.0
6.0,V2V,we_6,we_3,-65.62,88.62,0.18,True,2,2.740674423492e-10,2.489723265596e-10,0.908435,9.921147,9.97,D,2.7415741719278805e-10,685.0510174732335,28.357229156998073,942217205.4684289,942.2172054684288,7,5.5,550.0,6.514156594356944,21.84307256264113,6,4.4,440.00000000000006
6.0,V2V,we_6,we_4,-60.98,83.98,0.19,True,2,7.98401946035e-10,7.739872855928e-10,0.969421,31.701743,15.01,D,7.979946872679769e-10,1993.9897233082877,32.997229156998074,1096216559.944537,1096.2165599445368,7,5.5,550.0,6.514156594356944,26.48307256264113,7,5.5,550.0
6.0,V2V,we_6,we_5,-55.39,78.39,0.0,True,2,2.889618669142e-09,2.889607032366e-09,0.999996,248316.814254,53.95,D,2.8906798823654773e-09,7223.088161832777,38.58722915699808,1281859978.4051018,1281.859978405102,7,5.5,550.0,6.514156594356944,32.07307256264113,7,5.5,550.0
6.0,V2V,we_6,we_7,-55.95,78.95,0.07,True,2,2.538167300189e-09,2.534324665557e-09,0.998486,659.527878,28.19,D,2.540972705549301e-09,6349.257135305599,38.02722915699807,1263259929.5494845,1263.2599295494842,7,5.5,550.0,6.514156594356944,31.513072562641124,7,5.5,550.0
6.0,V2V,we_6,wn_0,-66.07,89.07,0.22,True,2,2.469858915964e-10,2.004403667275e-10,0.811546,4.306329,6.34,D,2.4717241450161343e-10,617.6222251414628,27.90722915699808,927291485.5606338,927.2914855606338,7,5.5,550.0,6.514156594356944,21.393072562641137,6,4.4,440.00000000000006
6.0,V2V,we_6,wn_1,-63.66,86.66,0.03,True,2,4.303386116645e-10,4.296151979734e-10,0.998319,593.872086,27.74,D,4.30526610491711e-10,1075.778636910822,30.31722915699808,1007250597.7203872,1007.2505977203872,7,5.5,550.0,6.514156594356944,23.803072562641137,6,4.4,440.00000000000006
6.0,V2V,we_6,wn_2,-57.56,80.56,0.13,True,2,1.752035242963e-09,1.740866425243e-09,0.993625,155.868461,21.93,D,1.7538805018417603e-09,4382.509999604598,36.41722915699808,1209787082.3688226,1209.787082368823,7,5.5,550.0,6.514156594356944,29.903072562641132,7,5.5,550.0
6.0,V2V,we_6,wn_3,-44.06,67.06,0.16,True,2,3.925843851785e-08,3.922387393256e-08,0.99912,1134.799495,30.55,D,3.9264493539959934e-08,98112.17776101932,49.91722915699807,1658215930.002741,1658.2159300027413,7,5.5,550.0,6.514156594356944,43.40307256264113,7,5.5,550.0
6.0,V2V,we_7,we_0,-71.17,94.17,0.13,True,2,7.63519442766e-11,5.784568236143e-11,0.757619,3.125736,4.95,D,7.638357835776907e-11,190.86351413735397,22.807229156998076,758393657.6254586,758.3936576254586,6,4.4,440.00000000000006,6.514156594356944,16.293072562641132,5,3.3,330.0
6.0,V2V,we_7,we_1,-69.7,92.7,0.16,True,2,1.070430868856e-10,7.347501139863e-11,0.686406,2.188836,3.4,D,1.0715193052376048e-10,267.7459533327348,24.277229156998068,807009922.1125197,807.0099221125197,6,4.4,440.00000000000006,6.514156594356944,17.763072562641124,5,3.3,330.0
6.0,V2V,we_7,we_2,-68.54,91.54,0.18,True,2,1.400573215284e-10,9.884657965232e-11,0.705758,2.398563,3.8,D,1.3995873225726149e-10,349.72196965832455,25.437229156998065,845418399.53993,845.41839953993,7,5.5,550.0,6.514156594356944,18.92307256264112,5,3.3,330.0
6.0,V2V,we_7,we_3,-68.39,91.39,0.03,True,2,1.44819099937e-10,1.443229227681e-10,0.996574,290.869737,24.64,D,1.4487718535447602e-10,362.01195740748625,25.58722915699807,850387326.0332837,850.3873260332837,7,5.5,550.0,6.514156594356944,19.073072562641126,5,3.3,330.0
6.0,V2V,we_7,we_4,-64.79,87.79,0.12,True,2,3.318975118016e-10,3.210678861553e-10,0.967371,29.647182,14.72,D,3.318944575526096e-10,829.321483139954,29.187229156998065,969752621.5792,969.7526215792,7,5.5,550.0,6.514156594356944,22.67307256264112,6,4.4,440.00000000000006
6.0,V2V,we_7,we_5,-61.4,84.4,0.25,True,2,7.23609366828e-10,6.758082412145e-10,0.933941,14.137915,11.5,D,7.244359600749906e-10,1810.1848077835843,32.57722915699808,1082271804.6670666,1082.2718046670666,7,5.5,550.0,6.514156594356944,26.063072562641135,7,5.5,550.0
6.0,V2V,we_7,we_6,-55.95,78.95,0.07,True,2,2.5381661521e-09,2.534324665557e-09,0.998487,659.724989,28.19,D,2.540972705549301e-09,6349.257135305599,38.02722915699807,1263259929.5494845,1263.2599295494842,7,5.5,550.0,6.514156594356944,31.513072562641124,7,5.5,550.0
6.0,V2V,we_7,wn_0,-68.81,91.81,0.11,True,2,1.315258629179e-10,1.221073080879e-10,0.92839,12.964548,11.13,D,1.3152248321922374e-10,328.64188710450713,25.167229156998072,836475576.5057966,836.4755765057965,7,5.5,550.0,6.514156594356944,18.65307256264113,5,3.3,330.0
6.0,V2V,we_7,wn_1,-66.29,89.29,0.16,True,2,2.349608670429e-10,2.155734109949e-10,0.917486,11.119221,10.46,D,2.349632820848305e-10,587.114647888132,27.68722915699807,919995361.3232226,919.9953613232226,7,5.5,550.0,6.514156594356944,21.173072562641128,6,4.4,440.00000000000006
6.0,V2V,we_7,wn_2,-62.27,85.27,0.29,True,2,5.932043147301e-10,5.205574506782e-10,0.877535,7.165587,8.55,D,5.929253245799994e-10,1481.5725251874044,31.70722915699807,1053388696.5601294,1053.3886965601291,7,5.5,550.0,6.514156594356944,25.193072562641127,7,5.5,550.0
6.0,V2V,we_7,wn_3,-53.4,76.4,0.15,True,2,4.56816008119e-09,4.552605588064e-09,0.996595,292.687492,24.66,D,4.570881896148752e-09,11421.49399337519,40.57722915699807,1347959006.344139,1347.9590063441392,7,5.5,550.0,6.514156594356944,34.063072562641125,7,5.5,550.0
6.0,V2V,sn_0,sn_1,-54.13,77.13,0.09,True,2,3.860812481818e-09,3.854640124476e-09,0.998401,624.50048,27.96,D,3.863669770540689e-09,9654.34725272536,39.84722915699807,1323711243.10235,1323.71124310235,7,5.5,550.0,6.514156594356944,33.33307256264112,7,5.5,550.0
6.0,V2V,sn_0,sn_2,-60.23,83.23,0.28,True,2,9.491435340783e-10,8.924137074424e-10,0.940231,15.730944,11.97,D,9.484184633008976e-10,2369.861227638425,33.747229156998074,1121119550.5450366,1121.1195505450366,7,5.5,550.0,6.514156594356944,27.23307256264113,7,5.5,550.0
6.0,V2V,sn_0,sn_3,-63.69,86.69,0.26,True,2,4.276975556165e-10,3.683494177025e-10,0.861238,6.206588,7.93,D,4.2756288615158637e-10,1068.3730288645336,30.287229156998077,1006254948.0113204,1006.2549480113204,7,5.5,550.0,6.514156594356944,23.773072562641133,6,4.4,440.00000000000006
6.0,V2V,sn_0,sn_4,-67.96,90.96,0.07,True,2,1.600666724008e-10,1.567321409026e-10,0.979168,47.002747,16.72,D,1.599558028614671e-10,399.6896623225064,26.01722915699808,864634147.890844,864.634147890844,7,5.5,550.0,6.514156594356944,19.503072562641137,5,3.3,330.0
6.0,V2V,sn_0,sn_5,-69.63,92.63,0.09,True,2,1.089454146915e-10,1.030562862073e-10,0.945944,17.499412,12.43,D,1.0889300933334356e-10,272.09647509581094,24.347229156998083,809326688.2879713,809.3266882879713,6,4.4,440.00000000000006,6.514156594356944,17.83307256264114,5,3.3,330.0
6.0,V2V,sn_0,sn_6,-71.13,94.13,0.09,True,2,7.704651832063e-11,7.133831482008001e-11,0.925912,12.497507,10.97,D,7.709034690644307e-11,192.62955248986276,22.84722915699808,759715534.8879116,759.7155348879115,6,4.4,440.00000000000006,6.514156594356944,16.333072562641135,5,3.3,330.0
6.0,V2V,sn_0,sn_7,-71.48,94.48,0.13,True,2,7.119007733108001e-11,5.135147093126e-11,0.721329,2.588462,4.13,D,7.112135136533279e-11,177.7145211527556,22.497229156998067,748151305.2715589,748.1513052715588,6,4.4,440.00000000000006,6.514156594356944,15.983072562641125,5,3.3,330.0
6.0,V2V,sn_0,se_0,-62.9,85.9,0.29,True,2,5.12985888996e-10,4.395752066035e-10,0.856895,5.987892,7.77,D,5.128613839913648e-10,1281.5127036265983,31.077229156998072,1032475740.084009,1032.475740084009,7,5.5,550.0,6.514156594356944,24.56307256264113,6,4.4,440.00000000000006
6.0,V2V,sn_0,se_1,-66.53,89.53,0.16,True,2,2.225156161365e-10,2.022557560912e-10,0.908951,9.983078,9.99,D,2.2233098906514008e-10,555.5496978139431,27.44722915699807,912036671.0384916,912.0366710384916,7,5.5,550.0,6.514156594356944,20.93307256264113,6,4.4,440.00000000000006
6.0,V2V,sn_0,se_2,-68.69,91.69,0.16,True,2,1.352315384739e-10,1.112049149607e-10,0.82233,4.628404,6.65,D,1.352072563194278e-10,337.84921619047424,25.287229156998077,840449962.405874,840.449962405874,7,5.5,550.0,6.514156594356944,18.773072562641133,5,3.3,330.0
6.0,V2V,sn_0,se_3,-70.21,93.21,0.15,True,2,9.529360380094e-11,6.571029102104e-11,0.689556,2.221194,3.47,D,9.527961640236539e-11,238.08000100541076,23.767229156998084,790134964.3717892,790.1349643717892,6,4.4,440.00000000000006,6.514156594356944,17.25307256264114,5,3.3,330.0
6.0,V2V,sn_1,sn_0,-54.13,77.13,0.09,True,2,3.860811686427e-09,3.854640124476e-09,0.998401,624.580966,27.96,D,3.863669770540689e-09,9654.34725272536,39.84722915699807,1323711243.10235,1323.71124310235,7,5.5,550.0,6.514156594356944,33.33307256264112,7,5.5,550.0
6.0,V2V,sn_1,sn_2,-54.79,77.79,0.0,True,2,3.315162030539e-09,3.315145180208e-09,0.999995,196740.661413,52.94,D,3.318944575526103e-09,8293.214831399557,39.18722915699807,1301788970.0145755,1301.7889700145754,7,5.5,550.0,6.514156594356944,32.673072562641124,7,5.5,550.0
6.0,V2V,sn_1,sn_3,-61.07,84.07,0.12,True,2,7.810411222721e-10,7.717285045669e-10,0.988077,82.869128,19.18,D,7.816278045883292e-10,1953.092964988329,32.90722915699807,1093228338.909082,1093.228338909082,7,5.5,550.0,6.514156594356944,26.393072562641127,7,5.5,550.0
6.0,V2V,sn_1,sn_4,-66.09,89.09,0.0,True,2,2.459119064959e-10,2.459041608137e-10,0.999969,31747.25662,45.02,D,2.4603676041476273e-10,614.7845087825154,27.887229156998075,926628176.3906796,926.6281763906796,7,5.5,550.0,6.514156594356944,21.37307256264113,6,4.4,440.00000000000006
6.0,V2V,sn_1,sn_5,-67.63,90.63,0.17,True,2,1.724483440032e-10,1.472832532516e-10,0.854072,5.852681,7.67,D,1.7258378919902038e-10,431.24385107201493,26.347229156998075,875570163.0586162,875.5701630586161,7,5.5,550.0,6.514156594356944,19.83307256264113,5,3.3,330.0
6.0,V2V,sn_1,sn_6,-70.14,93.14,0.04,True,2,9.68649437688e-11,9.557327659189e-11,0.986665,73.992185,18.69,D,9.682778562612485e-11,241.94848982040193,23.83722915699807,792450665.4395436,792.4506654395436,6,4.4,440.00000000000006,6.514156594356944,17.323072562641126,5,3.3,330.0
6.0,V2V,sn_1,sn_7,-70.26,93.26,0.15,True,2,9.429387920999e-11,6.562655144614001e-11,0.695979,2.289246,3.6,D,9.4188959652284e-11,235.35472176982503,23.717229156998066,788480987.6158897,788.4809876158897,6,4.4,440.00000000000006,6.514156594356944,17.203072562641122,5,3.3,330.0
6.0,V2V,sn_1,se_0,-59.82,82.82,0.24,True,2,1.043350641677e-09,1.001903536669e-09,0.960275,24.173064,13.83,D,1.0423174293933035e-09,2604.491327819349,34.15722915699807,1134733973.753831,1134.7339737538307,7,5.5,550.0,6.514156594356944,27.643072562641127,7,5.5,550.0
6.0,V2V,sn_1,se_1,-64.68,87.68,0.02,True,2,3.406290121279e-10,3.402928666053e-10,0.999013,1012.337942,30.05,D,3.404081897010002e-10,850.5951766641682,29.297229156998064,973402396.83315,973.40239683315,7,5.5,550.0,6.514156594356944,22.78307256264112,6,4.4,440.00000000000006
6.0,V2V,sn_1,se_2,-66.62,89.62,0.22,True,2,2.178664941785e-10,1.61365512887e-10,0.740662,2.855977,4.56,D,2.1777097723531544e-10,544.1553654055858,27.357229156998063,909052363.6099662,909.0523636099662,7,5.5,550.0,6.514156594356944,20.84307256264112,6,4.4,440.00000000000006
6.0,V2V,sn_1,se_3,-70.53,93.53,0.05,True,2,8.843370701625e-11,8.692773727857001e-11,0.982971,57.722101,17.61,D,8.851156098308355e-11,221.1683182985596,23.447229156998077,779550928.9614408,779.5509289614408,6,4.4,440.00000000000006,6.514156594356944,16.933072562641133,5,3.3,330.0
6.0,V2V,sn_2,sn_0,-60.23,83.23,0.28,True,2,9.491526883351e-10,8.924137074424e-10,0.940221,15.728406,11.97,D,9.484184633008976e-10,2369.861227638425,33.747229156998074,1121119550.5450366,1121.1195505450366,7,5.5,550.0,6.514156594356944,27.23307256264113,7,5.5,550.0
6.0,V2V,sn_2,sn_1,-54.79,77.79,0.0,True,2,3.315162087855e-09,3.315145180208e-09,0.999995,196073.723866,52.92,D,3.318944575526103e-09,8293.214831399557,39.18722915699807,1301788970.0145755,1301.7889700145754,7,5.5,550.0,6.514156594356944,32.673072562641124,7,5.5,550.0
6.0,V2V,sn_2,sn_3,-55.4,78.4,0.01,True,2,2.881565806633e-09,2.881465780183e-09,0.999965,28807.03836,44.59,D,2.884031503126606e-09,7206.475520056486,38.57722915699807,1281527831.6326344,1281.5278316326344,7,5.5,550.0,6.514156594356944,32.063072562641125,7,5.5,550.0
6.0,V2V,sn_2,sn_4,-63.0,86.0,0.22,True,2,5.012679612382e-10,4.644339814125e-10,0.926518,12.608846,11.01,D,5.011872336272725e-10,1252.3419131116252,30.97722915699808,1029156432.1876738,1029.1564321876738,7,5.5,550.0,6.514156594356944,24.463072562641138,6,4.4,440.00000000000006
6.0,V2V,sn_2,sn_5,-65.44,88.44,0.23,True,2,2.857179453782e-10,2.364585627142e-10,0.827594,4.800275,6.81,D,2.8575905433749495e-10,714.0406155359693,28.53722915699808,948188138.1551238,948.188138155124,7,5.5,550.0,6.514156594356944,22.023072562641136,6,4.4,440.00000000000006
6.0,V2V,sn_2,sn_6,-67.21,90.21,0.21,True,2,1.899919538523e-10,1.386636426924e-10,0.72984,2.701504,4.32,D,1.9010782799233035e-10,475.0320539538489,26.767229156998084,889491491.1466104,889.4914911466104,7,5.5,550.0,6.514156594356944,20.25307256264114,6,4.4,440.00000000000006
6.0,V2V,sn_2,sn_7,-69.41,92.41,0.15,True,2,1.144987001862e-10,8.887674113359001e-11,0.776225,3.468772,5.4,D,1.1455129414455359e-10,286.2351178024827,24.56722915699807,816608833.5809702,816.6088335809702,6,4.4,440.00000000000006,6.514156594356944,18.05307256264113,5,3.3,330.0
6.0,V2V,sn_2,se_0,-53.05,76.05,0.18,True,2,4.958377388878e-09,4.933748392561e-09,0.995033,200.322755,23.02,D,4.954501908047905e-09,12380.064737750889,40.92722915699808,1359584776.7269745,1359.5847767269745,7,5.5,550.0,6.514156594356944,34.41307256264113,7,5.5,550.0
6.0,V2V,sn_2,se_1,-61.15,84.15,0.21,True,2,7.672670919463e-10,7.367029113476e-10,0.960165,24.103473,13.82,D,7.673614893618185e-10,1917.4450009040945,32.82722915699807,1090572169.0176008,1090.5721690176008,7,5.5,550.0,6.514156594356944,26.31307256264113,7,5.5,550.0
6.0,V2V,sn_2,se_2,-64.97,87.97,0.24,True,2,3.187226962552e-10,2.656522796278e-10,0.83349,5.005657,6.99,D,3.1841975217261257e-10,795.6515546542042,29.007229156998076,963780503.5328268,963.7805035328266,7,5.5,550.0,6.514156594356944,22.49307256264113,6,4.4,440.00000000000006
6.0,V2V,sn_2,se_3,-69.07,92.07,0.02,True,2,1.239697713041e-10,1.237650205006e-10,0.998348,604.466592,27.81,D,1.2387965865303716e-10,309.5443744453702,24.907229156998085,827865562.3174295,827.8655623174295,6,4.4,440.00000000000006,6.514156594356944,18.39307256264114,5,3.3,330.0
6.0,V2V,sn_3,sn_0,-63.69,86.69,0.26,True,2,4.276932636933e-10,3.683494177025e-10,0.861247,6.207036,7.93,D,4.2756288615158637e-10,1068.3730288645336,30.287229156998077,1006254948.0113204,1006.2549480113204,7,5.5,550.0,6.514156594356944,23.773072562641133,6,4.4,440.00000000000006
6.0,V2V,sn_3,sn_1,-61.07,84.07,0.12,True,2,7.810400922105e-10,7.717285045669e-10,0.988078,82.878295,19.18,D,7.816278045883292e-10,1953.092964988329,32.90722915699807,1093228338.909082,1093.228338909082,7,5.5,550.0,6.514156594356944,26.393072562641127,7,5.5,550.0
6.0,V2V,sn_3,sn_2,-55.4,78.4,0.01,True,2,2.881565836064e-09,2.881465780183e-09,0.999965,28798.564821,44.59,D,2.884031503126606e-09,7206.475520056486,38.57722915699807,1281527831.6326344,1281.5278316326344,7,5.5,550.0,6.514156594356944,32.063072562641125,7,5.5,550.0
6.0,V2V,sn_3,sn_4,-58.74,81.74,0.24,True,2,1.336590622713e-09,1.296447536881e-09,0.969966,32.295662,15.09,D,1.3365955165464403e-09,3339.818881925138,35.23722915699807,1170598605.5652463,1170.5986055652463,7,5.5,550.0,6.514156594356944,28.723072562641125,7,5.5,550.0
6.0,V2V,sn_3,sn_5,-63.0,86.0,0.22,True,2,5.01175144938e-10,4.644339814125e-10,0.92669,12.640699,11.02,D,5.011872336272725e-10,1252.3419131116252,30.97722915699808,1029156432.1876738,1029.1564321876738,7,5.5,550.0,6.514156594356944,24.463072562641138,6,4.4,440.00000000000006
6.0,V2V,sn_3,sn_6,-65.66,88.66,0.22,True,2,2.713895757912e-10,2.275467580241e-10,0.838451,5.190058,7.15,D,2.7164392688390836e-10,678.7704319937741,28.31722915699807,940890380.0045488,940.8903800045488,7,5.5,550.0,6.514156594356944,21.80307256264113,6,4.4,440.00000000000006
6.0,V2V,sn_3,sn_7,-67.85,90.85,0.18,True,2,1.639902509739e-10,1.307792634962e-10,0.797482,3.937831,5.95,D,1.6405897731995418e-10,409.94247206385353,26.127229156998084,868279263.4588779,868.279263458878,7,5.5,550.0,6.514156594356944,19.61307256264114,5,3.3,330.0
6.0,V2V,sn_3,se_0,-42.91,65.91,0.95,True,2,5.112516458888e-08,4.973454594394e-08,0.9728,35.764331,15.53,D,5.1168183554030845e-08,127856.5306197672,51.06722915699808,1696417761.012657,1696.417761012657,7,5.5,550.0,6.514156594356944,44.553072562641134,7,5.5,550.0
6.0,V2V,sn_3,se_1,-55.21,78.21,0.01,True,2,3.012788297156e-09,3.012727965339e-09,0.99998,49935.972368,46.98,D,3.0130060241861214e-09,7528.750685122742,38.76722915699808,1287838638.179147,1287.838638179147,7,5.5,550.0,6.514156594356944,32.25307256264114,7,5.5,550.0
6.0,V2V,sn_3,se_2,-62.34,85.34,0.22,True,2,5.839933879146e-10,5.478061455339e-10,0.938035,15.138101,11.8,D,5.834451042737446e-10,1457.883818774974,31.637229156998075,1051064928.0494204,1051.0649280494206,7,5.5,550.0,6.514156594356944,25.12307256264113,7,5.5,550.0
6.0,V2V,sn_3,se_3,-65.98,88.98,0.23,True,2,2.521150443957e-10,1.969353441185e-10,0.781133,3.568982,5.53,D,2.5234807724805705e-10,630.5549156623114,27.997229156998067,930276437.6058474,930.2764376058474,7,5.5,550.0,6.514156594356944,21.483072562641123,6,4.4,440.00000000000006
6.0,V2V,sn_4,sn_0,-67.96,90.96,0.07,True,2,1.600664283842e-10,1.567321409026e-10,0.979169,47.006187,16.72,D,1.599558028614671e-10,399.6896623225064,26.01722915699808,864634147.890844,864.634147890844,7,5.5,550.0,6.514156594356944,19.503072562641137,5,3.3,330.0
6.0,V2V,sn_4,sn_1,-66.09,89.09,0.0,True,2,2.459119076701e-10,2.459041608137e-10,0.999968,31742.444451,45.02,D,2.4603676041476273e-10,614.7845087825154,27.887229156998075,926628176.3906796,926.6281763906796,7,5.5,550.0,6.514156594356944,21.37307256264113,6,4.4,440.00000000000006
6.0,V2V,sn_4,sn_2,-63.0,86.0,0.22,True,2,5.013575073698e-10,4.644339814125e-10,0.926353,12.578267,11.0,D,5.011872336272725e-10,1252.3419131116252,30.97722915699808,1029156432.1876738,1029.1564321876738,7,5.5,550.0,6.514156594356944,24.463072562641138,6,4.4,440.00000000000006
6.0,V2V,sn_4,sn_3,-58.74,81.74,0.24,True,2,1.336586211724e-09,1.296447536881e-09,0.969969,32.299211,15.09,D,1.3365955165464403e-09,3339.818881925138,35.23722915699807,1170598605.5652463,1170.5986055652463,7,5.5,550.0,6.514156594356944,28.723072562641125,7,5.5,550.0
6.0,V2V,sn_4,sn_5,-55.4,78.4,0.01,True,2,2.881565895868e-09,2.881465780183e-09,0.999965,28781.362162,44.59,D,2.884031503126606e-09,7206.475520056486,38.57722915699807,1281527831.6326344,1281.5278316326344,7,5.5,550.0,6.514156594356944,32.063072562641125,7,5.5,550.0
6.0,V2V,sn_4,sn_6,-61.51,84.51,0.21,True,2,7.056572572676e-10,6.739650291126e-10,0.955088,21.26594,13.28,D,7.063175542629623e-10,1764.9114299424343,32.46722915699807,1078619727.0464327,1078.619727046433,7,5.5,550.0,6.514156594356944,25.95307256264113,7,5.5,550.0
6.0,V2V,sn_4,sn_7,-64.75,87.75,0.24,True,2,3.351430848848e-10,2.80848102271e-10,0.837995,5.172635,7.14,D,3.3496543915782786e-10,836.9951003443974,29.22722915699808,971079799.846128,971.079799846128,7,5.5,550.0,6.514156594356944,22.713072562641138,6,4.4,440.00000000000006
6.0,V2V,sn_4,se_0,-60.14,83.14,0.07,True,2,9.683520958453e-10,9.646571307144e-10,0.996184,261.073406,24.17,D,9.682778562612488e-10,2419.4848982040194,33.83722915699807,1124108037.7681706,1124.1080377681706,7,5.5,550.0,6.514156594356944,27.323072562641126,7,5.5,550.0
6.0,V2V,sn_4,se_1,-49.53,72.53,0.54,True,2,1.115133058681e-08,1.088860970733e-08,0.97644,41.445544,16.17,D,1.1142945335917292e-08,27843.441618983736,44.44722915699807,1476510174.12596,1476.5101741259598,7,5.5,550.0,6.514156594356944,37.93307256264113,7,5.5,550.0
6.0,V2V,sn_4,se_2,-53.49,76.49,0.1,True,2,4.477935720479e-09,4.470734434086e-09,0.998392,620.824418,27.93,D,4.477133041763623e-09,11187.238984916596,40.48722915699807,1344969535.530419,1344.969535530419,7,5.5,550.0,6.514156594356944,33.97307256264112,7,5.5,550.0
6.0,V2V,sn_4,se_3,-62.67,85.67,0.13,True,2,5.4048387398e-10,5.288149115278e-10,0.97841,45.318075,16.56,D,5.407543229455805e-10,1351.2102022628196,31.30722915699807,1040110372.192574,1040.1103721925742,7,5.5,550.0,6.514156594356944,24.793072562641125,6,4.4,440.00000000000006
6.0,V2V,sn_5,sn_0,-69.62,92.62,0.09,True,2,1.090211906721e-10,1.030562862073e-10,0.945287,17.277106,12.37,D,1.0914403364487548e-10,272.7237222510632,24.357229156998063,809657666.0980755,809.6576660980755,6,4.4,440.00000000000006,6.514156594356944,17.843072562641122,5,3.3,330.0
6.0,V2V,sn_5,sn_1,-67.63,90.63,0.17,True,2,1.725139855071e-10,1.472832532516e-10,0.853747,5.837455,7.66,D,1.7258378919902038e-10,431.24385107201493,26.347229156998075,875570163.0586162,875.5701630586161,7,5.5,550.0,6.514156594356944,19.83307256264113,5,3.3,330.0
6.0,V2V,sn_5,sn_2,-65.44,88.44,0.23,True,2,2.857146945925e-10,2.364585627142e-10,0.827604,4.800591,6.81,D,2.8575905433749495e-10,714.0406155359693,28.53722915699808,948188138.1551238,948.188138155124,7,5.5,550.0,6.514156594356944,22.023072562641136,6,4.4,440.00000000000006
6.0,V2V,sn_5,sn_3,-63.0,86.0,0.22,True,2,5.012646716867e-10,4.644339814125e-10,0.926524,12.609972,11.01,D,5.011872336272725e-10,1252.3419131116252,30.97722915699808,1029156432.1876738,1029.1564321876738,7,5.5,550.0,6.514156594356944,24.463072562641138,6,4.4,440.00000000000006
6.0,V2V,sn_5,sn_4,-55.4,78.4,0.01,True,2,2.881565865906e-09,2.881465780183e-09,0.999965,28789.978034,44.59,D,2.884031503126606e-09,7206.475520056486,38.57722915699807,1281527831.6326344,1281.5278316326344,7,5.5,550.0,6.514156594356944,32.063072562641125,7,5.5,550.0
6.0,V2V,sn_5,sn_6,-55.97,78.97,0.07,True,2,2.530983643563e-09,2.527626474247e-09,0.998674,752.90408,28.77,D,2.5292979964461473e-09,6320.084948641048,38.00722915699808,1262595648.7951634,1262.5956487951637,7,5.5,550.0,6.514156594356944,31.493072562641135,7,5.5,550.0
6.0,V2V,sn_5,sn_7,-62.11,85.11,0.17,True,2,6.151030234934e-10,5.936680750291e-10,0.965152,27.696268,14.42,D,6.151768727098676e-10,1537.1735949771803,31.86722915699807,1058700261.6622326,1058.7002616622326,7,5.5,550.0,6.514156594356944,25.353072562641128,7,5.5,550.0
6.0,V2V,sn_5,se_0,-63.6,86.6,0.25,True,2,4.369544863106e-10,3.871579653059e-10,0.886037,7.774799,8.91,D,4.3651583224016556e-10,1090.7442084961658,30.37722915699807,1009241916.2566586,1009.2419162566586,7,5.5,550.0,6.514156594356944,23.86307256264113,6,4.4,440.00000000000006
6.0,V2V,sn_5,se_1,-58.9,81.9,0.21,True,2,1.288350377978e-09,1.257496766693e-09,0.976052,40.756875,16.1,D,1.288249551693135e-09,3219.0143720468136,35.07722915699808,1165285141.226732,1165.285141226732,7,5.5,550.0,6.514156594356944,28.563072562641135,7,5.5,550.0
6.0,V2V,sn_5,se_2,-41.27,64.27,0.94,True,2,7.472030266678e-08,7.306275151968e-08,0.977817,44.078731,16.44,D,7.464487584100653e-08,186518.9301374476,52.70722915699807,1750897026.8854232,1750.8970268854232,7,5.5,550.0,6.514156594356944,46.19307256264112,7,5.5,550.0
6.0,V2V,sn_5,se_3,-57.89,80.89,0.11,True,2,1.627178182065e-09,1.618471718902e-09,0.994649,185.893133,22.69,D,1.625548755750485e-09,4061.8409688917664,36.08722915699808,1198827317.9164271,1198.827317916427,7,5.5,550.0,6.514156594356944,29.573072562641133,7,5.5,550.0
6.0,V2V,sn_6,sn_0,-71.13,94.13,0.09,True,2,7.704613516265e-11,7.133831482008001e-11,0.925917,12.498346,10.97,D,7.709034690644307e-11,192.62955248986276,22.84722915699808,759715534.8879116,759.7155348879115,6,4.4,440.00000000000006,6.514156594356944,16.333072562641135,5,3.3,330.0
6.0,V2V,sn_6,sn_1,-70.14,93.14,0.04,True,2,9.690184262658e-11,9.557327659189e-11,0.98629,71.937167,18.57,D,9.682778562612485e-11,241.94848982040193,23.83722915699807,792450665.4395436,792.4506654395436,6,4.4,440.00000000000006,6.514156594356944,17.323072562641126,5,3.3,330.0
6.0,V2V,sn_6,sn_2,-67.21,90.21,0.21,True,2,1.899885203137e-10,1.386636426924e-10,0.729853,2.701685,4.32,D,1.9010782799233035e-10,475.0320539538489,26.767229156998084,889491491.1466104,889.4914911466104,7,5.5,550.0,6.514156594356944,20.25307256264114,6,4.4,440.00000000000006
6.0,V2V,sn_6,sn_3,-65.67,88.67,0.22,True,2,2.713105573318e-10,2.275467580241e-10,0.838695,5.199429,7.16,D,2.7101916318908416e-10,677.2093033210498,28.307229156998073,940558676.4410976,940.5586764410976,7,5.5,550.0,6.514156594356944,21.79307256264113,6,4.4,440.00000000000006
6.0,V2V,sn_6,sn_4,-61.51,84.51,0.21,True,2,7.056973327543e-10,6.739650291126e-10,0.955034,21.239083,13.27,D,7.063175542629623e-10,1764.9114299424343,32.46722915699807,1078619727.0464327,1078.619727046433,7,5.5,550.0,6.514156594356944,25.95307256264113,7,5.5,550.0
6.0,V2V,sn_6,sn_5,-55.97,78.97,0.07,True,2,2.53098339124e-09,2.527626474247e-09,0.998674,752.960672,28.77,D,2.5292979964461473e-09,6320.084948641048,38.00722915699808,1262595648.7951634,1262.5956487951637,7,5.5,550.0,6.514156594356944,31.493072562641135,7,5.5,550.0
6.0,V2V,sn_6,sn_7,-56.49,79.49,0.11,True,2,2.243871615078e-09,2.235193014803e-09,0.996132,257.552249,24.11,D,2.243881923782766e-09,5606.901358777526,37.48722915699808,1245324525.768144,1245.324525768144,7,5.5,550.0,6.514156594356944,30.973072562641132,7,5.5,550.0
6.0,V2V,sn_6,se_0,-65.99,88.99,0.22,True,2,2.518240575415e-10,1.999972187357e-10,0.794194,3.858951,5.86,D,2.51767692775886e-10,629.1046795999149,27.987229156998083,929944771.393396,929.9447713933962,7,5.5,550.0,6.514156594356944,21.47307256264114,6,4.4,440.00000000000006
6.0,V2V,sn_6,se_1,-63.55,86.55,0.12,True,2,4.417830196571e-10,4.324486868973e-10,0.978871,46.328827,16.66,D,4.41570447353313e-10,1103.3744311676985,30.42722915699808,1010901367.634741,1010.901367634741,7,5.5,550.0,6.514156594356944,23.913072562641137,6,4.4,440.00000000000006
6.0,V2V,sn_6,se_2,-57.41,80.41,0.15,True,2,1.814887676628e-09,1.799695567191e-09,0.991629,118.46252,20.74,D,1.8155156627731371e-09,4536.5208964846,36.56722915699808,1214768857.1778252,1214.768857177825,7,5.5,550.0,6.514156594356944,30.053072562641137,7,5.5,550.0
6.0,V2V,sn_6,se_3,-43.84,66.84,0.75,True,2,4.129047107791e-08,4.050837000845e-08,0.981059,51.794291,17.14,D,4.1304750199016106e-08,103210.27036235908,50.137229156998075,1665524099.1788063,1665.5240991788066,7,5.5,550.0,6.514156594356944,43.62307256264113,7,5.5,550.0
6.0,V2V,sn_7,sn_0,-71.48,94.48,0.13,True,2,7.118880636802e-11,5.135147093126e-11,0.721342,2.588627,4.13,D,7.112135136533279e-11,177.7145211527556,22.497229156998067,748151305.2715589,748.1513052715588,6,4.4,440.00000000000006,6.514156594356944,15.983072562641125,5,3.3,330.0
6.0,V2V,sn_7,sn_1,-70.26,93.26,0.15,True,2,9.429204337445e-11,6.562655144614001e-11,0.695992,2.289392,3.6,D,9.4188959652284e-11,235.35472176982503,23.717229156998066,788480987.6158897,788.4809876158897,6,4.4,440.00000000000006,6.514156594356944,17.203072562641122,5,3.3,330.0
6.0,V2V,sn_7,sn_2,-69.41,92.41,0.15,True,2,1.145968993887e-10,8.887674113359001e-11,0.77556,3.455529,5.39,D,1.1455129414455359e-10,286.2351178024827,24.56722915699807,816608833.5809702,816.6088335809702,6,4.4,440.00000000000006,6.514156594356944,18.05307256264113,5,3.3,330.0
6.0,V2V,sn_7,sn_3,-67.85,90.85,0.18,True,2,1.639883237619e-10,1.307792634962e-10,0.797491,3.93806,5.95,D,1.6405897731995418e-10,409.94247206385353,26.127229156998084,868279263.4588779,868.279263458878,7,5.5,550.0,6.514156594356944,19.61307256264114,5,3.3,330.0
6.0,V2V,sn_7,sn_4,-64.75,87.75,0.24,True,2,3.351391584673e-10,2.80848102271e-10,0.838004,5.173009,7.14,D,3.3496543915782786e-10,836.9951003443974,29.22722915699808,971079799.846128,971.079799846128,7,5.5,550.0,6.514156594356944,22.713072562641138,6,4.4,440.00000000000006
6.0,V2V,sn_7,sn_5,-62.11,85.11,0.17,True,2,6.151013801022e-10,5.936680750291e-10,0.965155,27.698391,14.42,D,6.151768727098676e-10,1537.1735949771803,31.86722915699807,1058700261.6622326,1058.7002616622326,7,5.5,550.0,6.514156594356944,25.353072562641128,7,5.5,550.0
6.0,V2V,sn_7,sn_6,-56.49,79.49,0.11,True,2,2.243869938459e-09,2.235193014803e-09,0.996133,257.602015,24.11,D,2.243881923782766e-09,5606.901358777526,37.48722915699808,1245324525.768144,1245.324525768144,7,5.5,550.0,6.514156594356944,30.973072562641132,7,5.5,550.0
6.0,V2V,sn_7,se_0,-67.77,90.77,0.19,True,2,1.670786552144e-10,1.185034217206e-10,0.709267,2.439585,3.87,D,1.6710906143107106e-10,417.5638716418567,26.20722915699808,870930398.0459294,870.9303980459295,7,5.5,550.0,6.514156594356944,19.693072562641134,5,3.3,330.0
6.0,V2V,sn_7,se_1,-66.05,89.05,0.21,True,2,2.480787675344e-10,2.085986093888e-10,0.840856,5.283632,7.23,D,2.4831331052955726e-10,620.4730398039912,27.92722915699808,927954799.6684452,927.9547996684452,7,5.5,550.0,6.514156594356944,21.413072562641137,6,4.4,440.00000000000006
6.0,V2V,sn_7,se_2,-62.42,85.42,0.29,True,2,5.731849408325e-10,4.999806750246e-10,0.872285,6.829939,8.34,D,5.727960309858291e-10,1431.2744402444507,31.557229156998076,1048409224.070319,1048.4092240703192,7,5.5,550.0,6.514156594356944,25.043072562641132,7,5.5,550.0
6.0,V2V,sn_7,se_3,-54.18,77.18,0.05,True,2,3.818963090003e-09,3.816844086531e-09,0.999445,1801.244848,32.56,D,3.819442708400464e-09,9543.834853574372,39.79722915699807,1322050452.0741751,1322.0504520741752,7,5.5,550.0,6.514156594356944,33.283072562641124,7,5.5,550.0
6.0,V2V,ew_0,ew_1,-53.67,76.67,0.14,True,2,4.291375467958e-09,4.276203519483e-09,0.996465,281.84933,24.5,D,4.295364267648873e-09,10733.044147048657,40.30722915699808,1338990610.6311092,1338.9906106311091,7,5.5,550.0,6.514156594356944,33.79307256264113,7,5.5,550.0
6.0,V2V,ew_0,ew_2,-59.98,82.98,0.16,True,2,1.004294515851e-09,9.860513986694e-10,0.981835,54.050598,17.33,D,1.0046157902783966e-09,2510.2843335292264,33.99722915699808,1129420966.7851117,1129.4209667851117,7,5.5,550.0,6.514156594356944,27.483072562641137,7,5.5,550.0
6.0,V2V,ew_0,ew_3,-63.41,86.41,0.25,True,2,4.557891066551e-10,4.054912447182e-10,0.889647,8.061799,9.06,D,4.5603691595129686e-10,1139.5225286139353,30.56722915699808,1015547922.8987366,1015.5479228987366,7,5.5,550.0,6.514156594356944,24.053072562641137,6,4.4,440.00000000000006
6.0,V2V,ew_0,ew_4,-66.43,89.43,0.22,True,2,2.274103967019e-10,1.74630623575e-10,0.76791,3.308666,5.2,D,2.2750974307720667e-10,568.4901126366983,27.547229156998068,915352698.4168464,915.3526984168464,7,5.5,550.0,6.514156594356944,21.033072562641124,6,4.4,440.00000000000006
6.0,V2V,ew_0,ew_5,-69.31,92.31,0.06,True,2,1.172790772528e-10,1.144177877426e-10,0.975603,39.98819,16.02,D,1.1721953655481304e-10,292.9023901919366,24.667229156998076,819919328.1680037,819.9193281680036,6,4.4,440.00000000000006,6.514156594356944,18.153072562641132,5,3.3,330.0
6.0,V2V,ew_0,ew_6,-70.85,93.85,0.07,True,2,8.217488022931e-11,7.892355527684001e-11,0.960434,24.274275,13.85,D,8.222426499470729e-11,205.4579335200082,23.127229156998084,768970404.7523787,768.9704047523787,6,4.4,440.00000000000006,6.514156594356944,16.61307256264114,5,3.3,330.0
6.0,V2V,ew_1,ew_0,-53.67,76.67,0.14,True,2,4.291384157026e-09,4.276203519483e-09,0.996463,281.688006,24.5,D,4.295364267648873e-09,10733.044147048657,40.30722915699808,1338990610.6311092,1338.9906106311091,7,5.5,550.0,6.514156594356944,33.79307256264113,7,5.5,550.0
6.0,V2V,ew_1,ew_2,-54.38,77.38,0.05,True,2,3.651565680576e-09,3.649421734108e-09,0.999413,1702.198161,32.31,D,3.647539469256073e-09,9114.291527376494,39.59722915699807,1315407308.227314,1315.407308227314,7,5.5,550.0,6.514156594356944,33.08307256264112,7,5.5,550.0
6.0,V2V,ew_1,ew_3,-60.71,83.71,0.07,True,2,8.49978625252e-10,8.466227968156e-10,0.996052,252.284291,24.02,D,8.491804750363144e-10,2121.8902424695507,33.26722915699808,1105181406.7710266,1105.1814067710266,7,5.5,550.0,6.514156594356944,26.753072562641133,7,5.5,550.0
6.0,V2V,ew_1,ew_4,-65.55,88.55,0.08,True,2,2.788363615749e-10,2.742872303512e-10,0.983685,60.29442,17.8,D,2.7861211686297715e-10,696.1822010569144,28.427229156998077,944539192.7949306,944.5391927949306,7,5.5,550.0,6.514156594356944,21.913072562641133,6,4.4,440.00000000000006
6.0,V2V,ew_1,ew_5,-66.86,89.86,0.2,True,2,2.059798246148e-10,1.635459427784e-10,0.79399,3.854136,5.86,D,2.0606299132700007e-10,514.9000283033484,27.117229156998075,901094771.5414563,901.0947715414565,7,5.5,550.0,6.514156594356944,20.60307256264113,6,4.4,440.00000000000006
6.0,V2V,ew_1,ew_6,-69.33,92.33,0.12,True,2,1.167355370241e-10,1.056897659725e-10,0.905378,9.568347,9.81,D,1.166809617060963e-10,291.5566259522646,24.647229156998076,819257208.3099303,819.2572083099303,6,4.4,440.00000000000006,6.514156594356944,18.133072562641132,5,3.3,330.0
6.0,V2V,ew_2,ew_0,-59.98,82.98,0.16,True,2,1.004292742318e-09,9.860513986694e-10,0.981837,54.055853,17.33,D,1.0046157902783966e-09,2510.2843335292264,33.99722915699808,1129420966.7851117,1129.4209667851117,7,5.5,550.0,6.514156594356944,27.483072562641137,7,5.5,550.0
6.0,V2V,ew_2,ew_1,-54.38,77.38,0.05,True,2,3.651568988645e-09,3.649421734108e-09,0.999412,1699.575748,32.3,D,3.647539469256073e-09,9114.291527376494,39.59722915699807,1315407308.227314,1315.407308227314,7,5.5,550.0,6.514156594356944,33.08307256264112,7,5.5,550.0
6.0,V2V,ew_2,ew_3,-55.01,78.01,0.03,True,2,3.151516485863e-09,3.150984645105e-09,0.999831,5924.67689,37.73,D,3.15500462337463e-09,7883.5697735498,38.96722915699808,1294481632.0273955,1294.4816320273956,7,5.5,550.0,6.514156594356944,32.45307256264114,7,5.5,550.0
6.0,V2V,ew_2,ew_4,-62.27,85.27,0.29,True,2,5.933299877791e-10,5.206115012206e-10,0.87744,7.159273,8.55,D,5.929253245799994e-10,1481.5725251874044,31.70722915699807,1053388696.5601294,1053.3886965601291,7,5.5,550.0,6.514156594356944,25.193072562641127,7,5.5,550.0
6.0,V2V,ew_2,ew_5,-65.49,88.49,0.16,True,2,2.824081222049e-10,2.631781160513e-10,0.931907,13.685805,11.36,D,2.82487997491571e-10,705.8670601988281,28.48722915699808,946529510.4065711,946.5295104065711,7,5.5,550.0,6.514156594356944,21.973072562641136,6,4.4,440.00000000000006
6.0,V2V,ew_2,ew_6,-67.6,90.6,0.16,True,2,1.738094969838e-10,1.534841131163e-10,0.883059,7.551351,8.78,D,1.7378008287493763e-10,434.23309064202306,26.377229156998077,876564443.8206458,876.5644438206458,7,5.5,550.0,6.514156594356944,19.863072562641133,5,3.3,330.0
6.0,V2V,ew_3,ew_0,-63.41,86.41,0.25,True,2,4.557849697949e-10,4.054912447182e-10,0.889655,8.062462,9.06,D,4.5603691595129686e-10,1139.5225286139353,30.56722915699808,1015547922.8987366,1015.5479228987366,7,5.5,550.0,6.514156594356944,24.053072562641137,6,4.4,440.00000000000006
6.0,V2V,ew_3,ew_1,-60.71,83.71,0.07,True,2,8.499784390379e-10,8.466227968156e-10,0.996052,252.298291,24.02,D,8.491804750363144e-10,2121.8902424695507,33.26722915699808,1105181406.7710266,1105.1814067710266,7,5.5,550.0,6.514156594356944,26.753072562641133,7,5.5,550.0
6.0,V2V,ew_3,ew_2,-55.01,78.01,0.03,True,2,3.151516387001e-09,3.150984645105e-09,0.999831,5925.778404,37.73,D,3.15500462337463e-09,7883.5697735498,38.96722915699808,1294481632.0273955,1294.4816320273956,7,5.5,550.0,6.514156594356944,32.45307256264114,7,5.5,550.0
6.0,V2V,ew_3,ew_4,-58.21,81.21,0.22,True,2,1.510653100879e-09,1.477867916486e-09,0.978297,45.07731,16.54,D,1.510080154164149e-09,3773.3137285461,35.76722915699808,1188199863.229732,1188.199863229732,7,5.5,550.0,6.514156594356944,29.253072562641133,7,5.5,550.0
6.0,V2V,ew_3,ew_5,-62.27,85.27,0.29,True,2,5.933194434929e-10,5.206115012206e-10,0.877456,7.160311,8.55,D,5.929253245799994e-10,1481.5725251874044,31.70722915699807,1053388696.5601294,1053.3886965601291,7,5.5,550.0,6.514156594356944,25.193072562641127,7,5.5,550.0
6.0,V2V,ew_3,ew_6,-64.96,87.96,0.25,True,2,3.193047751851e-10,2.527304563394e-10,0.791502,3.796215,5.79,D,3.1915378551007646e-10,797.4857209147337,29.017229156998077,964112279.8350874,964.1122798350874,7,5.5,550.0,6.514156594356944,22.503072562641133,6,4.4,440.00000000000006
6.0,V2V,ew_4,ew_0,-66.43,89.43,0.22,True,2,2.274074449664e-10,1.74630623575e-10,0.76792,3.308851,5.2,D,2.2750974307720667e-10,568.4901126366983,27.547229156998068,915352698.4168464,915.3526984168464,7,5.5,550.0,6.514156594356944,21.033072562641124,6,4.4,440.00000000000006
6.0,V2V,ew_4,ew_1,-65.55,88.55,0.08,True,2,2.788789177239e-10,2.742872303512e-10,0.983535,59.735607,17.76,D,2.7861211686297715e-10,696.1822010569144,28.427229156998077,944539192.7949306,944.5391927949306,7,5.5,550.0,6.514156594356944,21.913072562641133,6,4.4,440.00000000000006
6.0,V2V,ew_4,ew_2,-62.27,85.27,0.29,True,2,5.933253857298e-10,5.206115012206e-10,0.877447,7.159726,8.55,D,5.929253245799994e-10,1481.5725251874044,31.70722915699807,1053388696.5601294,1053.3886965601291,7,5.5,550.0,6.514156594356944,25.193072562641127,7,5.5,550.0
6.0,V2V,ew_4,ew_3,-58.21,81.21,0.22,True,2,1.510649706106e-09,1.477867916486e-09,0.9783,45.081978,16.54,D,1.510080154164149e-09,3773.3137285461,35.76722915699808,1188199863.229732,1188.199863229732,7,5.5,550.0,6.514156594356944,29.253072562641133,7,5.5,550.0
6.0,V2V,ew_4,ew_5,-55.01,78.01,0.03,True,2,3.151516485863e-09,3.150984645105e-09,0.999831,5924.67689,37.73,D,3.15500462337463e-09,7883.5697735498,38.96722915699808,1294481632.0273955,1294.4816320273956,7,5.5,550.0,6.514156594356944,32.45307256264114,7,5.5,550.0
6.0,V2V,ew_4,ew_6,-61.08,84.08,0.25,True,2,7.807234535005e-10,7.348043638954e-10,0.941184,16.002154,12.04,D,7.798301105232592e-10,1948.600975820238,32.89722915699808,1092896316.293829,1092.896316293829,7,5.5,550.0,6.514156594356944,26.383072562641136,7,5.5,550.0
6.0,V2V,ew_5,ew_0,-69.31,92.31,0.06,True,2,1.172788633489e-10,1.144177877426e-10,0.975605,39.991179,16.02,D,1.1721953655481304e-10,292.9023901919366,24.667229156998076,819919328.1680037,819.9193281680036,6,4.4,440.00000000000006,6.514156594356944,18.153072562641132,5,3.3,330.0
6.0,V2V,ew_5,ew_1,-66.86,89.86,0.2,True,2,2.05976903338e-10,1.635459427784e-10,0.794001,3.854401,5.86,D,2.0606299132700007e-10,514.9000283033484,27.117229156998075,901094771.5414563,901.0947715414565,7,5.5,550.0,6.514156594356944,20.60307256264113,6,4.4,440.00000000000006
6.0,V2V,ew_5,ew_2,-65.49,88.49,0.16,True,2,2.823308177458e-10,2.631781160513e-10,0.932162,13.741044,11.38,D,2.82487997491571e-10,705.8670601988281,28.48722915699808,946529510.4065711,946.5295104065711,7,5.5,550.0,6.514156594356944,21.973072562641136,6,4.4,440.00000000000006
6.0,V2V,ew_5,ew_3,-62.27,85.27,0.29,True,2,5.933230320945e-10,5.206115012206e-10,0.87745,7.159958,8.55,D,5.929253245799994e-10,1481.5725251874044,31.70722915699807,1053388696.5601294,1053.3886965601291,7,5.5,550.0,6.514156594356944,25.193072562641127,7,5.5,550.0
6.0,V2V,ew_5,ew_4,-55.01,78.01,0.03,True,2,3.151516259022e-09,3.150984645105e-09,0.999831,5927.204956,37.73,D,3.15500462337463e-09,7883.5697735498,38.96722915699808,1294481632.0273955,1294.4816320273956,7,5.5,550.0,6.514156594356944,32.45307256264114,7,5.5,550.0
6.0,V2V,ew_5,ew_6,-55.61,78.61,0.05,True,2,2.749801212691e-09,2.748103066901e-09,0.999382,1618.29631,32.09,D,2.747894153102397e-09,6866.302231640172,38.36722915699808,1274552774.303343,1274.552774303343,7,5.5,550.0,6.514156594356944,31.853072562641135,7,5.5,550.0
6.0,V2V,ew_6,ew_0,-70.85,93.85,0.07,True,2,8.217465178824e-11,7.892355527684001e-11,0.960437,24.27598,13.85,D,8.222426499470729e-11,205.4579335200082,23.127229156998084,768970404.7523787,768.9704047523787,6,4.4,440.00000000000006,6.514156594356944,16.61307256264114,5,3.3,330.0
6.0,V2V,ew_6,ew_1,-69.32,92.32,0.12,True,2,1.168326992427e-10,1.056897659725e-10,0.904625,9.484914,9.77,D,1.1694993910198722e-10,292.2287333882739,24.65722915699808,819588266.9391388,819.5882669391387,6,4.4,440.00000000000006,6.514156594356944,18.143072562641137,5,3.3,330.0
6.0,V2V,ew_6,ew_2,-67.6,90.6,0.16,True,2,1.738081706411e-10,1.534841131163e-10,0.883066,7.551844,8.78,D,1.7378008287493763e-10,434.23309064202306,26.377229156998077,876564443.8206458,876.5644438206458,7,5.5,550.0,6.514156594356944,19.863072562641133,5,3.3,330.0
6.0,V2V,ew_6,ew_3,-64.96,87.96,0.25,True,2,3.193009207611e-10,2.527304563394e-10,0.791512,3.796435,5.79,D,3.1915378551007646e-10,797.4857209147337,29.017229156998077,964112279.8350874,964.1122798350874,7,5.5,550.0,6.514156594356944,22.503072562641133,6,4.4,440.00000000000006
6.0,V2V,ew_6,ew_4,-61.08,84.08,0.25,True,2,7.807194024788e-10,7.348043638954e-10,0.941189,16.003566,12.04,D,7.798301105232592e-10,1948.600975820238,32.89722915699808,1092896316.293829,1092.896316293829,7,5.5,550.0,6.514156594356944,26.383072562641136,7,5.5,550.0
6.0,V2V,ew_6,ew_5,-55.61,78.61,0.05,True,2,2.749800873318e-09,2.748103066901e-09,0.999383,1618.619791,32.09,D,2.747894153102397e-09,6866.302231640172,38.36722915699808,1274552774.303343,1274.552774303343,7,5.5,550.0,6.514156594356944,31.853072562641135,7,5.5,550.0
6.0,V2V,ns_0,ns_1,-54.39,77.39,0.02,True,2,3.638066145303e-09,3.637869095235e-09,0.999946,18461.648523,42.66,D,3.63915036127207e-09,9093.329238560897,39.58722915699808,1315075151.9032753,1315.0751519032754,7,5.5,550.0,6.514156594356944,33.07307256264113,7,5.5,550.0
6.0,V2V,ns_0,ns_2,-60.66,83.66,0.15,True,2,8.599508700167e-10,8.440409530397e-10,0.981499,53.051248,17.25,D,8.59013521505396e-10,2146.4605734767515,33.317229156998074,1106841592.8960998,1106.8415928961,7,5.5,550.0,6.514156594356944,26.80307256264113,7,5.5,550.0
6.0,V2V,ns_0,ns_3,-63.76,86.76,0.28,True,2,4.203996801846e-10,3.490789151769e-10,0.83035,4.894492,6.9,D,4.2072662838444465e-10,1051.2909254983622,30.21722915699808,1003931790.4453076,1003.9317904453076,7,5.5,550.0,6.514156594356944,23.703072562641136,6,4.4,440.00000000000006
6.0,V2V,ns_0,ns_4,-67.96,90.96,0.07,True,2,1.600668212337e-10,1.567323181175e-10,0.979168,47.0032,16.72,D,1.599558028614671e-10,399.6896623225064,26.01722915699808,864634147.890844,864.634147890844,7,5.5,550.0,6.514156594356944,19.503072562641137,5,3.3,330.0
6.0,V2V,ns_0,ns_5,-69.18,92.18,0.14,True,2,1.20862486993e-10,1.020737957647e-10,0.844545,5.432725,7.35,D,1.207813835106777e-10,301.8025574979453,24.797229156998064,824223358.028338,824.223358028338,6,4.4,440.00000000000006,6.514156594356944,18.28307256264112,5,3.3,330.0
6.0,V2V,ns_0,ns_6,-71.53,94.53,0.01,True,2,7.030856574947001e-11,7.021198680199001e-11,0.998626,726.990598,28.62,D,7.030723198838326e-11,175.6802398510326,22.44722915699807,746499688.5787392,746.4996885787392,6,4.4,440.00000000000006,6.514156594356944,15.933072562641126,5,3.3,330.0
6.0,V2V,ns_1,ns_0,-54.39,77.39,0.02,True,2,3.638066049297e-09,3.637869095235e-09,0.999946,18470.647706,42.66,D,3.63915036127207e-09,9093.329238560897,39.58722915699808,1315075151.9032753,1315.0751519032754,7,5.5,550.0,6.514156594356944,33.07307256264113,7,5.5,550.0
6.0,V2V,ns_1,ns_2,-55.03,78.03,0.02,True,2,3.141918068603e-09,3.141715597343e-09,0.999936,15516.847158,41.91,D,3.140508693876216e-09,7847.34806066021,38.94722915699808,1293817330.8667457,1293.8173308667456,7,5.5,550.0,6.514156594356944,32.43307256264113,7,5.5,550.0
6.0,V2V,ns_1,ns_3,-61.01,84.01,0.28,True,2,7.923081101208e-10,7.327148230923e-10,0.924785,12.295258,10.9,D,7.925013304804717e-10,1980.2631946038773,32.96722915699807,1095220482.7851644,1095.2204827851644,7,5.5,550.0,6.514156594356944,26.45307256264113,7,5.5,550.0
6.0,V2V,ns_1,ns_4,-65.47,88.47,0.2,True,2,2.836589353784e-10,2.495927780518e-10,0.879905,7.326708,8.65,D,2.837919028441558e-10,709.1251945131328,28.50722915699808,947192958.2815912,947.1929582815912,7,5.5,550.0,6.514156594356944,21.993072562641135,6,4.4,440.00000000000006
6.0,V2V,ns_1,ns_5,-67.63,90.63,0.17,True,2,1.725154226091e-10,1.472832532516e-10,0.85374,5.837122,7.66,D,1.7258378919902038e-10,431.24385107201493,26.347229156998075,875570163.0586162,875.5701630586161,7,5.5,550.0,6.514156594356944,19.83307256264113,5,3.3,330.0
6.0,V2V,ns_1,ns_6,-70.2,93.2,0.03,True,2,9.545160056947e-11,9.469560875847e-11,0.99208,125.260099,20.98,D,9.54992586021435e-11,238.62883208931405,23.777229156998068,790465769.310078,790.465769310078,6,4.4,440.00000000000006,6.514156594356944,17.263072562641124,5,3.3,330.0
6.0,V2V,ns_2,ns_0,-60.66,83.66,0.15,True,2,8.599498136498e-10,8.440409530397e-10,0.9815,53.054771,17.25,D,8.59013521505396e-10,2146.4605734767515,33.317229156998074,1106841592.8960998,1106.8415928961,7,5.5,550.0,6.514156594356944,26.80307256264113,7,5.5,550.0
6.0,V2V,ns_2,ns_1,-55.03,78.03,0.02,True,2,3.141917489864e-09,3.141715597343e-09,0.999936,15561.327285,41.92,D,3.140508693876216e-09,7847.34806066021,38.94722915699808,1293817330.8667457,1293.8173308667456,7,5.5,550.0,6.514156594356944,32.43307256264113,7,5.5,550.0
6.0,V2V,ns_2,ns_3,-55.62,78.62,0.05,True,2,2.742107712452e-09,2.740540066913e-09,0.999428,1748.188604,32.43,D,2.741574171927886e-09,6850.510174732348,38.35722915699808,1274220629.922697,1274.220629922697,7,5.5,550.0,6.514156594356944,31.843072562641137,7,5.5,550.0
6.0,V2V,ns_2,ns_4,-62.77,85.77,0.24,True,2,5.27875675364e-10,4.839640816045e-10,0.916815,11.021328,10.42,D,5.284452517751803e-10,1320.4529029864573,31.207229156998075,1036790929.2434849,1036.7909292434847,7,5.5,550.0,6.514156594356944,24.69307256264113,6,4.4,440.00000000000006
6.0,V2V,ns_2,ns_5,-65.2,88.2,0.25,True,2,3.021153403755e-10,2.39935740433e-10,0.794186,3.858753,5.86,D,3.0199517204020126e-10,754.610624788109,28.777229156998068,956149917.7659488,956.1499177659488,7,5.5,550.0,6.514156594356944,22.263072562641124,6,4.4,440.00000000000006
6.0,V2V,ns_2,ns_6,-67.21,90.21,0.21,True,2,1.89970222876e-10,1.386636426924e-10,0.729923,2.702648,4.32,D,1.9010782799233035e-10,475.0320539538489,26.767229156998084,889491491.1466104,889.4914911466104,7,5.5,550.0,6.514156594356944,20.25307256264114,6,4.4,440.00000000000006
6.0,V2V,ns_3,ns_0,-63.76,86.76,0.28,True,2,4.203743772207e-10,3.490789151769e-10,0.8304,4.896229,6.9,D,4.2072662838444465e-10,1051.2909254983622,30.21722915699808,1003931790.4453076,1003.9317904453076,7,5.5,550.0,6.514156594356944,23.703072562641136,6,4.4,440.00000000000006
6.0,V2V,ns_3,ns_1,-61.01,84.01,0.28,True,2,7.922791465618e-10,7.327148230923e-10,0.924819,12.301236,10.9,D,7.925013304804717e-10,1980.2631946038773,32.96722915699807,1095220482.7851644,1095.2204827851644,7,5.5,550.0,6.514156594356944,26.45307256264113,7,5.5,550.0
6.0,V2V,ns_3,ns_2,-55.62,78.62,0.05,True,2,2.74210675075e-09,2.740540066913e-09,0.999429,1749.261722,32.43,D,2.741574171927886e-09,6850.510174732348,38.35722915699808,1274220629.922697,1274.220629922697,7,5.5,550.0,6.514156594356944,31.843072562641137,7,5.5,550.0
6.0,V2V,ns_3,ns_4,-58.31,81.31,0.22,True,2,1.474148253413e-09,1.439805081519e-09,0.976703,41.924057,16.22,D,1.475706533275893e-09,3687.422621878793,35.66722915699807,1184878825.484274,1184.878825484274,7,5.5,550.0,6.514156594356944,29.153072562641125,7,5.5,550.0
6.0,V2V,ns_3,ns_5,-62.77,85.77,0.24,True,2,5.278739945915e-10,4.839640816045e-10,0.916817,11.02175,10.42,D,5.284452517751803e-10,1320.4529029864573,31.207229156998075,1036790929.2434849,1036.7909292434847,7,5.5,550.0,6.514156594356944,24.69307256264113,6,4.4,440.00000000000006
6.0,V2V,ns_3,ns_6,-66.31,89.31,0.07,True,2,2.3386604451e-10,2.308287778421e-10,0.987013,75.998851,18.81,D,2.3388372386593535e-10,584.4171011142812,27.667229156998072,919332107.99225,919.33210799225,7,5.5,550.0,6.514156594356944,21.15307256264113,6,4.4,440.00000000000006
6.0,V2V,ns_4,ns_0,-67.96,90.96,0.07,True,2,1.600665803322e-10,1.567323181175e-10,0.97917,47.006596,16.72,D,1.599558028614671e-10,399.6896623225064,26.01722915699808,864634147.890844,864.634147890844,7,5.5,550.0,6.514156594356944,19.503072562641137,5,3.3,330.0
6.0,V2V,ns_4,ns_1,-65.47,88.47,0.2,True,2,2.836563602244e-10,2.495927780518e-10,0.879913,7.327262,8.65,D,2.837919028441558e-10,709.1251945131328,28.50722915699808,947192958.2815912,947.1929582815912,7,5.5,550.0,6.514156594356944,21.993072562641135,6,4.4,440.00000000000006
6.0,V2V,ns_4,ns_2,-62.77,85.77,0.24,True,2,5.27871663108e-10,4.839640816045e-10,0.916821,11.022335,10.42,D,5.284452517751803e-10,1320.4529029864573,31.207229156998075,1036790929.2434849,1036.7909292434847,7,5.5,550.0,6.514156594356944,24.69307256264113,6,4.4,440.00000000000006
6.0,V2V,ns_4,ns_3,-58.31,81.31,0.22,True,2,1.474144817106e-09,1.439805081519e-09,0.976705,41.928252,16.23,D,1.475706533275893e-09,3687.422621878793,35.66722915699807,1184878825.484274,1184.878825484274,7,5.5,550.0,6.514156594356944,29.153072562641125,7,5.5,550.0
6.0,V2V,ns_4,ns_5,-55.62,78.62,0.05,True,2,2.74210675075e-09,2.740540066913e-09,0.999429,1749.261722,32.43,D,2.741574171927886e-09,6850.510174732348,38.35722915699808,1274220629.922697,1274.220629922697,7,5.5,550.0,6.514156594356944,31.843072562641137,7,5.5,550.0
6.0,V2V,ns_4,ns_6,-61.88,84.88,0.1,True,2,6.481649192509e-10,6.420448610705e-10,0.990558,104.908294,20.21,D,6.486344335482374e-10,1620.7756960225822,32.09722915699807,1066335858.226094,1066.335858226094,7,5.5,550.0,6.514156594356944,25.583072562641124,7,5.5,550.0
6.0,V2V,ns_5,ns_0,-69.18,92.18,0.14,True,2,1.208613960139e-10,1.020737957647e-10,0.844553,5.433041,7.35,D,1.207813835106777e-10,301.8025574979453,24.797229156998064,824223358.028338,824.223358028338,6,4.4,440.00000000000006,6.514156594356944,18.28307256264112,5,3.3,330.0
6.0,V2V,ns_5,ns_1,-67.63,90.63,0.17,True,2,1.724463392597e-10,1.472832532516e-10,0.854082,5.853147,7.67,D,1.7258378919902038e-10,431.24385107201493,26.347229156998075,875570163.0586162,875.5701630586161,7,5.5,550.0,6.514156594356944,19.83307256264113,5,3.3,330.0
6.0,V2V,ns_5,ns_2,-65.2,88.2,0.25,True,2,3.021112422811e-10,2.39935740433e-10,0.794197,3.859008,5.86,D,3.0199517204020126e-10,754.610624788109,28.777229156998068,956149917.7659488,956.1499177659488,7,5.5,550.0,6.514156594356944,22.263072562641124,6,4.4,440.00000000000006
6.0,V2V,ns_5,ns_3,-62.77,85.77,0.24,True,2,5.278714748172e-10,4.839640816045e-10,0.916822,11.022382,10.42,D,5.284452517751803e-10,1320.4529029864573,31.207229156998075,1036790929.2434849,1036.7909292434847,7,5.5,550.0,6.514156594356944,24.69307256264113,6,4.4,440.00000000000006
6.0,V2V,ns_5,ns_4,-55.62,78.62,0.05,True,2,2.742106487005e-09,2.740540066913e-09,0.999429,1749.556254,32.43,D,2.741574171927886e-09,6850.510174732348,38.35722915699808,1274220629.922697,1274.220629922697,7,5.5,550.0,6.514156594356944,31.843072562641137,7,5.5,550.0
6.0,V2V,ns_5,ns_6,-56.18,79.18,0.02,True,2,2.411945367048e-09,2.411582086382e-09,0.999849,6638.344155,38.22,D,2.409905428686593e-09,6021.7526953687975,37.79722915699807,1255620730.524827,1255.620730524827,7,5.5,550.0,6.514156594356944,31.283072562641127,7,5.5,550.0
6.0,V2V,ns_6,ns_0,-71.53,94.53,0.01,True,2,7.030856324008e-11,7.021198680199001e-11,0.998626,727.009488,28.62,D,7.030723198838326e-11,175.6802398510326,22.44722915699807,746499688.5787392,746.4996885787392,6,4.4,440.00000000000006,6.514156594356944,15.933072562641126,5,3.3,330.0
6.0,V2V,ns_6,ns_1,-70.2,93.2,0.03,True,2,9.545156137106e-11,9.469560875847e-11,0.99208,125.266594,20.98,D,9.54992586021435e-11,238.62883208931405,23.777229156998068,790465769.310078,790.465769310078,6,4.4,440.00000000000006,6.514156594356944,17.263072562641124,5,3.3,330.0
6.0,V2V,ns_6,ns_2,-67.21,90.21,0.21,True,2,1.899878114542e-10,1.386636426924e-10,0.729855,2.701722,4.32,D,1.9010782799233035e-10,475.0320539538489,26.767229156998084,889491491.1466104,889.4914911466104,7,5.5,550.0,6.514156594356944,20.25307256264114,6,4.4,440.00000000000006
6.0,V2V,ns_6,ns_3,-66.31,89.31,0.07,True,2,2.338658745637e-10,2.308287778421e-10,0.987014,76.003104,18.81,D,2.3388372386593535e-10,584.4171011142812,27.667229156998072,919332107.99225,919.33210799225,7,5.5,550.0,6.514156594356944,21.15307256264113,6,4.4,440.00000000000006
6.0,V2V,ns_6,ns_4,-61.88,84.88,0.1,True,2,6.481644942121e-10,6.420448610705e-10,0.990559,104.91558,20.21,D,6.486344335482374e-10,1620.7756960225822,32.09722915699807,1066335858.226094,1066.335858226094,7,5.5,550.0,6.514156594356944,25.583072562641124,7,5.5,550.0
6.0,V2V,ns_6,ns_5,-56.18,79.18,0.02,True,2,2.411945122642e-09,2.411582086382e-09,0.999849,6642.81327,38.22,D,2.409905428686593e-09,6021.7526953687975,37.79722915699807,1255620730.524827,1255.620730524827,7,5.5,550.0,6.514156594356944,31.283072562641127,7,5.5,550.0
6.0,V2V,wn_0,we_0,-62.18,85.18,0.13,True,2,6.059566188207e-10,5.949413197314e-10,0.981822,54.010455,17.32,D,6.053408747539135e-10,1512.5958889403137,31.797229156998075,1056376435.9970613,1056.3764359970612,7,5.5,550.0,6.514156594356944,25.28307256264113,7,5.5,550.0
6.0,V2V,wn_0,we_1,-58.36,81.36,0.0,True,2,1.458625063138e-09,1.458611037355e-09,0.99999,103994.981221,50.17,D,1.4588142602753475e-09,3645.2130441662857,35.61722915699807,1183218314.3565938,1183.2183143565935,7,5.5,550.0,6.514156594356944,29.103072562641128,7,5.5,550.0
6.0,V2V,wn_0,we_2,-50.1,73.1,0.09,True,2,9.761313599585e-09,9.755248871909e-09,0.999379,1608.522162,32.06,D,9.772372209558113e-09,24418.721163313618,43.87722915699808,1457575910.6549568,1457.5759106549567,7,5.5,550.0,6.514156594356944,37.363072562641136,7,5.5,550.0
6.0,V2V,wn_0,we_3,-47.16,70.16,0.67,True,2,1.922902205715e-08,1.876225960496e-08,0.975726,40.196591,16.04,D,1.9230917289101618e-08,48053.2665894593,46.81722915699808,1555237690.8658516,1555.2376908658516,7,5.5,550.0,6.514156594356944,40.303072562641134,7,5.5,550.0
6.0,V2V,wn_0,we_4,-60.56,83.56,0.26,True,2,8.79690863251e-10,8.308100005224e-10,0.944434,16.996631,12.3,D,8.790225168308842e-10,2196.4580630456876,33.417229156998076,1110161991.7464972,1110.161991746497,7,5.5,550.0,6.514156594356944,26.903072562641132,7,5.5,550.0
6.0,V2V,wn_0,we_5,-63.8,86.8,0.24,True,2,4.17239750352e-10,3.693699761193e-10,0.88527,7.716142,8.87,D,4.1686938347033546e-10,1041.6526323596588,30.177229156998074,1002604287.7761337,1002.6042877761336,7,5.5,550.0,6.514156594356944,23.66307256264113,6,4.4,440.00000000000006
6.0,V2V,wn_0,we_6,-66.07,89.07,0.22,True,2,2.469886495031e-10,2.004403667275e-10,0.811537,4.306074,6.34,D,2.4717241450161343e-10,617.6222251414628,27.90722915699808,927291485.5606338,927.2914855606338,7,5.5,550.0,6.514156594356944,21.393072562641137,6,4.4,440.00000000000006
6.0,V2V,wn_0,we_7,-68.81,91.81,0.11,True,2,1.315263973316e-10,1.221073080879e-10,0.928386,12.963813,11.13,D,1.3152248321922374e-10,328.64188710450713,25.167229156998072,836475576.5057966,836.4755765057965,7,5.5,550.0,6.514156594356944,18.65307256264113,5,3.3,330.0
6.0,V2V,wn_0,wn_1,-56.99,79.99,0.09,True,2,2.001309425327e-09,1.995246530717e-09,0.996971,329.091409,25.17,D,1.9998618696327446e-09,4997.156096033844,36.98722915699808,1228718024.3201015,1228.7180243201014,7,5.5,550.0,6.514156594356944,30.473072562641132,7,5.5,550.0
6.0,V2V,wn_0,wn_2,-62.74,85.74,0.29,True,2,5.325711196336e-10,4.591854965346e-10,0.862205,6.257159,7.96,D,5.321082592667943e-10,1329.6058452443633,31.237229156998076,1037786756.1151872,1037.7867561151872,7,5.5,550.0,6.514156594356944,24.723072562641132,6,4.4,440.00000000000006
6.0,V2V,wn_0,wn_3,-66.43,89.43,0.22,True,2,2.275714684258e-10,1.746185175826e-10,0.767313,3.297616,5.18,D,2.2750974307720667e-10,568.4901126366983,27.547229156998068,915352698.4168464,915.3526984168464,7,5.5,550.0,6.514156594356944,21.033072562641124,6,4.4,440.00000000000006
6.0,V2V,wn_1,we_0,-65.63,88.63,0.18,True,2,2.737181268743e-10,2.489455671107e-10,0.909496,10.049247,10.02,D,2.735268726306714e-10,683.475443854751,28.347229156998075,941885497.4260888,941.8854974260888,7,5.5,550.0,6.514156594356944,21.83307256264113,6,4.4,440.00000000000006
6.0,V2V,wn_1,we_1,-63.21,86.21,0.25,True,2,4.771223573072e-10,4.240551250099e-10,0.888776,7.990903,9.03,D,4.775292736576912e-10,1193.2265708587984,30.767229156998077,1022186085.7985908,1022.1860857985909,7,5.5,550.0,6.514156594356944,24.253072562641133,6,4.4,440.00000000000006
6.0,V2V,wn_1,we_2,-59.98,82.98,0.28,True,2,1.004981061576e-09,9.477437413285e-10,0.943046,16.558143,12.19,D,1.0046157902783966e-09,2510.2843335292264,33.99722915699808,1129420966.7851117,1129.4209667851117,7,5.5,550.0,6.514156594356944,27.483072562641137,7,5.5,550.0
6.0,V2V,wn_1,we_3,-53.59,76.59,0.14,True,2,4.371290043528e-09,4.357566775578e-09,0.996861,317.531275,25.02,D,4.375221051582521e-09,10932.586335788406,40.387229156998075,1341647907.7924469,1341.6479077924469,7,5.5,550.0,6.514156594356944,33.87307256264113,7,5.5,550.0
6.0,V2V,wn_1,we_4,-51.75,74.75,0.34,True,2,6.687971969477e-09,6.594393002835e-09,0.986008,70.468752,18.48,D,6.683439175686149e-09,16700.247815307717,42.22722915699808,1402766827.564423,1402.766827564423,7,5.5,550.0,6.514156594356944,35.71307256264113,7,5.5,550.0
6.0,V2V,wn_1,we_5,-59.32,82.32,0.21,True,2,1.168262580351e-09,1.137821422885e-09,0.973943,37.377732,15.73,D,1.1694993910198702e-09,2922.287333882733,34.65722915699807,1151337592.523076,1151.337592523076,7,5.5,550.0,6.514156594356944,28.143072562641127,7,5.5,550.0
6.0,V2V,wn_1,we_6,-63.66,86.66,0.03,True,2,4.303386407821e-10,4.296151979734e-10,0.998319,593.848184,27.74,D,4.30526610491711e-10,1075.778636910822,30.31722915699808,1007250597.7203872,1007.2505977203872,7,5.5,550.0,6.514156594356944,23.803072562641137,6,4.4,440.00000000000006
6.0,V2V,wn_1,we_7,-66.29,89.29,0.16,True,2,2.34961966329e-10,2.155734109949e-10,0.917482,11.118591,10.46,D,2.349632820848305e-10,587.114647888132,27.68722915699807,919995361.3232226,919.9953613232226,7,5.5,550.0,6.514156594356944,21.173072562641128,6,4.4,440.00000000000006
6.0,V2V,wn_1,wn_0,-56.99,79.99,0.09,True,2,2.00130844926e-09,1.995246530717e-09,0.996971,329.144398,25.17,D,1.9998618696327446e-09,4997.156096033844,36.98722915699808,1228718024.3201015,1228.7180243201014,7,5.5,550.0,6.514156594356944,30.473072562641132,7,5.5,550.0
6.0,V2V,wn_1,wn_2,-57.69,80.69,0.09,True,2,1.701526851464e-09,1.696400904801e-09,0.996987,330.943924,25.2,D,1.70215850839495e-09,4253.26963616929,36.28722915699807,1205469575.905999,1205.469575905999,7,5.5,550.0,6.514156594356944,29.77307256264113,7,5.5,550.0
6.0,V2V,wn_1,wn_3,-64.02,87.02,0.23,True,2,3.962724595298e-10,3.521592865985e-10,0.88868,7.983087,9.02,D,3.962780342554402e-10,990.1999856457776,29.95722915699808,995303235.6360618,995.3032356360618,7,5.5,550.0,6.514156594356944,23.443072562641134,6,4.4,440.00000000000006
6.0,V2V,wn_2,we_0,-67.65,90.65,0.19,True,2,1.717746782014e-10,1.301493863869e-10,0.757675,3.12669,4.95,D,1.717908387157586e-10,429.2624655566181,26.32722915699807,874907318.038116,874.9073180381159,7,5.5,550.0,6.514156594356944,19.813072562641125,5,3.3,330.0
6.0,V2V,wn_2,we_1,-66.53,89.53,0.19,True,2,2.225293779805e-10,1.884962380037e-10,0.847062,5.538608,7.43,D,2.2233098906514008e-10,555.5496978139431,27.44722915699807,912036671.0384916,912.0366710384916,7,5.5,550.0,6.514156594356944,20.93307256264113,6,4.4,440.00000000000006
6.0,V2V,wn_2,we_2,-64.69,87.69,0.19,True,2,3.393917454884e-10,3.104351254877e-10,0.914681,10.720696,10.3,D,3.3962527259040885e-10,848.6388620449997,29.28722915699808,973070594.5555872,973.0705945555871,7,5.5,550.0,6.514156594356944,22.773072562641136,6,4.4,440.00000000000006
6.0,V2V,wn_2,we_3,-61.91,84.91,0.03,True,2,6.441618845894e-10,6.436758583381e-10,0.999245,1324.364387,31.22,D,6.441692655151775e-10,1609.618354610638,32.067229156998074,1065339896.4219202,1065.3398964219202,7,5.5,550.0,6.514156594356944,25.55307256264113,7,5.5,550.0
6.0,V2V,wn_2,we_4,-51.54,74.54,0.26,True,2,7.009500941094e-09,6.956216902989e-09,0.992398,130.549732,21.16,D,7.014552984199714e-09,17527.618651173696,42.43722915699807,1409742468.8047152,1409.7424688047151,7,5.5,550.0,6.514156594356944,35.923072562641124,7,5.5,550.0
6.0,V2V,wn_2,we_5,-44.48,67.48,0.92,True,2,3.568463289993e-08,3.456546999009e-08,0.968637,30.88511,14.9,D,3.5645113342624475e-08,89068.24923194518,49.49722915699808,1644263981.3115616,1644.2639813115616,7,5.5,550.0,6.514156594356944,42.98307256264114,7,5.5,550.0
6.0,V2V,wn_2,we_6,-57.56,80.56,0.13,True,2,1.752038292998e-09,1.740866425243e-09,0.993624,155.825907,21.93,D,1.7538805018417603e-09,4382.509999604598,36.41722915699808,1209787082.3688226,1209.787082368823,7,5.5,550.0,6.514156594356944,29.903072562641132,7,5.5,550.0
6.0,V2V,wn_2,we_7,-62.27,85.27,0.29,True,2,5.932094816518e-10,5.205574506782e-10,0.877527,7.165078,8.55,D,5.929253245799994e-10,1481.5725251874044,31.70722915699807,1053388696.5601294,1053.3886965601291,7,5.5,550.0,6.514156594356944,25.193072562641127,7,5.5,550.0
6.0,V2V,wn_2,wn_0,-62.74,85.74,0.29,True,2,5.325653324598e-10,4.591854965346e-10,0.862214,6.257652,7.96,D,5.321082592667943e-10,1329.6058452443633,31.237229156998076,1037786756.1151872,1037.7867561151872,7,5.5,550.0,6.514156594356944,24.723072562641132,6,4.4,440.00000000000006
6.0,V2V,wn_2,wn_1,-57.69,80.69,0.09,True,2,1.701538519957e-09,1.696400904801e-09,0.996981,330.192288,25.19,D,1.70215850839495e-09,4253.26963616929,36.28722915699807,1205469575.905999,1205.469575905999,7,5.5,550.0,6.514156594356944,29.77307256264113,7,5.5,550.0
6.0,V2V,wn_2,wn_3,-59.16,82.16,0.19,True,2,1.212489868598e-09,1.188335287625e-09,0.980079,49.197098,16.92,D,1.2133888504649784e-09,3031.956148088402,34.81722915699808,1156650892.3609087,1156.6508923609088,7,5.5,550.0,6.514156594356944,28.303072562641137,7,5.5,550.0
6.0,V2V,wn_3,we_0,-69.7,92.7,0.16,True,2,1.070431173444e-10,7.347478434205e-11,0.686404,2.188812,3.4,D,1.0715193052376048e-10,267.7459533327348,24.277229156998068,807009922.1125197,807.0099221125197,6,4.4,440.00000000000006,6.514156594356944,17.763072562641124,5,3.3,330.0
6.0,V2V,wn_3,we_1,-69.77,92.77,0.11,True,2,1.054267631497e-10,9.641314227344e-11,0.914503,10.696383,10.29,D,1.0543868963912601e-10,263.46499160201404,24.20722915699808,804693294.8844094,804.6932948844094,6,4.4,440.00000000000006,6.514156594356944,17.693072562641138,5,3.3,330.0
6.0,V2V,wn_3,we_2,-68.15,91.15,0.15,True,2,1.532523838764e-10,1.359573276061e-10,0.887147,7.861051,8.95,D,1.5310874616820288e-10,382.5805751329407,25.827229156998072,858338585.259962,858.338585259962,7,5.5,550.0,6.514156594356944,19.31307256264113,5,3.3,330.0
6.0,V2V,wn_3,we_3,-65.83,88.83,0.22,True,2,2.611149359635e-10,2.136090282099e-10,0.818065,4.496473,6.53,D,2.612161354399205e-10,652.7139816089966,28.147229156998073,935251574.3584628,935.2515743584628,7,5.5,550.0,6.514156594356944,21.63307256264113,6,4.4,440.00000000000006
6.0,V2V,wn_3,we_4,-62.19,85.19,0.12,True,2,6.045676306413e-10,5.95175907946e-10,0.984465,63.372389,18.02,D,6.039486293763805e-10,1509.1170149334846,31.78722915699808,1056044462.9128662,1056.0444629128665,7,5.5,550.0,6.514156594356944,25.273072562641136,7,5.5,550.0
6.0,V2V,wn_3,we_5,-57.43,80.43,0.16,True,2,1.80686326167e-09,1.788076827162e-09,0.989603,95.179148,19.79,D,1.8071741260109255e-09,4515.677476289169,36.54722915699807,1214104618.3168352,1214.104618316835,7,5.5,550.0,6.514156594356944,30.033072562641127,7,5.5,550.0
6.0,V2V,wn_3,we_6,-44.06,67.06,0.16,True,2,3.925851334406e-08,3.922387393256e-08,0.999118,1132.348161,30.54,D,3.9264493539959934e-08,98112.17776101932,49.91722915699807,1658215930.002741,1658.2159300027413,7,5.5,550.0,6.514156594356944,43.40307256264113,7,5.5,550.0
6.0,V2V,wn_3,we_7,-53.4,76.4,0.15,True,2,4.568159369561e-09,4.552605588064e-09,0.996595,292.700884,24.66,D,4.570881896148752e-09,11421.49399337519,40.57722915699807,1347959006.344139,1347.9590063441392,7,5.5,550.0,6.514156594356944,34.063072562641125,7,5.5,550.0
6.0,V2V,wn_3,wn_0,-66.43,89.43,0.22,True,2,2.275678742862e-10,1.746185175826e-10,0.767325,3.29784,5.18,D,2.2750974307720667e-10,568.4901126366983,27.547229156998068,915352698.4168464,915.3526984168464,7,5.5,550.0,6.514156594356944,21.033072562641124,6,4.4,440.00000000000006
6.0,V2V,wn_3,wn_1,-64.02,87.02,0.23,True,2,3.962693333483e-10,3.521592865985e-10,0.888687,7.983653,9.02,D,3.962780342554402e-10,990.1999856457776,29.95722915699808,995303235.6360618,995.3032356360618,7,5.5,550.0,6.514156594356944,23.443072562641134,6,4.4,440.00000000000006
6.0,V2V,wn_3,wn_2,-59.16,82.16,0.19,True,2,1.212487107922e-09,1.188335287625e-09,0.980081,49.202721,16.92,D,1.2133888504649784e-09,3031.956148088402,34.81722915699808,1156650892.3609087,1156.6508923609088,7,5.5,550.0,6.514156594356944,28.303072562641137,7,5.5,550.0
6.0,V2V,se_0,sn_0,-62.9,85.9,0.29,True,2,5.12979642171e-10,4.395752066035e-10,0.856906,5.988401,7.77,D,5.128613839913648e-10,1281.5127036265983,31.077229156998072,1032475740.084009,1032.475740084009,7,5.5,550.0,6.514156594356944,24.56307256264113,6,4.4,440.00000000000006
6.0,V2V,se_0,sn_1,-59.82,82.82,0.24,True,2,1.04334948978e-09,1.001903536669e-09,0.960276,24.173736,13.83,D,1.0423174293933035e-09,2604.491327819349,34.15722915699807,1134733973.753831,1134.7339737538307,7,5.5,550.0,6.514156594356944,27.643072562641127,7,5.5,550.0
6.0,V2V,se_0,sn_2,-53.05,76.05,0.18,True,2,4.958378394019e-09,4.933748392561e-09,0.995033,200.31458,23.02,D,4.954501908047905e-09,12380.064737750889,40.92722915699808,1359584776.7269745,1359.5847767269745,7,5.5,550.0,6.514156594356944,34.41307256264113,7,5.5,550.0
6.0,V2V,se_0,sn_3,-42.91,65.91,0.95,True,2,5.112519799389e-08,4.973454594394e-08,0.972799,35.763472,15.53,D,5.1168183554030845e-08,127856.5306197672,51.06722915699808,1696417761.012657,1696.417761012657,7,5.5,550.0,6.514156594356944,44.553072562641134,7,5.5,550.0
6.0,V2V,se_0,sn_4,-60.14,83.14,0.07,True,2,9.68352309057e-10,9.646571307144e-10,0.996184,261.058342,24.17,D,9.682778562612488e-10,2419.4848982040194,33.83722915699807,1124108037.7681706,1124.1080377681706,7,5.5,550.0,6.514156594356944,27.323072562641126,7,5.5,550.0
6.0,V2V,se_0,sn_5,-63.6,86.6,0.25,True,2,4.369574435841e-10,3.871579653059e-10,0.886031,7.774338,8.91,D,4.3651583224016556e-10,1090.7442084961658,30.37722915699807,1009241916.2566586,1009.2419162566586,7,5.5,550.0,6.514156594356944,23.86307256264113,6,4.4,440.00000000000006
6.0,V2V,se_0,sn_6,-65.99,88.99,0.22,True,2,2.518273138651e-10,1.999972187357e-10,0.794184,3.858708,5.86,D,2.51767692775886e-10,629.1046795999149,27.987229156998083,929944771.393396,929.9447713933962,7,5.5,550.0,6.514156594356944,21.47307256264114,6,4.4,440.00000000000006
6.0,V2V,se_0,sn_7,-67.77,90.77,0.19,True,2,1.670857438101e-10,1.185034217206e-10,0.709237,2.439229,3.87,D,1.6710906143107106e-10,417.5638716418567,26.20722915699808,870930398.0459294,870.9303980459295,7,5.5,550.0,6.514156594356944,19.693072562641134,5,3.3,330.0
6.0,V2V,se_0,se_1,-57.07,80.07,0.12,True,2,1.963152003988e-09,1.953756625543e-09,0.995214,207.948688,23.18,D,1.9633602768360475e-09,4905.947718231003,36.90722915699808,1226061018.47516,1226.0610184751602,7,5.5,550.0,6.514156594356944,30.393072562641137,7,5.5,550.0
6.0,V2V,se_0,se_2,-63.46,86.46,0.02,True,2,4.503477935858e-10,4.500182144245e-10,0.999268,1365.432853,31.35,D,4.508167045414601e-10,1126.4785220926035,30.517229156998074,1013888423.5778556,1013.8884235778556,7,5.5,550.0,6.514156594356944,24.00307256264113,6,4.4,440.00000000000006
6.0,V2V,se_0,se_3,-66.43,89.43,0.22,True,2,2.275710087746e-10,1.746185175826e-10,0.767314,3.297645,5.18,D,2.2750974307720667e-10,568.4901126366983,27.547229156998068,915352698.4168464,915.3526984168464,7,5.5,550.0,6.514156594356944,21.033072562641124,6,4.4,440.00000000000006
6.0,V2V,se_1,sn_0,-66.53,89.53,0.16,True,2,2.2251440886e-10,2.022557560912e-10,0.908956,9.983673,9.99,D,2.2233098906514008e-10,555.5496978139431,27.44722915699807,912036671.0384916,912.0366710384916,7,5.5,550.0,6.514156594356944,20.93307256264113,6,4.4,440.00000000000006
6.0,V2V,se_1,sn_1,-64.68,87.68,0.02,True,2,3.406289748548e-10,3.402928666053e-10,0.999013,1012.450207,30.05,D,3.404081897010002e-10,850.5951766641682,29.297229156998064,973402396.83315,973.40239683315,7,5.5,550.0,6.514156594356944,22.78307256264112,6,4.4,440.00000000000006
6.0,V2V,se_1,sn_2,-61.15,84.15,0.21,True,2,7.672651924241e-10,7.367029113476e-10,0.960167,24.104971,13.82,D,7.673614893618185e-10,1917.4450009040945,32.82722915699807,1090572169.0176008,1090.5721690176008,7,5.5,550.0,6.514156594356944,26.31307256264113,7,5.5,550.0
6.0,V2V,se_1,sn_3,-55.21,78.21,0.01,True,2,3.012788211171e-09,3.012727965339e-09,0.99998,50007.24234,46.99,D,3.0130060241861214e-09,7528.750685122742,38.76722915699808,1287838638.179147,1287.838638179147,7,5.5,550.0,6.514156594356944,32.25307256264114,7,5.5,550.0
6.0,V2V,se_1,sn_4,-49.53,72.53,0.54,True,2,1.115133479566e-08,1.088860970733e-08,0.97644,41.44488,16.17,D,1.1142945335917292e-08,27843.441618983736,44.44722915699807,1476510174.12596,1476.5101741259598,7,5.5,550.0,6.514156594356944,37.93307256264113,7,5.5,550.0
6.0,V2V,se_1,sn_5,-58.9,81.9,0.21,True,2,1.288354600676e-09,1.257496766693e-09,0.976049,40.751297,16.1,D,1.288249551693135e-09,3219.0143720468136,35.07722915699808,1165285141.226732,1165.285141226732,7,5.5,550.0,6.514156594356944,28.563072562641135,7,5.5,550.0
6.0,V2V,se_1,sn_6,-63.55,86.55,0.12,True,2,4.417838115861e-10,4.324486868973e-10,0.978869,46.324897,16.66,D,4.41570447353313e-10,1103.3744311676985,30.42722915699808,1010901367.634741,1010.901367634741,7,5.5,550.0,6.514156594356944,23.913072562641137,6,4.4,440.00000000000006
6.0,V2V,se_1,sn_7,-66.05,89.05,0.21,True,2,2.480813814541e-10,2.085986093888e-10,0.840847,5.283282,7.23,D,2.4831331052955726e-10,620.4730398039912,27.92722915699808,927954799.6684452,927.9547996684452,7,5.5,550.0,6.514156594356944,21.413072562641137,6,4.4,440.00000000000006
6.0,V2V,se_1,se_0,-57.07,80.07,0.12,True,2,1.963150994001e-09,1.953756625543e-09,0.995215,207.971045,23.18,D,1.9633602768360475e-09,4905.947718231003,36.90722915699808,1226061018.47516,1226.0610184751602,7,5.5,550.0,6.514156594356944,30.393072562641137,7,5.5,550.0
6.0,V2V,se_1,se_2,-57.74,80.74,0.17,True,2,1.683339718613e-09,1.663834301133e-09,0.988413,85.301138,19.31,D,1.682674061070467e-09,4204.582861245545,36.23722915699808,1203809004.5369685,1203.8090045369684,7,5.5,550.0,6.514156594356944,29.723072562641132,7,5.5,550.0
6.0,V2V,se_1,se_3,-64.4,87.4,0.1,True,2,3.62691138614e-10,3.553055155048e-10,0.979637,48.107724,16.82,D,3.63078054770101e-10,907.2415161671688,29.577229156998072,982693217.434533,982.693217434533,7,5.5,550.0,6.514156594356944,23.06307256264113,6,4.4,440.00000000000006
6.0,V2V,se_2,sn_0,-68.69,91.69,0.16,True,2,1.351126632775e-10,1.112049149607e-10,0.823053,4.651417,6.68,D,1.352072563194278e-10,337.84921619047424,25.287229156998077,840449962.405874,840.449962405874,7,5.5,550.0,6.514156594356944,18.773072562641133,5,3.3,330.0
6.0,V2V,se_2,sn_1,-66.62,89.62,0.22,True,2,2.178630163362e-10,1.61365512887e-10,0.740674,2.856153,4.56,D,2.1777097723531544e-10,544.1553654055858,27.357229156998063,909052363.6099662,909.0523636099662,7,5.5,550.0,6.514156594356944,20.84307256264112,6,4.4,440.00000000000006
6.0,V2V,se_2,sn_2,-64.97,87.97,0.24,True,2,3.187190245841e-10,2.656522796278e-10,0.8335,5.006003,6.99,D,3.1841975217261257e-10,795.6515546542042,29.007229156998076,963780503.5328268,963.7805035328266,7,5.5,550.0,6.514156594356944,22.49307256264113,6,4.4,440.00000000000006
6.0,V2V,se_2,sn_3,-62.34,85.34,0.22,True,2,5.839911062729e-10,5.478061455339e-10,0.938039,15.139056,11.8,D,5.834451042737446e-10,1457.883818774974,31.637229156998075,1051064928.0494204,1051.0649280494206,7,5.5,550.0,6.514156594356944,25.12307256264113,7,5.5,550.0
6.0,V2V,se_2,sn_4,-53.49,76.49,0.1,True,2,4.477936008453e-09,4.470734434086e-09,0.998392,620.799593,27.93,D,4.477133041763623e-09,11187.238984916596,40.48722915699807,1344969535.530419,1344.969535530419,7,5.5,550.0,6.514156594356944,33.97307256264112,7,5.5,550.0
6.0,V2V,se_2,sn_5,-41.27,64.27,0.94,True,2,7.47203361604e-08,7.306275151968e-08,0.977816,44.077841,16.44,D,7.464487584100653e-08,186518.9301374476,52.70722915699807,1750897026.8854232,1750.8970268854232,7,5.5,550.0,6.514156594356944,46.19307256264112,7,5.5,550.0
6.0,V2V,se_2,sn_6,-57.41,80.41,0.15,True,2,1.814888058748e-09,1.799695567191e-09,0.991629,118.45954,20.74,D,1.8155156627731371e-09,4536.5208964846,36.56722915699808,1214768857.1778252,1214.768857177825,7,5.5,550.0,6.514156594356944,30.053072562641137,7,5.5,550.0
6.0,V2V,se_2,sn_7,-62.42,85.42,0.29,True,2,5.731901132922e-10,4.999806750246e-10,0.872277,6.829457,8.34,D,5.727960309858291e-10,1431.2744402444507,31.557229156998076,1048409224.070319,1048.4092240703192,7,5.5,550.0,6.514156594356944,25.043072562641132,7,5.5,550.0
6.0,V2V,se_2,se_0,-63.46,86.46,0.02,True,2,4.503477629107e-10,4.500182144245e-10,0.999268,1365.55995,31.35,D,4.508167045414601e-10,1126.4785220926035,30.517229156998074,1013888423.5778556,1013.8884235778556,7,5.5,550.0,6.514156594356944,24.00307256264113,6,4.4,440.00000000000006
6.0,V2V,se_2,se_1,-57.74,80.74,0.17,True,2,1.683351106054e-09,1.663834301133e-09,0.988406,85.251367,19.31,D,1.682674061070467e-09,4204.582861245545,36.23722915699808,1203809004.5369685,1203.8090045369684,7,5.5,550.0,6.514156594356944,29.723072562641132,7,5.5,550.0
6.0,V2V,se_2,se_3,-58.96,81.96,0.25,True,2,1.271016803774e-09,1.228049765394e-09,0.966195,28.581206,14.56,D,1.270574105208542e-09,3174.847839101804,35.01722915699808,1163292607.6540935,1163.2926076540937,7,5.5,550.0,6.514156594356944,28.503072562641133,7,5.5,550.0
6.0,V2V,se_3,sn_0,-70.21,93.21,0.15,True,2,9.529175688948e-11,6.571029102104e-11,0.68957,2.221333,3.47,D,9.527961640236539e-11,238.08000100541076,23.767229156998084,790134964.3717892,790.1349643717892,6,4.4,440.00000000000006,6.514156594356944,17.25307256264114,5,3.3,330.0
6.0,V2V,se_3,sn_1,-70.53,93.53,0.05,True,2,8.847213772718e-11,8.692773727857001e-11,0.982544,56.28575,17.5,D,8.851156098308355e-11,221.1683182985596,23.447229156998077,779550928.9614408,779.5509289614408,6,4.4,440.00000000000006,6.514156594356944,16.933072562641133,5,3.3,330.0
6.0,V2V,se_3,sn_2,-69.07,92.07,0.02,True,2,1.239697522673e-10,1.237650205006e-10,0.998349,604.522798,27.81,D,1.2387965865303716e-10,309.5443744453702,24.907229156998085,827865562.3174295,827.8655623174295,6,4.4,440.00000000000006,6.514156594356944,18.39307256264114,5,3.3,330.0
6.0,V2V,se_3,sn_3,-65.98,88.98,0.23,True,2,2.521588995438e-10,1.969353441185e-10,0.780997,3.566147,5.52,D,2.5234807724805705e-10,630.5549156623114,27.997229156998067,930276437.6058474,930.2764376058474,7,5.5,550.0,6.514156594356944,21.483072562641123,6,4.4,440.00000000000006
6.0,V2V,se_3,sn_4,-62.67,85.67,0.13,True,2,5.404832108086e-10,5.288149115278e-10,0.978411,45.32065,16.56,D,5.407543229455805e-10,1351.2102022628196,31.30722915699807,1040110372.192574,1040.1103721925742,7,5.5,550.0,6.514156594356944,24.793072562641125,6,4.4,440.00000000000006
6.0,V2V,se_3,sn_5,-57.89,80.89,0.11,True,2,1.627160046613e-09,1.618471718902e-09,0.99466,186.281155,22.7,D,1.625548755750485e-09,4061.8409688917664,36.08722915699808,1198827317.9164271,1198.827317916427,7,5.5,550.0,6.514156594356944,29.573072562641133,7,5.5,550.0
6.0,V2V,se_3,sn_6,-43.84,66.84,0.75,True,2,4.129043581215e-08,4.050837000845e-08,0.981059,51.796626,17.14,D,4.1304750199016106e-08,103210.27036235908,50.137229156998075,1665524099.1788063,1665.5240991788066,7,5.5,550.0,6.514156594356944,43.62307256264113,7,5.5,550.0
6.0,V2V,se_3,sn_7,-54.18,77.18,0.05,True,2,3.818962589682e-09,3.816844086531e-09,0.999445,1801.670243,32.56,D,3.819442708400464e-09,9543.834853574372,39.79722915699807,1322050452.0741751,1322.0504520741752,7,5.5,550.0,6.514156594356944,33.283072562641124,7,5.5,550.0
6.0,V2V,se_3,se_0,-66.43,89.43,0.22,True,2,2.275680847289e-10,1.746185175826e-10,0.767324,3.297827,5.18,D,2.2750974307720667e-10,568.4901126366983,27.547229156998068,915352698.4168464,915.3526984168464,7,5.5,550.0,6.514156594356944,21.033072562641124,6,4.4,440.00000000000006
6.0,V2V,se_3,se_1,-64.4,87.4,0.1,True,2,3.626907281123e-10,3.553055155048e-10,0.979638,48.110398,16.82,D,3.63078054770101e-10,907.2415161671688,29.577229156998072,982693217.434533,982.693217434533,7,5.5,550.0,6.514156594356944,23.06307256264113,6,4.4,440.00000000000006
6.0,V2V,se_3,se_2,-58.96,81.96,0.25,True,2,1.271019996411e-09,1.228049765394e-09,0.966192,28.579082,14.56,D,1.270574105208542e-09,3174.847839101804,35.01722915699808,1163292607.6540935,1163.2926076540937,7,5.5,550.0,6.514156594356944,28.503072562641133,7,5.5,550.0
7.0,V2I,BS_1,we_0,-95.28,125.28,928.13,False,1,2.965127527113e-13,2.965127527113e-13,1.0,inf,inf,D,2.96483138952434e-13,0.7408374286667514,-1.3027708430019307,79978148.0526381,79.9781480526381,1,0.38,38.0,6.514156594356944,-7.816927437358874,0,0.15,15.0
7.0,V2I,BS_1,we_1,-95.43,125.43,944.14,False,1,2.865469234886e-13,2.865469234886e-13,1.0,inf,inf,D,2.864177969906574e-13,0.7156866491520673,-1.4527708430019377,77878608.48918995,77.87860848918996,1,0.38,38.0,6.514156594356944,-7.966927437358882,0,0.15,15.0
7.0,V2I,BS_1,we_2,-95.59,125.59,961.65,False,1,2.7620554879309996e-13,2.7620554879309996e-13,1.0,inf,inf,D,2.760577856220339e-13,0.6897995642729482,-1.6127708430019372,75685213.12538627,75.68521312538627,1,0.38,38.0,6.514156594356944,-8.126927437358882,0,0.15,15.0
7.0,V2I,BS_1,we_3,-95.76,125.76,980.68,False,1,2.655864659087e-13,2.655864659087e-13,1.0,inf,inf,D,2.6546055619755363e-13,0.6633197306285695,-1.782770843001933,73406551.6463654,73.4065516463654,1,0.38,38.0,6.514156594356944,-8.296927437358876,0,0.15,15.0
7.0,V2I,BS_1,we_4,-96.06,126.06,1015.15,False,1,2.478608444051e-13,2.478608444051e-13,1.0,inf,inf,D,2.477422057633287e-13,0.6190459914126152,-2.082770843001925,69514396.81237938,69.51439681237937,1,0.38,38.0,6.514156594356944,-8.596927437358868,0,0.15,15.0
7.0,V2I,BS_1,we_5,-96.22,126.22,1034.39,False,1,2.387232800423e-13,2.387232800423e-13,1.0,inf,inf,D,2.3878112829131784e-13,0.5966544934815537,-2.242770843001925,67505215.59120682,67.50521559120682,1,0.38,38.0,6.514156594356944,-8.756927437358868,0,0.15,15.0
7.0,V2I,BS_1,we_6,-96.39,126.39,1055.18,False,1,2.294102677998e-13,2.294102677998e-13,1.0,inf,inf,D,2.296148648112366e-13,0.5737502868846489,-2.4127708430019204,65420664.09384285,65.42066409384284,1,0.38,38.0,6.514156594356944,-8.926927437358865,0,0.15,15.0
7.0,V2I,BS_1,we_7,-96.58,126.58,1077.52,False,1,2.1999643363069997e-13,2.1999643363069997e-13,1.0,inf,inf,D,2.1978598727848278e-13,0.549190373009702,-2.602770843001921,63151444.13005374,63.15144413005375,1,0.38,38.0,6.514156594356944,-9.116927437358864,0,0.15,15.0
7.0,V2I,BS_1,we_8,-96.78,126.78,1103.65,False,1,2.097020989924e-13,2.097020989924e-13,1.0,inf,inf,D,2.09893988362352e-13,0.5244727345386107,-2.8027708430019347,60831034.77253621,60.83103477253621,1,0.38,38.0,6.514156594356944,-9.316927437358878,0,0.15,15.0
7.0,V2I,BS_1,sn_0,-95.22,125.22,921.57,False,1,3.007500729843e-13,3.007500729843e-13,1.0,inf,inf,D,3.0060763026282296e-13,0.7511435039051048,-1.2427708430019282,80829731.55755803,80.82973155755803,1,0.38,38.0,6.514156594356944,-7.756927437358872,0,0.15,15.0
7.0,V2I,BS_1,sn_1,-95.38,125.38,939.12,False,1,2.8961405918259997e-13,2.8961405918259997e-13,1.0,inf,inf,D,2.897343587701321e-13,0.723973909970345,-1.4027708430019292,78573794.13404603,78.57379413404604,1,0.38,38.0,6.514156594356944,-7.916927437358873,0,0.15,15.0
7.0,V2I,BS_1,sn_2,-95.56,125.56,958.2,False,1,2.781965615961e-13,2.781965615961e-13,1.0,inf,inf,D,2.7797132677592833e-13,0.6945810264266074,-1.5827708430019354,76092862.09641914,76.09286209641914,1,0.38,38.0,6.514156594356944,-8.096927437358879,0,0.15,15.0
7.0,V2I,BS_1,sn_3,-95.74,125.74,978.82,False,1,2.6659987089769996e-13,2.6659987089769996e-13,1.0,inf,inf,D,2.666858664521481e-13,0.6663814753926737,-1.762770843001925,73671870.66205348,73.67187066205348,1,0.38,38.0,6.514156594356944,-8.27692743735887,0,0.15,15.0
7.0,V2I,BS_1,sn_4,-96.05,126.05,1013.84,False,1,2.484978717943e-13,2.484978717943e-13,1.0,inf,inf,D,2.483133105295568e-13,0.6204730398039899,-2.0727708430019303,69641501.83943287,69.64150183943286,1,0.38,38.0,6.514156594356944,-8.586927437358874,0,0.15,15.0
7.0,V2I,BS_1,sn_5,-96.22,126.22,1034.68,False,1,2.385880370389e-13,2.385880370389e-13,1.0,inf,inf,D,2.3878112829131784e-13,0.5966544934815537,-2.242770843001925,67505215.59120682,67.50521559120682,1,0.38,38.0,6.514156594356944,-8.756927437358868,0,0.15,15.0
7.0,V2I,BS_1,sn_6,-96.41,126.41,1057.08,False,1,2.285853804267e-13,2.285853804267e-13,1.0,inf,inf,D,2.28559880337543e-13,0.5711141437719714,-2.4327708430019266,65178799.83734827,65.17879983734827,1,0.38,38.0,6.514156594356944,-8.94692743735887,0,0.15,15.0
7.0,V2I,BS_1,sn_7,-96.6,126.6,1081.04,False,1,2.1856422981120003e-13,2.1856422981120003e-13,1.0,inf,inf,D,2.1877616239495522e-13,0.5466670724511623,-2.622770843001928,62916268.31380722,62.91626831380722,1,0.38,38.0,6.514156594356944,-9.136927437358873,0,0.15,15.0
7.0,V2I,BS_1,sn_8,-96.82,126.82,1107.7,False,1,2.0817107452789997e-13,2.0817107452789997e-13,1.0,inf,inf,D,2.079696687103702e-13,0.5196643396061223,-2.8427708430019134,60375269.92856823,60.37526992856823,1,0.38,38.0,6.514156594356944,-9.356927437358856,0,0.15,15.0
7.0,V2I,BS_1,ew_0,-72.88,102.88,24.03,True,4,5.148546362464e-11,4.9750221303710006e-11,0.966296,28.670475,14.57,D,5.152286445817573e-11,128.742789750564,21.097229156998083,701951055.5100523,701.9510555100524,6,4.4,440.00000000000006,6.514156594356944,14.58307256264114,4,2.4,240.0
7.0,V2I,BS_1,ew_1,-72.51,102.51,0.54,True,2,5.611512166395e-11,4.90832721689e-11,0.874689,6.980137,8.44,D,5.610479760324701e-11,140.19189805908798,21.467229156998073,714151349.5343236,714.1513495343236,6,4.4,440.00000000000006,6.514156594356944,14.953072562641127,4,2.4,240.0
7.0,V2I,BS_1,ew_2,-72.62,102.62,0.53,True,2,5.471799619308001e-11,4.815648574352e-11,0.880085,7.339238,8.66,D,5.4701596289397105e-11,136.68564789954297,21.35722915699807,710523437.3188919,710.5234373188919,6,4.4,440.00000000000006,6.514156594356944,14.843072562641126,4,2.4,240.0
7.0,V2I,BS_1,ew_3,-72.68,102.68,0.54,True,2,5.3915455867220005e-11,4.694724817234e-11,0.870757,6.737349,8.28,D,5.395106225151268e-11,134.81025050352991,21.297229156998068,708544856.3263905,708.5448563263905,6,4.4,440.00000000000006,6.514156594356944,14.783072562641124,4,2.4,240.0
7.0,V2I,BS_1,ew_4,-73.41,103.41,0.23,True,2,4.556439025995e-11,4.454538127252e-11,0.977636,43.714415,16.41,D,4.560369159512969e-11,113.95225286139352,20.56722915699808,684489093.0385938,684.4890930385938,6,4.4,440.00000000000006,6.514156594356944,14.053072562641136,4,2.4,240.0
7.0,V2I,BS_1,ew_5,-73.01,103.01,0.54,True,2,5.0051168071220005e-11,4.2932529059620006e-11,0.857773,6.031002,7.8,D,5.000345349769783e-11,124.9461606639126,20.967229156998073,697666333.3478019,697.6663333478019,6,4.4,440.00000000000006,6.514156594356944,14.453072562641127,4,2.4,240.0
7.0,V2I,BS_1,ew_6,-73.36,103.36,0.47,True,2,4.610893698104e-11,4.110654178158e-11,0.891509,8.217372,9.15,D,4.6131757456037906e-11,115.27175776121416,20.61722915699807,686135690.0636741,686.1356900636741,6,4.4,440.00000000000006,6.514156594356944,14.103072562641128,4,2.4,240.0
7.0,V2I,BS_1,ew_7,-73.42,103.42,0.51,True,2,4.5539305399550006e-11,3.909202822561e-11,0.858424,6.063339,7.83,D,4.54988060150048e-11,113.69016995253573,20.55722915699807,684159793.3626566,684.1597933626566,6,4.4,440.00000000000006,6.514156594356944,14.043072562641123,4,2.4,240.0
7.0,V2I,BS_1,ew_8,-73.81,103.81,0.45,True,2,4.162332587973e-11,3.6923901436390005e-11,0.887096,7.857111,8.95,D,4.1591061049402186e-11,103.92568977861616,20.167229156998072,671322413.726748,671.322413726748,6,4.4,440.00000000000006,6.514156594356944,13.653072562641128,4,2.4,240.0
7.0,V2I,BS_1,ns_0,-72.45,102.45,47.59,True,4,5.684650650596e-11,4.729508104595e-11,0.831979,4.951625,6.95,D,5.6885293084384126e-11,142.1421616301452,21.527229156998075,716130486.125113,716.1304861251131,6,4.4,440.00000000000006,6.514156594356944,15.013072562641131,5,3.3,330.0
7.0,V2I,BS_1,ns_1,-73.16,103.16,9.17,True,4,4.834283121993e-11,4.6642911755160007e-11,0.964836,27.438307,14.38,D,4.830588020397728e-11,120.70434833577532,20.81722915699807,692723690.4337369,692.7236904337369,6,4.4,440.00000000000006,6.514156594356944,14.30307256264113,4,2.4,240.0
7.0,V2I,BS_1,ns_2,-73.03,103.03,0.43,True,2,4.9765303856970006e-11,4.572371994915e-11,0.918787,11.313317,10.54,D,4.977370849789361e-11,124.37208520213294,20.947229156998077,697007234.9528943,697.0072349528944,6,4.4,440.00000000000006,6.514156594356944,14.433072562641131,4,2.4,240.0
7.0,V2I,BS_1,ns_3,-73.45,103.45,0.18,True,2,4.515065719305e-11,4.451844101694e-11,0.985998,70.416485,18.48,D,4.5185594437492166e-11,112.9075323275666,20.527229156998068,683171934.0616398,683.1719340616398,6,4.4,440.00000000000006,6.514156594356944,14.013072562641124,4,2.4,240.0
7.0,V2I,BS_1,ns_4,-73.61,103.61,0.26,True,2,4.356536474886e-11,4.2264330923910005e-11,0.970136,32.48519,15.12,D,4.3551187368556876e-11,108.82355664307066,20.36722915699808,677904372.8699434,677.9043728699434,6,4.4,440.00000000000006,6.514156594356944,13.853072562641136,4,2.4,240.0
7.0,V2I,BS_1,ns_5,-73.6,103.6,0.38,True,2,4.362878396232e-11,4.06562804256e-11,0.931868,13.677454,11.36,D,4.3651583224016655e-11,109.0744208496168,20.37722915699808,678233544.3410568,678.2335443410568,6,4.4,440.00000000000006,6.514156594356944,13.863072562641136,4,2.4,240.0
7.0,V2I,BS_1,ns_6,-73.53,103.53,0.48,True,2,4.4402120868980006e-11,3.8842932342800006e-11,0.874799,6.987159,8.44,D,4.436086439314327e-11,110.84673761405114,20.447229156998077,680537936.5736606,680.5379365736607,6,4.4,440.00000000000006,6.514156594356944,13.933072562641131,4,2.4,240.0
7.0,V2I,BS_1,ns_7,-73.99,103.99,0.38,True,2,3.9932239806470005e-11,3.6852808998900005e-11,0.922884,11.967409,10.78,D,3.9902490236214286e-11,99.70637240433354,19.987229156998083,665401116.5525157,665.4011165525158,5,3.3,330.0,6.514156594356944,13.47307256264114,4,2.4,240.0
7.0,V2I,BS_1,wn_0,-95.73,125.73,977.54,False,1,2.6729617480079997e-13,2.6729617480079997e-13,1.0,inf,inf,D,2.6730064086633085e-13,0.6679176433441549,-1.752770843001931,73804805.46864752,73.80480546864753,1,0.38,38.0,6.514156594356944,-8.266927437358875,0,0.15,15.0
7.0,V2I,BS_1,wn_1,-95.95,125.95,1002.59,False,1,2.541062881725e-13,2.541062881725e-13,1.0,inf,inf,D,2.540972705549301e-13,0.6349257135305598,-1.972770843001934,70922508.51693246,70.92250851693245,1,0.38,38.0,6.514156594356944,-8.486927437358878,0,0.15,15.0
7.0,V2I,BS_1,wn_2,-96.18,126.18,1029.98,False,1,2.4077366628099996e-13,2.4077366628099996e-13,1.0,inf,inf,D,2.4099054286865933e-13,0.6021752695368797,-2.2027708430019297,68003197.9619512,68.0031979619512,1,0.38,38.0,6.514156594356944,-8.716927437358873,0,0.15,15.0
7.0,V2I,BS_1,wn_3,-96.48,126.48,1065.81,False,1,2.2485650190120003e-13,2.2485650190120003e-13,1.0,inf,inf,D,2.249054605835783e-13,0.5619826601288812,-2.502770843001923,64337843.79325641,64.33784379325641,1,0.38,38.0,6.514156594356944,-9.016927437358866,0,0.15,15.0
7.0,V2I,BS_1,wn_4,-96.71,126.71,1094.59,False,1,2.131861043914e-13,2.131861043914e-13,1.0,inf,inf,D,2.1330449131465798e-13,0.5329947309211842,-2.73277084300192,61635273.829679385,61.635273829679385,1,0.38,38.0,6.514156594356944,-9.246927437358863,0,0.15,15.0
7.0,V2I,BS_1,se_0,-95.77,125.77,981.51,False,1,2.651414264854e-13,2.651414264854e-13,1.0,inf,inf,D,2.648500138606701e-13,0.6617941375828836,-1.7927708430019265,73274167.2671773,73.2741672671773,1,0.38,38.0,6.514156594356944,-8.30692743735887,0,0.15,15.0
7.0,V2I,BS_1,se_1,-95.99,125.99,1006.77,False,1,2.520041209279e-13,2.520041209279e-13,1.0,inf,inf,D,2.517676927758854e-13,0.6291046795999135,-2.0127708430019293,70407930.85212491,70.40793085212492,1,0.38,38.0,6.514156594356944,-8.526927437358873,0,0.15,15.0
7.0,V2I,BS_1,se_2,-96.22,126.22,1034.35,False,1,2.387425337884e-13,2.387425337884e-13,1.0,inf,inf,D,2.3878112829131784e-13,0.5966544934815537,-2.242770843001925,67505215.59120682,67.50521559120682,1,0.38,38.0,6.514156594356944,-8.756927437358868,0,0.15,15.0
7.0,V2I,BS_1,se_3,-96.51,126.51,1069.57,False,1,2.232797178783e-13,2.232797178783e-13,1.0,inf,inf,D,2.233572222830533e-13,0.5581139987082789,-2.5327708430019245,63980079.13934445,63.98007913934445,1,0.38,38.0,6.514156594356944,-9.046927437358868,0,0.15,15.0
7.0,V2I,BS_1,se_4,-96.74,126.74,1098.56,False,1,2.1164833804820003e-13,2.1164833804820003e-13,1.0,inf,inf,D,2.1183611352485046e-13,0.5293256210016252,-2.7627708430019213,61289561.519398265,61.28956151939826,1,0.38,38.0,6.514156594356944,-9.276927437358864,0,0.15,15.0
7.0,V2V,we_0,we_1,-52.93,75.93,0.12,True,2,5.090779991328e-09,5.079530679973e-09,0.99779,451.541478,26.55,D,5.093308710571953e-09,12726.908322268746,41.04722915699807,1363570772.879392,1363.5707728793918,7,5.5,550.0,6.514156594356944,34.533072562641124,7,5.5,550.0
7.0,V2V,we_0,we_2,-59.17,82.17,0.26,True,2,1.209909473e-09,1.162992317424e-09,0.961223,24.78821,13.94,D,1.2105981335504826e-09,3024.982842454979,34.807229156998076,1156318809.2053058,1156.3188092053058,7,5.5,550.0,6.514156594356944,28.293072562641132,7,5.5,550.0
7.0,V2V,we_0,we_3,-62.84,85.84,0.24,True,2,5.194958060961e-10,4.751354571549e-10,0.914609,10.710814,10.3,D,5.19995996533515e-10,1299.3403211732011,31.137229156998067,1034467353.5157676,1034.4673535157676,7,5.5,550.0,6.514156594356944,24.623072562641124,6,4.4,440.00000000000006
7.0,V2V,we_0,we_4,-66.43,89.43,0.22,True,2,2.274124235973e-10,1.74630623575e-10,0.767903,3.308539,5.2,D,2.2750974307720667e-10,568.4901126366983,27.547229156998068,915352698.4168464,915.3526984168464,7,5.5,550.0,6.514156594356944,21.033072562641124,6,4.4,440.00000000000006
7.0,V2V,we_0,we_5,-67.92,90.92,0.19,True,2,1.613571367144e-10,1.17568624236e-10,0.728624,2.684919,4.29,D,1.614358556826487e-10,403.3879452340047,26.057229156998076,865959618.1055378,865.9596181055377,7,5.5,550.0,6.514156594356944,19.543072562641132,5,3.3,330.0
7.0,V2V,we_0,we_6,-69.16,92.16,0.17,True,2,1.213059949526e-10,8.258331417717e-11,0.680785,2.132686,3.29,D,1.2133888504649788e-10,303.1956148088402,24.81722915699808,824885554.5535557,824.8855545535557,6,4.4,440.00000000000006,6.514156594356944,18.303072562641137,5,3.3,330.0
7.0,V2V,we_0,we_7,-70.48,93.48,0.14,True,2,8.958857459293e-11,5.998397387401e-11,0.669549,2.026171,3.07,D,8.953647655495937e-11,223.72932672403635,23.49722915699807,781204459.5372025,781.2044595372025,6,4.4,440.00000000000006,6.514156594356944,16.98307256264113,5,3.3,330.0
7.0,V2V,we_0,we_8,-73.44,96.44,0.05,True,2,4.5264207716670006e-11,4.365768358357e-11,0.964508,27.175243,14.34,D,4.5289757990362126e-11,113.16781107037012,20.53722915699808,683501213.8591897,683.5012138591898,6,4.4,440.00000000000006,6.514156594356944,14.023072562641136,4,2.4,240.0
7.0,V2V,we_0,wn_0,-62.43,85.43,0.24,True,2,5.716869156523e-10,5.253516894817e-10,0.91895,11.338062,10.55,D,5.714786366718665e-10,1427.9826003794767,31.54722915699807,1048077263.4616412,1048.0772634616412,7,5.5,550.0,6.514156594356944,25.033072562641127,7,5.5,550.0
7.0,V2V,we_0,wn_1,-65.77,88.77,0.19,True,2,2.649734829011e-10,2.350877612132e-10,0.887212,7.866223,8.96,D,2.648500138606701e-10,661.7941375828838,28.207229156998075,937241703.1746424,937.2417031746425,7,5.5,550.0,6.514156594356944,21.69307256264113,6,4.4,440.00000000000006
7.0,V2V,we_0,wn_2,-67.79,90.79,0.19,True,2,1.66481125361e-10,1.270804896296e-10,0.763333,3.225341,5.09,D,1.6634126503701663e-10,415.64533992258026,26.187229156998065,870267603.3767391,870.2676033767391,7,5.5,550.0,6.514156594356944,19.67307256264112,5,3.3,330.0
7.0,V2V,we_0,wn_3,-71.53,94.53,0.01,True,2,7.029058530892e-11,7.027310932617e-11,0.999751,4021.124897,36.04,D,7.030723198838326e-11,175.6802398510326,22.44722915699807,746499688.5787392,746.4996885787392,6,4.4,440.00000000000006,6.514156594356944,15.933072562641126,5,3.3,330.0
7.0,V2V,we_0,wn_4,-72.69,95.69,0.08,True,2,5.3858983097040005e-11,4.840946557529e-11,0.898819,8.883257,9.49,D,5.382697825162882e-11,134.50019553130636,21.287229156998073,708215112.3212488,708.2151123212487,6,4.4,440.00000000000006,6.514156594356944,14.77307256264113,4,2.4,240.0
7.0,V2V,we_1,we_0,-52.93,75.93,0.12,True,2,5.090791097718e-09,5.079530679973e-09,0.997788,451.096113,26.54,D,5.093308710571953e-09,12726.908322268746,41.04722915699807,1363570772.879392,1363.5707728793918,7,5.5,550.0,6.514156594356944,34.533072562641124,7,5.5,550.0
7.0,V2V,we_1,we_2,-53.67,76.67,0.14,True,2,4.291373686117e-09,4.276203519483e-09,0.996465,281.882436,24.5,D,4.295364267648873e-09,10733.044147048657,40.30722915699808,1338990610.6311092,1338.9906106311091,7,5.5,550.0,6.514156594356944,33.79307256264113,7,5.5,550.0
7.0,V2V,we_1,we_3,-59.98,82.98,0.16,True,2,1.004298108606e-09,9.860536138556e-10,0.981834,54.046639,17.33,D,1.0046157902783966e-09,2510.2843335292264,33.99722915699808,1129420966.7851117,1129.4209667851117,7,5.5,550.0,6.514156594356944,27.483072562641137,7,5.5,550.0
7.0,V2V,we_1,we_4,-65.49,88.49,0.16,True,2,2.823329332486e-10,2.631778059252e-10,0.932154,13.739288,11.38,D,2.82487997491571e-10,705.8670601988281,28.48722915699808,946529510.4065711,946.5295104065711,7,5.5,550.0,6.514156594356944,21.973072562641136,6,4.4,440.00000000000006
7.0,V2V,we_1,we_5,-66.86,89.86,0.2,True,2,2.060431346353e-10,1.635459427784e-10,0.793746,3.848394,5.85,D,2.0606299132700007e-10,514.9000283033484,27.117229156998075,901094771.5414563,901.0947715414565,7,5.5,550.0,6.514156594356944,20.60307256264113,6,4.4,440.00000000000006
7.0,V2V,we_1,we_6,-68.12,91.12,0.19,True,2,1.541209043754e-10,1.084847217331e-10,0.703894,2.377165,3.76,D,1.5417004529495582e-10,385.2324969888951,25.857229156998073,859332574.523969,859.332574523969,7,5.5,550.0,6.514156594356944,19.34307256264113,5,3.3,330.0
7.0,V2V,we_1,we_7,-69.85,92.85,0.15,True,2,1.035563257176e-10,7.550179597778e-11,0.729089,2.691252,4.3,D,1.0351421666793452e-10,258.65621356305473,24.12722915699808,802045893.9249526,802.0458939249527,6,4.4,440.00000000000006,6.514156594356944,17.613072562641136,5,3.3,330.0
7.0,V2V,we_1,we_8,-70.91,93.91,0.14,True,2,8.106593380790001e-11,5.303552190738e-11,0.654227,1.892071,2.77,D,8.109610578538419e-11,202.638944990965,23.06722915699808,766986968.6219572,766.9869686219572,6,4.4,440.00000000000006,6.514156594356944,16.553072562641137,5,3.3,330.0
7.0,V2V,we_1,wn_0,-59.37,82.37,0.15,True,2,1.156465404309e-09,1.141060025054e-09,0.986679,74.068934,18.7,D,1.1561122421921003e-09,2888.8361873865574,34.60722915699808,1149677199.94146,1149.67719994146,7,5.5,550.0,6.514156594356944,28.093072562641137,7,5.5,550.0
7.0,V2V,we_1,wn_1,-63.51,86.51,0.27,True,2,4.45334746005e-10,3.816019682849e-10,0.856888,5.987531,7.77,D,4.4565624839750324e-10,1113.5838290792185,30.467229156998073,1012228941.202579,1012.228941202579,7,5.5,550.0,6.514156594356944,23.95307256264113,6,4.4,440.00000000000006
7.0,V2V,we_1,wn_2,-67.46,90.46,0.01,True,2,1.793919038696e-10,1.793190650874e-10,0.999594,2461.86248,33.91,D,1.7947336268325283e-10,448.45917711957225,26.517229156998077,881204627.627822,881.204627627822,7,5.5,550.0,6.514156594356944,20.003072562641133,6,4.4,440.00000000000006
7.0,V2V,we_1,wn_3,-68.83,91.83,0.17,True,2,1.308187879553e-10,9.025632030968e-11,0.689934,2.225119,3.47,D,1.3091819229994072e-10,327.1319147924555,25.147229156998073,835813210.9975464,835.8132109975464,7,5.5,550.0,6.514156594356944,18.63307256264113,5,3.3,330.0
7.0,V2V,we_1,wn_4,-70.4,93.4,0.14,True,2,9.119726493582e-11,5.945033552753001e-11,0.651887,1.872633,2.72,D,9.120108393559078e-11,227.8887654562488,23.577229156998065,783850284.2627612,783.8502842627612,6,4.4,440.00000000000006,6.514156594356944,17.06307256264112,5,3.3,330.0
7.0,V2V,we_2,we_0,-59.17,82.17,0.26,True,2,1.209903541839e-09,1.162992317424e-09,0.961227,24.791344,13.94,D,1.2105981335504826e-09,3024.982842454979,34.807229156998076,1156318809.2053058,1156.3188092053058,7,5.5,550.0,6.514156594356944,28.293072562641132,7,5.5,550.0
7.0,V2V,we_2,we_1,-53.67,76.67,0.14,True,2,4.291378930571e-09,4.276203519483e-09,0.996464,281.78502,24.5,D,4.295364267648873e-09,10733.044147048657,40.30722915699808,1338990610.6311092,1338.9906106311091,7,5.5,550.0,6.514156594356944,33.79307256264113,7,5.5,550.0
7.0,V2V,we_2,we_3,-54.38,77.38,0.05,True,2,3.651587190552e-09,3.649438392308e-09,0.999412,1698.362516,32.3,D,3.647539469256073e-09,9114.291527376494,39.59722915699807,1315407308.227314,1315.407308227314,7,5.5,550.0,6.514156594356944,33.08307256264112,7,5.5,550.0
7.0,V2V,we_2,we_4,-63.1,86.1,0.19,True,2,4.903218071083e-10,4.654879226848e-10,0.949352,18.744064,12.73,D,4.897788193684457e-10,1223.8351308556862,30.87722915699807,1025837185.2743404,1025.8371852743403,7,5.5,550.0,6.514156594356944,24.36307256264113,6,4.4,440.00000000000006
7.0,V2V,we_2,we_5,-64.96,87.96,0.25,True,2,3.193091280259e-10,2.527304563394e-10,0.791491,3.795967,5.79,D,3.1915378551007646e-10,797.4857209147337,29.017229156998077,964112279.8350874,964.1122798350874,7,5.5,550.0,6.514156594356944,22.503072562641133,6,4.4,440.00000000000006
7.0,V2V,we_2,we_6,-67.6,90.6,0.16,True,2,1.738100978531e-10,1.534841131163e-10,0.883056,7.551128,8.78,D,1.7378008287493763e-10,434.23309064202306,26.377229156998077,876564443.8206458,876.5644438206458,7,5.5,550.0,6.514156594356944,19.863072562641133,5,3.3,330.0
7.0,V2V,we_2,we_7,-68.51,91.51,0.18,True,2,1.409452262908e-10,1.004143333549e-10,0.712435,2.477476,3.94,D,1.409288798421872e-10,352.14612654219684,25.467229156998066,846412146.2266941,846.4121462266941,7,5.5,550.0,6.514156594356944,18.95307256264112,5,3.3,330.0
7.0,V2V,we_2,we_8,-70.02,93.02,0.15,True,2,9.960365828903e-11,6.716164776675001e-11,0.674289,2.070206,3.16,D,9.954054173515276e-11,248.72699084246065,23.957229156998075,796420794.7965842,796.4207947965842,6,4.4,440.00000000000006,6.514156594356944,17.44307256264113,5,3.3,330.0
7.0,V2V,we_2,wn_0,-53.1,76.1,0.2,True,2,4.900059370679e-09,4.869488145788e-09,0.993761,159.283384,22.02,D,4.897788193684457e-09,12238.35130855686,40.87722915699807,1357923947.6082606,1357.9239476082607,7,5.5,550.0,6.514156594356944,34.36307256264112,7,5.5,550.0
7.0,V2V,we_2,wn_1,-60.89,83.89,0.23,True,2,8.145455859195e-10,7.758300546574e-10,0.95247,20.039246,13.02,D,8.147042840208388e-10,2035.74283863278,33.08722915699807,1099204812.0218718,1099.2048120218717,7,5.5,550.0,6.514156594356944,26.573072562641126,7,5.5,550.0
7.0,V2V,we_2,wn_2,-64.53,87.53,0.26,True,2,3.525621514299e-10,2.835567654546e-10,0.804275,4.109198,6.14,D,3.523708710424869e-10,880.4869341391476,29.44722915699807,978379537.5097426,978.3795375097426,7,5.5,550.0,6.514156594356944,22.93307256264113,6,4.4,440.00000000000006
7.0,V2V,we_2,wn_3,-69.08,92.08,0.0,True,2,1.235480134078e-10,1.235463483986e-10,0.999987,74201.60069,48.7,D,1.2359474334445118e-10,308.83244214005794,24.89722915699808,827534440.4477073,827.5344404477073,6,4.4,440.00000000000006,6.514156594356944,18.383072562641136,5,3.3,330.0
7.0,V2V,we_2,wn_4,-70.38,93.38,0.13,True,2,9.1568787652e-11,7.640604050717001e-11,0.834411,5.039063,7.02,D,9.162204901220012e-11,228.94065220439805,23.597229156998083,784511773.8688577,784.5117738688577,6,4.4,440.00000000000006,6.514156594356944,17.08307256264114,5,3.3,330.0
7.0,V2V,we_3,we_0,-62.84,85.84,0.24,True,2,5.194027488944e-10,4.751354571549e-10,0.914773,10.73333,10.31,D,5.19995996533515e-10,1299.3403211732011,31.137229156998067,1034467353.5157676,1034.4673535157676,7,5.5,550.0,6.514156594356944,24.623072562641124,6,4.4,440.00000000000006
7.0,V2V,we_3,we_1,-59.98,82.98,0.16,True,2,1.004296772572e-09,9.860536138556e-10,0.981835,54.050597,17.33,D,1.0046157902783966e-09,2510.2843335292264,33.99722915699808,1129420966.7851117,1129.4209667851117,7,5.5,550.0,6.514156594356944,27.483072562641137,7,5.5,550.0
7.0,V2V,we_3,we_2,-54.38,77.38,0.05,True,2,3.65158766301e-09,3.649438392308e-09,0.999411,1697.989178,32.3,D,3.647539469256073e-09,9114.291527376494,39.59722915699807,1315407308.227314,1315.407308227314,7,5.5,550.0,6.514156594356944,33.08307256264112,7,5.5,550.0
7.0,V2V,we_3,we_4,-59.34,82.34,0.23,True,2,1.165154566175e-09,1.126363416765e-09,0.966707,29.036608,14.63,D,1.1641260294104906e-09,2908.8606432046245,34.637229156998075,1150673434.7014968,1150.673434701497,7,5.5,550.0,6.514156594356944,28.12307256264113,7,5.5,550.0
7.0,V2V,we_3,we_5,-63.1,86.1,0.19,True,2,4.903211453214e-10,4.654879226848e-10,0.949353,18.744564,12.73,D,4.897788193684457e-10,1223.8351308556862,30.87722915699807,1025837185.2743404,1025.8371852743403,7,5.5,550.0,6.514156594356944,24.36307256264113,6,4.4,440.00000000000006
7.0,V2V,we_3,we_6,-65.71,88.71,0.18,True,2,2.68465856797e-10,2.428925709224e-10,0.904743,9.497902,9.78,D,2.685344445658509e-10,671.0006111090726,28.267229156998077,939231873.4748445,939.2318734748444,7,5.5,550.0,6.514156594356944,21.753072562641133,6,4.4,440.00000000000006
7.0,V2V,we_3,we_7,-68.39,91.39,0.03,True,2,1.448189838561e-10,1.44322778781e-10,0.996574,290.853089,24.64,D,1.4487718535447602e-10,362.01195740748625,25.58722915699807,850387326.0332837,850.3873260332837,7,5.5,550.0,6.514156594356944,19.073072562641126,5,3.3,330.0
7.0,V2V,we_3,we_8,-68.93,91.93,0.17,True,2,1.280503950459e-10,8.989815239707001e-11,0.702053,2.356301,3.72,D,1.2793813041575227e-10,319.68548329773176,25.047229156998068,832501523.7510037,832.5015237510038,7,5.5,550.0,6.514156594356944,18.533072562641124,5,3.3,330.0
7.0,V2V,we_3,wn_0,-37.84,60.84,0.77,True,2,1.642521553801e-07,1.624374959645e-07,0.988952,89.51404,19.52,D,1.644371723214931e-07,410887.4870602025,56.13722915699807,1864838738.1740024,1864.8387381740024,7,5.5,550.0,6.514156594356944,49.62307256264113,7,5.5,550.0
7.0,V2V,we_3,wn_1,-55.74,78.74,0.01,True,2,2.66898996736e-09,2.668883224937e-09,0.99996,25003.022747,43.98,D,2.6668586645214808e-09,6663.8147539267375,38.23722915699808,1270234906.1355884,1270.2349061355883,7,5.5,550.0,6.514156594356944,31.723072562641132,7,5.5,550.0
7.0,V2V,we_3,wn_2,-62.17,85.17,0.28,True,2,6.071487620964e-10,5.450495678736e-10,0.89772,8.77708,9.43,D,6.067363295885045e-10,1516.0827825799713,31.80722915699807,1056708409.586277,1056.708409586277,7,5.5,550.0,6.514156594356944,25.293072562641125,7,5.5,550.0
7.0,V2V,we_3,wn_3,-66.1,89.1,0.23,True,2,2.457424411479e-10,1.855410910558e-10,0.755023,3.082009,4.89,D,2.4547089156850336e-10,613.3705436494336,27.87722915699808,926296523.6644944,926.2965236644944,7,5.5,550.0,6.514156594356944,21.363072562641136,6,4.4,440.00000000000006
7.0,V2V,we_3,wn_4,-69.79,92.79,0.03,True,2,1.048699118588e-10,1.044442332491e-10,0.995941,245.359365,23.9,D,1.0495424286523197e-10,262.25447992311837,24.187229156998065,804031427.2242707,804.0314272242707,6,4.4,440.00000000000006,6.514156594356944,17.67307256264112,5,3.3,330.0
7.0,V2V,we_4,we_0,-66.43,89.43,0.22,True,2,2.274533768515e-10,1.74630623575e-10,0.767764,3.305974,5.19,D,2.2750974307720667e-10,568.4901126366983,27.547229156998068,915352698.4168464,915.3526984168464,7,5.5,550.0,6.514156594356944,21.033072562641124,6,4.4,440.00000000000006
7.0,V2V,we_4,we_1,-65.49,88.49,0.16,True,2,2.822550943758e-10,2.631778059252e-10,0.932411,13.795347,11.4,D,2.82487997491571e-10,705.8670601988281,28.48722915699808,946529510.4065711,946.5295104065711,7,5.5,550.0,6.514156594356944,21.973072562641136,6,4.4,440.00000000000006
7.0,V2V,we_4,we_2,-63.1,86.1,0.19,True,2,4.903201789465e-10,4.654879226848e-10,0.949355,18.745293,12.73,D,4.897788193684457e-10,1223.8351308556862,30.87722915699807,1025837185.2743404,1025.8371852743403,7,5.5,550.0,6.514156594356944,24.36307256264113,6,4.4,440.00000000000006
7.0,V2V,we_4,we_3,-59.34,82.34,0.23,True,2,1.165151027416e-09,1.126363416765e-09,0.96671,29.039258,14.63,D,1.1641260294104906e-09,2908.8606432046245,34.637229156998075,1150673434.7014968,1150.673434701497,7,5.5,550.0,6.514156594356944,28.12307256264113,7,5.5,550.0
7.0,V2V,we_4,we_5,-54.38,77.38,0.05,True,2,3.651587983174e-09,3.649438392308e-09,0.999411,1697.736276,32.3,D,3.647539469256073e-09,9114.291527376494,39.59722915699807,1315407308.227314,1315.407308227314,7,5.5,550.0,6.514156594356944,33.08307256264112,7,5.5,550.0
7.0,V2V,we_4,we_6,-60.71,83.71,0.07,True,2,8.499803510205e-10,8.466246575719e-10,0.996052,252.294994,24.02,D,8.491804750363144e-10,2121.8902424695507,33.26722915699808,1105181406.7710266,1105.1814067710266,7,5.5,550.0,6.514156594356944,26.753072562641133,7,5.5,550.0
7.0,V2V,we_4,we_7,-63.81,86.81,0.27,True,2,4.160320696221e-10,3.501094197796e-10,0.841544,5.310912,7.25,D,4.159106104940219e-10,1039.2568977861615,30.167229156998072,1002272413.93691,1002.27241393691,7,5.5,550.0,6.514156594356944,23.65307256264113,6,4.4,440.00000000000006
7.0,V2V,we_4,we_8,-66.43,89.43,0.22,True,2,2.274536592877e-10,1.746308007899e-10,0.767764,3.30597,5.19,D,2.2750974307720667e-10,568.4901126366983,27.547229156998068,915352698.4168464,915.3526984168464,7,5.5,550.0,6.514156594356944,21.033072562641124,6,4.4,440.00000000000006
7.0,V2V,we_4,wn_0,-59.94,82.94,0.24,True,2,1.014776927681e-09,9.72168118131e-10,0.958012,22.81613,13.58,D,1.0139113857366802e-09,2533.511708487456,34.03722915699808,1130749211.3311422,1130.749211331142,7,5.5,550.0,6.514156594356944,27.523072562641136,7,5.5,550.0
7.0,V2V,we_4,wn_1,-50.32,73.32,0.48,True,2,9.280207272192e-09,9.085284424701e-09,0.978996,46.609643,16.68,D,9.289663867799364e-09,23212.553392802005,43.65722915699807,1450267975.831929,1450.2679758319289,7,5.5,550.0,6.514156594356944,37.14307256264112,7,5.5,550.0
7.0,V2V,we_4,wn_2,-52.28,75.28,0.25,True,2,5.921254343382e-09,5.87392018455e-09,0.992006,124.094741,20.94,D,5.915616341754743e-09,14781.65002937217,41.69722915699808,1385161729.866336,1385.161729866336,7,5.5,550.0,6.514156594356944,35.18307256264113,7,5.5,550.0
7.0,V2V,we_4,wn_3,-62.45,85.45,0.24,True,2,5.693157111597e-10,5.255987270425e-10,0.923211,12.022758,10.8,D,5.688529308438414e-10,1421.4216163014526,31.527229156998075,1047413343.8502268,1047.4133438502267,7,5.5,550.0,6.514156594356944,25.01307256264113,7,5.5,550.0
7.0,V2V,we_4,wn_4,-66.37,89.37,0.14,True,2,2.306728508882e-10,2.159250496462e-10,0.936066,14.641169,11.66,D,2.3067471887200668e-10,576.3985978810761,27.60722915699807,917342379.4001764,917.3423794001764,7,5.5,550.0,6.514156594356944,21.09307256264113,6,4.4,440.00000000000006
7.0,V2V,we_5,we_0,-67.92,90.92,0.19,True,2,1.613544480322e-10,1.17568624236e-10,0.728636,2.685084,4.29,D,1.614358556826487e-10,403.3879452340047,26.057229156998076,865959618.1055378,865.9596181055377,7,5.5,550.0,6.514156594356944,19.543072562641132,5,3.3,330.0
7.0,V2V,we_5,we_1,-66.86,89.86,0.2,True,2,2.059782905983e-10,1.635459427784e-10,0.793996,3.854275,5.86,D,2.0606299132700007e-10,514.9000283033484,27.117229156998075,901094771.5414563,901.0947715414565,7,5.5,550.0,6.514156594356944,20.60307256264113,6,4.4,440.00000000000006
7.0,V2V,we_5,we_2,-64.96,87.96,0.25,True,2,3.19304309996e-10,2.527304563394e-10,0.791503,3.796242,5.79,D,3.1915378551007646e-10,797.4857209147337,29.017229156998077,964112279.8350874,964.1122798350874,7,5.5,550.0,6.514156594356944,22.503072562641133,6,4.4,440.00000000000006
7.0,V2V,we_5,we_3,-63.1,86.1,0.19,True,2,4.903196888365e-10,4.654879226848e-10,0.949356,18.745663,12.73,D,4.897788193684457e-10,1223.8351308556862,30.87722915699807,1025837185.2743404,1025.8371852743403,7,5.5,550.0,6.514156594356944,24.36307256264113,6,4.4,440.00000000000006
7.0,V2V,we_5,we_4,-54.38,77.38,0.05,True,2,3.651588303337e-09,3.649438392308e-09,0.999411,1697.48345,32.3,D,3.647539469256073e-09,9114.291527376494,39.59722915699807,1315407308.227314,1315.407308227314,7,5.5,550.0,6.514156594356944,33.08307256264112,7,5.5,550.0
7.0,V2V,we_5,we_6,-55.01,78.01,0.03,True,2,3.151516653083e-09,3.150984645105e-09,0.999831,5922.814647,37.73,D,3.15500462337463e-09,7883.5697735498,38.96722915699808,1294481632.0273955,1294.4816320273956,7,5.5,550.0,6.514156594356944,32.45307256264114,7,5.5,550.0
7.0,V2V,we_5,we_7,-61.08,84.08,0.25,True,2,7.807237082469e-10,7.348026803539e-10,0.941181,16.001442,12.04,D,7.798301105232592e-10,1948.600975820238,32.89722915699808,1092896316.293829,1092.896316293829,7,5.5,550.0,6.514156594356944,26.383072562641136,7,5.5,550.0
7.0,V2V,we_5,we_8,-64.76,87.76,0.23,True,2,3.341937391651e-10,2.861149288903e-10,0.856135,5.950957,7.75,D,3.3419504002611355e-10,835.0700650327674,29.217229156998066,970748003.9066166,970.7480039066164,7,5.5,550.0,6.514156594356944,22.70307256264112,6,4.4,440.00000000000006
7.0,V2V,we_5,wn_0,-63.13,86.13,0.27,True,2,4.86072772692e-10,4.230280317939e-10,0.870298,6.709965,8.27,D,4.86407205691461e-10,1215.4103090741153,30.84722915699807,1024841423.303186,1024.841423303186,7,5.5,550.0,6.514156594356944,24.333072562641124,6,4.4,440.00000000000006
7.0,V2V,we_5,wn_1,-58.52,81.52,0.23,True,2,1.406391105458e-09,1.369300579385e-09,0.973627,36.917799,15.67,D,1.4060475241299127e-09,3513.3621292601515,35.45722915699807,1177904714.2818265,1177.9047142818265,7,5.5,550.0,6.514156594356944,28.943072562641124,7,5.5,550.0
7.0,V2V,we_5,wn_2,-40.99,63.99,0.89,True,2,7.969345922117e-08,7.81601720431e-08,0.98076,50.97556,17.07,D,7.961593504173186e-08,198940.3674206193,52.98722915699807,1760198377.256538,1760.198377256538,7,5.5,550.0,6.514156594356944,46.47307256264112,7,5.5,550.0
7.0,V2V,we_5,wn_3,-58.54,81.54,0.22,True,2,1.400021218582e-09,1.365018890355e-09,0.974999,38.997946,15.91,D,1.3995873225726181e-09,3497.2196965832527,35.43722915699807,1177240518.1474018,1177.240518147402,7,5.5,550.0,6.514156594356944,28.923072562641128,7,5.5,550.0
7.0,V2V,we_5,wn_4,-64.11,87.11,0.13,True,2,3.884956220839e-10,3.770401025098e-10,0.970513,32.9134,15.17,D,3.8815036599064864e-10,969.8909694918756,29.86722915699808,992316548.067638,992.316548067638,7,5.5,550.0,6.514156594356944,23.353072562641135,6,4.4,440.00000000000006
7.0,V2V,we_6,we_0,-69.16,92.16,0.17,True,2,1.213035610168e-10,8.258331417717e-11,0.680799,2.13282,3.29,D,1.2133888504649788e-10,303.1956148088402,24.81722915699808,824885554.5535557,824.8855545535557,6,4.4,440.00000000000006,6.514156594356944,18.303072562641137,5,3.3,330.0
7.0,V2V,we_6,we_1,-68.12,91.12,0.19,True,2,1.541179803297e-10,1.084847217331e-10,0.703907,2.377317,3.76,D,1.5417004529495582e-10,385.2324969888951,25.857229156998073,859332574.523969,859.332574523969,7,5.5,550.0,6.514156594356944,19.34307256264113,5,3.3,330.0
7.0,V2V,we_6,we_2,-67.6,90.6,0.16,True,2,1.738087687414e-10,1.534841131163e-10,0.883063,7.551622,8.78,D,1.7378008287493763e-10,434.23309064202306,26.377229156998077,876564443.8206458,876.5644438206458,7,5.5,550.0,6.514156594356944,19.863072562641133,5,3.3,330.0
7.0,V2V,we_6,we_3,-65.71,88.71,0.18,True,2,2.684642341731e-10,2.428925709224e-10,0.904748,9.498505,9.78,D,2.685344445658509e-10,671.0006111090726,28.267229156998077,939231873.4748445,939.2318734748444,7,5.5,550.0,6.514156594356944,21.753072562641133,6,4.4,440.00000000000006
7.0,V2V,we_6,we_4,-60.71,83.71,0.07,True,2,8.499801523459e-10,8.466246575719e-10,0.996052,252.309932,24.02,D,8.491804750363144e-10,2121.8902424695507,33.26722915699808,1105181406.7710266,1105.1814067710266,7,5.5,550.0,6.514156594356944,26.753072562641133,7,5.5,550.0
7.0,V2V,we_6,we_5,-55.01,78.01,0.03,True,2,3.151516358922e-09,3.150984645105e-09,0.999831,5926.091338,37.73,D,3.15500462337463e-09,7883.5697735498,38.96722915699808,1294481632.0273955,1294.4816320273956,7,5.5,550.0,6.514156594356944,32.45307256264114,7,5.5,550.0
7.0,V2V,we_6,we_7,-55.61,78.61,0.05,True,2,2.74979004175e-09,2.748091016288e-09,0.999382,1617.451344,32.09,D,2.747894153102397e-09,6866.302231640172,38.36722915699808,1274552774.303343,1274.552774303343,7,5.5,550.0,6.514156594356944,31.853072562641135,7,5.5,550.0
7.0,V2V,we_6,we_8,-61.82,84.82,0.29,True,2,6.574743027844e-10,5.861387015673e-10,0.891501,8.216636,9.15,D,6.576578373554198e-10,1643.3229319225882,32.15722915699807,1068327794.5318848,1068.3277945318848,7,5.5,550.0,6.514156594356944,25.643072562641127,7,5.5,550.0
7.0,V2V,we_6,wn_0,-65.5,88.5,0.24,True,2,2.820812078001e-10,2.26593807089e-10,0.803293,4.083698,6.11,D,2.8183829312644546e-10,704.2436110106083,28.47722915699808,946197788.0886794,946.1977880886794,7,5.5,550.0,6.514156594356944,21.963072562641138,6,4.4,440.00000000000006
7.0,V2V,we_6,wn_1,-62.51,85.51,0.28,True,2,5.605015158789e-10,4.975019260127e-10,0.887601,7.896907,8.97,D,5.610479760324711e-10,1401.9189805908825,31.46722915699808,1045421597.9525236,1045.4215979525236,7,5.5,550.0,6.514156594356944,24.953072562641136,6,4.4,440.00000000000006
7.0,V2V,we_6,wn_2,-56.57,79.57,0.11,True,2,2.203708814781e-09,2.194900019016e-09,0.996003,249.171405,23.96,D,2.202926463053456e-09,5504.5638756957915,37.40722915699807,1242667461.575591,1242.6674615755912,7,5.5,550.0,6.514156594356944,30.893072562641127,7,5.5,550.0
7.0,V2V,we_6,wn_3,-49.28,72.28,0.39,True,2,1.180186767416e-08,1.166893366585e-08,0.988736,87.779898,19.43,D,1.1803206356517298e-08,29493.26925666491,44.69722915699808,1484814704.527316,1484.814704527316,7,5.5,550.0,6.514156594356944,38.18307256264113,7,5.5,550.0
7.0,V2V,we_6,wn_4,-60.47,83.47,0.16,True,2,8.980231901332e-10,8.812842577335e-10,0.98136,52.648773,17.21,D,8.97428794500749e-10,2242.4507608714366,33.50722915699808,1113150380.4835851,1113.1503804835852,7,5.5,550.0,6.514156594356944,26.993072562641135,7,5.5,550.0
7.0,V2V,we_7,we_0,-70.48,93.48,0.14,True,2,8.958674706435001e-11,5.998397387401e-11,0.669563,2.026296,3.07,D,8.953647655495937e-11,223.72932672403635,23.49722915699807,781204459.5372025,781.2044595372025,6,4.4,440.00000000000006,6.514156594356944,16.98307256264113,5,3.3,330.0
7.0,V2V,we_7,we_1,-69.84,92.84,0.15,True,2,1.036346962351e-10,7.550179597778e-11,0.728538,2.683754,4.29,D,1.0375284158180128e-10,259.2524777156453,24.137229156998075,802376808.8442774,802.3768088442774,6,4.4,440.00000000000006,6.514156594356944,17.62307256264113,5,3.3,330.0
7.0,V2V,we_7,we_2,-68.51,91.51,0.18,True,2,1.409426511369e-10,1.004143333549e-10,0.712448,2.477634,3.94,D,1.409288798421872e-10,352.14612654219684,25.467229156998066,846412146.2266941,846.4121462266941,7,5.5,550.0,6.514156594356944,18.95307256264112,5,3.3,330.0
7.0,V2V,we_7,we_3,-68.39,91.39,0.03,True,2,1.448189621801e-10,1.44322778781e-10,0.996574,290.865795,24.64,D,1.4487718535447602e-10,362.01195740748625,25.58722915699807,850387326.0332837,850.3873260332837,7,5.5,550.0,6.514156594356944,19.073072562641126,5,3.3,330.0
7.0,V2V,we_7,we_4,-63.81,86.81,0.27,True,2,4.160279382999e-10,3.501094197796e-10,0.841553,5.311245,7.25,D,4.159106104940219e-10,1039.2568977861615,30.167229156998072,1002272413.93691,1002.27241393691,7,5.5,550.0,6.514156594356944,23.65307256264113,6,4.4,440.00000000000006
7.0,V2V,we_7,we_5,-61.08,84.08,0.25,True,2,7.807194855483e-10,7.348026803539e-10,0.941187,16.002914,12.04,D,7.798301105232592e-10,1948.600975820238,32.89722915699808,1092896316.293829,1092.896316293829,7,5.5,550.0,6.514156594356944,26.383072562641136,7,5.5,550.0
7.0,V2V,we_7,we_6,-55.61,78.61,0.05,True,2,2.749789349158e-09,2.748091016288e-09,0.999382,1618.110952,32.09,D,2.747894153102397e-09,6866.302231640172,38.36722915699808,1274552774.303343,1274.552774303343,7,5.5,550.0,6.514156594356944,31.853072562641135,7,5.5,550.0
7.0,V2V,we_7,we_8,-56.93,79.93,0.06,True,2,2.026206223979e-09,2.023790887959e-09,0.998808,837.892066,29.23,D,2.0276827195212836e-09,5066.673462072172,37.04722915699808,1230710785.140079,1230.710785140079,7,5.5,550.0,6.514156594356944,30.533072562641134,7,5.5,550.0
7.0,V2V,we_7,wn_0,-67.78,90.78,0.18,True,2,1.665664709459e-10,1.367753515521e-10,0.821146,4.591145,6.62,D,1.667247212551061e-10,416.6035013870716,26.19722915699807,870598999.7977033,870.5989997977033,7,5.5,550.0,6.514156594356944,19.68307256264113,5,3.3,330.0
7.0,V2V,we_7,wn_1,-66.04,89.04,0.08,True,2,2.486360048821e-10,2.44851570805e-10,0.984779,64.699653,18.11,D,2.4888573182823853e-10,621.9033778816554,27.937229156998065,928286458.566976,928.286458566976,7,5.5,550.0,6.514156594356944,21.42307256264112,6,4.4,440.00000000000006
7.0,V2V,we_7,wn_2,-61.72,84.72,0.28,True,2,6.725670805053e-10,6.121907971619e-10,0.91023,10.139591,10.06,D,6.729766562843181e-10,1681.60084029065,32.25722915699808,1071647725.4536436,1071.6477254536435,7,5.5,550.0,6.514156594356944,25.743072562641135,7,5.5,550.0
7.0,V2V,we_7,wn_3,-49.76,72.76,0.52,True,2,1.057759502269e-08,1.033862824898e-08,0.977408,43.263873,16.36,D,1.0568175092136585e-08,26407.234113284816,44.21722915699807,1468870021.3005097,1468.8700213005095,7,5.5,550.0,6.514156594356944,37.703072562641125,7,5.5,550.0
7.0,V2V,we_7,wn_4,-53.29,76.29,0.05,True,2,4.686717667847e-09,4.684760759065e-09,0.999582,2393.9597,33.79,D,4.688133821452655e-09,11714.47731497415,40.68722915699808,1351612811.3598385,1351.6128113598386,7,5.5,550.0,6.514156594356944,34.17307256264114,7,5.5,550.0
7.0,V2V,we_8,we_0,-73.44,96.44,0.05,True,2,4.52640967843e-11,4.365768358357e-11,0.96451,27.17712,14.34,D,4.5289757990362126e-11,113.16781107037012,20.53722915699808,683501213.8591897,683.5012138591898,6,4.4,440.00000000000006,6.514156594356944,14.023072562641136,4,2.4,240.0
7.0,V2V,we_8,we_1,-70.91,93.91,0.14,True,2,8.106419211778e-11,5.303552190738e-11,0.654241,1.892188,2.77,D,8.109610578538419e-11,202.638944990965,23.06722915699808,766986968.6219572,766.9869686219572,6,4.4,440.00000000000006,6.514156594356944,16.553072562641137,5,3.3,330.0
7.0,V2V,we_8,we_2,-70.02,93.02,0.15,True,2,9.956066152562e-11,6.716164776675001e-11,0.67458,2.072953,3.17,D,9.954054173515276e-11,248.72699084246065,23.957229156998075,796420794.7965842,796.4207947965842,6,4.4,440.00000000000006,6.514156594356944,17.44307256264113,5,3.3,330.0
7.0,V2V,we_8,we_3,-68.93,91.93,0.17,True,2,1.279913880245e-10,8.989815239707001e-11,0.702377,2.359951,3.73,D,1.2793813041575227e-10,319.68548329773176,25.047229156998068,832501523.7510037,832.5015237510038,7,5.5,550.0,6.514156594356944,18.533072562641124,5,3.3,330.0
7.0,V2V,we_8,we_4,-66.43,89.43,0.22,True,2,2.274061823103e-10,1.746308007899e-10,0.767925,3.308944,5.2,D,2.2750974307720667e-10,568.4901126366983,27.547229156998068,915352698.4168464,915.3526984168464,7,5.5,550.0,6.514156594356944,21.033072562641124,6,4.4,440.00000000000006
7.0,V2V,we_8,we_5,-64.76,87.76,0.23,True,2,3.342705119796e-10,2.861149288903e-10,0.855938,5.94147,7.74,D,3.3419504002611355e-10,835.0700650327674,29.217229156998066,970748003.9066166,970.7480039066164,7,5.5,550.0,6.514156594356944,22.70307256264112,6,4.4,440.00000000000006
7.0,V2V,we_8,we_6,-61.82,84.82,0.29,True,2,6.574688091227e-10,5.861387015673e-10,0.891508,8.217269,9.15,D,6.576578373554198e-10,1643.3229319225882,32.15722915699807,1068327794.5318848,1068.3277945318848,7,5.5,550.0,6.514156594356944,25.643072562641127,7,5.5,550.0
7.0,V2V,we_8,we_7,-56.93,79.93,0.06,True,2,2.026205713448e-09,2.023790887959e-09,0.998808,838.069209,29.23,D,2.0276827195212836e-09,5066.673462072172,37.04722915699808,1230710785.140079,1230.710785140079,7,5.5,550.0,6.514156594356944,30.533072562641134,7,5.5,550.0
7.0,V2V,we_8,wn_0,-70.63,93.63,0.02,True,2,8.651288930677001e-11,8.615856926338e-11,0.995904,243.165948,23.86,D,8.649679187756938e-11,216.13391273755465,23.347229156998075,776244125.8507134,776.2441258507133,6,4.4,440.00000000000006,6.514156594356944,16.83307256264113,5,3.3,330.0
7.0,V2V,we_8,wn_1,-68.59,91.59,0.07,True,2,1.383413320674e-10,1.347864577322e-10,0.974304,37.915956,15.79,D,1.3835663789717808e-10,345.71873537525755,25.387229156998075,843762198.623089,843.7621986230889,7,5.5,550.0,6.514156594356944,18.87307256264113,5,3.3,330.0
7.0,V2V,we_8,wn_2,-65.03,88.03,0.25,True,2,3.140975979911e-10,2.548291015577e-10,0.811305,4.299571,6.33,D,3.1405086938762166e-10,784.7348060660211,28.947229156998073,961789865.9343911,961.7898659343912,7,5.5,550.0,6.514156594356944,22.43307256264113,6,4.4,440.00000000000006
7.0,V2V,we_8,wn_3,-59.92,82.92,0.25,True,2,1.019715366796e-09,9.730170660759e-10,0.954205,20.836241,13.19,D,1.0185913880541166e-09,2545.205867201691,34.057229156998076,1131413335.4169972,1131.4133354169971,7,5.5,550.0,6.514156594356944,27.543072562641132,7,5.5,550.0
7.0,V2V,we_8,wn_4,-47.6,70.6,0.41,True,2,1.737497457153e-08,1.721307252948e-08,0.990682,106.317822,20.27,D,1.7378008287493763e-08,43423.3090642023,46.37722915699808,1540621527.3561015,1540.6215273561015,7,5.5,550.0,6.514156594356944,39.863072562641136,7,5.5,550.0
7.0,V2V,sn_0,sn_1,-53.69,76.69,0.12,True,2,4.271293531665e-09,4.26155493643e-09,0.99772,437.59442,26.41,D,4.275628861515864e-09,10683.730288645336,40.28722915699808,1338326287.0500386,1338.326287050039,7,5.5,550.0,6.514156594356944,33.77307256264113,7,5.5,550.0
7.0,V2V,sn_0,sn_2,-59.91,82.91,0.23,True,2,1.019799676782e-09,9.828068598013e-10,0.963725,26.567505,14.24,D,1.0209394837076807e-09,2551.07317268286,34.06722915699808,1131745397.9107068,1131.7453979107067,7,5.5,550.0,6.514156594356944,27.553072562641137,7,5.5,550.0
7.0,V2V,sn_0,sn_3,-63.3,86.3,0.27,True,2,4.675165957102e-10,4.042070569962e-10,0.864583,6.384615,8.05,D,4.67735141287198e-10,1168.7534764797554,30.677229156998074,1019198880.1022332,1019.1988801022331,7,5.5,550.0,6.514156594356944,24.16307256264113,6,4.4,440.00000000000006
7.0,V2V,sn_0,sn_4,-67.96,90.96,0.07,True,2,1.600667443944e-10,1.567321409026e-10,0.979167,47.001732,16.72,D,1.599558028614671e-10,399.6896623225064,26.01722915699808,864634147.890844,864.634147890844,7,5.5,550.0,6.514156594356944,19.503072562641137,5,3.3,330.0
7.0,V2V,sn_0,sn_5,-69.73,92.73,0.05,True,2,1.064220092572e-10,1.047256615751e-10,0.98406,61.735965,17.91,D,1.064143018224314e-10,265.90280315450127,24.247229156998067,806017064.728106,806.017064728106,6,4.4,440.00000000000006,6.514156594356944,17.733072562641123,5,3.3,330.0
7.0,V2V,sn_0,sn_6,-69.79,92.79,0.15,True,2,1.049357802895e-10,7.327680207880001e-11,0.698301,2.314566,3.64,D,1.0495424286523197e-10,262.25447992311837,24.187229156998065,804031427.2242707,804.0314272242707,6,4.4,440.00000000000006,6.514156594356944,17.67307256264112,5,3.3,330.0
7.0,V2V,sn_0,sn_7,-70.94,93.94,0.14,True,2,8.052559729225001e-11,5.313712142072e-11,0.659879,1.940127,2.88,D,8.053784411990677e-11,201.2439883056141,23.03722915699808,765995300.9015493,765.9953009015493,6,4.4,440.00000000000006,6.514156594356944,16.523072562641136,5,3.3,330.0
7.0,V2V,sn_0,sn_8,-72.55,95.55,0.11,True,2,5.563363761006e-11,3.9183054608540006e-11,0.704305,2.381864,3.77,D,5.559042572704037e-11,138.90661101209486,21.427229156998074,712832032.5608476,712.8320325608477,6,4.4,440.00000000000006,6.514156594356944,14.91307256264113,4,2.4,240.0
7.0,V2V,sn_0,se_0,-64.26,87.26,0.02,True,2,3.751692186659e-10,3.749955299858e-10,0.999537,2159.009614,33.34,D,3.749730022454834e-10,936.9640236019072,29.717229156998073,987338877.7796298,987.3388777796298,7,5.5,550.0,6.514156594356944,23.20307256264113,6,4.4,440.00000000000006
7.0,V2V,sn_0,se_1,-66.11,89.11,0.23,True,2,2.449269812799e-10,1.852597070335e-10,0.756387,3.10488,4.92,D,2.449063241844747e-10,611.9598305459136,27.86722915699808,925964872.181301,925.964872181301,7,5.5,550.0,6.514156594356944,21.353072562641135,6,4.4,440.00000000000006
7.0,V2V,sn_0,se_2,-69.24,92.24,0.13,True,2,1.192351530896e-10,1.058574334131e-10,0.887804,7.912965,8.98,D,1.1912420080273763e-10,297.6616711712584,24.73722915699808,822236829.0633128,822.2368290633128,6,4.4,440.00000000000006,6.514156594356944,18.223072562641136,5,3.3,330.0
7.0,V2V,sn_0,se_3,-71.54,94.54,0.1,True,2,7.017875485608e-11,6.170417668831e-11,0.879243,7.281091,8.62,D,7.014552984199699e-11,175.2761865117366,22.437229156998065,746169378.1154876,746.1693781154876,6,4.4,440.00000000000006,6.514156594356944,15.92307256264112,5,3.3,330.0
7.0,V2V,sn_0,se_4,-73.63,96.63,0.01,True,2,4.339815807301e-11,4.329606551851e-11,0.997648,424.086416,26.27,D,4.3351087838752926e-11,108.32355781797332,20.34722915699808,677246050.6475743,677.2460506475743,6,4.4,440.00000000000006,6.514156594356944,13.833072562641137,4,2.4,240.0
7.0,V2V,sn_1,sn_0,-53.69,76.69,0.12,True,2,4.271293999623e-09,4.26155493643e-09,0.99772,437.573394,26.41,D,4.275628861515864e-09,10683.730288645336,40.28722915699808,1338326287.0500386,1338.326287050039,7,5.5,550.0,6.514156594356944,33.77307256264113,7,5.5,550.0
7.0,V2V,sn_1,sn_2,-54.39,77.39,0.02,True,2,3.638066107294e-09,3.637869095235e-09,0.999946,18465.210242,42.66,D,3.63915036127207e-09,9093.329238560897,39.58722915699808,1315075151.9032753,1315.0751519032754,7,5.5,550.0,6.514156594356944,33.07307256264113,7,5.5,550.0
7.0,V2V,sn_1,sn_3,-60.66,83.66,0.15,True,2,8.599834111014e-10,8.440389150685e-10,0.98146,52.936067,17.24,D,8.59013521505396e-10,2146.4605734767515,33.317229156998074,1106841592.8960998,1106.8415928961,7,5.5,550.0,6.514156594356944,26.80307256264113,7,5.5,550.0
7.0,V2V,sn_1,sn_4,-65.2,88.2,0.25,True,2,3.021188902113e-10,2.39935740433e-10,0.794177,3.858533,5.86,D,3.0199517204020126e-10,754.610624788109,28.777229156998068,956149917.7659488,956.1499177659488,7,5.5,550.0,6.514156594356944,22.263072562641124,6,4.4,440.00000000000006
7.0,V2V,sn_1,sn_5,-67.63,90.63,0.17,True,2,1.724487815024e-10,1.472832532516e-10,0.85407,5.852579,7.67,D,1.7258378919902038e-10,431.24385107201493,26.347229156998075,875570163.0586162,875.5701630586161,7,5.5,550.0,6.514156594356944,19.83307256264113,5,3.3,330.0
7.0,V2V,sn_1,sn_6,-69.39,92.39,0.14,True,2,1.151509382153e-10,9.706350985475e-11,0.842924,5.366352,7.3,D,1.1508003889444355e-10,287.5563190765706,24.58722915699807,817270911.4617196,817.2709114617196,6,4.4,440.00000000000006,6.514156594356944,18.07307256264113,5,3.3,330.0
7.0,V2V,sn_1,sn_7,-70.07,93.07,0.15,True,2,9.838958951603e-11,6.733548450083001e-11,0.684376,2.168328,3.36,D,9.840111057611346e-11,245.8798365220226,23.90722915699808,794766520.1477858,794.7665201477857,6,4.4,440.00000000000006,6.514156594356944,17.393072562641134,5,3.3,330.0
7.0,V2V,sn_1,sn_8,-72.28,95.28,0.11,True,2,5.917515264203e-11,4.793514991423001e-11,0.810055,4.264692,6.3,D,5.915616341754743e-11,147.8165002937217,21.697229156998077,721739068.646376,721.739068646376,6,4.4,440.00000000000006,6.514156594356944,15.183072562641131,5,3.3,330.0
7.0,V2V,sn_1,se_0,-60.87,83.87,0.28,True,2,8.186645390663e-10,7.578403506189e-10,0.925703,12.459523,10.96,D,8.184647881347903e-10,2045.139400636657,33.10722915699807,1099868872.1903825,1099.8688721903825,7,5.5,550.0,6.514156594356944,26.59307256264113,7,5.5,550.0
7.0,V2V,sn_1,se_1,-64.66,87.66,0.23,True,2,3.416360281209e-10,2.957077704141e-10,0.865564,6.438471,8.09,D,3.4197944251370937e-10,854.5213456114677,29.31722915699808,974066004.077653,974.066004077653,7,5.5,550.0,6.514156594356944,22.803072562641137,6,4.4,440.00000000000006
7.0,V2V,sn_1,se_2,-67.0,90.0,0.21,True,2,1.994379063816e-10,1.491725301498e-10,0.747965,2.967699,4.72,D,1.9952623149688787e-10,498.5662955944224,26.97722915699807,896453233.5217289,896.4532335217289,7,5.5,550.0,6.514156594356944,20.463072562641127,6,4.4,440.00000000000006
7.0,V2V,sn_1,se_3,-70.34,93.34,0.12,True,2,9.24086948683e-11,7.973965754884e-11,0.862902,6.294058,7.99,D,9.246981739382212e-11,231.05901397756645,23.637229156998067,785834792.7654138,785.8347927654138,6,4.4,440.00000000000006,6.514156594356944,17.123072562641124,5,3.3,330.0
7.0,V2V,sn_1,se_4,-71.11,94.11,0.13,True,2,7.739737231155001e-11,5.3546521051290006e-11,0.691839,2.245057,3.51,D,7.744617978025189e-11,193.51869010557695,22.86722915699808,760376497.1347013,760.3764971347013,6,4.4,440.00000000000006,6.514156594356944,16.353072562641135,5,3.3,330.0
7.0,V2V,sn_2,sn_0,-59.91,82.91,0.23,True,2,1.019797145932e-09,9.828068598013e-10,0.963728,26.569323,14.24,D,1.0209394837076807e-09,2551.07317268286,34.06722915699808,1131745397.9107068,1131.7453979107067,7,5.5,550.0,6.514156594356944,27.553072562641137,7,5.5,550.0
7.0,V2V,sn_2,sn_1,-54.39,77.39,0.02,True,2,3.63806616315e-09,3.637869095235e-09,0.999946,18459.97659,42.66,D,3.63915036127207e-09,9093.329238560897,39.58722915699808,1315075151.9032753,1315.0751519032754,7,5.5,550.0,6.514156594356944,33.07307256264113,7,5.5,550.0
7.0,V2V,sn_2,sn_3,-55.03,78.03,0.02,True,2,3.141903128578e-09,3.141701065721e-09,0.999936,15548.137422,41.92,D,3.140508693876216e-09,7847.34806066021,38.94722915699808,1293817330.8667457,1293.8173308667456,7,5.5,550.0,6.514156594356944,32.43307256264113,7,5.5,550.0
7.0,V2V,sn_2,sn_4,-63.34,86.34,0.2,True,2,4.639777056738e-10,4.344136456306e-10,0.936281,14.693978,11.67,D,4.634469197362874e-10,1158.038280200618,30.637229156998067,1017871250.0483248,1017.8712500483248,7,5.5,550.0,6.514156594356944,24.123072562641124,6,4.4,440.00000000000006
7.0,V2V,sn_2,sn_5,-66.31,89.31,0.07,True,2,2.338661905738e-10,2.308287778421e-10,0.987012,75.995197,18.81,D,2.3388372386593535e-10,584.4171011142812,27.667229156998072,919332107.99225,919.33210799225,7,5.5,550.0,6.514156594356944,21.15307256264113,6,4.4,440.00000000000006
7.0,V2V,sn_2,sn_6,-67.21,90.21,0.21,True,2,1.899716405952e-10,1.386636426924e-10,0.729918,2.702574,4.32,D,1.9010782799233035e-10,475.0320539538489,26.767229156998084,889491491.1466104,889.4914911466104,7,5.5,550.0,6.514156594356944,20.25307256264114,6,4.4,440.00000000000006
7.0,V2V,sn_2,sn_7,-68.84,91.84,0.17,True,2,1.305254779246e-10,9.021249838943e-11,0.691149,2.237803,3.5,D,1.3061708881318403e-10,326.37953226682663,25.13722915699807,835482031.7267324,835.4820317267324,7,5.5,550.0,6.514156594356944,18.623072562641127,5,3.3,330.0
7.0,V2V,sn_2,sn_8,-71.14,94.14,0.12,True,2,7.687771040526001e-11,6.117320764115001e-11,0.795721,3.895265,5.91,D,7.691304402866099e-11,192.18651681324585,22.837229156998077,759385059.6549512,759.3850596549512,6,4.4,440.00000000000006,6.514156594356944,16.323072562641133,5,3.3,330.0
7.0,V2V,sn_2,se_0,-55.91,78.91,0.01,True,2,2.562010324628e-09,2.561955834456e-09,0.999979,47016.842112,46.72,D,2.5644840365177214e-09,6408.0060882501775,38.06722915699808,1264588492.501115,1264.588492501115,7,5.5,550.0,6.514156594356944,31.553072562641137,7,5.5,550.0
7.0,V2V,sn_2,se_1,-62.27,85.27,0.14,True,2,5.922782035443e-10,5.785434927729e-10,0.97681,42.122728,16.25,D,5.929253245799994e-10,1481.5725251874044,31.70722915699807,1053388696.5601294,1053.3886965601291,7,5.5,550.0,6.514156594356944,25.193072562641127,7,5.5,550.0
7.0,V2V,sn_2,se_2,-65.91,88.91,0.17,True,2,2.56483183834e-10,2.345408760535e-10,0.914449,10.688979,10.29,D,2.5644840365177207e-10,640.8006088250177,28.06722915699808,932598134.7964745,932.5981347964744,7,5.5,550.0,6.514156594356944,21.553072562641137,6,4.4,440.00000000000006
7.0,V2V,sn_2,se_3,-68.2,91.2,0.18,True,2,1.514089184126e-10,1.098619029701e-10,0.725597,2.644279,4.22,D,1.5135612484362072e-10,378.2012115033001,25.77722915699807,856681976.3259344,856.6819763259344,7,5.5,550.0,6.514156594356944,19.263072562641128,5,3.3,330.0
7.0,V2V,sn_2,se_4,-71.26,94.26,0.09,True,2,7.487768942842001e-11,6.935412827083001e-11,0.926232,12.556053,10.99,D,7.481695005111537e-11,186.94890067744967,22.717229156998073,755419666.6784651,755.4196666784651,6,4.4,440.00000000000006,6.514156594356944,16.20307256264113,5,3.3,330.0
7.0,V2V,sn_3,sn_0,-63.3,86.3,0.27,True,2,4.675112017319e-10,4.042070569962e-10,0.864593,6.385159,8.05,D,4.67735141287198e-10,1168.7534764797554,30.677229156998074,1019198880.1022332,1019.1988801022331,7,5.5,550.0,6.514156594356944,24.16307256264113,6,4.4,440.00000000000006
7.0,V2V,sn_3,sn_1,-60.66,83.66,0.15,True,2,8.599484776156e-10,8.440389150685e-10,0.981499,53.052302,17.25,D,8.59013521505396e-10,2146.4605734767515,33.317229156998074,1106841592.8960998,1106.8415928961,7,5.5,550.0,6.514156594356944,26.80307256264113,7,5.5,550.0
7.0,V2V,sn_3,sn_2,-55.03,78.03,0.02,True,2,3.141903235336e-09,3.141701065721e-09,0.999936,15539.927106,41.91,D,3.140508693876216e-09,7847.34806066021,38.94722915699808,1293817330.8667457,1293.8173308667456,7,5.5,550.0,6.514156594356944,32.43307256264113,7,5.5,550.0
7.0,V2V,sn_3,sn_4,-59.39,82.39,0.26,True,2,1.149609558199e-09,1.100977737775e-09,0.957697,22.63904,13.55,D,1.1508003889444355e-09,2875.5631907657057,34.58722915699808,1149013044.756735,1149.013044756735,7,5.5,550.0,6.514156594356944,28.073072562641133,7,5.5,550.0
7.0,V2V,sn_3,sn_5,-63.34,86.34,0.2,True,2,4.639780794864e-10,4.344143987939e-10,0.936282,14.694192,11.67,D,4.634469197362874e-10,1158.038280200618,30.637229156998067,1017871250.0483248,1017.8712500483248,7,5.5,550.0,6.514156594356944,24.123072562641124,6,4.4,440.00000000000006
7.0,V2V,sn_3,sn_6,-65.76,88.76,0.22,True,2,2.65641034789e-10,2.222306213608e-10,0.836582,5.119293,7.09,D,2.654605561975536e-10,663.3197306285696,28.21722915699807,937573395.3592632,937.573395359263,7,5.5,550.0,6.514156594356944,21.703072562641125,6,4.4,440.00000000000006
7.0,V2V,sn_3,sn_7,-67.85,90.85,0.18,True,2,1.639908324603e-10,1.307792634962e-10,0.797479,3.937762,5.95,D,1.6405897731995418e-10,409.94247206385353,26.127229156998084,868279263.4588779,868.279263458878,7,5.5,550.0,6.514156594356944,19.61307256264114,5,3.3,330.0
7.0,V2V,sn_3,sn_8,-69.17,92.17,0.17,True,2,1.21167296609e-10,8.262275002883e-11,0.68189,2.143565,3.31,D,1.2105981335504829e-10,302.4982842454979,24.807229156998076,824554455.0349559,824.5544550349558,6,4.4,440.00000000000006,6.514156594356944,18.293072562641132,5,3.3,330.0
7.0,V2V,sn_3,se_0,-36.53,59.53,0.57,True,2,2.222509979722e-07,2.210365917156e-07,0.994536,182.012066,22.6,D,2.223309890651403e-07,555549.6978139437,57.44722915699807,1908355904.7882552,1908.3559047882552,7,5.5,550.0,6.514156594356944,50.93307256264113,7,5.5,550.0
7.0,V2V,sn_3,se_1,-57.51,80.51,0.04,True,2,1.77523433618e-09,1.774397964003e-09,0.999529,2121.541118,33.27,D,1.774189480890168e-09,4433.257073688575,36.46722915699808,1211447669.6767323,1211.4476696767326,7,5.5,550.0,6.514156594356944,29.953072562641136,7,5.5,550.0
7.0,V2V,sn_3,se_2,-63.11,86.11,0.24,True,2,4.890027412802e-10,4.440232561136e-10,0.908018,9.871684,9.94,D,4.886523593428337e-10,1221.0203881630025,30.867229156998075,1025505263.9913888,1025.5052639913888,7,5.5,550.0,6.514156594356944,24.35307256264113,6,4.4,440.00000000000006
7.0,V2V,sn_3,se_3,-67.64,90.64,0.09,True,2,1.720833941597e-10,1.662127057157e-10,0.965885,28.312302,14.52,D,1.7218685749860058e-10,430.2520177376326,26.33722915699807,875238739.663583,875.238739663583,7,5.5,550.0,6.514156594356944,19.823072562641126,5,3.3,330.0
7.0,V2V,sn_3,se_4,-70.11,93.11,0.05,True,2,9.757108394011e-11,9.567142041481e-11,0.98053,50.362298,17.02,D,9.749896377173868e-11,243.62559663103113,23.86722915699807,793443155.9300611,793.4431559300612,6,4.4,440.00000000000006,6.514156594356944,17.353072562641128,5,3.3,330.0
7.0,V2V,sn_4,sn_0,-67.96,90.96,0.07,True,2,1.600665135305e-10,1.567321409026e-10,0.979169,47.004987,16.72,D,1.599558028614671e-10,399.6896623225064,26.01722915699808,864634147.890844,864.634147890844,7,5.5,550.0,6.514156594356944,19.503072562641137,5,3.3,330.0
7.0,V2V,sn_4,sn_1,-65.2,88.2,0.25,True,2,3.021151354708e-10,2.39935740433e-10,0.794186,3.858766,5.86,D,3.0199517204020126e-10,754.610624788109,28.777229156998068,956149917.7659488,956.1499177659488,7,5.5,550.0,6.514156594356944,22.263072562641124,6,4.4,440.00000000000006
7.0,V2V,sn_4,sn_2,-63.34,86.34,0.2,True,2,4.639757978447e-10,4.344136456306e-10,0.936285,14.694926,11.67,D,4.634469197362874e-10,1158.038280200618,30.637229156998067,1017871250.0483248,1017.8712500483248,7,5.5,550.0,6.514156594356944,24.123072562641124,6,4.4,440.00000000000006
7.0,V2V,sn_4,sn_3,-59.39,82.39,0.26,True,2,1.149604961688e-09,1.100977737775e-09,0.957701,22.64118,13.55,D,1.1508003889444355e-09,2875.5631907657057,34.58722915699808,1149013044.756735,1149.013044756735,7,5.5,550.0,6.514156594356944,28.073072562641133,7,5.5,550.0
7.0,V2V,sn_4,sn_5,-55.03,78.03,0.02,True,2,3.141917596621e-09,3.141715597343e-09,0.999936,15553.103073,41.92,D,3.140508693876216e-09,7847.34806066021,38.94722915699808,1293817330.8667457,1293.8173308667456,7,5.5,550.0,6.514156594356944,32.43307256264113,7,5.5,550.0
7.0,V2V,sn_4,sn_6,-61.01,84.01,0.28,True,2,7.922805642809e-10,7.327148230923e-10,0.924817,12.300944,10.9,D,7.925013304804717e-10,1980.2631946038773,32.96722915699807,1095220482.7851644,1095.2204827851644,7,5.5,550.0,6.514156594356944,26.45307256264113,7,5.5,550.0
7.0,V2V,sn_4,sn_7,-64.97,87.97,0.14,True,2,3.184414492976e-10,3.045049170683e-10,0.956235,21.849404,13.39,D,3.1841975217261257e-10,795.6515546542042,29.007229156998076,963780503.5328268,963.7805035328266,7,5.5,550.0,6.514156594356944,22.49307256264113,6,4.4,440.00000000000006
7.0,V2V,sn_4,sn_8,-67.96,90.96,0.07,True,2,1.600666928221e-10,1.567323181175e-10,0.979169,47.005011,16.72,D,1.599558028614671e-10,399.6896623225064,26.01722915699808,864634147.890844,864.634147890844,7,5.5,550.0,6.514156594356944,19.503072562641137,5,3.3,330.0
7.0,V2V,sn_4,se_0,-58.99,81.99,0.12,True,2,1.261856403278e-09,1.25191361149e-09,0.992121,125.911679,21.0,D,1.2618275345906708e-09,3152.992340306523,34.987229156998076,1162296344.1107817,1162.2963441107818,7,5.5,550.0,6.514156594356944,28.473072562641132,7,5.5,550.0
7.0,V2V,sn_4,se_1,-46.16,69.16,0.49,True,2,2.423357872033e-08,2.396673493637e-08,0.988989,89.815601,19.53,D,2.42102904673618e-08,60495.4784291899,47.81722915699808,1588456354.3414145,1588.4563543414145,7,5.5,550.0,6.514156594356944,41.303072562641134,7,5.5,550.0
7.0,V2V,sn_4,se_2,-54.77,77.77,0.03,True,2,3.332217316757e-09,3.331588595698e-09,0.999811,5298.993167,37.24,D,3.334264127632347e-09,8331.494571794969,39.20722915699807,1302453275.7153983,1302.4532757153984,7,5.5,550.0,6.514156594356944,32.69307256264112,7,5.5,550.0
7.0,V2V,sn_4,se_3,-63.16,86.16,0.22,True,2,4.831685944087e-10,4.445580020532e-10,0.920089,11.513887,10.61,D,4.830588020397728e-10,1207.0434833577533,30.81722915699807,1023845666.9867748,1023.8456669867746,7,5.5,550.0,6.514156594356944,24.30307256264113,6,4.4,440.00000000000006
7.0,V2V,sn_4,se_4,-67.14,90.14,0.04,True,2,1.931782993473e-10,1.923692916416e-10,0.995812,237.784251,23.76,D,1.9319683170169217e-10,482.75070390227927,26.83722915699807,891811995.0288804,891.8119950288803,7,5.5,550.0,6.514156594356944,20.323072562641126,6,4.4,440.00000000000006
7.0,V2V,sn_5,sn_0,-69.73,92.73,0.05,True,2,1.064218834416e-10,1.047256615751e-10,0.984061,61.740544,17.91,D,1.064143018224314e-10,265.90280315450127,24.247229156998067,806017064.728106,806.017064728106,6,4.4,440.00000000000006,6.514156594356944,17.733072562641123,5,3.3,330.0
7.0,V2V,sn_5,sn_1,-67.63,90.63,0.17,True,2,1.725145614555e-10,1.472832532516e-10,0.853744,5.837321,7.66,D,1.7258378919902038e-10,431.24385107201493,26.347229156998075,875570163.0586162,875.5701630586161,7,5.5,550.0,6.514156594356944,19.83307256264113,5,3.3,330.0
7.0,V2V,sn_5,sn_2,-66.31,89.31,0.07,True,2,2.338660348186e-10,2.308287778421e-10,0.987013,75.999094,18.81,D,2.3388372386593535e-10,584.4171011142812,27.667229156998072,919332107.99225,919.33210799225,7,5.5,550.0,6.514156594356944,21.15307256264113,6,4.4,440.00000000000006
7.0,V2V,sn_5,sn_3,-63.34,86.34,0.2,True,2,4.639754655668e-10,4.344143987939e-10,0.936287,14.695491,11.67,D,4.634469197362874e-10,1158.038280200618,30.637229156998067,1017871250.0483248,1017.8712500483248,7,5.5,550.0,6.514156594356944,24.123072562641124,6,4.4,440.00000000000006
7.0,V2V,sn_5,sn_4,-55.03,78.03,0.02,True,2,3.141917489864e-09,3.141715597343e-09,0.999936,15561.327285,41.92,D,3.140508693876216e-09,7847.34806066021,38.94722915699808,1293817330.8667457,1293.8173308667456,7,5.5,550.0,6.514156594356944,32.43307256264113,7,5.5,550.0
7.0,V2V,sn_5,sn_6,-55.62,78.62,0.05,True,2,2.74210675075e-09,2.740540066913e-09,0.999429,1749.261722,32.43,D,2.741574171927886e-09,6850.510174732348,38.35722915699808,1274220629.922697,1274.220629922697,7,5.5,550.0,6.514156594356944,31.843072562641137,7,5.5,550.0
7.0,V2V,sn_5,sn_7,-61.88,84.88,0.1,True,2,6.481651033883e-10,6.420448610705e-10,0.990558,104.905137,20.21,D,6.486344335482374e-10,1620.7756960225822,32.09722915699807,1066335858.226094,1066.335858226094,7,5.5,550.0,6.514156594356944,25.583072562641124,7,5.5,550.0
7.0,V2V,sn_5,sn_8,-65.83,88.83,0.05,True,2,2.612677679736e-10,2.598444602439e-10,0.994552,182.563795,22.61,D,2.612161354399205e-10,652.7139816089966,28.147229156998073,935251574.3584628,935.2515743584628,7,5.5,550.0,6.514156594356944,21.63307256264113,6,4.4,440.00000000000006
7.0,V2V,sn_5,se_0,-63.25,86.25,0.06,True,2,4.729945295708e-10,4.706016356366e-10,0.994941,196.666316,22.94,D,4.731512589614801e-10,1182.2870039017496,30.72722915699807,1020858432.3586708,1020.8584323586708,7,5.5,550.0,6.514156594356944,24.213072562641127,6,4.4,440.00000000000006
7.0,V2V,sn_5,se_1,-57.68,80.68,0.11,True,2,1.706939281924e-09,1.698415660919e-09,0.995006,199.259876,22.99,D,1.7060823890031242e-09,4263.074435290166,36.29722915699808,1205801690.7207272,1205.8016907207273,7,5.5,550.0,6.514156594356944,29.783072562641134,7,5.5,550.0
7.0,V2V,sn_5,se_2,-27.85,50.85,0.12,True,2,1.638819142931e-06,1.63854779585e-06,0.999834,6038.568001,37.81,D,1.6405897731995388e-06,4099424.720638527,66.12722915699807,2196699038.929484,2196.699038929484,7,5.5,550.0,6.514156594356944,59.61307256264112,7,5.5,550.0
7.0,V2V,sn_5,se_3,-59.38,82.38,0.12,True,2,1.152681743816e-09,1.142273415427e-09,0.99097,109.746097,20.4,D,1.1534532578210907e-09,2882.1920485284622,34.59722915699807,1149345122.2164948,1149.3451222164947,7,5.5,550.0,6.514156594356944,28.083072562641124,7,5.5,550.0
7.0,V2V,sn_5,se_4,-64.69,87.69,0.02,True,2,3.398301205219e-10,3.396741208065e-10,0.999541,2177.402182,33.38,D,3.3962527259040885e-10,848.6388620449997,29.28722915699808,973070594.5555872,973.0705945555871,7,5.5,550.0,6.514156594356944,22.773072562641136,6,4.4,440.00000000000006
7.0,V2V,sn_6,sn_0,-69.79,92.79,0.15,True,2,1.049337644701e-10,7.327680207880001e-11,0.698315,2.314714,3.64,D,1.0495424286523197e-10,262.25447992311837,24.187229156998065,804031427.2242707,804.0314272242707,6,4.4,440.00000000000006,6.514156594356944,17.67307256264112,5,3.3,330.0
7.0,V2V,sn_6,sn_1,-69.38,92.38,0.14,True,2,1.152569501025e-10,9.706350985475e-11,0.842149,5.335083,7.27,D,1.1534532578210928e-10,288.21920485284676,24.597229156998075,817601954.3675255,817.6019543675254,6,4.4,440.00000000000006,6.514156594356944,18.08307256264113,5,3.3,330.0
7.0,V2V,sn_6,sn_2,-67.21,90.21,0.21,True,2,1.899897885078e-10,1.386636426924e-10,0.729848,2.701618,4.32,D,1.9010782799233035e-10,475.0320539538489,26.767229156998084,889491491.1466104,889.4914911466104,7,5.5,550.0,6.514156594356944,20.25307256264114,6,4.4,440.00000000000006
7.0,V2V,sn_6,sn_3,-65.76,88.76,0.22,True,2,2.656381162812e-10,2.222306213608e-10,0.836592,5.119637,7.09,D,2.654605561975536e-10,663.3197306285696,28.21722915699807,937573395.3592632,937.573395359263,7,5.5,550.0,6.514156594356944,21.703072562641125,6,4.4,440.00000000000006
7.0,V2V,sn_6,sn_4,-61.01,84.01,0.28,True,2,7.923028545917e-10,7.327148230923e-10,0.924791,12.296342,10.9,D,7.925013304804717e-10,1980.2631946038773,32.96722915699807,1095220482.7851644,1095.2204827851644,7,5.5,550.0,6.514156594356944,26.45307256264113,7,5.5,550.0
7.0,V2V,sn_6,sn_5,-55.62,78.62,0.05,True,2,2.742106693986e-09,2.740540066913e-09,0.999429,1749.325104,32.43,D,2.741574171927886e-09,6850.510174732348,38.35722915699808,1274220629.922697,1274.220629922697,7,5.5,550.0,6.514156594356944,31.843072562641137,7,5.5,550.0
7.0,V2V,sn_6,sn_7,-56.18,79.18,0.02,True,2,2.411945514929e-09,2.411582086382e-09,0.999849,6635.642978,38.22,D,2.409905428686593e-09,6021.7526953687975,37.79722915699807,1255620730.524827,1255.620730524827,7,5.5,550.0,6.514156594356944,31.283072562641127,7,5.5,550.0
7.0,V2V,sn_6,sn_8,-62.11,85.11,0.29,True,2,6.150196286569e-10,5.42502281002e-10,0.882089,7.481,8.74,D,6.151768727098676e-10,1537.1735949771803,31.86722915699807,1058700261.6622326,1058.7002616622326,7,5.5,550.0,6.514156594356944,25.353072562641128,7,5.5,550.0
7.0,V2V,sn_6,se_0,-65.72,88.72,0.2,True,2,2.676962152858e-10,2.35264045728e-10,0.878847,7.254034,8.61,D,2.679168324819031e-10,669.4573525284935,28.257229156998072,938900175.5681552,938.9001755681552,7,5.5,550.0,6.514156594356944,21.743072562641128,6,4.4,440.00000000000006
7.0,V2V,sn_6,se_1,-62.74,85.74,0.01,True,2,5.319505416119e-10,5.318560076988e-10,0.999822,5626.086872,37.5,D,5.321082592667943e-10,1329.6058452443633,31.237229156998076,1037786756.1151872,1037.7867561151872,7,5.5,550.0,6.514156594356944,24.723072562641132,6,4.4,440.00000000000006
7.0,V2V,sn_6,se_2,-55.86,78.86,0.06,True,2,2.596038652578e-09,2.593508414506e-09,0.999025,1025.005687,30.11,D,2.5941793621188123e-09,6482.207301646206,38.11722915699807,1266249198.873529,1266.249198873529,7,5.5,550.0,6.514156594356944,31.603072562641128,7,5.5,550.0
7.0,V2V,sn_6,se_3,-50.33,73.33,0.47,True,2,9.27275078943e-09,9.088613938111e-09,0.980142,49.357931,16.93,D,9.268298233793504e-09,23159.166001483016,43.64722915699808,1449935797.3492231,1449.935797349223,7,5.5,550.0,6.514156594356944,37.13307256264113,7,5.5,550.0
7.0,V2V,sn_6,se_4,-60.6,83.6,0.29,True,2,8.717218694815e-10,8.090714926379e-10,0.92813,12.914072,11.11,D,8.709635899560795e-10,2176.3208144829573,33.37722915699807,1108833827.9861078,1108.8338279861075,7,5.5,550.0,6.514156594356944,26.86307256264113,7,5.5,550.0
7.0,V2V,sn_7,sn_0,-70.94,93.94,0.14,True,2,8.052393036467001e-11,5.313712142072e-11,0.659892,1.940245,2.88,D,8.053784411990677e-11,201.2439883056141,23.03722915699808,765995300.9015493,765.9953009015493,6,4.4,440.00000000000006,6.514156594356944,16.523072562641136,5,3.3,330.0
7.0,V2V,sn_7,sn_1,-70.07,93.07,0.15,True,2,9.838766784204e-11,6.733548450083001e-11,0.684389,2.168462,3.36,D,9.840111057611346e-11,245.8798365220226,23.90722915699808,794766520.1477858,794.7665201477857,6,4.4,440.00000000000006,6.514156594356944,17.393072562641134,5,3.3,330.0
7.0,V2V,sn_7,sn_2,-68.84,91.84,0.17,True,2,1.305230882925e-10,9.021249838943e-11,0.691161,2.237935,3.5,D,1.3061708881318403e-10,326.37953226682663,25.13722915699807,835482031.7267324,835.4820317267324,7,5.5,550.0,6.514156594356944,18.623072562641127,5,3.3,330.0
7.0,V2V,sn_7,sn_3,-67.85,90.85,0.18,True,2,1.639889024793e-10,1.307792634962e-10,0.797488,3.937991,5.95,D,1.6405897731995418e-10,409.94247206385353,26.127229156998084,868279263.4588779,868.279263458878,7,5.5,550.0,6.514156594356944,19.61307256264114,5,3.3,330.0
7.0,V2V,sn_7,sn_4,-64.97,87.97,0.14,True,2,3.184406476771e-10,3.045049170683e-10,0.956238,21.85066,13.39,D,3.1841975217261257e-10,795.6515546542042,29.007229156998076,963780503.5328268,963.7805035328266,7,5.5,550.0,6.514156594356944,22.49307256264113,6,4.4,440.00000000000006
7.0,V2V,sn_7,sn_5,-61.88,84.88,0.1,True,2,6.481646804262e-10,6.420448610705e-10,0.990558,104.912388,20.21,D,6.486344335482374e-10,1620.7756960225822,32.09722915699807,1066335858.226094,1066.335858226094,7,5.5,550.0,6.514156594356944,25.583072562641124,7,5.5,550.0
7.0,V2V,sn_7,sn_6,-56.18,79.18,0.02,True,2,2.411945464611e-09,2.411582086382e-09,0.999849,6636.561827,38.22,D,2.409905428686593e-09,6021.7526953687975,37.79722915699807,1255620730.524827,1255.620730524827,7,5.5,550.0,6.514156594356944,31.283072562641127,7,5.5,550.0
7.0,V2V,sn_7,sn_8,-57.04,80.04,0.15,True,2,1.978597521031e-09,1.962996255633e-09,0.992115,125.822887,21.0,D,1.9769696401118622e-09,4939.9541232180445,36.93722915699808,1227057394.507955,1227.057394507955,7,5.5,550.0,6.514156594356944,30.423072562641135,7,5.5,550.0
7.0,V2V,sn_7,se_0,-67.86,90.86,0.17,True,2,1.637115860927e-10,1.366094451845e-10,0.834452,5.040541,7.02,D,1.63681652142781e-10,408.99963054168165,26.11722915699808,867947879.9466608,867.9478799466608,7,5.5,550.0,6.514156594356944,19.603072562641135,5,3.3,330.0
7.0,V2V,sn_7,se_1,-66.08,89.08,0.02,True,2,2.466027650688e-10,2.462722582983e-10,0.99866,745.13529,28.72,D,2.4660393372343414e-10,616.2017334418643,27.89722915699808,926959830.357007,926.959830357007,7,5.5,550.0,6.514156594356944,21.383072562641136,6,4.4,440.00000000000006
7.0,V2V,sn_7,se_2,-61.9,84.9,0.17,True,2,6.463245619702e-10,6.251515855749e-10,0.967241,29.525919,14.7,D,6.456542290346561e-10,1613.328908132574,32.07722915699808,1065671883.2168136,1065.6718832168135,7,5.5,550.0,6.514156594356944,25.563072562641135,7,5.5,550.0
7.0,V2V,sn_7,se_3,-49.8,72.8,0.53,True,2,1.047701706461e-08,1.023321870406e-08,0.97673,41.974108,16.23,D,1.0471285480509006e-08,26165.131135704654,44.17722915699808,1467541300.6115258,1467.5413006115257,7,5.5,550.0,6.514156594356944,37.66307256264113,7,5.5,550.0
7.0,V2V,sn_7,se_4,-53.38,76.38,0.17,True,2,4.591149630689e-09,4.569342471416e-09,0.99525,209.534053,23.21,D,4.5919801283686845e-09,11474.213214314552,40.597229156998075,1348623333.9321563,1348.6233339321564,7,5.5,550.0,6.514156594356944,34.083072562641135,7,5.5,550.0
7.0,V2V,sn_8,sn_0,-72.55,95.55,0.11,True,2,5.563258678112e-11,3.9183054608540006e-11,0.704318,2.382016,3.77,D,5.559042572704037e-11,138.90661101209486,21.427229156998074,712832032.5608476,712.8320325608477,6,4.4,440.00000000000006,6.514156594356944,14.91307256264113,4,2.4,240.0
7.0,V2V,sn_8,sn_1,-72.28,95.28,0.11,True,2,5.917448531720001e-11,4.793514991423001e-11,0.810065,4.264945,6.3,D,5.915616341754743e-11,147.8165002937217,21.697229156998077,721739068.646376,721.739068646376,6,4.4,440.00000000000006,6.514156594356944,15.183072562641131,5,3.3,330.0
7.0,V2V,sn_8,sn_2,-71.14,94.14,0.12,True,2,7.695781015239001e-11,6.117320764115001e-11,0.794893,3.875499,5.88,D,7.691304402866099e-11,192.18651681324585,22.837229156998077,759385059.6549512,759.3850596549512,6,4.4,440.00000000000006,6.514156594356944,16.323072562641133,5,3.3,330.0
7.0,V2V,sn_8,sn_3,-69.17,92.17,0.17,True,2,1.211649623566e-10,8.262275002883e-11,0.681903,2.143695,3.31,D,1.2105981335504829e-10,302.4982842454979,24.807229156998076,824554455.0349559,824.5544550349558,6,4.4,440.00000000000006,6.514156594356944,18.293072562641132,5,3.3,330.0
7.0,V2V,sn_8,sn_4,-67.96,90.96,0.07,True,2,1.60066461612e-10,1.567323181175e-10,0.97917,47.00827,16.72,D,1.599558028614671e-10,399.6896623225064,26.01722915699808,864634147.890844,864.634147890844,7,5.5,550.0,6.514156594356944,19.503072562641137,5,3.3,330.0
7.0,V2V,sn_8,sn_5,-65.83,88.83,0.05,True,2,2.612677020372e-10,2.598444602439e-10,0.994553,182.572253,22.61,D,2.612161354399205e-10,652.7139816089966,28.147229156998073,935251574.3584628,935.2515743584628,7,5.5,550.0,6.514156594356944,21.63307256264113,6,4.4,440.00000000000006
7.0,V2V,sn_8,sn_6,-62.11,85.11,0.29,True,2,6.150138857868e-10,5.42502281002e-10,0.882098,7.481593,8.74,D,6.151768727098676e-10,1537.1735949771803,31.86722915699807,1058700261.6622326,1058.7002616622326,7,5.5,550.0,6.514156594356944,25.353072562641128,7,5.5,550.0
7.0,V2V,sn_8,sn_7,-57.04,80.04,0.15,True,2,1.978596513121e-09,1.962996255633e-09,0.992115,125.831016,21.0,D,1.9769696401118622e-09,4939.9541232180445,36.93722915699808,1227057394.507955,1227.057394507955,7,5.5,550.0,6.514156594356944,30.423072562641135,7,5.5,550.0
7.0,V2V,sn_8,se_0,-70.47,93.47,0.08,True,2,8.966537959678e-11,8.553243581869001e-11,0.953907,20.695282,13.16,D,8.974287945007491e-11,224.24507608714367,23.50722915699808,781535175.8489217,781.5351758489217,6,4.4,440.00000000000006,6.514156594356944,16.993072562641135,5,3.3,330.0
7.0,V2V,sn_8,se_1,-68.7,91.7,0.03,True,2,1.350043215941e-10,1.3429600444e-10,0.994753,189.59869,22.78,D,1.3489628825916532e-10,337.07218455563543,25.277229156998075,840118751.0784341,840.1187510784341,7,5.5,550.0,6.514156594356944,18.76307256264113,5,3.3,330.0
7.0,V2V,sn_8,se_2,-65.12,88.12,0.24,True,2,3.077990428787e-10,2.554758030059e-10,0.830008,4.882645,6.89,D,3.0760968147407045e-10,768.6398837433044,28.85722915699807,958803975.3159902,958.8039753159902,7,5.5,550.0,6.514156594356944,22.34307256264113,6,4.4,440.00000000000006
7.0,V2V,sn_8,se_3,-59.98,82.98,0.27,True,2,1.004238614244e-09,9.495638268868e-10,0.945556,17.36749,12.4,D,1.0046157902783966e-09,2510.2843335292264,33.99722915699808,1129420966.7851117,1129.4209667851117,7,5.5,550.0,6.514156594356944,27.483072562641137,7,5.5,550.0
7.0,V2V,sn_8,se_4,-47.78,70.78,0.41,True,2,1.668587851397e-08,1.652725656452e-08,0.990494,104.192746,20.18,D,1.6672472125510613e-08,41660.350138707174,46.19722915699807,1534642197.3773298,1534.64219737733,7,5.5,550.0,6.514156594356944,39.68307256264113,7,5.5,550.0
7.0,V2V,ew_0,ew_1,-53.23,76.23,0.0,True,2,4.753644398451e-09,4.753644187966e-09,1.0,22584319.101072,73.54,D,4.753352259428058e-09,11877.441927606342,40.74722915699808,1353605799.256266,1353.605799256266,7,5.5,550.0,6.514156594356944,34.23307256264114,7,5.5,550.0
7.0,V2V,ew_0,ew_2,-59.52,82.52,0.19,True,2,1.116599925606e-09,1.091441095524e-09,0.977468,43.382029,16.37,D,1.116863247780561e-09,2790.762738082362,34.457229156998075,1144696062.193428,1144.696062193428,7,5.5,550.0,6.514156594356944,27.94307256264113,7,5.5,550.0
7.0,V2V,ew_0,ew_3,-63.38,86.38,0.13,True,2,4.587639119956e-10,4.470545611617e-10,0.974476,38.179278,15.82,D,4.5919801283686854e-10,1147.4213214314557,30.597229156998075,1016543630.5445104,1016.5436305445104,7,5.5,550.0,6.514156594356944,24.08307256264113,6,4.4,440.00000000000006
7.0,V2V,ew_0,ew_4,-66.43,89.43,0.22,True,2,2.274118698007e-10,1.74630623575e-10,0.767905,3.308573,5.2,D,2.2750974307720667e-10,568.4901126366983,27.547229156998068,915352698.4168464,915.3526984168464,7,5.5,550.0,6.514156594356944,21.033072562641124,6,4.4,440.00000000000006
7.0,V2V,ew_0,ew_5,-68.39,91.39,0.17,True,2,1.447162096884e-10,1.163719806712e-10,0.804139,4.105668,6.13,D,1.4487718535447602e-10,362.01195740748625,25.58722915699807,850387326.0332837,850.3873260332837,7,5.5,550.0,6.514156594356944,19.073072562641126,5,3.3,330.0
7.0,V2V,ew_0,ew_6,-69.42,92.42,0.16,True,2,1.141612498021e-10,8.118160529132001e-11,0.711113,2.461567,3.91,D,1.1428783347897712e-10,285.5767952997929,24.557229156998073,816277798.6181343,816.2777986181343,6,4.4,440.00000000000006,6.514156594356944,18.04307256264113,5,3.3,330.0
7.0,V2V,ew_0,ew_7,-70.59,93.59,0.14,True,2,8.727542736063e-11,5.868704329364e-11,0.672435,2.052828,3.12,D,8.729713683881112e-11,218.13377520942305,23.387229156998075,777566805.4622084,777.5668054622084,6,4.4,440.00000000000006,6.514156594356944,16.87307256264113,5,3.3,330.0
7.0,V2V,ew_0,ew_8,-73.44,96.44,0.05,True,2,4.529530668059e-11,4.365765589374e-11,0.963845,26.658709,14.26,D,4.5289757990362126e-11,113.16781107037012,20.53722915699808,683501213.8591897,683.5012138591898,6,4.4,440.00000000000006,6.514156594356944,14.023072562641136,4,2.4,240.0
7.0,V2V,ew_1,ew_0,-53.23,76.23,0.0,True,2,4.753644398451e-09,4.753644187966e-09,1.0,22584319.101072,73.54,D,4.753352259428058e-09,11877.441927606342,40.74722915699808,1353605799.256266,1353.605799256266,7,5.5,550.0,6.514156594356944,34.23307256264114,7,5.5,550.0
7.0,V2V,ew_1,ew_2,-53.95,76.95,0.04,True,2,4.024852076755e-09,4.023490474507e-09,0.999662,2954.967561,34.71,D,4.027170343254587e-09,10062.894410931,40.02722915699807,1329690107.0390284,1329.6901070390284,7,5.5,550.0,6.514156594356944,33.51307256264113,7,5.5,550.0
7.0,V2V,ew_1,ew_3,-60.28,83.28,0.1,True,2,9.36527016746e-10,9.299864546221e-10,0.993016,142.187542,21.53,D,9.37562006925879e-10,2342.7336504894533,33.69722915699807,1119459291.1183543,1119.4592911183545,7,5.5,550.0,6.514156594356944,27.18307256264113,7,5.5,550.0
7.0,V2V,ew_1,ew_4,-64.76,87.76,0.26,True,2,3.340068494466e-10,2.67263473131e-10,0.800174,4.004345,6.03,D,3.3419504002611355e-10,835.0700650327674,29.217229156998066,970748003.9066166,970.7480039066164,7,5.5,550.0,6.514156594356944,22.70307256264112,6,4.4,440.00000000000006
7.0,V2V,ew_1,ew_5,-66.86,89.86,0.2,True,2,2.060424562345e-10,1.635459427784e-10,0.793749,3.848456,5.85,D,2.0606299132700007e-10,514.9000283033484,27.117229156998075,901094771.5414563,901.0947715414565,7,5.5,550.0,6.514156594356944,20.60307256264113,6,4.4,440.00000000000006
7.0,V2V,ew_1,ew_6,-68.42,91.42,0.18,True,2,1.439637580218e-10,1.07423702941e-10,0.746186,2.939889,4.68,D,1.4387985782558435e-10,359.5198846216501,25.55722915699807,849393502.3870214,849.3935023870214,7,5.5,550.0,6.514156594356944,19.043072562641125,5,3.3,330.0
7.0,V2V,ew_1,ew_7,-69.54,92.54,0.16,True,2,1.110741746734e-10,7.427579012035001e-11,0.668704,2.018452,3.05,D,1.1117317272815895e-10,277.7940348029959,24.437229156998068,812305588.2788078,812.3055882788077,6,4.4,440.00000000000006,6.514156594356944,17.923072562641124,5,3.3,330.0
7.0,V2V,ew_1,ew_8,-71.04,94.04,0.13,True,2,7.864321793004e-11,5.34027333175e-11,0.679051,2.115757,3.25,D,7.870457896950968e-11,196.6631158658413,22.937229156998065,762689987.7625419,762.6899877625419,6,4.4,440.00000000000006,6.514156594356944,16.42307256264112,5,3.3,330.0
7.0,V2V,ew_2,ew_0,-59.52,82.52,0.19,True,2,1.116630129669e-09,1.091441095524e-09,0.977442,43.33001,16.37,D,1.116863247780561e-09,2790.762738082362,34.457229156998075,1144696062.193428,1144.696062193428,7,5.5,550.0,6.514156594356944,27.94307256264113,7,5.5,550.0
7.0,V2V,ew_2,ew_1,-53.95,76.95,0.04,True,2,4.024853337075e-09,4.023490474507e-09,0.999661,2952.234928,34.7,D,4.027170343254587e-09,10062.894410931,40.02722915699807,1329690107.0390284,1329.6901070390284,7,5.5,550.0,6.514156594356944,33.51307256264113,7,5.5,550.0
7.0,V2V,ew_2,ew_3,-54.62,77.62,0.02,True,2,3.449768955599e-09,3.449499233602e-09,0.999922,12789.091242,41.07,D,3.4514373933585646e-09,8624.281342725048,39.35722915699807,1307435580.0586271,1307.4355800586272,7,5.5,550.0,6.514156594356944,32.843072562641126,7,5.5,550.0
7.0,V2V,ew_2,ew_4,-62.87,85.87,0.21,True,2,5.163142837363e-10,4.85085231625e-10,0.939515,15.53314,11.91,D,5.164163692720711e-10,1290.3957253175188,31.107229156998073,1033471544.136562,1033.4715441365622,7,5.5,550.0,6.514156594356944,24.59307256264113,6,4.4,440.00000000000006
7.0,V2V,ew_2,ew_5,-65.31,88.31,0.21,True,2,2.942855461354e-10,2.56574114457e-10,0.871854,6.803616,8.33,D,2.9444216337987567e-10,735.7375396798493,28.66722915699807,952500694.5267732,952.5006945267734,7,5.5,550.0,6.514156594356944,22.153072562641125,6,4.4,440.00000000000006
7.0,V2V,ew_2,ew_6,-67.6,90.6,0.16,True,2,1.737428558771e-10,1.534839691292e-10,0.883397,7.57613,8.79,D,1.7378008287493763e-10,434.23309064202306,26.377229156998077,876564443.8206458,876.5644438206458,7,5.5,550.0,6.514156594356944,19.863072562641133,5,3.3,330.0
7.0,V2V,ew_2,ew_7,-68.43,91.43,0.18,True,2,1.434777544847e-10,9.946921310287e-11,0.693273,2.260225,3.54,D,1.4354894333536529e-10,358.693011832497,25.547229156998064,849062232.0633793,849.0622320633793,7,5.5,550.0,6.514156594356944,19.03307256264112,5,3.3,330.0
7.0,V2V,ew_2,ew_8,-70.52,93.52,0.14,True,2,8.881527802454e-11,6.821510723603e-11,0.768056,3.311386,5.2,D,8.871560120379618e-11,221.67816392752664,23.45722915699808,779881628.2529888,779.8816282529888,6,4.4,440.00000000000006,6.514156594356944,16.943072562641134,5,3.3,330.0
7.0,V2V,ew_3,ew_0,-63.38,86.38,0.13,True,2,4.587633554301e-10,4.470545611617e-10,0.974477,38.181093,15.82,D,4.5919801283686854e-10,1147.4213214314557,30.597229156998075,1016543630.5445104,1016.5436305445104,7,5.5,550.0,6.514156594356944,24.08307256264113,6,4.4,440.00000000000006
7.0,V2V,ew_3,ew_1,-60.28,83.28,0.1,True,2,9.365263992628e-10,9.299864546221e-10,0.993017,142.200967,21.53,D,9.37562006925879e-10,2342.7336504894533,33.69722915699807,1119459291.1183543,1119.4592911183545,7,5.5,550.0,6.514156594356944,27.18307256264113,7,5.5,550.0
7.0,V2V,ew_3,ew_2,-54.62,77.62,0.02,True,2,3.449768923431e-09,3.449499233602e-09,0.999922,12790.616686,41.07,D,3.4514373933585646e-09,8624.281342725048,39.35722915699807,1307435580.0586271,1307.4355800586272,7,5.5,550.0,6.514156594356944,32.843072562641126,7,5.5,550.0
7.0,V2V,ew_3,ew_4,-59.03,82.03,0.11,True,2,1.249499262093e-09,1.241817501822e-09,0.993852,161.657935,22.09,D,1.2502590302177187e-09,3124.0855327779072,34.94722915699807,1160967996.1165075,1160.9679961165075,7,5.5,550.0,6.514156594356944,28.43307256264113,7,5.5,550.0
7.0,V2V,ew_3,ew_5,-62.87,85.87,0.21,True,2,5.163135831837e-10,4.85085231625e-10,0.939517,15.533488,11.91,D,5.164163692720711e-10,1290.3957253175188,31.107229156998073,1033471544.136562,1033.4715441365622,7,5.5,550.0,6.514156594356944,24.59307256264113,6,4.4,440.00000000000006
7.0,V2V,ew_3,ew_6,-66.06,89.06,0.04,True,2,2.47496246173e-10,2.465131154897e-10,0.996028,250.742978,23.99,D,2.477422057633286e-10,619.0459914126151,27.917229156998076,927623141.998723,927.623141998723,7,5.5,550.0,6.514156594356944,21.403072562641132,6,4.4,440.00000000000006
7.0,V2V,ew_3,ew_7,-68.39,91.39,0.03,True,2,1.448189797891e-10,1.44322778781e-10,0.996574,290.855473,24.64,D,1.4487718535447602e-10,362.01195740748625,25.58722915699807,850387326.0332837,850.3873260332837,7,5.5,550.0,6.514156594356944,19.073072562641126,5,3.3,330.0
7.0,V2V,ew_3,ew_8,-69.18,92.18,0.16,True,2,1.208856578403e-10,9.236660633121e-11,0.764082,3.238769,5.1,D,1.207813835106777e-10,301.8025574979453,24.797229156998064,824223358.028338,824.223358028338,6,4.4,440.00000000000006,6.514156594356944,18.28307256264112,5,3.3,330.0
7.0,V2V,ew_4,ew_0,-66.43,89.43,0.22,True,2,2.274084584141e-10,1.74630623575e-10,0.767916,3.308787,5.2,D,2.2750974307720667e-10,568.4901126366983,27.547229156998068,915352698.4168464,915.3526984168464,7,5.5,550.0,6.514156594356944,21.033072562641124,6,4.4,440.00000000000006
7.0,V2V,ew_4,ew_1,-64.76,87.76,0.26,True,2,3.340031279339e-10,2.67263473131e-10,0.800183,4.004568,6.03,D,3.3419504002611355e-10,835.0700650327674,29.217229156998066,970748003.9066166,970.7480039066164,7,5.5,550.0,6.514156594356944,22.70307256264112,6,4.4,440.00000000000006
7.0,V2V,ew_4,ew_2,-62.87,85.87,0.21,True,2,5.163124035971e-10,4.85085231625e-10,0.939519,15.534075,11.91,D,5.164163692720711e-10,1290.3957253175188,31.107229156998073,1033471544.136562,1033.4715441365622,7,5.5,550.0,6.514156594356944,24.59307256264113,6,4.4,440.00000000000006
7.0,V2V,ew_4,ew_3,-59.03,82.03,0.11,True,2,1.249519398828e-09,1.241817501822e-09,0.993836,161.235278,22.07,D,1.2502590302177187e-09,3124.0855327779072,34.94722915699807,1160967996.1165075,1160.9679961165075,7,5.5,550.0,6.514156594356944,28.43307256264113,7,5.5,550.0
7.0,V2V,ew_4,ew_5,-54.62,77.62,0.02,True,2,3.44976830969e-09,3.449499233602e-09,0.999922,12819.791043,41.08,D,3.4514373933585646e-09,8624.281342725048,39.35722915699807,1307435580.0586271,1307.4355800586272,7,5.5,550.0,6.514156594356944,32.843072562641126,7,5.5,550.0
7.0,V2V,ew_4,ew_6,-60.77,83.77,0.22,True,2,8.373841524832e-10,8.018751502637e-10,0.957595,22.582306,13.54,D,8.375292821268827e-10,2092.776816908752,33.207229156998075,1103189195.3148997,1103.1891953148995,7,5.5,550.0,6.514156594356944,26.69307256264113,7,5.5,550.0
7.0,V2V,ew_4,ew_7,-63.95,86.95,0.27,True,2,4.025318279989e-10,3.322341522582e-10,0.825361,4.726104,6.75,D,4.027170343254586e-10,1006.2894410931,30.027229156998068,997626258.094572,997.626258094572,7,5.5,550.0,6.514156594356944,23.513072562641124,6,4.4,440.00000000000006
7.0,V2V,ew_4,ew_8,-66.43,89.43,0.22,True,2,2.27408303351e-10,1.74630623575e-10,0.767917,3.308797,5.2,D,2.2750974307720667e-10,568.4901126366983,27.547229156998068,915352698.4168464,915.3526984168464,7,5.5,550.0,6.514156594356944,21.033072562641124,6,4.4,440.00000000000006
7.0,V2V,ew_5,ew_0,-68.39,91.39,0.17,True,2,1.447144153876e-10,1.163719806712e-10,0.804149,4.105927,6.13,D,1.4487718535447602e-10,362.01195740748625,25.58722915699807,850387326.0332837,850.3873260332837,7,5.5,550.0,6.514156594356944,19.073072562641126,5,3.3,330.0
7.0,V2V,ew_5,ew_1,-66.86,89.86,0.2,True,2,2.059776869601e-10,1.635459427784e-10,0.793998,3.85433,5.86,D,2.0606299132700007e-10,514.9000283033484,27.117229156998075,901094771.5414563,901.0947715414565,7,5.5,550.0,6.514156594356944,20.60307256264113,6,4.4,440.00000000000006
7.0,V2V,ew_5,ew_2,-65.31,88.31,0.21,True,2,2.942830125162e-10,2.56574114457e-10,0.871862,6.804074,8.33,D,2.9444216337987567e-10,735.7375396798493,28.66722915699807,952500694.5267732,952.5006945267734,7,5.5,550.0,6.514156594356944,22.153072562641125,6,4.4,440.00000000000006
7.0,V2V,ew_5,ew_3,-62.87,85.87,0.21,True,2,5.163120713191e-10,4.85085231625e-10,0.939519,15.53424,11.91,D,5.164163692720711e-10,1290.3957253175188,31.107229156998073,1033471544.136562,1033.4715441365622,7,5.5,550.0,6.514156594356944,24.59307256264113,6,4.4,440.00000000000006
7.0,V2V,ew_5,ew_4,-54.62,77.62,0.02,True,2,3.449768736222e-09,3.449499233602e-09,0.999922,12799.50165,41.07,D,3.4514373933585646e-09,8624.281342725048,39.35722915699807,1307435580.0586271,1307.4355800586272,7,5.5,550.0,6.514156594356944,32.843072562641126,7,5.5,550.0
7.0,V2V,ew_5,ew_6,-55.24,78.24,0.02,True,2,2.990481588948e-09,2.990103648811e-09,0.999874,7911.580064,38.98,D,2.992264636608189e-09,7476.923129955494,38.73722915699808,1286842192.5609171,1286.842192560917,7,5.5,550.0,6.514156594356944,32.223072562641136,7,5.5,550.0
7.0,V2V,ew_5,ew_7,-61.36,84.36,0.21,True,2,7.30473708176e-10,6.985217411365e-10,0.956259,21.861619,13.4,D,7.311390834834173e-10,1826.934241587749,32.61722915699807,1083599845.6238785,1083.5998456238783,7,5.5,550.0,6.514156594356944,26.103072562641128,7,5.5,550.0
7.0,V2V,ew_5,ew_8,-65.36,88.36,0.02,True,2,2.909044893678e-10,2.907480793561e-10,0.999462,1858.884072,32.69,D,2.9107171180666076e-10,727.315621705799,28.61722915699808,950841997.974748,950.841997974748,7,5.5,550.0,6.514156594356944,22.103072562641135,6,4.4,440.00000000000006
7.0,V2V,ew_6,ew_0,-69.42,92.42,0.16,True,2,1.141591010715e-10,8.118160529132001e-11,0.711127,2.461727,3.91,D,1.1428783347897712e-10,285.5767952997929,24.557229156998073,816277798.6181343,816.2777986181343,6,4.4,440.00000000000006,6.514156594356944,18.04307256264113,5,3.3,330.0
7.0,V2V,ew_6,ew_1,-68.42,91.42,0.18,True,2,1.439613766966e-10,1.07423702941e-10,0.746198,2.940081,4.68,D,1.4387985782558435e-10,359.5198846216501,25.55722915699807,849393502.3870214,849.3935023870214,7,5.5,550.0,6.514156594356944,19.043072562641125,5,3.3,330.0
7.0,V2V,ew_6,ew_2,-67.6,90.6,0.16,True,2,1.737416596766e-10,1.534839691292e-10,0.883403,7.576578,8.79,D,1.7378008287493763e-10,434.23309064202306,26.377229156998077,876564443.8206458,876.5644438206458,7,5.5,550.0,6.514156594356944,19.863072562641133,5,3.3,330.0
7.0,V2V,ew_6,ew_3,-66.06,89.06,0.04,True,2,2.475163833401e-10,2.465131154897e-10,0.995947,245.710171,23.9,D,2.477422057633286e-10,619.0459914126151,27.917229156998076,927623141.998723,927.623141998723,7,5.5,550.0,6.514156594356944,21.403072562641132,6,4.4,440.00000000000006
7.0,V2V,ew_6,ew_4,-60.77,83.77,0.22,True,2,8.373820619013e-10,8.018751502637e-10,0.957598,22.583636,13.54,D,8.375292821268827e-10,2092.776816908752,33.207229156998075,1103189195.3148997,1103.1891953148995,7,5.5,550.0,6.514156594356944,26.69307256264113,7,5.5,550.0
7.0,V2V,ew_6,ew_5,-55.24,78.24,0.02,True,2,2.990481897213e-09,2.990103648811e-09,0.999874,7905.132268,38.98,D,2.992264636608189e-09,7476.923129955494,38.73722915699808,1286842192.5609171,1286.842192560917,7,5.5,550.0,6.514156594356944,32.223072562641136,7,5.5,550.0
7.0,V2V,ew_6,ew_7,-55.82,78.82,0.02,True,2,2.616941592134e-09,2.616732780661e-09,0.99992,12531.55652,40.98,D,2.618183008218986e-09,6542.186427333798,38.15722915699808,1267577766.0964592,1267.577766096459,7,5.5,550.0,6.514156594356944,31.643072562641137,7,5.5,550.0
7.0,V2V,ew_6,ew_8,-61.8,84.8,0.25,True,2,6.600225311102e-10,6.139358765168e-10,0.930174,13.321337,11.25,D,6.606934480075963e-10,1650.908165936023,32.17722915699808,1068991777.03109,1068.99177703109,7,5.5,550.0,6.514156594356944,25.663072562641137,7,5.5,550.0
7.0,V2V,ew_7,ew_0,-70.59,93.59,0.14,True,2,8.727361090798e-11,5.868704329364e-11,0.672449,2.052959,3.12,D,8.729713683881112e-11,218.13377520942305,23.387229156998075,777566805.4622084,777.5668054622084,6,4.4,440.00000000000006,6.514156594356944,16.87307256264113,5,3.3,330.0
7.0,V2V,ew_7,ew_1,-69.54,92.54,0.16,True,2,1.110719705631e-10,7.427579012035001e-11,0.668718,2.018573,3.05,D,1.1117317272815895e-10,277.7940348029959,24.437229156998068,812305588.2788078,812.3055882788077,6,4.4,440.00000000000006,6.514156594356944,17.923072562641124,5,3.3,330.0
7.0,V2V,ew_7,ew_2,-68.43,91.43,0.18,True,2,1.434750270368e-10,9.946921310287e-11,0.693286,2.260365,3.54,D,1.4354894333536529e-10,358.693011832497,25.547229156998064,849062232.0633793,849.0622320633793,7,5.5,550.0,6.514156594356944,19.03307256264112,5,3.3,330.0
7.0,V2V,ew_7,ew_3,-68.39,91.39,0.03,True,2,1.448189580267e-10,1.44322778781e-10,0.996574,290.86823,24.64,D,1.4487718535447602e-10,362.01195740748625,25.58722915699807,850387326.0332837,850.3873260332837,7,5.5,550.0,6.514156594356944,19.073072562641126,5,3.3,330.0
7.0,V2V,ew_7,ew_4,-63.95,86.95,0.27,True,2,4.025258857621e-10,3.322341522582e-10,0.825373,4.726504,6.75,D,4.027170343254586e-10,1006.2894410931,30.027229156998068,997626258.094572,997.626258094572,7,5.5,550.0,6.514156594356944,23.513072562641124,6,4.4,440.00000000000006
7.0,V2V,ew_7,ew_5,-61.36,84.36,0.21,True,2,7.305147777275e-10,6.985217411365e-10,0.956205,21.833556,13.39,D,7.311390834834173e-10,1826.934241587749,32.61722915699807,1083599845.6238785,1083.5998456238783,7,5.5,550.0,6.514156594356944,26.103072562641128,7,5.5,550.0
7.0,V2V,ew_7,ew_6,-55.82,78.82,0.02,True,2,2.6169412032e-09,2.616732780661e-09,0.99992,12554.941454,40.99,D,2.618183008218986e-09,6542.186427333798,38.15722915699808,1267577766.0964592,1267.577766096459,7,5.5,550.0,6.514156594356944,31.643072562641137,7,5.5,550.0
7.0,V2V,ew_7,ew_8,-56.37,79.37,0.0,True,2,2.309167639016e-09,2.30916676429e-09,1.0,2639874.348454,64.22,D,2.306747188720071e-09,5763.985978810772,37.60722915699808,1249310138.3723044,1249.3101383723044,7,5.5,550.0,6.514156594356944,31.093072562641137,7,5.5,550.0
7.0,V2V,ew_8,ew_0,-73.44,96.44,0.05,True,2,4.529519419067e-11,4.365765589374e-11,0.963847,26.66054,14.26,D,4.5289757990362126e-11,113.16781107037012,20.53722915699808,683501213.8591897,683.5012138591898,6,4.4,440.00000000000006,6.514156594356944,14.023072562641136,4,2.4,240.0
7.0,V2V,ew_8,ew_1,-71.04,94.04,0.13,True,2,7.864171160345001e-11,5.34027333175e-11,0.679064,2.115883,3.25,D,7.870457896950968e-11,196.6631158658413,22.937229156998065,762689987.7625419,762.6899877625419,6,4.4,440.00000000000006,6.514156594356944,16.42307256264112,5,3.3,330.0
7.0,V2V,ew_8,ew_2,-70.51,93.51,0.14,True,2,8.898527002614001e-11,6.821510723603e-11,0.766589,3.284284,5.16,D,8.892011178579481e-11,222.18918487205096,23.467229156998073,780212330.9641243,780.2123309641244,6,4.4,440.00000000000006,6.514156594356944,16.95307256264113,5,3.3,330.0
7.0,V2V,ew_8,ew_3,-69.18,92.18,0.16,True,2,1.208838469256e-10,9.236660633121e-11,0.764094,3.238974,5.1,D,1.207813835106777e-10,301.8025574979453,24.797229156998064,824223358.028338,824.223358028338,6,4.4,440.00000000000006,6.514156594356944,18.28307256264112,5,3.3,330.0
7.0,V2V,ew_8,ew_4,-66.43,89.43,0.22,True,2,2.274053626914e-10,1.74630623575e-10,0.767927,3.308981,5.2,D,2.2750974307720667e-10,568.4901126366983,27.547229156998068,915352698.4168464,915.3526984168464,7,5.5,550.0,6.514156594356944,21.033072562641124,6,4.4,440.00000000000006
7.0,V2V,ew_8,ew_5,-65.36,88.36,0.02,True,2,2.909044897896e-10,2.907480793561e-10,0.999462,1858.879059,32.69,D,2.9107171180666076e-10,727.315621705799,28.61722915699808,950841997.974748,950.841997974748,7,5.5,550.0,6.514156594356944,22.103072562641135,6,4.4,440.00000000000006
7.0,V2V,ew_8,ew_6,-61.8,84.8,0.25,True,2,6.600187071451e-10,6.139358765168e-10,0.93018,13.322443,11.25,D,6.606934480075963e-10,1650.908165936023,32.17722915699808,1068991777.03109,1068.99177703109,7,5.5,550.0,6.514156594356944,25.663072562641137,7,5.5,550.0
7.0,V2V,ew_8,ew_7,-56.37,79.37,0.0,True,2,2.309167546612e-09,2.30916676429e-09,1.0,2951685.069708,64.7,D,2.306747188720071e-09,5763.985978810772,37.60722915699808,1249310138.3723044,1249.3101383723044,7,5.5,550.0,6.514156594356944,31.093072562641137,7,5.5,550.0
7.0,V2V,ns_0,ns_1,-53.96,76.96,0.1,True,2,4.016998086452e-09,4.010120674121e-09,0.998288,583.085684,27.66,D,4.0179081084894e-09,10039.750396025483,40.01722915699808,1329357947.2759435,1329.3579472759436,7,5.5,550.0,6.514156594356944,33.50307256264114,7,5.5,550.0
7.0,V2V,ns_0,ns_2,-60.23,83.23,0.18,True,2,9.492630156819e-10,9.270122570732e-10,0.97656,41.662052,16.2,D,9.484184633008976e-10,2369.861227638425,33.747229156998074,1121119550.5450366,1121.1195505450366,7,5.5,550.0,6.514156594356944,27.23307256264113,7,5.5,550.0
7.0,V2V,ns_0,ns_3,-63.47,86.47,0.27,True,2,4.495609280071e-10,3.82096929481e-10,0.849934,5.663716,7.53,D,4.497798548932885e-10,1123.887693386528,30.50722915699808,1013556525.7409166,1013.5565257409166,7,5.5,550.0,6.514156594356944,23.993072562641135,6,4.4,440.00000000000006
7.0,V2V,ns_0,ns_4,-67.96,90.96,0.07,True,2,1.600668821513e-10,1.567323181175e-10,0.979168,47.002342,16.72,D,1.599558028614671e-10,399.6896623225064,26.01722915699808,864634147.890844,864.634147890844,7,5.5,550.0,6.514156594356944,19.503072562641137,5,3.3,330.0
7.0,V2V,ns_0,ns_5,-69.8,92.8,0.04,True,2,1.046661686837e-10,1.037192581978e-10,0.990953,109.534386,20.4,D,1.0471285480509008e-10,261.6513113570466,24.17722915699808,803700497.7326881,803.7004977326881,6,4.4,440.00000000000006,6.514156594356944,17.663072562641137,5,3.3,330.0
7.0,V2V,ns_0,ns_6,-70.56,93.56,0.13,True,2,8.800133002108001e-11,7.210442034039001e-11,0.819356,4.535751,6.57,D,8.790225168308843e-11,219.64580630456877,23.417229156998076,778558851.682532,778.558851682532,6,4.4,440.00000000000006,6.514156594356944,16.903072562641132,5,3.3,330.0
7.0,V2V,ns_0,ns_7,-71.01,94.01,0.13,True,2,7.924157017127001e-11,5.205478146184e-11,0.656913,1.914709,2.82,D,7.925013304804702e-11,198.02631946038733,22.967229156998066,763681541.6745701,763.6815416745701,6,4.4,440.00000000000006,6.514156594356944,16.453072562641122,5,3.3,330.0
7.0,V2V,ns_1,ns_0,-53.96,76.96,0.1,True,2,4.01699699132e-09,4.010120674121e-09,0.998288,583.178547,27.66,D,4.0179081084894e-09,10039.750396025483,40.01722915699808,1329357947.2759435,1329.3579472759436,7,5.5,550.0,6.514156594356944,33.50307256264114,7,5.5,550.0
7.0,V2V,ns_1,ns_2,-54.64,77.64,0.01,True,2,3.438938065907e-09,3.438866694453e-09,0.999979,48182.662725,46.83,D,3.435579478998743e-09,8584.6563693122,39.33722915699807,1306771271.6449685,1306.7712716449682,7,5.5,550.0,6.514156594356944,32.82307256264113,7,5.5,550.0
7.0,V2V,ns_1,ns_3,-60.87,83.87,0.16,True,2,8.175693344138e-10,7.994934707095e-10,0.977891,44.22989,16.46,D,8.184647881347903e-10,2045.139400636657,33.10722915699807,1099868872.1903825,1099.8688721903825,7,5.5,550.0,6.514156594356944,26.59307256264113,7,5.5,550.0
7.0,V2V,ns_1,ns_4,-65.83,88.83,0.15,True,2,2.609538573172e-10,2.434904275157e-10,0.933078,13.942875,11.44,D,2.612161354399205e-10,652.7139816089966,28.147229156998073,935251574.3584628,935.2515743584628,7,5.5,550.0,6.514156594356944,21.63307256264113,6,4.4,440.00000000000006
7.0,V2V,ns_1,ns_5,-67.63,90.63,0.17,True,2,1.724484907592e-10,1.472832532516e-10,0.854071,5.852647,7.67,D,1.7258378919902038e-10,431.24385107201493,26.347229156998075,875570163.0586162,875.5701630586161,7,5.5,550.0,6.514156594356944,19.83307256264113,5,3.3,330.0
7.0,V2V,ns_1,ns_6,-69.9,92.9,0.09,True,2,1.023046790804e-10,9.616526294189e-11,0.939989,15.663584,11.95,D,1.0232929922807536e-10,255.69540037000337,24.077229156998072,800391363.4800489,800.3913634800489,6,4.4,440.00000000000006,6.514156594356944,17.56307256264113,5,3.3,330.0
7.0,V2V,ns_1,ns_7,-70.0,93.0,0.15,True,2,1.000229681087e-10,6.630220537749e-11,0.66287,1.966213,2.94,D,9.999999999999999e-11,249.87506246876555,23.97722915699807,797082526.059876,797.0825260598759,6,4.4,440.00000000000006,6.514156594356944,17.46307256264113,5,3.3,330.0
7.0,V2V,ns_2,ns_0,-60.23,83.23,0.18,True,2,9.492618360953e-10,9.270122570732e-10,0.976561,41.664261,16.2,D,9.484184633008976e-10,2369.861227638425,33.747229156998074,1121119550.5450366,1121.1195505450366,7,5.5,550.0,6.514156594356944,27.23307256264113,7,5.5,550.0
7.0,V2V,ns_2,ns_1,-54.64,77.64,0.01,True,2,3.438938489512e-09,3.438866694453e-09,0.999979,47898.375064,46.8,D,3.435579478998743e-09,8584.6563693122,39.33722915699807,1306771271.6449685,1306.7712716449682,7,5.5,550.0,6.514156594356944,32.82307256264113,7,5.5,550.0
7.0,V2V,ns_2,ns_3,-55.25,78.25,0.03,True,2,2.982163720361e-09,2.981534599876e-09,0.999789,4739.210806,36.76,D,2.985382618917957e-09,7459.726683952916,38.72722915699807,1286510044.2257426,1286.5100442257426,7,5.5,550.0,6.514156594356944,32.21307256264113,7,5.5,550.0
7.0,V2V,ns_2,ns_4,-63.35,86.35,0.13,True,2,4.62794739499e-10,4.520638059342e-10,0.976813,42.127165,16.25,D,4.623810213992603e-10,1155.374866065118,30.627229156998077,1017539344.1795088,1017.5393441795088,7,5.5,550.0,6.514156594356944,24.113072562641133,6,4.4,440.00000000000006
7.0,V2V,ns_2,ns_5,-66.0,89.0,0.15,True,2,2.513199143987e-10,2.341823481731e-10,0.93181,13.664854,11.36,D,2.5118864315095825e-10,627.6577789879016,27.97722915699808,929613106.3929472,929.6131063929472,7,5.5,550.0,6.514156594356944,21.463072562641138,6,4.4,440.00000000000006
7.0,V2V,ns_2,ns_6,-67.21,90.21,0.21,True,2,1.899923304339e-10,1.386637756035e-10,0.729839,2.701494,4.32,D,1.9010782799233035e-10,475.0320539538489,26.767229156998084,889491491.1466104,889.4914911466104,7,5.5,550.0,6.514156594356944,20.25307256264114,6,4.4,440.00000000000006
7.0,V2V,ns_2,ns_7,-69.12,92.12,0.17,True,2,1.223646933371e-10,8.940746097231e-11,0.730664,2.712833,4.33,D,1.2246161992650463e-10,306.0010492916158,24.857229156998063,826209977.6331819,826.2099776331819,6,4.4,440.00000000000006,6.514156594356944,18.34307256264112,5,3.3,330.0
7.0,V2V,ns_3,ns_0,-63.47,86.47,0.27,True,2,4.495569794377e-10,3.82096929481e-10,0.849941,5.664048,7.53,D,4.497798548932885e-10,1123.887693386528,30.50722915699808,1013556525.7409166,1013.5565257409166,7,5.5,550.0,6.514156594356944,23.993072562641135,6,4.4,440.00000000000006
7.0,V2V,ns_3,ns_1,-60.87,83.87,0.16,True,2,8.175679983797e-10,7.994934707095e-10,0.977892,44.23316,16.46,D,8.184647881347903e-10,2045.139400636657,33.10722915699807,1099868872.1903825,1099.8688721903825,7,5.5,550.0,6.514156594356944,26.59307256264113,7,5.5,550.0
7.0,V2V,ns_3,ns_2,-55.25,78.25,0.03,True,2,2.982163752421e-09,2.981534599876e-09,0.999789,4738.969311,36.76,D,2.985382618917957e-09,7459.726683952916,38.72722915699807,1286510044.2257426,1286.5100442257426,7,5.5,550.0,6.514156594356944,32.21307256264113,7,5.5,550.0
7.0,V2V,ns_3,ns_4,-59.16,82.16,0.01,True,2,1.212535186504e-09,1.212455209241e-09,0.999934,15159.998793,41.81,D,1.2133888504649784e-09,3031.956148088402,34.81722915699808,1156650892.3609087,1156.6508923609088,7,5.5,550.0,6.514156594356944,28.303072562641137,7,5.5,550.0
7.0,V2V,ns_3,ns_5,-63.35,86.35,0.13,True,2,4.628593931684e-10,4.520638059342e-10,0.976676,41.874869,16.22,D,4.623810213992603e-10,1155.374866065118,30.627229156998077,1017539344.1795088,1017.5393441795088,7,5.5,550.0,6.514156594356944,24.113072562641133,6,4.4,440.00000000000006
7.0,V2V,ns_3,ns_6,-65.39,88.39,0.24,True,2,2.892996078904e-10,2.253979388393e-10,0.779116,3.527262,5.47,D,2.8906798823654777e-10,722.3088161832777,28.587229156998077,949846792.6098812,949.8467926098812,7,5.5,550.0,6.514156594356944,22.073072562641133,6,4.4,440.00000000000006
7.0,V2V,ns_3,ns_7,-67.86,90.86,0.18,True,2,1.63868097302e-10,1.307792634962e-10,0.798076,3.952368,5.97,D,1.63681652142781e-10,408.99963054168165,26.11722915699808,867947879.9466608,867.9478799466608,7,5.5,550.0,6.514156594356944,19.603072562641135,5,3.3,330.0
7.0,V2V,ns_4,ns_0,-67.96,90.96,0.07,True,2,1.600666564792e-10,1.567323181175e-10,0.979169,47.005523,16.72,D,1.599558028614671e-10,399.6896623225064,26.01722915699808,864634147.890844,864.634147890844,7,5.5,550.0,6.514156594356944,19.503072562641137,5,3.3,330.0
7.0,V2V,ns_4,ns_1,-65.83,88.83,0.15,True,2,2.609528037193e-10,2.434904275157e-10,0.933082,13.943717,11.44,D,2.612161354399205e-10,652.7139816089966,28.147229156998073,935251574.3584628,935.2515743584628,7,5.5,550.0,6.514156594356944,21.63307256264113,6,4.4,440.00000000000006
7.0,V2V,ns_4,ns_2,-63.35,86.35,0.13,True,2,4.628590318161e-10,4.520638059342e-10,0.976677,41.876271,16.22,D,4.623810213992603e-10,1155.374866065118,30.627229156998077,1017539344.1795088,1017.5393441795088,7,5.5,550.0,6.514156594356944,24.113072562641133,6,4.4,440.00000000000006
7.0,V2V,ns_4,ns_3,-59.16,82.16,0.01,True,2,1.212535189982e-09,1.212455209241e-09,0.999934,15159.339657,41.81,D,1.2133888504649784e-09,3031.956148088402,34.81722915699808,1156650892.3609087,1156.6508923609088,7,5.5,550.0,6.514156594356944,28.303072562641137,7,5.5,550.0
7.0,V2V,ns_4,ns_5,-55.25,78.25,0.03,True,2,2.982163715515e-09,2.981534599876e-09,0.999789,4739.24731,36.76,D,2.985382618917957e-09,7459.726683952916,38.72722915699807,1286510044.2257426,1286.5100442257426,7,5.5,550.0,6.514156594356944,32.21307256264113,7,5.5,550.0
7.0,V2V,ns_4,ns_6,-61.47,84.47,0.15,True,2,7.127573262666e-10,6.965865102015e-10,0.977312,43.076769,16.34,D,7.128530301265192e-10,1781.241954339128,32.50722915699807,1079947749.2806864,1079.9477492806864,7,5.5,550.0,6.514156594356944,25.993072562641128,7,5.5,550.0
7.0,V2V,ns_4,ns_7,-65.33,88.33,0.07,True,2,2.928529200001e-10,2.899680458528e-10,0.990149,100.513239,20.02,D,2.9308932452503244e-10,732.3571327462079,28.64722915699808,951837212.7787848,951.8372127787848,7,5.5,550.0,6.514156594356944,22.133072562641136,6,4.4,440.00000000000006
7.0,V2V,ns_5,ns_0,-69.8,92.8,0.04,True,2,1.046661263702e-10,1.037192581978e-10,0.990953,109.53928,20.4,D,1.0471285480509008e-10,261.6513113570466,24.17722915699808,803700497.7326881,803.7004977326881,6,4.4,440.00000000000006,6.514156594356944,17.663072562641137,5,3.3,330.0
7.0,V2V,ns_5,ns_1,-67.63,90.63,0.17,True,2,1.725142236396e-10,1.472832532516e-10,0.853746,5.837399,7.66,D,1.7258378919902038e-10,431.24385107201493,26.347229156998075,875570163.0586162,875.5701630586161,7,5.5,550.0,6.514156594356944,19.83307256264113,5,3.3,330.0
7.0,V2V,ns_5,ns_2,-66.0,89.0,0.15,True,2,2.513187901918e-10,2.341823481731e-10,0.931814,13.665751,11.36,D,2.5118864315095825e-10,627.6577789879016,27.97722915699808,929613106.3929472,929.6131063929472,7,5.5,550.0,6.514156594356944,21.463072562641138,6,4.4,440.00000000000006
7.0,V2V,ns_5,ns_3,-63.35,86.35,0.13,True,2,4.627937108219e-10,4.520638059342e-10,0.976815,42.131203,16.25,D,4.623810213992603e-10,1155.374866065118,30.627229156998077,1017539344.1795088,1017.5393441795088,7,5.5,550.0,6.514156594356944,24.113072562641133,6,4.4,440.00000000000006
7.0,V2V,ns_5,ns_4,-55.25,78.25,0.03,True,2,2.982163696998e-09,2.981534599876e-09,0.999789,4739.38681,36.76,D,2.985382618917957e-09,7459.726683952916,38.72722915699807,1286510044.2257426,1286.5100442257426,7,5.5,550.0,6.514156594356944,32.21307256264113,7,5.5,550.0
7.0,V2V,ns_5,ns_6,-55.83,78.83,0.01,True,2,2.609779187104e-09,2.609716665833e-09,0.999976,41741.260288,46.21,D,2.612161354399205e-09,6527.139816089967,38.14722915699807,1267245624.1147282,1267.245624114728,7,5.5,550.0,6.514156594356944,31.63307256264113,7,5.5,550.0
7.0,V2V,ns_5,ns_7,-61.73,84.73,0.27,True,2,6.716885432113e-10,6.123397905832e-10,0.911642,10.317652,10.14,D,6.714288529259521e-10,1677.7332656820397,32.247229156998074,1071315730.299664,1071.3157302996642,7,5.5,550.0,6.514156594356944,25.73307256264113,7,5.5,550.0
7.0,V2V,ns_6,ns_0,-70.56,93.56,0.13,True,2,8.800035533917e-11,7.210442034039001e-11,0.819365,4.536029,6.57,D,8.790225168308843e-11,219.64580630456877,23.417229156998076,778558851.682532,778.558851682532,6,4.4,440.00000000000006,6.514156594356944,16.903072562641132,5,3.3,330.0
7.0,V2V,ns_6,ns_1,-69.9,92.9,0.09,True,2,1.023042824236e-10,9.616526294189e-11,0.939993,15.664596,11.95,D,1.0232929922807536e-10,255.69540037000337,24.077229156998072,800391363.4800489,800.3913634800489,6,4.4,440.00000000000006,6.514156594356944,17.56307256264113,5,3.3,330.0
7.0,V2V,ns_6,ns_2,-67.21,90.21,0.21,True,2,1.899892457872e-10,1.386637756035e-10,0.729851,2.701656,4.32,D,1.9010782799233035e-10,475.0320539538489,26.767229156998084,889491491.1466104,889.4914911466104,7,5.5,550.0,6.514156594356944,20.25307256264114,6,4.4,440.00000000000006
7.0,V2V,ns_6,ns_3,-65.39,88.39,0.24,True,2,2.892958642258e-10,2.253979388393e-10,0.779126,3.527469,5.47,D,2.8906798823654777e-10,722.3088161832777,28.587229156998077,949846792.6098812,949.8467926098812,7,5.5,550.0,6.514156594356944,22.073072562641133,6,4.4,440.00000000000006
7.0,V2V,ns_6,ns_4,-61.47,84.47,0.15,True,2,7.12720288354e-10,6.965865102015e-10,0.977363,43.175659,16.35,D,7.128530301265192e-10,1781.241954339128,32.50722915699807,1079947749.2806864,1079.9477492806864,7,5.5,550.0,6.514156594356944,25.993072562641128,7,5.5,550.0
7.0,V2V,ns_6,ns_5,-55.83,78.83,0.01,True,2,2.609779222127e-09,2.609716665833e-09,0.999976,41717.890667,46.2,D,2.612161354399205e-09,6527.139816089967,38.14722915699807,1267245624.1147282,1267.245624114728,7,5.5,550.0,6.514156594356944,31.63307256264113,7,5.5,550.0
7.0,V2V,ns_6,ns_7,-56.37,79.37,0.04,True,2,2.304417327887e-09,2.303341179113e-09,0.999533,2140.355717,33.3,D,2.306747188720071e-09,5763.985978810772,37.60722915699808,1249310138.3723044,1249.3101383723044,7,5.5,550.0,6.514156594356944,31.093072562641137,7,5.5,550.0
7.0,V2V,ns_7,ns_0,-71.01,94.01,0.13,True,2,7.923993647148e-11,5.205478146184e-11,0.656926,1.914824,2.82,D,7.925013304804702e-11,198.02631946038733,22.967229156998066,763681541.6745701,763.6815416745701,6,4.4,440.00000000000006,6.514156594356944,16.453072562641122,5,3.3,330.0
7.0,V2V,ns_7,ns_1,-70.0,93.0,0.15,True,2,1.000209245995e-10,6.630220537749e-11,0.662883,1.966332,2.94,D,9.999999999999999e-11,249.87506246876555,23.97722915699807,797082526.059876,797.0825260598759,6,4.4,440.00000000000006,6.514156594356944,17.46307256264113,5,3.3,330.0
7.0,V2V,ns_7,ns_2,-69.12,92.12,0.17,True,2,1.223625916792e-10,8.940746097231e-11,0.730676,2.713006,4.33,D,1.2246161992650463e-10,306.0010492916158,24.857229156998063,826209977.6331819,826.2099776331819,6,4.4,440.00000000000006,6.514156594356944,18.34307256264112,5,3.3,330.0
7.0,V2V,ns_7,ns_3,-67.85,90.85,0.18,True,2,1.639885535875e-10,1.307792634962e-10,0.79749,3.938032,5.95,D,1.6405897731995418e-10,409.94247206385353,26.127229156998084,868279263.4588779,868.279263458878,7,5.5,550.0,6.514156594356944,19.61307256264114,5,3.3,330.0
7.0,V2V,ns_7,ns_4,-65.33,88.33,0.07,True,2,2.928527706481e-10,2.899680458528e-10,0.99015,100.518443,20.02,D,2.9308932452503244e-10,732.3571327462079,28.64722915699808,951837212.7787848,951.8372127787848,7,5.5,550.0,6.514156594356944,22.133072562641136,6,4.4,440.00000000000006
7.0,V2V,ns_7,ns_5,-61.73,84.73,0.27,True,2,6.716854862544e-10,6.123397905832e-10,0.911647,10.318184,10.14,D,6.714288529259521e-10,1677.7332656820397,32.247229156998074,1071315730.299664,1071.3157302996642,7,5.5,550.0,6.514156594356944,25.73307256264113,7,5.5,550.0
7.0,V2V,ns_7,ns_6,-56.37,79.37,0.04,True,2,2.304417228463e-09,2.303341179113e-09,0.999533,2140.55348,33.31,D,2.306747188720071e-09,5763.985978810772,37.60722915699808,1249310138.3723044,1249.3101383723044,7,5.5,550.0,6.514156594356944,31.093072562641137,7,5.5,550.0
7.0,V2V,wn_0,we_0,-62.43,85.43,0.24,True,2,5.716833215128e-10,5.253516894817e-10,0.918956,11.338942,10.55,D,5.714786366718665e-10,1427.9826003794767,31.54722915699807,1048077263.4616412,1048.0772634616412,7,5.5,550.0,6.514156594356944,25.033072562641127,7,5.5,550.0
7.0,V2V,wn_0,we_1,-59.37,82.37,0.15,True,2,1.156464465623e-09,1.141060025054e-09,0.98668,74.073448,18.7,D,1.1561122421921003e-09,2888.8361873865574,34.60722915699808,1149677199.94146,1149.67719994146,7,5.5,550.0,6.514156594356944,28.093072562641137,7,5.5,550.0
7.0,V2V,wn_0,we_2,-53.1,76.1,0.2,True,2,4.900066091e-09,4.869488145788e-09,0.99376,159.248377,22.02,D,4.897788193684457e-09,12238.35130855686,40.87722915699807,1357923947.6082606,1357.9239476082607,7,5.5,550.0,6.514156594356944,34.36307256264112,7,5.5,550.0
7.0,V2V,wn_0,we_3,-37.84,60.84,0.77,True,2,1.642520451524e-07,1.624374959645e-07,0.988953,89.519478,19.52,D,1.644371723214931e-07,410887.4870602025,56.13722915699807,1864838738.1740024,1864.8387381740024,7,5.5,550.0,6.514156594356944,49.62307256264113,7,5.5,550.0
7.0,V2V,wn_0,we_4,-59.94,82.94,0.24,True,2,1.014781662641e-09,9.72168118131e-10,0.958007,22.813594,13.58,D,1.0139113857366802e-09,2533.511708487456,34.03722915699808,1130749211.3311422,1130.749211331142,7,5.5,550.0,6.514156594356944,27.523072562641136,7,5.5,550.0
7.0,V2V,wn_0,we_5,-63.13,86.13,0.27,True,2,4.860129958934e-10,4.230280317939e-10,0.870405,6.716334,8.27,D,4.86407205691461e-10,1215.4103090741153,30.84722915699807,1024841423.303186,1024.841423303186,7,5.5,550.0,6.514156594356944,24.333072562641124,6,4.4,440.00000000000006
7.0,V2V,wn_0,we_6,-65.5,88.5,0.24,True,2,2.820849957684e-10,2.26593807089e-10,0.803282,4.08342,6.11,D,2.8183829312644546e-10,704.2436110106083,28.47722915699808,946197788.0886794,946.1977880886794,7,5.5,550.0,6.514156594356944,21.963072562641138,6,4.4,440.00000000000006
7.0,V2V,wn_0,we_7,-67.78,90.78,0.18,True,2,1.665684701514e-10,1.367753515521e-10,0.821136,4.590837,6.62,D,1.667247212551061e-10,416.6035013870716,26.19722915699807,870598999.7977033,870.5989997977033,7,5.5,550.0,6.514156594356944,19.68307256264113,5,3.3,330.0
7.0,V2V,wn_0,we_8,-70.63,93.63,0.02,True,2,8.651290423332001e-11,8.615856926338e-11,0.995904,243.155705,23.86,D,8.649679187756938e-11,216.13391273755465,23.347229156998075,776244125.8507134,776.2441258507133,6,4.4,440.00000000000006,6.514156594356944,16.83307256264113,5,3.3,330.0
7.0,V2V,wn_0,wn_1,-56.67,79.67,0.13,True,2,2.154445322254e-09,2.143533218997e-09,0.994935,196.436303,22.93,D,2.1527817347243736e-09,5379.264704458704,37.30722915699808,1239346143.85621,1239.34614385621,7,5.5,550.0,6.514156594356944,30.793072562641132,7,5.5,550.0
7.0,V2V,wn_0,wn_2,-63.02,86.02,0.11,True,2,4.994247636735e-10,4.918555050926e-10,0.984844,64.980671,18.13,D,4.988844874600116e-10,1246.5879246876852,30.957229156998068,1028492577.8814538,1028.4925778814538,7,5.5,550.0,6.514156594356944,24.443072562641124,6,4.4,440.00000000000006
7.0,V2V,wn_0,wn_3,-66.43,89.43,0.22,True,2,2.275726757022e-10,1.746185175826e-10,0.767309,3.297541,5.18,D,2.2750974307720667e-10,568.4901126366983,27.547229156998068,915352698.4168464,915.3526984168464,7,5.5,550.0,6.514156594356944,21.033072562641124,6,4.4,440.00000000000006
7.0,V2V,wn_0,wn_4,-68.43,91.43,0.18,True,2,1.436654305943e-10,9.977568410842e-11,0.6945,2.273326,3.57,D,1.4354894333536529e-10,358.693011832497,25.547229156998064,849062232.0633793,849.0622320633793,7,5.5,550.0,6.514156594356944,19.03307256264112,5,3.3,330.0
7.0,V2V,wn_1,we_0,-65.77,88.77,0.19,True,2,2.649714836955e-10,2.350877612132e-10,0.887219,7.86675,8.96,D,2.648500138606701e-10,661.7941375828838,28.207229156998075,937241703.1746424,937.2417031746425,7,5.5,550.0,6.514156594356944,21.69307256264113,6,4.4,440.00000000000006
7.0,V2V,wn_1,we_1,-63.51,86.51,0.27,True,2,4.453301550317e-10,3.816019682849e-10,0.856897,5.987962,7.77,D,4.4565624839750324e-10,1113.5838290792185,30.467229156998073,1012228941.202579,1012.228941202579,7,5.5,550.0,6.514156594356944,23.95307256264113,6,4.4,440.00000000000006
7.0,V2V,wn_1,we_2,-60.89,83.89,0.23,True,2,8.145426840256e-10,7.758300546574e-10,0.952473,20.040748,13.02,D,8.147042840208388e-10,2035.74283863278,33.08722915699807,1099204812.0218718,1099.2048120218717,7,5.5,550.0,6.514156594356944,26.573072562641126,7,5.5,550.0
7.0,V2V,wn_1,we_3,-55.74,78.74,0.01,True,2,2.668989831074e-09,2.668883224937e-09,0.99996,25034.986748,43.99,D,2.6668586645214808e-09,6663.8147539267375,38.23722915699808,1270234906.1355884,1270.2349061355883,7,5.5,550.0,6.514156594356944,31.723072562641132,7,5.5,550.0
7.0,V2V,wn_1,we_4,-50.32,73.32,0.48,True,2,9.280193028545e-09,9.085284424701e-09,0.978997,46.61305,16.69,D,9.289663867799364e-09,23212.553392802005,43.65722915699807,1450267975.831929,1450.2679758319289,7,5.5,550.0,6.514156594356944,37.14307256264112,7,5.5,550.0
7.0,V2V,wn_1,we_5,-58.52,81.52,0.23,True,2,1.406394367319e-09,1.369300579385e-09,0.973625,36.914552,15.67,D,1.4060475241299127e-09,3513.3621292601515,35.45722915699807,1177904714.2818265,1177.9047142818265,7,5.5,550.0,6.514156594356944,28.943072562641124,7,5.5,550.0
7.0,V2V,wn_1,we_6,-62.51,85.51,0.28,True,2,5.605058465679e-10,4.975019260127e-10,0.887595,7.896365,8.97,D,5.610479760324711e-10,1401.9189805908825,31.46722915699808,1045421597.9525236,1045.4215979525236,7,5.5,550.0,6.514156594356944,24.953072562641136,6,4.4,440.00000000000006
7.0,V2V,wn_1,we_7,-66.04,89.04,0.08,True,2,2.486362405918e-10,2.44851570805e-10,0.984778,64.695623,18.11,D,2.4888573182823853e-10,621.9033778816554,27.937229156998065,928286458.566976,928.286458566976,7,5.5,550.0,6.514156594356944,21.42307256264112,6,4.4,440.00000000000006
7.0,V2V,wn_1,we_8,-68.59,91.59,0.07,True,2,1.383415722766e-10,1.347864577322e-10,0.974302,37.913394,15.79,D,1.3835663789717808e-10,345.71873537525755,25.387229156998075,843762198.623089,843.7621986230889,7,5.5,550.0,6.514156594356944,18.87307256264113,5,3.3,330.0
7.0,V2V,wn_1,wn_0,-56.67,79.67,0.13,True,2,2.154442620419e-09,2.143533218997e-09,0.994936,196.484952,22.93,D,2.1527817347243736e-09,5379.264704458704,37.30722915699808,1239346143.85621,1239.34614385621,7,5.5,550.0,6.514156594356944,30.793072562641132,7,5.5,550.0
7.0,V2V,wn_1,wn_2,-57.42,80.42,0.02,True,2,1.812328001112e-09,1.812155191886e-09,0.999905,10486.449378,40.21,D,1.8113400926196023e-09,4526.087187955028,36.55722915699808,1214436737.662868,1214.436737662868,7,5.5,550.0,6.514156594356944,30.043072562641132,7,5.5,550.0
7.0,V2V,wn_1,wn_3,-64.54,87.54,0.12,True,2,3.517940280135e-10,3.41967702407e-10,0.972068,34.801178,15.42,D,3.5156044052829763e-10,878.4618703855512,29.437229156998068,978047721.989022,978.047721989022,7,5.5,550.0,6.514156594356944,22.923072562641124,6,4.4,440.00000000000006
7.0,V2V,wn_1,wn_4,-66.63,89.63,0.22,True,2,2.173655685937e-10,1.622235098673e-10,0.746316,2.94192,4.69,D,2.1727011788637477e-10,542.9038427945396,27.347229156998083,908720780.8556516,908.7207808556516,7,5.5,550.0,6.514156594356944,20.83307256264114,6,4.4,440.00000000000006
7.0,V2V,wn_2,we_0,-67.79,90.79,0.19,True,2,1.664786222006e-10,1.270804896296e-10,0.763344,3.225546,5.09,D,1.6634126503701663e-10,415.64533992258026,26.187229156998065,870267603.3767391,870.2676033767391,7,5.5,550.0,6.514156594356944,19.67307256264112,5,3.3,330.0
7.0,V2V,wn_2,we_1,-67.46,90.46,0.01,True,2,1.793919022958e-10,1.793190650874e-10,0.999594,2461.915673,33.91,D,1.7947336268325283e-10,448.45917711957225,26.517229156998077,881204627.627822,881.204627627822,7,5.5,550.0,6.514156594356944,20.003072562641133,6,4.4,440.00000000000006
7.0,V2V,wn_2,we_2,-64.53,87.53,0.26,True,2,3.525569291286e-10,2.835567654546e-10,0.804286,4.109509,6.14,D,3.523708710424869e-10,880.4869341391476,29.44722915699807,978379537.5097426,978.3795375097426,7,5.5,550.0,6.514156594356944,22.93307256264113,6,4.4,440.00000000000006
7.0,V2V,wn_2,we_3,-62.17,85.17,0.28,True,2,6.071431909032e-10,5.450495678736e-10,0.897728,8.777867,9.43,D,6.067363295885045e-10,1516.0827825799713,31.80722915699807,1056708409.586277,1056.708409586277,7,5.5,550.0,6.514156594356944,25.293072562641125,7,5.5,550.0
7.0,V2V,wn_2,we_4,-52.28,75.28,0.25,True,2,5.921259371855e-09,5.87392018455e-09,0.992005,124.081559,20.94,D,5.915616341754743e-09,14781.65002937217,41.69722915699808,1385161729.866336,1385.161729866336,7,5.5,550.0,6.514156594356944,35.18307256264113,7,5.5,550.0
7.0,V2V,wn_2,we_5,-40.99,63.99,0.89,True,2,7.969349466415e-08,7.81601720431e-08,0.98076,50.974381,17.07,D,7.961593504173186e-08,198940.3674206193,52.98722915699807,1760198377.256538,1760.198377256538,7,5.5,550.0,6.514156594356944,46.47307256264112,7,5.5,550.0
7.0,V2V,wn_2,we_6,-56.57,79.57,0.11,True,2,2.203708095537e-09,2.194900019016e-09,0.996003,249.191752,23.97,D,2.202926463053456e-09,5504.5638756957915,37.40722915699807,1242667461.575591,1242.6674615755912,7,5.5,550.0,6.514156594356944,30.893072562641127,7,5.5,550.0
7.0,V2V,wn_2,we_7,-61.72,84.72,0.28,True,2,6.725716382508e-10,6.121907971619e-10,0.910224,10.138825,10.06,D,6.729766562843181e-10,1681.60084029065,32.25722915699808,1071647725.4536436,1071.6477254536435,7,5.5,550.0,6.514156594356944,25.743072562641135,7,5.5,550.0
7.0,V2V,wn_2,we_8,-65.03,88.03,0.25,True,2,3.14156034602e-10,2.548291015577e-10,0.811155,4.295336,6.33,D,3.1405086938762166e-10,784.7348060660211,28.947229156998073,961789865.9343911,961.7898659343912,7,5.5,550.0,6.514156594356944,22.43307256264113,6,4.4,440.00000000000006
7.0,V2V,wn_2,wn_0,-63.02,86.02,0.11,True,2,4.994239682832e-10,4.918555050926e-10,0.984846,64.9875,18.13,D,4.988844874600116e-10,1246.5879246876852,30.957229156998068,1028492577.8814538,1028.4925778814538,7,5.5,550.0,6.514156594356944,24.443072562641124,6,4.4,440.00000000000006
7.0,V2V,wn_2,wn_1,-57.42,80.42,0.02,True,2,1.812330287859e-09,1.812155191886e-09,0.999903,10349.496729,40.15,D,1.8113400926196023e-09,4526.087187955028,36.55722915699808,1214436737.662868,1214.436737662868,7,5.5,550.0,6.514156594356944,30.043072562641132,7,5.5,550.0
7.0,V2V,wn_2,wn_3,-59.51,82.51,0.26,True,2,1.119961633977e-09,1.068989917948e-09,0.954488,20.972218,13.22,D,1.1194378834671524e-09,2797.196110612575,34.46722915699808,1145028136.1494114,1145.0281361494117,7,5.5,550.0,6.514156594356944,27.953072562641136,7,5.5,550.0
7.0,V2V,wn_2,wn_4,-64.0,87.0,0.27,True,2,3.984627968412e-10,3.303113042138e-10,0.828964,4.846721,6.85,D,3.9810717055349694e-10,994.7705411131856,29.97722915699807,995966952.51038,995.96695251038,7,5.5,550.0,6.514156594356944,23.463072562641127,6,4.4,440.00000000000006
7.0,V2V,wn_3,we_0,-71.53,94.53,0.01,True,2,7.029058544412001e-11,7.027310932617e-11,0.999751,4021.093788,36.04,D,7.030723198838326e-11,175.6802398510326,22.44722915699807,746499688.5787392,746.4996885787392,6,4.4,440.00000000000006,6.514156594356944,15.933072562641126,5,3.3,330.0
7.0,V2V,wn_3,we_1,-68.83,91.83,0.17,True,2,1.308162183394e-10,9.025632030968e-11,0.689947,2.22526,3.47,D,1.3091819229994072e-10,327.1319147924555,25.147229156998073,835813210.9975464,835.8132109975464,7,5.5,550.0,6.514156594356944,18.63307256264113,5,3.3,330.0
7.0,V2V,wn_3,we_2,-69.08,92.08,0.0,True,2,1.235480139329e-10,1.235463483986e-10,0.999987,74178.206864,48.7,D,1.2359474334445118e-10,308.83244214005794,24.89722915699808,827534440.4477073,827.5344404477073,6,4.4,440.00000000000006,6.514156594356944,18.383072562641136,5,3.3,330.0
7.0,V2V,wn_3,we_3,-66.1,89.1,0.23,True,2,2.457352417929e-10,1.855410910558e-10,0.755045,3.082377,4.89,D,2.4547089156850336e-10,613.3705436494336,27.87722915699808,926296523.6644944,926.2965236644944,7,5.5,550.0,6.514156594356944,21.363072562641136,6,4.4,440.00000000000006
7.0,V2V,wn_3,we_4,-62.45,85.45,0.24,True,2,5.693129643288e-10,5.255987270425e-10,0.923216,12.023514,10.8,D,5.688529308438414e-10,1421.4216163014526,31.527229156998075,1047413343.8502268,1047.4133438502267,7,5.5,550.0,6.514156594356944,25.01307256264113,7,5.5,550.0
7.0,V2V,wn_3,we_5,-58.54,81.54,0.22,True,2,1.400016962655e-09,1.365018890355e-09,0.975002,39.002688,15.91,D,1.3995873225726181e-09,3497.2196965832527,35.43722915699807,1177240518.1474018,1177.240518147402,7,5.5,550.0,6.514156594356944,28.923072562641128,7,5.5,550.0
7.0,V2V,wn_3,we_6,-49.28,72.28,0.39,True,2,1.180187575958e-08,1.166893366585e-08,0.988736,87.774559,19.43,D,1.1803206356517298e-08,29493.26925666491,44.69722915699808,1484814704.527316,1484.814704527316,7,5.5,550.0,6.514156594356944,38.18307256264113,7,5.5,550.0
7.0,V2V,wn_3,we_7,-49.76,72.76,0.52,True,2,1.057757568411e-08,1.033862824898e-08,0.97741,43.267375,16.36,D,1.0568175092136585e-08,26407.234113284816,44.21722915699807,1468870021.3005097,1468.8700213005095,7,5.5,550.0,6.514156594356944,37.703072562641125,7,5.5,550.0
7.0,V2V,wn_3,we_8,-59.92,82.92,0.25,True,2,1.019667895357e-09,9.730170660759e-10,0.954249,20.857444,13.19,D,1.0185913880541166e-09,2545.205867201691,34.057229156998076,1131413335.4169972,1131.4133354169971,7,5.5,550.0,6.514156594356944,27.543072562641132,7,5.5,550.0
7.0,V2V,wn_3,wn_0,-66.43,89.43,0.22,True,2,2.275691258664e-10,1.746185175826e-10,0.767321,3.297762,5.18,D,2.2750974307720667e-10,568.4901126366983,27.547229156998068,915352698.4168464,915.3526984168464,7,5.5,550.0,6.514156594356944,21.033072562641124,6,4.4,440.00000000000006
7.0,V2V,wn_3,wn_1,-64.54,87.54,0.12,True,2,3.517932090868e-10,3.41967702407e-10,0.97207,34.804078,15.42,D,3.5156044052829763e-10,878.4618703855512,29.437229156998068,978047721.989022,978.047721989022,7,5.5,550.0,6.514156594356944,22.923072562641124,6,4.4,440.00000000000006
7.0,V2V,wn_3,wn_2,-59.51,82.51,0.26,True,2,1.119948536689e-09,1.068989917948e-09,0.954499,20.977608,13.22,D,1.1194378834671524e-09,2797.196110612575,34.46722915699808,1145028136.1494114,1145.0281361494117,7,5.5,550.0,6.514156594356944,27.953072562641136,7,5.5,550.0
7.0,V2V,wn_3,wn_4,-57.7,80.7,0.18,True,2,1.696862465143e-09,1.6745848654e-09,0.986871,75.168999,18.76,D,1.6982436524617423e-09,4243.4873874606255,36.27722915699807,1205137461.2710247,1205.137461271025,7,5.5,550.0,6.514156594356944,29.763072562641124,7,5.5,550.0
7.0,V2V,wn_4,we_0,-72.69,95.69,0.08,True,2,5.385867677833001e-11,4.840946557529e-11,0.898824,8.883757,9.49,D,5.382697825162882e-11,134.50019553130636,21.287229156998073,708215112.3212488,708.2151123212487,6,4.4,440.00000000000006,6.514156594356944,14.77307256264113,4,2.4,240.0
7.0,V2V,wn_4,we_1,-70.4,93.4,0.14,True,2,9.119530449606e-11,5.945033552753001e-11,0.651901,1.872748,2.72,D,9.120108393559078e-11,227.8887654562488,23.577229156998065,783850284.2627612,783.8502842627612,6,4.4,440.00000000000006,6.514156594356944,17.06307256264112,5,3.3,330.0
7.0,V2V,wn_4,we_2,-70.38,93.38,0.13,True,2,9.156786281178e-11,7.640604050717001e-11,0.83442,5.039371,7.02,D,9.162204901220012e-11,228.94065220439805,23.597229156998083,784511773.8688577,784.5117738688577,6,4.4,440.00000000000006,6.514156594356944,17.08307256264114,5,3.3,330.0
7.0,V2V,wn_4,we_3,-69.79,92.79,0.03,True,2,1.048698765975e-10,1.044442332491e-10,0.995941,245.379691,23.9,D,1.0495424286523197e-10,262.25447992311837,24.187229156998065,804031427.2242707,804.0314272242707,6,4.4,440.00000000000006,6.514156594356944,17.67307256264112,5,3.3,330.0
7.0,V2V,wn_4,we_4,-66.37,89.37,0.14,True,2,2.306719897345e-10,2.159250496462e-10,0.93607,14.642024,11.66,D,2.3067471887200668e-10,576.3985978810761,27.60722915699807,917342379.4001764,917.3423794001764,7,5.5,550.0,6.514156594356944,21.09307256264113,6,4.4,440.00000000000006
7.0,V2V,wn_4,we_5,-64.11,87.11,0.13,True,2,3.884947020894e-10,3.770401025098e-10,0.970515,32.916044,15.17,D,3.8815036599064864e-10,969.8909694918756,29.86722915699808,992316548.067638,992.316548067638,7,5.5,550.0,6.514156594356944,23.353072562641135,6,4.4,440.00000000000006
7.0,V2V,wn_4,we_6,-60.47,83.47,0.16,True,2,8.980222071444e-10,8.812842577335e-10,0.981361,52.651865,17.21,D,8.97428794500749e-10,2242.4507608714366,33.50722915699808,1113150380.4835851,1113.1503804835852,7,5.5,550.0,6.514156594356944,26.993072562641135,7,5.5,550.0
7.0,V2V,wn_4,we_7,-53.29,76.29,0.05,True,2,4.686717698998e-09,4.684760759065e-09,0.999582,2393.921592,33.79,D,4.688133821452655e-09,11714.47731497415,40.68722915699808,1351612811.3598385,1351.6128113598386,7,5.5,550.0,6.514156594356944,34.17307256264114,7,5.5,550.0
7.0,V2V,wn_4,we_8,-47.6,70.6,0.41,True,2,1.737517359493e-08,1.721307252948e-08,0.990671,106.187288,20.26,D,1.7378008287493763e-08,43423.3090642023,46.37722915699808,1540621527.3561015,1540.6215273561015,7,5.5,550.0,6.514156594356944,39.863072562641136,7,5.5,550.0
7.0,V2V,wn_4,wn_0,-68.43,91.43,0.18,True,2,1.436626865325e-10,9.977568410842e-11,0.694514,2.273468,3.57,D,1.4354894333536529e-10,358.693011832497,25.547229156998064,849062232.0633793,849.0622320633793,7,5.5,550.0,6.514156594356944,19.03307256264112,5,3.3,330.0
7.0,V2V,wn_4,wn_1,-66.63,89.63,0.22,True,2,2.173619024606e-10,1.622235098673e-10,0.746329,2.942115,4.69,D,2.1727011788637477e-10,542.9038427945396,27.347229156998083,908720780.8556516,908.7207808556516,7,5.5,550.0,6.514156594356944,20.83307256264114,6,4.4,440.00000000000006
7.0,V2V,wn_4,wn_2,-64.0,87.0,0.27,True,2,3.984575800778e-10,3.303113042138e-10,0.828975,4.847093,6.85,D,3.9810717055349694e-10,994.7705411131856,29.97722915699807,995966952.51038,995.96695251038,7,5.5,550.0,6.514156594356944,23.463072562641127,6,4.4,440.00000000000006
7.0,V2V,wn_4,wn_3,-57.7,80.7,0.18,True,2,1.696858239675e-09,1.6745848654e-09,0.986874,75.183259,18.76,D,1.6982436524617423e-09,4243.4873874606255,36.27722915699807,1205137461.2710247,1205.137461271025,7,5.5,550.0,6.514156594356944,29.763072562641124,7,5.5,550.0
7.0,V2V,se_0,sn_0,-64.26,87.26,0.02,True,2,3.751691982446e-10,3.749955299858e-10,0.999537,2159.263487,33.34,D,3.749730022454834e-10,936.9640236019072,29.717229156998073,987338877.7796298,987.3388777796298,7,5.5,550.0,6.514156594356944,23.20307256264113,6,4.4,440.00000000000006
7.0,V2V,se_0,sn_1,-60.87,83.87,0.28,True,2,8.186596435049e-10,7.578403506189e-10,0.925709,12.460526,10.96,D,8.184647881347903e-10,2045.139400636657,33.10722915699807,1099868872.1903825,1099.8688721903825,7,5.5,550.0,6.514156594356944,26.59307256264113,7,5.5,550.0
7.0,V2V,se_0,sn_2,-55.91,78.91,0.01,True,2,2.562010244084e-09,2.561955834456e-09,0.999979,47086.44226,46.73,D,2.5644840365177214e-09,6408.0060882501775,38.06722915699808,1264588492.501115,1264.588492501115,7,5.5,550.0,6.514156594356944,31.553072562641137,7,5.5,550.0
7.0,V2V,se_0,sn_3,-36.53,59.53,0.57,True,2,2.222515052499e-07,2.210365917156e-07,0.994534,181.936068,22.6,D,2.223309890651403e-07,555549.6978139437,57.44722915699807,1908355904.7882552,1908.3559047882552,7,5.5,550.0,6.514156594356944,50.93307256264113,7,5.5,550.0
7.0,V2V,se_0,sn_4,-58.99,81.99,0.12,True,2,1.26183460723e-09,1.25191361149e-09,0.992138,126.188302,21.01,D,1.2618275345906708e-09,3152.992340306523,34.987229156998076,1162296344.1107817,1162.2963441107818,7,5.5,550.0,6.514156594356944,28.473072562641132,7,5.5,550.0
7.0,V2V,se_0,sn_5,-63.25,86.25,0.06,True,2,4.72994727553e-10,4.706016356366e-10,0.994941,196.650046,22.94,D,4.731512589614801e-10,1182.2870039017496,30.72722915699807,1020858432.3586708,1020.8584323586708,7,5.5,550.0,6.514156594356944,24.213072562641127,6,4.4,440.00000000000006
7.0,V2V,se_0,sn_6,-65.72,88.72,0.2,True,2,2.676983390955e-10,2.35264045728e-10,0.87884,7.253559,8.61,D,2.679168324819031e-10,669.4573525284935,28.257229156998072,938900175.5681552,938.9001755681552,7,5.5,550.0,6.514156594356944,21.743072562641128,6,4.4,440.00000000000006
7.0,V2V,se_0,sn_7,-67.86,90.86,0.17,True,2,1.637134302351e-10,1.366094451845e-10,0.834443,5.040198,7.02,D,1.63681652142781e-10,408.99963054168165,26.11722915699808,867947879.9466608,867.9478799466608,7,5.5,550.0,6.514156594356944,19.603072562641135,5,3.3,330.0
7.0,V2V,se_0,sn_8,-70.47,93.47,0.08,True,2,8.966561357581001e-11,8.553243581869001e-11,0.953905,20.69411,13.16,D,8.974287945007491e-11,224.24507608714367,23.50722915699808,781535175.8489217,781.5351758489217,6,4.4,440.00000000000006,6.514156594356944,16.993072562641135,5,3.3,330.0
7.0,V2V,se_0,se_1,-56.76,79.76,0.13,True,2,2.109379352758e-09,2.097359524201e-09,0.994302,174.491634,22.42,D,2.108628149933289e-09,5268.935906879782,37.21722915699807,1236356970.0530462,1236.3569700530463,7,5.5,550.0,6.514156594356944,30.70307256264113,7,5.5,550.0
7.0,V2V,se_0,se_2,-62.62,85.62,0.28,True,2,5.471322692895e-10,4.816982119829e-10,0.880405,7.361583,8.67,D,5.470159628939722e-10,1366.8564789954326,31.35722915699808,1041770114.9459144,1041.7701149459142,7,5.5,550.0,6.514156594356944,24.843072562641137,6,4.4,440.00000000000006
7.0,V2V,se_0,se_3,-66.43,89.43,0.22,True,2,2.27572238203e-10,1.746185175826e-10,0.76731,3.297568,5.18,D,2.2750974307720667e-10,568.4901126366983,27.547229156998068,915352698.4168464,915.3526984168464,7,5.5,550.0,6.514156594356944,21.033072562641124,6,4.4,440.00000000000006
7.0,V2V,se_0,se_4,-68.45,91.45,0.18,True,2,1.42979055162e-10,9.930603141423e-11,0.69455,2.273853,3.57,D,1.4288939585111007e-10,357.04496714420304,25.527229156998068,848399697.7828486,848.3996977828486,7,5.5,550.0,6.514156594356944,19.013072562641124,5,3.3,330.0
7.0,V2V,se_1,sn_0,-66.11,89.11,0.23,True,2,2.449229219513e-10,1.852597070335e-10,0.7564,3.105091,4.92,D,2.449063241844747e-10,611.9598305459136,27.86722915699808,925964872.181301,925.964872181301,7,5.5,550.0,6.514156594356944,21.353072562641135,6,4.4,440.00000000000006
7.0,V2V,se_1,sn_1,-64.66,87.66,0.23,True,2,3.416332591382e-10,2.957077704141e-10,0.865571,6.43886,8.09,D,3.4197944251370937e-10,854.5213456114677,29.31722915699808,974066004.077653,974.066004077653,7,5.5,550.0,6.514156594356944,22.803072562641137,6,4.4,440.00000000000006
7.0,V2V,se_1,sn_2,-62.27,85.27,0.14,True,2,5.922771859432e-10,5.785434927729e-10,0.976812,42.12585,16.25,D,5.929253245799994e-10,1481.5725251874044,31.70722915699807,1053388696.5601294,1053.3886965601291,7,5.5,550.0,6.514156594356944,25.193072562641127,7,5.5,550.0
7.0,V2V,se_1,sn_3,-57.51,80.51,0.04,True,2,1.775234163205e-09,1.774397964003e-09,0.999529,2121.979977,33.27,D,1.774189480890168e-09,4433.257073688575,36.46722915699808,1211447669.6767323,1211.4476696767326,7,5.5,550.0,6.514156594356944,29.953072562641136,7,5.5,550.0
7.0,V2V,se_1,sn_4,-46.16,69.16,0.49,True,2,2.423358906525e-08,2.396673493637e-08,0.988988,89.81212,19.53,D,2.42102904673618e-08,60495.4784291899,47.81722915699808,1588456354.3414145,1588.4563543414145,7,5.5,550.0,6.514156594356944,41.303072562641134,7,5.5,550.0
7.0,V2V,se_1,sn_5,-57.68,80.68,0.11,True,2,1.706940195688e-09,1.698415660919e-09,0.995006,199.238516,22.99,D,1.7060823890031242e-09,4263.074435290166,36.29722915699808,1205801690.7207272,1205.8016907207273,7,5.5,550.0,6.514156594356944,29.783072562641134,7,5.5,550.0
7.0,V2V,se_1,sn_6,-62.74,85.74,0.01,True,2,5.319505563005e-10,5.318560076988e-10,0.999822,5625.212832,37.5,D,5.321082592667943e-10,1329.6058452443633,31.237229156998076,1037786756.1151872,1037.7867561151872,7,5.5,550.0,6.514156594356944,24.723072562641132,6,4.4,440.00000000000006
7.0,V2V,se_1,sn_7,-66.08,89.08,0.02,True,2,2.465911747345e-10,2.462722582983e-10,0.998707,772.215635,28.88,D,2.4660393372343414e-10,616.2017334418643,27.89722915699808,926959830.357007,926.959830357007,7,5.5,550.0,6.514156594356944,21.383072562641136,6,4.4,440.00000000000006
7.0,V2V,se_1,sn_8,-68.7,91.7,0.03,True,2,1.350043819493e-10,1.3429600444e-10,0.994753,189.582536,22.78,D,1.3489628825916532e-10,337.07218455563543,25.277229156998075,840118751.0784341,840.1187510784341,7,5.5,550.0,6.514156594356944,18.76307256264113,5,3.3,330.0
7.0,V2V,se_1,se_0,-56.76,79.76,0.13,True,2,2.109378883416e-09,2.097359524201e-09,0.994302,174.498448,22.42,D,2.108628149933289e-09,5268.935906879782,37.21722915699807,1236356970.0530462,1236.3569700530463,7,5.5,550.0,6.514156594356944,30.70307256264113,7,5.5,550.0
7.0,V2V,se_1,se_2,-57.5,80.5,0.06,True,2,1.77854655461e-09,1.776216897665e-09,0.99869,762.437105,28.82,D,1.7782794100389226e-09,4443.4767867039545,36.47722915699808,1211779787.6572857,1211.7797876572854,7,5.5,550.0,6.514156594356944,29.963072562641138,7,5.5,550.0
7.0,V2V,se_1,se_3,-64.07,87.07,0.24,True,2,3.914554929162e-10,3.449780296422e-10,0.88127,7.42248,8.71,D,3.917418771077838e-10,978.86526013939,29.907229156998085,993643956.9723854,993.6439569723854,7,5.5,550.0,6.514156594356944,23.39307256264114,6,4.4,440.00000000000006
7.0,V2V,se_1,se_4,-66.63,89.63,0.22,True,2,2.173650757147e-10,1.622235098673e-10,0.746318,2.941946,4.69,D,2.1727011788637477e-10,542.9038427945396,27.347229156998083,908720780.8556516,908.7207808556516,7,5.5,550.0,6.514156594356944,20.83307256264114,6,4.4,440.00000000000006
7.0,V2V,se_2,sn_0,-69.23,92.23,0.13,True,2,1.193383516905e-10,1.058574334131e-10,0.887036,7.85239,8.95,D,1.1939881044642728e-10,298.34785218997325,24.74722915699807,822567910.8767768,822.5679108767769,6,4.4,440.00000000000006,6.514156594356944,18.23307256264113,5,3.3,330.0
7.0,V2V,se_2,sn_1,-67.0,90.0,0.21,True,2,1.994347497413e-10,1.491725301498e-10,0.747977,2.967886,4.72,D,1.9952623149688787e-10,498.5662955944224,26.97722915699807,896453233.5217289,896.4532335217289,7,5.5,550.0,6.514156594356944,20.463072562641127,6,4.4,440.00000000000006
7.0,V2V,se_2,sn_2,-65.91,88.91,0.17,True,2,2.564816664315e-10,2.345408760535e-10,0.914455,10.689719,10.29,D,2.5644840365177207e-10,640.8006088250177,28.06722915699808,932598134.7964745,932.5981347964744,7,5.5,550.0,6.514156594356944,21.553072562641137,6,4.4,440.00000000000006
7.0,V2V,se_2,sn_3,-63.11,86.11,0.24,True,2,4.889988397836e-10,4.440232561136e-10,0.908025,9.87254,9.94,D,4.886523593428337e-10,1221.0203881630025,30.867229156998075,1025505263.9913888,1025.5052639913888,7,5.5,550.0,6.514156594356944,24.35307256264113,6,4.4,440.00000000000006
7.0,V2V,se_2,sn_4,-54.77,77.77,0.03,True,2,3.332217300403e-09,3.331588595698e-09,0.999811,5299.131008,37.24,D,3.334264127632347e-09,8331.494571794969,39.20722915699807,1302453275.7153983,1302.4532757153984,7,5.5,550.0,6.514156594356944,32.69307256264112,7,5.5,550.0
7.0,V2V,se_2,sn_5,-27.85,50.85,0.12,True,2,1.638819143152e-06,1.63854779585e-06,0.999834,6038.563072,37.81,D,1.6405897731995388e-06,4099424.720638527,66.12722915699807,2196699038.929484,2196.699038929484,7,5.5,550.0,6.514156594356944,59.61307256264112,7,5.5,550.0
7.0,V2V,se_2,sn_6,-55.86,78.86,0.06,True,2,2.596038538531e-09,2.593508414506e-09,0.999025,1025.05189,30.11,D,2.5941793621188123e-09,6482.207301646206,38.11722915699807,1266249198.873529,1266.249198873529,7,5.5,550.0,6.514156594356944,31.603072562641128,7,5.5,550.0
7.0,V2V,se_2,sn_7,-61.9,84.9,0.17,True,2,6.46366784803e-10,6.251515855749e-10,0.967178,29.467156,14.69,D,6.456542290346561e-10,1613.328908132574,32.07722915699808,1065671883.2168136,1065.6718832168135,7,5.5,550.0,6.514156594356944,25.563072562641135,7,5.5,550.0
7.0,V2V,se_2,sn_8,-65.12,88.12,0.24,True,2,3.078727144325e-10,2.554758030059e-10,0.82981,4.87578,6.88,D,3.0760968147407045e-10,768.6398837433044,28.85722915699807,958803975.3159902,958.8039753159902,7,5.5,550.0,6.514156594356944,22.34307256264113,6,4.4,440.00000000000006
7.0,V2V,se_2,se_0,-62.62,85.62,0.28,True,2,5.470698841092e-10,4.816982119829e-10,0.880506,7.368608,8.67,D,5.470159628939722e-10,1366.8564789954326,31.35722915699808,1041770114.9459144,1041.7701149459142,7,5.5,550.0,6.514156594356944,24.843072562641137,6,4.4,440.00000000000006
7.0,V2V,se_2,se_1,-57.5,80.5,0.06,True,2,1.778546228909e-09,1.776216897665e-09,0.99869,762.543714,28.82,D,1.7782794100389226e-09,4443.4767867039545,36.47722915699808,1211779787.6572857,1211.7797876572854,7,5.5,550.0,6.514156594356944,29.963072562641138,7,5.5,550.0
7.0,V2V,se_2,se_3,-59.4,82.4,0.25,True,2,1.146897325797e-09,1.102830785304e-09,0.961578,25.026489,13.98,D,1.148153621496884e-09,2868.949578952733,34.57722915699808,1148680967.5627916,1148.6809675627917,7,5.5,550.0,6.514156594356944,28.063072562641135,7,5.5,550.0
7.0,V2V,se_2,se_4,-64.0,87.0,0.26,True,2,3.980246219424e-10,3.331687171482e-10,0.837056,5.137061,7.11,D,3.9810717055349694e-10,994.7705411131856,29.97722915699807,995966952.51038,995.96695251038,7,5.5,550.0,6.514156594356944,23.463072562641127,6,4.4,440.00000000000006
7.0,V2V,se_3,sn_0,-71.54,94.54,0.1,True,2,7.017826751512e-11,6.170417668831e-11,0.879249,7.28151,8.62,D,7.014552984199699e-11,175.2761865117366,22.437229156998065,746169378.1154876,746.1693781154876,6,4.4,440.00000000000006,6.514156594356944,15.92307256264112,5,3.3,330.0
7.0,V2V,se_3,sn_1,-70.34,93.34,0.12,True,2,9.240786971145e-11,7.973965754884e-11,0.86291,6.294468,7.99,D,9.246981739382212e-11,231.05901397756645,23.637229156998067,785834792.7654138,785.8347927654138,6,4.4,440.00000000000006,6.514156594356944,17.123072562641124,5,3.3,330.0
7.0,V2V,se_3,sn_2,-68.2,91.2,0.18,True,2,1.514064844768e-10,1.098619029701e-10,0.725609,2.644434,4.22,D,1.5135612484362072e-10,378.2012115033001,25.77722915699807,856681976.3259344,856.6819763259344,7,5.5,550.0,6.514156594356944,19.263072562641128,5,3.3,330.0
7.0,V2V,se_3,sn_3,-67.64,90.64,0.09,True,2,1.720830729577e-10,1.662127057157e-10,0.965886,28.313851,14.52,D,1.7218685749860058e-10,430.2520177376326,26.33722915699807,875238739.663583,875.238739663583,7,5.5,550.0,6.514156594356944,19.823072562641126,5,3.3,330.0
7.0,V2V,se_3,sn_4,-63.16,86.16,0.22,True,2,4.832579993223e-10,4.445580020532e-10,0.919919,11.487288,10.6,D,4.830588020397728e-10,1207.0434833577533,30.81722915699807,1023845666.9867748,1023.8456669867746,7,5.5,550.0,6.514156594356944,24.30307256264113,6,4.4,440.00000000000006
7.0,V2V,se_3,sn_5,-59.38,82.38,0.12,True,2,1.152681259936e-09,1.142273415427e-09,0.990971,109.751199,20.4,D,1.1534532578210907e-09,2882.1920485284622,34.59722915699807,1149345122.2164948,1149.3451222164947,7,5.5,550.0,6.514156594356944,28.083072562641124,7,5.5,550.0
7.0,V2V,se_3,sn_6,-50.33,73.33,0.47,True,2,9.272750590064e-09,9.088613938111e-09,0.980142,49.357984,16.93,D,9.268298233793504e-09,23159.166001483016,43.64722915699808,1449935797.3492231,1449.935797349223,7,5.5,550.0,6.514156594356944,37.13307256264113,7,5.5,550.0
7.0,V2V,se_3,sn_7,-49.8,72.8,0.53,True,2,1.047702767535e-08,1.023321870406e-08,0.976729,41.972281,16.23,D,1.0471285480509006e-08,26165.131135704654,44.17722915699808,1467541300.6115258,1467.5413006115257,7,5.5,550.0,6.514156594356944,37.66307256264113,7,5.5,550.0
7.0,V2V,se_3,sn_8,-59.98,82.98,0.27,True,2,1.004243232907e-09,9.495638268868e-10,0.945552,17.366023,12.4,D,1.0046157902783966e-09,2510.2843335292264,33.99722915699808,1129420966.7851117,1129.4209667851117,7,5.5,550.0,6.514156594356944,27.483072562641137,7,5.5,550.0
7.0,V2V,se_3,se_0,-66.43,89.43,0.22,True,2,2.275689486515e-10,1.746185175826e-10,0.767321,3.297773,5.18,D,2.2750974307720667e-10,568.4901126366983,27.547229156998068,915352698.4168464,915.3526984168464,7,5.5,550.0,6.514156594356944,21.033072562641124,6,4.4,440.00000000000006
7.0,V2V,se_3,se_1,-64.07,87.07,0.24,True,2,3.914526020983e-10,3.449780296422e-10,0.881277,7.422941,8.71,D,3.917418771077838e-10,978.86526013939,29.907229156998085,993643956.9723854,993.6439569723854,7,5.5,550.0,6.514156594356944,23.39307256264114,6,4.4,440.00000000000006
7.0,V2V,se_3,se_2,-59.4,82.4,0.25,True,2,1.146893703968e-09,1.102830785304e-09,0.961581,25.028546,13.98,D,1.148153621496884e-09,2868.949578952733,34.57722915699808,1148680967.5627916,1148.6809675627917,7,5.5,550.0,6.514156594356944,28.063072562641135,7,5.5,550.0
7.0,V2V,se_3,se_4,-57.82,80.82,0.11,True,2,1.651300135423e-09,1.642641703726e-09,0.994757,189.715847,22.78,D,1.6519617982290147e-09,4127.840575284894,36.15722915699807,1201152099.8238835,1201.1520998238836,7,5.5,550.0,6.514156594356944,29.643072562641127,7,5.5,550.0
7.0,V2V,se_4,sn_0,-73.63,96.63,0.01,True,2,4.3390274898230007e-11,4.329606551851e-11,0.997829,459.572769,26.62,D,4.3351087838752926e-11,108.32355781797332,20.34722915699808,677246050.6475743,677.2460506475743,6,4.4,440.00000000000006,6.514156594356944,13.833072562641137,4,2.4,240.0
7.0,V2V,se_4,sn_1,-71.11,94.11,0.13,True,2,7.739596289935001e-11,5.3546521051290006e-11,0.691852,2.24519,3.51,D,7.744617978025189e-11,193.51869010557695,22.86722915699808,760376497.1347013,760.3764971347013,6,4.4,440.00000000000006,6.514156594356944,16.353072562641135,5,3.3,330.0
7.0,V2V,se_4,sn_2,-71.26,94.26,0.09,True,2,7.487738207134e-11,6.935412827083001e-11,0.926236,12.556752,10.99,D,7.481695005111537e-11,186.94890067744967,22.717229156998073,755419666.6784651,755.4196666784651,6,4.4,440.00000000000006,6.514156594356944,16.20307256264113,5,3.3,330.0
7.0,V2V,se_4,sn_3,-70.11,93.11,0.05,True,2,9.757094722159e-11,9.567142041481e-11,0.980532,50.365923,17.02,D,9.749896377173868e-11,243.62559663103113,23.86722915699807,793443155.9300611,793.4431559300612,6,4.4,440.00000000000006,6.514156594356944,17.353072562641128,5,3.3,330.0
7.0,V2V,se_4,sn_4,-67.14,90.14,0.04,True,2,1.931782318533e-10,1.923692916416e-10,0.995812,237.804091,23.76,D,1.9319683170169217e-10,482.75070390227927,26.83722915699807,891811995.0288804,891.8119950288803,7,5.5,550.0,6.514156594356944,20.323072562641126,6,4.4,440.00000000000006
7.0,V2V,se_4,sn_5,-64.69,87.69,0.02,True,2,3.39830115687e-10,3.396741208065e-10,0.999541,2177.469668,33.38,D,3.3962527259040885e-10,848.6388620449997,29.28722915699808,973070594.5555872,973.0705945555871,7,5.5,550.0,6.514156594356944,22.773072562641136,6,4.4,440.00000000000006
7.0,V2V,se_4,sn_6,-60.6,83.6,0.29,True,2,8.717090490916e-10,8.090714926379e-10,0.928144,12.916715,11.11,D,8.709635899560795e-10,2176.3208144829573,33.37722915699807,1108833827.9861078,1108.8338279861075,7,5.5,550.0,6.514156594356944,26.86307256264113,7,5.5,550.0
7.0,V2V,se_4,sn_7,-53.38,76.38,0.17,True,2,4.591155080047e-09,4.569342471416e-09,0.995249,209.481706,23.21,D,4.5919801283686845e-09,11474.213214314552,40.597229156998075,1348623333.9321563,1348.6233339321564,7,5.5,550.0,6.514156594356944,34.083072562641135,7,5.5,550.0
7.0,V2V,se_4,sn_8,-47.78,70.78,0.41,True,2,1.668588398548e-08,1.652725656452e-08,0.990493,104.189153,20.18,D,1.6672472125510613e-08,41660.350138707174,46.19722915699807,1534642197.3773298,1534.64219737733,7,5.5,550.0,6.514156594356944,39.68307256264113,7,5.5,550.0
7.0,V2V,se_4,se_0,-68.45,91.45,0.18,True,2,1.42976493853e-10,9.930603141423e-11,0.694562,2.273986,3.57,D,1.4288939585111007e-10,357.04496714420304,25.527229156998068,848399697.7828486,848.3996977828486,7,5.5,550.0,6.514156594356944,19.013072562641124,5,3.3,330.0
7.0,V2V,se_4,se_1,-66.63,89.63,0.22,True,2,2.173619024606e-10,1.622235098673e-10,0.746329,2.942115,4.69,D,2.1727011788637477e-10,542.9038427945396,27.347229156998083,908720780.8556516,908.7207808556516,7,5.5,550.0,6.514156594356944,20.83307256264114,6,4.4,440.00000000000006
7.0,V2V,se_4,se_2,-64.0,87.0,0.26,True,2,3.980724367357e-10,3.331687171482e-10,0.836955,5.133276,7.1,D,3.9810717055349694e-10,994.7705411131856,29.97722915699807,995966952.51038,995.96695251038,7,5.5,550.0,6.514156594356944,23.463072562641127,6,4.4,440.00000000000006
7.0,V2V,se_4,se_3,-57.82,80.82,0.11,True,2,1.651315358597e-09,1.642641703726e-09,0.994747,189.382876,22.77,D,1.6519617982290147e-09,4127.840575284894,36.15722915699807,1201152099.8238835,1201.1520998238836,7,5.5,550.0,6.514156594356944,29.643072562641127,7,5.5,550.0
8.0,V2I,BS_1,we_0,-95.02,125.02,901.32,False,1,3.144194772377e-13,3.144194772377e-13,1.0,inf,inf,D,3.147748314101324e-13,0.7865438066220198,-1.0427708430019154,83717128.96978837,83.71712896978838,1,0.38,38.0,6.514156594356944,-7.556927437358859,0,0.15,15.0
8.0,V2I,BS_1,we_1,-95.17,125.17,916.31,False,1,3.0421429691749997e-13,3.0421429691749997e-13,1.0,inf,inf,D,3.040885025676283e-13,0.7598413357511951,-1.1927708430019213,81544536.38379094,81.54453638379094,1,0.38,38.0,6.514156594356944,-7.706927437358865,0,0.15,15.0
8.0,V2I,BS_1,we_2,-95.32,125.32,932.8,False,1,2.935525360847e-13,2.935525360847e-13,1.0,inf,inf,D,2.937649651961531e-13,0.734045390295235,-1.3427708430019267,79414166.29754196,79.41416629754197,1,0.38,38.0,6.514156594356944,-7.856927437358871,0,0.15,15.0
8.0,V2I,BS_1,we_3,-95.49,125.49,950.81,False,1,2.8253995663699996e-13,2.8253995663699996e-13,1.0,inf,inf,D,2.82487997491571e-13,0.7058670601988281,-1.5127708430019218,77050522.04751119,77.0505220475112,1,0.38,38.0,6.514156594356944,-8.026927437358866,0,0.15,15.0
8.0,V2I,BS_1,we_4,-95.82,125.82,987.78,False,1,2.6178698577259996e-13,2.6178698577259996e-13,1.0,inf,inf,D,2.6181830082189917e-13,0.6542186427333812,-1.842770843001916,72614993.21756357,72.61499321756357,1,0.38,38.0,6.514156594356944,-8.35692743735886,0,0.15,15.0
8.0,V2I,BS_1,we_5,-95.98,125.98,1006.01,False,1,2.523851590023e-13,2.523851590023e-13,1.0,inf,inf,D,2.5234807724805706e-13,0.6305549156623114,-2.002770843001934,70536303.06107746,70.53630306107746,1,0.38,38.0,6.514156594356944,-8.516927437358877,0,0.15,15.0
8.0,V2I,BS_1,we_6,-96.15,126.15,1025.77,False,1,2.4275389308319996e-13,2.4275389308319996e-13,1.0,inf,inf,D,2.426610095082415e-13,0.6063493490960555,-2.172770843001928,68378568.45108871,68.37856845108871,1,0.38,38.0,6.514156594356944,-8.686927437358872,0,0.15,15.0
8.0,V2I,BS_1,we_7,-96.33,126.33,1047.07,False,1,2.329746603783e-13,2.329746603783e-13,1.0,inf,inf,D,2.328091257665013e-13,0.5817319484420321,-2.352770843001917,66150513.11511531,66.1505131151153,1,0.38,38.0,6.514156594356944,-8.86692743735886,0,0.15,15.0
8.0,V2I,BS_1,we_8,-96.56,126.56,1075.85,False,1,2.206776461521e-13,2.206776461521e-13,1.0,inf,inf,D,2.208004733018897e-13,0.5517253205944269,-2.5827708430019323,63387320.07673663,63.38732007673663,1,0.38,38.0,6.514156594356944,-9.096927437358875,0,0.15,15.0
8.0,V2I,BS_1,we_9,-96.73,126.73,1097.34,False,1,2.1212089974079997e-13,2.1212089974079997e-13,1.0,inf,inf,D,2.1232444620002195e-13,0.5305458425787654,-2.752770843001927,61404625.68025576,61.40462568025576,1,0.38,38.0,6.514156594356944,-9.26692743735887,0,0.15,15.0
8.0,V2I,BS_1,we_10,-96.91,126.91,1120.38,False,1,2.034854695189e-13,2.034854695189e-13,1.0,inf,inf,D,2.0370420777057234e-13,0.5090060164182216,-2.932770843001916,59359855.791193165,59.35985579119316,1,0.38,38.0,6.514156594356944,-9.44692743735886,0,0.15,15.0
8.0,V2I,BS_1,sn_0,-94.95,124.95,893.14,False,1,3.202027264737e-13,3.202027264737e-13,1.0,inf,inf,D,3.1988951096913914e-13,0.799324115365165,-0.9727708430019364,84745508.51512103,84.74550851512103,1,0.38,38.0,6.514156594356944,-7.48692743735888,0,0.15,15.0
8.0,V2I,BS_1,sn_1,-95.1,125.1,909.66,False,1,3.0867523753539997e-13,3.0867523753539997e-13,1.0,inf,inf,D,3.090295432513592e-13,0.7721877642462748,-1.1227708430019243,82553146.63061155,82.55314663061155,1,0.38,38.0,6.514156594356944,-7.636927437358868,0,0.15,15.0
8.0,V2I,BS_1,sn_2,-95.28,125.28,927.7,False,1,2.967869350029e-13,2.967869350029e-13,1.0,inf,inf,D,2.96483138952434e-13,0.7408374286667514,-1.3027708430019307,79978148.0526381,79.9781480526381,1,0.38,38.0,6.514156594356944,-7.816927437358874,0,0.15,15.0
8.0,V2I,BS_1,sn_3,-95.46,125.46,947.28,False,1,2.846502206715e-13,2.846502206715e-13,1.0,inf,inf,D,2.84446110744792e-13,0.7107598969135231,-1.4827708430019195,77463729.352743,77.463729352743,1,0.38,38.0,6.514156594356944,-7.996927437358863,0,0.15,15.0
8.0,V2I,BS_1,sn_4,-95.79,125.79,984.82,False,1,2.6336199830929997e-13,2.6336199830929997e-13,1.0,inf,inf,D,2.636331385825376e-13,0.6587534697214832,-1.812770843001933,73009948.3376775,73.0099483376775,1,0.38,38.0,6.514156594356944,-8.326927437358878,0,0.15,15.0
8.0,V2I,BS_1,sn_5,-95.97,125.97,1004.63,False,1,2.530769721943e-13,2.530769721943e-13,1.0,inf,inf,D,2.529297996446148e-13,0.6320084948641047,-1.9927708430019215,70664856.6786382,70.6648566786382,1,0.38,38.0,6.514156594356944,-8.506927437358865,0,0.15,15.0
8.0,V2I,BS_1,sn_6,-96.15,126.15,1025.99,False,1,2.426493652995e-13,2.426493652995e-13,1.0,inf,inf,D,2.426610095082415e-13,0.6063493490960555,-2.172770843001928,68378568.45108871,68.37856845108871,1,0.38,38.0,6.514156594356944,-8.686927437358872,0,0.15,15.0
8.0,V2I,BS_1,sn_7,-96.34,126.34,1048.91,False,1,2.321615192286e-13,2.321615192286e-13,1.0,inf,inf,D,2.322736796357105e-13,0.5803940020882321,-2.36277084300193,66028427.612198,66.028427612198,1,0.38,38.0,6.514156594356944,-8.876927437358873,0,0.15,15.0
8.0,V2I,BS_1,sn_8,-96.58,126.58,1078.22,False,1,2.1970821249619997e-13,2.1970821249619997e-13,1.0,inf,inf,D,2.1978598727848278e-13,0.549190373009702,-2.602770843001921,63151444.13005374,63.15144413005375,1,0.38,38.0,6.514156594356944,-9.116927437358864,0,0.15,15.0
8.0,V2I,BS_1,sn_9,-96.77,126.77,1101.33,False,1,2.10586429459e-13,2.10586429459e-13,1.0,inf,inf,D,2.1037784397664777e-13,0.5256817690570907,-2.792770843001922,60945407.22110379,60.945407221103785,1,0.38,38.0,6.514156594356944,-9.306927437358866,0,0.15,15.0
8.0,V2I,BS_1,ew_0,-72.36,102.36,29.58,True,4,5.813459490276001e-11,5.041566816799e-11,0.867223,6.531435,8.15,D,5.8076441752131235e-11,145.1185451077742,21.61722915699808,719099548.3844281,719.0995483844281,6,4.4,440.00000000000006,6.514156594356944,15.103072562641136,5,3.3,330.0
8.0,V2I,BS_1,ew_1,-72.21,102.21,34.0,True,4,6.007351788326001e-11,5.009567760617e-11,0.833906,5.020693,7.01,D,6.011737374832791e-11,150.21832520821565,21.767229156998084,724048917.1165998,724.0489171165998,6,4.4,440.00000000000006,6.514156594356944,15.25307256264114,5,3.3,330.0
8.0,V2I,BS_1,ew_2,-72.38,102.38,51.87,True,4,5.779925529078e-11,4.953956689313e-11,0.857097,5.997753,7.78,D,5.7809604740571865e-11,144.45178595845044,21.59722915699808,718439720.0737393,718.4397200737393,6,4.4,440.00000000000006,6.514156594356944,15.083072562641137,5,3.3,330.0
8.0,V2I,BS_1,ew_3,-73.05,103.05,0.21,True,2,4.954087639251e-11,4.87092449708e-11,0.983213,58.570713,17.68,D,4.954501908047906e-11,123.80064737750888,20.927229156998077,696348160.7676002,696.3481607676002,6,4.4,440.00000000000006,6.514156594356944,14.413072562641132,4,2.4,240.0
8.0,V2I,BS_1,ew_4,-73.26,103.26,0.18,True,2,4.715285307393e-11,4.657749186343e-11,0.987798,80.953479,19.08,D,4.720630412635899e-11,117.956781924935,20.71722915699807,689429371.4337754,689.4293714337754,6,4.4,440.00000000000006,6.514156594356944,14.203072562641124,4,2.4,240.0
8.0,V2I,BS_1,ew_5,-73.16,103.16,0.39,True,2,4.8334404187390005e-11,4.521179958195e-11,0.935396,14.478874,11.61,D,4.830588020397728e-11,120.70434833577532,20.81722915699807,692723690.4337369,692.7236904337369,6,4.4,440.00000000000006,6.514156594356944,14.30307256264113,4,2.4,240.0
8.0,V2I,BS_1,ew_6,-73.38,103.38,0.34,True,2,4.594679779875e-11,4.3601833948910006e-11,0.948963,18.593819,12.69,D,4.5919801283686945e-11,114.74213214314578,20.597229156998083,685477031.5840274,685.4770315840274,6,4.4,440.00000000000006,6.514156594356944,14.08307256264114,4,2.4,240.0
8.0,V2I,BS_1,ew_7,-73.24,103.24,0.49,True,2,4.7447829085860005e-11,4.1760463143080005e-11,0.880134,7.342672,8.66,D,4.742419852602448e-11,118.50124569221508,20.737229156998076,690088184.6847814,690.0881846847815,6,4.4,440.00000000000006,6.514156594356944,14.223072562641132,4,2.4,240.0
8.0,V2I,BS_1,ew_8,-73.99,103.99,0.17,True,2,3.99109969791e-11,3.938679937754e-11,0.986866,75.137313,18.76,D,3.9902490236214286e-11,99.70637240433354,19.987229156998083,665401116.5525157,665.4011165525158,5,3.3,330.0,6.514156594356944,13.47307256264114,4,2.4,240.0
8.0,V2I,BS_1,ew_9,-74.09,104.09,0.28,True,2,3.898530120689e-11,3.7432938693180006e-11,0.960181,24.113529,13.82,D,3.899419866765428e-11,97.43677827999568,19.887229156998067,662112553.5743841,662.112553574384,5,3.3,330.0,6.514156594356944,13.373072562641124,4,2.4,240.0
8.0,V2I,BS_1,ns_0,-72.02,102.02,46.04,True,4,6.278170908494001e-11,4.7893897181520006e-11,0.762864,3.216987,5.07,D,6.280583588133179e-11,156.9361216425082,21.957229156998075,730319735.8152878,730.3197358152878,6,4.4,440.00000000000006,6.514156594356944,15.443072562641133,5,3.3,330.0
8.0,V2I,BS_1,ns_1,-72.96,102.96,31.61,True,4,5.056936886925001e-11,4.759959787437e-11,0.941273,16.028036,12.05,D,5.058246620031147e-11,126.39296901627054,21.01722915699808,699314184.5349534,699.3141845349534,6,4.4,440.00000000000006,6.514156594356944,14.503072562641137,4,2.4,240.0
8.0,V2I,BS_1,ns_2,-72.44,102.44,34.07,True,4,5.7014263563130005e-11,4.705888456691e-11,0.825388,4.726981,6.75,D,5.7016427228074775e-11,142.46983315361013,21.537229156998077,716460360.8662307,716.4603608662308,6,4.4,440.00000000000006,6.514156594356944,15.023072562641133,5,3.3,330.0
8.0,V2I,BS_1,ns_3,-73.06,103.06,0.39,True,2,4.943989466953001e-11,4.623586236097e-11,0.935193,14.430523,11.59,D,4.9431068698683526e-11,123.51591378981392,20.917229156998076,696018632.7879,696.0186327879,6,4.4,440.00000000000006,6.514156594356944,14.403072562641132,4,2.4,240.0
8.0,V2I,BS_1,ns_4,-73.36,103.36,0.31,True,2,4.610353960578e-11,4.424658209268e-11,0.959722,23.827461,13.77,D,4.6131757456037906e-11,115.27175776121416,20.61722915699807,686135690.0636741,686.1356900636741,6,4.4,440.00000000000006,6.514156594356944,14.103072562641128,4,2.4,240.0
8.0,V2I,BS_1,ns_5,-73.01,103.01,0.54,True,2,5.003973407511001e-11,4.2883752104930005e-11,0.856994,5.992714,7.78,D,5.000345349769783e-11,124.9461606639126,20.967229156998073,697666333.3478019,697.6663333478019,6,4.4,440.00000000000006,6.514156594356944,14.453072562641127,4,2.4,240.0
8.0,V2I,BS_1,ns_6,-73.71,103.71,0.26,True,2,4.256979014086e-11,4.127988575964e-11,0.969699,32.002284,15.05,D,4.255984131337435e-11,106.34643006840166,20.267229156998077,674613040.3251315,674.6130403251316,6,4.4,440.00000000000006,6.514156594356944,13.753072562641131,4,2.4,240.0
8.0,V2I,BS_1,ns_7,-74.04,104.04,0.04,True,2,3.948151106449e-11,3.945233029157e-11,0.999261,1351.99744,31.31,D,3.944573020752776e-11,98.56504299732072,19.937229156998065,663756739.9964944,663.7567399964944,5,3.3,330.0,6.514156594356944,13.42307256264112,4,2.4,240.0
8.0,V2I,BS_1,ns_8,-73.63,103.63,0.5,True,2,4.339696397376e-11,3.721926239431e-11,0.857647,6.024775,7.8,D,4.3351087838752926e-11,108.32355781797332,20.34722915699808,677246050.6475743,677.2460506475743,6,4.4,440.00000000000006,6.514156594356944,13.833072562641137,4,2.4,240.0
8.0,V2I,BS_1,wn_0,-95.51,125.51,953.3,False,1,2.810643781271e-13,2.810643781271e-13,1.0,inf,inf,D,2.8119008303989397e-13,0.7026238956519089,-1.532770843001928,76775978.33410625,76.77597833410626,1,0.38,38.0,6.514156594356944,-8.046927437358871,0,0.15,15.0
8.0,V2I,BS_1,wn_1,-95.73,125.73,977.3,False,1,2.674286952867e-13,2.674286952867e-13,1.0,inf,inf,D,2.6730064086633085e-13,0.6679176433441549,-1.752770843001931,73804805.46864752,73.80480546864753,1,0.38,38.0,6.514156594356944,-8.266927437358875,0,0.15,15.0
8.0,V2I,BS_1,wn_2,-95.96,125.96,1003.64,False,1,2.535757363995e-13,2.535757363995e-13,1.0,inf,inf,D,2.535128630497908e-13,0.6334654249120207,-1.9827708430019269,70793591.79924598,70.79359179924599,1,0.38,38.0,6.514156594356944,-8.49692743735887,0,0.15,15.0
8.0,V2I,BS_1,wn_3,-96.28,126.28,1041.16,False,1,2.3562843906469996e-13,2.3562843906469996e-13,1.0,inf,inf,D,2.355049283896009e-13,0.5884680869305369,-2.3027708430019276,66763610.59220118,66.76361059220118,1,0.38,38.0,6.514156594356944,-8.81692743735887,0,0.15,15.0
8.0,V2I,BS_1,wn_4,-96.51,126.51,1068.9,False,1,2.2355797671469997e-13,2.2355797671469997e-13,1.0,inf,inf,D,2.233572222830533e-13,0.5581139987082789,-2.5327708430019245,63980079.13934445,63.98007913934445,1,0.38,38.0,6.514156594356944,-9.046927437358868,0,0.15,15.0
8.0,V2I,BS_1,wn_5,-96.75,126.75,1099.0,False,1,2.114813667863e-13,2.114813667863e-13,1.0,inf,inf,D,2.1134890398366434e-13,0.5281082058562326,-2.7727708430019335,61174670.47120252,61.174670471202525,1,0.38,38.0,6.514156594356944,-9.286927437358877,0,0.15,15.0
8.0,V2I,BS_1,se_0,-95.55,125.55,957.31,False,1,2.7871536785799996e-13,2.7871536785799996e-13,1.0,inf,inf,D,2.7861211686297724e-13,0.6961822010569144,-1.572770843001924,76229115.01149851,76.22911501149851,1,0.38,38.0,6.514156594356944,-8.086927437358868,0,0.15,15.0
8.0,V2I,BS_1,se_1,-95.77,125.77,981.54,False,1,2.6512498697539996e-13,2.6512498697539996e-13,1.0,inf,inf,D,2.648500138606701e-13,0.6617941375828836,-1.7927708430019265,73274167.2671773,73.2741672671773,1,0.38,38.0,6.514156594356944,-8.30692743735887,0,0.15,15.0
8.0,V2I,BS_1,se_2,-96.0,126.0,1008.07,False,1,2.513534986451e-13,2.513534986451e-13,1.0,inf,inf,D,2.511886431509582e-13,0.6276577789879014,-2.022770843001924,70279739.95693421,70.27973995693421,1,0.38,38.0,6.514156594356944,-8.536927437358868,0,0.15,15.0
8.0,V2I,BS_1,se_3,-96.31,126.31,1044.96,False,1,2.3392039779079996e-13,2.3392039779079996e-13,1.0,inf,inf,D,2.3388372386593537e-13,0.5844171011142812,-2.3327708430019283,66395217.79025206,66.39521779025206,1,0.38,38.0,6.514156594356944,-8.846927437358872,0,0.15,15.0
8.0,V2I,BS_1,se_4,-96.54,126.54,1072.92,False,1,2.218841019256e-13,2.218841019256e-13,1.0,inf,inf,D,2.2181964198002194e-13,0.554271968965572,-2.5627708430019256,63623897.08931734,63.62389708931734,1,0.38,38.0,6.514156594356944,-9.076927437358869,0,0.15,15.0
8.0,V2I,BS_1,se_5,-96.78,126.78,1103.24,False,1,2.0985723054379997e-13,2.0985723054379997e-13,1.0,inf,inf,D,2.09893988362352e-13,0.5244727345386107,-2.8027708430019347,60831034.77253621,60.83103477253621,1,0.38,38.0,6.514156594356944,-9.316927437358878,0,0.15,15.0
8.0,V2V,we_0,we_1,-52.41,75.41,0.22,True,2,5.740002005031e-09,5.702240775967e-09,0.993421,151.007817,21.79,D,5.74116462207328e-09,14345.73868584028,41.56722915699808,1380843519.892384,1380.8435198923842,7,5.5,550.0,6.514156594356944,35.053072562641134,7,5.5,550.0
8.0,V2V,we_0,we_2,-58.73,81.73,0.24,True,2,1.339217299088e-09,1.298906393521e-09,0.9699,32.222208,15.08,D,1.339676687425937e-09,3347.51795958505,35.24722915699808,1170930699.0545454,1170.9306990545454,7,5.5,550.0,6.514156594356944,28.733072562641137,7,5.5,550.0
8.0,V2V,we_0,we_3,-62.63,85.63,0.16,True,2,5.451921109497e-10,5.28183672079e-10,0.968803,31.054212,14.92,D,5.45757861091271e-10,1363.7127963300125,31.347229156998075,1041438165.272514,1041.438165272514,7,5.5,550.0,6.514156594356944,24.83307256264113,6,4.4,440.00000000000006
8.0,V2V,we_0,we_4,-66.43,89.43,0.22,True,2,2.274134868866e-10,1.74630623575e-10,0.767899,3.308472,5.2,D,2.2750974307720667e-10,568.4901126366983,27.547229156998068,915352698.4168464,915.3526984168464,7,5.5,550.0,6.514156594356944,21.033072562641124,6,4.4,440.00000000000006
8.0,V2V,we_0,we_5,-67.87,90.87,0.19,True,2,1.632732505928e-10,1.196043470914e-10,0.732541,2.738891,4.38,D,1.6330519478943314e-10,408.0589574948354,26.107229156998063,867616498.2955108,867.6164982955107,7,5.5,550.0,6.514156594356944,19.59307256264112,5,3.3,330.0
8.0,V2V,we_0,we_6,-70.22,93.22,0.11,True,2,9.511462437373e-11,8.500140585391e-11,0.893673,8.404981,9.25,D,9.506047936562808e-11,237.5324321979712,23.757229156998072,789804162.6194757,789.8041626194757,6,4.4,440.00000000000006,6.514156594356944,17.243072562641128,5,3.3,330.0
8.0,V2V,we_0,we_7,-71.87,94.87,0.06,True,2,6.506216129694001e-11,6.224308163989e-11,0.956671,22.079221,13.44,D,6.501296903430903e-11,162.4511969872789,22.107229156998073,735271613.2075915,735.2716132075915,6,4.4,440.00000000000006,6.514156594356944,15.59307256264113,5,3.3,330.0
8.0,V2V,we_0,we_8,-73.44,96.44,0.05,True,2,4.526422363832e-11,4.365768358357e-11,0.964508,27.174974,14.34,D,4.5289757990362126e-11,113.16781107037012,20.53722915699808,683501213.8591897,683.5012138591898,6,4.4,440.00000000000006,6.514156594356944,14.023072562641136,4,2.4,240.0
8.0,V2V,we_0,we_9,-72.5,95.5,0.11,True,2,5.6296001808920007e-11,3.475189035499e-11,0.617307,1.613057,2.08,D,5.6234132519034906e-11,140.51507376070688,21.47722915699807,714481192.2560322,714.4811922560323,6,4.4,440.00000000000006,6.514156594356944,14.96307256264113,4,2.4,240.0
8.0,V2V,we_0,we_10,-74.87,97.87,0.07,True,2,3.2550202637300004e-11,2.7940910072610003e-11,0.858394,6.061865,7.83,D,3.258367010020087e-11,81.41846601749342,19.107229156998073,636489570.714021,636.4895707140209,5,3.3,330.0,6.514156594356944,12.59307256264113,4,2.4,240.0
8.0,V2V,we_0,wn_0,-63.23,86.23,0.11,True,2,4.752891059283e-10,4.673010968623e-10,0.983193,58.500321,17.67,D,4.753352259428057e-10,1187.7441927606342,30.74722915699808,1021522257.7928032,1021.5222577928032,7,5.5,550.0,6.514156594356944,24.233072562641137,6,4.4,440.00000000000006
8.0,V2V,we_0,wn_1,-65.73,88.73,0.22,True,2,2.674950708443e-10,2.223527888777e-10,0.831241,4.925599,6.92,D,2.6730064086633087e-10,667.9176433441552,28.24722915699807,938568478.8006314,938.5684788006314,7,5.5,550.0,6.514156594356944,21.733072562641127,6,4.4,440.00000000000006
8.0,V2V,we_0,wn_2,-69.01,92.01,0.05,True,2,1.255507688563e-10,1.241177445932e-10,0.988586,86.612452,19.38,D,1.256029963694873e-10,313.85056564089774,24.967229156998066,829852344.8984246,829.8523448984246,6,4.4,440.00000000000006,6.514156594356944,18.45307256264112,5,3.3,330.0
8.0,V2V,we_0,wn_3,-70.05,93.05,0.15,True,2,9.886443405279e-11,6.727609535982e-11,0.680488,2.129776,3.28,D,9.885530946569392e-11,247.0147662810942,23.927229156998074,795428220.7993001,795.4282207993001,6,4.4,440.00000000000006,6.514156594356944,17.41307256264113,5,3.3,330.0
8.0,V2V,we_0,wn_4,-71.67,94.67,0.12,True,2,6.802201222725001e-11,4.7193616346410006e-11,0.693799,2.265831,3.55,D,6.807693586937417e-11,170.10728603042023,22.307229156998076,741875738.324409,741.875738324409,6,4.4,440.00000000000006,6.514156594356944,15.793072562641132,5,3.3,330.0
8.0,V2V,we_0,wn_5,-72.73,95.73,0.11,True,2,5.338876518425e-11,3.415673905777e-11,0.639774,1.776034,2.49,D,5.3333489548762025e-11,133.26709032674168,21.247229156998067,706896192.4617667,706.8961924617668,6,4.4,440.00000000000006,6.514156594356944,14.733072562641125,4,2.4,240.0
8.0,V2V,we_1,we_0,-52.41,75.41,0.22,True,2,5.739999859069e-09,5.702240775967e-09,0.993422,151.016399,21.79,D,5.74116462207328e-09,14345.73868584028,41.56722915699808,1380843519.892384,1380.8435198923842,7,5.5,550.0,6.514156594356944,35.053072562641134,7,5.5,550.0
8.0,V2V,we_1,we_2,-53.23,76.23,0.0,True,2,4.753644446476e-09,4.753644187966e-09,1.0,18388675.321637,72.65,D,4.753352259428058e-09,11877.441927606342,40.74722915699808,1353605799.256266,1353.605799256266,7,5.5,550.0,6.514156594356944,34.23307256264114,7,5.5,550.0
8.0,V2V,we_1,we_3,-59.52,82.52,0.19,True,2,1.116633516135e-09,1.091441095524e-09,0.977439,43.324185,16.37,D,1.116863247780561e-09,2790.762738082362,34.457229156998075,1144696062.193428,1144.696062193428,7,5.5,550.0,6.514156594356944,27.94307256264113,7,5.5,550.0
8.0,V2V,we_1,we_4,-65.31,88.31,0.21,True,2,2.942038583767e-10,2.565738043309e-10,0.872095,6.818321,8.34,D,2.9444216337987567e-10,735.7375396798493,28.66722915699807,952500694.5267732,952.5006945267734,7,5.5,550.0,6.514156594356944,22.153072562641125,6,4.4,440.00000000000006
8.0,V2V,we_1,we_5,-66.86,89.86,0.2,True,2,2.05981544153e-10,1.635457987913e-10,0.793983,3.853963,5.86,D,2.0606299132700007e-10,514.9000283033484,27.117229156998075,901094771.5414563,901.0947715414565,7,5.5,550.0,6.514156594356944,20.60307256264113,6,4.4,440.00000000000006
8.0,V2V,we_1,we_6,-68.32,91.32,0.18,True,2,1.471961521317e-10,1.102881823193e-10,0.74926,2.988194,4.75,D,1.4723125024327224e-10,367.8941785189211,25.657229156998085,852706321.1965082,852.7063211965082,7,5.5,550.0,6.514156594356944,19.14307256264114,5,3.3,330.0
8.0,V2V,we_1,we_7,-71.0,94.0,0.05,True,2,7.936457565151e-11,7.761363262962001e-11,0.977938,44.326761,16.47,D,7.943282347242822e-11,198.4828172724343,22.97722915699808,764012067.3047141,764.012067304714,6,4.4,440.00000000000006,6.514156594356944,16.463072562641134,5,3.3,330.0
8.0,V2V,we_1,we_8,-70.89,93.89,0.14,True,2,8.141825916700001e-11,5.243181722259001e-11,0.643981,1.808839,2.57,D,8.147042840208388e-11,203.57428386327803,23.08722915699807,767648099.1384382,767.6480991384382,6,4.4,440.00000000000006,6.514156594356944,16.573072562641126,5,3.3,330.0
8.0,V2V,we_1,we_9,-72.05,95.05,0.12,True,2,6.243014995782e-11,4.08864690807e-11,0.654915,1.89784,2.78,D,6.237348354824192e-11,155.85578098011473,21.927229156998074,729329489.1016493,729.3294891016493,6,4.4,440.00000000000006,6.514156594356944,15.41307256264113,5,3.3,330.0
8.0,V2V,we_1,we_10,-74.85,97.85,0.02,True,2,3.270239527196e-11,3.230535568793e-11,0.987859,81.365579,19.1,D,3.2734069487883865e-11,81.79427658141894,19.12722915699808,637145913.5160295,637.1459135160295,5,3.3,330.0,6.514156594356944,12.613072562641136,4,2.4,240.0
8.0,V2V,we_1,wn_0,-60.12,83.12,0.28,True,2,9.735364109336e-10,9.169997928348e-10,0.941927,16.219573,12.1,D,9.72747223776966e-10,2430.6527330758768,33.85722915699808,1124772149.53343,1124.77214953343,7,5.5,550.0,6.514156594356944,27.343072562641137,7,5.5,550.0
8.0,V2V,we_1,wn_1,-64.04,87.04,0.24,True,2,3.946785334027e-10,3.452134374756e-10,0.87467,6.97893,8.44,D,3.944573020752777e-10,985.6504299732076,29.937229156998065,994639521.8454068,994.6395218454066,7,5.5,550.0,6.514156594356944,23.42307256264112,6,4.4,440.00000000000006
8.0,V2V,we_1,wn_2,-66.86,89.86,0.19,True,2,2.058754948845e-10,1.707942534199e-10,0.8296,4.868535,6.87,D,2.0606299132700007e-10,514.9000283033484,27.117229156998075,901094771.5414563,901.0947715414565,7,5.5,550.0,6.514156594356944,20.60307256264113,6,4.4,440.00000000000006
8.0,V2V,we_1,wn_3,-70.02,93.02,0.13,True,2,9.946092415315e-11,8.467072840158e-11,0.851296,5.724788,7.58,D,9.954054173515276e-11,248.72699084246065,23.957229156998075,796420794.7965842,796.4207947965842,6,4.4,440.00000000000006,6.514156594356944,17.44307256264113,5,3.3,330.0
8.0,V2V,we_1,wn_4,-71.84,94.84,0.1,True,2,6.540398961568e-11,5.711244466579e-11,0.873226,6.888034,8.38,D,6.546361740672747e-11,163.57725488937396,22.137229156998075,736262115.4175098,736.2621154175098,6,4.4,440.00000000000006,6.514156594356944,15.62307256264113,5,3.3,330.0
8.0,V2V,we_1,wn_5,-71.93,94.93,0.12,True,2,6.405713912290001e-11,4.012778166505e-11,0.626437,1.676927,2.25,D,6.412095765851609e-11,160.2222830047878,22.04722915699807,733290734.6536359,733.2907346536358,6,4.4,440.00000000000006,6.514156594356944,15.533072562641127,5,3.3,330.0
8.0,V2V,we_2,we_0,-58.73,81.73,0.24,True,2,1.339214831924e-09,1.298906393521e-09,0.969901,32.22418,15.08,D,1.339676687425937e-09,3347.51795958505,35.24722915699808,1170930699.0545454,1170.9306990545454,7,5.5,550.0,6.514156594356944,28.733072562641137,7,5.5,550.0
8.0,V2V,we_2,we_1,-53.23,76.23,0.0,True,2,4.753644398451e-09,4.753644187966e-09,1.0,22584319.101072,73.54,D,4.753352259428058e-09,11877.441927606342,40.74722915699808,1353605799.256266,1353.605799256266,7,5.5,550.0,6.514156594356944,34.23307256264114,7,5.5,550.0
8.0,V2V,we_2,we_3,-53.95,76.95,0.04,True,2,4.024852076755e-09,4.023490474507e-09,0.999662,2954.967561,34.71,D,4.027170343254587e-09,10062.894410931,40.02722915699807,1329690107.0390284,1329.6901070390284,7,5.5,550.0,6.514156594356944,33.51307256264113,7,5.5,550.0
8.0,V2V,we_2,we_4,-63.22,86.22,0.23,True,2,4.762751565905e-10,4.353670617548e-10,0.914108,10.642565,10.27,D,4.764309868054156e-10,1190.4822259005884,30.757229156998072,1021854171.4749784,1021.8541714749784,7,5.5,550.0,6.514156594356944,24.243072562641128,6,4.4,440.00000000000006
8.0,V2V,we_2,we_5,-66.06,89.06,0.04,True,2,2.475165403934e-10,2.465131154897e-10,0.995946,245.671714,23.9,D,2.477422057633286e-10,619.0459914126151,27.917229156998076,927623141.998723,927.623141998723,7,5.5,550.0,6.514156594356944,21.403072562641132,6,4.4,440.00000000000006
8.0,V2V,we_2,we_6,-67.6,90.6,0.16,True,2,1.737435508918e-10,1.534839691292e-10,0.883394,7.575871,8.79,D,1.7378008287493763e-10,434.23309064202306,26.377229156998077,876564443.8206458,876.5644438206458,7,5.5,550.0,6.514156594356944,19.863072562641133,5,3.3,330.0
8.0,V2V,we_2,we_7,-69.15,92.15,0.15,True,2,1.21577187734e-10,1.020196566148e-10,0.839135,5.216387,7.17,D,1.2161860006463652e-10,303.8945528851487,24.827229156998065,825216656.5783975,825.2166565783975,6,4.4,440.00000000000006,6.514156594356944,18.31307256264112,5,3.3,330.0
8.0,V2V,we_2,we_8,-70.35,93.35,0.14,True,2,9.217818536524e-11,6.545924397327001e-11,0.710138,2.449919,3.89,D,9.225714271547648e-11,230.52759299219508,23.627229156998084,785504033.0995761,785.5040330995761,6,4.4,440.00000000000006,6.514156594356944,17.11307256264114,5,3.3,330.0
8.0,V2V,we_2,we_9,-72.98,95.98,0.03,True,2,5.039698853236e-11,4.967272532599e-11,0.985629,68.583803,18.36,D,5.0350060878790474e-11,125.8122460739392,20.99722915699807,698655026.0938636,698.6550260938636,6,4.4,440.00000000000006,6.514156594356944,14.48307256264113,4,2.4,240.0
8.0,V2V,we_2,we_10,-73.52,96.52,0.08,True,2,4.447057106665e-11,3.83709922823e-11,0.86284,6.290761,7.99,D,4.4463126746910924e-11,111.1022657344101,20.45722915699808,680867162.6979297,680.8671626979298,6,4.4,440.00000000000006,6.514156594356944,13.943072562641138,4,2.4,240.0
8.0,V2V,we_2,wn_0,-55.36,78.36,0.03,True,2,2.911421256093e-09,2.910651478123e-09,0.999736,3781.157153,35.78,D,2.910717118066608e-09,7273.15621705799,38.61722915699808,1282856419.3567362,1282.8564193567363,7,5.5,550.0,6.514156594356944,32.10307256264113,7,5.5,550.0
8.0,V2V,we_2,wn_1,-61.84,84.84,0.1,True,2,6.539418506328e-10,6.467656886046e-10,0.989026,90.126963,19.55,D,6.546361740672746e-10,1635.7725488937397,32.137229156998075,1067663813.892262,1067.6638138922622,7,5.5,550.0,6.514156594356944,25.62307256264113,7,5.5,550.0
8.0,V2V,we_2,wn_2,-65.84,88.84,0.04,True,2,2.608246924946e-10,2.60019725773e-10,0.996914,323.019224,25.09,D,2.6061535499988917e-10,651.2127811091684,28.137229156998067,934919890.2958834,934.9198902958834,7,5.5,550.0,6.514156594356944,21.623072562641124,6,4.4,440.00000000000006
8.0,V2V,we_2,wn_3,-69.34,92.34,0.07,True,2,1.164965537418e-10,1.12759898115e-10,0.967925,30.17669,14.8,D,1.1641260294104907e-10,290.8860643204624,24.637229156998075,818926152.2863301,818.9261522863301,6,4.4,440.00000000000006,6.514156594356944,18.12307256264113,5,3.3,330.0
8.0,V2V,we_2,wn_4,-70.61,93.61,0.13,True,2,8.694520679044001e-11,7.203940462653001e-11,0.828561,4.832977,6.84,D,8.689604292863019e-11,217.13154155080005,23.367229156998075,776905458.6753805,776.9054586753805,6,4.4,440.00000000000006,6.514156594356944,16.85307256264113,5,3.3,330.0
8.0,V2V,we_2,wn_5,-72.86,95.86,0.06,True,2,5.1706471127660005e-11,4.8658230981310006e-11,0.941047,15.962729,12.03,D,5.176068319505682e-11,129.33703946790808,21.11722915699808,702610332.0212432,702.6103320212433,6,4.4,440.00000000000006,6.514156594356944,14.603072562641136,4,2.4,240.0
8.0,V2V,we_3,we_0,-62.63,85.63,0.16,True,2,5.451908441401e-10,5.28183672079e-10,0.968805,31.056525,14.92,D,5.45757861091271e-10,1363.7127963300125,31.347229156998075,1041438165.272514,1041.438165272514,7,5.5,550.0,6.514156594356944,24.83307256264113,6,4.4,440.00000000000006
8.0,V2V,we_3,we_1,-59.52,82.52,0.19,True,2,1.116631248338e-09,1.091441095524e-09,0.977441,43.328086,16.37,D,1.116863247780561e-09,2790.762738082362,34.457229156998075,1144696062.193428,1144.696062193428,7,5.5,550.0,6.514156594356944,27.94307256264113,7,5.5,550.0
8.0,V2V,we_3,we_2,-53.95,76.95,0.04,True,2,4.024851731411e-09,4.023490474507e-09,0.999662,2955.717222,34.71,D,4.027170343254587e-09,10062.894410931,40.02722915699807,1329690107.0390284,1329.6901070390284,7,5.5,550.0,6.514156594356944,33.51307256264113,7,5.5,550.0
8.0,V2V,we_3,we_4,-60.09,83.09,0.14,True,2,9.79230181458e-10,9.668124182428e-10,0.987319,77.857212,18.91,D,9.79489985408698e-10,2447.5012129152874,33.887229156998075,1125768319.5377517,1125.7683195377515,7,5.5,550.0,6.514156594356944,27.37307256264113,7,5.5,550.0
8.0,V2V,we_3,we_5,-63.22,86.22,0.23,True,2,4.762747883158e-10,4.353670617548e-10,0.914109,10.642661,10.27,D,4.764309868054156e-10,1190.4822259005884,30.757229156998072,1021854171.4749784,1021.8541714749784,7,5.5,550.0,6.514156594356944,24.243072562641128,6,4.4,440.00000000000006
8.0,V2V,we_3,we_6,-65.33,88.33,0.24,True,2,2.930204560871e-10,2.370328497267e-10,0.808929,4.233666,6.27,D,2.9308932452503244e-10,732.3571327462079,28.64722915699808,951837212.7787848,951.8372127787848,7,5.5,550.0,6.514156594356944,22.133072562641136,6,4.4,440.00000000000006
8.0,V2V,we_3,we_7,-68.39,91.39,0.03,True,2,1.448191340301e-10,1.443229227681e-10,0.996574,290.849753,24.64,D,1.4487718535447602e-10,362.01195740748625,25.58722915699807,850387326.0332837,850.3873260332837,7,5.5,550.0,6.514156594356944,19.073072562641126,5,3.3,330.0
8.0,V2V,we_3,we_8,-70.61,93.61,0.04,True,2,8.694559366924e-11,8.599851652519001e-11,0.989107,90.80413,19.58,D,8.689604292863019e-11,217.13154155080005,23.367229156998075,776905458.6753805,776.9054586753805,6,4.4,440.00000000000006,6.514156594356944,16.85307256264113,5,3.3,330.0
8.0,V2V,we_3,we_9,-72.01,95.01,0.01,True,2,6.288789410919e-11,6.286703866418e-11,0.999668,3014.418471,34.79,D,6.295061828571968e-11,157.29789676591622,21.96722915699807,730649827.692676,730.6498276926759,6,4.4,440.00000000000006,6.514156594356944,15.453072562641124,5,3.3,330.0
8.0,V2V,we_3,we_10,-71.63,94.63,0.13,True,2,6.865489783626001e-11,4.712583164985e-11,0.686416,2.18894,3.4,D,6.870684400142332e-11,171.68126936887384,22.347229156998083,743196779.2883905,743.1967792883905,6,4.4,440.00000000000006,6.514156594356944,15.83307256264114,5,3.3,330.0
8.0,V2V,we_3,wn_0,-39.47,62.47,0.35,True,2,1.130883843274e-07,1.128005968443e-07,0.997455,391.957967,25.93,D,1.1297959146727978e-07,282307.82475582144,54.50722915699807,1810691470.146201,1810.6914701462008,7,5.5,550.0,6.514156594356944,47.99307256264113,7,5.5,550.0
8.0,V2V,we_3,wn_1,-57.41,80.41,0.14,True,2,1.814393463057e-09,1.800805464066e-09,0.992511,132.529114,21.22,D,1.8155156627731371e-09,4536.5208964846,36.56722915699808,1214768857.1778252,1214.768857177825,7,5.5,550.0,6.514156594356944,30.053072562641137,7,5.5,550.0
8.0,V2V,we_3,wn_2,-63.24,86.24,0.1,True,2,4.7428712877e-10,4.674607231772e-10,0.985607,68.478311,18.36,D,4.742419852602447e-10,1185.012456922151,30.737229156998076,1021190344.7535408,1021.1903447535408,7,5.5,550.0,6.514156594356944,24.223072562641132,6,4.4,440.00000000000006
8.0,V2V,we_3,wn_3,-66.68,89.68,0.22,True,2,2.148125333139e-10,1.626621167274e-10,0.757228,3.119095,4.94,D,2.1478304741305286e-10,536.6892738956843,27.297229156998064,907062888.2046744,907.0628882046744,7,5.5,550.0,6.514156594356944,20.78307256264112,6,4.4,440.00000000000006
8.0,V2V,we_3,wn_4,-69.97,92.97,0.08,True,2,1.006553521857e-10,9.601552743325e-11,0.953904,20.693783,13.16,D,1.0069316688518043e-10,251.607113656123,24.007229156998076,798075145.7134174,798.0751457134174,6,4.4,440.00000000000006,6.514156594356944,17.49307256264113,5,3.3,330.0
8.0,V2V,we_3,wn_5,-71.33,94.33,0.11,True,2,7.364215134804e-11,6.142534013013001e-11,0.834106,5.027936,7.01,D,7.36207097494736e-11,183.95979447644575,22.647229156998073,753106788.9633517,753.1067889633517,6,4.4,440.00000000000006,6.514156594356944,16.13307256264113,5,3.3,330.0
8.0,V2V,we_4,we_0,-66.43,89.43,0.22,True,2,2.274101474935e-10,1.74630623575e-10,0.76791,3.308681,5.2,D,2.2750974307720667e-10,568.4901126366983,27.547229156998068,915352698.4168464,915.3526984168464,7,5.5,550.0,6.514156594356944,21.033072562641124,6,4.4,440.00000000000006
8.0,V2V,we_4,we_1,-65.31,88.31,0.21,True,2,2.942850975602e-10,2.565738043309e-10,0.871855,6.803633,8.33,D,2.9444216337987567e-10,735.7375396798493,28.66722915699807,952500694.5267732,952.5006945267734,7,5.5,550.0,6.514156594356944,22.153072562641125,6,4.4,440.00000000000006
8.0,V2V,we_4,we_2,-63.22,86.22,0.23,True,2,4.762732598373e-10,4.353670617548e-10,0.914112,10.643059,10.27,D,4.764309868054156e-10,1190.4822259005884,30.757229156998072,1021854171.4749784,1021.8541714749784,7,5.5,550.0,6.514156594356944,24.243072562641128,6,4.4,440.00000000000006
8.0,V2V,we_4,we_3,-60.09,83.09,0.14,True,2,9.792296401218e-10,9.668124182428e-10,0.987319,77.860606,18.91,D,9.79489985408698e-10,2447.5012129152874,33.887229156998075,1125768319.5377517,1125.7683195377515,7,5.5,550.0,6.514156594356944,27.37307256264113,7,5.5,550.0
8.0,V2V,we_4,we_5,-53.95,76.95,0.04,True,2,4.024853175609e-09,4.023490474507e-09,0.999661,2952.584738,34.7,D,4.027170343254587e-09,10062.894410931,40.02722915699807,1329690107.0390284,1329.6901070390284,7,5.5,550.0,6.514156594356944,33.51307256264113,7,5.5,550.0
8.0,V2V,we_4,we_6,-60.28,83.28,0.1,True,2,9.365264878703e-10,9.299864546221e-10,0.993017,142.199041,21.53,D,9.37562006925879e-10,2342.7336504894533,33.69722915699807,1119459291.1183543,1119.4592911183545,7,5.5,550.0,6.514156594356944,27.18307256264113,7,5.5,550.0
8.0,V2V,we_4,we_7,-63.41,86.41,0.28,True,2,4.559194094431e-10,3.832777123129e-10,0.84067,5.276277,7.22,D,4.5603691595129686e-10,1139.5225286139353,30.56722915699808,1015547922.8987366,1015.5479228987366,7,5.5,550.0,6.514156594356944,24.053072562641137,6,4.4,440.00000000000006
8.0,V2V,we_4,we_8,-66.43,89.43,0.22,True,2,2.274103136325e-10,1.746308007899e-10,0.767911,3.308685,5.2,D,2.2750974307720667e-10,568.4901126366983,27.547229156998068,915352698.4168464,915.3526984168464,7,5.5,550.0,6.514156594356944,21.033072562641124,6,4.4,440.00000000000006
8.0,V2V,we_4,we_9,-69.43,92.43,0.03,True,2,1.140051454602e-10,1.132688703636e-10,0.993542,153.84042,21.87,D,1.1402497875611674e-10,284.9199868968434,24.54722915699807,815946766.3150861,815.9467663150862,6,4.4,440.00000000000006,6.514156594356944,18.033072562641127,5,3.3,330.0
8.0,V2V,we_4,we_10,-71.0,94.0,0.05,True,2,7.936451836818001e-11,7.761363262962001e-11,0.977939,44.328211,16.47,D,7.943282347242822e-11,198.4828172724343,22.97722915699808,764012067.3047141,764.012067304714,6,4.4,440.00000000000006,6.514156594356944,16.463072562641134,5,3.3,330.0
8.0,V2V,we_4,wn_0,-59.33,82.33,0.14,True,2,1.165514237646e-09,1.152837017982e-09,0.989123,90.937686,19.59,D,1.166809617060963e-09,2915.566259522646,34.64722915699808,1151005513.481201,1151.005513481201,7,5.5,550.0,6.514156594356944,28.133072562641136,7,5.5,550.0
8.0,V2V,we_4,wn_1,-48.77,71.77,0.04,True,2,1.327749475799e-08,1.327581553075e-08,0.999874,7905.907701,38.98,D,1.3273944577297374e-08,33168.27730459114,45.20722915699807,1501755995.8439302,1501.7559958439304,7,5.5,550.0,6.514156594356944,38.69307256264112,7,5.5,550.0
8.0,V2V,we_4,wn_2,-52.96,75.96,0.22,True,2,5.060193013003e-09,5.024877606978e-09,0.993021,142.28571,21.53,D,5.058246620031137e-09,12639.296901627027,41.01722915699807,1362574273.0206425,1362.5742730206423,7,5.5,550.0,6.514156594356944,34.50307256264112,7,5.5,550.0
8.0,V2V,we_4,wn_3,-63.24,86.24,0.1,True,2,4.738941852036e-10,4.675400711455e-10,0.986592,73.580686,18.67,D,4.742419852602447e-10,1185.012456922151,30.737229156998076,1021190344.7535408,1021.1903447535408,7,5.5,550.0,6.514156594356944,24.223072562641132,6,4.4,440.00000000000006
8.0,V2V,we_4,wn_4,-66.89,89.89,0.01,True,2,2.047236524512e-10,2.047059735052e-10,0.999914,11579.082501,40.64,D,2.046444636724674e-10,511.35548144044816,27.08722915699807,900100131.5151122,900.1001315151121,7,5.5,550.0,6.514156594356944,20.57307256264113,6,4.4,440.00000000000006
8.0,V2V,we_4,wn_5,-68.18,91.18,0.18,True,2,1.519707533099e-10,1.098026467403e-10,0.722525,2.603926,4.16,D,1.5205475297324935e-10,379.9469089786341,25.79722915699807,857344613.896235,857.3446138962349,7,5.5,550.0,6.514156594356944,19.283072562641127,5,3.3,330.0
8.0,V2V,we_5,we_0,-67.87,90.87,0.19,True,2,1.632705286828e-10,1.196043470914e-10,0.732553,2.739061,4.38,D,1.6330519478943314e-10,408.0589574948354,26.107229156998063,867616498.2955108,867.6164982955107,7,5.5,550.0,6.514156594356944,19.59307256264112,5,3.3,330.0
8.0,V2V,we_5,we_1,-66.86,89.86,0.2,True,2,2.059790409927e-10,1.635457987913e-10,0.793992,3.85419,5.86,D,2.0606299132700007e-10,514.9000283033484,27.117229156998075,901094771.5414563,901.0947715414565,7,5.5,550.0,6.514156594356944,20.60307256264113,6,4.4,440.00000000000006
8.0,V2V,we_5,we_2,-66.06,89.06,0.04,True,2,2.474962381257e-10,2.465131154897e-10,0.996028,250.745031,23.99,D,2.477422057633286e-10,619.0459914126151,27.917229156998076,927623141.998723,927.623141998723,7,5.5,550.0,6.514156594356944,21.403072562641132,6,4.4,440.00000000000006
8.0,V2V,we_5,we_3,-63.22,86.22,0.23,True,2,4.762718836529e-10,4.353670617548e-10,0.914115,10.643417,10.27,D,4.764309868054156e-10,1190.4822259005884,30.757229156998072,1021854171.4749784,1021.8541714749784,7,5.5,550.0,6.514156594356944,24.243072562641128,6,4.4,440.00000000000006
8.0,V2V,we_5,we_4,-53.95,76.95,0.04,True,2,4.024853337075e-09,4.023490474507e-09,0.999661,2952.234928,34.7,D,4.027170343254587e-09,10062.894410931,40.02722915699807,1329690107.0390284,1329.6901070390284,7,5.5,550.0,6.514156594356944,33.51307256264113,7,5.5,550.0
8.0,V2V,we_5,we_6,-54.62,77.62,0.02,True,2,3.449768449308e-09,3.449499233602e-09,0.999922,12813.142603,41.08,D,3.4514373933585646e-09,8624.281342725048,39.35722915699807,1307435580.0586271,1307.4355800586272,7,5.5,550.0,6.514156594356944,32.843072562641126,7,5.5,550.0
8.0,V2V,we_5,we_7,-60.77,83.77,0.22,True,2,8.374668813794e-10,8.018770110201e-10,0.957503,22.531046,13.53,D,8.375292821268827e-10,2092.776816908752,33.207229156998075,1103189195.3148997,1103.1891953148995,7,5.5,550.0,6.514156594356944,26.69307256264113,7,5.5,550.0
8.0,V2V,we_5,we_8,-65.19,88.19,0.18,True,2,3.029948135856e-10,2.78635441421e-10,0.919605,11.438531,10.58,D,3.026913428101305e-10,756.350181934359,28.787229156998073,956481671.4456187,956.4816714456188,7,5.5,550.0,6.514156594356944,22.27307256264113,6,4.4,440.00000000000006
8.0,V2V,we_5,we_9,-66.86,89.86,0.2,True,2,2.060412794169e-10,1.635459427784e-10,0.793753,3.848562,5.85,D,2.0606299132700007e-10,514.9000283033484,27.117229156998075,901094771.5414563,901.0947715414565,7,5.5,550.0,6.514156594356944,20.60307256264113,6,4.4,440.00000000000006
8.0,V2V,we_5,we_10,-69.74,92.74,0.05,True,2,1.060769032418e-10,1.046693847706e-10,0.986731,74.364484,18.71,D,1.0616955571987263e-10,265.2912436778426,24.237229156998083,805686117.968169,805.686117968169,6,4.4,440.00000000000006,6.514156594356944,17.72307256264114,5,3.3,330.0
8.0,V2V,we_5,wn_0,-63.1,86.1,0.02,True,2,4.896148618985e-10,4.892724208126e-10,0.999301,1428.778382,31.55,D,4.897788193684457e-10,1223.8351308556862,30.87722915699807,1025837185.2743404,1025.8371852743403,7,5.5,550.0,6.514156594356944,24.36307256264113,6,4.4,440.00000000000006
8.0,V2V,we_5,wn_1,-57.71,80.71,0.15,True,2,1.693911819176e-09,1.678971465646e-09,0.99118,112.378296,20.51,D,1.6943378004473286e-09,4233.727637299672,36.26722915699808,1204805346.816219,1204.8053468162193,7,5.5,550.0,6.514156594356944,29.753072562641133,7,5.5,550.0
8.0,V2V,we_5,wn_2,-35.4,58.4,0.66,True,2,2.884769788825e-07,2.864264260647e-07,0.992892,139.68254,21.45,D,2.8840315031266057e-07,720647.5520056485,58.57722915699807,1945893632.7669928,1945.8936327669928,7,5.5,550.0,6.514156594356944,52.063072562641125,7,5.5,550.0
8.0,V2V,we_5,wn_3,-59.59,82.59,0.19,True,2,1.100057604823e-09,1.076088437701e-09,0.978211,44.894695,16.52,D,1.0990058394325198e-09,2746.1415278173904,34.38722915699807,1142371552.2058263,1142.3715522058264,7,5.5,550.0,6.514156594356944,27.873072562641124,7,5.5,550.0
8.0,V2V,we_5,wn_4,-64.61,87.61,0.08,True,2,3.459674363113e-10,3.413118300881e-10,0.986543,73.312006,18.65,D,3.4593937782612166e-10,864.4162364470807,29.36722915699807,975725037.7812028,975.7250377812028,7,5.5,550.0,6.514156594356944,22.853072562641128,6,4.4,440.00000000000006
8.0,V2V,we_5,wn_5,-67.72,90.72,0.12,True,2,1.691904503315e-10,1.575598784399e-10,0.931258,13.547045,11.32,D,1.690440931643263e-10,422.3990333941187,26.257229156998072,872587416.5499294,872.5874165499293,7,5.5,550.0,6.514156594356944,19.743072562641128,5,3.3,330.0
8.0,V2V,we_6,we_0,-70.22,93.22,0.11,True,2,9.511402488898e-11,8.500140585391e-11,0.893679,8.405479,9.25,D,9.506047936562808e-11,237.5324321979712,23.757229156998072,789804162.6194757,789.8041626194757,6,4.4,440.00000000000006,6.514156594356944,17.243072562641128,5,3.3,330.0
8.0,V2V,we_6,we_1,-68.32,91.32,0.18,True,2,1.471939064868e-10,1.102881823193e-10,0.749271,2.988376,4.75,D,1.4723125024327224e-10,367.8941785189211,25.657229156998085,852706321.1965082,852.7063211965082,7,5.5,550.0,6.514156594356944,19.14307256264114,5,3.3,330.0
8.0,V2V,we_6,we_2,-67.6,90.6,0.16,True,2,1.737423076186e-10,1.534839691292e-10,0.8834,7.576336,8.79,D,1.7378008287493763e-10,434.23309064202306,26.377229156998077,876564443.8206458,876.5644438206458,7,5.5,550.0,6.514156594356944,19.863072562641133,5,3.3,330.0
8.0,V2V,we_6,we_3,-65.33,88.33,0.24,True,2,2.930165296696e-10,2.370328497267e-10,0.80894,4.233963,6.27,D,2.9308932452503244e-10,732.3571327462079,28.64722915699808,951837212.7787848,951.8372127787848,7,5.5,550.0,6.514156594356944,22.133072562641136,6,4.4,440.00000000000006
8.0,V2V,we_6,we_4,-60.28,83.28,0.1,True,2,9.365260420641e-10,9.299864546221e-10,0.993017,142.208735,21.53,D,9.37562006925879e-10,2342.7336504894533,33.69722915699807,1119459291.1183543,1119.4592911183545,7,5.5,550.0,6.514156594356944,27.18307256264113,7,5.5,550.0
8.0,V2V,we_6,we_5,-54.62,77.62,0.02,True,2,3.449768356568e-09,3.449499233602e-09,0.999922,12817.557988,41.08,D,3.4514373933585646e-09,8624.281342725048,39.35722915699807,1307435580.0586271,1307.4355800586272,7,5.5,550.0,6.514156594356944,32.843072562641126,7,5.5,550.0
8.0,V2V,we_6,we_7,-55.24,78.24,0.02,True,2,2.99049399239e-09,2.990116408284e-09,0.999874,7919.073822,38.99,D,2.992264636608189e-09,7476.923129955494,38.73722915699808,1286842192.5609171,1286.842192560917,7,5.5,550.0,6.514156594356944,32.223072562641136,7,5.5,550.0
8.0,V2V,we_6,we_8,-62.12,85.12,0.29,True,2,6.131328992229e-10,5.438330319371e-10,0.886974,7.847534,8.95,D,6.137620051647944e-10,1533.6381938150787,31.857229156998077,1058368285.06716,1058.3682850671598,7,5.5,550.0,6.514156594356944,25.343072562641133,7,5.5,550.0
8.0,V2V,we_6,we_9,-64.76,87.76,0.26,True,2,3.340028510356e-10,2.67263473131e-10,0.800183,4.004584,6.03,D,3.3419504002611355e-10,835.0700650327674,29.217229156998066,970748003.9066166,970.7480039066164,7,5.5,550.0,6.514156594356944,22.70307256264112,6,4.4,440.00000000000006
8.0,V2V,we_6,we_10,-67.6,90.6,0.16,True,2,1.737422826977e-10,1.534839691292e-10,0.8834,7.576345,8.79,D,1.7378008287493763e-10,434.23309064202306,26.377229156998077,876564443.8206458,876.5644438206458,7,5.5,550.0,6.514156594356944,19.863072562641133,5,3.3,330.0
8.0,V2V,we_6,wn_0,-65.63,88.63,0.14,True,2,2.733605266031e-10,2.582171180335e-10,0.944603,17.051453,12.32,D,2.735268726306714e-10,683.475443854751,28.347229156998075,941885497.4260888,941.8854974260888,7,5.5,550.0,6.514156594356944,21.83307256264113,6,4.4,440.00000000000006
8.0,V2V,we_6,wn_1,-61.96,84.96,0.26,True,2,6.367268691888e-10,5.828106944846e-10,0.915323,10.809571,10.34,D,6.367955209079161e-10,1591.1932056669568,32.01722915699808,1063679969.5886084,1063.6799695886084,7,5.5,550.0,6.514156594356944,25.503072562641133,7,5.5,550.0
8.0,V2V,we_6,wn_2,-55.45,78.45,0.04,True,2,2.852773404807e-09,2.85182942477e-09,0.999669,3021.069634,34.8,D,2.8510182675039104e-09,7123.983676921313,38.527229156998075,1279867099.3668702,1279.8670993668702,7,5.5,550.0,6.514156594356944,32.01307256264113,7,5.5,550.0
8.0,V2V,we_6,wn_3,-52.54,75.54,0.26,True,2,5.567787449006e-09,5.516154505445e-09,0.990726,106.834012,20.29,D,5.571857489319304e-09,13922.682382107205,41.43722915699808,1376525318.9287806,1376.5253189287805,7,5.5,550.0,6.514156594356944,34.92307256264114,7,5.5,550.0
8.0,V2V,we_6,wn_4,-61.07,84.07,0.27,True,2,7.808284284037e-10,7.264298083053e-10,0.930332,13.353828,11.26,D,7.816278045883292e-10,1953.092964988329,32.90722915699807,1093228338.909082,1093.228338909082,7,5.5,550.0,6.514156594356944,26.393072562641127,7,5.5,550.0
8.0,V2V,we_6,wn_5,-65.03,88.03,0.25,True,2,3.139062834382e-10,2.548533356943e-10,0.811877,4.315675,6.35,D,3.1405086938762166e-10,784.7348060660211,28.947229156998073,961789865.9343911,961.7898659343912,7,5.5,550.0,6.514156594356944,22.43307256264113,6,4.4,440.00000000000006
8.0,V2V,we_7,we_0,-71.87,94.87,0.06,True,2,6.506200917595001e-11,6.224308163989e-11,0.956673,22.080412,13.44,D,6.501296903430903e-11,162.4511969872789,22.107229156998073,735271613.2075915,735.2716132075915,6,4.4,440.00000000000006,6.514156594356944,15.59307256264113,5,3.3,330.0
8.0,V2V,we_7,we_1,-71.0,94.0,0.05,True,2,7.936447856405001e-11,7.761363262962001e-11,0.977939,44.329219,16.47,D,7.943282347242822e-11,198.4828172724343,22.97722915699808,764012067.3047141,764.012067304714,6,4.4,440.00000000000006,6.514156594356944,16.463072562641134,5,3.3,330.0
8.0,V2V,we_7,we_2,-69.15,92.15,0.15,True,2,1.215759984559e-10,1.020196566148e-10,0.839143,5.216705,7.17,D,1.2161860006463652e-10,303.8945528851487,24.827229156998065,825216656.5783975,825.2166565783975,6,4.4,440.00000000000006,6.514156594356944,18.31307256264112,5,3.3,330.0
8.0,V2V,we_7,we_3,-68.39,91.39,0.03,True,2,1.448191132628e-10,1.443229227681e-10,0.996574,290.861926,24.64,D,1.4487718535447602e-10,362.01195740748625,25.58722915699807,850387326.0332837,850.3873260332837,7,5.5,550.0,6.514156594356944,19.073072562641126,5,3.3,330.0
8.0,V2V,we_7,we_4,-63.41,86.41,0.28,True,2,4.559278160746e-10,3.832777123129e-10,0.840654,5.275666,7.22,D,4.5603691595129686e-10,1139.5225286139353,30.56722915699808,1015547922.8987366,1015.5479228987366,7,5.5,550.0,6.514156594356944,24.053072562641137,6,4.4,440.00000000000006
8.0,V2V,we_7,we_5,-60.77,83.77,0.22,True,2,8.374257952141e-10,8.018770110201e-10,0.95755,22.557087,13.53,D,8.375292821268827e-10,2092.776816908752,33.207229156998075,1103189195.3148997,1103.1891953148995,7,5.5,550.0,6.514156594356944,26.69307256264113,7,5.5,550.0
8.0,V2V,we_7,we_6,-55.24,78.24,0.02,True,2,2.990493923944e-09,2.990116408284e-09,0.999874,7920.509596,38.99,D,2.992264636608189e-09,7476.923129955494,38.73722915699808,1286842192.5609171,1286.842192560917,7,5.5,550.0,6.514156594356944,32.223072562641136,7,5.5,550.0
8.0,V2V,we_7,we_8,-57.81,80.81,0.05,True,2,1.654699676664e-09,1.65330773649e-09,0.999159,1187.772123,30.75,D,1.655769963469526e-09,4137.356230558535,36.16722915699807,1201484212.2692268,1201.4842122692269,7,5.5,550.0,6.514156594356944,29.653072562641125,7,5.5,550.0
8.0,V2V,we_7,we_9,-62.12,85.12,0.29,True,2,6.131489371707e-10,5.438319686477e-10,0.886949,7.845582,8.95,D,6.137620051647944e-10,1533.6381938150787,31.857229156998077,1058368285.06716,1058.3682850671598,7,5.5,550.0,6.514156594356944,25.343072562641133,7,5.5,550.0
8.0,V2V,we_7,we_10,-65.31,88.31,0.21,True,2,2.942828602222e-10,2.565738043309e-10,0.871861,6.804037,8.33,D,2.9444216337987567e-10,735.7375396798493,28.66722915699807,952500694.5267732,952.5006945267734,7,5.5,550.0,6.514156594356944,22.153072562641125,6,4.4,440.00000000000006
8.0,V2V,we_7,wn_0,-67.84,90.84,0.12,True,2,1.642510953747e-10,1.542532589796e-10,0.939131,15.428664,11.88,D,1.6443717232149292e-10,410.88748706020215,26.137229156998067,868610648.8279021,868.6106488279021,7,5.5,550.0,6.514156594356944,19.623072562641124,5,3.3,330.0
8.0,V2V,we_7,wn_1,-64.8,87.8,0.24,True,2,3.308700406195e-10,2.805184604182e-10,0.847821,5.571195,7.46,D,3.3113112148259143e-10,827.4140966581494,29.17722915699808,969420829.3074543,969.4208293074544,7,5.5,550.0,6.514156594356944,22.663072562641137,6,4.4,440.00000000000006
8.0,V2V,we_7,wn_2,-60.99,83.99,0.29,True,2,7.970056726622e-10,7.302819727377e-10,0.916282,10.944866,10.39,D,7.961593504173184e-10,1989.4036742061928,32.98722915699807,1095884533.840349,1095.884533840349,7,5.5,550.0,6.514156594356944,26.473072562641125,7,5.5,550.0
8.0,V2V,we_7,wn_3,-43.72,66.72,0.42,True,2,4.24803676952e-08,4.223291760027e-08,0.994175,170.672465,22.32,D,4.24619563946313e-08,106101.84006654496,50.25722915699808,1669510374.7985272,1669.5103747985272,7,5.5,550.0,6.514156594356944,43.74307256264113,7,5.5,550.0
8.0,V2V,we_7,wn_4,-55.49,78.49,0.01,True,2,2.824441102902e-09,2.824314508842e-09,0.999955,22310.008105,43.48,D,2.8248799749157044e-09,7058.670601988267,38.48722915699807,1278538515.484912,1278.5385154849118,7,5.5,550.0,6.514156594356944,31.973072562641125,7,5.5,550.0
8.0,V2V,we_7,wn_5,-62.88,85.88,0.1,True,2,5.153908667707e-10,5.083406989934e-10,0.986321,72.103348,18.58,D,5.152286445817561e-10,1287.4278975056377,31.097229156998072,1033139608.8587122,1033.139608858712,7,5.5,550.0,6.514156594356944,24.583072562641128,6,4.4,440.00000000000006
8.0,V2V,we_8,we_0,-73.44,96.44,0.05,True,2,4.5264112186770005e-11,4.365768358357e-11,0.96451,27.176859,14.34,D,4.5289757990362126e-11,113.16781107037012,20.53722915699808,683501213.8591897,683.5012138591898,6,4.4,440.00000000000006,6.514156594356944,14.023072562641136,4,2.4,240.0
8.0,V2V,we_8,we_1,-70.89,93.89,0.14,True,2,8.141643717638e-11,5.243181722259001e-11,0.643995,1.808953,2.57,D,8.147042840208388e-11,203.57428386327803,23.08722915699807,767648099.1384382,767.6480991384382,6,4.4,440.00000000000006,6.514156594356944,16.573072562641126,5,3.3,330.0
8.0,V2V,we_8,we_2,-70.35,93.35,0.14,True,2,9.21764935168e-11,6.545924397327001e-11,0.710151,2.450074,3.89,D,9.225714271547648e-11,230.52759299219508,23.627229156998084,785504033.0995761,785.5040330995761,6,4.4,440.00000000000006,6.514156594356944,17.11307256264114,5,3.3,330.0
8.0,V2V,we_8,we_3,-70.61,93.61,0.04,True,2,8.694554581776001e-11,8.599851652519001e-11,0.989108,90.808719,19.58,D,8.689604292863019e-11,217.13154155080005,23.367229156998075,776905458.6753805,776.9054586753805,6,4.4,440.00000000000006,6.514156594356944,16.85307256264113,5,3.3,330.0
8.0,V2V,we_8,we_4,-66.43,89.43,0.22,True,2,2.274069243976e-10,1.746308007899e-10,0.767922,3.308898,5.2,D,2.2750974307720667e-10,568.4901126366983,27.547229156998068,915352698.4168464,915.3526984168464,7,5.5,550.0,6.514156594356944,21.033072562641124,6,4.4,440.00000000000006
8.0,V2V,we_8,we_5,-65.19,88.19,0.18,True,2,3.02992997133e-10,2.78635441421e-10,0.91961,11.439384,10.58,D,3.026913428101305e-10,756.350181934359,28.787229156998073,956481671.4456187,956.4816714456188,7,5.5,550.0,6.514156594356944,22.27307256264113,6,4.4,440.00000000000006
8.0,V2V,we_8,we_6,-62.12,85.12,0.29,True,2,6.13128070117e-10,5.438330319371e-10,0.886981,7.84808,8.95,D,6.137620051647944e-10,1533.6381938150787,31.857229156998077,1058368285.06716,1058.3682850671598,7,5.5,550.0,6.514156594356944,25.343072562641133,7,5.5,550.0
8.0,V2V,we_8,we_7,-57.81,80.81,0.05,True,2,1.654699361779e-09,1.65330773649e-09,0.999159,1188.040882,30.75,D,1.655769963469526e-09,4137.356230558535,36.16722915699807,1201484212.2692268,1201.4842122692269,7,5.5,550.0,6.514156594356944,29.653072562641125,7,5.5,550.0
8.0,V2V,we_8,we_9,-55.24,78.24,0.02,True,2,2.990481897213e-09,2.990103648811e-09,0.999874,7905.132268,38.98,D,2.992264636608189e-09,7476.923129955494,38.73722915699808,1286842192.5609171,1286.842192560917,7,5.5,550.0,6.514156594356944,32.223072562641136,7,5.5,550.0
8.0,V2V,we_8,we_10,-61.36,84.36,0.21,True,2,7.305153592138e-10,6.985217411365e-10,0.956204,21.833159,13.39,D,7.311390834834173e-10,1826.934241587749,32.61722915699807,1083599845.6238785,1083.5998456238783,7,5.5,550.0,6.514156594356944,26.103072562641128,7,5.5,550.0
8.0,V2V,we_8,wn_0,-68.79,91.79,0.17,True,2,1.320204572238e-10,9.05170754108e-11,0.685629,2.180957,3.39,D,1.3212956341865738e-10,330.15882913207736,25.18722915699807,837137951.2675207,837.1379512675206,7,5.5,550.0,6.514156594356944,18.673072562641128,5,3.3,330.0
8.0,V2V,we_8,wn_1,-67.34,90.34,0.2,True,2,1.843691938894e-10,1.407255712e-10,0.763281,3.224425,5.08,D,1.8450154191794736e-10,461.0233431233067,26.637229156998075,885182193.3531805,885.1821933531805,7,5.5,550.0,6.514156594356944,20.12307256264113,6,4.4,440.00000000000006
8.0,V2V,we_8,wn_2,-65.4,88.4,0.18,True,2,2.882139340763e-10,2.63581412844e-10,0.914534,10.700545,10.29,D,2.8840315031266003e-10,720.6475520056471,28.577229156998065,949515059.5971162,949.5150595971162,7,5.5,550.0,6.514156594356944,22.06307256264112,6,4.4,440.00000000000006
8.0,V2V,we_8,wn_3,-59.31,82.31,0.17,True,2,1.173201898619e-09,1.154295673766e-09,0.983885,61.053737,17.86,D,1.1721953655481303e-09,2929.0239019193655,34.667229156998076,1151669671.8265204,1151.6696718265205,7,5.5,550.0,6.514156594356944,28.153072562641132,7,5.5,550.0
8.0,V2V,we_8,wn_4,-45.23,68.23,0.42,True,2,3.001049517182e-08,2.980616697617e-08,0.993191,145.873979,21.64,D,2.9991625189876535e-08,74941.592178602,48.747229156998074,1619349825.925193,1619.349825925193,7,5.5,550.0,6.514156594356944,42.23307256264113,7,5.5,550.0
8.0,V2V,we_8,wn_5,-55.92,78.92,0.01,True,2,2.561210765266e-09,2.561189202829e-09,0.999992,118780.133879,50.75,D,2.5585858869056427e-09,6393.268083222495,38.05722915699807,1264256351.5835245,1264.2563515835243,7,5.5,550.0,6.514156594356944,31.543072562641125,7,5.5,550.0
8.0,V2V,we_9,we_0,-72.49,95.49,0.11,True,2,5.630145947383e-11,3.475189035499e-11,0.617247,1.612649,2.08,D,5.6363765582595476e-11,140.83899445925906,21.487229156998076,714811040.3446422,714.8110403446422,6,4.4,440.00000000000006,6.514156594356944,14.973072562641132,4,2.4,240.0
8.0,V2V,we_9,we_1,-72.05,95.05,0.12,True,2,6.242886791883001e-11,4.08864690807e-11,0.654929,1.897953,2.78,D,6.237348354824192e-11,155.85578098011473,21.927229156998074,729329489.1016493,729.3294891016493,6,4.4,440.00000000000006,6.514156594356944,15.41307256264113,5,3.3,330.0
8.0,V2V,we_9,we_2,-72.98,95.98,0.03,True,2,5.039693570536e-11,4.967272532599e-11,0.98563,68.588806,18.36,D,5.0350060878790474e-11,125.8122460739392,20.99722915699807,698655026.0938636,698.6550260938636,6,4.4,440.00000000000006,6.514156594356944,14.48307256264113,4,2.4,240.0
8.0,V2V,we_9,we_3,-72.01,95.01,0.01,True,2,6.288789439853001e-11,6.286703866418e-11,0.999668,3014.376651,34.79,D,6.295061828571968e-11,157.29789676591622,21.96722915699807,730649827.692676,730.6498276926759,6,4.4,440.00000000000006,6.514156594356944,15.453072562641124,5,3.3,330.0
8.0,V2V,we_9,we_4,-69.43,92.43,0.03,True,2,1.140051109345e-10,1.132688703636e-10,0.993542,153.847635,21.87,D,1.1402497875611674e-10,284.9199868968434,24.54722915699807,815946766.3150861,815.9467663150862,6,4.4,440.00000000000006,6.514156594356944,18.033072562641127,5,3.3,330.0
8.0,V2V,we_9,we_5,-66.86,89.86,0.2,True,2,2.059764630698e-10,1.635459427784e-10,0.794003,3.854441,5.86,D,2.0606299132700007e-10,514.9000283033484,27.117229156998075,901094771.5414563,901.0947715414565,7,5.5,550.0,6.514156594356944,20.60307256264113,6,4.4,440.00000000000006
8.0,V2V,we_9,we_6,-64.76,87.76,0.26,True,2,3.339985923402e-10,2.67263473131e-10,0.800193,4.00484,6.03,D,3.3419504002611355e-10,835.0700650327674,29.217229156998066,970748003.9066166,970.7480039066164,7,5.5,550.0,6.514156594356944,22.70307256264112,6,4.4,440.00000000000006
8.0,V2V,we_9,we_7,-62.12,85.12,0.29,True,2,6.131441080648e-10,5.438319686477e-10,0.886956,7.846129,8.95,D,6.137620051647944e-10,1533.6381938150787,31.857229156998077,1058368285.06716,1058.3682850671598,7,5.5,550.0,6.514156594356944,25.343072562641133,7,5.5,550.0
8.0,V2V,we_9,we_8,-55.24,78.24,0.02,True,2,2.990482029952e-09,2.990103648811e-09,0.999873,7902.359106,38.98,D,2.992264636608189e-09,7476.923129955494,38.73722915699808,1286842192.5609171,1286.842192560917,7,5.5,550.0,6.514156594356944,32.223072562641136,7,5.5,550.0
8.0,V2V,we_9,we_10,-55.82,78.82,0.02,True,2,2.616941348226e-09,2.616732780661e-09,0.99992,12546.211495,40.99,D,2.618183008218986e-09,6542.186427333798,38.15722915699808,1267577766.0964592,1267.577766096459,7,5.5,550.0,6.514156594356944,31.643072562641137,7,5.5,550.0
8.0,V2V,we_9,wn_0,-70.23,93.23,0.15,True,2,9.489951941369e-11,6.567639867276e-11,0.692063,2.247412,3.52,D,9.48418463300896e-11,236.986122763842,23.747229156998067,789473364.0604216,789.4733640604215,6,4.4,440.00000000000006,6.514156594356944,17.233072562641123,5,3.3,330.0
8.0,V2V,we_9,wn_1,-70.22,93.22,0.0,True,2,9.503679590561e-11,9.50260480783e-11,0.999887,8841.419319,39.47,D,9.506047936562808e-11,237.5324321979712,23.757229156998072,789804162.6194757,789.8041626194757,6,4.4,440.00000000000006,6.514156594356944,17.243072562641128,5,3.3,330.0
8.0,V2V,we_9,wn_2,-67.96,90.96,0.07,True,2,1.5995150418e-10,1.567159921955e-10,0.979772,48.436227,16.85,D,1.599558028614671e-10,399.6896623225064,26.01722915699808,864634147.890844,864.634147890844,7,5.5,550.0,6.514156594356944,19.503072562641137,5,3.3,330.0
8.0,V2V,we_9,wn_3,-62.91,85.91,0.29,True,2,5.117455231943e-10,4.39152681995e-10,0.858147,6.049532,7.82,D,5.116818355403082e-10,1278.5653061976718,31.06722915699808,1032143806.5898898,1032.1438065898897,7,5.5,550.0,6.514156594356944,24.553072562641137,6,4.4,440.00000000000006
8.0,V2V,we_9,wn_4,-57.62,80.62,0.07,True,2,1.729011997714e-09,1.725888576918e-09,0.998194,552.56358,27.42,D,1.729816359215103e-09,4322.379708183666,36.35722915699808,1207794383.36086,1207.79438336086,7,5.5,550.0,6.514156594356944,29.843072562641137,7,5.5,550.0
8.0,V2V,we_9,wn_5,-33.38,56.38,0.59,True,2,4.589671392549e-07,4.566423004915e-07,0.994935,196.418912,22.93,D,4.591980128368685e-07,1147421.3214314554,60.597229156998075,2012996505.8232195,2012.9965058232196,7,5.5,550.0,6.514156594356944,54.083072562641135,7,5.5,550.0
8.0,V2V,we_10,we_0,-74.87,97.87,0.07,True,2,3.254990635615e-11,2.7940910072610003e-11,0.858402,6.062255,7.83,D,3.258367010020087e-11,81.41846601749342,19.107229156998073,636489570.714021,636.4895707140209,5,3.3,330.0,6.514156594356944,12.59307256264113,4,2.4,240.0
8.0,V2V,we_10,we_1,-74.85,97.85,0.02,True,2,3.270236637071e-11,3.230535568793e-11,0.98786,81.371502,19.1,D,3.2734069487883865e-11,81.79427658141894,19.12722915699808,637145913.5160295,637.1459135160295,5,3.3,330.0,6.514156594356944,12.613072562641136,4,2.4,240.0
8.0,V2V,we_10,we_2,-73.52,96.52,0.08,True,2,4.447018271682e-11,3.83709922823e-11,0.862848,6.291162,7.99,D,4.4463126746910924e-11,111.1022657344101,20.45722915699808,680867162.6979297,680.8671626979298,6,4.4,440.00000000000006,6.514156594356944,13.943072562641138,4,2.4,240.0
8.0,V2V,we_10,we_3,-71.63,94.63,0.13,True,2,6.865362687320001e-11,4.712583164985e-11,0.686429,2.189069,3.4,D,6.870684400142332e-11,171.68126936887384,22.347229156998083,743196779.2883905,743.1967792883905,6,4.4,440.00000000000006,6.514156594356944,15.83307256264114,5,3.3,330.0
8.0,V2V,we_10,we_4,-71.0,94.0,0.05,True,2,7.9364427684e-11,7.761363262962001e-11,0.97794,44.330507,16.47,D,7.943282347242822e-11,198.4828172724343,22.97722915699808,764012067.3047141,764.012067304714,6,4.4,440.00000000000006,6.514156594356944,16.463072562641134,5,3.3,330.0
8.0,V2V,we_10,we_5,-69.74,92.74,0.05,True,2,1.060767991453e-10,1.046693847706e-10,0.986732,74.369984,18.71,D,1.0616955571987263e-10,265.2912436778426,24.237229156998083,805686117.968169,805.686117968169,6,4.4,440.00000000000006,6.514156594356944,17.72307256264114,5,3.3,330.0
8.0,V2V,we_10,we_6,-67.6,90.6,0.16,True,2,1.737410781902e-10,1.534839691292e-10,0.883406,7.576795,8.79,D,1.7378008287493763e-10,434.23309064202306,26.377229156998077,876564443.8206458,876.5644438206458,7,5.5,550.0,6.514156594356944,19.863072562641133,5,3.3,330.0
8.0,V2V,we_10,we_7,-65.31,88.31,0.21,True,2,2.942807059536e-10,2.565738043309e-10,0.871868,6.804426,8.33,D,2.9444216337987567e-10,735.7375396798493,28.66722915699807,952500694.5267732,952.5006945267734,7,5.5,550.0,6.514156594356944,22.153072562641125,6,4.4,440.00000000000006
8.0,V2V,we_10,we_8,-61.36,84.36,0.21,True,2,7.304696488474e-10,6.985217411365e-10,0.956264,21.864397,13.4,D,7.311390834834173e-10,1826.934241587749,32.61722915699807,1083599845.6238785,1083.5998456238783,7,5.5,550.0,6.514156594356944,26.103072562641128,7,5.5,550.0
8.0,V2V,we_10,we_9,-55.82,78.82,0.02,True,2,2.6169412032e-09,2.616732780661e-09,0.99992,12554.941454,40.99,D,2.618183008218986e-09,6542.186427333798,38.15722915699808,1267577766.0964592,1267.577766096459,7,5.5,550.0,6.514156594356944,31.643072562641137,7,5.5,550.0
8.0,V2V,we_10,wn_0,-73.01,96.01,0.04,True,2,5.00212614188e-11,4.8941564367390006e-11,0.978415,45.328978,16.56,D,5.000345349769783e-11,124.9461606639126,20.967229156998073,697666333.3478019,697.6663333478019,6,4.4,440.00000000000006,6.514156594356944,14.453072562641127,4,2.4,240.0
8.0,V2V,we_10,wn_1,-69.99,92.99,0.15,True,2,1.001469077745e-10,6.704136315814e-11,0.66943,2.02508,3.06,D,1.0023052380779004e-10,250.45108397748632,23.987229156998076,797413396.2501715,797.4133962501716,6,4.4,440.00000000000006,6.514156594356944,17.473072562641132,5,3.3,330.0
8.0,V2V,we_10,wn_2,-68.74,91.74,0.17,True,2,1.335520507813e-10,1.011519349673e-10,0.757397,3.121962,4.94,D,1.3365955165464432e-10,333.9818881925145,25.237229156998076,838793928.378925,838.793928378925,7,5.5,550.0,6.514156594356944,18.723072562641132,5,3.3,330.0
8.0,V2V,we_10,wn_3,-66.08,89.08,0.18,True,2,2.463514318207e-10,2.210019905078e-10,0.8971,8.718219,9.4,D,2.4660393372343414e-10,616.2017334418643,27.89722915699808,926959830.357007,926.959830357007,7,5.5,550.0,6.514156594356944,21.383072562641136,6,4.4,440.00000000000006
8.0,V2V,we_10,wn_4,-62.45,85.45,0.24,True,2,5.694034325317e-10,5.25603290326e-10,0.923077,12.000036,10.79,D,5.688529308438414e-10,1421.4216163014526,31.527229156998075,1047413343.8502268,1047.4133438502267,7,5.5,550.0,6.514156594356944,25.01307256264113,7,5.5,550.0
8.0,V2V,we_10,wn_5,-55.14,78.14,0.01,True,2,3.059919990439e-09,3.059813253544e-09,0.999965,28666.87508,44.57,D,3.0619634336906762e-09,7651.083042705336,38.83722915699807,1290163681.4991314,1290.1636814991314,7,5.5,550.0,6.514156594356944,32.32307256264113,7,5.5,550.0
8.0,V2V,sn_0,sn_1,-53.23,76.23,0.12,True,2,4.747908951234e-09,4.736477381283e-09,0.997592,414.333062,26.17,D,4.753352259428058e-09,11877.441927606342,40.74722915699808,1353605799.256266,1353.605799256266,7,5.5,550.0,6.514156594356944,34.23307256264114,7,5.5,550.0
8.0,V2V,sn_0,sn_2,-59.6,82.6,0.11,True,2,1.095574543603e-09,1.087661633502e-09,0.992777,137.454062,21.38,D,1.0964781961431852e-09,2739.8255775691778,34.37722915699808,1142039480.45869,1142.03948045869,7,5.5,550.0,6.514156594356944,27.863072562641133,7,5.5,550.0
8.0,V2V,sn_0,sn_3,-63.26,86.26,0.19,True,2,4.723602220891e-10,4.455685256767e-10,0.943281,16.630844,12.21,D,4.720630412635909e-10,1179.5678192493524,30.71722915699808,1020526520.6096764,1020.5265206096764,7,5.5,550.0,6.514156594356944,24.203072562641136,6,4.4,440.00000000000006
8.0,V2V,sn_0,sn_4,-67.96,90.96,0.07,True,2,1.600669070721e-10,1.567322184341e-10,0.979167,47.000556,16.72,D,1.599558028614671e-10,399.6896623225064,26.01722915699808,864634147.890844,864.634147890844,7,5.5,550.0,6.514156594356944,19.503072562641137,5,3.3,330.0
8.0,V2V,sn_0,sn_5,-68.91,91.91,0.15,True,2,1.286043992601e-10,1.064359514313e-10,0.827623,4.801236,6.81,D,1.2852866599436154e-10,321.16108444368194,25.06722915699807,833163842.3512255,833.1638423512255,7,5.5,550.0,6.514156594356944,18.55307256264113,5,3.3,330.0
8.0,V2V,sn_0,sn_6,-69.76,92.76,0.15,True,2,1.058021839013e-10,7.529540154507001e-11,0.711662,2.468153,3.92,D,1.0568175092136564e-10,264.0723411328476,24.217229156998066,805024233.0397655,805.0242330397655,6,4.4,440.00000000000006,6.514156594356944,17.703072562641122,5,3.3,330.0
8.0,V2V,sn_0,sn_7,-72.21,95.21,0.08,True,2,6.015295485080001e-11,5.5017570801980006e-11,0.914628,10.713429,10.3,D,6.011737374832791e-11,150.21832520821565,21.767229156998084,724048917.1165998,724.0489171165998,6,4.4,440.00000000000006,6.514156594356944,15.25307256264114,5,3.3,330.0
8.0,V2V,sn_0,sn_8,-72.55,95.55,0.11,True,2,5.563381482495001e-11,3.91830601465e-11,0.704303,2.38184,3.77,D,5.559042572704037e-11,138.90661101209486,21.427229156998074,712832032.5608476,712.8320325608477,6,4.4,440.00000000000006,6.514156594356944,14.91307256264113,4,2.4,240.0
8.0,V2V,sn_0,sn_9,-74.26,97.26,0.08,True,2,3.7456282382780005e-11,3.1095692366420005e-11,0.830186,4.888806,6.89,D,3.749730022454834e-11,93.69640236019076,19.717229156998073,656523771.1756276,656.5237711756276,5,3.3,330.0,6.514156594356944,13.203072562641127,4,2.4,240.0
8.0,V2V,sn_0,se_0,-64.89,87.89,0.03,True,2,3.242894203151e-10,3.236720368558e-10,0.998096,524.264186,27.2,D,3.2433961734934936e-10,810.443821462642,29.087229156998077,966434740.6171144,966.4347406171146,7,5.5,550.0,6.514156594356944,22.573072562641133,6,4.4,440.00000000000006
8.0,V2V,sn_0,se_1,-67.03,90.03,0.18,True,2,1.981420307836e-10,1.703180437746e-10,0.859576,6.121267,7.87,D,1.9815270258050967e-10,495.1341893565958,26.94722915699807,895458656.8726037,895.4586568726037,7,5.5,550.0,6.514156594356944,20.43307256264113,6,4.4,440.00000000000006
8.0,V2V,sn_0,se_2,-68.64,91.64,0.17,True,2,1.367879698062e-10,1.008860350963e-10,0.737536,2.810045,4.49,D,1.3677288255958495e-10,341.7613257360943,25.337229156998077,842106052.700707,842.106052700707,7,5.5,550.0,6.514156594356944,18.823072562641133,5,3.3,330.0
8.0,V2V,sn_0,se_3,-70.99,93.99,0.13,True,2,7.952757977914e-11,5.8053472361410005e-11,0.729979,2.703417,4.32,D,7.961593504173199e-11,198.94036742061965,22.987229156998083,764342596.750064,764.342596750064,6,4.4,440.00000000000006,6.514156594356944,16.47307256264114,5,3.3,330.0
8.0,V2V,sn_0,se_4,-72.54,95.54,0.11,True,2,5.574709113834e-11,4.155382437089e-11,0.745399,2.927714,4.67,D,5.571857489319293e-11,139.22682382107178,21.43722915699807,713161853.6927099,713.1618536927099,6,4.4,440.00000000000006,6.514156594356944,14.923072562641128,4,2.4,240.0
8.0,V2V,sn_0,se_5,-73.64,96.64,0.1,True,2,4.325234466613e-11,3.055606747933e-11,0.70646,2.406695,3.81,D,4.325138310350088e-11,108.07442054847796,20.337229156998077,676916899.927591,676.916899927591,6,4.4,440.00000000000006,6.514156594356944,13.823072562641132,4,2.4,240.0
8.0,V2V,sn_1,sn_0,-53.23,76.23,0.12,True,2,4.747910863216e-09,4.736477381283e-09,0.997592,414.263775,26.17,D,4.753352259428058e-09,11877.441927606342,40.74722915699808,1353605799.256266,1353.605799256266,7,5.5,550.0,6.514156594356944,34.23307256264114,7,5.5,550.0
8.0,V2V,sn_1,sn_2,-53.96,76.96,0.1,True,2,4.016984062247e-09,4.010109686798e-09,0.998289,583.341675,27.66,D,4.0179081084894e-09,10039.750396025483,40.01722915699808,1329357947.2759435,1329.3579472759436,7,5.5,550.0,6.514156594356944,33.50307256264114,7,5.5,550.0
8.0,V2V,sn_1,sn_3,-60.23,83.23,0.18,True,2,9.492649608923e-10,9.270132317551e-10,0.976559,41.660278,16.2,D,9.484184633008976e-10,2369.861227638425,33.747229156998074,1121119550.5450366,1121.1195505450366,7,5.5,550.0,6.514156594356944,27.23307256264113,7,5.5,550.0
8.0,V2V,sn_1,sn_4,-66.0,89.0,0.15,True,2,2.512491724286e-10,2.341821931101e-10,0.932072,13.721362,11.37,D,2.5118864315095825e-10,627.6577789879016,27.97722915699808,929613106.3929472,929.6131063929472,7,5.5,550.0,6.514156594356944,21.463072562641138,6,4.4,440.00000000000006
8.0,V2V,sn_1,sn_5,-67.63,90.63,0.17,True,2,1.724494017545e-10,1.472833307832e-10,0.854067,5.852456,7.67,D,1.7258378919902038e-10,431.24385107201493,26.347229156998075,875570163.0586162,875.5701630586161,7,5.5,550.0,6.514156594356944,19.83307256264113,5,3.3,330.0
8.0,V2V,sn_1,sn_6,-68.61,91.61,0.18,True,2,1.376233414289e-10,9.858888704607e-11,0.716367,2.525689,4.02,D,1.3772094688939468e-10,344.1303020724505,25.36722915699808,843099733.6195095,843.0997336195095,7,5.5,550.0,6.514156594356944,18.853072562641135,5,3.3,330.0
8.0,V2V,sn_1,sn_7,-71.11,94.11,0.1,True,2,7.747692587685e-11,6.911204165109e-11,0.892034,8.262164,9.17,D,7.744617978025189e-11,193.51869010557695,22.86722915699808,760376497.1347013,760.3764971347013,6,4.4,440.00000000000006,6.514156594356944,16.353072562641135,5,3.3,330.0
8.0,V2V,sn_1,sn_8,-71.83,94.83,0.12,True,2,6.558401848733001e-11,4.7416187176070006e-11,0.722984,2.609898,4.17,D,6.561452663029057e-11,163.9543394060234,22.147229156998076,736592292.0737307,736.5922920737307,6,4.4,440.00000000000006,6.514156594356944,15.633072562641132,5,3.3,330.0
8.0,V2V,sn_1,sn_9,-74.05,97.05,0.06,True,2,3.931941766133e-11,3.682082438884e-11,0.936454,14.736622,11.68,D,3.935500754557781e-11,98.33834968909994,19.927229156998077,663427887.4326816,663.4278874326816,5,3.3,330.0,6.514156594356944,13.413072562641132,4,2.4,240.0
8.0,V2V,sn_1,se_0,-62.08,85.08,0.19,True,2,6.188508263523e-10,5.932179935047e-10,0.95858,23.142896,13.64,D,6.194410750767812e-10,1547.8287733053,31.897229156998073,1059696194.4246272,1059.696194424627,7,5.5,550.0,6.514156594356944,25.38307256264113,7,5.5,550.0
8.0,V2V,sn_1,se_1,-65.79,88.79,0.08,True,2,2.635824404827e-10,2.59341302859e-10,0.98391,61.148995,17.86,D,2.6363313858253764e-10,658.7534697214833,28.187229156998068,936578322.2649974,936.5783222649974,7,5.5,550.0,6.514156594356944,21.673072562641124,6,4.4,440.00000000000006
8.0,V2V,sn_1,se_2,-67.28,90.28,0.2,True,2,1.872608951366e-10,1.383100546771e-10,0.738596,2.825489,4.51,D,1.8706821403658015e-10,467.4368166831088,26.697229156998077,887171065.8352534,887.1710658352533,7,5.5,550.0,6.514156594356944,20.183072562641133,6,4.4,440.00000000000006
8.0,V2V,sn_1,se_3,-69.73,92.73,0.16,True,2,1.063294508186e-10,7.340748144847e-11,0.690378,2.229742,3.48,D,1.064143018224314e-10,265.90280315450127,24.247229156998067,806017064.728106,806.017064728106,6,4.4,440.00000000000006,6.514156594356944,17.733072562641123,5,3.3,330.0
8.0,V2V,sn_1,se_4,-72.23,95.23,0.1,True,2,5.987929940539e-11,5.058635116879001e-11,0.844805,5.44352,7.36,D,5.984115950603186e-11,149.52813469773076,21.747229156998067,723388935.1147792,723.3889351147792,6,4.4,440.00000000000006,6.514156594356944,15.233072562641125,5,3.3,330.0
8.0,V2V,sn_1,se_5,-73.35,96.35,0.1,True,2,4.6212387175430005e-11,3.612629984038e-11,0.781745,3.581795,5.54,D,4.623810213992613e-11,115.53748660651203,20.627229156998084,686465029.09388,686.46502909388,6,4.4,440.00000000000006,6.514156594356944,14.11307256264114,4,2.4,240.0
8.0,V2V,sn_2,sn_0,-59.6,82.6,0.11,True,2,1.095596453179e-09,1.087661633502e-09,0.992758,137.074524,21.37,D,1.0964781961431852e-09,2739.8255775691778,34.37722915699808,1142039480.45869,1142.03948045869,7,5.5,550.0,6.514156594356944,27.863072562641133,7,5.5,550.0
8.0,V2V,sn_2,sn_1,-53.96,76.96,0.1,True,2,4.016984331531e-09,4.010109686798e-09,0.998289,583.318825,27.66,D,4.0179081084894e-09,10039.750396025483,40.01722915699808,1329357947.2759435,1329.3579472759436,7,5.5,550.0,6.514156594356944,33.50307256264114,7,5.5,550.0
8.0,V2V,sn_2,sn_3,-54.64,77.64,0.01,True,2,3.438954248615e-09,3.438883352653e-09,0.999979,48506.053671,46.86,D,3.435579478998743e-09,8584.6563693122,39.33722915699807,1306771271.6449685,1306.7712716449682,7,5.5,550.0,6.514156594356944,32.82307256264113,7,5.5,550.0
8.0,V2V,sn_2,sn_4,-63.6,86.6,0.2,True,2,4.365419521916e-10,4.072134190481e-10,0.932816,13.884548,11.43,D,4.3651583224016556e-10,1090.7442084961658,30.37722915699807,1009241916.2566586,1009.2419162566586,7,5.5,550.0,6.514156594356944,23.86307256264113,6,4.4,440.00000000000006
8.0,V2V,sn_2,sn_5,-65.39,88.39,0.24,True,2,2.89303351555e-10,2.253979388393e-10,0.779106,3.527056,5.47,D,2.8906798823654777e-10,722.3088161832777,28.587229156998077,949846792.6098812,949.8467926098812,7,5.5,550.0,6.514156594356944,22.073072562641133,6,4.4,440.00000000000006
8.0,V2V,sn_2,sn_6,-67.21,90.21,0.21,True,2,1.899513716418e-10,1.386637756035e-10,0.729996,2.703651,4.32,D,1.9010782799233035e-10,475.0320539538489,26.767229156998084,889491491.1466104,889.4914911466104,7,5.5,550.0,6.514156594356944,20.25307256264114,6,4.4,440.00000000000006
8.0,V2V,sn_2,sn_7,-68.88,91.88,0.17,True,2,1.29309421022e-10,9.157864799941e-11,0.708213,2.427161,3.85,D,1.2941958414499863e-10,323.38726672913197,25.097229156998075,834157337.9899341,834.157337989934,7,5.5,550.0,6.514156594356944,18.58307256264113,5,3.3,330.0
8.0,V2V,sn_2,sn_8,-70.41,93.41,0.14,True,2,9.093438879394e-11,5.969208986935001e-11,0.65643,1.910618,2.81,D,9.099132726322526e-11,227.36463584014305,23.56722915699808,783519544.4467342,783.5195444467342,6,4.4,440.00000000000006,6.514156594356944,17.053072562641137,5,3.3,330.0
8.0,V2V,sn_2,sn_9,-72.02,95.02,0.12,True,2,6.284808082410001e-11,4.503874693438e-11,0.716629,2.528941,4.03,D,6.280583588133179e-11,156.9361216425082,21.957229156998075,730319735.8152878,730.3197358152878,6,4.4,440.00000000000006,6.514156594356944,15.443072562641133,5,3.3,330.0
8.0,V2V,sn_2,se_0,-58.03,81.03,0.11,True,2,1.573530964189e-09,1.565272871319e-09,0.994752,189.544111,22.78,D,1.5739828644662195e-09,3932.990665832632,35.94722915699808,1194177781.9204574,1194.1777819204574,7,5.5,550.0,6.514156594356944,29.433072562641133,7,5.5,550.0
8.0,V2V,sn_2,se_1,-63.17,86.17,0.15,True,2,4.823708075728e-10,4.663397503716e-10,0.966766,29.089769,14.64,D,4.81947797625127e-10,1204.2673603826263,30.807229156998073,1023513749.4780024,1023.5137494780024,7,5.5,550.0,6.514156594356944,24.29307256264113,6,4.4,440.00000000000006
8.0,V2V,sn_2,se_2,-66.06,89.06,0.21,True,2,2.479989100733e-10,2.085892613032e-10,0.841089,5.292848,7.24,D,2.477422057633286e-10,619.0459914126151,27.917229156998076,927623141.998723,927.623141998723,7,5.5,550.0,6.514156594356944,21.403072562641132,6,4.4,440.00000000000006
8.0,V2V,sn_2,se_3,-68.78,91.78,0.17,True,2,1.325034979494e-10,9.817619786404e-11,0.740933,2.860003,4.56,D,1.3243415351946644e-10,330.91992383674767,25.197229156998073,837469142.1052219,837.4691421052219,7,5.5,550.0,6.514156594356944,18.68307256264113,5,3.3,330.0
8.0,V2V,sn_2,se_4,-71.34,94.34,0.1,True,2,7.341034734557001e-11,6.419710842954001e-11,0.874497,6.96792,8.43,D,7.345138681571143e-11,183.5366986899336,22.63722915699807,752776394.2391318,752.7763942391318,6,4.4,440.00000000000006,6.514156594356944,16.123072562641127,5,3.3,330.0
8.0,V2V,sn_2,se_5,-73.04,96.04,0.08,True,2,4.9662482858980005e-11,4.410059898078e-11,0.888006,7.929076,8.99,D,4.965923214503358e-11,124.08603734391198,20.93722915699807,696677694.8271847,696.6776948271847,6,4.4,440.00000000000006,6.514156594356944,14.423072562641128,4,2.4,240.0
8.0,V2V,sn_3,sn_0,-63.26,86.26,0.19,True,2,4.724471293803e-10,4.455685256767e-10,0.943108,16.577071,12.2,D,4.720630412635909e-10,1179.5678192493524,30.71722915699808,1020526520.6096764,1020.5265206096764,7,5.5,550.0,6.514156594356944,24.203072562641136,6,4.4,440.00000000000006
8.0,V2V,sn_3,sn_1,-60.23,83.23,0.18,True,2,9.492640180536e-10,9.270132317551e-10,0.97656,41.662044,16.2,D,9.484184633008976e-10,2369.861227638425,33.747229156998074,1121119550.5450366,1121.1195505450366,7,5.5,550.0,6.514156594356944,27.23307256264113,7,5.5,550.0
8.0,V2V,sn_3,sn_2,-54.64,77.64,0.01,True,2,3.43895435879e-09,3.438883352653e-09,0.999979,48430.790242,46.85,D,3.435579478998743e-09,8584.6563693122,39.33722915699807,1306771271.6449685,1306.7712716449682,7,5.5,550.0,6.514156594356944,32.82307256264113,7,5.5,550.0
8.0,V2V,sn_3,sn_4,-59.99,82.99,0.28,True,2,1.00319961994e-09,9.465975154007e-10,0.943578,16.723716,12.23,D,1.0023052380778983e-09,2504.510839774858,33.98722915699807,1129088906.4080188,1129.0889064080188,7,5.5,550.0,6.514156594356944,27.473072562641125,7,5.5,550.0
8.0,V2V,sn_3,sn_5,-63.6,86.6,0.2,True,2,4.365416503725e-10,4.072134190481e-10,0.932817,13.884691,11.43,D,4.3651583224016556e-10,1090.7442084961658,30.37722915699807,1009241916.2566586,1009.2419162566586,7,5.5,550.0,6.514156594356944,23.86307256264113,6,4.4,440.00000000000006
8.0,V2V,sn_3,sn_6,-66.57,89.57,0.07,True,2,2.202871841994e-10,2.170984116045e-10,0.985524,68.082124,18.33,D,2.2029264630534606e-10,550.4563875695803,27.407229156998085,910710298.3252232,910.7102983252232,7,5.5,550.0,6.514156594356944,20.89307256264114,6,4.4,440.00000000000006
8.0,V2V,sn_3,sn_7,-67.85,90.85,0.18,True,2,1.639914720953e-10,1.307791527369e-10,0.797475,3.93767,5.95,D,1.6405897731995418e-10,409.94247206385353,26.127229156998084,868279263.4588779,868.279263458878,7,5.5,550.0,6.514156594356944,19.61307256264114,5,3.3,330.0
8.0,V2V,sn_3,sn_8,-70.71,93.71,0.09,True,2,8.495006891460001e-11,7.91820785779e-11,0.932101,13.727845,11.38,D,8.491804750363143e-11,212.18902424695503,23.267229156998077,773598935.4550545,773.5989354550545,6,4.4,440.00000000000006,6.514156594356944,16.753072562641133,5,3.3,330.0
8.0,V2V,sn_3,sn_9,-71.55,94.55,0.11,True,2,6.998692804138e-11,5.743174713718e-11,0.820607,4.574346,6.6,D,6.998419960022746e-11,174.87306246933397,22.42722915699808,745839071.9668484,745.8390719668483,6,4.4,440.00000000000006,6.514156594356944,15.913072562641135,5,3.3,330.0
8.0,V2V,sn_3,se_0,-48.26,71.26,0.57,True,2,1.491521008169e-08,1.460231153628e-08,0.979022,46.667879,16.69,D,1.4927944095789975e-08,37301.20963465761,45.71722915699808,1518697347.2082071,1518.697347208207,7,5.5,550.0,6.514156594356944,39.20307256264114,7,5.5,550.0
8.0,V2V,sn_3,se_1,-59.18,82.18,0.23,True,2,1.206494506015e-09,1.167979321728e-09,0.968077,30.325165,14.82,D,1.2078138351067795e-09,3018.025574979459,34.79722915699807,1155986726.3023975,1155.9867263023978,7,5.5,550.0,6.514156594356944,28.283072562641127,7,5.5,550.0
8.0,V2V,sn_3,se_2,-63.6,86.6,0.27,True,2,4.360660028307e-10,3.671591760257e-10,0.841981,5.328343,7.27,D,4.3651583224016556e-10,1090.7442084961658,30.37722915699807,1009241916.2566586,1009.2419162566586,7,5.5,550.0,6.514156594356944,23.86307256264113,6,4.4,440.00000000000006
8.0,V2V,sn_3,se_3,-67.82,90.82,0.16,True,2,1.653597704358e-10,1.421556289307e-10,0.859675,6.126304,7.87,D,1.6519617982290182e-10,412.7840575284903,26.157229156998085,869273425.1193863,869.2734251193863,7,5.5,550.0,6.514156594356944,19.64307256264114,5,3.3,330.0
8.0,V2V,sn_3,se_4,-70.62,93.62,0.03,True,2,8.659971761697e-11,8.612356378405001e-11,0.994502,180.873402,22.57,D,8.669618757582162e-11,216.63215286312249,23.357229156998073,776574790.5137926,776.5747905137927,6,4.4,440.00000000000006,6.514156594356944,16.84307256264113,5,3.3,330.0
8.0,V2V,sn_3,se_5,-72.5,95.5,0.02,True,2,5.6241077912110005e-11,5.608357930088001e-11,0.9972,356.089358,25.52,D,5.6234132519034906e-11,140.51507376070688,21.47722915699807,714481192.2560322,714.4811922560323,6,4.4,440.00000000000006,6.514156594356944,14.96307256264113,4,2.4,240.0
8.0,V2V,sn_4,sn_0,-67.96,90.96,0.07,True,2,1.600666703241e-10,1.567322184341e-10,0.979168,47.003893,16.72,D,1.599558028614671e-10,399.6896623225064,26.01722915699808,864634147.890844,864.634147890844,7,5.5,550.0,6.514156594356944,19.503072562641137,5,3.3,330.0
8.0,V2V,sn_4,sn_1,-66.0,89.0,0.15,True,2,2.512480246853e-10,2.341821931101e-10,0.932076,13.722284,11.37,D,2.5118864315095825e-10,627.6577789879016,27.97722915699808,929613106.3929472,929.6131063929472,7,5.5,550.0,6.514156594356944,21.463072562641138,6,4.4,440.00000000000006
8.0,V2V,sn_4,sn_2,-63.6,86.6,0.2,True,2,4.365401966565e-10,4.072134190481e-10,0.93282,13.885379,11.43,D,4.3651583224016556e-10,1090.7442084961658,30.37722915699807,1009241916.2566586,1009.2419162566586,7,5.5,550.0,6.514156594356944,23.86307256264113,6,4.4,440.00000000000006
8.0,V2V,sn_4,sn_3,-59.99,82.99,0.28,True,2,1.00319580982e-09,9.465975154007e-10,0.943582,16.724842,12.23,D,1.0023052380778983e-09,2504.510839774858,33.98722915699807,1129088906.4080188,1129.0889064080188,7,5.5,550.0,6.514156594356944,27.473072562641125,7,5.5,550.0
8.0,V2V,sn_4,sn_5,-54.64,77.64,0.01,True,2,3.438954432666e-09,3.438883352653e-09,0.999979,48380.454666,46.85,D,3.435579478998743e-09,8584.6563693122,39.33722915699807,1306771271.6449685,1306.7712716449682,7,5.5,550.0,6.514156594356944,32.82307256264113,7,5.5,550.0
8.0,V2V,sn_4,sn_6,-60.87,83.87,0.16,True,2,8.175702371022e-10,7.99495154251e-10,0.977892,44.231894,16.46,D,8.184647881347903e-10,2045.139400636657,33.10722915699807,1099868872.1903825,1099.8688721903825,7,5.5,550.0,6.514156594356944,26.59307256264113,7,5.5,550.0
8.0,V2V,sn_4,sn_7,-63.95,86.95,0.27,True,2,4.028232911182e-10,3.312815557529e-10,0.822399,4.630606,6.66,D,4.027170343254586e-10,1006.2894410931,30.027229156998068,997626258.094572,997.626258094572,7,5.5,550.0,6.514156594356944,23.513072562641124,6,4.4,440.00000000000006
8.0,V2V,sn_4,sn_8,-67.96,90.96,0.07,True,2,1.600667717381e-10,1.567323181175e-10,0.979168,47.003898,16.72,D,1.599558028614671e-10,399.6896623225064,26.01722915699808,864634147.890844,864.634147890844,7,5.5,550.0,6.514156594356944,19.503072562641137,5,3.3,330.0
8.0,V2V,sn_4,sn_9,-68.73,91.73,0.17,True,2,1.34087577574e-10,1.011052942227e-10,0.754024,3.065443,4.86,D,1.3396766874259343e-10,334.7517959585043,25.24722915699807,839125130.6519022,839.1251306519022,7,5.5,550.0,6.514156594356944,18.73307256264113,5,3.3,330.0
8.0,V2V,sn_4,se_0,-57.72,80.72,0.02,True,2,1.689382221233e-09,1.689213423171e-09,0.9999,10007.303439,40.0,D,1.690440931643263e-09,4223.990333941187,36.25722915699807,1204473232.541997,1204.473232541997,7,5.5,550.0,6.514156594356944,29.743072562641128,7,5.5,550.0
8.0,V2V,sn_4,se_1,-40.62,63.62,0.27,True,2,8.664493152768e-08,8.650014308354e-08,0.998329,597.424357,27.76,D,8.66961875758218e-08,216632.15286312287,53.35722915699808,1772489451.9835477,1772.4894519835475,7,5.5,550.0,6.514156594356944,46.84307256264114,7,5.5,550.0
8.0,V2V,sn_4,se_2,-55.88,78.88,0.06,True,2,2.580683522053e-09,2.578056339127e-09,0.998982,981.30066,29.92,D,2.582260190634596e-09,6452.424264454262,38.097229156998075,1265584915.968765,1265.584915968765,7,5.5,550.0,6.514156594356944,31.58307256264113,7,5.5,550.0
8.0,V2V,sn_4,se_3,-63.85,86.85,0.21,True,2,4.121121924866e-10,3.789403335035e-10,0.919508,11.423548,10.58,D,4.120975190973304e-10,1029.7289332766877,30.127229156998077,1000944925.9428844,1000.9449259428844,7,5.5,550.0,6.514156594356944,23.613072562641133,6,4.4,440.00000000000006
8.0,V2V,sn_4,se_4,-66.91,89.91,0.18,True,2,2.034743161541e-10,1.765841962514e-10,0.867845,6.56688,8.17,D,2.0370420777057192e-10,509.0060164182206,27.06722915699807,899437045.6085393,899.4370456085394,7,5.5,550.0,6.514156594356944,20.55307256264113,6,4.4,440.00000000000006
8.0,V2V,sn_4,se_5,-68.87,91.87,0.17,True,2,1.29636313275e-10,9.79743722528e-11,0.755763,3.094389,4.91,D,1.2971792709839543e-10,324.1327513703034,25.10722915699807,834488507.9114672,834.4885079114672,7,5.5,550.0,6.514156594356944,18.59307256264113,5,3.3,330.0
8.0,V2V,sn_5,sn_0,-68.91,91.91,0.15,True,2,1.286029801565e-10,1.064359514313e-10,0.827632,4.801543,6.81,D,1.2852866599436154e-10,321.16108444368194,25.06722915699807,833163842.3512255,833.1638423512255,7,5.5,550.0,6.514156594356944,18.55307256264113,5,3.3,330.0
8.0,V2V,sn_5,sn_1,-67.63,90.63,0.17,True,2,1.724478483553e-10,1.472833307832e-10,0.854075,5.852818,7.67,D,1.7258378919902038e-10,431.24385107201493,26.347229156998075,875570163.0586162,875.5701630586161,7,5.5,550.0,6.514156594356944,19.83307256264113,5,3.3,330.0
8.0,V2V,sn_5,sn_2,-65.39,88.39,0.24,True,2,2.893184868145e-10,2.253979388393e-10,0.779065,3.52622,5.47,D,2.8906798823654777e-10,722.3088161832777,28.587229156998077,949846792.6098812,949.8467926098812,7,5.5,550.0,6.514156594356944,22.073072562641133,6,4.4,440.00000000000006
8.0,V2V,sn_5,sn_3,-63.6,86.6,0.2,True,2,4.365394490312e-10,4.072134190481e-10,0.932822,13.885733,11.43,D,4.3651583224016556e-10,1090.7442084961658,30.37722915699807,1009241916.2566586,1009.2419162566586,7,5.5,550.0,6.514156594356944,23.86307256264113,6,4.4,440.00000000000006
8.0,V2V,sn_5,sn_4,-54.64,77.64,0.01,True,2,3.438954540651e-09,3.438883352653e-09,0.999979,48307.066462,46.84,D,3.435579478998743e-09,8584.6563693122,39.33722915699807,1306771271.6449685,1306.7712716449682,7,5.5,550.0,6.514156594356944,32.82307256264113,7,5.5,550.0
8.0,V2V,sn_5,sn_6,-55.25,78.25,0.03,True,2,2.982163752421e-09,2.981534599876e-09,0.999789,4738.969311,36.76,D,2.985382618917957e-09,7459.726683952916,38.72722915699807,1286510044.2257426,1286.5100442257426,7,5.5,550.0,6.514156594356944,32.21307256264113,7,5.5,550.0
8.0,V2V,sn_5,sn_7,-61.47,84.47,0.15,True,2,7.127573304201e-10,6.965850481786e-10,0.97731,43.072773,16.34,D,7.128530301265192e-10,1781.241954339128,32.50722915699807,1079947749.2806864,1079.9477492806864,7,5.5,550.0,6.514156594356944,25.993072562641128,7,5.5,550.0
8.0,V2V,sn_5,sn_8,-64.94,87.94,0.25,True,2,3.20537260462e-10,2.533647305932e-10,0.790438,3.77185,5.77,D,3.206269324505467e-10,801.1667477524906,29.037229156998077,964775835.3076392,964.7758353076392,7,5.5,550.0,6.514156594356944,22.523072562641133,6,4.4,440.00000000000006
8.0,V2V,sn_5,sn_9,-67.63,90.63,0.17,True,2,1.724476323746e-10,1.472832532516e-10,0.854075,5.852847,7.67,D,1.7258378919902038e-10,431.24385107201493,26.347229156998075,875570163.0586162,875.5701630586161,7,5.5,550.0,6.514156594356944,19.83307256264113,5,3.3,330.0
8.0,V2V,sn_5,se_0,-61.88,84.88,0.28,True,2,6.485485147317e-10,5.84214723778e-10,0.900803,9.080993,9.58,D,6.486344335482374e-10,1620.7756960225822,32.09722915699807,1066335858.226094,1066.335858226094,7,5.5,550.0,6.514156594356944,25.583072562641124,7,5.5,550.0
8.0,V2V,sn_5,se_1,-56.16,79.16,0.06,True,2,2.420801905093e-09,2.41853918865e-09,0.999065,1068.865344,30.29,D,2.4210290467361798e-09,6049.547842918989,37.81722915699808,1256285006.0847592,1256.2850060847593,7,5.5,550.0,6.514156594356944,31.303072562641137,7,5.5,550.0
8.0,V2V,sn_5,se_2,-38.72,61.72,0.51,True,2,1.343049992477e-07,1.336091412236e-07,0.994819,192.006324,22.83,D,1.342764961137864e-07,335523.4785451934,55.25722915699808,1835605849.805304,1835.6058498053037,7,5.5,550.0,6.514156594356944,48.74307256264113,7,5.5,550.0
8.0,V2V,sn_5,se_3,-60.71,83.71,0.01,True,2,8.491411153582e-10,8.490366408728e-10,0.999877,8126.736764,39.1,D,8.491804750363144e-10,2121.8902424695507,33.26722915699808,1105181406.7710266,1105.1814067710266,7,5.5,550.0,6.514156594356944,26.753072562641133,7,5.5,550.0
8.0,V2V,sn_5,se_4,-64.76,87.76,0.22,True,2,3.345625316644e-10,2.952193883209e-10,0.882404,7.503706,8.75,D,3.3419504002611355e-10,835.0700650327674,29.217229156998066,970748003.9066166,970.7480039066164,7,5.5,550.0,6.514156594356944,22.70307256264112,6,4.4,440.00000000000006
8.0,V2V,sn_5,se_5,-67.69,90.69,0.18,True,2,1.703663459089e-10,1.418048652779e-10,0.832353,4.964899,6.96,D,1.70215850839495e-10,425.326963616929,26.287229156998073,873581649.3132524,873.5816493132525,7,5.5,550.0,6.514156594356944,19.77307256264113,5,3.3,330.0
8.0,V2V,sn_6,sn_0,-69.76,92.76,0.15,True,2,1.058003536037e-10,7.529540154507001e-11,0.711674,2.468301,3.92,D,1.0568175092136564e-10,264.0723411328476,24.217229156998066,805024233.0397655,805.0242330397655,6,4.4,440.00000000000006,6.514156594356944,17.703072562641122,5,3.3,330.0
8.0,V2V,sn_6,sn_1,-68.61,91.61,0.18,True,2,1.376208050407e-10,9.858888704607e-11,0.716381,2.525853,4.02,D,1.3772094688939468e-10,344.1303020724505,25.36722915699808,843099733.6195095,843.0997336195095,7,5.5,550.0,6.514156594356944,18.853072562641135,5,3.3,330.0
8.0,V2V,sn_6,sn_2,-67.21,90.21,0.21,True,2,1.899908074934e-10,1.386637756035e-10,0.729845,2.701574,4.32,D,1.9010782799233035e-10,475.0320539538489,26.767229156998084,889491491.1466104,889.4914911466104,7,5.5,550.0,6.514156594356944,20.25307256264114,6,4.4,440.00000000000006
8.0,V2V,sn_6,sn_3,-66.57,89.57,0.07,True,2,2.203219325094e-10,2.170984116045e-10,0.985369,67.348225,18.28,D,2.2029264630534606e-10,550.4563875695803,27.407229156998085,910710298.3252232,910.7102983252232,7,5.5,550.0,6.514156594356944,20.89307256264114,6,4.4,440.00000000000006
8.0,V2V,sn_6,sn_4,-60.87,83.87,0.16,True,2,8.176048424635e-10,7.99495154251e-10,0.97785,44.147373,16.45,D,8.184647881347903e-10,2045.139400636657,33.10722915699807,1099868872.1903825,1099.8688721903825,7,5.5,550.0,6.514156594356944,26.59307256264113,7,5.5,550.0
8.0,V2V,sn_6,sn_5,-55.25,78.25,0.03,True,2,2.982163683239e-09,2.981534599876e-09,0.999789,4739.490463,36.76,D,2.985382618917957e-09,7459.726683952916,38.72722915699807,1286510044.2257426,1286.5100442257426,7,5.5,550.0,6.514156594356944,32.21307256264113,7,5.5,550.0
8.0,V2V,sn_6,sn_7,-55.83,78.83,0.01,True,2,2.609768570408e-09,2.60970532408e-09,0.999976,41262.558408,46.16,D,2.612161354399205e-09,6527.139816089967,38.14722915699807,1267245624.1147282,1267.245624114728,7,5.5,550.0,6.514156594356944,31.63307256264113,7,5.5,550.0
8.0,V2V,sn_6,sn_8,-62.62,85.62,0.23,True,2,5.464964250225e-10,5.047525404478e-10,0.923615,12.091652,10.82,D,5.470159628939722e-10,1366.8564789954326,31.35722915699808,1041770114.9459144,1041.7701149459142,7,5.5,550.0,6.514156594356944,24.843072562641137,6,4.4,440.00000000000006
8.0,V2V,sn_6,sn_9,-65.83,88.83,0.15,True,2,2.609528217177e-10,2.434904275157e-10,0.933082,13.943702,11.44,D,2.612161354399205e-10,652.7139816089966,28.147229156998073,935251574.3584628,935.2515743584628,7,5.5,550.0,6.514156594356944,21.63307256264113,6,4.4,440.00000000000006
8.0,V2V,sn_6,se_0,-64.76,87.76,0.24,True,2,3.338857452191e-10,2.807474663636e-10,0.840849,5.283338,7.23,D,3.3419504002611355e-10,835.0700650327674,29.217229156998066,970748003.9066166,970.7480039066164,7,5.5,550.0,6.514156594356944,22.70307256264112,6,4.4,440.00000000000006
8.0,V2V,sn_6,se_1,-61.72,84.72,0.07,True,2,6.730388715464e-10,6.698784093768e-10,0.995304,211.955839,23.26,D,6.729766562843181e-10,1681.60084029065,32.25722915699808,1071647725.4536436,1071.6477254536435,7,5.5,550.0,6.514156594356944,25.743072562641135,7,5.5,550.0
8.0,V2V,sn_6,se_2,-53.91,76.91,0.1,True,2,4.062399593657e-09,4.054460549204e-09,0.998046,510.698809,27.08,D,4.064433291652127e-09,10156.005226517058,40.067229156998074,1331018746.8495946,1331.018746849595,7,5.5,550.0,6.514156594356944,33.553072562641134,7,5.5,550.0
8.0,V2V,sn_6,se_3,-54.09,77.09,0.03,True,2,3.902134242031e-09,3.901636096375e-09,0.999872,7832.319823,38.94,D,3.899419866765428e-09,9743.677827999569,39.88722915699807,1325039877.35182,1325.03987735182,7,5.5,550.0,6.514156594356944,33.37307256264113,7,5.5,550.0
8.0,V2V,sn_6,se_4,-61.67,84.67,0.26,True,2,6.806872939582e-10,6.285421495148e-10,0.923393,12.053704,10.81,D,6.807693586937417e-10,1701.072860304202,32.307229156998076,1073307708.0175794,1073.3077080175794,7,5.5,550.0,6.514156594356944,25.793072562641132,7,5.5,550.0
8.0,V2V,sn_6,se_5,-66.34,89.34,0.01,True,2,2.320075366018e-10,2.319378994017e-10,0.9997,3330.660899,35.23,D,2.3227367963571048e-10,580.3940020882321,27.63722915699807,918337237.786016,918.337237786016,7,5.5,550.0,6.514156594356944,21.123072562641127,6,4.4,440.00000000000006
8.0,V2V,sn_7,sn_0,-72.21,95.21,0.08,True,2,6.009608271507001e-11,5.5017570801980006e-11,0.915493,10.833404,10.35,D,6.011737374832791e-11,150.21832520821565,21.767229156998084,724048917.1165998,724.0489171165998,6,4.4,440.00000000000006,6.514156594356944,15.25307256264114,5,3.3,330.0
8.0,V2V,sn_7,sn_1,-71.11,94.11,0.1,True,2,7.747643784365e-11,6.911204165109e-11,0.892039,8.262646,9.17,D,7.744617978025189e-11,193.51869010557695,22.86722915699808,760376497.1347013,760.3764971347013,6,4.4,440.00000000000006,6.514156594356944,16.353072562641135,5,3.3,330.0
8.0,V2V,sn_7,sn_2,-68.88,91.88,0.17,True,2,1.293071061525e-10,9.157864799941e-11,0.708226,2.42731,3.85,D,1.2941958414499863e-10,323.38726672913197,25.097229156998075,834157337.9899341,834.157337989934,7,5.5,550.0,6.514156594356944,18.58307256264113,5,3.3,330.0
8.0,V2V,sn_7,sn_3,-67.86,90.86,0.18,True,2,1.638670063228e-10,1.307791527369e-10,0.798081,3.952482,5.97,D,1.63681652142781e-10,408.99963054168165,26.11722915699808,867947879.9466608,867.9478799466608,7,5.5,550.0,6.514156594356944,19.603072562641135,5,3.3,330.0
8.0,V2V,sn_7,sn_4,-63.95,86.95,0.27,True,2,4.028185450819e-10,3.312815557529e-10,0.822409,4.630913,6.66,D,4.027170343254586e-10,1006.2894410931,30.027229156998068,997626258.094572,997.626258094572,7,5.5,550.0,6.514156594356944,23.513072562641124,6,4.4,440.00000000000006
8.0,V2V,sn_7,sn_5,-61.47,84.47,0.15,True,2,7.12755833785e-10,6.965850481786e-10,0.977312,43.07676,16.34,D,7.128530301265192e-10,1781.241954339128,32.50722915699807,1079947749.2806864,1079.9477492806864,7,5.5,550.0,6.514156594356944,25.993072562641128,7,5.5,550.0
8.0,V2V,sn_7,sn_6,-55.83,78.83,0.01,True,2,2.609768069882e-09,2.60970532408e-09,0.999976,41591.711682,46.19,D,2.612161354399205e-09,6527.139816089967,38.14722915699807,1267245624.1147282,1267.245624114728,7,5.5,550.0,6.514156594356944,31.63307256264113,7,5.5,550.0
8.0,V2V,sn_7,sn_8,-57.93,80.93,0.04,True,2,1.609550680347e-09,1.608325634634e-09,0.999239,1312.869894,31.18,D,1.6106456351782702e-09,4024.601787052148,36.04722915699807,1197498875.243576,1197.498875243576,7,5.5,550.0,6.514156594356944,29.533072562641127,7,5.5,550.0
8.0,V2V,sn_7,sn_9,-62.62,85.62,0.23,True,2,5.464506011277e-10,5.04753470826e-10,0.923695,12.105233,10.83,D,5.470159628939722e-10,1366.8564789954326,31.35722915699808,1041770114.9459144,1041.7701149459142,7,5.5,550.0,6.514156594356944,24.843072562641137,6,4.4,440.00000000000006
8.0,V2V,sn_7,se_0,-67.1,90.1,0.19,True,2,1.951535342081e-10,1.592041668245e-10,0.815789,4.428567,6.46,D,1.9498445997580494e-10,487.2175411689278,26.877229156998084,893138032.0417753,893.1380320417753,7,5.5,550.0,6.514156594356944,20.36307256264114,6,4.4,440.00000000000006
8.0,V2V,sn_7,se_1,-64.77,87.77,0.21,True,2,3.333540368536e-10,2.951457555329e-10,0.885382,7.724654,8.88,D,3.334264127632354e-10,833.1494571794987,29.20722915699808,970416208.8808904,970.4162088808904,7,5.5,550.0,6.514156594356944,22.693072562641134,6,4.4,440.00000000000006
8.0,V2V,sn_7,se_2,-60.69,83.69,0.26,True,2,8.534710392982e-10,8.038903494193e-10,0.941907,16.213779,12.1,D,8.531001140175894e-10,2131.6844428225622,33.28722915699807,1105845480.1464107,1105.8454801464106,7,5.5,550.0,6.514156594356944,26.77307256264113,7,5.5,550.0
8.0,V2V,sn_7,se_3,-41.08,64.08,0.78,True,2,7.798462270429e-08,7.681261865513e-08,0.984971,65.539551,18.17,D,7.798301105232594e-08,194860.09758202385,52.89722915699808,1757208657.15616,1757.20865715616,7,5.5,550.0,6.514156594356944,46.38307256264113,7,5.5,550.0
8.0,V2V,sn_7,se_4,-56.15,79.15,0.07,True,2,2.427372324119e-09,2.423496243637e-09,0.998403,625.244046,27.96,D,2.4266100950824143e-09,6063.4934909605545,37.82722915699807,1256617144.0544674,1256.6171440544674,7,5.5,550.0,6.514156594356944,31.31307256264113,7,5.5,550.0
8.0,V2V,sn_7,se_5,-63.24,86.24,0.07,True,2,4.741208845864e-10,4.708086226316e-10,0.993014,142.14112,21.53,D,4.742419852602447e-10,1185.012456922151,30.737229156998076,1021190344.7535408,1021.1903447535408,7,5.5,550.0,6.514156594356944,24.223072562641132,6,4.4,440.00000000000006
8.0,V2V,sn_8,sn_0,-72.55,95.55,0.11,True,2,5.563277368745e-11,3.91830601465e-11,0.704316,2.38199,3.77,D,5.559042572704037e-11,138.90661101209486,21.427229156998074,712832032.5608476,712.8320325608477,6,4.4,440.00000000000006,6.514156594356944,14.91307256264113,4,2.4,240.0
8.0,V2V,sn_8,sn_1,-71.83,94.83,0.12,True,2,6.558292750815001e-11,4.7416187176070006e-11,0.722996,2.610055,4.17,D,6.561452663029057e-11,163.9543394060234,22.147229156998076,736592292.0737307,736.5922920737307,6,4.4,440.00000000000006,6.514156594356944,15.633072562641132,5,3.3,330.0
8.0,V2V,sn_8,sn_2,-70.41,93.41,0.14,True,2,9.091010481564e-11,5.969208986935001e-11,0.656606,1.912104,2.82,D,9.099132726322526e-11,227.36463584014305,23.56722915699808,783519544.4467342,783.5195444467342,6,4.4,440.00000000000006,6.514156594356944,17.053072562641137,5,3.3,330.0
8.0,V2V,sn_8,sn_3,-70.71,93.71,0.09,True,2,8.488135107087001e-11,7.91820785779e-11,0.932856,13.893366,11.43,D,8.491804750363143e-11,212.18902424695503,23.267229156998077,773598935.4550545,773.5989354550545,6,4.4,440.00000000000006,6.514156594356944,16.753072562641133,5,3.3,330.0
8.0,V2V,sn_8,sn_4,-67.96,90.96,0.07,True,2,1.600665252986e-10,1.567323181175e-10,0.97917,47.007372,16.72,D,1.599558028614671e-10,399.6896623225064,26.01722915699808,864634147.890844,864.634147890844,7,5.5,550.0,6.514156594356944,19.503072562641137,5,3.3,330.0
8.0,V2V,sn_8,sn_5,-64.94,87.94,0.25,True,2,3.205330128425e-10,2.533647305932e-10,0.790448,3.772089,5.77,D,3.206269324505467e-10,801.1667477524906,29.037229156998077,964775835.3076392,964.7758353076392,7,5.5,550.0,6.514156594356944,22.523072562641133,6,4.4,440.00000000000006
8.0,V2V,sn_8,sn_6,-62.62,85.62,0.23,True,2,5.464932656132e-10,5.047525404478e-10,0.923621,12.092568,10.83,D,5.470159628939722e-10,1366.8564789954326,31.35722915699808,1041770114.9459144,1041.7701149459142,7,5.5,550.0,6.514156594356944,24.843072562641137,6,4.4,440.00000000000006
8.0,V2V,sn_8,sn_7,-57.93,80.93,0.04,True,2,1.609550575818e-09,1.608325634634e-09,0.999239,1312.981926,31.18,D,1.6106456351782702e-09,4024.601787052148,36.04722915699807,1197498875.243576,1197.498875243576,7,5.5,550.0,6.514156594356944,29.533072562641127,7,5.5,550.0
8.0,V2V,sn_8,sn_9,-55.83,78.83,0.01,True,2,2.609779222127e-09,2.609716665833e-09,0.999976,41717.890667,46.2,D,2.612161354399205e-09,6527.139816089967,38.14722915699807,1267245624.1147282,1267.245624114728,7,5.5,550.0,6.514156594356944,31.63307256264113,7,5.5,550.0
8.0,V2V,sn_8,se_0,-69.07,92.07,0.17,True,2,1.239109818858e-10,9.212301892285e-11,0.743461,2.898047,4.62,D,1.2387965865303716e-10,309.5443744453702,24.907229156998085,827865562.3174295,827.8655623174295,6,4.4,440.00000000000006,6.514156594356944,18.39307256264114,5,3.3,330.0
8.0,V2V,sn_8,se_1,-68.4,91.4,0.0,True,2,1.446690085317e-10,1.44668237063e-10,0.999995,187523.14988,52.73,D,1.445439770745925e-10,361.17935300997624,25.577229156998065,850056049.3768072,850.0560493768072,7,5.5,550.0,6.514156594356944,19.06307256264112,5,3.3,330.0
8.0,V2V,sn_8,se_2,-65.59,88.59,0.03,True,2,2.763458220184e-10,2.759215060943e-10,0.998465,650.273748,28.13,D,2.760577856220345e-10,689.7995642729496,28.387229156998075,943212336.265104,943.212336265104,7,5.5,550.0,6.514156594356944,21.87307256264113,6,4.4,440.00000000000006
8.0,V2V,sn_8,se_3,-58.95,81.95,0.25,True,2,1.273812814517e-09,1.230024027909e-09,0.965624,28.089932,14.49,D,1.2735030810166603e-09,3182.166619232034,35.02722915699807,1163624695.9841523,1163.6246959841524,7,5.5,550.0,6.514156594356944,28.513072562641124,7,5.5,550.0
8.0,V2V,sn_8,se_4,-43.31,66.31,0.26,True,2,4.663872473965e-08,4.65445219212e-08,0.99798,494.088422,26.94,D,4.6665938031428816e-08,116606.5418076682,50.66722915699807,1683130157.49534,1683.1301574953402,7,5.5,550.0,6.514156594356944,44.15307256264113,7,5.5,550.0
8.0,V2V,sn_8,se_5,-56.49,79.49,0.11,True,2,2.24380277886e-09,2.235129394657e-09,0.996135,257.699802,24.11,D,2.243881923782766e-09,5606.901358777526,37.48722915699808,1245324525.768144,1245.324525768144,7,5.5,550.0,6.514156594356944,30.973072562641132,7,5.5,550.0
8.0,V2V,sn_9,sn_0,-74.26,97.26,0.08,True,2,3.7455914800330006e-11,3.1095692366420005e-11,0.830194,4.889089,6.89,D,3.749730022454834e-11,93.69640236019076,19.717229156998073,656523771.1756276,656.5237711756276,5,3.3,330.0,6.514156594356944,13.203072562641127,4,2.4,240.0
8.0,V2V,sn_9,sn_1,-74.05,97.05,0.06,True,2,3.931927938526e-11,3.682082438884e-11,0.936457,14.737438,11.68,D,3.935500754557781e-11,98.33834968909994,19.927229156998077,663427887.4326816,663.4278874326816,5,3.3,330.0,6.514156594356944,13.413072562641132,4,2.4,240.0
8.0,V2V,sn_9,sn_2,-72.02,95.02,0.12,True,2,6.284698292246e-11,4.503874693438e-11,0.716641,2.529096,4.03,D,6.280583588133179e-11,156.9361216425082,21.957229156998075,730319735.8152878,730.3197358152878,6,4.4,440.00000000000006,6.514156594356944,15.443072562641133,5,3.3,330.0
8.0,V2V,sn_9,sn_3,-71.55,94.55,0.11,True,2,6.998611811394001e-11,5.743174713718e-11,0.820616,4.574642,6.6,D,6.998419960022746e-11,174.87306246933397,22.42722915699808,745839071.9668484,745.8390719668483,6,4.4,440.00000000000006,6.514156594356944,15.913072562641135,5,3.3,330.0
8.0,V2V,sn_9,sn_4,-68.73,91.73,0.17,True,2,1.340854676092e-10,1.011052942227e-10,0.754036,3.065639,4.87,D,1.3396766874259343e-10,334.7517959585043,25.24722915699807,839125130.6519022,839.1251306519022,7,5.5,550.0,6.514156594356944,18.73307256264113,5,3.3,330.0
8.0,V2V,sn_9,sn_5,-67.63,90.63,0.17,True,2,1.724459848299e-10,1.472832532516e-10,0.854083,5.85323,7.67,D,1.7258378919902038e-10,431.24385107201493,26.347229156998075,875570163.0586162,875.5701630586161,7,5.5,550.0,6.514156594356944,19.83307256264113,5,3.3,330.0
8.0,V2V,sn_9,sn_6,-65.83,88.83,0.15,True,2,2.609518802636e-10,2.434904275157e-10,0.933086,13.944454,11.44,D,2.612161354399205e-10,652.7139816089966,28.147229156998073,935251574.3584628,935.2515743584628,7,5.5,550.0,6.514156594356944,21.63307256264113,6,4.4,440.00000000000006
8.0,V2V,sn_9,sn_7,-62.62,85.62,0.23,True,2,5.464470429849e-10,5.04753470826e-10,0.923701,12.106266,10.83,D,5.470159628939722e-10,1366.8564789954326,31.35722915699808,1041770114.9459144,1041.7701149459142,7,5.5,550.0,6.514156594356944,24.843072562641137,6,4.4,440.00000000000006
8.0,V2V,sn_9,sn_8,-55.83,78.83,0.01,True,2,2.609779304321e-09,2.609716665833e-09,0.999976,41663.149028,46.2,D,2.612161354399205e-09,6527.139816089967,38.14722915699807,1267245624.1147282,1267.245624114728,7,5.5,550.0,6.514156594356944,31.63307256264113,7,5.5,550.0
8.0,V2V,sn_9,se_0,-70.46,93.46,0.14,True,2,8.993136634459001e-11,6.528715169829e-11,0.725966,2.649188,4.23,D,8.994975815300364e-11,224.7620143753214,23.51722915699808,781865895.5414325,781.8658955414325,6,4.4,440.00000000000006,6.514156594356944,17.003072562641137,5,3.3,330.0
8.0,V2V,sn_9,se_1,-70.21,93.21,0.03,True,2,9.523944492213e-11,9.4784050066e-11,0.995218,208.13597,23.18,D,9.527961640236539e-11,238.08000100541076,23.767229156998084,790134964.3717892,790.1349643717892,6,4.4,440.00000000000006,6.514156594356944,17.25307256264114,5,3.3,330.0
8.0,V2V,sn_9,se_2,-67.85,90.85,0.1,True,2,1.639565268413e-10,1.57131162386e-10,0.958371,23.021652,13.62,D,1.6405897731995418e-10,409.94247206385353,26.127229156998084,868279263.4588779,868.279263458878,7,5.5,550.0,6.514156594356944,19.61307256264114,5,3.3,330.0
8.0,V2V,sn_9,se_3,-63.55,86.55,0.12,True,2,4.419273646487e-10,4.324711045812e-10,0.978602,45.733842,16.6,D,4.41570447353313e-10,1103.3744311676985,30.42722915699808,1010901367.634741,1010.901367634741,7,5.5,550.0,6.514156594356944,23.913072562641137,6,4.4,440.00000000000006
8.0,V2V,sn_9,se_4,-57.62,80.62,0.18,True,2,1.729808101008e-09,1.707313620695e-09,0.986996,75.899225,18.8,D,1.729816359215103e-09,4322.379708183666,36.35722915699808,1207794383.36086,1207.79438336086,7,5.5,550.0,6.514156594356944,29.843072562641137,7,5.5,550.0
8.0,V2V,sn_9,se_5,-33.96,56.96,0.48,True,2,4.019276561314e-07,4.005605975862e-07,0.996599,293.009103,24.67,D,4.0179081084894e-07,1003975.0396025486,60.01722915699808,1993729340.837475,1993.729340837475,7,5.5,550.0,6.514156594356944,53.50307256264114,7,5.5,550.0
8.0,V2V,ew_0,ew_1,-52.74,75.74,0.08,True,2,5.32074907688e-09,5.315746436132e-09,0.99906,1062.588082,30.26,D,5.321082592667942e-09,13296.058452443633,41.23722915699808,1369881951.0581558,1369.8819510581557,7,5.5,550.0,6.514156594356944,34.723072562641136,7,5.5,550.0
8.0,V2V,ew_0,ew_2,-59.15,82.15,0.04,True,2,1.215906111478e-09,1.214675623243e-09,0.998988,987.149319,29.94,D,1.2161860006463681e-09,3038.9455288514937,34.82722915699807,1156982975.768625,1156.982975768625,7,5.5,550.0,6.514156594356944,28.31307256264113,7,5.5,550.0
8.0,V2V,ew_0,ew_3,-62.7,85.7,0.23,True,2,5.374462404219e-10,4.953508916418e-10,0.921675,11.767354,10.71,D,5.370317963702521e-10,1341.9085366573013,31.277229156998068,1039114533.3132277,1039.1145333132276,7,5.5,550.0,6.514156594356944,24.763072562641124,6,4.4,440.00000000000006
8.0,V2V,ew_0,ew_4,-66.43,89.43,0.22,True,2,2.273684909177e-10,1.74630623575e-10,0.768051,3.311295,5.2,D,2.2750974307720667e-10,568.4901126366983,27.547229156998068,915352698.4168464,915.3526984168464,7,5.5,550.0,6.514156594356944,21.033072562641124,6,4.4,440.00000000000006
8.0,V2V,ew_0,ew_5,-67.78,90.78,0.19,True,2,1.667939151851e-10,1.183766355406e-10,0.709718,2.444925,3.88,D,1.667247212551061e-10,416.6035013870716,26.19722915699807,870598999.7977033,870.5989997977033,7,5.5,550.0,6.514156594356944,19.68307256264113,5,3.3,330.0
8.0,V2V,ew_0,ew_6,-69.42,92.42,0.16,True,2,1.142619826239e-10,8.353799849548001e-11,0.731109,2.718983,4.34,D,1.1428783347897712e-10,285.5767952997929,24.557229156998073,816277798.6181343,816.2777986181343,6,4.4,440.00000000000006,6.514156594356944,18.04307256264113,5,3.3,330.0
8.0,V2V,ew_0,ew_7,-70.93,93.93,0.13,True,2,8.076938268288e-11,6.087260687893001e-11,0.753659,3.059421,4.86,D,8.072350302488364e-11,201.70790361040392,23.047229156998064,766325853.0563943,766.3258530563943,6,4.4,440.00000000000006,6.514156594356944,16.53307256264112,5,3.3,330.0
8.0,V2V,ew_0,ew_8,-73.44,96.44,0.05,True,2,4.5295322083060006e-11,4.365765589374e-11,0.963845,26.658458,14.26,D,4.5289757990362126e-11,113.16781107037012,20.53722915699808,683501213.8591897,683.5012138591898,6,4.4,440.00000000000006,6.514156594356944,14.023072562641136,4,2.4,240.0
8.0,V2V,ew_0,ew_9,-72.53,95.53,0.11,True,2,5.5904665637010006e-11,3.45589088745e-11,0.618176,1.619006,2.09,D,5.5847019473683056e-11,139.54777479680922,21.447229156998073,713491680.2404248,713.4916802404248,6,4.4,440.00000000000006,6.514156594356944,14.93307256264113,4,2.4,240.0
8.0,V2V,ew_1,ew_0,-52.74,75.74,0.08,True,2,5.320749487728e-09,5.315746436132e-09,0.99906,1062.500822,30.26,D,5.321082592667942e-09,13296.058452443633,41.23722915699808,1369881951.0581558,1369.8819510581557,7,5.5,550.0,6.514156594356944,34.723072562641136,7,5.5,550.0
8.0,V2V,ew_1,ew_2,-53.51,76.51,0.02,True,2,4.458392056793e-09,4.458167062735e-09,0.99995,19814.59918,42.97,D,4.4565624839750334e-09,11135.838290792186,40.46722915699807,1344305209.4308743,1344.3052094308744,7,5.5,550.0,6.514156594356944,33.953072562641125,7,5.5,550.0
8.0,V2V,ew_1,ew_3,-59.84,82.84,0.12,True,2,1.036458746182e-09,1.026295217324e-09,0.990194,100.978236,20.04,D,1.0375284158180127e-09,2592.524777156453,34.137229156998075,1134069843.7170453,1134.0698437170454,7,5.5,550.0,6.514156594356944,27.62307256264113,7,5.5,550.0
8.0,V2V,ew_1,ew_4,-65.84,88.84,0.0,True,2,2.605072518711e-10,2.605060477431e-10,0.999995,216344.138677,53.35,D,2.6061535499988917e-10,651.2127811091684,28.137229156998067,934919890.2958834,934.9198902958834,7,5.5,550.0,6.514156594356944,21.623072562641124,6,4.4,440.00000000000006
8.0,V2V,ew_1,ew_5,-66.86,89.86,0.2,True,2,2.060437022767e-10,1.635459427784e-10,0.793744,3.848343,5.85,D,2.0606299132700007e-10,514.9000283033484,27.117229156998075,901094771.5414563,901.0947715414565,7,5.5,550.0,6.514156594356944,20.60307256264113,6,4.4,440.00000000000006
8.0,V2V,ew_1,ew_6,-68.1,91.1,0.19,True,2,1.55009905655e-10,1.092007695841e-10,0.704476,2.383821,3.77,D,1.5488166189124827e-10,387.0106494034189,25.877229156998077,859995243.9173365,859.9952439173364,7,5.5,550.0,6.514156594356944,19.363072562641133,5,3.3,330.0
8.0,V2V,ew_1,ew_7,-70.33,93.33,0.13,True,2,9.259950685084e-11,7.633607385223001e-11,0.824368,4.693724,6.72,D,9.268298233793504e-11,231.59166001483015,23.64722915699808,786165555.7132037,786.1655557132036,6,4.4,440.00000000000006,6.514156594356944,17.133072562641136,5,3.3,330.0
8.0,V2V,ew_1,ew_8,-70.87,93.87,0.14,True,2,8.177656275976001e-11,5.279277073179e-11,0.645573,1.821458,2.6,D,8.184647881347886e-11,204.5139400636653,23.107229156998063,768309244.537817,768.309244537817,6,4.4,440.00000000000006,6.514156594356944,16.593072562641122,5,3.3,330.0
8.0,V2V,ew_1,ew_9,-72.05,95.05,0.12,True,2,6.239104084612001e-11,4.08864690807e-11,0.655326,1.901292,2.79,D,6.237348354824192e-11,155.85578098011473,21.927229156998074,729329489.1016493,729.3294891016493,6,4.4,440.00000000000006,6.514156594356944,15.41307256264113,5,3.3,330.0
8.0,V2V,ew_2,ew_0,-59.15,82.15,0.04,True,2,1.215905776258e-09,1.214675623243e-09,0.998988,987.41832,29.95,D,1.2161860006463681e-09,3038.9455288514937,34.82722915699807,1156982975.768625,1156.982975768625,7,5.5,550.0,6.514156594356944,28.31307256264113,7,5.5,550.0
8.0,V2V,ew_2,ew_1,-53.51,76.51,0.02,True,2,4.458392049567e-09,4.458167062735e-09,0.99995,19815.235514,42.97,D,4.4565624839750334e-09,11135.838290792186,40.46722915699807,1344305209.4308743,1344.3052094308744,7,5.5,550.0,6.514156594356944,33.953072562641125,7,5.5,550.0
8.0,V2V,ew_2,ew_3,-54.2,77.2,0.09,True,2,3.798544938292e-09,3.792516734883e-09,0.998413,629.128859,27.99,D,3.8018939632056126e-09,9499.984915556252,39.777229156998075,1321386136.2225246,1321.3861362225246,7,5.5,550.0,6.514156594356944,33.26307256264113,7,5.5,550.0
8.0,V2V,ew_2,ew_4,-63.25,86.25,0.17,True,2,4.734579811282e-10,4.530751270247e-10,0.956949,22.228248,13.47,D,4.731512589614801e-10,1182.2870039017496,30.72722915699807,1020858432.3586708,1020.8584323586708,7,5.5,550.0,6.514156594356944,24.213072562641127,6,4.4,440.00000000000006
8.0,V2V,ew_2,ew_5,-65.33,88.33,0.22,True,2,2.931426817526e-10,2.502155776413e-10,0.853562,5.828848,7.66,D,2.9308932452503244e-10,732.3571327462079,28.64722915699808,951837212.7787848,951.8372127787848,7,5.5,550.0,6.514156594356944,22.133072562641136,6,4.4,440.00000000000006
8.0,V2V,ew_2,ew_6,-67.6,90.6,0.16,True,2,1.737431923085e-10,1.534839691292e-10,0.883396,7.576005,8.79,D,1.7378008287493763e-10,434.23309064202306,26.377229156998077,876564443.8206458,876.5644438206458,7,5.5,550.0,6.514156594356944,19.863072562641133,5,3.3,330.0
8.0,V2V,ew_2,ew_7,-68.71,91.71,0.17,True,2,1.346988415815e-10,1.010518417806e-10,0.750206,3.003294,4.78,D,1.3458603540559495e-10,336.2969400439653,25.267229156998077,839787542.0068443,839.7875420068443,7,5.5,550.0,6.514156594356944,18.753072562641133,5,3.3,330.0
8.0,V2V,ew_2,ew_8,-69.97,92.97,0.15,True,2,1.006658234399e-10,6.647274148419001e-11,0.660331,1.944041,2.89,D,1.0069316688518043e-10,251.607113656123,24.007229156998076,798075145.7134174,798.0751457134174,6,4.4,440.00000000000006,6.514156594356944,17.49307256264113,5,3.3,330.0
8.0,V2V,ew_2,ew_9,-72.77,95.77,0.06,True,2,5.285954025008001e-11,5.0005523819080005e-11,0.946008,17.521106,12.44,D,5.2844525177518126e-11,132.045290298646,21.20722915699808,705577363.0739524,705.5773630739525,6,4.4,440.00000000000006,6.514156594356944,14.693072562641138,4,2.4,240.0
8.0,V2V,ew_3,ew_0,-62.7,85.7,0.23,True,2,5.374423333873e-10,4.953508916418e-10,0.921682,11.768447,10.71,D,5.370317963702521e-10,1341.9085366573013,31.277229156998068,1039114533.3132277,1039.1145333132276,7,5.5,550.0,6.514156594356944,24.763072562641124,6,4.4,440.00000000000006
8.0,V2V,ew_3,ew_1,-59.84,82.84,0.12,True,2,1.036458196539e-09,1.026295217324e-09,0.990195,100.983697,20.04,D,1.0375284158180127e-09,2592.524777156453,34.137229156998075,1134069843.7170453,1134.0698437170454,7,5.5,550.0,6.514156594356944,27.62307256264113,7,5.5,550.0
8.0,V2V,ew_3,ew_2,-54.2,77.2,0.09,True,2,3.798542252379e-09,3.792516734883e-09,0.998414,629.409298,27.99,D,3.8018939632056126e-09,9499.984915556252,39.777229156998075,1321386136.2225246,1321.3861362225246,7,5.5,550.0,6.514156594356944,33.26307256264113,7,5.5,550.0
8.0,V2V,ew_3,ew_4,-59.69,82.69,0.15,True,2,1.073227322637e-09,1.058117784263e-09,0.985921,70.029789,18.45,D,1.0739894123412462e-09,2683.631714995617,34.28722915699808,1139050847.3657897,1139.0508473657897,7,5.5,550.0,6.514156594356944,27.773072562641136,7,5.5,550.0
8.0,V2V,ew_3,ew_5,-63.25,86.25,0.17,True,2,4.734586913723e-10,4.53075880188e-10,0.956949,22.228331,13.47,D,4.731512589614801e-10,1182.2870039017496,30.72722915699807,1020858432.3586708,1020.8584323586708,7,5.5,550.0,6.514156594356944,24.213072562641127,6,4.4,440.00000000000006
8.0,V2V,ew_3,ew_6,-65.26,88.26,0.24,True,2,2.977844963653e-10,2.405230527402e-10,0.807708,4.200436,6.23,D,2.978516429429185e-10,744.2569788678622,28.717229156998066,954159416.9995748,954.1594169995748,7,5.5,550.0,6.514156594356944,22.20307256264112,6,4.4,440.00000000000006
8.0,V2V,ew_3,ew_7,-68.39,91.39,0.03,True,2,1.44819130915e-10,1.443229227681e-10,0.996574,290.851578,24.64,D,1.4487718535447602e-10,362.01195740748625,25.58722915699807,850387326.0332837,850.3873260332837,7,5.5,550.0,6.514156594356944,19.073072562641126,5,3.3,330.0
8.0,V2V,ew_3,ew_8,-69.78,92.78,0.14,True,2,1.052820678818e-10,8.830706724621001e-11,0.838766,5.202183,7.16,D,1.0519618738232236e-10,262.85903893633764,24.197229156998077,804362359.6103806,804.3623596103806,6,4.4,440.00000000000006,6.514156594356944,17.683072562641133,5,3.3,330.0
8.0,V2V,ew_3,ew_9,-71.63,94.63,0.08,True,2,6.863545230911001e-11,6.382076491447e-11,0.929851,13.255433,11.22,D,6.870684400142332e-11,171.68126936887384,22.347229156998083,743196779.2883905,743.1967792883905,6,4.4,440.00000000000006,6.514156594356944,15.83307256264114,5,3.3,330.0
8.0,V2V,ew_4,ew_0,-66.43,89.43,0.22,True,2,2.274096767664e-10,1.74630623575e-10,0.767912,3.308711,5.2,D,2.2750974307720667e-10,568.4901126366983,27.547229156998068,915352698.4168464,915.3526984168464,7,5.5,550.0,6.514156594356944,21.033072562641124,6,4.4,440.00000000000006
8.0,V2V,ew_4,ew_1,-65.84,88.84,0.0,True,2,2.605080741877e-10,2.605060477431e-10,0.999992,128553.254095,51.09,D,2.6061535499988917e-10,651.2127811091684,28.137229156998067,934919890.2958834,934.9198902958834,7,5.5,550.0,6.514156594356944,21.623072562641124,6,4.4,440.00000000000006
8.0,V2V,ew_4,ew_2,-63.25,86.25,0.17,True,2,4.734565177208e-10,4.530751270247e-10,0.956952,22.229844,13.47,D,4.731512589614801e-10,1182.2870039017496,30.72722915699807,1020858432.3586708,1020.8584323586708,7,5.5,550.0,6.514156594356944,24.213072562641127,6,4.4,440.00000000000006
8.0,V2V,ew_4,ew_3,-59.69,82.69,0.15,True,2,1.073255542724e-09,1.058117784263e-09,0.985895,69.899238,18.44,D,1.0739894123412462e-09,2683.631714995617,34.28722915699808,1139050847.3657897,1139.0508473657897,7,5.5,550.0,6.514156594356944,27.773072562641136,7,5.5,550.0
8.0,V2V,ew_4,ew_5,-54.2,77.2,0.09,True,2,3.798565965947e-09,3.792534456372e-09,0.998412,628.786941,27.99,D,3.8018939632056126e-09,9499.984915556252,39.777229156998075,1321386136.2225246,1321.3861362225246,7,5.5,550.0,6.514156594356944,33.26307256264113,7,5.5,550.0
8.0,V2V,ew_4,ew_6,-60.54,83.54,0.07,True,2,8.822849628904e-10,8.785687053209e-10,0.995788,236.412221,23.74,D,8.830799004185622e-10,2206.596452819995,33.43722915699807,1110826075.717464,1110.826075717464,7,5.5,550.0,6.514156594356944,26.923072562641128,7,5.5,550.0
8.0,V2V,ew_4,ew_7,-63.81,86.81,0.25,True,2,4.163501260512e-10,3.628396294649e-10,0.871477,6.780719,8.31,D,4.159106104940219e-10,1039.2568977861615,30.167229156998072,1002272413.93691,1002.27241393691,7,5.5,550.0,6.514156594356944,23.65307256264113,6,4.4,440.00000000000006
8.0,V2V,ew_4,ew_8,-66.43,89.43,0.22,True,2,2.274533768515e-10,1.74630623575e-10,0.767764,3.305974,5.19,D,2.2750974307720667e-10,568.4901126366983,27.547229156998068,915352698.4168464,915.3526984168464,7,5.5,550.0,6.514156594356944,21.033072562641124,6,4.4,440.00000000000006
8.0,V2V,ew_4,ew_9,-69.12,92.12,0.12,True,2,1.225758088853e-10,1.121370985255e-10,0.914839,10.742428,10.31,D,1.2246161992650463e-10,306.0010492916158,24.857229156998063,826209977.6331819,826.2099776331819,6,4.4,440.00000000000006,6.514156594356944,18.34307256264112,5,3.3,330.0
8.0,V2V,ew_5,ew_0,-67.78,90.78,0.19,True,2,1.667906256336e-10,1.183766355406e-10,0.709732,2.445091,3.88,D,1.667247212551061e-10,416.6035013870716,26.19722915699807,870598999.7977033,870.5989997977033,7,5.5,550.0,6.514156594356944,19.68307256264113,5,3.3,330.0
8.0,V2V,ew_5,ew_1,-66.86,89.86,0.2,True,2,2.059785536517e-10,1.635459427784e-10,0.793995,3.854251,5.86,D,2.0606299132700007e-10,514.9000283033484,27.117229156998075,901094771.5414563,901.0947715414565,7,5.5,550.0,6.514156594356944,20.60307256264113,6,4.4,440.00000000000006
8.0,V2V,ew_5,ew_2,-65.33,88.33,0.22,True,2,2.931396303337e-10,2.502155776413e-10,0.853571,5.829263,7.66,D,2.9308932452503244e-10,732.3571327462079,28.64722915699808,951837212.7787848,951.8372127787848,7,5.5,550.0,6.514156594356944,22.133072562641136,6,4.4,440.00000000000006
8.0,V2V,ew_5,ew_3,-63.25,86.25,0.17,True,2,4.7345681954e-10,4.53075880188e-10,0.956953,22.230373,13.47,D,4.731512589614801e-10,1182.2870039017496,30.72722915699807,1020858432.3586708,1020.8584323586708,7,5.5,550.0,6.514156594356944,24.213072562641127,6,4.4,440.00000000000006
8.0,V2V,ew_5,ew_4,-54.2,77.2,0.09,True,2,3.798566859636e-09,3.792534456372e-09,0.998412,628.693788,27.98,D,3.8018939632056126e-09,9499.984915556252,39.777229156998075,1321386136.2225246,1321.3861362225246,7,5.5,550.0,6.514156594356944,33.26307256264113,7,5.5,550.0
8.0,V2V,ew_5,ew_6,-54.86,77.86,0.02,True,2,3.265832010012e-09,3.265551237978e-09,0.999914,11630.614323,40.66,D,3.2658783217233603e-09,8160.615496560119,39.11722915699808,1299463902.9775069,1299.463902977507,7,5.5,550.0,6.514156594356944,32.60307256264113,7,5.5,550.0
8.0,V2V,ew_5,ew_7,-60.94,83.94,0.24,True,2,8.046251017484e-10,7.60583991592e-10,0.945265,17.269864,12.37,D,8.053784411990675e-10,2012.4398830561408,33.03722915699808,1097544668.1846893,1097.5446681846893,7,5.5,550.0,6.514156594356944,26.523072562641136,7,5.5,550.0
8.0,V2V,ew_5,ew_8,-64.53,87.53,0.26,True,2,3.523632000227e-10,2.83087013077e-10,0.803396,4.086354,6.11,D,3.523708710424869e-10,880.4869341391476,29.44722915699807,978379537.5097426,978.3795375097426,7,5.5,550.0,6.514156594356944,22.93307256264113,6,4.4,440.00000000000006
8.0,V2V,ew_5,ew_9,-66.86,89.86,0.2,True,2,2.060408391486e-10,1.635457987913e-10,0.793754,3.848586,5.85,D,2.0606299132700007e-10,514.9000283033484,27.117229156998075,901094771.5414563,901.0947715414565,7,5.5,550.0,6.514156594356944,20.60307256264113,6,4.4,440.00000000000006
8.0,V2V,ew_6,ew_0,-69.42,92.42,0.16,True,2,1.143429089123e-10,8.353799849548001e-11,0.730592,2.71184,4.33,D,1.1428783347897712e-10,285.5767952997929,24.557229156998073,816277798.6181343,816.2777986181343,6,4.4,440.00000000000006,6.514156594356944,18.04307256264113,5,3.3,330.0
8.0,V2V,ew_6,ew_1,-68.1,91.1,0.19,True,2,1.550338656624e-10,1.092007695841e-10,0.704367,2.382575,3.77,D,1.5488166189124827e-10,387.0106494034189,25.877229156998077,859995243.9173365,859.9952439173364,7,5.5,550.0,6.514156594356944,19.363072562641133,5,3.3,330.0
8.0,V2V,ew_6,ew_2,-67.6,90.6,0.16,True,2,1.737421359416e-10,1.534839691292e-10,0.883401,7.5764,8.79,D,1.7378008287493763e-10,434.23309064202306,26.377229156998077,876564443.8206458,876.5644438206458,7,5.5,550.0,6.514156594356944,19.863072562641133,5,3.3,330.0
8.0,V2V,ew_6,ew_3,-65.26,88.26,0.24,True,2,2.977809686813e-10,2.405230527402e-10,0.807718,4.200695,6.23,D,2.978516429429185e-10,744.2569788678622,28.717229156998066,954159416.9995748,954.1594169995748,7,5.5,550.0,6.514156594356944,22.20307256264112,6,4.4,440.00000000000006
8.0,V2V,ew_6,ew_4,-60.54,83.54,0.07,True,2,8.822844727805e-10,8.785687053209e-10,0.995788,236.443404,23.74,D,8.830799004185622e-10,2206.596452819995,33.43722915699807,1110826075.717464,1110.826075717464,7,5.5,550.0,6.514156594356944,26.923072562641128,7,5.5,550.0
8.0,V2V,ew_6,ew_5,-54.86,77.86,0.02,True,2,3.265831871974e-09,3.265551237978e-09,0.999914,11636.335184,40.66,D,3.2658783217233603e-09,8160.615496560119,39.11722915699808,1299463902.9775069,1299.463902977507,7,5.5,550.0,6.514156594356944,32.60307256264113,7,5.5,550.0
8.0,V2V,ew_6,ew_7,-55.46,78.46,0.02,True,2,2.841623904549e-09,2.841247746296e-09,0.999868,7553.330879,38.78,D,2.8444611074479142e-09,7107.598969135217,38.51722915699807,1279534953.2347517,1279.5349532347514,7,5.5,550.0,6.514156594356944,32.00307256264112,7,5.5,550.0
8.0,V2V,ew_6,ew_8,-62.11,85.11,0.25,True,2,6.158812751564e-10,5.68642673917e-10,0.923299,12.03767,10.81,D,6.151768727098676e-10,1537.1735949771803,31.86722915699807,1058700261.6622326,1058.7002616622326,7,5.5,550.0,6.514156594356944,25.353072562641128,7,5.5,550.0
8.0,V2V,ew_6,ew_9,-65.09,88.09,0.21,True,2,3.100680442198e-10,2.714446370123e-10,0.875436,7.027983,8.47,D,3.0974192992165775e-10,773.9678408837026,28.88722915699807,959799263.3374194,959.7992633374192,7,5.5,550.0,6.514156594356944,22.373072562641127,6,4.4,440.00000000000006
8.0,V2V,ew_7,ew_0,-70.93,93.93,0.13,True,2,8.076814771660001e-11,6.087260687893001e-11,0.753671,3.059611,4.86,D,8.072350302488364e-11,201.70790361040392,23.047229156998064,766325853.0563943,766.3258530563943,6,4.4,440.00000000000006,6.514156594356944,16.53307256264112,5,3.3,330.0
8.0,V2V,ew_7,ew_1,-70.33,93.33,0.13,True,2,9.269137062099e-11,7.633607385223001e-11,0.823551,4.667361,6.69,D,9.268298233793504e-11,231.59166001483015,23.64722915699808,786165555.7132037,786.1655557132036,6,4.4,440.00000000000006,6.514156594356944,17.133072562641136,5,3.3,330.0
8.0,V2V,ew_7,ew_2,-68.7,91.7,0.17,True,2,1.347921064569e-10,1.010518417806e-10,0.749687,2.994993,4.76,D,1.3489628825916532e-10,337.07218455563543,25.277229156998075,840118751.0784341,840.1187510784341,7,5.5,550.0,6.514156594356944,18.76307256264113,5,3.3,330.0
8.0,V2V,ew_7,ew_3,-68.39,91.39,0.03,True,2,1.448191093256e-10,1.443229227681e-10,0.996574,290.864234,24.64,D,1.4487718535447602e-10,362.01195740748625,25.58722915699807,850387326.0332837,850.3873260332837,7,5.5,550.0,6.514156594356944,19.073072562641126,5,3.3,330.0
8.0,V2V,ew_7,ew_4,-63.81,86.81,0.25,True,2,4.162657606862e-10,3.628396294649e-10,0.871654,6.791426,8.32,D,4.159106104940219e-10,1039.2568977861615,30.167229156998072,1002272413.93691,1002.27241393691,7,5.5,550.0,6.514156594356944,23.65307256264113,6,4.4,440.00000000000006
8.0,V2V,ew_7,ew_5,-60.94,83.94,0.24,True,2,8.046203169463e-10,7.60583991592e-10,0.945271,17.271741,12.37,D,8.053784411990675e-10,2012.4398830561408,33.03722915699808,1097544668.1846893,1097.5446681846893,7,5.5,550.0,6.514156594356944,26.523072562641136,7,5.5,550.0
8.0,V2V,ew_7,ew_6,-55.46,78.46,0.02,True,2,2.841623590053e-09,2.841247746296e-09,0.999868,7559.651301,38.79,D,2.8444611074479142e-09,7107.598969135217,38.51722915699807,1279534953.2347517,1279.5349532347514,7,5.5,550.0,6.514156594356944,32.00307256264112,7,5.5,550.0
8.0,V2V,ew_7,ew_8,-57.29,80.29,0.08,True,2,1.865845787607e-09,1.861948323656e-09,0.997911,477.733302,26.79,D,1.8663796908346695e-09,4663.617418377485,36.68722915699807,1218754304.3929105,1218.7543043929104,7,5.5,550.0,6.514156594356944,30.173072562641128,7,5.5,550.0
8.0,V2V,ew_7,ew_9,-62.11,85.11,0.25,True,2,6.158796691464e-10,5.68642673917e-10,0.923302,12.038079,10.81,D,6.151768727098676e-10,1537.1735949771803,31.86722915699807,1058700261.6622326,1058.7002616622326,7,5.5,550.0,6.514156594356944,25.353072562641128,7,5.5,550.0
8.0,V2V,ew_8,ew_0,-73.44,96.44,0.05,True,2,4.529521011232e-11,4.365765589374e-11,0.963847,26.660281,14.26,D,4.5289757990362126e-11,113.16781107037012,20.53722915699808,683501213.8591897,683.5012138591898,6,4.4,440.00000000000006,6.514156594356944,14.023072562641136,4,2.4,240.0
8.0,V2V,ew_8,ew_1,-70.87,93.87,0.14,True,2,8.177479891778001e-11,5.279277073179e-11,0.645587,1.821569,2.6,D,8.184647881347886e-11,204.5139400636653,23.107229156998063,768309244.537817,768.309244537817,6,4.4,440.00000000000006,6.514156594356944,16.593072562641122,5,3.3,330.0
8.0,V2V,ew_8,ew_2,-69.97,92.97,0.15,True,2,1.006636996302e-10,6.647274148419001e-11,0.660345,1.944161,2.89,D,1.0069316688518043e-10,251.607113656123,24.007229156998076,798075145.7134174,798.0751457134174,6,4.4,440.00000000000006,6.514156594356944,17.49307256264113,5,3.3,330.0
8.0,V2V,ew_8,ew_3,-69.78,92.78,0.14,True,2,1.05281073817e-10,8.830706724621001e-11,0.838774,5.202488,7.16,D,1.0519618738232236e-10,262.85903893633764,24.197229156998077,804362359.6103806,804.3623596103806,6,4.4,440.00000000000006,6.514156594356944,17.683072562641133,5,3.3,330.0
8.0,V2V,ew_8,ew_4,-66.43,89.43,0.22,True,2,2.274062598418e-10,1.74630623575e-10,0.767924,3.308925,5.2,D,2.2750974307720667e-10,568.4901126366983,27.547229156998068,915352698.4168464,915.3526984168464,7,5.5,550.0,6.514156594356944,21.033072562641124,6,4.4,440.00000000000006
8.0,V2V,ew_8,ew_5,-64.53,87.53,0.26,True,2,3.523584096827e-10,2.83087013077e-10,0.803406,4.086636,6.11,D,3.523708710424869e-10,880.4869341391476,29.44722915699807,978379537.5097426,978.3795375097426,7,5.5,550.0,6.514156594356944,22.93307256264113,6,4.4,440.00000000000006
8.0,V2V,ew_8,ew_6,-62.11,85.11,0.25,True,2,6.158772545935e-10,5.68642673917e-10,0.923305,12.038694,10.81,D,6.151768727098676e-10,1537.1735949771803,31.86722915699807,1058700261.6622326,1058.7002616622326,7,5.5,550.0,6.514156594356944,25.353072562641128,7,5.5,550.0
8.0,V2V,ew_8,ew_7,-57.29,80.29,0.08,True,2,1.865835404961e-09,1.861948323656e-09,0.997917,479.009359,26.8,D,1.8663796908346695e-09,4663.617418377485,36.68722915699807,1218754304.3929105,1218.7543043929104,7,5.5,550.0,6.514156594356944,30.173072562641128,7,5.5,550.0
8.0,V2V,ew_8,ew_9,-55.46,78.46,0.02,True,2,2.84162379963e-09,2.841247746296e-09,0.999868,7555.43825,38.78,D,2.8444611074479142e-09,7107.598969135217,38.51722915699807,1279534953.2347517,1279.5349532347514,7,5.5,550.0,6.514156594356944,32.00307256264112,7,5.5,550.0
8.0,V2V,ew_9,ew_0,-72.53,95.53,0.11,True,2,5.590332129591e-11,3.45589088745e-11,0.618191,1.619108,2.09,D,5.5847019473683056e-11,139.54777479680922,21.447229156998073,713491680.2404248,713.4916802404248,6,4.4,440.00000000000006,6.514156594356944,14.93307256264113,4,2.4,240.0
8.0,V2V,ew_9,ew_1,-72.05,95.05,0.12,True,2,6.242875854401e-11,4.08864690807e-11,0.65493,1.897963,2.78,D,6.237348354824192e-11,155.85578098011473,21.927229156998074,729329489.1016493,729.3294891016493,6,4.4,440.00000000000006,6.514156594356944,15.41307256264113,5,3.3,330.0
8.0,V2V,ew_9,ew_2,-72.77,95.77,0.06,True,2,5.2901969891210007e-11,5.0005523819080005e-11,0.945249,17.264442,12.37,D,5.2844525177518126e-11,132.045290298646,21.20722915699808,705577363.0739524,705.5773630739525,6,4.4,440.00000000000006,6.514156594356944,14.693072562641138,4,2.4,240.0
8.0,V2V,ew_9,ew_3,-71.64,94.64,0.08,True,2,6.857670591821e-11,6.382076491447e-11,0.930648,13.419167,11.28,D,6.854882264526619e-11,171.28641340646226,22.337229156998077,742866512.4164145,742.8665124164145,6,4.4,440.00000000000006,6.514156594356944,15.823072562641132,5,3.3,330.0
8.0,V2V,ew_9,ew_4,-69.12,92.12,0.12,True,2,1.225751554054e-10,1.121370985255e-10,0.914844,10.743101,10.31,D,1.2246161992650463e-10,306.0010492916158,24.857229156998063,826209977.6331819,826.2099776331819,6,4.4,440.00000000000006,6.514156594356944,18.34307256264112,5,3.3,330.0
8.0,V2V,ew_9,ew_5,-66.86,89.86,0.2,True,2,2.059759286561e-10,1.635457987913e-10,0.794004,3.854473,5.86,D,2.0606299132700007e-10,514.9000283033484,27.117229156998075,901094771.5414563,901.0947715414565,7,5.5,550.0,6.514156594356944,20.60307256264113,6,4.4,440.00000000000006
8.0,V2V,ew_9,ew_6,-65.09,88.09,0.21,True,2,3.100658677994e-10,2.714446370123e-10,0.875442,7.028379,8.47,D,3.0974192992165775e-10,773.9678408837026,28.88722915699807,959799263.3374194,959.7992633374192,7,5.5,550.0,6.514156594356944,22.373072562641127,6,4.4,440.00000000000006
8.0,V2V,ew_9,ew_7,-62.11,85.11,0.25,True,2,6.158760639309e-10,5.68642673917e-10,0.923307,12.038998,10.81,D,6.151768727098676e-10,1537.1735949771803,31.86722915699807,1058700261.6622326,1058.7002616622326,7,5.5,550.0,6.514156594356944,25.353072562641128,7,5.5,550.0
8.0,V2V,ew_9,ew_8,-55.46,78.46,0.02,True,2,2.841623073161e-09,2.841247746296e-09,0.999868,7570.062272,38.79,D,2.8444611074479142e-09,7107.598969135217,38.51722915699807,1279534953.2347517,1279.5349532347514,7,5.5,550.0,6.514156594356944,32.00307256264112,7,5.5,550.0
8.0,V2V,ns_0,ns_1,-53.52,76.52,0.09,True,2,4.448017295028e-09,4.44256151926e-09,0.998773,814.285943,29.11,D,4.446312674691084e-09,11110.226573440988,40.45722915699807,1343973046.484037,1343.973046484037,7,5.5,550.0,6.514156594356944,33.94307256264112,7,5.5,550.0
8.0,V2V,ns_0,ns_2,-59.9,82.9,0.03,True,2,1.023317459296e-09,1.0228489193e-09,0.999542,2183.055723,33.39,D,1.0232929922807534e-09,2556.954003700034,34.07722915699807,1132077460.7040167,1132.0774607040166,7,5.5,550.0,6.514156594356944,27.56307256264113,7,5.5,550.0
8.0,V2V,ns_0,ns_3,-63.07,86.07,0.28,True,2,4.926261960483e-10,4.200313722573e-10,0.852637,5.785969,7.62,D,4.931738039549353e-10,1232.3183507119825,30.90722915699807,1026832952.8613749,1026.832952861375,7,5.5,550.0,6.514156594356944,24.393072562641127,6,4.4,440.00000000000006
8.0,V2V,ns_0,ns_4,-67.96,90.96,0.07,True,2,1.600668492696e-10,1.567322184341e-10,0.979167,47.00137,16.72,D,1.599558028614671e-10,399.6896623225064,26.01722915699808,864634147.890844,864.634147890844,7,5.5,550.0,6.514156594356944,19.503072562641137,5,3.3,330.0
8.0,V2V,ns_0,ns_5,-69.47,92.47,0.1,True,2,1.130463043797e-10,1.054047822727e-10,0.932404,13.793689,11.4,D,1.1297959146727975e-10,282.30782475582146,24.507229156998072,814622663.82275,814.6226638227499,6,4.4,440.00000000000006,6.514156594356944,17.993072562641128,5,3.3,330.0
8.0,V2V,ns_0,ns_6,-69.56,92.56,0.16,True,2,1.107465680229e-10,7.407435216669e-11,0.668864,2.019904,3.05,D,1.1066237839776652e-10,276.51768715084086,24.41722915699807,811643591.205419,811.6435912054189,6,4.4,440.00000000000006,6.514156594356944,17.903072562641125,5,3.3,330.0
8.0,V2V,ns_0,ns_7,-71.32,94.32,0.13,True,2,7.375012505956001e-11,5.387756954731e-11,0.730542,2.711155,4.33,D,7.379042301291015e-11,184.3838655994756,22.65722915699808,753437187.8007197,753.4371878007197,6,4.4,440.00000000000006,6.514156594356944,16.143072562641134,5,3.3,330.0
8.0,V2V,ns_0,ns_8,-72.55,95.55,0.11,True,2,5.563369991217e-11,3.91830601465e-11,0.704304,2.381856,3.77,D,5.559042572704037e-11,138.90661101209486,21.427229156998074,712832032.5608476,712.8320325608477,6,4.4,440.00000000000006,6.514156594356944,14.91307256264113,4,2.4,240.0
8.0,V2V,ns_1,ns_0,-53.52,76.52,0.09,True,2,4.448017538699e-09,4.44256151926e-09,0.998773,814.249577,29.11,D,4.446312674691084e-09,11110.226573440988,40.45722915699807,1343973046.484037,1343.973046484037,7,5.5,550.0,6.514156594356944,33.94307256264112,7,5.5,550.0
8.0,V2V,ns_1,ns_2,-54.22,77.22,0.07,True,2,3.783404582872e-09,3.780279337663e-09,0.999174,1209.594475,30.83,D,3.784425847170936e-09,9456.336449702489,39.75722915699808,1320721820.6928716,1320.7218206928717,7,5.5,550.0,6.514156594356944,33.24307256264113,7,5.5,550.0
8.0,V2V,ns_1,ns_3,-60.57,83.57,0.02,True,2,8.760327252223e-10,8.758373807828e-10,0.999777,4483.554194,36.52,D,8.77000821143634e-10,2191.4063496842423,33.40722915699807,1109829950.2825038,1109.829950282504,7,5.5,550.0,6.514156594356944,26.893072562641127,7,5.5,550.0
8.0,V2V,ns_1,ns_4,-65.24,88.24,0.24,True,2,2.989280972974e-10,2.376091747105e-10,0.794871,3.874973,5.88,D,2.992264636608195e-10,747.692312995551,28.737229156998083,954822913.1801144,954.8229131801144,7,5.5,550.0,6.514156594356944,22.22307256264114,6,4.4,440.00000000000006
8.0,V2V,ns_1,ns_5,-67.63,90.63,0.17,True,2,1.725163502183e-10,1.472832532516e-10,0.853735,5.836908,7.66,D,1.7258378919902038e-10,431.24385107201493,26.347229156998075,875570163.0586162,875.5701630586161,7,5.5,550.0,6.514156594356944,19.83307256264113,5,3.3,330.0
8.0,V2V,ns_1,ns_6,-69.03,92.03,0.16,True,2,1.248985617186e-10,9.766934111826e-11,0.781989,3.586931,5.55,D,1.2502590302177189e-10,312.40855327779076,24.94722915699807,829190074.2919829,829.1900742919829,6,4.4,440.00000000000006,6.514156594356944,18.43307256264113,5,3.3,330.0
8.0,V2V,ns_1,ns_7,-70.4,93.4,0.14,True,2,9.12871710352e-11,6.803780373561001e-11,0.745316,2.926437,4.66,D,9.120108393559078e-11,227.8887654562488,23.577229156998065,783850284.2627612,783.8502842627612,6,4.4,440.00000000000006,6.514156594356944,17.06307256264112,5,3.3,330.0
8.0,V2V,ns_1,ns_8,-72.08,95.08,0.11,True,2,6.191652720280001e-11,4.772655137129e-11,0.770821,3.363399,5.27,D,6.19441075076781e-11,154.78287733053,21.897229156998073,728339285.9965906,728.3392859965907,6,4.4,440.00000000000006,6.514156594356944,15.383072562641129,5,3.3,330.0
8.0,V2V,ns_2,ns_0,-59.9,82.9,0.03,True,2,1.023323604274e-09,1.0228489193e-09,0.999536,2154.795233,33.33,D,1.0232929922807534e-09,2556.954003700034,34.07722915699807,1132077460.7040167,1132.0774607040166,7,5.5,550.0,6.514156594356944,27.56307256264113,7,5.5,550.0
8.0,V2V,ns_2,ns_1,-54.22,77.22,0.07,True,2,3.783403211533e-09,3.780279337663e-09,0.999174,1210.125471,30.83,D,3.784425847170936e-09,9456.336449702489,39.75722915699808,1320721820.6928716,1320.7218206928717,7,5.5,550.0,6.514156594356944,33.24307256264113,7,5.5,550.0
8.0,V2V,ns_2,ns_3,-54.87,77.87,0.0,True,2,3.255773456113e-09,3.255772165754e-09,1.0,2523151.14767,64.02,D,3.2583670100200863e-09,8141.846601749341,39.10722915699807,1299131750.916753,1299.1317509167532,7,5.5,550.0,6.514156594356944,32.593072562641126,7,5.5,550.0
8.0,V2V,ns_2,ns_4,-63.15,86.15,0.27,True,2,4.846807884734e-10,4.232160124916e-10,0.873185,6.885505,8.38,D,4.841723675840998e-10,1209.826005957271,30.82722915699808,1024177585.128197,1024.177585128197,7,5.5,550.0,6.514156594356944,24.313072562641135,6,4.4,440.00000000000006
8.0,V2V,ns_2,ns_5,-65.91,88.91,0.19,True,2,2.566903618888e-10,2.286331296218e-10,0.890696,8.148813,9.11,D,2.5644840365177207e-10,640.8006088250177,28.06722915699808,932598134.7964745,932.5981347964744,7,5.5,550.0,6.514156594356944,21.553072562641137,6,4.4,440.00000000000006
8.0,V2V,ns_2,ns_6,-67.21,90.21,0.21,True,2,1.899933383436e-10,1.386636426924e-10,0.729834,2.701431,4.32,D,1.9010782799233035e-10,475.0320539538489,26.767229156998084,889491491.1466104,889.4914911466104,7,5.5,550.0,6.514156594356944,20.25307256264114,6,4.4,440.00000000000006
8.0,V2V,ns_2,ns_7,-68.78,91.78,0.17,True,2,1.324546032528e-10,9.075529099273e-11,0.68518,2.176422,3.38,D,1.3243415351946644e-10,330.91992383674767,25.197229156998073,837469142.1052219,837.4691421052219,7,5.5,550.0,6.514156594356944,18.68307256264113,5,3.3,330.0
8.0,V2V,ns_2,ns_8,-70.73,93.73,0.14,True,2,8.444444713511001e-11,6.057421576491e-11,0.717326,2.537647,4.04,D,8.452788451602891e-11,211.21410423795325,23.24722915699807,772937673.4047877,772.9376734047877,6,4.4,440.00000000000006,6.514156594356944,16.733072562641127,5,3.3,330.0
8.0,V2V,ns_3,ns_0,-63.07,86.07,0.28,True,2,4.926209183673e-10,4.200313722573e-10,0.852646,5.786389,7.62,D,4.931738039549353e-10,1232.3183507119825,30.90722915699807,1026832952.8613749,1026.832952861375,7,5.5,550.0,6.514156594356944,24.393072562641127,6,4.4,440.00000000000006
8.0,V2V,ns_3,ns_1,-60.57,83.57,0.02,True,2,8.760327258929e-10,8.758373807828e-10,0.999777,4483.538802,36.52,D,8.77000821143634e-10,2191.4063496842423,33.40722915699807,1109829950.2825038,1109.829950282504,7,5.5,550.0,6.514156594356944,26.893072562641127,7,5.5,550.0
8.0,V2V,ns_3,ns_2,-54.87,77.87,0.0,True,2,3.255773466376e-09,3.255772165754e-09,1.0,2503242.645738,63.99,D,3.2583670100200863e-09,8141.846601749341,39.10722915699807,1299131750.916753,1299.1317509167532,7,5.5,550.0,6.514156594356944,32.593072562641126,7,5.5,550.0
8.0,V2V,ns_3,ns_4,-59.64,82.64,0.26,True,2,1.085474115015e-09,1.034989468581e-09,0.953491,20.501074,13.12,D,1.0864256236170642e-09,2714.706705689816,34.33722915699807,1140711196.2663326,1140.7111962663323,7,5.5,550.0,6.514156594356944,27.823072562641126,7,5.5,550.0
8.0,V2V,ns_3,ns_5,-63.15,86.15,0.27,True,2,4.846791713875e-10,4.232160124916e-10,0.873188,6.885686,8.38,D,4.841723675840998e-10,1209.826005957271,30.82722915699808,1024177585.128197,1024.177585128197,7,5.5,550.0,6.514156594356944,24.313072562641135,6,4.4,440.00000000000006
8.0,V2V,ns_3,ns_6,-66.31,89.31,0.14,True,2,2.340472065878e-10,2.201560330643e-10,0.940648,15.848627,12.0,D,2.3388372386593535e-10,584.4171011142812,27.667229156998072,919332107.99225,919.33210799225,7,5.5,550.0,6.514156594356944,21.15307256264113,6,4.4,440.00000000000006
8.0,V2V,ns_3,ns_7,-67.85,90.85,0.18,True,2,1.639912062729e-10,1.307792634962e-10,0.797477,3.937718,5.95,D,1.6405897731995418e-10,409.94247206385353,26.127229156998084,868279263.4588779,868.279263458878,7,5.5,550.0,6.514156594356944,19.61307256264114,5,3.3,330.0
8.0,V2V,ns_3,ns_8,-69.41,92.41,0.16,True,2,1.145559433656e-10,8.122008861293001e-11,0.708999,2.436418,3.87,D,1.1455129414455359e-10,286.2351178024827,24.56722915699807,816608833.5809702,816.6088335809702,6,4.4,440.00000000000006,6.514156594356944,18.05307256264113,5,3.3,330.0
8.0,V2V,ns_4,ns_0,-67.96,90.96,0.07,True,2,1.600666208285e-10,1.567322184341e-10,0.979169,47.00459,16.72,D,1.599558028614671e-10,399.6896623225064,26.01722915699808,864634147.890844,864.634147890844,7,5.5,550.0,6.514156594356944,19.503072562641137,5,3.3,330.0
8.0,V2V,ns_4,ns_1,-65.24,88.24,0.24,True,2,2.989243813227e-10,2.376091747105e-10,0.794881,3.875208,5.88,D,2.992264636608195e-10,747.692312995551,28.737229156998083,954822913.1801144,954.8229131801144,7,5.5,550.0,6.514156594356944,22.22307256264114,6,4.4,440.00000000000006
8.0,V2V,ns_4,ns_2,-63.15,86.15,0.27,True,2,4.846772330996e-10,4.232160124916e-10,0.873191,6.885903,8.38,D,4.841723675840998e-10,1209.826005957271,30.82722915699808,1024177585.128197,1024.177585128197,7,5.5,550.0,6.514156594356944,24.313072562641135,6,4.4,440.00000000000006
8.0,V2V,ns_4,ns_3,-59.64,82.64,0.26,True,2,1.085474574666e-09,1.034989468581e-09,0.95349,20.500887,13.12,D,1.0864256236170642e-09,2714.706705689816,34.33722915699807,1140711196.2663326,1140.7111962663323,7,5.5,550.0,6.514156594356944,27.823072562641126,7,5.5,550.0
8.0,V2V,ns_4,ns_5,-54.87,77.87,0.0,True,2,3.255773413963e-09,3.255772165754e-09,1.0,2608353.502049,64.16,D,3.2583670100200863e-09,8141.846601749341,39.10722915699807,1299131750.916753,1299.1317509167532,7,5.5,550.0,6.514156594356944,32.593072562641126,7,5.5,550.0
8.0,V2V,ns_4,ns_6,-60.88,83.88,0.28,True,2,8.166345535432e-10,7.583836914808e-10,0.92867,13.01927,11.15,D,8.165823713585921e-10,2040.4357105412096,33.097229156998075,1099536841.9188747,1099.5368419188746,7,5.5,550.0,6.514156594356944,26.58307256264113,7,5.5,550.0
8.0,V2V,ns_4,ns_7,-64.14,87.14,0.27,True,2,3.857357548721e-10,3.148117795478e-10,0.816133,4.438722,6.47,D,3.854783576657721e-10,963.2142870209196,29.837229156998077,991320999.6465456,991.3209996465456,7,5.5,550.0,6.514156594356944,23.323072562641133,6,4.4,440.00000000000006
8.0,V2V,ns_4,ns_8,-67.96,90.96,0.07,True,2,1.600667187813e-10,1.567323181175e-10,0.979169,47.004645,16.72,D,1.599558028614671e-10,399.6896623225064,26.01722915699808,864634147.890844,864.634147890844,7,5.5,550.0,6.514156594356944,19.503072562641137,5,3.3,330.0
8.0,V2V,ns_5,ns_0,-69.47,92.47,0.1,True,2,1.130458274224e-10,1.054047822727e-10,0.932408,13.79455,11.4,D,1.1297959146727975e-10,282.30782475582146,24.507229156998072,814622663.82275,814.6226638227499,6,4.4,440.00000000000006,6.514156594356944,17.993072562641128,5,3.3,330.0
8.0,V2V,ns_5,ns_1,-67.63,90.63,0.17,True,2,1.724474191629e-10,1.472832532516e-10,0.854076,5.852896,7.67,D,1.7258378919902038e-10,431.24385107201493,26.347229156998075,875570163.0586162,875.5701630586161,7,5.5,550.0,6.514156594356944,19.83307256264113,5,3.3,330.0
8.0,V2V,ns_5,ns_2,-65.91,88.91,0.19,True,2,2.566887088061e-10,2.286331296218e-10,0.890702,8.149293,9.11,D,2.5644840365177207e-10,640.8006088250177,28.06722915699808,932598134.7964745,932.5981347964744,7,5.5,550.0,6.514156594356944,21.553072562641137,6,4.4,440.00000000000006
8.0,V2V,ns_5,ns_3,-63.15,86.15,0.27,True,2,4.846757046212e-10,4.232160124916e-10,0.873194,6.886074,8.38,D,4.841723675840998e-10,1209.826005957271,30.82722915699808,1024177585.128197,1024.177585128197,7,5.5,550.0,6.514156594356944,24.313072562641135,6,4.4,440.00000000000006
8.0,V2V,ns_5,ns_4,-54.87,77.87,0.0,True,2,3.255773404242e-09,3.255772165754e-09,1.0,2628826.536469,64.2,D,3.2583670100200863e-09,8141.846601749341,39.10722915699807,1299131750.916753,1299.1317509167532,7,5.5,550.0,6.514156594356944,32.593072562641126,7,5.5,550.0
8.0,V2V,ns_5,ns_6,-55.48,78.48,0.01,True,2,2.833332924493e-09,2.833298240626e-09,0.999988,81689.227347,49.12,D,2.831391995799379e-09,7074.942518239327,38.497229156998074,1278870661.2935245,1278.8706612935243,7,5.5,550.0,6.514156594356944,31.98307256264113,7,5.5,550.0
8.0,V2V,ns_5,ns_7,-61.61,84.61,0.19,True,2,6.899208239795e-10,6.630659587646e-10,0.961075,24.69072,13.93,D,6.902398038402427e-10,1724.7371410300914,32.36722915699808,1075299701.9044487,1075.2997019044487,7,5.5,550.0,6.514156594356944,25.853072562641135,7,5.5,550.0
8.0,V2V,ns_5,ns_8,-65.44,88.44,0.19,True,2,2.856197184858e-10,2.572232304581e-10,0.900579,9.058276,9.57,D,2.8575905433749495e-10,714.0406155359693,28.53722915699808,948188138.1551238,948.188138155124,7,5.5,550.0,6.514156594356944,22.023072562641136,6,4.4,440.00000000000006
8.0,V2V,ns_6,ns_0,-69.56,92.56,0.16,True,2,1.107442891501e-10,7.407435216669e-11,0.668877,2.020029,3.05,D,1.1066237839776652e-10,276.51768715084086,24.41722915699807,811643591.205419,811.6435912054189,6,4.4,440.00000000000006,6.514156594356944,17.903072562641125,5,3.3,330.0
8.0,V2V,ns_6,ns_1,-69.03,92.03,0.16,True,2,1.248968587943e-10,9.766934111826e-11,0.782,3.587156,5.55,D,1.2502590302177189e-10,312.40855327779076,24.94722915699807,829190074.2919829,829.1900742919829,6,4.4,440.00000000000006,6.514156594356944,18.43307256264113,5,3.3,330.0
8.0,V2V,ns_6,ns_2,-67.21,90.21,0.21,True,2,1.899687220874e-10,1.386636426924e-10,0.729929,2.702727,4.32,D,1.9010782799233035e-10,475.0320539538489,26.767229156998084,889491491.1466104,889.4914911466104,7,5.5,550.0,6.514156594356944,20.25307256264114,6,4.4,440.00000000000006
8.0,V2V,ns_6,ns_3,-66.31,89.31,0.14,True,2,2.340462582113e-10,2.201560330643e-10,0.940652,15.849709,12.0,D,2.3388372386593535e-10,584.4171011142812,27.667229156998072,919332107.99225,919.33210799225,7,5.5,550.0,6.514156594356944,21.15307256264113,6,4.4,440.00000000000006
8.0,V2V,ns_6,ns_4,-60.88,83.88,0.28,True,2,8.166305495942e-10,7.583836914808e-10,0.928674,13.020165,11.15,D,8.165823713585921e-10,2040.4357105412096,33.097229156998075,1099536841.9188747,1099.5368419188746,7,5.5,550.0,6.514156594356944,26.58307256264113,7,5.5,550.0
8.0,V2V,ns_6,ns_5,-55.48,78.48,0.01,True,2,2.833332898393e-09,2.833298240626e-09,0.999988,81750.745291,49.12,D,2.831391995799379e-09,7074.942518239327,38.497229156998074,1278870661.2935245,1278.8706612935243,7,5.5,550.0,6.514156594356944,31.98307256264113,7,5.5,550.0
8.0,V2V,ns_6,ns_7,-56.03,79.03,0.08,True,2,2.492069831334e-09,2.488041274743e-09,0.998383,617.601173,27.91,D,2.494594726942956e-09,6233.370132291243,37.94722915699808,1260602809.444882,1260.6028094448818,7,5.5,550.0,6.514156594356944,31.433072562641133,7,5.5,550.0
8.0,V2V,ns_6,ns_8,-62.54,85.54,0.2,True,2,5.565957051756e-10,5.269107818064e-10,0.946667,17.750114,12.49,D,5.571857489319303e-10,1392.2682382107205,31.43722915699808,1044425732.3420968,1044.4257323420968,7,5.5,550.0,6.514156594356944,24.923072562641135,6,4.4,440.00000000000006
8.0,V2V,ns_7,ns_0,-71.32,94.32,0.13,True,2,7.374891224513001e-11,5.387756954731e-11,0.730554,2.71132,4.33,D,7.379042301291015e-11,184.3838655994756,22.65722915699808,753437187.8007197,753.4371878007197,6,4.4,440.00000000000006,6.514156594356944,16.143072562641134,5,3.3,330.0
8.0,V2V,ns_7,ns_1,-70.4,93.4,0.14,True,2,9.128577546791e-11,6.803780373561001e-11,0.745328,2.926612,4.66,D,9.120108393559078e-11,227.8887654562488,23.577229156998065,783850284.2627612,783.8502842627612,6,4.4,440.00000000000006,6.514156594356944,17.06307256264112,5,3.3,330.0
8.0,V2V,ns_7,ns_2,-68.78,91.78,0.17,True,2,1.324520640956e-10,9.075529099273e-11,0.685193,2.176554,3.38,D,1.3243415351946644e-10,330.91992383674767,25.197229156998073,837469142.1052219,837.4691421052219,7,5.5,550.0,6.514156594356944,18.68307256264113,5,3.3,330.0
8.0,V2V,ns_7,ns_3,-67.85,90.85,0.18,True,2,1.639892458332e-10,1.307792634962e-10,0.797487,3.93795,5.95,D,1.6405897731995418e-10,409.94247206385353,26.127229156998084,868279263.4588779,868.279263458878,7,5.5,550.0,6.514156594356944,19.61307256264114,5,3.3,330.0
8.0,V2V,ns_7,ns_4,-64.14,87.14,0.27,True,2,3.85731130671e-10,3.148117795478e-10,0.816143,4.439011,6.47,D,3.854783576657721e-10,963.2142870209196,29.837229156998077,991320999.6465456,991.3209996465456,7,5.5,550.0,6.514156594356944,23.323072562641133,6,4.4,440.00000000000006
8.0,V2V,ns_7,ns_5,-61.61,84.61,0.19,True,2,6.899606281058e-10,6.630659587646e-10,0.96102,24.654178,13.92,D,6.902398038402427e-10,1724.7371410300914,32.36722915699808,1075299701.9044487,1075.2997019044487,7,5.5,550.0,6.514156594356944,25.853072562641135,7,5.5,550.0
8.0,V2V,ns_7,ns_6,-56.03,79.03,0.08,True,2,2.492068844538e-09,2.488041274743e-09,0.998384,617.752491,27.91,D,2.494594726942956e-09,6233.370132291243,37.94722915699808,1260602809.444882,1260.6028094448818,7,5.5,550.0,6.514156594356944,31.433072562641133,7,5.5,550.0
8.0,V2V,ns_7,ns_8,-57.42,80.42,0.07,True,2,1.811132731005e-09,1.808255223737e-09,0.998411,628.410306,27.98,D,1.8113400926196023e-09,4526.087187955028,36.55722915699808,1214436737.662868,1214.436737662868,7,5.5,550.0,6.514156594356944,30.043072562641132,7,5.5,550.0
8.0,V2V,ns_8,ns_0,-72.55,95.55,0.11,True,2,5.563268784899e-11,3.91830601465e-11,0.704317,2.382003,3.77,D,5.559042572704037e-11,138.90661101209486,21.427229156998074,712832032.5608476,712.8320325608477,6,4.4,440.00000000000006,6.514156594356944,14.91307256264113,4,2.4,240.0
8.0,V2V,ns_8,ns_1,-72.09,95.09,0.11,True,2,6.184751307792e-11,4.772655137129e-11,0.771681,3.379837,5.29,D,6.180164001384151e-11,154.4268865913081,21.887229156998067,728009228.0372173,728.0092280372172,6,4.4,440.00000000000006,6.514156594356944,15.373072562641124,5,3.3,330.0
8.0,V2V,ns_8,ns_2,-70.74,93.74,0.14,True,2,8.437237051535e-11,6.057421576491e-11,0.717939,2.545332,4.06,D,8.433347577642757e-11,210.72832527842968,23.237229156998076,772607047.7566768,772.6070477566768,6,4.4,440.00000000000006,6.514156594356944,16.723072562641132,5,3.3,330.0
8.0,V2V,ns_8,ns_3,-69.41,92.41,0.16,True,2,1.145538970873e-10,8.122008861293001e-11,0.709012,2.436568,3.87,D,1.1455129414455359e-10,286.2351178024827,24.56722915699807,816608833.5809702,816.6088335809702,6,4.4,440.00000000000006,6.514156594356944,18.05307256264113,5,3.3,330.0
8.0,V2V,ns_8,ns_4,-67.96,90.96,0.07,True,2,1.600664747647e-10,1.567323181175e-10,0.97917,47.008085,16.72,D,1.599558028614671e-10,399.6896623225064,26.01722915699808,864634147.890844,864.634147890844,7,5.5,550.0,6.514156594356944,19.503072562641137,5,3.3,330.0
8.0,V2V,ns_8,ns_5,-65.44,88.44,0.19,True,2,2.856182370801e-10,2.572232304581e-10,0.900584,9.058749,9.57,D,2.8575905433749495e-10,714.0406155359693,28.53722915699808,948188138.1551238,948.188138155124,7,5.5,550.0,6.514156594356944,22.023072562641136,6,4.4,440.00000000000006
8.0,V2V,ns_8,ns_6,-62.54,85.54,0.2,True,2,5.565935232172e-10,5.269107818064e-10,0.946671,17.751419,12.49,D,5.571857489319303e-10,1392.2682382107205,31.43722915699808,1044425732.3420968,1044.4257323420968,7,5.5,550.0,6.514156594356944,24.923072562641135,6,4.4,440.00000000000006
8.0,V2V,ns_8,ns_7,-57.42,80.42,0.07,True,2,1.811132435417e-09,1.808255223737e-09,0.998411,628.474866,27.98,D,1.8113400926196023e-09,4526.087187955028,36.55722915699808,1214436737.662868,1214.436737662868,7,5.5,550.0,6.514156594356944,30.043072562641132,7,5.5,550.0
8.0,V2V,wn_0,we_0,-63.23,86.23,0.11,True,2,4.752885168273e-10,4.673010968623e-10,0.983195,58.504636,17.67,D,4.753352259428057e-10,1187.7441927606342,30.74722915699808,1021522257.7928032,1021.5222577928032,7,5.5,550.0,6.514156594356944,24.233072562641137,6,4.4,440.00000000000006
8.0,V2V,wn_0,we_1,-60.12,83.12,0.28,True,2,9.73544673578e-10,9.169997928348e-10,0.941919,16.217203,12.1,D,9.72747223776966e-10,2430.6527330758768,33.85722915699808,1124772149.53343,1124.77214953343,7,5.5,550.0,6.514156594356944,27.343072562641137,7,5.5,550.0
8.0,V2V,wn_0,we_2,-55.36,78.36,0.03,True,2,2.911420658685e-09,2.910651478123e-09,0.999736,3784.093906,35.78,D,2.910717118066608e-09,7273.15621705799,38.61722915699808,1282856419.3567362,1282.8564193567363,7,5.5,550.0,6.514156594356944,32.10307256264113,7,5.5,550.0
8.0,V2V,wn_0,we_3,-39.47,62.47,0.35,True,2,1.13088382666e-07,1.128005968443e-07,0.997455,391.96023,25.93,D,1.1297959146727978e-07,282307.82475582144,54.50722915699807,1810691470.146201,1810.6914701462008,7,5.5,550.0,6.514156594356944,47.99307256264113,7,5.5,550.0
8.0,V2V,wn_0,we_4,-59.33,82.33,0.14,True,2,1.165515695515e-09,1.152837017982e-09,0.989122,90.927229,19.59,D,1.166809617060963e-09,2915.566259522646,34.64722915699808,1151005513.481201,1151.005513481201,7,5.5,550.0,6.514156594356944,28.133072562641136,7,5.5,550.0
8.0,V2V,wn_0,we_5,-63.1,86.1,0.02,True,2,4.896148716981e-10,4.892724208126e-10,0.999301,1428.737496,31.55,D,4.897788193684457e-10,1223.8351308556862,30.87722915699807,1025837185.2743404,1025.8371852743403,7,5.5,550.0,6.514156594356944,24.36307256264113,6,4.4,440.00000000000006
8.0,V2V,wn_0,we_6,-65.63,88.63,0.14,True,2,2.734321740306e-10,2.582171180335e-10,0.944355,16.971158,12.3,D,2.735268726306714e-10,683.475443854751,28.347229156998075,941885497.4260888,941.8854974260888,7,5.5,550.0,6.514156594356944,21.83307256264113,6,4.4,440.00000000000006
8.0,V2V,wn_0,we_7,-67.84,90.84,0.12,True,2,1.642516644007e-10,1.542532589796e-10,0.939128,15.427786,11.88,D,1.6443717232149292e-10,410.88748706020215,26.137229156998067,868610648.8279021,868.6106488279021,7,5.5,550.0,6.514156594356944,19.623072562641124,5,3.3,330.0
8.0,V2V,wn_0,we_8,-68.79,91.79,0.17,True,2,1.320230988333e-10,9.05170754108e-11,0.685615,2.180818,3.39,D,1.3212956341865738e-10,330.15882913207736,25.18722915699807,837137951.2675207,837.1379512675206,7,5.5,550.0,6.514156594356944,18.673072562641128,5,3.3,330.0
8.0,V2V,wn_0,we_9,-70.23,93.23,0.15,True,2,9.484227623428e-11,6.567639867276e-11,0.69248,2.251823,3.53,D,9.48418463300896e-11,236.986122763842,23.747229156998067,789473364.0604216,789.4733640604215,6,4.4,440.00000000000006,6.514156594356944,17.233072562641123,5,3.3,330.0
8.0,V2V,wn_0,we_10,-73.01,96.01,0.04,True,2,4.999465936932e-11,4.8941564367390006e-11,0.978936,46.474026,16.67,D,5.000345349769783e-11,124.9461606639126,20.967229156998073,697666333.3478019,697.6663333478019,6,4.4,440.00000000000006,6.514156594356944,14.453072562641127,4,2.4,240.0
8.0,V2V,wn_0,wn_1,-56.37,79.37,0.0,True,2,2.309028407014e-09,2.309025524021e-09,0.999999,800912.543325,59.04,D,2.306747188720071e-09,5763.985978810772,37.60722915699808,1249310138.3723044,1249.3101383723044,7,5.5,550.0,6.514156594356944,31.093072562641137,7,5.5,550.0
8.0,V2V,wn_0,wn_2,-62.63,85.63,0.16,True,2,5.454994957196e-10,5.281449063212e-10,0.968186,30.432579,14.83,D,5.45757861091271e-10,1363.7127963300125,31.347229156998075,1041438165.272514,1041.438165272514,7,5.5,550.0,6.514156594356944,24.83307256264113,6,4.4,440.00000000000006
8.0,V2V,wn_0,wn_3,-66.43,89.43,0.22,True,2,2.275735617767e-10,1.746185175826e-10,0.767306,3.297486,5.18,D,2.2750974307720667e-10,568.4901126366983,27.547229156998068,915352698.4168464,915.3526984168464,7,5.5,550.0,6.514156594356944,21.033072562641124,6,4.4,440.00000000000006
8.0,V2V,wn_0,wn_4,-68.84,91.84,0.17,True,2,1.307354055792e-10,1.013660880895e-10,0.775353,3.451428,5.38,D,1.3061708881318403e-10,326.37953226682663,25.13722915699807,835482031.7267324,835.4820317267324,7,5.5,550.0,6.514156594356944,18.623072562641127,5,3.3,330.0
8.0,V2V,wn_0,wn_5,-71.39,94.39,0.1,True,2,7.260947932416001e-11,6.413917023547e-11,0.883344,7.572235,8.79,D,7.261059574351544e-11,181.43577147305209,22.58722915699807,751124482.644262,751.124482644262,6,4.4,440.00000000000006,6.514156594356944,16.073072562641126,5,3.3,330.0
8.0,V2V,wn_1,we_0,-65.73,88.73,0.22,True,2,2.675662309308e-10,2.223527888777e-10,0.83102,4.917847,6.92,D,2.6730064086633087e-10,667.9176433441552,28.24722915699807,938568478.8006314,938.5684788006314,7,5.5,550.0,6.514156594356944,21.733072562641127,6,4.4,440.00000000000006
8.0,V2V,wn_1,we_1,-64.04,87.04,0.24,True,2,3.946749337251e-10,3.452134374756e-10,0.874678,6.979438,8.44,D,3.944573020752777e-10,985.6504299732076,29.937229156998065,994639521.8454068,994.6395218454066,7,5.5,550.0,6.514156594356944,23.42307256264112,6,4.4,440.00000000000006
8.0,V2V,wn_1,we_2,-61.84,84.84,0.1,True,2,6.539412165357e-10,6.467656886046e-10,0.989027,90.134927,19.55,D,6.546361740672746e-10,1635.7725488937397,32.137229156998075,1067663813.892262,1067.6638138922622,7,5.5,550.0,6.514156594356944,25.62307256264113,7,5.5,550.0
8.0,V2V,wn_1,we_3,-57.41,80.41,0.14,True,2,1.81439183628e-09,1.800805464066e-09,0.992512,132.544982,21.22,D,1.8155156627731371e-09,4536.5208964846,36.56722915699808,1214768857.1778252,1214.768857177825,7,5.5,550.0,6.514156594356944,30.053072562641137,7,5.5,550.0
8.0,V2V,wn_1,we_4,-48.77,71.77,0.04,True,2,1.327749475781e-08,1.327581553075e-08,0.999874,7905.908516,38.98,D,1.3273944577297374e-08,33168.27730459114,45.20722915699807,1501755995.8439302,1501.7559958439304,7,5.5,550.0,6.514156594356944,38.69307256264112,7,5.5,550.0
8.0,V2V,wn_1,we_5,-57.71,80.71,0.15,True,2,1.693898606975e-09,1.678971465646e-09,0.991188,112.477763,20.51,D,1.6943378004473286e-09,4233.727637299672,36.26722915699808,1204805346.816219,1204.8053468162193,7,5.5,550.0,6.514156594356944,29.753072562641133,7,5.5,550.0
8.0,V2V,wn_1,we_6,-61.96,84.96,0.26,True,2,6.36731476776e-10,5.828106944846e-10,0.915316,10.808647,10.34,D,6.367955209079161e-10,1591.1932056669568,32.01722915699808,1063679969.5886084,1063.6799695886084,7,5.5,550.0,6.514156594356944,25.503072562641133,7,5.5,550.0
8.0,V2V,wn_1,we_7,-64.8,87.8,0.24,True,2,3.308731308042e-10,2.805184604182e-10,0.847813,5.570853,7.46,D,3.3113112148259143e-10,827.4140966581494,29.17722915699808,969420829.3074543,969.4208293074544,7,5.5,550.0,6.514156594356944,22.663072562641137,6,4.4,440.00000000000006
8.0,V2V,wn_1,we_8,-67.34,90.34,0.2,True,2,1.843718244229e-10,1.407255712e-10,0.76327,3.22423,5.08,D,1.8450154191794736e-10,461.0233431233067,26.637229156998075,885182193.3531805,885.1821933531805,7,5.5,550.0,6.514156594356944,20.12307256264113,6,4.4,440.00000000000006
8.0,V2V,wn_1,we_9,-70.22,93.22,0.0,True,2,9.503679521607e-11,9.50260480783e-11,0.999887,8841.986588,39.47,D,9.506047936562808e-11,237.5324321979712,23.757229156998072,789804162.6194757,789.8041626194757,6,4.4,440.00000000000006,6.514156594356944,17.243072562641128,5,3.3,330.0
8.0,V2V,wn_1,we_10,-69.99,92.99,0.15,True,2,1.001489651286e-10,6.704136315814e-11,0.669416,2.024954,3.06,D,1.0023052380779004e-10,250.45108397748632,23.987229156998076,797413396.2501715,797.4133962501716,6,4.4,440.00000000000006,6.514156594356944,17.473072562641132,5,3.3,330.0
8.0,V2V,wn_1,wn_0,-56.37,79.37,0.0,True,2,2.309028414429e-09,2.309025524021e-09,0.999999,798858.007649,59.02,D,2.306747188720071e-09,5763.985978810772,37.60722915699808,1249310138.3723044,1249.3101383723044,7,5.5,550.0,6.514156594356944,31.093072562641137,7,5.5,550.0
8.0,V2V,wn_1,wn_2,-57.12,80.12,0.02,True,2,1.940338842191e-09,1.940174521715e-09,0.999915,11807.259621,40.72,D,1.940885877592779e-09,4849.789799082407,36.85722915699807,1224400394.8756382,1224.4003948756383,7,5.5,550.0,6.514156594356944,30.34307256264113,7,5.5,550.0
8.0,V2V,wn_1,wn_3,-63.95,86.95,0.27,True,2,4.026316332115e-10,3.322099181216e-10,0.825096,4.717436,6.74,D,4.027170343254586e-10,1006.2894410931,30.027229156998068,997626258.094572,997.626258094572,7,5.5,550.0,6.514156594356944,23.513072562641124,6,4.4,440.00000000000006
8.0,V2V,wn_1,wn_4,-66.63,89.63,0.22,True,2,2.173427244864e-10,1.622236538544e-10,0.746396,2.943149,4.69,D,2.1727011788637477e-10,542.9038427945396,27.347229156998083,908720780.8556516,908.7207808556516,7,5.5,550.0,6.514156594356944,20.83307256264114,6,4.4,440.00000000000006
8.0,V2V,wn_1,wn_5,-69.17,92.17,0.16,True,2,1.209770010417e-10,9.236024874693e-11,0.763453,3.227489,5.09,D,1.2105981335504829e-10,302.4982842454979,24.807229156998076,824554455.0349559,824.5544550349558,6,4.4,440.00000000000006,6.514156594356944,18.293072562641132,5,3.3,330.0
8.0,V2V,wn_2,we_0,-69.01,92.01,0.05,True,2,1.25550662337e-10,1.241177445932e-10,0.988587,86.61889,19.38,D,1.256029963694873e-10,313.85056564089774,24.967229156998066,829852344.8984246,829.8523448984246,6,4.4,440.00000000000006,6.514156594356944,18.45307256264112,5,3.3,330.0
8.0,V2V,wn_2,we_1,-66.86,89.86,0.19,True,2,2.058732381636e-10,1.707942534199e-10,0.829609,4.868848,6.87,D,2.0606299132700007e-10,514.9000283033484,27.117229156998075,901094771.5414563,901.0947715414565,7,5.5,550.0,6.514156594356944,20.60307256264113,6,4.4,440.00000000000006
8.0,V2V,wn_2,we_2,-65.84,88.84,0.03,True,2,2.608064958651e-10,2.60019725773e-10,0.996983,330.490099,25.19,D,2.6061535499988917e-10,651.2127811091684,28.137229156998067,934919890.2958834,934.9198902958834,7,5.5,550.0,6.514156594356944,21.623072562641124,6,4.4,440.00000000000006
8.0,V2V,wn_2,we_3,-63.24,86.24,0.1,True,2,4.742867355744e-10,4.674607231772e-10,0.985608,68.482255,18.36,D,4.742419852602447e-10,1185.012456922151,30.737229156998076,1021190344.7535408,1021.1903447535408,7,5.5,550.0,6.514156594356944,24.223072562641132,6,4.4,440.00000000000006
8.0,V2V,wn_2,we_4,-52.96,75.96,0.22,True,2,5.060195590926e-09,5.024877606978e-09,0.99302,142.275324,21.53,D,5.058246620031137e-09,12639.296901627027,41.01722915699807,1362574273.0206425,1362.5742730206423,7,5.5,550.0,6.514156594356944,34.50307256264112,7,5.5,550.0
8.0,V2V,wn_2,we_5,-35.4,58.4,0.66,True,2,2.884769934141e-07,2.864264260647e-07,0.992892,139.68155,21.45,D,2.8840315031266057e-07,720647.5520056485,58.57722915699807,1945893632.7669928,1945.8936327669928,7,5.5,550.0,6.514156594356944,52.063072562641125,7,5.5,550.0
8.0,V2V,wn_2,we_6,-55.45,78.45,0.04,True,2,2.852773860218e-09,2.85182942477e-09,0.999669,3019.612861,34.8,D,2.8510182675039104e-09,7123.983676921313,38.527229156998075,1279867099.3668702,1279.8670993668702,7,5.5,550.0,6.514156594356944,32.01307256264113,7,5.5,550.0
8.0,V2V,wn_2,we_7,-60.99,83.99,0.29,True,2,7.97011315849e-10,7.302819727377e-10,0.916276,10.943941,10.39,D,7.961593504173184e-10,1989.4036742061928,32.98722915699807,1095884533.840349,1095.884533840349,7,5.5,550.0,6.514156594356944,26.473072562641125,7,5.5,550.0
8.0,V2V,wn_2,we_8,-65.4,88.4,0.18,True,2,2.88215750529e-10,2.63581412844e-10,0.914528,10.699756,10.29,D,2.8840315031266003e-10,720.6475520056471,28.577229156998065,949515059.5971162,949.5150595971162,7,5.5,550.0,6.514156594356944,22.06307256264112,6,4.4,440.00000000000006
8.0,V2V,wn_2,we_9,-67.96,90.96,0.07,True,2,1.599517364284e-10,1.567159921955e-10,0.97977,48.43275,16.85,D,1.599558028614671e-10,399.6896623225064,26.01722915699808,864634147.890844,864.634147890844,7,5.5,550.0,6.514156594356944,19.503072562641137,5,3.3,330.0
8.0,V2V,wn_2,we_10,-68.74,91.74,0.17,True,2,1.335541136734e-10,1.011519349673e-10,0.757385,3.121763,4.94,D,1.3365955165464432e-10,333.9818881925145,25.237229156998076,838793928.378925,838.793928378925,7,5.5,550.0,6.514156594356944,18.723072562641132,5,3.3,330.0
8.0,V2V,wn_2,wn_0,-62.63,85.63,0.16,True,2,5.455757064305e-10,5.281449063212e-10,0.968051,30.299522,14.81,D,5.45757861091271e-10,1363.7127963300125,31.347229156998075,1041438165.272514,1041.438165272514,7,5.5,550.0,6.514156594356944,24.83307256264113,6,4.4,440.00000000000006
8.0,V2V,wn_2,wn_1,-57.12,80.12,0.02,True,2,1.940336777439e-09,1.940174521715e-09,0.999916,11957.510525,40.78,D,1.940885877592779e-09,4849.789799082407,36.85722915699807,1224400394.8756382,1224.4003948756383,7,5.5,550.0,6.514156594356944,30.34307256264113,7,5.5,550.0
8.0,V2V,wn_2,wn_3,-60.09,83.09,0.13,True,2,9.788474678982e-10,9.667503930303e-10,0.987642,79.916046,19.03,D,9.79489985408698e-10,2447.5012129152874,33.887229156998075,1125768319.5377517,1125.7683195377515,7,5.5,550.0,6.514156594356944,27.37307256264113,7,5.5,550.0
8.0,V2V,wn_2,wn_4,-64.79,87.79,0.13,True,2,3.320701059547e-10,3.210473292277e-10,0.966806,29.125813,14.64,D,3.318944575526096e-10,829.321483139954,29.187229156998065,969752621.5792,969.7526215792,7,5.5,550.0,6.514156594356944,22.67307256264112,6,4.4,440.00000000000006
8.0,V2V,wn_2,wn_5,-66.93,89.93,0.21,True,2,2.025848995271e-10,1.511038180535e-10,0.745879,2.935133,4.68,D,2.0276827195212796e-10,506.6673462072162,27.04722915699807,898773965.6893762,898.7739656893763,7,5.5,550.0,6.514156594356944,20.533072562641127,6,4.4,440.00000000000006
8.0,V2V,wn_3,we_0,-70.05,93.05,0.15,True,2,9.891052653886e-11,6.727609535982e-11,0.680171,2.126673,3.28,D,9.885530946569392e-11,247.0147662810942,23.927229156998074,795428220.7993001,795.4282207993001,6,4.4,440.00000000000006,6.514156594356944,17.41307256264113,5,3.3,330.0
8.0,V2V,wn_3,we_1,-70.03,93.03,0.13,True,2,9.936360964055e-11,8.467072840158e-11,0.85213,5.762704,7.61,D,9.931160484209336e-11,248.1549346379144,23.947229156998073,796089933.7374928,796.0899337374929,6,4.4,440.00000000000006,6.514156594356944,17.43307256264113,5,3.3,330.0
8.0,V2V,wn_3,we_2,-69.34,92.34,0.07,True,2,1.164963464142e-10,1.12759898115e-10,0.967926,30.178364,14.8,D,1.1641260294104907e-10,290.8860643204624,24.637229156998075,818926152.2863301,818.9261522863301,6,4.4,440.00000000000006,6.514156594356944,18.12307256264113,5,3.3,330.0
8.0,V2V,wn_3,we_3,-66.68,89.68,0.22,True,2,2.148092105346e-10,1.626621167274e-10,0.75724,3.119294,4.94,D,2.1478304741305286e-10,536.6892738956843,27.297229156998064,907062888.2046744,907.0628882046744,7,5.5,550.0,6.514156594356944,20.78307256264112,6,4.4,440.00000000000006
8.0,V2V,wn_3,we_4,-63.24,86.24,0.1,True,2,4.738938065452e-10,4.675400711455e-10,0.986592,73.585071,18.67,D,4.742419852602447e-10,1185.012456922151,30.737229156998076,1021190344.7535408,1021.1903447535408,7,5.5,550.0,6.514156594356944,24.223072562641132,6,4.4,440.00000000000006
8.0,V2V,wn_3,we_5,-59.59,82.59,0.19,True,2,1.100056666138e-09,1.076088437701e-09,0.978212,44.896453,16.52,D,1.0990058394325198e-09,2746.1415278173904,34.38722915699807,1142371552.2058263,1142.3715522058264,7,5.5,550.0,6.514156594356944,27.873072562641124,7,5.5,550.0
8.0,V2V,wn_3,we_6,-52.54,75.54,0.26,True,2,5.567793086655e-09,5.516154505445e-09,0.990725,106.822348,20.29,D,5.571857489319304e-09,13922.682382107205,41.43722915699808,1376525318.9287806,1376.5253189287805,7,5.5,550.0,6.514156594356944,34.92307256264114,7,5.5,550.0
8.0,V2V,wn_3,we_7,-43.72,66.72,0.42,True,2,4.248036541356e-08,4.223291760027e-08,0.994175,170.674038,22.32,D,4.24619563946313e-08,106101.84006654496,50.25722915699808,1669510374.7985272,1669.5103747985272,7,5.5,550.0,6.514156594356944,43.74307256264113,7,5.5,550.0
8.0,V2V,wn_3,we_8,-59.31,82.31,0.17,True,2,1.173205060797e-09,1.154295673766e-09,0.983882,61.043527,17.86,D,1.1721953655481303e-09,2929.0239019193655,34.667229156998076,1151669671.8265204,1151.6696718265205,7,5.5,550.0,6.514156594356944,28.153072562641132,7,5.5,550.0
8.0,V2V,wn_3,we_9,-62.91,85.91,0.29,True,2,5.117507454957e-10,4.39152681995e-10,0.858138,6.049096,7.82,D,5.116818355403082e-10,1278.5653061976718,31.06722915699808,1032143806.5898898,1032.1438065898897,7,5.5,550.0,6.514156594356944,24.553072562641137,6,4.4,440.00000000000006
8.0,V2V,wn_3,we_10,-66.08,89.08,0.18,True,2,2.463531568969e-10,2.210019905078e-10,0.897094,8.717626,9.4,D,2.4660393372343414e-10,616.2017334418643,27.89722915699808,926959830.357007,926.959830357007,7,5.5,550.0,6.514156594356944,21.383072562641136,6,4.4,440.00000000000006
8.0,V2V,wn_3,wn_0,-66.43,89.43,0.22,True,2,2.275699399473e-10,1.746185175826e-10,0.767318,3.297712,5.18,D,2.2750974307720667e-10,568.4901126366983,27.547229156998068,915352698.4168464,915.3526984168464,7,5.5,550.0,6.514156594356944,21.033072562641124,6,4.4,440.00000000000006
8.0,V2V,wn_3,wn_1,-63.95,86.95,0.27,True,2,4.026272803707e-10,3.322099181216e-10,0.825105,4.717727,6.74,D,4.027170343254586e-10,1006.2894410931,30.027229156998068,997626258.094572,997.626258094572,7,5.5,550.0,6.514156594356944,23.513072562641124,6,4.4,440.00000000000006
8.0,V2V,wn_3,wn_2,-60.09,83.09,0.13,True,2,9.78846289696e-10,9.667503930303e-10,0.987643,79.92383,19.03,D,9.79489985408698e-10,2447.5012129152874,33.887229156998075,1125768319.5377517,1125.7683195377515,7,5.5,550.0,6.514156594356944,27.37307256264113,7,5.5,550.0
8.0,V2V,wn_3,wn_4,-57.43,80.43,0.16,True,2,1.806933384772e-09,1.788109789132e-09,0.989583,94.992998,19.78,D,1.8071741260109255e-09,4515.677476289169,36.54722915699807,1214104618.3168352,1214.104618316835,7,5.5,550.0,6.514156594356944,30.033072562641127,7,5.5,550.0
8.0,V2V,wn_3,wn_5,-63.75,86.75,0.11,True,2,4.214271929015e-10,4.133004404959e-10,0.980716,50.856778,17.06,D,4.2169650342858224e-10,1053.71440137077,30.22722915699807,1004263667.9322876,1004.2636679322876,7,5.5,550.0,6.514156594356944,23.71307256264113,6,4.4,440.00000000000006
8.0,V2V,wn_4,we_0,-71.67,94.67,0.12,True,2,6.802075787809e-11,4.7193616346410006e-11,0.693812,2.265967,3.55,D,6.807693586937417e-11,170.10728603042023,22.307229156998076,741875738.324409,741.875738324409,6,4.4,440.00000000000006,6.514156594356944,15.793072562641132,5,3.3,330.0
8.0,V2V,wn_4,we_1,-71.84,94.84,0.1,True,2,6.540344204935001e-11,5.711244466579e-11,0.873233,6.888489,8.38,D,6.546361740672747e-11,163.57725488937396,22.137229156998075,736262115.4175098,736.2621154175098,6,4.4,440.00000000000006,6.514156594356944,15.62307256264113,5,3.3,330.0
8.0,V2V,wn_4,we_2,-70.61,93.61,0.13,True,2,8.694426256734001e-11,7.203940462653001e-11,0.82857,4.833284,6.84,D,8.689604292863019e-11,217.13154155080005,23.367229156998075,776905458.6753805,776.9054586753805,6,4.4,440.00000000000006,6.514156594356944,16.85307256264113,5,3.3,330.0
8.0,V2V,wn_4,we_3,-69.97,92.97,0.08,True,2,1.006550441364e-10,9.601552743325e-11,0.953907,20.695157,13.16,D,1.0069316688518043e-10,251.607113656123,24.007229156998076,798075145.7134174,798.0751457134174,6,4.4,440.00000000000006,6.514156594356944,17.49307256264113,5,3.3,330.0
8.0,V2V,wn_4,we_4,-66.89,89.89,0.01,True,2,2.047236537031e-10,2.047059735052e-10,0.999914,11578.26255,40.64,D,2.046444636724674e-10,511.35548144044816,27.08722915699807,900100131.5151122,900.1001315151121,7,5.5,550.0,6.514156594356944,20.57307256264113,6,4.4,440.00000000000006
8.0,V2V,wn_4,we_5,-64.61,87.61,0.08,True,2,3.459670278864e-10,3.413118300881e-10,0.986544,73.318438,18.65,D,3.4593937782612166e-10,864.4162364470807,29.36722915699807,975725037.7812028,975.7250377812028,7,5.5,550.0,6.514156594356944,22.853072562641128,6,4.4,440.00000000000006
8.0,V2V,wn_4,we_6,-61.07,84.07,0.27,True,2,7.808240866389e-10,7.264298083053e-10,0.930337,13.354894,11.26,D,7.816278045883292e-10,1953.092964988329,32.90722915699807,1093228338.909082,1093.228338909082,7,5.5,550.0,6.514156594356944,26.393072562641127,7,5.5,550.0
8.0,V2V,wn_4,we_7,-55.49,78.49,0.01,True,2,2.824441230751e-09,2.824314508842e-09,0.999955,22287.499645,43.48,D,2.8248799749157044e-09,7058.670601988267,38.48722915699807,1278538515.484912,1278.5385154849118,7,5.5,550.0,6.514156594356944,31.973072562641125,7,5.5,550.0
8.0,V2V,wn_4,we_8,-45.23,68.23,0.42,True,2,3.001064739942e-08,2.980616697617e-08,0.993186,145.765382,21.64,D,2.9991625189876535e-08,74941.592178602,48.747229156998074,1619349825.925193,1619.349825925193,7,5.5,550.0,6.514156594356944,42.23307256264113,7,5.5,550.0
8.0,V2V,wn_4,we_9,-57.62,80.62,0.07,True,2,1.729012338645e-09,1.725888576918e-09,0.998193,552.503273,27.42,D,1.729816359215103e-09,4322.379708183666,36.35722915699808,1207794383.36086,1207.79438336086,7,5.5,550.0,6.514156594356944,29.843072562641137,7,5.5,550.0
8.0,V2V,wn_4,we_10,-62.45,85.45,0.24,True,2,5.694068799152e-10,5.25603290326e-10,0.923072,11.999092,10.79,D,5.688529308438414e-10,1421.4216163014526,31.527229156998075,1047413343.8502268,1047.4133438502267,7,5.5,550.0,6.514156594356944,25.01307256264113,7,5.5,550.0
8.0,V2V,wn_4,wn_0,-68.84,91.84,0.17,True,2,1.307335946645e-10,1.013660880895e-10,0.775364,3.451641,5.38,D,1.3061708881318403e-10,326.37953226682663,25.13722915699807,835482031.7267324,835.4820317267324,7,5.5,550.0,6.514156594356944,18.623072562641127,5,3.3,330.0
8.0,V2V,wn_4,wn_1,-66.63,89.63,0.22,True,2,2.173391414227e-10,1.622236538544e-10,0.746408,2.943341,4.69,D,2.1727011788637477e-10,542.9038427945396,27.347229156998083,908720780.8556516,908.7207808556516,7,5.5,550.0,6.514156594356944,20.83307256264114,6,4.4,440.00000000000006
8.0,V2V,wn_4,wn_2,-64.79,87.79,0.13,True,2,3.320694469369e-10,3.210473292277e-10,0.966808,29.127554,14.64,D,3.318944575526096e-10,829.321483139954,29.187229156998065,969752621.5792,969.7526215792,7,5.5,550.0,6.514156594356944,22.67307256264112,6,4.4,440.00000000000006
8.0,V2V,wn_4,wn_3,-57.43,80.43,0.16,True,2,1.806929324059e-09,1.788109789132e-09,0.989585,95.013495,19.78,D,1.8071741260109255e-09,4515.677476289169,36.54722915699807,1214104618.3168352,1214.104618316835,7,5.5,550.0,6.514156594356944,30.033072562641127,7,5.5,550.0
8.0,V2V,wn_4,wn_5,-58.14,81.14,0.01,True,2,1.533151742756e-09,1.533004697531e-09,0.999904,10425.395936,40.18,D,1.534616982799294e-09,3834.6251444260215,35.83722915699808,1190524601.7347884,1190.5246017347883,7,5.5,550.0,6.514156594356944,29.323072562641133,7,5.5,550.0
8.0,V2V,wn_5,we_0,-72.73,95.73,0.11,True,2,5.3387578675170006e-11,3.415673905777e-11,0.639788,1.776144,2.49,D,5.3333489548762025e-11,133.26709032674168,21.247229156998067,706896192.4617667,706.8961924617668,6,4.4,440.00000000000006,6.514156594356944,14.733072562641125,4,2.4,240.0
8.0,V2V,wn_5,we_1,-71.93,94.93,0.12,True,2,6.40556660241e-11,4.012778166505e-11,0.626452,1.67703,2.25,D,6.412095765851609e-11,160.2222830047878,22.04722915699807,733290734.6536359,733.2907346536358,6,4.4,440.00000000000006,6.514156594356944,15.533072562641127,5,3.3,330.0
8.0,V2V,wn_5,we_2,-72.86,95.86,0.06,True,2,5.1706301873590006e-11,4.8658230981310006e-11,0.94105,15.963615,12.03,D,5.176068319505682e-11,129.33703946790808,21.11722915699808,702610332.0212432,702.6103320212433,6,4.4,440.00000000000006,6.514156594356944,14.603072562641136,4,2.4,240.0
8.0,V2V,wn_5,we_3,-71.33,94.33,0.11,True,2,7.364144664195e-11,6.142534013013001e-11,0.834114,5.028226,7.01,D,7.36207097494736e-11,183.95979447644575,22.647229156998073,753106788.9633517,753.1067889633517,6,4.4,440.00000000000006,6.514156594356944,16.13307256264113,5,3.3,330.0
8.0,V2V,wn_5,we_4,-68.18,91.18,0.18,True,2,1.519681892319e-10,1.098026467403e-10,0.722537,2.604085,4.16,D,1.5205475297324935e-10,379.9469089786341,25.79722915699807,857344613.896235,857.3446138962349,7,5.5,550.0,6.514156594356944,19.283072562641127,5,3.3,330.0
8.0,V2V,wn_5,we_5,-67.72,90.72,0.12,True,2,1.691897331649e-10,1.575598784399e-10,0.931261,13.54788,11.32,D,1.690440931643263e-10,422.3990333941187,26.257229156998072,872587416.5499294,872.5874165499293,7,5.5,550.0,6.514156594356944,19.743072562641128,5,3.3,330.0
8.0,V2V,wn_5,we_6,-65.03,88.03,0.25,True,2,3.139028997413e-10,2.548533356943e-10,0.811886,4.315922,6.35,D,3.1405086938762166e-10,784.7348060660211,28.947229156998073,961789865.9343911,961.7898659343912,7,5.5,550.0,6.514156594356944,22.43307256264113,6,4.4,440.00000000000006
8.0,V2V,wn_5,we_7,-62.88,85.88,0.1,True,2,5.154175216904e-10,5.083406989934e-10,0.98627,71.83177,18.56,D,5.152286445817561e-10,1287.4278975056377,31.097229156998072,1033139608.8587122,1033.139608858712,7,5.5,550.0,6.514156594356944,24.583072562641128,6,4.4,440.00000000000006
8.0,V2V,wn_5,we_8,-55.92,78.92,0.01,True,2,2.561210733128e-09,2.561189202829e-09,0.999992,118957.435707,50.75,D,2.5585858869056427e-09,6393.268083222495,38.05722915699807,1264256351.5835245,1264.2563515835243,7,5.5,550.0,6.514156594356944,31.543072562641125,7,5.5,550.0
8.0,V2V,wn_5,we_9,-33.38,56.38,0.59,True,2,4.589671073562e-07,4.566423004915e-07,0.994935,196.421607,22.93,D,4.591980128368685e-07,1147421.3214314554,60.597229156998075,2012996505.8232195,2012.9965058232196,7,5.5,550.0,6.514156594356944,54.083072562641135,7,5.5,550.0
8.0,V2V,wn_5,we_10,-55.14,78.14,0.01,True,2,3.059919879399e-09,3.059813253544e-09,0.999965,28696.728862,44.58,D,3.0619634336906762e-09,7651.083042705336,38.83722915699807,1290163681.4991314,1290.1636814991314,7,5.5,550.0,6.514156594356944,32.32307256264113,7,5.5,550.0
8.0,V2V,wn_5,wn_0,-71.39,94.39,0.1,True,2,7.260894144927e-11,6.413917023547e-11,0.883351,7.572716,8.79,D,7.261059574351544e-11,181.43577147305209,22.58722915699807,751124482.644262,751.124482644262,6,4.4,440.00000000000006,6.514156594356944,16.073072562641126,5,3.3,330.0
8.0,V2V,wn_5,wn_1,-69.17,92.17,0.16,True,2,1.209752953484e-10,9.236024874693e-11,0.763464,3.227681,5.09,D,1.2105981335504829e-10,302.4982842454979,24.807229156998076,824554455.0349559,824.5544550349558,6,4.4,440.00000000000006,6.514156594356944,18.293072562641132,5,3.3,330.0
8.0,V2V,wn_5,wn_2,-66.93,89.93,0.21,True,2,2.025816819692e-10,1.511038180535e-10,0.745891,2.935316,4.68,D,2.0276827195212796e-10,506.6673462072162,27.04722915699807,898773965.6893762,898.7739656893763,7,5.5,550.0,6.514156594356944,20.533072562641127,6,4.4,440.00000000000006
8.0,V2V,wn_5,wn_3,-63.75,86.75,0.11,True,2,4.214265899555e-10,4.133004404959e-10,0.980718,50.860551,17.06,D,4.2169650342858224e-10,1053.71440137077,30.22722915699807,1004263667.9322876,1004.2636679322876,7,5.5,550.0,6.514156594356944,23.71307256264113,6,4.4,440.00000000000006
8.0,V2V,wn_5,wn_4,-58.14,81.14,0.01,True,2,1.533151751366e-09,1.533004697531e-09,0.999904,10424.785543,40.18,D,1.534616982799294e-09,3834.6251444260215,35.83722915699808,1190524601.7347884,1190.5246017347883,7,5.5,550.0,6.514156594356944,29.323072562641133,7,5.5,550.0
8.0,V2V,se_0,sn_0,-64.89,87.89,0.03,True,2,3.242893654114e-10,3.236720368558e-10,0.998096,524.310813,27.2,D,3.2433961734934936e-10,810.443821462642,29.087229156998077,966434740.6171144,966.4347406171146,7,5.5,550.0,6.514156594356944,22.573072562641133,6,4.4,440.00000000000006
8.0,V2V,se_0,sn_1,-62.08,85.08,0.19,True,2,6.188493366396e-10,5.932179935047e-10,0.958582,23.144241,13.64,D,6.194410750767812e-10,1547.8287733053,31.897229156998073,1059696194.4246272,1059.696194424627,7,5.5,550.0,6.514156594356944,25.38307256264113,7,5.5,550.0
8.0,V2V,se_0,sn_2,-58.03,81.03,0.11,True,2,1.573530595914e-09,1.565272871319e-09,0.994752,189.552564,22.78,D,1.5739828644662195e-09,3932.990665832632,35.94722915699808,1194177781.9204574,1194.1777819204574,7,5.5,550.0,6.514156594356944,29.433072562641133,7,5.5,550.0
8.0,V2V,se_0,sn_3,-48.26,71.26,0.57,True,2,1.491520994878e-08,1.460231153628e-08,0.979022,46.667899,16.69,D,1.4927944095789975e-08,37301.20963465761,45.71722915699808,1518697347.2082071,1518.697347208207,7,5.5,550.0,6.514156594356944,39.20307256264114,7,5.5,550.0
8.0,V2V,se_0,sn_4,-57.72,80.72,0.02,True,2,1.689382205939e-09,1.689213423171e-09,0.9999,10008.210254,40.0,D,1.690440931643263e-09,4223.990333941187,36.25722915699807,1204473232.541997,1204.473232541997,7,5.5,550.0,6.514156594356944,29.743072562641128,7,5.5,550.0
8.0,V2V,se_0,sn_5,-61.88,84.88,0.28,True,2,6.485538699443e-10,5.84214723778e-10,0.900796,9.080237,9.58,D,6.486344335482374e-10,1620.7756960225822,32.09722915699807,1066335858.226094,1066.335858226094,7,5.5,550.0,6.514156594356944,25.583072562641124,7,5.5,550.0
8.0,V2V,se_0,sn_6,-64.76,87.76,0.24,True,2,3.338892673651e-10,2.807474663636e-10,0.84084,5.282987,7.23,D,3.3419504002611355e-10,835.0700650327674,29.217229156998066,970748003.9066166,970.7480039066164,7,5.5,550.0,6.514156594356944,22.70307256264112,6,4.4,440.00000000000006
8.0,V2V,se_0,sn_7,-67.1,90.1,0.19,True,2,1.95088069919e-10,1.592041668245e-10,0.816063,4.436646,6.47,D,1.9498445997580494e-10,487.2175411689278,26.877229156998084,893138032.0417753,893.1380320417753,7,5.5,550.0,6.514156594356944,20.36307256264114,6,4.4,440.00000000000006
8.0,V2V,se_0,sn_8,-69.07,92.07,0.16,True,2,1.238222304522e-10,9.212301892285e-11,0.743994,2.906161,4.63,D,1.2387965865303716e-10,309.5443744453702,24.907229156998085,827865562.3174295,827.8655623174295,6,4.4,440.00000000000006,6.514156594356944,18.39307256264114,5,3.3,330.0
8.0,V2V,se_0,sn_9,-70.46,93.46,0.14,True,2,8.993289759203001e-11,6.528715169829e-11,0.725954,2.649023,4.23,D,8.994975815300364e-11,224.7620143753214,23.51722915699808,781865895.5414325,781.8658955414325,6,4.4,440.00000000000006,6.514156594356944,17.003072562641137,5,3.3,330.0
8.0,V2V,se_0,se_1,-56.46,79.46,0.03,True,2,2.257946913361e-09,2.257442699047e-09,0.999777,4477.149171,36.51,D,2.259435770220978e-09,5645.766542281304,37.51722915699808,1246320927.099185,1246.320927099185,7,5.5,550.0,6.514156594356944,31.003072562641133,7,5.5,550.0
8.0,V2V,se_0,se_2,-62.47,85.47,0.25,True,2,5.656727572154e-10,5.168502037245e-10,0.913691,10.5863,10.25,D,5.662392890382535e-10,1414.89077720703,31.507229156998076,1046749426.3882896,1046.7494263882895,7,5.5,550.0,6.514156594356944,24.99307256264113,6,4.4,440.00000000000006
8.0,V2V,se_0,se_3,-66.43,89.43,0.22,True,2,2.275730024422e-10,1.746185175826e-10,0.767308,3.297521,5.18,D,2.2750974307720667e-10,568.4901126366983,27.547229156998068,915352698.4168464,915.3526984168464,7,5.5,550.0,6.514156594356944,21.033072562641124,6,4.4,440.00000000000006
8.0,V2V,se_0,se_4,-68.64,91.64,0.17,True,2,1.366979806374e-10,1.008851379459e-10,0.738015,2.81701,4.5,D,1.3677288255958495e-10,341.7613257360943,25.337229156998077,842106052.700707,842.106052700707,7,5.5,550.0,6.514156594356944,18.823072562641133,5,3.3,330.0
8.0,V2V,se_0,se_5,-71.75,94.75,0.07,True,2,6.689638337729001e-11,6.365606582331e-11,0.951562,19.645008,12.93,D,6.683439175686148e-11,167.0024781530771,22.22722915699808,739233870.3688202,739.2338703688201,6,4.4,440.00000000000006,6.514156594356944,15.713072562641134,5,3.3,330.0
8.0,V2V,se_1,sn_0,-67.03,90.03,0.18,True,2,1.981403500111e-10,1.703180437746e-10,0.859583,6.121636,7.87,D,1.9815270258050967e-10,495.1341893565958,26.94722915699807,895458656.8726037,895.4586568726037,7,5.5,550.0,6.514156594356944,20.43307256264113,6,4.4,440.00000000000006
8.0,V2V,se_1,sn_1,-65.79,88.79,0.08,True,2,2.635822179257e-10,2.59341302859e-10,0.98391,61.152204,17.86,D,2.6363313858253764e-10,658.7534697214833,28.187229156998068,936578322.2649974,936.5783222649974,7,5.5,550.0,6.514156594356944,21.673072562641124,6,4.4,440.00000000000006
8.0,V2V,se_1,sn_2,-63.17,86.17,0.15,True,2,4.823699519572e-10,4.663397503716e-10,0.966768,29.091322,14.64,D,4.81947797625127e-10,1204.2673603826263,30.807229156998073,1023513749.4780024,1023.5137494780024,7,5.5,550.0,6.514156594356944,24.29307256264113,6,4.4,440.00000000000006
8.0,V2V,se_1,sn_3,-59.18,82.18,0.23,True,2,1.20646928889e-09,1.167979321728e-09,0.968097,30.345033,14.82,D,1.2078138351067795e-09,3018.025574979459,34.79722915699807,1155986726.3023975,1155.9867263023978,7,5.5,550.0,6.514156594356944,28.283072562641127,7,5.5,550.0
8.0,V2V,se_1,sn_4,-40.62,63.62,0.27,True,2,8.664469559928e-08,8.650014308354e-08,0.998332,598.39943,27.77,D,8.66961875758218e-08,216632.15286312287,53.35722915699808,1772489451.9835477,1772.4894519835475,7,5.5,550.0,6.514156594356944,46.84307256264114,7,5.5,550.0
8.0,V2V,se_1,sn_5,-56.16,79.16,0.06,True,2,2.42080249852e-09,2.41853918865e-09,0.999065,1068.585093,30.29,D,2.4210290467361798e-09,6049.547842918989,37.81722915699808,1256285006.0847592,1256.2850060847593,7,5.5,550.0,6.514156594356944,31.303072562641137,7,5.5,550.0
8.0,V2V,se_1,sn_6,-61.72,84.72,0.07,True,2,6.730572008274e-10,6.698784093768e-10,0.995277,210.733677,23.24,D,6.729766562843181e-10,1681.60084029065,32.25722915699808,1071647725.4536436,1071.6477254536435,7,5.5,550.0,6.514156594356944,25.743072562641135,7,5.5,550.0
8.0,V2V,se_1,sn_7,-64.77,87.77,0.21,True,2,3.333568833678e-10,2.951457555329e-10,0.885375,7.724079,8.88,D,3.334264127632354e-10,833.1494571794987,29.20722915699808,970416208.8808904,970.4162088808904,7,5.5,550.0,6.514156594356944,22.693072562641134,6,4.4,440.00000000000006
8.0,V2V,se_1,sn_8,-68.4,91.4,0.0,True,2,1.446690089867e-10,1.44668237063e-10,0.999995,187412.626051,52.73,D,1.445439770745925e-10,361.17935300997624,25.577229156998065,850056049.3768072,850.0560493768072,7,5.5,550.0,6.514156594356944,19.06307256264112,5,3.3,330.0
8.0,V2V,se_1,sn_9,-70.21,93.21,0.03,True,2,9.52394645646e-11,9.4784050066e-11,0.995218,208.126993,23.18,D,9.527961640236539e-11,238.08000100541076,23.767229156998084,790134964.3717892,790.1349643717892,6,4.4,440.00000000000006,6.514156594356944,17.25307256264114,5,3.3,330.0
8.0,V2V,se_1,se_0,-56.46,79.46,0.03,True,2,2.257949352272e-09,2.257442699047e-09,0.999776,4455.597212,36.49,D,2.259435770220978e-09,5645.766542281304,37.51722915699808,1246320927.099185,1246.320927099185,7,5.5,550.0,6.514156594356944,31.003072562641133,7,5.5,550.0
8.0,V2V,se_1,se_2,-57.21,80.21,0.02,True,2,1.900797959303e-09,1.900382335216e-09,0.999781,4572.358516,36.6,D,1.9010782799232993e-09,4750.320539538479,36.76722915699807,1221411282.3594246,1221.4112823594246,7,5.5,550.0,6.514156594356944,30.25307256264113,7,5.5,550.0
8.0,V2V,se_1,se_3,-64.21,87.21,0.23,True,2,3.788901069263e-10,3.350916538001e-10,0.884403,7.650765,8.84,D,3.7931498497368246e-10,947.8135556563778,29.76722915699808,988998081.1524714,988.9980811524714,7,5.5,550.0,6.514156594356944,23.253072562641137,6,4.4,440.00000000000006
8.0,V2V,se_1,se_4,-66.63,89.63,0.22,True,2,2.173661113143e-10,1.622235098673e-10,0.746315,2.941891,4.69,D,2.1727011788637477e-10,542.9038427945396,27.347229156998083,908720780.8556516,908.7207808556516,7,5.5,550.0,6.514156594356944,20.83307256264114,6,4.4,440.00000000000006
8.0,V2V,se_1,se_5,-69.0,92.0,0.17,True,2,1.259468155004e-10,9.194183884664e-11,0.730005,2.703776,4.32,D,1.2589254117941662e-10,314.57406591558373,24.97722915699807,830183483.8369669,830.1834838369668,6,4.4,440.00000000000006,6.514156594356944,18.463072562641127,5,3.3,330.0
8.0,V2V,se_2,sn_0,-68.64,91.64,0.17,True,2,1.367857296992e-10,1.008860350963e-10,0.737548,2.81022,4.49,D,1.3677288255958495e-10,341.7613257360943,25.337229156998077,842106052.700707,842.106052700707,7,5.5,550.0,6.514156594356944,18.823072562641133,5,3.3,330.0
8.0,V2V,se_2,sn_1,-67.27,90.27,0.2,True,2,1.873250746177e-10,1.383100546771e-10,0.738342,2.821789,4.51,D,1.8749945080674212e-10,468.5143698319393,26.70722915699808,887502550.3070229,887.502550307023,7,5.5,550.0,6.514156594356944,20.193072562641134,6,4.4,440.00000000000006
8.0,V2V,se_2,sn_2,-66.06,89.06,0.21,True,2,2.479963349194e-10,2.085892613032e-10,0.841098,5.293193,7.24,D,2.477422057633286e-10,619.0459914126151,27.917229156998076,927623141.998723,927.623141998723,7,5.5,550.0,6.514156594356944,21.403072562641132,6,4.4,440.00000000000006
8.0,V2V,se_2,sn_3,-63.6,86.6,0.27,True,2,4.360617496733e-10,3.671591760257e-10,0.841989,5.328671,7.27,D,4.3651583224016556e-10,1090.7442084961658,30.37722915699807,1009241916.2566586,1009.2419162566586,7,5.5,550.0,6.514156594356944,23.86307256264113,6,4.4,440.00000000000006
8.0,V2V,se_2,sn_4,-55.88,78.88,0.06,True,2,2.580683265749e-09,2.578056339127e-09,0.998982,981.396404,29.92,D,2.582260190634596e-09,6452.424264454262,38.097229156998075,1265584915.968765,1265.584915968765,7,5.5,550.0,6.514156594356944,31.58307256264113,7,5.5,550.0
8.0,V2V,se_2,sn_5,-38.72,61.72,0.51,True,2,1.343049895452e-07,1.336091412236e-07,0.994819,192.009001,22.83,D,1.342764961137864e-07,335523.4785451934,55.25722915699808,1835605849.805304,1835.6058498053037,7,5.5,550.0,6.514156594356944,48.74307256264113,7,5.5,550.0
8.0,V2V,se_2,sn_6,-53.91,76.91,0.1,True,2,4.0623982507e-09,4.054460549204e-09,0.998046,510.785213,27.08,D,4.064433291652127e-09,10156.005226517058,40.067229156998074,1331018746.8495946,1331.018746849595,7,5.5,550.0,6.514156594356944,33.553072562641134,7,5.5,550.0
8.0,V2V,se_2,sn_7,-60.69,83.69,0.26,True,2,8.534751540065e-10,8.038903494193e-10,0.941902,16.212434,12.1,D,8.531001140175894e-10,2131.6844428225622,33.28722915699807,1105845480.1464107,1105.8454801464106,7,5.5,550.0,6.514156594356944,26.77307256264113,7,5.5,550.0
8.0,V2V,se_2,sn_8,-65.59,88.59,0.03,True,2,2.763458625147e-10,2.759215060943e-10,0.998464,650.211692,28.13,D,2.760577856220345e-10,689.7995642729496,28.387229156998075,943212336.265104,943.212336265104,7,5.5,550.0,6.514156594356944,21.87307256264113,6,4.4,440.00000000000006
8.0,V2V,se_2,sn_9,-67.85,90.85,0.1,True,2,1.639569788777e-10,1.57131162386e-10,0.958368,23.020127,13.62,D,1.6405897731995418e-10,409.94247206385353,26.127229156998084,868279263.4588779,868.279263458878,7,5.5,550.0,6.514156594356944,19.61307256264114,5,3.3,330.0
8.0,V2V,se_2,se_0,-62.47,85.47,0.25,True,2,5.656694178222e-10,5.168502037245e-10,0.913697,10.587024,10.25,D,5.662392890382535e-10,1414.89077720703,31.507229156998076,1046749426.3882896,1046.7494263882895,7,5.5,550.0,6.514156594356944,24.99307256264113,6,4.4,440.00000000000006
8.0,V2V,se_2,se_1,-57.21,80.21,0.02,True,2,1.900797885233e-09,1.900382335216e-09,0.999781,4573.173522,36.6,D,1.9010782799232993e-09,4750.320539538479,36.76722915699807,1221411282.3594246,1221.4112823594246,7,5.5,550.0,6.514156594356944,30.25307256264113,7,5.5,550.0
8.0,V2V,se_2,se_3,-59.98,82.98,0.12,True,2,1.004822731837e-09,9.958181544587e-10,0.991039,110.590216,20.44,D,1.0046157902783966e-09,2510.2843335292264,33.99722915699808,1129420966.7851117,1129.4209667851117,7,5.5,550.0,6.514156594356944,27.483072562641137,7,5.5,550.0
8.0,V2V,se_2,se_4,-64.88,87.88,0.04,True,2,3.247552937806e-10,3.237847233759e-10,0.997011,333.60251,25.23,D,3.2508729738543473e-10,812.3120874198768,29.09722915699808,966766524.5121312,966.7665245121314,7,5.5,550.0,6.514156594356944,22.583072562641135,6,4.4,440.00000000000006
8.0,V2V,se_2,se_5,-66.93,89.93,0.21,True,2,2.025844620278e-10,1.511036851423e-10,0.74588,2.935148,4.68,D,2.0276827195212796e-10,506.6673462072162,27.04722915699807,898773965.6893762,898.7739656893763,7,5.5,550.0,6.514156594356944,20.533072562641127,6,4.4,440.00000000000006
8.0,V2V,se_3,sn_0,-70.99,93.99,0.13,True,2,7.952623682253e-11,5.8053472361410005e-11,0.729991,2.703586,4.32,D,7.961593504173199e-11,198.94036742061965,22.987229156998083,764342596.750064,764.342596750064,6,4.4,440.00000000000006,6.514156594356944,16.47307256264114,5,3.3,330.0
8.0,V2V,se_3,sn_1,-69.73,92.73,0.16,True,2,1.063819147338e-10,7.340748144847e-11,0.690037,2.226194,3.48,D,1.064143018224314e-10,265.90280315450127,24.247229156998067,806017064.728106,806.017064728106,6,4.4,440.00000000000006,6.514156594356944,17.733072562641123,5,3.3,330.0
8.0,V2V,se_3,sn_2,-68.78,91.78,0.17,True,2,1.325012661493e-10,9.817619786404e-11,0.740945,2.860189,4.56,D,1.3243415351946644e-10,330.91992383674767,25.197229156998073,837469142.1052219,837.4691421052219,7,5.5,550.0,6.514156594356944,18.68307256264113,5,3.3,330.0
8.0,V2V,se_3,sn_3,-67.82,90.82,0.16,True,2,1.653583665616e-10,1.421556289307e-10,0.859682,6.126675,7.87,D,1.6519617982290182e-10,412.7840575284903,26.157229156998085,869273425.1193863,869.2734251193863,7,5.5,550.0,6.514156594356944,19.64307256264114,5,3.3,330.0
8.0,V2V,se_3,sn_4,-63.85,86.85,0.21,True,2,4.121096284086e-10,3.789403335035e-10,0.919513,11.424431,10.58,D,4.120975190973304e-10,1029.7289332766877,30.127229156998077,1000944925.9428844,1000.9449259428844,7,5.5,550.0,6.514156594356944,23.613072562641133,6,4.4,440.00000000000006
8.0,V2V,se_3,sn_5,-60.71,83.71,0.01,True,2,8.491410956724e-10,8.490366408728e-10,0.999877,8128.268343,39.1,D,8.491804750363144e-10,2121.8902424695507,33.26722915699808,1105181406.7710266,1105.1814067710266,7,5.5,550.0,6.514156594356944,26.753072562641133,7,5.5,550.0
8.0,V2V,se_3,sn_6,-54.09,77.09,0.03,True,2,3.90213419431e-09,3.901636096375e-09,0.999872,7833.070221,38.94,D,3.899419866765428e-09,9743.677827999569,39.88722915699807,1325039877.35182,1325.03987735182,7,5.5,550.0,6.514156594356944,33.37307256264113,7,5.5,550.0
8.0,V2V,se_3,sn_7,-41.08,64.08,0.78,True,2,7.798481604574e-08,7.681261865513e-08,0.984969,65.528741,18.16,D,7.798301105232594e-08,194860.09758202385,52.89722915699808,1757208657.15616,1757.20865715616,7,5.5,550.0,6.514156594356944,46.38307256264113,7,5.5,550.0
8.0,V2V,se_3,sn_8,-58.95,81.95,0.25,True,2,1.273815060161e-09,1.230024027909e-09,0.965622,28.088491,14.49,D,1.2735030810166603e-09,3182.166619232034,35.02722915699807,1163624695.9841523,1163.6246959841524,7,5.5,550.0,6.514156594356944,28.513072562641124,7,5.5,550.0
8.0,V2V,se_3,sn_9,-63.55,86.55,0.12,True,2,4.419280243588e-10,4.324711045812e-10,0.978601,45.730652,16.6,D,4.41570447353313e-10,1103.3744311676985,30.42722915699808,1010901367.634741,1010.901367634741,7,5.5,550.0,6.514156594356944,23.913072562641137,6,4.4,440.00000000000006
8.0,V2V,se_3,se_0,-66.43,89.43,0.22,True,2,2.275697904223e-10,1.746185175826e-10,0.767319,3.297721,5.18,D,2.2750974307720667e-10,568.4901126366983,27.547229156998068,915352698.4168464,915.3526984168464,7,5.5,550.0,6.514156594356944,21.033072562641124,6,4.4,440.00000000000006
8.0,V2V,se_3,se_1,-64.21,87.21,0.23,True,2,3.788876729905e-10,3.350916538001e-10,0.884409,7.65119,8.84,D,3.7931498497368246e-10,947.8135556563778,29.76722915699808,988998081.1524714,988.9980811524714,7,5.5,550.0,6.514156594356944,23.253072562641137,6,4.4,440.00000000000006
8.0,V2V,se_3,se_2,-59.98,82.98,0.12,True,2,1.004821881068e-09,9.958181544587e-10,0.991039,110.600665,20.44,D,1.0046157902783966e-09,2510.2843335292264,33.99722915699808,1129420966.7851117,1129.4209667851117,7,5.5,550.0,6.514156594356944,27.483072562641137,7,5.5,550.0
8.0,V2V,se_3,se_4,-57.51,80.51,0.18,True,2,1.774799121757e-09,1.752880708912e-09,0.98765,79.972976,19.03,D,1.774189480890168e-09,4433.257073688575,36.46722915699808,1211447669.6767323,1211.4476696767326,7,5.5,550.0,6.514156594356944,29.953072562641136,7,5.5,550.0
8.0,V2V,se_3,se_5,-63.41,86.41,0.25,True,2,4.560148119731e-10,4.054663903294e-10,0.889152,8.021346,9.04,D,4.5603691595129686e-10,1139.5225286139353,30.56722915699808,1015547922.8987366,1015.5479228987366,7,5.5,550.0,6.514156594356944,24.053072562641137,6,4.4,440.00000000000006
8.0,V2V,se_4,sn_0,-72.54,95.54,0.11,True,2,5.574626736599e-11,4.155382437089e-11,0.74541,2.927884,4.67,D,5.571857489319293e-11,139.22682382107178,21.43722915699807,713161853.6927099,713.1618536927099,6,4.4,440.00000000000006,6.514156594356944,14.923072562641128,4,2.4,240.0
8.0,V2V,se_4,sn_1,-72.23,95.23,0.1,True,2,5.987870615085e-11,5.058635116879001e-11,0.844814,5.443868,7.36,D,5.984115950603186e-11,149.52813469773076,21.747229156998067,723388935.1147792,723.3889351147792,6,4.4,440.00000000000006,6.514156594356944,15.233072562641125,5,3.3,330.0
8.0,V2V,se_4,sn_2,-71.34,94.34,0.1,True,2,7.340974370734001e-11,6.419710842954001e-11,0.874504,6.968376,8.43,D,7.345138681571143e-11,183.5366986899336,22.63722915699807,752776394.2391318,752.7763942391318,6,4.4,440.00000000000006,6.514156594356944,16.123072562641127,5,3.3,330.0
8.0,V2V,se_4,sn_3,-70.62,93.62,0.03,True,2,8.659969801777001e-11,8.612356378405001e-11,0.994502,180.880848,22.57,D,8.669618757582162e-11,216.63215286312249,23.357229156998073,776574790.5137926,776.5747905137927,6,4.4,440.00000000000006,6.514156594356944,16.84307256264113,5,3.3,330.0
8.0,V2V,se_4,sn_4,-66.91,89.91,0.18,True,2,2.034726159987e-10,1.765841962514e-10,0.867852,6.567295,8.17,D,2.0370420777057192e-10,509.0060164182206,27.06722915699807,899437045.6085393,899.4370456085394,7,5.5,550.0,6.514156594356944,20.55307256264113,6,4.4,440.00000000000006
8.0,V2V,se_4,sn_5,-64.76,87.76,0.22,True,2,3.3456003958e-10,2.952193883209e-10,0.882411,7.504182,8.75,D,3.3419504002611355e-10,835.0700650327674,29.217229156998066,970748003.9066166,970.7480039066164,7,5.5,550.0,6.514156594356944,22.70307256264112,6,4.4,440.00000000000006
8.0,V2V,se_4,sn_6,-61.67,84.67,0.26,True,2,6.806830131109e-10,6.285421495148e-10,0.923399,12.054694,10.81,D,6.807693586937417e-10,1701.072860304202,32.307229156998076,1073307708.0175794,1073.3077080175794,7,5.5,550.0,6.514156594356944,25.793072562641132,7,5.5,550.0
8.0,V2V,se_4,sn_7,-56.15,79.15,0.07,True,2,2.427373853635e-09,2.423496243637e-09,0.998403,624.99742,27.96,D,2.4266100950824143e-09,6063.4934909605545,37.82722915699807,1256617144.0544674,1256.6171440544674,7,5.5,550.0,6.514156594356944,31.31307256264113,7,5.5,550.0
8.0,V2V,se_4,sn_8,-43.31,66.31,0.26,True,2,4.663872449598e-08,4.65445219212e-08,0.99798,494.0897,26.94,D,4.6665938031428816e-08,116606.5418076682,50.66722915699807,1683130157.49534,1683.1301574953402,7,5.5,550.0,6.514156594356944,44.15307256264113,7,5.5,550.0
8.0,V2V,se_4,sn_9,-57.62,80.62,0.18,True,2,1.729809218293e-09,1.707313620695e-09,0.986995,75.895455,18.8,D,1.729816359215103e-09,4322.379708183666,36.35722915699808,1207794383.36086,1207.79438336086,7,5.5,550.0,6.514156594356944,29.843072562641137,7,5.5,550.0
8.0,V2V,se_4,se_0,-68.64,91.64,0.17,True,2,1.366957405304e-10,1.008851379459e-10,0.738027,2.817186,4.5,D,1.3677288255958495e-10,341.7613257360943,25.337229156998077,842106052.700707,842.106052700707,7,5.5,550.0,6.514156594356944,18.823072562641133,5,3.3,330.0
8.0,V2V,se_4,se_1,-66.63,89.63,0.22,True,2,2.17362633472e-10,1.622235098673e-10,0.746327,2.942076,4.69,D,2.1727011788637477e-10,542.9038427945396,27.347229156998083,908720780.8556516,908.7207808556516,7,5.5,550.0,6.514156594356944,20.83307256264114,6,4.4,440.00000000000006
8.0,V2V,se_4,se_2,-64.88,87.88,0.04,True,2,3.247552019715e-10,3.237847233759e-10,0.997012,333.63407,25.23,D,3.2508729738543473e-10,812.3120874198768,29.09722915699808,966766524.5121312,966.7665245121314,7,5.5,550.0,6.514156594356944,22.583072562641135,6,4.4,440.00000000000006
8.0,V2V,se_4,se_3,-57.51,80.51,0.18,True,2,1.774795146882e-09,1.752880708912e-09,0.987652,79.987482,19.03,D,1.774189480890168e-09,4433.257073688575,36.46722915699808,1211447669.6767323,1211.4476696767326,7,5.5,550.0,6.514156594356944,29.953072562641136,7,5.5,550.0
8.0,V2V,se_4,se_5,-58.18,81.18,0.15,True,2,1.51963652946e-09,1.505008111523e-09,0.990374,102.882493,20.12,D,1.5205475297324967e-09,3799.469089786349,35.79722915699808,1189196178.525545,1189.1961785255448,7,5.5,550.0,6.514156594356944,29.283072562641134,7,5.5,550.0
8.0,V2V,se_5,sn_0,-73.64,96.64,0.1,True,2,4.325157073546e-11,3.055606747933e-11,0.706473,2.406842,3.81,D,4.325138310350088e-11,108.07442054847796,20.337229156998077,676916899.927591,676.916899927591,6,4.4,440.00000000000006,6.514156594356944,13.823072562641132,4,2.4,240.0
8.0,V2V,se_5,sn_1,-73.36,96.36,0.1,True,2,4.615644057216e-11,3.612629984038e-11,0.782692,3.601774,5.57,D,4.6131757456037906e-11,115.27175776121416,20.61722915699807,686135690.0636741,686.1356900636741,6,4.4,440.00000000000006,6.514156594356944,14.103072562641128,4,2.4,240.0
8.0,V2V,se_5,sn_2,-73.04,96.04,0.08,True,2,4.966212566021e-11,4.410059898078e-11,0.888013,7.929585,8.99,D,4.965923214503358e-11,124.08603734391198,20.93722915699807,696677694.8271847,696.6776948271847,6,4.4,440.00000000000006,6.514156594356944,14.423072562641128,4,2.4,240.0
8.0,V2V,se_5,sn_3,-72.5,95.5,0.02,True,2,5.624106418618001e-11,5.608357930088001e-11,0.9972,356.120393,25.52,D,5.6234132519034906e-11,140.51507376070688,21.47722915699807,714481192.2560322,714.4811922560323,6,4.4,440.00000000000006,6.514156594356944,14.96307256264113,4,2.4,240.0
8.0,V2V,se_5,sn_4,-68.87,91.87,0.17,True,2,1.296343085315e-10,9.79743722528e-11,0.755775,3.094585,4.91,D,1.2971792709839543e-10,324.1327513703034,25.10722915699807,834488507.9114672,834.4885079114672,7,5.5,550.0,6.514156594356944,18.59307256264113,5,3.3,330.0
8.0,V2V,se_5,sn_5,-67.69,90.69,0.18,True,2,1.703646402156e-10,1.418048652779e-10,0.832361,4.965195,6.96,D,1.70215850839495e-10,425.326963616929,26.287229156998073,873581649.3132524,873.5816493132525,7,5.5,550.0,6.514156594356944,19.77307256264113,5,3.3,330.0
8.0,V2V,se_5,sn_6,-66.34,89.34,0.01,True,2,2.320075295171e-10,2.319378994017e-10,0.9997,3330.999786,35.23,D,2.3227367963571048e-10,580.3940020882321,27.63722915699807,918337237.786016,918.337237786016,7,5.5,550.0,6.514156594356944,21.123072562641127,6,4.4,440.00000000000006
8.0,V2V,se_5,sn_7,-63.24,86.24,0.07,True,2,4.741205194269e-10,4.708086226316e-10,0.993015,142.156792,21.53,D,4.742419852602447e-10,1185.012456922151,30.737229156998076,1021190344.7535408,1021.1903447535408,7,5.5,550.0,6.514156594356944,24.223072562641132,6,4.4,440.00000000000006
8.0,V2V,se_5,sn_8,-56.49,79.49,0.11,True,2,2.243797338501e-09,2.235129394657e-09,0.996137,257.861545,24.11,D,2.243881923782766e-09,5606.901358777526,37.48722915699808,1245324525.768144,1245.324525768144,7,5.5,550.0,6.514156594356944,30.973072562641132,7,5.5,550.0
8.0,V2V,se_5,sn_9,-33.96,56.96,0.48,True,2,4.019276400934e-07,4.005605975862e-07,0.996599,293.01254,24.67,D,4.0179081084894e-07,1003975.0396025486,60.01722915699808,1993729340.837475,1993.729340837475,7,5.5,550.0,6.514156594356944,53.50307256264114,7,5.5,550.0
8.0,V2V,se_5,se_0,-71.75,94.75,0.07,True,2,6.689616635827001e-11,6.365606582331e-11,0.951565,19.646324,12.93,D,6.683439175686148e-11,167.0024781530771,22.22722915699808,739233870.3688202,739.2338703688201,6,4.4,440.00000000000006,6.514156594356944,15.713072562641134,5,3.3,330.0
8.0,V2V,se_5,se_1,-69.0,92.0,0.17,True,2,1.259447110736e-10,9.194183884664e-11,0.730017,2.703943,4.32,D,1.2589254117941662e-10,314.57406591558373,24.97722915699807,830183483.8369669,830.1834838369668,6,4.4,440.00000000000006,6.514156594356944,18.463072562641127,5,3.3,330.0
8.0,V2V,se_5,se_2,-66.93,89.93,0.21,True,2,2.025479059182e-10,1.511036851423e-10,0.746015,2.937233,4.68,D,2.0276827195212796e-10,506.6673462072162,27.04722915699807,898773965.6893762,898.7739656893763,7,5.5,550.0,6.514156594356944,20.533072562641127,6,4.4,440.00000000000006
8.0,V2V,se_5,se_3,-63.41,86.41,0.25,True,2,4.560113341309e-10,4.054663903294e-10,0.889159,8.021898,9.04,D,4.5603691595129686e-10,1139.5225286139353,30.56722915699808,1015547922.8987366,1015.5479228987366,7,5.5,550.0,6.514156594356944,24.053072562641137,6,4.4,440.00000000000006
8.0,V2V,se_5,se_4,-58.18,81.18,0.15,True,2,1.519634204899e-09,1.505008111523e-09,0.990375,102.898845,20.12,D,1.5205475297324967e-09,3799.469089786349,35.79722915699808,1189196178.525545,1189.1961785255448,7,5.5,550.0,6.514156594356944,29.283072562641134,7,5.5,550.0
9.0,V2I,BS_1,we_0,-94.76,124.76,874.71,False,1,3.338407789138e-13,3.338407789138e-13,1.0,inf,inf,D,3.341950400261136e-13,0.8350700650327675,-0.7827708430019352,87583514.78344652,87.58351478344652,1,0.38,38.0,6.514156594356944,-7.296927437358879,0,0.15,15.0
9.0,V2I,BS_1,we_1,-94.9,124.9,888.69,False,1,3.2341444399089997e-13,3.2341444399089997e-13,1.0,inf,inf,D,3.235936569296281e-13,0.8085798523978712,-0.9227708430019288,85485729.72555956,85.48572972555957,1,0.38,38.0,6.514156594356944,-7.436927437358872,0,0.15,15.0
9.0,V2I,BS_1,we_2,-95.05,125.05,904.17,False,1,3.124398125154e-13,3.124398125154e-13,1.0,inf,inf,D,3.126079367123962e-13,0.7811292771424192,-1.0727708430019167,83279223.32972535,83.27922332972535,1,0.38,38.0,6.514156594356944,-7.58692743735886,0,0.15,15.0
9.0,V2I,BS_1,we_3,-95.21,125.21,921.14,False,1,3.010307598821e-13,3.010307598821e-13,1.0,inf,inf,D,3.0130060241861283e-13,0.7528750685122757,-1.232770843001917,80972317.55266409,80.97231755266408,1,0.38,38.0,6.514156594356944,-7.746927437358861,0,0.15,15.0
9.0,V2I,BS_1,we_4,-95.58,125.58,960.56,False,1,2.768300678813e-13,2.768300678813e-13,1.0,inf,inf,D,2.766941645411513e-13,0.6913897164946309,-1.602770843001924,75820911.23058629,75.82091123058629,1,0.38,38.0,6.514156594356944,-8.116927437358868,0,0.15,15.0
9.0,V2I,BS_1,we_5,-95.73,125.73,977.78,False,1,2.6716748575499997e-13,2.6716748575499997e-13,1.0,inf,inf,D,2.6730064086633085e-13,0.6679176433441549,-1.752770843001931,73804805.46864752,73.80480546864753,1,0.38,38.0,6.514156594356944,-8.266927437358875,0,0.15,15.0
9.0,V2I,BS_1,we_6,-95.9,125.9,996.52,False,1,2.5721408318869997e-13,2.5721408318869997e-13,1.0,inf,inf,D,2.570395782768865e-13,0.6422778067888217,-1.9227708430019248,71569819.32398963,71.56981932398963,1,0.38,38.0,6.514156594356944,-8.436927437358868,0,0.15,15.0
9.0,V2I,BS_1,we_7,-96.07,126.07,1016.79,False,1,2.4705856310499996e-13,2.4705856310499996e-13,1.0,inf,inf,D,2.471724145016135e-13,0.6176222251414628,-2.092770843001919,69387472.4238518,69.3874724238518,1,0.38,38.0,6.514156594356944,-8.606927437358863,0,0.15,15.0
9.0,V2I,BS_1,we_8,-96.34,126.34,1048.18,False,1,2.3248402833469997e-13,2.3248402833469997e-13,1.0,inf,inf,D,2.322736796357105e-13,0.5803940020882321,-2.36277084300193,66028427.612198,66.028427612198,1,0.38,38.0,6.514156594356944,-8.876927437358873,0,0.15,15.0
9.0,V2I,BS_1,we_9,-96.5,126.5,1068.65,False,1,2.236643132285e-13,2.236643132285e-13,1.0,inf,inf,D,2.2387211385683378e-13,0.5594005843499094,-2.522770843001931,64099158.02611695,64.09915802611695,1,0.38,38.0,6.514156594356944,-9.036927437358877,0,0.15,15.0
9.0,V2I,BS_1,we_10,-96.68,126.68,1090.66,False,1,2.147253569693e-13,2.147253569693e-13,1.0,inf,inf,D,2.147830474130529e-13,0.5366892738956843,-2.7027708430019364,61982547.45086924,61.98254745086924,1,0.38,38.0,6.514156594356944,-9.21692743735888,0,0.15,15.0
9.0,V2I,BS_1,we_11,-96.87,126.87,1114.24,False,1,2.057341005063e-13,2.057341005063e-13,1.0,inf,inf,D,2.055890595984136e-13,0.5137157911004837,-2.892770843001938,59809435.64069013,59.80943564069013,1,0.38,38.0,6.514156594356944,-9.40692743735888,0,0.15,15.0
9.0,V2I,BS_1,sn_0,-94.67,124.67,864.93,False,1,3.4142803976299997e-13,3.4142803976299997e-13,1.0,inf,inf,D,3.411929116219282e-13,0.8525560010542931,-0.6927708430019315,88951715.45268773,88.95171545268772,1,0.38,38.0,6.514156594356944,-7.206927437358876,0,0.15,15.0
9.0,V2I,BS_1,sn_1,-94.82,124.82,880.43,False,1,3.295124999472e-13,3.295124999472e-13,1.0,inf,inf,D,3.2960971217745826e-13,0.8236124742065423,-0.84277084300192,86679918.29347311,86.67991829347311,1,0.38,38.0,6.514156594356944,-7.356927437358864,0,0.15,15.0
9.0,V2I,BS_1,sn_2,-94.99,124.99,897.44,False,1,3.1714464926109997e-13,3.1714464926109997e-13,1.0,inf,inf,D,3.1695674630434997e-13,0.7919958678269613,-1.0127708430019149,84156731.06809947,84.15673106809948,1,0.38,38.0,6.514156594356944,-7.526927437358859,0,0.15,15.0
9.0,V2I,BS_1,sn_3,-95.16,125.16,915.96,False,1,3.0444759868049996e-13,3.0444759868049996e-13,1.0,inf,inf,D,3.0478949896279833e-13,0.76159295093153,-1.182770843001926,81688060.10378125,81.68806010378125,1,0.38,38.0,6.514156594356944,-7.69692743735887,0,0.15,15.0
9.0,V2I,BS_1,sn_4,-95.54,125.54,955.96,False,1,2.7950273303569996e-13,2.7950273303569996e-13,1.0,inf,inf,D,2.7925438412373364e-13,0.697787066775946,-1.5627708430019291,76365553.01691295,76.36555301691295,1,0.38,38.0,6.514156594356944,-8.076927437358872,0,0.15,15.0
9.0,V2I,BS_1,sn_5,-95.71,125.71,974.74,False,1,2.688342157135e-13,2.688342157135e-13,1.0,inf,inf,D,2.685344445658509e-13,0.6710006111090726,-1.732770843001924,74071226.10136235,74.07122610136234,1,0.38,38.0,6.514156594356944,-8.246927437358869,0,0.15,15.0
9.0,V2I,BS_1,sn_6,-95.88,125.88,995.06,False,1,2.5796546550099997e-13,2.5796546550099997e-13,1.0,inf,inf,D,2.5822601906346013e-13,0.6452424264454275,-1.902770843001918,71830018.07153457,71.83001807153457,1,0.38,38.0,6.514156594356944,-8.416927437358861,0,0.15,15.0
9.0,V2I,BS_1,sn_7,-96.07,126.07,1016.94,False,1,2.4698749390689997e-13,2.4698749390689997e-13,1.0,inf,inf,D,2.471724145016135e-13,0.6176222251414628,-2.092770843001919,69387472.4238518,69.3874724238518,1,0.38,38.0,6.514156594356944,-8.606927437358863,0,0.15,15.0
9.0,V2I,BS_1,sn_8,-96.34,126.34,1048.88,False,1,2.3217516364929997e-13,2.3217516364929997e-13,1.0,inf,inf,D,2.322736796357105e-13,0.5803940020882321,-2.36277084300193,66028427.612198,66.028427612198,1,0.38,38.0,6.514156594356944,-8.876927437358873,0,0.15,15.0
9.0,V2I,BS_1,sn_9,-96.52,126.52,1070.95,False,1,2.227020769702e-13,2.227020769702e-13,1.0,inf,inf,D,2.228435149270308e-13,0.5568303721315111,-2.5427708430019185,63861176.09768385,63.861176097683845,1,0.38,38.0,6.514156594356944,-9.056927437358862,0,0.15,15.0
9.0,V2I,BS_1,sn_10,-96.71,126.71,1094.59,False,1,2.1318689124829997e-13,2.1318689124829997e-13,1.0,inf,inf,D,2.1330449131465798e-13,0.5329947309211842,-2.73277084300192,61635273.829679385,61.635273829679385,1,0.38,38.0,6.514156594356944,-9.246927437358863,0,0.15,15.0
9.0,V2I,BS_1,ew_0,-72.52,102.52,25.32,True,4,5.592480677771e-11,5.052304061226001e-11,0.90341,9.35306,9.71,D,5.5975760149511046e-11,139.86946564095712,21.457229156998075,713821512.1917132,713.8215121917132,6,4.4,440.00000000000006,6.514156594356944,14.943072562641133,4,2.4,240.0
9.0,V2I,BS_1,ew_1,-72.16,102.16,42.33,True,4,6.081431235330001e-11,5.053481938466e-11,0.830969,4.916081,6.92,D,6.081350012787189e-11,151.9577714339627,21.81722915699808,725698959.8563031,725.6989598563031,6,4.4,440.00000000000006,6.514156594356944,15.303072562641136,5,3.3,330.0
9.0,V2I,BS_1,ew_2,-72.25,102.25,31.47,True,4,5.95557593042e-11,5.0352343822220005e-11,0.845466,5.47105,7.38,D,5.956621435290109e-11,148.84111532459042,21.72722915699808,722728973.3037908,722.7289733037908,6,4.4,440.00000000000006,6.514156594356944,15.213072562641134,5,3.3,330.0
9.0,V2I,BS_1,ew_3,-72.26,102.26,44.91,True,4,5.941240750242001e-11,4.99263755338e-11,0.840336,5.263146,7.21,D,5.942921586155714e-11,148.49879025876348,21.717229156998066,722398999.998577,722.398999998577,6,4.4,440.00000000000006,6.514156594356944,15.203072562641122,5,3.3,330.0
9.0,V2I,BS_1,ew_4,-72.78,102.78,0.45,True,2,5.2773964451940005e-11,4.827804475638e-11,0.914808,10.738191,10.31,D,5.272298614228222e-11,131.7415945584263,21.19722915699807,705247669.9596602,705.2476699596601,6,4.4,440.00000000000006,6.514156594356944,14.683072562641126,4,2.4,240.0
9.0,V2I,BS_1,ew_5,-72.84,102.84,0.46,True,2,5.197369357807e-11,4.7209531423010005e-11,0.908335,9.909304,9.96,D,5.199959965335152e-11,129.93403211732013,21.137229156998067,703269631.8269583,703.2696318269583,6,4.4,440.00000000000006,6.514156594356944,14.623072562641124,4,2.4,240.0
9.0,V2I,BS_1,ew_6,-72.79,102.79,0.53,True,2,5.2637078723490006e-11,4.587898463915e-11,0.87161,6.788746,8.32,D,5.260172663907052e-11,131.43859729902675,21.187229156998065,704917982.5643004,704.9179825643005,6,4.4,440.00000000000006,6.514156594356944,14.67307256264112,4,2.4,240.0
9.0,V2I,BS_1,ew_7,-73.43,103.43,0.25,True,2,4.5443441978180006e-11,4.428397926137e-11,0.974486,38.193534,15.82,D,4.539416166502023e-11,113.42868981764174,20.547229156998064,683830500.2978638,683.8305002978639,6,4.4,440.00000000000006,6.514156594356944,14.03307256264112,4,2.4,240.0
9.0,V2I,BS_1,ew_8,-73.17,103.17,0.51,True,2,4.821925714618e-11,4.1807994566320005e-11,0.867039,6.521024,8.14,D,4.8194779762512714e-11,120.42673603826265,20.807229156998073,692394230.2497392,692.3942302497392,6,4.4,440.00000000000006,6.514156594356944,14.293072562641129,4,2.4,240.0
9.0,V2I,BS_1,ew_9,-73.27,103.27,0.53,True,2,4.7121520227460005e-11,3.997444736337e-11,0.848327,5.593122,7.48,D,4.7097732639695287e-11,117.6854888548108,20.707229156998075,689099974.3651141,689.0999743651141,6,4.4,440.00000000000006,6.514156594356944,14.193072562641133,4,2.4,240.0
9.0,V2I,BS_1,ew_10,-73.49,103.49,0.52,True,2,4.473625549867e-11,3.7975358968540005e-11,0.848872,5.616912,7.49,D,4.477133041763632e-11,111.8723898491662,20.487229156998083,681854881.5840075,681.8548815840076,6,4.4,440.00000000000006,6.514156594356944,13.97307256264114,4,2.4,240.0
9.0,V2I,BS_1,ns_0,-72.45,102.45,23.69,True,4,5.6876035998970006e-11,4.792988575475e-11,0.842708,5.357599,7.29,D,5.6885293084384126e-11,142.1421616301452,21.527229156998075,716130486.125113,716.1304861251131,6,4.4,440.00000000000006,6.514156594356944,15.013072562641131,5,3.3,330.0
9.0,V2I,BS_1,ns_1,-72.03,102.03,40.15,True,4,6.264628017185e-11,4.7979429457220005e-11,0.765878,3.271284,5.15,D,6.266138646723349e-11,156.57517857879435,21.94722915699807,729989648.7503476,729.9896487503477,6,4.4,440.00000000000006,6.514156594356944,15.433072562641126,5,3.3,330.0
9.0,V2I,BS_1,ns_2,-72.64,102.64,27.63,True,4,5.4480590449150006e-11,4.782290535799e-11,0.877797,7.183113,8.56,D,5.4450265284242085e-11,136.0576343934085,21.33722915699807,709863888.1271144,709.8638881271144,6,4.4,440.00000000000006,6.514156594356944,14.823072562641126,4,2.4,240.0
9.0,V2I,BS_1,ns_3,-73.15,103.15,9.28,True,4,4.844518157875e-11,4.741161629962e-11,0.978665,45.871913,16.62,D,4.8417236758409896e-11,120.98260059572686,20.827229156998072,693053156.8510171,693.0531568510171,6,4.4,440.00000000000006,6.514156594356944,14.313072562641128,4,2.4,240.0
9.0,V2I,BS_1,ns_4,-72.78,102.78,0.53,True,2,5.2774944137020006e-11,4.589415653067e-11,0.86962,6.669899,8.24,D,5.272298614228222e-11,131.7415945584263,21.19722915699807,705247669.9596602,705.2476699596601,6,4.4,440.00000000000006,6.514156594356944,14.683072562641126,4,2.4,240.0
9.0,V2I,BS_1,ns_5,-72.89,102.89,0.52,True,2,5.138216024533e-11,4.483132615141001e-11,0.872508,6.843606,8.35,D,5.140436515824265e-11,128.4466895508312,21.087229156998077,701621426.0229679,701.621426022968,6,4.4,440.00000000000006,6.514156594356944,14.573072562641132,4,2.4,240.0
9.0,V2I,BS_1,ns_6,-73.55,103.55,0.19,True,2,4.41867354338e-11,4.350460963698e-11,0.984563,63.777986,18.05,D,4.41570447353313e-11,110.33744311676983,20.42722915699808,679879504.6735685,679.8795046735685,6,4.4,440.00000000000006,6.514156594356944,13.913072562641135,4,2.4,240.0
9.0,V2I,BS_1,ns_7,-73.09,103.09,0.54,True,2,4.909617981261e-11,4.191613375837e-11,0.853756,5.837864,7.66,D,4.9090787615260284e-11,122.6656362200407,20.887229156998075,695030085.4661661,695.0300854661662,6,4.4,440.00000000000006,6.514156594356944,14.37307256264113,4,2.4,240.0
9.0,V2I,BS_1,ns_8,-73.92,103.92,0.23,True,2,4.055422414984e-11,3.958700728335e-11,0.97615,40.928781,16.12,D,4.055085354483835e-11,101.32647062678248,20.05722915699807,667703559.0987384,667.7035590987384,6,4.4,440.00000000000006,6.514156594356944,13.543072562641123,4,2.4,240.0
9.0,V2I,BS_1,ns_9,-73.94,103.94,0.35,True,2,4.0349388327060006e-11,3.776602641725e-11,0.935975,14.618945,11.65,D,4.0364539296760486e-11,100.8609177830097,20.037229156998073,667045681.1092292,667.0456811092292,6,4.4,440.00000000000006,6.514156594356944,13.52307256264113,4,2.4,240.0
9.0,V2I,BS_1,ns_10,-74.42,104.42,0.13,True,2,3.612680922645e-11,3.579164048473e-11,0.990722,106.786929,20.29,D,3.6140986263961306e-11,90.30731200390132,19.55722915699807,651265849.2548863,651.2658492548862,5,3.3,330.0,6.514156594356944,13.043072562641123,4,2.4,240.0
9.0,V2I,BS_1,wn_0,-95.29,125.29,929.17,False,1,2.958490519014e-13,2.958490519014e-13,1.0,inf,inf,D,2.9580124665515466e-13,0.7391335498629551,-1.3127708430019256,79836872.29418416,79.83687229418416,1,0.38,38.0,6.514156594356944,-7.826927437358869,0,0.15,15.0
9.0,V2I,BS_1,wn_1,-95.5,125.5,952.15,False,1,2.817403596151e-13,2.817403596151e-13,1.0,inf,inf,D,2.818382931264449e-13,0.704243611010607,-1.5227708430019335,76913157.45757583,76.91315745757582,1,0.38,38.0,6.514156594356944,-8.036927437358877,0,0.15,15.0
9.0,V2I,BS_1,wn_2,-95.73,125.73,977.42,False,1,2.673624235978e-13,2.673624235978e-13,1.0,inf,inf,D,2.6730064086633085e-13,0.6679176433441549,-1.752770843001931,73804805.46864752,73.80480546864753,1,0.38,38.0,6.514156594356944,-8.266927437358875,0,0.15,15.0
9.0,V2I,BS_1,wn_3,-96.07,126.07,1016.6,False,1,2.471502463126e-13,2.471502463126e-13,1.0,inf,inf,D,2.471724145016135e-13,0.6176222251414628,-2.092770843001919,69387472.4238518,69.3874724238518,1,0.38,38.0,6.514156594356944,-8.606927437358863,0,0.15,15.0
9.0,V2I,BS_1,wn_4,-96.3,126.3,1043.31,False,1,2.3466015730089997e-13,2.3466015730089997e-13,1.0,inf,inf,D,2.3442288153199273e-13,0.5857643216691472,-2.322770843001917,66517837.17831133,66.51783717831134,1,0.38,38.0,6.514156594356944,-8.836927437358861,0,0.15,15.0
9.0,V2I,BS_1,wn_5,-96.53,126.53,1072.36,False,1,2.2211684866550003e-13,2.2211684866550003e-13,1.0,inf,inf,D,2.223309890651401e-13,0.5555496978139431,-2.552770843001931,63742448.78612787,63.74244878612787,1,0.38,38.0,6.514156594356944,-9.066927437358874,0,0.15,15.0
9.0,V2I,BS_1,wn_6,-96.8,126.8,1105.46,False,1,2.090166230622e-13,2.090166230622e-13,1.0,inf,inf,D,2.0892961308540411e-13,0.5220630012129037,-2.822770843001923,60602807.60926473,60.60280760926473,1,0.38,38.0,6.514156594356944,-9.336927437358868,0,0.15,15.0
9.0,V2I,BS_1,se_0,-95.33,125.33,933.26,False,1,2.9326552551299997e-13,2.9326552551299997e-13,1.0,inf,inf,D,2.930893245250325e-13,0.732357132746208,-1.3527708430019207,79273637.84072745,79.27363784072745,1,0.38,38.0,6.514156594356944,-7.866927437358864,0,0.15,15.0
9.0,V2I,BS_1,se_1,-95.54,125.54,956.43,False,1,2.7922717451729997e-13,2.7922717451729997e-13,1.0,inf,inf,D,2.7925438412373364e-13,0.697787066775946,-1.5627708430019291,76365553.01691295,76.36555301691295,1,0.38,38.0,6.514156594356944,-8.076927437358872,0,0.15,15.0
9.0,V2I,BS_1,se_2,-95.77,125.77,981.92,False,1,2.6491865459889997e-13,2.6491865459889997e-13,1.0,inf,inf,D,2.648500138606701e-13,0.6617941375828836,-1.7927708430019265,73274167.2671773,73.2741672671773,1,0.38,38.0,6.514156594356944,-8.30692743735887,0,0.15,15.0
9.0,V2I,BS_1,se_3,-96.1,126.1,1020.46,False,1,2.452843157292e-13,2.452843157292e-13,1.0,inf,inf,D,2.4547089156850336e-13,0.6133705436494337,-2.1227708430019203,69007782.10676207,69.00778210676206,1,0.38,38.0,6.514156594356944,-8.636927437358864,0,0.15,15.0
9.0,V2I,BS_1,se_4,-96.33,126.33,1047.39,False,1,2.3283483007389996e-13,2.3283483007389996e-13,1.0,inf,inf,D,2.328091257665013e-13,0.5817319484420321,-2.352770843001917,66150513.11511531,66.1505131151153,1,0.38,38.0,6.514156594356944,-8.86692743735886,0,0.15,15.0
9.0,V2I,BS_1,se_5,-96.57,126.57,1076.66,False,1,2.2034870309559997e-13,2.2034870309559997e-13,1.0,inf,inf,D,2.2029264630534562e-13,0.5504563875695792,-2.5927708430019267,63269294.52849409,63.26929452849409,1,0.38,38.0,6.514156594356944,-9.10692743735887,0,0.15,15.0
9.0,V2I,BS_1,se_6,-96.83,126.83,1109.12,False,1,2.076372788477e-13,2.076372788477e-13,1.0,inf,inf,D,2.0749135174549105e-13,0.5184691447913319,-2.8527708430019256,60261759.33201269,60.26175933201269,1,0.38,38.0,6.514156594356944,-9.36692743735887,0,0.15,15.0
9.0,V2V,we_0,we_1,-51.91,74.91,0.03,True,2,6.447461388711e-09,6.446875072761e-09,0.999909,10995.5649,40.41,D,6.441692655151775e-09,16096.183546106384,42.067229156998074,1397452066.7919652,1397.4520667919653,7,5.5,550.0,6.514156594356944,35.553072562641134,7,5.5,550.0
9.0,V2V,we_0,we_2,-58.35,81.35,0.02,True,2,1.46049757071e-09,1.460114617114e-09,0.999738,3812.771658,35.81,D,1.4621771744567183e-09,3653.616128077757,35.62722915699808,1183550416.16461,1183.5504161646102,7,5.5,550.0,6.514156594356944,29.113072562641133,7,5.5,550.0
9.0,V2V,we_0,we_3,-61.93,84.93,0.26,True,2,6.412342635361e-10,5.906391180783e-10,0.921097,11.67383,10.67,D,6.412095765851622e-10,1602.2228300478812,32.04722915699808,1064675924.2570788,1064.6759242570788,7,5.5,550.0,6.514156594356944,25.533072562641134,7,5.5,550.0
9.0,V2V,we_0,we_4,-66.43,89.43,0.22,True,2,2.274144892584e-10,1.74630623575e-10,0.767896,3.308409,5.2,D,2.2750974307720667e-10,568.4901126366983,27.547229156998068,915352698.4168464,915.3526984168464,7,5.5,550.0,6.514156594356944,21.033072562641124,6,4.4,440.00000000000006
9.0,V2V,we_0,we_5,-68.64,91.64,0.14,True,2,1.366434856733e-10,1.216934670091e-10,0.890591,8.140021,9.11,D,1.3677288255958495e-10,341.7613257360943,25.337229156998077,842106052.700707,842.106052700707,7,5.5,550.0,6.514156594356944,18.823072562641133,5,3.3,330.0
9.0,V2V,we_0,we_6,-70.26,93.26,0.09,True,2,9.412260101592e-11,8.752735494490001e-11,0.929929,13.27128,11.23,D,9.4188959652284e-11,235.35472176982503,23.717229156998066,788480987.6158897,788.4809876158897,6,4.4,440.00000000000006,6.514156594356944,17.203072562641122,5,3.3,330.0
9.0,V2V,we_0,we_7,-70.97,93.97,0.12,True,2,7.991255559778e-11,6.463222083349e-11,0.808787,4.229765,6.26,D,7.998342550070292e-11,199.85863443454,23.00722915699808,765003667.0516543,765.0036670516544,6,4.4,440.00000000000006,6.514156594356944,16.493072562641135,5,3.3,330.0
9.0,V2V,we_0,we_8,-73.44,96.44,0.05,True,2,4.526423973303e-11,4.365768358357e-11,0.964507,27.174701,14.34,D,4.5289757990362126e-11,113.16781107037012,20.53722915699808,683501213.8591897,683.5012138591898,6,4.4,440.00000000000006,6.514156594356944,14.023072562641136,4,2.4,240.0
9.0,V2V,we_0,we_9,-72.54,95.54,0.11,True,2,5.5704239746520005e-11,3.507713506327e-11,0.629703,1.700536,2.31,D,5.571857489319293e-11,139.22682382107178,21.43722915699807,713161853.6927099,713.1618536927099,6,4.4,440.00000000000006,6.514156594356944,14.923072562641128,4,2.4,240.0
9.0,V2V,we_0,we_10,-74.13,97.13,0.09,True,2,3.859529649513e-11,2.8412478902830003e-11,0.736164,2.790237,4.46,D,3.863669770540697e-11,96.54347252725378,19.84722915699808,660797342.7817565,660.7973427817565,5,3.3,330.0,6.514156594356944,13.333072562641137,4,2.4,240.0
9.0,V2V,we_0,we_11,-75.89,98.89,0.06,True,2,2.5740691127180003e-11,2.319697953134e-11,0.901179,9.119343,9.6,D,2.576321157002573e-11,64.37584100456203,18.08722915699807,603068569.5410335,603.0685695410335,5,3.3,330.0,6.514156594356944,11.573072562641126,4,2.4,240.0
9.0,V2V,we_0,wn_0,-63.18,86.18,0.27,True,2,4.812459928038e-10,4.183508877309e-10,0.869308,6.651565,8.23,D,4.80839348449729e-10,1201.4976223131655,30.79722915699808,1023181832.6033376,1023.1818326033376,7,5.5,550.0,6.514156594356944,24.283072562641134,6,4.4,440.00000000000006
9.0,V2V,we_0,wn_1,-65.65,88.65,0.24,True,2,2.72007360753e-10,2.106260806757e-10,0.77434,3.431438,5.35,D,2.72270130807791e-10,680.3351594397576,28.327229156998072,941222084.6915808,941.2220846915808,7,5.5,550.0,6.514156594356944,21.81307256264113,6,4.4,440.00000000000006
9.0,V2V,we_0,wn_2,-68.46,91.46,0.15,True,2,1.426202143866e-10,1.212558680587e-10,0.850201,5.675618,7.54,D,1.425607593602191e-10,356.22378650729405,25.517229156998084,848068433.8356937,848.0684338356937,7,5.5,550.0,6.514156594356944,19.00307256264114,5,3.3,330.0
9.0,V2V,we_0,wn_3,-71.12,94.12,0.12,True,2,7.732183169443e-11,6.446646399094e-11,0.833742,5.014751,7.0,D,7.726805850957022e-11,193.07360946919093,22.857229156998073,760046014.0508099,760.0460140508098,6,4.4,440.00000000000006,6.514156594356944,16.34307256264113,5,3.3,330.0
9.0,V2V,we_0,wn_4,-71.41,94.41,0.13,True,2,7.235263471886e-11,4.6022884921700005e-11,0.636091,1.747942,2.43,D,7.227698036021703e-11,180.60214982562977,22.56722915699807,750463747.1282498,750.4637471282498,6,4.4,440.00000000000006,6.514156594356944,16.05307256264113,5,3.3,330.0
9.0,V2V,we_0,wn_5,-73.12,96.12,0.11,True,2,4.876701738924e-11,3.374084062479e-11,0.691878,2.245471,3.51,D,4.875284901033861e-11,121.82121191988657,20.857229156998073,694041593.3617002,694.0415933617002,6,4.4,440.00000000000006,6.514156594356944,14.34307256264113,4,2.4,240.0
9.0,V2V,we_0,wn_6,-73.82,96.82,0.1,True,2,4.152106038306e-11,2.494568486909e-11,0.600796,1.504985,1.78,D,4.1495404263436315e-11,103.68666732492832,20.15722915699808,670993390.5118715,670.9933905118714,6,4.4,440.00000000000006,6.514156594356944,13.643072562641134,4,2.4,240.0
9.0,V2V,we_1,we_0,-51.91,74.91,0.03,True,2,6.447461411425e-09,6.446875072761e-09,0.999909,10995.13894,40.41,D,6.441692655151775e-09,16096.183546106384,42.067229156998074,1397452066.7919652,1397.4520667919653,7,5.5,550.0,6.514156594356944,35.553072562641134,7,5.5,550.0
9.0,V2V,we_1,we_2,-52.74,75.74,0.08,True,2,5.320740108145e-09,5.315746436132e-09,0.999061,1064.496511,30.27,D,5.321082592667942e-09,13296.058452443633,41.23722915699808,1369881951.0581558,1369.8819510581557,7,5.5,550.0,6.514156594356944,34.723072562641136,7,5.5,550.0
9.0,V2V,we_1,we_3,-59.15,82.15,0.04,True,2,1.215906187884e-09,1.214675623243e-09,0.998988,987.088026,29.94,D,1.2161860006463681e-09,3038.9455288514937,34.82722915699807,1156982975.768625,1156.982975768625,7,5.5,550.0,6.514156594356944,28.31307256264113,7,5.5,550.0
9.0,V2V,we_1,we_4,-65.33,88.33,0.22,True,2,2.931449495494e-10,2.502154225782e-10,0.853555,5.828516,7.66,D,2.9308932452503244e-10,732.3571327462079,28.64722915699808,951837212.7787848,951.8372127787848,7,5.5,550.0,6.514156594356944,22.133072562641136,6,4.4,440.00000000000006
9.0,V2V,we_1,we_5,-66.86,89.86,0.2,True,2,2.059823610029e-10,1.635458763228e-10,0.79398,3.853898,5.86,D,2.0606299132700007e-10,514.9000283033484,27.117229156998075,901094771.5414563,901.0947715414565,7,5.5,550.0,6.514156594356944,20.60307256264113,6,4.4,440.00000000000006
9.0,V2V,we_1,we_6,-69.12,92.12,0.12,True,2,1.22576464442e-10,1.121371317533e-10,0.914834,10.741791,10.31,D,1.2246161992650463e-10,306.0010492916158,24.857229156998063,826209977.6331819,826.2099776331819,6,4.4,440.00000000000006,6.514156594356944,18.34307256264112,5,3.3,330.0
9.0,V2V,we_1,we_7,-70.29,93.29,0.12,True,2,9.359008272294e-11,7.981533938407001e-11,0.852818,5.794325,7.63,D,9.3540567414755e-11,233.73455126125685,23.687229156998065,787488640.1744603,787.4886401744603,6,4.4,440.00000000000006,6.514156594356944,17.17307256264112,5,3.3,330.0
9.0,V2V,we_1,we_8,-71.12,94.12,0.13,True,2,7.721318235114e-11,5.183836331176e-11,0.671367,2.042906,3.1,D,7.726805850957022e-11,193.07360946919093,22.857229156998073,760046014.0508099,760.0460140508098,6,4.4,440.00000000000006,6.514156594356944,16.34307256264113,5,3.3,330.0
9.0,V2V,we_1,we_9,-72.05,95.05,0.12,True,2,6.239135512566001e-11,4.088647461867e-11,0.655323,1.901265,2.79,D,6.237348354824192e-11,155.85578098011473,21.927229156998074,729329489.1016493,729.3294891016493,6,4.4,440.00000000000006,6.514156594356944,15.41307256264113,5,3.3,330.0
9.0,V2V,we_1,we_10,-74.61,97.61,0.05,True,2,3.4628680316160006e-11,3.259679665536e-11,0.941324,16.042649,12.05,D,3.459393778261217e-11,86.44162364470806,19.36722915699807,645024828.4579943,645.0248284579943,5,3.3,330.0,6.514156594356944,12.853072562641128,4,2.4,240.0
9.0,V2V,we_1,we_11,-74.98,97.98,0.08,True,2,3.175091501277e-11,2.625195245914e-11,0.826809,4.773983,6.79,D,3.176874070649769e-11,79.38216068590125,18.99722915699807,632880345.2688832,632.8803452688833,5,3.3,330.0,6.514156594356944,12.483072562641128,4,2.4,240.0
9.0,V2V,we_1,wn_0,-60.9,83.9,0.28,True,2,8.123969744083e-10,7.529541815897e-10,0.92683,12.666871,11.03,D,8.128305161640994e-10,2031.0607600302335,33.07722915699807,1098872782.5002367,1098.8727825002368,7,5.5,550.0,6.514156594356944,26.56307256264113,7,5.5,550.0
9.0,V2V,we_1,wn_1,-64.19,87.19,0.27,True,2,3.812260678071e-10,3.137951641623e-10,0.823121,4.653581,6.68,D,3.8106582339377337e-10,952.1884642523072,29.78722915699808,989661768.1518294,989.6617681518294,7,5.5,550.0,6.514156594356944,23.273072562641136,6,4.4,440.00000000000006
9.0,V2V,we_1,wn_2,-66.71,89.71,0.21,True,2,2.133063728625e-10,1.628605752557e-10,0.763505,3.228427,5.09,D,2.1330449131465792e-10,532.9947309211842,27.26722915699808,906068169.627298,906.068169627298,7,5.5,550.0,6.514156594356944,20.753072562641137,6,4.4,440.00000000000006
9.0,V2V,we_1,wn_3,-70.45,93.45,0.11,True,2,9.021104190452e-11,7.958755732897001e-11,0.882237,7.491662,8.75,D,9.01571137605957e-11,225.28014432932457,23.527229156998075,782196618.607028,782.196618607028,6,4.4,440.00000000000006,6.514156594356944,17.01307256264113,5,3.3,330.0
9.0,V2V,we_1,wn_4,-72.14,95.14,0.09,True,2,6.115582050651e-11,5.4909602628440005e-11,0.897864,8.790856,9.44,D,6.109420249055714e-11,152.65917663807377,21.83722915699807,726359011.807826,726.359011807826,6,4.4,440.00000000000006,6.514156594356944,15.323072562641126,5,3.3,330.0
9.0,V2V,we_1,wn_5,-72.52,95.52,0.11,True,2,5.593728148426001e-11,3.920866216057e-11,0.70094,2.343807,3.7,D,5.5975760149511046e-11,139.86946564095712,21.457229156998075,713821512.1917132,713.8215121917132,6,4.4,440.00000000000006,6.514156594356944,14.943072562641133,4,2.4,240.0
9.0,V2V,we_1,wn_6,-74.2,97.2,0.09,True,2,3.798248462622e-11,2.836477486882e-11,0.746786,2.949223,4.7,D,3.801893963205613e-11,94.99984915556252,19.777229156998075,658496023.3818105,658.4960233818106,5,3.3,330.0,6.514156594356944,13.263072562641131,4,2.4,240.0
9.0,V2V,we_2,we_0,-58.35,81.35,0.02,True,2,1.460497515633e-09,1.460114617114e-09,0.999738,3813.320094,35.81,D,1.4621771744567183e-09,3653.616128077757,35.62722915699808,1183550416.16461,1183.5504161646102,7,5.5,550.0,6.514156594356944,29.113072562641133,7,5.5,550.0
9.0,V2V,we_2,we_1,-52.74,75.74,0.08,True,2,5.320740131682e-09,5.315746436132e-09,0.999061,1064.491494,30.27,D,5.321082592667942e-09,13296.058452443633,41.23722915699808,1369881951.0581558,1369.8819510581557,7,5.5,550.0,6.514156594356944,34.723072562641136,7,5.5,550.0
9.0,V2V,we_2,we_3,-53.51,76.51,0.02,True,2,4.458393518534e-09,4.458167062735e-09,0.999949,19686.698615,42.94,D,4.4565624839750334e-09,11135.838290792186,40.46722915699807,1344305209.4308743,1344.3052094308744,7,5.5,550.0,6.514156594356944,33.953072562641125,7,5.5,550.0
9.0,V2V,we_2,we_4,-63.69,86.69,0.16,True,2,4.274409664498e-10,4.080783163333e-10,0.954701,21.07554,13.24,D,4.2756288615158637e-10,1068.3730288645336,30.287229156998077,1006254948.0113204,1006.2549480113204,7,5.5,550.0,6.514156594356944,23.773072562641133,6,4.4,440.00000000000006
9.0,V2V,we_2,we_5,-65.26,88.26,0.24,True,2,2.977880351251e-10,2.405228533735e-10,0.807698,4.200159,6.23,D,2.978516429429185e-10,744.2569788678622,28.717229156998066,954159416.9995748,954.1594169995748,7,5.5,550.0,6.514156594356944,22.20307256264112,6,4.4,440.00000000000006
9.0,V2V,we_2,we_6,-67.6,90.6,0.16,True,2,1.738107125673e-10,1.534840577367e-10,0.883053,7.550876,8.78,D,1.7378008287493763e-10,434.23309064202306,26.377229156998077,876564443.8206458,876.5644438206458,7,5.5,550.0,6.514156594356944,19.863072562641133,5,3.3,330.0
9.0,V2V,we_2,we_7,-69.79,92.79,0.04,True,2,1.048861647056e-10,1.036637788604e-10,0.988346,84.804466,19.28,D,1.0495424286523197e-10,262.25447992311837,24.187229156998065,804031427.2242707,804.0314272242707,6,4.4,440.00000000000006,6.514156594356944,17.67307256264112,5,3.3,330.0
9.0,V2V,we_2,we_8,-71.63,94.63,0.08,True,2,6.863562433216e-11,6.38207926043e-11,0.929849,13.255041,11.22,D,6.870684400142332e-11,171.68126936887384,22.347229156998083,743196779.2883905,743.1967792883905,6,4.4,440.00000000000006,6.514156594356944,15.83307256264114,5,3.3,330.0
9.0,V2V,we_2,we_9,-73.06,96.06,0.02,True,2,4.945205680909e-11,4.912538051513e-11,0.993394,150.379386,21.77,D,4.9431068698683526e-11,123.51591378981392,20.917229156998076,696018632.7879,696.0186327879,6,4.4,440.00000000000006,6.514156594356944,14.403072562641132,4,2.4,240.0
9.0,V2V,we_2,we_10,-73.52,96.52,0.08,True,2,4.441963078411e-11,3.8371003358230006e-11,0.86383,6.343754,8.02,D,4.4463126746910924e-11,111.1022657344101,20.45722915699808,680867162.6979297,680.8671626979298,6,4.4,440.00000000000006,6.514156594356944,13.943072562641138,4,2.4,240.0
9.0,V2V,we_2,we_11,-73.46,96.46,0.1,True,2,4.5087453340130005e-11,3.037052071739e-11,0.673591,2.063645,3.15,D,4.5081670454146095e-11,112.6478522092606,20.517229156998084,682842660.9202565,682.8426609202565,6,4.4,440.00000000000006,6.514156594356944,14.00307256264114,4,2.4,240.0
9.0,V2V,we_2,wn_0,-57.13,80.13,0.09,True,2,1.938509356586e-09,1.933341469872e-09,0.997334,374.106782,25.73,D,1.9364219639466068e-09,4838.635592070481,36.847229156998075,1224068270.6272476,1224.0682706272476,7,5.5,550.0,6.514156594356944,30.33307256264113,7,5.5,550.0
9.0,V2V,we_2,wn_1,-62.31,85.31,0.23,True,2,5.874277267021e-10,5.474340385624e-10,0.931917,13.688011,11.36,D,5.874893525297768e-10,1467.9893866311263,31.667229156998076,1052060825.7200288,1052.0608257200288,7,5.5,550.0,6.514156594356944,25.153072562641132,7,5.5,550.0
9.0,V2V,we_2,wn_2,-65.16,88.16,0.25,True,2,3.046683424275e-10,2.392908775893e-10,0.785414,3.660143,5.63,D,3.0478949896279827e-10,761.5929509315299,28.81722915699807,957476938.5272104,957.4769385272105,7,5.5,550.0,6.514156594356944,22.30307256264113,6,4.4,440.00000000000006
9.0,V2V,we_2,wn_3,-69.72,92.72,0.07,True,2,1.067731692208e-10,1.033260183503e-10,0.967715,29.974324,14.77,D,1.0665961212302588e-10,266.51577242135403,24.25722915699808,806348014.3431534,806.3480143431534,6,4.4,440.00000000000006,6.514156594356944,17.743072562641135,5,3.3,330.0
9.0,V2V,we_2,wn_4,-70.4,93.4,0.14,True,2,9.128578654384e-11,6.803642478222001e-11,0.745312,2.926378,4.66,D,9.120108393559078e-11,227.8887654562488,23.577229156998065,783850284.2627612,783.8502842627612,6,4.4,440.00000000000006,6.514156594356944,17.06307256264112,5,3.3,330.0
9.0,V2V,we_2,wn_5,-71.52,94.52,0.13,True,2,7.042203075389e-11,4.6922217275780005e-11,0.6663,1.996706,3.0,D,7.04693068967148e-11,176.08522462947226,22.45722915699808,746830003.3467919,746.8300033467918,6,4.4,440.00000000000006,6.514156594356944,15.943072562641138,5,3.3,330.0
9.0,V2V,we_2,wn_6,-74.08,97.08,0.08,True,2,3.90494719605e-11,3.301145735308e-11,0.845375,5.46727,7.38,D,3.9084089579240246e-11,97.66139325147488,19.89722915699808,662441375.5449051,662.4413755449051,5,3.3,330.0,6.514156594356944,13.383072562641136,4,2.4,240.0
9.0,V2V,we_3,we_0,-61.93,84.93,0.26,True,2,6.412296282591e-10,5.906391180783e-10,0.921104,11.674899,10.67,D,6.412095765851622e-10,1602.2228300478812,32.04722915699808,1064675924.2570788,1064.6759242570788,7,5.5,550.0,6.514156594356944,25.533072562641134,7,5.5,550.0
9.0,V2V,we_3,we_1,-59.15,82.15,0.04,True,2,1.215906155002e-09,1.214675623243e-09,0.998988,987.114403,29.94,D,1.2161860006463681e-09,3038.9455288514937,34.82722915699807,1156982975.768625,1156.982975768625,7,5.5,550.0,6.514156594356944,28.31307256264113,7,5.5,550.0
9.0,V2V,we_3,we_2,-53.51,76.51,0.02,True,2,4.458392068691e-09,4.458167062735e-09,0.99995,19813.551414,42.97,D,4.4565624839750334e-09,11135.838290792186,40.46722915699807,1344305209.4308743,1344.3052094308744,7,5.5,550.0,6.514156594356944,33.953072562641125,7,5.5,550.0
9.0,V2V,we_3,we_4,-60.51,83.51,0.26,True,2,8.894150154725e-10,8.389079236646e-10,0.943213,16.609706,12.2,D,8.892011178579481e-10,2221.89184872051,33.46722915699807,1111822204.2694016,1111.8222042694017,7,5.5,550.0,6.514156594356944,26.95307256264113,7,5.5,550.0
9.0,V2V,we_3,we_5,-63.69,86.69,0.16,True,2,4.274407241638e-10,4.080783163333e-10,0.954702,21.075804,13.24,D,4.2756288615158637e-10,1068.3730288645336,30.287229156998077,1006254948.0113204,1006.2549480113204,7,5.5,550.0,6.514156594356944,23.773072562641133,6,4.4,440.00000000000006
9.0,V2V,we_3,we_6,-66.35,89.35,0.03,True,2,2.319387199291e-10,2.313827294457e-10,0.997603,416.163111,26.19,D,2.3173946499684802e-10,579.0591329256571,27.627229156998077,918005617.006672,918.005617006672,7,5.5,550.0,6.514156594356944,21.113072562641133,6,4.4,440.00000000000006
9.0,V2V,we_3,we_7,-68.39,91.39,0.03,True,2,1.448190747133e-10,1.443228563126e-10,0.996574,290.845434,24.64,D,1.4487718535447602e-10,362.01195740748625,25.58722915699807,850387326.0332837,850.3873260332837,7,5.5,550.0,6.514156594356944,19.073072562641126,5,3.3,330.0
9.0,V2V,we_3,we_8,-69.15,92.15,0.17,True,2,1.215889379121e-10,8.234719194617001e-11,0.677259,2.098459,3.22,D,1.2161860006463652e-10,303.8945528851487,24.827229156998065,825216656.5783975,825.2166565783975,6,4.4,440.00000000000006,6.514156594356944,18.31307256264112,5,3.3,330.0
9.0,V2V,we_3,we_9,-71.25,94.25,0.12,True,2,7.495694186685e-11,6.132435533096e-11,0.818128,4.498365,6.53,D,7.498942093324558e-11,187.37986240191304,22.72722915699807,755750094.0470244,755.7500940470244,6,4.4,440.00000000000006,6.514156594356944,16.21307256264113,5,3.3,330.0
9.0,V2V,we_3,we_10,-71.41,94.41,0.13,True,2,7.225999286457e-11,4.661992189615e-11,0.645169,1.818245,2.6,D,7.227698036021703e-11,180.60214982562977,22.56722915699807,750463747.1282498,750.4637471282498,6,4.4,440.00000000000006,6.514156594356944,16.05307256264113,5,3.3,330.0
9.0,V2V,we_3,we_11,-73.31,96.31,0.1,True,2,4.665506236339e-11,3.608070577119e-11,0.77335,3.412095,5.33,D,4.6665938031428824e-11,116.6065418076682,20.66722915699807,687782450.1402991,687.782450140299,6,4.4,440.00000000000006,6.514156594356944,14.153072562641125,4,2.4,240.0
9.0,V2V,we_3,wn_0,-47.75,70.75,0.73,True,2,1.677619603987e-08,1.624928720743e-08,0.968592,30.838897,14.89,D,1.6788040181225588e-08,41949.12589011891,46.22722915699807,1535638751.9672897,1535.6387519672896,7,5.5,550.0,6.514156594356944,39.71307256264113,7,5.5,550.0
9.0,V2V,we_3,wn_1,-58.74,81.74,0.24,True,2,1.336794513985e-09,1.296550055696e-09,0.969895,32.216859,15.08,D,1.3365955165464403e-09,3339.818881925138,35.23722915699807,1170598605.5652463,1170.5986055652463,7,5.5,550.0,6.514156594356944,28.723072562641125,7,5.5,550.0
9.0,V2V,we_3,wn_2,-63.4,86.4,0.25,True,2,4.574692810554e-10,4.053189918422e-10,0.886003,7.772133,8.91,D,4.5708818961487517e-10,1142.149399337519,30.577229156998076,1015879824.779306,1015.879824779306,7,5.5,550.0,6.514156594356944,24.063072562641132,6,4.4,440.00000000000006
9.0,V2V,we_3,wn_3,-68.32,91.32,0.07,True,2,1.471802823996e-10,1.437665676876e-10,0.976806,42.114406,16.24,D,1.4723125024327224e-10,367.8941785189211,25.657229156998085,852706321.1965082,852.7063211965082,7,5.5,550.0,6.514156594356944,19.14307256264114,5,3.3,330.0
9.0,V2V,we_3,wn_4,-69.6,92.6,0.15,True,2,1.095625330207e-10,8.856693627287e-11,0.808369,4.218358,6.25,D,1.0964781961431874e-10,273.98255775691837,24.377229156998084,810319630.0646005,810.3196300646005,6,4.4,440.00000000000006,6.514156594356944,17.86307256264114,5,3.3,330.0
9.0,V2V,we_3,wn_5,-70.84,93.84,0.14,True,2,8.236521525459e-11,5.826367691431e-11,0.707382,2.417426,3.83,D,8.241381150130013e-11,205.9315629717644,23.137229156998067,769300990.3942745,769.3009903942744,6,4.4,440.00000000000006,6.514156594356944,16.623072562641124,5,3.3,330.0
9.0,V2V,we_3,wn_6,-72.24,95.24,0.12,True,2,5.974906445744001e-11,3.9520322239700005e-11,0.661438,1.953672,2.91,D,5.970352865838378e-11,149.18422953119384,21.737229156998083,723058951.679694,723.058951679694,6,4.4,440.00000000000006,6.514156594356944,15.22307256264114,5,3.3,330.0
9.0,V2V,we_4,we_0,-66.43,89.43,0.22,True,2,2.274555754237e-10,1.74630623575e-10,0.767757,3.305836,5.19,D,2.2750974307720667e-10,568.4901126366983,27.547229156998068,915352698.4168464,915.3526984168464,7,5.5,550.0,6.514156594356944,21.033072562641124,6,4.4,440.00000000000006
9.0,V2V,we_4,we_1,-65.33,88.33,0.22,True,2,2.931418621337e-10,2.502154225782e-10,0.853564,5.828935,7.66,D,2.9308932452503244e-10,732.3571327462079,28.64722915699808,951837212.7787848,951.8372127787848,7,5.5,550.0,6.514156594356944,22.133072562641136,6,4.4,440.00000000000006
9.0,V2V,we_4,we_2,-63.69,86.69,0.16,True,2,4.274396691814e-10,4.080783163333e-10,0.954704,21.076953,13.24,D,4.2756288615158637e-10,1068.3730288645336,30.287229156998077,1006254948.0113204,1006.2549480113204,7,5.5,550.0,6.514156594356944,23.773072562641133,6,4.4,440.00000000000006
9.0,V2V,we_4,we_3,-60.51,83.51,0.26,True,2,8.894119474397e-10,8.389079236646e-10,0.943216,16.610715,12.2,D,8.892011178579481e-10,2221.89184872051,33.46722915699807,1111822204.2694016,1111.8222042694017,7,5.5,550.0,6.514156594356944,26.95307256264113,7,5.5,550.0
9.0,V2V,we_4,we_5,-53.51,76.51,0.02,True,2,4.458392049567e-09,4.458167062735e-09,0.99995,19815.235514,42.97,D,4.4565624839750334e-09,11135.838290792186,40.46722915699807,1344305209.4308743,1344.3052094308744,7,5.5,550.0,6.514156594356944,33.953072562641125,7,5.5,550.0
9.0,V2V,we_4,we_6,-59.84,82.84,0.12,True,2,1.03643358236e-09,1.026297698332e-09,0.99022,101.253891,20.05,D,1.0375284158180127e-09,2592.524777156453,34.137229156998075,1134069843.7170453,1134.0698437170454,7,5.5,550.0,6.514156594356944,27.62307256264113,7,5.5,550.0
9.0,V2V,we_4,we_7,-63.06,86.06,0.28,True,2,4.939328900617e-10,4.213920725094e-10,0.853136,5.809034,7.64,D,4.943106869868354e-10,1235.1591378981393,30.917229156998076,1027164876.631681,1027.164876631681,7,5.5,550.0,6.514156594356944,24.403072562641132,6,4.4,440.00000000000006
9.0,V2V,we_4,we_8,-66.43,89.43,0.22,True,2,2.274112938523e-10,1.746308007899e-10,0.767907,3.308624,5.2,D,2.2750974307720667e-10,568.4901126366983,27.547229156998068,915352698.4168464,915.3526984168464,7,5.5,550.0,6.514156594356944,21.033072562641124,6,4.4,440.00000000000006
9.0,V2V,we_4,we_9,-68.99,91.99,0.12,True,2,1.261406782097e-10,1.151935680885e-10,0.913215,10.522738,10.22,D,1.2618275345906728e-10,315.2992340306529,24.987229156998083,830514625.1916732,830.5146251916732,6,4.4,440.00000000000006,6.514156594356944,18.47307256264114,5,3.3,330.0
9.0,V2V,we_4,we_10,-70.29,93.29,0.12,True,2,9.358962168732e-11,7.98153670739e-11,0.852823,5.794533,7.63,D,9.3540567414755e-11,233.73455126125685,23.687229156998065,787488640.1744603,787.4886401744603,6,4.4,440.00000000000006,6.514156594356944,17.17307256264112,5,3.3,330.0
9.0,V2V,we_4,we_11,-71.55,94.55,0.11,True,2,6.998687543071e-11,5.743174713718e-11,0.820607,4.574366,6.6,D,6.998419960022746e-11,174.87306246933397,22.42722915699808,745839071.9668484,745.8390719668483,6,4.4,440.00000000000006,6.514156594356944,15.913072562641135,5,3.3,330.0
9.0,V2V,we_4,wn_0,-58.57,81.57,0.05,True,2,1.390486303484e-09,1.388599015408e-09,0.998643,735.764207,28.67,D,1.3899526312133524e-09,3473.145005530616,35.40722915699807,1176244225.5864694,1176.2442255864694,7,5.5,550.0,6.514156594356944,28.893072562641127,7,5.5,550.0
9.0,V2V,we_4,wn_1,-46.7,69.7,0.48,True,2,2.135577444351e-08,2.111788502559e-08,0.988861,88.771855,19.48,D,2.1379620895022322e-08,53422.34106702229,47.277229156998075,1570518258.371597,1570.518258371597,7,5.5,550.0,6.514156594356944,40.76307256264113,7,5.5,550.0
9.0,V2V,we_4,wn_2,-53.6,76.6,0.15,True,2,4.362556640241e-09,4.345851099003e-09,0.996171,260.144286,24.15,D,4.365158322401656e-09,10907.442084961658,40.37722915699807,1341315745.4007468,1341.315745400747,7,5.5,550.0,6.514156594356944,33.86307256264112,7,5.5,550.0
9.0,V2V,we_4,wn_3,-63.16,86.16,0.27,True,2,4.833320391507e-10,4.185830835445e-10,0.866036,6.464708,8.11,D,4.830588020397728e-10,1207.0434833577533,30.81722915699807,1023845666.9867748,1023.8456669867746,7,5.5,550.0,6.514156594356944,24.30307256264113,6,4.4,440.00000000000006
9.0,V2V,we_4,wn_4,-66.7,89.7,0.16,True,2,2.13985687389e-10,1.943367313835e-10,0.908176,9.890435,9.95,D,2.1379620895022322e-10,534.223410670223,27.277229156998075,906399741.0610558,906.3997410610558,7,5.5,550.0,6.514156594356944,20.76307256264113,6,4.4,440.00000000000006
9.0,V2V,we_4,wn_5,-68.42,91.42,0.18,True,2,1.438688511396e-10,1.074223738293e-10,0.746669,2.947401,4.69,D,1.4387985782558435e-10,359.5198846216501,25.55722915699807,849393502.3870214,849.3935023870214,7,5.5,550.0,6.514156594356944,19.043072562641125,5,3.3,330.0
9.0,V2V,we_4,wn_6,-71.11,94.11,0.12,True,2,7.740550481375e-11,6.446865702524e-11,0.832869,4.983336,6.98,D,7.744617978025189e-11,193.51869010557695,22.86722915699808,760376497.1347013,760.3764971347013,6,4.4,440.00000000000006,6.514156594356944,16.353072562641135,5,3.3,330.0
9.0,V2V,we_5,we_0,-68.64,91.64,0.14,True,2,1.36642577447e-10,1.216934670091e-10,0.890597,8.140516,9.11,D,1.3677288255958495e-10,341.7613257360943,25.337229156998077,842106052.700707,842.106052700707,7,5.5,550.0,6.514156594356944,18.823072562641133,5,3.3,330.0
9.0,V2V,we_5,we_1,-66.86,89.86,0.2,True,2,2.059799104532e-10,1.635458763228e-10,0.793989,3.85412,5.86,D,2.0606299132700007e-10,514.9000283033484,27.117229156998075,901094771.5414563,901.0947715414565,7,5.5,550.0,6.514156594356944,20.60307256264113,6,4.4,440.00000000000006
9.0,V2V,we_5,we_2,-65.26,88.26,0.24,True,2,2.977841640873e-10,2.405228533735e-10,0.807709,4.200443,6.23,D,2.978516429429185e-10,744.2569788678622,28.717229156998066,954159416.9995748,954.1594169995748,7,5.5,550.0,6.514156594356944,22.20307256264112,6,4.4,440.00000000000006
9.0,V2V,we_5,we_3,-63.69,86.69,0.16,True,2,4.274392967533e-10,4.080783163333e-10,0.954705,21.077358,13.24,D,4.2756288615158637e-10,1068.3730288645336,30.287229156998077,1006254948.0113204,1006.2549480113204,7,5.5,550.0,6.514156594356944,23.773072562641133,6,4.4,440.00000000000006
9.0,V2V,we_5,we_4,-53.51,76.51,0.02,True,2,4.458393424584e-09,4.458167062735e-09,0.999949,19694.869512,42.94,D,4.4565624839750334e-09,11135.838290792186,40.46722915699807,1344305209.4308743,1344.3052094308744,7,5.5,550.0,6.514156594356944,33.953072562641125,7,5.5,550.0
9.0,V2V,we_5,we_6,-54.2,77.2,0.09,True,2,3.798563942513e-09,3.792534456372e-09,0.998413,628.997956,27.99,D,3.8018939632056126e-09,9499.984915556252,39.777229156998075,1321386136.2225246,1321.3861362225246,7,5.5,550.0,6.514156594356944,33.26307256264113,7,5.5,550.0
9.0,V2V,we_5,we_7,-60.54,83.54,0.07,True,2,8.823032229468e-10,8.785687053209e-10,0.995767,235.256275,23.72,D,8.830799004185622e-10,2206.596452819995,33.43722915699807,1110826075.717464,1110.826075717464,7,5.5,550.0,6.514156594356944,26.923072562641128,7,5.5,550.0
9.0,V2V,we_5,we_8,-65.09,88.09,0.21,True,2,3.100706969052e-10,2.714450135939e-10,0.875429,7.027578,8.47,D,3.0974192992165775e-10,773.9678408837026,28.88722915699807,959799263.3374194,959.7992633374192,7,5.5,550.0,6.514156594356944,22.373072562641127,6,4.4,440.00000000000006
9.0,V2V,we_5,we_9,-66.86,89.86,0.2,True,2,2.059798467666e-10,1.635459427784e-10,0.79399,3.854134,5.86,D,2.0606299132700007e-10,514.9000283033484,27.117229156998075,901094771.5414563,901.0947715414565,7,5.5,550.0,6.514156594356944,20.60307256264113,6,4.4,440.00000000000006
9.0,V2V,we_5,we_10,-68.94,91.94,0.15,True,2,1.276250433059e-10,1.063782790595e-10,0.833522,5.006799,7.0,D,1.2764388088113435e-10,318.95022708929116,25.037229156998073,832170368.0148355,832.1703680148355,7,5.5,550.0,6.514156594356944,18.52307256264113,5,3.3,330.0
9.0,V2V,we_5,we_11,-69.89,92.89,0.15,True,2,1.025410089851e-10,7.307942345378e-11,0.712685,2.480499,3.95,D,1.025651926251408e-10,256.2848391432803,24.087229156998077,800722263.6596824,800.7222636596824,6,4.4,440.00000000000006,6.514156594356944,17.573072562641133,5,3.3,330.0
9.0,V2V,we_5,wn_0,-62.33,85.33,0.13,True,2,5.843892818321e-10,5.723300284989e-10,0.979364,47.459823,16.76,D,5.847900841444812e-10,1461.2445880671692,31.64722915699808,1051396893.4172796,1051.3968934172797,7,5.5,550.0,6.514156594356944,25.133072562641136,7,5.5,550.0
9.0,V2V,we_5,wn_1,-56.75,79.75,0.11,True,2,2.114497802055e-09,2.106512673423e-09,0.996224,263.804476,24.21,D,2.1134890398366473e-09,5281.082058562338,37.22722915699808,1236689099.8995826,1236.6890998995823,7,5.5,550.0,6.514156594356944,30.713072562641138,7,5.5,550.0
9.0,V2V,we_5,wn_2,-30.31,53.31,0.03,True,2,9.302982268437e-07,9.302887017107e-07,0.99999,97666.741686,49.9,D,9.31107875467831e-07,2326606.385476839,63.66722915699808,2114979634.611181,2114.979634611181,7,5.5,550.0,6.514156594356944,57.15307256264113,7,5.5,550.0
9.0,V2V,we_5,wn_3,-60.48,83.48,0.19,True,2,8.961018484154e-10,8.700055044772e-10,0.970878,33.338214,15.23,D,8.953647655495936e-10,2237.293267240364,33.497229156998074,1112818335.916879,1112.818335916879,7,5.5,550.0,6.514156594356944,26.98307256264113,7,5.5,550.0
9.0,V2V,we_5,wn_4,-64.69,87.69,0.19,True,2,3.392974283996e-10,3.104254451242e-10,0.914907,10.751788,10.31,D,3.3962527259040885e-10,848.6388620449997,29.28722915699808,973070594.5555872,973.0705945555871,7,5.5,550.0,6.514156594356944,22.773072562641136,6,4.4,440.00000000000006
9.0,V2V,we_5,wn_5,-66.88,89.88,0.21,True,2,2.049296962317e-10,1.505269171212e-10,0.73453,2.766898,4.42,D,2.0511621788255668e-10,512.5342775676078,27.097229156998075,900431676.7051092,900.4316767051092,7,5.5,550.0,6.514156594356944,20.58307256264113,6,4.4,440.00000000000006
9.0,V2V,we_5,wn_6,-69.33,92.33,0.16,True,2,1.167516414275e-10,8.32977117145e-11,0.713461,2.489923,3.96,D,1.166809617060963e-10,291.5566259522646,24.647229156998076,819257208.3099303,819.2572083099303,6,4.4,440.00000000000006,6.514156594356944,18.133072562641132,5,3.3,330.0
9.0,V2V,we_6,we_0,-70.26,93.26,0.09,True,2,9.412216213216e-11,8.752735494490001e-11,0.929934,13.272163,11.23,D,9.4188959652284e-11,235.35472176982503,23.717229156998066,788480987.6158897,788.4809876158897,6,4.4,440.00000000000006,6.514156594356944,17.203072562641122,5,3.3,330.0
9.0,V2V,we_6,we_1,-69.12,92.12,0.12,True,2,1.225758871091e-10,1.121371317533e-10,0.914838,10.742385,10.31,D,1.2246161992650463e-10,306.0010492916158,24.857229156998063,826209977.6331819,826.2099776331819,6,4.4,440.00000000000006,6.514156594356944,18.34307256264112,5,3.3,330.0
9.0,V2V,we_6,we_2,-67.6,90.6,0.16,True,2,1.73809559286e-10,1.534840577367e-10,0.883059,7.551305,8.78,D,1.7378008287493763e-10,434.23309064202306,26.377229156998077,876564443.8206458,876.5644438206458,7,5.5,550.0,6.514156594356944,19.863072562641133,5,3.3,330.0
9.0,V2V,we_6,we_3,-66.35,89.35,0.03,True,2,2.319386965226e-10,2.313827294457e-10,0.997603,416.180632,26.19,D,2.3173946499684802e-10,579.0591329256571,27.627229156998077,918005617.006672,918.005617006672,7,5.5,550.0,6.514156594356944,21.113072562641133,6,4.4,440.00000000000006
9.0,V2V,we_6,we_4,-59.84,82.84,0.12,True,2,1.036433017487e-09,1.026297698332e-09,0.990221,101.259534,20.05,D,1.0375284158180127e-09,2592.524777156453,34.137229156998075,1134069843.7170453,1134.0698437170454,7,5.5,550.0,6.514156594356944,27.62307256264113,7,5.5,550.0
9.0,V2V,we_6,we_5,-54.2,77.2,0.09,True,2,3.798565721584e-09,3.792534456372e-09,0.998412,628.812417,27.99,D,3.8018939632056126e-09,9499.984915556252,39.777229156998075,1321386136.2225246,1321.3861362225246,7,5.5,550.0,6.514156594356944,33.26307256264113,7,5.5,550.0
9.0,V2V,we_6,we_7,-54.86,77.86,0.02,True,2,3.265832185042e-09,3.265551237978e-09,0.999914,11623.368451,40.65,D,3.2658783217233603e-09,8160.615496560119,39.11722915699808,1299463902.9775069,1299.463902977507,7,5.5,550.0,6.514156594356944,32.60307256264113,7,5.5,550.0
9.0,V2V,we_6,we_8,-62.72,85.72,0.2,True,2,5.346016035737e-10,5.059467916116e-10,0.9464,17.656608,12.47,D,5.345643593969712e-10,1335.7430269789386,31.257229156998072,1038450643.5706348,1038.4506435706346,7,5.5,550.0,6.514156594356944,24.743072562641128,6,4.4,440.00000000000006
9.0,V2V,we_6,we_9,-65.84,88.84,0.0,True,2,2.605072526781e-10,2.605060477431e-10,0.999995,216199.243079,53.35,D,2.6061535499988917e-10,651.2127811091684,28.137229156998067,934919890.2958834,934.9198902958834,7,5.5,550.0,6.514156594356944,21.623072562641124,6,4.4,440.00000000000006
9.0,V2V,we_6,we_10,-67.6,90.6,0.16,True,2,1.737426288206e-10,1.534839691292e-10,0.883398,7.576215,8.79,D,1.7378008287493763e-10,434.23309064202306,26.377229156998077,876564443.8206458,876.5644438206458,7,5.5,550.0,6.514156594356944,19.863072562641133,5,3.3,330.0
9.0,V2V,we_6,we_11,-68.63,91.63,0.18,True,2,1.369982435837e-10,9.853737289186e-11,0.71926,2.562016,4.09,D,1.3708817661648548e-10,342.5491669577348,25.34722915699808,842437277.4553422,842.4372774553422,7,5.5,550.0,6.514156594356944,18.833072562641135,5,3.3,330.0
9.0,V2V,we_6,wn_0,-64.47,87.47,0.25,True,2,3.572383595767e-10,2.969384835421e-10,0.831205,4.924363,6.92,D,3.572728381519289e-10,892.735727516064,29.507229156998072,980370448.7665048,980.3704487665048,7,5.5,550.0,6.514156594356944,22.993072562641128,6,4.4,440.00000000000006
9.0,V2V,we_6,wn_1,-61.6,84.6,0.02,True,2,6.923736261307e-10,6.920684608087e-10,0.999559,2267.847658,33.56,D,6.918309709189362e-10,1728.7130707619594,32.37722915699807,1075631702.4419713,1075.6317024419714,7,5.5,550.0,6.514156594356944,25.86307256264113,7,5.5,550.0
9.0,V2V,we_6,wn_2,-54.14,77.14,0.09,True,2,3.856948533979e-09,3.851618964981e-09,0.998618,722.688639,28.59,D,3.854783576657721e-09,9632.142870209196,39.83722915699808,1323379084.7375588,1323.3790847375587,7,5.5,550.0,6.514156594356944,33.32307256264113,7,5.5,550.0
9.0,V2V,we_6,wn_3,-54.95,77.95,0.02,True,2,3.202110436796e-09,3.201941369862e-09,0.999947,18938.897688,42.77,D,3.198895109691397e-09,7993.241153651667,39.027229156998075,1296474537.8302329,1296.4745378302327,7,5.5,550.0,6.514156594356944,32.51307256264113,7,5.5,550.0
9.0,V2V,we_6,wn_4,-61.68,84.68,0.29,True,2,6.799198648642e-10,6.090548024158e-10,0.895774,8.594571,9.34,D,6.792036326171843e-10,1697.1605012923146,32.29722915699807,1072975710.6023872,1072.9757106023872,7,5.5,550.0,6.514156594356944,25.783072562641127,7,5.5,550.0
9.0,V2V,we_6,wn_5,-65.86,88.86,0.18,True,2,2.595175984497e-10,2.347415497679e-10,0.90453,9.474535,9.77,D,2.5941793621188125e-10,648.2207301646207,28.11722915699807,934256525.686364,934.256525686364,7,5.5,550.0,6.514156594356944,21.603072562641128,6,4.4,440.00000000000006
9.0,V2V,we_6,wn_6,-69.17,92.17,0.09,True,2,1.211710811161e-10,1.148045038669e-10,0.947458,18.032374,12.56,D,1.2105981335504829e-10,302.4982842454979,24.807229156998076,824554455.0349559,824.5544550349558,6,4.4,440.00000000000006,6.514156594356944,18.293072562641132,5,3.3,330.0
9.0,V2V,we_7,we_0,-70.97,93.97,0.12,True,2,7.991156153299e-11,6.463222083349e-11,0.808797,4.23004,6.26,D,7.998342550070292e-11,199.85863443454,23.00722915699808,765003667.0516543,765.0036670516544,6,4.4,440.00000000000006,6.514156594356944,16.493072562641135,5,3.3,330.0
9.0,V2V,we_7,we_1,-70.29,93.29,0.12,True,2,9.358919664847e-11,7.981533938407001e-11,0.852826,5.794698,7.63,D,9.3540567414755e-11,233.73455126125685,23.687229156998065,787488640.1744603,787.4886401744603,6,4.4,440.00000000000006,6.514156594356944,17.17307256264112,5,3.3,330.0
9.0,V2V,we_7,we_2,-69.79,92.79,0.04,True,2,1.048861045667e-10,1.036637788604e-10,0.988346,84.808638,19.28,D,1.0495424286523197e-10,262.25447992311837,24.187229156998065,804031427.2242707,804.0314272242707,6,4.4,440.00000000000006,6.514156594356944,17.67307256264112,5,3.3,330.0
9.0,V2V,we_7,we_3,-68.39,91.39,0.03,True,2,1.448190514366e-10,1.443228563126e-10,0.996574,290.859078,24.64,D,1.4487718535447602e-10,362.01195740748625,25.58722915699807,850387326.0332837,850.3873260332837,7,5.5,550.0,6.514156594356944,19.073072562641126,5,3.3,330.0
9.0,V2V,we_7,we_4,-63.06,86.06,0.28,True,2,4.939277452918e-10,4.213920725094e-10,0.853145,5.809446,7.64,D,4.943106869868354e-10,1235.1591378981393,30.917229156998076,1027164876.631681,1027.164876631681,7,5.5,550.0,6.514156594356944,24.403072562641132,6,4.4,440.00000000000006
9.0,V2V,we_7,we_5,-60.54,83.54,0.07,True,2,8.822848573229e-10,8.785687053209e-10,0.995788,236.418937,23.74,D,8.830799004185622e-10,2206.596452819995,33.43722915699807,1110826075.717464,1110.826075717464,7,5.5,550.0,6.514156594356944,26.923072562641128,7,5.5,550.0
9.0,V2V,we_7,we_6,-54.86,77.86,0.02,True,2,3.265832010012e-09,3.265551237978e-09,0.999914,11630.614323,40.66,D,3.2658783217233603e-09,8160.615496560119,39.11722915699808,1299463902.9775069,1299.463902977507,7,5.5,550.0,6.514156594356944,32.60307256264113,7,5.5,550.0
9.0,V2V,we_7,we_8,-58.55,81.55,0.18,True,2,1.397976419001e-09,1.375977150478e-09,0.984263,62.546496,17.96,D,1.396368361055939e-09,3489.176314482606,35.42722915699808,1176908420.407827,1176.908420407827,7,5.5,550.0,6.514156594356944,28.913072562641137,7,5.5,550.0
9.0,V2V,we_7,we_9,-62.72,85.72,0.2,True,2,5.34600587357e-10,5.059467916116e-10,0.946401,17.657235,12.47,D,5.345643593969712e-10,1335.7430269789386,31.257229156998072,1038450643.5706348,1038.4506435706346,7,5.5,550.0,6.514156594356944,24.743072562641128,6,4.4,440.00000000000006
9.0,V2V,we_7,we_10,-65.33,88.33,0.22,True,2,2.931400429121e-10,2.502155776413e-10,0.85357,5.829207,7.66,D,2.9308932452503244e-10,732.3571327462079,28.64722915699808,951837212.7787848,951.8372127787848,7,5.5,550.0,6.514156594356944,22.133072562641136,6,4.4,440.00000000000006
9.0,V2V,we_7,we_11,-68.39,91.39,0.03,True,2,1.44818971785e-10,1.44322778781e-10,0.996574,290.860165,24.64,D,1.4487718535447602e-10,362.01195740748625,25.58722915699807,850387326.0332837,850.3873260332837,7,5.5,550.0,6.514156594356944,19.073072562641126,5,3.3,330.0
9.0,V2V,we_7,wn_0,-66.56,89.56,0.21,True,2,2.20670415905e-10,1.75303120866e-10,0.794412,3.864086,5.87,D,2.2080047330188966e-10,551.7253205944269,27.41722915699807,911041889.4346472,911.0418894346474,7,5.5,550.0,6.514156594356944,20.903072562641125,6,4.4,440.00000000000006
9.0,V2V,we_7,wn_1,-64.82,87.82,0.09,True,2,3.295890898383e-10,3.245792663485e-10,0.9848,64.788563,18.11,D,3.296097121774582e-10,823.6124742065423,29.15722915699808,968757247.5327404,968.7572475327404,7,5.5,550.0,6.514156594356944,22.643072562641137,6,4.4,440.00000000000006
9.0,V2V,we_7,wn_2,-60.3,83.3,0.25,True,2,9.330287248418e-10,8.860120852558e-10,0.949609,18.844649,12.75,D,9.332543007969922e-10,2331.969767108926,33.67722915699808,1118795189.6259966,1118.7951896259965,7,5.5,550.0,6.514156594356944,27.163072562641137,7,5.5,550.0
9.0,V2V,we_7,wn_3,-27.53,50.53,0.04,True,2,1.766459893598e-06,1.766417261424e-06,0.999976,41433.900417,46.17,D,1.766037820686164e-06,4412888.107661579,66.44722915699808,2207329206.3332653,2207.329206333265,7,5.5,550.0,6.514156594356944,59.93307256264113,7,5.5,550.0
9.0,V2V,we_7,wn_4,-57.22,80.22,0.12,True,2,1.896806756851e-09,1.886463168662e-09,0.994547,182.379957,22.61,D,1.896705921211148e-09,4739.395105475133,36.75722915699808,1221079159.5463655,1221.0791595463654,7,5.5,550.0,6.514156594356944,30.243072562641135,7,5.5,550.0
9.0,V2V,we_7,wn_5,-62.95,85.95,0.28,True,2,5.067134675424e-10,4.382229683627e-10,0.864834,6.398303,8.06,D,5.069907082747045e-10,1266.843349012255,31.027229156998075,1030816078.6003352,1030.8160786003352,7,5.5,550.0,6.514156594356944,24.51307256264113,6,4.4,440.00000000000006
9.0,V2V,we_7,wn_6,-66.36,89.36,0.22,True,2,2.314714476515e-10,1.739049839679e-10,0.751302,3.020943,4.8,D,2.3120647901755938e-10,577.72733387696,27.61722915699807,917673997.5437171,917.6739975437172,7,5.5,550.0,6.514156594356944,21.103072562641128,6,4.4,440.00000000000006
9.0,V2V,we_8,we_0,-73.44,96.44,0.05,True,2,4.526413122352e-11,4.365768358357e-11,0.964509,27.176537,14.34,D,4.5289757990362126e-11,113.16781107037012,20.53722915699808,683501213.8591897,683.5012138591898,6,4.4,440.00000000000006,6.514156594356944,14.023072562641136,4,2.4,240.0
9.0,V2V,we_8,we_1,-71.12,94.12,0.13,True,2,7.721157080321e-11,5.183836331176e-11,0.671381,2.043035,3.1,D,7.726805850957022e-11,193.07360946919093,22.857229156998073,760046014.0508099,760.0460140508098,6,4.4,440.00000000000006,6.514156594356944,16.34307256264113,5,3.3,330.0
9.0,V2V,we_8,we_2,-71.64,94.64,0.08,True,2,6.857688417147e-11,6.38207926043e-11,0.930646,13.418748,11.28,D,6.854882264526619e-11,171.28641340646226,22.337229156998077,742866512.4164145,742.8665124164145,6,4.4,440.00000000000006,6.514156594356944,15.823072562641132,5,3.3,330.0
9.0,V2V,we_8,we_3,-69.15,92.15,0.17,True,2,1.215864624415e-10,8.234719194617001e-11,0.677273,2.098591,3.22,D,1.2161860006463652e-10,303.8945528851487,24.827229156998065,825216656.5783975,825.2166565783975,6,4.4,440.00000000000006,6.514156594356944,18.31307256264112,5,3.3,330.0
9.0,V2V,we_8,we_4,-66.43,89.43,0.22,True,2,2.274080430666e-10,1.746308007899e-10,0.767918,3.308828,5.2,D,2.2750974307720667e-10,568.4901126366983,27.547229156998068,915352698.4168464,915.3526984168464,7,5.5,550.0,6.514156594356944,21.033072562641124,6,4.4,440.00000000000006
9.0,V2V,we_8,we_5,-65.09,88.09,0.21,True,2,3.100684706431e-10,2.714450135939e-10,0.875436,7.027983,8.47,D,3.0974192992165775e-10,773.9678408837026,28.88722915699807,959799263.3374194,959.7992633374192,7,5.5,550.0,6.514156594356944,22.373072562641127,6,4.4,440.00000000000006
9.0,V2V,we_8,we_6,-62.72,85.72,0.2,True,2,5.345995572954e-10,5.059467916116e-10,0.946403,17.657869,12.47,D,5.345643593969712e-10,1335.7430269789386,31.257229156998072,1038450643.5706348,1038.4506435706346,7,5.5,550.0,6.514156594356944,24.743072562641128,6,4.4,440.00000000000006
9.0,V2V,we_8,we_7,-58.55,81.55,0.18,True,2,1.397974223198e-09,1.375977150478e-09,0.984265,62.552739,17.96,D,1.396368361055939e-09,3489.176314482606,35.42722915699808,1176908420.407827,1176.908420407827,7,5.5,550.0,6.514156594356944,28.913072562641137,7,5.5,550.0
9.0,V2V,we_8,we_9,-54.86,77.86,0.02,True,2,3.265831768635e-09,3.265551237978e-09,0.999914,11640.62167,40.66,D,3.2658783217233603e-09,8160.615496560119,39.11722915699808,1299463902.9775069,1299.463902977507,7,5.5,550.0,6.514156594356944,32.60307256264113,7,5.5,550.0
9.0,V2V,we_8,we_10,-60.94,83.94,0.24,True,2,8.046232188402e-10,7.60583991592e-10,0.945267,17.270603,12.37,D,8.053784411990675e-10,2012.4398830561408,33.03722915699808,1097544668.1846893,1097.5446681846893,7,5.5,550.0,6.514156594356944,26.523072562641136,7,5.5,550.0
9.0,V2V,we_8,we_11,-64.14,87.14,0.27,True,2,3.853177769331e-10,3.156937559183e-10,0.819308,4.534265,6.57,D,3.854783576657721e-10,963.2142870209196,29.837229156998077,991320999.6465456,991.3209996465456,7,5.5,550.0,6.514156594356944,23.323072562641133,6,4.4,440.00000000000006
9.0,V2V,we_8,wn_0,-70.21,93.21,0.01,True,2,9.531727206998e-11,9.521361896658e-11,0.998913,918.57953,29.63,D,9.527961640236539e-11,238.08000100541076,23.767229156998084,790134964.3717892,790.1349643717892,6,4.4,440.00000000000006,6.514156594356944,17.25307256264114,5,3.3,330.0
9.0,V2V,we_8,wn_1,-67.72,90.72,0.16,True,2,1.689859125017e-10,1.470654339963e-10,0.870282,6.709043,8.27,D,1.690440931643263e-10,422.3990333941187,26.257229156998072,872587416.5499294,872.5874165499293,7,5.5,550.0,6.514156594356944,19.743072562641128,5,3.3,330.0
9.0,V2V,we_8,wn_2,-65.33,88.33,0.16,True,2,2.927826378542e-10,2.727824322394e-10,0.931689,13.638981,11.35,D,2.9308932452503244e-10,732.3571327462079,28.64722915699808,951837212.7787848,951.8372127787848,7,5.5,550.0,6.514156594356944,22.133072562641136,6,4.4,440.00000000000006
9.0,V2V,we_8,wn_3,-58.54,81.54,0.1,True,2,1.398146637367e-09,1.391163846554e-09,0.995006,199.227484,22.99,D,1.3995873225726181e-09,3497.2196965832527,35.43722915699807,1177240518.1474018,1177.240518147402,7,5.5,550.0,6.514156594356944,28.923072562641128,7,5.5,550.0
9.0,V2V,we_8,wn_4,-41.91,64.91,0.85,True,2,6.439357563837e-08,6.313834323497e-08,0.980507,50.300122,17.02,D,6.441692655151776e-08,160961.8354610638,52.067229156998074,1729636809.8892596,1729.6368098892597,7,5.5,550.0,6.514156594356944,45.553072562641134,7,5.5,550.0
9.0,V2V,we_8,wn_5,-56.37,79.37,0.01,True,2,2.308555715705e-09,2.308536056486e-09,0.999991,117427.659786,50.7,D,2.306747188720071e-09,5763.985978810772,37.60722915699808,1249310138.3723044,1249.3101383723044,7,5.5,550.0,6.514156594356944,31.093072562641137,7,5.5,550.0
9.0,V2V,we_8,wn_6,-63.15,86.15,0.27,True,2,4.842327172304e-10,4.186752352888e-10,0.864616,6.386384,8.05,D,4.841723675840998e-10,1209.826005957271,30.82722915699808,1024177585.128197,1024.177585128197,7,5.5,550.0,6.514156594356944,24.313072562641135,6,4.4,440.00000000000006
9.0,V2V,we_9,we_0,-72.54,95.54,0.11,True,2,5.57030103182e-11,3.507713506327e-11,0.629717,1.700637,2.31,D,5.571857489319293e-11,139.22682382107178,21.43722915699807,713161853.6927099,713.1618536927099,6,4.4,440.00000000000006,6.514156594356944,14.923072562641128,4,2.4,240.0
9.0,V2V,we_9,we_1,-72.05,95.05,0.12,True,2,6.239004816583001e-11,4.088647461867e-11,0.655336,1.90138,2.79,D,6.237348354824192e-11,155.85578098011473,21.927229156998074,729329489.1016493,729.3294891016493,6,4.4,440.00000000000006,6.514156594356944,15.41307256264113,5,3.3,330.0
9.0,V2V,we_9,we_2,-73.06,96.06,0.02,True,2,4.9452042531530006e-11,4.912538051513e-11,0.993394,150.385959,21.77,D,4.9431068698683526e-11,123.51591378981392,20.917229156998076,696018632.7879,696.0186327879,6,4.4,440.00000000000006,6.514156594356944,14.403072562641132,4,2.4,240.0
9.0,V2V,we_9,we_3,-71.25,94.25,0.12,True,2,7.495611947899e-11,6.132435533096e-11,0.818137,4.498637,6.53,D,7.498942093324558e-11,187.37986240191304,22.72722915699807,755750094.0470244,755.7500940470244,6,4.4,440.00000000000006,6.514156594356944,16.21307256264113,5,3.3,330.0
9.0,V2V,we_9,we_4,-68.99,91.99,0.12,True,2,1.261399430448e-10,1.151935680885e-10,0.91322,10.523444,10.22,D,1.2618275345906728e-10,315.2992340306529,24.987229156998083,830514625.1916732,830.5146251916732,6,4.4,440.00000000000006,6.514156594356944,18.47307256264114,5,3.3,330.0
9.0,V2V,we_9,we_5,-66.86,89.86,0.2,True,2,2.060397509384e-10,1.635459427784e-10,0.793759,3.848701,5.85,D,2.0606299132700007e-10,514.9000283033484,27.117229156998075,901094771.5414563,901.0947715414565,7,5.5,550.0,6.514156594356944,20.60307256264113,6,4.4,440.00000000000006
9.0,V2V,we_9,we_6,-65.84,88.84,0.0,True,2,2.60507253215e-10,2.605060477431e-10,0.999995,216102.960832,53.35,D,2.6061535499988917e-10,651.2127811091684,28.137229156998067,934919890.2958834,934.9198902958834,7,5.5,550.0,6.514156594356944,21.623072562641124,6,4.4,440.00000000000006
9.0,V2V,we_9,we_7,-62.72,85.72,0.2,True,2,5.34598502313e-10,5.059467916116e-10,0.946405,17.658519,12.47,D,5.345643593969712e-10,1335.7430269789386,31.257229156998072,1038450643.5706348,1038.4506435706346,7,5.5,550.0,6.514156594356944,24.743072562641128,6,4.4,440.00000000000006
9.0,V2V,we_9,we_8,-54.86,77.86,0.02,True,2,3.265831993852e-09,3.265551237978e-09,0.999914,11631.283752,40.66,D,3.2658783217233603e-09,8160.615496560119,39.11722915699808,1299463902.9775069,1299.463902977507,7,5.5,550.0,6.514156594356944,32.60307256264113,7,5.5,550.0
9.0,V2V,we_9,we_10,-55.46,78.46,0.02,True,2,2.841623698259e-09,2.841247746296e-09,0.999868,7557.475479,38.78,D,2.8444611074479142e-09,7107.598969135217,38.51722915699807,1279534953.2347517,1279.5349532347514,7,5.5,550.0,6.514156594356944,32.00307256264112,7,5.5,550.0
9.0,V2V,we_9,we_11,-61.69,84.69,0.14,True,2,6.773029740743e-10,6.648630506906e-10,0.981633,53.445912,17.28,D,6.776415076106756e-10,1693.2571404564608,32.28722915699808,1072643713.63736,1072.64371363736,7,5.5,550.0,6.514156594356944,25.773072562641136,7,5.5,550.0
9.0,V2V,we_9,wn_0,-71.32,94.32,0.08,True,2,7.383445062042001e-11,6.946679263904e-11,0.940845,15.904815,12.02,D,7.379042301291015e-11,184.3838655994756,22.65722915699808,753437187.8007197,753.4371878007197,6,4.4,440.00000000000006,6.514156594356944,16.143072562641134,5,3.3,330.0
9.0,V2V,we_9,wn_1,-68.45,91.45,0.18,True,2,1.428596815487e-10,1.000838054277e-10,0.700574,2.339725,3.69,D,1.4288939585111007e-10,357.04496714420304,25.527229156998068,848399697.7828486,848.3996977828486,7,5.5,550.0,6.514156594356944,19.013072562641124,5,3.3,330.0
9.0,V2V,we_9,wn_2,-67.04,90.04,0.19,True,2,1.975019250522e-10,1.641790872873e-10,0.831278,4.926924,6.93,D,1.976969640111858e-10,493.9954123218035,26.937229156998068,895127134.3954337,895.1271343954337,7,5.5,550.0,6.514156594356944,20.423072562641124,6,4.4,440.00000000000006
9.0,V2V,we_9,wn_3,-62.91,85.91,0.05,True,2,5.11145773309e-10,5.094136022593e-10,0.996611,294.089664,24.68,D,5.116818355403082e-10,1278.5653061976718,31.06722915699808,1032143806.5898898,1032.1438065898897,7,5.5,550.0,6.514156594356944,24.553072562641137,6,4.4,440.00000000000006
9.0,V2V,we_9,wn_4,-56.62,79.62,0.06,True,2,2.176009218782e-09,2.173888358015e-09,0.999025,1025.002863,30.11,D,2.177709772353159e-09,5441.55365405587,37.35722915699807,1241006800.9594407,1241.0068009594406,7,5.5,550.0,6.514156594356944,30.84307256264113,7,5.5,550.0
9.0,V2V,we_9,wn_5,-40.42,63.42,0.53,True,2,9.086225072493e-08,9.027326081295e-08,0.993518,153.267924,21.85,D,9.078205301781861e-08,226841.71168870217,53.55722915699808,1779133278.2000802,1779.1332782000802,7,5.5,550.0,6.514156594356944,47.04307256264113,7,5.5,550.0
9.0,V2V,we_9,wn_6,-59.85,82.85,0.16,True,2,1.034028228696e-09,1.015995399136e-09,0.982561,56.34143,17.51,D,1.035142166679343e-09,2586.562135630542,34.12722915699807,1133737779.1405346,1133.7377791405347,7,5.5,550.0,6.514156594356944,27.61307256264113,7,5.5,550.0
9.0,V2V,we_10,we_0,-74.13,97.13,0.09,True,2,3.859465616788e-11,2.8412478902830003e-11,0.736177,2.790413,4.46,D,3.863669770540697e-11,96.54347252725378,19.84722915699808,660797342.7817565,660.7973427817565,5,3.3,330.0,6.514156594356944,13.333072562641137,4,2.4,240.0
9.0,V2V,we_10,we_1,-74.61,97.61,0.05,True,2,3.462854307845e-11,3.259679665536e-11,0.941327,16.043733,12.05,D,3.459393778261217e-11,86.44162364470806,19.36722915699807,645024828.4579943,645.0248284579943,5,3.3,330.0,6.514156594356944,12.853072562641128,4,2.4,240.0
9.0,V2V,we_10,we_2,-73.52,96.52,0.08,True,2,4.4419242434290006e-11,3.8371003358230006e-11,0.863837,6.344161,8.02,D,4.4463126746910924e-11,111.1022657344101,20.45722915699808,680867162.6979297,680.8671626979298,6,4.4,440.00000000000006,6.514156594356944,13.943072562641138,4,2.4,240.0
9.0,V2V,we_10,we_3,-71.41,94.41,0.13,True,2,7.225839793053001e-11,4.661992189615e-11,0.645183,1.818358,2.6,D,7.227698036021703e-11,180.60214982562977,22.56722915699807,750463747.1282498,750.4637471282498,6,4.4,440.00000000000006,6.514156594356944,16.05307256264113,5,3.3,330.0
9.0,V2V,we_10,we_4,-70.29,93.29,0.12,True,2,9.358872730591e-11,7.98153670739e-11,0.852831,5.794909,7.63,D,9.3540567414755e-11,233.73455126125685,23.687229156998065,787488640.1744603,787.4886401744603,6,4.4,440.00000000000006,6.514156594356944,17.17307256264112,5,3.3,330.0
9.0,V2V,we_10,we_5,-68.94,91.94,0.15,True,2,1.276236505076e-10,1.063782790595e-10,0.833531,5.007127,7.0,D,1.2764388088113435e-10,318.95022708929116,25.037229156998073,832170368.0148355,832.1703680148355,7,5.5,550.0,6.514156594356944,18.52307256264113,5,3.3,330.0
9.0,V2V,we_10,we_6,-67.6,90.6,0.16,True,2,1.737414700013e-10,1.534839691292e-10,0.883404,7.576649,8.79,D,1.7378008287493763e-10,434.23309064202306,26.377229156998077,876564443.8206458,876.5644438206458,7,5.5,550.0,6.514156594356944,19.863072562641133,5,3.3,330.0
9.0,V2V,we_10,we_7,-65.33,88.33,0.22,True,2,2.931369970311e-10,2.502155776413e-10,0.853579,5.82962,7.66,D,2.9308932452503244e-10,732.3571327462079,28.64722915699808,951837212.7787848,951.8372127787848,7,5.5,550.0,6.514156594356944,22.133072562641136,6,4.4,440.00000000000006
9.0,V2V,we_10,we_8,-60.94,83.94,0.24,True,2,8.046197631498e-10,7.60583991592e-10,0.945271,17.271958,12.37,D,8.053784411990675e-10,2012.4398830561408,33.03722915699808,1097544668.1846893,1097.5446681846893,7,5.5,550.0,6.514156594356944,26.523072562641136,7,5.5,550.0
9.0,V2V,we_10,we_9,-55.46,78.46,0.02,True,2,2.841623174402e-09,2.841247746296e-09,0.999868,7568.020869,38.79,D,2.8444611074479142e-09,7107.598969135217,38.51722915699807,1279534953.2347517,1279.5349532347514,7,5.5,550.0,6.514156594356944,32.00307256264112,7,5.5,550.0
9.0,V2V,we_10,we_11,-56.03,79.03,0.06,True,2,2.49703247482e-09,2.49456225116e-09,0.999011,1009.852788,30.04,D,2.494594726942956e-09,6233.370132291243,37.94722915699808,1260602809.444882,1260.6028094448818,7,5.5,550.0,6.514156594356944,31.433072562641133,7,5.5,550.0
9.0,V2V,we_10,wn_0,-71.06,94.06,0.13,True,2,7.833723980341e-11,5.1951193818930006e-11,0.663174,1.968889,2.94,D,7.834296427662121e-11,195.75953092608995,22.917229156998076,762028971.0573677,762.0289710573677,6,4.4,440.00000000000006,6.514156594356944,16.403072562641132,5,3.3,330.0
9.0,V2V,we_10,wn_1,-71.35,94.35,0.06,True,2,7.323277906117e-11,7.095290011767e-11,0.968868,31.121345,14.93,D,7.328245331389045e-11,183.11457599672775,22.627229156998077,752446003.6374395,752.4460036374395,6,4.4,440.00000000000006,6.514156594356944,16.113072562641133,5,3.3,330.0
9.0,V2V,we_10,wn_2,-68.75,91.75,0.16,True,2,1.332522142583e-10,1.067130822961e-10,0.800835,4.020971,6.04,D,1.3335214321633238e-10,333.21375116524837,25.22722915699807,838462728.3825454,838.4627283825454,7,5.5,550.0,6.514156594356944,18.71307256264113,5,3.3,330.0
9.0,V2V,we_10,wn_3,-65.1,88.1,0.24,True,2,3.093453203515e-10,2.514339300305e-10,0.812794,4.341701,6.38,D,3.0902954325135917e-10,772.1877642462747,28.877229156998077,959467499.6748476,959.4674996748478,7,5.5,550.0,6.514156594356944,22.363072562641133,6,4.4,440.00000000000006
9.0,V2V,we_10,wn_4,-62.04,85.04,0.1,True,2,6.247972845466e-10,6.186438116675e-10,0.990151,100.535718,20.02,D,6.251726927756861e-10,1562.15065661091,31.93722915699808,1061024111.678784,1061.024111678784,7,5.5,550.0,6.514156594356944,25.423072562641135,7,5.5,550.0
9.0,V2V,we_10,wn_5,-53.77,76.77,0.09,True,2,4.193895539794e-09,4.187358959467e-09,0.998441,640.603917,28.07,D,4.197589839910069e-09,10488.730234657842,40.20722915699807,1335668995.6022716,1335.6689956022717,7,5.5,550.0,6.514156594356944,33.69307256264112,7,5.5,550.0
9.0,V2V,we_10,wn_6,-51.99,74.99,0.23,True,2,6.327007497867e-09,6.286259544377e-09,0.99356,154.271786,21.88,D,6.3241185137621966e-09,15802.395086862058,41.98722915699808,1394794690.939538,1394.794690939538,7,5.5,550.0,6.514156594356944,35.473072562641136,7,5.5,550.0
9.0,V2V,we_11,we_0,-75.89,98.89,0.06,True,2,2.574052844945e-11,2.319697953134e-11,0.901185,9.119927,9.6,D,2.576321157002573e-11,64.37584100456203,18.08722915699807,603068569.5410335,603.0685695410335,5,3.3,330.0,6.514156594356944,11.573072562641126,4,2.4,240.0
9.0,V2V,we_11,we_1,-74.98,97.98,0.08,True,2,3.1750592080160005e-11,2.625195245914e-11,0.826818,4.774263,6.79,D,3.176874070649769e-11,79.38216068590125,18.99722915699807,632880345.2688832,632.8803452688833,5,3.3,330.0,6.514156594356944,12.483072562641128,4,2.4,240.0
9.0,V2V,we_11,we_2,-73.46,96.46,0.1,True,2,4.508655895871001e-11,3.037052071739e-11,0.673605,2.06377,3.15,D,4.5081670454146095e-11,112.6478522092606,20.517229156998084,682842660.9202565,682.8426609202565,6,4.4,440.00000000000006,6.514156594356944,14.00307256264114,4,2.4,240.0
9.0,V2V,we_11,we_3,-73.31,96.31,0.1,True,2,4.6654442803510006e-11,3.608070577119e-11,0.773361,3.412295,5.33,D,4.6665938031428824e-11,116.6065418076682,20.66722915699807,687782450.1402991,687.782450140299,6,4.4,440.00000000000006,6.514156594356944,14.153072562641125,4,2.4,240.0
9.0,V2V,we_11,we_4,-71.55,94.55,0.11,True,2,7.006222221903001e-11,5.743174713718e-11,0.819725,4.547077,6.58,D,6.998419960022746e-11,174.87306246933397,22.42722915699808,745839071.9668484,745.8390719668483,6,4.4,440.00000000000006,6.514156594356944,15.913072562641135,5,3.3,330.0
9.0,V2V,we_11,we_5,-69.89,92.89,0.15,True,2,1.025391122319e-10,7.307942345378e-11,0.712698,2.480658,3.95,D,1.025651926251408e-10,256.2848391432803,24.087229156998077,800722263.6596824,800.7222636596824,6,4.4,440.00000000000006,6.514156594356944,17.573072562641133,5,3.3,330.0
9.0,V2V,we_11,we_6,-68.63,91.63,0.18,True,2,1.369957653442e-10,9.853737289186e-11,0.719273,2.562181,4.09,D,1.3708817661648548e-10,342.5491669577348,25.34722915699808,842437277.4553422,842.4372774553422,7,5.5,550.0,6.514156594356944,18.833072562641135,5,3.3,330.0
9.0,V2V,we_11,we_7,-68.39,91.39,0.03,True,2,1.448189547385e-10,1.44322778781e-10,0.996574,290.870157,24.64,D,1.4487718535447602e-10,362.01195740748625,25.58722915699807,850387326.0332837,850.3873260332837,7,5.5,550.0,6.514156594356944,19.073072562641126,5,3.3,330.0
9.0,V2V,we_11,we_8,-64.14,87.14,0.27,True,2,3.853123275752e-10,3.156937559183e-10,0.819319,4.53462,6.57,D,3.854783576657721e-10,963.2142870209196,29.837229156998077,991320999.6465456,991.3209996465456,7,5.5,550.0,6.514156594356944,23.323072562641133,6,4.4,440.00000000000006
9.0,V2V,we_11,we_9,-61.69,84.69,0.14,True,2,6.773023261323e-10,6.648630506906e-10,0.981634,53.448696,17.28,D,6.776415076106756e-10,1693.2571404564608,32.28722915699808,1072643713.63736,1072.64371363736,7,5.5,550.0,6.514156594356944,25.773072562641136,7,5.5,550.0
9.0,V2V,we_11,we_10,-56.03,79.03,0.06,True,2,2.49703176596e-09,2.49456225116e-09,0.999011,1010.142661,30.04,D,2.494594726942956e-09,6233.370132291243,37.94722915699808,1260602809.444882,1260.6028094448818,7,5.5,550.0,6.514156594356944,31.433072562641133,7,5.5,550.0
9.0,V2V,we_11,wn_0,-72.13,95.13,0.12,True,2,6.123767648092e-11,3.9674524117440006e-11,0.647878,1.839922,2.65,D,6.123503917247746e-11,153.01109238500112,21.847229156998083,726689045.2074949,726.6890452074948,6,4.4,440.00000000000006,6.514156594356944,15.33307256264114,5,3.3,330.0
9.0,V2V,we_11,wn_1,-71.06,94.06,0.13,True,2,7.837966338740001e-11,5.195245647504e-11,0.662831,1.96587,2.94,D,7.834296427662121e-11,195.75953092608995,22.917229156998076,762028971.0573677,762.0289710573677,6,4.4,440.00000000000006,6.514156594356944,16.403072562641132,5,3.3,330.0
9.0,V2V,we_11,wn_2,-69.79,92.79,0.15,True,2,1.049258617935e-10,7.327115889205001e-11,0.698314,2.314701,3.64,D,1.0495424286523197e-10,262.25447992311837,24.187229156998065,804031427.2242707,804.0314272242707,6,4.4,440.00000000000006,6.514156594356944,17.67307256264112,5,3.3,330.0
9.0,V2V,we_11,wn_3,-68.39,91.39,0.02,True,2,1.450377036257e-10,1.448596291475e-10,0.998772,813.477768,29.1,D,1.4487718535447602e-10,362.01195740748625,25.58722915699807,850387326.0332837,850.3873260332837,7,5.5,550.0,6.514156594356944,19.073072562641126,5,3.3,330.0
9.0,V2V,we_11,wn_4,-65.59,88.59,0.01,True,2,2.757734616607e-10,2.757015381084e-10,0.999739,3833.25808,35.84,D,2.760577856220345e-10,689.7995642729496,28.387229156998075,943212336.265104,943.212336265104,7,5.5,550.0,6.514156594356944,21.87307256264113,6,4.4,440.00000000000006
9.0,V2V,we_11,wn_5,-61.0,84.0,0.0,True,2,7.946947895049e-10,7.946899724279e-10,0.999994,164973.481636,52.17,D,7.943282347242822e-10,1984.828172724343,32.97722915699808,1095552508.120263,1095.5525081202634,7,5.5,550.0,6.514156594356944,26.463072562641138,7,5.5,550.0
9.0,V2V,we_11,wn_6,-47.36,70.36,0.39,True,2,1.836304071524e-08,1.821032452963e-08,0.991684,119.242924,20.76,D,1.8365383433483476e-08,45890.51332704516,46.61722915699808,1548593976.1663003,1548.5939761663003,7,5.5,550.0,6.514156594356944,40.10307256264113,7,5.5,550.0
9.0,V2V,sn_0,sn_1,-52.75,75.75,0.1,True,2,5.303351834072e-09,5.295448951149e-09,0.99851,670.065469,28.26,D,5.308844442309879e-09,13265.478366591402,41.22722915699807,1369549783.2598774,1369.5497832598774,7,5.5,550.0,6.514156594356944,34.71307256264113,7,5.5,550.0
9.0,V2V,sn_0,sn_2,-59.16,82.16,0.06,True,2,1.213014061944e-09,1.210239225612e-09,0.997712,436.147967,26.4,D,1.2133888504649784e-09,3031.956148088402,34.81722915699808,1156650892.3609087,1156.6508923609088,7,5.5,550.0,6.514156594356944,28.303072562641137,7,5.5,550.0
9.0,V2V,sn_0,sn_3,-62.87,85.87,0.18,True,2,5.167885993974e-10,4.936179958108e-10,0.955164,21.303631,13.28,D,5.164163692720711e-10,1290.3957253175188,31.107229156998073,1033471544.136562,1033.4715441365622,7,5.5,550.0,6.514156594356944,24.59307256264113,6,4.4,440.00000000000006
9.0,V2V,sn_0,sn_4,-67.96,90.96,0.07,True,2,1.600669752583e-10,1.567322184341e-10,0.979166,46.999594,16.72,D,1.599558028614671e-10,399.6896623225064,26.01722915699808,864634147.890844,864.634147890844,7,5.5,550.0,6.514156594356944,19.503072562641137,5,3.3,330.0
9.0,V2V,sn_0,sn_5,-68.18,91.18,0.19,True,2,1.522274823102e-10,1.081883852042e-10,0.710702,2.456644,3.9,D,1.5205475297324935e-10,379.9469089786341,25.79722915699807,857344613.896235,857.3446138962349,7,5.5,550.0,6.514156594356944,19.283072562641127,5,3.3,330.0
9.0,V2V,sn_0,sn_6,-70.93,93.93,0.07,True,2,8.073667892042e-11,7.739848267361001e-11,0.958653,23.18572,13.65,D,8.072350302488364e-11,201.70790361040392,23.047229156998064,766325853.0563943,766.3258530563943,6,4.4,440.00000000000006,6.514156594356944,16.53307256264112,5,3.3,330.0
9.0,V2V,sn_0,sn_7,-71.94,94.94,0.09,True,2,6.395040522339e-11,5.699963631048001e-11,0.89131,8.200479,9.14,D,6.397348354826482e-11,159.8537819796722,22.037229156998073,732960604.6680353,732.9606046680352,6,4.4,440.00000000000006,6.514156594356944,15.52307256264113,5,3.3,330.0
9.0,V2V,sn_0,sn_8,-72.55,95.55,0.11,True,2,5.5633982348400006e-11,3.91830601465e-11,0.704301,2.381815,3.77,D,5.559042572704037e-11,138.90661101209486,21.427229156998074,712832032.5608476,712.8320325608477,6,4.4,440.00000000000006,6.514156594356944,14.91307256264113,4,2.4,240.0
9.0,V2V,sn_0,sn_9,-74.57,97.57,0.07,True,2,3.4874095945350003e-11,3.1370868329450006e-11,0.899546,8.954847,9.52,D,3.4914031547858696e-11,87.24145814057644,19.407229156998085,646338472.5739568,646.3384725739569,5,3.3,330.0,6.514156594356944,12.89307256264114,4,2.4,240.0
9.0,V2V,sn_0,sn_10,-73.97,96.97,0.1,True,2,4.011072611609e-11,2.535664620591e-11,0.632166,1.718619,2.35,D,4.008667176273026e-11,100.16659610877124,20.007229156998072,666058919.9337875,666.0589199337875,6,4.4,440.00000000000006,6.514156594356944,13.493072562641128,4,2.4,240.0
9.0,V2V,sn_0,se_0,-64.58,87.58,0.26,True,2,3.485756691846e-10,2.822002740563e-10,0.809581,4.25158,6.29,D,3.4833731503601156e-10,870.4080835482548,29.397229156998073,976720468.6136467,976.7204686136467,7,5.5,550.0,6.514156594356944,22.88307256264113,6,4.4,440.00000000000006
9.0,V2V,sn_0,se_1,-67.86,90.86,0.1,True,2,1.638033723313e-10,1.571140722248e-10,0.959163,23.487371,13.71,D,1.63681652142781e-10,408.99963054168165,26.11722915699808,867947879.9466608,867.9478799466608,7,5.5,550.0,6.514156594356944,19.603072562641135,5,3.3,330.0
9.0,V2V,sn_0,se_2,-69.86,92.86,0.1,True,2,1.033317674506e-10,9.625614095419e-11,0.931525,13.603904,11.34,D,1.0327614057613979e-10,258.0613207799595,24.11722915699808,801714981.9401106,801.7149819401105,6,4.4,440.00000000000006,6.514156594356944,17.603072562641135,5,3.3,330.0
9.0,V2V,sn_0,se_3,-71.99,94.99,0.1,True,2,6.326931924022e-11,5.4717152792630005e-11,0.864829,6.398046,8.06,D,6.324118513762197e-11,158.02395086862057,21.987229156998076,731310025.8411084,731.3100258411084,6,4.4,440.00000000000006,6.514156594356944,15.473072562641132,5,3.3,330.0
9.0,V2V,sn_0,se_4,-72.0,95.0,0.12,True,2,6.307361031177e-11,3.991455061405e-11,0.632825,1.723496,2.36,D,6.30957344480193e-11,157.6605058671147,21.97722915699807,730979924.3715843,730.9799243715843,6,4.4,440.00000000000006,6.514156594356944,15.463072562641129,5,3.3,330.0
9.0,V2V,sn_0,se_5,-73.14,96.14,0.1,True,2,4.857380331421e-11,2.9772553364760004e-11,0.612934,1.583541,2.0,D,4.8528850016212095e-11,121.26149429338356,20.83722915699807,693382629.4874791,693.3826294874791,6,4.4,440.00000000000006,6.514156594356944,14.32307256264113,4,2.4,240.0
9.0,V2V,sn_0,se_6,-76.45,99.45,0.01,True,2,2.2632194964360003e-11,2.249134720877e-11,0.993777,159.685521,22.03,D,2.2646443075930572e-11,56.58781378293495,17.527229156998068,584769164.8656303,584.7691648656303,5,3.3,330.0,6.514156594356944,11.013072562641124,4,2.4,240.0
9.0,V2V,sn_1,sn_0,-52.75,75.75,0.1,True,2,5.30335325733e-09,5.295448951149e-09,0.99851,669.944816,28.26,D,5.308844442309879e-09,13265.478366591402,41.22722915699807,1369549783.2598774,1369.5497832598774,7,5.5,550.0,6.514156594356944,34.71307256264113,7,5.5,550.0
9.0,V2V,sn_1,sn_2,-53.52,76.52,0.09,True,2,4.448015165681e-09,4.44256151926e-09,0.998774,814.603877,29.11,D,4.446312674691084e-09,11110.226573440988,40.45722915699807,1343973046.484037,1343.973046484037,7,5.5,550.0,6.514156594356944,33.94307256264112,7,5.5,550.0
9.0,V2V,sn_1,sn_3,-59.9,82.9,0.03,True,2,1.023317474179e-09,1.0228489193e-09,0.999542,2182.98638,33.39,D,1.0232929922807534e-09,2556.954003700034,34.07722915699807,1132077460.7040167,1132.0774607040166,7,5.5,550.0,6.514156594356944,27.56307256264113,7,5.5,550.0
9.0,V2V,sn_1,sn_4,-65.91,88.91,0.19,True,2,2.566917186903e-10,2.286329967106e-10,0.890691,8.148375,9.11,D,2.5644840365177207e-10,640.8006088250177,28.06722915699808,932598134.7964745,932.5981347964744,7,5.5,550.0,6.514156594356944,21.553072562641137,6,4.4,440.00000000000006
9.0,V2V,sn_1,sn_5,-67.63,90.63,0.17,True,2,1.724497561843e-10,1.47283197872e-10,0.854064,5.852338,7.67,D,1.7258378919902038e-10,431.24385107201493,26.347229156998075,875570163.0586162,875.5701630586161,7,5.5,550.0,6.514156594356944,19.83307256264113,5,3.3,330.0
9.0,V2V,sn_1,sn_6,-68.46,91.46,0.18,True,2,1.425746175484e-10,1.001504049996e-10,0.702442,2.36069,3.73,D,1.425607593602191e-10,356.22378650729405,25.517229156998084,848068433.8356937,848.0684338356937,7,5.5,550.0,6.514156594356944,19.00307256264114,5,3.3,330.0
9.0,V2V,sn_1,sn_7,-71.35,94.35,0.06,True,2,7.324016255355e-11,7.095990564391001e-11,0.968866,31.119259,14.93,D,7.328245331389045e-11,183.11457599672775,22.627229156998077,752446003.6374395,752.4460036374395,6,4.4,440.00000000000006,6.514156594356944,16.113072562641133,5,3.3,330.0
9.0,V2V,sn_1,sn_8,-71.51,94.51,0.13,True,2,7.057704117458e-11,4.690560337956e-11,0.664601,1.981527,2.97,D,7.063175542629609e-11,176.4911429942431,22.467229156998066,747160322.4098554,747.1603224098553,6,4.4,440.00000000000006,6.514156594356944,15.953072562641122,5,3.3,330.0
9.0,V2V,sn_1,sn_9,-74.06,97.06,0.06,True,2,3.928412161188e-11,3.682080777495e-11,0.937295,14.947672,11.75,D,3.9264493539959933e-11,98.11217776101932,19.91722915699807,663099042.4913273,663.0990424913273,5,3.3,330.0,6.514156594356944,13.403072562641125,4,2.4,240.0
9.0,V2V,sn_1,sn_10,-73.23,96.23,0.1,True,2,4.7516784317660005e-11,2.9266945430170004e-11,0.615929,1.603682,2.05,D,4.7533522594280486e-11,118.77441927606316,20.74722915699807,690417600.8383204,690.4176008383204,6,4.4,440.00000000000006,6.514156594356944,14.233072562641128,4,2.4,240.0
9.0,V2V,sn_1,se_0,-62.68,85.68,0.27,True,2,5.390954077539e-10,4.769263022559e-10,0.884679,7.671436,8.85,D,5.39510622515128e-10,1348.102505035302,31.29722915699808,1039778425.3324728,1039.7784253324728,7,5.5,550.0,6.514156594356944,24.783072562641134,6,4.4,440.00000000000006
9.0,V2V,sn_1,se_1,-66.05,89.05,0.16,True,2,2.48042893979e-10,2.292944291468e-10,0.924414,12.230038,10.87,D,2.4831331052955726e-10,620.4730398039912,27.92722915699808,927954799.6684452,927.9547996684452,7,5.5,550.0,6.514156594356944,21.413072562641137,6,4.4,440.00000000000006
9.0,V2V,sn_1,se_2,-67.46,90.46,0.2,True,2,1.792998926511e-10,1.285912798201e-10,0.717185,2.535886,4.04,D,1.7947336268325283e-10,448.45917711957225,26.517229156998077,881204627.627822,881.204627627822,7,5.5,550.0,6.514156594356944,20.003072562641133,6,4.4,440.00000000000006
9.0,V2V,sn_1,se_3,-70.26,93.26,0.15,True,2,9.412649697458e-11,6.780030808919001e-11,0.720311,2.575394,4.11,D,9.4188959652284e-11,235.35472176982503,23.717229156998066,788480987.6158897,788.4809876158897,6,4.4,440.00000000000006,6.514156594356944,17.203072562641122,5,3.3,330.0
9.0,V2V,sn_1,se_4,-72.21,95.21,0.11,True,2,6.010701500491e-11,4.786488420916e-11,0.796328,3.909849,5.92,D,6.011737374832791e-11,150.21832520821565,21.767229156998084,724048917.1165998,724.0489171165998,6,4.4,440.00000000000006,6.514156594356944,15.25307256264114,5,3.3,330.0
9.0,V2V,sn_1,se_5,-72.49,95.49,0.11,True,2,5.6309265236070005e-11,3.4794892656370004e-11,0.617925,1.617286,2.09,D,5.6363765582595476e-11,140.83899445925906,21.487229156998076,714811040.3446422,714.8110403446422,6,4.4,440.00000000000006,6.514156594356944,14.973072562641132,4,2.4,240.0
9.0,V2V,sn_1,se_6,-74.31,97.31,0.09,True,2,3.7085703197460005e-11,2.5736614319330003e-11,0.693977,2.267725,3.56,D,3.70680721782576e-11,92.62386851138828,19.667229156998072,654880447.2914046,654.8804472914046,5,3.3,330.0,6.514156594356944,13.153072562641128,4,2.4,240.0
9.0,V2V,sn_2,sn_0,-59.16,82.16,0.06,True,2,1.213013886806e-09,1.210239225612e-09,0.997713,436.175497,26.4,D,1.2133888504649784e-09,3031.956148088402,34.81722915699808,1156650892.3609087,1156.6508923609088,7,5.5,550.0,6.514156594356944,28.303072562641137,7,5.5,550.0
9.0,V2V,sn_2,sn_1,-53.52,76.52,0.09,True,2,4.448015745436e-09,4.44256151926e-09,0.998774,814.517289,29.11,D,4.446312674691084e-09,11110.226573440988,40.45722915699807,1343973046.484037,1343.973046484037,7,5.5,550.0,6.514156594356944,33.94307256264112,7,5.5,550.0
9.0,V2V,sn_2,sn_3,-54.22,77.22,0.07,True,2,3.783403543119e-09,3.780279337663e-09,0.999174,1209.997035,30.83,D,3.784425847170936e-09,9456.336449702489,39.75722915699808,1320721820.6928716,1320.7218206928717,7,5.5,550.0,6.514156594356944,33.24307256264113,7,5.5,550.0
9.0,V2V,sn_2,sn_4,-63.45,86.45,0.28,True,2,4.523280222637e-10,3.824895047727e-10,0.845602,5.47677,7.39,D,4.5185594437492164e-10,1129.0753232756665,30.527229156998068,1014220322.0926116,1014.2203220926116,7,5.5,550.0,6.514156594356944,24.013072562641124,6,4.4,440.00000000000006
9.0,V2V,sn_2,sn_5,-66.31,89.31,0.14,True,2,2.340480691259e-10,2.201560330643e-10,0.940645,15.847643,12.0,D,2.3388372386593535e-10,584.4171011142812,27.667229156998072,919332107.99225,919.33210799225,7,5.5,550.0,6.514156594356944,21.15307256264113,6,4.4,440.00000000000006
9.0,V2V,sn_2,sn_6,-67.21,90.21,0.21,True,2,1.899949111258e-10,1.386636426924e-10,0.729828,2.701348,4.32,D,1.9010782799233035e-10,475.0320539538489,26.767229156998084,889491491.1466104,889.4914911466104,7,5.5,550.0,6.514156594356944,20.25307256264114,6,4.4,440.00000000000006
9.0,V2V,sn_2,sn_7,-69.49,92.49,0.14,True,2,1.124634882081e-10,9.297607050003e-11,0.826722,4.771082,6.79,D,1.1246049739669267e-10,281.0107381226703,24.487229156998076,813960628.6942694,813.9606286942694,6,4.4,440.00000000000006,6.514156594356944,17.973072562641132,5,3.3,330.0
9.0,V2V,sn_2,sn_8,-70.84,93.84,0.14,True,2,8.236597395585001e-11,5.826408672375001e-11,0.707381,2.417408,3.83,D,8.241381150130013e-11,205.9315629717644,23.137229156998067,769300990.3942745,769.3009903942744,6,4.4,440.00000000000006,6.514156594356944,16.623072562641124,5,3.3,330.0
9.0,V2V,sn_2,sn_9,-72.51,95.51,0.11,True,2,5.606153819856e-11,4.456595698279e-11,0.794947,3.87679,5.88,D,5.610479760324701e-11,140.19189805908798,21.467229156998073,714151349.5343236,714.1513495343236,6,4.4,440.00000000000006,6.514156594356944,14.953072562641127,4,2.4,240.0
9.0,V2V,sn_2,sn_10,-72.5,95.5,0.11,True,2,5.618883802485e-11,3.4665924518000004e-11,0.616954,1.610652,2.07,D,5.6234132519034906e-11,140.51507376070688,21.47722915699807,714481192.2560322,714.4811922560323,6,4.4,440.00000000000006,6.514156594356944,14.96307256264113,4,2.4,240.0
9.0,V2V,sn_2,se_0,-59.76,82.76,0.05,True,2,1.056251052595e-09,1.054387056336e-09,0.998235,565.659427,27.53,D,1.0568175092136583e-09,2640.7234113284817,34.21722915699807,1136726370.8857183,1136.7263708857183,7,5.5,550.0,6.514156594356944,27.70307256264113,7,5.5,550.0
9.0,V2V,sn_2,se_1,-63.4,86.4,0.28,True,2,4.568688437702e-10,3.838789138374e-10,0.840239,5.259341,7.21,D,4.5708818961487517e-10,1142.149399337519,30.577229156998076,1015879824.779306,1015.879824779306,7,5.5,550.0,6.514156594356944,24.063072562641132,6,4.4,440.00000000000006
9.0,V2V,sn_2,se_2,-66.15,89.15,0.23,True,2,2.426876606644e-10,1.867163580742e-10,0.769369,3.33593,5.23,D,2.426610095082414e-10,606.3493490960556,27.827229156998072,924638278.735664,924.638278735664,7,5.5,550.0,6.514156594356944,21.31307256264113,6,4.4,440.00000000000006
9.0,V2V,sn_2,se_3,-69.8,92.8,0.13,True,2,1.046256113075e-10,8.825978409758001e-11,0.843577,5.392931,7.32,D,1.0471285480509008e-10,261.6513113570466,24.17722915699808,803700497.7326881,803.7004977326881,6,4.4,440.00000000000006,6.514156594356944,17.663072562641137,5,3.3,330.0
9.0,V2V,sn_2,se_4,-70.4,93.4,0.14,True,2,9.110690749226e-11,5.959436693180001e-11,0.654115,1.891132,2.77,D,9.120108393559078e-11,227.8887654562488,23.577229156998065,783850284.2627612,783.8502842627612,6,4.4,440.00000000000006,6.514156594356944,17.06307256264112,5,3.3,330.0
9.0,V2V,sn_2,se_5,-72.85,95.85,0.1,True,2,5.190014277708e-11,4.1879509347410005e-11,0.806925,4.179328,6.21,D,5.18800038928962e-11,129.63519213617238,21.127229156998084,702939979.0188835,702.9399790188835,6,4.4,440.00000000000006,6.514156594356944,14.61307256264114,4,2.4,240.0
9.0,V2V,sn_2,se_6,-73.29,96.29,0.1,True,2,4.685365587957e-11,3.015183477047e-11,0.643532,1.805302,2.57,D,4.6881338214526456e-11,117.14477314974124,20.687229156998068,688441199.4137261,688.441199413726,6,4.4,440.00000000000006,6.514156594356944,14.173072562641124,4,2.4,240.0
9.0,V2V,sn_3,sn_0,-62.87,85.87,0.18,True,2,5.167865185069e-10,4.936179958108e-10,0.955168,21.305545,13.28,D,5.164163692720711e-10,1290.3957253175188,31.107229156998073,1033471544.136562,1033.4715441365622,7,5.5,550.0,6.514156594356944,24.59307256264113,6,4.4,440.00000000000006
9.0,V2V,sn_3,sn_1,-59.9,82.9,0.03,True,2,1.02331740119e-09,1.0228489193e-09,0.999542,2183.326485,33.39,D,1.0232929922807534e-09,2556.954003700034,34.07722915699807,1132077460.7040167,1132.0774607040166,7,5.5,550.0,6.514156594356944,27.56307256264113,7,5.5,550.0
9.0,V2V,sn_3,sn_2,-54.22,77.22,0.07,True,2,3.783403944622e-09,3.780279337663e-09,0.999174,1209.841554,30.83,D,3.784425847170936e-09,9456.336449702489,39.75722915699808,1320721820.6928716,1320.7218206928717,7,5.5,550.0,6.514156594356944,33.24307256264113,7,5.5,550.0
9.0,V2V,sn_3,sn_4,-60.84,83.84,0.04,True,2,8.235252421943e-10,8.22551875117e-10,0.998818,845.058246,29.27,D,8.241381150130012e-10,2059.315629717644,33.13722915699807,1100864965.2433405,1100.8649652433403,7,5.5,550.0,6.514156594356944,26.623072562641124,7,5.5,550.0
9.0,V2V,sn_3,sn_5,-63.45,86.45,0.28,True,2,4.523261116656e-10,3.824895047727e-10,0.845606,5.47692,7.39,D,4.5185594437492164e-10,1129.0753232756665,30.527229156998068,1014220322.0926116,1014.2203220926116,7,5.5,550.0,6.514156594356944,24.013072562641124,6,4.4,440.00000000000006
9.0,V2V,sn_3,sn_6,-65.63,88.63,0.24,True,2,2.735049595099e-10,2.121419325665e-10,0.775642,3.457162,5.39,D,2.735268726306714e-10,683.475443854751,28.347229156998075,941885497.4260888,941.8854974260888,7,5.5,550.0,6.514156594356944,21.83307256264113,6,4.4,440.00000000000006
9.0,V2V,sn_3,sn_7,-67.85,90.85,0.18,True,2,1.639922224896e-10,1.307792634962e-10,0.797472,3.937597,5.95,D,1.6405897731995418e-10,409.94247206385353,26.127229156998084,868279263.4588779,868.279263458878,7,5.5,550.0,6.514156594356944,19.61307256264114,5,3.3,330.0
9.0,V2V,sn_3,sn_8,-70.09,93.09,0.14,True,2,9.783682995949e-11,7.595197718560001e-11,0.776313,3.470527,5.4,D,9.79489985408698e-11,244.75012129152873,23.88722915699807,794104831.839203,794.104831839203,6,4.4,440.00000000000006,6.514156594356944,17.373072562641127,5,3.3,330.0
9.0,V2V,sn_3,sn_9,-72.5,95.5,0.02,True,2,5.624111987951001e-11,5.608361806663e-11,0.9972,356.082365,25.52,D,5.6234132519034906e-11,140.51507376070688,21.47722915699807,714481192.2560322,714.4811922560323,6,4.4,440.00000000000006,6.514156594356944,14.96307256264113,4,2.4,240.0
9.0,V2V,sn_3,sn_10,-73.33,96.33,0.07,True,2,4.639968289606001e-11,4.2397142973870006e-11,0.913738,10.59256,10.25,D,4.645152752227492e-11,116.0707834139803,20.647229156998073,687123726.661341,687.1237266613409,6,4.4,440.00000000000006,6.514156594356944,14.133072562641129,4,2.4,240.0
9.0,V2V,sn_3,se_0,-53.24,76.24,0.19,True,2,4.741089689616e-09,4.714959240118e-09,0.994489,180.43927,22.56,D,4.742419852602448e-09,11850.124569221509,40.73722915699808,1353273634.445022,1353.2736344450218,7,5.5,550.0,6.514156594356944,34.223072562641136,7,5.5,550.0
9.0,V2V,sn_3,se_1,-60.72,83.72,0.17,True,2,8.468682477493e-10,8.266611340554e-10,0.976139,40.909412,16.12,D,8.472274141405962e-10,2117.0100303363224,33.25722915699807,1104849370.623134,1104.8493706231338,7,5.5,550.0,6.514156594356944,26.743072562641128,7,5.5,550.0
9.0,V2V,sn_3,se_2,-64.99,87.99,0.11,True,2,3.168662408013e-10,3.086515461973e-10,0.974075,37.573101,15.75,D,3.1695674630434925e-10,791.9958678269596,28.987229156998076,963116953.8073353,963.1169538073352,7,5.5,550.0,6.514156594356944,22.473072562641132,6,4.4,440.00000000000006
9.0,V2V,sn_3,se_3,-69.04,92.04,0.05,True,2,1.24657126329e-10,1.229662243705e-10,0.986436,72.722267,18.62,D,1.2473835142429406e-10,311.6900335439631,24.937229156998065,828858942.63519,828.85894263519,6,4.4,440.00000000000006,6.514156594356944,18.42307256264112,5,3.3,330.0
9.0,V2V,sn_3,se_4,-71.07,94.07,0.02,True,2,7.823796813923e-11,7.793651816463001e-11,0.996147,258.538812,24.13,D,7.816278045883309e-11,195.30929649883328,22.90722915699808,761698468.5019906,761.6984685019905,6,4.4,440.00000000000006,6.514156594356944,16.393072562641137,5,3.3,330.0
9.0,V2V,sn_3,se_5,-70.92,93.92,0.14,True,2,8.091717021219001e-11,5.231207533459e-11,0.646489,1.828768,2.62,D,8.090958991783813e-11,202.1728883504201,23.05722915699807,766656408.9660474,766.6564089660474,6,4.4,440.00000000000006,6.514156594356944,16.543072562641125,5,3.3,330.0
9.0,V2V,sn_3,se_6,-73.61,96.61,0.09,True,2,4.356358039866e-11,3.635562144986e-11,0.834542,5.043816,7.03,D,4.3551187368556876e-11,108.82355664307066,20.36722915699808,677904372.8699434,677.9043728699434,6,4.4,440.00000000000006,6.514156594356944,13.853072562641136,4,2.4,240.0
9.0,V2V,sn_4,sn_0,-67.96,90.96,0.07,True,2,1.600667423177e-10,1.567322184341e-10,0.979168,47.002878,16.72,D,1.599558028614671e-10,399.6896623225064,26.01722915699808,864634147.890844,864.634147890844,7,5.5,550.0,6.514156594356944,19.503072562641137,5,3.3,330.0
9.0,V2V,sn_4,sn_1,-65.91,88.91,0.19,True,2,2.566898939307e-10,2.286329967106e-10,0.890697,8.148905,9.11,D,2.5644840365177207e-10,640.8006088250177,28.06722915699808,932598134.7964745,932.5981347964744,7,5.5,550.0,6.514156594356944,21.553072562641137,6,4.4,440.00000000000006
9.0,V2V,sn_4,sn_2,-63.45,86.45,0.28,True,2,4.523237358784e-10,3.824895047727e-10,0.84561,5.477106,7.39,D,4.5185594437492164e-10,1129.0753232756665,30.527229156998068,1014220322.0926116,1014.2203220926116,7,5.5,550.0,6.514156594356944,24.013072562641124,6,4.4,440.00000000000006
9.0,V2V,sn_4,sn_3,-60.84,83.84,0.04,True,2,8.235251626726e-10,8.22551875117e-10,0.998818,845.127291,29.27,D,8.241381150130012e-10,2059.315629717644,33.13722915699807,1100864965.2433405,1100.8649652433403,7,5.5,550.0,6.514156594356944,26.623072562641124,7,5.5,550.0
9.0,V2V,sn_4,sn_5,-54.22,77.22,0.07,True,2,3.783404582872e-09,3.780279337663e-09,0.999174,1209.594475,30.83,D,3.784425847170936e-09,9456.336449702489,39.75722915699808,1320721820.6928716,1320.7218206928717,7,5.5,550.0,6.514156594356944,33.24307256264113,7,5.5,550.0
9.0,V2V,sn_4,sn_6,-60.57,83.57,0.02,True,2,8.760327254819e-10,8.758373807828e-10,0.999777,4483.548235,36.52,D,8.77000821143634e-10,2191.4063496842423,33.40722915699807,1109829950.2825038,1109.829950282504,7,5.5,550.0,6.514156594356944,26.893072562641127,7,5.5,550.0
9.0,V2V,sn_4,sn_7,-63.96,86.96,0.22,True,2,4.017138926604e-10,3.617525490077e-10,0.900523,9.052562,9.57,D,4.0179081084894e-10,1003.9750396025488,30.017229156998077,997294395.4535136,997.2943954535136,7,5.5,550.0,6.514156594356944,23.503072562641133,6,4.4,440.00000000000006
9.0,V2V,sn_4,sn_8,-67.96,90.96,0.07,True,2,1.600668437316e-10,1.567323181175e-10,0.979168,47.002883,16.72,D,1.599558028614671e-10,399.6896623225064,26.01722915699808,864634147.890844,864.634147890844,7,5.5,550.0,6.514156594356944,19.503072562641137,5,3.3,330.0
9.0,V2V,sn_4,sn_9,-69.49,92.49,0.11,True,2,1.124001823411e-10,1.027272203029e-10,0.913942,10.620038,10.26,D,1.1246049739669267e-10,281.0107381226703,24.487229156998076,813960628.6942694,813.9606286942694,6,4.4,440.00000000000006,6.514156594356944,17.973072562641132,5,3.3,330.0
9.0,V2V,sn_4,sn_10,-71.35,94.35,0.06,True,2,7.324009765552e-11,7.095993333374e-11,0.968867,31.120535,14.93,D,7.328245331389045e-11,183.11457599672775,22.627229156998077,752446003.6374395,752.4460036374395,6,4.4,440.00000000000006,6.514156594356944,16.113072562641133,5,3.3,330.0
9.0,V2V,sn_4,se_0,-56.19,79.19,0.03,True,2,2.402356622839e-09,2.401586103128e-09,0.999679,3116.839281,34.94,D,2.404362800006934e-09,6007.903048493089,37.78722915699808,1255288592.9351869,1255.288592935187,7,5.5,550.0,6.514156594356944,31.273072562641136,7,5.5,550.0
9.0,V2V,sn_4,se_1,-31.1,54.1,0.01,True,2,7.766508426262e-07,7.766492305002e-07,0.999998,481754.683353,56.83,D,7.762471166286911e-07,1939647.9675879336,62.87722915699807,2088736415.0322285,2088.7364150322283,7,5.5,550.0,6.514156594356944,56.36307256264112,7,5.5,550.0
9.0,V2V,sn_4,se_2,-56.85,79.85,0.14,True,2,2.066899649796e-09,2.053916533691e-09,0.993719,158.199042,21.99,D,2.065380155810527e-09,5160.869954549043,37.12722915699807,1233367808.0047765,1233.3678080047764,7,5.5,550.0,6.514156594356944,30.61307256264113,7,5.5,550.0
9.0,V2V,sn_4,se_3,-64.48,87.48,0.19,True,2,3.561038519838e-10,3.268397752197e-10,0.917822,11.168634,10.48,D,3.564511334262439e-10,890.6824923194499,29.49722915699807,980038628.074987,980.0386280749872,7,5.5,550.0,6.514156594356944,22.983072562641127,6,4.4,440.00000000000006
9.0,V2V,sn_4,se_4,-66.68,89.68,0.22,True,2,2.148531155244e-10,1.626636009022e-10,0.757092,3.116787,4.94,D,2.1478304741305286e-10,536.6892738956843,27.297229156998064,907062888.2046744,907.0628882046744,7,5.5,550.0,6.514156594356944,20.78307256264112,6,4.4,440.00000000000006
9.0,V2V,sn_4,se_5,-69.79,92.79,0.12,True,2,1.048951357769e-10,9.354333537246e-11,0.89178,8.240396,9.16,D,1.0495424286523197e-10,262.25447992311837,24.187229156998065,804031427.2242707,804.0314272242707,6,4.4,440.00000000000006,6.514156594356944,17.67307256264112,5,3.3,330.0
9.0,V2V,sn_4,se_6,-70.82,93.82,0.14,True,2,8.272312565180001e-11,5.828746801369e-11,0.704609,2.385345,3.78,D,8.27942163712336e-11,206.88209987814497,23.157229156998085,769962172.7053102,769.9621727053102,6,4.4,440.00000000000006,6.514156594356944,16.64307256264114,5,3.3,330.0
9.0,V2V,sn_5,sn_0,-68.18,91.18,0.19,True,2,1.522247825521e-10,1.081883852042e-10,0.710715,2.456795,3.9,D,1.5205475297324935e-10,379.9469089786341,25.79722915699807,857344613.896235,857.3446138962349,7,5.5,550.0,6.514156594356944,19.283072562641127,5,3.3,330.0
9.0,V2V,sn_5,sn_1,-67.63,90.63,0.17,True,2,1.72515436454e-10,1.47283197872e-10,0.853739,5.837104,7.66,D,1.7258378919902038e-10,431.24385107201493,26.347229156998075,875570163.0586162,875.5701630586161,7,5.5,550.0,6.514156594356944,19.83307256264113,5,3.3,330.0
9.0,V2V,sn_5,sn_2,-66.31,89.31,0.14,True,2,2.340471664376e-10,2.201560330643e-10,0.940648,15.848673,12.0,D,2.3388372386593535e-10,584.4171011142812,27.667229156998072,919332107.99225,919.33210799225,7,5.5,550.0,6.514156594356944,21.15307256264113,6,4.4,440.00000000000006
9.0,V2V,sn_5,sn_3,-63.45,86.45,0.28,True,2,4.523212050282e-10,3.824895047727e-10,0.845615,5.477305,7.39,D,4.5185594437492164e-10,1129.0753232756665,30.527229156998068,1014220322.0926116,1014.2203220926116,7,5.5,550.0,6.514156594356944,24.013072562641124,6,4.4,440.00000000000006
9.0,V2V,sn_5,sn_4,-54.22,77.22,0.07,True,2,3.783404901305e-09,3.780279337663e-09,0.999174,1209.471241,30.83,D,3.784425847170936e-09,9456.336449702489,39.75722915699808,1320721820.6928716,1320.7218206928717,7,5.5,550.0,6.514156594356944,33.24307256264113,7,5.5,550.0
9.0,V2V,sn_5,sn_6,-54.87,77.87,0.0,True,2,3.25577345024e-09,3.255772165754e-09,1.0,2534688.674833,64.04,D,3.2583670100200863e-09,8141.846601749341,39.10722915699807,1299131750.916753,1299.1317509167532,7,5.5,550.0,6.514156594356944,32.593072562641126,7,5.5,550.0
9.0,V2V,sn_5,sn_7,-60.88,83.88,0.28,True,2,8.166387900867e-10,7.583852864148e-10,0.928667,13.018707,11.15,D,8.165823713585921e-10,2040.4357105412096,33.097229156998075,1099536841.9188747,1099.5368419188746,7,5.5,550.0,6.514156594356944,26.58307256264113,7,5.5,550.0
9.0,V2V,sn_5,sn_8,-66.0,89.0,0.08,True,2,2.514689355098e-10,2.471247505409e-10,0.982725,56.886332,17.55,D,2.5118864315095825e-10,627.6577789879016,27.97722915699808,929613106.3929472,929.6131063929472,7,5.5,550.0,6.514156594356944,21.463072562641138,6,4.4,440.00000000000006
9.0,V2V,sn_5,sn_9,-67.63,90.63,0.17,True,2,1.725155001406e-10,1.472832532516e-10,0.853739,5.837104,7.66,D,1.7258378919902038e-10,431.24385107201493,26.347229156998075,875570163.0586162,875.5701630586161,7,5.5,550.0,6.514156594356944,19.83307256264113,5,3.3,330.0
9.0,V2V,sn_5,sn_10,-70.2,93.2,0.02,True,2,9.549961468627e-11,9.52794432234e-11,0.997695,432.751102,26.36,D,9.54992586021435e-11,238.62883208931405,23.777229156998068,790465769.310078,790.465769310078,6,4.4,440.00000000000006,6.514156594356944,17.263072562641124,5,3.3,330.0
9.0,V2V,sn_5,se_0,-61.27,84.27,0.07,True,2,7.472377279052e-10,7.444258034725e-10,0.996237,264.738908,24.23,D,7.464487584100653e-10,1865.189301374476,32.70722915699807,1086587962.1496043,1086.5879621496042,7,5.5,550.0,6.514156594356944,26.193072562641124,7,5.5,550.0
9.0,V2V,sn_5,se_1,-54.3,77.3,0.06,True,2,3.716709102862e-09,3.714188461045e-09,0.999322,1473.509023,31.68,D,3.7153522909717276e-09,9283.738858000315,39.67722915699808,1318064561.8240547,1318.0645618240546,7,5.5,550.0,6.514156594356944,33.16307256264113,7,5.5,550.0
9.0,V2V,sn_5,se_2,-45.27,68.27,0.68,True,2,2.970536333492e-08,2.914642286627e-08,0.981184,52.145845,17.17,D,2.9716660317380252e-08,74254.52353168478,48.707229156998075,1618021072.499662,1618.0210724996618,7,5.5,550.0,6.514156594356944,42.193072562641134,7,5.5,550.0
9.0,V2V,sn_5,se_3,-61.4,84.4,0.29,True,2,7.249938914072e-10,6.557449014095e-10,0.904483,9.469379,9.76,D,7.244359600749906e-10,1810.1848077835843,32.57722915699808,1082271804.6670666,1082.2718046670666,7,5.5,550.0,6.514156594356944,26.063072562641135,7,5.5,550.0
9.0,V2V,sn_5,se_4,-65.75,88.75,0.1,True,2,2.66337073971e-10,2.589496800974e-10,0.972263,35.052914,15.45,D,2.6607250597988083e-10,664.8488405294372,28.22722915699807,937905088.6935582,937.9050886935582,7,5.5,550.0,6.514156594356944,21.713072562641127,6,4.4,440.00000000000006
9.0,V2V,sn_5,se_5,-68.22,91.22,0.15,True,2,1.50557683288e-10,1.317261337454e-10,0.874921,6.994971,8.45,D,1.5066070661867418e-10,376.46353477929574,25.757229156998072,856019346.8029329,856.0193468029329,7,5.5,550.0,6.514156594356944,19.243072562641128,5,3.3,330.0
9.0,V2V,sn_5,se_6,-70.11,93.11,0.14,True,2,9.741633778421e-11,7.598680545003e-11,0.780021,3.545892,5.5,D,9.749896377173868e-11,243.62559663103113,23.86722915699807,793443155.9300611,793.4431559300612,6,4.4,440.00000000000006,6.514156594356944,17.353072562641128,5,3.3,330.0
9.0,V2V,sn_6,sn_0,-70.93,93.93,0.07,True,2,8.073648820674e-11,7.739848267361001e-11,0.958656,23.187044,13.65,D,8.072350302488364e-11,201.70790361040392,23.047229156998064,766325853.0563943,766.3258530563943,6,4.4,440.00000000000006,6.514156594356944,16.53307256264112,5,3.3,330.0
9.0,V2V,sn_6,sn_1,-68.46,91.46,0.18,True,2,1.425720396255e-10,1.001504049996e-10,0.702455,2.360833,3.73,D,1.425607593602191e-10,356.22378650729405,25.517229156998084,848068433.8356937,848.0684338356937,7,5.5,550.0,6.514156594356944,19.00307256264114,5,3.3,330.0
9.0,V2V,sn_6,sn_2,-67.21,90.21,0.21,True,2,1.89991992618e-10,1.386636426924e-10,0.729839,2.701502,4.32,D,1.9010782799233035e-10,475.0320539538489,26.767229156998084,889491491.1466104,889.4914911466104,7,5.5,550.0,6.514156594356944,20.25307256264114,6,4.4,440.00000000000006
9.0,V2V,sn_6,sn_3,-65.63,88.63,0.24,True,2,2.735011272378e-10,2.121419325665e-10,0.775653,3.457378,5.39,D,2.735268726306714e-10,683.475443854751,28.347229156998075,941885497.4260888,941.8854974260888,7,5.5,550.0,6.514156594356944,21.83307256264113,6,4.4,440.00000000000006
9.0,V2V,sn_6,sn_4,-60.57,83.57,0.02,True,2,8.760327262174e-10,8.758373807828e-10,0.999777,4483.531354,36.52,D,8.77000821143634e-10,2191.4063496842423,33.40722915699807,1109829950.2825038,1109.829950282504,7,5.5,550.0,6.514156594356944,26.893072562641127,7,5.5,550.0
9.0,V2V,sn_6,sn_5,-54.87,77.87,0.0,True,2,3.25577345024e-09,3.255772165754e-09,1.0,2534688.674833,64.04,D,3.2583670100200863e-09,8141.846601749341,39.10722915699807,1299131750.916753,1299.1317509167532,7,5.5,550.0,6.514156594356944,32.593072562641126,7,5.5,550.0
9.0,V2V,sn_6,sn_7,-55.48,78.48,0.01,True,2,2.833345536722e-09,2.833310291239e-09,0.999988,80387.897813,49.05,D,2.831391995799379e-09,7074.942518239327,38.497229156998074,1278870661.2935245,1278.8706612935243,7,5.5,550.0,6.514156594356944,31.98307256264113,7,5.5,550.0
9.0,V2V,sn_6,sn_8,-63.24,86.24,0.07,True,2,4.741426536362e-10,4.708110593364e-10,0.992973,141.317044,21.5,D,4.742419852602447e-10,1185.012456922151,30.737229156998076,1021190344.7535408,1021.1903447535408,7,5.5,550.0,6.514156594356944,24.223072562641132,6,4.4,440.00000000000006
9.0,V2V,sn_6,sn_9,-65.24,88.24,0.24,True,2,2.989241155003e-10,2.376091747105e-10,0.794881,3.875225,5.88,D,2.992264636608195e-10,747.692312995551,28.737229156998083,954822913.1801144,954.8229131801144,7,5.5,550.0,6.514156594356944,22.22307256264114,6,4.4,440.00000000000006
9.0,V2V,sn_6,sn_10,-67.21,90.21,0.21,True,2,1.899917987893e-10,1.386637756035e-10,0.729841,2.701522,4.32,D,1.9010782799233035e-10,475.0320539538489,26.767229156998084,889491491.1466104,889.4914911466104,7,5.5,550.0,6.514156594356944,20.25307256264114,6,4.4,440.00000000000006
9.0,V2V,sn_6,se_0,-64.65,87.65,0.05,True,2,3.426998593341e-10,3.40795580953e-10,0.994443,178.96311,22.53,D,3.427677865464498e-10,856.4912207557464,29.327229156998065,974397809.04048,974.3978090404798,7,5.5,550.0,6.514156594356944,22.81307256264112,6,4.4,440.00000000000006
9.0,V2V,sn_6,se_1,-60.46,83.46,0.21,True,2,8.994166696025e-10,8.694472775643e-10,0.966679,29.011175,14.63,D,8.994975815300347e-10,2247.62014375321,33.51722915699807,1113482425.3910882,1113.4824253910883,7,5.5,550.0,6.514156594356944,27.00307256264113,7,5.5,550.0
9.0,V2V,sn_6,se_2,-51.38,74.38,0.32,True,2,7.284595490504e-09,7.202486060027e-09,0.988728,87.718134,19.43,D,7.277798045368242e-09,18185.402412214495,42.597229156998075,1415057256.050577,1415.0572560505768,7,5.5,550.0,6.514156594356944,36.083072562641135,7,5.5,550.0
9.0,V2V,sn_6,se_3,-56.65,79.65,0.08,True,2,2.161121004157e-09,2.157247702349e-09,0.998208,556.953165,27.46,D,2.16271852372702e-09,5404.094262186457,37.32722915699807,1240010406.2733598,1240.01040627336,7,5.5,550.0,6.514156594356944,30.81307256264113,7,5.5,550.0
9.0,V2V,sn_6,se_4,-62.46,85.46,0.28,True,2,5.670624154885e-10,5.0231477238e-10,0.885819,7.758039,8.9,D,5.675446054085465e-10,1418.1524373027146,31.51722915699807,1047081384.8499552,1047.0813848499552,7,5.5,550.0,6.514156594356944,25.00307256264113,7,5.5,550.0
9.0,V2V,sn_6,se_5,-66.66,89.66,0.11,True,2,2.155721808743e-10,2.064117554576e-10,0.957506,22.532988,13.53,D,2.1577444091526687e-10,539.1665190286528,27.31722915699808,907726041.0280128,907.7260410280128,7,5.5,550.0,6.514156594356944,20.803072562641137,6,4.4,440.00000000000006
9.0,V2V,sn_6,se_6,-69.23,92.23,0.13,True,2,1.194470342616e-10,1.058612213815e-10,0.886261,7.792042,8.92,D,1.1939881044642728e-10,298.34785218997325,24.74722915699807,822567910.8767768,822.5679108767769,6,4.4,440.00000000000006,6.514156594356944,18.23307256264113,5,3.3,330.0
9.0,V2V,sn_7,sn_0,-71.94,94.94,0.09,True,2,6.394995872493001e-11,5.699963631048001e-11,0.891316,8.201006,9.14,D,6.397348354826482e-11,159.8537819796722,22.037229156998073,732960604.6680353,732.9606046680352,6,4.4,440.00000000000006,6.514156594356944,15.52307256264113,5,3.3,330.0
9.0,V2V,sn_7,sn_1,-71.35,94.35,0.06,True,2,7.324000420235e-11,7.095990564391001e-11,0.968868,31.12142,14.93,D,7.328245331389045e-11,183.11457599672775,22.627229156998077,752446003.6374395,752.4460036374395,6,4.4,440.00000000000006,6.514156594356944,16.113072562641133,5,3.3,330.0
9.0,V2V,sn_7,sn_2,-69.49,92.49,0.14,True,2,1.124622933921e-10,9.297607050003e-11,0.826731,4.771375,6.79,D,1.1246049739669267e-10,281.0107381226703,24.487229156998076,813960628.6942694,813.9606286942694,6,4.4,440.00000000000006,6.514156594356944,17.973072562641132,5,3.3,330.0
9.0,V2V,sn_7,sn_3,-67.85,90.85,0.18,True,2,1.639901485215e-10,1.307792634962e-10,0.797482,3.937843,5.95,D,1.6405897731995418e-10,409.94247206385353,26.127229156998084,868279263.4588779,868.279263458878,7,5.5,550.0,6.514156594356944,19.61307256264114,5,3.3,330.0
9.0,V2V,sn_7,sn_4,-63.96,86.96,0.22,True,2,4.017114254968e-10,3.617525490077e-10,0.900528,9.053121,9.57,D,4.0179081084894e-10,1003.9750396025488,30.017229156998077,997294395.4535136,997.2943954535136,7,5.5,550.0,6.514156594356944,23.503072562641133,6,4.4,440.00000000000006
9.0,V2V,sn_7,sn_5,-60.88,83.88,0.28,True,2,8.166348470553e-10,7.583852864148e-10,0.928671,13.019588,11.15,D,8.165823713585921e-10,2040.4357105412096,33.097229156998075,1099536841.9188747,1099.5368419188746,7,5.5,550.0,6.514156594356944,26.58307256264113,7,5.5,550.0
9.0,V2V,sn_7,sn_6,-55.48,78.48,0.01,True,2,2.833345380972e-09,2.833310291239e-09,0.999988,80744.708863,49.07,D,2.831391995799379e-09,7074.942518239327,38.497229156998074,1278870661.2935245,1278.8706612935243,7,5.5,550.0,6.514156594356944,31.98307256264113,7,5.5,550.0
9.0,V2V,sn_7,sn_8,-58.66,81.66,0.16,True,2,1.360246860178e-09,1.3417588154e-09,0.986408,72.574403,18.61,D,1.3614446824659511e-09,3401.910750789483,35.31722915699808,1173255359.8444612,1173.2553598444613,7,5.5,550.0,6.514156594356944,28.803072562641137,7,5.5,550.0
9.0,V2V,sn_7,sn_9,-63.24,86.24,0.07,True,2,4.74160909193e-10,4.708103061731e-10,0.992934,140.515096,21.48,D,4.742419852602447e-10,1185.012456922151,30.737229156998076,1021190344.7535408,1021.1903447535408,7,5.5,550.0,6.514156594356944,24.223072562641132,6,4.4,440.00000000000006
9.0,V2V,sn_7,sn_10,-65.91,88.91,0.19,True,2,2.566886534265e-10,2.286331296218e-10,0.890702,8.149309,9.11,D,2.5644840365177207e-10,640.8006088250177,28.06722915699808,932598134.7964745,932.5981347964744,7,5.5,550.0,6.514156594356944,21.553072562641137,6,4.4,440.00000000000006
9.0,V2V,sn_7,se_0,-66.37,89.37,0.21,True,2,2.307371245146e-10,1.878996219146e-10,0.814345,4.386335,6.42,D,2.3067471887200668e-10,576.3985978810761,27.60722915699807,917342379.4001764,917.3423794001764,7,5.5,550.0,6.514156594356944,21.09307256264113,6,4.4,440.00000000000006
9.0,V2V,sn_7,se_1,-64.2,87.2,0.17,True,2,3.799496872318e-10,3.601445896762e-10,0.947874,18.184439,12.6,D,3.801893963205613e-10,949.9984915556252,29.777229156998075,989329924.2504154,989.3299242504154,7,5.5,550.0,6.514156594356944,23.26307256264113,6,4.4,440.00000000000006
9.0,V2V,sn_7,se_2,-59.52,82.52,0.25,True,2,1.116167219448e-09,1.071709191873e-09,0.960169,24.10609,13.82,D,1.116863247780561e-09,2790.762738082362,34.457229156998075,1144696062.193428,1144.696062193428,7,5.5,550.0,6.514156594356944,27.94307256264113,7,5.5,550.0
9.0,V2V,sn_7,se_3,-38.94,61.94,0.79,True,2,1.276410809436e-07,1.260385096538e-07,0.987445,78.647677,18.96,D,1.2764388088113448e-07,318950.2270892915,55.03722915699807,1828297630.3392231,1828.2976303392231,7,5.5,550.0,6.514156594356944,48.52307256264113,7,5.5,550.0
9.0,V2V,sn_7,se_4,-58.24,81.24,0.04,True,2,1.49965123075e-09,1.498428654191e-09,0.999185,1225.631756,30.88,D,1.4996848355023742e-09,3747.3384195461617,35.737229156998076,1187203549.7573826,1187.2035497573827,7,5.5,550.0,6.514156594356944,29.223072562641132,7,5.5,550.0
9.0,V2V,sn_7,se_5,-63.6,86.6,0.24,True,2,4.360960130653e-10,3.872386423859e-10,0.887966,7.9259,8.99,D,4.3651583224016556e-10,1090.7442084961658,30.37722915699807,1009241916.2566586,1009.2419162566586,7,5.5,550.0,6.514156594356944,23.86307256264113,6,4.4,440.00000000000006
9.0,V2V,sn_7,se_6,-66.68,89.68,0.22,True,2,2.147796544133e-10,1.626701135495e-10,0.757381,3.121695,4.94,D,2.1478304741305286e-10,536.6892738956843,27.297229156998064,907062888.2046744,907.0628882046744,7,5.5,550.0,6.514156594356944,20.78307256264112,6,4.4,440.00000000000006
9.0,V2V,sn_8,sn_0,-72.55,95.55,0.11,True,2,5.5632935672940005e-11,3.91830601465e-11,0.704314,2.381967,3.77,D,5.559042572704037e-11,138.90661101209486,21.427229156998074,712832032.5608476,712.8320325608477,6,4.4,440.00000000000006,6.514156594356944,14.91307256264113,4,2.4,240.0
9.0,V2V,sn_8,sn_1,-71.51,94.51,0.13,True,2,7.057557638273e-11,4.690560337956e-11,0.664615,1.98165,2.97,D,7.063175542629609e-11,176.4911429942431,22.467229156998066,747160322.4098554,747.1603224098553,6,4.4,440.00000000000006,6.514156594356944,15.953072562641122,5,3.3,330.0
9.0,V2V,sn_8,sn_2,-70.85,93.85,0.14,True,2,8.229824463894001e-11,5.826408672375001e-11,0.707963,2.42422,3.85,D,8.222426499470729e-11,205.4579335200082,23.127229156998084,768970404.7523787,768.9704047523787,6,4.4,440.00000000000006,6.514156594356944,16.61307256264114,5,3.3,330.0
9.0,V2V,sn_8,sn_3,-70.1,93.1,0.14,True,2,9.78354994633e-11,7.595197718560001e-11,0.776323,3.470738,5.4,D,9.772372209558111e-11,244.18721163313617,23.877229156998077,793773992.3311604,793.7739923311605,6,4.4,440.00000000000006,6.514156594356944,17.363072562641133,5,3.3,330.0
9.0,V2V,sn_8,sn_4,-67.96,90.96,0.07,True,2,1.600666045608e-10,1.567323181175e-10,0.979169,47.006255,16.72,D,1.599558028614671e-10,399.6896623225064,26.01722915699808,864634147.890844,864.634147890844,7,5.5,550.0,6.514156594356944,19.503072562641137,5,3.3,330.0
9.0,V2V,sn_8,sn_5,-66.0,89.0,0.08,True,2,2.514686060009e-10,2.471247505409e-10,0.982726,56.890648,17.55,D,2.5118864315095825e-10,627.6577789879016,27.97722915699808,929613106.3929472,929.6131063929472,7,5.5,550.0,6.514156594356944,21.463072562641138,6,4.4,440.00000000000006
9.0,V2V,sn_8,sn_6,-63.24,86.24,0.07,True,2,4.741423161664e-10,4.708110593364e-10,0.992974,141.33136,21.5,D,4.742419852602447e-10,1185.012456922151,30.737229156998076,1021190344.7535408,1021.1903447535408,7,5.5,550.0,6.514156594356944,24.223072562641132,6,4.4,440.00000000000006
9.0,V2V,sn_8,sn_7,-58.66,81.66,0.16,True,2,1.360245867497e-09,1.3417588154e-09,0.986409,72.5783,18.61,D,1.3614446824659511e-09,3401.910750789483,35.31722915699808,1173255359.8444612,1173.2553598444613,7,5.5,550.0,6.514156594356944,28.803072562641137,7,5.5,550.0
9.0,V2V,sn_8,sn_9,-55.48,78.48,0.01,True,2,2.833332819996e-09,2.833298240626e-09,0.999988,81936.086977,49.13,D,2.831391995799379e-09,7074.942518239327,38.497229156998074,1278870661.2935245,1278.8706612935243,7,5.5,550.0,6.514156594356944,31.98307256264113,7,5.5,550.0
9.0,V2V,sn_8,sn_10,-61.61,84.61,0.19,True,2,6.899190850583e-10,6.630659587646e-10,0.961078,24.692319,13.93,D,6.902398038402427e-10,1724.7371410300914,32.36722915699808,1075299701.9044487,1075.2997019044487,7,5.5,550.0,6.514156594356944,25.853072562641135,7,5.5,550.0
9.0,V2V,sn_8,se_0,-68.43,91.43,0.18,True,2,1.435415490772e-10,9.950432380355e-11,0.693209,2.25955,3.54,D,1.4354894333536529e-10,358.693011832497,25.547229156998064,849062232.0633793,849.0622320633793,7,5.5,550.0,6.514156594356944,19.03307256264112,5,3.3,330.0
9.0,V2V,sn_8,se_1,-68.04,91.04,0.04,True,2,1.571808651064e-10,1.562893805685e-10,0.994328,175.313619,22.44,D,1.5703628043335515e-10,392.3945038314721,25.93722915699807,861983299.144183,861.9832991441831,7,5.5,550.0,6.514156594356944,19.423072562641128,5,3.3,330.0
9.0,V2V,sn_8,se_2,-64.33,87.33,0.27,True,2,3.691207510622e-10,2.989162017478e-10,0.809806,4.25779,6.29,D,3.689775985701504e-10,921.9830049229146,29.647229156998076,985016027.324798,985.016027324798,7,5.5,550.0,6.514156594356944,23.133072562641132,6,4.4,440.00000000000006
9.0,V2V,sn_8,se_3,-57.8,80.8,0.08,True,2,1.659727175003e-09,1.655569530169e-09,0.997495,398.198883,26.0,D,1.659586907437563e-09,4146.893821683066,36.17722915699808,1201816324.8993585,1201.8163248993585,7,5.5,550.0,6.514156594356944,29.663072562641137,7,5.5,550.0
9.0,V2V,sn_8,se_4,-33.82,56.82,0.39,True,2,4.151578756879e-07,4.1420300268e-07,0.9977,433.778104,26.37,D,4.149540426343628e-07,1036866.6732492824,60.15722915699807,1998380035.6119032,1998.3800356119032,7,5.5,550.0,6.514156594356944,53.64307256264112,7,5.5,550.0
9.0,V2V,sn_8,se_5,-57.42,80.42,0.07,True,2,1.811159820482e-09,1.807981958372e-09,0.998245,568.930273,27.55,D,1.8113400926196023e-09,4526.087187955028,36.55722915699808,1214436737.662868,1214.436737662868,7,5.5,550.0,6.514156594356944,30.043072562641132,7,5.5,550.0
9.0,V2V,sn_8,se_6,-63.43,86.43,0.28,True,2,4.54451139751e-10,3.828828775314e-10,0.842517,5.349898,7.28,D,4.539416166502032e-10,1134.2868981764198,30.547229156998075,1014884121.149354,1014.884121149354,7,5.5,550.0,6.514156594356944,24.03307256264113,6,4.4,440.00000000000006
9.0,V2V,sn_9,sn_0,-74.57,97.57,0.07,True,2,3.4873892079000003e-11,3.1370868329450006e-11,0.899552,8.955368,9.52,D,3.4914031547858696e-11,87.24145814057644,19.407229156998085,646338472.5739568,646.3384725739569,5,3.3,330.0,6.514156594356944,12.89307256264114,4,2.4,240.0
9.0,V2V,sn_9,sn_1,-74.05,97.05,0.06,True,2,3.931928509629e-11,3.682080777495e-11,0.936457,14.737299,11.68,D,3.935500754557781e-11,98.33834968909994,19.927229156998077,663427887.4326816,663.4278874326816,5,3.3,330.0,6.514156594356944,13.413072562641132,4,2.4,240.0
9.0,V2V,sn_9,sn_2,-72.51,95.51,0.11,True,2,5.606081341734e-11,4.456595698279e-11,0.794957,3.877035,5.88,D,5.610479760324701e-11,140.19189805908798,21.467229156998073,714151349.5343236,714.1513495343236,6,4.4,440.00000000000006,6.514156594356944,14.953072562641127,4,2.4,240.0
9.0,V2V,sn_9,sn_3,-72.5,95.5,0.02,True,2,5.624110577500001e-11,5.608361806663e-11,0.9972,356.114256,25.52,D,5.6234132519034906e-11,140.51507376070688,21.47722915699807,714481192.2560322,714.4811922560323,6,4.4,440.00000000000006,6.514156594356944,14.96307256264113,4,2.4,240.0
9.0,V2V,sn_9,sn_4,-69.49,92.49,0.11,True,2,1.123996202376e-10,1.027272203029e-10,0.913946,10.620655,10.26,D,1.1246049739669267e-10,281.0107381226703,24.487229156998076,813960628.6942694,813.9606286942694,6,4.4,440.00000000000006,6.514156594356944,17.973072562641132,5,3.3,330.0
9.0,V2V,sn_9,sn_5,-67.63,90.63,0.17,True,2,1.725139605863e-10,1.472832532516e-10,0.853747,5.83746,7.66,D,1.7258378919902038e-10,431.24385107201493,26.347229156998075,875570163.0586162,875.5701630586161,7,5.5,550.0,6.514156594356944,19.83307256264113,5,3.3,330.0
9.0,V2V,sn_9,sn_6,-65.24,88.24,0.24,True,2,2.989206155062e-10,2.376091747105e-10,0.794891,3.875446,5.88,D,2.992264636608195e-10,747.692312995551,28.737229156998083,954822913.1801144,954.8229131801144,7,5.5,550.0,6.514156594356944,22.22307256264114,6,4.4,440.00000000000006
9.0,V2V,sn_9,sn_7,-63.24,86.24,0.07,True,2,4.741606682916e-10,4.708103061731e-10,0.992934,140.5252,21.48,D,4.742419852602447e-10,1185.012456922151,30.737229156998076,1021190344.7535408,1021.1903447535408,7,5.5,550.0,6.514156594356944,24.223072562641132,6,4.4,440.00000000000006
9.0,V2V,sn_9,sn_8,-55.48,78.48,0.01,True,2,2.833332742483e-09,2.833298240626e-09,0.999988,82120.166288,49.14,D,2.831391995799379e-09,7074.942518239327,38.497229156998074,1278870661.2935245,1278.8706612935243,7,5.5,550.0,6.514156594356944,31.98307256264113,7,5.5,550.0
9.0,V2V,sn_9,sn_10,-56.03,79.03,0.08,True,2,2.492067867779e-09,2.488041274743e-09,0.998384,617.902344,27.91,D,2.494594726942956e-09,6233.370132291243,37.94722915699808,1260602809.444882,1260.6028094448818,7,5.5,550.0,6.514156594356944,31.433072562641133,7,5.5,550.0
9.0,V2V,sn_9,se_0,-71.49,94.49,0.02,True,2,7.093312255056e-11,7.057585328100001e-11,0.994963,197.542468,22.96,D,7.095777679633902e-11,177.30578909629938,22.487229156998083,747820973.3819737,747.8209733819738,6,4.4,440.00000000000006,6.514156594356944,15.97307256264114,5,3.3,330.0
9.0,V2V,sn_9,se_1,-69.39,92.39,0.12,True,2,1.151524459264e-10,1.024952460079e-10,0.890083,8.097782,9.08,D,1.1508003889444355e-10,287.5563190765706,24.58722915699807,817270911.4617196,817.2709114617196,6,4.4,440.00000000000006,6.514156594356944,18.07307256264113,5,3.3,330.0
9.0,V2V,sn_9,se_2,-67.03,90.03,0.18,True,2,1.980673845479e-10,1.70319428266e-10,0.859906,6.138089,7.88,D,1.9815270258050967e-10,495.1341893565958,26.94722915699807,895458656.8726037,895.4586568726037,7,5.5,550.0,6.514156594356944,20.43307256264113,6,4.4,440.00000000000006
9.0,V2V,sn_9,se_3,-62.74,85.74,0.01,True,2,5.320186396145e-10,5.318997797773e-10,0.999777,4475.016896,36.51,D,5.321082592667943e-10,1329.6058452443633,31.237229156998076,1037786756.1151872,1037.7867561151872,7,5.5,550.0,6.514156594356944,24.723072562641132,6,4.4,440.00000000000006
9.0,V2V,sn_9,se_4,-56.13,79.13,0.09,True,2,2.440274369948e-09,2.435187464556e-09,0.997915,478.716877,26.8,D,2.43781081836875e-09,6091.48130526924,37.84722915699807,1257281420.3719158,1257.2814203719158,7,5.5,550.0,6.514156594356944,31.333072562641124,7,5.5,550.0
9.0,V2V,sn_9,se_5,-43.38,66.38,0.96,True,2,4.588577739191e-08,4.45397252799e-08,0.970665,33.089154,15.2,D,4.5919801283686855e-08,114742.13214314554,50.597229156998075,1680804827.93217,1680.80482793217,7,5.5,550.0,6.514156594356944,44.083072562641135,7,5.5,550.0
9.0,V2V,sn_9,se_6,-60.13,83.13,0.14,True,2,9.713746426012e-10,9.574032821075e-10,0.985617,68.526131,18.36,D,9.705099672454899e-10,2425.062386920264,33.847229156998075,1124440093.4932222,1124.4400934932223,7,5.5,550.0,6.514156594356944,27.33307256264113,7,5.5,550.0
9.0,V2V,sn_10,sn_0,-73.97,96.97,0.1,True,2,4.010983035018e-11,2.535664620591e-11,0.63218,1.718724,2.35,D,4.008667176273026e-11,100.16659610877124,20.007229156998072,666058919.9337875,666.0589199337875,6,4.4,440.00000000000006,6.514156594356944,13.493072562641128,4,2.4,240.0
9.0,V2V,sn_10,sn_1,-73.23,96.23,0.1,True,2,4.7515650419240005e-11,2.9266945430170004e-11,0.615943,1.603782,2.05,D,4.7533522594280486e-11,118.77441927606316,20.74722915699807,690417600.8383204,690.4176008383204,6,4.4,440.00000000000006,6.514156594356944,14.233072562641128,4,2.4,240.0
9.0,V2V,sn_10,sn_2,-72.5,95.5,0.11,True,2,5.618754214094001e-11,3.4665924518000004e-11,0.616968,1.610749,2.07,D,5.6234132519034906e-11,140.51507376070688,21.47722915699807,714481192.2560322,714.4811922560323,6,4.4,440.00000000000006,6.514156594356944,14.96307256264113,4,2.4,240.0
9.0,V2V,sn_10,sn_3,-73.34,96.34,0.07,True,2,4.6353731974230005e-11,4.2397142973870006e-11,0.914644,10.715579,10.3,D,4.6344691973628745e-11,115.8038280200618,20.637229156998067,686794374.6313385,686.7943746313384,6,4.4,440.00000000000006,6.514156594356944,14.123072562641124,4,2.4,240.0
9.0,V2V,sn_10,sn_4,-71.35,94.35,0.06,True,2,7.328386402306001e-11,7.095993333374e-11,0.968289,30.534445,14.85,D,7.328245331389045e-11,183.11457599672775,22.627229156998077,752446003.6374395,752.4460036374395,6,4.4,440.00000000000006,6.514156594356944,16.113072562641133,5,3.3,330.0
9.0,V2V,sn_10,sn_5,-70.2,93.2,0.02,True,2,9.549959571441e-11,9.52794432234e-11,0.997695,432.788395,26.36,D,9.54992586021435e-11,238.62883208931405,23.777229156998068,790465769.310078,790.465769310078,6,4.4,440.00000000000006,6.514156594356944,17.263072562641124,5,3.3,330.0
9.0,V2V,sn_10,sn_6,-67.21,90.21,0.21,True,2,1.899457727588e-10,1.386637756035e-10,0.730018,2.703946,4.32,D,1.9010782799233035e-10,475.0320539538489,26.767229156998084,889491491.1466104,889.4914911466104,7,5.5,550.0,6.514156594356944,20.25307256264114,6,4.4,440.00000000000006
9.0,V2V,sn_10,sn_7,-65.91,88.91,0.19,True,2,2.566869061984e-10,2.286331296218e-10,0.890708,8.149816,9.11,D,2.5644840365177207e-10,640.8006088250177,28.06722915699808,932598134.7964745,932.5981347964744,7,5.5,550.0,6.514156594356944,21.553072562641137,6,4.4,440.00000000000006
9.0,V2V,sn_10,sn_8,-61.61,84.61,0.19,True,2,6.899166760434e-10,6.630659587646e-10,0.961081,24.694534,13.93,D,6.902398038402427e-10,1724.7371410300914,32.36722915699808,1075299701.9044487,1075.2997019044487,7,5.5,550.0,6.514156594356944,25.853072562641135,7,5.5,550.0
9.0,V2V,sn_10,sn_9,-56.03,79.03,0.08,True,2,2.492067372131e-09,2.488041274743e-09,0.998384,617.978413,27.91,D,2.494594726942956e-09,6233.370132291243,37.94722915699808,1260602809.444882,1260.6028094448818,7,5.5,550.0,6.514156594356944,31.433072562641133,7,5.5,550.0
9.0,V2V,sn_10,se_0,-71.21,94.21,0.13,True,2,7.565031036504e-11,5.1696729846510006e-11,0.683364,2.158205,3.34,D,7.568328950209752e-11,189.11366692178288,22.767229156998077,757071843.8181741,757.0718438181741,6,4.4,440.00000000000006,6.514156594356944,16.253072562641133,5,3.3,330.0
9.0,V2V,sn_10,se_1,-71.41,94.41,0.05,True,2,7.224164272967001e-11,7.082801899778e-11,0.980432,50.10387,17.0,D,7.227698036021703e-11,180.60214982562977,22.56722915699807,750463747.1282498,750.4637471282498,6,4.4,440.00000000000006,6.514156594356944,16.05307256264113,5,3.3,330.0
9.0,V2V,sn_10,se_2,-68.61,91.61,0.17,True,2,1.378022620152e-10,1.070050992119e-10,0.776512,3.474512,5.41,D,1.3772094688939468e-10,344.1303020724505,25.36722915699808,843099733.6195095,843.0997336195095,7,5.5,550.0,6.514156594356944,18.853072562641135,5,3.3,330.0
9.0,V2V,sn_10,se_3,-65.68,88.68,0.17,True,2,2.705561092287e-10,2.487372731559e-10,0.919356,11.400117,10.57,D,2.7039583641088405e-10,675.6517651446377,28.29722915699807,940226974.00381,940.22697400381,7,5.5,550.0,6.514156594356944,21.783072562641127,6,4.4,440.00000000000006
9.0,V2V,sn_10,se_4,-61.89,84.89,0.21,True,2,6.472201811185e-10,6.154437537375e-10,0.950903,19.367934,12.87,D,6.47142615748583e-10,1617.0480153637757,32.08722915699808,1066003870.485234,1066.003870485234,7,5.5,550.0,6.514156594356944,25.573072562641133,7,5.5,550.0
9.0,V2V,sn_10,se_5,-53.7,76.7,0.11,True,2,4.268792924304e-09,4.260037622516e-09,0.997949,486.566623,26.87,D,4.2657951880159256e-09,10659.15839084439,40.277229156998075,1337994125.3667936,1337.9941253667937,7,5.5,550.0,6.514156594356944,33.76307256264113,7,5.5,550.0
9.0,V2V,sn_10,se_6,-51.78,74.78,0.02,True,2,6.641935635952e-09,6.641467658146e-09,0.99993,14191.843237,41.52,D,6.637430704019089e-09,16585.28411798873,42.19722915699808,1401770309.0134122,1401.7703090134123,7,5.5,550.0,6.514156594356944,35.68307256264113,7,5.5,550.0
9.0,V2V,ew_0,ew_1,-52.23,75.23,0.08,True,2,5.988544947865e-09,5.983762228376e-09,0.999201,1251.121301,30.97,D,5.984115950603199e-09,14952.81346977311,41.747229156998074,1386822582.1990335,1386.8225821990336,7,5.5,550.0,6.514156594356944,35.23307256264113,7,5.5,550.0
9.0,V2V,ew_0,ew_2,-58.6,81.6,0.18,True,2,1.381755257293e-09,1.360022493663e-09,0.984272,62.579363,17.96,D,1.3803842646028836e-09,3449.2360434854663,35.37722915699807,1175247935.0065036,1175.2479350065037,7,5.5,550.0,6.514156594356944,28.86307256264113,7,5.5,550.0
9.0,V2V,ew_0,ew_3,-62.56,85.56,0.06,True,2,5.545204457469e-10,5.519193475037e-10,0.995309,212.187044,23.27,D,5.546257129579105e-10,1385.8713467214154,31.417229156998072,1043761824.676074,1043.761824676074,7,5.5,550.0,6.514156594356944,24.90307256264113,6,4.4,440.00000000000006
9.0,V2V,ew_0,ew_4,-66.43,89.43,0.22,True,2,2.274139354618e-10,1.74630623575e-10,0.767898,3.308444,5.2,D,2.2750974307720667e-10,568.4901126366983,27.547229156998068,915352698.4168464,915.3526984168464,7,5.5,550.0,6.514156594356944,21.033072562641124,6,4.4,440.00000000000006
9.0,V2V,ew_0,ew_5,-68.12,91.12,0.18,True,2,1.541042267926e-10,1.204334580441e-10,0.781507,3.576796,5.53,D,1.5417004529495582e-10,385.2324969888951,25.857229156998073,859332574.523969,859.332574523969,7,5.5,550.0,6.514156594356944,19.34307256264113,5,3.3,330.0
9.0,V2V,ew_0,ew_6,-70.61,93.61,0.04,True,2,8.691520996817001e-11,8.599845560758001e-11,0.989452,93.807523,19.72,D,8.689604292863019e-11,217.13154155080005,23.367229156998075,776905458.6753805,776.9054586753805,6,4.4,440.00000000000006,6.514156594356944,16.85307256264113,5,3.3,330.0
9.0,V2V,ew_0,ew_7,-71.96,94.96,0.03,True,2,6.361742726561001e-11,6.318253655333001e-11,0.993164,145.283711,21.62,D,6.367955209079162e-11,159.11932056669568,22.017229156998077,732300358.8847022,732.3003588847022,6,4.4,440.00000000000006,6.514156594356944,15.503072562641131,5,3.3,330.0
9.0,V2V,ew_0,ew_8,-73.44,96.44,0.05,True,2,4.5295342677360006e-11,4.365765589374e-11,0.963844,26.658123,14.26,D,4.5289757990362126e-11,113.16781107037012,20.53722915699808,683501213.8591897,683.5012138591898,6,4.4,440.00000000000006,6.514156594356944,14.023072562641136,4,2.4,240.0
9.0,V2V,ew_0,ew_9,-72.5,95.5,0.11,True,2,5.625570065017e-11,3.488144274871e-11,0.620052,1.631937,2.13,D,5.6234132519034906e-11,140.51507376070688,21.47722915699807,714481192.2560322,714.4811922560323,6,4.4,440.00000000000006,6.514156594356944,14.96307256264113,4,2.4,240.0
9.0,V2V,ew_0,ew_10,-74.58,97.58,0.08,True,2,3.4872413096120005e-11,2.8128107148230003e-11,0.806601,4.170645,6.2,D,3.4833731503601166e-11,87.04080835482549,19.397229156998073,646010048.6415608,646.0100486415608,5,3.3,330.0,6.514156594356944,12.883072562641129,4,2.4,240.0
9.0,V2V,ew_1,ew_0,-52.23,75.23,0.08,True,2,5.988545301603e-09,5.983762228376e-09,0.999201,1251.028773,30.97,D,5.984115950603199e-09,14952.81346977311,41.747229156998074,1386822582.1990335,1386.8225821990336,7,5.5,550.0,6.514156594356944,35.23307256264113,7,5.5,550.0
9.0,V2V,ew_1,ew_2,-53.03,76.03,0.14,True,2,4.982481498219e-09,4.967283475619e-09,0.99695,326.837484,25.14,D,4.9773708497893605e-09,12437.208520213291,40.94722915699808,1360249108.807884,1360.249108807884,7,5.5,550.0,6.514156594356944,34.43307256264113,7,5.5,550.0
9.0,V2V,ew_1,ew_3,-59.33,82.33,0.2,True,2,1.166226863034e-09,1.138381953592e-09,0.976124,40.882947,16.12,D,1.166809617060963e-09,2915.566259522646,34.64722915699808,1151005513.481201,1151.005513481201,7,5.5,550.0,6.514156594356944,28.133072562641136,7,5.5,550.0
9.0,V2V,ew_1,ew_4,-64.96,87.96,0.25,True,2,3.192738678001e-10,2.540019067409e-10,0.795561,3.89144,5.9,D,3.1915378551007646e-10,797.4857209147337,29.017229156998077,964112279.8350874,964.1122798350874,7,5.5,550.0,6.514156594356944,22.503072562641133,6,4.4,440.00000000000006
9.0,V2V,ew_1,ew_5,-66.86,89.86,0.2,True,2,2.059821034875e-10,1.635458763228e-10,0.793981,3.853921,5.86,D,2.0606299132700007e-10,514.9000283033484,27.117229156998075,901094771.5414563,901.0947715414565,7,5.5,550.0,6.514156594356944,20.60307256264113,6,4.4,440.00000000000006
9.0,V2V,ew_1,ew_6,-68.61,91.61,0.16,True,2,1.378291599132e-10,1.110222285579e-10,0.805506,4.141549,6.17,D,1.3772094688939468e-10,344.1303020724505,25.36722915699808,843099733.6195095,843.0997336195095,7,5.5,550.0,6.514156594356944,18.853072562641135,5,3.3,330.0
9.0,V2V,ew_1,ew_7,-71.02,94.02,0.03,True,2,7.905985498916e-11,7.848324826133e-11,0.992707,136.112266,21.34,D,7.90678627999826e-11,197.5708715641744,22.95722915699808,763351019.86834,763.35101986834,6,4.4,440.00000000000006,6.514156594356944,16.443072562641138,5,3.3,330.0
9.0,V2V,ew_1,ew_8,-70.96,93.96,0.14,True,2,8.023311241834001e-11,5.219319736919e-11,0.650519,1.861389,2.7,D,8.016780633876805e-11,200.31935616883572,23.017229156998084,765334207.8905799,765.3342078905799,6,4.4,440.00000000000006,6.514156594356944,16.50307256264114,5,3.3,330.0
9.0,V2V,ew_1,ew_9,-72.05,95.05,0.12,True,2,6.239123467491e-11,4.088647461867e-11,0.655324,1.901276,2.79,D,6.237348354824192e-11,155.85578098011473,21.927229156998074,729329489.1016493,729.3294891016493,6,4.4,440.00000000000006,6.514156594356944,15.41307256264113,5,3.3,330.0
9.0,V2V,ew_1,ew_10,-74.77,97.77,0.04,True,2,3.3310001453390004e-11,3.2421456363670005e-11,0.973325,36.488251,15.62,D,3.334264127632354e-11,83.31494571794987,19.20722915699808,639771648.1713074,639.7716481713074,5,3.3,330.0,6.514156594356944,12.693072562641138,4,2.4,240.0
9.0,V2V,ew_2,ew_0,-58.6,81.6,0.18,True,2,1.381751656231e-09,1.360022493663e-09,0.984274,62.589733,17.97,D,1.3803842646028836e-09,3449.2360434854663,35.37722915699807,1175247935.0065036,1175.2479350065037,7,5.5,550.0,6.514156594356944,28.86307256264113,7,5.5,550.0
9.0,V2V,ew_2,ew_1,-53.03,76.03,0.14,True,2,4.982484560714e-09,4.967283475619e-09,0.996949,326.771638,25.14,D,4.9773708497893605e-09,12437.208520213291,40.94722915699808,1360249108.807884,1360.249108807884,7,5.5,550.0,6.514156594356944,34.43307256264113,7,5.5,550.0
9.0,V2V,ew_2,ew_3,-53.77,76.77,0.1,True,2,4.197157696314e-09,4.189394449728e-09,0.99815,539.644645,27.32,D,4.197589839910069e-09,10488.730234657842,40.20722915699807,1335668995.6022716,1335.6689956022717,7,5.5,550.0,6.514156594356944,33.69307256264112,7,5.5,550.0
9.0,V2V,ew_2,ew_4,-63.22,86.22,0.25,True,2,4.762961260965e-10,4.24132435007e-10,0.890481,8.130798,9.1,D,4.764309868054156e-10,1190.4822259005884,30.757229156998072,1021854171.4749784,1021.8541714749784,7,5.5,550.0,6.514156594356944,24.243072562641128,6,4.4,440.00000000000006
9.0,V2V,ew_2,ew_5,-65.94,88.94,0.12,True,2,2.544518255877e-10,2.440904106878e-10,0.959279,23.557633,13.72,D,2.5468302525850446e-10,636.38936846203,28.03722915699808,931603114.5202032,931.6031145202032,7,5.5,550.0,6.514156594356944,21.523072562641136,6,4.4,440.00000000000006
9.0,V2V,ew_2,ew_6,-67.6,90.6,0.16,True,2,1.738104370535e-10,1.534839137496e-10,0.883053,7.550918,8.78,D,1.7378008287493763e-10,434.23309064202306,26.377229156998077,876564443.8206458,876.5644438206458,7,5.5,550.0,6.514156594356944,19.863072562641133,5,3.3,330.0
9.0,V2V,ew_2,ew_7,-69.47,92.47,0.12,True,2,1.130906544834e-10,1.026725162806e-10,0.907878,9.855169,9.94,D,1.1297959146727975e-10,282.30782475582146,24.507229156998072,814622663.82275,814.6226638227499,6,4.4,440.00000000000006,6.514156594356944,17.993072562641128,5,3.3,330.0
9.0,V2V,ew_2,ew_8,-70.84,93.84,0.13,True,2,8.237300440293e-11,6.479633843829e-11,0.786621,3.686498,5.67,D,8.241381150130013e-11,205.9315629717644,23.137229156998067,769300990.3942745,769.3009903942744,6,4.4,440.00000000000006,6.514156594356944,16.623072562641124,5,3.3,330.0
9.0,V2V,ew_2,ew_9,-73.05,96.05,0.01,True,2,4.953387540224e-11,4.9452685346530005e-11,0.998361,609.097813,27.85,D,4.954501908047906e-11,123.80064737750888,20.927229156998077,696348160.7676002,696.3481607676002,6,4.4,440.00000000000006,6.514156594356944,14.413072562641132,4,2.4,240.0
9.0,V2V,ew_2,ew_10,-73.52,96.52,0.08,True,2,4.447060429444e-11,3.837098951332e-11,0.862839,6.290723,7.99,D,4.4463126746910924e-11,111.1022657344101,20.45722915699808,680867162.6979297,680.8671626979298,6,4.4,440.00000000000006,6.514156594356944,13.943072562641138,4,2.4,240.0
9.0,V2V,ew_3,ew_0,-62.56,85.56,0.06,True,2,5.545203031443e-10,5.519193475037e-10,0.99531,212.198678,23.27,D,5.546257129579105e-10,1385.8713467214154,31.417229156998072,1043761824.676074,1043.761824676074,7,5.5,550.0,6.514156594356944,24.90307256264113,6,4.4,440.00000000000006
9.0,V2V,ew_3,ew_1,-59.33,82.33,0.2,True,2,1.166226228937e-09,1.138381953592e-09,0.976124,40.883878,16.12,D,1.166809617060963e-09,2915.566259522646,34.64722915699808,1151005513.481201,1151.005513481201,7,5.5,550.0,6.514156594356944,28.133072562641136,7,5.5,550.0
9.0,V2V,ew_3,ew_2,-53.77,76.77,0.1,True,2,4.197160415455e-09,4.189394449728e-09,0.99815,539.455696,27.32,D,4.197589839910069e-09,10488.730234657842,40.20722915699807,1335668995.6022716,1335.6689956022717,7,5.5,550.0,6.514156594356944,33.69307256264112,7,5.5,550.0
9.0,V2V,ew_3,ew_4,-60.24,83.24,0.22,True,2,9.466090703655e-10,9.12355433527e-10,0.963814,26.635287,14.25,D,9.462371613657926e-10,2364.410698065449,33.737229156998076,1120787498.0117428,1120.7874980117429,7,5.5,550.0,6.514156594356944,27.223072562641132,7,5.5,550.0
9.0,V2V,ew_3,ew_5,-63.22,86.22,0.25,True,2,4.763772905175e-10,4.241320362734e-10,0.890328,8.118097,9.09,D,4.764309868054156e-10,1190.4822259005884,30.757229156998072,1021854171.4749784,1021.8541714749784,7,5.5,550.0,6.514156594356944,24.243072562641128,6,4.4,440.00000000000006
9.0,V2V,ew_3,ew_6,-65.86,88.86,0.18,True,2,2.596850692925e-10,2.347479738078e-10,0.903972,9.413605,9.74,D,2.5941793621188125e-10,648.2207301646207,28.11722915699807,934256525.686364,934.256525686364,7,5.5,550.0,6.514156594356944,21.603072562641128,6,4.4,440.00000000000006
9.0,V2V,ew_3,ew_7,-68.39,91.39,0.03,True,2,1.448189928985e-10,1.44322778781e-10,0.996574,290.847789,24.64,D,1.4487718535447602e-10,362.01195740748625,25.58722915699807,850387326.0332837,850.3873260332837,7,5.5,550.0,6.514156594356944,19.073072562641126,5,3.3,330.0
9.0,V2V,ew_3,ew_8,-69.93,92.93,0.14,True,2,1.015287547474e-10,8.45093133239e-11,0.832368,4.965458,6.96,D,1.0162486928706947e-10,253.93520561486625,24.04722915699807,799398680.777507,799.3986807775069,6,4.4,440.00000000000006,6.514156594356944,17.533072562641127,5,3.3,330.0
9.0,V2V,ew_3,ew_9,-71.86,94.86,0.06,True,2,6.510824599525001e-11,6.224303179820001e-11,0.955993,21.723692,13.37,D,6.516283940608428e-11,162.82568567237448,22.117229156998075,735601775.9739093,735.6017759739093,6,4.4,440.00000000000006,6.514156594356944,15.603072562641133,5,3.3,330.0
9.0,V2V,ew_3,ew_10,-71.52,94.52,0.13,True,2,7.046681351114e-11,4.692246648422e-11,0.66588,1.99294,2.99,D,7.04693068967148e-11,176.08522462947226,22.45722915699808,746830003.3467919,746.8300033467918,6,4.4,440.00000000000006,6.514156594356944,15.943072562641138,5,3.3,330.0
9.0,V2V,ew_4,ew_0,-66.43,89.43,0.22,True,2,2.274106292965e-10,1.74630623575e-10,0.767909,3.308651,5.2,D,2.2750974307720667e-10,568.4901126366983,27.547229156998068,915352698.4168464,915.3526984168464,7,5.5,550.0,6.514156594356944,21.033072562641124,6,4.4,440.00000000000006
9.0,V2V,ew_4,ew_1,-64.96,87.96,0.25,True,2,3.192690220804e-10,2.540019067409e-10,0.795573,3.891729,5.9,D,3.1915378551007646e-10,797.4857209147337,29.017229156998077,964112279.8350874,964.1122798350874,7,5.5,550.0,6.514156594356944,22.503072562641133,6,4.4,440.00000000000006
9.0,V2V,ew_4,ew_2,-63.22,86.22,0.25,True,2,4.762917566418e-10,4.24132435007e-10,0.890489,8.131479,9.1,D,4.764309868054156e-10,1190.4822259005884,30.757229156998072,1021854171.4749784,1021.8541714749784,7,5.5,550.0,6.514156594356944,24.243072562641128,6,4.4,440.00000000000006
9.0,V2V,ew_4,ew_3,-60.24,83.24,0.22,True,2,9.466052713212e-10,9.12355433527e-10,0.963818,26.638241,14.26,D,9.462371613657926e-10,2364.410698065449,33.737229156998076,1120787498.0117428,1120.7874980117429,7,5.5,550.0,6.514156594356944,27.223072562641132,7,5.5,550.0
9.0,V2V,ew_4,ew_5,-53.77,76.77,0.1,True,2,4.197138102993e-09,4.189383462404e-09,0.998152,540.242119,27.33,D,4.197589839910069e-09,10488.730234657842,40.20722915699807,1335668995.6022716,1335.6689956022717,7,5.5,550.0,6.514156594356944,33.69307256264112,7,5.5,550.0
9.0,V2V,ew_4,ew_6,-60.09,83.09,0.14,True,2,9.792295750507e-10,9.668124182428e-10,0.987319,77.861014,18.91,D,9.79489985408698e-10,2447.5012129152874,33.887229156998075,1125768319.5377517,1125.7683195377515,7,5.5,550.0,6.514156594356944,27.37307256264113,7,5.5,550.0
9.0,V2V,ew_4,ew_7,-63.56,86.56,0.23,True,2,4.409590306301e-10,3.978768524115e-10,0.902299,9.2353,9.65,D,4.4055486350655343e-10,1100.8367403961854,30.417229156998076,1010569475.9687754,1010.5694759687754,7,5.5,550.0,6.514156594356944,23.903072562641132,6,4.4,440.00000000000006
9.0,V2V,ew_4,ew_8,-66.43,89.43,0.22,True,2,2.274103967019e-10,1.74630623575e-10,0.76791,3.308666,5.2,D,2.2750974307720667e-10,568.4901126366983,27.547229156998068,915352698.4168464,915.3526984168464,7,5.5,550.0,6.514156594356944,21.033072562641124,6,4.4,440.00000000000006
9.0,V2V,ew_4,ew_9,-69.4,92.4,0.03,True,2,1.147436147593e-10,1.14032888071e-10,0.993806,160.445485,22.05,D,1.1481536214968815e-10,286.89495789527274,24.577229156998072,816939871.1975187,816.9398711975188,6,4.4,440.00000000000006,6.514156594356944,18.06307256264113,5,3.3,330.0
9.0,V2V,ew_4,ew_10,-71.02,94.02,0.03,True,2,7.905980294093e-11,7.848322057151e-11,0.992707,136.117968,21.34,D,7.90678627999826e-11,197.5708715641744,22.95722915699808,763351019.86834,763.35101986834,6,4.4,440.00000000000006,6.514156594356944,16.443072562641138,5,3.3,330.0
9.0,V2V,ew_5,ew_0,-68.12,91.12,0.18,True,2,1.541021555935e-10,1.204334580441e-10,0.781517,3.577016,5.54,D,1.5417004529495582e-10,385.2324969888951,25.857229156998073,859332574.523969,859.332574523969,7,5.5,550.0,6.514156594356944,19.34307256264113,5,3.3,330.0
9.0,V2V,ew_5,ew_1,-66.86,89.86,0.2,True,2,2.059792015937e-10,1.635458763228e-10,0.793992,3.854185,5.86,D,2.0606299132700007e-10,514.9000283033484,27.117229156998075,901094771.5414563,901.0947715414565,7,5.5,550.0,6.514156594356944,20.60307256264113,6,4.4,440.00000000000006
9.0,V2V,ew_5,ew_2,-65.94,88.94,0.12,True,2,2.545116570737e-10,2.440904106878e-10,0.959054,23.422382,13.7,D,2.5468302525850446e-10,636.38936846203,28.03722915699808,931603114.5202032,931.6031145202032,7,5.5,550.0,6.514156594356944,21.523072562641136,6,4.4,440.00000000000006
9.0,V2V,ew_5,ew_3,-63.22,86.22,0.25,True,2,4.762903389226e-10,4.241320362734e-10,0.890491,8.13163,9.1,D,4.764309868054156e-10,1190.4822259005884,30.757229156998072,1021854171.4749784,1021.8541714749784,7,5.5,550.0,6.514156594356944,24.243072562641128,6,4.4,440.00000000000006
9.0,V2V,ew_5,ew_4,-53.77,76.77,0.1,True,2,4.197139549786e-09,4.189383462404e-09,0.998152,540.141344,27.33,D,4.197589839910069e-09,10488.730234657842,40.20722915699807,1335668995.6022716,1335.6689956022717,7,5.5,550.0,6.514156594356944,33.69307256264112,7,5.5,550.0
9.0,V2V,ew_5,ew_6,-54.46,77.46,0.04,True,2,3.581936160188e-09,3.580892026133e-09,0.999709,3429.532836,35.35,D,3.5809643710263622e-09,8947.93695908636,39.51722915699808,1312750060.000644,1312.750060000644,7,5.5,550.0,6.514156594356944,33.00307256264114,7,5.5,550.0
9.0,V2V,ew_5,ew_7,-60.54,83.54,0.26,True,2,8.830185325178e-10,8.312999997015e-10,0.94143,16.073542,12.06,D,8.830799004185622e-10,2206.596452819995,33.43722915699807,1110826075.717464,1110.826075717464,7,5.5,550.0,6.514156594356944,26.923072562641128,7,5.5,550.0
9.0,V2V,ew_5,ew_8,-65.59,88.59,0.01,True,2,2.758210110048e-10,2.757250855373e-10,0.999652,2874.367908,34.59,D,2.760577856220345e-10,689.7995642729496,28.387229156998075,943212336.265104,943.212336265104,7,5.5,550.0,6.514156594356944,21.87307256264113,6,4.4,440.00000000000006
9.0,V2V,ew_5,ew_9,-66.86,89.86,0.2,True,2,2.059794231123e-10,1.635459427784e-10,0.793992,3.854172,5.86,D,2.0606299132700007e-10,514.9000283033484,27.117229156998075,901094771.5414563,901.0947715414565,7,5.5,550.0,6.514156594356944,20.60307256264113,6,4.4,440.00000000000006
9.0,V2V,ew_5,ew_10,-69.49,92.49,0.1,True,2,1.124008178226e-10,1.053479295199e-10,0.937252,14.936849,11.74,D,1.1246049739669267e-10,281.0107381226703,24.487229156998076,813960628.6942694,813.9606286942694,6,4.4,440.00000000000006,6.514156594356944,17.973072562641132,5,3.3,330.0
9.0,V2V,ew_6,ew_0,-70.61,93.61,0.04,True,2,8.691516272240001e-11,8.599845560758001e-11,0.989453,93.812358,19.72,D,8.689604292863019e-11,217.13154155080005,23.367229156998075,776905458.6753805,776.9054586753805,6,4.4,440.00000000000006,6.514156594356944,16.85307256264113,5,3.3,330.0
9.0,V2V,ew_6,ew_1,-68.61,91.61,0.16,True,2,1.378275400583e-10,1.110222285579e-10,0.805516,4.1418,6.17,D,1.3772094688939468e-10,344.1303020724505,25.36722915699808,843099733.6195095,843.0997336195095,7,5.5,550.0,6.514156594356944,18.853072562641135,5,3.3,330.0
9.0,V2V,ew_6,ew_2,-67.6,90.6,0.16,True,2,1.73809235315e-10,1.534839137496e-10,0.88306,7.551365,8.78,D,1.7378008287493763e-10,434.23309064202306,26.377229156998077,876564443.8206458,876.5644438206458,7,5.5,550.0,6.514156594356944,19.863072562641133,5,3.3,330.0
9.0,V2V,ew_6,ew_3,-65.86,88.86,0.18,True,2,2.596832445329e-10,2.347479738078e-10,0.903978,9.414294,9.74,D,2.5941793621188125e-10,648.2207301646207,28.11722915699807,934256525.686364,934.256525686364,7,5.5,550.0,6.514156594356944,21.603072562641128,6,4.4,440.00000000000006
9.0,V2V,ew_6,ew_4,-60.09,83.09,0.14,True,2,9.792288412703e-10,9.668124182428e-10,0.98732,77.865615,18.91,D,9.79489985408698e-10,2447.5012129152874,33.887229156998075,1125768319.5377517,1125.7683195377515,7,5.5,550.0,6.514156594356944,27.37307256264113,7,5.5,550.0
9.0,V2V,ew_6,ew_5,-54.46,77.46,0.04,True,2,3.581936045881e-09,3.580892026133e-09,0.999709,3429.908327,35.35,D,3.5809643710263622e-09,8947.93695908636,39.51722915699808,1312750060.000644,1312.750060000644,7,5.5,550.0,6.514156594356944,33.00307256264114,7,5.5,550.0
9.0,V2V,ew_6,ew_7,-55.09,78.09,0.03,True,2,3.096567890982e-09,3.095949142371e-09,0.9998,5003.565401,36.99,D,3.0974192992165773e-09,7739.678408837025,38.887229156998075,1291824429.730753,1291.8244297307529,7,5.5,550.0,6.514156594356944,32.37307256264113,7,5.5,550.0
9.0,V2V,ew_6,ew_8,-62.63,85.63,0.16,True,2,5.451892699735e-10,5.28183672079e-10,0.968808,31.0594,14.92,D,5.45757861091271e-10,1363.7127963300125,31.347229156998075,1041438165.272514,1041.438165272514,7,5.5,550.0,6.514156594356944,24.83307256264113,6,4.4,440.00000000000006
9.0,V2V,ew_6,ew_9,-65.19,88.19,0.21,True,2,3.026732128586e-10,2.645294460658e-10,0.873977,6.935064,8.41,D,3.026913428101305e-10,756.350181934359,28.787229156998073,956481671.4456187,956.4816714456188,7,5.5,550.0,6.514156594356944,22.27307256264113,6,4.4,440.00000000000006
9.0,V2V,ew_6,ew_10,-67.6,90.6,0.16,True,2,1.737425166768e-10,1.534839691292e-10,0.883399,7.576257,8.79,D,1.7378008287493763e-10,434.23309064202306,26.377229156998077,876564443.8206458,876.5644438206458,7,5.5,550.0,6.514156594356944,19.863072562641133,5,3.3,330.0
9.0,V2V,ew_7,ew_0,-71.96,94.96,0.03,True,2,6.361739135537001e-11,6.318253655333001e-11,0.993165,145.295708,21.62,D,6.367955209079162e-11,159.11932056669568,22.017229156998077,732300358.8847022,732.3003588847022,6,4.4,440.00000000000006,6.514156594356944,15.503072562641131,5,3.3,330.0
9.0,V2V,ew_7,ew_1,-71.02,94.02,0.03,True,2,7.905980904135e-11,7.848324826133e-11,0.992707,136.123113,21.34,D,7.90678627999826e-11,197.5708715641744,22.95722915699808,763351019.86834,763.35101986834,6,4.4,440.00000000000006,6.514156594356944,16.443072562641138,5,3.3,330.0
9.0,V2V,ew_7,ew_2,-69.47,92.47,0.12,True,2,1.130900397692e-10,1.026725162806e-10,0.907883,9.855751,9.94,D,1.1297959146727975e-10,282.30782475582146,24.507229156998072,814622663.82275,814.6226638227499,6,4.4,440.00000000000006,6.514156594356944,17.993072562641128,5,3.3,330.0
9.0,V2V,ew_7,ew_3,-68.39,91.39,0.03,True,2,1.448189673287e-10,1.44322778781e-10,0.996574,290.862777,24.64,D,1.4487718535447602e-10,362.01195740748625,25.58722915699807,850387326.0332837,850.3873260332837,7,5.5,550.0,6.514156594356944,19.073072562641126,5,3.3,330.0
9.0,V2V,ew_7,ew_4,-63.56,86.56,0.23,True,2,4.4095568293e-10,3.978768524115e-10,0.902306,9.236018,9.65,D,4.4055486350655343e-10,1100.8367403961854,30.417229156998076,1010569475.9687754,1010.5694759687754,7,5.5,550.0,6.514156594356944,23.903072562641132,6,4.4,440.00000000000006
9.0,V2V,ew_7,ew_5,-60.54,83.54,0.26,True,2,8.829842857398e-10,8.312999997015e-10,0.941466,16.084192,12.06,D,8.830799004185622e-10,2206.596452819995,33.43722915699807,1110826075.717464,1110.826075717464,7,5.5,550.0,6.514156594356944,26.923072562641128,7,5.5,550.0
9.0,V2V,ew_7,ew_6,-55.09,78.09,0.03,True,2,3.09656784577e-09,3.095949142371e-09,0.9998,5003.931041,36.99,D,3.0974192992165773e-09,7739.678408837025,38.887229156998075,1291824429.730753,1291.8244297307529,7,5.5,550.0,6.514156594356944,32.37307256264113,7,5.5,550.0
9.0,V2V,ew_7,ew_8,-58.14,81.14,0.01,True,2,1.533222911345e-09,1.533108191028e-09,0.999925,13363.87696,41.26,D,1.534616982799294e-09,3834.6251444260215,35.83722915699808,1190524601.7347884,1190.5246017347883,7,5.5,550.0,6.514156594356944,29.323072562641133,7,5.5,550.0
9.0,V2V,ew_7,ew_9,-62.63,85.63,0.16,True,2,5.451892090558e-10,5.28183672079e-10,0.968808,31.059512,14.92,D,5.45757861091271e-10,1363.7127963300125,31.347229156998075,1041438165.272514,1041.438165272514,7,5.5,550.0,6.514156594356944,24.83307256264113,6,4.4,440.00000000000006
9.0,V2V,ew_7,ew_10,-64.96,87.96,0.25,True,2,3.192944468796e-10,2.540016852223e-10,0.795509,3.890197,5.9,D,3.1915378551007646e-10,797.4857209147337,29.017229156998077,964112279.8350874,964.1122798350874,7,5.5,550.0,6.514156594356944,22.503072562641133,6,4.4,440.00000000000006
9.0,V2V,ew_8,ew_0,-73.44,96.44,0.05,True,2,4.529522741846e-11,4.365765589374e-11,0.963847,26.659999,14.26,D,4.5289757990362126e-11,113.16781107037012,20.53722915699808,683501213.8591897,683.5012138591898,6,4.4,440.00000000000006,6.514156594356944,14.023072562641136,4,2.4,240.0
9.0,V2V,ew_8,ew_1,-70.96,93.96,0.14,True,2,8.023137072822e-11,5.219319736919e-11,0.650534,1.861505,2.7,D,8.016780633876805e-11,200.31935616883572,23.017229156998084,765334207.8905799,765.3342078905799,6,4.4,440.00000000000006,6.514156594356944,16.50307256264114,5,3.3,330.0
9.0,V2V,ew_8,ew_2,-70.84,93.84,0.13,True,2,8.245591882098e-11,6.479633843829e-11,0.78583,3.669189,5.65,D,8.241381150130013e-11,205.9315629717644,23.137229156998067,769300990.3942745,769.3009903942744,6,4.4,440.00000000000006,6.514156594356944,16.623072562641124,5,3.3,330.0
9.0,V2V,ew_8,ew_3,-69.93,92.93,0.14,True,2,1.015277329928e-10,8.45093133239e-11,0.832377,4.965756,6.96,D,1.0162486928706947e-10,253.93520561486625,24.04722915699807,799398680.777507,799.3986807775069,6,4.4,440.00000000000006,6.514156594356944,17.533072562641127,5,3.3,330.0
9.0,V2V,ew_8,ew_4,-66.43,89.43,0.22,True,2,2.274515437849e-10,1.74630623575e-10,0.767771,3.306088,5.19,D,2.2750974307720667e-10,568.4901126366983,27.547229156998068,915352698.4168464,915.3526984168464,7,5.5,550.0,6.514156594356944,21.033072562641124,6,4.4,440.00000000000006
9.0,V2V,ew_8,ew_5,-65.59,88.59,0.01,True,2,2.758210010322e-10,2.757250855373e-10,0.999652,2874.666766,34.59,D,2.760577856220345e-10,689.7995642729496,28.387229156998075,943212336.265104,943.212336265104,7,5.5,550.0,6.514156594356944,21.87307256264113,6,4.4,440.00000000000006
9.0,V2V,ew_8,ew_6,-62.63,85.63,0.16,True,2,5.451882745242e-10,5.28183672079e-10,0.96881,31.061219,14.92,D,5.45757861091271e-10,1363.7127963300125,31.347229156998075,1041438165.272514,1041.438165272514,7,5.5,550.0,6.514156594356944,24.83307256264113,6,4.4,440.00000000000006
9.0,V2V,ew_8,ew_7,-58.14,81.14,0.01,True,2,1.533222916006e-09,1.533108191028e-09,0.999925,13363.33392,41.26,D,1.534616982799294e-09,3834.6251444260215,35.83722915699808,1190524601.7347884,1190.5246017347883,7,5.5,550.0,6.514156594356944,29.323072562641133,7,5.5,550.0
9.0,V2V,ew_8,ew_9,-55.09,78.09,0.03,True,2,3.096567885704e-09,3.095949142371e-09,0.9998,5003.608085,36.99,D,3.0974192992165773e-09,7739.678408837025,38.887229156998075,1291824429.730753,1291.8244297307529,7,5.5,550.0,6.514156594356944,32.37307256264113,7,5.5,550.0
9.0,V2V,ew_8,ew_10,-61.28,84.28,0.18,True,2,7.451400473313e-10,7.224017580916e-10,0.969485,31.770277,15.02,D,7.447319739059888e-10,1860.8994850224608,32.69722915699808,1086255947.5510554,1086.2559475510554,7,5.5,550.0,6.514156594356944,26.183072562641133,7,5.5,550.0
9.0,V2V,ew_9,ew_0,-72.5,95.5,0.11,True,2,5.6254389536860005e-11,3.488144274871e-11,0.620066,1.632037,2.13,D,5.6234132519034906e-11,140.51507376070688,21.47722915699807,714481192.2560322,714.4811922560323,6,4.4,440.00000000000006,6.514156594356944,14.96307256264113,4,2.4,240.0
9.0,V2V,ew_9,ew_1,-72.05,95.05,0.12,True,2,6.238993879101e-11,4.088647461867e-11,0.655338,1.90139,2.79,D,6.237348354824192e-11,155.85578098011473,21.927229156998074,729329489.1016493,729.3294891016493,6,4.4,440.00000000000006,6.514156594356944,15.41307256264113,5,3.3,330.0
9.0,V2V,ew_9,ew_2,-73.05,96.05,0.01,True,2,4.9533866911420006e-11,4.9452685346530005e-11,0.998361,609.161519,27.85,D,4.954501908047906e-11,123.80064737750888,20.927229156998077,696348160.7676002,696.3481607676002,6,4.4,440.00000000000006,6.514156594356944,14.413072562641132,4,2.4,240.0
9.0,V2V,ew_9,ew_3,-71.86,94.86,0.06,True,2,6.510808089466e-11,6.224303179820001e-11,0.955995,21.724944,13.37,D,6.516283940608428e-11,162.82568567237448,22.117229156998075,735601775.9739093,735.6017759739093,6,4.4,440.00000000000006,6.514156594356944,15.603072562641133,5,3.3,330.0
9.0,V2V,ew_9,ew_4,-69.4,92.4,0.03,True,2,1.14743558947e-10,1.14032888071e-10,0.993806,160.458085,22.05,D,1.1481536214968815e-10,286.89495789527274,24.577229156998072,816939871.1975187,816.9398711975188,6,4.4,440.00000000000006,6.514156594356944,18.06307256264113,5,3.3,330.0
9.0,V2V,ew_9,ew_5,-66.86,89.86,0.2,True,2,2.05976903338e-10,1.635459427784e-10,0.794001,3.854401,5.86,D,2.0606299132700007e-10,514.9000283033484,27.117229156998075,901094771.5414563,901.0947715414565,7,5.5,550.0,6.514156594356944,20.60307256264113,6,4.4,440.00000000000006
9.0,V2V,ew_9,ew_6,-65.19,88.19,0.21,True,2,3.026708176885e-10,2.645294460658e-10,0.873984,6.935499,8.41,D,3.026913428101305e-10,756.350181934359,28.787229156998073,956481671.4456187,956.4816714456188,7,5.5,550.0,6.514156594356944,22.27307256264113,6,4.4,440.00000000000006
9.0,V2V,ew_9,ew_7,-62.63,85.63,0.16,True,2,5.451880737729e-10,5.28183672079e-10,0.96881,31.061585,14.92,D,5.45757861091271e-10,1363.7127963300125,31.347229156998075,1041438165.272514,1041.438165272514,7,5.5,550.0,6.514156594356944,24.83307256264113,6,4.4,440.00000000000006
9.0,V2V,ew_9,ew_8,-55.09,78.09,0.03,True,2,3.096567885704e-09,3.095949142371e-09,0.9998,5003.608085,36.99,D,3.0974192992165773e-09,7739.678408837025,38.887229156998075,1291824429.730753,1291.8244297307529,7,5.5,550.0,6.514156594356944,32.37307256264113,7,5.5,550.0
9.0,V2V,ew_9,ew_10,-55.68,78.68,0.04,True,2,2.704542580148e-09,2.703227293981e-09,0.999514,2055.2389,33.13,D,2.703958364108846e-09,6756.517651446392,38.29722915699808,1272227765.9919417,1272.2277659919416,7,5.5,550.0,6.514156594356944,31.783072562641134,7,5.5,550.0
9.0,V2V,ew_10,ew_0,-74.58,97.58,0.08,True,2,3.487197213562e-11,2.8128107148230003e-11,0.806611,4.170918,6.2,D,3.4833731503601166e-11,87.04080835482549,19.397229156998073,646010048.6415608,646.0100486415608,5,3.3,330.0,6.514156594356944,12.883072562641129,4,2.4,240.0
9.0,V2V,ew_10,ew_1,-74.77,97.77,0.04,True,2,3.3309937507200005e-11,3.2421456363670005e-11,0.973327,36.490877,15.62,D,3.334264127632354e-11,83.31494571794987,19.20722915699808,639771648.1713074,639.7716481713074,5,3.3,330.0,6.514156594356944,12.693072562641138,4,2.4,240.0
9.0,V2V,ew_10,ew_2,-73.52,96.52,0.08,True,2,4.447021802135e-11,3.837098951332e-11,0.862847,6.291122,7.99,D,4.4463126746910924e-11,111.1022657344101,20.45722915699808,680867162.6979297,680.8671626979298,6,4.4,440.00000000000006,6.514156594356944,13.943072562641138,4,2.4,240.0
9.0,V2V,ew_10,ew_3,-71.52,94.52,0.13,True,2,7.046538194709e-11,4.692246648422e-11,0.665894,1.993061,3.0,D,7.04693068967148e-11,176.08522462947226,22.45722915699808,746830003.3467919,746.8300033467918,6,4.4,440.00000000000006,6.514156594356944,15.943072562641138,5,3.3,330.0
9.0,V2V,ew_10,ew_4,-71.02,94.02,0.03,True,2,7.905975595476e-11,7.848322057151e-11,0.992708,136.129061,21.34,D,7.90678627999826e-11,197.5708715641744,22.95722915699808,763351019.86834,763.35101986834,6,4.4,440.00000000000006,6.514156594356944,16.443072562641138,5,3.3,330.0
9.0,V2V,ew_10,ew_5,-69.49,92.49,0.1,True,2,1.124003014074e-10,1.053479295199e-10,0.937257,14.937943,11.74,D,1.1246049739669267e-10,281.0107381226703,24.487229156998076,813960628.6942694,813.9606286942694,6,4.4,440.00000000000006,6.514156594356944,17.973072562641132,5,3.3,330.0
9.0,V2V,ew_10,ew_6,-67.6,90.6,0.16,True,2,1.737412761725e-10,1.534839691292e-10,0.883405,7.576721,8.79,D,1.7378008287493763e-10,434.23309064202306,26.377229156998077,876564443.8206458,876.5644438206458,7,5.5,550.0,6.514156594356944,19.863072562641133,5,3.3,330.0
9.0,V2V,ew_10,ew_7,-64.96,87.96,0.25,True,2,3.192901881842e-10,2.540016852223e-10,0.79552,3.89045,5.9,D,3.1915378551007646e-10,797.4857209147337,29.017229156998077,964112279.8350874,964.1122798350874,7,5.5,550.0,6.514156594356944,22.503072562641133,6,4.4,440.00000000000006
9.0,V2V,ew_10,ew_8,-61.28,84.28,0.18,True,2,7.451380245894e-10,7.224017580916e-10,0.969487,31.773104,15.02,D,7.447319739059888e-10,1860.8994850224608,32.69722915699808,1086255947.5510554,1086.2559475510554,7,5.5,550.0,6.514156594356944,26.183072562641133,7,5.5,550.0
9.0,V2V,ew_10,ew_9,-55.68,78.68,0.04,True,2,2.704542437373e-09,2.703227293981e-09,0.999514,2055.462022,33.13,D,2.703958364108846e-09,6756.517651446392,38.29722915699808,1272227765.9919417,1272.2277659919416,7,5.5,550.0,6.514156594356944,31.783072562641134,7,5.5,550.0
9.0,V2V,ns_0,ns_1,-53.03,76.03,0.21,True,2,4.981589145086e-09,4.948920113979e-09,0.993442,151.48659,21.8,D,4.9773708497893605e-09,12437.208520213291,40.94722915699808,1360249108.807884,1360.249108807884,7,5.5,550.0,6.514156594356944,34.43307256264113,7,5.5,550.0
9.0,V2V,ns_0,ns_2,-59.29,82.29,0.25,True,2,1.178125873954e-09,1.134353416037e-09,0.962846,25.914775,14.14,D,1.1776059735208067e-09,2942.543661971031,34.68722915699807,1152333831.2157118,1152.3338312157118,7,5.5,550.0,6.514156594356944,28.173072562641128,7,5.5,550.0
9.0,V2V,ns_0,ns_3,-62.95,85.95,0.23,True,2,5.068302798467e-10,4.639083177362e-10,0.915313,10.808181,10.34,D,5.069907082747045e-10,1266.843349012255,31.027229156998075,1030816078.6003352,1030.8160786003352,7,5.5,550.0,6.514156594356944,24.51307256264113,6,4.4,440.00000000000006
9.0,V2V,ns_0,ns_4,-67.96,90.96,0.07,True,2,1.600669302624e-10,1.567322184341e-10,0.979167,47.000229,16.72,D,1.599558028614671e-10,399.6896623225064,26.01722915699808,864634147.890844,864.634147890844,7,5.5,550.0,6.514156594356944,19.503072562641137,5,3.3,330.0
9.0,V2V,ns_0,ns_5,-68.55,91.55,0.17,True,2,1.396543182478e-10,1.071317857086e-10,0.767121,3.294079,5.18,D,1.396368361055939e-10,348.91763144826064,25.42722915699808,845087154.9871523,845.0871549871523,7,5.5,550.0,6.514156594356944,18.913072562641137,5,3.3,330.0
9.0,V2V,ns_0,ns_6,-70.2,93.2,0.14,True,2,9.544045818307e-11,7.612620157726001e-11,0.79763,3.941451,5.96,D,9.54992586021435e-11,238.62883208931405,23.777229156998068,790465769.310078,790.465769310078,6,4.4,440.00000000000006,6.514156594356944,17.263072562641124,5,3.3,330.0
9.0,V2V,ns_0,ns_7,-72.52,95.52,0.01,True,2,5.591879407921e-11,5.579779259612e-11,0.997836,461.13313,26.64,D,5.5975760149511046e-11,139.86946564095712,21.457229156998075,713821512.1917132,713.8215121917132,6,4.4,440.00000000000006,6.514156594356944,14.943072562641133,4,2.4,240.0
9.0,V2V,ns_0,ns_8,-72.55,95.55,0.11,True,2,5.563385774418001e-11,3.91830601465e-11,0.704302,2.381833,3.77,D,5.559042572704037e-11,138.90661101209486,21.427229156998074,712832032.5608476,712.8320325608477,6,4.4,440.00000000000006,6.514156594356944,14.91307256264113,4,2.4,240.0
9.0,V2V,ns_0,ns_9,-74.39,97.39,0.08,True,2,3.636757030247e-11,3.120533023653e-11,0.858054,6.04492,7.81,D,3.6391503612720705e-11,90.93329238560896,19.58722915699807,652251550.3319254,652.2515503319254,5,3.3,330.0,6.514156594356944,13.07307256264113,4,2.4,240.0
9.0,V2V,ns_0,ns_10,-73.85,96.85,0.1,True,2,4.125544987076e-11,2.5116805231140003e-11,0.608812,1.556314,1.92,D,4.1209751909733035e-11,102.97289332766876,20.127229156998077,670006364.3534993,670.0063643534993,6,4.4,440.00000000000006,6.514156594356944,13.613072562641133,4,2.4,240.0
9.0,V2V,ns_1,ns_0,-53.03,76.03,0.21,True,2,4.981590571112e-09,4.948920113979e-09,0.993442,151.479978,21.8,D,4.9773708497893605e-09,12437.208520213291,40.94722915699808,1360249108.807884,1360.249108807884,7,5.5,550.0,6.514156594356944,34.43307256264113,7,5.5,550.0
9.0,V2V,ns_1,ns_2,-53.79,76.79,0.03,True,2,4.175861718419e-09,4.175177562153e-09,0.999836,6102.666556,37.86,D,4.178303666466222e-09,10440.538896717197,40.18722915699808,1335004673.4661117,1335.0046734661116,7,5.5,550.0,6.514156594356944,33.67307256264114,7,5.5,550.0
9.0,V2V,ns_1,ns_3,-60.15,83.15,0.04,True,2,9.649557646336e-10,9.636614488382e-10,0.998659,744.533484,28.72,D,9.66050878989814e-10,2413.920237355857,33.82722915699808,1123775982.3590004,1123.7759823590004,7,5.5,550.0,6.514156594356944,27.313072562641135,7,5.5,550.0
9.0,V2V,ns_1,ns_4,-66.34,89.34,0.01,True,2,2.320082631785e-10,2.319386082613e-10,0.9997,3329.823901,35.22,D,2.3227367963571048e-10,580.3940020882321,27.63722915699807,918337237.786016,918.337237786016,7,5.5,550.0,6.514156594356944,21.123072562641127,6,4.4,440.00000000000006
9.0,V2V,ns_1,ns_5,-67.63,90.63,0.17,True,2,1.72516887401e-10,1.472833307832e-10,0.853733,5.836804,7.66,D,1.7258378919902038e-10,431.24385107201493,26.347229156998075,875570163.0586162,875.5701630586161,7,5.5,550.0,6.514156594356944,19.83307256264113,5,3.3,330.0
9.0,V2V,ns_1,ns_6,-68.46,91.46,0.18,True,2,1.42540586751e-10,9.920909486777e-11,0.696006,2.289538,3.6,D,1.425607593602191e-10,356.22378650729405,25.517229156998084,848068433.8356937,848.0684338356937,7,5.5,550.0,6.514156594356944,19.00307256264114,5,3.3,330.0
9.0,V2V,ns_1,ns_7,-71.47,94.47,0.05,True,2,7.130416236048001e-11,6.984244390844e-11,0.9795,47.781051,16.79,D,7.128530301265191e-11,178.1241954339128,22.507229156998072,748481641.4172204,748.4816414172203,6,4.4,440.00000000000006,6.514156594356944,15.993072562641128,5,3.3,330.0
9.0,V2V,ns_1,ns_8,-71.68,94.68,0.12,True,2,6.787329847323e-11,4.7210966792030005e-11,0.695575,2.284881,3.59,D,6.792036326171827e-11,169.71605012923106,22.297229156998064,741545489.1686457,741.5454891686458,6,4.4,440.00000000000006,6.514156594356944,15.78307256264112,5,3.3,330.0
9.0,V2V,ns_1,ns_9,-74.05,97.05,0.06,True,2,3.93194263144e-11,3.682082438884e-11,0.936454,14.736571,11.68,D,3.935500754557781e-11,98.33834968909994,19.927229156998077,663427887.4326816,663.4278874326816,5,3.3,330.0,6.514156594356944,13.413072562641132,4,2.4,240.0
9.0,V2V,ns_1,ns_10,-73.32,96.32,0.1,True,2,4.65146271754e-11,2.911775264215e-11,0.625991,1.673735,2.24,D,4.6558609352296007e-11,116.3383542036382,20.657229156998085,687453085.1692097,687.4530851692098,6,4.4,440.00000000000006,6.514156594356944,14.14307256264114,4,2.4,240.0
9.0,V2V,ns_2,ns_0,-59.29,82.29,0.25,True,2,1.178141294418e-09,1.134353416037e-09,0.962833,25.905649,14.13,D,1.1776059735208067e-09,2942.543661971031,34.68722915699807,1152333831.2157118,1152.3338312157118,7,5.5,550.0,6.514156594356944,28.173072562641128,7,5.5,550.0
9.0,V2V,ns_2,ns_1,-53.79,76.79,0.03,True,2,4.175861712621e-09,4.175177562153e-09,0.999836,6102.71827,37.86,D,4.178303666466222e-09,10440.538896717197,40.18722915699808,1335004673.4661117,1335.0046734661116,7,5.5,550.0,6.514156594356944,33.67307256264114,7,5.5,550.0
9.0,V2V,ns_2,ns_3,-54.47,77.47,0.0,True,2,3.569656329267e-09,3.569654829769e-09,1.0,2380566.691347,63.77,D,3.5727283815192886e-09,8927.35727516064,39.50722915699807,1312417904.354844,1312.417904354844,7,5.5,550.0,6.514156594356944,32.99307256264113,7,5.5,550.0
9.0,V2V,ns_2,ns_4,-63.67,86.67,0.21,True,2,4.297274109974e-10,3.970442082368e-10,0.923944,12.148265,10.85,D,4.295364267648873e-10,1073.3044147048656,30.307229156998076,1006918713.7721506,1006.9187137721508,7,5.5,550.0,6.514156594356944,23.793072562641132,6,4.4,440.00000000000006
9.0,V2V,ns_2,ns_5,-65.53,88.53,0.24,True,2,2.796004429688e-10,2.232789582121e-10,0.798564,3.964366,5.98,D,2.7989813196343626e-10,699.3956320925444,28.447229156998077,945202627.643301,945.202627643301,7,5.5,550.0,6.514156594356944,21.933072562641133,6,4.4,440.00000000000006
9.0,V2V,ns_2,ns_6,-67.21,90.21,0.21,True,2,1.899943019496e-10,1.38663698072e-10,0.729831,2.701385,4.32,D,1.9010782799233035e-10,475.0320539538489,26.767229156998084,889491491.1466104,889.4914911466104,7,5.5,550.0,6.514156594356944,20.25307256264114,6,4.4,440.00000000000006
9.0,V2V,ns_2,ns_7,-69.07,92.07,0.16,True,2,1.237449370691e-10,9.213381241742e-11,0.744546,2.914601,4.65,D,1.2387965865303716e-10,309.5443744453702,24.907229156998085,827865562.3174295,827.8655623174295,6,4.4,440.00000000000006,6.514156594356944,18.39307256264114,5,3.3,330.0
9.0,V2V,ns_2,ns_8,-70.44,93.44,0.14,True,2,9.034621810211e-11,5.911466836836e-11,0.654313,1.892787,2.77,D,9.036494737223022e-11,225.79946869622745,23.53722915699808,782527345.0380194,782.5273450380195,6,4.4,440.00000000000006,6.514156594356944,17.023072562641136,5,3.3,330.0
9.0,V2V,ns_2,ns_9,-72.21,95.21,0.11,True,2,6.016097555533001e-11,4.48487421103e-11,0.745479,2.928948,4.67,D,6.011737374832791e-11,150.21832520821565,21.767229156998084,724048917.1165998,724.0489171165998,6,4.4,440.00000000000006,6.514156594356944,15.25307256264114,5,3.3,330.0
9.0,V2V,ns_2,ns_10,-72.5,95.5,0.11,True,2,5.618875633986e-11,3.466593282495e-11,0.616955,1.610659,2.07,D,5.6234132519034906e-11,140.51507376070688,21.47722915699807,714481192.2560322,714.4811922560323,6,4.4,440.00000000000006,6.514156594356944,14.96307256264113,4,2.4,240.0
9.0,V2V,ns_3,ns_0,-62.95,85.95,0.23,True,2,5.068277573034e-10,4.639083177362e-10,0.915318,10.808816,10.34,D,5.069907082747045e-10,1266.843349012255,31.027229156998075,1030816078.6003352,1030.8160786003352,7,5.5,550.0,6.514156594356944,24.51307256264113,6,4.4,440.00000000000006
9.0,V2V,ns_3,ns_1,-60.15,83.15,0.04,True,2,9.649555585175e-10,9.636614488382e-10,0.998659,744.652068,28.72,D,9.66050878989814e-10,2413.920237355857,33.82722915699808,1123775982.3590004,1123.7759823590004,7,5.5,550.0,6.514156594356944,27.313072562641135,7,5.5,550.0
9.0,V2V,ns_3,ns_2,-54.47,77.47,0.0,True,2,3.56965631059e-09,3.569654829769e-09,1.0,2410592.00721,63.82,D,3.5727283815192886e-09,8927.35727516064,39.50722915699807,1312417904.354844,1312.417904354844,7,5.5,550.0,6.514156594356944,32.99307256264113,7,5.5,550.0
9.0,V2V,ns_3,ns_4,-60.25,83.25,0.26,True,2,9.451461752688e-10,8.938176038245e-10,0.945692,17.413647,12.41,D,9.440608762859226e-10,2358.972704362625,33.72722915699807,1120455445.8016827,1120.4554458016828,7,5.5,550.0,6.514156594356944,27.213072562641127,7,5.5,550.0
9.0,V2V,ns_3,ns_5,-63.67,86.67,0.21,True,2,4.296351955665e-10,3.970445183629e-10,0.924143,12.182764,10.86,D,4.295364267648873e-10,1073.3044147048656,30.307229156998076,1006918713.7721506,1006.9187137721508,7,5.5,550.0,6.514156594356944,23.793072562641132,6,4.4,440.00000000000006
9.0,V2V,ns_3,ns_6,-66.18,89.18,0.18,True,2,2.411698649477e-10,2.150953073655e-10,0.891883,8.249241,9.16,D,2.409905428686593e-10,602.1752695368797,27.79722915699807,923643346.8434502,923.6433468434502,7,5.5,550.0,6.514156594356944,21.283072562641127,6,4.4,440.00000000000006
9.0,V2V,ns_3,ns_7,-67.85,90.85,0.18,True,2,1.639919372844e-10,1.307792634962e-10,0.797474,3.937631,5.95,D,1.6405897731995418e-10,409.94247206385353,26.127229156998084,868279263.4588779,868.279263458878,7,5.5,550.0,6.514156594356944,19.61307256264114,5,3.3,330.0
9.0,V2V,ns_3,ns_8,-71.06,94.06,0.03,True,2,7.840262885402e-11,7.786580388437e-11,0.993153,145.048774,21.62,D,7.834296427662121e-11,195.75953092608995,22.917229156998076,762028971.0573677,762.0289710573677,6,4.4,440.00000000000006,6.514156594356944,16.403072562641132,5,3.3,330.0
9.0,V2V,ns_3,ns_9,-72.04,95.04,0.09,True,2,6.252491562184e-11,5.6886750423650006e-11,0.909825,10.089586,10.04,D,6.251726927756848e-11,156.21506566109065,21.937229156998068,729659566.5088087,729.6595665088088,6,4.4,440.00000000000006,6.514156594356944,15.423072562641124,5,3.3,330.0
9.0,V2V,ns_3,ns_10,-73.52,96.52,0.05,True,2,4.443477902317e-11,4.2659484702080005e-11,0.960047,24.029528,13.81,D,4.4463126746910924e-11,111.1022657344101,20.45722915699808,680867162.6979297,680.8671626979298,6,4.4,440.00000000000006,6.514156594356944,13.943072562641138,4,2.4,240.0
9.0,V2V,ns_4,ns_0,-67.96,90.96,0.07,True,2,1.600666845151e-10,1.567322184341e-10,0.979168,47.003693,16.72,D,1.599558028614671e-10,399.6896623225064,26.01722915699808,864634147.890844,864.634147890844,7,5.5,550.0,6.514156594356944,19.503072562641137,5,3.3,330.0
9.0,V2V,ns_4,ns_1,-66.34,89.34,0.01,True,2,2.320082521891e-10,2.319386082613e-10,0.9997,3330.349328,35.22,D,2.3227367963571048e-10,580.3940020882321,27.63722915699807,918337237.786016,918.337237786016,7,5.5,550.0,6.514156594356944,21.123072562641127,6,4.4,440.00000000000006
9.0,V2V,ns_4,ns_2,-63.67,86.67,0.21,True,2,4.297243152748e-10,3.970442082368e-10,0.923951,12.149416,10.85,D,4.295364267648873e-10,1073.3044147048656,30.307229156998076,1006918713.7721506,1006.9187137721508,7,5.5,550.0,6.514156594356944,23.793072562641132,6,4.4,440.00000000000006
9.0,V2V,ns_4,ns_3,-60.25,83.25,0.26,True,2,9.451401998042e-10,8.938176038245e-10,0.945698,17.415674,12.41,D,9.440608762859226e-10,2358.972704362625,33.72722915699807,1120455445.8016827,1120.4554458016828,7,5.5,550.0,6.514156594356944,27.213072562641127,7,5.5,550.0
9.0,V2V,ns_4,ns_5,-54.47,77.47,0.0,True,2,3.569664905165e-09,3.569663336084e-09,1.0,2275003.627369,63.57,D,3.5727283815192886e-09,8927.35727516064,39.50722915699807,1312417904.354844,1312.417904354844,7,5.5,550.0,6.514156594356944,32.99307256264113,7,5.5,550.0
9.0,V2V,ns_4,ns_6,-60.63,83.63,0.22,True,2,8.641298810139e-10,8.287862950521e-10,0.959099,23.449412,13.7,D,8.64967918775692e-10,2161.339127375542,33.34722915699807,1107837708.850011,1107.837708850011,7,5.5,550.0,6.514156594356944,26.833072562641124,7,5.5,550.0
9.0,V2V,ns_4,ns_7,-64.39,87.39,0.17,True,2,3.637800659827e-10,3.429902323395e-10,0.942851,16.497979,12.17,D,3.63915036127207e-10,909.3329238560896,29.58722915699807,983025044.9105,983.0250449105,7,5.5,550.0,6.514156594356944,23.07307256264113,6,4.4,440.00000000000006
9.0,V2V,ns_4,ns_8,-67.96,90.96,0.07,True,2,1.600667907748e-10,1.567323181175e-10,0.979168,47.00363,16.72,D,1.599558028614671e-10,399.6896623225064,26.01722915699808,864634147.890844,864.634147890844,7,5.5,550.0,6.514156594356944,19.503072562641137,5,3.3,330.0
9.0,V2V,ns_4,ns_9,-69.01,92.01,0.16,True,2,1.255072201135e-10,1.017494260549e-10,0.810706,4.282781,6.32,D,1.256029963694873e-10,313.85056564089774,24.967229156998066,829852344.8984246,829.8523448984246,6,4.4,440.00000000000006,6.514156594356944,18.45307256264112,5,3.3,330.0
9.0,V2V,ns_4,ns_10,-71.47,94.47,0.05,True,2,7.130413553596001e-11,6.984246052233001e-11,0.979501,47.782482,16.79,D,7.128530301265191e-11,178.1241954339128,22.507229156998072,748481641.4172204,748.4816414172203,6,4.4,440.00000000000006,6.514156594356944,15.993072562641128,5,3.3,330.0
9.0,V2V,ns_5,ns_0,-68.55,91.55,0.17,True,2,1.396521473654e-10,1.071317857086e-10,0.767133,3.294299,5.18,D,1.396368361055939e-10,348.91763144826064,25.42722915699808,845087154.9871523,845.0871549871523,7,5.5,550.0,6.514156594356944,18.913072562641137,5,3.3,330.0
9.0,V2V,ns_5,ns_1,-67.63,90.63,0.17,True,2,1.724479480386e-10,1.472833307832e-10,0.854074,5.852794,7.67,D,1.7258378919902038e-10,431.24385107201493,26.347229156998075,875570163.0586162,875.5701630586161,7,5.5,550.0,6.514156594356944,19.83307256264113,5,3.3,330.0
9.0,V2V,ns_5,ns_2,-65.54,88.54,0.24,True,2,2.795424881609e-10,2.232789582121e-10,0.79873,3.968449,5.99,D,2.7925438412373365e-10,697.7870667759461,28.43722915699807,944870909.6725916,944.8709096725916,7,5.5,550.0,6.514156594356944,21.923072562641128,6,4.4,440.00000000000006
9.0,V2V,ns_5,ns_3,-63.67,86.67,0.21,True,2,4.296331299054e-10,3.970445183629e-10,0.924148,12.183536,10.86,D,4.295364267648873e-10,1073.3044147048656,30.307229156998076,1006918713.7721506,1006.9187137721508,7,5.5,550.0,6.514156594356944,23.793072562641132,6,4.4,440.00000000000006
9.0,V2V,ns_5,ns_4,-54.47,77.47,0.0,True,2,3.569664822888e-09,3.569663336084e-09,1.0,2400897.958406,63.8,D,3.5727283815192886e-09,8927.35727516064,39.50722915699807,1312417904.354844,1312.417904354844,7,5.5,550.0,6.514156594356944,32.99307256264113,7,5.5,550.0
9.0,V2V,ns_5,ns_6,-55.1,78.1,0.02,True,2,3.087319835959e-09,3.086906575242e-09,0.999866,7469.634653,38.73,D,3.090295432513592e-09,7721.877642462748,38.87722915699808,1291492279.88591,1291.49227988591,7,5.5,550.0,6.514156594356944,32.363072562641136,7,5.5,550.0
9.0,V2V,ns_5,ns_7,-61.37,84.37,0.11,True,2,7.290178566791e-10,7.20364805808e-10,0.988131,83.249806,19.2,D,7.294575102545694e-10,1822.732409431708,32.60722915699808,1083267834.7549307,1083.2678347549308,7,5.5,550.0,6.514156594356944,26.093072562641137,7,5.5,550.0
9.0,V2V,ns_5,ns_8,-65.2,88.2,0.23,True,2,3.021114250339e-10,2.508407031763e-10,0.830292,4.892475,6.9,D,3.0199517204020126e-10,754.610624788109,28.777229156998068,956149917.7659488,956.1499177659488,7,5.5,550.0,6.514156594356944,22.263072562641124,6,4.4,440.00000000000006
9.0,V2V,ns_5,ns_9,-67.63,90.63,0.17,True,2,1.724477818997e-10,1.472832532516e-10,0.854075,5.852812,7.67,D,1.7258378919902038e-10,431.24385107201493,26.347229156998075,875570163.0586162,875.5701630586161,7,5.5,550.0,6.514156594356944,19.83307256264113,5,3.3,330.0
9.0,V2V,ns_5,ns_10,-70.14,93.14,0.06,True,2,9.673702083487e-11,9.440574057321e-11,0.975901,40.495234,16.07,D,9.682778562612485e-11,241.94848982040193,23.83722915699807,792450665.4395436,792.4506654395436,6,4.4,440.00000000000006,6.514156594356944,17.323072562641126,5,3.3,330.0
9.0,V2V,ns_6,ns_0,-70.2,93.2,0.14,True,2,9.543934089855e-11,7.612620157726001e-11,0.79764,3.941679,5.96,D,9.54992586021435e-11,238.62883208931405,23.777229156998068,790465769.310078,790.465769310078,6,4.4,440.00000000000006,6.514156594356944,17.263072562641124,5,3.3,330.0
9.0,V2V,ns_6,ns_1,-68.46,91.46,0.18,True,2,1.425377679266e-10,9.920909486777e-11,0.69602,2.289687,3.6,D,1.425607593602191e-10,356.22378650729405,25.517229156998084,848068433.8356937,848.0684338356937,7,5.5,550.0,6.514156594356944,19.00307256264114,5,3.3,330.0
9.0,V2V,ns_6,ns_2,-67.21,90.21,0.21,True,2,1.899484918998e-10,1.38663698072e-10,0.730007,2.703798,4.32,D,1.9010782799233035e-10,475.0320539538489,26.767229156998084,889491491.1466104,889.4914911466104,7,5.5,550.0,6.514156594356944,20.25307256264114,6,4.4,440.00000000000006
9.0,V2V,ns_6,ns_3,-66.18,89.18,0.18,True,2,2.411681287956e-10,2.150953073655e-10,0.891889,8.24979,9.16,D,2.409905428686593e-10,602.1752695368797,27.79722915699807,923643346.8434502,923.6433468434502,7,5.5,550.0,6.514156594356944,21.283072562641127,6,4.4,440.00000000000006
9.0,V2V,ns_6,ns_4,-60.63,83.63,0.22,True,2,8.641275467614e-10,8.287862950521e-10,0.959102,23.45096,13.7,D,8.64967918775692e-10,2161.339127375542,33.34722915699807,1107837708.850011,1107.837708850011,7,5.5,550.0,6.514156594356944,26.833072562641124,7,5.5,550.0
9.0,V2V,ns_6,ns_5,-55.1,78.1,0.02,True,2,3.087319541149e-09,3.086906575242e-09,0.999866,7474.967113,38.74,D,3.090295432513592e-09,7721.877642462748,38.87722915699808,1291492279.88591,1291.49227988591,7,5.5,550.0,6.514156594356944,32.363072562641136,7,5.5,550.0
9.0,V2V,ns_6,ns_7,-55.69,78.69,0.05,True,2,2.697887050382e-09,2.695860116451e-09,0.999249,1330.018742,31.24,D,2.69773943244492e-09,6740.978092066267,38.28722915699807,1271895622.3980844,1271.8956223980845,7,5.5,550.0,6.514156594356944,31.77307256264113,7,5.5,550.0
9.0,V2V,ns_6,ns_8,-63.08,86.08,0.05,True,2,4.925739129822e-10,4.907490639083e-10,0.996295,268.925837,24.3,D,4.92039535681451e-10,1229.4840971550502,30.897229156998076,1026501029.7107652,1026.5010297107651,7,5.5,550.0,6.514156594356944,24.383072562641132,6,4.4,440.00000000000006
9.0,V2V,ns_6,ns_9,-65.35,88.35,0.23,True,2,2.917805111708e-10,2.411121815001e-10,0.826348,4.758637,6.77,D,2.917427014001172e-10,728.992257371607,28.627229156998084,951173735.197173,951.173735197173,7,5.5,550.0,6.514156594356944,22.11307256264114,6,4.4,440.00000000000006
9.0,V2V,ns_6,ns_10,-67.21,90.21,0.21,True,2,1.899483202229e-10,1.386637756035e-10,0.730008,2.703812,4.32,D,1.9010782799233035e-10,475.0320539538489,26.767229156998084,889491491.1466104,889.4914911466104,7,5.5,550.0,6.514156594356944,20.25307256264114,6,4.4,440.00000000000006
9.0,V2V,ns_7,ns_0,-72.53,95.53,0.01,True,2,5.5900392090780005e-11,5.579779259612e-11,0.998165,543.840813,27.35,D,5.5847019473683056e-11,139.54777479680922,21.447229156998073,713491680.2404248,713.4916802404248,6,4.4,440.00000000000006,6.514156594356944,14.93307256264113,4,2.4,240.0
9.0,V2V,ns_7,ns_1,-71.47,94.47,0.05,True,2,7.126909907864e-11,6.984244390844e-11,0.979982,48.955379,16.9,D,7.128530301265191e-11,178.1241954339128,22.507229156998072,748481641.4172204,748.4816414172203,6,4.4,440.00000000000006,6.514156594356944,15.993072562641128,5,3.3,330.0
9.0,V2V,ns_7,ns_2,-69.07,92.07,0.16,True,2,1.237429683224e-10,9.213381241742e-11,0.744558,2.914782,4.65,D,1.2387965865303716e-10,309.5443744453702,24.907229156998085,827865562.3174295,827.8655623174295,6,4.4,440.00000000000006,6.514156594356944,18.39307256264114,5,3.3,330.0
9.0,V2V,ns_7,ns_3,-67.85,90.85,0.18,True,2,1.639897414811e-10,1.307792634962e-10,0.797484,3.937892,5.95,D,1.6405897731995418e-10,409.94247206385353,26.127229156998084,868279263.4588779,868.279263458878,7,5.5,550.0,6.514156594356944,19.61307256264114,5,3.3,330.0
9.0,V2V,ns_7,ns_4,-64.39,87.39,0.17,True,2,3.637787507159e-10,3.429902323395e-10,0.942854,16.499022,12.17,D,3.63915036127207e-10,909.3329238560896,29.58722915699807,983025044.9105,983.0250449105,7,5.5,550.0,6.514156594356944,23.07307256264113,6,4.4,440.00000000000006
9.0,V2V,ns_7,ns_5,-61.37,84.37,0.11,True,2,7.290173305724e-10,7.20364805808e-10,0.988131,83.254868,19.2,D,7.294575102545694e-10,1822.732409431708,32.60722915699808,1083267834.7549307,1083.2678347549308,7,5.5,550.0,6.514156594356944,26.093072562641137,7,5.5,550.0
9.0,V2V,ns_7,ns_6,-55.69,78.69,0.05,True,2,2.697886046452e-09,2.695860116451e-09,0.999249,1330.677819,31.24,D,2.69773943244492e-09,6740.978092066267,38.28722915699807,1271895622.3980844,1271.8956223980845,7,5.5,550.0,6.514156594356944,31.77307256264113,7,5.5,550.0
9.0,V2V,ns_7,ns_8,-58.25,81.25,0.06,True,2,1.495133378215e-09,1.492910891284e-09,0.998514,671.729885,28.27,D,1.496235656094433e-09,3738.719780345909,35.72722915699807,1186871445.6739943,1186.8714456739945,7,5.5,550.0,6.514156594356944,29.213072562641127,7,5.5,550.0
9.0,V2V,ns_7,ns_9,-63.08,86.08,0.05,True,2,4.925738276629e-10,4.907490639083e-10,0.996295,268.938411,24.3,D,4.92039535681451e-10,1229.4840971550502,30.897229156998076,1026501029.7107652,1026.5010297107651,7,5.5,550.0,6.514156594356944,24.383072562641132,6,4.4,440.00000000000006
9.0,V2V,ns_7,ns_10,-66.35,89.35,0.01,True,2,2.320030973925e-10,2.319386968687e-10,0.999722,3601.503268,35.56,D,2.3173946499684802e-10,579.0591329256571,27.627229156998077,918005617.006672,918.005617006672,7,5.5,550.0,6.514156594356944,21.113072562641133,6,4.4,440.00000000000006
9.0,V2V,ns_8,ns_0,-72.55,95.55,0.11,True,2,5.563283875855e-11,3.91830601465e-11,0.704315,2.381981,3.77,D,5.559042572704037e-11,138.90661101209486,21.427229156998074,712832032.5608476,712.8320325608477,6,4.4,440.00000000000006,6.514156594356944,14.91307256264113,4,2.4,240.0
9.0,V2V,ns_8,ns_1,-71.69,94.69,0.12,True,2,6.781457527256e-11,4.7210966792030005e-11,0.696177,2.291393,3.6,D,6.776415076106757e-11,169.32571404564607,22.28722915699808,741215244.467192,741.2152444671921,6,4.4,440.00000000000006,6.514156594356944,15.773072562641136,5,3.3,330.0
9.0,V2V,ns_8,ns_2,-70.44,93.44,0.14,True,2,9.03442825832e-11,5.911466836836e-11,0.654327,1.892904,2.77,D,9.036494737223022e-11,225.79946869622745,23.53722915699808,782527345.0380194,782.5273450380195,6,4.4,440.00000000000006,6.514156594356944,17.023072562641136,5,3.3,330.0
9.0,V2V,ns_8,ns_3,-71.06,94.06,0.03,True,2,7.840260449563e-11,7.786580388437e-11,0.993153,145.055356,21.62,D,7.834296427662121e-11,195.75953092608995,22.917229156998076,762028971.0573677,762.0289710573677,6,4.4,440.00000000000006,6.514156594356944,16.403072562641132,5,3.3,330.0
9.0,V2V,ns_8,ns_4,-67.96,90.96,0.07,True,2,1.600665595648e-10,1.567323181175e-10,0.97917,47.006889,16.72,D,1.599558028614671e-10,399.6896623225064,26.01722915699808,864634147.890844,864.634147890844,7,5.5,550.0,6.514156594356944,19.503072562641137,5,3.3,330.0
9.0,V2V,ns_8,ns_5,-65.2,88.2,0.23,True,2,3.02107886274e-10,2.508407031763e-10,0.830302,4.892812,6.9,D,3.0199517204020126e-10,754.610624788109,28.777229156998068,956149917.7659488,956.1499177659488,7,5.5,550.0,6.514156594356944,22.263072562641124,6,4.4,440.00000000000006
9.0,V2V,ns_8,ns_6,-63.08,86.08,0.05,True,2,4.925737833592e-10,4.907490639083e-10,0.996296,268.94494,24.3,D,4.92039535681451e-10,1229.4840971550502,30.897229156998076,1026501029.7107652,1026.5010297107651,7,5.5,550.0,6.514156594356944,24.383072562641132,6,4.4,440.00000000000006
9.0,V2V,ns_8,ns_7,-58.25,81.25,0.06,True,2,1.495123228336e-09,1.492910891284e-09,0.99852,674.811684,28.29,D,1.496235656094433e-09,3738.719780345909,35.72722915699807,1186871445.6739943,1186.8714456739945,7,5.5,550.0,6.514156594356944,29.213072562641127,7,5.5,550.0
9.0,V2V,ns_8,ns_9,-55.69,78.69,0.05,True,2,2.697885840855e-09,2.695860116451e-09,0.999249,1330.812874,31.24,D,2.69773943244492e-09,6740.978092066267,38.28722915699807,1271895622.3980844,1271.8956223980845,7,5.5,550.0,6.514156594356944,31.77307256264113,7,5.5,550.0
9.0,V2V,ns_8,ns_10,-61.54,84.54,0.29,True,2,7.016883774453e-10,6.319079033698e-10,0.900553,9.055655,9.57,D,7.014552984199712e-10,1752.761865117369,32.43722915699807,1077623714.9127693,1077.6237149127694,7,5.5,550.0,6.514156594356944,25.923072562641128,7,5.5,550.0
9.0,V2V,ns_9,ns_0,-74.39,97.39,0.08,True,2,3.636727471356e-11,3.120533023653e-11,0.858061,6.045267,7.81,D,3.6391503612720705e-11,90.93329238560896,19.58722915699807,652251550.3319254,652.2515503319254,5,3.3,330.0,6.514156594356944,13.07307256264113,4,2.4,240.0
9.0,V2V,ns_9,ns_1,-74.05,97.05,0.06,True,2,3.931928353873e-11,3.682082438884e-11,0.936457,14.737413,11.68,D,3.935500754557781e-11,98.33834968909994,19.927229156998077,663427887.4326816,663.4278874326816,5,3.3,330.0,6.514156594356944,13.413072562641132,4,2.4,240.0
9.0,V2V,ns_9,ns_2,-72.2,95.2,0.12,True,2,6.022409451604001e-11,4.48487421103e-11,0.744698,2.916924,4.65,D,6.025595860743569e-11,150.56461421148347,21.777229156998068,724378915.6604483,724.3789156604483,6,4.4,440.00000000000006,6.514156594356944,15.263072562641124,5,3.3,330.0
9.0,V2V,ns_9,ns_3,-72.04,95.04,0.09,True,2,6.258423000032001e-11,5.6886750423650006e-11,0.908963,9.984547,9.99,D,6.251726927756848e-11,156.21506566109065,21.937229156998068,729659566.5088087,729.6595665088088,6,4.4,440.00000000000006,6.514156594356944,15.423072562641124,5,3.3,330.0
9.0,V2V,ns_9,ns_4,-69.01,92.01,0.16,True,2,1.255057580906e-10,1.017494260549e-10,0.810715,4.283044,6.32,D,1.256029963694873e-10,313.85056564089774,24.967229156998066,829852344.8984246,829.8523448984246,6,4.4,440.00000000000006,6.514156594356944,18.45307256264112,5,3.3,330.0
9.0,V2V,ns_9,ns_5,-67.63,90.63,0.17,True,2,1.725135784666e-10,1.472832532516e-10,0.853749,5.837549,7.66,D,1.7258378919902038e-10,431.24385107201493,26.347229156998075,875570163.0586162,875.5701630586161,7,5.5,550.0,6.514156594356944,19.83307256264113,5,3.3,330.0
9.0,V2V,ns_9,ns_6,-65.35,88.35,0.23,True,2,2.917772216193e-10,2.411121815001e-10,0.826357,4.758946,6.78,D,2.917427014001172e-10,728.992257371607,28.627229156998084,951173735.197173,951.173735197173,7,5.5,550.0,6.514156594356944,22.11307256264114,6,4.4,440.00000000000006
9.0,V2V,ns_9,ns_7,-63.08,86.08,0.05,True,2,4.925594542198e-10,4.907490639083e-10,0.996325,271.073625,24.33,D,4.92039535681451e-10,1229.4840971550502,30.897229156998076,1026501029.7107652,1026.5010297107651,7,5.5,550.0,6.514156594356944,24.383072562641132,6,4.4,440.00000000000006
9.0,V2V,ns_9,ns_8,-55.69,78.69,0.05,True,2,2.697885360091e-09,2.695860116451e-09,0.999249,1331.12879,31.24,D,2.69773943244492e-09,6740.978092066267,38.28722915699807,1271895622.3980844,1271.8956223980845,7,5.5,550.0,6.514156594356944,31.77307256264113,7,5.5,550.0
9.0,V2V,ns_9,ns_10,-56.24,79.24,0.08,True,2,2.379402150381e-09,2.374672300116e-09,0.998012,502.060777,27.01,D,2.3768402866248732e-09,5939.13115098669,37.73722915699807,1253627906.9019663,1253.6279069019663,7,5.5,550.0,6.514156594356944,31.223072562641125,7,5.5,550.0
9.0,V2V,ns_10,ns_0,-73.85,96.85,0.1,True,2,4.1222554356250006e-11,2.5116805231140003e-11,0.609298,1.559493,1.93,D,4.1209751909733035e-11,102.97289332766876,20.127229156998077,670006364.3534993,670.0063643534993,6,4.4,440.00000000000006,6.514156594356944,13.613072562641133,4,2.4,240.0
9.0,V2V,ns_10,ns_1,-73.32,96.32,0.1,True,2,4.6513543118670006e-11,2.911775264215e-11,0.626006,1.673839,2.24,D,4.6558609352296007e-11,116.3383542036382,20.657229156998085,687453085.1692097,687.4530851692098,6,4.4,440.00000000000006,6.514156594356944,14.14307256264114,4,2.4,240.0
9.0,V2V,ns_10,ns_2,-72.5,95.5,0.11,True,2,5.618343712409e-11,3.466593282495e-11,0.617013,1.611057,2.07,D,5.6234132519034906e-11,140.51507376070688,21.47722915699807,714481192.2560322,714.4811922560323,6,4.4,440.00000000000006,6.514156594356944,14.96307256264113,4,2.4,240.0
9.0,V2V,ns_10,ns_3,-73.52,96.52,0.05,True,2,4.446704269044001e-11,4.2659484702080005e-11,0.959351,23.600618,13.73,D,4.4463126746910924e-11,111.1022657344101,20.45722915699808,680867162.6979297,680.8671626979298,6,4.4,440.00000000000006,6.514156594356944,13.943072562641138,4,2.4,240.0
9.0,V2V,ns_10,ns_4,-71.47,94.47,0.05,True,2,7.133945408340001e-11,6.984246052233001e-11,0.979016,46.655151,16.69,D,7.128530301265191e-11,178.1241954339128,22.507229156998072,748481641.4172204,748.4816414172203,6,4.4,440.00000000000006,6.514156594356944,15.993072562641128,5,3.3,330.0
9.0,V2V,ns_10,ns_5,-70.14,93.14,0.06,True,2,9.673689865351e-11,9.440574057321e-11,0.975902,40.497357,16.07,D,9.682778562612485e-11,241.94848982040193,23.83722915699807,792450665.4395436,792.4506654395436,6,4.4,440.00000000000006,6.514156594356944,17.323072562641126,5,3.3,330.0
9.0,V2V,ns_10,ns_6,-67.21,90.21,0.21,True,2,1.899878612959e-10,1.386637756035e-10,0.729856,2.701729,4.32,D,1.9010782799233035e-10,475.0320539538489,26.767229156998084,889491491.1466104,889.4914911466104,7,5.5,550.0,6.514156594356944,20.25307256264114,6,4.4,440.00000000000006
9.0,V2V,ns_10,ns_7,-66.35,89.35,0.01,True,2,2.320030898156e-10,2.319386968687e-10,0.999722,3601.927042,35.57,D,2.3173946499684802e-10,579.0591329256571,27.627229156998077,918005617.006672,918.005617006672,7,5.5,550.0,6.514156594356944,21.113072562641133,6,4.4,440.00000000000006
9.0,V2V,ns_10,ns_8,-61.54,84.54,0.29,True,2,7.016907033908e-10,6.319079033698e-10,0.90055,9.055353,9.57,D,7.014552984199712e-10,1752.761865117369,32.43722915699807,1077623714.9127693,1077.6237149127694,7,5.5,550.0,6.514156594356944,25.923072562641128,7,5.5,550.0
9.0,V2V,ns_10,ns_9,-56.24,79.24,0.08,True,2,2.379401483402e-09,2.374672300116e-09,0.998012,502.131585,27.01,D,2.3768402866248732e-09,5939.13115098669,37.73722915699807,1253627906.9019663,1253.6279069019663,7,5.5,550.0,6.514156594356944,31.223072562641125,7,5.5,550.0
9.0,V2V,wn_0,we_0,-63.18,86.18,0.27,True,2,4.812423709744e-10,4.183508877309e-10,0.869314,6.651948,8.23,D,4.80839348449729e-10,1201.4976223131655,30.79722915699808,1023181832.6033376,1023.1818326033376,7,5.5,550.0,6.514156594356944,24.283072562641134,6,4.4,440.00000000000006
9.0,V2V,wn_0,we_1,-60.9,83.9,0.28,True,2,8.123921397645e-10,7.529541815897e-10,0.926836,12.667901,11.03,D,8.128305161640994e-10,2031.0607600302335,33.07722915699807,1098872782.5002367,1098.8727825002368,7,5.5,550.0,6.514156594356944,26.56307256264113,7,5.5,550.0
9.0,V2V,wn_0,we_2,-57.13,80.13,0.09,True,2,1.938508705529e-09,1.933341469872e-09,0.997334,374.153919,25.73,D,1.9364219639466068e-09,4838.635592070481,36.847229156998075,1224068270.6272476,1224.0682706272476,7,5.5,550.0,6.514156594356944,30.33307256264113,7,5.5,550.0
9.0,V2V,wn_0,we_3,-47.75,70.75,0.73,True,2,1.677617597028e-08,1.624928720743e-08,0.968593,30.840072,14.89,D,1.6788040181225588e-08,41949.12589011891,46.22722915699807,1535638751.9672897,1535.6387519672896,7,5.5,550.0,6.514156594356944,39.71307256264113,7,5.5,550.0
9.0,V2V,wn_0,we_4,-58.57,81.57,0.05,True,2,1.39048667747e-09,1.388599015408e-09,0.998642,735.618437,28.67,D,1.3899526312133524e-09,3473.145005530616,35.40722915699807,1176244225.5864694,1176.2442255864694,7,5.5,550.0,6.514156594356944,28.893072562641127,7,5.5,550.0
9.0,V2V,wn_0,we_5,-62.33,85.33,0.13,True,2,5.843898522425e-10,5.723300284989e-10,0.979363,47.457578,16.76,D,5.847900841444812e-10,1461.2445880671692,31.64722915699808,1051396893.4172796,1051.3968934172797,7,5.5,550.0,6.514156594356944,25.133072562641136,7,5.5,550.0
9.0,V2V,wn_0,we_6,-64.47,87.47,0.25,True,2,3.57242474285e-10,2.969384835421e-10,0.831196,4.924027,6.92,D,3.572728381519289e-10,892.735727516064,29.507229156998072,980370448.7665048,980.3704487665048,7,5.5,550.0,6.514156594356944,22.993072562641128,6,4.4,440.00000000000006
9.0,V2V,wn_0,we_7,-66.56,89.56,0.21,True,2,2.20673464555e-10,1.75303120866e-10,0.794401,3.863826,5.87,D,2.2080047330188966e-10,551.7253205944269,27.41722915699807,911041889.4346472,911.0418894346474,7,5.5,550.0,6.514156594356944,20.903072562641125,6,4.4,440.00000000000006
9.0,V2V,wn_0,we_8,-70.21,93.21,0.01,True,2,9.531728325407e-11,9.521361896658e-11,0.998912,918.480426,29.63,D,9.527961640236539e-11,238.08000100541076,23.767229156998084,790134964.3717892,790.1349643717892,6,4.4,440.00000000000006,6.514156594356944,17.25307256264114,5,3.3,330.0
9.0,V2V,wn_0,we_9,-71.32,94.32,0.08,True,2,7.383470709744e-11,6.946679263904e-11,0.940842,15.903881,12.02,D,7.379042301291015e-11,184.3838655994756,22.65722915699808,753437187.8007197,753.4371878007197,6,4.4,440.00000000000006,6.514156594356944,16.143072562641134,5,3.3,330.0
9.0,V2V,wn_0,we_10,-71.06,94.06,0.13,True,2,7.833889842405e-11,5.1951193818930006e-11,0.66316,1.968765,2.94,D,7.834296427662121e-11,195.75953092608995,22.917229156998076,762028971.0573677,762.0289710573677,6,4.4,440.00000000000006,6.514156594356944,16.403072562641132,5,3.3,330.0
9.0,V2V,wn_0,we_11,-72.13,95.13,0.12,True,2,6.123899036322001e-11,3.9674524117440006e-11,0.647864,1.83981,2.65,D,6.123503917247746e-11,153.01109238500112,21.847229156998083,726689045.2074949,726.6890452074948,6,4.4,440.00000000000006,6.514156594356944,15.33307256264114,5,3.3,330.0
9.0,V2V,wn_0,wn_1,-56.03,79.03,0.06,True,2,2.496881718941e-09,2.494351897082e-09,0.998987,985.979265,29.94,D,2.494594726942956e-09,6233.370132291243,37.94722915699808,1260602809.444882,1260.6028094448818,7,5.5,550.0,6.514156594356944,31.433072562641133,7,5.5,550.0
9.0,V2V,wn_0,wn_2,-62.1,85.1,0.25,True,2,6.161933616589e-10,5.686049271448e-10,0.92277,11.948385,10.77,D,6.165950018614822e-10,1540.7171460806649,31.877229156998077,1059032238.7542622,1059.0322387542622,7,5.5,550.0,6.514156594356944,25.363072562641133,7,5.5,550.0
9.0,V2V,wn_0,wn_3,-66.43,89.43,0.22,True,2,2.275744589271e-10,1.746185175826e-10,0.767303,3.29743,5.18,D,2.2750974307720667e-10,568.4901126366983,27.547229156998068,915352698.4168464,915.3526984168464,7,5.5,550.0,6.514156594356944,21.033072562641124,6,4.4,440.00000000000006
9.0,V2V,wn_0,wn_4,-69.6,92.6,0.09,True,2,1.095802268202e-10,1.029943274503e-10,0.939899,15.638612,11.94,D,1.0964781961431874e-10,273.98255775691837,24.377229156998084,810319630.0646005,810.3196300646005,6,4.4,440.00000000000006,6.514156594356944,17.86307256264114,5,3.3,330.0
9.0,V2V,wn_0,wn_5,-70.17,93.17,0.15,True,2,9.61134580445e-11,6.578990481171e-11,0.684503,2.169597,3.36,D,9.616122783836638e-11,240.28292813185,23.80722915699807,791458203.168221,791.458203168221,6,4.4,440.00000000000006,6.514156594356944,17.293072562641125,5,3.3,330.0
9.0,V2V,wn_0,wn_6,-73.44,96.44,0.05,True,2,4.526107149764e-11,4.365462939565e-11,0.964507,27.174729,14.34,D,4.5289757990362126e-11,113.16781107037012,20.53722915699808,683501213.8591897,683.5012138591898,6,4.4,440.00000000000006,6.514156594356944,14.023072562641136,4,2.4,240.0
9.0,V2V,wn_1,we_0,-65.65,88.65,0.24,True,2,2.719763758366e-10,2.106260806757e-10,0.774428,3.433171,5.36,D,2.72270130807791e-10,680.3351594397576,28.327229156998072,941222084.6915808,941.2220846915808,7,5.5,550.0,6.514156594356944,21.81307256264113,6,4.4,440.00000000000006
9.0,V2V,wn_1,we_1,-64.19,87.19,0.27,True,2,3.812210116447e-10,3.137951641623e-10,0.823132,4.65393,6.68,D,3.8106582339377337e-10,952.1884642523072,29.78722915699808,989661768.1518294,989.6617681518294,7,5.5,550.0,6.514156594356944,23.273072562641136,6,4.4,440.00000000000006
9.0,V2V,wn_1,we_2,-62.31,85.31,0.23,True,2,5.874244260747e-10,5.474340385624e-10,0.931922,13.689141,11.36,D,5.874893525297768e-10,1467.9893866311263,31.667229156998076,1052060825.7200288,1052.0608257200288,7,5.5,550.0,6.514156594356944,25.153072562641132,7,5.5,550.0
9.0,V2V,wn_1,we_3,-58.74,81.74,0.24,True,2,1.336789776256e-09,1.296550055696e-09,0.969898,32.220653,15.08,D,1.3365955165464403e-09,3339.818881925138,35.23722915699807,1170598605.5652463,1170.5986055652463,7,5.5,550.0,6.514156594356944,28.723072562641125,7,5.5,550.0
9.0,V2V,wn_1,we_4,-46.7,69.7,0.48,True,2,2.135577182959e-08,2.111788502559e-08,0.988861,88.772831,19.48,D,2.1379620895022322e-08,53422.34106702229,47.277229156998075,1570518258.371597,1570.518258371597,7,5.5,550.0,6.514156594356944,40.76307256264113,7,5.5,550.0
9.0,V2V,wn_1,we_5,-56.75,79.75,0.11,True,2,2.114499990936e-09,2.106512673423e-09,0.996223,263.732182,24.21,D,2.1134890398366473e-09,5281.082058562338,37.22722915699808,1236689099.8995826,1236.6890998995823,7,5.5,550.0,6.514156594356944,30.713072562641138,7,5.5,550.0
9.0,V2V,wn_1,we_6,-61.6,84.6,0.02,True,2,6.92373631063e-10,6.920684608087e-10,0.999559,2267.811004,33.56,D,6.918309709189362e-10,1728.7130707619594,32.37722915699807,1075631702.4419713,1075.6317024419714,7,5.5,550.0,6.514156594356944,25.86307256264113,7,5.5,550.0
9.0,V2V,wn_1,we_7,-64.82,87.82,0.09,True,2,3.295895128004e-10,3.245792663485e-10,0.984799,64.783094,18.11,D,3.296097121774582e-10,823.6124742065423,29.15722915699808,968757247.5327404,968.7572475327404,7,5.5,550.0,6.514156594356944,22.643072562641137,6,4.4,440.00000000000006
9.0,V2V,wn_1,we_8,-67.72,90.72,0.16,True,2,1.689875060512e-10,1.470654339963e-10,0.870274,6.708555,8.27,D,1.690440931643263e-10,422.3990333941187,26.257229156998072,872587416.5499294,872.5874165499293,7,5.5,550.0,6.514156594356944,19.743072562641128,5,3.3,330.0
9.0,V2V,wn_1,we_9,-68.45,91.45,0.18,True,2,1.42862353617e-10,1.000838054277e-10,0.700561,2.339579,3.69,D,1.4288939585111007e-10,357.04496714420304,25.527229156998068,848399697.7828486,848.3996977828486,7,5.5,550.0,6.514156594356944,19.013072562641124,5,3.3,330.0
9.0,V2V,wn_1,we_10,-71.36,94.36,0.06,True,2,7.318947753661001e-11,7.095290011767e-11,0.969441,31.723874,15.01,D,7.311390834834173e-11,182.69342415877492,22.61722915699807,752115617.167674,752.1156171676739,6,4.4,440.00000000000006,6.514156594356944,16.103072562641128,5,3.3,330.0
9.0,V2V,wn_1,we_11,-71.06,94.06,0.13,True,2,7.838130816313e-11,5.195245647504e-11,0.662817,1.965748,2.94,D,7.834296427662121e-11,195.75953092608995,22.917229156998076,762028971.0573677,762.0289710573677,6,4.4,440.00000000000006,6.514156594356944,16.403072562641132,5,3.3,330.0
9.0,V2V,wn_1,wn_0,-56.03,79.03,0.06,True,2,2.496881235927e-09,2.494351897082e-09,0.998987,986.167552,29.94,D,2.494594726942956e-09,6233.370132291243,37.94722915699808,1260602809.444882,1260.6028094448818,7,5.5,550.0,6.514156594356944,31.433072562641133,7,5.5,550.0
9.0,V2V,wn_1,wn_2,-56.81,79.81,0.07,True,2,2.085304715085e-09,2.082338258227e-09,0.998577,701.961417,28.46,D,2.0844908830972888e-09,5208.622896295074,37.16722915699808,1234696323.0038202,1234.6963230038202,7,5.5,550.0,6.514156594356944,30.653072562641132,7,5.5,550.0
9.0,V2V,wn_1,wn_3,-64.91,87.91,0.02,True,2,3.231090304192e-10,3.228687217459e-10,0.999256,1343.558338,31.28,D,3.228494121712638e-10,806.7201703429879,29.06722915699808,965771175.6536932,965.7711756536931,7,5.5,550.0,6.514156594356944,22.553072562641137,6,4.4,440.00000000000006
9.0,V2V,wn_1,wn_4,-66.63,89.63,0.22,True,2,2.173446350844e-10,1.622245620808e-10,0.746393,2.943112,4.69,D,2.1727011788637477e-10,542.9038427945396,27.347229156998083,908720780.8556516,908.7207808556516,7,5.5,550.0,6.514156594356944,20.83307256264114,6,4.4,440.00000000000006
9.0,V2V,wn_1,wn_5,-69.91,92.91,0.1,True,2,1.021025384974e-10,9.377596314729e-11,0.918449,11.262249,10.52,D,1.0209394837076808e-10,255.10731726828604,24.06722915699808,800060466.2686135,800.0604662686135,6,4.4,440.00000000000006,6.514156594356944,17.553072562641134,5,3.3,330.0
9.0,V2V,wn_1,wn_6,-71.06,94.06,0.13,True,2,7.840823098195001e-11,5.798075333767001e-11,0.739473,2.838371,4.53,D,7.834296427662121e-11,195.75953092608995,22.917229156998076,762028971.0573677,762.0289710573677,6,4.4,440.00000000000006,6.514156594356944,16.403072562641132,5,3.3,330.0
9.0,V2V,wn_2,we_0,-68.46,91.46,0.15,True,2,1.426189005043e-10,1.212558680587e-10,0.850209,5.675967,7.54,D,1.425607593602191e-10,356.22378650729405,25.517229156998084,848068433.8356937,848.0684338356937,7,5.5,550.0,6.514156594356944,19.00307256264114,5,3.3,330.0
9.0,V2V,wn_2,we_1,-66.71,89.71,0.21,True,2,2.133034986585e-10,1.628605752557e-10,0.763516,3.228611,5.09,D,2.1330449131465792e-10,532.9947309211842,27.26722915699808,906068169.627298,906.068169627298,7,5.5,550.0,6.514156594356944,20.753072562641137,6,4.4,440.00000000000006
9.0,V2V,wn_2,we_2,-65.16,88.16,0.25,True,2,3.046642720229e-10,2.392908775893e-10,0.785425,3.660371,5.64,D,3.0478949896279827e-10,761.5929509315299,28.81722915699807,957476938.5272104,957.4769385272105,7,5.5,550.0,6.514156594356944,22.30307256264113,6,4.4,440.00000000000006
9.0,V2V,wn_2,we_3,-63.4,86.4,0.25,True,2,4.57465509701e-10,4.053189918422e-10,0.88601,7.772695,8.91,D,4.5708818961487517e-10,1142.149399337519,30.577229156998076,1015879824.779306,1015.879824779306,7,5.5,550.0,6.514156594356944,24.063072562641132,6,4.4,440.00000000000006
9.0,V2V,wn_2,we_4,-53.6,76.6,0.15,True,2,4.362553966788e-09,4.345851099003e-09,0.996171,260.185925,24.15,D,4.365158322401656e-09,10907.442084961658,40.37722915699807,1341315745.4007468,1341.315745400747,7,5.5,550.0,6.514156594356944,33.86307256264112,7,5.5,550.0
9.0,V2V,wn_2,we_5,-30.31,53.31,0.03,True,2,9.302982639868e-07,9.302887017107e-07,0.99999,97287.37083,49.88,D,9.31107875467831e-07,2326606.385476839,63.66722915699808,2114979634.611181,2114.979634611181,7,5.5,550.0,6.514156594356944,57.15307256264113,7,5.5,550.0
9.0,V2V,wn_2,we_6,-54.14,77.14,0.09,True,2,3.856949929547e-09,3.851618964981e-09,0.998618,722.49945,28.59,D,3.854783576657721e-09,9632.142870209196,39.83722915699808,1323379084.7375588,1323.3790847375587,7,5.5,550.0,6.514156594356944,33.32307256264113,7,5.5,550.0
9.0,V2V,wn_2,we_7,-60.3,83.3,0.25,True,2,9.330662611713e-10,8.860120852558e-10,0.94957,18.829616,12.75,D,9.332543007969922e-10,2331.969767108926,33.67722915699808,1118795189.6259966,1118.7951896259965,7,5.5,550.0,6.514156594356944,27.163072562641137,7,5.5,550.0
9.0,V2V,wn_2,we_8,-65.33,88.33,0.16,True,2,2.927838049804e-10,2.727824322394e-10,0.931686,13.638186,11.35,D,2.9308932452503244e-10,732.3571327462079,28.64722915699808,951837212.7787848,951.8372127787848,7,5.5,550.0,6.514156594356944,22.133072562641136,6,4.4,440.00000000000006
9.0,V2V,wn_2,we_9,-67.04,90.04,0.19,True,2,1.975039657925e-10,1.641790872873e-10,0.83127,4.926622,6.93,D,1.976969640111858e-10,493.9954123218035,26.937229156998068,895127134.3954337,895.1271343954337,7,5.5,550.0,6.514156594356944,20.423072562641124,6,4.4,440.00000000000006
9.0,V2V,wn_2,we_10,-68.75,91.75,0.16,True,2,1.332538784169e-10,1.067130822961e-10,0.800825,4.020719,6.04,D,1.3335214321633238e-10,333.21375116524837,25.22722915699807,838462728.3825454,838.4627283825454,7,5.5,550.0,6.514156594356944,18.71307256264113,5,3.3,330.0
9.0,V2V,wn_2,we_11,-69.79,92.79,0.15,True,2,1.049278056193e-10,7.327115889205001e-11,0.698301,2.314558,3.64,D,1.0495424286523197e-10,262.25447992311837,24.187229156998065,804031427.2242707,804.0314272242707,6,4.4,440.00000000000006,6.514156594356944,17.67307256264112,5,3.3,330.0
9.0,V2V,wn_2,wn_0,-62.1,85.1,0.25,True,2,6.161049978828e-10,5.686049271448e-10,0.922903,11.970612,10.78,D,6.165950018614822e-10,1540.7171460806649,31.877229156998077,1059032238.7542622,1059.0322387542622,7,5.5,550.0,6.514156594356944,25.363072562641133,7,5.5,550.0
9.0,V2V,wn_2,wn_1,-56.81,79.81,0.07,True,2,2.085303664256e-09,2.082338258227e-09,0.998578,702.210165,28.46,D,2.0844908830972888e-09,5208.622896295074,37.16722915699808,1234696323.0038202,1234.6963230038202,7,5.5,550.0,6.514156594356944,30.653072562641132,7,5.5,550.0
9.0,V2V,wn_2,wn_3,-60.55,83.55,0.07,True,2,8.820064811081e-10,8.785042877073e-10,0.996029,250.844025,23.99,D,8.810488730080146e-10,2201.521421809132,33.42722915699808,1110494033.558417,1110.4940335584172,7,5.5,550.0,6.514156594356944,26.913072562641137,7,5.5,550.0
9.0,V2V,wn_2,wn_4,-64.39,87.39,0.24,True,2,3.642592924346e-10,3.121648757544e-10,0.856985,5.99229,7.78,D,3.63915036127207e-10,909.3329238560896,29.58722915699807,983025044.9105,983.0250449105,7,5.5,550.0,6.514156594356944,23.07307256264113,6,4.4,440.00000000000006
9.0,V2V,wn_2,wn_5,-66.93,89.93,0.21,True,2,2.026181937751e-10,1.511028765993e-10,0.745752,2.933164,4.67,D,2.0276827195212796e-10,506.6673462072162,27.04722915699807,898773965.6893762,898.7739656893763,7,5.5,550.0,6.514156594356944,20.533072562641127,6,4.4,440.00000000000006
9.0,V2V,wn_2,wn_6,-69.42,92.42,0.16,True,2,1.143366565494e-10,8.353208948639001e-11,0.73058,2.711679,4.33,D,1.1428783347897712e-10,285.5767952997929,24.557229156998073,816277798.6181343,816.2777986181343,6,4.4,440.00000000000006,6.514156594356944,18.04307256264113,5,3.3,330.0
9.0,V2V,wn_3,we_0,-71.12,94.12,0.12,True,2,7.732100930657001e-11,6.446646399094e-11,0.833751,5.015072,7.0,D,7.726805850957022e-11,193.07360946919093,22.857229156998073,760046014.0508099,760.0460140508098,6,4.4,440.00000000000006,6.514156594356944,16.34307256264113,5,3.3,330.0
9.0,V2V,wn_3,we_1,-70.45,93.45,0.11,True,2,9.021036834948e-11,7.958755732897001e-11,0.882244,7.492137,8.75,D,9.01571137605957e-11,225.28014432932457,23.527229156998075,782196618.607028,782.196618607028,6,4.4,440.00000000000006,6.514156594356944,17.01307256264113,5,3.3,330.0
9.0,V2V,wn_3,we_2,-69.72,92.72,0.07,True,2,1.067729618932e-10,1.033260183503e-10,0.967717,29.976127,14.77,D,1.0665961212302588e-10,266.51577242135403,24.25722915699808,806348014.3431534,806.3480143431534,6,4.4,440.00000000000006,6.514156594356944,17.743072562641135,5,3.3,330.0
9.0,V2V,wn_3,we_3,-68.32,91.32,0.07,True,2,1.4721295778e-10,1.437665676876e-10,0.976589,41.715118,16.2,D,1.4723125024327224e-10,367.8941785189211,25.657229156998085,852706321.1965082,852.7063211965082,7,5.5,550.0,6.514156594356944,19.14307256264114,5,3.3,330.0
9.0,V2V,wn_3,we_4,-63.16,86.16,0.27,True,2,4.833283619417e-10,4.185830835445e-10,0.866043,6.465075,8.11,D,4.830588020397728e-10,1207.0434833577533,30.81722915699807,1023845666.9867748,1023.8456669867746,7,5.5,550.0,6.514156594356944,24.30307256264113,6,4.4,440.00000000000006
9.0,V2V,wn_3,we_5,-60.48,83.48,0.19,True,2,8.961001704119e-10,8.700055044772e-10,0.97088,33.340358,15.23,D,8.953647655495936e-10,2237.293267240364,33.497229156998074,1112818335.916879,1112.818335916879,7,5.5,550.0,6.514156594356944,26.98307256264113,7,5.5,550.0
9.0,V2V,wn_3,we_6,-54.95,77.95,0.02,True,2,3.202110302814e-09,3.201941369862e-09,0.999947,18953.918269,42.78,D,3.198895109691397e-09,7993.241153651667,39.027229156998075,1296474537.8302329,1296.4745378302327,7,5.5,550.0,6.514156594356944,32.51307256264113,7,5.5,550.0
9.0,V2V,wn_3,we_7,-27.53,50.53,0.04,True,2,1.766459893529e-06,1.766417261424e-06,0.999976,41433.967696,46.17,D,1.766037820686164e-06,4412888.107661579,66.44722915699808,2207329206.3332653,2207.329206333265,7,5.5,550.0,6.514156594356944,59.93307256264113,7,5.5,550.0
9.0,V2V,wn_3,we_8,-58.54,81.54,0.1,True,2,1.398147671582e-09,1.391163846554e-09,0.995005,199.197981,22.99,D,1.3995873225726181e-09,3497.2196965832527,35.43722915699807,1177240518.1474018,1177.240518147402,7,5.5,550.0,6.514156594356944,28.923072562641128,7,5.5,550.0
9.0,V2V,wn_3,we_9,-62.91,85.91,0.05,True,2,5.111458729924e-10,5.094136022593e-10,0.996611,294.072741,24.68,D,5.116818355403082e-10,1278.5653061976718,31.06722915699808,1032143806.5898898,1032.1438065898897,7,5.5,550.0,6.514156594356944,24.553072562641137,6,4.4,440.00000000000006
9.0,V2V,wn_3,we_10,-65.1,88.1,0.24,True,2,3.09349390756e-10,2.514339300305e-10,0.812783,4.341396,6.38,D,3.0902954325135917e-10,772.1877642462747,28.877229156998077,959467499.6748476,959.4674996748478,7,5.5,550.0,6.514156594356944,22.363072562641133,6,4.4,440.00000000000006
9.0,V2V,wn_3,we_11,-68.39,91.39,0.02,True,2,1.450377220784e-10,1.448596291475e-10,0.998772,813.393482,29.1,D,1.4487718535447602e-10,362.01195740748625,25.58722915699807,850387326.0332837,850.3873260332837,7,5.5,550.0,6.514156594356944,19.073072562641126,5,3.3,330.0
9.0,V2V,wn_3,wn_0,-66.43,89.43,0.22,True,2,2.275709810848e-10,1.746185175826e-10,0.767315,3.297647,5.18,D,2.2750974307720667e-10,568.4901126366983,27.547229156998068,915352698.4168464,915.3526984168464,7,5.5,550.0,6.514156594356944,21.033072562641124,6,4.4,440.00000000000006
9.0,V2V,wn_3,wn_1,-64.91,87.91,0.02,True,2,3.231194782236e-10,3.228687217459e-10,0.999224,1287.578789,31.1,D,3.228494121712638e-10,806.7201703429879,29.06722915699808,965771175.6536932,965.7711756536931,7,5.5,550.0,6.514156594356944,22.553072562641137,6,4.4,440.00000000000006
9.0,V2V,wn_3,wn_2,-60.55,83.55,0.07,True,2,8.820062166703e-10,8.785042877073e-10,0.99603,250.862966,23.99,D,8.810488730080146e-10,2201.521421809132,33.42722915699808,1110494033.558417,1110.4940335584172,7,5.5,550.0,6.514156594356944,26.913072562641137,7,5.5,550.0
9.0,V2V,wn_3,wn_4,-57.15,80.15,0.14,True,2,1.927294804962e-09,1.913547275186e-09,0.992867,139.192081,21.44,D,1.9275249131909366e-09,4816.404080936873,36.82722915699807,1223404022.6048813,1223.4040226048812,7,5.5,550.0,6.514156594356944,30.31307256264113,7,5.5,550.0
9.0,V2V,wn_3,wn_5,-62.91,85.91,0.28,True,2,5.11650646771e-10,4.411221154044e-10,0.862155,6.25452,7.96,D,5.116818355403082e-10,1278.5653061976718,31.06722915699808,1032143806.5898898,1032.1438065898897,7,5.5,550.0,6.514156594356944,24.553072562641137,6,4.4,440.00000000000006
9.0,V2V,wn_3,wn_6,-66.43,89.43,0.22,True,2,2.275710087746e-10,1.746185175826e-10,0.767314,3.297645,5.18,D,2.2750974307720667e-10,568.4901126366983,27.547229156998068,915352698.4168464,915.3526984168464,7,5.5,550.0,6.514156594356944,21.033072562641124,6,4.4,440.00000000000006
9.0,V2V,wn_4,we_0,-71.41,94.41,0.13,True,2,7.235098440517001e-11,4.6022884921700005e-11,0.636106,1.748052,2.43,D,7.227698036021703e-11,180.60214982562977,22.56722915699807,750463747.1282498,750.4637471282498,6,4.4,440.00000000000006,6.514156594356944,16.05307256264113,5,3.3,330.0
9.0,V2V,wn_4,we_1,-72.14,95.14,0.09,True,2,6.115544946283e-11,5.4909602628440005e-11,0.897869,8.791378,9.44,D,6.109420249055714e-11,152.65917663807377,21.83722915699807,726359011.807826,726.359011807826,6,4.4,440.00000000000006,6.514156594356944,15.323072562641126,5,3.3,330.0
9.0,V2V,wn_4,we_2,-70.4,93.4,0.14,True,2,9.128434113487e-11,6.803642478222001e-11,0.745324,2.92656,4.66,D,9.120108393559078e-11,227.8887654562488,23.577229156998065,783850284.2627612,783.8502842627612,6,4.4,440.00000000000006,6.514156594356944,17.06307256264112,5,3.3,330.0
9.0,V2V,wn_4,we_3,-69.6,92.6,0.15,True,2,1.095611180706e-10,8.856693627287e-11,0.808379,4.218642,6.25,D,1.0964781961431874e-10,273.98255775691837,24.377229156998084,810319630.0646005,810.3196300646005,6,4.4,440.00000000000006,6.514156594356944,17.86307256264114,5,3.3,330.0
9.0,V2V,wn_4,we_4,-66.7,89.7,0.16,True,2,2.139843624308e-10,1.943367313835e-10,0.908182,9.891102,9.95,D,2.1379620895022322e-10,534.223410670223,27.277229156998075,906399741.0610558,906.3997410610558,7,5.5,550.0,6.514156594356944,20.76307256264113,6,4.4,440.00000000000006
9.0,V2V,wn_4,we_5,-64.69,87.69,0.19,True,2,3.393827518326e-10,3.104254451242e-10,0.914677,10.720108,10.3,D,3.3962527259040885e-10,848.6388620449997,29.28722915699808,973070594.5555872,973.0705945555871,7,5.5,550.0,6.514156594356944,22.773072562641136,6,4.4,440.00000000000006
9.0,V2V,wn_4,we_6,-61.68,84.68,0.29,True,2,6.799144321201e-10,6.090548024158e-10,0.895782,8.59523,9.34,D,6.792036326171843e-10,1697.1605012923146,32.29722915699807,1072975710.6023872,1072.9757106023872,7,5.5,550.0,6.514156594356944,25.783072562641127,7,5.5,550.0
9.0,V2V,wn_4,we_7,-57.22,80.22,0.12,True,2,1.896806728469e-09,1.886463168662e-09,0.994547,182.380457,22.61,D,1.896705921211148e-09,4739.395105475133,36.75722915699808,1221079159.5463655,1221.0791595463654,7,5.5,550.0,6.514156594356944,30.243072562641135,7,5.5,550.0
9.0,V2V,wn_4,we_8,-41.91,64.91,0.85,True,2,6.439357776494e-08,6.313834323497e-08,0.980507,50.300037,17.02,D,6.441692655151776e-08,160961.8354610638,52.067229156998074,1729636809.8892596,1729.6368098892597,7,5.5,550.0,6.514156594356944,45.553072562641134,7,5.5,550.0
9.0,V2V,wn_4,we_9,-56.62,79.62,0.06,True,2,2.176010007249e-09,2.173888358015e-09,0.999025,1024.621942,30.11,D,2.177709772353159e-09,5441.55365405587,37.35722915699807,1241006800.9594407,1241.0068009594406,7,5.5,550.0,6.514156594356944,30.84307256264113,7,5.5,550.0
9.0,V2V,wn_4,we_10,-62.04,85.04,0.1,True,2,6.24797660436e-10,6.186438116675e-10,0.990151,100.529577,20.02,D,6.251726927756861e-10,1562.15065661091,31.93722915699808,1061024111.678784,1061.024111678784,7,5.5,550.0,6.514156594356944,25.423072562641135,7,5.5,550.0
9.0,V2V,wn_4,we_11,-65.59,88.59,0.01,True,2,2.757734726501e-10,2.757015381084e-10,0.999739,3832.672475,35.84,D,2.760577856220345e-10,689.7995642729496,28.387229156998075,943212336.265104,943.212336265104,7,5.5,550.0,6.514156594356944,21.87307256264113,6,4.4,440.00000000000006
9.0,V2V,wn_4,wn_0,-69.6,92.6,0.09,True,2,1.0957985993e-10,1.029943274503e-10,0.939902,15.639484,11.94,D,1.0964781961431874e-10,273.98255775691837,24.377229156998084,810319630.0646005,810.3196300646005,6,4.4,440.00000000000006,6.514156594356944,17.86307256264114,5,3.3,330.0
9.0,V2V,wn_4,wn_1,-66.63,89.63,0.22,True,2,2.173409911032e-10,1.622245620808e-10,0.746406,2.943307,4.69,D,2.1727011788637477e-10,542.9038427945396,27.347229156998083,908720780.8556516,908.7207808556516,7,5.5,550.0,6.514156594356944,20.83307256264114,6,4.4,440.00000000000006
9.0,V2V,wn_4,wn_2,-64.39,87.39,0.24,True,2,3.642556816812e-10,3.121648757544e-10,0.856994,5.992706,7.78,D,3.63915036127207e-10,909.3329238560896,29.58722915699807,983025044.9105,983.0250449105,7,5.5,550.0,6.514156594356944,23.07307256264113,6,4.4,440.00000000000006
9.0,V2V,wn_4,wn_3,-57.15,80.15,0.14,True,2,1.927293464775e-09,1.913547275186e-09,0.992868,139.205651,21.44,D,1.9275249131909366e-09,4816.404080936873,36.82722915699807,1223404022.6048813,1223.4040226048812,7,5.5,550.0,6.514156594356944,30.31307256264113,7,5.5,550.0
9.0,V2V,wn_4,wn_5,-57.8,80.8,0.19,True,2,1.658422282905e-09,1.632191695917e-09,0.984183,62.224749,17.94,D,1.659586907437563e-09,4146.893821683066,36.17722915699808,1201816324.8993585,1201.8163248993585,7,5.5,550.0,6.514156594356944,29.663072562641137,7,5.5,550.0
9.0,V2V,wn_4,wn_6,-64.4,87.4,0.08,True,2,3.629699454056e-10,3.584941430742e-10,0.987669,80.096062,19.04,D,3.63078054770101e-10,907.2415161671688,29.577229156998072,982693217.434533,982.693217434533,7,5.5,550.0,6.514156594356944,23.06307256264113,6,4.4,440.00000000000006
9.0,V2V,wn_5,we_0,-73.12,96.12,0.11,True,2,4.876605655224e-11,3.374084062479e-11,0.691892,2.245614,3.51,D,4.875284901033861e-11,121.82121191988657,20.857229156998073,694041593.3617002,694.0415933617002,6,4.4,440.00000000000006,6.514156594356944,14.34307256264113,4,2.4,240.0
9.0,V2V,wn_5,we_1,-72.52,95.52,0.11,True,2,5.598980354817e-11,3.920866216057e-11,0.700282,2.336472,3.69,D,5.5975760149511046e-11,139.86946564095712,21.457229156998075,713821512.1917132,713.8215121917132,6,4.4,440.00000000000006,6.514156594356944,14.943072562641133,4,2.4,240.0
9.0,V2V,wn_5,we_2,-71.52,94.52,0.13,True,2,7.042060749678001e-11,4.6922217275780005e-11,0.666314,1.996827,3.0,D,7.04693068967148e-11,176.08522462947226,22.45722915699808,746830003.3467919,746.8300033467918,6,4.4,440.00000000000006,6.514156594356944,15.943072562641138,5,3.3,330.0
9.0,V2V,wn_5,we_3,-70.84,93.84,0.14,True,2,8.236372554189001e-11,5.826367691431e-11,0.707395,2.417575,3.83,D,8.241381150130013e-11,205.9315629717644,23.137229156998067,769300990.3942745,769.3009903942744,6,4.4,440.00000000000006,6.514156594356944,16.623072562641124,5,3.3,330.0
9.0,V2V,wn_5,we_4,-68.42,91.42,0.18,True,2,1.438664421247e-10,1.074223738293e-10,0.746681,2.947596,4.69,D,1.4387985782558435e-10,359.5198846216501,25.55722915699807,849393502.3870214,849.3935023870214,7,5.5,550.0,6.514156594356944,19.043072562641125,5,3.3,330.0
9.0,V2V,wn_5,we_5,-66.88,89.88,0.21,True,2,2.049262903829e-10,1.505269171212e-10,0.734542,2.767071,4.42,D,2.0511621788255668e-10,512.5342775676078,27.097229156998075,900431676.7051092,900.4316767051092,7,5.5,550.0,6.514156594356944,20.58307256264113,6,4.4,440.00000000000006
9.0,V2V,wn_5,we_6,-65.86,88.86,0.18,True,2,2.595159149082e-10,2.347415497679e-10,0.904536,9.475179,9.77,D,2.5941793621188125e-10,648.2207301646207,28.11722915699807,934256525.686364,934.256525686364,7,5.5,550.0,6.514156594356944,21.603072562641128,6,4.4,440.00000000000006
9.0,V2V,wn_5,we_7,-62.95,85.95,0.28,True,2,5.067093805239e-10,4.382229683627e-10,0.864841,6.398685,8.06,D,5.069907082747045e-10,1266.843349012255,31.027229156998075,1030816078.6003352,1030.8160786003352,7,5.5,550.0,6.514156594356944,24.51307256264113,6,4.4,440.00000000000006
9.0,V2V,wn_5,we_8,-56.37,79.37,0.01,True,2,2.308555741075e-09,2.308536056486e-09,0.999991,117276.317677,50.69,D,2.306747188720071e-09,5763.985978810772,37.60722915699808,1249310138.3723044,1249.3101383723044,7,5.5,550.0,6.514156594356944,31.093072562641137,7,5.5,550.0
9.0,V2V,wn_5,we_9,-40.42,63.42,0.53,True,2,9.086224080089e-08,9.027326081295e-08,0.993518,153.270506,21.85,D,9.078205301781861e-08,226841.71168870217,53.55722915699808,1779133278.2000802,1779.1332782000802,7,5.5,550.0,6.514156594356944,47.04307256264113,7,5.5,550.0
9.0,V2V,wn_5,we_10,-53.77,76.77,0.09,True,2,4.193894747172e-09,4.187358959467e-09,0.998442,640.681605,28.07,D,4.197589839910069e-09,10488.730234657842,40.20722915699807,1335668995.6022716,1335.6689956022717,7,5.5,550.0,6.514156594356944,33.69307256264112,7,5.5,550.0
9.0,V2V,wn_5,we_11,-61.0,84.0,0.0,True,2,7.946947872119e-10,7.946899724279e-10,0.999994,165052.051045,52.18,D,7.943282347242822e-10,1984.828172724343,32.97722915699808,1095552508.120263,1095.5525081202634,7,5.5,550.0,6.514156594356944,26.463072562641138,7,5.5,550.0
9.0,V2V,wn_5,wn_0,-70.17,93.17,0.15,True,2,9.61115529844e-11,6.578990481171e-11,0.684516,2.169734,3.36,D,9.616122783836638e-11,240.28292813185,23.80722915699807,791458203.168221,791.458203168221,6,4.4,440.00000000000006,6.514156594356944,17.293072562641125,5,3.3,330.0
9.0,V2V,wn_5,wn_1,-69.91,92.91,0.1,True,2,1.021020393882e-10,9.377596314729e-11,0.918453,11.262924,10.52,D,1.0209394837076808e-10,255.10731726828604,24.06722915699808,800060466.2686135,800.0604662686135,6,4.4,440.00000000000006,6.514156594356944,17.553072562641134,5,3.3,330.0
9.0,V2V,wn_5,wn_2,-66.93,89.93,0.21,True,2,2.026150592867e-10,1.511028765993e-10,0.745763,2.933343,4.67,D,2.0276827195212796e-10,506.6673462072162,27.04722915699807,898773965.6893762,898.7739656893763,7,5.5,550.0,6.514156594356944,20.533072562641127,6,4.4,440.00000000000006
9.0,V2V,wn_5,wn_3,-62.91,85.91,0.28,True,2,5.116458564309e-10,4.411221154044e-10,0.862163,6.254945,7.96,D,5.116818355403082e-10,1278.5653061976718,31.06722915699808,1032143806.5898898,1032.1438065898897,7,5.5,550.0,6.514156594356944,24.553072562641137,6,4.4,440.00000000000006
9.0,V2V,wn_5,wn_4,-57.8,80.8,0.19,True,2,1.658420687971e-09,1.632191695917e-09,0.984184,62.228533,17.94,D,1.659586907437563e-09,4146.893821683066,36.17722915699808,1201816324.8993585,1201.8163248993585,7,5.5,550.0,6.514156594356944,29.663072562641137,7,5.5,550.0
9.0,V2V,wn_5,wn_6,-58.86,81.86,0.2,True,2,1.299159013351e-09,1.269792379005e-09,0.977396,43.239289,16.36,D,1.3001695780332899e-09,3248.799545310569,35.11722915699807,1166613501.6986172,1166.6135016986173,7,5.5,550.0,6.514156594356944,28.603072562641128,7,5.5,550.0
9.0,V2V,wn_6,we_0,-73.82,96.82,0.1,True,2,4.152005524234e-11,2.494568486909e-11,0.60081,1.505076,1.78,D,4.1495404263436315e-11,103.68666732492832,20.15722915699808,670993390.5118715,670.9933905118714,6,4.4,440.00000000000006,6.514156594356944,13.643072562641134,4,2.4,240.0
9.0,V2V,wn_6,we_1,-74.2,97.2,0.09,True,2,3.798188237248e-11,2.836477486882e-11,0.746798,2.949408,4.7,D,3.801893963205613e-11,94.99984915556252,19.777229156998075,658496023.3818105,658.4960233818106,5,3.3,330.0,6.514156594356944,13.263072562641131,4,2.4,240.0
9.0,V2V,wn_6,we_2,-74.08,97.08,0.08,True,2,3.904908430292e-11,3.301145735308e-11,0.845384,5.467621,7.38,D,3.9084089579240246e-11,97.66139325147488,19.89722915699808,662441375.5449051,662.4413755449051,5,3.3,330.0,6.514156594356944,13.383072562641136,4,2.4,240.0
9.0,V2V,wn_6,we_3,-72.24,95.24,0.12,True,2,5.974780318582e-11,3.9520322239700005e-11,0.661452,1.953794,2.91,D,5.970352865838378e-11,149.18422953119384,21.737229156998083,723058951.679694,723.058951679694,6,4.4,440.00000000000006,6.514156594356944,15.22307256264114,5,3.3,330.0
9.0,V2V,wn_6,we_4,-71.12,94.12,0.12,True,2,7.732296420836e-11,6.446865702524e-11,0.833758,5.015335,7.0,D,7.726805850957022e-11,193.07360946919093,22.857229156998073,760046014.0508099,760.0460140508098,6,4.4,440.00000000000006,6.514156594356944,16.34307256264113,5,3.3,330.0
9.0,V2V,wn_6,we_5,-69.32,92.32,0.16,True,2,1.168211733522e-10,8.32977117145e-11,0.713036,2.484759,3.95,D,1.1694993910198722e-10,292.2287333882739,24.65722915699808,819588266.9391388,819.5882669391387,6,4.4,440.00000000000006,6.514156594356944,18.143072562641137,5,3.3,330.0
9.0,V2V,wn_6,we_6,-69.17,92.17,0.09,True,2,1.211706567695e-10,1.148045038669e-10,0.947461,18.033576,12.56,D,1.2105981335504829e-10,302.4982842454979,24.807229156998076,824554455.0349559,824.5544550349558,6,4.4,440.00000000000006,6.514156594356944,18.293072562641132,5,3.3,330.0
9.0,V2V,wn_6,we_7,-66.36,89.36,0.22,True,2,2.314676043035e-10,1.739049839679e-10,0.751315,3.021144,4.8,D,2.3120647901755938e-10,577.72733387696,27.61722915699807,917673997.5437171,917.6739975437172,7,5.5,550.0,6.514156594356944,21.103072562641128,6,4.4,440.00000000000006
9.0,V2V,wn_6,we_8,-63.15,86.15,0.27,True,2,4.842277718273e-10,4.186752352888e-10,0.864625,6.386866,8.05,D,4.841723675840998e-10,1209.826005957271,30.82722915699808,1024177585.128197,1024.177585128197,7,5.5,550.0,6.514156594356944,24.313072562641135,6,4.4,440.00000000000006
9.0,V2V,wn_6,we_9,-59.85,82.85,0.16,True,2,1.034026845589e-09,1.015995399136e-09,0.982562,56.345751,17.51,D,1.035142166679343e-09,2586.562135630542,34.12722915699807,1133737779.1405346,1133.7377791405347,7,5.5,550.0,6.514156594356944,27.61307256264113,7,5.5,550.0
9.0,V2V,wn_6,we_10,-51.99,74.99,0.23,True,2,6.327006476113e-09,6.286259544377e-09,0.99356,154.275654,21.88,D,6.3241185137621966e-09,15802.395086862058,41.98722915699808,1394794690.939538,1394.794690939538,7,5.5,550.0,6.514156594356944,35.473072562641136,7,5.5,550.0
9.0,V2V,wn_6,we_11,-47.36,70.36,0.39,True,2,1.836297150175e-08,1.821032452963e-08,0.991687,119.296991,20.77,D,1.8365383433483476e-08,45890.51332704516,46.61722915699808,1548593976.1663003,1548.5939761663003,7,5.5,550.0,6.514156594356944,40.10307256264113,7,5.5,550.0
9.0,V2V,wn_6,wn_0,-73.44,96.44,0.05,True,2,4.5260963334250005e-11,4.365462939565e-11,0.96451,27.176559,14.34,D,4.5289757990362126e-11,113.16781107037012,20.53722915699808,683501213.8591897,683.5012138591898,6,4.4,440.00000000000006,6.514156594356944,14.023072562641136,4,2.4,240.0
9.0,V2V,wn_6,wn_1,-71.06,94.06,0.13,True,2,7.84069420205e-11,5.798075333767001e-11,0.739485,2.83855,4.53,D,7.834296427662121e-11,195.75953092608995,22.917229156998076,762028971.0573677,762.0289710573677,6,4.4,440.00000000000006,6.514156594356944,16.403072562641132,5,3.3,330.0
9.0,V2V,wn_6,wn_2,-69.42,92.42,0.16,True,2,1.143346988786e-10,8.353208948639001e-11,0.730593,2.711851,4.33,D,1.1428783347897712e-10,285.5767952997929,24.557229156998073,816277798.6181343,816.2777986181343,6,4.4,440.00000000000006,6.514156594356944,18.04307256264113,5,3.3,330.0
9.0,V2V,wn_6,wn_3,-66.43,89.43,0.22,True,2,2.275675530842e-10,1.746185175826e-10,0.767326,3.29786,5.18,D,2.2750974307720667e-10,568.4901126366983,27.547229156998068,915352698.4168464,915.3526984168464,7,5.5,550.0,6.514156594356944,21.033072562641124,6,4.4,440.00000000000006
9.0,V2V,wn_6,wn_4,-64.4,87.4,0.08,True,2,3.629695217513e-10,3.584941430742e-10,0.98767,80.103645,19.04,D,3.63078054770101e-10,907.2415161671688,29.577229156998072,982693217.434533,982.693217434533,7,5.5,550.0,6.514156594356944,23.06307256264113,6,4.4,440.00000000000006
9.0,V2V,wn_6,wn_5,-58.86,81.86,0.2,True,2,1.299154887566e-09,1.269792379005e-09,0.977399,43.245364,16.36,D,1.3001695780332899e-09,3248.799545310569,35.11722915699807,1166613501.6986172,1166.6135016986173,7,5.5,550.0,6.514156594356944,28.603072562641128,7,5.5,550.0
9.0,V2V,se_0,sn_0,-64.58,87.58,0.26,True,2,3.485714769448e-10,2.822002740563e-10,0.809591,4.251848,6.29,D,3.4833731503601156e-10,870.4080835482548,29.397229156998073,976720468.6136467,976.7204686136467,7,5.5,550.0,6.514156594356944,22.88307256264113,6,4.4,440.00000000000006
9.0,V2V,se_0,sn_1,-62.68,85.68,0.27,True,2,5.390919354496e-10,4.769263022559e-10,0.884685,7.671864,8.85,D,5.39510622515128e-10,1348.102505035302,31.29722915699808,1039778425.3324728,1039.7784253324728,7,5.5,550.0,6.514156594356944,24.783072562641134,6,4.4,440.00000000000006
9.0,V2V,se_0,sn_2,-59.76,82.76,0.05,True,2,1.056262962336e-09,1.054387056336e-09,0.998224,562.068172,27.5,D,1.0568175092136583e-09,2640.7234113284817,34.21722915699807,1136726370.8857183,1136.7263708857183,7,5.5,550.0,6.514156594356944,27.70307256264113,7,5.5,550.0
9.0,V2V,se_0,sn_3,-53.24,76.24,0.19,True,2,4.741093369594e-09,4.714959240118e-09,0.994488,180.413862,22.56,D,4.742419852602448e-09,11850.124569221509,40.73722915699808,1353273634.445022,1353.2736344450218,7,5.5,550.0,6.514156594356944,34.223072562641136,7,5.5,550.0
9.0,V2V,se_0,sn_4,-56.19,79.19,0.03,True,2,2.402356644645e-09,2.401586103128e-09,0.999679,3116.751077,34.94,D,2.404362800006934e-09,6007.903048493089,37.78722915699808,1255288592.9351869,1255.288592935187,7,5.5,550.0,6.514156594356944,31.273072562641136,7,5.5,550.0
9.0,V2V,se_0,sn_5,-61.27,84.27,0.07,True,2,7.472546799634e-10,7.444258034725e-10,0.996214,263.152459,24.2,D,7.464487584100653e-10,1865.189301374476,32.70722915699807,1086587962.1496043,1086.5879621496042,7,5.5,550.0,6.514156594356944,26.193072562641124,7,5.5,550.0
9.0,V2V,se_0,sn_6,-64.65,87.65,0.05,True,2,3.427000265114e-10,3.40795580953e-10,0.994443,178.9474,22.53,D,3.427677865464498e-10,856.4912207557464,29.327229156998065,974397809.04048,974.3978090404798,7,5.5,550.0,6.514156594356944,22.81307256264112,6,4.4,440.00000000000006
9.0,V2V,se_0,sn_7,-66.37,89.37,0.21,True,2,2.307398491936e-10,1.878996219146e-10,0.814335,4.386056,6.42,D,2.3067471887200668e-10,576.3985978810761,27.60722915699807,917342379.4001764,917.3423794001764,7,5.5,550.0,6.514156594356944,21.09307256264113,6,4.4,440.00000000000006
9.0,V2V,se_0,sn_8,-68.43,91.43,0.18,True,2,1.435443152909e-10,9.950432380355e-11,0.693196,2.259408,3.54,D,1.4354894333536529e-10,358.693011832497,25.547229156998064,849062232.0633793,849.0622320633793,7,5.5,550.0,6.514156594356944,19.03307256264112,5,3.3,330.0
9.0,V2V,se_0,sn_9,-71.49,94.49,0.02,True,2,7.093315084610001e-11,7.057585328100001e-11,0.994963,197.526824,22.96,D,7.095777679633902e-11,177.30578909629938,22.487229156998083,747820973.3819737,747.8209733819738,6,4.4,440.00000000000006,6.514156594356944,15.97307256264114,5,3.3,330.0
9.0,V2V,se_0,sn_10,-71.21,94.21,0.13,True,2,7.570578416451e-11,5.1696729846510006e-11,0.682864,2.153218,3.33,D,7.568328950209752e-11,189.11366692178288,22.767229156998077,757071843.8181741,757.0718438181741,6,4.4,440.00000000000006,6.514156594356944,16.253072562641133,5,3.3,330.0
9.0,V2V,se_0,se_1,-56.12,79.12,0.08,True,2,2.441377893663e-09,2.436474930754e-09,0.997992,496.939295,26.96,D,2.443430552693971e-09,6105.523619924965,37.85722915699807,1257613558.7190769,1257.6135587190768,7,5.5,550.0,6.514156594356944,31.34307256264113,7,5.5,550.0
9.0,V2V,se_0,se_2,-62.47,85.47,0.13,True,2,5.666135308568e-10,5.559885115726e-10,0.981248,52.328236,17.19,D,5.662392890382535e-10,1414.89077720703,31.507229156998076,1046749426.3882896,1046.7494263882895,7,5.5,550.0,6.514156594356944,24.99307256264113,6,4.4,440.00000000000006
9.0,V2V,se_0,se_3,-66.43,89.43,0.22,True,2,2.275738663648e-10,1.746185175826e-10,0.767305,3.297467,5.18,D,2.2750974307720667e-10,568.4901126366983,27.547229156998068,915352698.4168464,915.3526984168464,7,5.5,550.0,6.514156594356944,21.033072562641124,6,4.4,440.00000000000006
9.0,V2V,se_0,se_4,-69.38,92.38,0.13,True,2,1.152615023101e-10,1.025017808071e-10,0.889298,8.03323,9.05,D,1.1534532578210928e-10,288.21920485284676,24.597229156998075,817601954.3675255,817.6019543675254,6,4.4,440.00000000000006,6.514156594356944,18.08307256264113,5,3.3,330.0
9.0,V2V,se_0,se_5,-70.46,93.46,0.14,True,2,8.993435684591001e-11,6.528810976631001e-11,0.725953,2.649008,4.23,D,8.994975815300364e-11,224.7620143753214,23.51722915699808,781865895.5414325,781.8658955414325,6,4.4,440.00000000000006,6.514156594356944,17.003072562641137,5,3.3,330.0
9.0,V2V,se_0,se_6,-73.44,96.44,0.05,True,2,4.5261086034800006e-11,4.365464600954e-11,0.964507,27.174775,14.34,D,4.5289757990362126e-11,113.16781107037012,20.53722915699808,683501213.8591897,683.5012138591898,6,4.4,440.00000000000006,6.514156594356944,14.023072562641136,4,2.4,240.0
9.0,V2V,se_1,sn_0,-67.86,90.86,0.1,True,2,1.638029237561e-10,1.571140722248e-10,0.959165,23.488946,13.71,D,1.63681652142781e-10,408.99963054168165,26.11722915699808,867947879.9466608,867.9478799466608,7,5.5,550.0,6.514156594356944,19.603072562641135,5,3.3,330.0
9.0,V2V,se_1,sn_1,-66.05,89.05,0.16,True,2,2.480417337753e-10,2.292944291468e-10,0.924419,12.230794,10.87,D,2.4831331052955726e-10,620.4730398039912,27.92722915699808,927954799.6684452,927.9547996684452,7,5.5,550.0,6.514156594356944,21.413072562641137,6,4.4,440.00000000000006
9.0,V2V,se_1,sn_2,-63.4,86.4,0.28,True,2,4.568630399825e-10,3.838789138374e-10,0.840249,5.259759,7.21,D,4.5708818961487517e-10,1142.149399337519,30.577229156998076,1015879824.779306,1015.879824779306,7,5.5,550.0,6.514156594356944,24.063072562641132,6,4.4,440.00000000000006
9.0,V2V,se_1,sn_3,-60.72,83.72,0.17,True,2,8.468664036068e-10,8.266611340554e-10,0.976141,40.913146,16.12,D,8.472274141405962e-10,2117.0100303363224,33.25722915699807,1104849370.623134,1104.8493706231338,7,5.5,550.0,6.514156594356944,26.743072562641128,7,5.5,550.0
9.0,V2V,se_1,sn_4,-31.1,54.1,0.01,True,2,7.766508426407e-07,7.766492305002e-07,0.999998,481750.339212,56.83,D,7.762471166286911e-07,1939647.9675879336,62.87722915699807,2088736415.0322285,2088.7364150322283,7,5.5,550.0,6.514156594356944,56.36307256264112,7,5.5,550.0
9.0,V2V,se_1,sn_5,-54.3,77.3,0.06,True,2,3.716708859884e-09,3.714188461045e-09,0.999322,1473.651076,31.68,D,3.7153522909717276e-09,9283.738858000315,39.67722915699808,1318064561.8240547,1318.0645618240546,7,5.5,550.0,6.514156594356944,33.16307256264113,7,5.5,550.0
9.0,V2V,se_1,sn_6,-60.46,83.46,0.21,True,2,8.99419463506e-10,8.694472775643e-10,0.966676,29.008471,14.63,D,8.994975815300347e-10,2247.62014375321,33.51722915699807,1113482425.3910882,1113.4824253910883,7,5.5,550.0,6.514156594356944,27.00307256264113,7,5.5,550.0
9.0,V2V,se_1,sn_7,-64.2,87.2,0.17,True,2,3.7995110772e-10,3.601445896762e-10,0.947871,18.183135,12.6,D,3.801893963205613e-10,949.9984915556252,29.777229156998075,989329924.2504154,989.3299242504154,7,5.5,550.0,6.514156594356944,23.26307256264113,6,4.4,440.00000000000006
9.0,V2V,se_1,sn_8,-68.04,91.04,0.04,True,2,1.571809341579e-10,1.562893805685e-10,0.994328,175.300041,22.44,D,1.5703628043335515e-10,392.3945038314721,25.93722915699807,861983299.144183,861.9832991441831,7,5.5,550.0,6.514156594356944,19.423072562641128,5,3.3,330.0
9.0,V2V,se_1,sn_9,-69.38,92.38,0.13,True,2,1.152543320294e-10,1.024952460079e-10,0.889296,8.033118,9.05,D,1.1534532578210928e-10,288.21920485284676,24.597229156998075,817601954.3675255,817.6019543675254,6,4.4,440.00000000000006,6.514156594356944,18.08307256264113,5,3.3,330.0
9.0,V2V,se_1,sn_10,-71.41,94.41,0.05,True,2,7.224174180733e-11,7.082801899778e-11,0.980431,50.100358,17.0,D,7.227698036021703e-11,180.60214982562977,22.56722915699807,750463747.1282498,750.4637471282498,6,4.4,440.00000000000006,6.514156594356944,16.05307256264113,5,3.3,330.0
9.0,V2V,se_1,se_0,-56.12,79.12,0.08,True,2,2.441377034586e-09,2.436474930754e-09,0.997992,497.026382,26.96,D,2.443430552693971e-09,6105.523619924965,37.85722915699807,1257613558.7190769,1257.6135587190768,7,5.5,550.0,6.514156594356944,31.34307256264113,7,5.5,550.0
9.0,V2V,se_1,se_2,-56.9,79.9,0.08,True,2,2.042050027514e-09,2.038072281755e-09,0.998052,512.368664,27.1,D,2.0417379446695313e-09,5101.793964691483,37.07722915699808,1231707167.592036,1231.707167592036,7,5.5,550.0,6.514156594356944,30.563072562641135,7,5.5,550.0
9.0,V2V,se_1,se_3,-64.68,87.68,0.14,True,2,3.400985241698e-10,3.256294418043e-10,0.957456,22.50519,13.52,D,3.404081897010002e-10,850.5951766641682,29.297229156998064,973402396.83315,973.40239683315,7,5.5,550.0,6.514156594356944,22.78307256264112,6,4.4,440.00000000000006
9.0,V2V,se_1,se_4,-66.63,89.63,0.22,True,2,2.173439760665e-10,1.622243737899e-10,0.746395,2.943134,4.69,D,2.1727011788637477e-10,542.9038427945396,27.347229156998083,908720780.8556516,908.7207808556516,7,5.5,550.0,6.514156594356944,20.83307256264114,6,4.4,440.00000000000006
9.0,V2V,se_1,se_5,-69.69,92.69,0.13,True,2,1.074017504462e-10,9.334797810481e-11,0.869148,6.642201,8.22,D,1.0739894123412462e-10,268.36317149956176,24.28722915699808,807340880.2538493,807.3408802538493,6,4.4,440.00000000000006,6.514156594356944,17.773072562641136,5,3.3,330.0
9.0,V2V,se_1,se_6,-70.9,93.9,0.14,True,2,8.13263400172e-11,5.81901050439e-11,0.715514,2.515107,4.01,D,8.12830516164098e-11,203.10607600302296,23.077229156998065,767317532.0155911,767.3175320155912,6,4.4,440.00000000000006,6.514156594356944,16.56307256264112,5,3.3,330.0
9.0,V2V,se_2,sn_0,-69.86,92.86,0.1,True,2,1.033312780329e-10,9.625614095419e-11,0.93153,13.604845,11.34,D,1.0327614057613979e-10,258.0613207799595,24.11722915699808,801714981.9401106,801.7149819401105,6,4.4,440.00000000000006,6.514156594356944,17.603072562641135,5,3.3,330.0
9.0,V2V,se_2,sn_1,-67.46,90.46,0.2,True,2,1.792966640173e-10,1.285912798201e-10,0.717198,2.536048,4.04,D,1.7947336268325283e-10,448.45917711957225,26.517229156998077,881204627.627822,881.204627627822,7,5.5,550.0,6.514156594356944,20.003072562641133,6,4.4,440.00000000000006
9.0,V2V,se_2,sn_2,-66.15,89.15,0.23,True,2,2.426839723795e-10,1.867163580742e-10,0.769381,3.33615,5.23,D,2.426610095082414e-10,606.3493490960556,27.827229156998072,924638278.735664,924.638278735664,7,5.5,550.0,6.514156594356944,21.31307256264113,6,4.4,440.00000000000006
9.0,V2V,se_2,sn_3,-64.99,87.99,0.11,True,2,3.168656073965e-10,3.086515461973e-10,0.974077,37.575998,15.75,D,3.1695674630434925e-10,791.9958678269596,28.987229156998076,963116953.8073353,963.1169538073352,7,5.5,550.0,6.514156594356944,22.473072562641132,6,4.4,440.00000000000006
9.0,V2V,se_2,sn_4,-56.85,79.85,0.14,True,2,2.066898259767e-09,2.053916533691e-09,0.993719,158.215982,21.99,D,2.065380155810527e-09,5160.869954549043,37.12722915699807,1233367808.0047765,1233.3678080047764,7,5.5,550.0,6.514156594356944,30.61307256264113,7,5.5,550.0
9.0,V2V,se_2,sn_5,-45.27,68.27,0.68,True,2,2.970536364504e-08,2.914642286627e-08,0.981184,52.145816,17.17,D,2.9716660317380252e-08,74254.52353168478,48.707229156998075,1618021072.499662,1618.0210724996618,7,5.5,550.0,6.514156594356944,42.193072562641134,7,5.5,550.0
9.0,V2V,se_2,sn_6,-51.38,74.38,0.32,True,2,7.284551618742e-09,7.202486060027e-09,0.988734,87.765028,19.43,D,7.277798045368242e-09,18185.402412214495,42.597229156998075,1415057256.050577,1415.0572560505768,7,5.5,550.0,6.514156594356944,36.083072562641135,7,5.5,550.0
9.0,V2V,se_2,sn_7,-59.52,82.52,0.25,True,2,1.116171516909e-09,1.071709191873e-09,0.960165,24.10376,13.82,D,1.116863247780561e-09,2790.762738082362,34.457229156998075,1144696062.193428,1144.696062193428,7,5.5,550.0,6.514156594356944,27.94307256264113,7,5.5,550.0
9.0,V2V,se_2,sn_8,-64.33,87.33,0.27,True,2,3.691251925105e-10,2.989162017478e-10,0.809796,4.25752,6.29,D,3.689775985701504e-10,921.9830049229146,29.647229156998076,985016027.324798,985.016027324798,7,5.5,550.0,6.514156594356944,23.133072562641132,6,4.4,440.00000000000006
9.0,V2V,se_2,sn_9,-67.03,90.03,0.18,True,2,1.980691982316e-10,1.70319428266e-10,0.859899,6.137688,7.88,D,1.9815270258050967e-10,495.1341893565958,26.94722915699807,895458656.8726037,895.4586568726037,7,5.5,550.0,6.514156594356944,20.43307256264113,6,4.4,440.00000000000006
9.0,V2V,se_2,sn_10,-68.61,91.61,0.17,True,2,1.378042473758e-10,1.070050992119e-10,0.776501,3.474288,5.41,D,1.3772094688939468e-10,344.1303020724505,25.36722915699808,843099733.6195095,843.0997336195095,7,5.5,550.0,6.514156594356944,18.853072562641135,5,3.3,330.0
9.0,V2V,se_2,se_0,-62.47,85.47,0.13,True,2,5.666769917869e-10,5.559885115726e-10,0.981138,52.017546,17.16,D,5.662392890382535e-10,1414.89077720703,31.507229156998076,1046749426.3882896,1046.7494263882895,7,5.5,550.0,6.514156594356944,24.99307256264113,6,4.4,440.00000000000006
9.0,V2V,se_2,se_1,-56.9,79.9,0.08,True,2,2.042048767626e-09,2.038072281755e-09,0.998053,512.531,27.1,D,2.0417379446695313e-09,5101.793964691483,37.07722915699808,1231707167.592036,1231.707167592036,7,5.5,550.0,6.514156594356944,30.563072562641135,7,5.5,550.0
9.0,V2V,se_2,se_3,-60.44,83.44,0.03,True,2,9.041626274285e-10,9.036719923785e-10,0.999457,1841.841492,32.65,D,9.036494737223023e-10,2257.9946869622745,33.53722915699808,1114146516.2253556,1114.1465162253555,7,5.5,550.0,6.514156594356944,27.023072562641136,7,5.5,550.0
9.0,V2V,se_2,se_4,-64.14,87.14,0.27,True,2,3.857013474931e-10,3.147920643909e-10,0.816155,4.439363,6.47,D,3.854783576657721e-10,963.2142870209196,29.837229156998077,991320999.6465456,991.3209996465456,7,5.5,550.0,6.514156594356944,23.323072562641133,6,4.4,440.00000000000006
9.0,V2V,se_2,se_5,-66.93,89.93,0.21,True,2,2.025520483163e-10,1.511038180535e-10,0.746,2.937007,4.68,D,2.0276827195212796e-10,506.6673462072162,27.04722915699807,898773965.6893762,898.7739656893763,7,5.5,550.0,6.514156594356944,20.533072562641127,6,4.4,440.00000000000006
9.0,V2V,se_2,se_6,-69.79,92.79,0.14,True,2,1.049240218044e-10,8.425930741363001e-11,0.803051,4.077448,6.1,D,1.0495424286523197e-10,262.25447992311837,24.187229156998065,804031427.2242707,804.0314272242707,6,4.4,440.00000000000006,6.514156594356944,17.67307256264112,5,3.3,330.0
9.0,V2V,se_3,sn_0,-71.99,94.99,0.1,True,2,6.326882982253e-11,5.4717152792630005e-11,0.864836,6.398412,8.06,D,6.324118513762197e-11,158.02395086862057,21.987229156998076,731310025.8411084,731.3100258411084,6,4.4,440.00000000000006,6.514156594356944,15.473072562641132,5,3.3,330.0
9.0,V2V,se_3,sn_1,-70.26,93.26,0.15,True,2,9.419900001767e-11,6.780030808919001e-11,0.719756,2.568321,4.1,D,9.4188959652284e-11,235.35472176982503,23.717229156998066,788480987.6158897,788.4809876158897,6,4.4,440.00000000000006,6.514156594356944,17.203072562641122,5,3.3,330.0
9.0,V2V,se_3,sn_2,-69.8,92.8,0.13,True,2,1.04624575708e-10,8.825978409758001e-11,0.843586,5.393273,7.32,D,1.0471285480509008e-10,261.6513113570466,24.17722915699808,803700497.7326881,803.7004977326881,6,4.4,440.00000000000006,6.514156594356944,17.663072562641137,5,3.3,330.0
9.0,V2V,se_3,sn_3,-69.04,92.04,0.05,True,2,1.246570347795e-10,1.229662243705e-10,0.986436,72.726205,18.62,D,1.2473835142429406e-10,311.6900335439631,24.937229156998065,828858942.63519,828.85894263519,6,4.4,440.00000000000006,6.514156594356944,18.42307256264112,5,3.3,330.0
9.0,V2V,se_3,sn_4,-64.48,87.48,0.19,True,2,3.561018472403e-10,3.268397752197e-10,0.917827,11.1694,10.48,D,3.564511334262439e-10,890.6824923194499,29.49722915699807,980038628.074987,980.0386280749872,7,5.5,550.0,6.514156594356944,22.983072562641127,6,4.4,440.00000000000006
9.0,V2V,se_3,sn_5,-61.4,84.4,0.29,True,2,7.249891398328e-10,6.557449014095e-10,0.904489,9.470028,9.76,D,7.244359600749906e-10,1810.1848077835843,32.57722915699808,1082271804.6670666,1082.2718046670666,7,5.5,550.0,6.514156594356944,26.063072562641135,7,5.5,550.0
9.0,V2V,se_3,sn_6,-56.65,79.65,0.08,True,2,2.161120337871e-09,2.157247702349e-09,0.998208,557.048989,27.46,D,2.16271852372702e-09,5404.094262186457,37.32722915699807,1240010406.2733598,1240.01040627336,7,5.5,550.0,6.514156594356944,30.81307256264113,7,5.5,550.0
9.0,V2V,se_3,sn_7,-38.94,61.94,0.79,True,2,1.276408785642e-07,1.260385096538e-07,0.987446,78.657611,18.96,D,1.2764388088113448e-07,318950.2270892915,55.03722915699807,1828297630.3392231,1828.2976303392231,7,5.5,550.0,6.514156594356944,48.52307256264113,7,5.5,550.0
9.0,V2V,se_3,sn_8,-57.8,80.8,0.08,True,2,1.659727527702e-09,1.655569530169e-09,0.997495,398.165106,26.0,D,1.659586907437563e-09,4146.893821683066,36.17722915699808,1201816324.8993585,1201.8163248993585,7,5.5,550.0,6.514156594356944,29.663072562641137,7,5.5,550.0
9.0,V2V,se_3,sn_9,-62.74,85.74,0.01,True,2,5.320261242397e-10,5.318997797773e-10,0.999763,4209.917632,36.24,D,5.321082592667943e-10,1329.6058452443633,31.237229156998076,1037786756.1151872,1037.7867561151872,7,5.5,550.0,6.514156594356944,24.723072562641132,6,4.4,440.00000000000006
9.0,V2V,se_3,sn_10,-65.68,88.68,0.17,True,2,2.705574646457e-10,2.487372731559e-10,0.919351,11.399408,10.57,D,2.7039583641088405e-10,675.6517651446377,28.29722915699807,940226974.00381,940.22697400381,7,5.5,550.0,6.514156594356944,21.783072562641127,6,4.4,440.00000000000006
9.0,V2V,se_3,se_0,-66.43,89.43,0.22,True,2,2.275706875726e-10,1.746185175826e-10,0.767316,3.297665,5.18,D,2.2750974307720667e-10,568.4901126366983,27.547229156998068,915352698.4168464,915.3526984168464,7,5.5,550.0,6.514156594356944,21.033072562641124,6,4.4,440.00000000000006
9.0,V2V,se_3,se_1,-64.68,87.68,0.14,True,2,3.40097293357e-10,3.256294418043e-10,0.95746,22.507104,13.52,D,3.404081897010002e-10,850.5951766641682,29.297229156998064,973402396.83315,973.40239683315,7,5.5,550.0,6.514156594356944,22.78307256264112,6,4.4,440.00000000000006
9.0,V2V,se_3,se_2,-60.44,83.44,0.03,True,2,9.041626147517e-10,9.036719923785e-10,0.999457,1841.889081,32.65,D,9.036494737223023e-10,2257.9946869622745,33.53722915699808,1114146516.2253556,1114.1465162253555,7,5.5,550.0,6.514156594356944,27.023072562641136,7,5.5,550.0
9.0,V2V,se_3,se_4,-57.23,80.23,0.16,True,2,1.892336162976e-09,1.874566732896e-09,0.99061,105.493914,20.23,D,1.892343618644976e-09,4728.494799212834,36.747229156998074,1220747036.894631,1220.7470368946306,7,5.5,550.0,6.514156594356944,30.23307256264113,7,5.5,550.0
9.0,V2V,se_3,se_5,-63.54,86.54,0.12,True,2,4.421315667393e-10,4.324886931593e-10,0.97819,44.850603,16.52,D,4.4258837236262645e-10,1105.9179719206056,30.43722915699807,1011233259.9926908,1011.2332599926908,7,5.5,550.0,6.514156594356944,23.923072562641128,6,4.4,440.00000000000006
9.0,V2V,se_3,se_6,-66.43,89.43,0.22,True,2,2.275273308415e-10,1.746187058734e-10,0.767463,3.300383,5.19,D,2.2750974307720667e-10,568.4901126366983,27.547229156998068,915352698.4168464,915.3526984168464,7,5.5,550.0,6.514156594356944,21.033072562641124,6,4.4,440.00000000000006
9.0,V2V,se_4,sn_0,-72.0,95.0,0.12,True,2,6.30509060381e-11,3.991455061405e-11,0.633053,1.725187,2.37,D,6.30957344480193e-11,157.6605058671147,21.97722915699807,730979924.3715843,730.9799243715843,6,4.4,440.00000000000006,6.514156594356944,15.463072562641129,5,3.3,330.0
9.0,V2V,se_4,sn_1,-72.21,95.21,0.11,True,2,6.010628122449e-11,4.786488420916e-11,0.796337,3.910083,5.92,D,6.011737374832791e-11,150.21832520821565,21.767229156998084,724048917.1165998,724.0489171165998,6,4.4,440.00000000000006,6.514156594356944,15.25307256264114,5,3.3,330.0
9.0,V2V,se_4,sn_2,-70.4,93.4,0.14,True,2,9.110498304928e-11,5.959436693180001e-11,0.654129,1.891247,2.77,D,9.120108393559078e-11,227.8887654562488,23.577229156998065,783850284.2627612,783.8502842627612,6,4.4,440.00000000000006,6.514156594356944,17.06307256264112,5,3.3,330.0
9.0,V2V,se_4,sn_3,-71.07,94.07,0.02,True,2,7.823795541922e-11,7.793651816463001e-11,0.996147,258.549721,24.13,D,7.816278045883309e-11,195.30929649883328,22.90722915699808,761698468.5019906,761.6984685019905,6,4.4,440.00000000000006,6.514156594356944,16.393072562641137,5,3.3,330.0
9.0,V2V,se_4,sn_4,-66.68,89.68,0.22,True,2,2.148105341084e-10,1.626636009022e-10,0.757242,3.119332,4.94,D,2.1478304741305286e-10,536.6892738956843,27.297229156998064,907062888.2046744,907.0628882046744,7,5.5,550.0,6.514156594356944,20.78307256264112,6,4.4,440.00000000000006
9.0,V2V,se_4,sn_5,-65.75,88.75,0.1,True,2,2.662839150411e-10,2.589496800974e-10,0.972457,35.306979,15.48,D,2.6607250597988083e-10,664.8488405294372,28.22722915699807,937905088.6935582,937.9050886935582,7,5.5,550.0,6.514156594356944,21.713072562641127,6,4.4,440.00000000000006
9.0,V2V,se_4,sn_6,-62.46,85.46,0.28,True,2,5.670571211936e-10,5.0231477238e-10,0.885827,7.758674,8.9,D,5.675446054085465e-10,1418.1524373027146,31.51722915699807,1047081384.8499552,1047.0813848499552,7,5.5,550.0,6.514156594356944,25.00307256264113,7,5.5,550.0
9.0,V2V,se_4,sn_7,-58.24,81.24,0.04,True,2,1.499651003953e-09,1.498428654191e-09,0.999185,1225.859162,30.88,D,1.4996848355023742e-09,3747.3384195461617,35.737229156998076,1187203549.7573826,1187.2035497573827,7,5.5,550.0,6.514156594356944,29.223072562641132,7,5.5,550.0
9.0,V2V,se_4,sn_8,-33.82,56.82,0.39,True,2,4.151581504596e-07,4.1420300268e-07,0.997699,433.653317,26.37,D,4.149540426343628e-07,1036866.6732492824,60.15722915699807,1998380035.6119032,1998.3800356119032,7,5.5,550.0,6.514156594356944,53.64307256264112,7,5.5,550.0
9.0,V2V,se_4,sn_9,-56.13,79.13,0.09,True,2,2.440276727737e-09,2.435187464556e-09,0.997914,478.495094,26.8,D,2.43781081836875e-09,6091.48130526924,37.84722915699807,1257281420.3719158,1257.2814203719158,7,5.5,550.0,6.514156594356944,31.333072562641124,7,5.5,550.0
9.0,V2V,se_4,sn_10,-61.89,84.89,0.21,True,2,6.472223630769e-10,6.154437537375e-10,0.9509,19.366604,12.87,D,6.47142615748583e-10,1617.0480153637757,32.08722915699808,1066003870.485234,1066.003870485234,7,5.5,550.0,6.514156594356944,25.573072562641133,7,5.5,550.0
9.0,V2V,se_4,se_0,-69.38,92.38,0.13,True,2,1.152607505313e-10,1.025017808071e-10,0.889303,8.033704,9.05,D,1.1534532578210928e-10,288.21920485284676,24.597229156998075,817601954.3675255,817.6019543675254,6,4.4,440.00000000000006,6.514156594356944,18.08307256264113,5,3.3,330.0
9.0,V2V,se_4,se_1,-66.63,89.63,0.22,True,2,2.1734053699e-10,1.622243737899e-10,0.746406,2.943318,4.69,D,2.1727011788637477e-10,542.9038427945396,27.347229156998083,908720780.8556516,908.7207808556516,7,5.5,550.0,6.514156594356944,20.83307256264114,6,4.4,440.00000000000006
9.0,V2V,se_4,se_2,-64.14,87.14,0.27,True,2,3.85696241489e-10,3.147920643909e-10,0.816166,4.439683,6.47,D,3.854783576657721e-10,963.2142870209196,29.837229156998077,991320999.6465456,991.3209996465456,7,5.5,550.0,6.514156594356944,23.323072562641133,6,4.4,440.00000000000006
9.0,V2V,se_4,se_3,-57.23,80.23,0.16,True,2,1.892336655855e-09,1.874566732896e-09,0.99061,105.490988,20.23,D,1.892343618644976e-09,4728.494799212834,36.747229156998074,1220747036.894631,1220.7470368946306,7,5.5,550.0,6.514156594356944,30.23307256264113,7,5.5,550.0
9.0,V2V,se_4,se_5,-57.92,80.92,0.14,True,2,1.614852298542e-09,1.60145306387e-09,0.991703,119.518249,20.77,D,1.6143585568264866e-09,4033.8794523400466,36.05722915699808,1197830985.627936,1197.830985627936,7,5.5,550.0,6.514156594356944,29.543072562641132,7,5.5,550.0
9.0,V2V,se_4,se_6,-63.96,86.96,0.22,True,2,4.0141219815e-10,3.617263876591e-10,0.901135,9.114754,9.6,D,4.0179081084894e-10,1003.9750396025488,30.017229156998077,997294395.4535136,997.2943954535136,7,5.5,550.0,6.514156594356944,23.503072562641133,6,4.4,440.00000000000006
9.0,V2V,se_5,sn_0,-73.14,96.14,0.1,True,2,4.857266526232e-11,2.9772553364760004e-11,0.612949,1.583637,2.0,D,4.8528850016212095e-11,121.26149429338356,20.83722915699807,693382629.4874791,693.3826294874791,6,4.4,440.00000000000006,6.514156594356944,14.32307256264113,4,2.4,240.0
9.0,V2V,se_5,sn_1,-72.49,95.49,0.11,True,2,5.630792089497001e-11,3.4794892656370004e-11,0.61794,1.617387,2.09,D,5.6363765582595476e-11,140.83899445925906,21.487229156998076,714811040.3446422,714.8110403446422,6,4.4,440.00000000000006,6.514156594356944,14.973072562641132,4,2.4,240.0
9.0,V2V,se_5,sn_2,-72.85,95.85,0.1,True,2,5.1899555060510005e-11,4.1879509347410005e-11,0.806934,4.179573,6.21,D,5.18800038928962e-11,129.63519213617238,21.127229156998084,702939979.0188835,702.9399790188835,6,4.4,440.00000000000006,6.514156594356944,14.61307256264114,4,2.4,240.0
9.0,V2V,se_5,sn_3,-70.92,93.92,0.14,True,2,8.091540083224001e-11,5.231207533459e-11,0.646503,1.828881,2.62,D,8.090958991783813e-11,202.1728883504201,23.05722915699807,766656408.9660474,766.6564089660474,6,4.4,440.00000000000006,6.514156594356944,16.543072562641125,5,3.3,330.0
9.0,V2V,se_5,sn_4,-69.79,92.79,0.12,True,2,1.048944497614e-10,9.354333537246e-11,0.891785,8.240894,9.16,D,1.0495424286523197e-10,262.25447992311837,24.187229156998065,804031427.2242707,804.0314272242707,6,4.4,440.00000000000006,6.514156594356944,17.67307256264112,5,3.3,330.0
9.0,V2V,se_5,sn_5,-68.22,91.22,0.15,True,2,1.505565272378e-10,1.317261337454e-10,0.874928,6.9954,8.45,D,1.5066070661867418e-10,376.46353477929574,25.757229156998072,856019346.8029329,856.0193468029329,7,5.5,550.0,6.514156594356944,19.243072562641128,5,3.3,330.0
9.0,V2V,se_5,sn_6,-66.66,89.66,0.11,True,2,2.155715495462e-10,2.064117554576e-10,0.957509,22.534541,13.53,D,2.1577444091526687e-10,539.1665190286528,27.31722915699808,907726041.0280128,907.7260410280128,7,5.5,550.0,6.514156594356944,20.803072562641137,6,4.4,440.00000000000006
9.0,V2V,se_5,sn_7,-63.61,86.61,0.24,True,2,4.360062094182e-10,3.872386423859e-10,0.888149,7.940495,9.0,D,4.3551187368556876e-10,1088.2355664307065,30.36722915699808,1008910028.0745732,1008.9100280745732,7,5.5,550.0,6.514156594356944,23.853072562641135,6,4.4,440.00000000000006
9.0,V2V,se_5,sn_8,-57.42,80.42,0.07,True,2,1.811159351486e-09,1.807981958372e-09,0.998246,569.01425,27.55,D,1.8113400926196023e-09,4526.087187955028,36.55722915699808,1214436737.662868,1214.436737662868,7,5.5,550.0,6.514156594356944,30.043072562641132,7,5.5,550.0
9.0,V2V,se_5,sn_9,-43.38,66.38,0.96,True,2,4.588577455647e-08,4.45397252799e-08,0.970665,33.089223,15.2,D,4.5919801283686855e-08,114742.13214314554,50.597229156998075,1680804827.93217,1680.80482793217,7,5.5,550.0,6.514156594356944,44.083072562641135,7,5.5,550.0
9.0,V2V,se_5,sn_10,-53.7,76.7,0.11,True,2,4.268793779919e-09,4.260037622516e-09,0.997949,486.519078,26.87,D,4.2657951880159256e-09,10659.15839084439,40.277229156998075,1337994125.3667936,1337.9941253667937,7,5.5,550.0,6.514156594356944,33.76307256264113,7,5.5,550.0
9.0,V2V,se_5,se_0,-70.46,93.46,0.14,True,2,8.993279513967e-11,6.528810976631001e-11,0.725966,2.649176,4.23,D,8.994975815300364e-11,224.7620143753214,23.51722915699808,781865895.5414325,781.8658955414325,6,4.4,440.00000000000006,6.514156594356944,17.003072562641137,5,3.3,330.0
9.0,V2V,se_5,se_1,-69.69,92.69,0.13,True,2,1.074008712941e-10,9.334797810481e-11,0.869155,6.642616,8.22,D,1.0739894123412462e-10,268.36317149956176,24.28722915699808,807340880.2538493,807.3408802538493,6,4.4,440.00000000000006,6.514156594356944,17.773072562641136,5,3.3,330.0
9.0,V2V,se_5,se_2,-66.93,89.93,0.21,True,2,2.025822966833e-10,1.511038180535e-10,0.745889,2.935281,4.68,D,2.0276827195212796e-10,506.6673462072162,27.04722915699807,898773965.6893762,898.7739656893763,7,5.5,550.0,6.514156594356944,20.533072562641127,6,4.4,440.00000000000006
9.0,V2V,se_5,se_3,-63.54,86.54,0.12,True,2,4.421308959532e-10,4.324886931593e-10,0.978192,44.853723,16.52,D,4.4258837236262645e-10,1105.9179719206056,30.43722915699807,1011233259.9926908,1011.2332599926908,7,5.5,550.0,6.514156594356944,23.923072562641128,6,4.4,440.00000000000006
9.0,V2V,se_5,se_4,-57.92,80.92,0.14,True,2,1.614851352934e-09,1.60145306387e-09,0.991703,119.526684,20.77,D,1.6143585568264866e-09,4033.8794523400466,36.05722915699808,1197830985.627936,1197.830985627936,7,5.5,550.0,6.514156594356944,29.543072562641132,7,5.5,550.0
9.0,V2V,se_5,se_6,-58.81,81.81,0.03,True,2,1.314428458658e-09,1.313696216844e-09,0.999443,1794.074297,32.54,D,1.3152248321922374e-09,3286.4188710450712,35.167229156998076,1168273957.5786362,1168.273957578636,7,5.5,550.0,6.514156594356944,28.653072562641132,7,5.5,550.0
9.0,V2V,se_6,sn_0,-76.45,99.45,0.01,True,2,2.2632189047820003e-11,2.249134720877e-11,0.993777,159.692229,22.03,D,2.2646443075930572e-11,56.58781378293495,17.527229156998068,584769164.8656303,584.7691648656303,5,3.3,330.0,6.514156594356944,11.013072562641124,4,2.4,240.0
9.0,V2V,se_6,sn_1,-74.31,97.31,0.09,True,2,3.708501718199e-11,2.5736614319330003e-11,0.69399,2.267862,3.56,D,3.70680721782576e-11,92.62386851138828,19.667229156998072,654880447.2914046,654.8804472914046,5,3.3,330.0,6.514156594356944,13.153072562641128,4,2.4,240.0
9.0,V2V,se_6,sn_2,-73.29,96.29,0.1,True,2,4.6852650738850005e-11,3.015183477047e-11,0.643546,1.805411,2.57,D,4.6881338214526456e-11,117.14477314974124,20.687229156998068,688441199.4137261,688.441199413726,6,4.4,440.00000000000006,6.514156594356944,14.173072562641124,4,2.4,240.0
9.0,V2V,se_6,sn_3,-73.6,96.6,0.09,True,2,4.361535829846e-11,3.635562144986e-11,0.833551,5.007843,7.0,D,4.3651583224016655e-11,109.0744208496168,20.37722915699808,678233544.3410568,678.2335443410568,6,4.4,440.00000000000006,6.514156594356944,13.863072562641136,4,2.4,240.0
9.0,V2V,se_6,sn_4,-70.82,93.82,0.14,True,2,8.272162763216e-11,5.828746801369e-11,0.704622,2.385491,3.78,D,8.27942163712336e-11,206.88209987814497,23.157229156998085,769962172.7053102,769.9621727053102,6,4.4,440.00000000000006,6.514156594356944,16.64307256264114,5,3.3,330.0
9.0,V2V,se_6,sn_5,-70.11,93.11,0.14,True,2,9.741509589547e-11,7.598680545003e-11,0.780031,3.546097,5.5,D,9.749896377173868e-11,243.62559663103113,23.86722915699807,793443155.9300611,793.4431559300612,6,4.4,440.00000000000006,6.514156594356944,17.353072562641128,5,3.3,330.0
9.0,V2V,se_6,sn_6,-69.23,92.23,0.13,True,2,1.194461135748e-10,1.058612213815e-10,0.886268,7.79257,8.92,D,1.1939881044642728e-10,298.34785218997325,24.74722915699807,822567910.8767768,822.5679108767769,6,4.4,440.00000000000006,6.514156594356944,18.23307256264113,5,3.3,330.0
9.0,V2V,se_6,sn_7,-66.68,89.68,0.22,True,2,2.147764590072e-10,1.626701135495e-10,0.757393,3.121887,4.94,D,2.1478304741305286e-10,536.6892738956843,27.297229156998064,907062888.2046744,907.0628882046744,7,5.5,550.0,6.514156594356944,20.78307256264112,6,4.4,440.00000000000006
9.0,V2V,se_6,sn_8,-63.43,86.43,0.28,True,2,4.54446975201e-10,3.828828775314e-10,0.842525,5.350209,7.28,D,4.539416166502032e-10,1134.2868981764198,30.547229156998075,1014884121.149354,1014.884121149354,7,5.5,550.0,6.514156594356944,24.03307256264113,6,4.4,440.00000000000006
9.0,V2V,se_6,sn_9,-60.13,83.13,0.14,True,2,9.713736886867e-10,9.574032821075e-10,0.985618,68.53081,18.36,D,9.705099672454899e-10,2425.062386920264,33.847229156998075,1124440093.4932222,1124.4400934932223,7,5.5,550.0,6.514156594356944,27.33307256264113,7,5.5,550.0
9.0,V2V,se_6,sn_10,-51.78,74.78,0.02,True,2,6.641935602335e-09,6.641467658146e-09,0.99993,14192.862782,41.52,D,6.637430704019089e-09,16585.28411798873,42.19722915699808,1401770309.0134122,1401.7703090134123,7,5.5,550.0,6.514156594356944,35.68307256264113,7,5.5,550.0
9.0,V2V,se_6,se_0,-73.44,96.44,0.05,True,2,4.5260976140790007e-11,4.365464600954e-11,0.96451,27.176634,14.34,D,4.5289757990362126e-11,113.16781107037012,20.53722915699808,683501213.8591897,683.5012138591898,6,4.4,440.00000000000006,6.514156594356944,14.023072562641136,4,2.4,240.0
9.0,V2V,se_6,se_1,-70.9,93.9,0.14,True,2,8.132489322374001e-11,5.81901050439e-11,0.715526,2.515264,4.01,D,8.12830516164098e-11,203.10607600302296,23.077229156998065,767317532.0155911,767.3175320155912,6,4.4,440.00000000000006,6.514156594356944,16.56307256264112,5,3.3,330.0
9.0,V2V,se_6,se_2,-69.79,92.79,0.14,True,2,1.049227577638e-10,8.425930741363001e-11,0.80306,4.077698,6.1,D,1.0495424286523197e-10,262.25447992311837,24.187229156998065,804031427.2242707,804.0314272242707,6,4.4,440.00000000000006,6.514156594356944,17.67307256264112,5,3.3,330.0
9.0,V2V,se_6,se_3,-66.43,89.43,0.22,True,2,2.275237367019e-10,1.746187058734e-10,0.767475,3.300607,5.19,D,2.2750974307720667e-10,568.4901126366983,27.547229156998068,915352698.4168464,915.3526984168464,7,5.5,550.0,6.514156594356944,21.033072562641124,6,4.4,440.00000000000006
9.0,V2V,se_6,se_4,-63.96,86.96,0.22,True,2,4.014095150058e-10,3.617263876591e-10,0.901141,9.11537,9.6,D,4.0179081084894e-10,1003.9750396025488,30.017229156998077,997294395.4535136,997.2943954535136,7,5.5,550.0,6.514156594356944,23.503072562641133,6,4.4,440.00000000000006
9.0,V2V,se_6,se_5,-58.81,81.81,0.03,True,2,1.314428433824e-09,1.313696216844e-09,0.999443,1794.135145,32.54,D,1.3152248321922374e-09,3286.4188710450712,35.167229156998076,1168273957.5786362,1168.273957578636,7,5.5,550.0,6.514156594356944,28.653072562641132,7,5.5,550.0
