timestamp,link_type,tx_id,rx_id,received_power,path_loss,delay_spread,is_line_of_sight,num_paths,p_tot_watts,p_max_watts,dominance,k_factor,k_factor_db,prop_mode,received_power_watts,snr,snr_db,theoretical_throughput_bps,theoretical_throughput_mbps
0.0,V2I,BS_1,vehicle_0,-96.67,126.67,1089.43,False,1,2.152126351842e-13,2.152126351842e-13,1.0,inf,inf,D,2.152781734724374e-13,0.5379264704458705,-2.692770843001924,62098652.84889688,62.09865284889688
1.0,V2I,BS_1,vehicle_0,-96.31,126.31,1045.42,False,1,2.337133488399e-13,2.337133488399e-13,1.0,inf,inf,D,2.3388372386593537e-13,0.5844171011142812,-2.3327708430019283,66395217.79025206,66.39521779025206
2.0,V2I,BS_1,vehicle_0,-95.9,125.9,996.33,False,1,2.5730820921519997e-13,2.5730820921519997e-13,1.0,inf,inf,D,2.570395782768865e-13,0.6422778067888217,-1.9227708430019246,71569819.32398963,71.56981932398963
3.0,V2I,BS_1,vehicle_0,-95.45,125.45,946.42,False,1,2.8516636181379997e-13,2.8516636181379997e-13,1.0,inf,inf,D,2.85101826750391e-13,0.7123983676921313,-1.472770843001926,77601836.54293029,77.60183654293029
4.0,V2I,BS_1,vehicle_0,-94.99,124.99,897.28,False,1,3.1725352007729995e-13,3.1725352007729995e-13,1.0,inf,inf,D,3.1695674630434997e-13,0.7919958678269613,-1.0127708430019149,84156731.06809947,84.15673106809948
5.0,V2I,BS_1,vehicle_0,-94.51,124.51,849.58,False,1,3.5388140384809995e-13,3.5388140384809995e-13,1.0,inf,inf,D,3.5399734108343424e-13,0.8845510771700005,-0.532770843001932,91422089.70353055,91.42208970353055
5.0,V2I,BS_1,vehicle_1,-96.67,126.67,1089.43,False,1,2.152126351842e-13,2.152126351842e-13,1.0,inf,inf,D,2.152781734724374e-13,0.5379264704458705,-2.692770843001924,62098652.84889688,62.09865284889688
5.0,V2V,vehicle_0,vehicle_1,-76.4,99.4,265.23,True,1,2.2909098661530003e-11,2.2909098661530003e-11,1.0,inf,inf,D,2.29086765276777e-11,57.24306978430209,17.577229156998065,586401449.1733639,586.401449173364
5.0,V2V,vehicle_1,vehicle_0,-76.4,99.4,265.23,True,1,2.2909098661530003e-11,2.2909098661530003e-11,1.0,inf,inf,D,2.29086765276777e-11,57.24306978430209,17.577229156998065,586401449.1733639,586.401449173364
6.0,V2I,BS_1,vehicle_0,-94.01,124.01,801.53,False,1,3.9757939300719995e-13,3.9757939300719995e-13,1.0,inf,inf,D,3.971915494694405e-13,0.9924826323574224,-0.032770843001924684,99456714.88977943,99.45671488977943
6.0,V2I,BS_1,vehicle_1,-96.35,126.35,1049.71,False,1,2.318050080462e-13,2.318050080462e-13,1.0,inf,inf,D,2.31739464996848e-13,0.579059132925657,-2.3727708430019243,65906519.85453387,65.90651985453387
6.0,V2V,vehicle_0,vehicle_1,-76.8,99.8,277.6,True,1,2.091343089811e-11,2.091343089811e-11,1.0,inf,inf,D,2.089296130854041e-11,52.20630012129037,17.177229156998077,573352517.9252946,573.3525179252946
6.0,V2V,vehicle_1,vehicle_0,-76.8,99.8,277.6,True,1,2.091343089811e-11,2.091343089811e-11,1.0,inf,inf,D,2.089296130854041e-11,52.20630012129037,17.177229156998077,573352517.9252946,573.3525179252946
7.0,V2I,BS_1,vehicle_0,-93.49,123.49,755.02,False,1,4.480725063623e-13,4.480725063623e-13,1.0,inf,inf,D,4.4771330417636237e-13,1.1187238984916599,0.4872291569980716,108319559.51522996,108.31955951522995
7.0,V2I,BS_1,vehicle_1,-95.96,125.96,1003.78,False,1,2.535035603287e-13,2.535035603287e-13,1.0,inf,inf,D,2.5351286304979075e-13,0.6334654249120207,-1.9827708430019269,70793591.79924598,70.79359179924599
7.0,V2V,vehicle_0,vehicle_1,-76.94,99.94,282.23,True,1,2.0232409160240002e-11,2.0232409160240002e-11,1.0,inf,inf,D,2.023019178678272e-11,50.5502043647744,17.037229156998073,568790624.1888353,568.7906241888353
7.0,V2V,vehicle_1,vehicle_0,-76.94,99.94,282.23,True,1,2.0232409160240002e-11,2.0232409160240002e-11,1.0,inf,inf,D,2.023019178678272e-11,50.5502043647744,17.037229156998073,568790624.1888353,568.7906241888353
8.0,V2I,BS_1,vehicle_0,-92.95,122.95,709.44,False,1,5.075011475872999e-13,5.075011475872999e-13,1.0,inf,inf,D,5.069907082747044e-13,1.2668433490122548,1.0272291569980743,118068469.65873532,118.06846965873532
8.0,V2I,BS_1,vehicle_1,-95.55,125.55,957.94,False,1,2.7834743926559996e-13,2.7834743926559996e-13,1.0,inf,inf,D,2.786121168629772e-13,0.6961822010569144,-1.572770843001924,76229115.01149851,76.22911501149851
8.0,V2I,BS_1,vehicle_3,-96.64,126.64,1085.5,False,1,2.1677119631459998e-13,2.1677119631459998e-13,1.0,inf,inf,D,2.167704104819696e-13,0.5416551986056212,-2.6627708430019235,62448013.30312515,62.44801330312515
8.0,V2V,vehicle_0,vehicle_1,-77.08,100.08,286.8,True,1,1.959322452735e-11,1.959322452735e-11,1.0,inf,inf,D,1.958844673505989e-11,48.94664351589177,16.897229156998073,564231582.5043563,564.2315825043563
8.0,V2V,vehicle_0,vehicle_3,-98.93,121.93,631.49,False,1,1.277991980199e-13,1.277991980199e-13,1.0,inf,inf,D,1.2793813041575227e-13,0.3196854832977318,-4.952770843001933,40019413.734661765,40.01941373466177
8.0,V2V,vehicle_1,vehicle_0,-77.08,100.08,286.8,True,1,1.959322452735e-11,1.959322452735e-11,1.0,inf,inf,D,1.958844673505989e-11,48.94664351589177,16.897229156998073,564231582.5043563,564.2315825043563
8.0,V2V,vehicle_1,vehicle_3,-85.61,108.61,766.0,True,1,2.746693598888e-12,2.746693598888e-12,1.0,inf,inf,D,2.7478941531023973e-12,6.866302231640172,8.367229156998073,297568561.72129416,297.56856172129415
8.0,V2V,vehicle_3,vehicle_0,-98.93,121.93,631.49,False,1,1.277991980199e-13,1.277991980199e-13,1.0,inf,inf,D,1.2793813041575227e-13,0.3196854832977318,-4.952770843001933,40019413.734661765,40.01941373466177
8.0,V2V,vehicle_3,vehicle_1,-85.61,108.61,766.0,True,1,2.746693598888e-12,2.746693598888e-12,1.0,inf,inf,D,2.7478941531023973e-12,6.866302231640172,8.367229156998073,297568561.72129416,297.56856172129415
9.0,V2I,BS_1,vehicle_0,-92.39,122.39,665.6,False,1,5.765508395104e-13,5.765508395104e-13,1.0,inf,inf,D,5.767664633922498e-13,1.441195560700274,1.5872291569980657,128758787.19939058,128.75878719939058
9.0,V2I,BS_1,vehicle_1,-95.12,125.12,911.1,False,1,3.077055417169e-13,3.077055417169e-13,1.0,inf,inf,D,3.076096814740705e-13,0.7686398837433045,-1.142770843001931,82264032.7945748,82.2640327945748
9.0,V2I,BS_1,vehicle_3,-96.27,126.27,1040.81,False,1,2.357894557404e-13,2.357894557404e-13,1.0,inf,inf,D,2.360478233180583e-13,0.5898246459721597,-2.292770843001915,66886764.831620805,66.88676483162081
9.0,V2V,vehicle_0,vehicle_1,-77.15,100.15,289.3,True,1,1.9256056075460002e-11,1.9256056075460002e-11,1.0,inf,inf,D,1.9275249131909327e-11,48.16404080936863,16.827229156998065,561953159.1071087,561.9531591071087
9.0,V2V,vehicle_0,vehicle_3,-98.06,121.06,570.69,False,1,1.564803259671e-13,1.564803259671e-13,1.0,inf,inf,D,1.5631476426409507e-13,0.39059161485281124,-4.082770843001936,47569879.534252465,47.569879534252465
9.0,V2V,vehicle_1,vehicle_0,-77.15,100.15,289.3,True,1,1.9256056075460002e-11,1.9256056075460002e-11,1.0,inf,inf,D,1.9275249131909327e-11,48.16404080936863,16.827229156998065,561953159.1071087,561.9531591071087
9.0,V2V,vehicle_1,vehicle_3,-84.78,107.78,696.0,True,1,3.326989406927e-12,3.326989406927e-12,1.0,inf,inf,D,3.326595532940047e-12,8.312332666017108,9.197229156998075,321914259.68029666,321.91425968029665
9.0,V2V,vehicle_3,vehicle_0,-98.06,121.06,570.69,False,1,1.564803259671e-13,1.564803259671e-13,1.0,inf,inf,D,1.5631476426409507e-13,0.39059161485281124,-4.082770843001936,47569879.534252465,47.569879534252465
9.0,V2V,vehicle_3,vehicle_1,-84.78,107.78,696.0,True,1,3.326989406927e-12,3.326989406927e-12,1.0,inf,inf,D,3.326595532940047e-12,8.312332666017108,9.197229156998075,321914259.68029666,321.91425968029665
10.0,V2I,BS_1,vehicle_0,-91.92,121.92,630.71,False,1,6.421042066787999e-13,6.421042066787999e-13,1.0,inf,inf,D,6.426877173170194e-13,1.6059163351249859,2.057229156998072,138179076.5856206,138.1790765856206
10.0,V2I,BS_1,vehicle_1,-94.68,124.68,866.3,False,1,3.4035384184659996e-13,3.4035384184659996e-13,1.0,inf,inf,D,3.404081897010009e-13,0.8505951766641701,-0.7027708430019264,88798933.5784243,88.79893357842431
10.0,V2I,BS_1,vehicle_3,-95.85,125.85,991.04,False,1,2.60066864684e-13,2.60066864684e-13,1.0,inf,inf,D,2.600159563165278e-13,0.649715033274682,-1.8727708430019165,72221683.92667261,72.22168392667261
10.0,V2I,BS_1,vehicle_4,-96.67,126.67,1089.43,False,1,2.152126351842e-13,2.152126351842e-13,1.0,inf,inf,D,2.152781734724374e-13,0.5379264704458705,-2.692770843001924,62098652.84889688,62.09865284889688
10.0,V2V,vehicle_0,vehicle_1,-76.99,99.99,283.87,True,1,2.0000249487300003e-11,2.0000249487300003e-11,1.0,inf,inf,D,1.999861869632745e-11,49.97156096033845,16.987229156998076,567162063.0105467,567.1620630105467
10.0,V2V,vehicle_0,vehicle_3,-97.06,120.06,508.72,False,1,1.9692978820449997e-13,1.9692978820449997e-13,1.0,inf,inf,D,1.967886289706847e-13,0.4917257095719257,-3.0827708430019216,57698228.504401915,57.69822850440192
10.0,V2V,vehicle_0,vehicle_4,-82.41,105.41,530.07,True,1,5.7359217824170005e-12,5.7359217824170005e-12,1.0,inf,inf,D,5.74116462207328e-12,14.34573868584028,11.567229156998078,393976618.82478887,393.9766188247889
10.0,V2V,vehicle_1,vehicle_0,-76.99,99.99,283.87,True,1,2.0000249487300003e-11,2.0000249487300003e-11,1.0,inf,inf,D,1.999861869632745e-11,49.97156096033845,16.987229156998076,567162063.0105467,567.1620630105467
10.0,V2V,vehicle_1,vehicle_3,-98.81,121.81,622.42,False,1,1.3155291058549998e-13,1.3155291058549998e-13,1.0,inf,inf,D,1.3152248321922376e-13,0.3286418871045071,-4.832770843001929,40995230.30196817,40.99523030196817
10.0,V2V,vehicle_1,vehicle_4,-75.75,98.75,246.2,True,1,2.6588149501120003e-11,2.6588149501120003e-11,1.0,inf,inf,D,2.6607250597988085e-11,66.48488405294373,18.22722915699807,607649248.3805958,607.6492483805958
10.0,V2V,vehicle_3,vehicle_0,-97.06,120.06,508.72,False,1,1.9692978820449997e-13,1.9692978820449997e-13,1.0,inf,inf,D,1.967886289706847e-13,0.4917257095719257,-3.0827708430019216,57698228.504401915,57.69822850440192
10.0,V2V,vehicle_3,vehicle_1,-98.81,121.81,622.42,False,1,1.3155291058549998e-13,1.3155291058549998e-13,1.0,inf,inf,D,1.3152248321922376e-13,0.3286418871045071,-4.832770843001929,40995230.30196817,40.99523030196817
10.0,V2V,vehicle_3,vehicle_4,-85.92,108.92,793.38,True,1,2.560366899594e-12,2.560366899594e-12,1.0,inf,inf,D,2.558585886905643e-12,6.393268083222495,8.057229156998067,288621222.70562625,288.6212227056262
10.0,V2V,vehicle_4,vehicle_0,-82.41,105.41,530.07,True,1,5.7359217824170005e-12,5.7359217824170005e-12,1.0,inf,inf,D,5.74116462207328e-12,14.34573868584028,11.567229156998078,393976618.82478887,393.9766188247889
10.0,V2V,vehicle_4,vehicle_1,-75.75,98.75,246.2,True,1,2.6588149501120003e-11,2.6588149501120003e-11,1.0,inf,inf,D,2.6607250597988085e-11,66.48488405294373,18.22722915699807,607649248.3805958,607.6492483805958
10.0,V2V,vehicle_4,vehicle_3,-85.92,108.92,793.38,True,1,2.560366899594e-12,2.560366899594e-12,1.0,inf,inf,D,2.558585886905643e-12,6.393268083222495,8.057229156998067,288621222.70562625,288.6212227056262
11.0,V2I,BS_1,vehicle_0,-91.6,121.6,607.63,False,1,6.917970552103e-13,6.917970552103e-13,1.0,inf,inf,D,6.918309709189363e-13,1.7287130707619596,2.3772291569980726,144822070.0529268,144.82207005292682
11.0,V2I,BS_1,vehicle_1,-94.23,124.23,822.39,False,1,3.776671563859e-13,3.776671563859e-13,1.0,inf,inf,D,3.7757219092541603e-13,0.9434587479395702,-0.2527708430019265,95862648.52049564,95.86264852049564
11.0,V2I,BS_1,vehicle_3,-95.4,125.4,941.42,False,1,2.8820473633309997e-13,2.8820473633309997e-13,1.0,inf,inf,D,2.8840315031266e-13,0.7206475520056471,-1.4227708430019352,78295161.39111324,78.29516139111324
11.0,V2I,BS_1,vehicle_4,-96.37,126.37,1052.48,False,1,2.3058980031329997e-13,2.3058980031329997e-13,1.0,inf,inf,D,2.306747188720067e-13,0.5763985978810761,-2.392770843001931,65663237.139191255,65.66323713919125
11.0,V2V,vehicle_0,vehicle_1,-76.37,99.37,264.43,True,1,2.3047923837590002e-11,2.3047923837590002e-11,1.0,inf,inf,D,2.3067471887200668e-11,57.63985978810761,17.60722915699807,587380974.8781263,587.3809748781263
11.0,V2V,vehicle_0,vehicle_3,-96.0,119.0,450.36,False,1,2.51274107956e-13,2.51274107956e-13,1.0,inf,inf,D,2.511886431509582e-13,0.6276577789879014,-2.022770843001924,70279739.95693421,70.27973995693421
11.0,V2V,vehicle_0,vehicle_4,-82.26,105.26,520.87,True,1,5.940336934553e-12,5.940336934553e-12,1.0,inf,inf,D,5.942921586155714e-12,14.849879025876344,11.717229156998064,398639992.3931268,398.63999239312676
11.0,V2V,vehicle_1,vehicle_0,-76.37,99.37,264.43,True,1,2.3047923837590002e-11,2.3047923837590002e-11,1.0,inf,inf,D,2.3067471887200668e-11,57.63985978810761,17.60722915699807,587380974.8781263,587.3809748781263
11.0,V2V,vehicle_1,vehicle_3,-97.72,120.72,548.82,False,1,1.692030832148e-13,1.692030832148e-13,1.0,inf,inf,D,1.6904409316432633e-13,0.4223990333941187,-3.7427708430019284,50832624.888241194,50.83262488824119
11.0,V2V,vehicle_1,vehicle_4,-76.11,99.11,256.43,True,1,2.450841659265e-11,2.450841659265e-11,1.0,inf,inf,D,2.4490632418447466e-11,61.19598305459136,17.867229156998075,595874950.1378936,595.8749501378935
11.0,V2V,vehicle_3,vehicle_0,-96.0,119.0,450.36,False,1,2.51274107956e-13,2.51274107956e-13,1.0,inf,inf,D,2.511886431509582e-13,0.6276577789879014,-2.022770843001924,70279739.95693421,70.27973995693421
11.0,V2V,vehicle_3,vehicle_1,-97.72,120.72,548.82,False,1,1.692030832148e-13,1.692030832148e-13,1.0,inf,inf,D,1.6904409316432633e-13,0.4223990333941187,-3.7427708430019284,50832624.888241194,50.83262488824119
11.0,V2V,vehicle_3,vehicle_4,-85.17,108.17,728.13,True,1,3.039828368555e-12,3.039828368555e-12,1.0,inf,inf,D,3.040885025676283e-12,7.598413357511951,8.807229156998078,310407046.7671532,310.4070467671532
11.0,V2V,vehicle_4,vehicle_0,-82.26,105.26,520.87,True,1,5.940336934553e-12,5.940336934553e-12,1.0,inf,inf,D,5.942921586155714e-12,14.849879025876344,11.717229156998064,398639992.3931268,398.63999239312676
11.0,V2V,vehicle_4,vehicle_1,-76.11,99.11,256.43,True,1,2.450841659265e-11,2.450841659265e-11,1.0,inf,inf,D,2.4490632418447466e-11,61.19598305459136,17.867229156998075,595874950.1378936,595.8749501378935
11.0,V2V,vehicle_4,vehicle_3,-85.17,108.17,728.13,True,1,3.039828368555e-12,3.039828368555e-12,1.0,inf,inf,D,3.040885025676283e-12,7.598413357511951,8.807229156998078,310407046.7671532,310.4070467671532
12.0,V2I,BS_1,vehicle_0,-91.42,121.42,594.93,False,1,7.216528087487999e-13,7.216528087487999e-13,1.0,inf,inf,D,7.211074791829005e-13,1.8018677640752134,2.557229156998079,148638886.8468679,148.63888684686788
12.0,V2I,BS_1,vehicle_1,-93.75,123.75,778.54,False,1,4.2140986602269994e-13,4.2140986602269994e-13,1.0,inf,inf,D,4.216965034285822e-13,1.05371440137077,0.22722915699807303,103823556.80367184,103.82355680367183
12.0,V2I,BS_1,vehicle_3,-94.95,124.95,893.35,False,1,3.200531341588e-13,3.200531341588e-13,1.0,inf,inf,D,3.198895109691391e-13,0.799324115365165,-0.9727708430019364,84745508.51512103,84.74550851512103
12.0,V2I,BS_1,vehicle_4,-96.0,126.0,1008.08,False,1,2.513495667228e-13,2.513495667228e-13,1.0,inf,inf,D,2.511886431509582e-13,0.6276577789879014,-2.022770843001924,70279739.95693421,70.27973995693421
12.0,V2V,vehicle_0,vehicle_1,-75.19,98.19,230.73,True,1,3.027216827065e-11,3.027216827065e-11,1.0,inf,inf,D,3.026913428101305e-11,75.6350181934359,18.787229156998073,625993187.3847293,625.9931873847293
12.0,V2V,vehicle_0,vehicle_3,-79.87,102.87,395.42,True,1,1.0307588833950002e-11,1.0307588833950002e-11,1.0,inf,inf,D,1.0303861204416158e-11,25.746779621229777,14.107229156998072,474129329.2787434,474.1293292787434
12.0,V2V,vehicle_0,vehicle_4,-81.73,104.73,489.83,True,1,6.716879201734e-12,6.716879201734e-12,1.0,inf,inf,D,6.714288529259523e-12,16.777332656820395,12.247229156998074,415196697.07167,415.19669707167
12.0,V2V,vehicle_1,vehicle_0,-75.19,98.19,230.73,True,1,3.027216827065e-11,3.027216827065e-11,1.0,inf,inf,D,3.026913428101305e-11,75.6350181934359,18.787229156998073,625993187.3847293,625.9931873847293
12.0,V2V,vehicle_1,vehicle_3,-96.48,119.48,475.82,False,1,2.2510242822519998e-13,2.2510242822519998e-13,1.0,inf,inf,D,2.2490546058357828e-13,0.5619826601288812,-2.502770843001923,64337843.79325641,64.33784379325641
12.0,V2V,vehicle_1,vehicle_4,-76.2,99.2,259.1,True,1,2.400652963352e-11,2.400652963352e-11,1.0,inf,inf,D,2.3988329190194896e-11,59.94085254921263,17.77722915699807,592933777.8041358,592.9337778041358
12.0,V2V,vehicle_3,vehicle_0,-79.87,102.87,395.42,True,1,1.0307588833950002e-11,1.0307588833950002e-11,1.0,inf,inf,D,1.0303861204416158e-11,25.746779621229777,14.107229156998072,474129329.2787434,474.1293292787434
12.0,V2V,vehicle_3,vehicle_1,-96.48,119.48,475.82,False,1,2.2510242822519998e-13,2.2510242822519998e-13,1.0,inf,inf,D,2.2490546058357828e-13,0.5619826601288812,-2.502770843001923,64337843.79325641,64.33784379325641
12.0,V2V,vehicle_3,vehicle_4,-99.28,122.28,657.25,False,1,1.179771806152e-13,1.179771806152e-13,1.0,inf,inf,D,1.1803206356517274e-13,0.2949326925666485,-5.302770843001935,37287711.210187994,37.28771121018799
12.0,V2V,vehicle_4,vehicle_0,-81.73,104.73,489.83,True,1,6.716879201734e-12,6.716879201734e-12,1.0,inf,inf,D,6.714288529259523e-12,16.777332656820395,12.247229156998074,415196697.07167,415.19669707167
12.0,V2V,vehicle_4,vehicle_1,-76.2,99.2,259.1,True,1,2.400652963352e-11,2.400652963352e-11,1.0,inf,inf,D,2.3988329190194896e-11,59.94085254921263,17.77722915699807,592933777.8041358,592.9337778041358
12.0,V2V,vehicle_4,vehicle_3,-99.28,122.28,657.25,False,1,1.179771806152e-13,1.179771806152e-13,1.0,inf,inf,D,1.1803206356517274e-13,0.2949326925666485,-5.302770843001935,37287711.210187994,37.28771121018799
13.0,V2I,BS_1,vehicle_0,-91.15,121.15,576.82,False,1,7.676949095062999e-13,7.676949095062999e-13,1.0,inf,inf,D,7.673614893618185e-13,1.917445000904094,2.8272291569980714,154470545.87875238,154.47054587875238
13.0,V2I,BS_1,vehicle_1,-93.27,123.27,736.25,False,1,4.712030688507999e-13,4.712030688507999e-13,1.0,inf,inf,D,4.709773263969529e-13,1.176854888548108,0.7072291569980736,112224523.91523647,112.22452391523647
13.0,V2I,BS_1,vehicle_3,-94.47,124.47,845.8,False,1,3.5704641682299994e-13,3.5704641682299994e-13,1.0,inf,inf,D,3.572728381519296e-13,0.8927357275160659,-0.49277084300191787,92047298.93735057,92.04729893735058
13.0,V2I,BS_1,vehicle_4,-95.56,125.56,958.36,False,1,2.781024863792e-13,2.781024863792e-13,1.0,inf,inf,D,2.779713267759283e-13,0.6945810264266074,-1.5827708430019354,76092862.09641914,76.09286209641914
13.0,V2V,vehicle_0,vehicle_1,-74.2,97.2,205.8,True,1,3.8051647807520004e-11,3.8051647807520004e-11,1.0,inf,inf,D,3.801893963205613e-11,94.99984915556253,19.777229156998075,658496023.3818105,658.4960233818106
13.0,V2V,vehicle_0,vehicle_3,-78.57,101.57,340.38,True,1,1.3910292624950001e-11,1.3910292624950001e-11,1.0,inf,inf,D,1.3899526312133555e-11,34.73145005530623,15.407229156998081,515912255.7513321,515.912255751332
13.0,V2V,vehicle_0,vehicle_4,-81.19,104.19,460.5,True,1,7.59984859325e-12,7.59984859325e-12,1.0,inf,inf,D,7.603262769401823e-12,18.9986575947072,12.787229156998077,432183125.7564513,432.1831257564513
13.0,V2V,vehicle_1,vehicle_0,-74.2,97.2,205.8,True,1,3.8051647807520004e-11,3.8051647807520004e-11,1.0,inf,inf,D,3.801893963205613e-11,94.99984915556253,19.777229156998075,658496023.3818105,658.4960233818106
13.0,V2V,vehicle_1,vehicle_3,-95.04,118.04,403.44,False,1,3.131102899698e-13,3.131102899698e-13,1.0,inf,inf,D,3.133285724315576e-13,0.7829299660958461,-1.0627708430019394,83425003.4678791,83.42500346787911
13.0,V2V,vehicle_1,vehicle_4,-76.05,99.05,254.7,True,1,2.484313042245e-11,2.484313042245e-11,1.0,inf,inf,D,2.4831331052955727e-11,62.04730398039911,17.927229156998077,597836277.4445314,597.8362774445314
13.0,V2V,vehicle_3,vehicle_0,-78.57,101.57,340.38,True,1,1.3910292624950001e-11,1.3910292624950001e-11,1.0,inf,inf,D,1.3899526312133555e-11,34.73145005530623,15.407229156998081,515912255.7513321,515.912255751332
13.0,V2V,vehicle_3,vehicle_1,-95.04,118.04,403.44,False,1,3.131102899698e-13,3.131102899698e-13,1.0,inf,inf,D,3.133285724315576e-13,0.7829299660958461,-1.0627708430019394,83425003.4678791,83.42500346787911
13.0,V2V,vehicle_3,vehicle_4,-98.22,121.22,581.47,False,1,1.5073173638779998e-13,1.5073173638779998e-13,1.0,inf,inf,D,1.506607066186745e-13,0.37646353477929656,-4.242770843001918,46096639.06164275,46.096639061642755
13.0,V2V,vehicle_4,vehicle_0,-81.19,104.19,460.5,True,1,7.59984859325e-12,7.59984859325e-12,1.0,inf,inf,D,7.603262769401823e-12,18.9986575947072,12.787229156998077,432183125.7564513,432.1831257564513
13.0,V2V,vehicle_4,vehicle_1,-76.05,99.05,254.7,True,1,2.484313042245e-11,2.484313042245e-11,1.0,inf,inf,D,2.4831331052955727e-11,62.04730398039911,17.927229156998077,597836277.4445314,597.8362774445314
13.0,V2V,vehicle_4,vehicle_3,-98.22,121.22,581.47,False,1,1.5073173638779998e-13,1.5073173638779998e-13,1.0,inf,inf,D,1.506607066186745e-13,0.37646353477929656,-4.242770843001918,46096639.06164275,46.096639061642755
14.0,V2I,BS_1,vehicle_0,-90.81,120.81,554.71,False,1,8.301126966204999e-13,8.301126966204999e-13,1.0,inf,inf,D,8.298507675144234e-13,2.073590123724196,3.1672291569980784,161992478.83544245,161.99247883544245
14.0,V2I,BS_1,vehicle_1,-92.77,122.77,695.26,False,1,5.284153282407999e-13,5.284153282407999e-13,1.0,inf,inf,D,5.284452517751813e-13,1.3204529029864598,1.2072291569980806,121440641.61819212,121.44064161819212
14.0,V2I,BS_1,vehicle_3,-93.98,123.98,798.7,False,1,4.0040284820959995e-13,4.0040284820959995e-13,1.0,inf,inf,D,3.9994474976109775e-13,0.9993621933060912,-0.0027708430019235436,99953984.63466555,99.95398463466555
14.0,V2I,BS_1,vehicle_4,-95.11,125.11,909.67,False,1,3.086727519573e-13,3.086727519573e-13,1.0,inf,inf,D,3.0831879502493595e-13,0.770411781671504,-1.1327708430019192,82408495.70776442,82.40849570776442
14.0,V2V,vehicle_0,vehicle_1,-73.4,96.4,187.87,True,1,4.566303250591e-11,4.566303250591e-11,1.0,inf,inf,D,4.570881896148743e-11,114.21493993375168,20.577229156998065,684818399.3107334,684.8183993107334
14.0,V2V,vehicle_0,vehicle_3,-77.09,100.09,287.07,True,1,1.9556170499480002e-11,1.9556170499480002e-11,1.0,inf,inf,D,1.954339455775392e-11,48.83406935970494,16.887229156998067,563906048.1579049,563.9060481579048
14.0,V2V,vehicle_0,vehicle_4,-80.76,103.76,438.4,True,1,8.385387144395e-12,8.385387144395e-12,1.0,inf,inf,D,8.394599865193966e-12,20.976011657156334,13.21722915699807,445785767.5690306,445.7857675690306
14.0,V2V,vehicle_1,vehicle_0,-73.4,96.4,187.87,True,1,4.566303250591e-11,4.566303250591e-11,1.0,inf,inf,D,4.570881896148743e-11,114.21493993375168,20.577229156998065,684818399.3107334,684.8183993107334
14.0,V2V,vehicle_1,vehicle_3,-93.33,116.33,331.36,False,1,4.641493126947e-13,4.641493126947e-13,1.0,inf,inf,D,4.645152752227492e-13,1.160707834139803,0.6472291569980714,111150400.75357439,111.15040075357439
14.0,V2V,vehicle_1,vehicle_4,-75.9,98.9,250.53,True,1,2.5676343427830002e-11,2.5676343427830002e-11,1.0,inf,inf,D,2.5703957827688594e-11,64.22778067888204,18.077229156998065,602741463.7741863,602.7414637741863
14.0,V2V,vehicle_3,vehicle_0,-77.09,100.09,287.07,True,1,1.9556170499480002e-11,1.9556170499480002e-11,1.0,inf,inf,D,1.954339455775392e-11,48.83406935970494,16.887229156998067,563906048.1579049,563.9060481579048
14.0,V2V,vehicle_3,vehicle_1,-93.33,116.33,331.36,False,1,4.641493126947e-13,4.641493126947e-13,1.0,inf,inf,D,4.645152752227492e-13,1.160707834139803,0.6472291569980714,111150400.75357439,111.15040075357439
14.0,V2V,vehicle_3,vehicle_4,-97.01,120.01,506.13,False,1,1.9895206225699997e-13,1.9895206225699997e-13,1.0,inf,inf,D,1.9906733389871843e-13,0.49741962493432884,-3.0327708430019316,58247856.740763105,58.247856740763105
14.0,V2V,vehicle_4,vehicle_0,-80.76,103.76,438.4,True,1,8.385387144395e-12,8.385387144395e-12,1.0,inf,inf,D,8.394599865193966e-12,20.976011657156334,13.21722915699807,445785767.5690306,445.7857675690306
14.0,V2V,vehicle_4,vehicle_1,-75.9,98.9,250.53,True,1,2.5676343427830002e-11,2.5676343427830002e-11,1.0,inf,inf,D,2.5703957827688594e-11,64.22778067888204,18.077229156998065,602741463.7741863,602.7414637741863
14.0,V2V,vehicle_4,vehicle_3,-97.01,120.01,506.13,False,1,1.9895206225699997e-13,1.9895206225699997e-13,1.0,inf,inf,D,1.9906733389871843e-13,0.49741962493432884,-3.0327708430019316,58247856.740763105,58.247856740763105
15.0,V2I,BS_1,vehicle_0,-90.39,120.39,528.55,False,1,9.143086332805e-13,9.143086332805e-13,1.0,inf,inf,D,9.14113241470251e-13,2.2841410331590475,3.587229156998077,171551608.31054455,171.55160831054454
15.0,V2I,BS_1,vehicle_1,-92.24,122.24,654.24,False,1,5.967495689188e-13,5.967495689188e-13,1.0,inf,inf,D,5.970352865838365e-13,1.4918422953119352,1.7372291569980711,131721276.540408,131.721276540408
15.0,V2I,BS_1,vehicle_3,-93.46,123.46,753.1,False,1,4.5035742939689994e-13,4.5035742939689994e-13,1.0,inf,inf,D,4.5081670454146e-13,1.1264785220926037,0.5172291569980726,108846628.34955494,108.84662834955495
15.0,V2I,BS_1,vehicle_4,-94.62,124.62,860.58,False,1,3.4489369679169994e-13,3.4489369679169994e-13,1.0,inf,inf,D,3.4514373933585645e-13,0.8624281342725048,-0.642770843001924,89718475.72102332,89.71847572102332
15.0,V2I,BS_1,vehicle_5,-96.64,126.64,1085.5,False,1,2.1677119631459998e-13,2.1677119631459998e-13,1.0,inf,inf,D,2.167704104819696e-13,0.5416551986056212,-2.6627708430019235,62448013.30312515,62.44801330312515
15.0,V2V,vehicle_0,vehicle_1,-72.85,95.85,176.27,True,1,5.1870905058570006e-11,5.1870905058570006e-11,1.0,inf,inf,D,5.18800038928962e-11,129.63519213617238,21.127229156998084,702939979.0188835,702.9399790188835
15.0,V2V,vehicle_0,vehicle_3,-90.57,113.57,240.97,False,1,8.776496992082e-13,8.776496992082e-13,1.0,inf,inf,D,8.770008211436376e-13,2.1914063496842515,3.4072291569980875,167419231.32085684,167.41923132085685
15.0,V2V,vehicle_0,vehicle_4,-80.46,103.46,423.07,True,1,9.004230247986e-12,9.004230247986e-12,1.0,inf,inf,D,8.994975815300364e-12,22.47620143753214,13.517229156998079,455312708.7212257,455.3127087212257
15.0,V2V,vehicle_0,vehicle_5,-98.59,121.59,607.08,False,1,1.382829782931e-13,1.382829782931e-13,1.0,inf,inf,D,1.383566378971781e-13,0.34571873537525755,-4.612770843001926,42837690.810449176,42.837690810449175
15.0,V2V,vehicle_1,vehicle_0,-72.85,95.85,176.27,True,1,5.1870905058570006e-11,5.1870905058570006e-11,1.0,inf,inf,D,5.18800038928962e-11,129.63519213617238,21.127229156998084,702939979.0188835,702.9399790188835
15.0,V2V,vehicle_1,vehicle_3,-91.23,114.23,260.0,False,1,7.539180192935999e-13,7.539180192935999e-13,1.0,inf,inf,D,7.533555637337154e-13,1.8824476854915426,2.7472291569980625,152729442.41591585,152.72944241591586
15.0,V2V,vehicle_1,vehicle_4,-75.77,98.77,246.8,True,1,2.6459028771630002e-11,2.6459028771630002e-11,1.0,inf,inf,D,2.648500138606701e-11,66.17941375828838,18.207229156998075,606994730.082446,606.9947300824459
15.0,V2V,vehicle_1,vehicle_5,-98.7,121.7,614.88,False,1,1.3479731413159998e-13,1.3479731413159998e-13,1.0,inf,inf,D,1.3489628825916504e-13,0.33707218455563476,-4.722770843001936,41907735.435368896,41.9077354353689
15.0,V2V,vehicle_3,vehicle_0,-90.57,113.57,240.97,False,1,8.776496992082e-13,8.776496992082e-13,1.0,inf,inf,D,8.770008211436376e-13,2.1914063496842515,3.4072291569980875,167419231.32085684,167.41923132085685
15.0,V2V,vehicle_3,vehicle_1,-91.23,114.23,260.0,False,1,7.539180192935999e-13,7.539180192935999e-13,1.0,inf,inf,D,7.533555637337154e-13,1.8824476854915426,2.7472291569980625,152729442.41591585,152.72944241591586
15.0,V2V,vehicle_3,vehicle_4,-95.61,118.61,430.53,False,1,2.749532035275e-13,2.749532035275e-13,1.0,inf,inf,D,2.7478941531023975e-13,0.6866302231640172,-1.632770843001926,75414371.18099533,75.41437118099533
15.0,V2V,vehicle_3,vehicle_5,-79.31,102.31,370.9,True,1,1.171522253548e-11,1.171522253548e-11,1.0,inf,inf,D,1.1721953655481304e-11,29.29023901919366,14.667229156998074,492078105.73205763,492.0781057320576
15.0,V2V,vehicle_4,vehicle_0,-80.46,103.46,423.07,True,1,9.004230247986e-12,9.004230247986e-12,1.0,inf,inf,D,8.994975815300364e-12,22.47620143753214,13.517229156998079,455312708.7212257,455.3127087212257
15.0,V2V,vehicle_4,vehicle_1,-75.77,98.77,246.8,True,1,2.6459028771630002e-11,2.6459028771630002e-11,1.0,inf,inf,D,2.648500138606701e-11,66.17941375828838,18.207229156998075,606994730.082446,606.9947300824459
15.0,V2V,vehicle_4,vehicle_3,-95.61,118.61,430.53,False,1,2.749532035275e-13,2.749532035275e-13,1.0,inf,inf,D,2.7478941531023975e-13,0.6866302231640172,-1.632770843001926,75414371.18099533,75.41437118099533
15.0,V2V,vehicle_4,vehicle_5,-99.88,122.88,704.16,False,1,1.0278417863309999e-13,1.0278417863309999e-13,1.0,inf,inf,D,1.0280162981264746e-13,0.256875636713262,-5.902770843001921,32984190.737723723,32.98419073772372
15.0,V2V,vehicle_5,vehicle_0,-98.59,121.59,607.08,False,1,1.382829782931e-13,1.382829782931e-13,1.0,inf,inf,D,1.383566378971781e-13,0.34571873537525755,-4.612770843001926,42837690.810449176,42.837690810449175
15.0,V2V,vehicle_5,vehicle_1,-98.7,121.7,614.88,False,1,1.3479731413159998e-13,1.3479731413159998e-13,1.0,inf,inf,D,1.3489628825916504e-13,0.33707218455563476,-4.722770843001936,41907735.435368896,41.9077354353689
15.0,V2V,vehicle_5,vehicle_3,-79.31,102.31,370.9,True,1,1.171522253548e-11,1.171522253548e-11,1.0,inf,inf,D,1.1721953655481304e-11,29.29023901919366,14.667229156998074,492078105.73205763,492.0781057320576
15.0,V2V,vehicle_5,vehicle_4,-99.88,122.88,704.16,False,1,1.0278417863309999e-13,1.0278417863309999e-13,1.0,inf,inf,D,1.0280162981264746e-13,0.256875636713262,-5.902770843001921,32984190.737723723,32.98419073772372
16.0,V2I,BS_1,vehicle_0,-89.9,119.9,499.38,False,1,1.0242424345110001e-12,1.0242424345110001e-12,1.0,inf,inf,D,1.0232929922807536e-12,2.556954003700034,4.077229156998071,183064231.84922814,183.06423184922815
16.0,V2I,BS_1,vehicle_1,-91.81,121.81,622.84,False,1,6.584253509722999e-13,6.584253509722999e-13,1.0,inf,inf,D,6.591738952443199e-13,1.6471111825195397,2.1672291569980637,140441879.13958192,140.4418791395819
16.0,V2I,BS_1,vehicle_3,-92.93,122.93,708.07,False,1,5.094645030029e-13,5.094645030029e-13,1.0,inf,inf,D,5.093308710571941e-13,1.2726908322268717,1.0472291569980625,118440143.9039124,118.4401439039124
16.0,V2I,BS_1,vehicle_4,-94.12,124.12,812.44,False,1,3.8697320430259994e-13,3.8697320430259994e-13,1.0,inf,inf,D,3.872576449216165e-13,0.9676602821629596,-0.14277084300193452,97648115.99326377,97.64811599326377
16.0,V2I,BS_1,vehicle_5,-96.32,126.32,1045.64,False,1,2.3361416601719997e-13,2.3361416601719997e-13,1.0,inf,inf,D,2.3334580622810043e-13,0.5830729790807107,-2.342770843001923,66272776.47176443,66.27277647176443
16.0,V2V,vehicle_0,vehicle_1,-73.21,96.21,183.77,True,1,4.772332932384e-11,4.772332932384e-11,1.0,inf,inf,D,4.7752927365769114e-11,119.32265708587983,20.767229156998077,691076452.1296991,691.0764521296991
16.0,V2V,vehicle_0,vehicle_3,-89.38,112.38,210.13,False,1,1.154251915628e-12,1.154251915628e-12,1.0,inf,inf,D,1.1534532578210952e-12,2.8821920485284735,4.597229156998085,195687148.8635396,195.68714886353962
16.0,V2V,vehicle_0,vehicle_4,-80.32,103.32,416.3,True,1,9.299324174796e-12,9.299324174796e-12,1.0,inf,inf,D,9.289663867799362e-12,23.212553392802,13.657229156998072,459768332.51075584,459.76833251075584
16.0,V2V,vehicle_0,vehicle_5,-98.07,121.07,571.6,False,1,1.5598423483509998e-13,1.5598423483509998e-13,1.0,inf,inf,D,1.5595525028269585e-13,0.38969327906720597,-4.092770843001913,47476649.90653472,47.47664990653472
16.0,V2V,vehicle_1,vehicle_0,-73.21,96.21,183.77,True,1,4.772332932384e-11,4.772332932384e-11,1.0,inf,inf,D,4.7752927365769114e-11,119.32265708587983,20.767229156998077,691076452.1296991,691.0764521296991
16.0,V2V,vehicle_1,vehicle_3,-88.69,111.69,194.05,False,1,1.353479217456e-12,1.353479217456e-12,1.0,inf,inf,D,1.352072563194278e-12,3.378492161904742,5.287229156998076,213043412.89437097,213.04341289437096
16.0,V2V,vehicle_1,vehicle_4,-75.26,98.26,232.53,True,1,2.9805319034980005e-11,2.9805319034980005e-11,1.0,inf,inf,D,2.978516429429185e-11,74.42569788678622,18.717229156998066,623698423.5058115,623.6984235058114
16.0,V2V,vehicle_1,vehicle_5,-97.98,120.98,565.89,False,1,1.591500395044e-13,1.591500395044e-13,1.0,inf,inf,D,1.59220872705117e-13,0.3978532551352248,-4.002770843001928,48321291.63637629,48.321291636376294
16.0,V2V,vehicle_3,vehicle_0,-89.38,112.38,210.13,False,1,1.154251915628e-12,1.154251915628e-12,1.0,inf,inf,D,1.1534532578210952e-12,2.8821920485284735,4.597229156998085,195687148.8635396,195.68714886353962
16.0,V2V,vehicle_3,vehicle_1,-88.69,111.69,194.05,False,1,1.353479217456e-12,1.353479217456e-12,1.0,inf,inf,D,1.352072563194278e-12,3.378492161904742,5.287229156998076,213043412.89437097,213.04341289437096
16.0,V2V,vehicle_3,vehicle_4,-93.94,116.94,355.29,False,1,4.0372761646819994e-13,4.0372761646819994e-13,1.0,inf,inf,D,4.0364539296760484e-13,1.008609177830097,0.03722915699807221,100619688.11161388,100.61968811161388
16.0,V2V,vehicle_3,vehicle_5,-79.56,102.56,381.7,True,1,1.1061649400650001e-11,1.1061649400650001e-11,1.0,inf,inf,D,1.1066237839776653e-11,27.65176871508409,14.41722915699807,484055229.6268089,484.0552296268089
16.0,V2V,vehicle_4,vehicle_0,-80.32,103.32,416.3,True,1,9.299324174796e-12,9.299324174796e-12,1.0,inf,inf,D,9.289663867799362e-12,23.212553392802,13.657229156998072,459768332.51075584,459.76833251075584
16.0,V2V,vehicle_4,vehicle_1,-75.26,98.26,232.53,True,1,2.9805319034980005e-11,2.9805319034980005e-11,1.0,inf,inf,D,2.978516429429185e-11,74.42569788678622,18.717229156998066,623698423.5058115,623.6984235058114
16.0,V2V,vehicle_4,vehicle_3,-93.94,116.94,355.29,False,1,4.0372761646819994e-13,4.0372761646819994e-13,1.0,inf,inf,D,4.0364539296760484e-13,1.008609177830097,0.03722915699807221,100619688.11161388,100.61968811161388
16.0,V2V,vehicle_4,vehicle_5,-99.04,122.04,639.38,False,1,1.246655878268e-13,1.246655878268e-13,1.0,inf,inf,D,1.247383514242943e-13,0.31169003354396374,-5.0627708430019265,39142683.5884076,39.1426835884076
16.0,V2V,vehicle_5,vehicle_0,-98.07,121.07,571.6,False,1,1.5598423483509998e-13,1.5598423483509998e-13,1.0,inf,inf,D,1.5595525028269585e-13,0.38969327906720597,-4.092770843001913,47476649.90653472,47.47664990653472
16.0,V2V,vehicle_5,vehicle_1,-97.98,120.98,565.89,False,1,1.591500395044e-13,1.591500395044e-13,1.0,inf,inf,D,1.59220872705117e-13,0.3978532551352248,-4.002770843001928,48321291.63637629,48.321291636376294
16.0,V2V,vehicle_5,vehicle_3,-79.56,102.56,381.7,True,1,1.1061649400650001e-11,1.1061649400650001e-11,1.0,inf,inf,D,1.1066237839776653e-11,27.65176871508409,14.41722915699807,484055229.6268089,484.0552296268089
16.0,V2V,vehicle_5,vehicle_4,-99.04,122.04,639.38,False,1,1.246655878268e-13,1.246655878268e-13,1.0,inf,inf,D,1.247383514242943e-13,0.31169003354396374,-5.0627708430019265,39142683.5884076,39.1426835884076
17.0,V2I,BS_1,vehicle_0,-89.39,119.39,471.12,False,1,1.150809740034e-12,1.150809740034e-12,1.0,inf,inf,D,1.1508003889444356e-12,2.8755631907657055,4.587229156998072,195440597.58024558,195.4405975802456
17.0,V2I,BS_1,vehicle_1,-91.51,121.51,601.34,False,1,7.063564231534999e-13,7.063564231534999e-13,1.0,inf,inf,D,7.063175542629623e-13,1.7649114299424342,2.4672291569980755,146723326.64891255,146.72332664891255
17.0,V2I,BS_1,vehicle_3,-92.37,122.37,663.97,False,1,5.793887488741e-13,5.793887488741e-13,1.0,inf,inf,D,5.794286964268809e-13,1.4478478171586227,1.6072291569980721,129151386.83838136,129.15138683838137
17.0,V2I,BS_1,vehicle_4,-93.6,123.6,765.12,False,1,4.3631604853249995e-13,4.3631604853249995e-13,1.0,inf,inf,D,4.3651583224016655e-13,1.0907442084961683,0.3772291569980797,106401656.66106385,106.40165666106385
17.0,V2I,BS_1,vehicle_5,-95.92,125.92,998.7,False,1,2.56091397754e-13,2.56091397754e-13,1.0,inf,inf,D,2.5585858869056425e-13,0.6393268083222494,-1.942770843001932,71310349.1866438,71.31034918664379
17.0,V2V,vehicle_0,vehicle_1,-74.28,97.28,207.83,True,1,3.7310734880170005e-11,3.7310734880170005e-11,1.0,inf,inf,D,3.732501577957206e-11,93.26590649568229,19.697229156998073,655866417.5191001,655.8664175191001
17.0,V2V,vehicle_0,vehicle_3,-89.17,112.17,205.11,False,1,1.211351207477e-12,1.211351207477e-12,1.0,inf,inf,D,1.2105981335504828e-12,3.024982842454979,4.807229156998075,200898263.33743668,200.89826333743667
17.0,V2V,vehicle_0,vehicle_4,-80.27,103.27,413.93,True,1,9.405966067874e-12,9.405966067874e-12,1.0,inf,inf,D,9.397233105646395e-12,23.48134209306945,13.707229156998082,461361074.5154104,461.36107451541045
17.0,V2V,vehicle_0,vehicle_5,-97.5,120.5,535.29,False,1,1.7786104192809997e-13,1.7786104192809997e-13,1.0,inf,inf,D,1.778279410038923e-13,0.4443476786703955,-3.522770843001926,53041806.488276064,53.041806488276066
17.0,V2V,vehicle_1,vehicle_0,-74.28,97.28,207.83,True,1,3.7310734880170005e-11,3.7310734880170005e-11,1.0,inf,inf,D,3.732501577957206e-11,93.26590649568229,19.697229156998073,655866417.5191001,655.8664175191001
17.0,V2V,vehicle_1,vehicle_3,-70.4,93.4,132.96,True,1,9.115845591583e-11,9.115845591583e-11,1.0,inf,inf,D,9.120108393559078e-11,227.8887654562488,23.577229156998065,783850284.2627612,783.8502842627612
17.0,V2V,vehicle_1,vehicle_4,-74.21,97.21,206.1,True,1,3.7940952163450004e-11,3.7940952163450004e-11,1.0,inf,inf,D,3.793149849736825e-11,94.7813555656378,19.76722915699808,658167294.8648624,658.1672948648625
17.0,V2V,vehicle_1,vehicle_5,-97.11,120.11,512.0,False,1,1.9441102218529998e-13,1.9441102218529998e-13,1.0,inf,inf,D,1.9453600816226615e-13,0.48609697191970547,-3.132770843001929,57152825.87722733,57.15282587722733
17.0,V2V,vehicle_3,vehicle_0,-89.17,112.17,205.11,False,1,1.211351207477e-12,1.211351207477e-12,1.0,inf,inf,D,1.2105981335504828e-12,3.024982842454979,4.807229156998075,200898263.33743668,200.89826333743667
17.0,V2V,vehicle_3,vehicle_1,-70.4,93.4,132.96,True,1,9.115845591583e-11,9.115845591583e-11,1.0,inf,inf,D,9.120108393559078e-11,227.8887654562488,23.577229156998065,783850284.2627612,783.8502842627612
17.0,V2V,vehicle_3,vehicle_4,-91.89,114.89,280.72,False,1,6.467377148710999e-13,6.467377148710999e-13,1.0,inf,inf,D,6.471426157485831e-13,1.6170480153637756,2.087229156998073,138794039.39662817,138.79403939662816
17.0,V2V,vehicle_3,vehicle_5,-79.64,102.64,384.97,True,1,1.0874716804150002e-11,1.0874716804150002e-11,1.0,inf,inf,D,1.0864256236170643e-11,27.147067056898155,14.337229156998069,481491269.52420706,481.49126952420704
17.0,V2V,vehicle_4,vehicle_0,-80.27,103.27,413.93,True,1,9.405966067874e-12,9.405966067874e-12,1.0,inf,inf,D,9.397233105646395e-12,23.48134209306945,13.707229156998082,461361074.5154104,461.36107451541045
17.0,V2V,vehicle_4,vehicle_1,-74.21,97.21,206.1,True,1,3.7940952163450004e-11,3.7940952163450004e-11,1.0,inf,inf,D,3.793149849736825e-11,94.7813555656378,19.76722915699808,658167294.8648624,658.1672948648625
17.0,V2V,vehicle_4,vehicle_3,-91.89,114.89,280.72,False,1,6.467377148710999e-13,6.467377148710999e-13,1.0,inf,inf,D,6.471426157485831e-13,1.6170480153637756,2.087229156998073,138794039.39662817,138.79403939662816
17.0,V2V,vehicle_4,vehicle_5,-98.02,121.02,568.57,False,1,1.5765251227649998e-13,1.5765251227649998e-13,1.0,inf,inf,D,1.57761126969935e-13,0.39420571456755366,-4.0427708430019225,47944344.60630281,47.94434460630281
17.0,V2V,vehicle_5,vehicle_0,-97.5,120.5,535.29,False,1,1.7786104192809997e-13,1.7786104192809997e-13,1.0,inf,inf,D,1.778279410038923e-13,0.4443476786703955,-3.522770843001926,53041806.488276064,53.041806488276066
17.0,V2V,vehicle_5,vehicle_1,-97.11,120.11,512.0,False,1,1.9441102218529998e-13,1.9441102218529998e-13,1.0,inf,inf,D,1.9453600816226615e-13,0.48609697191970547,-3.132770843001929,57152825.87722733,57.15282587722733
17.0,V2V,vehicle_5,vehicle_3,-79.64,102.64,384.97,True,1,1.0874716804150002e-11,1.0874716804150002e-11,1.0,inf,inf,D,1.0864256236170643e-11,27.147067056898155,14.337229156998069,481491269.52420706,481.49126952420704
17.0,V2V,vehicle_5,vehicle_4,-98.02,121.02,568.57,False,1,1.5765251227649998e-13,1.5765251227649998e-13,1.0,inf,inf,D,1.57761126969935e-13,0.39420571456755366,-4.0427708430019225,47944344.60630281,47.94434460630281
18.0,V2I,BS_1,vehicle_0,-73.94,103.94,447.32,True,1,4.036791124781e-11,4.036791124781e-11,1.0,inf,inf,D,4.0364539296760486e-11,100.8609177830097,20.037229156998073,667045681.1092292,667.0456811092292
18.0,V2I,BS_1,vehicle_1,-91.36,121.36,591.18,False,1,7.308547474298999e-13,7.308547474298999e-13,1.0,inf,inf,D,7.311390834834187e-13,1.8269342415877525,2.6172291569980803,149923832.44713047,149.92383244713048
18.0,V2I,BS_1,vehicle_3,-91.8,121.8,621.61,False,1,6.610484340823999e-13,6.610484340823999e-13,1.0,inf,inf,D,6.606934480075964e-13,1.6509081659360227,2.177229156998076,140648669.25199494,140.64866925199493
18.0,V2I,BS_1,vehicle_4,-93.08,123.08,720.36,False,1,4.922278258409999e-13,4.922278258409999e-13,1.0,inf,inf,D,4.920395356814511e-13,1.22948409715505,0.8972291569980749,115670990.89869282,115.67099089869282
18.0,V2I,BS_1,vehicle_5,-95.47,125.47,948.3,False,1,2.8403355396389996e-13,2.8403355396389996e-13,1.0,inf,inf,D,2.837919028441552e-13,0.7091251945131314,-1.4927708430019326,77325807.92187953,77.32580792187953
18.0,V2V,vehicle_0,vehicle_1,-75.78,98.78,247.03,True,1,2.640906905483e-11,2.640906905483e-11,1.0,inf,inf,D,2.6424087573219448e-11,66.02720533038342,18.19722915699807,606667487.7455755,606.6674877455755
18.0,V2V,vehicle_0,vehicle_3,-90.05,113.05,227.16,False,1,9.876534722881e-13,9.876534722881e-13,1.0,inf,inf,D,9.88553094656941e-13,2.4701476628109464,3.9272291569980826,179499705.41212597,179.49970541212596
18.0,V2V,vehicle_0,vehicle_4,-80.26,103.26,413.43,True,1,9.428730690427e-12,9.428730690427e-12,1.0,inf,inf,D,9.418895965228418e-12,23.53547217698255,13.717229156998076,461679713.07457674,461.67971307457674
18.0,V2V,vehicle_0,vehicle_5,-96.96,119.96,503.34,False,1,2.011591519545e-13,2.011591519545e-13,1.0,inf,inf,D,2.0137242498623895e-13,0.5031794727292327,-2.9827708430019237,58801727.07037986,58.80172707037986
18.0,V2V,vehicle_1,vehicle_0,-75.78,98.78,247.03,True,1,2.640906905483e-11,2.640906905483e-11,1.0,inf,inf,D,2.6424087573219448e-11,66.02720533038342,18.19722915699807,606667487.7455755,606.6674877455755
18.0,V2V,vehicle_1,vehicle_3,-65.71,88.71,77.51,True,1,2.682886621318e-10,2.682886621318e-10,1.0,inf,inf,D,2.685344445658509e-10,671.0006111090726,28.267229156998077,939231873.4748445,939.2318734748444
18.0,V2V,vehicle_1,vehicle_4,-72.35,95.35,166.4,True,1,5.820463436137e-11,5.820463436137e-11,1.0,inf,inf,D,5.821032177708722e-11,145.45307790376614,21.62722915699808,719429470.3441565,719.4294703441565
18.0,V2V,vehicle_1,vehicle_5,-81.1,104.1,455.8,True,1,7.757228940061e-12,7.757228940061e-12,1.0,inf,inf,D,7.762471166286927e-12,19.396479675879377,12.87722915699808,435024826.7064087,435.0248267064087
18.0,V2V,vehicle_3,vehicle_0,-90.05,113.05,227.16,False,1,9.876534722881e-13,9.876534722881e-13,1.0,inf,inf,D,9.88553094656941e-13,2.4701476628109464,3.9272291569980826,179499705.41212597,179.49970541212596
18.0,V2V,vehicle_3,vehicle_1,-65.71,88.71,77.51,True,1,2.682886621318e-10,2.682886621318e-10,1.0,inf,inf,D,2.685344445658509e-10,671.0006111090726,28.267229156998077,939231873.4748445,939.2318734748444
18.0,V2V,vehicle_3,vehicle_4,-89.37,112.37,209.98,False,1,1.155897858147e-12,1.155897858147e-12,1.0,inf,inf,D,1.1561122421920957e-12,2.8888361873865454,4.607229156998061,195933846.42340416,195.93384642340416
18.0,V2V,vehicle_3,vehicle_5,-79.61,102.61,383.8,True,1,1.0940930731670001e-11,1.0940930731670001e-11,1.0,inf,inf,D,1.0939563662720931e-11,27.335241536034307,14.367229156998071,482452559.52474076,482.45255952474076
18.0,V2V,vehicle_4,vehicle_0,-80.26,103.26,413.43,True,1,9.428730690427e-12,9.428730690427e-12,1.0,inf,inf,D,9.418895965228418e-12,23.53547217698255,13.717229156998076,461679713.07457674,461.67971307457674
18.0,V2V,vehicle_4,vehicle_1,-72.35,95.35,166.4,True,1,5.820463436137e-11,5.820463436137e-11,1.0,inf,inf,D,5.821032177708722e-11,145.45307790376614,21.62722915699808,719429470.3441565,719.4294703441565
18.0,V2V,vehicle_4,vehicle_3,-89.37,112.37,209.98,False,1,1.155897858147e-12,1.155897858147e-12,1.0,inf,inf,D,1.1561122421920957e-12,2.8888361873865454,4.607229156998061,195933846.42340416,195.93384642340416
18.0,V2V,vehicle_4,vehicle_5,-96.83,119.83,495.82,False,1,2.0730477077909998e-13,2.0730477077909998e-13,1.0,inf,inf,D,2.0749135174549105e-13,0.5184691447913319,-2.8527708430019256,60261759.33201269,60.26175933201269
18.0,V2V,vehicle_5,vehicle_0,-96.96,119.96,503.34,False,1,2.011591519545e-13,2.011591519545e-13,1.0,inf,inf,D,2.0137242498623895e-13,0.5031794727292327,-2.9827708430019237,58801727.07037986,58.80172707037986
18.0,V2V,vehicle_5,vehicle_1,-81.1,104.1,455.8,True,1,7.757228940061e-12,7.757228940061e-12,1.0,inf,inf,D,7.762471166286927e-12,19.396479675879377,12.87722915699808,435024826.7064087,435.0248267064087
18.0,V2V,vehicle_5,vehicle_3,-79.61,102.61,383.8,True,1,1.0940930731670001e-11,1.0940930731670001e-11,1.0,inf,inf,D,1.0939563662720931e-11,27.335241536034307,14.367229156998071,482452559.52474076,482.45255952474076
18.0,V2V,vehicle_5,vehicle_4,-96.83,119.83,495.82,False,1,2.0730477077909998e-13,2.0730477077909998e-13,1.0,inf,inf,D,2.0749135174549105e-13,0.5184691447913319,-2.8527708430019256,60261759.33201269,60.26175933201269
19.0,V2I,BS_1,vehicle_0,-73.57,103.57,428.76,True,1,4.3938425574770004e-11,4.3938425574770004e-11,1.0,inf,inf,D,4.395416154378252e-11,109.83048861514871,20.40722915699808,679221100.0072021,679.2211000072022
19.0,V2I,BS_1,vehicle_1,-91.35,121.35,590.34,False,1,7.329359871030999e-13,7.329359871030999e-13,1.0,inf,inf,D,7.328245331389044e-13,1.8311457599672771,2.6272291569980757,150138602.75087953,150.13860275087953
19.0,V2I,BS_1,vehicle_3,-91.21,121.21,580.76,False,1,7.573031169167e-13,7.573031169167e-13,1.0,inf,inf,D,7.568328950209767e-13,1.8911366692178326,2.767229156998087,153163680.92101192,153.16368092101192
19.0,V2I,BS_1,vehicle_4,-92.53,122.53,676.44,False,1,5.582121749465e-13,5.582121749465e-13,1.0,inf,inf,D,5.584701947368306e-13,1.3954777479680922,1.447229156998072,126031341.20738555,126.03134120738555
19.0,V2I,BS_1,vehicle_5,-95.02,125.02,900.36,False,1,3.150864027866e-13,3.150864027866e-13,1.0,inf,inf,D,3.147748314101324e-13,0.7865438066220198,-1.0427708430019154,83717128.96978837,83.71712896978838
19.0,V2V,vehicle_0,vehicle_1,-77.45,100.45,299.3,True,1,1.7990812426310002e-11,1.7990812426310002e-11,1.0,inf,inf,D,1.7988709151287872e-11,44.949298229105125,16.52722915699807,552197092.268848,552.197092268848
19.0,V2V,vehicle_0,vehicle_3,-76.55,99.55,269.72,True,1,2.215289870024e-11,2.215289870024e-11,1.0,inf,inf,D,2.213094709605641e-11,55.299717881200415,17.427229156998077,581505578.7842727,581.5055787842726
19.0,V2V,vehicle_0,vehicle_4,-80.24,103.24,412.6,True,1,9.466855800915e-12,9.466855800915e-12,1.0,inf,inf,D,9.46237161365795e-12,23.644106980654545,13.737229156998083,462317079.8439674,462.3170798439674
19.0,V2V,vehicle_0,vehicle_5,-96.61,119.61,483.47,False,1,2.1803527188959998e-13,2.1803527188959998e-13,1.0,inf,inf,D,2.1827299118430036e-13,0.5454097730742137,-2.6327708430019223,62798942.66075102,62.798942660751024
19.0,V2V,vehicle_1,vehicle_0,-77.45,100.45,299.3,True,1,1.7990812426310002e-11,1.7990812426310002e-11,1.0,inf,inf,D,1.7988709151287872e-11,44.949298229105125,16.52722915699807,552197092.268848,552.197092268848
19.0,V2V,vehicle_1,vehicle_3,-58.6,81.6,34.17,True,1,1.380377315921e-09,1.380377315921e-09,1.0,inf,inf,D,1.3803842646028838e-09,3449.2360434854663,35.37722915699807,1175247935.0065036,1175.2479350065037
19.0,V2V,vehicle_1,vehicle_4,-69.01,92.01,113.3,True,1,1.255464362978e-10,1.255464362978e-10,1.0,inf,inf,D,1.256029963694873e-10,313.85056564089774,24.967229156998066,829852344.8984246,829.8523448984246
19.0,V2V,vehicle_1,vehicle_5,-80.03,103.03,402.69,True,1,9.938504302214e-12,9.938504302214e-12,1.0,inf,inf,D,9.931160484209335e-12,24.815493463791437,13.947229156998072,469016527.04013383,469.01652704013384
19.0,V2V,vehicle_3,vehicle_0,-76.55,99.55,269.72,True,1,2.215289870024e-11,2.215289870024e-11,1.0,inf,inf,D,2.213094709605641e-11,55.299717881200415,17.427229156998077,581505578.7842727,581.5055787842726
19.0,V2V,vehicle_3,vehicle_1,-58.6,81.6,34.17,True,1,1.380377315921e-09,1.380377315921e-09,1.0,inf,inf,D,1.3803842646028838e-09,3449.2360434854663,35.37722915699807,1175247935.0065036,1175.2479350065037
19.0,V2V,vehicle_3,vehicle_4,-71.11,94.11,144.28,True,1,7.741679223122001e-11,7.741679223122001e-11,1.0,inf,inf,D,7.74461797802519e-11,193.51869010557695,22.86722915699808,760376497.1347013,760.3764971347013
19.0,V2V,vehicle_3,vehicle_5,-79.64,102.64,385.33,True,1,1.085403082295e-11,1.085403082295e-11,1.0,inf,inf,D,1.0864256236170643e-11,27.147067056898155,14.337229156998069,481491269.52420706,481.49126952420704
19.0,V2V,vehicle_4,vehicle_0,-80.24,103.24,412.6,True,1,9.466855800915e-12,9.466855800915e-12,1.0,inf,inf,D,9.46237161365795e-12,23.644106980654545,13.737229156998083,462317079.8439674,462.3170798439674
19.0,V2V,vehicle_4,vehicle_1,-69.01,92.01,113.3,True,1,1.255464362978e-10,1.255464362978e-10,1.0,inf,inf,D,1.256029963694873e-10,313.85056564089774,24.967229156998066,829852344.8984246,829.8523448984246
19.0,V2V,vehicle_4,vehicle_3,-71.11,94.11,144.28,True,1,7.741679223122001e-11,7.741679223122001e-11,1.0,inf,inf,D,7.74461797802519e-11,193.51869010557695,22.86722915699808,760376497.1347013,760.3764971347013
19.0,V2V,vehicle_4,vehicle_5,-95.52,118.52,426.39,False,1,2.8031539290509996e-13,2.8031539290509996e-13,1.0,inf,inf,D,2.8054336379517163e-13,0.7010079055351615,-1.542770843001922,76638984.60276763,76.63898460276764
19.0,V2V,vehicle_5,vehicle_0,-96.61,119.61,483.47,False,1,2.1803527188959998e-13,2.1803527188959998e-13,1.0,inf,inf,D,2.1827299118430036e-13,0.5454097730742137,-2.6327708430019223,62798942.66075102,62.798942660751024
19.0,V2V,vehicle_5,vehicle_1,-80.03,103.03,402.69,True,1,9.938504302214e-12,9.938504302214e-12,1.0,inf,inf,D,9.931160484209335e-12,24.815493463791437,13.947229156998072,469016527.04013383,469.01652704013384
19.0,V2V,vehicle_5,vehicle_3,-79.64,102.64,385.33,True,1,1.085403082295e-11,1.085403082295e-11,1.0,inf,inf,D,1.0864256236170643e-11,27.147067056898155,14.337229156998069,481491269.52420706,481.49126952420704
19.0,V2V,vehicle_5,vehicle_4,-95.52,118.52,426.39,False,1,2.8031539290509996e-13,2.8031539290509996e-13,1.0,inf,inf,D,2.8054336379517163e-13,0.7010079055351615,-1.542770843001922,76638984.60276763,76.63898460276764
20.0,V2I,BS_1,flow_west_east.0,-96.67,126.67,1089.43,False,1,2.152126351842e-13,2.152126351842e-13,1.0,inf,inf,D,2.152781734724374e-13,0.5379264704458705,-2.692770843001924,62098652.84889688,62.09865284889688
20.0,V2I,BS_1,vehicle_0,-73.32,103.32,416.33,True,1,4.6600488816650006e-11,4.6600488816650006e-11,1.0,inf,inf,D,4.6558609352296007e-11,116.33835420363819,20.657229156998085,687453085.1692097,687.4530851692098
20.0,V2I,BS_1,vehicle_1,-91.35,121.35,590.12,False,1,7.334721535837999e-13,7.334721535837999e-13,1.0,inf,inf,D,7.328245331389044e-13,1.8311457599672771,2.6272291569980757,150138602.75087953,150.13860275087953
20.0,V2I,BS_1,vehicle_3,-90.61,120.61,542.07,False,1,8.692732866914999e-13,8.692732866914999e-13,1.0,inf,inf,D,8.68960429286302e-13,2.171315415508001,3.3672291569980746,166508137.34238267,166.50813734238267
20.0,V2I,BS_1,vehicle_4,-92.08,122.08,641.8,False,1,6.201101242546999e-13,6.201101242546999e-13,1.0,inf,inf,D,6.194410750767812e-13,1.5478287733053002,1.8972291569980722,134926832.46099615,134.92683246099614
20.0,V2I,BS_1,vehicle_5,-94.55,124.55,853.16,False,1,3.5091724992469997e-13,3.5091724992469997e-13,1.0,inf,inf,D,3.50751873952568e-13,0.8764414641493452,-0.5727708430019266,90799928.58557734,90.79992858557733
20.0,V2V,flow_west_east.0,vehicle_0,-87.36,110.36,937.0,True,1,1.835629495628e-12,1.835629495628e-12,1.0,inf,inf,D,1.8365383433483435e-12,4.589051332704506,6.617229156998067,248260342.5510303,248.2603425510303
20.0,V2V,flow_west_east.0,vehicle_1,-83.27,106.27,584.9,True,1,4.710868338472e-12,4.710868338472e-12,1.0,inf,inf,D,4.7097732639695295e-12,11.768548885481081,10.707229156998075,367452267.0462284,367.4522670462284
20.0,V2V,flow_west_east.0,vehicle_3,-83.72,106.72,615.9,True,1,4.248630283987e-12,4.248630283987e-12,1.0,inf,inf,D,4.24619563946313e-12,10.610184006654498,10.257229156998076,353731893.21540874,353.7318932154087
20.0,V2V,flow_west_east.0,vehicle_4,-82.17,105.17,515.57,True,1,6.0630974374500004e-12,6.0630974374500004e-12,1.0,inf,inf,D,6.067363295885047e-12,15.160827825799714,11.80722915699807,401442919.5798042,401.4429195798042
20.0,V2V,flow_west_east.0,vehicle_5,-99.91,122.91,706.6,False,1,1.0207298687379999e-13,1.0207298687379999e-13,1.0,inf,inf,D,1.0209394837076808e-13,0.255107317268286,-5.932770843001923,32781072.630466007,32.78107263046601
20.0,V2V,vehicle_0,flow_west_east.0,-87.36,110.36,937.0,True,1,1.835629495628e-12,1.835629495628e-12,1.0,inf,inf,D,1.8365383433483435e-12,4.589051332704506,6.617229156998067,248260342.5510303,248.2603425510303
20.0,V2V,vehicle_0,vehicle_1,-78.86,101.86,352.1,True,1,1.29996649522e-11,1.29996649522e-11,1.0,inf,inf,D,1.3001695780332899e-11,32.48799545310569,15.117229156998071,506557211.5709057,506.5572115709057
20.0,V2V,vehicle_0,vehicle_3,-78.16,101.16,324.67,True,1,1.528882840199e-11,1.528882840199e-11,1.0,inf,inf,D,1.5275660582380733e-11,38.17006642274046,15.817229156998076,529167966.9631907,529.1679669631907
20.0,V2V,vehicle_0,vehicle_4,-80.42,103.42,421.43,True,1,9.074160211981e-12,9.074160211981e-12,1.0,inf,inf,D,9.07820530178186e-12,22.684171168870215,13.557229156998076,456585128.03602606,456.58512803602605
20.0,V2V,vehicle_0,vehicle_5,-96.46,119.46,474.74,False,1,2.261308895872e-13,2.261308895872e-13,1.0,inf,inf,D,2.2594357702209828e-13,0.5645766542281315,-2.4827708430019166,64577234.31206539,64.57723431206539
20.0,V2V,vehicle_1,flow_west_east.0,-83.27,106.27,584.9,True,1,4.710868338472e-12,4.710868338472e-12,1.0,inf,inf,D,4.7097732639695295e-12,11.768548885481081,10.707229156998075,367452267.0462284,367.4522670462284
20.0,V2V,vehicle_1,vehicle_0,-78.86,101.86,352.1,True,1,1.29996649522e-11,1.29996649522e-11,1.0,inf,inf,D,1.3001695780332899e-11,32.48799545310569,15.117229156998071,506557211.5709057,506.5572115709057
20.0,V2V,vehicle_1,vehicle_3,-61.73,84.73,48.98,True,1,6.717166156396e-10,6.717166156396e-10,1.0,inf,inf,D,6.714288529259522e-10,1677.7332656820395,32.247229156998074,1071315730.2996641,1071.3157302996642
20.0,V2V,vehicle_1,vehicle_4,-64.75,87.75,69.33,True,1,3.352586939215e-10,3.352586939215e-10,1.0,inf,inf,D,3.349654391578279e-10,836.9951003443974,29.227229156998078,971079799.846128,971.079799846128
20.0,V2V,vehicle_1,vehicle_5,-78.8,101.8,349.8,True,1,1.317101605031e-11,1.317101605031e-11,1.0,inf,inf,D,1.3182567385564075e-11,32.93994848966535,15.177229156998074,508491247.02051586,508.49124702051586
20.0,V2V,vehicle_3,flow_west_east.0,-83.72,106.72,615.9,True,1,4.248630283987e-12,4.248630283987e-12,1.0,inf,inf,D,4.24619563946313e-12,10.610184006654498,10.257229156998076,353731893.21540874,353.7318932154087
20.0,V2V,vehicle_3,vehicle_0,-78.16,101.16,324.67,True,1,1.528882840199e-11,1.528882840199e-11,1.0,inf,inf,D,1.5275660582380733e-11,38.17006642274046,15.817229156998076,529167966.9631907,529.1679669631907
20.0,V2V,vehicle_3,vehicle_1,-61.73,84.73,48.98,True,1,6.717166156396e-10,6.717166156396e-10,1.0,inf,inf,D,6.714288529259522e-10,1677.7332656820395,32.247229156998074,1071315730.2996641,1071.3157302996642
20.0,V2V,vehicle_3,vehicle_4,-68.47,91.47,106.46,True,1,1.421936605588e-10,1.421936605588e-10,1.0,inf,inf,D,1.4223287871228213e-10,355.40449453343854,25.50722915699808,847737172.0237862,847.7371720237862
20.0,V2V,vehicle_3,vehicle_5,-79.69,102.69,387.43,True,1,1.073668577694e-11,1.073668577694e-11,1.0,inf,inf,D,1.0739894123412462e-11,26.836317149956173,14.28722915699808,479889644.4688973,479.8896444688973
20.0,V2V,vehicle_4,flow_west_east.0,-82.17,105.17,515.57,True,1,6.0630974374500004e-12,6.0630974374500004e-12,1.0,inf,inf,D,6.067363295885047e-12,15.160827825799714,11.80722915699807,401442919.5798042,401.4429195798042
20.0,V2V,vehicle_4,vehicle_0,-80.42,103.42,421.43,True,1,9.074160211981e-12,9.074160211981e-12,1.0,inf,inf,D,9.07820530178186e-12,22.684171168870215,13.557229156998076,456585128.03602606,456.58512803602605
20.0,V2V,vehicle_4,vehicle_1,-64.75,87.75,69.33,True,1,3.352586939215e-10,3.352586939215e-10,1.0,inf,inf,D,3.349654391578279e-10,836.9951003443974,29.227229156998078,971079799.846128,971.079799846128
20.0,V2V,vehicle_4,vehicle_3,-68.47,91.47,106.46,True,1,1.421936605588e-10,1.421936605588e-10,1.0,inf,inf,D,1.4223287871228213e-10,355.40449453343854,25.50722915699808,847737172.0237862,847.7371720237862
20.0,V2V,vehicle_4,vehicle_5,-94.11,117.11,362.35,False,1,3.8816085878139994e-13,3.8816085878139994e-13,1.0,inf,inf,D,3.8815036599064864e-13,0.9698909694918756,-0.13277084300192213,97811578.08865276,97.81157808865277
20.0,V2V,vehicle_5,flow_west_east.0,-99.91,122.91,706.6,False,1,1.0207298687379999e-13,1.0207298687379999e-13,1.0,inf,inf,D,1.0209394837076808e-13,0.255107317268286,-5.932770843001923,32781072.630466007,32.78107263046601
20.0,V2V,vehicle_5,vehicle_0,-96.46,119.46,474.74,False,1,2.261308895872e-13,2.261308895872e-13,1.0,inf,inf,D,2.2594357702209828e-13,0.5645766542281315,-2.4827708430019166,64577234.31206539,64.57723431206539
20.0,V2V,vehicle_5,vehicle_1,-78.8,101.8,349.8,True,1,1.317101605031e-11,1.317101605031e-11,1.0,inf,inf,D,1.3182567385564075e-11,32.93994848966535,15.177229156998074,508491247.02051586,508.49124702051586
20.0,V2V,vehicle_5,vehicle_3,-79.69,102.69,387.43,True,1,1.073668577694e-11,1.073668577694e-11,1.0,inf,inf,D,1.0739894123412462e-11,26.836317149956173,14.28722915699808,479889644.4688973,479.8896444688973
20.0,V2V,vehicle_5,vehicle_4,-94.11,117.11,362.35,False,1,3.8816085878139994e-13,3.8816085878139994e-13,1.0,inf,inf,D,3.8815036599064864e-13,0.9698909694918756,-0.13277084300192213,97811578.08865276,97.81157808865277
21.0,V2I,BS_1,flow_west_east.0,-96.33,126.33,1047.81,False,1,2.3264741038619997e-13,2.3264741038619997e-13,1.0,inf,inf,D,2.3280912576650127e-13,0.5817319484420321,-2.352770843001917,66150513.11511531,66.1505131151153
21.0,V2I,BS_1,vehicle_0,-73.19,103.19,410.37,True,1,4.796356419671e-11,4.796356419671e-11,1.0,inf,inf,D,4.797334486366892e-11,119.87342544644906,20.787229156998073,691735328.6381537,691.7353286381536
21.0,V2I,BS_1,vehicle_1,-91.35,121.35,590.05,False,1,7.336509658181999e-13,7.336509658181999e-13,1.0,inf,inf,D,7.328245331389044e-13,1.8311457599672771,2.6272291569980757,150138602.75087953,150.13860275087953
21.0,V2I,BS_1,vehicle_3,-90.03,120.03,507.21,False,1,9.928594253836999e-13,9.928594253836999e-13,1.0,inf,inf,D,9.931160484209335e-13,2.481549346379144,3.9472291569980724,179972947.18516198,179.97294718516198
21.0,V2I,BS_1,vehicle_4,-91.76,121.76,618.79,False,1,6.670827415485e-13,6.670827415485e-13,1.0,inf,inf,D,6.668067692136219e-13,1.6661838311184953,2.2172291569980724,141477625.64582905,141.47762564582905
21.0,V2I,BS_1,vehicle_5,-94.04,124.04,804.94,False,1,3.9421612884779995e-13,3.9421612884779995e-13,1.0,inf,inf,D,3.944573020752785e-13,0.9856504299732095,-0.0627708430019256,98961166.14694881,98.96116614694881
21.0,V2V,flow_west_east.0,vehicle_0,-87.45,110.45,946.77,True,1,1.7979528194310001e-12,1.7979528194310001e-12,1.0,inf,inf,D,1.7988709151287837e-12,4.494929822910503,6.527229156998064,245810105.62817848,245.8101056281785
21.0,V2V,flow_west_east.0,vehicle_1,-82.57,105.57,539.93,True,1,5.528202327313e-12,5.528202327313e-12,1.0,inf,inf,D,5.533501092157371e-12,13.826839310738057,11.407229156998078,389013918.1100975,389.0139181100975
21.0,V2V,flow_west_east.0,vehicle_3,-98.15,121.15,577.1,False,1,1.5302240144279997e-13,1.5302240144279997e-13,1.0,inf,inf,D,1.5310874616820257e-13,0.3825805751329399,-4.172770843001939,46736356.14417733,46.736356144177336
21.0,V2V,flow_west_east.0,vehicle_4,-81.92,104.92,500.8,True,1,6.425923764176e-12,6.425923764176e-12,1.0,inf,inf,D,6.426877173170194e-12,16.059163351249857,12.057229156998071,409247498.78154856,409.2474987815486
21.0,V2V,flow_west_east.0,vehicle_5,-99.06,122.06,640.77,False,1,1.2412510780949998e-13,1.2412510780949998e-13,1.0,inf,inf,D,1.2416523075924094e-13,0.31025794792414024,-5.082770843001932,38985086.02797518,38.98508602797518
21.0,V2V,vehicle_0,flow_west_east.0,-87.45,110.45,946.77,True,1,1.7979528194310001e-12,1.7979528194310001e-12,1.0,inf,inf,D,1.7988709151287837e-12,4.494929822910503,6.527229156998064,245810105.62817848,245.8101056281785
21.0,V2V,vehicle_0,vehicle_1,-80.12,103.12,406.83,True,1,9.737134101003e-12,9.737134101003e-12,1.0,inf,inf,D,9.727472237769642e-12,24.306527330758723,13.85722915699807,466143764.3172615,466.1437643172615
21.0,V2V,vehicle_0,vehicle_3,-94.71,117.71,388.41,False,1,3.378229122611e-13,3.378229122611e-13,1.0,inf,inf,D,3.380648362059815e-13,0.8447397206546263,-0.732770843001928,88341727.6876462,88.3417276876462
21.0,V2V,vehicle_0,vehicle_4,-80.91,103.91,445.97,True,1,8.103253234393e-12,8.103253234393e-12,1.0,inf,inf,D,8.10961057853842e-12,20.2638944990965,13.067229156998081,441033394.6694229,441.03339466942293
21.0,V2V,vehicle_0,vehicle_5,-96.51,119.51,477.91,False,1,2.2313819709949998e-13,2.2313819709949998e-13,1.0,inf,inf,D,2.2335722228305327e-13,0.5581139987082789,-2.5327708430019245,63980079.13934445,63.98007913934445
21.0,V2V,vehicle_1,flow_west_east.0,-82.57,105.57,539.93,True,1,5.528202327313e-12,5.528202327313e-12,1.0,inf,inf,D,5.533501092157371e-12,13.826839310738057,11.407229156998078,389013918.1100975,389.0139181100975
21.0,V2V,vehicle_1,vehicle_0,-80.12,103.12,406.83,True,1,9.737134101003e-12,9.737134101003e-12,1.0,inf,inf,D,9.727472237769642e-12,24.306527330758723,13.85722915699807,466143764.3172615,466.1437643172615
21.0,V2V,vehicle_1,vehicle_3,-67.7,90.7,97.39,True,1,1.698993911675e-10,1.698993911675e-10,1.0,inf,inf,D,1.6982436524617424e-10,424.3487387460625,26.277229156998068,873250236.5967054,873.2502365967055
21.0,V2V,vehicle_1,vehicle_4,-59.78,82.78,39.13,True,1,1.052375005719e-09,1.052375005719e-09,1.0,inf,inf,D,1.0519618738232234e-09,2628.5903893633767,34.19722915699808,1136062237.3435445,1136.0622373435444
21.0,V2V,vehicle_1,vehicle_5,-77.32,100.32,295.0,True,1,1.851967439253e-11,1.851967439253e-11,1.0,inf,inf,D,1.853531623414814e-11,46.31513301886091,16.657229156998078,556422977.6116389,556.4229776116389
21.0,V2V,vehicle_3,flow_west_east.0,-98.15,121.15,577.1,False,1,1.5302240144279997e-13,1.5302240144279997e-13,1.0,inf,inf,D,1.5310874616820257e-13,0.3825805751329399,-4.172770843001939,46736356.14417733,46.736356144177336
21.0,V2V,vehicle_3,vehicle_0,-94.71,117.71,388.41,False,1,3.378229122611e-13,3.378229122611e-13,1.0,inf,inf,D,3.380648362059815e-13,0.8447397206546263,-0.732770843001928,88341727.6876462,88.3417276876462
21.0,V2V,vehicle_3,vehicle_1,-67.7,90.7,97.39,True,1,1.698993911675e-10,1.698993911675e-10,1.0,inf,inf,D,1.6982436524617424e-10,424.3487387460625,26.277229156998068,873250236.5967054,873.2502365967055
21.0,V2V,vehicle_3,vehicle_4,-84.18,107.18,115.49,False,1,3.820655338984e-12,3.820655338984e-12,1.0,inf,inf,D,3.819442708400456e-12,9.543834853574353,9.797229156998062,339832777.3817591,339.8327773817591
21.0,V2V,vehicle_3,vehicle_5,-79.67,102.67,386.27,True,1,1.0801641162640001e-11,1.0801641162640001e-11,1.0,inf,inf,D,1.0789467222298274e-11,26.9601879617648,14.307229156998067,480530215.4119827,480.53021541198274
21.0,V2V,vehicle_4,flow_west_east.0,-81.92,104.92,500.8,True,1,6.425923764176e-12,6.425923764176e-12,1.0,inf,inf,D,6.426877173170194e-12,16.059163351249857,12.057229156998071,409247498.78154856,409.2474987815486
21.0,V2V,vehicle_4,vehicle_0,-80.91,103.91,445.97,True,1,8.103253234393e-12,8.103253234393e-12,1.0,inf,inf,D,8.10961057853842e-12,20.2638944990965,13.067229156998081,441033394.6694229,441.03339466942293
21.0,V2V,vehicle_4,vehicle_1,-59.78,82.78,39.13,True,1,1.052375005719e-09,1.052375005719e-09,1.0,inf,inf,D,1.0519618738232234e-09,2628.5903893633767,34.19722915699808,1136062237.3435445,1136.0622373435444
21.0,V2V,vehicle_4,vehicle_3,-84.18,107.18,115.49,False,1,3.820655338984e-12,3.820655338984e-12,1.0,inf,inf,D,3.819442708400456e-12,9.543834853574353,9.797229156998062,339832777.3817591,339.8327773817591
21.0,V2V,vehicle_4,vehicle_5,-92.51,115.51,301.46,False,1,5.608109540227999e-13,5.608109540227999e-13,1.0,inf,inf,D,5.610479760324689e-13,1.4019189805908765,1.467229156998061,126418748.81496716,126.41874881496716
21.0,V2V,vehicle_5,flow_west_east.0,-99.06,122.06,640.77,False,1,1.2412510780949998e-13,1.2412510780949998e-13,1.0,inf,inf,D,1.2416523075924094e-13,0.31025794792414024,-5.082770843001932,38985086.02797518,38.98508602797518
21.0,V2V,vehicle_5,vehicle_0,-96.51,119.51,477.91,False,1,2.2313819709949998e-13,2.2313819709949998e-13,1.0,inf,inf,D,2.2335722228305327e-13,0.5581139987082789,-2.5327708430019245,63980079.13934445,63.98007913934445
21.0,V2V,vehicle_5,vehicle_1,-77.32,100.32,295.0,True,1,1.851967439253e-11,1.851967439253e-11,1.0,inf,inf,D,1.853531623414814e-11,46.31513301886091,16.657229156998078,556422977.6116389,556.4229776116389
21.0,V2V,vehicle_5,vehicle_3,-79.67,102.67,386.27,True,1,1.0801641162640001e-11,1.0801641162640001e-11,1.0,inf,inf,D,1.0789467222298274e-11,26.9601879617648,14.307229156998067,480530215.4119827,480.53021541198274
21.0,V2V,vehicle_5,vehicle_4,-92.51,115.51,301.46,False,1,5.608109540227999e-13,5.608109540227999e-13,1.0,inf,inf,D,5.610479760324689e-13,1.4019189805908765,1.467229156998061,126418748.81496716,126.41874881496716
22.0,V2I,BS_1,flow_west_east.0,-95.98,125.98,1006.01,False,1,2.523851590023e-13,2.523851590023e-13,1.0,inf,inf,D,2.5234807724805706e-13,0.6305549156623114,-2.002770843001934,70536303.06107746,70.53630306107746
22.0,V2I,BS_1,vehicle_0,-73.22,103.22,411.62,True,1,4.7672431384840006e-11,4.7672431384840006e-11,1.0,inf,inf,D,4.7643098680541563e-11,119.04822259005887,20.757229156998072,690747023.324734,690.747023324734
22.0,V2I,BS_1,vehicle_1,-91.35,121.35,590.05,False,1,7.336509658181999e-13,7.336509658181999e-13,1.0,inf,inf,D,7.328245331389044e-13,1.8311457599672771,2.6272291569980757,150138602.75087953,150.13860275087953
22.0,V2I,BS_1,vehicle_3,-89.47,119.47,475.4,False,1,1.130160159917e-12,1.130160159917e-12,1.0,inf,inf,D,1.1297959146727999e-12,2.8230782475582203,4.507229156998082,193473472.83464974,193.47347283464975
22.0,V2I,BS_1,vehicle_4,-91.6,121.6,607.44,False,1,6.922453609624999e-13,6.922453609624999e-13,1.0,inf,inf,D,6.918309709189363e-13,1.7287130707619596,2.3772291569980726,144822070.0529268,144.82207005292682
22.0,V2I,BS_1,vehicle_5,-93.53,123.53,759.02,False,1,4.4336563213879997e-13,4.4336563213879997e-13,1.0,inf,inf,D,4.436086439314328e-13,1.1084673761405115,0.44722915699807575,107619469.92815378,107.61946992815378
22.0,V2V,flow_west_east.0,vehicle_0,-87.53,110.53,955.2,True,1,1.766345196818e-12,1.766345196818e-12,1.0,inf,inf,D,1.766037820686164e-12,4.412888107661579,6.447229156998072,243639856.57377198,243.639856573772
22.0,V2V,flow_west_east.0,vehicle_1,-81.81,104.81,494.33,True,1,6.595146037569e-12,6.595146037569e-12,1.0,inf,inf,D,6.5917389524432e-12,16.4711118251954,12.167229156998065,412689951.6173303,412.68995161733034
22.0,V2V,flow_west_east.0,vehicle_3,-97.65,120.65,544.38,False,1,1.7197149326819999e-13,1.7197149326819999e-13,1.0,inf,inf,D,1.717908387157586e-13,0.4292624655566181,-3.6727708430019317,51527087.30376554,51.52708730376554
22.0,V2V,flow_west_east.0,vehicle_4,-81.38,104.38,470.47,True,1,7.281259217926e-12,7.281259217926e-12,1.0,inf,inf,D,7.277798045368243e-12,18.185402412214497,12.597229156998075,426193712.0553512,426.19371205535117
22.0,V2V,flow_west_east.0,vehicle_5,-98.14,121.14,576.37,False,1,1.534101578666e-13,1.534101578666e-13,1.0,inf,inf,D,1.5346169827992942e-13,0.3834625144426022,-4.162770843001927,46828355.39873179,46.82835539873179
22.0,V2V,vehicle_0,flow_west_east.0,-87.53,110.53,955.2,True,1,1.766345196818e-12,1.766345196818e-12,1.0,inf,inf,D,1.766037820686164e-12,4.412888107661579,6.447229156998072,243639856.57377198,243.639856573772
22.0,V2V,vehicle_0,vehicle_1,-81.2,104.2,460.87,True,1,7.587760486928e-12,7.587760486928e-12,1.0,inf,inf,D,7.585775750291821e-12,18.95496189478216,12.777229156998064,431867561.8824931,431.8675618824931
22.0,V2V,vehicle_0,vehicle_3,-96.1,119.1,455.75,False,1,2.453624725133e-13,2.453624725133e-13,1.0,inf,inf,D,2.4547089156850336e-13,0.6133705436494337,-2.1227708430019203,69007782.10676207,69.00778210676206
22.0,V2V,vehicle_0,vehicle_4,-81.64,104.64,484.73,True,1,6.858962652372e-12,6.858962652372e-12,1.0,inf,inf,D,6.8548822645266204e-12,17.128641340646226,12.337229156998077,418019890.0578282,418.0198900578282
22.0,V2V,vehicle_0,vehicle_5,-96.79,119.79,493.52,False,1,2.092418426703e-13,2.092418426703e-13,1.0,inf,inf,D,2.0941124558508913e-13,0.5232664807223616,-2.812770843001929,60716834.94330471,60.71683494330471
22.0,V2V,vehicle_1,flow_west_east.0,-81.81,104.81,494.33,True,1,6.595146037569e-12,6.595146037569e-12,1.0,inf,inf,D,6.5917389524432e-12,16.4711118251954,12.167229156998065,412689951.6173303,412.68995161733034
22.0,V2V,vehicle_1,vehicle_0,-81.2,104.2,460.87,True,1,7.587760486928e-12,7.587760486928e-12,1.0,inf,inf,D,7.585775750291821e-12,18.95496189478216,12.777229156998064,431867561.8824931,431.8675618824931
22.0,V2V,vehicle_1,vehicle_3,-71.48,94.48,150.52,True,1,7.113451185269e-11,7.113451185269e-11,1.0,inf,inf,D,7.11213513653328e-11,177.7145211527556,22.497229156998067,748151305.2715589,748.1513052715588
22.0,V2V,vehicle_1,vehicle_4,-55.48,78.48,23.87,True,1,2.829310909035e-09,2.829310909035e-09,1.0,inf,inf,D,2.831391995799379e-09,7074.942518239327,38.497229156998074,1278870661.2935243,1278.8706612935243
22.0,V2V,vehicle_1,vehicle_5,-75.6,98.6,241.89,True,1,2.7543454502450002e-11,2.7543454502450002e-11,1.0,inf,inf,D,2.754228703338169e-11,68.82130692998922,18.377229156998077,612559545.6701654,612.5595456701654
22.0,V2V,vehicle_3,flow_west_east.0,-97.65,120.65,544.38,False,1,1.7197149326819999e-13,1.7197149326819999e-13,1.0,inf,inf,D,1.717908387157586e-13,0.4292624655566181,-3.6727708430019317,51527087.30376554,51.52708730376554
22.0,V2V,vehicle_3,vehicle_0,-96.1,119.1,455.75,False,1,2.453624725133e-13,2.453624725133e-13,1.0,inf,inf,D,2.4547089156850336e-13,0.6133705436494337,-2.1227708430019203,69007782.10676207,69.00778210676206
22.0,V2V,vehicle_3,vehicle_1,-71.48,94.48,150.52,True,1,7.113451185269e-11,7.113451185269e-11,1.0,inf,inf,D,7.11213513653328e-11,177.7145211527556,22.497229156998067,748151305.2715589,748.1513052715588
22.0,V2V,vehicle_3,vehicle_4,-86.84,109.84,156.98,False,1,2.068201543575e-12,2.068201543575e-12,1.0,inf,inf,D,2.070141348791037e-12,5.1727669884833505,7.137229156998063,262591733.3090324,262.5917333090324
22.0,V2V,vehicle_3,vehicle_5,-79.7,102.7,387.63,True,1,1.0725609416830001e-11,1.0725609416830001e-11,1.0,inf,inf,D,1.0715193052376047e-11,26.774595333273478,14.277229156998066,479569398.7062215,479.56939870622153
22.0,V2V,vehicle_4,flow_west_east.0,-81.38,104.38,470.47,True,1,7.281259217926e-12,7.281259217926e-12,1.0,inf,inf,D,7.277798045368243e-12,18.185402412214497,12.597229156998075,426193712.0553512,426.19371205535117
22.0,V2V,vehicle_4,vehicle_0,-81.64,104.64,484.73,True,1,6.858962652372e-12,6.858962652372e-12,1.0,inf,inf,D,6.8548822645266204e-12,17.128641340646226,12.337229156998077,418019890.0578282,418.0198900578282
22.0,V2V,vehicle_4,vehicle_1,-55.48,78.48,23.87,True,1,2.829310909035e-09,2.829310909035e-09,1.0,inf,inf,D,2.831391995799379e-09,7074.942518239327,38.497229156998074,1278870661.2935243,1278.8706612935243
22.0,V2V,vehicle_4,vehicle_3,-86.84,109.84,156.98,False,1,2.068201543575e-12,2.068201543575e-12,1.0,inf,inf,D,2.070141348791037e-12,5.1727669884833505,7.137229156998063,262591733.3090324,262.5917333090324
22.0,V2V,vehicle_4,vehicle_5,-90.74,113.74,245.96,False,1,8.424118511105e-13,8.424118511105e-13,1.0,inf,inf,D,8.433347577642757e-13,2.107283252784297,3.237229156998075,163565376.02112758,163.56537602112758
22.0,V2V,vehicle_5,flow_west_east.0,-98.14,121.14,576.37,False,1,1.534101578666e-13,1.534101578666e-13,1.0,inf,inf,D,1.5346169827992942e-13,0.3834625144426022,-4.162770843001927,46828355.39873179,46.82835539873179
22.0,V2V,vehicle_5,vehicle_0,-96.79,119.79,493.52,False,1,2.092418426703e-13,2.092418426703e-13,1.0,inf,inf,D,2.0941124558508913e-13,0.5232664807223616,-2.812770843001929,60716834.94330471,60.71683494330471
22.0,V2V,vehicle_5,vehicle_1,-75.6,98.6,241.89,True,1,2.7543454502450002e-11,2.7543454502450002e-11,1.0,inf,inf,D,2.754228703338169e-11,68.82130692998922,18.377229156998077,612559545.6701654,612.5595456701654
22.0,V2V,vehicle_5,vehicle_3,-79.7,102.7,387.63,True,1,1.0725609416830001e-11,1.0725609416830001e-11,1.0,inf,inf,D,1.0715193052376047e-11,26.774595333273478,14.277229156998066,479569398.7062215,479.56939870622153
22.0,V2V,vehicle_5,vehicle_4,-90.74,113.74,245.96,False,1,8.424118511105e-13,8.424118511105e-13,1.0,inf,inf,D,8.433347577642757e-13,2.107283252784297,3.237229156998075,163565376.02112758,163.56537602112758
23.0,V2I,BS_1,flow_west_east.0,-95.62,125.62,965.45,False,1,2.740350801257e-13,2.740350801257e-13,1.0,inf,inf,D,2.7415741719278755e-13,0.6850510174732322,-1.6427708430019377,75279227.18471359,75.27922718471359
23.0,V2I,BS_1,vehicle_0,-73.39,103.39,419.97,True,1,4.5796526777390005e-11,4.5796526777390005e-11,1.0,inf,inf,D,4.5814188671453305e-11,114.47823256235208,20.58722915699807,685147712.1641695,685.1477121641695
23.0,V2I,BS_1,vehicle_1,-91.35,121.35,590.05,False,1,7.336509658181999e-13,7.336509658181999e-13,1.0,inf,inf,D,7.328245331389044e-13,1.8311457599672771,2.6272291569980757,150138602.75087953,150.13860275087953
23.0,V2I,BS_1,vehicle_3,-88.96,118.96,448.55,False,1,1.269547182621e-12,1.269547182621e-12,1.0,inf,inf,D,1.2705741052085445e-12,3.17484783910181,5.017229156998083,206172361.65630618,206.17236165630618
23.0,V2I,BS_1,vehicle_4,-91.59,121.59,607.12,False,1,6.929745280646e-13,6.929745280646e-13,1.0,inf,inf,D,6.934258060165681e-13,1.7326981659584406,2.3872291569980666,145032611.90185964,145.03261190185964
23.0,V2I,BS_1,vehicle_5,-93.01,123.01,714.36,False,1,5.005350456857999e-13,5.005350456857999e-13,1.0,inf,inf,D,5.000345349769783e-13,1.249461606639126,0.9672291569980715,116957974.3496632,116.9579743496632
23.0,V2V,flow_west_east.0,vehicle_0,-87.62,110.62,965.03,True,1,1.730531783238e-12,1.730531783238e-12,1.0,inf,inf,D,1.7298163592150997e-12,4.322379708183657,6.357229156998069,241207143.85022697,241.20714385022697
23.0,V2V,flow_west_east.0,vehicle_1,-80.99,103.99,449.73,True,1,7.968086749862e-12,7.968086749862e-12,1.0,inf,inf,D,7.961593504173184e-12,19.894036742061928,12.987229156998072,438501934.3881086,438.5019343881086
23.0,V2V,flow_west_east.0,vehicle_3,-97.25,120.25,519.95,False,1,1.8851424833609997e-13,1.8851424833609997e-13,1.0,inf,inf,D,1.8836490894898022e-13,0.47067693390549775,-3.2727708430019224,55648036.21321011,55.64803621321011
23.0,V2V,flow_west_east.0,vehicle_4,-80.52,103.52,426.3,True,1,8.868160487841e-12,8.868160487841e-12,1.0,inf,inf,D,8.871560120379617e-12,22.167816392752663,13.457229156998077,453405016.896485,453.405016896485
23.0,V2V,flow_west_east.0,vehicle_5,-97.16,120.16,514.54,False,1,1.9249455416009999e-13,1.9249455416009999e-13,1.0,inf,inf,D,1.9230917289101616e-13,0.48053266589459304,-3.182770843001919,56611632.19266364,56.61163219266364
23.0,V2V,vehicle_0,flow_west_east.0,-87.62,110.62,965.03,True,1,1.730531783238e-12,1.730531783238e-12,1.0,inf,inf,D,1.7298163592150997e-12,4.322379708183657,6.357229156998069,241207143.85022697,241.20714385022697
23.0,V2V,vehicle_0,vehicle_1,-82.17,105.17,515.3,True,1,6.0693743415270005e-12,6.0693743415270005e-12,1.0,inf,inf,D,6.067363295885047e-12,15.160827825799714,11.80722915699807,401442919.5798042,401.4429195798042
23.0,V2V,vehicle_0,vehicle_3,-97.34,120.34,525.7,False,1,1.844109846692e-13,1.844109846692e-13,1.0,inf,inf,D,1.8450154191794737e-13,0.46102334312330673,-3.3627708430019263,54697922.86131423,54.69792286131423
23.0,V2V,vehicle_0,vehicle_4,-82.55,105.55,538.73,True,1,5.552857312066e-12,5.552857312066e-12,1.0,inf,inf,D,5.559042572704049e-12,13.890661101209517,11.427229156998084,389633590.1612208,389.6335901612208
23.0,V2V,vehicle_0,vehicle_5,-97.25,120.25,520.36,False,1,1.8821815325749998e-13,1.8821815325749998e-13,1.0,inf,inf,D,1.8836490894898022e-13,0.47067693390549775,-3.2727708430019224,55648036.21321011,55.64803621321011
23.0,V2V,vehicle_1,flow_west_east.0,-80.99,103.99,449.73,True,1,7.968086749862e-12,7.968086749862e-12,1.0,inf,inf,D,7.961593504173184e-12,19.894036742061928,12.987229156998072,438501934.3881086,438.5019343881086
23.0,V2V,vehicle_1,vehicle_0,-82.17,105.17,515.3,True,1,6.0693743415270005e-12,6.0693743415270005e-12,1.0,inf,inf,D,6.067363295885047e-12,15.160827825799714,11.80722915699807,401442919.5798042,401.4429195798042
23.0,V2V,vehicle_1,vehicle_3,-74.1,97.1,203.47,True,1,3.8926465742920005e-11,3.8926465742920005e-11,1.0,inf,inf,D,3.890451449942813e-11,97.212679908616,19.877229156998084,661783739.2954204,661.7837392954204
23.0,V2V,vehicle_1,vehicle_4,-55.32,78.32,23.43,True,1,2.934918654622e-09,2.934918654622e-09,1.0,inf,inf,D,2.9376496519615306e-09,7340.453902952349,38.65722915699807,1284185008.7630725,1284.1850087630726
23.0,V2V,vehicle_1,vehicle_5,-73.47,96.47,189.24,True,1,4.5002746102210005e-11,4.5002746102210005e-11,1.0,inf,inf,D,4.497798548932884e-11,112.38876933865276,20.50722915699808,682513394.4501123,682.5133944501123
23.0,V2V,vehicle_3,flow_west_east.0,-97.25,120.25,519.95,False,1,1.8851424833609997e-13,1.8851424833609997e-13,1.0,inf,inf,D,1.8836490894898022e-13,0.47067693390549775,-3.2727708430019224,55648036.21321011,55.64803621321011
23.0,V2V,vehicle_3,vehicle_0,-97.34,120.34,525.7,False,1,1.844109846692e-13,1.844109846692e-13,1.0,inf,inf,D,1.8450154191794737e-13,0.46102334312330673,-3.3627708430019263,54697922.86131423,54.69792286131423
23.0,V2V,vehicle_3,vehicle_1,-74.1,97.1,203.47,True,1,3.8926465742920005e-11,3.8926465742920005e-11,1.0,inf,inf,D,3.890451449942813e-11,97.212679908616,19.877229156998084,661783739.2954204,661.7837392954204
23.0,V2V,vehicle_3,vehicle_4,-89.3,112.3,208.19,False,1,1.175878028725e-12,1.175878028725e-12,1.0,inf,inf,D,1.1748975549395304e-12,2.935775999349151,4.677229156998076,197664811.3506357,197.66481135063572
23.0,V2V,vehicle_3,vehicle_5,-79.71,102.71,388.2,True,1,1.0694319312070001e-11,1.0694319312070001e-11,1.0,inf,inf,D,1.06905487922266e-11,26.713015472830083,14.267229156998082,479249179.4916502,479.24917949165024
23.0,V2V,vehicle_4,flow_west_east.0,-80.52,103.52,426.3,True,1,8.868160487841e-12,8.868160487841e-12,1.0,inf,inf,D,8.871560120379617e-12,22.167816392752663,13.457229156998077,453405016.896485,453.405016896485
23.0,V2V,vehicle_4,vehicle_0,-82.55,105.55,538.73,True,1,5.552857312066e-12,5.552857312066e-12,1.0,inf,inf,D,5.559042572704049e-12,13.890661101209517,11.427229156998084,389633590.1612208,389.6335901612208
23.0,V2V,vehicle_4,vehicle_1,-55.32,78.32,23.43,True,1,2.934918654622e-09,2.934918654622e-09,1.0,inf,inf,D,2.9376496519615306e-09,7340.453902952349,38.65722915699807,1284185008.7630725,1284.1850087630726
23.0,V2V,vehicle_4,vehicle_3,-89.3,112.3,208.19,False,1,1.175878028725e-12,1.175878028725e-12,1.0,inf,inf,D,1.1748975549395304e-12,2.935775999349151,4.677229156998076,197664811.3506357,197.66481135063572
23.0,V2V,vehicle_4,vehicle_5,-88.7,111.7,194.3,False,1,1.349998288966e-12,1.349998288966e-12,1.0,inf,inf,D,1.3489628825916506e-12,3.3707218455563477,5.277229156998064,212787156.7369663,212.78715673696632
23.0,V2V,vehicle_5,flow_west_east.0,-97.16,120.16,514.54,False,1,1.9249455416009999e-13,1.9249455416009999e-13,1.0,inf,inf,D,1.9230917289101616e-13,0.48053266589459304,-3.182770843001919,56611632.19266364,56.61163219266364
23.0,V2V,vehicle_5,vehicle_0,-97.25,120.25,520.36,False,1,1.8821815325749998e-13,1.8821815325749998e-13,1.0,inf,inf,D,1.8836490894898022e-13,0.47067693390549775,-3.2727708430019224,55648036.21321011,55.64803621321011
23.0,V2V,vehicle_5,vehicle_1,-73.47,96.47,189.24,True,1,4.5002746102210005e-11,4.5002746102210005e-11,1.0,inf,inf,D,4.497798548932884e-11,112.38876933865276,20.50722915699808,682513394.4501123,682.5133944501123
23.0,V2V,vehicle_5,vehicle_3,-79.71,102.71,388.2,True,1,1.0694319312070001e-11,1.0694319312070001e-11,1.0,inf,inf,D,1.06905487922266e-11,26.713015472830083,14.267229156998082,479249179.4916502,479.24917949165024
23.0,V2V,vehicle_5,vehicle_4,-88.7,111.7,194.3,False,1,1.349998288966e-12,1.349998288966e-12,1.0,inf,inf,D,1.3489628825916506e-12,3.3707218455563477,5.277229156998064,212787156.7369663,212.78715673696632
24.0,V2I,BS_1,flow_west_east.0,-95.26,125.26,925.86,False,1,2.9796983413019997e-13,2.9796983413019997e-13,1.0,inf,inf,D,2.9785164294291914e-13,0.7442569788678638,-1.282770843001924,80261260.59557144,80.26126059557144
24.0,V2I,BS_1,vehicle_0,-73.7,103.7,435.01,True,1,4.268504035987e-11,4.268504035987e-11,1.0,inf,inf,D,4.2657951880159254e-11,106.5915839084439,20.277229156998075,674942142.0750834,674.9421420750833
24.0,V2I,BS_1,vehicle_1,-91.35,121.35,590.05,False,1,7.336509658181999e-13,7.336509658181999e-13,1.0,inf,inf,D,7.328245331389044e-13,1.8311457599672771,2.6272291569980757,150138602.75087953,150.13860275087953
24.0,V2I,BS_1,vehicle_3,-73.53,103.53,426.53,True,1,4.439891598375e-11,4.439891598375e-11,1.0,inf,inf,D,4.436086439314327e-11,110.84673761405114,20.447229156998077,680537936.5736606,680.5379365736607
24.0,V2I,BS_1,vehicle_4,-91.59,121.59,607.04,False,1,6.931429152771999e-13,6.931429152771999e-13,1.0,inf,inf,D,6.934258060165681e-13,1.7326981659584406,2.3872291569980666,145032611.90185964,145.03261190185964
24.0,V2I,BS_1,vehicle_5,-92.44,122.44,669.28,False,1,5.702307219186999e-13,5.702307219186999e-13,1.0,inf,inf,D,5.701642722807477e-13,1.424698331536101,1.537229156998075,127780526.57866201,127.780526578662
24.0,V2V,flow_west_east.0,vehicle_0,-87.71,110.71,975.5,True,1,1.693595385927e-12,1.693595385927e-12,1.0,inf,inf,D,1.6943378004473322e-12,4.23372763729968,6.267229156998083,238783884.86234176,238.78388486234175
24.0,V2V,flow_west_east.0,vehicle_1,-80.09,103.09,405.8,True,1,9.786786717332e-12,9.786786717332e-12,1.0,inf,inf,D,9.794899854086982e-12,24.475012129152876,13.887229156998071,467101092.81740177,467.10109281740176
24.0,V2V,flow_west_east.0,vehicle_3,-96.99,119.99,505.04,False,1,1.998083265974e-13,1.998083265974e-13,1.0,inf,inf,D,1.9998618696327447e-13,0.4997156096033844,-3.0127708430019258,58468894.90452643,58.46889490452643
24.0,V2V,flow_west_east.0,vehicle_4,-79.58,102.58,382.47,True,1,1.1017346987930001e-11,1.1017346987930001e-11,1.0,inf,inf,D,1.1015393095414144e-11,27.524720378346185,14.39722915699807,483414083.904372,483.414083904372
24.0,V2V,flow_west_east.0,vehicle_5,-96.09,119.09,454.94,False,1,2.462421614077e-13,2.462421614077e-13,1.0,inf,inf,D,2.460367604147627e-13,0.6147845087825154,-2.1127708430019267,69134165.16970728,69.13416516970729
24.0,V2V,vehicle_0,flow_west_east.0,-87.71,110.71,975.5,True,1,1.693595385927e-12,1.693595385927e-12,1.0,inf,inf,D,1.6943378004473322e-12,4.23372763729968,6.267229156998083,238783884.86234176,238.78388486234175
24.0,V2V,vehicle_0,vehicle_1,-83.04,106.04,569.7,True,1,4.96560043426e-12,4.96560043426e-12,1.0,inf,inf,D,4.965923214503358e-12,12.408603734391198,10.937229156998072,374508710.9135938,374.5087109135938
24.0,V2V,vehicle_0,vehicle_3,-98.45,121.45,597.55,False,1,1.427286908173e-13,1.427286908173e-13,1.0,inf,inf,D,1.4288939585111008e-13,0.3570449671442031,-4.472770843001933,44046852.6800319,44.046852680031904
24.0,V2V,vehicle_0,vehicle_4,-83.39,106.39,593.03,True,1,4.582537202108e-12,4.582537202108e-12,1.0,inf,inf,D,4.58141886714533e-12,11.447823256235205,10.587229156998069,363782157.59761596,363.78215759761594
24.0,V2V,vehicle_0,vehicle_5,-97.83,120.83,555.85,False,1,1.6494719228809997e-13,1.6494719228809997e-13,1.0,inf,inf,D,1.64816239152551e-13,0.4118346805411069,-3.852770843001922,49757116.54313849,49.75711654313849
24.0,V2V,vehicle_1,flow_west_east.0,-80.09,103.09,405.8,True,1,9.786786717332e-12,9.786786717332e-12,1.0,inf,inf,D,9.794899854086982e-12,24.475012129152876,13.887229156998071,467101092.81740177,467.10109281740176
24.0,V2V,vehicle_1,vehicle_0,-83.04,106.04,569.7,True,1,4.96560043426e-12,4.96560043426e-12,1.0,inf,inf,D,4.965923214503358e-12,12.408603734391198,10.937229156998072,374508710.9135938,374.5087109135938
24.0,V2V,vehicle_1,vehicle_3,-76.14,99.14,257.51,True,1,2.4303040706390003e-11,2.4303040706390003e-11,1.0,inf,inf,D,2.432204009073816e-11,60.774712870410184,17.837229156998077,594894449.4793539,594.8944494793539
24.0,V2V,vehicle_1,vehicle_4,-55.29,78.29,23.33,True,1,2.960129006902e-09,2.960129006902e-09,1.0,inf,inf,D,2.9580124665515463e-09,7391.33549862955,38.68722915699807,1285181451.912511,1285.1814519125112
24.0,V2V,vehicle_1,vehicle_5,-70.53,93.53,134.97,True,1,8.847200989240001e-11,8.847200989240001e-11,1.0,inf,inf,D,8.851156098308356e-11,221.1683182985596,23.447229156998077,779550928.9614408,779.5509289614408
24.0,V2V,vehicle_3,flow_west_east.0,-96.99,119.99,505.04,False,1,1.998083265974e-13,1.998083265974e-13,1.0,inf,inf,D,1.9998618696327447e-13,0.4997156096033844,-3.0127708430019258,58468894.90452643,58.46889490452643
24.0,V2V,vehicle_3,vehicle_0,-98.45,121.45,597.55,False,1,1.427286908173e-13,1.427286908173e-13,1.0,inf,inf,D,1.4288939585111008e-13,0.3570449671442031,-4.472770843001933,44046852.6800319,44.046852680031904
24.0,V2V,vehicle_3,vehicle_1,-76.14,99.14,257.51,True,1,2.4303040706390003e-11,2.4303040706390003e-11,1.0,inf,inf,D,2.432204009073816e-11,60.774712870410184,17.837229156998077,594894449.4793539,594.8944494793539
24.0,V2V,vehicle_3,vehicle_4,-91.27,114.27,261.23,False,1,7.468070169379999e-13,7.468070169379999e-13,1.0,inf,inf,D,7.464487584100684e-13,1.8651893013744834,2.7072291569980838,151863046.0145212,151.86304601452122
24.0,V2V,vehicle_3,vehicle_5,-79.69,102.69,387.47,True,1,1.073483852574e-11,1.073483852574e-11,1.0,inf,inf,D,1.0739894123412462e-11,26.836317149956173,14.28722915699808,479889644.4688973,479.8896444688973
24.0,V2V,vehicle_4,flow_west_east.0,-79.58,102.58,382.47,True,1,1.1017346987930001e-11,1.1017346987930001e-11,1.0,inf,inf,D,1.1015393095414144e-11,27.524720378346185,14.39722915699807,483414083.904372,483.414083904372
24.0,V2V,vehicle_4,vehicle_0,-83.39,106.39,593.03,True,1,4.582537202108e-12,4.582537202108e-12,1.0,inf,inf,D,4.58141886714533e-12,11.447823256235205,10.587229156998069,363782157.59761596,363.78215759761594
24.0,V2V,vehicle_4,vehicle_1,-55.29,78.29,23.33,True,1,2.960129006902e-09,2.960129006902e-09,1.0,inf,inf,D,2.9580124665515463e-09,7391.33549862955,38.68722915699807,1285181451.912511,1285.1814519125112
24.0,V2V,vehicle_4,vehicle_3,-91.27,114.27,261.23,False,1,7.468070169379999e-13,7.468070169379999e-13,1.0,inf,inf,D,7.464487584100684e-13,1.8651893013744834,2.7072291569980838,151863046.0145212,151.86304601452122
24.0,V2V,vehicle_4,vehicle_5,-85.97,108.97,141.93,False,1,2.529848662799e-12,2.529848662799e-12,1.0,inf,inf,D,2.529297996446147e-12,6.320084948641046,8.007229156998077,287186039.08962095,287.1860390896209
24.0,V2V,vehicle_5,flow_west_east.0,-96.09,119.09,454.94,False,1,2.462421614077e-13,2.462421614077e-13,1.0,inf,inf,D,2.460367604147627e-13,0.6147845087825154,-2.1127708430019267,69134165.16970728,69.13416516970729
24.0,V2V,vehicle_5,vehicle_0,-97.83,120.83,555.85,False,1,1.6494719228809997e-13,1.6494719228809997e-13,1.0,inf,inf,D,1.64816239152551e-13,0.4118346805411069,-3.852770843001922,49757116.54313849,49.75711654313849
24.0,V2V,vehicle_5,vehicle_1,-70.53,93.53,134.97,True,1,8.847200989240001e-11,8.847200989240001e-11,1.0,inf,inf,D,8.851156098308356e-11,221.1683182985596,23.447229156998077,779550928.9614408,779.5509289614408
24.0,V2V,vehicle_5,vehicle_3,-79.69,102.69,387.47,True,1,1.073483852574e-11,1.073483852574e-11,1.0,inf,inf,D,1.0739894123412462e-11,26.836317149956173,14.28722915699808,479889644.4688973,479.8896444688973
24.0,V2V,vehicle_5,vehicle_4,-85.97,108.97,141.93,False,1,2.529848662799e-12,2.529848662799e-12,1.0,inf,inf,D,2.529297996446147e-12,6.320084948641046,8.007229156998077,287186039.08962095,287.1860390896209
25.0,V2I,BS_1,flow_south_north.0,-96.64,126.64,1085.5,False,1,2.1677119631459998e-13,2.1677119631459998e-13,1.0,inf,inf,D,2.167704104819696e-13,0.5416551986056212,-2.6627708430019235,62448013.30312515,62.44801330312515
25.0,V2I,BS_1,flow_west_east.0,-94.87,124.87,885.5,False,1,3.2575060991509997e-13,3.2575060991509997e-13,1.0,inf,inf,D,3.258367010020087e-13,0.8141846601749342,-0.8927708430019275,85932131.0750522,85.9321310750522
25.0,V2I,BS_1,vehicle_0,-74.1,104.1,455.74,True,1,3.88892919447e-11,3.88892919447e-11,1.0,inf,inf,D,3.890451449942813e-11,97.212679908616,19.877229156998084,661783739.2954204,661.7837392954204
25.0,V2I,BS_1,vehicle_1,-91.35,121.35,590.05,False,1,7.336509658181999e-13,7.336509658181999e-13,1.0,inf,inf,D,7.328245331389044e-13,1.8311457599672771,2.6272291569980757,150138602.75087953,150.13860275087953
25.0,V2I,BS_1,vehicle_3,-73.2,103.2,410.74,True,1,4.7878335840580004e-11,4.7878335840580004e-11,1.0,inf,inf,D,4.78630092322638e-11,119.59772421855021,20.77722915699807,691405887.2389252,691.4058872389252
25.0,V2I,BS_1,vehicle_4,-91.59,121.59,607.04,False,1,6.931429152771999e-13,6.931429152771999e-13,1.0,inf,inf,D,6.934258060165681e-13,1.7326981659584406,2.3872291569980666,145032611.90185964,145.03261190185964
25.0,V2I,BS_1,vehicle_5,-91.91,121.91,629.48,False,1,6.446120730182999e-13,6.446120730182999e-13,1.0,inf,inf,D,6.441692655151788e-13,1.6096183546106415,2.067229156998084,138383883.43162617,138.38388343162617
25.0,V2V,flow_south_north.0,flow_west_east.0,-85.06,108.06,719.08,True,1,3.116830282772e-12,3.116830282772e-12,1.0,inf,inf,D,3.1188895840939352e-12,7.793327296586543,8.91722915699807,313640916.83249235,313.64091683249234
25.0,V2V,flow_south_north.0,vehicle_0,-86.48,109.48,846.91,True,1,2.246932117664e-12,2.246932117664e-12,1.0,inf,inf,D,2.249054605835783e-12,5.619826601288812,7.497229156998078,272679342.779729,272.679342779729
25.0,V2V,flow_south_north.0,vehicle_1,-83.56,106.56,604.73,True,1,4.407008288248e-12,4.407008288248e-12,1.0,inf,inf,D,4.405548635065534e-12,11.008367403961854,10.417229156998076,358596811.7845097,358.5968117845097
25.0,V2V,flow_south_north.0,vehicle_3,-87.14,110.14,913.73,True,1,1.930302052306e-12,1.930302052306e-12,1.0,inf,inf,D,1.9319683170169225e-12,4.8275070390227945,6.83722915699807,254287884.19808504,254.28788419808504
25.0,V2V,flow_south_north.0,vehicle_4,-98.58,121.58,606.32,False,1,1.3863062198269998e-13,1.3863062198269998e-13,1.0,inf,inf,D,1.3867558288718866e-13,0.34651569936828747,-4.602770843001932,42923105.068528496,42.92310506852849
25.0,V2V,flow_south_north.0,vehicle_5,-82.29,105.29,522.83,True,1,5.895731170529e-12,5.895731170529e-12,1.0,inf,inf,D,5.902010801718429e-12,14.747653177707218,11.687229156998063,397706493.9299614,397.70649392996137
25.0,V2V,flow_west_east.0,flow_south_north.0,-85.06,108.06,719.08,True,1,3.116830282772e-12,3.116830282772e-12,1.0,inf,inf,D,3.1188895840939352e-12,7.793327296586543,8.91722915699807,313640916.83249235,313.64091683249234
25.0,V2V,flow_west_east.0,vehicle_0,-87.79,110.79,983.87,True,1,1.664913655471e-12,1.664913655471e-12,1.0,inf,inf,D,1.6634126503701698e-12,4.156453399225811,6.187229156998074,236637912.32915,236.63791232915
25.0,V2V,flow_west_east.0,vehicle_1,-79.07,102.07,360.53,True,1,1.239862033733e-11,1.239862033733e-11,1.0,inf,inf,D,1.2387965865303716e-11,30.954437444537017,14.907229156998083,499794438.3953201,499.7944383953201
25.0,V2V,flow_west_east.0,vehicle_3,-96.88,119.88,498.19,False,1,2.05342369538e-13,2.05342369538e-13,1.0,inf,inf,D,2.051162178825571e-13,0.5125342775676088,-2.902770843001915,59696783.76047192,59.69678376047192
25.0,V2V,flow_west_east.0,vehicle_4,-78.49,101.49,337.2,True,1,1.4173890632420001e-11,1.4173890632420001e-11,1.0,inf,inf,D,1.4157937799570838e-11,35.37715592096661,15.487229156998081,518496084.7906689,518.4960847906689
25.0,V2V,flow_west_east.0,vehicle_5,-94.94,117.94,398.55,False,1,3.2084347322099997e-13,3.2084347322099997e-13,1.0,inf,inf,D,3.2062693245054675e-13,0.8011667477524905,-0.9627708430019242,84893174.87176654,84.89317487176653
25.0,V2V,vehicle_0,flow_south_north.0,-86.48,109.48,846.91,True,1,2.246932117664e-12,2.246932117664e-12,1.0,inf,inf,D,2.249054605835783e-12,5.619826601288812,7.497229156998078,272679342.779729,272.679342779729
25.0,V2V,vehicle_0,flow_west_east.0,-87.79,110.79,983.87,True,1,1.664913655471e-12,1.664913655471e-12,1.0,inf,inf,D,1.6634126503701698e-12,4.156453399225811,6.187229156998074,236637912.32915,236.63791232915
25.0,V2V,vehicle_0,vehicle_1,-83.82,106.82,623.33,True,1,4.1478544235810004e-12,4.1478544235810004e-12,1.0,inf,inf,D,4.1495404263436325e-12,10.368666732492834,10.157229156998078,350699116.6073891,350.6991166073891
25.0,V2V,vehicle_0,vehicle_3,-99.44,122.44,669.61,False,1,1.1366400798949999e-13,1.1366400798949999e-13,1.0,inf,inf,D,1.1376272858234333e-13,0.28426468911130265,-5.462770843001917,36094257.49788856,36.094257497888556
25.0,V2V,vehicle_0,vehicle_4,-84.14,107.14,646.67,True,1,3.853925001015e-12,3.853925001015e-12,1.0,inf,inf,D,3.854783576657721e-12,9.632142870209197,9.837229156998077,341036049.10660654,341.0360491066065
25.0,V2V,vehicle_0,vehicle_5,-98.48,121.48,599.19,False,1,1.41950106095e-13,1.41950106095e-13,1.0,inf,inf,D,1.4190575216890896e-13,0.35458708687883295,-4.502770843001934,43785314.789165765,43.78531478916577
25.0,V2V,vehicle_1,flow_south_north.0,-83.56,106.56,604.73,True,1,4.407008288248e-12,4.407008288248e-12,1.0,inf,inf,D,4.405548635065534e-12,11.008367403961854,10.417229156998076,358596811.7845097,358.5968117845097
25.0,V2V,vehicle_1,flow_west_east.0,-79.07,102.07,360.53,True,1,1.239862033733e-11,1.239862033733e-11,1.0,inf,inf,D,1.2387965865303716e-11,30.954437444537017,14.907229156998083,499794438.3953201,499.7944383953201
25.0,V2V,vehicle_1,vehicle_0,-83.82,106.82,623.33,True,1,4.1478544235810004e-12,4.1478544235810004e-12,1.0,inf,inf,D,4.1495404263436325e-12,10.368666732492834,10.157229156998078,350699116.6073891,350.6991166073891
25.0,V2V,vehicle_1,vehicle_3,-77.79,100.79,311.15,True,1,1.664647325429e-11,1.664647325429e-11,1.0,inf,inf,D,1.6634126503701665e-11,41.56453399225803,16.187229156998065,541157993.0401036,541.1579930401035
25.0,V2V,vehicle_1,vehicle_4,-55.29,78.29,23.33,True,1,2.960129006902e-09,2.960129006902e-09,1.0,inf,inf,D,2.9580124665515463e-09,7391.33549862955,38.68722915699807,1285181451.912511,1285.1814519125112
25.0,V2V,vehicle_1,vehicle_5,-66.66,89.66,86.42,True,1,2.158001901979e-10,2.158001901979e-10,1.0,inf,inf,D,2.157744409152669e-10,539.1665190286528,27.31722915699808,907726041.0280129,907.7260410280129
25.0,V2V,vehicle_3,flow_south_north.0,-87.14,110.14,913.73,True,1,1.930302052306e-12,1.930302052306e-12,1.0,inf,inf,D,1.9319683170169225e-12,4.8275070390227945,6.83722915699807,254287884.19808504,254.28788419808504
25.0,V2V,vehicle_3,flow_west_east.0,-96.88,119.88,498.19,False,1,2.05342369538e-13,2.05342369538e-13,1.0,inf,inf,D,2.051162178825571e-13,0.5125342775676088,-2.902770843001915,59696783.76047192,59.69678376047192
25.0,V2V,vehicle_3,vehicle_0,-99.44,122.44,669.61,False,1,1.1366400798949999e-13,1.1366400798949999e-13,1.0,inf,inf,D,1.1376272858234333e-13,0.28426468911130265,-5.462770843001917,36094257.49788856,36.094257497888556
25.0,V2V,vehicle_3,vehicle_1,-77.79,100.79,311.15,True,1,1.664647325429e-11,1.664647325429e-11,1.0,inf,inf,D,1.6634126503701665e-11,41.56453399225803,16.187229156998065,541157993.0401036,541.1579930401035
25.0,V2V,vehicle_3,vehicle_4,-92.87,115.87,314.24,False,1,5.161247037364e-13,5.161247037364e-13,1.0,inf,inf,D,5.1641636927207e-13,1.290395725317516,1.107229156998065,119559688.2877001,119.5596882877001
25.0,V2V,vehicle_3,vehicle_5,-79.77,102.77,390.9,True,1,1.0547095257260001e-11,1.0547095257260001e-11,1.0,inf,inf,D,1.0543868963912603e-11,26.346499160201404,14.20722915699808,477328424.9020775,477.3284249020775
25.0,V2V,vehicle_4,flow_south_north.0,-98.58,121.58,606.32,False,1,1.3863062198269998e-13,1.3863062198269998e-13,1.0,inf,inf,D,1.3867558288718866e-13,0.34651569936828747,-4.602770843001932,42923105.068528496,42.92310506852849
25.0,V2V,vehicle_4,flow_west_east.0,-78.49,101.49,337.2,True,1,1.4173890632420001e-11,1.4173890632420001e-11,1.0,inf,inf,D,1.4157937799570838e-11,35.37715592096661,15.487229156998081,518496084.7906689,518.4960847906689
25.0,V2V,vehicle_4,vehicle_0,-84.14,107.14,646.67,True,1,3.853925001015e-12,3.853925001015e-12,1.0,inf,inf,D,3.854783576657721e-12,9.632142870209197,9.837229156998077,341036049.10660654,341.0360491066065
25.0,V2V,vehicle_4,vehicle_1,-55.29,78.29,23.33,True,1,2.960129006902e-09,2.960129006902e-09,1.0,inf,inf,D,2.9580124665515463e-09,7391.33549862955,38.68722915699807,1285181451.912511,1285.1814519125112
25.0,V2V,vehicle_4,vehicle_3,-92.87,115.87,314.24,False,1,5.161247037364e-13,5.161247037364e-13,1.0,inf,inf,D,5.1641636927207e-13,1.290395725317516,1.107229156998065,119559688.2877001,119.5596882877001
25.0,V2V,vehicle_4,vehicle_5,-67.66,90.66,96.94,True,1,1.715037808506e-10,1.715037808506e-10,1.0,inf,inf,D,1.7139573075084252e-10,428.275189282465,26.317229156998074,874575898.1862754,874.5758981862754
25.0,V2V,vehicle_5,flow_south_north.0,-82.29,105.29,522.83,True,1,5.895731170529e-12,5.895731170529e-12,1.0,inf,inf,D,5.902010801718429e-12,14.747653177707218,11.687229156998063,397706493.9299614,397.70649392996137
25.0,V2V,vehicle_5,flow_west_east.0,-94.94,117.94,398.55,False,1,3.2084347322099997e-13,3.2084347322099997e-13,1.0,inf,inf,D,3.2062693245054675e-13,0.8011667477524905,-0.9627708430019242,84893174.87176654,84.89317487176653
25.0,V2V,vehicle_5,vehicle_0,-98.48,121.48,599.19,False,1,1.41950106095e-13,1.41950106095e-13,1.0,inf,inf,D,1.4190575216890896e-13,0.35458708687883295,-4.502770843001934,43785314.789165765,43.78531478916577
25.0,V2V,vehicle_5,vehicle_1,-66.66,89.66,86.42,True,1,2.158001901979e-10,2.158001901979e-10,1.0,inf,inf,D,2.157744409152669e-10,539.1665190286528,27.31722915699808,907726041.0280129,907.7260410280129
25.0,V2V,vehicle_5,vehicle_3,-79.77,102.77,390.9,True,1,1.0547095257260001e-11,1.0547095257260001e-11,1.0,inf,inf,D,1.0543868963912603e-11,26.346499160201404,14.20722915699808,477328424.9020775,477.3284249020775
25.0,V2V,vehicle_5,vehicle_4,-67.66,90.66,96.94,True,1,1.715037808506e-10,1.715037808506e-10,1.0,inf,inf,D,1.7139573075084252e-10,428.275189282465,26.317229156998074,874575898.1862754,874.5758981862754
26.0,V2I,BS_1,flow_south_north.0,-96.28,126.28,1040.87,False,1,2.357615652884e-13,2.357615652884e-13,1.0,inf,inf,D,2.355049283896009e-13,0.5884680869305369,-2.3027708430019276,66763610.59220118,66.76361059220118
26.0,V2I,BS_1,flow_west_east.0,-94.47,124.47,845.11,False,1,3.576291228497e-13,3.576291228497e-13,1.0,inf,inf,D,3.572728381519296e-13,0.8927357275160659,-0.49277084300191787,92047298.93735057,92.04729893735058
26.0,V2I,BS_1,vehicle_1,-91.35,121.35,590.05,False,1,7.336509658181999e-13,7.336509658181999e-13,1.0,inf,inf,D,7.328245331389044e-13,1.8311457599672771,2.6272291569980757,150138602.75087953,150.13860275087953
26.0,V2I,BS_1,vehicle_3,-73.01,103.01,401.69,True,1,5.0059313422490004e-11,5.0059313422490004e-11,1.0,inf,inf,D,5.000345349769783e-11,124.9461606639126,20.967229156998073,697666333.3478019,697.6663333478019
26.0,V2I,BS_1,vehicle_4,-91.59,121.59,607.04,False,1,6.931429152771999e-13,6.931429152771999e-13,1.0,inf,inf,D,6.934258060165681e-13,1.7326981659584406,2.3872291569980666,145032611.90185964,145.03261190185964
26.0,V2I,BS_1,vehicle_5,-91.5,121.5,600.5,False,1,7.083401042163e-13,7.083401042163e-13,1.0,inf,inf,D,7.079457843841373e-13,1.7689799709748555,2.4772291569980696,146935461.82119736,146.93546182119735
26.0,V2V,flow_south_north.0,flow_west_east.0,-99.24,122.24,653.85,False,1,1.1920972747089999e-13,1.1920972747089999e-13,1.0,inf,inf,D,1.1912420080273761e-13,0.29766167117125836,-5.262770843001921,37591429.01569573,37.59142901569573
26.0,V2V,flow_south_north.0,vehicle_1,-82.84,105.84,556.62,True,1,5.20163187052e-12,5.20163187052e-12,1.0,inf,inf,D,5.1999599653351514e-12,12.99340321173201,11.137229156998066,380667496.51531714,380.66749651531717
26.0,V2V,flow_south_north.0,vehicle_3,-87.19,110.19,918.87,True,1,1.90879467636e-12,1.90879467636e-12,1.0,inf,inf,D,1.9098532585662407e-12,4.772247022904149,6.787229156998079,252913304.11827305,252.91330411827306
26.0,V2V,flow_south_north.0,vehicle_4,-97.87,120.87,558.35,False,1,1.63472326008e-13,1.63472326008e-13,1.0,inf,inf,D,1.6330519478943313e-13,0.40805895749483534,-3.8927708430019345,49370774.299840085,49.370774299840086
26.0,V2V,flow_south_north.0,vehicle_5,-82.13,105.13,512.8,True,1,6.128697362522e-12,6.128697362522e-12,1.0,inf,inf,D,6.123503917247746e-12,15.301109238500114,11.847229156998083,402689823.3480809,402.6898233480809
26.0,V2V,flow_west_east.0,flow_south_north.0,-99.24,122.24,653.85,False,1,1.1920972747089999e-13,1.1920972747089999e-13,1.0,inf,inf,D,1.1912420080273761e-13,0.29766167117125836,-5.262770843001921,37591429.01569573,37.59142901569573
26.0,V2V,flow_west_east.0,vehicle_1,-77.88,100.88,314.67,True,1,1.6276563996760003e-11,1.6276563996760003e-11,1.0,inf,inf,D,1.629296032639725e-11,40.71204479359632,16.097229156998083,538239213.2151005,538.2392132151006
26.0,V2V,flow_west_east.0,vehicle_3,-96.91,119.91,500.36,False,1,2.0356429989979997e-13,2.0356429989979997e-13,1.0,inf,inf,D,2.0370420777057232e-13,0.5090060164182216,-2.932770843001916,59359855.791193165,59.35985579119316
26.0,V2V,flow_west_east.0,vehicle_4,-77.22,100.22,291.33,True,1,1.898820244885e-11,1.898820244885e-11,1.0,inf,inf,D,1.896705921211148e-11,47.39395105475132,16.757229156998076,559675482.567882,559.6754825678819
26.0,V2V,flow_west_east.0,vehicle_5,-93.73,116.73,347.01,False,1,4.2322886523429994e-13,4.2322886523429994e-13,1.0,inf,inf,D,4.2364296604954e-13,1.0585781260608194,0.24722915699806156,104164820.20921125,104.16482020921124
26.0,V2V,vehicle_1,flow_south_north.0,-82.84,105.84,556.62,True,1,5.20163187052e-12,5.20163187052e-12,1.0,inf,inf,D,5.1999599653351514e-12,12.99340321173201,11.137229156998066,380667496.51531714,380.66749651531717
26.0,V2V,vehicle_1,flow_west_east.0,-77.88,100.88,314.67,True,1,1.6276563996760003e-11,1.6276563996760003e-11,1.0,inf,inf,D,1.629296032639725e-11,40.71204479359632,16.097229156998083,538239213.2151005,538.2392132151006
26.0,V2V,vehicle_1,vehicle_3,-79.16,102.16,364.24,True,1,1.214732462507e-11,1.214732462507e-11,1.0,inf,inf,D,1.2133888504649786e-11,30.31956148088402,14.817229156998078,496899210.7842531,496.8992107842531
26.0,V2V,vehicle_1,vehicle_4,-55.29,78.29,23.33,True,1,2.960129006902e-09,2.960129006902e-09,1.0,inf,inf,D,2.9580124665515463e-09,7391.33549862955,38.68722915699807,1285181451.912511,1285.1814519125112
26.0,V2V,vehicle_1,vehicle_5,-62.29,85.29,52.27,True,1,5.899115103712e-10,5.899115103712e-10,1.0,inf,inf,D,5.902010801718442e-10,1474.765317770725,31.68722915699807,1052724760.1041619,1052.7247601041618
26.0,V2V,vehicle_3,flow_south_north.0,-87.19,110.19,918.87,True,1,1.90879467636e-12,1.90879467636e-12,1.0,inf,inf,D,1.9098532585662407e-12,4.772247022904149,6.787229156998079,252913304.11827305,252.91330411827306
26.0,V2V,vehicle_3,flow_west_east.0,-96.91,119.91,500.36,False,1,2.0356429989979997e-13,2.0356429989979997e-13,1.0,inf,inf,D,2.0370420777057232e-13,0.5090060164182216,-2.932770843001916,59359855.791193165,59.35985579119316
26.0,V2V,vehicle_3,vehicle_1,-79.16,102.16,364.24,True,1,1.214732462507e-11,1.214732462507e-11,1.0,inf,inf,D,1.2133888504649786e-11,30.31956148088402,14.817229156998078,496899210.7842531,496.8992107842531
26.0,V2V,vehicle_3,vehicle_4,-94.22,117.22,366.88,False,1,3.7862740717219995e-13,3.7862740717219995e-13,1.0,inf,inf,D,3.784425847170928e-13,0.9456336449702467,-0.24277084300193258,96024008.19883169,96.0240081988317
26.0,V2V,vehicle_3,vehicle_5,-80.1,103.1,406.07,True,1,9.773936842837e-12,9.773936842837e-12,1.0,inf,inf,D,9.77237220955811e-12,24.418721163313617,13.877229156998075,466781954.3886576,466.78195438865765
26.0,V2V,vehicle_4,flow_south_north.0,-97.87,120.87,558.35,False,1,1.63472326008e-13,1.63472326008e-13,1.0,inf,inf,D,1.6330519478943313e-13,0.40805895749483534,-3.8927708430019345,49370774.299840085,49.370774299840086
26.0,V2V,vehicle_4,flow_west_east.0,-77.22,100.22,291.33,True,1,1.898820244885e-11,1.898820244885e-11,1.0,inf,inf,D,1.896705921211148e-11,47.39395105475132,16.757229156998076,559675482.567882,559.6754825678819
26.0,V2V,vehicle_4,vehicle_1,-55.29,78.29,23.33,True,1,2.960129006902e-09,2.960129006902e-09,1.0,inf,inf,D,2.9580124665515463e-09,7391.33549862955,38.68722915699807,1285181451.912511,1285.1814519125112
26.0,V2V,vehicle_4,vehicle_3,-94.22,117.22,366.88,False,1,3.7862740717219995e-13,3.7862740717219995e-13,1.0,inf,inf,D,3.784425847170928e-13,0.9456336449702467,-0.24277084300193258,96024008.19883169,96.0240081988317
26.0,V2V,vehicle_4,vehicle_5,-64.61,87.61,68.27,True,1,3.457780545354e-10,3.457780545354e-10,1.0,inf,inf,D,3.459393778261217e-10,864.4162364470807,29.36722915699807,975725037.7812028,975.7250377812028
26.0,V2V,vehicle_5,flow_south_north.0,-82.13,105.13,512.8,True,1,6.128697362522e-12,6.128697362522e-12,1.0,inf,inf,D,6.123503917247746e-12,15.301109238500114,11.847229156998083,402689823.3480809,402.6898233480809
26.0,V2V,vehicle_5,flow_west_east.0,-93.73,116.73,347.01,False,1,4.2322886523429994e-13,4.2322886523429994e-13,1.0,inf,inf,D,4.2364296604954e-13,1.0585781260608194,0.24722915699806156,104164820.20921125,104.16482020921124
26.0,V2V,vehicle_5,vehicle_1,-62.29,85.29,52.27,True,1,5.899115103712e-10,5.899115103712e-10,1.0,inf,inf,D,5.902010801718442e-10,1474.765317770725,31.68722915699807,1052724760.1041619,1052.7247601041618
26.0,V2V,vehicle_5,vehicle_3,-80.1,103.1,406.07,True,1,9.773936842837e-12,9.773936842837e-12,1.0,inf,inf,D,9.77237220955811e-12,24.418721163313617,13.877229156998075,466781954.3886576,466.78195438865765
26.0,V2V,vehicle_5,vehicle_4,-64.61,87.61,68.27,True,1,3.457780545354e-10,3.457780545354e-10,1.0,inf,inf,D,3.459393778261217e-10,864.4162364470807,29.36722915699807,975725037.7812028,975.7250377812028
27.0,V2I,BS_1,flow_south_north.0,-95.84,125.84,990.3,False,1,2.604515161853e-13,2.604515161853e-13,1.0,inf,inf,D,2.606153549998898e-13,0.6512127811091698,-1.8627708430019223,72352604.30076785,72.35260430076785
27.0,V2I,BS_1,flow_west_east.0,-94.05,124.05,806.06,False,1,3.931232141713e-13,3.931232141713e-13,1.0,inf,inf,D,3.9355007545577805e-13,0.9833834968909995,-0.07277084300192022,98796365.66745545,98.79636566745545
27.0,V2I,BS_1,vehicle_1,-91.35,121.35,590.05,False,1,7.336509658181999e-13,7.336509658181999e-13,1.0,inf,inf,D,7.328245331389044e-13,1.8311457599672771,2.6272291569980757,150138602.75087953,150.13860275087953
27.0,V2I,BS_1,vehicle_3,-72.96,102.96,399.62,True,1,5.057776011361001e-11,5.057776011361001e-11,1.0,inf,inf,D,5.0582466200311476e-11,126.39296901627054,21.01722915699808,699314184.5349534,699.3141845349534
27.0,V2I,BS_1,vehicle_4,-91.59,121.59,607.04,False,1,6.931429152771999e-13,6.931429152771999e-13,1.0,inf,inf,D,6.934258060165681e-13,1.7326981659584406,2.3872291569980666,145032611.90185964,145.03261190185964
27.0,V2I,BS_1,vehicle_5,-91.23,121.23,582.55,False,1,7.526486147054e-13,7.526486147054e-13,1.0,inf,inf,D,7.533555637337154e-13,1.8824476854915426,2.7472291569980625,152729442.41591585,152.72944241591586
27.0,V2V,flow_south_north.0,flow_west_east.0,-98.25,121.25,583.47,False,1,1.497030605441e-13,1.497030605441e-13,1.0,inf,inf,D,1.496235656094436e-13,0.37387197803459166,-4.272770843001919,45824757.529161945,45.82475752916194
27.0,V2V,flow_south_north.0,vehicle_1,-81.94,104.94,501.71,True,1,6.402603364915e-12,6.402603364915e-12,1.0,inf,inf,D,6.397348354826495e-12,15.985378197967252,12.037229156998084,408622143.664038,408.622143664038
27.0,V2V,flow_south_north.0,vehicle_3,-87.18,110.18,917.8,True,1,1.913234054877e-12,1.913234054877e-12,1.0,inf,inf,D,1.914255925021086e-12,4.783248188458485,6.797229156998074,253188001.6798051,253.1880016798051
27.0,V2V,flow_south_north.0,vehicle_4,-96.97,119.97,503.63,False,1,2.009283789619e-13,2.009283789619e-13,1.0,inf,inf,D,2.009092812608732e-13,0.5020221920561548,-2.992770843001918,58690612.85198565,58.69061285198565
27.0,V2V,flow_south_north.0,vehicle_5,-81.59,104.59,482.13,True,1,6.933138762914e-12,6.933138762914e-12,1.0,inf,inf,D,6.9342580601656794e-12,17.326981659584405,12.387229156998066,419589729.738748,419.589729738748
27.0,V2V,flow_west_east.0,flow_south_north.0,-98.25,121.25,583.47,False,1,1.497030605441e-13,1.497030605441e-13,1.0,inf,inf,D,1.496235656094436e-13,0.37387197803459166,-4.272770843001919,45824757.529161945,45.82475752916194
27.0,V2V,flow_west_east.0,vehicle_1,-76.54,99.54,269.67,True,1,2.2162036993920003e-11,2.2162036993920003e-11,1.0,inf,inf,D,2.218196419800215e-11,55.42719689655709,17.437229156998065,581831877.8265818,581.8318778265818
27.0,V2V,flow_west_east.0,vehicle_3,-97.13,120.13,513.29,False,1,1.9344023415209998e-13,1.9344023415209998e-13,1.0,inf,inf,D,1.9364219639466108e-13,0.4838635592070491,-3.1527708430019183,56935844.26966615,56.93584426966615
27.0,V2V,flow_west_east.0,vehicle_4,-75.76,98.76,246.33,True,1,2.655937444965e-11,2.655937444965e-11,1.0,inf,inf,D,2.6546055619755363e-11,66.33197306285697,18.21722915699807,607321983.6357962,607.3219836357962
27.0,V2V,flow_west_east.0,vehicle_5,-77.47,100.47,299.92,True,1,1.79168803093e-11,1.79168803093e-11,1.0,inf,inf,D,1.7906058540352945e-11,44.742774963400656,16.507229156998072,551547198.3691198,551.5471983691198
27.0,V2V,vehicle_1,flow_south_north.0,-81.94,104.94,501.71,True,1,6.402603364915e-12,6.402603364915e-12,1.0,inf,inf,D,6.397348354826495e-12,15.985378197967252,12.037229156998084,408622143.664038,408.622143664038
27.0,V2V,vehicle_1,flow_west_east.0,-76.54,99.54,269.67,True,1,2.2162036993920003e-11,2.2162036993920003e-11,1.0,inf,inf,D,2.218196419800215e-11,55.42719689655709,17.437229156998065,581831877.8265818,581.8318778265818
27.0,V2V,vehicle_1,vehicle_3,-80.35,103.35,418.02,True,1,9.222923715928e-12,9.222923715928e-12,1.0,inf,inf,D,9.225714271547628e-12,23.052759299219456,13.627229156998071,458813050.23527014,458.81305023527017
27.0,V2V,vehicle_1,vehicle_4,-55.29,78.29,23.33,True,1,2.960129006902e-09,2.960129006902e-09,1.0,inf,inf,D,2.9580124665515463e-09,7391.33549862955,38.68722915699807,1285181451.912511,1285.1814519125112
27.0,V2V,vehicle_1,vehicle_5,-58.83,81.83,35.07,True,1,1.310476773916e-09,1.310476773916e-09,1.0,inf,inf,D,1.3091819229994068e-09,3271.3191479245543,35.14722915699807,1167609774.5250554,1167.6097745250554
27.0,V2V,vehicle_3,flow_south_north.0,-87.18,110.18,917.8,True,1,1.913234054877e-12,1.913234054877e-12,1.0,inf,inf,D,1.914255925021086e-12,4.783248188458485,6.797229156998074,253188001.6798051,253.1880016798051
27.0,V2V,vehicle_3,flow_west_east.0,-97.13,120.13,513.29,False,1,1.9344023415209998e-13,1.9344023415209998e-13,1.0,inf,inf,D,1.9364219639466108e-13,0.4838635592070491,-3.1527708430019183,56935844.26966615,56.93584426966615
27.0,V2V,vehicle_3,vehicle_1,-80.35,103.35,418.02,True,1,9.222923715928e-12,9.222923715928e-12,1.0,inf,inf,D,9.225714271547628e-12,23.052759299219456,13.627229156998071,458813050.23527014,458.81305023527017
27.0,V2V,vehicle_3,vehicle_4,-95.4,118.4,420.32,False,1,2.884701669317e-13,2.884701669317e-13,1.0,inf,inf,D,2.8840315031266e-13,0.7206475520056471,-1.4227708430019352,78295161.39111324,78.29516139111324
27.0,V2V,vehicle_3,vehicle_5,-80.71,103.71,435.67,True,1,8.490935533297e-12,8.490935533297e-12,1.0,inf,inf,D,8.491804750363143e-12,21.218902424695507,13.267229156998075,447371564.6737752,447.3715646737752
27.0,V2V,vehicle_4,flow_south_north.0,-96.97,119.97,503.63,False,1,2.009283789619e-13,2.009283789619e-13,1.0,inf,inf,D,2.009092812608732e-13,0.5020221920561548,-2.992770843001918,58690612.85198565,58.69061285198565
27.0,V2V,vehicle_4,flow_west_east.0,-75.76,98.76,246.33,True,1,2.655937444965e-11,2.655937444965e-11,1.0,inf,inf,D,2.6546055619755363e-11,66.33197306285697,18.21722915699807,607321983.6357962,607.3219836357962
27.0,V2V,vehicle_4,vehicle_1,-55.29,78.29,23.33,True,1,2.960129006902e-09,2.960129006902e-09,1.0,inf,inf,D,2.9580124665515463e-09,7391.33549862955,38.68722915699807,1285181451.912511,1285.1814519125112
27.0,V2V,vehicle_4,vehicle_3,-95.4,118.4,420.32,False,1,2.884701669317e-13,2.884701669317e-13,1.0,inf,inf,D,2.8840315031266e-13,0.7206475520056471,-1.4227708430019352,78295161.39111324,78.29516139111324
27.0,V2V,vehicle_4,vehicle_5,-62.92,85.92,56.2,True,1,5.102196773494e-10,5.102196773494e-10,1.0,inf,inf,D,5.105049999754065e-10,1275.6246875947186,31.057229156998076,1031811873.6930861,1031.8118736930862
27.0,V2V,vehicle_5,flow_south_north.0,-81.59,104.59,482.13,True,1,6.933138762914e-12,6.933138762914e-12,1.0,inf,inf,D,6.9342580601656794e-12,17.326981659584405,12.387229156998066,419589729.738748,419.589729738748
27.0,V2V,vehicle_5,flow_west_east.0,-77.47,100.47,299.92,True,1,1.79168803093e-11,1.79168803093e-11,1.0,inf,inf,D,1.7906058540352945e-11,44.742774963400656,16.507229156998072,551547198.3691198,551.5471983691198
27.0,V2V,vehicle_5,vehicle_1,-58.83,81.83,35.07,True,1,1.310476773916e-09,1.310476773916e-09,1.0,inf,inf,D,1.3091819229994068e-09,3271.3191479245543,35.14722915699807,1167609774.5250554,1167.6097745250554
27.0,V2V,vehicle_5,vehicle_3,-80.71,103.71,435.67,True,1,8.490935533297e-12,8.490935533297e-12,1.0,inf,inf,D,8.491804750363143e-12,21.218902424695507,13.267229156998075,447371564.6737752,447.3715646737752
27.0,V2V,vehicle_5,vehicle_4,-62.92,85.92,56.2,True,1,5.102196773494e-10,5.102196773494e-10,1.0,inf,inf,D,5.105049999754065e-10,1275.6246875947186,31.057229156998076,1031811873.6930861,1031.8118736930862
28.0,V2I,BS_1,flow_south_north.0,-95.4,125.4,941.45,False,1,2.8818625621219997e-13,2.8818625621219997e-13,1.0,inf,inf,D,2.8840315031266e-13,0.7206475520056471,-1.4227708430019352,78295161.39111324,78.29516139111324
28.0,V2I,BS_1,flow_west_east.0,-93.63,123.63,767.97,False,1,4.3308972663009997e-13,4.3308972663009997e-13,1.0,inf,inf,D,4.335108783875293e-13,1.0832355781797334,0.3472291569980783,105882599.26451612,105.88259926451612
28.0,V2I,BS_1,vehicle_1,-91.35,121.35,590.05,False,1,7.336509658181999e-13,7.336509658181999e-13,1.0,inf,inf,D,7.328245331389044e-13,1.8311457599672771,2.6272291569980757,150138602.75087953,150.13860275087953
28.0,V2I,BS_1,vehicle_3,-73.07,103.07,404.85,True,1,4.9279437194370003e-11,4.9279437194370003e-11,1.0,inf,inf,D,4.9317380395493647e-11,123.2318350711985,20.907229156998078,695689110.9018753,695.6891109018752
28.0,V2I,BS_1,vehicle_4,-91.59,121.59,607.04,False,1,6.931429152771999e-13,6.931429152771999e-13,1.0,inf,inf,D,6.934258060165681e-13,1.7326981659584406,2.3872291569980666,145032611.90185964,145.03261190185964
28.0,V2I,BS_1,vehicle_5,-90.94,120.94,562.88,False,1,8.061694395101999e-13,8.061694395101999e-13,1.0,inf,inf,D,8.053784411990677e-13,2.012439883056141,3.03722915699808,159093245.0875486,159.0932450875486
28.0,V2V,flow_south_north.0,flow_west_east.0,-97.16,120.16,514.62,False,1,1.9244065906859998e-13,1.9244065906859998e-13,1.0,inf,inf,D,1.9230917289101616e-13,0.48053266589459304,-3.182770843001919,56611632.19266364,56.61163219266364
28.0,V2V,flow_south_north.0,vehicle_1,-80.96,103.96,448.15,True,1,8.024500732594e-12,8.024500732594e-12,1.0,inf,inf,D,8.016780633876789e-12,20.03193561688353,13.017229156998074,439450972.5574016,439.4509725574016
28.0,V2V,flow_south_north.0,vehicle_3,-87.19,110.19,918.4,True,1,1.910735001192e-12,1.910735001192e-12,1.0,inf,inf,D,1.9098532585662407e-12,4.772247022904149,6.787229156998079,252913304.11827305,252.91330411827306
28.0,V2V,flow_south_north.0,vehicle_4,-96.0,119.0,450.3,False,1,2.5134304608059996e-13,2.5134304608059996e-13,1.0,inf,inf,D,2.511886431509582e-13,0.6276577789879014,-2.022770843001924,70279739.95693421,70.27973995693421
28.0,V2V,flow_south_north.0,vehicle_5,-80.91,103.91,446.02,True,1,8.101325727091e-12,8.101325727091e-12,1.0,inf,inf,D,8.10961057853842e-12,20.2638944990965,13.067229156998081,441033394.6694229,441.03339466942293
28.0,V2V,flow_west_east.0,flow_south_north.0,-97.16,120.16,514.62,False,1,1.9244065906859998e-13,1.9244065906859998e-13,1.0,inf,inf,D,1.9230917289101616e-13,0.48053266589459304,-3.182770843001919,56611632.19266364,56.61163219266364
28.0,V2V,flow_west_east.0,vehicle_1,-74.97,97.97,225.03,True,1,3.182515318494e-11,3.182515318494e-11,1.0,inf,inf,D,3.1841975217261256e-11,79.56515546542042,19.007229156998076,633208410.1052498,633.2084101052498
28.0,V2V,flow_west_east.0,vehicle_3,-97.51,120.51,535.66,False,1,1.7761669892959998e-13,1.7761669892959998e-13,1.0,inf,inf,D,1.7741894808901608e-13,0.4433257073688557,-3.5327708430019387,52939690.161869705,52.939690161869706
28.0,V2V,flow_west_east.0,vehicle_4,-74.02,97.02,201.7,True,1,3.961433891856e-11,3.961433891856e-11,1.0,inf,inf,D,3.962780342554402e-11,99.01999856457775,19.957229156998082,664414467.9228224,664.4144679228224
28.0,V2V,flow_west_east.0,vehicle_5,-76.39,99.39,265.04,True,1,2.2943163074540002e-11,2.2943163074540002e-11,1.0,inf,inf,D,2.296148648112361e-11,57.37502868846478,17.58722915699807,586727944.8723722,586.7279448723722
28.0,V2V,vehicle_1,flow_south_north.0,-80.96,103.96,448.15,True,1,8.024500732594e-12,8.024500732594e-12,1.0,inf,inf,D,8.016780633876789e-12,20.03193561688353,13.017229156998074,439450972.5574016,439.4509725574016
28.0,V2V,vehicle_1,flow_west_east.0,-74.97,97.97,225.03,True,1,3.182515318494e-11,3.182515318494e-11,1.0,inf,inf,D,3.1841975217261256e-11,79.56515546542042,19.007229156998076,633208410.1052498,633.2084101052498
28.0,V2V,vehicle_1,vehicle_3,-81.41,104.41,472.17,True,1,7.228935196502e-12,7.228935196502e-12,1.0,inf,inf,D,7.227698036021702e-12,18.06021498256297,12.567229156998073,425249248.6565875,425.2492486565875
28.0,V2V,vehicle_1,vehicle_4,-55.29,78.29,23.33,True,1,2.960129006902e-09,2.960129006902e-09,1.0,inf,inf,D,2.9580124665515463e-09,7391.33549862955,38.68722915699807,1285181451.912511,1285.1814519125112
28.0,V2V,vehicle_1,vehicle_5,-59.97,82.97,40.02,True,1,1.006257068177e-09,1.006257068177e-09,1.0,inf,inf,D,1.0069316688518044e-09,2516.07113656123,34.00722915699808,1129753027.466669,1129.753027466669
28.0,V2V,vehicle_3,flow_south_north.0,-87.19,110.19,918.4,True,1,1.910735001192e-12,1.910735001192e-12,1.0,inf,inf,D,1.9098532585662407e-12,4.772247022904149,6.787229156998079,252913304.11827305,252.91330411827306
28.0,V2V,vehicle_3,flow_west_east.0,-97.51,120.51,535.66,False,1,1.7761669892959998e-13,1.7761669892959998e-13,1.0,inf,inf,D,1.7741894808901608e-13,0.4433257073688557,-3.5327708430019387,52939690.161869705,52.939690161869706
28.0,V2V,vehicle_3,vehicle_1,-81.41,104.41,472.17,True,1,7.228935196502e-12,7.228935196502e-12,1.0,inf,inf,D,7.227698036021702e-12,18.06021498256297,12.567229156998073,425249248.6565875,425.2492486565875
28.0,V2V,vehicle_3,vehicle_4,-96.45,119.45,474.2,False,1,2.2663812600529999e-13,2.2663812600529999e-13,1.0,inf,inf,D,2.2646443075930619e-13,0.5658781378293507,-2.472770843001922,64697194.13708655,64.69719413708654
28.0,V2V,vehicle_3,vehicle_5,-81.42,104.42,472.61,True,1,7.215275547975e-12,7.215275547975e-12,1.0,inf,inf,D,7.211074791829005e-12,18.018677640752134,12.55722915699808,424934503.470043,424.934503470043
28.0,V2V,vehicle_4,flow_south_north.0,-96.0,119.0,450.3,False,1,2.5134304608059996e-13,2.5134304608059996e-13,1.0,inf,inf,D,2.511886431509582e-13,0.6276577789879014,-2.022770843001924,70279739.95693421,70.27973995693421
28.0,V2V,vehicle_4,flow_west_east.0,-74.02,97.02,201.7,True,1,3.961433891856e-11,3.961433891856e-11,1.0,inf,inf,D,3.962780342554402e-11,99.01999856457775,19.957229156998082,664414467.9228224,664.4144679228224
28.0,V2V,vehicle_4,vehicle_1,-55.29,78.29,23.33,True,1,2.960129006902e-09,2.960129006902e-09,1.0,inf,inf,D,2.9580124665515463e-09,7391.33549862955,38.68722915699807,1285181451.912511,1285.1814519125112
28.0,V2V,vehicle_4,vehicle_3,-96.45,119.45,474.2,False,1,2.2663812600529999e-13,2.2663812600529999e-13,1.0,inf,inf,D,2.2646443075930619e-13,0.5658781378293507,-2.472770843001922,64697194.13708655,64.69719413708654
28.0,V2V,vehicle_4,vehicle_5,-63.96,86.96,63.35,True,1,4.01629711933e-10,4.01629711933e-10,1.0,inf,inf,D,4.0179081084894e-10,1003.9750396025487,30.017229156998077,997294395.4535137,997.2943954535137
28.0,V2V,vehicle_5,flow_south_north.0,-80.91,103.91,446.02,True,1,8.101325727091e-12,8.101325727091e-12,1.0,inf,inf,D,8.10961057853842e-12,20.2638944990965,13.067229156998081,441033394.6694229,441.03339466942293
28.0,V2V,vehicle_5,flow_west_east.0,-76.39,99.39,265.04,True,1,2.2943163074540002e-11,2.2943163074540002e-11,1.0,inf,inf,D,2.296148648112361e-11,57.37502868846478,17.58722915699807,586727944.8723722,586.7279448723722
28.0,V2V,vehicle_5,vehicle_1,-59.97,82.97,40.02,True,1,1.006257068177e-09,1.006257068177e-09,1.0,inf,inf,D,1.0069316688518044e-09,2516.07113656123,34.00722915699808,1129753027.466669,1129.753027466669
28.0,V2V,vehicle_5,vehicle_3,-81.42,104.42,472.61,True,1,7.215275547975e-12,7.215275547975e-12,1.0,inf,inf,D,7.211074791829005e-12,18.018677640752134,12.55722915699808,424934503.470043,424.934503470043
28.0,V2V,vehicle_5,vehicle_4,-63.96,86.96,63.35,True,1,4.01629711933e-10,4.01629711933e-10,1.0,inf,inf,D,4.0179081084894e-10,1003.9750396025487,30.017229156998077,997294395.4535137,997.2943954535137
29.0,V2I,BS_1,flow_south_north.0,-94.93,124.93,891.5,False,1,3.213814462882e-13,3.213814462882e-13,1.0,inf,inf,D,3.2136605386403147e-13,0.8030136278461555,-0.95277084300193,85041030.1236014,85.0410301236014
29.0,V2I,BS_1,flow_west_east.0,-93.19,123.19,729.95,False,1,4.79372152592e-13,4.79372152592e-13,1.0,inf,inf,D,4.797334486366901e-13,1.198734254464493,0.7872291569980828,113667324.63329026,113.66732463329026
29.0,V2I,BS_1,vehicle_1,-91.35,121.35,590.05,False,1,7.336509658181999e-13,7.336509658181999e-13,1.0,inf,inf,D,7.328245331389044e-13,1.8311457599672771,2.6272291569980757,150138602.75087953,150.13860275087953
29.0,V2I,BS_1,vehicle_3,-73.33,103.33,416.99,True,1,4.64539710676e-11,4.64539710676e-11,1.0,inf,inf,D,4.645152752227492e-11,116.0707834139803,20.647229156998073,687123726.661341,687.1237266613409
29.0,V2I,BS_1,vehicle_4,-91.59,121.59,607.04,False,1,6.931429152771999e-13,6.931429152771999e-13,1.0,inf,inf,D,6.934258060165681e-13,1.7326981659584406,2.3872291569980666,145032611.90185964,145.03261190185964
29.0,V2I,BS_1,vehicle_5,-90.7,120.7,548.07,False,1,8.503536662364e-13,8.503536662364e-13,1.0,inf,inf,D,8.511380382023759e-13,2.1267817046536126,3.2772291569980707,164467850.1448139,164.4678501448139
29.0,V2V,flow_south_north.0,flow_west_east.0,-95.88,118.88,444.07,False,1,2.5844469105559995e-13,2.5844469105559995e-13,1.0,inf,inf,D,2.5822601906346013e-13,0.6452424264454275,-1.902770843001918,71830018.07153457,71.83001807153457
29.0,V2V,flow_south_north.0,vehicle_1,-79.81,102.81,392.79,True,1,1.0445914023600001e-11,1.0445914023600001e-11,1.0,inf,inf,D,1.0447202192208004e-11,26.104953004018,14.167229156998076,476048460.03932506,476.04846003932505
29.0,V2V,flow_south_north.0,vehicle_3,-87.17,110.17,916.63,True,1,1.918107381646e-12,1.918107381646e-12,1.0,inf,inf,D,1.918668740670287e-12,4.794274714318557,6.807229156998067,253462808.63324532,253.46280863324532
29.0,V2V,flow_south_north.0,vehicle_4,-94.86,117.86,395.24,False,1,3.2624993538499996e-13,3.2624993538499996e-13,1.0,inf,inf,D,3.265878321723353e-13,0.8160615496560101,-0.8827708430019338,86081309.90378168,86.08130990378169
29.0,V2V,flow_south_north.0,vehicle_5,-94.81,117.81,392.89,False,1,3.301601263208e-13,3.301601263208e-13,1.0,inf,inf,D,3.303695410368149e-13,0.8255110970435153,-0.8327708430019254,86830043.87541658,86.83004387541658
29.0,V2V,flow_west_east.0,flow_south_north.0,-95.88,118.88,444.07,False,1,2.5844469105559995e-13,2.5844469105559995e-13,1.0,inf,inf,D,2.5822601906346013e-13,0.6452424264454275,-1.902770843001918,71830018.07153457,71.83001807153457
29.0,V2V,flow_west_east.0,vehicle_1,-73.01,96.01,179.6,True,1,4.9963349408200005e-11,4.9963349408200005e-11,1.0,inf,inf,D,5.000345349769783e-11,124.9461606639126,20.967229156998073,697666333.3478019,697.6663333478019
29.0,V2V,flow_west_east.0,vehicle_3,-97.97,120.97,565.14,False,1,1.5957065963489998e-13,1.5957065963489998e-13,1.0,inf,inf,D,1.5958791472367306e-13,0.3987704016083784,-3.992770843001932,48415917.36213902,48.41591736213902
29.0,V2V,flow_west_east.0,vehicle_4,-71.8,94.8,156.27,True,1,6.599811211864001e-11,6.599811211864001e-11,1.0,inf,inf,D,6.606934480075964e-11,165.09081659360228,22.177229156998077,737582849.6541985,737.5828496541985
29.0,V2V,flow_west_east.0,vehicle_5,-75.54,98.54,240.23,True,1,2.7925288887400002e-11,2.7925288887400002e-11,1.0,inf,inf,D,2.7925438412373363e-11,69.7787066775946,18.437229156998068,614524349.4869385,614.5243494869385
29.0,V2V,vehicle_1,flow_south_north.0,-79.81,102.81,392.79,True,1,1.0445914023600001e-11,1.0445914023600001e-11,1.0,inf,inf,D,1.0447202192208004e-11,26.104953004018,14.167229156998076,476048460.03932506,476.04846003932505
29.0,V2V,vehicle_1,flow_west_east.0,-73.01,96.01,179.6,True,1,4.9963349408200005e-11,4.9963349408200005e-11,1.0,inf,inf,D,5.000345349769783e-11,124.9461606639126,20.967229156998073,697666333.3478019,697.6663333478019
29.0,V2V,vehicle_1,vehicle_3,-82.34,105.34,525.8,True,1,5.829294818498e-12,5.829294818498e-12,1.0,inf,inf,D,5.834451042737448e-12,14.578838187749742,11.637229156998075,396151574.14274746,396.15157414274745
29.0,V2V,vehicle_1,vehicle_4,-55.29,78.29,23.33,True,1,2.960129006902e-09,2.960129006902e-09,1.0,inf,inf,D,2.9580124665515463e-09,7391.33549862955,38.68722915699807,1285181451.912511,1285.1814519125112
29.0,V2V,vehicle_1,vehicle_5,-63.58,86.58,60.63,True,1,4.383704998282e-10,4.383704998282e-10,1.0,inf,inf,D,4.3853069777498605e-10,1095.77885500996,30.39722915699808,1009905694.7191707,1009.9056947191707
29.0,V2V,vehicle_3,flow_south_north.0,-87.17,110.17,916.63,True,1,1.918107381646e-12,1.918107381646e-12,1.0,inf,inf,D,1.918668740670287e-12,4.794274714318557,6.807229156998067,253462808.63324532,253.46280863324532
29.0,V2V,vehicle_3,flow_west_east.0,-97.97,120.97,565.14,False,1,1.5957065963489998e-13,1.5957065963489998e-13,1.0,inf,inf,D,1.5958791472367306e-13,0.3987704016083784,-3.992770843001932,48415917.36213902,48.41591736213902
29.0,V2V,vehicle_3,vehicle_1,-82.34,105.34,525.8,True,1,5.829294818498e-12,5.829294818498e-12,1.0,inf,inf,D,5.834451042737448e-12,14.578838187749742,11.637229156998075,396151574.14274746,396.15157414274745
29.0,V2V,vehicle_3,vehicle_4,-97.37,120.37,527.64,False,1,1.8306129764469999e-13,1.8306129764469999e-13,1.0,inf,inf,D,1.832314422371211e-13,0.4578496807524265,-3.3927708430019274,54384197.06846484,54.384197068464836
29.0,V2V,vehicle_3,vehicle_5,-97.35,120.35,525.88,False,1,1.8428594673129998e-13,1.8428594673129998e-13,1.0,inf,inf,D,1.840772001468958e-13,0.45996301885781055,-3.3727708430019216,54593182.58271062,54.59318258271062
29.0,V2V,vehicle_4,flow_south_north.0,-94.86,117.86,395.24,False,1,3.2624993538499996e-13,3.2624993538499996e-13,1.0,inf,inf,D,3.265878321723353e-13,0.8160615496560101,-0.8827708430019338,86081309.90378168,86.08130990378169
29.0,V2V,vehicle_4,flow_west_east.0,-71.8,94.8,156.27,True,1,6.599811211864001e-11,6.599811211864001e-11,1.0,inf,inf,D,6.606934480075964e-11,165.09081659360228,22.177229156998077,737582849.6541985,737.5828496541985
29.0,V2V,vehicle_4,vehicle_1,-55.29,78.29,23.33,True,1,2.960129006902e-09,2.960129006902e-09,1.0,inf,inf,D,2.9580124665515463e-09,7391.33549862955,38.68722915699807,1285181451.912511,1285.1814519125112
29.0,V2V,vehicle_4,vehicle_3,-97.37,120.37,527.64,False,1,1.8306129764469999e-13,1.8306129764469999e-13,1.0,inf,inf,D,1.832314422371211e-13,0.4578496807524265,-3.3927708430019274,54384197.06846484,54.384197068464836
29.0,V2V,vehicle_4,vehicle_5,-66.41,89.41,83.97,True,1,2.285863977451e-10,2.285863977451e-10,1.0,inf,inf,D,2.2855988033754298e-10,571.1141437719714,27.567229156998074,916015920.0808766,916.0159200808766
29.0,V2V,vehicle_5,flow_south_north.0,-94.81,117.81,392.89,False,1,3.301601263208e-13,3.301601263208e-13,1.0,inf,inf,D,3.303695410368149e-13,0.8255110970435153,-0.8327708430019254,86830043.87541658,86.83004387541658
29.0,V2V,vehicle_5,flow_west_east.0,-75.54,98.54,240.23,True,1,2.7925288887400002e-11,2.7925288887400002e-11,1.0,inf,inf,D,2.7925438412373363e-11,69.7787066775946,18.437229156998068,614524349.4869385,614.5243494869385
29.0,V2V,vehicle_5,vehicle_1,-63.58,86.58,60.63,True,1,4.383704998282e-10,4.383704998282e-10,1.0,inf,inf,D,4.3853069777498605e-10,1095.77885500996,30.39722915699808,1009905694.7191707,1009.9056947191707
29.0,V2V,vehicle_5,vehicle_3,-97.35,120.35,525.88,False,1,1.8428594673129998e-13,1.8428594673129998e-13,1.0,inf,inf,D,1.840772001468958e-13,0.45996301885781055,-3.3727708430019216,54593182.58271062,54.59318258271062
29.0,V2V,vehicle_5,vehicle_4,-66.41,89.41,83.97,True,1,2.285863977451e-10,2.285863977451e-10,1.0,inf,inf,D,2.2855988033754298e-10,571.1141437719714,27.567229156998074,916015920.0808766,916.0159200808766
30.0,V2I,BS_1,flow_south_north.0,-94.44,124.44,842.49,False,1,3.5986450938819997e-13,3.5986450938819997e-13,1.0,inf,inf,D,3.5974933515574306e-13,0.8989238759513818,-0.4627708430019176,92518207.18967247,92.51820718967247
30.0,V2I,BS_1,flow_west_east.0,-92.74,122.74,692.75,False,1,5.322379202687999e-13,5.322379202687999e-13,1.0,inf,inf,D,5.321082592667953e-13,1.329605845244366,1.2372291569980824,122008588.05387042,122.00858805387043
30.0,V2I,BS_1,vehicle_1,-91.35,121.35,590.05,False,1,7.336509658181999e-13,7.336509658181999e-13,1.0,inf,inf,D,7.328245331389044e-13,1.8311457599672771,2.6272291569980757,150138602.75087953,150.13860275087953
30.0,V2I,BS_1,vehicle_3,-73.71,103.71,435.59,True,1,4.25710053603e-11,4.25710053603e-11,1.0,inf,inf,D,4.255984131337435e-11,106.34643006840166,20.267229156998077,674613040.3251315,674.6130403251316
30.0,V2I,BS_1,vehicle_4,-91.59,121.59,607.04,False,1,6.931429152771999e-13,6.931429152771999e-13,1.0,inf,inf,D,6.934258060165681e-13,1.7326981659584406,2.3872291569980666,145032611.90185964,145.03261190185964
30.0,V2I,BS_1,vehicle_5,-90.42,120.42,530.36,False,1,9.080655688165999e-13,9.080655688165999e-13,1.0,inf,inf,D,9.078205301781861e-13,2.2684171168870217,3.557229156998076,170859211.26339957,170.85921126339957
30.0,V2V,flow_south_north.0,flow_west_east.0,-94.39,117.39,374.16,False,1,3.6403958140089997e-13,3.6403958140089997e-13,1.0,inf,inf,D,3.639150361272071e-13,0.9093329238560895,-0.412770843001927,93306868.24793796,93.30686824793796
30.0,V2V,flow_south_north.0,vehicle_1,-78.5,101.5,337.74,True,1,1.412870281496e-11,1.412870281496e-11,1.0,inf,inf,D,1.4125375446227554e-11,35.29579072020878,15.477229156998078,518173034.1202119,518.1730341202119
30.0,V2V,flow_south_north.0,vehicle_3,-87.16,110.16,915.47,True,1,1.922999351923e-12,1.922999351923e-12,1.0,inf,inf,D,1.9230917289101613e-12,4.80532665894593,6.8172291569980805,253737724.81385973,253.73772481385973
30.0,V2V,flow_south_north.0,vehicle_4,-93.57,116.57,340.58,False,1,4.393592195648e-13,4.393592195648e-13,1.0,inf,inf,D,4.395416154378252e-13,1.098304886151487,0.40722915699808004,106922431.84210512,106.92243184210513
30.0,V2V,flow_south_north.0,vehicle_5,-93.59,116.59,341.44,False,1,4.3716533083259996e-13,4.3716533083259996e-13,1.0,inf,inf,D,4.375221051582521e-13,1.0932586335788406,0.38722915699807336,106575057.54873444,106.57505754873443
30.0,V2V,flow_west_east.0,flow_south_north.0,-94.39,117.39,374.16,False,1,3.6403958140089997e-13,3.6403958140089997e-13,1.0,inf,inf,D,3.639150361272071e-13,0.9093329238560895,-0.412770843001927,93306868.24793796,93.30686824793796
30.0,V2V,flow_west_east.0,vehicle_1,-70.47,93.47,134.07,True,1,8.966492430506001e-11,8.966492430506001e-11,1.0,inf,inf,D,8.974287945007491e-11,224.24507608714367,23.50722915699808,781535175.8489217,781.5351758489217
30.0,V2V,flow_west_east.0,vehicle_3,-98.52,121.52,601.74,False,1,1.4075046252389998e-13,1.4075046252389998e-13,1.0,inf,inf,D,1.4060475241299128e-13,0.35133621292601513,-4.54277084300193,43438666.23581911,43.438666235819106
30.0,V2V,flow_west_east.0,vehicle_4,-68.81,91.81,110.73,True,1,1.314339204876e-10,1.314339204876e-10,1.0,inf,inf,D,1.3152248321922377e-10,328.64188710450713,25.167229156998072,836475576.5057966,836.4755765057965
30.0,V2V,flow_west_east.0,vehicle_5,-74.85,97.85,221.97,True,1,3.271061345225e-11,3.271061345225e-11,1.0,inf,inf,D,3.2734069487883865e-11,81.79427658141894,19.12722915699808,637145913.5160295,637.1459135160295
30.0,V2V,vehicle_1,flow_south_north.0,-78.5,101.5,337.74,True,1,1.412870281496e-11,1.412870281496e-11,1.0,inf,inf,D,1.4125375446227554e-11,35.29579072020878,15.477229156998078,518173034.1202119,518.1730341202119
30.0,V2V,vehicle_1,flow_west_east.0,-70.47,93.47,134.07,True,1,8.966492430506001e-11,8.966492430506001e-11,1.0,inf,inf,D,8.974287945007491e-11,224.24507608714367,23.50722915699808,781535175.8489217,781.5351758489217
30.0,V2V,vehicle_1,vehicle_3,-83.19,106.19,579.79,True,1,4.794226476435e-12,4.794226476435e-12,1.0,inf,inf,D,4.797334486366902e-12,11.98734254464493,10.787229156998084,369903435.324211,369.903435324211
30.0,V2V,vehicle_1,vehicle_4,-55.29,78.29,23.33,True,1,2.960129006902e-09,2.960129006902e-09,1.0,inf,inf,D,2.9580124665515463e-09,7391.33549862955,38.68722915699807,1285181451.912511,1285.1814519125112
30.0,V2V,vehicle_1,vehicle_5,-66.81,89.81,87.9,True,1,2.085866259552e-10,2.085866259552e-10,1.0,inf,inf,D,2.0844908830972887e-10,520.8622896295074,27.167229156998076,902752534.4693263,902.7525344693263
30.0,V2V,vehicle_3,flow_south_north.0,-87.16,110.16,915.47,True,1,1.922999351923e-12,1.922999351923e-12,1.0,inf,inf,D,1.9230917289101613e-12,4.80532665894593,6.8172291569980805,253737724.81385973,253.73772481385973
30.0,V2V,vehicle_3,flow_west_east.0,-98.52,121.52,601.74,False,1,1.4075046252389998e-13,1.4075046252389998e-13,1.0,inf,inf,D,1.4060475241299128e-13,0.35133621292601513,-4.54277084300193,43438666.23581911,43.438666235819106
30.0,V2V,vehicle_3,vehicle_1,-83.19,106.19,579.79,True,1,4.794226476435e-12,4.794226476435e-12,1.0,inf,inf,D,4.797334486366902e-12,11.98734254464493,10.787229156998084,369903435.324211,369.903435324211
30.0,V2V,vehicle_3,vehicle_4,-98.22,121.22,581.45,False,1,1.5074179442569998e-13,1.5074179442569998e-13,1.0,inf,inf,D,1.506607066186745e-13,0.37646353477929656,-4.242770843001918,46096639.06164275,46.096639061642755
30.0,V2V,vehicle_3,vehicle_5,-98.23,121.23,581.95,False,1,1.504826932543e-13,1.504826932543e-13,1.0,inf,inf,D,1.503141966090021e-13,0.3755976926761671,-4.25277084300193,46005860.11115061,46.00586011115061
30.0,V2V,vehicle_4,flow_south_north.0,-93.57,116.57,340.58,False,1,4.393592195648e-13,4.393592195648e-13,1.0,inf,inf,D,4.395416154378252e-13,1.098304886151487,0.40722915699808004,106922431.84210512,106.92243184210513
30.0,V2V,vehicle_4,flow_west_east.0,-68.81,91.81,110.73,True,1,1.314339204876e-10,1.314339204876e-10,1.0,inf,inf,D,1.3152248321922377e-10,328.64188710450713,25.167229156998072,836475576.5057966,836.4755765057965
30.0,V2V,vehicle_4,vehicle_1,-55.29,78.29,23.33,True,1,2.960129006902e-09,2.960129006902e-09,1.0,inf,inf,D,2.9580124665515463e-09,7391.33549862955,38.68722915699807,1285181451.912511,1285.1814519125112
30.0,V2V,vehicle_4,vehicle_3,-98.22,121.22,581.45,False,1,1.5074179442569998e-13,1.5074179442569998e-13,1.0,inf,inf,D,1.506607066186745e-13,0.37646353477929656,-4.242770843001918,46096639.06164275,46.096639061642755
30.0,V2V,vehicle_4,vehicle_5,-68.85,91.85,111.23,True,1,1.302549706604e-10,1.302549706604e-10,1.0,inf,inf,D,1.3031667784523e-10,325.62888017298843,25.127229156998077,835150854.7852216,835.1508547852216
30.0,V2V,vehicle_5,flow_south_north.0,-93.59,116.59,341.44,False,1,4.3716533083259996e-13,4.3716533083259996e-13,1.0,inf,inf,D,4.375221051582521e-13,1.0932586335788406,0.38722915699807336,106575057.54873444,106.57505754873443
30.0,V2V,vehicle_5,flow_west_east.0,-74.85,97.85,221.97,True,1,3.271061345225e-11,3.271061345225e-11,1.0,inf,inf,D,3.2734069487883865e-11,81.79427658141894,19.12722915699808,637145913.5160295,637.1459135160295
30.0,V2V,vehicle_5,vehicle_1,-66.81,89.81,87.9,True,1,2.085866259552e-10,2.085866259552e-10,1.0,inf,inf,D,2.0844908830972887e-10,520.8622896295074,27.167229156998076,902752534.4693263,902.7525344693263
30.0,V2V,vehicle_5,vehicle_3,-98.23,121.23,581.95,False,1,1.504826932543e-13,1.504826932543e-13,1.0,inf,inf,D,1.503141966090021e-13,0.3755976926761671,-4.25277084300193,46005860.11115061,46.00586011115061
30.0,V2V,vehicle_5,vehicle_4,-68.85,91.85,111.23,True,1,1.302549706604e-10,1.302549706604e-10,1.0,inf,inf,D,1.3031667784523e-10,325.62888017298843,25.127229156998077,835150854.7852216,835.1508547852216
31.0,V2I,BS_1,flow_south_north.0,-93.94,123.94,795.27,False,1,4.0386666891619996e-13,4.0386666891619996e-13,1.0,inf,inf,D,4.0364539296760484e-13,1.008609177830097,0.03722915699807221,100619688.11161388,100.61968811161388
31.0,V2I,BS_1,flow_west_east.0,-92.31,122.31,659.08,False,1,5.880118793165999e-13,5.880118793165999e-13,1.0,inf,inf,D,5.874893525297769e-13,1.4679893866311264,1.6672291569980746,130333619.03189498,130.33361903189498
31.0,V2I,BS_1,vehicle_1,-91.26,121.26,583.97,False,1,7.490148160706999e-13,7.490148160706999e-13,1.0,inf,inf,D,7.481695005111522e-13,1.8694890067744931,2.7172291569980613,152079384.73439157,152.07938473439157
31.0,V2I,BS_1,vehicle_3,-74.19,104.19,460.46,True,1,3.809655391202e-11,3.809655391202e-11,1.0,inf,inf,D,3.810658233937734e-11,95.21884642523072,19.78722915699808,658824759.7835087,658.8247597835086
31.0,V2I,BS_1,vehicle_4,-91.59,121.59,607.04,False,1,6.931429152771999e-13,6.931429152771999e-13,1.0,inf,inf,D,6.934258060165681e-13,1.7326981659584406,2.3872291569980666,145032611.90185964,145.03261190185964
31.0,V2I,BS_1,vehicle_5,-90.05,120.05,508.59,False,1,9.874998038188999e-13,9.874998038188999e-13,1.0,inf,inf,D,9.88553094656941e-13,2.4701476628109464,3.9272291569980826,179499705.41212597,179.49970541212596
31.0,V2V,flow_south_north.0,flow_west_east.0,-92.68,115.68,307.31,False,1,5.396337836836e-13,5.396337836836e-13,1.0,inf,inf,D,5.395106225151269e-13,1.3481025050352993,1.2972291569980672,123149538.98270799,123.149538982708
31.0,V2V,flow_south_north.0,vehicle_1,-76.97,99.97,283.13,True,1,2.0105077348740003e-11,2.0105077348740003e-11,1.0,inf,inf,D,2.0090928126087278e-11,50.20221920561538,17.007229156998072,567813443.5728894,567.8134435728895
31.0,V2V,flow_south_north.0,vehicle_3,-87.17,110.17,916.7,True,1,1.917828404498e-12,1.917828404498e-12,1.0,inf,inf,D,1.918668740670287e-12,4.794274714318557,6.807229156998067,253462808.63324532,253.46280863324532
31.0,V2V,flow_south_north.0,vehicle_4,-92.09,115.09,287.26,False,1,6.175884173172999e-13,6.175884173172999e-13,1.0,inf,inf,D,6.180164001384164e-13,1.5442688659130843,1.8872291569980773,134725113.5647232,134.7251135647232
31.0,V2V,flow_south_north.0,vehicle_5,-92.4,115.4,297.49,False,1,5.758780339932999e-13,5.758780339932999e-13,1.0,inf,inf,D,5.754399373371567e-13,1.4378809028914459,1.5772291569980719,128562764.81054656,128.56276481054655
31.0,V2V,flow_west_east.0,flow_south_north.0,-92.68,115.68,307.31,False,1,5.396337836836e-13,5.396337836836e-13,1.0,inf,inf,D,5.395106225151269e-13,1.3481025050352993,1.2972291569980672,123149538.98270799,123.149538982708
31.0,V2V,flow_west_east.0,vehicle_1,-67.94,90.94,100.2,True,1,1.605198577542e-10,1.605198577542e-10,1.0,inf,inf,D,1.6069412530128788e-10,401.53454598022955,26.03722915699808,865296879.2071954,865.2968792071954
31.0,V2V,flow_west_east.0,vehicle_3,-99.13,122.13,645.87,False,1,1.22171804166e-13,1.22171804166e-13,1.0,inf,inf,D,1.221799660164871e-13,0.3052972664080137,-5.152770843001929,38437840.1380947,38.4378401380947
31.0,V2V,flow_west_east.0,vehicle_4,-64.62,87.62,68.37,True,1,3.448064633137e-10,3.448064633137e-10,1.0,inf,inf,D,3.451437393358558e-10,862.428134272503,29.357229156998066,975393229.2666894,975.3932292666894
31.0,V2V,flow_west_east.0,vehicle_5,-74.58,97.58,215.1,True,1,3.483239915974e-11,3.483239915974e-11,1.0,inf,inf,D,3.4833731503601166e-11,87.04080835482549,19.397229156998073,646010048.6415608,646.0100486415608
31.0,V2V,vehicle_1,flow_south_north.0,-76.97,99.97,283.13,True,1,2.0105077348740003e-11,2.0105077348740003e-11,1.0,inf,inf,D,2.0090928126087278e-11,50.20221920561538,17.007229156998072,567813443.5728894,567.8134435728895
31.0,V2V,vehicle_1,flow_west_east.0,-67.94,90.94,100.2,True,1,1.605198577542e-10,1.605198577542e-10,1.0,inf,inf,D,1.6069412530128788e-10,401.53454598022955,26.03722915699808,865296879.2071954,865.2968792071954
31.0,V2V,vehicle_1,vehicle_3,-83.98,106.98,634.72,True,1,4.0003708659370004e-12,4.0003708659370004e-12,1.0,inf,inf,D,3.999447497610978e-12,9.993621933060913,9.997229156998076,345859486.64343697,345.859486643437
31.0,V2V,vehicle_1,vehicle_4,-57.99,80.99,31.83,True,1,1.590376594262e-09,1.590376594262e-09,1.0,inf,inf,D,1.5885467485977775e-09,3969.3821804042414,35.98722915699807,1195506216.9419801,1195.50621694198
31.0,V2V,vehicle_1,vehicle_5,-69.13,92.13,114.9,True,1,1.220742744966e-10,1.220742744966e-10,1.0,inf,inf,D,1.2217996601648734e-10,305.2972664080143,24.847229156998083,825878868.1239183,825.8788681239183
31.0,V2V,vehicle_3,flow_south_north.0,-87.17,110.17,916.7,True,1,1.917828404498e-12,1.917828404498e-12,1.0,inf,inf,D,1.918668740670287e-12,4.794274714318557,6.807229156998067,253462808.63324532,253.46280863324532
31.0,V2V,vehicle_3,flow_west_east.0,-99.13,122.13,645.87,False,1,1.22171804166e-13,1.22171804166e-13,1.0,inf,inf,D,1.221799660164871e-13,0.3052972664080137,-5.152770843001929,38437840.1380947,38.4378401380947
31.0,V2V,vehicle_3,vehicle_1,-83.98,106.98,634.72,True,1,4.0003708659370004e-12,4.0003708659370004e-12,1.0,inf,inf,D,3.999447497610978e-12,9.993621933060913,9.997229156998076,345859486.64343697,345.859486643437
31.0,V2V,vehicle_3,vehicle_4,-99.0,122.0,636.58,False,1,1.2576579691099998e-13,1.2576579691099998e-13,1.0,inf,inf,D,1.2589254117941663e-13,0.31457406591558373,-5.02277084300193,39459542.87713629,39.45954287713629
31.0,V2V,vehicle_3,vehicle_5,-99.07,122.07,641.25,False,1,1.2393777761039998e-13,1.2393777761039998e-13,1.0,inf,inf,D,1.238796586530369e-13,0.30954437444536953,-5.092770843001927,38906494.682681635,38.90649468268163
31.0,V2V,vehicle_4,flow_south_north.0,-92.09,115.09,287.26,False,1,6.175884173172999e-13,6.175884173172999e-13,1.0,inf,inf,D,6.180164001384164e-13,1.5442688659130843,1.8872291569980773,134725113.5647232,134.7251135647232
31.0,V2V,vehicle_4,flow_west_east.0,-64.62,87.62,68.37,True,1,3.448064633137e-10,3.448064633137e-10,1.0,inf,inf,D,3.451437393358558e-10,862.428134272503,29.357229156998066,975393229.2666894,975.3932292666894
31.0,V2V,vehicle_4,vehicle_1,-57.99,80.99,31.83,True,1,1.590376594262e-09,1.590376594262e-09,1.0,inf,inf,D,1.5885467485977775e-09,3969.3821804042414,35.98722915699807,1195506216.9419801,1195.50621694198
31.0,V2V,vehicle_4,vehicle_3,-99.0,122.0,636.58,False,1,1.2576579691099998e-13,1.2576579691099998e-13,1.0,inf,inf,D,1.2589254117941663e-13,0.31457406591558373,-5.02277084300193,39459542.87713629,39.45954287713629
31.0,V2V,vehicle_4,vehicle_5,-71.26,94.26,146.73,True,1,7.485255728118e-11,7.485255728118e-11,1.0,inf,inf,D,7.481695005111537e-11,186.94890067744967,22.717229156998073,755419666.6784651,755.4196666784651
31.0,V2V,vehicle_5,flow_south_north.0,-92.4,115.4,297.49,False,1,5.758780339932999e-13,5.758780339932999e-13,1.0,inf,inf,D,5.754399373371567e-13,1.4378809028914459,1.5772291569980719,128562764.81054656,128.56276481054655
31.0,V2V,vehicle_5,flow_west_east.0,-74.58,97.58,215.1,True,1,3.483239915974e-11,3.483239915974e-11,1.0,inf,inf,D,3.4833731503601166e-11,87.04080835482549,19.397229156998073,646010048.6415608,646.0100486415608
31.0,V2V,vehicle_5,vehicle_1,-69.13,92.13,114.9,True,1,1.220742744966e-10,1.220742744966e-10,1.0,inf,inf,D,1.2217996601648734e-10,305.2972664080143,24.847229156998083,825878868.1239183,825.8788681239183
31.0,V2V,vehicle_5,vehicle_3,-99.07,122.07,641.25,False,1,1.2393777761039998e-13,1.2393777761039998e-13,1.0,inf,inf,D,1.238796586530369e-13,0.30954437444536953,-5.092770843001927,38906494.682681635,38.90649468268163
31.0,V2V,vehicle_5,vehicle_4,-71.26,94.26,146.73,True,1,7.485255728118e-11,7.485255728118e-11,1.0,inf,inf,D,7.481695005111537e-11,186.94890067744967,22.717229156998073,755419666.6784651,755.4196666784651
32.0,V2I,BS_1,flow_south_north.0,-93.4,123.4,747.8,False,1,4.567700596094e-13,4.567700596094e-13,1.0,inf,inf,D,4.570881896148751e-13,1.142149399337519,0.5772291569980744,109905910.10812047,109.90591010812047
32.0,V2I,BS_1,flow_west_east.0,-92.0,122.0,636.22,False,1,6.310227459705999e-13,6.310227459705999e-13,1.0,inf,inf,D,6.309573444801942e-13,1.5766050586711498,1.9772291569980802,136547141.82366484,136.54714182366484
32.0,V2I,BS_1,vehicle_1,-91.09,121.09,573.19,False,1,7.774289299165e-13,7.774289299165e-13,1.0,inf,inf,D,7.78036551039804e-13,1.9441193179405396,2.8872291569980737,155783614.14740235,155.78361414740235
32.0,V2I,BS_1,vehicle_4,-91.52,121.52,602.12,False,1,7.045258145474999e-13,7.045258145474999e-13,1.0,inf,inf,D,7.046930689671482e-13,1.760852246294723,2.4572291569980815,146511368.06671062,146.51136806671062
32.0,V2I,BS_1,vehicle_5,-89.62,119.62,484.01,False,1,1.090318351405e-12,1.090318351405e-12,1.0,inf,inf,D,1.0914403364487573e-12,2.7272372225106376,4.357229156998076,189810664.3281524,189.8106643281524
32.0,V2V,flow_south_north.0,flow_west_east.0,-90.7,113.7,244.72,False,1,8.510080451099999e-13,8.510080451099999e-13,1.0,inf,inf,D,8.511380382023759e-13,2.1267817046536126,3.2772291569980707,164467850.1448139,164.4678501448139
32.0,V2V,flow_south_north.0,vehicle_1,-75.04,98.04,226.91,True,1,3.130089412515e-11,3.130089412515e-11,1.0,inf,inf,D,3.1332857243155827e-11,78.29299660958476,18.93722915699807,630912154.3378973,630.9121543378973
32.0,V2V,flow_south_north.0,vehicle_4,-90.22,113.22,231.51,False,1,9.508747468348999e-13,9.508747468348999e-13,1.0,inf,inf,D,9.50604793656281e-13,2.375324321979712,3.757229156998071,175502613.18617836,175.50261318617837
32.0,V2V,flow_south_north.0,vehicle_5,-91.4,114.4,265.22,False,1,7.24525922706e-13,7.24525922706e-13,1.0,inf,inf,D,7.244359600749892e-13,1.810184807783581,2.5772291569980683,149066501.03414732,149.06650103414734
32.0,V2V,flow_west_east.0,flow_south_north.0,-90.7,113.7,244.72,False,1,8.510080451099999e-13,8.510080451099999e-13,1.0,inf,inf,D,8.511380382023759e-13,2.1267817046536126,3.2772291569980707,164467850.1448139,164.4678501448139
32.0,V2V,flow_west_east.0,vehicle_1,-66.61,89.61,85.93,True,1,2.182432863295e-10,2.182432863295e-10,1.0,inf,inf,D,2.1827299118430035e-10,545.4097730742137,27.36722915699808,909383947.7647986,909.3839477647987
32.0,V2V,flow_west_east.0,vehicle_4,-61.09,84.09,45.53,True,1,7.773298048732e-10,7.773298048732e-10,1.0,inf,inf,D,7.78036551039804e-10,1944.1193179405395,32.887229156998075,1092564294.0707123,1092.5642940707123
32.0,V2V,flow_west_east.0,vehicle_5,-75.13,98.13,229.27,True,1,3.066072188103e-11,3.066072188103e-11,1.0,inf,inf,D,3.069021988391158e-11,76.68720610672558,18.847229156998075,627960512.3299674,627.9605123299674
32.0,V2V,vehicle_1,flow_south_north.0,-75.04,98.04,226.91,True,1,3.130089412515e-11,3.130089412515e-11,1.0,inf,inf,D,3.1332857243155827e-11,78.29299660958476,18.93722915699807,630912154.3378973,630.9121543378973
32.0,V2V,vehicle_1,flow_west_east.0,-66.61,89.61,85.93,True,1,2.182432863295e-10,2.182432863295e-10,1.0,inf,inf,D,2.1827299118430035e-10,545.4097730742137,27.36722915699808,909383947.7647986,909.3839477647987
32.0,V2V,vehicle_1,vehicle_4,-60.05,83.05,40.4,True,1,9.874189985336e-10,9.874189985336e-10,1.0,inf,inf,D,9.885530946569391e-10,2470.147662810942,33.927229156998074,1127096550.5786128,1127.0965505786128
32.0,V2V,vehicle_1,vehicle_5,-71.05,94.05,143.33,True,1,7.844582008556001e-11,7.844582008556001e-11,1.0,inf,inf,D,7.852356346100726e-11,196.21080325089267,22.92722915699808,762359477.4804869,762.3594774804868
32.0,V2V,vehicle_4,flow_south_north.0,-90.22,113.22,231.51,False,1,9.508747468348999e-13,9.508747468348999e-13,1.0,inf,inf,D,9.50604793656281e-13,2.375324321979712,3.757229156998071,175502613.18617836,175.50261318617837
32.0,V2V,vehicle_4,flow_west_east.0,-61.09,84.09,45.53,True,1,7.773298048732e-10,7.773298048732e-10,1.0,inf,inf,D,7.78036551039804e-10,1944.1193179405395,32.887229156998075,1092564294.0707123,1092.5642940707123
32.0,V2V,vehicle_4,vehicle_1,-60.05,83.05,40.4,True,1,9.874189985336e-10,9.874189985336e-10,1.0,inf,inf,D,9.885530946569391e-10,2470.147662810942,33.927229156998074,1127096550.5786128,1127.0965505786128
32.0,V2V,vehicle_4,vehicle_5,-73.21,96.21,183.73,True,1,4.7740647051830006e-11,4.7740647051830006e-11,1.0,inf,inf,D,4.7752927365769114e-11,119.32265708587983,20.767229156998077,691076452.1296991,691.0764521296991
32.0,V2V,vehicle_5,flow_south_north.0,-91.4,114.4,265.22,False,1,7.24525922706e-13,7.24525922706e-13,1.0,inf,inf,D,7.244359600749892e-13,1.810184807783581,2.5772291569980683,149066501.03414732,149.06650103414734
32.0,V2V,vehicle_5,flow_west_east.0,-75.13,98.13,229.27,True,1,3.066072188103e-11,3.066072188103e-11,1.0,inf,inf,D,3.069021988391158e-11,76.68720610672558,18.847229156998075,627960512.3299674,627.9605123299674
32.0,V2V,vehicle_5,vehicle_1,-71.05,94.05,143.33,True,1,7.844582008556001e-11,7.844582008556001e-11,1.0,inf,inf,D,7.852356346100726e-11,196.21080325089267,22.92722915699808,762359477.4804869,762.3594774804868
32.0,V2V,vehicle_5,vehicle_4,-73.21,96.21,183.73,True,1,4.7740647051830006e-11,4.7740647051830006e-11,1.0,inf,inf,D,4.7752927365769114e-11,119.32265708587983,20.767229156998077,691076452.1296991,691.0764521296991
33.0,V2I,BS_1,flow_south_north.0,-92.86,122.86,702.79,False,1,5.171410987334999e-13,5.171410987334999e-13,1.0,inf,inf,D,5.176068319505682e-13,1.2933703946790809,1.1172291569980783,119746937.86485226,119.74693786485227
33.0,V2I,BS_1,flow_west_east.0,-91.83,121.83,623.92,False,1,6.561485013564999e-13,6.561485013564999e-13,1.0,inf,inf,D,6.561452663029057e-13,1.639543394060234,2.1472291569980757,140028838.409185,140.028838409185
33.0,V2I,BS_1,vehicle_1,-90.86,120.86,557.93,False,1,8.205532774534e-13,8.205532774534e-13,1.0,inf,inf,D,8.203515443298177e-13,2.049853933857615,3.1172291569980697,160874014.95786774,160.87401495786773
33.0,V2I,BS_1,vehicle_4,-91.38,121.38,592.52,False,1,7.275375039825e-13,7.275375039825e-13,1.0,inf,inf,D,7.277798045368243e-13,1.8185402412214497,2.597229156998075,149494816.54554176,149.49481654554177
33.0,V2I,BS_1,vehicle_5,-89.17,119.17,459.2,False,1,1.2113272945090001e-12,1.2113272945090001e-12,1.0,inf,inf,D,1.2105981335504828e-12,3.024982842454979,4.807229156998075,200898263.33743668,200.89826333743667
33.0,V2V,flow_south_north.0,flow_west_east.0,-88.44,111.44,188.72,False,1,1.430980000073e-12,1.430980000073e-12,1.0,inf,inf,D,1.4321878992735454e-12,3.578680407979873,5.537229156998079,219493186.8371658,219.4931868371658
33.0,V2V,flow_south_north.0,vehicle_1,-72.72,95.72,173.66,True,1,5.343761466793e-11,5.343761466793e-11,1.0,inf,inf,D,5.345643593969714e-11,133.57430269789387,21.257229156998072,707225913.9769654,707.2259139769654
33.0,V2V,flow_south_north.0,vehicle_4,-72.84,95.84,176.04,True,1,5.200467094396e-11,5.200467094396e-11,1.0,inf,inf,D,5.199959965335152e-11,129.93403211732013,21.137229156998067,703269631.8269583,703.2696318269583
33.0,V2V,flow_south_north.0,vehicle_5,-91.07,114.07,255.32,False,1,7.817980642186e-13,7.817980642186e-13,1.0,inf,inf,D,7.816278045883309e-13,1.9530929649883328,2.907229156998081,156222677.40189496,156.22267740189497
33.0,V2V,flow_west_east.0,flow_south_north.0,-88.44,111.44,188.72,False,1,1.430980000073e-12,1.430980000073e-12,1.0,inf,inf,D,1.4321878992735454e-12,3.578680407979873,5.537229156998079,219493186.8371658,219.4931868371658
33.0,V2V,flow_west_east.0,vehicle_1,-67.19,90.19,91.9,True,1,1.908240840681e-10,1.908240840681e-10,1.0,inf,inf,D,1.9098532585662407e-10,477.2247022904149,26.78722915699808,890154484.2934768,890.1544842934768
33.0,V2V,flow_west_east.0,vehicle_4,-60.5,83.5,42.53,True,1,8.908516114855e-10,8.908516114855e-10,1.0,inf,inf,D,8.91250938133746e-10,2227.013838415157,33.47722915699808,1112154247.8089995,1112.1542478089996
33.0,V2V,flow_west_east.0,vehicle_5,-76.34,99.34,263.5,True,1,2.3211487351290002e-11,2.3211487351290002e-11,1.0,inf,inf,D,2.322736796357105e-11,58.0394002088232,17.637229156998067,588360615.9779036,588.3606159779036
33.0,V2V,vehicle_1,flow_south_north.0,-72.72,95.72,173.66,True,1,5.343761466793e-11,5.343761466793e-11,1.0,inf,inf,D,5.345643593969714e-11,133.57430269789387,21.257229156998072,707225913.9769654,707.2259139769654
33.0,V2V,vehicle_1,flow_west_east.0,-67.19,90.19,91.9,True,1,1.908240840681e-10,1.908240840681e-10,1.0,inf,inf,D,1.9098532585662407e-10,477.2247022904149,26.78722915699808,890154484.2934768,890.1544842934768
33.0,V2V,vehicle_1,vehicle_4,-61.8,84.8,49.37,True,1,6.612970748463e-10,6.612970748463e-10,1.0,inf,inf,D,6.606934480075964e-10,1650.908165936023,32.17722915699808,1068991777.03109,1068.9917770310901
33.0,V2V,vehicle_1,vehicle_5,-72.62,95.62,171.6,True,1,5.4730528545500006e-11,5.4730528545500006e-11,1.0,inf,inf,D,5.4701596289397105e-11,136.68564789954297,21.35722915699807,710523437.3188919,710.5234373188919
33.0,V2V,vehicle_4,flow_south_north.0,-72.84,95.84,176.04,True,1,5.200467094396e-11,5.200467094396e-11,1.0,inf,inf,D,5.199959965335152e-11,129.93403211732013,21.137229156998067,703269631.8269583,703.2696318269583
33.0,V2V,vehicle_4,flow_west_east.0,-60.5,83.5,42.53,True,1,8.908516114855e-10,8.908516114855e-10,1.0,inf,inf,D,8.91250938133746e-10,2227.013838415157,33.47722915699808,1112154247.8089995,1112.1542478089996
33.0,V2V,vehicle_4,vehicle_1,-61.8,84.8,49.37,True,1,6.612970748463e-10,6.612970748463e-10,1.0,inf,inf,D,6.606934480075964e-10,1650.908165936023,32.17722915699808,1068991777.03109,1068.9917770310901
33.0,V2V,vehicle_4,vehicle_5,-74.81,97.81,220.97,True,1,3.30073516981e-11,3.30073516981e-11,1.0,inf,inf,D,3.303695410368149e-11,82.55110970435153,19.167229156998072,638458708.4805578,638.4587084805578
33.0,V2V,vehicle_5,flow_south_north.0,-91.07,114.07,255.32,False,1,7.817980642186e-13,7.817980642186e-13,1.0,inf,inf,D,7.816278045883309e-13,1.9530929649883328,2.907229156998081,156222677.40189496,156.22267740189497
33.0,V2V,vehicle_5,flow_west_east.0,-76.34,99.34,263.5,True,1,2.3211487351290002e-11,2.3211487351290002e-11,1.0,inf,inf,D,2.322736796357105e-11,58.0394002088232,17.637229156998067,588360615.9779036,588.3606159779036
33.0,V2V,vehicle_5,vehicle_1,-72.62,95.62,171.6,True,1,5.4730528545500006e-11,5.4730528545500006e-11,1.0,inf,inf,D,5.4701596289397105e-11,136.68564789954297,21.35722915699807,710523437.3188919,710.5234373188919
33.0,V2V,vehicle_5,vehicle_4,-74.81,97.81,220.97,True,1,3.30073516981e-11,3.30073516981e-11,1.0,inf,inf,D,3.303695410368149e-11,82.55110970435153,19.167229156998072,638458708.4805578,638.4587084805578
34.0,V2I,BS_1,flow_south_north.0,-92.3,122.3,658.26,False,1,5.894849453453e-13,5.894849453453e-13,1.0,inf,inf,D,5.888436553555884e-13,1.4713734516631392,1.677229156998069,130531303.42008221,130.53130342008222
34.0,V2I,BS_1,flow_west_east.0,-91.67,121.67,612.42,False,1,6.810215921397999e-13,6.810215921397999e-13,1.0,inf,inf,D,6.807693586937418e-13,1.7010728603042022,2.307229156998076,143353255.64636213,143.35325564636213
34.0,V2I,BS_1,vehicle_1,-90.55,120.55,538.55,False,1,8.806604961573999e-13,8.806604961573999e-13,1.0,inf,inf,D,8.810488730080147e-13,2.201521421809132,3.427229156998077,167875766.32616252,167.8757663261625
34.0,V2I,BS_1,vehicle_4,-91.36,121.36,590.74,False,1,7.319243339344999e-13,7.319243339344999e-13,1.0,inf,inf,D,7.311390834834187e-13,1.8269342415877525,2.6172291569980803,149923832.44713047,149.92383244713048
34.0,V2I,BS_1,vehicle_5,-73.74,103.74,437.17,True,1,4.2262583570610005e-11,4.2262583570610005e-11,1.0,inf,inf,D,4.226686142656033e-11,105.6143463932042,20.237229156998076,673625777.494223,673.625777494223
34.0,V2V,flow_south_north.0,flow_west_east.0,-85.36,108.36,132.38,False,1,2.908141571334e-12,2.908141571334e-12,1.0,inf,inf,D,2.910717118066608e-12,7.2731562170579895,8.617229156998077,304843782.39567214,304.8437823956721
34.0,V2V,flow_south_north.0,vehicle_1,-84.96,107.96,126.33,False,1,3.1932844868360002e-12,3.1932844868360002e-12,1.0,inf,inf,D,3.191537855100771e-12,7.974857209147353,9.017229156998086,316588898.56996155,316.58889856996154
34.0,V2V,flow_south_north.0,vehicle_4,-69.64,92.64,121.78,True,1,1.086663734397e-10,1.086663734397e-10,1.0,inf,inf,D,1.0864256236170644e-10,271.4706705689816,24.33722915699807,808995713.268461,808.995713268461
34.0,V2V,flow_south_north.0,vehicle_5,-91.56,114.56,270.02,False,1,6.990079917677999e-13,6.990079917677999e-13,1.0,inf,inf,D,6.982324040771704e-13,1.7447086558649934,2.4172291569980677,145665301.87947774,145.66530187947774
34.0,V2V,flow_west_east.0,flow_south_north.0,-85.36,108.36,132.38,False,1,2.908141571334e-12,2.908141571334e-12,1.0,inf,inf,D,2.910717118066608e-12,7.2731562170579895,8.617229156998077,304843782.39567214,304.8437823956721
34.0,V2V,flow_west_east.0,vehicle_1,-68.41,91.41,105.73,True,1,1.441585354137e-10,1.441585354137e-10,1.0,inf,inf,D,1.442115351524871e-10,360.34866354944296,25.56722915699808,849724774.8264443,849.7247748264442
34.0,V2V,flow_west_east.0,vehicle_4,-57.36,80.36,29.63,True,1,1.835283654847e-09,1.835283654847e-09,1.0,inf,inf,D,1.8365383433483473e-09,4589.0513327045155,36.61722915699808,1216429457.2729084,1216.4294572729084
34.0,V2V,flow_west_east.0,vehicle_5,-77.56,100.56,303.2,True,1,1.753096470374e-11,1.753096470374e-11,1.0,inf,inf,D,1.7538805018417603e-11,43.82509999604598,16.417229156998072,548623489.6355551,548.6234896355552
34.0,V2V,vehicle_1,flow_south_north.0,-84.96,107.96,126.33,False,1,3.1932844868360002e-12,3.1932844868360002e-12,1.0,inf,inf,D,3.191537855100771e-12,7.974857209147353,9.017229156998086,316588898.56996155,316.58889856996154
34.0,V2V,vehicle_1,flow_west_east.0,-68.41,91.41,105.73,True,1,1.441585354137e-10,1.441585354137e-10,1.0,inf,inf,D,1.442115351524871e-10,360.34866354944296,25.56722915699808,849724774.8264443,849.7247748264442
34.0,V2V,vehicle_1,vehicle_4,-65.56,88.56,76.1,True,1,2.782882666397e-10,2.782882666397e-10,1.0,inf,inf,D,2.7797132677592884e-10,694.5810264266087,28.417229156998076,944207477.0128299,944.2074770128299
34.0,V2V,vehicle_1,vehicle_5,-73.84,96.84,197.47,True,1,4.133106717789e-11,4.133106717789e-11,1.0,inf,inf,D,4.1304750199016105e-11,103.21027036235907,20.13722915699807,670335365.8088657,670.3353658088656
34.0,V2V,vehicle_4,flow_south_north.0,-69.64,92.64,121.78,True,1,1.086663734397e-10,1.086663734397e-10,1.0,inf,inf,D,1.0864256236170644e-10,271.4706705689816,24.33722915699807,808995713.268461,808.995713268461
34.0,V2V,vehicle_4,flow_west_east.0,-57.36,80.36,29.63,True,1,1.835283654847e-09,1.835283654847e-09,1.0,inf,inf,D,1.8365383433483473e-09,4589.0513327045155,36.61722915699808,1216429457.2729084,1216.4294572729084
34.0,V2V,vehicle_4,vehicle_1,-65.56,88.56,76.1,True,1,2.782882666397e-10,2.782882666397e-10,1.0,inf,inf,D,2.7797132677592884e-10,694.5810264266087,28.417229156998076,944207477.0128299,944.2074770128299
34.0,V2V,vehicle_4,vehicle_5,-76.67,99.67,273.57,True,1,2.1534651697930002e-11,2.1534651697930002e-11,1.0,inf,inf,D,2.1527817347243738e-11,53.79264704458704,17.307229156998073,577591039.7123184,577.5910397123184
34.0,V2V,vehicle_5,flow_south_north.0,-91.56,114.56,270.02,False,1,6.990079917677999e-13,6.990079917677999e-13,1.0,inf,inf,D,6.982324040771704e-13,1.7447086558649934,2.4172291569980677,145665301.87947774,145.66530187947774
34.0,V2V,vehicle_5,flow_west_east.0,-77.56,100.56,303.2,True,1,1.753096470374e-11,1.753096470374e-11,1.0,inf,inf,D,1.7538805018417603e-11,43.82509999604598,16.417229156998072,548623489.6355551,548.6234896355552
34.0,V2V,vehicle_5,vehicle_1,-73.84,96.84,197.47,True,1,4.133106717789e-11,4.133106717789e-11,1.0,inf,inf,D,4.1304750199016105e-11,103.21027036235907,20.13722915699807,670335365.8088657,670.3353658088656
34.0,V2V,vehicle_5,vehicle_4,-76.67,99.67,273.57,True,1,2.1534651697930002e-11,2.1534651697930002e-11,1.0,inf,inf,D,2.1527817347243738e-11,53.79264704458704,17.307229156998073,577591039.7123184,577.5910397123184
35.0,V2I,BS_1,flow_south_north.0,-91.72,121.72,615.9,False,1,6.733453483401999e-13,6.733453483401999e-13,1.0,inf,inf,D,6.729766562843168e-13,1.6816008402906464,2.257229156998067,142309450.62243944,142.30945062243944
35.0,V2I,BS_1,flow_west_east.0,-91.62,121.62,608.74,False,1,6.892811861168999e-13,6.892811861168999e-13,1.0,inf,inf,D,6.886522963442748e-13,1.7207703556828453,2.3572291569980655,144401519.22733814,144.40151922733813
35.0,V2I,BS_1,vehicle_1,-90.18,120.18,516.2,False,1,9.585749219755e-13,9.585749219755e-13,1.0,inf,inf,D,9.594006315159316e-13,2.3973029273261655,3.7972291569980667,176438986.47482362,176.43898647482362
35.0,V2I,BS_1,vehicle_4,-91.35,121.35,590.05,False,1,7.336509658181999e-13,7.336509658181999e-13,1.0,inf,inf,D,7.328245331389044e-13,1.8311457599672771,2.6272291569980757,150138602.75087953,150.13860275087953
35.0,V2I,BS_1,vehicle_5,-73.42,103.42,421.53,True,1,4.545734742085e-11,4.545734742085e-11,1.0,inf,inf,D,4.5498806015004804e-11,113.69016995253573,20.55722915699807,684159793.3626566,684.1597933626566
35.0,V2V,flow_south_north.0,flow_west_east.0,-66.43,89.43,84.18,True,1,2.2743455832e-10,2.2743455832e-10,1.0,inf,inf,D,2.275097430772067e-10,568.4901126366983,27.547229156998068,915352698.4168464,915.3526984168464
35.0,V2V,flow_south_north.0,vehicle_1,-83.18,106.18,102.93,False,1,4.810465108174e-12,4.810465108174e-12,1.0,inf,inf,D,4.80839348449727e-12,12.014976223131608,10.79722915699806,370210077.0993472,370.2100770993472
35.0,V2V,flow_south_north.0,vehicle_4,-64.84,87.84,70.06,True,1,3.283584904005e-10,3.283584904005e-10,1.0,inf,inf,D,3.2809529311311904e-10,819.8283186234858,29.137229156998075,968093669.4638925,968.0936694638924
35.0,V2V,flow_south_north.0,vehicle_5,-92.57,115.57,303.44,False,1,5.534840148285999e-13,5.534840148285999e-13,1.0,inf,inf,D,5.533501092157371e-13,1.3826839310738055,1.407229156998076,125258758.71491513,125.25875871491513
35.0,V2V,flow_west_east.0,flow_south_north.0,-66.43,89.43,84.18,True,1,2.2743455832e-10,2.2743455832e-10,1.0,inf,inf,D,2.275097430772067e-10,568.4901126366983,27.547229156998068,915352698.4168464,915.3526984168464
35.0,V2V,flow_west_east.0,vehicle_1,-70.62,93.62,136.33,True,1,8.670818642775001e-11,8.670818642775001e-11,1.0,inf,inf,D,8.669618757582162e-11,216.63215286312246,23.357229156998073,776574790.5137926,776.5747905137927
35.0,V2V,flow_west_east.0,vehicle_4,-56.1,79.1,25.63,True,1,2.452754262425e-09,2.452754262425e-09,1.0,inf,inf,D,2.4547089156850283e-09,6133.705436494322,37.87722915699807,1258277835.7888286,1258.2778357888287
35.0,V2V,flow_west_east.0,vehicle_5,-78.86,101.86,352.03,True,1,1.3004589067670001e-11,1.3004589067670001e-11,1.0,inf,inf,D,1.3001695780332899e-11,32.48799545310569,15.117229156998071,506557211.5709057,506.5572115709057
35.0,V2V,vehicle_1,flow_south_north.0,-83.18,106.18,102.93,False,1,4.810465108174e-12,4.810465108174e-12,1.0,inf,inf,D,4.80839348449727e-12,12.014976223131608,10.79722915699806,370210077.0993472,370.2100770993472
35.0,V2V,vehicle_1,flow_west_east.0,-70.62,93.62,136.33,True,1,8.670818642775001e-11,8.670818642775001e-11,1.0,inf,inf,D,8.669618757582162e-11,216.63215286312246,23.357229156998073,776574790.5137926,776.5747905137927
35.0,V2V,vehicle_1,vehicle_4,-68.81,91.81,110.7,True,1,1.315130856239e-10,1.315130856239e-10,1.0,inf,inf,D,1.3152248321922377e-10,328.64188710450713,25.167229156998072,836475576.5057966,836.4755765057965
35.0,V2V,vehicle_1,vehicle_5,-74.6,97.6,215.7,True,1,3.46388862054e-11,3.46388862054e-11,1.0,inf,inf,D,3.467368504525324e-11,86.64089216704956,19.377229156998084,645353226.5642091,645.3532265642091
35.0,V2V,vehicle_4,flow_south_north.0,-64.84,87.84,70.06,True,1,3.283584904005e-10,3.283584904005e-10,1.0,inf,inf,D,3.2809529311311904e-10,819.8283186234858,29.137229156998075,968093669.4638925,968.0936694638924
35.0,V2V,vehicle_4,flow_west_east.0,-56.1,79.1,25.63,True,1,2.452754262425e-09,2.452754262425e-09,1.0,inf,inf,D,2.4547089156850283e-09,6133.705436494322,37.87722915699807,1258277835.7888286,1258.2778357888287
35.0,V2V,vehicle_4,vehicle_1,-68.81,91.81,110.7,True,1,1.315130856239e-10,1.315130856239e-10,1.0,inf,inf,D,1.3152248321922377e-10,328.64188710450713,25.167229156998072,836475576.5057966,836.4755765057965
35.0,V2V,vehicle_4,vehicle_5,-78.2,101.2,326.4,True,1,1.5127386708300002e-11,1.5127386708300002e-11,1.0,inf,inf,D,1.5135612484362072e-11,37.82012115033001,15.777229156998072,527873271.5327078,527.8732715327078
35.0,V2V,vehicle_5,flow_south_north.0,-92.57,115.57,303.44,False,1,5.534840148285999e-13,5.534840148285999e-13,1.0,inf,inf,D,5.533501092157371e-13,1.3826839310738055,1.407229156998076,125258758.71491513,125.25875871491513
35.0,V2V,vehicle_5,flow_west_east.0,-78.86,101.86,352.03,True,1,1.3004589067670001e-11,1.3004589067670001e-11,1.0,inf,inf,D,1.3001695780332899e-11,32.48799545310569,15.117229156998071,506557211.5709057,506.5572115709057
35.0,V2V,vehicle_5,vehicle_1,-74.6,97.6,215.7,True,1,3.46388862054e-11,3.46388862054e-11,1.0,inf,inf,D,3.467368504525324e-11,86.64089216704956,19.377229156998084,645353226.5642091,645.3532265642091
35.0,V2V,vehicle_5,vehicle_4,-78.2,101.2,326.4,True,1,1.5127386708300002e-11,1.5127386708300002e-11,1.0,inf,inf,D,1.5135612484362072e-11,37.82012115033001,15.777229156998072,527873271.5327078,527.8732715327078
36.0,V2I,BS_1,flow_south_north.0,-91.12,121.12,575.03,False,1,7.724784451348999e-13,7.724784451348999e-13,1.0,inf,inf,D,7.726805850957022e-13,1.9307360946919094,2.857229156998073,155126306.2868521,155.1263062868521
36.0,V2I,BS_1,flow_west_east.0,-91.6,121.6,607.41,False,1,6.923014212746e-13,6.923014212746e-13,1.0,inf,inf,D,6.918309709189363e-13,1.7287130707619596,2.3772291569980726,144822070.0529268,144.82207005292682
36.0,V2I,BS_1,vehicle_1,-89.74,119.74,490.71,False,1,1.060736918628e-12,1.060736918628e-12,1.0,inf,inf,D,1.0616955571987241e-12,2.6529124367784207,4.237229156998072,186904717.15648082,186.9047171564808
36.0,V2I,BS_1,vehicle_4,-91.35,121.35,590.05,False,1,7.336509658181999e-13,7.336509658181999e-13,1.0,inf,inf,D,7.328245331389044e-13,1.8311457599672771,2.6272291569980757,150138602.75087953,150.13860275087953
36.0,V2I,BS_1,vehicle_5,-73.23,103.23,412.26,True,1,4.7525751031270005e-11,4.7525751031270005e-11,1.0,inf,inf,D,4.7533522594280486e-11,118.77441927606317,20.74722915699807,690417600.8383204,690.4176008383204
36.0,V2V,flow_south_north.0,flow_west_east.0,-62.6,85.6,54.14,True,1,5.498290059999e-10,5.498290059999e-10,1.0,inf,inf,D,5.495408738576248e-10,1373.1656018431404,31.377229156998077,1042434015.9677986,1042.4340159677986
36.0,V2V,flow_south_north.0,vehicle_1,-69.89,92.89,125.31,True,1,1.026367823456e-10,1.026367823456e-10,1.0,inf,inf,D,1.025651926251408e-10,256.2848391432803,24.087229156998077,800722263.6596824,800.7222636596824
36.0,V2V,flow_south_north.0,vehicle_4,-57.7,80.7,30.81,True,1,1.698233831107e-09,1.698233831107e-09,1.0,inf,inf,D,1.6982436524617425e-09,4243.4873874606255,36.27722915699807,1205137461.2710247,1205.1374612710247
36.0,V2V,flow_south_north.0,vehicle_5,-78.85,101.85,351.66,True,1,1.3031872819550001e-11,1.3031872819550001e-11,1.0,inf,inf,D,1.3031667784522999e-11,32.562888017298846,15.127229156998075,506879495.6939512,506.8794956939512
36.0,V2V,flow_west_east.0,flow_south_north.0,-62.6,85.6,54.14,True,1,5.498290059999e-10,5.498290059999e-10,1.0,inf,inf,D,5.495408738576248e-10,1373.1656018431404,31.377229156998077,1042434015.9677986,1042.4340159677986
36.0,V2V,flow_west_east.0,vehicle_1,-72.96,95.96,178.53,True,1,5.056215574271e-11,5.056215574271e-11,1.0,inf,inf,D,5.0582466200311476e-11,126.39296901627054,21.01722915699808,699314184.5349534,699.3141845349534
36.0,V2V,flow_west_east.0,vehicle_4,-55.47,78.47,23.83,True,1,2.837230599799e-09,2.837230599799e-09,1.0,inf,inf,D,2.8379190284415583e-09,7091.251945131329,38.50722915699808,1279202807.2102206,1279.2028072102205
36.0,V2V,flow_west_east.0,vehicle_5,-80.08,103.08,405.07,True,1,9.822254822325e-12,9.822254822325e-12,1.0,inf,inf,D,9.817479430199865e-12,24.531432859070126,13.897229156998083,467420260.093115,467.42026009311496
36.0,V2V,vehicle_1,flow_south_north.0,-69.89,92.89,125.31,True,1,1.026367823456e-10,1.026367823456e-10,1.0,inf,inf,D,1.025651926251408e-10,256.2848391432803,24.087229156998077,800722263.6596824,800.7222636596824
36.0,V2V,vehicle_1,flow_west_east.0,-72.96,95.96,178.53,True,1,5.056215574271e-11,5.056215574271e-11,1.0,inf,inf,D,5.0582466200311476e-11,126.39296901627054,21.01722915699808,699314184.5349534,699.3141845349534
36.0,V2V,vehicle_1,vehicle_4,-71.72,94.72,154.7,True,1,6.734162342890001e-11,6.734162342890001e-11,1.0,inf,inf,D,6.729766562843183e-11,168.16008402906502,22.25722915699808,740224537.1902726,740.2245371902726
36.0,V2V,vehicle_1,vehicle_5,-75.03,98.03,226.53,True,1,3.1405085370780004e-11,3.1405085370780004e-11,1.0,inf,inf,D,3.1405086938762164e-11,78.4734806066021,18.94722915699807,631240162.4718384,631.2401624718384
36.0,V2V,vehicle_4,flow_south_north.0,-57.7,80.7,30.81,True,1,1.698233831107e-09,1.698233831107e-09,1.0,inf,inf,D,1.6982436524617425e-09,4243.4873874606255,36.27722915699807,1205137461.2710247,1205.1374612710247
36.0,V2V,vehicle_4,flow_west_east.0,-55.47,78.47,23.83,True,1,2.837230599799e-09,2.837230599799e-09,1.0,inf,inf,D,2.8379190284415583e-09,7091.251945131329,38.50722915699808,1279202807.2102206,1279.2028072102205
36.0,V2V,vehicle_4,vehicle_1,-71.72,94.72,154.7,True,1,6.734162342890001e-11,6.734162342890001e-11,1.0,inf,inf,D,6.729766562843183e-11,168.16008402906502,22.25722915699808,740224537.1902726,740.2245371902726
36.0,V2V,vehicle_4,vehicle_5,-79.55,102.55,381.23,True,1,1.1088747044330001e-11,1.1088747044330001e-11,1.0,inf,inf,D,1.1091748152624008e-11,27.715512625247392,14.427229156998072,484375841.162788,484.375841162788
36.0,V2V,vehicle_5,flow_south_north.0,-78.85,101.85,351.66,True,1,1.3031872819550001e-11,1.3031872819550001e-11,1.0,inf,inf,D,1.3031667784522999e-11,32.562888017298846,15.127229156998075,506879495.6939512,506.8794956939512
36.0,V2V,vehicle_5,flow_west_east.0,-80.08,103.08,405.07,True,1,9.822254822325e-12,9.822254822325e-12,1.0,inf,inf,D,9.817479430199865e-12,24.531432859070126,13.897229156998083,467420260.093115,467.42026009311496
36.0,V2V,vehicle_5,vehicle_1,-75.03,98.03,226.53,True,1,3.1405085370780004e-11,3.1405085370780004e-11,1.0,inf,inf,D,3.1405086938762164e-11,78.4734806066021,18.94722915699807,631240162.4718384,631.2401624718384
36.0,V2V,vehicle_5,vehicle_4,-79.55,102.55,381.23,True,1,1.1088747044330001e-11,1.1088747044330001e-11,1.0,inf,inf,D,1.1091748152624008e-11,27.715512625247392,14.427229156998072,484375841.162788,484.375841162788
37.0,V2I,BS_1,flow_south_north.0,-90.55,120.55,538.14,False,1,8.820034366250999e-13,8.820034366250999e-13,1.0,inf,inf,D,8.810488730080147e-13,2.201521421809132,3.427229156998077,167875766.32616252,167.8757663261625
37.0,V2I,BS_1,flow_west_east.0,-91.59,121.59,607.12,False,1,6.929745280646e-13,6.929745280646e-13,1.0,inf,inf,D,6.934258060165681e-13,1.7326981659584406,2.3872291569980666,145032611.90185964,145.03261190185964
37.0,V2I,BS_1,vehicle_1,-89.26,119.26,464.18,False,1,1.185477202622e-12,1.185477202622e-12,1.0,inf,inf,D,1.1857687481671596e-12,2.9629404002177897,4.717229156998072,198657127.037004,198.657127037004
37.0,V2I,BS_1,vehicle_4,-91.35,121.35,590.05,False,1,7.336509658181999e-13,7.336509658181999e-13,1.0,inf,inf,D,7.328245331389044e-13,1.8311457599672771,2.6272291569980757,150138602.75087953,150.13860275087953
37.0,V2I,BS_1,vehicle_5,-73.19,103.19,410.12,True,1,4.802294693241001e-11,4.802294693241001e-11,1.0,inf,inf,D,4.797334486366892e-11,119.87342544644906,20.787229156998073,691735328.6381537,691.7353286381536
37.0,V2V,flow_south_north.0,flow_west_east.0,-64.76,87.76,69.43,True,1,3.343149558124e-10,3.343149558124e-10,1.0,inf,inf,D,3.3419504002611355e-10,835.0700650327674,29.217229156998066,970748003.9066166,970.7480039066165
37.0,V2V,flow_south_north.0,vehicle_1,-73.16,96.16,182.6,True,1,4.833639160708e-11,4.833639160708e-11,1.0,inf,inf,D,4.8305880203977284e-11,120.70434833577531,20.817229156998074,692723690.4337369,692.7236904337369
37.0,V2V,flow_south_north.0,vehicle_4,-62.52,85.52,53.68,True,1,5.593626741885e-10,5.593626741885e-10,1.0,inf,inf,D,5.597576014951093e-10,1398.6946564095683,31.457229156998068,1045089642.2025409,1045.089642202541
37.0,V2V,flow_south_north.0,vehicle_5,-95.12,118.12,407.03,False,1,3.076143218255e-13,3.076143218255e-13,1.0,inf,inf,D,3.076096814740705e-13,0.7686398837433045,-1.142770843001931,82264032.7945748,82.2640327945748
37.0,V2V,flow_west_east.0,flow_south_north.0,-64.76,87.76,69.43,True,1,3.343149558124e-10,3.343149558124e-10,1.0,inf,inf,D,3.3419504002611355e-10,835.0700650327674,29.217229156998066,970748003.9066166,970.7480039066165
37.0,V2V,flow_west_east.0,vehicle_1,-75.17,98.17,230.13,True,1,3.043022428309e-11,3.043022428309e-11,1.0,inf,inf,D,3.0408850256762766e-11,75.98413357511934,18.80722915699807,626648923.1978197,626.6489231978197
37.0,V2V,flow_west_east.0,vehicle_4,-55.32,78.32,23.43,True,1,2.934918654622e-09,2.934918654622e-09,1.0,inf,inf,D,2.9376496519615306e-09,7340.453902952349,38.65722915699807,1284185008.7630725,1284.1850087630726
37.0,V2V,flow_west_east.0,vehicle_5,-81.14,104.14,457.67,True,1,7.694238502415e-12,7.694238502415e-12,1.0,inf,inf,D,7.691304402866082e-12,19.21865168132454,12.837229156998067,433761488.65137863,433.7614886513786
37.0,V2V,vehicle_1,flow_south_north.0,-73.16,96.16,182.6,True,1,4.833639160708e-11,4.833639160708e-11,1.0,inf,inf,D,4.8305880203977284e-11,120.70434833577531,20.817229156998074,692723690.4337369,692.7236904337369
37.0,V2V,vehicle_1,flow_west_east.0,-75.17,98.17,230.13,True,1,3.043022428309e-11,3.043022428309e-11,1.0,inf,inf,D,3.0408850256762766e-11,75.98413357511934,18.80722915699807,626648923.1978197,626.6489231978197
37.0,V2V,vehicle_1,vehicle_4,-74.23,97.23,206.7,True,1,3.7721005077990005e-11,3.7721005077990005e-11,1.0,inf,inf,D,3.77572190925416e-11,94.34587479395701,19.747229156998074,657509861.5564407,657.5098615564407
37.0,V2V,vehicle_1,vehicle_5,-75.07,98.07,227.53,True,1,3.11296437653e-11,3.11296437653e-11,1.0,inf,inf,D,3.11171633710602e-11,77.75403141194452,18.907229156998078,629928187.170988,629.9281871709879
37.0,V2V,vehicle_4,flow_south_north.0,-62.52,85.52,53.68,True,1,5.593626741885e-10,5.593626741885e-10,1.0,inf,inf,D,5.597576014951093e-10,1398.6946564095683,31.457229156998068,1045089642.2025409,1045.089642202541
37.0,V2V,vehicle_4,flow_west_east.0,-55.32,78.32,23.43,True,1,2.934918654622e-09,2.934918654622e-09,1.0,inf,inf,D,2.9376496519615306e-09,7340.453902952349,38.65722915699807,1284185008.7630725,1284.1850087630726
37.0,V2V,vehicle_4,vehicle_1,-74.23,97.23,206.7,True,1,3.7721005077990005e-11,3.7721005077990005e-11,1.0,inf,inf,D,3.77572190925416e-11,94.34587479395701,19.747229156998074,657509861.5564407,657.5098615564407
37.0,V2V,vehicle_4,vehicle_5,-80.68,103.68,434.23,True,1,8.547082430136e-12,8.547082430136e-12,1.0,inf,inf,D,8.550667128846805e-12,21.36598482970216,13.29722915699806,448323438.00640386,448.3234380064039
37.0,V2V,vehicle_5,flow_south_north.0,-95.12,118.12,407.03,False,1,3.076143218255e-13,3.076143218255e-13,1.0,inf,inf,D,3.076096814740705e-13,0.7686398837433045,-1.142770843001931,82264032.7945748,82.2640327945748
37.0,V2V,vehicle_5,flow_west_east.0,-81.14,104.14,457.67,True,1,7.694238502415e-12,7.694238502415e-12,1.0,inf,inf,D,7.691304402866082e-12,19.21865168132454,12.837229156998067,433761488.65137863,433.7614886513786
37.0,V2V,vehicle_5,vehicle_1,-75.07,98.07,227.53,True,1,3.11296437653e-11,3.11296437653e-11,1.0,inf,inf,D,3.11171633710602e-11,77.75403141194452,18.907229156998078,629928187.170988,629.9281871709879
37.0,V2V,vehicle_5,vehicle_4,-80.68,103.68,434.23,True,1,8.547082430136e-12,8.547082430136e-12,1.0,inf,inf,D,8.550667128846805e-12,21.36598482970216,13.29722915699806,448323438.00640386,448.3234380064039
38.0,V2I,BS_1,flow_south_north.0,-89.95,119.95,502.62,False,1,1.011064582913e-12,1.011064582913e-12,1.0,inf,inf,D,1.0115794542598962e-12,2.5276847932531137,4.027229156998064,181872165.85353607,181.87216585353607
38.0,V2I,BS_1,flow_west_east.0,-91.59,121.59,607.07,False,1,6.930867812936999e-13,6.930867812936999e-13,1.0,inf,inf,D,6.934258060165681e-13,1.7326981659584406,2.3872291569980666,145032611.90185964,145.03261190185964
38.0,V2I,BS_1,vehicle_1,-73.86,103.86,442.98,True,1,4.1161726468510004e-11,4.1161726468510004e-11,1.0,inf,inf,D,4.1114972110452214e-11,102.73606224500801,20.11722915699807,669677370.1841258,669.6773701841258
38.0,V2I,BS_1,vehicle_4,-91.25,121.25,583.94,False,1,7.490845420081e-13,7.490845420081e-13,1.0,inf,inf,D,7.498942093324559e-13,1.87379862401913,2.727229156998074,152295897.12219435,152.29589712219436
38.0,V2I,BS_1,vehicle_5,-73.29,103.29,415.0,True,1,4.6898636397000005e-11,4.6898636397000005e-11,1.0,inf,inf,D,4.6881338214526456e-11,117.14477314974125,20.687229156998068,688441199.4137261,688.441199413726
38.0,V2V,flow_south_north.0,flow_west_east.0,-69.02,92.02,113.43,True,1,1.252629758749e-10,1.252629758749e-10,1.0,inf,inf,D,1.2531411749414182e-10,313.1287293706692,24.957229156998082,829521208.3815814,829.5212083815815
38.0,V2V,flow_south_north.0,vehicle_1,-90.82,113.82,248.1,False,1,8.279822694452999e-13,8.279822694452999e-13,1.0,inf,inf,D,8.279421637123362e-13,2.0688209987814496,3.1572291569980844,161768449.73189858,161.76844973189858
38.0,V2V,flow_south_north.0,vehicle_4,-68.07,91.07,101.67,True,1,1.559063692545e-10,1.559063692545e-10,1.0,inf,inf,D,1.5595525028269555e-10,389.6932790672052,25.907229156998078,860989262.7431419,860.9892627431419
38.0,V2V,flow_south_north.0,vehicle_5,-96.36,119.36,469.76,False,1,2.3094820917769997e-13,2.3094820917769997e-13,1.0,inf,inf,D,2.3120647901755986e-13,0.5777273338769611,-2.382770843001919,65784789.73327206,65.78478973327206
38.0,V2V,flow_west_east.0,flow_south_north.0,-69.02,92.02,113.43,True,1,1.252629758749e-10,1.252629758749e-10,1.0,inf,inf,D,1.2531411749414182e-10,313.1287293706692,24.957229156998082,829521208.3815814,829.5212083815815
38.0,V2V,flow_west_east.0,vehicle_1,-76.87,99.87,279.97,True,1,2.056134670416e-11,2.056134670416e-11,1.0,inf,inf,D,2.0558905959841405e-11,51.37157911004848,17.107229156998073,571071220.0531793,571.0712200531792
38.0,V2V,flow_west_east.0,vehicle_4,-57.73,80.73,30.92,True,1,1.686016591361e-09,1.686016591361e-09,1.0,inf,inf,D,1.6865530253887425e-09,4214.275425758976,36.247229156998074,1204141118.4487746,1204.1411184487745
38.0,V2V,flow_west_east.0,vehicle_5,-82.11,105.11,511.97,True,1,6.148665085792e-12,6.148665085792e-12,1.0,inf,inf,D,6.151768727098677e-12,15.371735949771805,11.867229156998071,403313539.85775554,403.31353985775553
38.0,V2V,vehicle_1,flow_south_north.0,-90.82,113.82,248.1,False,1,8.279822694452999e-13,8.279822694452999e-13,1.0,inf,inf,D,8.279421637123362e-13,2.0688209987814496,3.1572291569980844,161768449.73189858,161.76844973189858
38.0,V2V,vehicle_1,flow_west_east.0,-76.87,99.87,279.97,True,1,2.056134670416e-11,2.056134670416e-11,1.0,inf,inf,D,2.0558905959841405e-11,51.37157911004848,17.107229156998073,571071220.0531793,571.0712200531792
38.0,V2V,vehicle_1,vehicle_4,-75.85,98.85,249.07,True,1,2.5979184662450002e-11,2.5979184662450002e-11,1.0,inf,inf,D,2.6001595631652775e-11,64.9715033274682,18.127229156998084,604377107.5629377,604.3771075629377
38.0,V2V,vehicle_1,vehicle_5,-75.24,98.24,232.0,True,1,2.994251249715e-11,2.994251249715e-11,1.0,inf,inf,D,2.992264636608195e-11,74.76923129955509,18.73722915699808,624354020.6300364,624.3540206300363
38.0,V2V,vehicle_4,flow_south_north.0,-68.07,91.07,101.67,True,1,1.559063692545e-10,1.559063692545e-10,1.0,inf,inf,D,1.5595525028269555e-10,389.6932790672052,25.907229156998078,860989262.7431419,860.9892627431419
38.0,V2V,vehicle_4,flow_west_east.0,-57.73,80.73,30.92,True,1,1.686016591361e-09,1.686016591361e-09,1.0,inf,inf,D,1.6865530253887425e-09,4214.275425758976,36.247229156998074,1204141118.4487746,1204.1411184487745
38.0,V2V,vehicle_4,vehicle_1,-75.85,98.85,249.07,True,1,2.5979184662450002e-11,2.5979184662450002e-11,1.0,inf,inf,D,2.6001595631652775e-11,64.9715033274682,18.127229156998084,604377107.5629377,604.3771075629377
38.0,V2V,vehicle_4,vehicle_5,-81.57,104.57,481.07,True,1,6.963886344582e-12,6.963886344582e-12,1.0,inf,inf,D,6.966265141107687e-12,17.406959373082675,12.407229156998074,420217942.39286906,420.2179423928691
38.0,V2V,vehicle_5,flow_south_north.0,-96.36,119.36,469.76,False,1,2.3094820917769997e-13,2.3094820917769997e-13,1.0,inf,inf,D,2.3120647901755986e-13,0.5777273338769611,-2.382770843001919,65784789.73327206,65.78478973327206
38.0,V2V,vehicle_5,flow_west_east.0,-82.11,105.11,511.97,True,1,6.148665085792e-12,6.148665085792e-12,1.0,inf,inf,D,6.151768727098677e-12,15.371735949771805,11.867229156998071,403313539.85775554,403.31353985775553
38.0,V2V,vehicle_5,vehicle_1,-75.24,98.24,232.0,True,1,2.994251249715e-11,2.994251249715e-11,1.0,inf,inf,D,2.992264636608195e-11,74.76923129955509,18.73722915699808,624354020.6300364,624.3540206300363
38.0,V2V,vehicle_5,vehicle_4,-81.57,104.57,481.07,True,1,6.963886344582e-12,6.963886344582e-12,1.0,inf,inf,D,6.966265141107687e-12,17.406959373082675,12.407229156998074,420217942.39286906,420.2179423928691
39.0,V2I,BS_1,flow_south_north.0,-89.39,119.39,471.11,False,1,1.15083506033e-12,1.15083506033e-12,1.0,inf,inf,D,1.1508003889444356e-12,2.8755631907657055,4.587229156998072,195440597.58024558,195.4405975802456
39.0,V2I,BS_1,flow_west_east.0,-91.54,121.54,603.12,False,1,7.021877484656999e-13,7.021877484656999e-13,1.0,inf,inf,D,7.014552984199715e-13,1.7527618651173698,2.437229156998075,146087981.1214291,146.0879811214291
39.0,V2I,BS_1,vehicle_1,-73.52,103.52,426.43,True,1,4.441923764243e-11,4.441923764243e-11,1.0,inf,inf,D,4.4463126746910924e-11,111.1022657344101,20.457229156998082,680867162.6979297,680.8671626979298
39.0,V2I,BS_1,vehicle_4,-91.05,121.05,570.12,False,1,7.858270951510999e-13,7.858270951510999e-13,1.0,inf,inf,D,7.852356346100711e-13,1.9621080325089229,2.9272291569980693,156662425.8831574,156.6624258831574
39.0,V2I,BS_1,vehicle_5,-73.53,103.53,426.61,True,1,4.4380979250360005e-11,4.4380979250360005e-11,1.0,inf,inf,D,4.436086439314327e-11,110.84673761405114,20.447229156998077,680537936.5736606,680.5379365736607
39.0,V2V,flow_south_north.0,flow_west_east.0,-72.16,95.16,162.71,True,1,6.087786697775001e-11,6.087786697775001e-11,1.0,inf,inf,D,6.081350012787189e-11,151.9577714339627,21.81722915699808,725698959.8563031,725.6989598563031
39.0,V2V,flow_south_north.0,vehicle_1,-92.98,115.98,318.07,False,1,5.037457782737e-13,5.037457782737e-13,1.0,inf,inf,D,5.035006087879047e-13,1.258122460739392,0.9972291569980728,117512372.73468427,117.51237273468428
39.0,V2V,flow_south_north.0,vehicle_4,-71.39,94.39,149.03,True,1,7.256199221924e-11,7.256199221924e-11,1.0,inf,inf,D,7.261059574351544e-11,181.43577147305206,22.58722915699807,751124482.644262,751.124482644262
39.0,V2V,flow_south_north.0,vehicle_5,-97.51,120.51,535.65,False,1,1.7762126052269997e-13,1.7762126052269997e-13,1.0,inf,inf,D,1.7741894808901608e-13,0.4433257073688557,-3.5327708430019387,52939690.161869705,52.939690161869706
39.0,V2V,flow_west_east.0,flow_south_north.0,-72.16,95.16,162.71,True,1,6.087786697775001e-11,6.087786697775001e-11,1.0,inf,inf,D,6.081350012787189e-11,151.9577714339627,21.81722915699808,725698959.8563031,725.6989598563031
39.0,V2V,flow_west_east.0,vehicle_1,-78.17,101.17,325.1,True,1,1.524861046609e-11,1.524861046609e-11,1.0,inf,inf,D,1.5240527537972907e-11,38.082277706079225,15.807229156998073,528844264.45761716,528.8442644576172
39.0,V2V,flow_west_east.0,vehicle_4,-59.96,82.96,39.94,True,1,1.010092977835e-09,1.010092977835e-09,1.0,inf,inf,D,1.0092528860766834e-09,2521.8712795519323,34.01722915699807,1130085088.4519918,1130.0850884519919
39.0,V2V,flow_west_east.0,vehicle_5,-82.89,105.89,560.23,True,1,5.134832940291e-12,5.134832940291e-12,1.0,inf,inf,D,5.140436515824264e-12,12.844668955083117,11.087229156998076,379125865.2198573,379.1258652198573
39.0,V2V,vehicle_1,flow_south_north.0,-92.98,115.98,318.07,False,1,5.037457782737e-13,5.037457782737e-13,1.0,inf,inf,D,5.035006087879047e-13,1.258122460739392,0.9972291569980728,117512372.73468427,117.51237273468428
39.0,V2V,vehicle_1,flow_west_east.0,-78.17,101.17,325.1,True,1,1.524861046609e-11,1.524861046609e-11,1.0,inf,inf,D,1.5240527537972907e-11,38.082277706079225,15.807229156998073,528844264.45761716,528.8442644576172
39.0,V2V,vehicle_1,vehicle_4,-77.05,100.05,285.81,True,1,1.972871953203e-11,1.972871953203e-11,1.0,inf,inf,D,1.9724227361148537e-11,49.28592544015126,16.927229156998074,565208275.4578944,565.2082754578944
39.0,V2V,vehicle_1,vehicle_5,-75.35,98.35,235.13,True,1,2.9149815349310005e-11,2.9149815349310005e-11,1.0,inf,inf,D,2.9174270140011716e-11,72.8992257371607,18.627229156998084,620748734.3818866,620.7487343818866
39.0,V2V,vehicle_4,flow_south_north.0,-71.39,94.39,149.03,True,1,7.256199221924e-11,7.256199221924e-11,1.0,inf,inf,D,7.261059574351544e-11,181.43577147305206,22.58722915699807,751124482.644262,751.124482644262
39.0,V2V,vehicle_4,flow_west_east.0,-59.96,82.96,39.94,True,1,1.010092977835e-09,1.010092977835e-09,1.0,inf,inf,D,1.0092528860766834e-09,2521.8712795519323,34.01722915699807,1130085088.4519918,1130.0850884519919
39.0,V2V,vehicle_4,vehicle_1,-77.05,100.05,285.81,True,1,1.972871953203e-11,1.972871953203e-11,1.0,inf,inf,D,1.9724227361148537e-11,49.28592544015126,16.927229156998074,565208275.4578944,565.2082754578944
39.0,V2V,vehicle_4,vehicle_5,-82.26,105.26,520.91,True,1,5.939334550325e-12,5.939334550325e-12,1.0,inf,inf,D,5.942921586155714e-12,14.849879025876344,11.717229156998064,398639992.3931268,398.63999239312676
39.0,V2V,vehicle_5,flow_south_north.0,-97.51,120.51,535.65,False,1,1.7762126052269997e-13,1.7762126052269997e-13,1.0,inf,inf,D,1.7741894808901608e-13,0.4433257073688557,-3.5327708430019387,52939690.161869705,52.939690161869706
39.0,V2V,vehicle_5,flow_west_east.0,-82.89,105.89,560.23,True,1,5.134832940291e-12,5.134832940291e-12,1.0,inf,inf,D,5.140436515824264e-12,12.844668955083117,11.087229156998076,379125865.2198573,379.1258652198573
39.0,V2V,vehicle_5,vehicle_1,-75.35,98.35,235.13,True,1,2.9149815349310005e-11,2.9149815349310005e-11,1.0,inf,inf,D,2.9174270140011716e-11,72.8992257371607,18.627229156998084,620748734.3818866,620.7487343818866
39.0,V2V,vehicle_5,vehicle_4,-82.26,105.26,520.91,True,1,5.939334550325e-12,5.939334550325e-12,1.0,inf,inf,D,5.942921586155714e-12,14.849879025876344,11.717229156998064,398639992.3931268,398.63999239312676
40.0,V2I,BS_1,flow_south_north.0,-88.88,118.88,444.17,False,1,1.2946626515540001e-12,1.2946626515540001e-12,1.0,inf,inf,D,1.2941958414499864e-12,3.23387266729132,5.0972291569980746,208197788.12893546,208.19778812893546
40.0,V2I,BS_1,flow_west_east.0,-91.41,121.41,594.47,False,1,7.227670614192999e-13,7.227670614192999e-13,1.0,inf,inf,D,7.227698036021703e-13,1.8060214982562972,2.5672291569980734,148852606.21684092,148.8526062168409
40.0,V2I,BS_1,flow_west_east.1,-96.67,126.67,1089.43,False,1,2.152126351842e-13,2.152126351842e-13,1.0,inf,inf,D,2.152781734724374e-13,0.5379264704458705,-2.692770843001924,62098652.84889688,62.09865284889688
40.0,V2I,BS_1,vehicle_1,-73.3,103.3,415.38,True,1,4.681322299603e-11,4.681322299603e-11,1.0,inf,inf,D,4.6773514128719814e-11,116.87534764797553,20.677229156998074,688111821.559998,688.111821559998
40.0,V2I,BS_1,vehicle_4,-90.72,120.72,549.29,False,1,8.465549945433999e-13,8.465549945433999e-13,1.0,inf,inf,D,8.472274141405981e-13,2.117010030336327,3.2572291569980822,164016279.746992,164.01627974699198
40.0,V2I,BS_1,vehicle_5,-73.89,103.89,444.55,True,1,4.0871750823460005e-11,4.0871750823460005e-11,1.0,inf,inf,D,4.0831938633269195e-11,102.02883216708943,20.08722915699807,668690431.5568678,668.6904315568678
40.0,V2V,flow_south_north.0,flow_west_east.0,-74.54,97.54,214.11,True,1,3.5153911347660003e-11,3.5153911347660003e-11,1.0,inf,inf,D,3.5156044052829766e-11,87.84618703855513,19.437229156998068,647323795.7144622,647.3237957144621
40.0,V2V,flow_south_north.0,flow_west_east.1,-99.18,122.18,649.91,False,1,1.206597968199e-13,1.206597968199e-13,1.0,inf,inf,D,1.2078138351067773e-13,0.3018025574979453,-5.202770843001937,38051065.36350199,38.05106536350199
40.0,V2V,flow_south_north.0,vehicle_1,-94.75,117.75,390.06,False,1,3.349656060494e-13,3.349656060494e-13,1.0,inf,inf,D,3.349654391578279e-13,0.8369951003443974,-0.7727708430019237,87734777.84806904,87.73477784806904
40.0,V2V,flow_south_north.0,vehicle_4,-73.16,96.16,182.67,True,1,4.82998042179e-11,4.82998042179e-11,1.0,inf,inf,D,4.8305880203977284e-11,120.70434833577531,20.817229156998074,692723690.4337369,692.7236904337369
40.0,V2V,flow_south_north.0,vehicle_5,-98.56,121.56,604.55,False,1,1.394421611365e-13,1.394421611365e-13,1.0,inf,inf,D,1.3931568029453035e-13,0.34811514316474346,-4.582770843001925,43094372.30617015,43.09437230617015
40.0,V2V,flow_west_east.0,flow_south_north.0,-74.54,97.54,214.11,True,1,3.5153911347660003e-11,3.5153911347660003e-11,1.0,inf,inf,D,3.5156044052829766e-11,87.84618703855513,19.437229156998068,647323795.7144622,647.3237957144621
40.0,V2V,flow_west_east.0,flow_west_east.1,-83.18,106.18,578.87,True,1,4.809579694154e-12,4.809579694154e-12,1.0,inf,inf,D,4.80839348449727e-12,12.014976223131608,10.79722915699806,370210077.0993472,370.2100770993472
40.0,V2V,flow_west_east.0,vehicle_1,-79.14,102.14,363.8,True,1,1.2176958328560001e-11,1.2176958328560001e-11,1.0,inf,inf,D,1.2189895989248673e-11,30.459510218012674,14.837229156998077,497542430.50069934,497.54243050069937
40.0,V2V,flow_west_east.0,vehicle_4,-61.11,84.11,45.61,True,1,7.746094749782e-10,7.746094749782e-10,1.0,inf,inf,D,7.744617978025191e-10,1935.1869010557696,32.86722915699808,1091900250.8045037,1091.9002508045037
40.0,V2V,flow_west_east.0,vehicle_5,-83.52,106.52,602.3,True,1,4.442612998191e-12,4.442612998191e-12,1.0,inf,inf,D,4.446312674691083e-12,11.110226573440986,10.45722915699807,359815395.1936275,359.81539519362747
40.0,V2V,flow_west_east.1,flow_south_north.0,-99.18,122.18,649.91,False,1,1.206597968199e-13,1.206597968199e-13,1.0,inf,inf,D,1.2078138351067773e-13,0.3018025574979453,-5.202770843001937,38051065.36350199,38.05106536350199
40.0,V2V,flow_west_east.1,flow_west_east.0,-83.18,106.18,578.87,True,1,4.809579694154e-12,4.809579694154e-12,1.0,inf,inf,D,4.80839348449727e-12,12.014976223131608,10.79722915699806,370210077.0993472,370.2100770993472
40.0,V2V,flow_west_east.1,vehicle_1,-87.41,110.41,942.67,True,1,1.813626732001e-12,1.813626732001e-12,1.0,inf,inf,D,1.8155156627731369e-12,4.536520896484599,6.567229156998077,246897968.34772256,246.89796834772255
40.0,V2V,flow_west_east.1,vehicle_4,-83.71,106.71,615.19,True,1,4.258381832821e-12,4.258381832821e-12,1.0,inf,inf,D,4.255984131337444e-12,10.634643006840188,10.267229156998086,354035503.91791636,354.03550391791634
40.0,V2V,flow_west_east.1,vehicle_5,-89.37,112.37,1181.17,True,1,1.155159208555e-12,1.155159208555e-12,1.0,inf,inf,D,1.1561122421920957e-12,2.8888361873865454,4.607229156998061,195933846.42340416,195.93384642340416
40.0,V2V,vehicle_1,flow_south_north.0,-94.75,117.75,390.06,False,1,3.349656060494e-13,3.349656060494e-13,1.0,inf,inf,D,3.349654391578279e-13,0.8369951003443974,-0.7727708430019237,87734777.84806904,87.73477784806904
40.0,V2V,vehicle_1,flow_west_east.0,-79.14,102.14,363.8,True,1,1.2176958328560001e-11,1.2176958328560001e-11,1.0,inf,inf,D,1.2189895989248673e-11,30.459510218012674,14.837229156998077,497542430.50069934,497.54243050069937
40.0,V2V,vehicle_1,flow_west_east.1,-87.41,110.41,942.67,True,1,1.813626732001e-12,1.813626732001e-12,1.0,inf,inf,D,1.8155156627731369e-12,4.536520896484599,6.567229156998077,246897968.34772256,246.89796834772255
40.0,V2V,vehicle_1,vehicle_4,-78.28,101.28,329.36,True,1,1.4856440823560002e-11,1.4856440823560002e-11,1.0,inf,inf,D,1.485935642287006e-11,37.12982614410309,15.697229156998072,525284804.78865564,525.2848047886556
40.0,V2V,vehicle_1,vehicle_5,-75.48,98.48,238.5,True,1,2.8332666036360002e-11,2.8332666036360002e-11,1.0,inf,inf,D,2.831391995799379e-11,70.74942518239327,18.497229156998074,616489536.8629241,616.4895368629241
40.0,V2V,vehicle_4,flow_south_north.0,-73.16,96.16,182.67,True,1,4.82998042179e-11,4.82998042179e-11,1.0,inf,inf,D,4.8305880203977284e-11,120.70434833577531,20.817229156998074,692723690.4337369,692.7236904337369
40.0,V2V,vehicle_4,flow_west_east.0,-61.11,84.11,45.61,True,1,7.746094749782e-10,7.746094749782e-10,1.0,inf,inf,D,7.744617978025191e-10,1935.1869010557696,32.86722915699808,1091900250.8045037,1091.9002508045037
40.0,V2V,vehicle_4,flow_west_east.1,-83.71,106.71,615.19,True,1,4.258381832821e-12,4.258381832821e-12,1.0,inf,inf,D,4.255984131337444e-12,10.634643006840188,10.267229156998086,354035503.91791636,354.03550391791634
40.0,V2V,vehicle_4,vehicle_1,-78.28,101.28,329.36,True,1,1.4856440823560002e-11,1.4856440823560002e-11,1.0,inf,inf,D,1.485935642287006e-11,37.12982614410309,15.697229156998072,525284804.78865564,525.2848047886556
40.0,V2V,vehicle_4,vehicle_5,-83.0,106.0,567.35,True,1,5.006887150124e-12,5.006887150124e-12,1.0,inf,inf,D,5.011872336272715e-12,12.523419131116228,10.977229156998067,375738804.97527814,375.73880497527813
40.0,V2V,vehicle_5,flow_south_north.0,-98.56,121.56,604.55,False,1,1.394421611365e-13,1.394421611365e-13,1.0,inf,inf,D,1.3931568029453035e-13,0.34811514316474346,-4.582770843001925,43094372.30617015,43.09437230617015
40.0,V2V,vehicle_5,flow_west_east.0,-83.52,106.52,602.3,True,1,4.442612998191e-12,4.442612998191e-12,1.0,inf,inf,D,4.446312674691083e-12,11.110226573440986,10.45722915699807,359815395.1936275,359.81539519362747
40.0,V2V,vehicle_5,flow_west_east.1,-89.37,112.37,1181.17,True,1,1.155159208555e-12,1.155159208555e-12,1.0,inf,inf,D,1.1561122421920957e-12,2.8888361873865454,4.607229156998061,195933846.42340416,195.93384642340416
40.0,V2V,vehicle_5,vehicle_1,-75.48,98.48,238.5,True,1,2.8332666036360002e-11,2.8332666036360002e-11,1.0,inf,inf,D,2.831391995799379e-11,70.74942518239327,18.497229156998074,616489536.8629241,616.4895368629241
40.0,V2V,vehicle_5,vehicle_4,-83.0,106.0,567.35,True,1,5.006887150124e-12,5.006887150124e-12,1.0,inf,inf,D,5.011872336272715e-12,12.523419131116228,10.977229156998067,375738804.97527814,375.73880497527813
41.0,V2I,BS_1,flow_south_north.0,-73.47,103.47,423.69,True,1,4.499581796271e-11,4.499581796271e-11,1.0,inf,inf,D,4.497798548932884e-11,112.38876933865276,20.50722915699808,682513394.4501123,682.5133944501123
41.0,V2I,BS_1,flow_west_east.0,-91.21,121.21,580.93,False,1,7.568498368446999e-13,7.568498368446999e-13,1.0,inf,inf,D,7.568328950209767e-13,1.8911366692178326,2.767229156998087,153163680.92101192,153.16368092101192
41.0,V2I,BS_1,flow_west_east.1,-96.34,126.34,1048.76,False,1,2.322256707039e-13,2.322256707039e-13,1.0,inf,inf,D,2.322736796357105e-13,0.5803940020882321,-2.36277084300193,66028427.612198,66.028427612198
41.0,V2I,BS_1,vehicle_1,-73.19,103.19,410.27,True,1,4.798614492863e-11,4.798614492863e-11,1.0,inf,inf,D,4.797334486366892e-11,119.87342544644906,20.787229156998073,691735328.6381537,691.7353286381536
41.0,V2I,BS_1,vehicle_4,-90.44,120.44,531.43,False,1,9.044337256099999e-13,9.044337256099999e-13,1.0,inf,inf,D,9.036494737223005e-13,2.25799468696227,3.5372291569980687,170398425.11625606,170.39842511625605
41.0,V2I,BS_1,vehicle_5,-74.33,104.33,468.05,True,1,3.687094943779e-11,3.687094943779e-11,1.0,inf,inf,D,3.689775985701505e-11,92.19830049229147,19.647229156998076,654223174.1894618,654.2231741894618
41.0,V2V,flow_south_north.0,flow_west_east.0,-76.38,99.38,264.64,True,1,2.3011910324190003e-11,2.3011910324190003e-11,1.0,inf,inf,D,2.301441817408509e-11,57.50729178931806,17.597229156998075,587054453.4501622,587.0544534501622
41.0,V2V,flow_south_north.0,flow_west_east.1,-98.9,121.9,628.79,False,1,1.2890185469789999e-13,1.2890185469789999e-13,1.0,inf,inf,D,1.2882495516931323e-13,0.3219014372046807,-4.922770843001932,40261461.15225648,40.26146115225648
41.0,V2V,flow_south_north.0,vehicle_1,-96.23,119.23,462.43,False,1,2.383225680098e-13,2.383225680098e-13,1.0,inf,inf,D,2.382319469358684e-13,0.5952822262265577,-2.2527708430019375,67381167.81336047,67.38116781336046
41.0,V2V,flow_south_north.0,vehicle_4,-74.34,97.34,209.27,True,1,3.6801379285780006e-11,3.6801379285780006e-11,1.0,inf,inf,D,3.681289736425313e-11,91.98625028549007,19.637229156998075,653894549.8081474,653.8945498081474
41.0,V2V,flow_south_north.0,vehicle_5,-99.5,122.5,674.3,False,1,1.1208624257919999e-13,1.1208624257919999e-13,1.0,inf,inf,D,1.1220184543019652e-13,0.2803644313598114,-5.522770843001919,35655450.43535449,35.655450435354496
41.0,V2V,flow_west_east.0,flow_south_north.0,-76.38,99.38,264.64,True,1,2.3011910324190003e-11,2.3011910324190003e-11,1.0,inf,inf,D,2.301441817408509e-11,57.50729178931806,17.597229156998075,587054453.4501622,587.0544534501622
41.0,V2V,flow_west_east.0,flow_west_east.1,-82.79,105.79,553.73,True,1,5.256090977861e-12,5.256090977861e-12,1.0,inf,inf,D,5.260172663907063e-12,13.143859729902704,11.187229156998075,382210396.7038647,382.2103967038647
41.0,V2V,flow_west_east.0,vehicle_1,-79.89,102.89,396.5,True,1,1.025127362942e-11,1.025127362942e-11,1.0,inf,inf,D,1.0256519262514079e-11,25.62848391432803,14.087229156998074,473489838.6314426,473.4898386314426
41.0,V2V,flow_west_east.0,vehicle_4,-63.1,86.1,57.38,True,1,4.895129900171e-10,4.895129900171e-10,1.0,inf,inf,D,4.897788193684457e-10,1223.8351308556862,30.87722915699807,1025837185.2743405,1025.8371852743405
41.0,V2V,flow_west_east.0,vehicle_5,-84.01,107.01,637.33,True,1,3.967627966789e-12,3.967627966789e-12,1.0,inf,inf,D,3.971915494694405e-12,9.924826323574223,9.967229156998075,344953843.9683275,344.95384396832753
41.0,V2V,flow_west_east.1,flow_south_north.0,-98.9,121.9,628.79,False,1,1.2890185469789999e-13,1.2890185469789999e-13,1.0,inf,inf,D,1.2882495516931323e-13,0.3219014372046807,-4.922770843001932,40261461.15225648,40.26146115225648
41.0,V2V,flow_west_east.1,flow_west_east.0,-82.79,105.79,553.73,True,1,5.256090977861e-12,5.256090977861e-12,1.0,inf,inf,D,5.260172663907063e-12,13.143859729902704,11.187229156998075,382210396.7038647,382.2103967038647
41.0,V2V,flow_west_east.1,vehicle_1,-87.48,110.48,950.23,True,1,1.784858070242e-12,1.784858070242e-12,1.0,inf,inf,D,1.7864875748520462e-12,4.463986943658286,6.4972291569980625,244995403.62740597,244.99540362740598
41.0,V2V,flow_west_east.1,vehicle_4,-98.09,121.09,573.26,False,1,1.5508085892459998e-13,1.5508085892459998e-13,1.0,inf,inf,D,1.5523870099580783e-13,0.38790280108897507,-4.112770843001937,47290653.52813729,47.29065352813729
41.0,V2V,flow_west_east.1,vehicle_5,-89.45,112.45,1191.07,True,1,1.136035932164e-12,1.136035932164e-12,1.0,inf,inf,D,1.1350108156723145e-12,2.8361089846884417,4.527229156998072,193964370.82173663,193.96437082173662
41.0,V2V,vehicle_1,flow_south_north.0,-96.23,119.23,462.43,False,1,2.383225680098e-13,2.383225680098e-13,1.0,inf,inf,D,2.382319469358684e-13,0.5952822262265577,-2.2527708430019375,67381167.81336047,67.38116781336046
41.0,V2V,vehicle_1,flow_west_east.0,-79.89,102.89,396.5,True,1,1.025127362942e-11,1.025127362942e-11,1.0,inf,inf,D,1.0256519262514079e-11,25.62848391432803,14.087229156998074,473489838.6314426,473.4898386314426
41.0,V2V,vehicle_1,flow_west_east.1,-87.48,110.48,950.23,True,1,1.784858070242e-12,1.784858070242e-12,1.0,inf,inf,D,1.7864875748520462e-12,4.463986943658286,6.4972291569980625,244995403.62740597,244.99540362740598
41.0,V2V,vehicle_1,vehicle_4,-94.6,117.6,383.54,False,1,3.4645202908429996e-13,3.4645202908429996e-13,1.0,inf,inf,D,3.4673685045253236e-13,0.8664089216704955,-0.6227708430019175,90026510.87158349,90.0265108715835
41.0,V2V,vehicle_1,vehicle_5,-75.56,98.56,240.83,True,1,2.778631890676e-11,2.778631890676e-11,1.0,inf,inf,D,2.7797132677592882e-11,69.45810264266086,18.417229156998072,613869372.0090947,613.8693720090947
41.0,V2V,vehicle_4,flow_south_north.0,-74.34,97.34,209.27,True,1,3.6801379285780006e-11,3.6801379285780006e-11,1.0,inf,inf,D,3.681289736425313e-11,91.98625028549007,19.637229156998075,653894549.8081474,653.8945498081474
41.0,V2V,vehicle_4,flow_west_east.0,-63.1,86.1,57.38,True,1,4.895129900171e-10,4.895129900171e-10,1.0,inf,inf,D,4.897788193684457e-10,1223.8351308556862,30.87722915699807,1025837185.2743405,1025.8371852743405
41.0,V2V,vehicle_4,flow_west_east.1,-98.09,121.09,573.26,False,1,1.5508085892459998e-13,1.5508085892459998e-13,1.0,inf,inf,D,1.5523870099580783e-13,0.38790280108897507,-4.112770843001937,47290653.52813729,47.29065352813729
41.0,V2V,vehicle_4,vehicle_1,-94.6,117.6,383.54,False,1,3.4645202908429996e-13,3.4645202908429996e-13,1.0,inf,inf,D,3.4673685045253236e-13,0.8664089216704955,-0.6227708430019175,90026510.87158349,90.0265108715835
41.0,V2V,vehicle_4,vehicle_5,-98.82,121.82,622.85,False,1,1.3136961543139998e-13,1.3136961543139998e-13,1.0,inf,inf,D,1.3121998990192042e-13,0.32788603173893155,-4.842770843001923,40913133.00427091,40.91313300427091
41.0,V2V,vehicle_5,flow_south_north.0,-99.5,122.5,674.3,False,1,1.1208624257919999e-13,1.1208624257919999e-13,1.0,inf,inf,D,1.1220184543019652e-13,0.2803644313598114,-5.522770843001919,35655450.43535449,35.655450435354496
41.0,V2V,vehicle_5,flow_west_east.0,-84.01,107.01,637.33,True,1,3.967627966789e-12,3.967627966789e-12,1.0,inf,inf,D,3.971915494694405e-12,9.924826323574223,9.967229156998075,344953843.9683275,344.95384396832753
41.0,V2V,vehicle_5,flow_west_east.1,-89.45,112.45,1191.07,True,1,1.136035932164e-12,1.136035932164e-12,1.0,inf,inf,D,1.1350108156723145e-12,2.8361089846884417,4.527229156998072,193964370.82173663,193.96437082173662
41.0,V2V,vehicle_5,vehicle_1,-75.56,98.56,240.83,True,1,2.778631890676e-11,2.778631890676e-11,1.0,inf,inf,D,2.7797132677592882e-11,69.45810264266086,18.417229156998072,613869372.0090947,613.8693720090947
41.0,V2V,vehicle_5,vehicle_4,-98.82,121.82,622.85,False,1,1.3136961543139998e-13,1.3136961543139998e-13,1.0,inf,inf,D,1.3121998990192042e-13,0.32788603173893155,-4.842770843001923,40913133.00427091,40.91313300427091
42.0,V2I,BS_1,flow_south_north.0,-73.16,103.16,408.76,True,1,4.8343265763190007e-11,4.8343265763190007e-11,1.0,inf,inf,D,4.8305880203977284e-11,120.70434833577531,20.817229156998074,692723690.4337369,692.7236904337369
42.0,V2I,BS_1,flow_west_east.0,-90.93,120.93,562.56,False,1,8.070903482689999e-13,8.070903482689999e-13,1.0,inf,inf,D,8.072350302488383e-13,2.0170790361040436,3.0472291569980743,159315249.01544294,159.31524901544293
42.0,V2I,BS_1,flow_west_east.1,-95.96,125.96,1003.75,False,1,2.535189290302e-13,2.535189290302e-13,1.0,inf,inf,D,2.5351286304979075e-13,0.6334654249120207,-1.9827708430019269,70793591.79924598,70.79359179924599
42.0,V2I,BS_1,vehicle_1,-73.21,103.21,411.49,True,1,4.7702655089300004e-11,4.7702655089300004e-11,1.0,inf,inf,D,4.7752927365769114e-11,119.32265708587983,20.767229156998077,691076452.1296991,691.0764521296991
42.0,V2I,BS_1,vehicle_4,-90.08,120.08,510.06,False,1,9.818043169945e-13,9.818043169945e-13,1.0,inf,inf,D,9.817479430199864e-13,2.453143285907012,3.8972291569980824,178791019.91141507,178.79101991141508
42.0,V2V,flow_south_north.0,flow_west_east.0,-78.0,101.0,318.77,True,1,1.5859833148380002e-11,1.5859833148380002e-11,1.0,inf,inf,D,1.5848931924611143e-11,39.602528547254224,15.977229156998076,534349766.9809973,534.3497669809973
42.0,V2V,flow_south_north.0,flow_west_east.1,-98.65,121.65,611.17,False,1,1.3644117256429999e-13,1.3644117256429999e-13,1.0,inf,inf,D,1.3645831365889237e-13,0.3409752964989814,-4.6727708430019295,42328266.01009347,42.32826601009347
42.0,V2V,flow_south_north.0,vehicle_1,-97.49,120.49,534.95,False,1,1.7809067565739999e-13,1.7809067565739999e-13,1.0,inf,inf,D,1.7823787674480946e-13,0.44537200585909403,-3.5127708430019142,53144085.738764614,53.144085738764616
42.0,V2V,flow_south_north.0,vehicle_4,-75.18,98.18,230.47,True,1,3.0342262992820004e-11,3.0342262992820004e-11,1.0,inf,inf,D,3.033891184194266e-11,75.80937491739793,18.797229156998064,626321050.3768739,626.3210503768738
42.0,V2V,flow_west_east.0,flow_south_north.0,-78.0,101.0,318.77,True,1,1.5859833148380002e-11,1.5859833148380002e-11,1.0,inf,inf,D,1.5848931924611143e-11,39.602528547254224,15.977229156998076,534349766.9809973,534.3497669809973
42.0,V2V,flow_west_east.0,flow_west_east.1,-82.43,105.43,531.0,True,1,5.715775559906e-12,5.715775559906e-12,1.0,inf,inf,D,5.714786366718666e-12,14.279826003794765,11.54722915699807,393355620.99304175,393.3556209930418
42.0,V2V,flow_west_east.0,vehicle_1,-80.4,103.4,420.23,True,1,9.126057757727e-12,9.126057757727e-12,1.0,inf,inf,D,9.120108393559078e-12,22.78887654562488,13.577229156998065,457221523.54891205,457.22152354891205
42.0,V2V,flow_west_east.0,vehicle_4,-66.88,89.88,88.67,True,1,2.049637695103e-10,2.049637695103e-10,1.0,inf,inf,D,2.0511621788255668e-10,512.5342775676078,27.097229156998075,900431676.7051092,900.4316767051092
42.0,V2V,flow_west_east.1,flow_south_north.0,-98.65,121.65,611.17,False,1,1.3644117256429999e-13,1.3644117256429999e-13,1.0,inf,inf,D,1.3645831365889237e-13,0.3409752964989814,-4.6727708430019295,42328266.01009347,42.32826601009347
42.0,V2V,flow_west_east.1,flow_west_east.0,-82.43,105.43,531.0,True,1,5.715775559906e-12,5.715775559906e-12,1.0,inf,inf,D,5.714786366718666e-12,14.279826003794765,11.54722915699807,393355620.99304175,393.3556209930418
42.0,V2V,flow_west_east.1,vehicle_1,-87.49,110.49,951.23,True,1,1.781107318819e-12,1.781107318819e-12,1.0,inf,inf,D,1.7823787674480945e-12,4.45372005859094,6.487229156998086,244724064.80991954,244.72406480991953
42.0,V2V,flow_west_east.1,vehicle_4,-97.4,120.4,528.93,False,1,1.8216396821129999e-13,1.8216396821129999e-13,1.0,inf,inf,D,1.8197008586099824e-13,0.4546978657196357,-3.4227708430019286,54071954.289933786,54.071954289933785
42.0,V2V,vehicle_1,flow_south_north.0,-97.49,120.49,534.95,False,1,1.7809067565739999e-13,1.7809067565739999e-13,1.0,inf,inf,D,1.7823787674480946e-13,0.44537200585909403,-3.5127708430019142,53144085.738764614,53.144085738764616
42.0,V2V,vehicle_1,flow_west_east.0,-80.4,103.4,420.23,True,1,9.126057757727e-12,9.126057757727e-12,1.0,inf,inf,D,9.120108393559078e-12,22.78887654562488,13.577229156998065,457221523.54891205,457.22152354891205
42.0,V2V,vehicle_1,flow_west_east.1,-87.49,110.49,951.23,True,1,1.781107318819e-12,1.781107318819e-12,1.0,inf,inf,D,1.7823787674480945e-12,4.45372005859094,6.487229156998086,244724064.80991954,244.72406480991953
42.0,V2V,vehicle_1,vehicle_4,-95.77,118.77,438.65,False,1,2.648648126337e-13,2.648648126337e-13,1.0,inf,inf,D,2.648500138606701e-13,0.6617941375828836,-1.7927708430019265,73274167.2671773,73.2741672671773
42.0,V2V,vehicle_4,flow_south_north.0,-75.18,98.18,230.47,True,1,3.0342262992820004e-11,3.0342262992820004e-11,1.0,inf,inf,D,3.033891184194266e-11,75.80937491739793,18.797229156998064,626321050.3768739,626.3210503768738
42.0,V2V,vehicle_4,flow_west_east.0,-66.88,89.88,88.67,True,1,2.049637695103e-10,2.049637695103e-10,1.0,inf,inf,D,2.0511621788255668e-10,512.5342775676078,27.097229156998075,900431676.7051092,900.4316767051092
42.0,V2V,vehicle_4,flow_west_east.1,-97.4,120.4,528.93,False,1,1.8216396821129999e-13,1.8216396821129999e-13,1.0,inf,inf,D,1.8197008586099824e-13,0.4546978657196357,-3.4227708430019286,54071954.289933786,54.071954289933785
42.0,V2V,vehicle_4,vehicle_1,-95.77,118.77,438.65,False,1,2.648648126337e-13,2.648648126337e-13,1.0,inf,inf,D,2.648500138606701e-13,0.6617941375828836,-1.7927708430019265,73274167.2671773,73.2741672671773
43.0,V2I,BS_1,flow_south_north.0,-72.99,102.99,400.87,True,1,5.0263617011970005e-11,5.0263617011970005e-11,1.0,inf,inf,D,5.0234258952238766e-11,125.52288593762809,20.98722915699808,698325455.8428566,698.3254558428566
43.0,V2I,BS_1,flow_west_east.0,-90.58,120.58,540.0,False,1,8.759348580572e-13,8.759348580572e-13,1.0,inf,inf,D,8.749837752274364e-13,2.1863662549411202,3.3972291569980757,167191210.61030585,167.19121061030586
43.0,V2I,BS_1,flow_west_east.1,-95.57,125.57,959.42,False,1,2.7749141175789996e-13,2.7749141175789996e-13,1.0,inf,inf,D,2.7733201046518496e-13,0.6929835343957644,-1.5927708430019125,75956794.19511607,75.95679419511607
43.0,V2I,BS_1,vehicle_1,-73.37,103.37,418.97,True,1,4.601384699967e-11,4.601384699967e-11,1.0,inf,inf,D,4.602565735813553e-11,115.00664007530116,20.607229156998066,685806357.5554646,685.8063575554646
43.0,V2I,BS_1,vehicle_4,-89.65,119.65,485.4,False,1,1.084094531408e-12,1.084094531408e-12,1.0,inf,inf,D,1.0839269140212038e-12,2.708463053526246,4.327229156998075,189082139.58827692,189.08213958827693
43.0,V2V,flow_south_north.0,flow_west_east.0,-94.39,117.39,374.17,False,1,3.6401555568639996e-13,3.6401555568639996e-13,1.0,inf,inf,D,3.639150361272071e-13,0.9093329238560895,-0.412770843001927,93306868.24793796,93.30686824793796
43.0,V2V,flow_south_north.0,flow_west_east.1,-98.51,121.51,601.34,False,1,1.409354594763e-13,1.409354594763e-13,1.0,inf,inf,D,1.409288798421872e-13,0.35214612654219685,-4.532770843001935,43525107.22161816,43.525107221618164
43.0,V2V,flow_south_north.0,vehicle_1,-98.6,121.6,607.81,False,1,1.379521722717e-13,1.379521722717e-13,1.0,inf,inf,D,1.3803842646028865e-13,0.3449236043485473,-4.622770843001922,42752422.57501341,42.752422575013405
43.0,V2V,flow_south_north.0,vehicle_4,-75.61,98.61,242.1,True,1,2.74963236053e-11,2.74963236053e-11,1.0,inf,inf,D,2.7478941531023972e-11,68.66302231640172,18.367229156998075,612232116.0207899,612.2321160207898
43.0,V2V,flow_west_east.0,flow_south_north.0,-94.39,117.39,374.17,False,1,3.6401555568639996e-13,3.6401555568639996e-13,1.0,inf,inf,D,3.639150361272071e-13,0.9093329238560895,-0.412770843001927,93306868.24793796,93.30686824793796
43.0,V2V,flow_west_east.0,flow_west_east.1,-82.18,105.18,515.97,True,1,6.05370032304e-12,6.05370032304e-12,1.0,inf,inf,D,6.053408747539136e-12,15.125958889403137,11.797229156998075,401131304.41895247,401.1313044189525
43.0,V2V,flow_west_east.0,vehicle_1,-80.75,103.75,437.7,True,1,8.412229569217e-12,8.412229569217e-12,1.0,inf,inf,D,8.413951416451965e-12,21.02436635795093,13.22722915699808,446102860.8226383,446.10286082263826
43.0,V2V,flow_west_east.0,vehicle_4,-85.64,108.64,136.59,False,1,2.7316856805920002e-12,2.7316856805920002e-12,1.0,inf,inf,D,2.728977782808041e-12,6.819034939550326,8.337229156998072,296699055.4611581,296.6990554611581
43.0,V2V,flow_west_east.1,flow_south_north.0,-98.51,121.51,601.34,False,1,1.409354594763e-13,1.409354594763e-13,1.0,inf,inf,D,1.409288798421872e-13,0.35214612654219685,-4.532770843001935,43525107.22161816,43.525107221618164
43.0,V2V,flow_west_east.1,flow_west_east.0,-82.18,105.18,515.97,True,1,6.05370032304e-12,6.05370032304e-12,1.0,inf,inf,D,6.053408747539136e-12,15.125958889403137,11.797229156998075,401131304.41895247,401.1313044189525
43.0,V2V,flow_west_east.1,vehicle_1,-87.52,110.52,953.67,True,1,1.772029726607e-12,1.772029726607e-12,1.0,inf,inf,D,1.7701089583174257e-12,4.423060865360883,6.457229156998085,243910736.2435279,243.91073624352788
43.0,V2V,flow_west_east.1,vehicle_4,-96.73,119.73,490.17,False,1,2.1211672722749999e-13,2.1211672722749999e-13,1.0,inf,inf,D,2.1232444620002192e-13,0.5305458425787654,-2.752770843001927,61404625.68025576,61.40462568025576
43.0,V2V,vehicle_1,flow_south_north.0,-98.6,121.6,607.81,False,1,1.379521722717e-13,1.379521722717e-13,1.0,inf,inf,D,1.3803842646028865e-13,0.3449236043485473,-4.622770843001922,42752422.57501341,42.752422575013405
43.0,V2V,vehicle_1,flow_west_east.0,-80.75,103.75,437.7,True,1,8.412229569217e-12,8.412229569217e-12,1.0,inf,inf,D,8.413951416451965e-12,21.02436635795093,13.22722915699808,446102860.8226383,446.10286082263826
43.0,V2V,vehicle_1,flow_west_east.1,-87.52,110.52,953.67,True,1,1.772029726607e-12,1.772029726607e-12,1.0,inf,inf,D,1.7701089583174257e-12,4.423060865360883,6.457229156998085,243910736.2435279,243.91073624352788
43.0,V2V,vehicle_1,vehicle_4,-96.87,119.87,498.08,False,1,2.0543042611369997e-13,2.0543042611369997e-13,1.0,inf,inf,D,2.055890595984136e-13,0.5137157911004837,-2.892770843001938,59809435.64069013,59.80943564069013
43.0,V2V,vehicle_4,flow_south_north.0,-75.61,98.61,242.1,True,1,2.74963236053e-11,2.74963236053e-11,1.0,inf,inf,D,2.7478941531023972e-11,68.66302231640172,18.367229156998075,612232116.0207899,612.2321160207898
43.0,V2V,vehicle_4,flow_west_east.0,-85.64,108.64,136.59,False,1,2.7316856805920002e-12,2.7316856805920002e-12,1.0,inf,inf,D,2.728977782808041e-12,6.819034939550326,8.337229156998072,296699055.4611581,296.6990554611581
43.0,V2V,vehicle_4,flow_west_east.1,-96.73,119.73,490.17,False,1,2.1211672722749999e-13,2.1211672722749999e-13,1.0,inf,inf,D,2.1232444620002192e-13,0.5305458425787654,-2.752770843001927,61404625.68025576,61.40462568025576
43.0,V2V,vehicle_4,vehicle_1,-96.87,119.87,498.08,False,1,2.0543042611369997e-13,2.0543042611369997e-13,1.0,inf,inf,D,2.055890595984136e-13,0.5137157911004837,-2.892770843001938,59809435.64069013,59.80943564069013
44.0,V2I,BS_1,flow_south_north.0,-72.97,102.97,400.04,True,1,5.047353025285001e-11,5.047353025285001e-11,1.0,inf,inf,D,5.046612975635287e-11,126.10227325425502,21.00722915699808,698984602.3290783,698.9846023290784
44.0,V2I,BS_1,flow_west_east.0,-90.15,120.15,513.98,False,1,9.668716762677e-13,9.668716762677e-13,1.0,inf,inf,D,9.66050878989812e-13,2.413920237355852,3.827229156998068,177142935.1712039,177.1429351712039
44.0,V2I,BS_1,flow_west_east.1,-95.17,125.17,916.82,False,1,3.0387805346639997e-13,3.0387805346639997e-13,1.0,inf,inf,D,3.040885025676283e-13,0.7598413357511951,-1.1927708430019213,81544536.38379094,81.54453638379094
44.0,V2I,BS_1,vehicle_1,-73.65,103.65,432.59,True,1,4.316329085308e-11,4.316329085308e-11,1.0,inf,inf,D,4.31519076827765e-11,107.82585627880182,20.327229156998072,676587756.1559817,676.5877561559817
44.0,V2I,BS_1,vehicle_4,-89.17,119.17,459.48,False,1,1.209837273172e-12,1.209837273172e-12,1.0,inf,inf,D,1.2105981335504828e-12,3.024982842454979,4.807229156998075,200898263.33743668,200.89826333743667
44.0,V2V,flow_south_north.0,flow_west_east.0,-95.7,118.7,435.22,False,1,2.690566003408e-13,2.690566003408e-13,1.0,inf,inf,D,2.6915348039269137e-13,0.6725474272680942,-1.7227708430019302,74204712.09500608,74.20471209500607
44.0,V2V,flow_south_north.0,flow_west_east.1,-98.53,121.53,602.64,False,1,1.4032717857899998e-13,1.4032717857899998e-13,1.0,inf,inf,D,1.4028137045619592e-13,0.35052816205946,-4.552770843001923,43352372.414151736,43.35237241415174
44.0,V2V,flow_south_north.0,vehicle_1,-84.61,107.61,682.6,True,1,3.4588558562990002e-12,3.4588558562990002e-12,1.0,inf,inf,D,3.459393778261217e-12,8.644162364470805,9.36722915699807,326965593.96634835,326.96559396634837
44.0,V2V,flow_south_north.0,vehicle_4,-75.84,98.84,248.63,True,1,2.60702685227e-11,2.60702685227e-11,1.0,inf,inf,D,2.6061535499988923e-11,65.12127811091685,18.137229156998067,604704270.6790123,604.7042706790123
44.0,V2V,flow_west_east.0,flow_south_north.0,-95.7,118.7,435.22,False,1,2.690566003408e-13,2.690566003408e-13,1.0,inf,inf,D,2.6915348039269137e-13,0.6725474272680942,-1.7227708430019302,74204712.09500608,74.20471209500607
44.0,V2V,flow_west_east.0,flow_west_east.1,-82.08,105.08,510.07,True,1,6.194557997583e-12,6.194557997583e-12,1.0,inf,inf,D,6.194410750767812e-12,15.478287733053001,11.897229156998073,404249443.4048504,404.2494434048504
44.0,V2V,flow_west_east.0,vehicle_1,-80.95,103.95,447.93,True,1,8.032254216489e-12,8.032254216489e-12,1.0,inf,inf,D,8.03526122185616e-12,20.078113997641577,13.027229156998066,439767387.98902,439.76738798902
44.0,V2V,flow_west_east.0,vehicle_4,-88.83,111.83,197.37,False,1,1.308344898736e-12,1.308344898736e-12,1.0,inf,inf,D,1.3091819229994098e-12,3.2713191479245616,5.147229156998082,209468169.84778622,209.4681698477862
44.0,V2V,flow_west_east.1,flow_south_north.0,-98.53,121.53,602.64,False,1,1.4032717857899998e-13,1.4032717857899998e-13,1.0,inf,inf,D,1.4028137045619592e-13,0.35052816205946,-4.552770843001923,43352372.414151736,43.35237241415174
44.0,V2V,flow_west_east.1,flow_west_east.0,-82.08,105.08,510.07,True,1,6.194557997583e-12,6.194557997583e-12,1.0,inf,inf,D,6.194410750767812e-12,15.478287733053001,11.897229156998073,404249443.4048504,404.2494434048504
44.0,V2V,flow_west_east.1,vehicle_1,-87.55,110.55,958.0,True,1,1.756035094694e-12,1.756035094694e-12,1.0,inf,inf,D,1.7579236139586966e-12,4.392612728532475,6.4272291569980835,243098443.01608607,243.09844301608607
44.0,V2V,flow_west_east.1,vehicle_4,-96.21,119.21,461.21,False,1,2.395876614494e-13,2.395876614494e-13,1.0,inf,inf,D,2.393315756405395e-13,0.598029924139279,-2.232770843001913,67629442.39124054,67.62944239124053
44.0,V2V,vehicle_1,flow_south_north.0,-84.61,107.61,682.6,True,1,3.4588558562990002e-12,3.4588558562990002e-12,1.0,inf,inf,D,3.459393778261217e-12,8.644162364470805,9.36722915699807,326965593.96634835,326.96559396634837
44.0,V2V,vehicle_1,flow_west_east.0,-80.95,103.95,447.93,True,1,8.032254216489e-12,8.032254216489e-12,1.0,inf,inf,D,8.03526122185616e-12,20.078113997641577,13.027229156998066,439767387.98902,439.76738798902
44.0,V2V,vehicle_1,flow_west_east.1,-87.55,110.55,958.0,True,1,1.756035094694e-12,1.756035094694e-12,1.0,inf,inf,D,1.7579236139586966e-12,4.392612728532475,6.4272291569980835,243098443.01608607,243.09844301608607
44.0,V2V,vehicle_1,vehicle_4,-97.92,120.92,561.67,False,1,1.6154597143359999e-13,1.6154597143359999e-13,1.0,inf,inf,D,1.6143585568264869e-13,0.4033879452340047,-3.9427708430019246,48891387.51728348,48.891387517283476
44.0,V2V,vehicle_4,flow_south_north.0,-75.84,98.84,248.63,True,1,2.60702685227e-11,2.60702685227e-11,1.0,inf,inf,D,2.6061535499988923e-11,65.12127811091685,18.137229156998067,604704270.6790123,604.7042706790123
44.0,V2V,vehicle_4,flow_west_east.0,-88.83,111.83,197.37,False,1,1.308344898736e-12,1.308344898736e-12,1.0,inf,inf,D,1.3091819229994098e-12,3.2713191479245616,5.147229156998082,209468169.84778622,209.4681698477862
44.0,V2V,vehicle_4,flow_west_east.1,-96.21,119.21,461.21,False,1,2.395876614494e-13,2.395876614494e-13,1.0,inf,inf,D,2.393315756405395e-13,0.598029924139279,-2.232770843001913,67629442.39124054,67.62944239124053
44.0,V2V,vehicle_4,vehicle_1,-97.92,120.92,561.67,False,1,1.6154597143359999e-13,1.6154597143359999e-13,1.0,inf,inf,D,1.6143585568264869e-13,0.4033879452340047,-3.9427708430019246,48891387.51728348,48.891387517283476
45.0,V2I,BS_1,flow_south_north.0,-73.11,103.11,406.75,True,1,4.8822224420130006e-11,4.8822224420130006e-11,1.0,inf,inf,D,4.886523593428336e-11,122.10203881630024,20.867229156998075,694371084.5714138,694.3710845714138
45.0,V2I,BS_1,flow_south_north.1,-96.64,126.64,1085.5,False,1,2.1677119631459998e-13,2.1677119631459998e-13,1.0,inf,inf,D,2.167704104819696e-13,0.5416551986056212,-2.6627708430019235,62448013.30312515,62.44801330312515
45.0,V2I,BS_1,flow_west_east.0,-89.69,119.69,487.93,False,1,1.072874703628e-12,1.072874703628e-12,1.0,inf,inf,D,1.0739894123412462e-12,2.683631714995617,4.2872291569980785,188112882.97492588,188.11288297492587
45.0,V2I,BS_1,flow_west_east.1,-94.76,124.76,874.62,False,1,3.3390821561979995e-13,3.3390821561979995e-13,1.0,inf,inf,D,3.341950400261136e-13,0.8350700650327675,-0.7827708430019352,87583514.78344652,87.58351478344652
45.0,V2I,BS_1,vehicle_1,-74.03,104.03,451.76,True,1,3.9578132348090004e-11,3.9578132348090004e-11,1.0,inf,inf,D,3.953666200681275e-11,98.79225888758806,19.947229156998066,664085600.1655885,664.0856001655885
45.0,V2I,BS_1,vehicle_4,-73.7,103.7,435.0,True,1,4.2685148635200006e-11,4.2685148635200006e-11,1.0,inf,inf,D,4.2657951880159254e-11,106.5915839084439,20.277229156998075,674942142.0750834,674.9421420750833
45.0,V2V,flow_south_north.0,flow_south_north.1,-88.64,111.64,1086.0,True,1,1.3664840245740001e-12,1.3664840245740001e-12,1.0,inf,inf,D,1.3677288255958467e-12,3.417613257360936,5.337229156998066,214326712.26067513,214.32671226067512
45.0,V2V,flow_south_north.0,flow_west_east.0,-96.89,119.89,499.26,False,1,2.0446261489329997e-13,2.0446261489329997e-13,1.0,inf,inf,D,2.0464446367246738e-13,0.5113554814404482,-2.912770843001927,59584303.243749745,59.584303243749744
45.0,V2V,flow_south_north.0,flow_west_east.1,-98.67,121.67,612.48,False,1,1.3585624981419998e-13,1.3585624981419998e-13,1.0,inf,inf,D,1.3583134465871514e-13,0.33940865731812875,-4.692770843001935,42159619.81063875,42.159619810638745
45.0,V2V,flow_south_north.0,vehicle_1,-85.52,108.52,757.5,True,1,2.80864795553e-12,2.80864795553e-12,1.0,inf,inf,D,2.8054336379517163e-12,7.010079055351614,8.457229156998077,300181648.136069,300.181648136069
45.0,V2V,flow_south_north.0,vehicle_4,-75.85,98.85,248.9,True,1,2.6014436080370003e-11,2.6014436080370003e-11,1.0,inf,inf,D,2.6001595631652775e-11,64.9715033274682,18.127229156998084,604377107.5629377,604.3771075629377
45.0,V2V,flow_south_north.1,flow_south_north.0,-88.64,111.64,1086.0,True,1,1.3664840245740001e-12,1.3664840245740001e-12,1.0,inf,inf,D,1.3677288255958467e-12,3.417613257360936,5.337229156998066,214326712.26067513,214.32671226067512
45.0,V2V,flow_south_north.1,flow_west_east.0,-98.75,121.75,617.86,False,1,1.335009588275e-13,1.335009588275e-13,1.0,inf,inf,D,1.333521432163324e-13,0.3332137511652483,-4.772770843001926,41490810.30255443,41.49081030255443
45.0,V2V,flow_south_north.1,flow_west_east.1,-99.98,122.98,712.48,False,1,1.0039722559119999e-13,1.0039722559119999e-13,1.0,inf,inf,D,1.0046157902783926e-13,0.2510284333529217,-6.002770843001937,32311457.94246714,32.311457942467136
45.0,V2V,flow_south_north.1,vehicle_1,-86.42,109.42,840.42,True,1,2.281785186744e-12,2.281785186744e-12,1.0,inf,inf,D,2.280342072000421e-12,5.698006176912595,7.557229156998079,274373170.6501042,274.3731706501042
45.0,V2V,flow_south_north.1,vehicle_4,-86.38,109.38,837.1,True,1,2.29990303008e-12,2.29990303008e-12,1.0,inf,inf,D,2.301441817408509e-12,5.750729178931806,7.5972291569980746,275504334.30541223,275.5043343054122
45.0,V2V,flow_west_east.0,flow_south_north.0,-96.89,119.89,499.26,False,1,2.0446261489329997e-13,2.0446261489329997e-13,1.0,inf,inf,D,2.0464446367246738e-13,0.5113554814404482,-2.912770843001927,59584303.243749745,59.584303243749744
45.0,V2V,flow_west_east.0,flow_south_north.1,-98.75,121.75,617.86,False,1,1.335009588275e-13,1.335009588275e-13,1.0,inf,inf,D,1.333521432163324e-13,0.3332137511652483,-4.772770843001926,41490810.30255443,41.49081030255443
45.0,V2V,flow_west_east.0,flow_west_east.1,-82.05,105.05,508.03,True,1,6.24424295529e-12,6.24424295529e-12,1.0,inf,inf,D,6.237348354824191e-12,15.585578098011469,11.927229156998072,405185739.36939764,405.18573936939765
45.0,V2V,flow_west_east.0,vehicle_1,-81.07,104.07,454.23,True,1,7.810992249463e-12,7.810992249463e-12,1.0,inf,inf,D,7.816278045883308e-12,19.530929649883326,12.90722915699808,435972704.97041094,435.9727049704109
45.0,V2V,flow_west_east.0,vehicle_4,-91.46,114.46,266.96,False,1,7.150816873094999e-13,7.150816873094999e-13,1.0,inf,inf,D,7.14496326075515e-13,1.7853481411182281,2.517229156998084,147785766.15238774,147.78576615238774
45.0,V2V,flow_west_east.1,flow_south_north.0,-98.67,121.67,612.48,False,1,1.3585624981419998e-13,1.3585624981419998e-13,1.0,inf,inf,D,1.3583134465871514e-13,0.33940865731812875,-4.692770843001935,42159619.81063875,42.159619810638745
45.0,V2V,flow_west_east.1,flow_south_north.1,-99.98,122.98,712.48,False,1,1.0039722559119999e-13,1.0039722559119999e-13,1.0,inf,inf,D,1.0046157902783926e-13,0.2510284333529217,-6.002770843001937,32311457.94246714,32.311457942467136
45.0,V2V,flow_west_east.1,flow_west_east.0,-82.05,105.05,508.03,True,1,6.24424295529e-12,6.24424295529e-12,1.0,inf,inf,D,6.237348354824191e-12,15.585578098011469,11.927229156998072,405185739.36939764,405.18573936939765
45.0,V2V,flow_west_east.1,vehicle_1,-87.59,110.59,962.27,True,1,1.7404971859870001e-12,1.7404971859870001e-12,1.0,inf,inf,D,1.7418068733916128e-12,4.352341012972545,6.38722915699807,242017003.7139946,242.0170037139946
45.0,V2V,flow_west_east.1,vehicle_4,-95.88,118.88,444.01,False,1,2.5851193663579996e-13,2.5851193663579996e-13,1.0,inf,inf,D,2.5822601906346013e-13,0.6452424264454275,-1.902770843001918,71830018.07153457,71.83001807153457
45.0,V2V,vehicle_1,flow_south_north.0,-85.52,108.52,757.5,True,1,2.80864795553e-12,2.80864795553e-12,1.0,inf,inf,D,2.8054336379517163e-12,7.010079055351614,8.457229156998077,300181648.136069,300.181648136069
45.0,V2V,vehicle_1,flow_south_north.1,-86.42,109.42,840.42,True,1,2.281785186744e-12,2.281785186744e-12,1.0,inf,inf,D,2.280342072000421e-12,5.698006176912595,7.557229156998079,274373170.6501042,274.3731706501042
45.0,V2V,vehicle_1,flow_west_east.0,-81.07,104.07,454.23,True,1,7.810992249463e-12,7.810992249463e-12,1.0,inf,inf,D,7.816278045883308e-12,19.530929649883326,12.90722915699808,435972704.97041094,435.9727049704109
45.0,V2V,vehicle_1,flow_west_east.1,-87.59,110.59,962.27,True,1,1.7404971859870001e-12,1.7404971859870001e-12,1.0,inf,inf,D,1.7418068733916128e-12,4.352341012972545,6.38722915699807,242017003.7139946,242.0170037139946
45.0,V2V,vehicle_1,vehicle_4,-98.9,121.9,629.14,False,1,1.287556994992e-13,1.287556994992e-13,1.0,inf,inf,D,1.2882495516931323e-13,0.3219014372046807,-4.922770843001932,40261461.15225648,40.26146115225648
45.0,V2V,vehicle_4,flow_south_north.0,-75.85,98.85,248.9,True,1,2.6014436080370003e-11,2.6014436080370003e-11,1.0,inf,inf,D,2.6001595631652775e-11,64.9715033274682,18.127229156998084,604377107.5629377,604.3771075629377
45.0,V2V,vehicle_4,flow_south_north.1,-86.38,109.38,837.1,True,1,2.29990303008e-12,2.29990303008e-12,1.0,inf,inf,D,2.301441817408509e-12,5.750729178931806,7.5972291569980746,275504334.30541223,275.5043343054122
45.0,V2V,vehicle_4,flow_west_east.0,-91.46,114.46,266.96,False,1,7.150816873094999e-13,7.150816873094999e-13,1.0,inf,inf,D,7.14496326075515e-13,1.7853481411182281,2.517229156998084,147785766.15238774,147.78576615238774
45.0,V2V,vehicle_4,flow_west_east.1,-95.88,118.88,444.01,False,1,2.5851193663579996e-13,2.5851193663579996e-13,1.0,inf,inf,D,2.5822601906346013e-13,0.6452424264454275,-1.902770843001918,71830018.07153457,71.83001807153457
45.0,V2V,vehicle_4,vehicle_1,-98.9,121.9,629.14,False,1,1.287556994992e-13,1.287556994992e-13,1.0,inf,inf,D,1.2882495516931323e-13,0.3219014372046807,-4.922770843001932,40261461.15225648,40.26146115225648
46.0,V2I,BS_1,flow_south_north.0,-73.4,103.4,420.34,True,1,4.571640878126e-11,4.571640878126e-11,1.0,inf,inf,D,4.570881896148743e-11,114.21493993375168,20.577229156998065,684818399.3107334,684.8183993107334
46.0,V2I,BS_1,flow_south_north.1,-96.28,126.28,1041.27,False,1,2.3558039097779997e-13,2.3558039097779997e-13,1.0,inf,inf,D,2.355049283896009e-13,0.5884680869305369,-2.3027708430019276,66763610.59220118,66.76361059220118
46.0,V2I,BS_1,flow_west_east.0,-89.29,119.29,465.58,False,1,1.178366971488e-12,1.178366971488e-12,1.0,inf,inf,D,1.1776059735208068e-12,2.942543661971031,4.687229156998071,197912673.2329744,197.9126732329744
46.0,V2I,BS_1,flow_west_east.1,-94.34,124.34,832.73,False,1,3.683492146318e-13,3.683492146318e-13,1.0,inf,inf,D,3.681289736425305e-13,0.9198625028548987,-0.3627708430019376,94100299.13878216,94.10029913878216
46.0,V2I,BS_1,vehicle_1,-74.46,104.46,474.79,True,1,3.583107184648e-11,3.583107184648e-11,1.0,inf,inf,D,3.5809643710263626e-11,89.47936959086363,19.517229156998077,649951697.2366034,649.9516972366034
46.0,V2I,BS_1,vehicle_4,-73.32,103.32,416.3,True,1,4.660634788502e-11,4.660634788502e-11,1.0,inf,inf,D,4.6558609352296007e-11,116.33835420363819,20.657229156998085,687453085.1692097,687.4530851692098
46.0,V2V,flow_south_north.0,flow_south_north.1,-88.7,111.7,1092.43,True,1,1.350436982169e-12,1.350436982169e-12,1.0,inf,inf,D,1.3489628825916506e-12,3.3707218455563477,5.277229156998064,212787156.7369663,212.78715673696632
46.0,V2V,flow_south_north.0,flow_west_east.0,-97.95,120.95,563.71,False,1,1.603784407233e-13,1.603784407233e-13,1.0,inf,inf,D,1.6032453906900416e-13,0.4006110421514346,-3.9727708430019266,48605636.65688723,48.605636656887235
46.0,V2V,flow_south_north.0,flow_west_east.1,-98.91,121.91,629.65,False,1,1.285469751259e-13,1.285469751259e-13,1.0,inf,inf,D,1.2852866599436153e-13,0.32116108444368197,-4.932770843001927,40180637.99533239,40.18063799533239
46.0,V2V,flow_south_north.0,vehicle_1,-86.31,109.31,830.4,True,1,2.337188388581e-12,2.337188388581e-12,1.0,inf,inf,D,2.3388372386593536e-12,5.844171011142812,7.667229156998071,277487580.80221486,277.48758080221484
46.0,V2V,flow_south_north.0,vehicle_4,-75.82,98.82,248.07,True,1,2.6189510867960003e-11,2.6189510867960003e-11,1.0,inf,inf,D,2.6181830082189916e-11,65.42186427333812,18.157229156998085,605358631.0654136,605.3586310654136
46.0,V2V,flow_south_north.1,flow_south_north.0,-88.7,111.7,1092.43,True,1,1.350436982169e-12,1.350436982169e-12,1.0,inf,inf,D,1.3489628825916506e-12,3.3707218455563477,5.277229156998064,212787156.7369663,212.78715673696632
46.0,V2V,flow_south_north.1,flow_west_east.0,-98.24,121.24,582.87,False,1,1.5001268963619999e-13,1.5001268963619999e-13,1.0,inf,inf,D,1.499684835502374e-13,0.3747338419546161,-4.262770843001925,45915232.98657745,45.91523298657745
46.0,V2V,flow_south_north.1,flow_west_east.1,-99.14,122.14,646.85,False,1,1.218010769539e-13,1.218010769539e-13,1.0,inf,inf,D,1.2189895989248674e-13,0.30459510218012675,-5.1627708430019235,38360211.73578234,38.36021173578234
46.0,V2V,flow_south_north.1,vehicle_1,-86.45,109.45,843.51,True,1,2.265060966957e-12,2.265060966957e-12,1.0,inf,inf,D,2.2646443075930616e-12,5.658781378293506,7.527229156998077,273525817.4239854,273.5258174239854
46.0,V2V,flow_south_north.1,vehicle_4,-86.46,109.46,844.37,True,1,2.260487182832e-12,2.260487182832e-12,1.0,inf,inf,D,2.259435770220983e-12,5.645766542281316,7.517229156998083,273243561.37929946,273.2435613792995
46.0,V2V,flow_west_east.0,flow_south_north.0,-97.95,120.95,563.71,False,1,1.603784407233e-13,1.603784407233e-13,1.0,inf,inf,D,1.6032453906900416e-13,0.4006110421514346,-3.9727708430019266,48605636.65688723,48.605636656887235
46.0,V2V,flow_west_east.0,flow_south_north.1,-98.24,121.24,582.87,False,1,1.5001268963619999e-13,1.5001268963619999e-13,1.0,inf,inf,D,1.499684835502374e-13,0.3747338419546161,-4.262770843001925,45915232.98657745,45.91523298657745
46.0,V2V,flow_west_east.0,flow_west_east.1,-81.98,104.98,504.2,True,1,6.339551388514e-12,6.339551388514e-12,1.0,inf,inf,D,6.338697112569263e-12,15.838823369738286,11.997229156998069,407371942.7000098,407.3719427000098
46.0,V2V,flow_west_east.0,vehicle_1,-81.18,104.18,460.03,True,1,7.61527527919e-12,7.61527527919e-12,1.0,inf,inf,D,7.620790100254115e-12,19.042454023623474,12.797229156998071,432498725.96558607,432.49872596558606
46.0,V2V,flow_west_east.0,vehicle_4,-93.47,116.47,336.6,False,1,4.4981214527249994e-13,4.4981214527249994e-13,1.0,inf,inf,D,4.4977985489328844e-13,1.1238876933865276,0.5072291569980779,108670748.15479115,108.67074815479114
46.0,V2V,flow_west_east.1,flow_south_north.0,-98.91,121.91,629.65,False,1,1.285469751259e-13,1.285469751259e-13,1.0,inf,inf,D,1.2852866599436153e-13,0.32116108444368197,-4.932770843001927,40180637.99533239,40.18063799533239
46.0,V2V,flow_west_east.1,flow_south_north.1,-99.14,122.14,646.85,False,1,1.218010769539e-13,1.218010769539e-13,1.0,inf,inf,D,1.2189895989248674e-13,0.30459510218012675,-5.1627708430019235,38360211.73578234,38.36021173578234
46.0,V2V,flow_west_east.1,flow_west_east.0,-81.98,104.98,504.2,True,1,6.339551388514e-12,6.339551388514e-12,1.0,inf,inf,D,6.338697112569263e-12,15.838823369738286,11.997229156998069,407371942.7000098,407.3719427000098
46.0,V2V,flow_west_east.1,vehicle_1,-87.61,110.61,964.23,True,1,1.733404531338e-12,1.733404531338e-12,1.0,inf,inf,D,1.7338039977541409e-12,4.332343822474114,6.367229156998081,241476980.64933333,241.47698064933334
46.0,V2V,flow_west_east.1,vehicle_4,-95.76,118.76,438.17,False,1,2.654522694599e-13,2.654522694599e-13,1.0,inf,inf,D,2.654605561975536e-13,0.6633197306285695,-1.7827708430019327,73406551.6463654,73.4065516463654
46.0,V2V,vehicle_1,flow_south_north.0,-86.31,109.31,830.4,True,1,2.337188388581e-12,2.337188388581e-12,1.0,inf,inf,D,2.3388372386593536e-12,5.844171011142812,7.667229156998071,277487580.80221486,277.48758080221484
46.0,V2V,vehicle_1,flow_south_north.1,-86.45,109.45,843.51,True,1,2.265060966957e-12,2.265060966957e-12,1.0,inf,inf,D,2.2646443075930616e-12,5.658781378293506,7.527229156998077,273525817.4239854,273.5258174239854
46.0,V2V,vehicle_1,flow_west_east.0,-81.18,104.18,460.03,True,1,7.61527527919e-12,7.61527527919e-12,1.0,inf,inf,D,7.620790100254115e-12,19.042454023623474,12.797229156998071,432498725.96558607,432.49872596558606
46.0,V2V,vehicle_1,flow_west_east.1,-87.61,110.61,964.23,True,1,1.733404531338e-12,1.733404531338e-12,1.0,inf,inf,D,1.7338039977541409e-12,4.332343822474114,6.367229156998081,241476980.64933333,241.47698064933334
46.0,V2V,vehicle_1,vehicle_4,-99.79,122.79,696.48,False,1,1.0506229494319999e-13,1.0506229494319999e-13,1.0,inf,inf,D,1.0495424286523198e-13,0.26225447992311834,-5.812770843001936,33600279.77307864,33.60027977307864
46.0,V2V,vehicle_4,flow_south_north.0,-75.82,98.82,248.07,True,1,2.6189510867960003e-11,2.6189510867960003e-11,1.0,inf,inf,D,2.6181830082189916e-11,65.42186427333812,18.157229156998085,605358631.0654136,605.3586310654136
46.0,V2V,vehicle_4,flow_south_north.1,-86.46,109.46,844.37,True,1,2.260487182832e-12,2.260487182832e-12,1.0,inf,inf,D,2.259435770220983e-12,5.645766542281316,7.517229156998083,273243561.37929946,273.2435613792995
46.0,V2V,vehicle_4,flow_west_east.0,-93.47,116.47,336.6,False,1,4.4981214527249994e-13,4.4981214527249994e-13,1.0,inf,inf,D,4.4977985489328844e-13,1.1238876933865276,0.5072291569980779,108670748.15479115,108.67074815479114
46.0,V2V,vehicle_4,flow_west_east.1,-95.76,118.76,438.17,False,1,2.654522694599e-13,2.654522694599e-13,1.0,inf,inf,D,2.654605561975536e-13,0.6633197306285695,-1.7827708430019327,73406551.6463654,73.4065516463654
46.0,V2V,vehicle_4,vehicle_1,-99.79,122.79,696.48,False,1,1.0506229494319999e-13,1.0506229494319999e-13,1.0,inf,inf,D,1.0495424286523198e-13,0.26225447992311834,-5.812770843001936,33600279.77307864,33.60027977307864
47.0,V2I,BS_1,flow_south_north.0,-73.81,103.81,440.65,True,1,4.15982887898e-11,4.15982887898e-11,1.0,inf,inf,D,4.1591061049402186e-11,103.92568977861615,20.167229156998072,671322413.726748,671.322413726748
47.0,V2I,BS_1,flow_south_north.1,-95.89,125.89,995.61,False,1,2.576807594652e-13,2.576807594652e-13,1.0,inf,inf,D,2.5763211570025727e-13,0.6437584100456203,-1.9127708430019308,71699827.57585955,71.69982757585954
47.0,V2I,BS_1,flow_west_east.0,-73.91,103.91,445.8,True,1,4.0643473697110005e-11,4.0643473697110005e-11,1.0,inf,inf,D,4.0644332916521277e-11,101.5600522651706,20.067229156998074,668032509.2049586,668.0325092049586
47.0,V2I,BS_1,flow_west_east.1,-93.9,123.9,792.1,False,1,4.0710421758709994e-13,4.0710421758709994e-13,1.0,inf,inf,D,4.073802778041122e-13,1.0179417236484563,0.07722915699806829,101288451.13038506,101.28845113038506
47.0,V2I,BS_1,vehicle_4,-73.06,103.06,404.41,True,1,4.9387002682820003e-11,4.9387002682820003e-11,1.0,inf,inf,D,4.943106869868353e-11,123.51591378981391,20.917229156998076,696018632.7879,696.0186327879
47.0,V2V,flow_south_north.0,flow_south_north.1,-88.74,111.74,1098.0,True,1,1.33677873717e-12,1.33677873717e-12,1.0,inf,inf,D,1.3365955165464458e-12,3.3398188819251513,5.237229156998085,211763483.4466797,211.76348344667971
47.0,V2V,flow_south_north.0,flow_west_east.0,-98.93,121.93,630.84,False,1,1.2806547364459998e-13,1.2806547364459998e-13,1.0,inf,inf,D,1.2793813041575227e-13,0.3196854832977318,-4.952770843001933,40019413.734661765,40.01941373466177
47.0,V2V,flow_south_north.0,flow_west_east.1,-99.26,122.26,655.62,False,1,1.185648882503e-13,1.185648882503e-13,1.0,inf,inf,D,1.1857687481671596e-13,0.29629404002177895,-5.282770843001928,37439300.36897828,37.43930036897828
47.0,V2V,flow_south_north.0,vehicle_4,-75.86,98.86,249.17,True,1,2.595878280345e-11,2.595878280345e-11,1.0,inf,inf,D,2.5941793621188123e-11,64.82207301646207,18.11722915699807,604049955.8655514,604.0499558655514
47.0,V2V,flow_south_north.1,flow_south_north.0,-88.74,111.74,1098.0,True,1,1.33677873717e-12,1.33677873717e-12,1.0,inf,inf,D,1.3365955165464458e-12,3.3398188819251513,5.237229156998085,211763483.4466797,211.76348344667971
47.0,V2V,flow_south_north.1,flow_west_east.0,-97.77,120.77,552.19,False,1,1.6714131022789998e-13,1.6714131022789998e-13,1.0,inf,inf,D,1.6710906143107103e-13,0.4175638716418566,-3.79277084300192,50341374.06172206,50.341374061722064
47.0,V2V,flow_south_north.1,flow_west_east.1,-98.2,121.2,580.35,False,1,1.513167049024e-13,1.513167049024e-13,1.0,inf,inf,D,1.5135612484362072e-13,0.3782012115033001,-4.222770843001929,46278653.07465793,46.27865307465793
47.0,V2V,flow_south_north.1,vehicle_4,-86.5,109.5,848.83,True,1,2.236759845714e-12,2.236759845714e-12,1.0,inf,inf,D,2.238721138568338e-12,5.594005843499095,7.47722915699807,272115516.55013895,272.115516550139
47.0,V2V,flow_west_east.0,flow_south_north.0,-98.93,121.93,630.84,False,1,1.2806547364459998e-13,1.2806547364459998e-13,1.0,inf,inf,D,1.2793813041575227e-13,0.3196854832977318,-4.952770843001933,40019413.734661765,40.01941373466177
47.0,V2V,flow_west_east.0,flow_south_north.1,-97.77,120.77,552.19,False,1,1.6714131022789998e-13,1.6714131022789998e-13,1.0,inf,inf,D,1.6710906143107103e-13,0.4175638716418566,-3.79277084300192,50341374.06172206,50.341374061722064
47.0,V2V,flow_west_east.0,flow_west_east.1,-81.95,104.95,502.7,True,1,6.3774408433040004e-12,6.3774408433040004e-12,1.0,inf,inf,D,6.382634861905483e-12,15.948612848339534,12.027229156998072,408309529.6348424,408.3095296348424
47.0,V2V,flow_west_east.0,vehicle_4,-95.11,118.11,406.62,False,1,3.082387385378e-13,3.082387385378e-13,1.0,inf,inf,D,3.0831879502493595e-13,0.770411781671504,-1.1327708430019192,82408495.70776442,82.40849570776442
47.0,V2V,flow_west_east.1,flow_south_north.0,-99.26,122.26,655.62,False,1,1.185648882503e-13,1.185648882503e-13,1.0,inf,inf,D,1.1857687481671596e-13,0.29629404002177895,-5.282770843001928,37439300.36897828,37.43930036897828
47.0,V2V,flow_west_east.1,flow_south_north.1,-98.2,121.2,580.35,False,1,1.513167049024e-13,1.513167049024e-13,1.0,inf,inf,D,1.5135612484362072e-13,0.3782012115033001,-4.222770843001929,46278653.07465793,46.27865307465793
47.0,V2V,flow_west_east.1,flow_west_east.0,-81.95,104.95,502.7,True,1,6.3774408433040004e-12,6.3774408433040004e-12,1.0,inf,inf,D,6.382634861905483e-12,15.948612848339534,12.027229156998072,408309529.6348424,408.3095296348424
47.0,V2V,flow_west_east.1,vehicle_4,-95.88,118.88,444.1,False,1,2.584024150203e-13,2.584024150203e-13,1.0,inf,inf,D,2.5822601906346013e-13,0.6452424264454275,-1.902770843001918,71830018.07153457,71.83001807153457
47.0,V2V,vehicle_4,flow_south_north.0,-75.86,98.86,249.17,True,1,2.595878280345e-11,2.595878280345e-11,1.0,inf,inf,D,2.5941793621188123e-11,64.82207301646207,18.11722915699807,604049955.8655514,604.0499558655514
47.0,V2V,vehicle_4,flow_south_north.1,-86.5,109.5,848.83,True,1,2.236759845714e-12,2.236759845714e-12,1.0,inf,inf,D,2.238721138568338e-12,5.594005843499095,7.47722915699807,272115516.55013895,272.115516550139
47.0,V2V,vehicle_4,flow_west_east.0,-95.11,118.11,406.62,False,1,3.082387385378e-13,3.082387385378e-13,1.0,inf,inf,D,3.0831879502493595e-13,0.770411781671504,-1.1327708430019192,82408495.70776442,82.40849570776442
47.0,V2V,vehicle_4,flow_west_east.1,-95.88,118.88,444.1,False,1,2.584024150203e-13,2.584024150203e-13,1.0,inf,inf,D,2.5822601906346013e-13,0.6452424264454275,-1.902770843001918,71830018.07153457,71.83001807153457
48.0,V2I,BS_1,flow_south_north.0,-74.3,104.3,466.46,True,1,3.712296267695e-11,3.712296267695e-11,1.0,inf,inf,D,3.715352290971728e-11,92.83738858000319,19.677229156998077,655209095.9755259,655.2090959755259
48.0,V2I,BS_1,flow_south_north.1,-95.48,125.48,949.75,False,1,2.8316612761389995e-13,2.8316612761389995e-13,1.0,inf,inf,D,2.831391995799379e-13,0.7074942518239327,-1.5027708430019269,77188072.17779922,77.18807217779923
48.0,V2I,BS_1,flow_west_east.0,-73.6,103.6,430.15,True,1,4.365319349495e-11,4.365319349495e-11,1.0,inf,inf,D,4.3651583224016655e-11,109.07442084961681,20.37722915699808,678233544.3410568,678.2335443410568
48.0,V2I,BS_1,flow_west_east.1,-93.44,123.44,750.91,False,1,4.52990717914e-13,4.52990717914e-13,1.0,inf,inf,D,4.528975799036213e-13,1.1316781107037013,0.5372291569980788,109198960.35981841,109.19896035981841
48.0,V2I,BS_1,vehicle_4,-72.96,102.96,399.55,True,1,5.0596472689630006e-11,5.0596472689630006e-11,1.0,inf,inf,D,5.0582466200311476e-11,126.39296901627054,21.01722915699808,699314184.5349534,699.3141845349534
48.0,V2V,flow_south_north.0,flow_south_north.1,-88.78,111.78,1102.53,True,1,1.325808357019e-12,1.325808357019e-12,1.0,inf,inf,D,1.3243415351946643e-12,3.3091992383674764,5.197229156998072,210741980.38462132,210.74198038462131
48.0,V2V,flow_south_north.0,flow_west_east.0,-99.81,122.81,698.25,False,1,1.0453048801369999e-13,1.0453048801369999e-13,1.0,inf,inf,D,1.0447202192208003e-13,0.26104953004017994,-5.832770843001925,33462494.12807457,33.462494128074574
48.0,V2V,flow_south_north.0,flow_west_east.1,-99.67,122.67,687.41,False,1,1.0785286163999999e-13,1.0785286163999999e-13,1.0,inf,inf,D,1.0789467222298276e-13,0.26960187961764803,-5.692770843001932,34437616.91655783,34.437616916557836
48.0,V2V,flow_south_north.0,vehicle_4,-75.87,98.87,249.6,True,1,2.5868726382830004e-11,2.5868726382830004e-11,1.0,inf,inf,D,2.5882129151530877e-11,64.67298638563437,18.107229156998066,603722815.6123773,603.7228156123773
48.0,V2V,flow_south_north.1,flow_south_north.0,-88.78,111.78,1102.53,True,1,1.325808357019e-12,1.325808357019e-12,1.0,inf,inf,D,1.3243415351946643e-12,3.3091992383674764,5.197229156998072,210741980.38462132,210.74198038462131
48.0,V2V,flow_south_north.1,flow_west_east.0,-97.37,120.37,527.46,False,1,1.8318039530339999e-13,1.8318039530339999e-13,1.0,inf,inf,D,1.832314422371211e-13,0.4578496807524265,-3.3927708430019274,54384197.06846484,54.384197068464836
48.0,V2V,flow_south_north.1,flow_west_east.1,-97.13,120.13,513.03,False,1,1.9363319487609998e-13,1.9363319487609998e-13,1.0,inf,inf,D,1.9364219639466108e-13,0.4838635592070491,-3.1527708430019183,56935844.26966615,56.93584426966615
48.0,V2V,flow_south_north.1,vehicle_4,-86.55,109.55,852.93,True,1,2.215307585691e-12,2.215307585691e-12,1.0,inf,inf,D,2.213094709605641e-12,5.529971788120042,7.42722915699808,270707675.88119465,270.70767588119463
48.0,V2V,flow_west_east.0,flow_south_north.0,-99.81,122.81,698.25,False,1,1.0453048801369999e-13,1.0453048801369999e-13,1.0,inf,inf,D,1.0447202192208003e-13,0.26104953004017994,-5.832770843001925,33462494.12807457,33.462494128074574
48.0,V2V,flow_west_east.0,flow_south_north.1,-97.37,120.37,527.46,False,1,1.8318039530339999e-13,1.8318039530339999e-13,1.0,inf,inf,D,1.832314422371211e-13,0.4578496807524265,-3.3927708430019274,54384197.06846484,54.384197068464836
48.0,V2V,flow_west_east.0,flow_west_east.1,-81.89,104.89,498.97,True,1,6.473231546421e-12,6.473231546421e-12,1.0,inf,inf,D,6.471426157485831e-12,16.170480153637754,12.087229156998072,410185847.8175368,410.1858478175368
48.0,V2V,flow_west_east.0,vehicle_4,-96.49,119.49,476.73,False,1,2.2424520168539997e-13,2.2424520168539997e-13,1.0,inf,inf,D,2.2438819237827707e-13,0.5606901358777537,-2.5127708430019178,64218412.87265485,64.21841287265485
48.0,V2V,flow_west_east.1,flow_south_north.0,-99.67,122.67,687.41,False,1,1.0785286163999999e-13,1.0785286163999999e-13,1.0,inf,inf,D,1.0789467222298276e-13,0.26960187961764803,-5.692770843001932,34437616.91655783,34.437616916557836
48.0,V2V,flow_west_east.1,flow_south_north.1,-97.13,120.13,513.03,False,1,1.9363319487609998e-13,1.9363319487609998e-13,1.0,inf,inf,D,1.9364219639466108e-13,0.4838635592070491,-3.1527708430019183,56935844.26966615,56.93584426966615
48.0,V2V,flow_west_east.1,flow_west_east.0,-81.89,104.89,498.97,True,1,6.473231546421e-12,6.473231546421e-12,1.0,inf,inf,D,6.471426157485831e-12,16.170480153637754,12.087229156998072,410185847.8175368,410.1858478175368
48.0,V2V,flow_west_east.1,vehicle_4,-96.2,119.2,460.71,False,1,2.4011284276979996e-13,2.4011284276979996e-13,1.0,inf,inf,D,2.398832919019485e-13,0.5994085254921252,-2.222770843001936,67753848.31740229,67.75384831740229
48.0,V2V,vehicle_4,flow_south_north.0,-75.87,98.87,249.6,True,1,2.5868726382830004e-11,2.5868726382830004e-11,1.0,inf,inf,D,2.5882129151530877e-11,64.67298638563437,18.107229156998066,603722815.6123773,603.7228156123773
48.0,V2V,vehicle_4,flow_south_north.1,-86.55,109.55,852.93,True,1,2.215307585691e-12,2.215307585691e-12,1.0,inf,inf,D,2.213094709605641e-12,5.529971788120042,7.42722915699808,270707675.88119465,270.70767588119463
48.0,V2V,vehicle_4,flow_west_east.0,-96.49,119.49,476.73,False,1,2.2424520168539997e-13,2.2424520168539997e-13,1.0,inf,inf,D,2.2438819237827707e-13,0.5606901358777537,-2.5127708430019178,64218412.87265485,64.21841287265485
48.0,V2V,vehicle_4,flow_west_east.1,-96.2,119.2,460.71,False,1,2.4011284276979996e-13,2.4011284276979996e-13,1.0,inf,inf,D,2.398832919019485e-13,0.5994085254921252,-2.222770843001936,67753848.31740229,67.75384831740229
49.0,V2I,BS_1,flow_south_north.1,-95.05,125.05,904.1,False,1,3.124876994272e-13,3.124876994272e-13,1.0,inf,inf,D,3.126079367123962e-13,0.7811292771424192,-1.0727708430019167,83279223.32972535,83.27922332972535
49.0,V2I,BS_1,flow_west_east.0,-73.37,103.37,418.99,True,1,4.601083098157e-11,4.601083098157e-11,1.0,inf,inf,D,4.602565735813553e-11,115.00664007530116,20.607229156998066,685806357.5554646,685.8063575554646
49.0,V2I,BS_1,flow_west_east.1,-92.97,122.97,711.61,False,1,5.043994551818999e-13,5.043994551818999e-13,1.0,inf,inf,D,5.046612975635276e-13,1.2610227325425476,1.0072291569980671,117697549.71586733,117.69754971586732
49.0,V2I,BS_1,vehicle_4,-73.01,103.01,401.92,True,1,5.0002890681060007e-11,5.0002890681060007e-11,1.0,inf,inf,D,5.000345349769783e-11,124.9461606639126,20.967229156998073,697666333.3478019,697.6663333478019
49.0,V2V,flow_south_north.1,flow_west_east.0,-97.07,120.07,509.6,False,1,1.9625046072519997e-13,1.9625046072519997e-13,1.0,inf,inf,D,1.9633602768360514e-13,0.49059477182310124,-3.092770843001916,57588810.46095746,57.58881046095746
49.0,V2V,flow_south_north.1,flow_west_east.1,-95.93,118.93,446.74,False,1,2.5536168659349997e-13,2.5536168659349997e-13,1.0,inf,inf,D,2.552701302661247e-13,0.6378563974665784,-1.9527708430019262,71180887.11762355,71.18088711762356
49.0,V2V,flow_south_north.1,vehicle_4,-86.57,109.57,855.47,True,1,2.202206425673e-12,2.202206425673e-12,1.0,inf,inf,D,2.202926463053456e-12,5.5045638756957915,7.407229156998073,270145232.89701515,270.14523289701515
49.0,V2V,flow_west_east.0,flow_south_north.1,-97.07,120.07,509.6,False,1,1.9625046072519997e-13,1.9625046072519997e-13,1.0,inf,inf,D,1.9633602768360514e-13,0.49059477182310124,-3.092770843001916,57588810.46095746,57.58881046095746
49.0,V2V,flow_west_east.0,flow_west_east.1,-81.82,104.82,495.3,True,1,6.569427941229e-12,6.569427941229e-12,1.0,inf,inf,D,6.576578373554225e-12,16.433229319225948,12.157229156998087,412376793.29280275,412.37679329280274
49.0,V2V,flow_west_east.0,vehicle_4,-97.66,120.66,545.28,False,1,1.7140606545959998e-13,1.7140606545959998e-13,1.0,inf,inf,D,1.713957307508425e-13,0.428275189282465,-3.6827708430019266,51427397.3739429,51.427397373942895
49.0,V2V,flow_west_east.1,flow_south_north.1,-95.93,118.93,446.74,False,1,2.5536168659349997e-13,2.5536168659349997e-13,1.0,inf,inf,D,2.552701302661247e-13,0.6378563974665784,-1.9527708430019262,71180887.11762355,71.18088711762356
49.0,V2V,flow_west_east.1,flow_west_east.0,-81.82,104.82,495.3,True,1,6.569427941229e-12,6.569427941229e-12,1.0,inf,inf,D,6.576578373554225e-12,16.433229319225948,12.157229156998087,412376793.29280275,412.37679329280274
49.0,V2V,flow_west_east.1,vehicle_4,-96.68,119.68,487.05,False,1,2.1484196811189998e-13,2.1484196811189998e-13,1.0,inf,inf,D,2.1478304741305288e-13,0.5366892738956843,-2.7027708430019364,61982547.45086924,61.98254745086924
49.0,V2V,vehicle_4,flow_south_north.1,-86.57,109.57,855.47,True,1,2.202206425673e-12,2.202206425673e-12,1.0,inf,inf,D,2.202926463053456e-12,5.5045638756957915,7.407229156998073,270145232.89701515,270.14523289701515
49.0,V2V,vehicle_4,flow_west_east.0,-97.66,120.66,545.28,False,1,1.7140606545959998e-13,1.7140606545959998e-13,1.0,inf,inf,D,1.713957307508425e-13,0.428275189282465,-3.6827708430019266,51427397.3739429,51.427397373942895
49.0,V2V,vehicle_4,flow_west_east.1,-96.68,119.68,487.05,False,1,2.1484196811189998e-13,2.1484196811189998e-13,1.0,inf,inf,D,2.1478304741305288e-13,0.5366892738956843,-2.7027708430019364,61982547.45086924,61.98254745086924
50.0,V2I,BS_1,flow_south_north.1,-94.6,124.6,858.32,False,1,3.4671165636099996e-13,3.4671165636099996e-13,1.0,inf,inf,D,3.4673685045253236e-13,0.8664089216704955,-0.6227708430019175,90026510.87158349,90.0265108715835
50.0,V2I,BS_1,flow_west_east.0,-73.23,103.23,412.07,True,1,4.7568271407720006e-11,4.7568271407720006e-11,1.0,inf,inf,D,4.7533522594280486e-11,118.77441927606317,20.74722915699807,690417600.8383204,690.4176008383204
50.0,V2I,BS_1,flow_west_east.1,-92.49,122.49,673.21,False,1,5.635815685109e-13,5.635815685109e-13,1.0,inf,inf,D,5.63637655825956e-13,1.4083899445925936,1.4872291569980858,126806899.90678385,126.80689990678385
50.0,V2I,BS_1,vehicle_4,-73.21,103.21,411.42,True,1,4.7719118347380003e-11,4.7719118347380003e-11,1.0,inf,inf,D,4.7752927365769114e-11,119.32265708587983,20.767229156998077,691076452.1296991,691.0764521296991
50.0,V2V,flow_south_north.1,flow_west_east.0,-96.91,119.91,500.44,False,1,2.034951375139e-13,2.034951375139e-13,1.0,inf,inf,D,2.0370420777057232e-13,0.5090060164182216,-2.932770843001916,59359855.791193165,59.35985579119316
50.0,V2V,flow_south_north.1,flow_west_east.1,-94.54,117.54,380.76,False,1,3.5152437238709997e-13,3.5152437238709997e-13,1.0,inf,inf,D,3.5156044052829764e-13,0.8784618703855512,-0.5627708430019325,90955183.19956693,90.95518319956693
50.0,V2V,flow_south_north.1,vehicle_4,-86.6,109.6,858.2,True,1,2.1882008826510002e-12,2.1882008826510002e-12,1.0,inf,inf,D,2.1877616239495518e-12,5.466670724511623,7.377229156998072,269302315.1872057,269.3023151872057
50.0,V2V,flow_west_east.0,flow_south_north.1,-96.91,119.91,500.44,False,1,2.034951375139e-13,2.034951375139e-13,1.0,inf,inf,D,2.0370420777057232e-13,0.5090060164182216,-2.932770843001916,59359855.791193165,59.35985579119316
50.0,V2V,flow_west_east.0,flow_west_east.1,-81.78,104.78,492.67,True,1,6.6398436124140005e-12,6.6398436124140005e-12,1.0,inf,inf,D,6.637430704019076e-12,16.585284117988692,12.197229156998064,413629673.90517217,413.6296739051722
50.0,V2V,flow_west_east.0,vehicle_4,-98.71,121.71,615.4,False,1,1.3457070342629999e-13,1.3457070342629999e-13,1.0,inf,inf,D,1.3458603540559524e-13,0.3362969400439661,-4.732770843001913,41824062.63212446,41.82406263212446
50.0,V2V,flow_west_east.1,flow_south_north.1,-94.54,117.54,380.76,False,1,3.5152437238709997e-13,3.5152437238709997e-13,1.0,inf,inf,D,3.5156044052829764e-13,0.8784618703855512,-0.5627708430019325,90955183.19956693,90.95518319956693
50.0,V2V,flow_west_east.1,flow_west_east.0,-81.78,104.78,492.67,True,1,6.6398436124140005e-12,6.6398436124140005e-12,1.0,inf,inf,D,6.637430704019076e-12,16.585284117988692,12.197229156998064,413629673.90517217,413.6296739051722
50.0,V2V,flow_west_east.1,vehicle_4,-97.29,120.29,522.74,False,1,1.865091045486e-13,1.865091045486e-13,1.0,inf,inf,D,1.8663796908346656e-13,0.4663617418377475,-3.3127708430019362,55224105.079609595,55.22410507960959
50.0,V2V,vehicle_4,flow_south_north.1,-86.6,109.6,858.2,True,1,2.1882008826510002e-12,2.1882008826510002e-12,1.0,inf,inf,D,2.1877616239495518e-12,5.466670724511623,7.377229156998072,269302315.1872057,269.3023151872057
50.0,V2V,vehicle_4,flow_west_east.0,-98.71,121.71,615.4,False,1,1.3457070342629999e-13,1.3457070342629999e-13,1.0,inf,inf,D,1.3458603540559524e-13,0.3362969400439661,-4.732770843001913,41824062.63212446,41.82406263212446
50.0,V2V,vehicle_4,flow_west_east.1,-97.29,120.29,522.74,False,1,1.865091045486e-13,1.865091045486e-13,1.0,inf,inf,D,1.8663796908346656e-13,0.4663617418377475,-3.3127708430019362,55224105.079609595,55.22410507960959
51.0,V2I,BS_1,flow_south_north.1,-94.13,124.13,812.8,False,1,3.8663351052459995e-13,3.8663351052459995e-13,1.0,inf,inf,D,3.8636697705406896e-13,0.965434725272536,-0.15277084300192878,97484845.07172997,97.48484507172998
51.0,V2I,BS_1,flow_west_east.0,-73.18,103.18,410.01,True,1,4.804875893101e-11,4.804875893101e-11,1.0,inf,inf,D,4.80839348449728e-11,120.14976223131633,20.79722915699807,692064776.3131566,692.0647763131566
51.0,V2I,BS_1,flow_west_east.1,-92.01,122.01,636.84,False,1,6.298106122412e-13,6.298106122412e-13,1.0,inf,inf,D,6.295061828571968e-13,1.5729789676591623,1.9672291569980684,136343966.40760496,136.34396640760497
51.0,V2I,BS_1,vehicle_4,-73.54,103.54,427.41,True,1,4.421568124114e-11,4.421568124114e-11,1.0,inf,inf,D,4.4258837236262556e-11,110.59179719206034,20.437229156998065,680208717.2270918,680.2087172270918
51.0,V2V,flow_south_north.1,flow_west_east.0,-96.9,119.9,499.48,False,1,2.0428150298749998e-13,2.0428150298749998e-13,1.0,inf,inf,D,2.0417379446695233e-13,0.5101793964691462,-2.922770843001939,59471993.963201456,59.471993963201456
51.0,V2V,flow_south_north.1,flow_west_east.1,-92.93,115.93,316.4,False,1,5.090943000195e-13,5.090943000195e-13,1.0,inf,inf,D,5.093308710571941e-13,1.2726908322268717,1.0472291569980625,118440143.9039124,118.4401439039124
51.0,V2V,flow_south_north.1,vehicle_4,-86.62,109.62,859.9,True,1,2.179557402277e-12,2.179557402277e-12,1.0,inf,inf,D,2.177709772353155e-12,5.441553654055858,7.3572291569980655,268740869.7450083,268.7408697450083
51.0,V2V,flow_west_east.0,flow_south_north.1,-96.9,119.9,499.48,False,1,2.0428150298749998e-13,2.0428150298749998e-13,1.0,inf,inf,D,2.0417379446695233e-13,0.5101793964691462,-2.922770843001939,59471993.963201456,59.471993963201456
51.0,V2V,flow_west_east.0,flow_west_east.1,-81.73,104.73,490.07,True,1,6.710484566836e-12,6.710484566836e-12,1.0,inf,inf,D,6.714288529259523e-12,16.777332656820395,12.247229156998074,415196697.07167,415.19669707167
51.0,V2V,flow_west_east.0,vehicle_4,-99.64,122.64,684.55,False,1,1.0875565899119999e-13,1.0875565899119999e-13,1.0,inf,inf,D,1.0864256236170644e-13,0.27147067056898155,-5.662770843001931,34649818.329211086,34.64981832921109
51.0,V2V,flow_west_east.1,flow_south_north.1,-92.93,115.93,316.4,False,1,5.090943000195e-13,5.090943000195e-13,1.0,inf,inf,D,5.093308710571941e-13,1.2726908322268717,1.0472291569980625,118440143.9039124,118.4401439039124
51.0,V2V,flow_west_east.1,flow_west_east.0,-81.73,104.73,490.07,True,1,6.710484566836e-12,6.710484566836e-12,1.0,inf,inf,D,6.714288529259523e-12,16.777332656820395,12.247229156998074,415196697.07167,415.19669707167
51.0,V2V,flow_west_east.1,vehicle_4,-97.97,120.97,565.01,False,1,1.596426393752e-13,1.596426393752e-13,1.0,inf,inf,D,1.5958791472367306e-13,0.3987704016083784,-3.992770843001932,48415917.36213902,48.41591736213902
51.0,V2V,vehicle_4,flow_south_north.1,-86.62,109.62,859.9,True,1,2.179557402277e-12,2.179557402277e-12,1.0,inf,inf,D,2.177709772353155e-12,5.441553654055858,7.3572291569980655,268740869.7450083,268.7408697450083
51.0,V2V,vehicle_4,flow_west_east.0,-99.64,122.64,684.55,False,1,1.0875565899119999e-13,1.0875565899119999e-13,1.0,inf,inf,D,1.0864256236170644e-13,0.27147067056898155,-5.662770843001931,34649818.329211086,34.64981832921109
51.0,V2V,vehicle_4,flow_west_east.1,-97.97,120.97,565.01,False,1,1.596426393752e-13,1.596426393752e-13,1.0,inf,inf,D,1.5958791472367306e-13,0.3987704016083784,-3.992770843001932,48415917.36213902,48.41591736213902
52.0,V2I,BS_1,flow_south_north.1,-93.65,123.65,769.79,False,1,4.3104515954219994e-13,4.3104515954219994e-13,1.0,inf,inf,D,4.31519076827765e-13,1.0782585627880183,0.3272291569980712,105537515.57081084,105.53751557081084
52.0,V2I,BS_1,flow_west_east.0,-73.24,103.24,412.68,True,1,4.7427692322290004e-11,4.7427692322290004e-11,1.0,inf,inf,D,4.742419852602448e-11,118.50124569221508,20.737229156998076,690088184.6847814,690.0881846847815
52.0,V2I,BS_1,flow_west_east.1,-91.64,121.64,610.1,False,1,6.862197090167999e-13,6.862197090167999e-13,1.0,inf,inf,D,6.854882264526621e-13,1.7128641340646227,2.337229156998077,143981679.62303627,143.98167962303626
52.0,V2I,BS_1,vehicle_4,-73.98,103.98,449.2,True,1,4.0029826677150005e-11,4.0029826677150005e-11,1.0,inf,inf,D,3.99944749761097e-11,99.93621933060894,19.997229156998067,665730014.4916513,665.7300144916513
52.0,V2V,flow_south_north.1,flow_west_east.0,-97.06,120.06,508.85,False,1,1.968281974271e-13,1.968281974271e-13,1.0,inf,inf,D,1.967886289706847e-13,0.4917257095719257,-3.0827708430019216,57698228.504401915,57.69822850440192
52.0,V2V,flow_south_north.1,flow_west_east.1,-91.2,114.2,259.08,False,1,7.592809532095999e-13,7.592809532095999e-13,1.0,inf,inf,D,7.58577575029182e-13,1.8954961894782159,2.777229156998064,153381059.8217928,153.3810598217928
52.0,V2V,flow_south_north.1,vehicle_4,-86.65,109.65,863.5,True,1,2.161421790228e-12,2.161421790228e-12,1.0,inf,inf,D,2.1627185237270157e-12,5.404094262186446,7.327229156998064,267899454.3111523,267.8994543111523
52.0,V2V,flow_west_east.0,flow_south_north.1,-97.06,120.06,508.85,False,1,1.968281974271e-13,1.968281974271e-13,1.0,inf,inf,D,1.967886289706847e-13,0.4917257095719257,-3.0827708430019216,57698228.504401915,57.69822850440192
52.0,V2V,flow_west_east.0,flow_west_east.1,-81.89,104.89,498.8,True,1,6.477558138919e-12,6.477558138919e-12,1.0,inf,inf,D,6.471426157485831e-12,16.170480153637754,12.087229156998072,410185847.8175368,410.1858478175368
52.0,V2V,flow_west_east.0,vehicle_4,-85.47,108.47,753.75,True,1,2.836639795243e-12,2.836639795243e-12,1.0,inf,inf,D,2.837919028441552e-12,7.091251945131313,8.507229156998067,301636294.5583815,301.6362945583815
52.0,V2V,flow_west_east.1,flow_south_north.1,-91.2,114.2,259.08,False,1,7.592809532095999e-13,7.592809532095999e-13,1.0,inf,inf,D,7.58577575029182e-13,1.8954961894782159,2.777229156998064,153381059.8217928,153.3810598217928
52.0,V2V,flow_west_east.1,flow_west_east.0,-81.89,104.89,498.8,True,1,6.477558138919e-12,6.477558138919e-12,1.0,inf,inf,D,6.471426157485831e-12,16.170480153637754,12.087229156998072,410185847.8175368,410.1858478175368
52.0,V2V,flow_west_east.1,vehicle_4,-98.68,121.68,613.47,False,1,1.3542000915689998e-13,1.3542000915689998e-13,1.0,inf,inf,D,1.3551894123510352e-13,0.33862803906822464,-4.70277084300193,42075513.86008327,42.07551386008327
52.0,V2V,vehicle_4,flow_south_north.1,-86.65,109.65,863.5,True,1,2.161421790228e-12,2.161421790228e-12,1.0,inf,inf,D,2.1627185237270157e-12,5.404094262186446,7.327229156998064,267899454.3111523,267.8994543111523
52.0,V2V,vehicle_4,flow_west_east.0,-85.47,108.47,753.75,True,1,2.836639795243e-12,2.836639795243e-12,1.0,inf,inf,D,2.837919028441552e-12,7.091251945131313,8.507229156998067,301636294.5583815,301.6362945583815
52.0,V2V,vehicle_4,flow_west_east.1,-98.68,121.68,613.47,False,1,1.3542000915689998e-13,1.3542000915689998e-13,1.0,inf,inf,D,1.3551894123510352e-13,0.33862803906822464,-4.70277084300193,42075513.86008327,42.07551386008327
53.0,V2I,BS_1,flow_south_north.1,-93.17,123.17,727.82,False,1,4.821940459224999e-13,4.821940459224999e-13,1.0,inf,inf,D,4.819477976251271e-13,1.2042673603826264,0.8072291569980717,114029922.2141748,114.0299222141748
53.0,V2I,BS_1,flow_west_east.0,-73.4,103.4,420.15,True,1,4.5757013618570005e-11,4.5757013618570005e-11,1.0,inf,inf,D,4.570881896148743e-11,114.21493993375168,20.577229156998065,684818399.3107334,684.8183993107334
53.0,V2I,BS_1,flow_west_east.1,-91.42,121.42,595.08,False,1,7.213013134154e-13,7.213013134154e-13,1.0,inf,inf,D,7.211074791829005e-13,1.8018677640752134,2.557229156998079,148638886.8468679,148.63888684686788
53.0,V2V,flow_south_north.1,flow_west_east.0,-97.37,120.37,527.15,False,1,1.8339931764849998e-13,1.8339931764849998e-13,1.0,inf,inf,D,1.832314422371211e-13,0.4578496807524265,-3.3927708430019274,54384197.06846484,54.384197068464836
53.0,V2V,flow_south_north.1,flow_west_east.1,-74.22,97.22,206.34,True,1,3.785107470896e-11,3.785107470896e-11,1.0,inf,inf,D,3.784425847170935e-11,94.56336449702485,19.757229156998076,657838574.2504604,657.8385742504604
53.0,V2V,flow_west_east.0,flow_south_north.1,-97.37,120.37,527.15,False,1,1.8339931764849998e-13,1.8339931764849998e-13,1.0,inf,inf,D,1.832314422371211e-13,0.4578496807524265,-3.3927708430019274,54384197.06846484,54.384197068464836
53.0,V2V,flow_west_east.0,flow_west_east.1,-82.3,105.3,523.1,True,1,5.889721634147e-12,5.889721634147e-12,1.0,inf,inf,D,5.888436553555884e-12,14.713734516631392,11.67722915699807,397395418.6299013,397.3954186299013
53.0,V2V,flow_west_east.1,flow_south_north.1,-74.22,97.22,206.34,True,1,3.785107470896e-11,3.785107470896e-11,1.0,inf,inf,D,3.784425847170935e-11,94.56336449702485,19.757229156998076,657838574.2504604,657.8385742504604
53.0,V2V,flow_west_east.1,flow_west_east.0,-82.3,105.3,523.1,True,1,5.889721634147e-12,5.889721634147e-12,1.0,inf,inf,D,5.888436553555884e-12,14.713734516631392,11.67722915699807,397395418.6299013,397.3954186299013
54.0,V2I,BS_1,flow_south_north.1,-92.66,122.66,686.65,False,1,5.417446930568e-13,5.417446930568e-13,1.0,inf,inf,D,5.420008904016238e-13,1.3543250634723232,1.317229156998073,123531352.81429908,123.53135281429908
54.0,V2I,BS_1,flow_west_east.0,-73.65,103.65,432.45,True,1,4.3190844921990003e-11,4.3190844921990003e-11,1.0,inf,inf,D,4.31519076827765e-11,107.82585627880182,20.327229156998072,676587756.1559817,676.5877561559817
54.0,V2I,BS_1,flow_west_east.1,-91.12,121.12,575.08,False,1,7.723270817713999e-13,7.723270817713999e-13,1.0,inf,inf,D,7.726805850957022e-13,1.9307360946919094,2.857229156998073,155126306.2868521,155.1263062868521
54.0,V2V,flow_south_north.1,flow_west_east.0,-97.79,120.79,553.8,False,1,1.6617086041879998e-13,1.6617086041879998e-13,1.0,inf,inf,D,1.6634126503701696e-13,0.41564533992258107,-3.8127708430019256,50145987.38791411,50.14598738791411
54.0,V2V,flow_south_north.1,flow_west_east.1,-71.64,94.64,153.41,True,1,6.848077800773e-11,6.848077800773e-11,1.0,inf,inf,D,6.85488226452662e-11,171.28641340646226,22.337229156998077,742866512.4164145,742.8665124164145
54.0,V2V,flow_west_east.0,flow_south_north.1,-97.79,120.79,553.8,False,1,1.6617086041879998e-13,1.6617086041879998e-13,1.0,inf,inf,D,1.6634126503701696e-13,0.41564533992258107,-3.8127708430019256,50145987.38791411,50.14598738791411
54.0,V2V,flow_west_east.0,flow_west_east.1,-82.59,105.59,540.8,True,1,5.510497927704e-12,5.510497927704e-12,1.0,inf,inf,D,5.508076964054029e-12,13.763310754757692,11.38722915699807,388394438.4975526,388.3944384975526
54.0,V2V,flow_west_east.1,flow_south_north.1,-71.64,94.64,153.41,True,1,6.848077800773e-11,6.848077800773e-11,1.0,inf,inf,D,6.85488226452662e-11,171.28641340646226,22.337229156998077,742866512.4164145,742.8665124164145
54.0,V2V,flow_west_east.1,flow_west_east.0,-82.59,105.59,540.8,True,1,5.510497927704e-12,5.510497927704e-12,1.0,inf,inf,D,5.508076964054029e-12,13.763310754757692,11.38722915699807,388394438.4975526,388.3944384975526
55.0,V2I,BS_1,flow_south_north.1,-92.14,122.14,646.32,False,1,6.11460449394e-13,6.11460449394e-13,1.0,inf,inf,D,6.109420249055714e-13,1.526591766380738,1.8372291569980692,133719257.99155524,133.71925799155525
55.0,V2I,BS_1,flow_west_east.0,-73.98,103.98,449.19,True,1,4.0032002609850004e-11,4.0032002609850004e-11,1.0,inf,inf,D,3.99944749761097e-11,99.93621933060894,19.997229156998067,665730014.4916513,665.7300144916513
55.0,V2I,BS_1,flow_west_east.1,-90.75,120.75,551.11,False,1,8.409948838414e-13,8.409948838414e-13,1.0,inf,inf,D,8.413951416451965e-13,2.1024366357950934,3.227229156998081,163340174.50348535,163.34017450348534
55.0,V2V,flow_south_north.1,flow_west_east.0,-98.3,121.3,587.23,False,1,1.477915118729e-13,1.477915118729e-13,1.0,inf,inf,D,1.479108388168207e-13,0.3695923008916059,-4.322770843001928,45374649.68219665,45.37464968219665
55.0,V2V,flow_south_north.1,flow_west_east.1,-68.44,91.44,106.1,True,1,1.431544917829e-10,1.431544917829e-10,1.0,inf,inf,D,1.4321878992735455e-10,357.86804079798736,25.53722915699808,848730963.8603685,848.7309638603684
55.0,V2V,flow_west_east.0,flow_south_north.1,-98.3,121.3,587.23,False,1,1.477915118729e-13,1.477915118729e-13,1.0,inf,inf,D,1.479108388168207e-13,0.3695923008916059,-4.322770843001928,45374649.68219665,45.37464968219665
55.0,V2V,flow_west_east.0,flow_west_east.1,-82.76,105.76,551.77,True,1,5.293626413182e-12,5.293626413182e-12,1.0,inf,inf,D,5.296634438916581e-12,13.234968612984957,11.217229156998076,383136740.69390285,383.1367406939028
55.0,V2V,flow_west_east.1,flow_south_north.1,-68.44,91.44,106.1,True,1,1.431544917829e-10,1.431544917829e-10,1.0,inf,inf,D,1.4321878992735455e-10,357.86804079798736,25.53722915699808,848730963.8603685,848.7309638603684
55.0,V2V,flow_west_east.1,flow_west_east.0,-82.76,105.76,551.77,True,1,5.293626413182e-12,5.293626413182e-12,1.0,inf,inf,D,5.296634438916581e-12,13.234968612984957,11.217229156998076,383136740.69390285,383.1367406939028
56.0,V2I,BS_1,flow_south_north.1,-91.59,121.59,606.69,False,1,6.939428285884999e-13,6.939428285884999e-13,1.0,inf,inf,D,6.934258060165681e-13,1.7326981659584406,2.3872291569980666,145032611.90185964,145.03261190185964
56.0,V2I,BS_1,flow_west_east.0,-74.35,104.35,469.06,True,1,3.6711308514720006e-11,3.6711308514720006e-11,1.0,inf,inf,D,3.67282300498085e-11,91.77468778063091,19.627229156998077,653565933.5643433,653.5659335643434
56.0,V2I,BS_1,flow_west_east.1,-90.31,120.31,524.04,False,1,9.30128548337e-13,9.30128548337e-13,1.0,inf,inf,D,9.31107875467829e-13,2.326606385476834,3.6672291569980677,173405117.21074346,173.40511721074347
56.0,V2V,flow_south_north.1,flow_west_east.0,-98.84,121.84,624.64,False,1,1.306170367697e-13,1.306170367697e-13,1.0,inf,inf,D,1.3061708881318405e-13,0.32637953226682664,-4.86277084300193,40749364.94877824,40.74936494877824
56.0,V2V,flow_south_north.1,flow_west_east.1,-81.56,104.56,85.42,False,1,6.984653413843e-12,6.984653413843e-12,1.0,inf,inf,D,6.9823240407717045e-12,17.447086558649936,12.417229156998069,420532107.70653343,420.53210770653345
56.0,V2V,flow_west_east.0,flow_south_north.1,-98.84,121.84,624.64,False,1,1.306170367697e-13,1.306170367697e-13,1.0,inf,inf,D,1.3061708881318405e-13,0.32637953226682664,-4.86277084300193,40749364.94877824,40.74936494877824
56.0,V2V,flow_west_east.0,flow_west_east.1,-82.8,105.8,554.23,True,1,5.24661172106e-12,5.24661172106e-12,1.0,inf,inf,D,5.248074602497734e-12,13.113629691398634,11.17722915699808,381901715.7547293,381.90171575472925
56.0,V2V,flow_west_east.1,flow_south_north.1,-81.56,104.56,85.42,False,1,6.984653413843e-12,6.984653413843e-12,1.0,inf,inf,D,6.9823240407717045e-12,17.447086558649936,12.417229156998069,420532107.70653343,420.53210770653345
56.0,V2V,flow_west_east.1,flow_west_east.0,-82.8,105.8,554.23,True,1,5.24661172106e-12,5.24661172106e-12,1.0,inf,inf,D,5.248074602497734e-12,13.113629691398634,11.17722915699808,381901715.7547293,381.90171575472925
57.0,V2I,BS_1,flow_south_north.1,-91.03,121.03,569.02,False,1,7.888892807218999e-13,7.888892807218999e-13,1.0,inf,inf,D,7.888601176185548e-13,1.9711647116905413,2.947229156998075,157102858.5702549,157.10285857025488
57.0,V2I,BS_1,flow_west_east.1,-89.83,119.83,495.83,False,1,1.038965699407e-12,1.038965699407e-12,1.0,inf,inf,D,1.039920165829058e-12,2.5985011639906492,4.147229156998068,184739612.501452,184.739612501452
57.0,V2V,flow_south_north.1,flow_west_east.1,-69.2,92.2,115.83,True,1,1.201148704393e-10,1.201148704393e-10,1.0,inf,inf,D,1.2022644346174132e-10,300.4159007040013,24.777229156998075,823561171.5740724,823.5611715740723
57.0,V2V,flow_west_east.1,flow_south_north.1,-69.2,92.2,115.83,True,1,1.201148704393e-10,1.201148704393e-10,1.0,inf,inf,D,1.2022644346174132e-10,300.4159007040013,24.777229156998075,823561171.5740724,823.5611715740723
58.0,V2I,BS_1,flow_south_north.1,-90.48,120.48,534.23,False,1,8.949727127915999e-13,8.949727127915999e-13,1.0,inf,inf,D,8.953647655495937e-13,2.237293267240364,3.497229156998073,169478806.55868134,169.47880655868133
58.0,V2I,BS_1,flow_west_east.1,-89.38,119.38,470.56,False,1,1.153536892771e-12,1.153536892771e-12,1.0,inf,inf,D,1.1534532578210952e-12,2.8821920485284735,4.597229156998085,195687148.8635396,195.68714886353962
58.0,V2V,flow_south_north.1,flow_west_east.1,-87.61,110.61,171.37,False,1,1.735304031669e-12,1.735304031669e-12,1.0,inf,inf,D,1.7338039977541409e-12,4.332343822474114,6.367229156998081,241476980.64933333,241.47698064933334
58.0,V2V,flow_west_east.1,flow_south_north.1,-87.61,110.61,171.37,False,1,1.735304031669e-12,1.735304031669e-12,1.0,inf,inf,D,1.7338039977541409e-12,4.332343822474114,6.367229156998081,241476980.64933333,241.47698064933334
59.0,V2I,BS_1,flow_south_north.1,-89.95,119.95,502.3,False,1,1.01236743929e-12,1.01236743929e-12,1.0,inf,inf,D,1.0115794542598962e-12,2.5276847932531137,4.027229156998064,181872165.85353607,181.87216585353607
59.0,V2I,BS_1,flow_west_east.1,-73.97,103.97,448.85,True,1,4.009263508098e-11,4.009263508098e-11,1.0,inf,inf,D,4.008667176273026e-11,100.16659610877124,20.007229156998072,666058919.9337875,666.0589199337875
59.0,V2V,flow_south_north.1,flow_west_east.1,-90.34,113.34,234.74,False,1,9.248600917522999e-13,9.248600917522999e-13,1.0,inf,inf,D,9.24698173938221e-13,2.3105901397756643,3.6372291569980657,172708841.21501675,172.70884121501675
59.0,V2V,flow_west_east.1,flow_south_north.1,-90.34,113.34,234.74,False,1,9.248600917522999e-13,9.248600917522999e-13,1.0,inf,inf,D,9.24698173938221e-13,2.3105901397756643,3.6372291569980657,172708841.21501675,172.70884121501675
60.0,V2I,BS_1,flow_south_north.1,-89.42,119.42,472.53,False,1,1.143932744819e-12,1.143932744819e-12,1.0,inf,inf,D,1.1428783347897713e-12,2.855767952997929,4.557229156998072,194701823.02160698,194.70182302160697
60.0,V2I,BS_1,flow_west_east.1,-73.62,103.62,431.34,True,1,4.3413565686950006e-11,4.3413565686950006e-11,1.0,inf,inf,D,4.3451022417157146e-11,108.57326940818875,20.357229156998073,677575208.3002428,677.5752083002428
60.0,V2I,BS_1,flow_west_east.2,-96.67,126.67,1089.43,False,1,2.152126351842e-13,2.152126351842e-13,1.0,inf,inf,D,2.152781734724374e-13,0.5379264704458705,-2.692770843001924,62098652.84889688,62.09865284889688
60.0,V2V,flow_south_north.1,flow_west_east.1,-92.53,115.53,302.2,False,1,5.580486351058e-13,5.580486351058e-13,1.0,inf,inf,D,5.584701947368306e-13,1.3954777479680922,1.447229156998072,126031341.20738555,126.03134120738555
60.0,V2V,flow_south_north.1,flow_west_east.2,-98.96,121.96,633.4,False,1,1.2703117005789999e-13,1.2703117005789999e-13,1.0,inf,inf,D,1.2705741052085445e-13,0.317484783910181,-4.982770843001917,39778629.977209926,39.778629977209924
60.0,V2V,flow_west_east.1,flow_south_north.1,-92.53,115.53,302.2,False,1,5.580486351058e-13,5.580486351058e-13,1.0,inf,inf,D,5.584701947368306e-13,1.3954777479680922,1.447229156998072,126031341.20738555,126.03134120738555
60.0,V2V,flow_west_east.1,flow_west_east.2,-86.77,109.77,875.33,True,1,2.103377748356e-12,2.103377748356e-12,1.0,inf,inf,D,2.1037784397664774e-12,5.256817690570907,7.2072291569980775,264542906.77992648,264.54290677992645
60.0,V2V,flow_west_east.2,flow_south_north.1,-98.96,121.96,633.4,False,1,1.2703117005789999e-13,1.2703117005789999e-13,1.0,inf,inf,D,1.2705741052085445e-13,0.317484783910181,-4.982770843001917,39778629.977209926,39.778629977209924
60.0,V2V,flow_west_east.2,flow_west_east.1,-86.77,109.77,875.33,True,1,2.103377748356e-12,2.103377748356e-12,1.0,inf,inf,D,2.1037784397664774e-12,5.256817690570907,7.2072291569980775,264542906.77992648,264.54290677992645
61.0,V2I,BS_1,flow_south_north.1,-88.95,118.95,447.93,False,1,1.273064177281e-12,1.273064177281e-12,1.0,inf,inf,D,1.273503081016663e-12,3.182166619232041,5.027229156998078,206425054.063416,206.425054063416
61.0,V2I,BS_1,flow_west_east.1,-73.37,103.37,418.73,True,1,4.606780364649001e-11,4.606780364649001e-11,1.0,inf,inf,D,4.602565735813553e-11,115.00664007530116,20.607229156998066,685806357.5554646,685.8063575554646
61.0,V2I,BS_1,flow_west_east.2,-96.34,126.34,1048.88,False,1,2.321713312038e-13,2.321713312038e-13,1.0,inf,inf,D,2.322736796357105e-13,0.5803940020882321,-2.36277084300193,66028427.612198,66.028427612198
61.0,V2V,flow_south_north.1,flow_west_east.1,-94.29,117.29,370.04,False,1,3.722018138674e-13,3.722018138674e-13,1.0,inf,inf,D,3.723917062545683e-13,0.9305140086321045,-0.3127708430019293,94898502.3127603,94.8985023127603
61.0,V2V,flow_south_north.1,flow_west_east.2,-98.57,121.57,605.68,False,1,1.3892410922749998e-13,1.3892410922749998e-13,1.0,inf,inf,D,1.3899526312133556e-13,0.3473145005530623,-4.59277084300192,43008665.512668006,43.008665512668
61.0,V2V,flow_west_east.1,flow_south_north.1,-94.29,117.29,370.04,False,1,3.722018138674e-13,3.722018138674e-13,1.0,inf,inf,D,3.723917062545683e-13,0.9305140086321045,-0.3127708430019293,94898502.3127603,94.8985023127603
61.0,V2V,flow_west_east.1,flow_west_east.2,-86.82,109.82,880.37,True,1,2.0793951576380002e-12,2.0793951576380002e-12,1.0,inf,inf,D,2.0796966871037024e-12,5.196643396061225,7.1572291569980875,263148694.65994844,263.14869465994843
61.0,V2V,flow_west_east.2,flow_south_north.1,-98.57,121.57,605.68,False,1,1.3892410922749998e-13,1.3892410922749998e-13,1.0,inf,inf,D,1.3899526312133556e-13,0.3473145005530623,-4.59277084300192,43008665.512668006,43.008665512668
61.0,V2V,flow_west_east.2,flow_west_east.1,-86.82,109.82,880.37,True,1,2.0793951576380002e-12,2.0793951576380002e-12,1.0,inf,inf,D,2.0796966871037024e-12,5.196643396061225,7.1572291569980875,263148694.65994844,263.14869465994843
62.0,V2I,BS_1,flow_south_north.1,-73.55,103.55,427.66,True,1,4.416410531286e-11,4.416410531286e-11,1.0,inf,inf,D,4.41570447353313e-11,110.33744311676985,20.42722915699808,679879504.6735685,679.8795046735685
62.0,V2I,BS_1,flow_west_east.1,-73.22,103.22,411.63,True,1,4.766968541858e-11,4.766968541858e-11,1.0,inf,inf,D,4.7643098680541563e-11,119.04822259005887,20.757229156998072,690747023.324734,690.747023324734
62.0,V2I,BS_1,flow_west_east.2,-95.99,125.99,1007.16,False,1,2.518057105903e-13,2.518057105903e-13,1.0,inf,inf,D,2.517676927758854e-13,0.6291046795999135,-2.0127708430019293,70407930.85212491,70.40793085212492
62.0,V2V,flow_south_north.1,flow_west_east.1,-95.76,118.76,438.14,False,1,2.654783593417e-13,2.654783593417e-13,1.0,inf,inf,D,2.654605561975536e-13,0.6633197306285695,-1.7827708430019327,73406551.6463654,73.4065516463654
62.0,V2V,flow_south_north.1,flow_west_east.2,-98.24,121.24,582.85,False,1,1.5002151158439999e-13,1.5002151158439999e-13,1.0,inf,inf,D,1.499684835502374e-13,0.3747338419546161,-4.262770843001925,45915232.98657745,45.91523298657745
62.0,V2V,flow_west_east.1,flow_south_north.1,-95.76,118.76,438.14,False,1,2.654783593417e-13,2.654783593417e-13,1.0,inf,inf,D,2.654605561975536e-13,0.6633197306285695,-1.7827708430019327,73406551.6463654,73.4065516463654
62.0,V2V,flow_west_east.1,flow_west_east.2,-86.85,109.85,883.27,True,1,2.065763155591e-12,2.065763155591e-12,1.0,inf,inf,D,2.0653801558105354e-12,5.160869954549063,7.127229156998086,262313408.31437042,262.3134083143704
62.0,V2V,flow_west_east.2,flow_south_north.1,-98.24,121.24,582.85,False,1,1.5002151158439999e-13,1.5002151158439999e-13,1.0,inf,inf,D,1.499684835502374e-13,0.3747338419546161,-4.262770843001925,45915232.98657745,45.91523298657745
62.0,V2V,flow_west_east.2,flow_west_east.1,-86.85,109.85,883.27,True,1,2.065763155591e-12,2.065763155591e-12,1.0,inf,inf,D,2.0653801558105354e-12,5.160869954549063,7.127229156998086,262313408.31437042,262.3134083143704
63.0,V2I,BS_1,flow_south_north.1,-73.24,103.24,412.46,True,1,4.747824793578e-11,4.747824793578e-11,1.0,inf,inf,D,4.742419852602448e-11,118.50124569221508,20.737229156998076,690088184.6847814,690.0881846847815
63.0,V2I,BS_1,flow_west_east.1,-73.19,103.19,410.14,True,1,4.8017008893540005e-11,4.8017008893540005e-11,1.0,inf,inf,D,4.797334486366892e-11,119.87342544644906,20.787229156998073,691735328.6381537,691.7353286381536
63.0,V2I,BS_1,flow_west_east.2,-95.63,125.63,966.14,False,1,2.7364144360499995e-13,2.7364144360499995e-13,1.0,inf,inf,D,2.7352687263067196e-13,0.6834754438547525,-1.6527708430019148,75144267.73358293,75.14426773358294
63.0,V2V,flow_south_north.1,flow_west_east.1,-97.01,120.01,505.99,False,1,1.990544134985e-13,1.990544134985e-13,1.0,inf,inf,D,1.9906733389871843e-13,0.49741962493432884,-3.0327708430019316,58247856.740763105,58.247856740763105
63.0,V2V,flow_south_north.1,flow_west_east.2,-98.01,121.01,567.54,False,1,1.582211601537e-13,1.582211601537e-13,1.0,inf,inf,D,1.5812480392703827e-13,0.39511445259129996,-4.032770843001928,48038348.292372726,48.038348292372724
63.0,V2V,flow_west_east.1,flow_south_north.1,-97.01,120.01,505.99,False,1,1.990544134985e-13,1.990544134985e-13,1.0,inf,inf,D,1.9906733389871843e-13,0.49741962493432884,-3.0327708430019316,58247856.740763105,58.247856740763105
63.0,V2V,flow_west_east.1,flow_west_east.2,-86.87,109.87,885.73,True,1,2.054273345592e-12,2.054273345592e-12,1.0,inf,inf,D,2.0558905959841363e-12,5.137157911004838,7.107229156998062,261757070.49505168,261.75707049505166
63.0,V2V,flow_west_east.2,flow_south_north.1,-98.01,121.01,567.54,False,1,1.582211601537e-13,1.582211601537e-13,1.0,inf,inf,D,1.5812480392703827e-13,0.39511445259129996,-4.032770843001928,48038348.292372726,48.038348292372724
63.0,V2V,flow_west_east.2,flow_west_east.1,-86.87,109.87,885.73,True,1,2.054273345592e-12,2.054273345592e-12,1.0,inf,inf,D,2.0558905959841363e-12,5.137157911004838,7.107229156998062,261757070.49505168,261.75707049505166
64.0,V2I,BS_1,flow_south_north.1,-73.03,103.03,402.79,True,1,4.9785615455130004e-11,4.9785615455130004e-11,1.0,inf,inf,D,4.977370849789361e-11,124.37208520213294,20.947229156998077,697007234.9528943,697.0072349528944
64.0,V2I,BS_1,flow_west_east.1,-73.27,103.27,414.35,True,1,4.7045650560850005e-11,4.7045650560850005e-11,1.0,inf,inf,D,4.709773263969529e-11,117.68548885481081,20.707229156998075,689099974.3651141,689.0999743651141
64.0,V2I,BS_1,flow_west_east.2,-95.25,125.25,924.46,False,1,2.9887586581379996e-13,2.9887586581379996e-13,1.0,inf,inf,D,2.9853826189179573e-13,0.7459726683952915,-1.2727708430019302,80403097.50731948,80.40309750731949
64.0,V2V,flow_south_north.1,flow_west_east.1,-98.13,121.13,575.93,False,1,1.536478319434e-13,1.536478319434e-13,1.0,inf,inf,D,1.5381546403030387e-13,0.38434648683234346,-4.152770843001916,46920507.90099879,46.92050790099879
64.0,V2V,flow_south_north.1,flow_west_east.2,-97.89,120.89,559.73,False,1,1.6266750532359997e-13,1.6266750532359997e-13,1.0,inf,inf,D,1.625548755750485e-13,0.4061840968891766,-3.9127708430019235,49178548.36582975,49.17854836582975
64.0,V2V,flow_west_east.1,flow_south_north.1,-98.13,121.13,575.93,False,1,1.536478319434e-13,1.536478319434e-13,1.0,inf,inf,D,1.5381546403030387e-13,0.38434648683234346,-4.152770843001916,46920507.90099879,46.92050790099879
64.0,V2V,flow_west_east.1,flow_west_east.2,-86.9,109.9,888.5,True,1,2.041499815401e-12,2.041499815401e-12,1.0,inf,inf,D,2.0417379446695235e-12,5.1017939646914625,7.077229156998062,260923346.61938098,260.923346619381
64.0,V2V,flow_west_east.2,flow_south_north.1,-97.89,120.89,559.73,False,1,1.6266750532359997e-13,1.6266750532359997e-13,1.0,inf,inf,D,1.625548755750485e-13,0.4061840968891766,-3.9127708430019235,49178548.36582975,49.17854836582975
64.0,V2V,flow_west_east.2,flow_west_east.1,-86.9,109.9,888.5,True,1,2.041499815401e-12,2.041499815401e-12,1.0,inf,inf,D,2.0417379446695235e-12,5.1017939646914625,7.077229156998062,260923346.61938098,260.923346619381
65.0,V2I,BS_1,flow_south_north.1,-72.96,102.96,399.46,True,1,5.062065439446e-11,5.062065439446e-11,1.0,inf,inf,D,5.0582466200311476e-11,126.39296901627054,21.01722915699808,699314184.5349534,699.3141845349534
65.0,V2I,BS_1,flow_south_north.2,-96.64,126.64,1085.5,False,1,2.1677119631459998e-13,2.1677119631459998e-13,1.0,inf,inf,D,2.167704104819696e-13,0.5416551986056212,-2.6627708430019235,62448013.30312515,62.44801330312515
65.0,V2I,BS_1,flow_west_east.1,-73.47,103.47,423.94,True,1,4.494211450634e-11,4.494211450634e-11,1.0,inf,inf,D,4.497798548932884e-11,112.38876933865276,20.50722915699808,682513394.4501123,682.5133944501123
65.0,V2I,BS_1,flow_west_east.2,-94.84,124.84,882.61,False,1,3.27890422505e-13,3.27890422505e-13,1.0,inf,inf,D,3.2809529311311904e-13,0.8198283186234857,-0.8627708430019265,86380235.39661102,86.38023539661101
65.0,V2V,flow_south_north.1,flow_south_north.2,-88.01,111.01,1009.43,True,1,1.58164468259e-12,1.58164468259e-12,1.0,inf,inf,D,1.5812480392703826e-12,3.9511445259129996,5.967229156998072,230776206.2766997,230.7762062766997
65.0,V2V,flow_south_north.1,flow_west_east.1,-99.13,122.13,645.66,False,1,1.2225049027739998e-13,1.2225049027739998e-13,1.0,inf,inf,D,1.221799660164871e-13,0.3052972664080137,-5.152770843001929,38437840.1380947,38.4378401380947
65.0,V2V,flow_south_north.1,flow_west_east.2,-97.9,120.9,560.44,False,1,1.6225763170079998e-13,1.6225763170079998e-13,1.0,inf,inf,D,1.6218100973589265e-13,0.4052498993900366,-3.9227708430019352,49082671.16219577,49.08267116219577
65.0,V2V,flow_south_north.2,flow_south_north.1,-88.01,111.01,1009.43,True,1,1.58164468259e-12,1.58164468259e-12,1.0,inf,inf,D,1.5812480392703826e-12,3.9511445259129996,5.967229156998072,230776206.2766997,230.7762062766997
65.0,V2V,flow_south_north.2,flow_west_east.1,-85.83,108.83,785.7,True,1,2.610671804955e-12,2.610671804955e-12,1.0,inf,inf,D,2.6121613543992054e-12,6.527139816089968,8.147229156998073,291210176.9675526,291.2101769675526
65.0,V2V,flow_south_north.2,flow_west_east.2,-85.04,108.04,717.31,True,1,3.132208285654e-12,3.132208285654e-12,1.0,inf,inf,D,3.1332857243155757e-12,7.829299660958459,8.93722915699806,314229900.8005955,314.22990080059554
65.0,V2V,flow_west_east.1,flow_south_north.1,-99.13,122.13,645.66,False,1,1.2225049027739998e-13,1.2225049027739998e-13,1.0,inf,inf,D,1.221799660164871e-13,0.3052972664080137,-5.152770843001929,38437840.1380947,38.4378401380947
65.0,V2V,flow_west_east.1,flow_south_north.2,-85.83,108.83,785.7,True,1,2.610671804955e-12,2.610671804955e-12,1.0,inf,inf,D,2.6121613543992054e-12,6.527139816089968,8.147229156998073,291210176.9675526,291.2101769675526
65.0,V2V,flow_west_east.1,flow_west_east.2,-86.91,109.91,889.43,True,1,2.037217538059e-12,2.037217538059e-12,1.0,inf,inf,D,2.037042077705723e-12,5.090060164182216,7.067229156998084,260645648.0699518,260.6456480699518
65.0,V2V,flow_west_east.2,flow_south_north.1,-97.9,120.9,560.44,False,1,1.6225763170079998e-13,1.6225763170079998e-13,1.0,inf,inf,D,1.6218100973589265e-13,0.4052498993900366,-3.9227708430019352,49082671.16219577,49.08267116219577
65.0,V2V,flow_west_east.2,flow_south_north.2,-85.04,108.04,717.31,True,1,3.132208285654e-12,3.132208285654e-12,1.0,inf,inf,D,3.1332857243155757e-12,7.829299660958459,8.93722915699806,314229900.8005955,314.22990080059554
65.0,V2V,flow_west_east.2,flow_west_east.1,-86.91,109.91,889.43,True,1,2.037217538059e-12,2.037217538059e-12,1.0,inf,inf,D,2.037042077705723e-12,5.090060164182216,7.067229156998084,260645648.0699518,260.6456480699518
66.0,V2I,BS_1,flow_south_north.1,-73.03,103.03,402.79,True,1,4.9786673470670003e-11,4.9786673470670003e-11,1.0,inf,inf,D,4.977370849789361e-11,124.37208520213294,20.947229156998077,697007234.9528943,697.0072349528944
66.0,V2I,BS_1,flow_south_north.2,-96.29,126.29,1042.41,False,1,2.3506581708499997e-13,2.3506581708499997e-13,1.0,inf,inf,D,2.3496328208483003e-13,0.587114647888131,-2.3127708430019394,66640634.74329989,66.64063474329988
66.0,V2I,BS_1,flow_west_east.1,-73.77,103.77,438.7,True,1,4.196968432773e-11,4.196968432773e-11,1.0,inf,inf,D,4.1975898399100775e-11,104.88730234657864,20.207229156998075,672638578.6282072,672.6385786282073
66.0,V2I,BS_1,flow_west_east.2,-94.43,124.43,841.82,False,1,3.604314235204e-13,3.604314235204e-13,1.0,inf,inf,D,3.6057864302164126e-13,0.9009961094993534,-0.45277084300194026,92675557.9429004,92.6755579429004
66.0,V2V,flow_south_north.1,flow_south_north.2,-88.05,111.05,1014.53,True,1,1.565782979508e-12,1.565782979508e-12,1.0,inf,inf,D,1.5667510701081502e-12,3.9149202151627933,5.927229156998076,229716799.7212197,229.7167997212197
66.0,V2V,flow_south_north.1,flow_west_east.1,-85.02,108.02,715.67,True,1,3.146559409003e-12,3.146559409003e-12,1.0,inf,inf,D,3.1477483141013235e-12,7.8654380662201975,8.957229156998084,314819192.0503417,314.8191920503417
66.0,V2V,flow_south_north.1,flow_west_east.2,-98.04,121.04,569.97,False,1,1.56877666823e-13,1.56877666823e-13,1.0,inf,inf,D,1.5703628043335514e-13,0.39239450383147206,-4.062770843001929,47756802.446672894,47.75680244667289
66.0,V2V,flow_south_north.2,flow_south_north.1,-88.05,111.05,1014.53,True,1,1.565782979508e-12,1.565782979508e-12,1.0,inf,inf,D,1.5667510701081502e-12,3.9149202151627933,5.927229156998076,229716799.7212197,229.7167997212197
66.0,V2V,flow_south_north.2,flow_west_east.1,-85.81,108.81,783.65,True,1,2.624312789409e-12,2.624312789409e-12,1.0,inf,inf,D,2.624218543384445e-12,6.557267724598812,8.167229156998077,291786473.27720547,291.78647327720546
66.0,V2V,flow_south_north.2,flow_west_east.2,-99.23,122.23,653.29,False,1,1.194120176031e-13,1.194120176031e-13,1.0,inf,inf,D,1.193988104464273e-13,0.29834785218997323,-5.252770843001927,37667696.06841632,37.66769606841632
66.0,V2V,flow_west_east.1,flow_south_north.1,-85.02,108.02,715.67,True,1,3.146559409003e-12,3.146559409003e-12,1.0,inf,inf,D,3.1477483141013235e-12,7.8654380662201975,8.957229156998084,314819192.0503417,314.8191920503417
66.0,V2V,flow_west_east.1,flow_south_north.2,-85.81,108.81,783.65,True,1,2.624312789409e-12,2.624312789409e-12,1.0,inf,inf,D,2.624218543384445e-12,6.557267724598812,8.167229156998077,291786473.27720547,291.78647327720546
66.0,V2V,flow_west_east.1,flow_west_east.2,-86.93,109.93,891.3,True,1,2.028693306204e-12,2.028693306204e-12,1.0,inf,inf,D,2.027682719521276e-12,5.066673462072153,7.04722915699806,260090566.05834147,260.0905660583415
66.0,V2V,flow_west_east.2,flow_south_north.1,-98.04,121.04,569.97,False,1,1.56877666823e-13,1.56877666823e-13,1.0,inf,inf,D,1.5703628043335514e-13,0.39239450383147206,-4.062770843001929,47756802.446672894,47.75680244667289
66.0,V2V,flow_west_east.2,flow_south_north.2,-99.23,122.23,653.29,False,1,1.194120176031e-13,1.194120176031e-13,1.0,inf,inf,D,1.193988104464273e-13,0.29834785218997323,-5.252770843001927,37667696.06841632,37.66769606841632
66.0,V2V,flow_west_east.2,flow_west_east.1,-86.93,109.93,891.3,True,1,2.028693306204e-12,2.028693306204e-12,1.0,inf,inf,D,2.027682719521276e-12,5.066673462072153,7.04722915699806,260090566.05834147,260.0905660583415
67.0,V2I,BS_1,flow_south_north.1,-73.24,103.24,412.51,True,1,4.74667675947e-11,4.74667675947e-11,1.0,inf,inf,D,4.742419852602448e-11,118.50124569221508,20.737229156998076,690088184.6847814,690.0881846847815
67.0,V2I,BS_1,flow_south_north.2,-95.86,125.86,992.41,False,1,2.5934778846529997e-13,2.5934778846529997e-13,1.0,inf,inf,D,2.5941793621188126e-13,0.6482207301646208,-1.8827708430019288,72090946.15682873,72.09094615682874
67.0,V2I,BS_1,flow_west_east.1,-74.14,104.14,458.0,True,1,3.850563917372e-11,3.850563917372e-11,1.0,inf,inf,D,3.85478357665772e-11,96.32142870209195,19.837229156998074,660468559.4431003,660.4685594431004
67.0,V2I,BS_1,flow_west_east.2,-94.02,124.02,802.5,False,1,3.966148434249e-13,3.966148434249e-13,1.0,inf,inf,D,3.962780342554401e-13,0.9901999856457773,-0.042770843001919336,99291340.75543596,99.29134075543595
67.0,V2V,flow_south_north.1,flow_south_north.2,-88.03,111.03,1011.43,True,1,1.575395804429e-12,1.575395804429e-12,1.0,inf,inf,D,1.5739828644662164e-12,3.932990665832624,5.947229156998065,230246255.7478417,230.24625574784167
67.0,V2V,flow_south_north.1,flow_west_east.1,-85.83,108.83,785.45,True,1,2.612330297729e-12,2.612330297729e-12,1.0,inf,inf,D,2.6121613543992054e-12,6.527139816089968,8.147229156998073,291210176.9675526,291.2101769675526
67.0,V2V,flow_south_north.1,flow_west_east.2,-98.31,121.31,587.8,False,1,1.4750310475929998e-13,1.4750310475929998e-13,1.0,inf,inf,D,1.4757065332758962e-13,0.3687422621878801,-4.332770843001922,45285080.88528232,45.28508088528232
67.0,V2V,flow_south_north.2,flow_south_north.1,-88.03,111.03,1011.43,True,1,1.575395804429e-12,1.575395804429e-12,1.0,inf,inf,D,1.5739828644662164e-12,3.932990665832624,5.947229156998065,230246255.7478417,230.24625574784167
67.0,V2V,flow_south_north.2,flow_west_east.1,-85.79,108.79,782.12,True,1,2.634647207272e-12,2.634647207272e-12,1.0,inf,inf,D,2.636331385825376e-12,6.587534697214831,8.187229156998066,292363120.871729,292.363120871729
67.0,V2V,flow_south_north.2,flow_west_east.2,-98.25,121.25,583.34,False,1,1.4976829427009998e-13,1.4976829427009998e-13,1.0,inf,inf,D,1.496235656094436e-13,0.37387197803459166,-4.272770843001919,45824757.529161945,45.82475752916194
67.0,V2V,flow_west_east.1,flow_south_north.1,-85.83,108.83,785.45,True,1,2.612330297729e-12,2.612330297729e-12,1.0,inf,inf,D,2.6121613543992054e-12,6.527139816089968,8.147229156998073,291210176.9675526,291.2101769675526
67.0,V2V,flow_west_east.1,flow_south_north.2,-85.79,108.79,782.12,True,1,2.634647207272e-12,2.634647207272e-12,1.0,inf,inf,D,2.636331385825376e-12,6.587534697214831,8.187229156998066,292363120.871729,292.363120871729
67.0,V2V,flow_west_east.1,flow_west_east.2,-86.95,109.95,894.0,True,1,2.0164579581580002e-12,2.0164579581580002e-12,1.0,inf,inf,D,2.0183663636815596e-12,5.04339421209785,7.027229156998071,259535905.2461065,259.5359052461065
67.0,V2V,flow_west_east.2,flow_south_north.1,-98.31,121.31,587.8,False,1,1.4750310475929998e-13,1.4750310475929998e-13,1.0,inf,inf,D,1.4757065332758962e-13,0.3687422621878801,-4.332770843001922,45285080.88528232,45.28508088528232
67.0,V2V,flow_west_east.2,flow_south_north.2,-98.25,121.25,583.34,False,1,1.4976829427009998e-13,1.4976829427009998e-13,1.0,inf,inf,D,1.496235656094436e-13,0.37387197803459166,-4.272770843001919,45824757.529161945,45.82475752916194
67.0,V2V,flow_west_east.2,flow_west_east.1,-86.95,109.95,894.0,True,1,2.0164579581580002e-12,2.0164579581580002e-12,1.0,inf,inf,D,2.0183663636815596e-12,5.04339421209785,7.027229156998071,259535905.2461065,259.5359052461065
68.0,V2I,BS_1,flow_south_north.1,-73.56,103.56,427.99,True,1,4.4095157314690005e-11,4.4095157314690005e-11,1.0,inf,inf,D,4.405548635065534e-11,110.08367403961853,20.417229156998076,679550298.9284675,679.5502989284676
68.0,V2I,BS_1,flow_south_north.2,-95.41,125.41,942.2,False,1,2.877247881116e-13,2.877247881116e-13,1.0,inf,inf,D,2.877398414735667e-13,0.7189901086296019,-1.4327708430019295,78156124.33197102,78.15612433197101
68.0,V2I,BS_1,flow_west_east.2,-93.57,123.57,762.56,False,1,4.3924971196569995e-13,4.3924971196569995e-13,1.0,inf,inf,D,4.395416154378252e-13,1.098304886151487,0.40722915699808004,106922431.84210512,106.92243184210513
68.0,V2V,flow_south_north.1,flow_south_north.2,-87.99,110.99,1007.0,True,1,1.589297748577e-12,1.589297748577e-12,1.0,inf,inf,D,1.5885467485977807e-12,3.9693821804042493,5.987229156998079,231306649.95397207,231.30664995397208
68.0,V2V,flow_south_north.1,flow_west_east.2,-98.66,121.66,611.66,False,1,1.362188344028e-13,1.362188344028e-13,1.0,inf,inf,D,1.361444682465951e-13,0.34019107507894825,-4.682770843001923,42243870.47254694,42.243870472546945
68.0,V2V,flow_south_north.2,flow_south_north.1,-87.99,110.99,1007.0,True,1,1.589297748577e-12,1.589297748577e-12,1.0,inf,inf,D,1.5885467485977807e-12,3.9693821804042493,5.987229156998079,231306649.95397207,231.30664995397208
68.0,V2V,flow_south_north.2,flow_west_east.2,-97.12,120.12,512.21,False,1,1.9425478936869998e-13,1.9425478936869998e-13,1.0,inf,inf,D,1.9408858775927793e-13,0.4849789799082406,-3.142770843001924,57044250.96140743,57.04425096140743
68.0,V2V,flow_west_east.2,flow_south_north.1,-98.66,121.66,611.66,False,1,1.362188344028e-13,1.362188344028e-13,1.0,inf,inf,D,1.361444682465951e-13,0.34019107507894825,-4.682770843001923,42243870.47254694,42.243870472546945
68.0,V2V,flow_west_east.2,flow_south_north.2,-97.12,120.12,512.21,False,1,1.9425478936869998e-13,1.9425478936869998e-13,1.0,inf,inf,D,1.9408858775927793e-13,0.4849789799082406,-3.142770843001924,57044250.96140743,57.04425096140743
69.0,V2I,BS_1,flow_south_north.1,-73.97,103.97,448.94,True,1,4.0076011974210005e-11,4.0076011974210005e-11,1.0,inf,inf,D,4.008667176273026e-11,100.16659610877124,20.007229156998072,666058919.9337875,666.0589199337875
69.0,V2I,BS_1,flow_south_north.2,-94.96,124.96,894.3,False,1,3.1937050602039995e-13,3.1937050602039995e-13,1.0,inf,inf,D,3.1915378551007716e-13,0.7974857209147355,-0.9827708430019126,84598031.00541012,84.59803100541012
69.0,V2I,BS_1,flow_west_east.2,-93.13,123.13,724.61,False,1,4.864651272481e-13,4.864651272481e-13,1.0,inf,inf,D,4.864072056914629e-13,1.21541030907412,0.8472291569980849,114757392.04716773,114.75739204716773
69.0,V2V,flow_south_north.1,flow_south_north.2,-87.97,110.97,1005.03,True,1,1.595523765037e-12,1.595523765037e-12,1.0,inf,inf,D,1.5958791472367304e-12,3.9877040160837836,6.007229156998068,231837585.42618173,231.83758542618173
69.0,V2V,flow_south_north.1,flow_west_east.2,-99.09,122.09,643.05,False,1,1.2324675765459999e-13,1.2324675765459999e-13,1.0,inf,inf,D,1.2331048332289072e-13,0.3081221472336099,-5.112770843001933,38749726.02400584,38.74972602400584
69.0,V2V,flow_south_north.2,flow_south_north.1,-87.97,110.97,1005.03,True,1,1.595523765037e-12,1.595523765037e-12,1.0,inf,inf,D,1.5958791472367304e-12,3.9877040160837836,6.007229156998068,231837585.42618173,231.83758542618173
69.0,V2V,flow_south_north.2,flow_west_east.2,-95.87,118.87,443.84,False,1,2.5870764969309996e-13,2.5870764969309996e-13,1.0,inf,inf,D,2.588212915153093e-13,0.646729863856345,-1.892770843001924,71960390.9017507,71.9603909017507
69.0,V2V,flow_west_east.2,flow_south_north.1,-99.09,122.09,643.05,False,1,1.2324675765459999e-13,1.2324675765459999e-13,1.0,inf,inf,D,1.2331048332289072e-13,0.3081221472336099,-5.112770843001933,38749726.02400584,38.74972602400584
69.0,V2V,flow_west_east.2,flow_south_north.2,-95.87,118.87,443.84,False,1,2.5870764969309996e-13,2.5870764969309996e-13,1.0,inf,inf,D,2.588212915153093e-13,0.646729863856345,-1.892770843001924,71960390.9017507,71.9603909017507
70.0,V2I,BS_1,flow_south_north.2,-94.48,124.48,846.8,False,1,3.562043541979e-13,3.562043541979e-13,1.0,inf,inf,D,3.564511334262439e-13,0.8906824923194498,-0.5027708430019309,91890710.77529062,91.89071077529063
70.0,V2I,BS_1,flow_west_east.2,-92.66,122.66,686.4,False,1,5.421341053334e-13,5.421341053334e-13,1.0,inf,inf,D,5.420008904016238e-13,1.3543250634723232,1.317229156998073,123531352.81429908,123.53135281429908
70.0,V2V,flow_south_north.2,flow_west_east.2,-94.41,117.41,375.22,False,1,3.619801655726e-13,3.619801655726e-13,1.0,inf,inf,D,3.622429984166995e-13,0.9051549185824574,-0.4327708430019158,92990831.59251018,92.99083159251018
70.0,V2V,flow_west_east.2,flow_south_north.2,-94.41,117.41,375.22,False,1,3.619801655726e-13,3.619801655726e-13,1.0,inf,inf,D,3.622429984166995e-13,0.9051549185824574,-0.4327708430019158,92990831.59251018,92.99083159251018
71.0,V2I,BS_1,flow_south_north.2,-93.98,123.98,799.16,False,1,3.999401476704e-13,3.999401476704e-13,1.0,inf,inf,D,3.9994474976109775e-13,0.9993621933060912,-0.0027708430019235436,99953984.63466555,99.95398463466555
71.0,V2I,BS_1,flow_west_east.2,-92.18,122.18,649.24,False,1,6.059780520445e-13,6.059780520445e-13,1.0,inf,inf,D,6.053408747539136e-13,1.5125958889403137,1.7972291569980738,132917865.53398871,132.9178655339887
71.0,V2V,flow_south_north.2,flow_west_east.2,-92.66,115.66,306.75,False,1,5.416162272923999e-13,5.416162272923999e-13,1.0,inf,inf,D,5.420008904016238e-13,1.3543250634723232,1.317229156998073,123531352.81429908,123.53135281429908
71.0,V2V,flow_west_east.2,flow_south_north.2,-92.66,115.66,306.75,False,1,5.416162272923999e-13,5.416162272923999e-13,1.0,inf,inf,D,5.420008904016238e-13,1.3543250634723232,1.317229156998073,123531352.81429908,123.53135281429908
72.0,V2I,BS_1,flow_south_north.2,-93.46,123.46,752.88,False,1,4.5062790916189994e-13,4.5062790916189994e-13,1.0,inf,inf,D,4.5081670454146e-13,1.1264785220926037,0.5172291569980726,108846628.34955494,108.84662834955495
72.0,V2I,BS_1,flow_west_east.2,-91.76,121.76,618.76,False,1,6.671365737167999e-13,6.671365737167999e-13,1.0,inf,inf,D,6.668067692136219e-13,1.6661838311184953,2.2172291569980724,141477625.64582905,141.47762564582905
72.0,V2V,flow_south_north.2,flow_west_east.2,-90.63,113.63,242.78,False,1,8.646741774865e-13,8.646741774865e-13,1.0,inf,inf,D,8.649679187756955e-13,2.161339127375551,3.347229156998085,166053580.62452155,166.05358062452154
72.0,V2V,flow_west_east.2,flow_south_north.2,-90.63,113.63,242.78,False,1,8.646741774865e-13,8.646741774865e-13,1.0,inf,inf,D,8.649679187756955e-13,2.161339127375551,3.347229156998085,166053580.62452155,166.05358062452154
73.0,V2I,BS_1,flow_south_north.2,-92.92,122.92,707.68,False,1,5.100193629407999e-13,5.100193629407999e-13,1.0,inf,inf,D,5.105049999754065e-13,1.2756246875947186,1.057229156998075,118626263.76118584,118.62626376118584
73.0,V2I,BS_1,flow_west_east.2,-91.49,121.49,600.05,False,1,7.093995229853e-13,7.093995229853e-13,1.0,inf,inf,D,7.095777679633901e-13,1.7730578909629935,2.4872291569980813,147147773.47089592,147.1477734708959
73.0,V2V,flow_south_north.2,flow_west_east.2,-73.23,96.23,184.04,True,1,4.758169187801e-11,4.758169187801e-11,1.0,inf,inf,D,4.7533522594280486e-11,118.77441927606317,20.74722915699807,690417600.8383204,690.4176008383204
73.0,V2V,flow_west_east.2,flow_south_north.2,-73.23,96.23,184.04,True,1,4.758169187801e-11,4.758169187801e-11,1.0,inf,inf,D,4.7533522594280486e-11,118.77441927606317,20.74722915699807,690417600.8383204,690.4176008383204
74.0,V2I,BS_1,flow_south_north.2,-92.36,122.36,663.33,False,1,5.805053050508e-13,5.805053050508e-13,1.0,inf,inf,D,5.807644175213112e-13,1.4511854510777389,1.6172291569980668,129347963.93368784,129.34796393368782
74.0,V2I,BS_1,flow_west_east.2,-91.35,121.35,590.1,False,1,7.335317526575e-13,7.335317526575e-13,1.0,inf,inf,D,7.328245331389044e-13,1.8311457599672771,2.6272291569980757,150138602.75087953,150.13860275087953
74.0,V2V,flow_south_north.2,flow_west_east.2,-70.05,93.05,127.74,True,1,9.876373089895e-11,9.876373089895e-11,1.0,inf,inf,D,9.885530946569392e-11,247.0147662810942,23.927229156998074,795428220.7993001,795.4282207993001
74.0,V2V,flow_west_east.2,flow_south_north.2,-70.05,93.05,127.74,True,1,9.876373089895e-11,9.876373089895e-11,1.0,inf,inf,D,9.885530946569392e-11,247.0147662810942,23.927229156998074,795428220.7993001,795.4282207993001
75.0,V2I,BS_1,flow_south_north.2,-91.79,121.79,620.71,False,1,6.629527824134999e-13,6.629527824134999e-13,1.0,inf,inf,D,6.622165037017615e-13,1.6547139023032518,2.18722915699807,140855639.0608121,140.85563906081208
75.0,V2I,BS_1,flow_west_east.2,-91.35,121.35,590.05,False,1,7.336509658181999e-13,7.336509658181999e-13,1.0,inf,inf,D,7.328245331389044e-13,1.8311457599672771,2.6272291569980757,150138602.75087953,150.13860275087953
75.0,V2V,flow_south_north.2,flow_west_east.2,-65.52,88.52,75.81,True,1,2.804047158256e-10,2.804047158256e-10,1.0,inf,inf,D,2.805433637951716e-10,701.0079055351614,28.45722915699808,945534346.7045519,945.5343467045519
75.0,V2V,flow_west_east.2,flow_south_north.2,-65.52,88.52,75.81,True,1,2.804047158256e-10,2.804047158256e-10,1.0,inf,inf,D,2.805433637951716e-10,701.0079055351614,28.45722915699808,945534346.7045519,945.5343467045519
76.0,V2I,BS_1,flow_south_north.2,-91.2,121.2,580.11,False,1,7.590089139173999e-13,7.590089139173999e-13,1.0,inf,inf,D,7.58577575029182e-13,1.8954961894782159,2.777229156998064,153381059.8217928,153.3810598217928
76.0,V2I,BS_1,flow_west_east.2,-91.35,121.35,590.05,False,1,7.336509658181999e-13,7.336509658181999e-13,1.0,inf,inf,D,7.328245331389044e-13,1.8311457599672771,2.6272291569980757,150138602.75087953,150.13860275087953
76.0,V2V,flow_south_north.2,flow_west_east.2,-58.4,81.4,33.39,True,1,1.445116283134e-09,1.445116283134e-09,1.0,inf,inf,D,1.4454397707459278e-09,3611.793530099769,35.57722915699807,1181889909.2265916,1181.8899092265915
76.0,V2V,flow_west_east.2,flow_south_north.2,-58.4,81.4,33.39,True,1,1.445116283134e-09,1.445116283134e-09,1.0,inf,inf,D,1.4454397707459278e-09,3611.793530099769,35.57722915699807,1181889909.2265916,1181.8899092265915
77.0,V2I,BS_1,flow_south_north.2,-90.61,120.61,541.87,False,1,8.699239282647e-13,8.699239282647e-13,1.0,inf,inf,D,8.68960429286302e-13,2.171315415508001,3.3672291569980746,166508137.34238267,166.50813734238267
77.0,V2I,BS_1,flow_west_east.2,-91.27,121.27,585.3,False,1,7.456128550699999e-13,7.456128550699999e-13,1.0,inf,inf,D,7.464487584100684e-13,1.8651893013744834,2.7072291569980838,151863046.0145212,151.86304601452122
77.0,V2V,flow_south_north.2,flow_west_east.2,-61.08,84.08,45.47,True,1,7.796273783173e-10,7.796273783173e-10,1.0,inf,inf,D,7.798301105232593e-10,1948.6009758202379,32.89722915699808,1092896316.293829,1092.896316293829
77.0,V2V,flow_west_east.2,flow_south_north.2,-61.08,84.08,45.47,True,1,7.796273783173e-10,7.796273783173e-10,1.0,inf,inf,D,7.798301105232593e-10,1948.6009758202379,32.89722915699808,1092896316.293829,1092.896316293829
78.0,V2I,BS_1,flow_south_north.2,-90.03,120.03,507.33,False,1,9.92376987045e-13,9.92376987045e-13,1.0,inf,inf,D,9.931160484209335e-13,2.481549346379144,3.9472291569980724,179972947.18516198,179.97294718516198
78.0,V2I,BS_1,flow_west_east.2,-91.14,121.14,576.25,False,1,7.691942241022999e-13,7.691942241022999e-13,1.0,inf,inf,D,7.691304402866082e-13,1.9218651681324541,2.837229156998066,154688960.5330061,154.6889605330061
78.0,V2V,flow_south_north.2,flow_west_east.2,-67.31,90.31,93.13,True,1,1.857997737787e-10,1.857997737787e-10,1.0,inf,inf,D,1.8578044550916988e-10,464.21900427078924,26.667229156998076,886176622.211297,886.1766222112971
78.0,V2V,flow_west_east.2,flow_south_north.2,-67.31,90.31,93.13,True,1,1.857997737787e-10,1.857997737787e-10,1.0,inf,inf,D,1.8578044550916988e-10,464.21900427078924,26.667229156998076,886176622.211297,886.1766222112971
79.0,V2I,BS_1,flow_south_north.2,-89.48,119.48,475.86,False,1,1.128012494382e-12,1.128012494382e-12,1.0,inf,inf,D,1.1271974561755093e-12,2.8165853477648906,4.49722915699807,193228245.3721749,193.22824537217488
79.0,V2I,BS_1,flow_west_east.2,-90.92,120.92,561.74,False,1,8.094512023142e-13,8.094512023142e-13,1.0,inf,inf,D,8.090958991783814e-13,2.021728883504201,3.0572291569980683,159537422.43775305,159.53742243775307
79.0,V2V,flow_south_north.2,flow_west_east.2,-71.28,94.28,147.12,True,1,7.445908190686e-11,7.445908190686e-11,1.0,inf,inf,D,7.447319739059889e-11,186.08994850224607,22.697229156998073,754758824.0948294,754.7588240948295
79.0,V2V,flow_west_east.2,flow_south_north.2,-71.28,94.28,147.12,True,1,7.445908190686e-11,7.445908190686e-11,1.0,inf,inf,D,7.447319739059889e-11,186.08994850224607,22.697229156998073,754758824.0948294,754.7588240948295
80.0,V2I,BS_1,flow_south_north.2,-88.97,118.97,448.94,False,1,1.267314773747e-12,1.267314773747e-12,1.0,inf,inf,D,1.2676518658578448e-12,3.167545891698762,5.007229156998071,205919808.58011797,205.91980858011797
80.0,V2I,BS_1,flow_west_east.2,-90.61,120.61,542.18,False,1,8.689204011291999e-13,8.689204011291999e-13,1.0,inf,inf,D,8.68960429286302e-13,2.171315415508001,3.3672291569980746,166508137.34238267,166.50813734238267
80.0,V2V,flow_south_north.2,flow_west_east.2,-89.14,112.14,204.37,False,1,1.2202426510700001e-12,1.2202426510700001e-12,1.0,inf,inf,D,1.2189895989248674e-12,3.0459510218012675,4.8372291569980765,201647885.54789662,201.64788554789664
80.0,V2V,flow_west_east.2,flow_south_north.2,-89.14,112.14,204.37,False,1,1.2202426510700001e-12,1.2202426510700001e-12,1.0,inf,inf,D,1.2189895989248674e-12,3.0459510218012675,4.8372291569980765,201647885.54789662,201.64788554789664
81.0,V2I,BS_1,flow_south_north.2,-73.53,103.53,426.66,True,1,4.4372137247330005e-11,4.4372137247330005e-11,1.0,inf,inf,D,4.436086439314327e-11,110.84673761405114,20.447229156998077,680537936.5736606,680.5379365736607
81.0,V2I,BS_1,flow_west_east.2,-90.23,120.23,519.01,False,1,9.482316115251e-13,9.482316115251e-13,1.0,inf,inf,D,9.484184633008979e-13,2.369861227638425,3.747229156998077,175268918.1816603,175.2689181816603
81.0,V2V,flow_south_north.2,flow_west_east.2,-91.45,114.45,266.62,False,1,7.169129635680999e-13,7.169129635680999e-13,1.0,inf,inf,D,7.161434102129027e-13,1.789463793635439,2.5272291569980783,147998782.57786775,147.99878257786776
81.0,V2V,flow_west_east.2,flow_south_north.2,-91.45,114.45,266.62,False,1,7.169129635680999e-13,7.169129635680999e-13,1.0,inf,inf,D,7.161434102129027e-13,1.789463793635439,2.5272291569980783,147998782.57786775,147.99878257786776
82.0,V2I,BS_1,flow_south_north.2,-73.2,103.2,410.79,True,1,4.78656624372e-11,4.78656624372e-11,1.0,inf,inf,D,4.78630092322638e-11,119.59772421855021,20.77722915699807,691405887.2389252,691.4058872389252
82.0,V2I,BS_1,flow_west_east.2,-89.8,119.8,493.98,False,1,1.046754902958e-12,1.046754902958e-12,1.0,inf,inf,D,1.0471285480508985e-12,2.616513113570461,4.177229156998069,185459938.29207608,185.4599382920761
82.0,V2V,flow_south_north.2,flow_west_east.2,-93.34,116.34,331.64,False,1,4.63381448874e-13,4.63381448874e-13,1.0,inf,inf,D,4.634469197362884e-13,1.1580382802006206,0.6372291569980773,110972045.61909805,110.97204561909805
82.0,V2V,flow_west_east.2,flow_south_north.2,-93.34,116.34,331.64,False,1,4.63381448874e-13,4.63381448874e-13,1.0,inf,inf,D,4.634469197362884e-13,1.1580382802006206,0.6372291569980773,110972045.61909805,110.97204561909805
83.0,V2I,BS_1,flow_south_north.2,-73.0,103.0,401.62,True,1,5.0075817375770005e-11,5.0075817375770005e-11,1.0,inf,inf,D,5.011872336272725e-11,125.23419131116253,20.977229156998078,697995891.5896336,697.9958915896336
83.0,V2I,BS_1,flow_west_east.2,-89.36,119.36,469.44,False,1,1.159069797931e-12,1.159069797931e-12,1.0,inf,inf,D,1.1587773561551262e-12,2.895495642566532,4.617229156998074,196180690.09648743,196.18069009648744
83.0,V2V,flow_south_north.2,flow_west_east.2,-94.96,117.96,399.78,False,1,3.188832378131e-13,3.188832378131e-13,1.0,inf,inf,D,3.1915378551007716e-13,0.7974857209147355,-0.9827708430019126,84598031.00541012,84.59803100541012
83.0,V2V,flow_west_east.2,flow_south_north.2,-94.96,117.96,399.78,False,1,3.188832378131e-13,3.188832378131e-13,1.0,inf,inf,D,3.1915378551007716e-13,0.7974857209147355,-0.9827708430019126,84598031.00541012,84.59803100541012
84.0,V2I,BS_1,flow_south_north.2,-72.96,102.96,399.62,True,1,5.0578979457410005e-11,5.0578979457410005e-11,1.0,inf,inf,D,5.0582466200311476e-11,126.39296901627054,21.01722915699808,699314184.5349534,699.3141845349534
84.0,V2I,BS_1,flow_west_east.2,-73.96,103.96,448.32,True,1,4.018703483439e-11,4.018703483439e-11,1.0,inf,inf,D,4.0179081084894086e-11,100.39750396025508,20.017229156998084,666387832.8620085,666.3878328620085
84.0,V2V,flow_south_north.2,flow_west_east.2,-96.34,119.34,468.21,False,1,2.324800869631e-13,2.324800869631e-13,1.0,inf,inf,D,2.322736796357105e-13,0.5803940020882321,-2.36277084300193,66028427.612198,66.028427612198
84.0,V2V,flow_west_east.2,flow_south_north.2,-96.34,119.34,468.21,False,1,2.324800869631e-13,2.324800869631e-13,1.0,inf,inf,D,2.322736796357105e-13,0.5803940020882321,-2.36277084300193,66028427.612198,66.028427612198
85.0,V2I,BS_1,flow_south_north.2,-73.07,103.07,404.69,True,1,4.932009677946e-11,4.932009677946e-11,1.0,inf,inf,D,4.9317380395493647e-11,123.2318350711985,20.907229156998078,695689110.9018753,695.6891109018752
85.0,V2I,BS_1,flow_west_east.2,-73.62,103.62,431.37,True,1,4.3407310778710006e-11,4.3407310778710006e-11,1.0,inf,inf,D,4.3451022417157146e-11,108.57326940818875,20.357229156998073,677575208.3002428,677.5752083002428
85.0,V2V,flow_south_north.2,flow_west_east.2,-97.54,120.54,537.57,False,1,1.7635666287489998e-13,1.7635666287489998e-13,1.0,inf,inf,D,1.761976046411624e-13,0.4402738746655731,-3.56277084300194,52634317.28153339,52.63431728153339
85.0,V2V,flow_west_east.2,flow_south_north.2,-97.54,120.54,537.57,False,1,1.7635666287489998e-13,1.7635666287489998e-13,1.0,inf,inf,D,1.761976046411624e-13,0.4402738746655731,-3.56277084300194,52634317.28153339,52.63431728153339
86.0,V2I,BS_1,flow_south_north.2,-73.32,103.32,416.71,True,1,4.651559622099e-11,4.651559622099e-11,1.0,inf,inf,D,4.6558609352296007e-11,116.33835420363819,20.657229156998085,687453085.1692097,687.4530851692098
86.0,V2I,BS_1,flow_west_east.2,-73.38,103.38,419.52,True,1,4.589325167617e-11,4.589325167617e-11,1.0,inf,inf,D,4.5919801283686945e-11,114.74213214314578,20.597229156998083,685477031.5840274,685.4770315840274
86.0,V2V,flow_south_north.2,flow_west_east.2,-98.59,121.59,606.69,False,1,1.3846329676e-13,1.3846329676e-13,1.0,inf,inf,D,1.383566378971781e-13,0.34571873537525755,-4.612770843001926,42837690.810449176,42.837690810449175
86.0,V2V,flow_west_east.2,flow_south_north.2,-98.59,121.59,606.69,False,1,1.3846329676e-13,1.3846329676e-13,1.0,inf,inf,D,1.383566378971781e-13,0.34571873537525755,-4.612770843001926,42837690.810449176,42.837690810449175
87.0,V2I,BS_1,flow_south_north.2,-73.69,103.69,434.82,True,1,4.272139155707e-11,4.272139155707e-11,1.0,inf,inf,D,4.2756288615158646e-11,106.83730288645337,20.287229156998077,675271250.8682743,675.2712508682744
87.0,V2I,BS_1,flow_west_east.2,-73.23,103.23,412.31,True,1,4.75136318827e-11,4.75136318827e-11,1.0,inf,inf,D,4.7533522594280486e-11,118.77441927606317,20.74722915699807,690417600.8383204,690.4176008383204
87.0,V2V,flow_south_north.2,flow_west_east.2,-99.52,122.52,675.49,False,1,1.1169176416569999e-13,1.1169176416569999e-13,1.0,inf,inf,D,1.1168632477805612e-13,0.27907627380823613,-5.542770843001926,35510229.74985818,35.510229749858176
87.0,V2V,flow_west_east.2,flow_south_north.2,-99.52,122.52,675.49,False,1,1.1169176416569999e-13,1.1169176416569999e-13,1.0,inf,inf,D,1.1168632477805612e-13,0.27907627380823613,-5.542770843001926,35510229.74985818,35.510229749858176
88.0,V2I,BS_1,flow_south_north.2,-74.15,104.15,458.42,True,1,3.843669573484e-11,3.843669573484e-11,1.0,inf,inf,D,3.8459178204535276e-11,96.0998955635564,19.827229156998065,660139783.8832341,660.1397838832341
88.0,V2I,BS_1,flow_west_east.2,-73.18,103.18,410.0,True,1,4.8049604987760005e-11,4.8049604987760005e-11,1.0,inf,inf,D,4.80839348449728e-11,120.14976223131633,20.79722915699807,692064776.3131566,692.0647763131566
88.0,V2V,flow_south_north.2,flow_west_east.2,-85.37,108.37,744.76,True,1,2.9055539630940002e-12,2.9055539630940002e-12,1.0,inf,inf,D,2.904022654464445e-12,7.256428421950137,8.607229156998065,304551783.3429118,304.5517833429118
88.0,V2V,flow_west_east.2,flow_south_north.2,-85.37,108.37,744.76,True,1,2.9055539630940002e-12,2.9055539630940002e-12,1.0,inf,inf,D,2.904022654464445e-12,7.256428421950137,8.607229156998065,304551783.3429118,304.5517833429118
89.0,V2I,BS_1,flow_west_east.2,-73.25,103.25,412.98,True,1,4.7359686476930006e-11,4.7359686476930006e-11,1.0,inf,inf,D,4.7315125896148025e-11,118.22870039017496,20.72722915699807,689758774.8784709,689.758774878471
90.0,V2I,BS_1,flow_west_east.2,-73.41,103.41,420.82,True,1,4.5610738681830003e-11,4.5610738681830003e-11,1.0,inf,inf,D,4.560369159512969e-11,113.95225286139352,20.56722915699808,684489093.0385938,684.4890930385938
91.0,V2I,BS_1,flow_west_east.2,-73.67,103.67,433.82,True,1,4.2919491402e-11,4.2919491402e-11,1.0,inf,inf,D,4.2953642676488726e-11,107.33044147048656,20.307229156998076,675929489.5208132,675.9294895208133
92.0,V2I,BS_1,flow_west_east.2,-74.01,104.01,451.03,True,1,3.9705492161710003e-11,3.9705492161710003e-11,1.0,inf,inf,D,3.9719154946943966e-11,99.24826323574203,19.967229156998066,664743343.2510916,664.7433432510916
93.0,V2I,BS_1,flow_west_east.2,-74.4,104.4,471.83,True,1,3.6282713535730004e-11,3.6282713535730004e-11,1.0,inf,inf,D,3.63078054770101e-11,90.72415161671688,19.57722915699807,651922975.0518001,651.9229750518001
