timestamp,vehicle_id,desired_bs_id,assigned_bs_id,accepted,baseline_name,score,throughput_truth,snr_db_truth
0.0,we_0,BS_1,BS_1,1,max_snr,-2.932770843001916,38.0,-2.932770843001916
1.0,ew_0,BS_1,BS_1,1,max_snr,20.387229156998075,440.00000000000006,20.387229156998075
1.0,ns_0,BS_1,BS_1,1,max_snr,19.537229156998073,330.0,19.537229156998073
1.0,sn_0,BS_1,BS_1,1,max_snr,-2.7427708430019324,38.0,-2.7427708430019324
1.0,we_0,BS_1,BS_1,1,max_snr,-2.7227708430019257,38.0,-2.7227708430019257
1.0,we_1,BS_1,BS_1,1,max_snr,-2.892770843001938,38.0,-2.892770843001938
2.0,ew_0,BS_1,BS_1,1,max_snr,20.07722915699807,440.00000000000006,20.07722915699807
2.0,ew_1,BS_1,BS_1,1,max_snr,19.857229156998063,330.0,19.857229156998063
2.0,ns_0,BS_1,BS_1,1,max_snr,20.417229156998076,440.00000000000006,20.417229156998076
2.0,ns_1,BS_1,BS_1,1,max_snr,20.277229156998075,440.00000000000006,20.277229156998075
2.0,se_0,BS_1,BS_1,1,max_snr,-2.812770843001929,38.0,-2.812770843001929
2.0,sn_0,BS_1,BS_1,1,max_snr,-2.5127708430019178,38.0,-2.5127708430019178
2.0,sn_1,BS_1,BS_1,1,max_snr,-2.692770843001924,38.0,-2.692770843001924
2.0,sn_2,BS_1,,0,max_snr,-2.882770843001926,0.0,
2.0,we_0,BS_1,BS_1,1,max_snr,-2.4927708430019293,38.0,-2.4927708430019293
2.0,we_1,BS_1,BS_1,1,max_snr,-2.6627708430019235,38.0,-2.6627708430019235
2.0,we_2,BS_1,,0,max_snr,-2.8427708430019134,0.0,
2.0,wn_0,BS_1,BS_1,1,max_snr,-2.7827708430019276,38.0,-2.7827708430019276
3.0,ew_0,BS_1,BS_1,1,max_snr,20.81722915699807,440.00000000000006,20.81722915699807
3.0,ew_1,BS_1,BS_1,1,max_snr,20.787229156998073,440.00000000000006,20.787229156998073
3.0,ew_2,BS_1,BS_1,1,max_snr,20.61722915699807,440.00000000000006,20.61722915699807
3.0,ns_0,BS_1,BS_1,1,max_snr,20.08722915699807,440.00000000000006,20.08722915699807
3.0,ns_1,BS_1,BS_1,1,max_snr,20.217229156998073,440.00000000000006,20.217229156998073
3.0,ns_2,BS_1,BS_1,1,max_snr,19.887229156998067,330.0,19.887229156998067
3.0,se_0,BS_1,,0,max_snr,-2.6127708430019334,0.0,
3.0,se_1,BS_1,,0,max_snr,-2.8427708430019134,0.0,
3.0,sn_0,BS_1,BS_1,1,max_snr,-2.2627708430019142,38.0,-2.2627708430019142
3.0,sn_1,BS_1,BS_1,1,max_snr,-2.442770843001922,38.0,-2.442770843001922
3.0,sn_2,BS_1,,0,max_snr,-2.6327708430019223,0.0,
3.0,sn_3,BS_1,,0,max_snr,-2.8327708430019367,0.0,
3.0,we_0,BS_1,BS_1,1,max_snr,-2.2627708430019142,38.0,-2.2627708430019142
3.0,we_1,BS_1,BS_1,1,max_snr,-2.4327708430019266,38.0,-2.4327708430019266
3.0,we_2,BS_1,,0,max_snr,-2.6127708430019334,0.0,
3.0,we_3,BS_1,,0,max_snr,-2.792770843001922,0.0,
3.0,wn_0,BS_1,,0,max_snr,-2.5827708430019323,0.0,
3.0,wn_1,BS_1,,0,max_snr,-2.812770843001929,0.0,
4.0,ew_0,BS_1,BS_1,1,max_snr,21.137229156998067,440.00000000000006,21.137229156998067
4.0,ew_1,BS_1,BS_1,1,max_snr,20.357229156998073,440.00000000000006,20.357229156998073
4.0,ew_2,BS_1,BS_1,1,max_snr,20.42722915699808,440.00000000000006,20.42722915699808
4.0,ew_3,BS_1,BS_1,1,max_snr,20.147229156998073,440.00000000000006,20.147229156998073
4.0,ew_4,BS_1,BS_1,1,max_snr,19.927229156998077,330.0,19.927229156998077
4.0,ns_0,BS_1,BS_1,1,max_snr,20.687229156998068,440.00000000000006,20.687229156998068
4.0,ns_1,BS_1,BS_1,1,max_snr,20.597229156998083,440.00000000000006,20.597229156998083
4.0,ns_2,BS_1,BS_1,1,max_snr,20.05722915699807,440.00000000000006,20.05722915699807
4.0,ns_3,BS_1,BS_1,1,max_snr,20.007229156998072,440.00000000000006,20.007229156998072
4.0,se_0,BS_1,,0,max_snr,-2.4127708430019204,0.0,
4.0,se_1,BS_1,,0,max_snr,-2.642770843001934,0.0,
4.0,se_2,BS_1,,0,max_snr,-2.882770843001926,0.0,
4.0,sn_0,BS_1,BS_1,1,max_snr,-2.022770843001924,38.0,-2.022770843001924
4.0,sn_1,BS_1,,0,max_snr,-2.1927708430019353,0.0,
4.0,sn_2,BS_1,,0,max_snr,-2.382770843001919,0.0,
4.0,sn_3,BS_1,,0,max_snr,-2.572770843001919,0.0,
4.0,sn_4,BS_1,,0,max_snr,-2.792770843001922,0.0,
4.0,we_0,BS_1,,0,max_snr,-2.032770843001935,0.0,
4.0,we_1,BS_1,,0,max_snr,-2.1927708430019353,0.0,
4.0,we_2,BS_1,,0,max_snr,-2.3727708430019243,0.0,
4.0,we_3,BS_1,,0,max_snr,-2.552770843001931,0.0,
4.0,we_4,BS_1,,0,max_snr,-2.7627708430019213,0.0,
4.0,we_5,BS_1,,0,max_snr,-2.932770843001916,0.0,
4.0,wn_0,BS_1,,0,max_snr,-2.382770843001919,0.0,
4.0,wn_1,BS_1,,0,max_snr,-2.6127708430019334,0.0,
4.0,wn_2,BS_1,,0,max_snr,-2.8527708430019256,0.0,
5.0,ew_0,BS_1,BS_1,1,max_snr,21.297229156998068,440.00000000000006,21.297229156998068
5.0,ew_1,BS_1,BS_1,1,max_snr,20.77722915699807,440.00000000000006,20.77722915699807
5.0,ew_2,BS_1,BS_1,1,max_snr,20.927229156998077,440.00000000000006,20.927229156998077
5.0,ew_3,BS_1,BS_1,1,max_snr,20.337229156998077,440.00000000000006,20.337229156998077
5.0,ew_4,BS_1,BS_1,1,max_snr,20.657229156998085,440.00000000000006,20.657229156998085
5.0,ew_5,BS_1,BS_1,1,max_snr,20.437229156998065,440.00000000000006,20.437229156998065
5.0,ns_0,BS_1,BS_1,1,max_snr,20.677229156998074,440.00000000000006,20.677229156998074
5.0,ns_1,BS_1,BS_1,1,max_snr,20.417229156998076,440.00000000000006,20.417229156998076
5.0,ns_2,BS_1,BS_1,1,max_snr,20.71722915699807,440.00000000000006,20.71722915699807
5.0,ns_3,BS_1,BS_1,1,max_snr,20.707229156998075,440.00000000000006,20.707229156998075
5.0,ns_4,BS_1,,0,max_snr,19.877229156998084,0.0,
5.0,ns_5,BS_1,,0,max_snr,19.54722915699807,0.0,
5.0,se_0,BS_1,,0,max_snr,-2.212770843001925,0.0,
5.0,se_1,BS_1,,0,max_snr,-2.4327708430019266,0.0,
5.0,se_2,BS_1,,0,max_snr,-2.6727708430019357,0.0,
5.0,sn_0,BS_1,,0,max_snr,-1.762770843001925,0.0,
5.0,sn_1,BS_1,,0,max_snr,-1.942770843001932,0.0,
5.0,sn_2,BS_1,,0,max_snr,-2.1227708430019203,0.0,
5.0,sn_3,BS_1,,0,max_snr,-2.3127708430019394,0.0,
5.0,sn_4,BS_1,,0,max_snr,-2.552770843001931,0.0,
5.0,sn_5,BS_1,,0,max_snr,-2.7427708430019324,0.0,
5.0,we_0,BS_1,,0,max_snr,-1.7927708430019265,0.0,
5.0,we_1,BS_1,,0,max_snr,-1.9527708430019264,0.0,
5.0,we_2,BS_1,,0,max_snr,-2.1227708430019203,0.0,
5.0,we_3,BS_1,,0,max_snr,-2.3027708430019276,0.0,
5.0,we_4,BS_1,,0,max_snr,-2.5427708430019185,0.0,
5.0,we_5,BS_1,,0,max_snr,-2.712770843001931,0.0,
5.0,we_6,BS_1,,0,max_snr,-2.892770843001938,0.0,
5.0,wn_0,BS_1,,0,max_snr,-2.172770843001928,0.0,
5.0,wn_1,BS_1,,0,max_snr,-2.4027708430019263,0.0,
5.0,wn_2,BS_1,,0,max_snr,-2.642770843001934,0.0,
5.0,wn_3,BS_1,,0,max_snr,-2.902770843001915,0.0,
6.0,ew_0,BS_1,BS_1,1,max_snr,20.847229156998075,440.00000000000006,20.847229156998075
6.0,ew_1,BS_1,BS_1,1,max_snr,20.757229156998072,440.00000000000006,20.757229156998072
6.0,ew_2,BS_1,BS_1,1,max_snr,20.81722915699807,440.00000000000006,20.81722915699807
6.0,ew_3,BS_1,BS_1,1,max_snr,20.97722915699808,440.00000000000006,20.97722915699808
6.0,ew_4,BS_1,BS_1,1,max_snr,20.337229156998077,440.00000000000006,20.337229156998077
6.0,ew_5,BS_1,,0,max_snr,20.05722915699807,0.0,
6.0,ew_6,BS_1,,0,max_snr,19.83722915699807,0.0,
6.0,ns_0,BS_1,BS_1,1,max_snr,21.027229156998075,440.00000000000006,21.027229156998075
6.0,ns_1,BS_1,BS_1,1,max_snr,20.877229156998077,440.00000000000006,20.877229156998077
6.0,ns_2,BS_1,BS_1,1,max_snr,21.057229156998076,440.00000000000006,21.057229156998076
6.0,ns_3,BS_1,BS_1,1,max_snr,20.257229156998076,440.00000000000006,20.257229156998076
6.0,ns_4,BS_1,BS_1,1,max_snr,20.657229156998085,440.00000000000006,20.657229156998085
6.0,ns_5,BS_1,,0,max_snr,20.24722915699807,0.0,
6.0,ns_6,BS_1,,0,max_snr,20.237229156998076,0.0,
6.0,se_0,BS_1,,0,max_snr,-2.002770843001934,0.0,
6.0,se_1,BS_1,,0,max_snr,-2.222770843001936,0.0,
6.0,se_2,BS_1,,0,max_snr,-2.4627708430019273,0.0,
6.0,se_3,BS_1,,0,max_snr,-2.73277084300192,0.0,
6.0,sn_0,BS_1,,0,max_snr,-1.5027708430019269,0.0,
6.0,sn_1,BS_1,,0,max_snr,-1.6727708430019388,0.0,
6.0,sn_2,BS_1,,0,max_snr,-1.8527708430019292,0.0,
6.0,sn_3,BS_1,,0,max_snr,-2.0427708430019296,0.0,
6.0,sn_4,BS_1,,0,max_snr,-2.3127708430019394,0.0,
6.0,sn_5,BS_1,,0,max_snr,-2.4927708430019293,0.0,
6.0,sn_6,BS_1,,0,max_snr,-2.68277084300193,0.0,
6.0,sn_7,BS_1,,0,max_snr,-2.882770843001926,0.0,
6.0,we_0,BS_1,,0,max_snr,-1.552770843001935,0.0,
6.0,we_1,BS_1,,0,max_snr,-1.70277084300194,0.0,
6.0,we_2,BS_1,,0,max_snr,-1.8727708430019163,0.0,
6.0,we_3,BS_1,,0,max_snr,-2.0427708430019296,0.0,
6.0,we_4,BS_1,,0,max_snr,-2.3127708430019394,0.0,
6.0,we_5,BS_1,,0,max_snr,-2.4827708430019166,0.0,
6.0,we_6,BS_1,,0,max_snr,-2.652770843001929,0.0,
6.0,we_7,BS_1,,0,max_snr,-2.8427708430019134,0.0,
6.0,wn_0,BS_1,,0,max_snr,-1.96277084300192,0.0,
6.0,wn_1,BS_1,,0,max_snr,-2.1927708430019353,0.0,
6.0,wn_2,BS_1,,0,max_snr,-2.422770843001932,0.0,
6.0,wn_3,BS_1,,0,max_snr,-2.7027708430019364,0.0,
7.0,ew_0,BS_1,BS_1,1,max_snr,21.097229156998083,440.00000000000006,21.097229156998083
7.0,ew_1,BS_1,BS_1,1,max_snr,21.467229156998073,440.00000000000006,21.467229156998073
7.0,ew_2,BS_1,BS_1,1,max_snr,21.35722915699807,440.00000000000006,21.35722915699807
7.0,ew_3,BS_1,BS_1,1,max_snr,21.297229156998068,440.00000000000006,21.297229156998068
7.0,ew_4,BS_1,BS_1,1,max_snr,20.56722915699808,440.00000000000006,20.56722915699808
7.0,ew_5,BS_1,BS_1,1,max_snr,20.967229156998073,440.00000000000006,20.967229156998073
7.0,ew_6,BS_1,BS_1,1,max_snr,20.61722915699807,440.00000000000006,20.61722915699807
7.0,ew_7,BS_1,,0,max_snr,20.55722915699807,0.0,
7.0,ew_8,BS_1,,0,max_snr,20.167229156998072,0.0,
7.0,ns_0,BS_1,BS_1,1,max_snr,21.527229156998075,440.00000000000006,21.527229156998075
7.0,ns_1,BS_1,BS_1,1,max_snr,20.81722915699807,440.00000000000006,20.81722915699807
7.0,ns_2,BS_1,BS_1,1,max_snr,20.947229156998077,440.00000000000006,20.947229156998077
7.0,ns_3,BS_1,,0,max_snr,20.527229156998068,0.0,
7.0,ns_4,BS_1,,0,max_snr,20.36722915699808,0.0,
7.0,ns_5,BS_1,,0,max_snr,20.37722915699808,0.0,
7.0,ns_6,BS_1,,0,max_snr,20.447229156998077,0.0,
7.0,ns_7,BS_1,,0,max_snr,19.987229156998083,0.0,
7.0,se_0,BS_1,,0,max_snr,-1.7927708430019265,0.0,
7.0,se_1,BS_1,,0,max_snr,-2.0127708430019293,0.0,
7.0,se_2,BS_1,,0,max_snr,-2.242770843001925,0.0,
7.0,se_3,BS_1,,0,max_snr,-2.5327708430019245,0.0,
7.0,se_4,BS_1,,0,max_snr,-2.7627708430019213,0.0,
7.0,sn_0,BS_1,,0,max_snr,-1.2427708430019282,0.0,
7.0,sn_1,BS_1,,0,max_snr,-1.4027708430019292,0.0,
7.0,sn_2,BS_1,,0,max_snr,-1.5827708430019354,0.0,
7.0,sn_3,BS_1,,0,max_snr,-1.762770843001925,0.0,
7.0,sn_4,BS_1,,0,max_snr,-2.0727708430019303,0.0,
7.0,sn_5,BS_1,,0,max_snr,-2.242770843001925,0.0,
7.0,sn_6,BS_1,,0,max_snr,-2.4327708430019266,0.0,
7.0,sn_7,BS_1,,0,max_snr,-2.622770843001928,0.0,
7.0,sn_8,BS_1,,0,max_snr,-2.8427708430019134,0.0,
7.0,we_0,BS_1,,0,max_snr,-1.3027708430019307,0.0,
7.0,we_1,BS_1,,0,max_snr,-1.4527708430019377,0.0,
7.0,we_2,BS_1,,0,max_snr,-1.6127708430019372,0.0,
7.0,we_3,BS_1,,0,max_snr,-1.782770843001933,0.0,
7.0,we_4,BS_1,,0,max_snr,-2.082770843001925,0.0,
7.0,we_5,BS_1,,0,max_snr,-2.242770843001925,0.0,
7.0,we_6,BS_1,,0,max_snr,-2.4127708430019204,0.0,
7.0,we_7,BS_1,,0,max_snr,-2.602770843001921,0.0,
7.0,we_8,BS_1,,0,max_snr,-2.8027708430019347,0.0,
7.0,wn_0,BS_1,,0,max_snr,-1.752770843001931,0.0,
7.0,wn_1,BS_1,,0,max_snr,-1.972770843001934,0.0,
7.0,wn_2,BS_1,,0,max_snr,-2.2027708430019297,0.0,
7.0,wn_3,BS_1,,0,max_snr,-2.502770843001923,0.0,
7.0,wn_4,BS_1,,0,max_snr,-2.73277084300192,0.0,
8.0,ew_0,BS_1,BS_1,1,max_snr,21.61722915699808,440.00000000000006,21.61722915699808
8.0,ew_1,BS_1,BS_1,1,max_snr,21.767229156998084,440.00000000000006,21.767229156998084
8.0,ew_2,BS_1,BS_1,1,max_snr,21.59722915699808,440.00000000000006,21.59722915699808
8.0,ew_3,BS_1,BS_1,1,max_snr,20.927229156998077,440.00000000000006,20.927229156998077
8.0,ew_4,BS_1,,0,max_snr,20.71722915699807,0.0,
8.0,ew_5,BS_1,BS_1,1,max_snr,20.81722915699807,440.00000000000006,20.81722915699807
8.0,ew_6,BS_1,,0,max_snr,20.597229156998083,0.0,
8.0,ew_7,BS_1,,0,max_snr,20.737229156998076,0.0,
8.0,ew_8,BS_1,,0,max_snr,19.987229156998083,0.0,
8.0,ew_9,BS_1,,0,max_snr,19.887229156998067,0.0,
8.0,ns_0,BS_1,BS_1,1,max_snr,21.957229156998075,440.00000000000006,21.957229156998075
8.0,ns_1,BS_1,BS_1,1,max_snr,21.01722915699808,440.00000000000006,21.01722915699808
8.0,ns_2,BS_1,BS_1,1,max_snr,21.537229156998077,440.00000000000006,21.537229156998077
8.0,ns_3,BS_1,BS_1,1,max_snr,20.917229156998076,440.00000000000006,20.917229156998076
8.0,ns_4,BS_1,,0,max_snr,20.61722915699807,0.0,
8.0,ns_5,BS_1,BS_1,1,max_snr,20.967229156998073,440.00000000000006,20.967229156998073
8.0,ns_6,BS_1,,0,max_snr,20.267229156998077,0.0,
8.0,ns_7,BS_1,,0,max_snr,19.937229156998065,0.0,
8.0,ns_8,BS_1,,0,max_snr,20.34722915699808,0.0,
8.0,se_0,BS_1,,0,max_snr,-1.572770843001924,0.0,
8.0,se_1,BS_1,,0,max_snr,-1.7927708430019265,0.0,
8.0,se_2,BS_1,,0,max_snr,-2.022770843001924,0.0,
8.0,se_3,BS_1,,0,max_snr,-2.3327708430019283,0.0,
8.0,se_4,BS_1,,0,max_snr,-2.5627708430019256,0.0,
8.0,se_5,BS_1,,0,max_snr,-2.8027708430019347,0.0,
8.0,sn_0,BS_1,,0,max_snr,-0.9727708430019364,0.0,
8.0,sn_1,BS_1,,0,max_snr,-1.1227708430019243,0.0,
8.0,sn_2,BS_1,,0,max_snr,-1.3027708430019307,0.0,
8.0,sn_3,BS_1,,0,max_snr,-1.4827708430019195,0.0,
8.0,sn_4,BS_1,,0,max_snr,-1.812770843001933,0.0,
8.0,sn_5,BS_1,,0,max_snr,-1.9927708430019215,0.0,
8.0,sn_6,BS_1,,0,max_snr,-2.172770843001928,0.0,
8.0,sn_7,BS_1,,0,max_snr,-2.36277084300193,0.0,
8.0,sn_8,BS_1,,0,max_snr,-2.602770843001921,0.0,
8.0,sn_9,BS_1,,0,max_snr,-2.792770843001922,0.0,
8.0,we_0,BS_1,,0,max_snr,-1.0427708430019154,0.0,
8.0,we_1,BS_1,,0,max_snr,-1.1927708430019213,0.0,
8.0,we_10,BS_1,,0,max_snr,-2.932770843001916,0.0,
8.0,we_2,BS_1,,0,max_snr,-1.3427708430019267,0.0,
8.0,we_3,BS_1,,0,max_snr,-1.5127708430019218,0.0,
8.0,we_4,BS_1,,0,max_snr,-1.842770843001916,0.0,
8.0,we_5,BS_1,,0,max_snr,-2.002770843001934,0.0,
8.0,we_6,BS_1,,0,max_snr,-2.172770843001928,0.0,
8.0,we_7,BS_1,,0,max_snr,-2.352770843001917,0.0,
8.0,we_8,BS_1,,0,max_snr,-2.5827708430019323,0.0,
8.0,we_9,BS_1,,0,max_snr,-2.752770843001927,0.0,
8.0,wn_0,BS_1,,0,max_snr,-1.532770843001928,0.0,
8.0,wn_1,BS_1,,0,max_snr,-1.752770843001931,0.0,
8.0,wn_2,BS_1,,0,max_snr,-1.9827708430019269,0.0,
8.0,wn_3,BS_1,,0,max_snr,-2.3027708430019276,0.0,
8.0,wn_4,BS_1,,0,max_snr,-2.5327708430019245,0.0,
8.0,wn_5,BS_1,,0,max_snr,-2.7727708430019335,0.0,
9.0,ew_0,BS_1,BS_1,1,max_snr,21.457229156998075,440.00000000000006,21.457229156998075
9.0,ew_1,BS_1,BS_1,1,max_snr,21.81722915699808,440.00000000000006,21.81722915699808
9.0,ew_10,BS_1,,0,max_snr,20.487229156998083,0.0,
9.0,ew_2,BS_1,BS_1,1,max_snr,21.72722915699808,440.00000000000006,21.72722915699808
9.0,ew_3,BS_1,BS_1,1,max_snr,21.717229156998066,440.00000000000006,21.717229156998066
9.0,ew_4,BS_1,BS_1,1,max_snr,21.19722915699807,440.00000000000006,21.19722915699807
9.0,ew_5,BS_1,,0,max_snr,21.137229156998067,0.0,
9.0,ew_6,BS_1,BS_1,1,max_snr,21.187229156998065,440.00000000000006,21.187229156998065
9.0,ew_7,BS_1,,0,max_snr,20.547229156998064,0.0,
9.0,ew_8,BS_1,,0,max_snr,20.807229156998073,0.0,
9.0,ew_9,BS_1,,0,max_snr,20.707229156998075,0.0,
9.0,ns_0,BS_1,BS_1,1,max_snr,21.527229156998075,440.00000000000006,21.527229156998075
9.0,ns_1,BS_1,BS_1,1,max_snr,21.94722915699807,440.00000000000006,21.94722915699807
9.0,ns_10,BS_1,,0,max_snr,19.55722915699807,0.0,
9.0,ns_2,BS_1,BS_1,1,max_snr,21.33722915699807,440.00000000000006,21.33722915699807
9.0,ns_3,BS_1,,0,max_snr,20.827229156998072,0.0,
9.0,ns_4,BS_1,BS_1,1,max_snr,21.19722915699807,440.00000000000006,21.19722915699807
9.0,ns_5,BS_1,,0,max_snr,21.087229156998077,0.0,
9.0,ns_6,BS_1,,0,max_snr,20.42722915699808,0.0,
9.0,ns_7,BS_1,,0,max_snr,20.887229156998075,0.0,
9.0,ns_8,BS_1,,0,max_snr,20.05722915699807,0.0,
9.0,ns_9,BS_1,,0,max_snr,20.037229156998073,0.0,
9.0,se_0,BS_1,,0,max_snr,-1.3527708430019207,0.0,
9.0,se_1,BS_1,,0,max_snr,-1.5627708430019291,0.0,
9.0,se_2,BS_1,,0,max_snr,-1.7927708430019265,0.0,
9.0,se_3,BS_1,,0,max_snr,-2.1227708430019203,0.0,
9.0,se_4,BS_1,,0,max_snr,-2.352770843001917,0.0,
9.0,se_5,BS_1,,0,max_snr,-2.5927708430019267,0.0,
9.0,se_6,BS_1,,0,max_snr,-2.8527708430019256,0.0,
9.0,sn_0,BS_1,,0,max_snr,-0.6927708430019315,0.0,
9.0,sn_1,BS_1,,0,max_snr,-0.84277084300192,0.0,
9.0,sn_10,BS_1,,0,max_snr,-2.73277084300192,0.0,
9.0,sn_2,BS_1,,0,max_snr,-1.0127708430019149,0.0,
9.0,sn_3,BS_1,,0,max_snr,-1.182770843001926,0.0,
9.0,sn_4,BS_1,,0,max_snr,-1.5627708430019291,0.0,
9.0,sn_5,BS_1,,0,max_snr,-1.732770843001924,0.0,
9.0,sn_6,BS_1,,0,max_snr,-1.902770843001918,0.0,
9.0,sn_7,BS_1,,0,max_snr,-2.092770843001919,0.0,
9.0,sn_8,BS_1,,0,max_snr,-2.36277084300193,0.0,
9.0,sn_9,BS_1,,0,max_snr,-2.5427708430019185,0.0,
9.0,we_0,BS_1,,0,max_snr,-0.7827708430019352,0.0,
9.0,we_1,BS_1,,0,max_snr,-0.9227708430019288,0.0,
9.0,we_10,BS_1,,0,max_snr,-2.7027708430019364,0.0,
9.0,we_11,BS_1,,0,max_snr,-2.892770843001938,0.0,
9.0,we_2,BS_1,,0,max_snr,-1.0727708430019167,0.0,
9.0,we_3,BS_1,,0,max_snr,-1.232770843001917,0.0,
9.0,we_4,BS_1,,0,max_snr,-1.602770843001924,0.0,
9.0,we_5,BS_1,,0,max_snr,-1.752770843001931,0.0,
9.0,we_6,BS_1,,0,max_snr,-1.9227708430019248,0.0,
9.0,we_7,BS_1,,0,max_snr,-2.092770843001919,0.0,
9.0,we_8,BS_1,,0,max_snr,-2.36277084300193,0.0,
9.0,we_9,BS_1,,0,max_snr,-2.522770843001931,0.0,
9.0,wn_0,BS_1,,0,max_snr,-1.3127708430019256,0.0,
9.0,wn_1,BS_1,,0,max_snr,-1.5227708430019335,0.0,
9.0,wn_2,BS_1,,0,max_snr,-1.752770843001931,0.0,
9.0,wn_3,BS_1,,0,max_snr,-2.092770843001919,0.0,
9.0,wn_4,BS_1,,0,max_snr,-2.322770843001917,0.0,
9.0,wn_5,BS_1,,0,max_snr,-2.552770843001931,0.0,
9.0,wn_6,BS_1,,0,max_snr,-2.822770843001923,0.0,
10.0,ew_0,BS_1,BS_1,1,max_snr,22.147229156998076,440.00000000000006,22.147229156998076
10.0,ew_1,BS_1,BS_1,1,max_snr,21.78722915699808,440.00000000000006,21.78722915699808
10.0,ew_10,BS_1,,0,max_snr,20.22722915699807,0.0,
10.0,ew_11,BS_1,,0,max_snr,19.84722915699808,0.0,
10.0,ew_2,BS_1,BS_1,1,max_snr,21.537229156998077,440.00000000000006,21.537229156998077
10.0,ew_3,BS_1,BS_1,1,max_snr,21.397229156998073,440.00000000000006,21.397229156998073
10.0,ew_4,BS_1,,0,max_snr,21.077229156998065,0.0,
10.0,ew_5,BS_1,BS_1,1,max_snr,21.097229156998083,440.00000000000006,21.097229156998083
10.0,ew_6,BS_1,BS_1,1,max_snr,21.127229156998084,440.00000000000006,21.127229156998084
10.0,ew_7,BS_1,,0,max_snr,20.677229156998074,0.0,
10.0,ew_8,BS_1,,0,max_snr,20.877229156998077,0.0,
10.0,ew_9,BS_1,,0,max_snr,20.277229156998075,0.0,
10.0,ns_0,BS_1,,0,max_snr,21.047229156998064,0.0,
10.0,ns_1,BS_1,BS_1,1,max_snr,21.107229156998063,440.00000000000006,21.107229156998063
10.0,ns_10,BS_1,,0,max_snr,20.05722915699807,0.0,
10.0,ns_11,BS_1,,0,max_snr,20.197229156998073,0.0,
10.0,ns_2,BS_1,BS_1,1,max_snr,21.857229156998063,440.00000000000006,21.857229156998063
10.0,ns_3,BS_1,BS_1,1,max_snr,21.96722915699807,440.00000000000006,21.96722915699807
10.0,ns_4,BS_1,BS_1,1,max_snr,21.78722915699808,440.00000000000006,21.78722915699808
10.0,ns_5,BS_1,,0,max_snr,20.69722915699807,0.0,
10.0,ns_6,BS_1,,0,max_snr,20.55722915699807,0.0,
10.0,ns_7,BS_1,,0,max_snr,20.847229156998075,0.0,
10.0,ns_8,BS_1,,0,max_snr,20.847229156998075,0.0,
10.0,ns_9,BS_1,,0,max_snr,20.40722915699808,0.0,
10.0,se_0,BS_1,,0,max_snr,-1.1227708430019243,0.0,
10.0,se_1,BS_1,,0,max_snr,-1.3327708430019327,0.0,
10.0,se_2,BS_1,,0,max_snr,-1.5627708430019291,0.0,
10.0,se_3,BS_1,,0,max_snr,-1.9127708430019308,0.0,
10.0,se_4,BS_1,,0,max_snr,-2.142770843001927,0.0,
10.0,se_5,BS_1,,0,max_snr,-2.3727708430019243,0.0,
10.0,se_6,BS_1,,0,max_snr,-2.652770843001929,0.0,
10.0,se_7,BS_1,,0,max_snr,-2.892770843001938,0.0,
10.0,sn_0,BS_1,,0,max_snr,-0.4027708430019142,0.0,
10.0,sn_1,BS_1,,0,max_snr,-0.5527708430019207,0.0,
10.0,sn_10,BS_1,,0,max_snr,-2.4827708430019166,0.0,
10.0,sn_11,BS_1,,0,max_snr,-2.68277084300193,0.0,
10.0,sn_12,BS_1,,0,max_snr,-2.882770843001926,0.0,
10.0,sn_2,BS_1,,0,max_snr,-0.7127708430019206,0.0,
10.0,sn_3,BS_1,,0,max_snr,-0.8927708430019275,0.0,
10.0,sn_4,BS_1,,0,max_snr,-1.2927708430019194,0.0,
10.0,sn_5,BS_1,,0,max_snr,-1.4627708430019306,0.0,
10.0,sn_6,BS_1,,0,max_snr,-1.632770843001926,0.0,
10.0,sn_7,BS_1,,0,max_snr,-1.8227708430019276,0.0,
10.0,sn_8,BS_1,,0,max_snr,-2.1227708430019203,0.0,
10.0,sn_9,BS_1,,0,max_snr,-2.292770843001915,0.0,
10.0,we_0,BS_1,,0,max_snr,-0.5227708430019192,0.0,
10.0,we_1,BS_1,,0,max_snr,-0.6527708430019186,0.0,
10.0,we_10,BS_1,,0,max_snr,-2.4627708430019273,0.0,
10.0,we_11,BS_1,,0,max_snr,-2.642770843001934,0.0,
10.0,we_12,BS_1,,0,max_snr,-2.8527708430019256,0.0,
10.0,we_2,BS_1,,0,max_snr,-0.802770843001924,0.0,
10.0,we_3,BS_1,,0,max_snr,-0.95277084300193,0.0,
10.0,we_4,BS_1,,0,max_snr,-1.3527708430019207,0.0,
10.0,we_5,BS_1,,0,max_snr,-1.5027708430019269,0.0,
10.0,we_6,BS_1,,0,max_snr,-1.6627708430019277,0.0,
10.0,we_7,BS_1,,0,max_snr,-1.8327708430019212,0.0,
10.0,we_8,BS_1,,0,max_snr,-2.1227708430019203,0.0,
10.0,we_9,BS_1,,0,max_snr,-2.292770843001915,0.0,
10.0,wn_0,BS_1,,0,max_snr,-1.0827708430019294,0.0,
10.0,wn_1,BS_1,,0,max_snr,-1.2927708430019194,0.0,
10.0,wn_2,BS_1,,0,max_snr,-1.5127708430019218,0.0,
10.0,wn_3,BS_1,,0,max_snr,-1.8827708430019288,0.0,
10.0,wn_4,BS_1,,0,max_snr,-2.1027708430019314,0.0,
10.0,wn_5,BS_1,,0,max_snr,-2.342770843001923,0.0,
10.0,wn_6,BS_1,,0,max_snr,-2.622770843001928,0.0,
10.0,wn_7,BS_1,,0,max_snr,-2.8527708430019256,0.0,
11.0,ew_0,BS_1,BS_1,1,max_snr,21.747229156998067,440.00000000000006,21.747229156998067
11.0,ew_1,BS_1,,0,max_snr,21.157229156998085,0.0,
11.0,ew_10,BS_1,,0,max_snr,20.74722915699807,0.0,
11.0,ew_11,BS_1,,0,max_snr,20.34722915699808,0.0,
11.0,ew_12,BS_1,,0,max_snr,20.53722915699808,0.0,
11.0,ew_13,BS_1,,0,max_snr,20.167229156998072,0.0,
11.0,ew_2,BS_1,BS_1,1,max_snr,21.64722915699808,440.00000000000006,21.64722915699808
11.0,ew_3,BS_1,BS_1,1,max_snr,22.117229156998075,440.00000000000006,22.117229156998075
11.0,ew_4,BS_1,BS_1,1,max_snr,21.62722915699808,440.00000000000006,21.62722915699808
11.0,ew_5,BS_1,BS_1,1,max_snr,21.56722915699808,440.00000000000006,21.56722915699808
11.0,ew_6,BS_1,BS_1,1,max_snr,21.347229156998075,440.00000000000006,21.347229156998075
11.0,ew_7,BS_1,,0,max_snr,21.00722915699808,0.0,
11.0,ew_8,BS_1,,0,max_snr,20.99722915699807,0.0,
11.0,ew_9,BS_1,,0,max_snr,21.00722915699808,0.0,
11.0,ns_0,BS_1,,0,max_snr,20.81722915699807,0.0,
11.0,ns_1,BS_1,BS_1,1,max_snr,21.347229156998075,440.00000000000006,21.347229156998075
11.0,ns_10,BS_1,,0,max_snr,20.69722915699807,0.0,
11.0,ns_11,BS_1,,0,max_snr,20.597229156998083,0.0,
11.0,ns_12,BS_1,,0,max_snr,19.70722915699808,0.0,
11.0,ns_2,BS_1,BS_1,1,max_snr,21.377229156998077,440.00000000000006,21.377229156998077
11.0,ns_3,BS_1,,0,max_snr,21.267229156998084,0.0,
11.0,ns_4,BS_1,BS_1,1,max_snr,21.587229156998077,440.00000000000006,21.587229156998077
11.0,ns_5,BS_1,,0,max_snr,21.11722915699808,0.0,
11.0,ns_6,BS_1,BS_1,1,max_snr,21.64722915699808,440.00000000000006,21.64722915699808
11.0,ns_7,BS_1,,0,max_snr,21.22722915699807,0.0,
11.0,ns_8,BS_1,,0,max_snr,21.047229156998064,0.0,
11.0,ns_9,BS_1,,0,max_snr,20.277229156998075,0.0,
11.0,se_0,BS_1,,0,max_snr,-0.8927708430019275,0.0,
11.0,se_1,BS_1,,0,max_snr,-1.1027708430019172,0.0,
11.0,se_2,BS_1,,0,max_snr,-1.3227708430019205,0.0,
11.0,se_3,BS_1,,0,max_snr,-1.70277084300194,0.0,
11.0,se_4,BS_1,,0,max_snr,-1.9227708430019248,0.0,
11.0,se_5,BS_1,,0,max_snr,-2.152770843001922,0.0,
11.0,se_6,BS_1,,0,max_snr,-2.4527708430019333,0.0,
11.0,se_7,BS_1,,0,max_snr,-2.68277084300193,0.0,
11.0,sn_0,BS_1,,0,max_snr,-0.1127708430019331,0.0,
11.0,sn_1,BS_1,,0,max_snr,-0.2527708430019265,0.0,
11.0,sn_10,BS_1,,0,max_snr,-2.222770843001936,0.0,
11.0,sn_11,BS_1,,0,max_snr,-2.422770843001932,0.0,
11.0,sn_12,BS_1,,0,max_snr,-2.652770843001929,0.0,
11.0,sn_13,BS_1,,0,max_snr,-2.8327708430019367,0.0,
11.0,sn_2,BS_1,,0,max_snr,-0.412770843001927,0.0,
11.0,sn_3,BS_1,,0,max_snr,-0.5827708430019218,0.0,
11.0,sn_4,BS_1,,0,max_snr,-1.0227708430019258,0.0,
11.0,sn_5,BS_1,,0,max_snr,-1.182770843001926,0.0,
11.0,sn_6,BS_1,,0,max_snr,-1.3527708430019207,0.0,
11.0,sn_7,BS_1,,0,max_snr,-1.532770843001928,0.0,
11.0,sn_8,BS_1,,0,max_snr,-1.8727708430019163,0.0,
11.0,sn_9,BS_1,,0,max_snr,-2.0427708430019296,0.0,
11.0,we_0,BS_1,,0,max_snr,-0.2527708430019265,0.0,
11.0,we_1,BS_1,,0,max_snr,-0.372770843001914,0.0,
11.0,we_10,BS_1,,0,max_snr,-2.222770843001936,0.0,
11.0,we_11,BS_1,,0,max_snr,-2.4027708430019263,0.0,
11.0,we_12,BS_1,,0,max_snr,-2.6327708430019223,0.0,
11.0,we_13,BS_1,,0,max_snr,-2.8027708430019347,0.0,
11.0,we_2,BS_1,,0,max_snr,-0.5127708430019247,0.0,
11.0,we_3,BS_1,,0,max_snr,-0.6627708430019301,0.0,
11.0,we_4,BS_1,,0,max_snr,-1.1027708430019172,0.0,
11.0,we_5,BS_1,,0,max_snr,-1.2427708430019282,0.0,
11.0,we_6,BS_1,,0,max_snr,-1.4027708430019292,0.0,
11.0,we_7,BS_1,,0,max_snr,-1.5627708430019291,0.0,
11.0,we_8,BS_1,,0,max_snr,-1.892770843001924,0.0,
11.0,we_9,BS_1,,0,max_snr,-2.052770843001925,0.0,
11.0,wn_0,BS_1,,0,max_snr,-0.8527708430019318,0.0,
11.0,wn_1,BS_1,,0,max_snr,-1.0527708430019274,0.0,
11.0,wn_2,BS_1,,0,max_snr,-1.2727708430019302,0.0,
11.0,wn_3,BS_1,,0,max_snr,-1.6627708430019277,0.0,
11.0,wn_4,BS_1,,0,max_snr,-1.8827708430019288,0.0,
11.0,wn_5,BS_1,,0,max_snr,-2.1127708430019267,0.0,
11.0,wn_6,BS_1,,0,max_snr,-2.422770843001932,0.0,
11.0,wn_7,BS_1,,0,max_snr,-2.652770843001929,0.0,
11.0,wn_8,BS_1,,0,max_snr,-2.892770843001938,0.0,
12.0,ew_0,BS_1,,0,max_snr,21.377229156998077,0.0,
12.0,ew_1,BS_1,,0,max_snr,21.32722915699807,0.0,
12.0,ew_10,BS_1,,0,max_snr,20.55722915699807,0.0,
12.0,ew_11,BS_1,,0,max_snr,20.97722915699808,0.0,
12.0,ew_12,BS_1,,0,max_snr,20.197229156998073,0.0,
12.0,ew_13,BS_1,,0,max_snr,19.937229156998065,0.0,
12.0,ew_14,BS_1,,0,max_snr,19.84722915699808,0.0,
12.0,ew_2,BS_1,BS_1,1,max_snr,21.40722915699808,440.00000000000006,21.40722915699808
12.0,ew_3,BS_1,,0,max_snr,21.247229156998067,0.0,
12.0,ew_4,BS_1,BS_1,1,max_snr,21.96722915699807,440.00000000000006,21.96722915699807
12.0,ew_5,BS_1,BS_1,1,max_snr,21.417229156998072,440.00000000000006,21.417229156998072
12.0,ew_6,BS_1,BS_1,1,max_snr,21.81722915699808,440.00000000000006,21.81722915699808
12.0,ew_7,BS_1,,0,max_snr,21.06722915699808,0.0,
12.0,ew_8,BS_1,,0,max_snr,21.347229156998075,0.0,
12.0,ew_9,BS_1,,0,max_snr,21.16722915699807,0.0,
12.0,ns_0,BS_1,BS_1,1,max_snr,22.007229156998072,440.00000000000006,22.007229156998072
12.0,ns_1,BS_1,BS_1,1,max_snr,21.667229156998076,440.00000000000006,21.667229156998076
12.0,ns_10,BS_1,,0,max_snr,20.807229156998073,0.0,
12.0,ns_11,BS_1,,0,max_snr,20.15722915699808,0.0,
12.0,ns_12,BS_1,,0,max_snr,20.517229156998084,0.0,
12.0,ns_13,BS_1,,0,max_snr,20.24722915699807,0.0,
12.0,ns_2,BS_1,,0,max_snr,20.81722915699807,0.0,
12.0,ns_3,BS_1,BS_1,1,max_snr,21.857229156998063,440.00000000000006,21.857229156998063
12.0,ns_4,BS_1,BS_1,1,max_snr,21.96722915699807,440.00000000000006,21.96722915699807
12.0,ns_5,BS_1,BS_1,1,max_snr,21.457229156998075,440.00000000000006,21.457229156998075
12.0,ns_6,BS_1,BS_1,1,max_snr,21.54722915699807,440.00000000000006,21.54722915699807
12.0,ns_7,BS_1,,0,max_snr,21.36722915699807,0.0,
12.0,ns_8,BS_1,,0,max_snr,20.69722915699807,0.0,
12.0,ns_9,BS_1,,0,max_snr,20.47722915699808,0.0,
12.0,se_0,BS_1,,0,max_snr,-0.6627708430019301,0.0,
12.0,se_1,BS_1,,0,max_snr,-0.8627708430019265,0.0,
12.0,se_2,BS_1,,0,max_snr,-1.0727708430019167,0.0,
12.0,se_3,BS_1,,0,max_snr,-1.4827708430019195,0.0,
12.0,se_4,BS_1,,0,max_snr,-1.70277084300194,0.0,
12.0,se_5,BS_1,,0,max_snr,-1.9327708430019204,0.0,
12.0,se_6,BS_1,,0,max_snr,-2.2527708430019375,0.0,
12.0,se_7,BS_1,,0,max_snr,-2.4827708430019166,0.0,
12.0,se_8,BS_1,,0,max_snr,-2.7227708430019257,0.0,
12.0,sn_0,BS_1,,0,max_snr,0.1872291569980594,0.0,
12.0,sn_1,BS_1,,0,max_snr,0.047229156998066,0.0,
12.0,sn_10,BS_1,,0,max_snr,-1.96277084300192,0.0,
12.0,sn_11,BS_1,,0,max_snr,-2.152770843001922,0.0,
12.0,sn_12,BS_1,,0,max_snr,-2.4127708430019204,0.0,
12.0,sn_13,BS_1,,0,max_snr,-2.5927708430019267,0.0,
12.0,sn_14,BS_1,,0,max_snr,-2.7827708430019276,0.0,
12.0,sn_2,BS_1,,0,max_snr,-0.1027708430019215,0.0,
12.0,sn_3,BS_1,,0,max_snr,-0.2627708430019215,0.0,
12.0,sn_4,BS_1,,0,max_snr,-0.7427708430019211,0.0,
12.0,sn_5,BS_1,,0,max_snr,-0.9027708430019216,0.0,
12.0,sn_6,BS_1,,0,max_snr,-1.0727708430019167,0.0,
12.0,sn_7,BS_1,,0,max_snr,-1.2427708430019282,0.0,
12.0,sn_8,BS_1,,0,max_snr,-1.6127708430019372,0.0,
12.0,sn_9,BS_1,,0,max_snr,-1.782770843001933,0.0,
12.0,we_0,BS_1,,0,max_snr,0.0272291569980776,0.0,
12.0,we_1,BS_1,,0,max_snr,-0.0927708430019265,0.0,
12.0,we_10,BS_1,,0,max_snr,-1.972770843001934,0.0,
12.0,we_11,BS_1,,0,max_snr,-2.142770843001927,0.0,
12.0,we_12,BS_1,,0,max_snr,-2.4027708430019263,0.0,
12.0,we_13,BS_1,,0,max_snr,-2.572770843001919,0.0,
12.0,we_14,BS_1,,0,max_snr,-2.752770843001927,0.0,
12.0,we_15,BS_1,,0,max_snr,-2.932770843001916,0.0,
12.0,we_2,BS_1,,0,max_snr,-0.2227708430019258,0.0,
12.0,we_3,BS_1,,0,max_snr,-0.372770843001914,0.0,
12.0,we_4,BS_1,,0,max_snr,-0.84277084300192,0.0,
12.0,we_5,BS_1,,0,max_snr,-0.9827708430019126,0.0,
12.0,we_6,BS_1,,0,max_snr,-1.1327708430019192,0.0,
12.0,we_7,BS_1,,0,max_snr,-1.2927708430019194,0.0,
12.0,we_8,BS_1,,0,max_snr,-1.6527708430019148,0.0,
12.0,we_9,BS_1,,0,max_snr,-1.8027708430019207,0.0,
12.0,wn_0,BS_1,,0,max_snr,-0.6127708430019223,0.0,
12.0,wn_1,BS_1,,0,max_snr,-0.8127708430019364,0.0,
12.0,wn_2,BS_1,,0,max_snr,-1.032770843001939,0.0,
12.0,wn_3,BS_1,,0,max_snr,-1.4427708430019242,0.0,
12.0,wn_4,BS_1,,0,max_snr,-1.6627708430019277,0.0,
12.0,wn_5,BS_1,,0,max_snr,-1.892770843001924,0.0,
12.0,wn_6,BS_1,,0,max_snr,-2.222770843001936,0.0,
12.0,wn_7,BS_1,,0,max_snr,-2.442770843001922,0.0,
12.0,wn_8,BS_1,,0,max_snr,-2.68277084300193,0.0,
12.0,wn_9,BS_1,,0,max_snr,-2.932770843001916,0.0,
13.0,ew_0,BS_1,BS_1,1,max_snr,22.217229156998073,440.00000000000006,22.217229156998073
13.0,ew_1,BS_1,,0,max_snr,20.98722915699808,0.0,
13.0,ew_10,BS_1,,0,max_snr,20.767229156998077,0.0,
13.0,ew_11,BS_1,,0,max_snr,21.11722915699808,0.0,
13.0,ew_12,BS_1,,0,max_snr,20.72722915699807,0.0,
13.0,ew_13,BS_1,,0,max_snr,20.867229156998075,0.0,
13.0,ew_14,BS_1,,0,max_snr,20.627229156998084,0.0,
13.0,ew_15,BS_1,,0,max_snr,20.517229156998084,0.0,
13.0,ew_2,BS_1,,0,max_snr,21.01722915699808,0.0,
13.0,ew_3,BS_1,,0,max_snr,21.537229156998077,0.0,
13.0,ew_4,BS_1,BS_1,1,max_snr,22.177229156998077,440.00000000000006,22.177229156998077
13.0,ew_5,BS_1,,0,max_snr,21.43722915699807,0.0,
13.0,ew_6,BS_1,BS_1,1,max_snr,21.78722915699808,440.00000000000006,21.78722915699808
13.0,ew_7,BS_1,BS_1,1,max_snr,21.957229156998075,440.00000000000006,21.957229156998075
13.0,ew_8,BS_1,,0,max_snr,21.30722915699807,0.0,
13.0,ew_9,BS_1,,0,max_snr,20.857229156998073,0.0,
13.0,ns_0,BS_1,BS_1,1,max_snr,21.877229156998084,440.00000000000006,21.877229156998084
13.0,ns_1,BS_1,BS_1,1,max_snr,21.72722915699808,440.00000000000006,21.72722915699808
13.0,ns_10,BS_1,,0,max_snr,21.077229156998065,0.0,
13.0,ns_11,BS_1,,0,max_snr,20.827229156998072,0.0,
13.0,ns_12,BS_1,,0,max_snr,20.147229156998073,0.0,
13.0,ns_13,BS_1,,0,max_snr,20.34722915699808,0.0,
13.0,ns_14,BS_1,,0,max_snr,20.207229156998075,0.0,
13.0,ns_15,BS_1,,0,max_snr,19.56722915699807,0.0,
13.0,ns_2,BS_1,,0,max_snr,20.947229156998077,0.0,
13.0,ns_3,BS_1,,0,max_snr,21.297229156998068,0.0,
13.0,ns_4,BS_1,,0,max_snr,20.857229156998073,0.0,
13.0,ns_5,BS_1,BS_1,1,max_snr,21.767229156998084,440.00000000000006,21.767229156998084
13.0,ns_6,BS_1,BS_1,1,max_snr,21.61722915699808,440.00000000000006,21.61722915699808
13.0,ns_7,BS_1,BS_1,1,max_snr,21.94722915699807,440.00000000000006,21.94722915699807
13.0,ns_8,BS_1,BS_1,1,max_snr,21.75722915699808,440.00000000000006,21.75722915699808
13.0,ns_9,BS_1,,0,max_snr,21.127229156998084,0.0,
13.0,se_0,BS_1,,0,max_snr,-0.4227708430019394,0.0,
13.0,se_1,BS_1,,0,max_snr,-0.6127708430019223,0.0,
13.0,se_2,BS_1,,0,max_snr,-0.8327708430019254,0.0,
13.0,se_3,BS_1,,0,max_snr,-1.2627708430019178,0.0,
13.0,se_4,BS_1,,0,max_snr,-1.472770843001926,0.0,
13.0,se_5,BS_1,,0,max_snr,-1.70277084300194,0.0,
13.0,se_6,BS_1,,0,max_snr,-2.0427708430019296,0.0,
13.0,se_7,BS_1,,0,max_snr,-2.2627708430019142,0.0,
13.0,se_8,BS_1,,0,max_snr,-2.502770843001923,0.0,
13.0,se_9,BS_1,,0,max_snr,-2.7727708430019335,0.0,
13.0,sn_0,BS_1,,0,max_snr,0.497229156998066,0.0,
13.0,sn_1,BS_1,,0,max_snr,0.3572291569980722,0.0,
13.0,sn_10,BS_1,,0,max_snr,-1.6927708430019284,0.0,
13.0,sn_11,BS_1,,0,max_snr,-1.8727708430019163,0.0,
13.0,sn_12,BS_1,,0,max_snr,-2.172770843001928,0.0,
13.0,sn_13,BS_1,,0,max_snr,-2.342770843001923,0.0,
13.0,sn_14,BS_1,,0,max_snr,-2.5327708430019245,0.0,
13.0,sn_15,BS_1,,0,max_snr,-2.73277084300192,0.0,
13.0,sn_2,BS_1,,0,max_snr,0.2172291569980606,0.0,
13.0,sn_3,BS_1,,0,max_snr,0.057229156998079,0.0,
13.0,sn_4,BS_1,,0,max_snr,-0.4627708430019176,0.0,
13.0,sn_5,BS_1,,0,max_snr,-0.6127708430019223,0.0,
13.0,sn_6,BS_1,,0,max_snr,-0.7727708430019237,0.0,
13.0,sn_7,BS_1,,0,max_snr,-0.95277084300193,0.0,
13.0,sn_8,BS_1,,0,max_snr,-1.3527708430019207,0.0,
13.0,sn_9,BS_1,,0,max_snr,-1.5127708430019218,0.0,
13.0,we_0,BS_1,,0,max_snr,0.3072291569980653,0.0,
13.0,we_1,BS_1,,0,max_snr,0.1972291569980724,0.0,
13.0,we_10,BS_1,,0,max_snr,-1.7127708430019173,0.0,
13.0,we_11,BS_1,,0,max_snr,-1.8827708430019288,0.0,
13.0,we_12,BS_1,,0,max_snr,-2.172770843001928,0.0,
13.0,we_13,BS_1,,0,max_snr,-2.342770843001923,0.0,
13.0,we_14,BS_1,,0,max_snr,-2.5127708430019178,0.0,
13.0,we_15,BS_1,,0,max_snr,-2.692770843001924,0.0,
13.0,we_16,BS_1,,0,max_snr,-2.892770843001938,0.0,
13.0,we_2,BS_1,,0,max_snr,0.0772291569980682,0.0,
13.0,we_3,BS_1,,0,max_snr,-0.0627708430019256,0.0,
13.0,we_4,BS_1,,0,max_snr,-0.5727708430019266,0.0,
13.0,we_5,BS_1,,0,max_snr,-0.7127708430019206,0.0,
13.0,we_6,BS_1,,0,max_snr,-0.8527708430019318,0.0,
13.0,we_7,BS_1,,0,max_snr,-1.0127708430019149,0.0,
13.0,we_8,BS_1,,0,max_snr,-1.4027708430019292,0.0,
13.0,we_9,BS_1,,0,max_snr,-1.552770843001935,0.0,
13.0,wn_0,BS_1,,0,max_snr,-0.372770843001914,0.0,
13.0,wn_1,BS_1,,0,max_snr,-0.5727708430019266,0.0,
13.0,wn_2,BS_1,,0,max_snr,-0.7827708430019352,0.0,
13.0,wn_3,BS_1,,0,max_snr,-1.222770843001922,0.0,
13.0,wn_4,BS_1,,0,max_snr,-1.4327708430019297,0.0,
13.0,wn_5,BS_1,,0,max_snr,-1.6627708430019277,0.0,
13.0,wn_6,BS_1,,0,max_snr,-2.0127708430019293,0.0,
13.0,wn_7,BS_1,,0,max_snr,-2.232770843001913,0.0,
13.0,wn_8,BS_1,,0,max_snr,-2.472770843001922,0.0,
13.0,wn_9,BS_1,,0,max_snr,-2.7427708430019324,0.0,
14.0,ew_0,BS_1,,0,max_snr,20.627229156998084,0.0,
14.0,ew_1,BS_1,BS_1,1,max_snr,21.637229156998075,440.00000000000006,21.637229156998075
14.0,ew_10,BS_1,BS_1,1,max_snr,21.447229156998073,440.00000000000006,21.447229156998073
14.0,ew_11,BS_1,,0,max_snr,21.397229156998073,0.0,
14.0,ew_12,BS_1,,0,max_snr,21.087229156998077,0.0,
14.0,ew_13,BS_1,,0,max_snr,20.497229156998067,0.0,
14.0,ew_14,BS_1,,0,max_snr,20.55722915699807,0.0,
14.0,ew_15,BS_1,,0,max_snr,20.487229156998083,0.0,
14.0,ew_16,BS_1,,0,max_snr,19.927229156998077,0.0,
14.0,ew_2,BS_1,,0,max_snr,21.03722915699808,0.0,
14.0,ew_3,BS_1,BS_1,1,max_snr,21.96722915699807,440.00000000000006,21.96722915699807
14.0,ew_4,BS_1,BS_1,1,max_snr,21.75722915699808,440.00000000000006,21.75722915699808
14.0,ew_5,BS_1,,0,max_snr,21.097229156998083,0.0,
14.0,ew_6,BS_1,BS_1,1,max_snr,22.077229156998072,440.00000000000006,22.077229156998072
14.0,ew_7,BS_1,BS_1,1,max_snr,21.96722915699807,440.00000000000006,21.96722915699807
14.0,ew_8,BS_1,BS_1,1,max_snr,21.797229156998064,440.00000000000006,21.797229156998064
14.0,ew_9,BS_1,BS_1,1,max_snr,21.517229156998077,440.00000000000006,21.517229156998077
14.0,ns_0,BS_1,,0,max_snr,20.677229156998074,0.0,
14.0,ns_1,BS_1,,0,max_snr,20.627229156998084,0.0,
14.0,ns_10,BS_1,,0,max_snr,21.127229156998084,0.0,
14.0,ns_11,BS_1,,0,max_snr,20.71722915699807,0.0,
14.0,ns_12,BS_1,,0,max_snr,20.40722915699808,0.0,
14.0,ns_13,BS_1,,0,max_snr,20.81722915699807,0.0,
14.0,ns_14,BS_1,,0,max_snr,20.127229156998077,0.0,
14.0,ns_15,BS_1,,0,max_snr,19.90722915699808,0.0,
14.0,ns_16,BS_1,,0,max_snr,20.307229156998076,0.0,
14.0,ns_2,BS_1,,0,max_snr,20.95722915699808,0.0,
14.0,ns_3,BS_1,,0,max_snr,21.047229156998064,0.0,
14.0,ns_4,BS_1,,0,max_snr,21.33722915699807,0.0,
14.0,ns_5,BS_1,BS_1,1,max_snr,22.097229156998075,440.00000000000006,22.097229156998075
14.0,ns_6,BS_1,,0,max_snr,20.97722915699808,0.0,
14.0,ns_7,BS_1,BS_1,1,max_snr,21.83722915699807,440.00000000000006,21.83722915699807
14.0,ns_8,BS_1,,0,max_snr,21.11722915699808,0.0,
14.0,ns_9,BS_1,,0,max_snr,21.35722915699807,0.0,
14.0,se_0,BS_1,,0,max_snr,-0.1727708430019359,0.0,
14.0,se_1,BS_1,,0,max_snr,-0.3627708430019376,0.0,
14.0,se_2,BS_1,,0,max_snr,-0.5727708430019266,0.0,
14.0,se_3,BS_1,,0,max_snr,-1.032770843001939,0.0,
14.0,se_4,BS_1,,0,max_snr,-1.2427708430019282,0.0,
14.0,se_5,BS_1,,0,max_snr,-1.4627708430019306,0.0,
14.0,se_6,BS_1,,0,max_snr,-1.8327708430019212,0.0,
14.0,se_7,BS_1,,0,max_snr,-2.052770843001925,0.0,
14.0,se_8,BS_1,,0,max_snr,-2.2827708430019387,0.0,
14.0,se_9,BS_1,,0,max_snr,-2.572770843001919,0.0,
14.0,sn_0,BS_1,,0,max_snr,0.8072291569980717,0.0,
14.0,sn_1,BS_1,,0,max_snr,0.6772291569980731,0.0,
14.0,sn_10,BS_1,,0,max_snr,-1.4127708430019237,0.0,
14.0,sn_11,BS_1,,0,max_snr,-1.5927708430019123,0.0,
14.0,sn_12,BS_1,,0,max_snr,-1.9227708430019248,0.0,
14.0,sn_13,BS_1,,0,max_snr,-2.092770843001919,0.0,
14.0,sn_14,BS_1,,0,max_snr,-2.272770843001926,0.0,
14.0,sn_15,BS_1,,0,max_snr,-2.472770843001922,0.0,
14.0,sn_16,BS_1,,0,max_snr,-2.7027708430019364,0.0,
14.0,sn_17,BS_1,,0,max_snr,-2.882770843001926,0.0,
14.0,sn_2,BS_1,,0,max_snr,0.5472291569980743,0.0,
14.0,sn_3,BS_1,,0,max_snr,0.3872291569980733,0.0,
14.0,sn_4,BS_1,,0,max_snr,-0.1727708430019359,0.0,
14.0,sn_5,BS_1,,0,max_snr,-0.3127708430019293,0.0,
14.0,sn_6,BS_1,,0,max_snr,-0.4727708430019295,0.0,
14.0,sn_7,BS_1,,0,max_snr,-0.642770843001924,0.0,
14.0,sn_8,BS_1,,0,max_snr,-1.0827708430019294,0.0,
14.0,sn_9,BS_1,,0,max_snr,-1.2427708430019282,0.0,
14.0,we_0,BS_1,,0,max_snr,0.5972291569980812,0.0,
14.0,we_1,BS_1,,0,max_snr,0.497229156998066,0.0,
14.0,we_10,BS_1,,0,max_snr,-1.4527708430019377,0.0,
14.0,we_11,BS_1,,0,max_snr,-1.6227708430019132,0.0,
14.0,we_12,BS_1,,0,max_snr,-1.942770843001932,0.0,
14.0,we_13,BS_1,,0,max_snr,-2.1027708430019314,0.0,
14.0,we_14,BS_1,,0,max_snr,-2.272770843001926,0.0,
14.0,we_15,BS_1,,0,max_snr,-2.4527708430019333,0.0,
14.0,we_16,BS_1,,0,max_snr,-2.6727708430019357,0.0,
14.0,we_17,BS_1,,0,max_snr,-2.8427708430019134,0.0,
14.0,we_2,BS_1,,0,max_snr,0.3772291569980797,0.0,
14.0,we_3,BS_1,,0,max_snr,0.2472291569980615,0.0,
14.0,we_4,BS_1,,0,max_snr,-0.3027708430019352,0.0,
14.0,we_5,BS_1,,0,max_snr,-0.4327708430019158,0.0,
14.0,we_6,BS_1,,0,max_snr,-0.5727708430019266,0.0,
14.0,we_7,BS_1,,0,max_snr,-0.7227708430019335,0.0,
14.0,we_8,BS_1,,0,max_snr,-1.1527708430019254,0.0,
14.0,we_9,BS_1,,0,max_snr,-1.2927708430019194,0.0,
14.0,wn_0,BS_1,,0,max_snr,-0.1327708430019221,0.0,
14.0,wn_1,BS_1,,0,max_snr,-0.3227708430019239,0.0,
14.0,wn_2,BS_1,,0,max_snr,-0.5227708430019192,0.0,
14.0,wn_3,BS_1,,0,max_snr,-0.9927708430019252,0.0,
14.0,wn_4,BS_1,,0,max_snr,-1.2027708430019337,0.0,
14.0,wn_5,BS_1,,0,max_snr,-1.4227708430019352,0.0,
14.0,wn_6,BS_1,,0,max_snr,-1.7927708430019265,0.0,
14.0,wn_7,BS_1,,0,max_snr,-2.0127708430019293,0.0,
14.0,wn_8,BS_1,,0,max_snr,-2.2527708430019375,0.0,
14.0,wn_9,BS_1,,0,max_snr,-2.5427708430019185,0.0,
15.0,ew_0,BS_1,,0,max_snr,11.927229156998072,0.0,
15.0,ew_1,BS_1,,0,max_snr,20.687229156998068,0.0,
15.0,ew_10,BS_1,BS_1,1,max_snr,21.81722915699808,440.00000000000006,21.81722915699808
15.0,ew_11,BS_1,BS_1,1,max_snr,21.637229156998075,440.00000000000006,21.637229156998075
15.0,ew_12,BS_1,,0,max_snr,20.827229156998072,0.0,
15.0,ew_13,BS_1,,0,max_snr,20.657229156998085,0.0,
15.0,ew_14,BS_1,,0,max_snr,21.127229156998084,0.0,
15.0,ew_15,BS_1,,0,max_snr,20.417229156998076,0.0,
15.0,ew_16,BS_1,,0,max_snr,20.757229156998072,0.0,
15.0,ew_17,BS_1,,0,max_snr,20.607229156998063,0.0,
15.0,ew_18,BS_1,,0,max_snr,20.167229156998072,0.0,
15.0,ew_2,BS_1,,0,max_snr,20.887229156998075,0.0,
15.0,ew_3,BS_1,BS_1,1,max_snr,22.007229156998072,440.00000000000006,22.007229156998072
15.0,ew_4,BS_1,BS_1,1,max_snr,21.72722915699808,440.00000000000006,21.72722915699808
15.0,ew_5,BS_1,,0,max_snr,20.93722915699807,0.0,
15.0,ew_6,BS_1,BS_1,1,max_snr,22.22722915699808,440.00000000000006,22.22722915699808
15.0,ew_7,BS_1,,0,max_snr,21.47722915699807,0.0,
15.0,ew_8,BS_1,,0,max_snr,21.347229156998075,0.0,
15.0,ew_9,BS_1,BS_1,1,max_snr,21.957229156998075,440.00000000000006,21.957229156998075
15.0,ns_0,BS_1,,0,max_snr,11.447229156998072,0.0,
15.0,ns_1,BS_1,,0,max_snr,12.177229156998076,0.0,
15.0,ns_10,BS_1,,0,max_snr,20.93722915699807,0.0,
15.0,ns_11,BS_1,BS_1,1,max_snr,21.81722915699808,440.00000000000006,21.81722915699808
15.0,ns_12,BS_1,,0,max_snr,20.687229156998068,0.0,
15.0,ns_13,BS_1,,0,max_snr,20.897229156998076,0.0,
15.0,ns_14,BS_1,,0,max_snr,20.61722915699807,0.0,
15.0,ns_15,BS_1,,0,max_snr,20.79722915699807,0.0,
15.0,ns_16,BS_1,,0,max_snr,19.987229156998083,0.0,
15.0,ns_17,BS_1,,0,max_snr,19.79722915699806,0.0,
15.0,ns_2,BS_1,,0,max_snr,20.497229156998067,0.0,
15.0,ns_3,BS_1,,0,max_snr,20.15722915699808,0.0,
15.0,ns_4,BS_1,BS_1,1,max_snr,21.99722915699807,440.00000000000006,21.99722915699807
15.0,ns_5,BS_1,,0,max_snr,21.457229156998075,0.0,
15.0,ns_6,BS_1,,0,max_snr,21.577229156998072,0.0,
15.0,ns_7,BS_1,BS_1,1,max_snr,21.927229156998074,440.00000000000006,21.927229156998074
15.0,ns_8,BS_1,BS_1,1,max_snr,22.04722915699807,440.00000000000006,22.04722915699807
15.0,ns_9,BS_1,,0,max_snr,21.457229156998075,0.0,
15.0,se_0,BS_1,,0,max_snr,0.0672291569980735,0.0,
15.0,se_1,BS_1,,0,max_snr,-0.1127708430019331,0.0,
15.0,se_2,BS_1,,0,max_snr,-0.3127708430019293,0.0,
15.0,se_3,BS_1,,0,max_snr,-0.802770843001924,0.0,
15.0,se_4,BS_1,,0,max_snr,-1.0027708430019375,0.0,
15.0,se_5,BS_1,,0,max_snr,-1.222770843001922,0.0,
15.0,se_6,BS_1,,0,max_snr,-1.6127708430019372,0.0,
15.0,se_7,BS_1,,0,max_snr,-1.8327708430019212,0.0,
15.0,se_8,BS_1,,0,max_snr,-2.062770843001936,0.0,
15.0,se_9,BS_1,,0,max_snr,-2.3727708430019243,0.0,
15.0,sn_0,BS_1,,0,max_snr,1.127229156998072,0.0,
15.0,sn_1,BS_1,,0,max_snr,1.0072291569980671,0.0,
15.0,sn_10,BS_1,,0,max_snr,-1.1227708430019243,0.0,
15.0,sn_11,BS_1,,0,max_snr,-1.3027708430019307,0.0,
15.0,sn_12,BS_1,,0,max_snr,-1.6627708430019277,0.0,
15.0,sn_13,BS_1,,0,max_snr,-1.8327708430019212,0.0,
15.0,sn_14,BS_1,,0,max_snr,-2.0127708430019293,0.0,
15.0,sn_15,BS_1,,0,max_snr,-2.2027708430019297,0.0,
15.0,sn_16,BS_1,,0,max_snr,-2.4627708430019273,0.0,
15.0,sn_17,BS_1,,0,max_snr,-2.642770843001934,0.0,
15.0,sn_18,BS_1,,0,max_snr,-2.8327708430019367,0.0,
15.0,sn_2,BS_1,,0,max_snr,0.8772291569980866,0.0,
15.0,sn_3,BS_1,,0,max_snr,0.7272291569980806,0.0,
15.0,sn_4,BS_1,,0,max_snr,0.1272291569980752,0.0,
15.0,sn_5,BS_1,,0,max_snr,-0.0127708430019176,0.0,
15.0,sn_6,BS_1,,0,max_snr,-0.1627708430019235,0.0,
15.0,sn_7,BS_1,,0,max_snr,-0.3327708430019359,0.0,
15.0,sn_8,BS_1,,0,max_snr,-0.802770843001924,0.0,
15.0,sn_9,BS_1,,0,max_snr,-0.9627708430019242,0.0,
15.0,we_0,BS_1,,0,max_snr,0.8972291569980749,0.0,
15.0,we_1,BS_1,,0,max_snr,0.7972291569980596,0.0,
15.0,we_10,BS_1,,0,max_snr,-1.182770843001926,0.0,
15.0,we_11,BS_1,,0,max_snr,-1.3427708430019267,0.0,
15.0,we_12,BS_1,,0,max_snr,-1.70277084300194,0.0,
15.0,we_13,BS_1,,0,max_snr,-1.8527708430019292,0.0,
15.0,we_14,BS_1,,0,max_snr,-2.022770843001924,0.0,
15.0,we_15,BS_1,,0,max_snr,-2.1927708430019353,0.0,
15.0,we_16,BS_1,,0,max_snr,-2.4527708430019333,0.0,
15.0,we_17,BS_1,,0,max_snr,-2.622770843001928,0.0,
15.0,we_18,BS_1,,0,max_snr,-2.8027708430019347,0.0,
15.0,we_2,BS_1,,0,max_snr,0.6872291569980665,0.0,
15.0,we_3,BS_1,,0,max_snr,0.5572291569980679,0.0,
15.0,we_4,BS_1,,0,max_snr,-0.0327708430019246,0.0,
15.0,we_5,BS_1,,0,max_snr,-0.1527708430019287,0.0,
15.0,we_6,BS_1,,0,max_snr,-0.2827708430019283,0.0,
15.0,we_7,BS_1,,0,max_snr,-0.4327708430019158,0.0,
15.0,we_8,BS_1,,0,max_snr,-0.8927708430019275,0.0,
15.0,we_9,BS_1,,0,max_snr,-1.032770843001939,0.0,
15.0,wn_0,BS_1,,0,max_snr,0.117229156998081,0.0,
15.0,wn_1,BS_1,,0,max_snr,-0.0627708430019256,0.0,
15.0,wn_2,BS_1,,0,max_snr,-0.2627708430019215,0.0,
15.0,wn_3,BS_1,,0,max_snr,-0.7627708430019281,0.0,
15.0,wn_4,BS_1,,0,max_snr,-0.9627708430019242,0.0,
15.0,wn_5,BS_1,,0,max_snr,-1.182770843001926,0.0,
15.0,wn_6,BS_1,,0,max_snr,-1.5827708430019354,0.0,
15.0,wn_7,BS_1,,0,max_snr,-1.7927708430019265,0.0,
15.0,wn_8,BS_1,,0,max_snr,-2.022770843001924,0.0,
15.0,wn_9,BS_1,,0,max_snr,-2.342770843001923,0.0,
16.0,ew_0,BS_1,,0,max_snr,3.67722915699808,0.0,
16.0,ew_1,BS_1,,0,max_snr,11.767229156998074,0.0,
16.0,ew_10,BS_1,,0,max_snr,21.36722915699807,0.0,
16.0,ew_11,BS_1,BS_1,1,max_snr,21.62722915699808,440.00000000000006,21.62722915699808
16.0,ew_12,BS_1,,0,max_snr,21.47722915699807,0.0,
16.0,ew_13,BS_1,,0,max_snr,21.277229156998068,0.0,
16.0,ew_14,BS_1,,0,max_snr,21.287229156998073,0.0,
16.0,ew_15,BS_1,,0,max_snr,20.857229156998073,0.0,
16.0,ew_16,BS_1,,0,max_snr,20.56722915699808,0.0,
16.0,ew_17,BS_1,,0,max_snr,20.177229156998074,0.0,
16.0,ew_18,BS_1,,0,max_snr,19.997229156998067,0.0,
16.0,ew_19,BS_1,,0,max_snr,19.81722915699808,0.0,
16.0,ew_2,BS_1,,0,max_snr,11.487229156998088,0.0,
16.0,ew_3,BS_1,,0,max_snr,12.117229156998071,0.0,
16.0,ew_4,BS_1,BS_1,1,max_snr,22.057229156998073,440.00000000000006,22.057229156998073
16.0,ew_5,BS_1,BS_1,1,max_snr,22.23722915699808,440.00000000000006,22.23722915699808
16.0,ew_6,BS_1,,0,max_snr,21.36722915699807,0.0,
16.0,ew_7,BS_1,,0,max_snr,20.877229156998077,0.0,
16.0,ew_8,BS_1,BS_1,1,max_snr,22.217229156998073,440.00000000000006,22.217229156998073
16.0,ew_9,BS_1,BS_1,1,max_snr,21.897229156998073,440.00000000000006,21.897229156998073
16.0,ns_0,BS_1,,0,max_snr,3.877229156998076,0.0,
16.0,ns_1,BS_1,,0,max_snr,2.707229156998084,0.0,
16.0,ns_10,BS_1,BS_1,1,max_snr,21.717229156998066,440.00000000000006,21.717229156998066
16.0,ns_11,BS_1,BS_1,1,max_snr,21.64722915699808,440.00000000000006,21.64722915699808
16.0,ns_12,BS_1,,0,max_snr,20.897229156998076,0.0,
16.0,ns_13,BS_1,,0,max_snr,21.11722915699808,0.0,
16.0,ns_14,BS_1,,0,max_snr,20.83722915699807,0.0,
16.0,ns_15,BS_1,,0,max_snr,20.447229156998077,0.0,
16.0,ns_16,BS_1,,0,max_snr,20.79722915699807,0.0,
16.0,ns_17,BS_1,,0,max_snr,20.287229156998077,0.0,
16.0,ns_18,BS_1,,0,max_snr,20.13722915699807,0.0,
16.0,ns_2,BS_1,,0,max_snr,3.3672291569980746,0.0,
16.0,ns_3,BS_1,,0,max_snr,11.987229156998074,0.0,
16.0,ns_4,BS_1,,0,max_snr,20.45722915699808,0.0,
16.0,ns_5,BS_1,BS_1,1,max_snr,21.99722915699807,440.00000000000006,21.99722915699807
16.0,ns_6,BS_1,,0,max_snr,21.537229156998077,0.0,
16.0,ns_7,BS_1,BS_1,1,max_snr,22.297229156998064,440.00000000000006,22.297229156998064
16.0,ns_8,BS_1,BS_1,1,max_snr,21.577229156998072,440.00000000000006,21.577229156998072
16.0,ns_9,BS_1,,0,max_snr,21.457229156998075,0.0,
16.0,se_0,BS_1,,0,max_snr,0.3272291569980712,0.0,
16.0,se_1,BS_1,,0,max_snr,0.1472291569980817,0.0,
16.0,se_2,BS_1,,0,max_snr,-0.0527708430019315,0.0,
16.0,se_3,BS_1,,0,max_snr,-0.5627708430019325,0.0,
16.0,se_4,BS_1,,0,max_snr,-0.7627708430019281,0.0,
16.0,se_5,BS_1,,0,max_snr,-0.9827708430019126,0.0,
16.0,se_6,BS_1,,0,max_snr,-1.3927708430019343,0.0,
16.0,se_7,BS_1,,0,max_snr,-1.6127708430019372,0.0,
16.0,se_8,BS_1,,0,max_snr,-1.8327708430019212,0.0,
16.0,se_9,BS_1,,0,max_snr,-2.162770843001935,0.0,
16.0,sn_0,BS_1,,0,max_snr,1.447229156998072,0.0,
16.0,sn_1,BS_1,,0,max_snr,1.3372291569980796,0.0,
16.0,sn_10,BS_1,,0,max_snr,-0.8327708430019254,0.0,
16.0,sn_11,BS_1,,0,max_snr,-1.0127708430019149,0.0,
16.0,sn_12,BS_1,,0,max_snr,-1.4027708430019292,0.0,
16.0,sn_13,BS_1,,0,max_snr,-1.5627708430019291,0.0,
16.0,sn_14,BS_1,,0,max_snr,-1.7427708430019182,0.0,
16.0,sn_15,BS_1,,0,max_snr,-1.9327708430019204,0.0,
16.0,sn_16,BS_1,,0,max_snr,-2.222770843001936,0.0,
16.0,sn_17,BS_1,,0,max_snr,-2.392770843001931,0.0,
16.0,sn_18,BS_1,,0,max_snr,-2.5827708430019323,0.0,
16.0,sn_19,BS_1,,0,max_snr,-2.7827708430019276,0.0,
16.0,sn_2,BS_1,,0,max_snr,1.217229156998075,0.0,
16.0,sn_3,BS_1,,0,max_snr,1.0772291569980648,0.0,
16.0,sn_4,BS_1,,0,max_snr,0.4272291569980687,0.0,
16.0,sn_5,BS_1,,0,max_snr,0.2972291569980704,0.0,
16.0,sn_6,BS_1,,0,max_snr,0.1572291569980763,0.0,
16.0,sn_7,BS_1,,0,max_snr,-0.0027708430019235,0.0,
16.0,sn_8,BS_1,,0,max_snr,-0.5227708430019192,0.0,
16.0,sn_9,BS_1,,0,max_snr,-0.6727708430019254,0.0,
16.0,we_0,BS_1,,0,max_snr,1.197229156998068,0.0,
16.0,we_1,BS_1,,0,max_snr,1.107229156998065,0.0,
16.0,we_10,BS_1,,0,max_snr,-0.9127708430019336,0.0,
16.0,we_11,BS_1,,0,max_snr,-1.0727708430019167,0.0,
16.0,we_12,BS_1,,0,max_snr,-1.4527708430019377,0.0,
16.0,we_13,BS_1,,0,max_snr,-1.602770843001924,0.0,
16.0,we_14,BS_1,,0,max_snr,-1.762770843001925,0.0,
16.0,we_15,BS_1,,0,max_snr,-1.942770843001932,0.0,
16.0,we_16,BS_1,,0,max_snr,-2.222770843001936,0.0,
16.0,we_17,BS_1,,0,max_snr,-2.382770843001919,0.0,
16.0,we_18,BS_1,,0,max_snr,-2.5627708430019256,0.0,
16.0,we_19,BS_1,,0,max_snr,-2.7427708430019324,0.0,
16.0,we_2,BS_1,,0,max_snr,1.0072291569980671,0.0,
16.0,we_3,BS_1,,0,max_snr,0.8872291569980635,0.0,
16.0,we_4,BS_1,,0,max_snr,0.2572291569980749,0.0,
16.0,we_5,BS_1,,0,max_snr,0.1372291569980706,0.0,
16.0,we_6,BS_1,,0,max_snr,0.017229156998083,0.0,
16.0,we_7,BS_1,,0,max_snr,-0.1327708430019221,0.0,
16.0,we_8,BS_1,,0,max_snr,-0.6327708430019292,0.0,
16.0,we_9,BS_1,,0,max_snr,-0.7627708430019281,0.0,
16.0,wn_0,BS_1,,0,max_snr,0.3772291569980797,0.0,
16.0,wn_1,BS_1,,0,max_snr,0.1972291569980724,0.0,
16.0,wn_2,BS_1,,0,max_snr,-0.0027708430019235,0.0,
16.0,wn_3,BS_1,,0,max_snr,-0.5227708430019192,0.0,
16.0,wn_4,BS_1,,0,max_snr,-0.7227708430019335,0.0,
16.0,wn_5,BS_1,,0,max_snr,-0.9327708430019228,0.0,
16.0,wn_6,BS_1,,0,max_snr,-1.3527708430019207,0.0,
16.0,wn_7,BS_1,,0,max_snr,-1.572770843001924,0.0,
16.0,wn_8,BS_1,,0,max_snr,-1.8027708430019207,0.0,
16.0,wn_9,BS_1,,0,max_snr,-2.132770843001934,0.0,
17.0,ew_0,BS_1,,0,max_snr,-6.042770843001915,0.0,
17.0,ew_1,BS_1,,0,max_snr,-6.11277084300193,0.0,
17.0,ew_10,BS_1,BS_1,1,max_snr,21.83722915699807,440.00000000000006,21.83722915699807
17.0,ew_11,BS_1,,0,max_snr,21.36722915699807,0.0,
17.0,ew_12,BS_1,BS_1,1,max_snr,22.04722915699807,440.00000000000006,22.04722915699807
17.0,ew_13,BS_1,,0,max_snr,21.077229156998065,0.0,
17.0,ew_14,BS_1,,0,max_snr,21.027229156998075,0.0,
17.0,ew_15,BS_1,,0,max_snr,20.93722915699807,0.0,
17.0,ew_16,BS_1,,0,max_snr,20.56722915699808,0.0,
17.0,ew_17,BS_1,,0,max_snr,21.047229156998064,0.0,
17.0,ew_18,BS_1,,0,max_snr,20.647229156998073,0.0,
17.0,ew_19,BS_1,,0,max_snr,20.437229156998065,0.0,
17.0,ew_2,BS_1,,0,max_snr,2.837229156998066,0.0,
17.0,ew_3,BS_1,,0,max_snr,3.67722915699808,0.0,
17.0,ew_4,BS_1,BS_1,1,max_snr,22.007229156998072,440.00000000000006,22.007229156998072
17.0,ew_5,BS_1,,0,max_snr,21.247229156998067,0.0,
17.0,ew_6,BS_1,,0,max_snr,21.577229156998072,0.0,
17.0,ew_7,BS_1,BS_1,1,max_snr,22.297229156998064,440.00000000000006,22.297229156998064
17.0,ew_8,BS_1,BS_1,1,max_snr,21.78722915699808,440.00000000000006,21.78722915699808
17.0,ew_9,BS_1,BS_1,1,max_snr,22.08722915699807,440.00000000000006,22.08722915699807
17.0,ns_0,BS_1,,0,max_snr,-5.712770843001921,0.0,
17.0,ns_1,BS_1,,0,max_snr,-5.792770843001929,0.0,
17.0,ns_10,BS_1,BS_1,1,max_snr,21.767229156998084,440.00000000000006,21.767229156998084
17.0,ns_11,BS_1,BS_1,1,max_snr,21.72722915699808,440.00000000000006,21.72722915699808
17.0,ns_12,BS_1,,0,max_snr,21.127229156998084,0.0,
17.0,ns_13,BS_1,,0,max_snr,21.637229156998075,0.0,
17.0,ns_14,BS_1,,0,max_snr,20.77722915699807,0.0,
17.0,ns_15,BS_1,,0,max_snr,20.71722915699807,0.0,
17.0,ns_16,BS_1,,0,max_snr,20.79722915699807,0.0,
17.0,ns_17,BS_1,,0,max_snr,20.34722915699808,0.0,
17.0,ns_18,BS_1,,0,max_snr,20.597229156998083,0.0,
17.0,ns_19,BS_1,,0,max_snr,20.357229156998073,0.0,
17.0,ns_2,BS_1,,0,max_snr,-5.892770843001927,0.0,
17.0,ns_3,BS_1,,0,max_snr,3.1472291569980717,0.0,
17.0,ns_4,BS_1,,0,max_snr,20.34722915699808,0.0,
17.0,ns_5,BS_1,,0,max_snr,20.597229156998083,0.0,
17.0,ns_6,BS_1,,0,max_snr,20.827229156998072,0.0,
17.0,ns_7,BS_1,BS_1,1,max_snr,21.64722915699808,440.00000000000006,21.64722915699808
17.0,ns_8,BS_1,BS_1,1,max_snr,22.117229156998075,440.00000000000006,22.117229156998075
17.0,ns_9,BS_1,,0,max_snr,21.607229156998073,0.0,
17.0,se_0,BS_1,,0,max_snr,0.5772291569980744,0.0,
17.0,se_1,BS_1,,0,max_snr,0.40722915699808,0.0,
17.0,se_2,BS_1,,0,max_snr,0.2172291569980606,0.0,
17.0,se_3,BS_1,,0,max_snr,-0.3227708430019239,0.0,
17.0,se_4,BS_1,,0,max_snr,-0.5127708430019247,0.0,
17.0,se_5,BS_1,,0,max_snr,-0.732770843001928,0.0,
17.0,se_6,BS_1,,0,max_snr,-1.1727708430019326,0.0,
17.0,se_7,BS_1,,0,max_snr,-1.3827708430019223,0.0,
17.0,se_8,BS_1,,0,max_snr,-1.602770843001924,0.0,
17.0,se_9,BS_1,,0,max_snr,-1.96277084300192,0.0,
17.0,sn_0,BS_1,,0,max_snr,1.7772291569980672,0.0,
17.0,sn_1,BS_1,,0,max_snr,1.677229156998069,0.0,
17.0,sn_10,BS_1,,0,max_snr,-0.532770843001932,0.0,
17.0,sn_11,BS_1,,0,max_snr,-0.7027708430019264,0.0,
17.0,sn_12,BS_1,,0,max_snr,-1.1327708430019192,0.0,
17.0,sn_13,BS_1,,0,max_snr,-1.2927708430019194,0.0,
17.0,sn_14,BS_1,,0,max_snr,-1.4627708430019306,0.0,
17.0,sn_15,BS_1,,0,max_snr,-1.6527708430019148,0.0,
17.0,sn_16,BS_1,,0,max_snr,-1.972770843001934,0.0,
17.0,sn_17,BS_1,,0,max_snr,-2.142770843001927,0.0,
17.0,sn_18,BS_1,,0,max_snr,-2.3327708430019283,0.0,
17.0,sn_19,BS_1,,0,max_snr,-2.522770843001931,0.0,
17.0,sn_2,BS_1,,0,max_snr,1.5672291569980763,0.0,
17.0,sn_3,BS_1,,0,max_snr,1.43722915699806,0.0,
17.0,sn_4,BS_1,,0,max_snr,0.7372291569980755,0.0,
17.0,sn_5,BS_1,,0,max_snr,0.6172291569980703,0.0,
17.0,sn_6,BS_1,,0,max_snr,0.4772291569980769,0.0,
17.0,sn_7,BS_1,,0,max_snr,0.3272291569980712,0.0,
17.0,sn_8,BS_1,,0,max_snr,-0.2327708430019205,0.0,
17.0,sn_9,BS_1,,0,max_snr,-0.372770843001914,0.0,
17.0,we_0,BS_1,,0,max_snr,1.4972291569980622,0.0,
17.0,we_1,BS_1,,0,max_snr,1.4172291569980715,0.0,
17.0,we_10,BS_1,,0,max_snr,-0.6327708430019292,0.0,
17.0,we_11,BS_1,,0,max_snr,-0.7827708430019352,0.0,
17.0,we_12,BS_1,,0,max_snr,-1.2027708430019337,0.0,
17.0,we_13,BS_1,,0,max_snr,-1.3427708430019267,0.0,
17.0,we_14,BS_1,,0,max_snr,-1.5027708430019269,0.0,
17.0,we_15,BS_1,,0,max_snr,-1.6727708430019388,0.0,
17.0,we_16,BS_1,,0,max_snr,-1.9827708430019269,0.0,
17.0,we_17,BS_1,,0,max_snr,-2.152770843001922,0.0,
17.0,we_18,BS_1,,0,max_snr,-2.322770843001917,0.0,
17.0,we_19,BS_1,,0,max_snr,-2.502770843001923,0.0,
17.0,we_2,BS_1,,0,max_snr,1.3272291569980676,0.0,
17.0,we_3,BS_1,,0,max_snr,1.217229156998075,0.0,
17.0,we_4,BS_1,,0,max_snr,0.5472291569980743,0.0,
17.0,we_5,BS_1,,0,max_snr,0.4372291569980633,0.0,
17.0,we_6,BS_1,,0,max_snr,0.3172291569980771,0.0,
17.0,we_7,BS_1,,0,max_snr,0.1772291569980832,0.0,
17.0,we_8,BS_1,,0,max_snr,-0.3627708430019376,0.0,
17.0,we_9,BS_1,,0,max_snr,-0.4827708430019241,0.0,
17.0,wn_0,BS_1,,0,max_snr,0.6372291569980773,0.0,
17.0,wn_1,BS_1,,0,max_snr,0.4672291569980645,0.0,
17.0,wn_2,BS_1,,0,max_snr,0.2772291569980631,0.0,
17.0,wn_3,BS_1,,0,max_snr,-0.2827708430019283,0.0,
17.0,wn_4,BS_1,,0,max_snr,-0.4727708430019295,0.0,
17.0,wn_5,BS_1,,0,max_snr,-0.6827708430019197,0.0,
17.0,wn_6,BS_1,,0,max_snr,-1.1327708430019192,0.0,
17.0,wn_7,BS_1,,0,max_snr,-1.3427708430019267,0.0,
17.0,wn_8,BS_1,,0,max_snr,-1.5627708430019291,0.0,
17.0,wn_9,BS_1,,0,max_snr,-1.9227708430019248,0.0,
18.0,ew_0,BS_1,,0,max_snr,4.2872291569980785,0.0,
18.0,ew_1,BS_1,,0,max_snr,-5.862770843001926,0.0,
18.0,ew_10,BS_1,BS_1,1,max_snr,21.40722915699808,440.00000000000006,21.40722915699808
18.0,ew_11,BS_1,BS_1,1,max_snr,21.65722915699808,440.00000000000006,21.65722915699808
18.0,ew_12,BS_1,BS_1,1,max_snr,21.54722915699807,440.00000000000006,21.54722915699807
18.0,ew_13,BS_1,BS_1,1,max_snr,21.75722915699808,440.00000000000006,21.75722915699808
18.0,ew_14,BS_1,BS_1,1,max_snr,21.577229156998072,440.00000000000006,21.577229156998072
18.0,ew_15,BS_1,BS_1,1,max_snr,21.397229156998073,440.00000000000006,21.397229156998073
18.0,ew_16,BS_1,,0,max_snr,20.97722915699808,0.0,
18.0,ew_17,BS_1,,0,max_snr,21.19722915699807,0.0,
18.0,ew_18,BS_1,,0,max_snr,20.56722915699808,0.0,
18.0,ew_19,BS_1,,0,max_snr,20.897229156998076,0.0,
18.0,ew_2,BS_1,,0,max_snr,-5.942770843001935,0.0,
18.0,ew_3,BS_1,,0,max_snr,-6.022770843001926,0.0,
18.0,ew_4,BS_1,,0,max_snr,11.94722915699808,0.0,
18.0,ew_5,BS_1,,0,max_snr,20.47722915699808,0.0,
18.0,ew_6,BS_1,,0,max_snr,20.45722915699808,0.0,
18.0,ew_7,BS_1,,0,max_snr,20.83722915699807,0.0,
18.0,ew_8,BS_1,BS_1,1,max_snr,21.537229156998077,440.00000000000006,21.537229156998077
18.0,ew_9,BS_1,BS_1,1,max_snr,22.147229156998076,440.00000000000006,22.147229156998076
18.0,ns_0,BS_1,,0,max_snr,3.947229156998072,0.0,
18.0,ns_1,BS_1,,0,max_snr,4.037229156998076,0.0,
18.0,ns_10,BS_1,,0,max_snr,21.31722915699807,0.0,
18.0,ns_11,BS_1,BS_1,1,max_snr,21.467229156998073,440.00000000000006,21.467229156998073
18.0,ns_12,BS_1,BS_1,1,max_snr,22.077229156998072,440.00000000000006,22.077229156998072
18.0,ns_13,BS_1,,0,max_snr,21.267229156998084,0.0,
18.0,ns_14,BS_1,,0,max_snr,20.787229156998073,0.0,
18.0,ns_15,BS_1,,0,max_snr,21.277229156998068,0.0,
18.0,ns_16,BS_1,,0,max_snr,21.14722915699808,0.0,
18.0,ns_17,BS_1,,0,max_snr,20.81722915699807,0.0,
18.0,ns_18,BS_1,,0,max_snr,20.487229156998083,0.0,
18.0,ns_19,BS_1,,0,max_snr,20.05722915699807,0.0,
18.0,ns_2,BS_1,,0,max_snr,4.137229156998074,0.0,
18.0,ns_3,BS_1,,0,max_snr,-5.712770843001921,0.0,
18.0,ns_4,BS_1,,0,max_snr,11.997229156998069,0.0,
18.0,ns_5,BS_1,,0,max_snr,11.43722915699806,0.0,
18.0,ns_6,BS_1,,0,max_snr,20.74722915699807,0.0,
18.0,ns_7,BS_1,,0,max_snr,20.887229156998075,0.0,
18.0,ns_8,BS_1,,0,max_snr,20.69722915699807,0.0,
18.0,ns_9,BS_1,,0,max_snr,21.347229156998075,0.0,
18.0,se_0,BS_1,,0,max_snr,0.8472291569980849,0.0,
18.0,se_1,BS_1,,0,max_snr,0.6772291569980731,0.0,
18.0,se_2,BS_1,,0,max_snr,0.4872291569980716,0.0,
18.0,se_3,BS_1,,0,max_snr,-0.082770843001932,0.0,
18.0,se_4,BS_1,,0,max_snr,-0.2627708430019215,0.0,
18.0,se_5,BS_1,,0,max_snr,-0.4727708430019295,0.0,
18.0,se_6,BS_1,,0,max_snr,-0.942770843001935,0.0,
18.0,se_7,BS_1,,0,max_snr,-1.142770843001931,0.0,
18.0,se_8,BS_1,,0,max_snr,-1.372770843001928,0.0,
18.0,se_9,BS_1,,0,max_snr,-1.7427708430019182,0.0,
18.0,sn_0,BS_1,,0,max_snr,2.117229156998074,0.0,
18.0,sn_1,BS_1,,0,max_snr,2.027229156998071,0.0,
18.0,sn_10,BS_1,,0,max_snr,-0.2227708430019258,0.0,
18.0,sn_11,BS_1,,0,max_snr,-0.3927708430019387,0.0,
18.0,sn_12,BS_1,,0,max_snr,-0.8627708430019265,0.0,
18.0,sn_13,BS_1,,0,max_snr,-1.0127708430019149,0.0,
18.0,sn_14,BS_1,,0,max_snr,-1.182770843001926,0.0,
18.0,sn_15,BS_1,,0,max_snr,-1.362770843001933,0.0,
18.0,sn_16,BS_1,,0,max_snr,-1.7127708430019173,0.0,
18.0,sn_17,BS_1,,0,max_snr,-1.8827708430019288,0.0,
18.0,sn_18,BS_1,,0,max_snr,-2.062770843001936,0.0,
18.0,sn_19,BS_1,,0,max_snr,-2.2627708430019142,0.0,
18.0,sn_2,BS_1,,0,max_snr,1.9172291569980784,0.0,
18.0,sn_3,BS_1,,0,max_snr,1.7972291569980738,0.0,
18.0,sn_4,BS_1,,0,max_snr,1.057229156998075,0.0,
18.0,sn_5,BS_1,,0,max_snr,0.9472291569980652,0.0,
18.0,sn_6,BS_1,,0,max_snr,0.8072291569980717,0.0,
18.0,sn_7,BS_1,,0,max_snr,0.6672291569980787,0.0,
18.0,sn_8,BS_1,,0,max_snr,0.0672291569980735,0.0,
18.0,sn_9,BS_1,,0,max_snr,-0.0727708430019202,0.0,
18.0,we_0,BS_1,,0,max_snr,1.807229156998068,0.0,
18.0,we_1,BS_1,,0,max_snr,1.7372291569980711,0.0,
18.0,we_10,BS_1,,0,max_snr,-0.342770843001913,0.0,
18.0,we_11,BS_1,,0,max_snr,-0.4927708430019178,0.0,
18.0,we_12,BS_1,,0,max_snr,-0.942770843001935,0.0,
18.0,we_13,BS_1,,0,max_snr,-1.0827708430019294,0.0,
18.0,we_14,BS_1,,0,max_snr,-1.2427708430019282,0.0,
18.0,we_15,BS_1,,0,max_snr,-1.4027708430019292,0.0,
18.0,we_16,BS_1,,0,max_snr,-1.7427708430019182,0.0,
18.0,we_17,BS_1,,0,max_snr,-1.902770843001918,0.0,
18.0,we_18,BS_1,,0,max_snr,-2.0727708430019303,0.0,
18.0,we_19,BS_1,,0,max_snr,-2.2527708430019375,0.0,
18.0,we_2,BS_1,,0,max_snr,1.6472291569980688,0.0,
18.0,we_3,BS_1,,0,max_snr,1.5472291569980705,0.0,
18.0,we_4,BS_1,,0,max_snr,0.8372291569980734,0.0,
18.0,we_5,BS_1,,0,max_snr,0.7372291569980755,0.0,
18.0,we_6,BS_1,,0,max_snr,0.6272291569980825,0.0,
18.0,we_7,BS_1,,0,max_snr,0.497229156998066,0.0,
18.0,we_8,BS_1,,0,max_snr,-0.082770843001932,0.0,
18.0,we_9,BS_1,,0,max_snr,-0.2027708430019366,0.0,
18.0,wn_0,BS_1,,0,max_snr,0.8972291569980749,0.0,
18.0,wn_1,BS_1,,0,max_snr,0.7372291569980755,0.0,
18.0,wn_2,BS_1,,0,max_snr,0.5472291569980743,0.0,
18.0,wn_3,BS_1,,0,max_snr,-0.0327708430019246,0.0,
18.0,wn_4,BS_1,,0,max_snr,-0.2127708430019312,0.0,
18.0,wn_5,BS_1,,0,max_snr,-0.4227708430019394,0.0,
18.0,wn_6,BS_1,,0,max_snr,-0.9027708430019216,0.0,
18.0,wn_7,BS_1,,0,max_snr,-1.1027708430019172,0.0,
18.0,wn_8,BS_1,,0,max_snr,-1.3227708430019205,0.0,
18.0,wn_9,BS_1,,0,max_snr,-1.7127708430019173,0.0,
19.0,ew_0,BS_1,,0,max_snr,3.9772291569980736,0.0,
19.0,ew_1,BS_1,,0,max_snr,4.047229156998069,0.0,
19.0,ew_10,BS_1,BS_1,1,max_snr,21.587229156998077,440.00000000000006,21.587229156998077
19.0,ew_11,BS_1,BS_1,1,max_snr,21.347229156998075,440.00000000000006,21.347229156998075
19.0,ew_12,BS_1,BS_1,1,max_snr,22.117229156998075,440.00000000000006,22.117229156998075
19.0,ew_13,BS_1,,0,max_snr,21.237229156998083,0.0,
19.0,ew_14,BS_1,BS_1,1,max_snr,21.417229156998072,440.00000000000006,21.417229156998072
19.0,ew_15,BS_1,BS_1,1,max_snr,21.81722915699808,440.00000000000006,21.81722915699808
19.0,ew_16,BS_1,,0,max_snr,21.14722915699808,0.0,
19.0,ew_17,BS_1,,0,max_snr,21.267229156998084,0.0,
19.0,ew_18,BS_1,,0,max_snr,20.917229156998076,0.0,
19.0,ew_19,BS_1,,0,max_snr,20.79722915699807,0.0,
19.0,ew_2,BS_1,,0,max_snr,4.127229156998079,0.0,
19.0,ew_3,BS_1,,0,max_snr,4.227229156998077,0.0,
19.0,ew_4,BS_1,,0,max_snr,11.267229156998082,0.0,
19.0,ew_5,BS_1,,0,max_snr,12.457229156998082,0.0,
19.0,ew_6,BS_1,,0,max_snr,11.497229156998063,0.0,
19.0,ew_7,BS_1,,0,max_snr,5.217229156998061,0.0,
19.0,ew_8,BS_1,,0,max_snr,20.887229156998075,0.0,
19.0,ew_9,BS_1,BS_1,1,max_snr,21.887229156998067,440.00000000000006,21.887229156998067
19.0,ns_0,BS_1,,0,max_snr,3.6172291569980777,0.0,
19.0,ns_1,BS_1,,0,max_snr,3.7072291569980815,0.0,
19.0,ns_10,BS_1,,0,max_snr,20.607229156998063,0.0,
19.0,ns_11,BS_1,,0,max_snr,21.16722915699807,0.0,
19.0,ns_12,BS_1,,0,max_snr,21.277229156998068,0.0,
19.0,ns_13,BS_1,BS_1,1,max_snr,22.02722915699807,440.00000000000006,22.02722915699807
19.0,ns_14,BS_1,BS_1,1,max_snr,21.72722915699808,440.00000000000006,21.72722915699808
19.0,ns_15,BS_1,BS_1,1,max_snr,21.30722915699807,440.00000000000006,21.30722915699807
19.0,ns_16,BS_1,,0,max_snr,20.657229156998085,0.0,
19.0,ns_17,BS_1,,0,max_snr,20.58722915699807,0.0,
19.0,ns_18,BS_1,,0,max_snr,20.517229156998084,0.0,
19.0,ns_19,BS_1,,0,max_snr,20.947229156998077,0.0,
19.0,ns_2,BS_1,,0,max_snr,3.7972291569980663,0.0,
19.0,ns_3,BS_1,,0,max_snr,3.9172291569980713,0.0,
19.0,ns_4,BS_1,,0,max_snr,3.0472291569980743,0.0,
19.0,ns_5,BS_1,,0,max_snr,3.4572291569980766,0.0,
19.0,ns_6,BS_1,,0,max_snr,11.577229156998072,0.0,
19.0,ns_7,BS_1,,0,max_snr,12.04722915699806,0.0,
19.0,ns_8,BS_1,BS_1,1,max_snr,21.31722915699807,440.00000000000006,21.31722915699807
19.0,ns_9,BS_1,,0,max_snr,20.98722915699808,0.0,
19.0,se_0,BS_1,,0,max_snr,1.107229156998065,0.0,
19.0,se_1,BS_1,,0,max_snr,0.9472291569980652,0.0,
19.0,se_2,BS_1,,0,max_snr,0.767229156998077,0.0,
19.0,se_3,BS_1,,0,max_snr,0.1672291569980708,0.0,
19.0,se_4,BS_1,,0,max_snr,-0.0127708430019176,0.0,
19.0,se_5,BS_1,,0,max_snr,-0.2127708430019312,0.0,
19.0,se_6,BS_1,,0,max_snr,-0.7027708430019264,0.0,
19.0,se_7,BS_1,,0,max_snr,-0.9127708430019336,0.0,
19.0,se_8,BS_1,,0,max_snr,-1.1227708430019243,0.0,
19.0,se_9,BS_1,,0,max_snr,-1.5227708430019335,0.0,
19.0,sn_0,BS_1,,0,max_snr,2.4572291569980815,0.0,
19.0,sn_1,BS_1,,0,max_snr,2.3772291569980726,0.0,
19.0,sn_10,BS_1,,0,max_snr,0.0872291569980808,0.0,
19.0,sn_11,BS_1,,0,max_snr,-0.0727708430019202,0.0,
19.0,sn_12,BS_1,,0,max_snr,-0.5727708430019266,0.0,
19.0,sn_13,BS_1,,0,max_snr,-0.732770843001928,0.0,
19.0,sn_14,BS_1,,0,max_snr,-0.8927708430019275,0.0,
19.0,sn_15,BS_1,,0,max_snr,-1.0727708430019167,0.0,
19.0,sn_16,BS_1,,0,max_snr,-1.4527708430019377,0.0,
19.0,sn_17,BS_1,,0,max_snr,-1.6227708430019132,0.0,
19.0,sn_18,BS_1,,0,max_snr,-1.8027708430019207,0.0,
19.0,sn_19,BS_1,,0,max_snr,-1.9827708430019269,0.0,
19.0,sn_2,BS_1,,0,max_snr,2.2772291569980743,0.0,
19.0,sn_3,BS_1,,0,max_snr,2.1672291569980637,0.0,
19.0,sn_4,BS_1,,0,max_snr,1.38722915699807,0.0,
19.0,sn_5,BS_1,,0,max_snr,1.2772291569980776,0.0,
19.0,sn_6,BS_1,,0,max_snr,1.1472291569980788,0.0,
19.0,sn_7,BS_1,,0,max_snr,1.0072291569980671,0.0,
19.0,sn_8,BS_1,,0,max_snr,0.3672291569980674,0.0,
19.0,sn_9,BS_1,,0,max_snr,0.2372291569980854,0.0,
19.0,we_0,BS_1,,0,max_snr,2.127229156998086,0.0,
19.0,we_1,BS_1,,0,max_snr,2.057229156998072,0.0,
19.0,we_10,BS_1,,0,max_snr,-0.0427708430019193,0.0,
19.0,we_11,BS_1,,0,max_snr,-0.1927708430019248,0.0,
19.0,we_12,BS_1,,0,max_snr,-0.6827708430019197,0.0,
19.0,we_13,BS_1,,0,max_snr,-0.8127708430019364,0.0,
19.0,we_14,BS_1,,0,max_snr,-0.9627708430019242,0.0,
19.0,we_15,BS_1,,0,max_snr,-1.1227708430019243,0.0,
19.0,we_16,BS_1,,0,max_snr,-1.5027708430019269,0.0,
19.0,we_17,BS_1,,0,max_snr,-1.6527708430019148,0.0,
19.0,we_18,BS_1,,0,max_snr,-1.812770843001933,0.0,
19.0,we_19,BS_1,,0,max_snr,-1.9927708430019215,0.0,
19.0,we_2,BS_1,,0,max_snr,1.987229156998075,0.0,
19.0,we_3,BS_1,,0,max_snr,1.8872291569980773,0.0,
19.0,we_4,BS_1,,0,max_snr,1.1372291569980657,0.0,
19.0,we_5,BS_1,,0,max_snr,1.0472291569980623,0.0,
19.0,we_6,BS_1,,0,max_snr,0.9372291569980707,0.0,
19.0,we_7,BS_1,,0,max_snr,0.8172291569980845,0.0,
19.0,we_8,BS_1,,0,max_snr,0.1972291569980724,0.0,
19.0,we_9,BS_1,,0,max_snr,0.0872291569980808,0.0,
19.0,wn_0,BS_1,,0,max_snr,1.1672291569980673,0.0,
19.0,wn_1,BS_1,,0,max_snr,1.0172291569980791,0.0,
19.0,wn_2,BS_1,,0,max_snr,0.8372291569980734,0.0,
19.0,wn_3,BS_1,,0,max_snr,0.2172291569980606,0.0,
19.0,wn_4,BS_1,,0,max_snr,0.0372291569980722,0.0,
19.0,wn_5,BS_1,,0,max_snr,-0.1627708430019235,0.0,
19.0,wn_6,BS_1,,0,max_snr,-0.6627708430019301,0.0,
19.0,wn_7,BS_1,,0,max_snr,-0.8627708430019265,0.0,
19.0,wn_8,BS_1,,0,max_snr,-1.0827708430019294,0.0,
19.0,wn_9,BS_1,,0,max_snr,-1.4927708430019326,0.0,
20.0,ew_0,BS_1,,0,max_snr,3.6572291569980737,0.0,
20.0,ew_1,BS_1,,0,max_snr,3.717229156998076,0.0,
20.0,ew_10,BS_1,BS_1,1,max_snr,21.54722915699807,440.00000000000006,21.54722915699807
20.0,ew_11,BS_1,BS_1,1,max_snr,22.02722915699807,440.00000000000006,22.02722915699807
20.0,ew_12,BS_1,BS_1,1,max_snr,21.86722915699807,440.00000000000006,21.86722915699807
20.0,ew_13,BS_1,BS_1,1,max_snr,22.36722915699808,440.00000000000006,22.36722915699808
20.0,ew_14,BS_1,BS_1,1,max_snr,22.02722915699807,440.00000000000006,22.02722915699807
20.0,ew_15,BS_1,BS_1,1,max_snr,21.857229156998063,440.00000000000006,21.857229156998063
20.0,ew_16,BS_1,BS_1,1,max_snr,21.717229156998066,440.00000000000006,21.717229156998066
20.0,ew_17,BS_1,,0,max_snr,21.31722915699807,0.0,
20.0,ew_18,BS_1,,0,max_snr,20.90722915699808,0.0,
20.0,ew_19,BS_1,,0,max_snr,20.917229156998076,0.0,
20.0,ew_2,BS_1,,0,max_snr,3.7972291569980663,0.0,
20.0,ew_3,BS_1,,0,max_snr,3.88722915699807,0.0,
20.0,ew_4,BS_1,,0,max_snr,-6.092770843001923,0.0,
20.0,ew_5,BS_1,,0,max_snr,3.347229156998085,0.0,
20.0,ew_6,BS_1,,0,max_snr,3.0972291569980817,0.0,
20.0,ew_7,BS_1,,0,max_snr,11.507229156998076,0.0,
20.0,ew_8,BS_1,,0,max_snr,20.99722915699807,0.0,
20.0,ew_9,BS_1,,0,max_snr,21.087229156998077,0.0,
20.0,ns_0,BS_1,,0,max_snr,3.287229156998083,0.0,
20.0,ns_1,BS_1,,0,max_snr,3.3672291569980746,0.0,
20.0,ns_10,BS_1,,0,max_snr,21.40722915699808,0.0,
20.0,ns_11,BS_1,BS_1,1,max_snr,21.797229156998064,440.00000000000006,21.797229156998064
20.0,ns_12,BS_1,BS_1,1,max_snr,21.857229156998063,440.00000000000006,21.857229156998063
20.0,ns_13,BS_1,,0,max_snr,21.01722915699808,0.0,
20.0,ns_14,BS_1,,0,max_snr,21.487229156998076,0.0,
20.0,ns_15,BS_1,BS_1,1,max_snr,21.72722915699808,440.00000000000006,21.72722915699808
20.0,ns_16,BS_1,,0,max_snr,21.267229156998084,0.0,
20.0,ns_17,BS_1,,0,max_snr,21.417229156998072,0.0,
20.0,ns_18,BS_1,,0,max_snr,21.20722915699808,0.0,
20.0,ns_19,BS_1,,0,max_snr,21.137229156998067,0.0,
20.0,ns_2,BS_1,,0,max_snr,3.4572291569980766,0.0,
20.0,ns_3,BS_1,,0,max_snr,3.557229156998076,0.0,
20.0,ns_4,BS_1,,0,max_snr,-5.762770843001928,0.0,
20.0,ns_5,BS_1,,0,max_snr,-5.852770843001932,0.0,
20.0,ns_6,BS_1,,0,max_snr,4.097229156998078,0.0,
20.0,ns_7,BS_1,,0,max_snr,2.6272291569980757,0.0,
20.0,ns_8,BS_1,,0,max_snr,20.56722915699808,0.0,
20.0,ns_9,BS_1,,0,max_snr,20.83722915699807,0.0,
20.0,se_0,BS_1,,0,max_snr,1.3772291569980752,0.0,
20.0,se_1,BS_1,,0,max_snr,1.22722915699807,0.0,
20.0,se_2,BS_1,,0,max_snr,1.057229156998075,0.0,
20.0,se_3,BS_1,,0,max_snr,0.4272291569980687,0.0,
20.0,se_4,BS_1,,0,max_snr,0.2472291569980615,0.0,
20.0,se_5,BS_1,,0,max_snr,0.057229156998079,0.0,
20.0,se_6,BS_1,,0,max_snr,-0.4727708430019295,0.0,
20.0,se_7,BS_1,,0,max_snr,-0.6627708430019301,0.0,
20.0,se_8,BS_1,,0,max_snr,-0.8827708430019338,0.0,
20.0,se_9,BS_1,,0,max_snr,-1.3027708430019307,0.0,
20.0,sn_0,BS_1,,0,max_snr,2.7972291569980707,0.0,
20.0,sn_1,BS_1,,0,max_snr,2.727229156998074,0.0,
20.0,sn_10,BS_1,,0,max_snr,0.40722915699808,0.0,
20.0,sn_11,BS_1,,0,max_snr,0.2572291569980749,0.0,
20.0,sn_12,BS_1,,0,max_snr,-0.2927708430019222,0.0,
20.0,sn_13,BS_1,,0,max_snr,-0.4327708430019158,0.0,
20.0,sn_14,BS_1,,0,max_snr,-0.5927708430019161,0.0,
20.0,sn_15,BS_1,,0,max_snr,-0.7627708430019281,0.0,
20.0,sn_16,BS_1,,0,max_snr,-1.182770843001926,0.0,
20.0,sn_17,BS_1,,0,max_snr,-1.3527708430019207,0.0,
20.0,sn_18,BS_1,,0,max_snr,-1.5227708430019335,0.0,
20.0,sn_19,BS_1,,0,max_snr,-1.7127708430019173,0.0,
20.0,sn_2,BS_1,,0,max_snr,2.6472291569980824,0.0,
20.0,sn_3,BS_1,,0,max_snr,2.5372291569980723,0.0,
20.0,sn_4,BS_1,,0,max_snr,1.7172291569980649,0.0,
20.0,sn_5,BS_1,,0,max_snr,1.6172291569980668,0.0,
20.0,sn_6,BS_1,,0,max_snr,1.4972291569980622,0.0,
20.0,sn_7,BS_1,,0,max_snr,1.3672291569980812,0.0,
20.0,sn_8,BS_1,,0,max_snr,0.6772291569980731,0.0,
20.0,sn_9,BS_1,,0,max_snr,0.5572291569980679,0.0,
20.0,we_0,BS_1,,0,max_snr,2.437229156998075,0.0,
20.0,we_1,BS_1,,0,max_snr,2.3872291569980666,0.0,
20.0,we_10,BS_1,,0,max_snr,0.2572291569980749,0.0,
20.0,we_11,BS_1,,0,max_snr,0.117229156998081,0.0,
20.0,we_12,BS_1,,0,max_snr,-0.412770843001927,0.0,
20.0,we_13,BS_1,,0,max_snr,-0.542770843001926,0.0,
20.0,we_14,BS_1,,0,max_snr,-0.6827708430019197,0.0,
20.0,we_15,BS_1,,0,max_snr,-0.84277084300192,0.0,
20.0,we_16,BS_1,,0,max_snr,-1.2527708430019229,0.0,
20.0,we_17,BS_1,,0,max_snr,-1.4027708430019292,0.0,
20.0,we_18,BS_1,,0,max_snr,-1.5627708430019291,0.0,
20.0,we_19,BS_1,,0,max_snr,-1.7227708430019302,0.0,
20.0,we_2,BS_1,,0,max_snr,2.31722915699807,0.0,
20.0,we_3,BS_1,,0,max_snr,2.2372291569980787,0.0,
20.0,we_4,BS_1,,0,max_snr,1.43722915699806,0.0,
20.0,we_5,BS_1,,0,max_snr,1.3572291569980688,0.0,
20.0,we_6,BS_1,,0,max_snr,1.257229156998071,0.0,
20.0,we_7,BS_1,,0,max_snr,1.1472291569980788,0.0,
20.0,we_8,BS_1,,0,max_snr,0.4872291569980716,0.0,
20.0,we_9,BS_1,,0,max_snr,0.3772291569980797,0.0,
20.0,wn_0,BS_1,,0,max_snr,1.447229156998072,0.0,
20.0,wn_1,BS_1,,0,max_snr,1.2972291569980672,0.0,
20.0,wn_2,BS_1,,0,max_snr,1.127229156998072,0.0,
20.0,wn_3,BS_1,,0,max_snr,0.4772291569980769,0.0,
20.0,wn_4,BS_1,,0,max_snr,0.3072291569980653,0.0,
20.0,wn_5,BS_1,,0,max_snr,0.1072291569980691,0.0,
20.0,wn_6,BS_1,,0,max_snr,-0.4227708430019394,0.0,
20.0,wn_7,BS_1,,0,max_snr,-0.6227708430019175,0.0,
20.0,wn_8,BS_1,,0,max_snr,-0.8327708430019254,0.0,
20.0,wn_9,BS_1,,0,max_snr,-1.2627708430019178,0.0,
21.0,ew_0,BS_1,,0,max_snr,3.337229156998073,0.0,
21.0,ew_1,BS_1,,0,max_snr,3.387229156998062,0.0,
21.0,ew_10,BS_1,,0,max_snr,21.027229156998075,0.0,
21.0,ew_11,BS_1,BS_1,1,max_snr,21.78722915699808,440.00000000000006,21.78722915699808
21.0,ew_12,BS_1,BS_1,1,max_snr,21.957229156998075,440.00000000000006,21.957229156998075
21.0,ew_13,BS_1,BS_1,1,max_snr,22.197229156998077,440.00000000000006,22.197229156998077
21.0,ew_14,BS_1,,0,max_snr,21.417229156998072,0.0,
21.0,ew_15,BS_1,BS_1,1,max_snr,22.23722915699808,440.00000000000006,22.23722915699808
21.0,ew_16,BS_1,BS_1,1,max_snr,21.64722915699808,440.00000000000006,21.64722915699808
21.0,ew_17,BS_1,BS_1,1,max_snr,22.197229156998077,440.00000000000006,22.197229156998077
21.0,ew_18,BS_1,,0,max_snr,21.097229156998083,0.0,
21.0,ew_19,BS_1,,0,max_snr,21.397229156998073,0.0,
21.0,ew_2,BS_1,,0,max_snr,3.4472291569980653,0.0,
21.0,ew_3,BS_1,,0,max_snr,3.5272291569980747,0.0,
21.0,ew_4,BS_1,,0,max_snr,-5.852770843001932,0.0,
21.0,ew_5,BS_1,,0,max_snr,-5.912770843001934,0.0,
21.0,ew_6,BS_1,,0,max_snr,-5.992770843001925,0.0,
21.0,ew_7,BS_1,,0,max_snr,-6.0727708430019165,0.0,
21.0,ew_8,BS_1,,0,max_snr,20.437229156998065,0.0,
21.0,ew_9,BS_1,,0,max_snr,20.847229156998075,0.0,
21.0,ns_0,BS_1,,0,max_snr,2.957229156998071,0.0,
21.0,ns_1,BS_1,,0,max_snr,3.017229156998073,0.0,
21.0,ns_10,BS_1,,0,max_snr,20.207229156998075,0.0,
21.0,ns_11,BS_1,,0,max_snr,20.79722915699807,0.0,
21.0,ns_12,BS_1,,0,max_snr,21.20722915699808,0.0,
21.0,ns_13,BS_1,BS_1,1,max_snr,21.62722915699808,440.00000000000006,21.62722915699808
21.0,ns_14,BS_1,BS_1,1,max_snr,21.65722915699808,440.00000000000006,21.65722915699808
21.0,ns_15,BS_1,,0,max_snr,20.947229156998077,0.0,
21.0,ns_16,BS_1,BS_1,1,max_snr,21.91722915699807,440.00000000000006,21.91722915699807
21.0,ns_17,BS_1,,0,max_snr,21.557229156998076,0.0,
21.0,ns_18,BS_1,BS_1,1,max_snr,21.607229156998073,440.00000000000006,21.607229156998073
21.0,ns_19,BS_1,,0,max_snr,20.657229156998085,0.0,
21.0,ns_2,BS_1,,0,max_snr,3.0972291569980817,0.0,
21.0,ns_3,BS_1,,0,max_snr,3.19722915699808,0.0,
21.0,ns_4,BS_1,,0,max_snr,4.007229156998075,0.0,
21.0,ns_5,BS_1,,0,max_snr,4.097229156998078,0.0,
21.0,ns_6,BS_1,,0,max_snr,4.20722915699807,0.0,
21.0,ns_7,BS_1,,0,max_snr,-5.772770843001922,0.0,
21.0,ns_8,BS_1,,0,max_snr,12.10722915699806,0.0,
21.0,ns_9,BS_1,,0,max_snr,20.167229156998072,0.0,
21.0,se_0,BS_1,,0,max_snr,1.6572291569980802,0.0,
21.0,se_1,BS_1,,0,max_snr,1.5072291569980742,0.0,
21.0,se_2,BS_1,,0,max_snr,1.3472291569980743,0.0,
21.0,se_3,BS_1,,0,max_snr,0.6872291569980665,0.0,
21.0,se_4,BS_1,,0,max_snr,0.5172291569980726,0.0,
21.0,se_5,BS_1,,0,max_snr,0.3272291569980712,0.0,
21.0,se_6,BS_1,,0,max_snr,-0.2227708430019258,0.0,
21.0,se_7,BS_1,,0,max_snr,-0.412770843001927,0.0,
21.0,se_8,BS_1,,0,max_snr,-0.6227708430019175,0.0,
21.0,se_9,BS_1,,0,max_snr,-1.0827708430019294,0.0,
21.0,sn_0,BS_1,,0,max_snr,3.1472291569980717,0.0,
21.0,sn_1,BS_1,,0,max_snr,3.0872291569980685,0.0,
21.0,sn_10,BS_1,,0,max_snr,0.7472291569980699,0.0,
21.0,sn_11,BS_1,,0,max_snr,0.5972291569980812,0.0,
21.0,sn_12,BS_1,,0,max_snr,0.0072291569980702,0.0,
21.0,sn_13,BS_1,,0,max_snr,-0.1327708430019221,0.0,
21.0,sn_14,BS_1,,0,max_snr,-0.2927708430019222,0.0,
21.0,sn_15,BS_1,,0,max_snr,-0.4527708430019402,0.0,
21.0,sn_16,BS_1,,0,max_snr,-0.9127708430019336,0.0,
21.0,sn_17,BS_1,,0,max_snr,-1.0727708430019167,0.0,
21.0,sn_18,BS_1,,0,max_snr,-1.2427708430019282,0.0,
21.0,sn_19,BS_1,,0,max_snr,-1.4227708430019352,0.0,
21.0,sn_2,BS_1,,0,max_snr,3.0072291569980782,0.0,
21.0,sn_3,BS_1,,0,max_snr,2.917229156998075,0.0,
21.0,sn_4,BS_1,,0,max_snr,2.0472291569980596,0.0,
21.0,sn_5,BS_1,,0,max_snr,1.9572291569980735,0.0,
21.0,sn_6,BS_1,,0,max_snr,1.847229156998082,0.0,
21.0,sn_7,BS_1,,0,max_snr,1.727229156998078,0.0,
21.0,sn_8,BS_1,,0,max_snr,0.9972291569980728,0.0,
21.0,sn_9,BS_1,,0,max_snr,0.8772291569980866,0.0,
21.0,we_0,BS_1,,0,max_snr,2.7572291569980747,0.0,
21.0,we_1,BS_1,,0,max_snr,2.7172291569980613,0.0,
21.0,we_10,BS_1,,0,max_snr,0.5572291569980679,0.0,
21.0,we_11,BS_1,,0,max_snr,0.4272291569980687,0.0,
21.0,we_12,BS_1,,0,max_snr,-0.1427708430019345,0.0,
21.0,we_13,BS_1,,0,max_snr,-0.2627708430019215,0.0,
21.0,we_14,BS_1,,0,max_snr,-0.4027708430019142,0.0,
21.0,we_15,BS_1,,0,max_snr,-0.5527708430019207,0.0,
21.0,we_16,BS_1,,0,max_snr,-0.9927708430019252,0.0,
21.0,we_17,BS_1,,0,max_snr,-1.142770843001931,0.0,
21.0,we_18,BS_1,,0,max_snr,-1.2927708430019194,0.0,
21.0,we_19,BS_1,,0,max_snr,-1.4527708430019377,0.0,
21.0,we_2,BS_1,,0,max_snr,2.657229156998077,0.0,
21.0,we_3,BS_1,,0,max_snr,2.587229156998079,0.0,
21.0,we_4,BS_1,,0,max_snr,1.7472291569980656,0.0,
21.0,we_5,BS_1,,0,max_snr,1.677229156998069,0.0,
21.0,we_6,BS_1,,0,max_snr,1.5872291569980657,0.0,
21.0,we_7,BS_1,,0,max_snr,1.477229156998074,0.0,
21.0,we_8,BS_1,,0,max_snr,0.7772291569980698,0.0,
21.0,we_9,BS_1,,0,max_snr,0.6772291569980731,0.0,
21.0,wn_0,BS_1,,0,max_snr,1.7172291569980649,0.0,
21.0,wn_1,BS_1,,0,max_snr,1.577229156998072,0.0,
21.0,wn_2,BS_1,,0,max_snr,1.4172291569980715,0.0,
21.0,wn_3,BS_1,,0,max_snr,0.7372291569980755,0.0,
21.0,wn_4,BS_1,,0,max_snr,0.5772291569980744,0.0,
21.0,wn_5,BS_1,,0,max_snr,0.3872291569980733,0.0,
21.0,wn_6,BS_1,,0,max_snr,-0.18277084300193,0.0,
21.0,wn_7,BS_1,,0,max_snr,-0.372770843001914,0.0,
21.0,wn_8,BS_1,,0,max_snr,-0.5727708430019266,0.0,
21.0,wn_9,BS_1,,0,max_snr,-1.0427708430019154,0.0,
22.0,ew_0,BS_1,,0,max_snr,3.0072291569980782,0.0,
22.0,ew_1,BS_1,,0,max_snr,3.0472291569980743,0.0,
22.0,ew_10,BS_1,,0,max_snr,12.117229156998071,0.0,
22.0,ew_11,BS_1,,0,max_snr,20.417229156998076,0.0,
22.0,ew_12,BS_1,,0,max_snr,21.447229156998073,0.0,
22.0,ew_13,BS_1,BS_1,1,max_snr,21.81722915699808,440.00000000000006,21.81722915699808
22.0,ew_14,BS_1,BS_1,1,max_snr,21.737229156998083,440.00000000000006,21.737229156998083
22.0,ew_15,BS_1,BS_1,1,max_snr,22.327229156998065,440.00000000000006,22.327229156998065
22.0,ew_16,BS_1,,0,max_snr,21.467229156998073,0.0,
22.0,ew_17,BS_1,BS_1,1,max_snr,21.83722915699807,440.00000000000006,21.83722915699807
22.0,ew_18,BS_1,,0,max_snr,21.507229156998076,0.0,
22.0,ew_19,BS_1,BS_1,1,max_snr,21.767229156998084,440.00000000000006,21.767229156998084
22.0,ew_2,BS_1,,0,max_snr,3.107229156998077,0.0,
22.0,ew_3,BS_1,,0,max_snr,3.1772291569980733,0.0,
22.0,ew_4,BS_1,,0,max_snr,4.047229156998069,0.0,
22.0,ew_5,BS_1,,0,max_snr,4.107229156998072,0.0,
22.0,ew_6,BS_1,,0,max_snr,4.197229156998076,0.0,
22.0,ew_7,BS_1,,0,max_snr,4.297229156998073,0.0,
22.0,ew_8,BS_1,,0,max_snr,12.187229156998072,0.0,
22.0,ew_9,BS_1,,0,max_snr,11.317229156998074,0.0,
22.0,ns_0,BS_1,,0,max_snr,2.6172291569980803,0.0,
22.0,ns_1,BS_1,,0,max_snr,2.6772291569980835,0.0,
22.0,ns_10,BS_1,,0,max_snr,11.857229156998075,0.0,
22.0,ns_11,BS_1,,0,max_snr,21.14722915699808,0.0,
22.0,ns_12,BS_1,BS_1,1,max_snr,21.897229156998073,440.00000000000006,21.897229156998073
22.0,ns_13,BS_1,,0,max_snr,21.59722915699808,0.0,
22.0,ns_14,BS_1,BS_1,1,max_snr,22.037229156998073,440.00000000000006,22.037229156998073
22.0,ns_15,BS_1,BS_1,1,max_snr,21.777229156998068,440.00000000000006,21.777229156998068
22.0,ns_16,BS_1,BS_1,1,max_snr,21.94722915699807,440.00000000000006,21.94722915699807
22.0,ns_17,BS_1,,0,max_snr,21.427229156998074,0.0,
22.0,ns_18,BS_1,BS_1,1,max_snr,21.96722915699807,440.00000000000006,21.96722915699807
22.0,ns_19,BS_1,,0,max_snr,20.93722915699807,0.0,
22.0,ns_2,BS_1,,0,max_snr,2.7472291569980625,0.0,
22.0,ns_3,BS_1,,0,max_snr,2.827229156998071,0.0,
22.0,ns_4,BS_1,,0,max_snr,3.687229156998075,0.0,
22.0,ns_5,BS_1,,0,max_snr,3.7672291569980834,0.0,
22.0,ns_6,BS_1,,0,max_snr,3.8672291569980817,0.0,
22.0,ns_7,BS_1,,0,max_snr,3.9872291569980858,0.0,
22.0,ns_8,BS_1,,0,max_snr,2.8872291569980737,0.0,
22.0,ns_9,BS_1,,0,max_snr,3.317229156998084,0.0,
22.0,se_0,BS_1,,0,max_snr,1.9272291569980733,0.0,
22.0,se_1,BS_1,,0,max_snr,1.7972291569980738,0.0,
22.0,se_2,BS_1,,0,max_snr,1.6372291569980737,0.0,
22.0,se_3,BS_1,,0,max_snr,0.9472291569980652,0.0,
22.0,se_4,BS_1,,0,max_snr,0.7872291569980828,0.0,
22.0,se_5,BS_1,,0,max_snr,0.6072291569980763,0.0,
22.0,se_6,BS_1,,0,max_snr,0.017229156998083,0.0,
22.0,se_7,BS_1,,0,max_snr,-0.1627708430019235,0.0,
22.0,se_8,BS_1,,0,max_snr,-0.372770843001914,0.0,
22.0,se_9,BS_1,,0,max_snr,-0.8527708430019318,0.0,
22.0,sn_0,BS_1,,0,max_snr,3.4872291569980787,0.0,
22.0,sn_1,BS_1,,0,max_snr,3.437229156998071,0.0,
22.0,sn_10,BS_1,,0,max_snr,1.0772291569980648,0.0,
22.0,sn_11,BS_1,,0,max_snr,0.9372291569980707,0.0,
22.0,sn_12,BS_1,,0,max_snr,0.3072291569980653,0.0,
22.0,sn_13,BS_1,,0,max_snr,0.1772291569980832,0.0,
22.0,sn_14,BS_1,,0,max_snr,0.0272291569980776,0.0,
22.0,sn_15,BS_1,,0,max_snr,-0.1327708430019221,0.0,
22.0,sn_16,BS_1,,0,max_snr,-0.6327708430019292,0.0,
22.0,sn_17,BS_1,,0,max_snr,-0.7827708430019352,0.0,
22.0,sn_18,BS_1,,0,max_snr,-0.95277084300193,0.0,
22.0,sn_19,BS_1,,0,max_snr,-1.1327708430019192,0.0,
22.0,sn_2,BS_1,,0,max_snr,3.377229156998087,0.0,
22.0,sn_3,BS_1,,0,max_snr,3.287229156998083,0.0,
22.0,sn_4,BS_1,,0,max_snr,2.3872291569980666,0.0,
22.0,sn_5,BS_1,,0,max_snr,2.307229156998076,0.0,
22.0,sn_6,BS_1,,0,max_snr,2.2072291569980775,0.0,
22.0,sn_7,BS_1,,0,max_snr,2.087229156998073,0.0,
22.0,sn_8,BS_1,,0,max_snr,1.317229156998073,0.0,
22.0,sn_9,BS_1,,0,max_snr,1.2072291569980806,0.0,
22.0,we_0,BS_1,,0,max_snr,3.0772291569980754,0.0,
22.0,we_1,BS_1,,0,max_snr,3.0472291569980743,0.0,
22.0,we_10,BS_1,,0,max_snr,0.8772291569980866,0.0,
22.0,we_11,BS_1,,0,max_snr,0.757229156998082,0.0,
22.0,we_12,BS_1,,0,max_snr,0.1372291569980706,0.0,
22.0,we_13,BS_1,,0,max_snr,0.0272291569980776,0.0,
22.0,we_14,BS_1,,0,max_snr,-0.1027708430019215,0.0,
22.0,we_15,BS_1,,0,max_snr,-0.2527708430019265,0.0,
22.0,we_16,BS_1,,0,max_snr,-0.732770843001928,0.0,
22.0,we_17,BS_1,,0,max_snr,-0.8727708430019203,0.0,
22.0,we_18,BS_1,,0,max_snr,-1.0227708430019258,0.0,
22.0,we_19,BS_1,,0,max_snr,-1.182770843001926,0.0,
22.0,we_2,BS_1,,0,max_snr,2.997229156998066,0.0,
22.0,we_3,BS_1,,0,max_snr,2.937229156998063,0.0,
22.0,we_4,BS_1,,0,max_snr,2.057229156998072,0.0,
22.0,we_5,BS_1,,0,max_snr,1.9972291569980691,0.0,
22.0,we_6,BS_1,,0,max_snr,1.9172291569980784,0.0,
22.0,we_7,BS_1,,0,max_snr,1.8172291569980803,0.0,
22.0,we_8,BS_1,,0,max_snr,1.0772291569980648,0.0,
22.0,we_9,BS_1,,0,max_snr,0.9872291569980784,0.0,
22.0,wn_0,BS_1,,0,max_snr,1.9972291569980691,0.0,
22.0,wn_1,BS_1,,0,max_snr,1.8672291569980703,0.0,
22.0,wn_2,BS_1,,0,max_snr,1.7172291569980649,0.0,
22.0,wn_3,BS_1,,0,max_snr,1.0072291569980671,0.0,
22.0,wn_4,BS_1,,0,max_snr,0.8472291569980849,0.0,
22.0,wn_5,BS_1,,0,max_snr,0.6672291569980787,0.0,
22.0,wn_6,BS_1,,0,max_snr,0.0672291569980735,0.0,
22.0,wn_7,BS_1,,0,max_snr,-0.1127708430019331,0.0,
22.0,wn_8,BS_1,,0,max_snr,-0.3127708430019293,0.0,
22.0,wn_9,BS_1,,0,max_snr,-0.802770843001924,0.0,
23.0,ew_0,BS_1,,0,max_snr,2.68722915699806,0.0,
23.0,ew_1,BS_1,,0,max_snr,2.707229156998084,0.0,
23.0,ew_10,BS_1,,0,max_snr,3.717229156998076,0.0,
23.0,ew_11,BS_1,,0,max_snr,12.55722915699808,0.0,
23.0,ew_12,BS_1,BS_1,1,max_snr,21.897229156998073,440.00000000000006,21.897229156998073
23.0,ew_13,BS_1,BS_1,1,max_snr,22.217229156998073,440.00000000000006,22.217229156998073
23.0,ew_14,BS_1,BS_1,1,max_snr,21.54722915699807,440.00000000000006,21.54722915699807
23.0,ew_15,BS_1,BS_1,1,max_snr,21.937229156998068,440.00000000000006,21.937229156998068
23.0,ew_16,BS_1,BS_1,1,max_snr,21.537229156998077,440.00000000000006,21.537229156998077
23.0,ew_17,BS_1,BS_1,1,max_snr,21.687229156998065,440.00000000000006,21.687229156998065
23.0,ew_18,BS_1,,0,max_snr,21.32722915699807,0.0,
23.0,ew_19,BS_1,BS_1,1,max_snr,21.91722915699807,440.00000000000006,21.91722915699807
23.0,ew_2,BS_1,,0,max_snr,2.7572291569980747,0.0,
23.0,ew_3,BS_1,,0,max_snr,2.817229156998077,0.0,
23.0,ew_4,BS_1,,0,max_snr,3.72722915699807,0.0,
23.0,ew_5,BS_1,,0,max_snr,3.787229156998072,0.0,
23.0,ew_6,BS_1,,0,max_snr,3.857229156998069,0.0,
23.0,ew_7,BS_1,,0,max_snr,3.9572291569980846,0.0,
23.0,ew_8,BS_1,,0,max_snr,4.097229156998078,0.0,
23.0,ew_9,BS_1,,0,max_snr,2.7472291569980625,0.0,
23.0,ns_0,BS_1,,0,max_snr,2.287229156998068,0.0,
23.0,ns_1,BS_1,,0,max_snr,2.3272291569980643,0.0,
23.0,ns_10,BS_1,,0,max_snr,3.427229156998077,0.0,
23.0,ns_11,BS_1,,0,max_snr,3.4172291569980646,0.0,
23.0,ns_12,BS_1,,0,max_snr,20.677229156998074,0.0,
23.0,ns_13,BS_1,,0,max_snr,21.217229156998066,0.0,
23.0,ns_14,BS_1,BS_1,1,max_snr,22.147229156998076,440.00000000000006,22.147229156998076
23.0,ns_15,BS_1,,0,max_snr,21.35722915699807,0.0,
23.0,ns_16,BS_1,,0,max_snr,21.447229156998073,0.0,
23.0,ns_17,BS_1,,0,max_snr,21.47722915699807,0.0,
23.0,ns_18,BS_1,BS_1,1,max_snr,21.86722915699807,440.00000000000006,21.86722915699807
23.0,ns_19,BS_1,BS_1,1,max_snr,21.49722915699807,440.00000000000006,21.49722915699807
23.0,ns_2,BS_1,,0,max_snr,2.3872291569980666,0.0,
23.0,ns_3,BS_1,,0,max_snr,2.4672291569980755,0.0,
23.0,ns_4,BS_1,,0,max_snr,3.357229156998061,0.0,
23.0,ns_5,BS_1,,0,max_snr,3.427229156998077,0.0,
23.0,ns_6,BS_1,,0,max_snr,3.5272291569980747,0.0,
23.0,ns_7,BS_1,,0,max_snr,3.6272291569980726,0.0,
23.0,ns_8,BS_1,,0,max_snr,-5.822770843001931,0.0,
23.0,ns_9,BS_1,,0,max_snr,3.337229156998073,0.0,
23.0,se_0,BS_1,,0,max_snr,2.2072291569980775,0.0,
23.0,se_1,BS_1,,0,max_snr,2.087229156998073,0.0,
23.0,se_2,BS_1,,0,max_snr,1.9372291569980673,0.0,
23.0,se_3,BS_1,,0,max_snr,1.217229156998075,0.0,
23.0,se_4,BS_1,,0,max_snr,1.0672291569980694,0.0,
23.0,se_5,BS_1,,0,max_snr,0.8872291569980635,0.0,
23.0,se_6,BS_1,,0,max_snr,0.2772291569980631,0.0,
23.0,se_7,BS_1,,0,max_snr,0.0972291569980747,0.0,
23.0,se_8,BS_1,,0,max_snr,-0.1027708430019215,0.0,
23.0,se_9,BS_1,,0,max_snr,-0.6127708430019223,0.0,
23.0,sn_0,BS_1,,0,max_snr,3.827229156998068,0.0,
23.0,sn_1,BS_1,,0,max_snr,3.787229156998072,0.0,
23.0,sn_10,BS_1,,0,max_snr,1.427229156998083,0.0,
23.0,sn_11,BS_1,,0,max_snr,1.2872291569980725,0.0,
23.0,sn_12,BS_1,,0,max_snr,0.6172291569980703,0.0,
23.0,sn_13,BS_1,,0,max_snr,0.4872291569980716,0.0,
23.0,sn_14,BS_1,,0,max_snr,0.3472291569980783,0.0,
23.0,sn_15,BS_1,,0,max_snr,0.1872291569980594,0.0,
23.0,sn_16,BS_1,,0,max_snr,-0.342770843001913,0.0,
23.0,sn_17,BS_1,,0,max_snr,-0.4927708430019178,0.0,
23.0,sn_18,BS_1,,0,max_snr,-0.6527708430019186,0.0,
23.0,sn_19,BS_1,,0,max_snr,-0.822770843001931,0.0,
23.0,sn_2,BS_1,,0,max_snr,3.737229156998083,0.0,
23.0,sn_3,BS_1,,0,max_snr,3.667229156998068,0.0,
23.0,sn_4,BS_1,,0,max_snr,2.727229156998074,0.0,
23.0,sn_5,BS_1,,0,max_snr,2.657229156998077,0.0,
23.0,sn_6,BS_1,,0,max_snr,2.5672291569980734,0.0,
23.0,sn_7,BS_1,,0,max_snr,2.4672291569980755,0.0,
23.0,sn_8,BS_1,,0,max_snr,1.6472291569980688,0.0,
23.0,sn_9,BS_1,,0,max_snr,1.5472291569980705,0.0,
23.0,we_0,BS_1,,0,max_snr,3.387229156998062,0.0,
23.0,we_1,BS_1,,0,max_snr,3.3672291569980746,0.0,
23.0,we_10,BS_1,,0,max_snr,1.197229156998068,0.0,
23.0,we_11,BS_1,,0,max_snr,1.0772291569980648,0.0,
23.0,we_12,BS_1,,0,max_snr,0.4272291569980687,0.0,
23.0,we_13,BS_1,,0,max_snr,0.3172291569980771,0.0,
23.0,we_14,BS_1,,0,max_snr,0.1972291569980724,0.0,
23.0,we_15,BS_1,,0,max_snr,0.057229156998079,0.0,
23.0,we_16,BS_1,,0,max_snr,-0.4627708430019176,0.0,
23.0,we_17,BS_1,,0,max_snr,-0.602770843001928,0.0,
23.0,we_18,BS_1,,0,max_snr,-0.7427708430019211,0.0,
23.0,we_19,BS_1,,0,max_snr,-0.8927708430019275,0.0,
23.0,we_2,BS_1,,0,max_snr,3.337229156998073,0.0,
23.0,we_3,BS_1,,0,max_snr,3.2772291569980707,0.0,
23.0,we_4,BS_1,,0,max_snr,2.3772291569980726,0.0,
23.0,we_5,BS_1,,0,max_snr,2.31722915699807,0.0,
23.0,we_6,BS_1,,0,max_snr,2.257229156998067,0.0,
23.0,we_7,BS_1,,0,max_snr,2.1672291569980637,0.0,
23.0,we_8,BS_1,,0,max_snr,1.3772291569980752,0.0,
23.0,we_9,BS_1,,0,max_snr,1.2972291569980672,0.0,
23.0,wn_0,BS_1,,0,max_snr,2.287229156998068,0.0,
23.0,wn_1,BS_1,,0,max_snr,2.1672291569980637,0.0,
23.0,wn_2,BS_1,,0,max_snr,2.0172291569980763,0.0,
23.0,wn_3,BS_1,,0,max_snr,1.2772291569980776,0.0,
23.0,wn_4,BS_1,,0,max_snr,1.127229156998072,0.0,
23.0,wn_5,BS_1,,0,max_snr,0.9472291569980652,0.0,
23.0,wn_6,BS_1,,0,max_snr,0.3272291569980712,0.0,
23.0,wn_7,BS_1,,0,max_snr,0.1472291569980817,0.0,
23.0,wn_8,BS_1,,0,max_snr,-0.0527708430019315,0.0,
23.0,wn_9,BS_1,,0,max_snr,-0.5727708430019266,0.0,
24.0,ew_0,BS_1,,0,max_snr,2.3572291569980655,0.0,
24.0,ew_1,BS_1,,0,max_snr,2.3772291569980726,0.0,
24.0,ew_10,BS_1,,0,max_snr,-6.042770843001915,0.0,
24.0,ew_11,BS_1,,0,max_snr,3.83722915699808,0.0,
24.0,ew_12,BS_1,,0,max_snr,20.71722915699807,0.0,
24.0,ew_13,BS_1,,0,max_snr,20.47722915699808,0.0,
24.0,ew_14,BS_1,,0,max_snr,20.79722915699807,0.0,
24.0,ew_15,BS_1,BS_1,1,max_snr,20.99722915699807,440.00000000000006,20.99722915699807
24.0,ew_16,BS_1,BS_1,1,max_snr,21.30722915699807,440.00000000000006,21.30722915699807
24.0,ew_17,BS_1,BS_1,1,max_snr,21.267229156998084,440.00000000000006,21.267229156998084
24.0,ew_18,BS_1,BS_1,1,max_snr,21.537229156998077,440.00000000000006,21.537229156998077
24.0,ew_19,BS_1,BS_1,1,max_snr,22.217229156998073,440.00000000000006,22.217229156998073
24.0,ew_2,BS_1,,0,max_snr,2.407229156998073,0.0,
24.0,ew_3,BS_1,,0,max_snr,2.4572291569980815,0.0,
24.0,ew_4,BS_1,,0,max_snr,3.4072291569980875,0.0,
24.0,ew_5,BS_1,,0,max_snr,3.4472291569980653,0.0,
24.0,ew_6,BS_1,,0,max_snr,3.5172291569980803,0.0,
24.0,ew_7,BS_1,,0,max_snr,3.607229156998066,0.0,
24.0,ew_8,BS_1,,0,max_snr,-5.902770843001921,0.0,
24.0,ew_9,BS_1,,0,max_snr,-5.962770843001924,0.0,
24.0,ns_0,BS_1,,0,max_snr,1.9572291569980735,0.0,
24.0,ns_1,BS_1,,0,max_snr,1.987229156998075,0.0,
24.0,ns_10,BS_1,,0,max_snr,-5.732770843001927,0.0,
24.0,ns_11,BS_1,,0,max_snr,-5.832770843001925,0.0,
24.0,ns_12,BS_1,,0,max_snr,11.427229156998084,0.0,
24.0,ns_13,BS_1,,0,max_snr,20.677229156998074,0.0,
24.0,ns_14,BS_1,,0,max_snr,20.77722915699807,0.0,
24.0,ns_15,BS_1,BS_1,1,max_snr,22.117229156998075,440.00000000000006,22.117229156998075
24.0,ns_16,BS_1,BS_1,1,max_snr,22.06722915699807,440.00000000000006,22.06722915699807
24.0,ns_17,BS_1,BS_1,1,max_snr,21.897229156998073,440.00000000000006,21.897229156998073
24.0,ns_18,BS_1,BS_1,1,max_snr,21.67722915699808,440.00000000000006,21.67722915699808
24.0,ns_19,BS_1,BS_1,1,max_snr,21.577229156998072,440.00000000000006,21.577229156998072
24.0,ns_2,BS_1,,0,max_snr,2.0372291569980825,0.0,
24.0,ns_3,BS_1,,0,max_snr,2.097229156998085,0.0,
24.0,ns_4,BS_1,,0,max_snr,3.017229156998073,0.0,
24.0,ns_5,BS_1,,0,max_snr,3.0872291569980685,0.0,
24.0,ns_6,BS_1,,0,max_snr,3.1672291569980784,0.0,
24.0,ns_7,BS_1,,0,max_snr,3.2672291569980763,0.0,
24.0,ns_8,BS_1,,0,max_snr,4.067229156998076,0.0,
24.0,ns_9,BS_1,,0,max_snr,4.167229156998075,0.0,
24.0,se_0,BS_1,,0,max_snr,2.4972291569980767,0.0,
24.0,se_1,BS_1,,0,max_snr,2.3772291569980726,0.0,
24.0,se_2,BS_1,,0,max_snr,2.2372291569980787,0.0,
24.0,se_3,BS_1,,0,max_snr,1.4872291569980858,0.0,
24.0,se_4,BS_1,,0,max_snr,1.3372291569980796,0.0,
24.0,se_5,BS_1,,0,max_snr,1.17722915699808,0.0,
24.0,se_6,BS_1,,0,max_snr,0.5272291569980672,0.0,
24.0,se_7,BS_1,,0,max_snr,0.3572291569980722,0.0,
24.0,se_8,BS_1,,0,max_snr,0.1672291569980708,0.0,
24.0,se_9,BS_1,,0,max_snr,-0.372770843001914,0.0,
24.0,sn_0,BS_1,,0,max_snr,4.15722915699808,0.0,
24.0,sn_1,BS_1,,0,max_snr,4.137229156998074,0.0,
24.0,sn_10,BS_1,,0,max_snr,1.7772291569980672,0.0,
24.0,sn_11,BS_1,,0,max_snr,1.6472291569980688,0.0,
24.0,sn_12,BS_1,,0,max_snr,0.9272291569980772,0.0,
24.0,sn_13,BS_1,,0,max_snr,0.8072291569980717,0.0,
24.0,sn_14,BS_1,,0,max_snr,0.6772291569980731,0.0,
24.0,sn_15,BS_1,,0,max_snr,0.5272291569980672,0.0,
24.0,sn_16,BS_1,,0,max_snr,-0.0527708430019315,0.0,
24.0,sn_17,BS_1,,0,max_snr,-0.1927708430019248,0.0,
24.0,sn_18,BS_1,,0,max_snr,-0.3527708430019247,0.0,
24.0,sn_19,BS_1,,0,max_snr,-0.5227708430019192,0.0,
24.0,sn_2,BS_1,,0,max_snr,4.097229156998078,0.0,
24.0,sn_3,BS_1,,0,max_snr,4.037229156998076,0.0,
24.0,sn_4,BS_1,,0,max_snr,3.0772291569980754,0.0,
24.0,sn_5,BS_1,,0,max_snr,3.017229156998073,0.0,
24.0,sn_6,BS_1,,0,max_snr,2.937229156998063,0.0,
24.0,sn_7,BS_1,,0,max_snr,2.837229156998066,0.0,
24.0,sn_8,BS_1,,0,max_snr,1.97722915699808,0.0,
24.0,sn_9,BS_1,,0,max_snr,1.8872291569980773,0.0,
24.0,we_0,BS_1,,0,max_snr,3.6972291569980698,0.0,
24.0,we_1,BS_1,,0,max_snr,3.6972291569980698,0.0,
24.0,we_10,BS_1,,0,max_snr,1.5172291569980867,0.0,
24.0,we_11,BS_1,,0,max_snr,1.4172291569980715,0.0,
24.0,we_12,BS_1,,0,max_snr,0.7172291569980678,0.0,
24.0,we_13,BS_1,,0,max_snr,0.6172291569980703,0.0,
24.0,we_14,BS_1,,0,max_snr,0.497229156998066,0.0,
24.0,we_15,BS_1,,0,max_snr,0.3672291569980674,0.0,
24.0,we_16,BS_1,,0,max_snr,-0.1927708430019248,0.0,
24.0,we_17,BS_1,,0,max_snr,-0.3227708430019239,0.0,
24.0,we_18,BS_1,,0,max_snr,-0.4527708430019402,0.0,
24.0,we_19,BS_1,,0,max_snr,-0.602770843001928,0.0,
24.0,we_2,BS_1,,0,max_snr,3.667229156998068,0.0,
24.0,we_3,BS_1,,0,max_snr,3.6272291569980726,0.0,
24.0,we_4,BS_1,,0,max_snr,2.68722915699806,0.0,
24.0,we_5,BS_1,,0,max_snr,2.6472291569980824,0.0,
24.0,we_6,BS_1,,0,max_snr,2.587229156998079,0.0,
24.0,we_7,BS_1,,0,max_snr,2.517229156998084,0.0,
24.0,we_8,BS_1,,0,max_snr,1.6872291569980635,0.0,
24.0,we_9,BS_1,,0,max_snr,1.607229156998072,0.0,
24.0,wn_0,BS_1,,0,max_snr,2.5672291569980734,0.0,
24.0,wn_1,BS_1,,0,max_snr,2.4572291569980815,0.0,
24.0,wn_2,BS_1,,0,max_snr,2.3272291569980643,0.0,
24.0,wn_3,BS_1,,0,max_snr,1.5572291569980643,0.0,
24.0,wn_4,BS_1,,0,max_snr,1.407229156998076,0.0,
24.0,wn_5,BS_1,,0,max_snr,1.2372291569980824,0.0,
24.0,wn_6,BS_1,,0,max_snr,0.587229156998069,0.0,
24.0,wn_7,BS_1,,0,max_snr,0.40722915699808,0.0,
24.0,wn_8,BS_1,,0,max_snr,0.2172291569980606,0.0,
24.0,wn_9,BS_1,,0,max_snr,-0.3227708430019239,0.0,
25.0,ew_0,BS_1,,0,max_snr,2.0372291569980825,0.0,
25.0,ew_1,BS_1,,0,max_snr,2.0472291569980596,0.0,
25.0,ew_10,BS_1,,0,max_snr,4.267229156998073,0.0,
25.0,ew_11,BS_1,,0,max_snr,-5.862770843001926,0.0,
25.0,ew_12,BS_1,,0,max_snr,11.827229156998074,0.0,
25.0,ew_13,BS_1,,0,max_snr,11.637229156998076,0.0,
25.0,ew_14,BS_1,,0,max_snr,5.217229156998061,0.0,
25.0,ew_15,BS_1,BS_1,1,max_snr,20.847229156998075,440.00000000000006,20.847229156998075
25.0,ew_16,BS_1,BS_1,1,max_snr,21.107229156998063,440.00000000000006,21.107229156998063
25.0,ew_17,BS_1,BS_1,1,max_snr,21.467229156998073,440.00000000000006,21.467229156998073
25.0,ew_18,BS_1,BS_1,1,max_snr,21.747229156998067,440.00000000000006,21.747229156998067
25.0,ew_19,BS_1,BS_1,1,max_snr,21.237229156998083,440.00000000000006,21.237229156998083
25.0,ew_2,BS_1,,0,max_snr,2.067229156998084,0.0,
25.0,ew_3,BS_1,,0,max_snr,2.107229156998062,0.0,
25.0,ew_4,BS_1,,0,max_snr,3.0772291569980754,0.0,
25.0,ew_5,BS_1,,0,max_snr,3.1172291569980697,0.0,
25.0,ew_6,BS_1,,0,max_snr,3.1772291569980733,0.0,
25.0,ew_7,BS_1,,0,max_snr,3.2472291569980696,0.0,
25.0,ew_8,BS_1,,0,max_snr,4.107229156998072,0.0,
25.0,ew_9,BS_1,,0,max_snr,4.177229156998069,0.0,
25.0,ns_0,BS_1,,0,max_snr,1.627229156998079,0.0,
25.0,ns_1,BS_1,,0,max_snr,1.6472291569980688,0.0,
25.0,ns_10,BS_1,,0,max_snr,3.93722915699806,0.0,
25.0,ns_11,BS_1,,0,max_snr,4.057229156998064,0.0,
25.0,ns_12,BS_1,,0,max_snr,3.5272291569980747,0.0,
25.0,ns_13,BS_1,,0,max_snr,11.54722915699807,0.0,
25.0,ns_14,BS_1,,0,max_snr,12.157229156998088,0.0,
25.0,ns_15,BS_1,BS_1,1,max_snr,20.05722915699807,440.00000000000006,20.05722915699807
25.0,ns_16,BS_1,BS_1,1,max_snr,21.687229156998065,440.00000000000006,21.687229156998065
25.0,ns_17,BS_1,BS_1,1,max_snr,21.99722915699807,440.00000000000006,21.99722915699807
25.0,ns_18,BS_1,BS_1,1,max_snr,21.737229156998083,440.00000000000006,21.737229156998083
25.0,ns_19,BS_1,BS_1,1,max_snr,21.887229156998067,440.00000000000006,21.887229156998067
25.0,ns_2,BS_1,,0,max_snr,1.6872291569980635,0.0,
25.0,ns_3,BS_1,,0,max_snr,1.7372291569980711,0.0,
25.0,ns_4,BS_1,,0,max_snr,2.68722915699806,0.0,
25.0,ns_5,BS_1,,0,max_snr,2.7472291569980625,0.0,
25.0,ns_6,BS_1,,0,max_snr,2.817229156998077,0.0,
25.0,ns_7,BS_1,,0,max_snr,2.907229156998081,0.0,
25.0,ns_8,BS_1,,0,max_snr,3.747229156998077,0.0,
25.0,ns_9,BS_1,,0,max_snr,3.83722915699808,0.0,
25.0,se_0,BS_1,,0,max_snr,2.777229156998064,0.0,
25.0,se_1,BS_1,,0,max_snr,2.6772291569980835,0.0,
25.0,se_2,BS_1,,0,max_snr,2.5472291569980667,0.0,
25.0,se_3,BS_1,,0,max_snr,1.7672291569980725,0.0,
25.0,se_4,BS_1,,0,max_snr,1.627229156998079,0.0,
25.0,se_5,BS_1,,0,max_snr,1.467229156998061,0.0,
25.0,se_6,BS_1,,0,max_snr,0.7872291569980828,0.0,
25.0,se_7,BS_1,,0,max_snr,0.6272291569980825,0.0,
25.0,se_8,BS_1,,0,max_snr,0.4372291569980633,0.0,
25.0,se_9,BS_1,,0,max_snr,-0.1327708430019221,0.0,
25.0,sn_0,BS_1,,0,max_snr,-5.962770843001924,0.0,
25.0,sn_1,BS_1,,0,max_snr,-5.942770843001935,0.0,
25.0,sn_10,BS_1,,0,max_snr,2.1372291569980626,0.0,
25.0,sn_11,BS_1,,0,max_snr,2.0172291569980763,0.0,
25.0,sn_12,BS_1,,0,max_snr,1.257229156998071,0.0,
25.0,sn_13,BS_1,,0,max_snr,1.1372291569980657,0.0,
25.0,sn_14,BS_1,,0,max_snr,1.0172291569980791,0.0,
25.0,sn_15,BS_1,,0,max_snr,0.8672291569980738,0.0,
25.0,sn_16,BS_1,,0,max_snr,0.2472291569980615,0.0,
25.0,sn_17,BS_1,,0,max_snr,0.1072291569980691,0.0,
25.0,sn_18,BS_1,,0,max_snr,-0.0427708430019193,0.0,
25.0,sn_19,BS_1,,0,max_snr,-0.2027708430019366,0.0,
25.0,sn_2,BS_1,,0,max_snr,-5.922770843001929,0.0,
25.0,sn_3,BS_1,,0,max_snr,-5.882770843001933,0.0,
25.0,sn_4,BS_1,,0,max_snr,3.4172291569980646,0.0,
25.0,sn_5,BS_1,,0,max_snr,3.3672291569980746,0.0,
25.0,sn_6,BS_1,,0,max_snr,3.2972291569980596,0.0,
25.0,sn_7,BS_1,,0,max_snr,3.2172291569980676,0.0,
25.0,sn_8,BS_1,,0,max_snr,2.31722915699807,0.0,
25.0,sn_9,BS_1,,0,max_snr,2.2372291569980787,0.0,
25.0,we_0,BS_1,,0,max_snr,4.007229156998075,0.0,
25.0,we_1,BS_1,,0,max_snr,4.007229156998075,0.0,
25.0,we_10,BS_1,,0,max_snr,1.847229156998082,0.0,
25.0,we_11,BS_1,,0,max_snr,1.757229156998078,0.0,
25.0,we_12,BS_1,,0,max_snr,1.0172291569980791,0.0,
25.0,we_13,BS_1,,0,max_snr,0.9172291569980638,0.0,
25.0,we_14,BS_1,,0,max_snr,0.8072291569980717,0.0,
25.0,we_15,BS_1,,0,max_snr,0.6872291569980665,0.0,
25.0,we_16,BS_1,,0,max_snr,0.0872291569980808,0.0,
25.0,we_17,BS_1,,0,max_snr,-0.0327708430019246,0.0,
25.0,we_18,BS_1,,0,max_snr,-0.1627708430019235,0.0,
25.0,we_19,BS_1,,0,max_snr,-0.3127708430019293,0.0,
25.0,we_2,BS_1,,0,max_snr,3.997229156998063,0.0,
25.0,we_3,BS_1,,0,max_snr,3.967229156998061,0.0,
25.0,we_4,BS_1,,0,max_snr,3.0072291569980782,0.0,
25.0,we_5,BS_1,,0,max_snr,2.9772291569980776,0.0,
25.0,we_6,BS_1,,0,max_snr,2.9272291569980693,0.0,
25.0,we_7,BS_1,,0,max_snr,2.867229156998067,0.0,
25.0,we_8,BS_1,,0,max_snr,1.9972291569980691,0.0,
25.0,we_9,BS_1,,0,max_snr,1.9272291569980733,0.0,
25.0,wn_0,BS_1,,0,max_snr,2.857229156998073,0.0,
25.0,wn_1,BS_1,,0,max_snr,2.7572291569980747,0.0,
25.0,wn_2,BS_1,,0,max_snr,2.6272291569980757,0.0,
25.0,wn_3,BS_1,,0,max_snr,1.8372291569980692,0.0,
25.0,wn_4,BS_1,,0,max_snr,1.6972291569980755,0.0,
25.0,wn_5,BS_1,,0,max_snr,1.537229156998075,0.0,
25.0,wn_6,BS_1,,0,max_snr,0.8472291569980849,0.0,
25.0,wn_7,BS_1,,0,max_snr,0.6872291569980665,0.0,
25.0,wn_8,BS_1,,0,max_snr,0.497229156998066,0.0,
25.0,wn_9,BS_1,,0,max_snr,-0.082770843001932,0.0,
26.0,ew_0,BS_1,,0,max_snr,1.727229156998078,0.0,
26.0,ew_1,BS_1,,0,max_snr,1.7172291569980649,0.0,
26.0,ew_10,BS_1,,0,max_snr,3.9272291569980826,0.0,
26.0,ew_11,BS_1,,0,max_snr,4.027229156998064,0.0,
26.0,ew_12,BS_1,,0,max_snr,2.8772291569980784,0.0,
26.0,ew_13,BS_1,,0,max_snr,3.377229156998087,0.0,
26.0,ew_14,BS_1,BS_1,1,max_snr,11.707229156998071,240.0,11.707229156998071
26.0,ew_15,BS_1,BS_1,1,max_snr,11.567229156998078,240.0,11.567229156998078
26.0,ew_16,BS_1,BS_1,1,max_snr,21.577229156998072,440.00000000000006,21.577229156998072
26.0,ew_17,BS_1,BS_1,1,max_snr,21.59722915699808,440.00000000000006,21.59722915699808
26.0,ew_18,BS_1,BS_1,1,max_snr,22.377229156998084,440.00000000000006,22.377229156998084
26.0,ew_19,BS_1,BS_1,1,max_snr,21.81722915699808,440.00000000000006,21.81722915699808
26.0,ew_2,BS_1,,0,max_snr,1.727229156998078,0.0,
26.0,ew_3,BS_1,,0,max_snr,1.757229156998078,0.0,
26.0,ew_4,BS_1,,0,max_snr,2.7472291569980625,0.0,
26.0,ew_5,BS_1,,0,max_snr,2.777229156998064,0.0,
26.0,ew_6,BS_1,,0,max_snr,2.827229156998071,0.0,
26.0,ew_7,BS_1,,0,max_snr,2.8872291569980737,0.0,
26.0,ew_8,BS_1,,0,max_snr,3.787229156998072,0.0,
26.0,ew_9,BS_1,,0,max_snr,3.8472291569980737,0.0,
26.0,ns_0,BS_1,,0,max_snr,1.2972291569980672,0.0,
26.0,ns_1,BS_1,,0,max_snr,1.3072291569980783,0.0,
26.0,ns_10,BS_1,,0,max_snr,3.597229156998071,0.0,
26.0,ns_11,BS_1,,0,max_snr,3.7072291569980815,0.0,
26.0,ns_12,BS_1,,0,max_snr,-5.872770843001921,0.0,
26.0,ns_13,BS_1,,0,max_snr,3.787229156998072,0.0,
26.0,ns_14,BS_1,,0,max_snr,2.6272291569980757,0.0,
26.0,ns_15,BS_1,,0,max_snr,3.3272291569980608,0.0,
26.0,ns_16,BS_1,BS_1,1,max_snr,20.83722915699807,440.00000000000006,20.83722915699807
26.0,ns_17,BS_1,BS_1,1,max_snr,20.647229156998073,440.00000000000006,20.647229156998073
26.0,ns_18,BS_1,BS_1,1,max_snr,20.77722915699807,440.00000000000006,20.77722915699807
26.0,ns_19,BS_1,BS_1,1,max_snr,21.687229156998065,440.00000000000006,21.687229156998065
26.0,ns_2,BS_1,,0,max_snr,1.3372291569980796,0.0,
26.0,ns_3,BS_1,,0,max_snr,1.3772291569980752,0.0,
26.0,ns_4,BS_1,,0,max_snr,2.347229156998071,0.0,
26.0,ns_5,BS_1,,0,max_snr,2.397229156998079,0.0,
26.0,ns_6,BS_1,,0,max_snr,2.4572291569980815,0.0,
26.0,ns_7,BS_1,,0,max_snr,2.5372291569980723,0.0,
26.0,ns_8,BS_1,,0,max_snr,3.4172291569980646,0.0,
26.0,ns_9,BS_1,,0,max_snr,3.497229156998073,0.0,
26.0,se_0,BS_1,,0,max_snr,3.0572291569980683,0.0,
26.0,se_1,BS_1,,0,max_snr,2.967229156998065,0.0,
26.0,se_2,BS_1,,0,max_snr,2.847229156998078,0.0,
26.0,se_3,BS_1,,0,max_snr,2.0372291569980825,0.0,
26.0,se_4,BS_1,,0,max_snr,1.9172291569980784,0.0,
26.0,se_5,BS_1,,0,max_snr,1.757229156998078,0.0,
26.0,se_6,BS_1,,0,max_snr,1.057229156998075,0.0,
26.0,se_7,BS_1,,0,max_snr,0.8972291569980749,0.0,
26.0,se_8,BS_1,,0,max_snr,0.7172291569980678,0.0,
26.0,se_9,BS_1,,0,max_snr,0.117229156998081,0.0,
26.0,sn_0,BS_1,,0,max_snr,2.7472291569980625,0.0,
26.0,sn_1,BS_1,,0,max_snr,2.7472291569980625,0.0,
26.0,sn_10,BS_1,,0,max_snr,2.4972291569980767,0.0,
26.0,sn_11,BS_1,,0,max_snr,2.3872291569980666,0.0,
26.0,sn_12,BS_1,,0,max_snr,1.577229156998072,0.0,
26.0,sn_13,BS_1,,0,max_snr,1.477229156998074,0.0,
26.0,sn_14,BS_1,,0,max_snr,1.3572291569980688,0.0,
26.0,sn_15,BS_1,,0,max_snr,1.217229156998075,0.0,
26.0,sn_16,BS_1,,0,max_snr,0.5572291569980679,0.0,
26.0,sn_17,BS_1,,0,max_snr,0.4272291569980687,0.0,
26.0,sn_18,BS_1,,0,max_snr,0.2772291569980631,0.0,
26.0,sn_19,BS_1,,0,max_snr,0.1272291569980752,0.0,
26.0,sn_2,BS_1,,0,max_snr,2.867229156998067,0.0,
26.0,sn_3,BS_1,,0,max_snr,3.857229156998069,0.0,
26.0,sn_4,BS_1,,0,max_snr,3.757229156998071,0.0,
26.0,sn_5,BS_1,,0,max_snr,3.717229156998076,0.0,
26.0,sn_6,BS_1,,0,max_snr,3.667229156998068,0.0,
26.0,sn_7,BS_1,,0,max_snr,3.587229156998077,0.0,
26.0,sn_8,BS_1,,0,max_snr,2.657229156998077,0.0,
26.0,sn_9,BS_1,,0,max_snr,2.587229156998079,0.0,
26.0,we_0,BS_1,,0,max_snr,-5.752770843001934,0.0,
26.0,we_1,BS_1,,0,max_snr,-5.762770843001928,0.0,
26.0,we_10,BS_1,,0,max_snr,2.18722915699807,0.0,
26.0,we_11,BS_1,,0,max_snr,2.097229156998085,0.0,
26.0,we_12,BS_1,,0,max_snr,1.317229156998073,0.0,
26.0,we_13,BS_1,,0,max_snr,1.22722915699807,0.0,
26.0,we_14,BS_1,,0,max_snr,1.127229156998072,0.0,
26.0,we_15,BS_1,,0,max_snr,1.0172291569980791,0.0,
26.0,we_16,BS_1,,0,max_snr,0.3672291569980674,0.0,
26.0,we_17,BS_1,,0,max_snr,0.2572291569980749,0.0,
26.0,we_18,BS_1,,0,max_snr,0.1372291569980706,0.0,
26.0,we_19,BS_1,,0,max_snr,-0.0027708430019235,0.0,
26.0,we_2,BS_1,,0,max_snr,-5.762770843001928,0.0,
26.0,we_3,BS_1,,0,max_snr,-5.742770843001923,0.0,
26.0,we_4,BS_1,,0,max_snr,3.3272291569980608,0.0,
26.0,we_5,BS_1,,0,max_snr,3.3072291569980723,0.0,
26.0,we_6,BS_1,,0,max_snr,3.2672291569980763,0.0,
26.0,we_7,BS_1,,0,max_snr,3.2172291569980676,0.0,
26.0,we_8,BS_1,,0,max_snr,2.307229156998076,0.0,
26.0,we_9,BS_1,,0,max_snr,2.257229156998067,0.0,
26.0,wn_0,BS_1,,0,max_snr,3.1472291569980717,0.0,
26.0,wn_1,BS_1,,0,max_snr,3.0572291569980683,0.0,
26.0,wn_2,BS_1,,0,max_snr,2.937229156998063,0.0,
26.0,wn_3,BS_1,,0,max_snr,2.117229156998074,0.0,
26.0,wn_4,BS_1,,0,max_snr,1.987229156998075,0.0,
26.0,wn_5,BS_1,,0,max_snr,1.8372291569980692,0.0,
26.0,wn_6,BS_1,,0,max_snr,1.1172291569980783,0.0,
26.0,wn_7,BS_1,,0,max_snr,0.9572291569980772,0.0,
26.0,wn_8,BS_1,,0,max_snr,0.7772291569980698,0.0,
26.0,wn_9,BS_1,,0,max_snr,0.1672291569980708,0.0,
27.0,ew_0,BS_1,,0,max_snr,1.407229156998076,0.0,
27.0,ew_1,BS_1,,0,max_snr,1.397229156998082,0.0,
27.0,ew_10,BS_1,,0,max_snr,3.587229156998077,0.0,
27.0,ew_11,BS_1,,0,max_snr,3.67722915699808,0.0,
27.0,ew_12,BS_1,,0,max_snr,-5.95277084300193,0.0,
27.0,ew_13,BS_1,,0,max_snr,-6.012770843001914,0.0,
27.0,ew_14,BS_1,,0,max_snr,-6.092770843001923,0.0,
27.0,ew_15,BS_1,,0,max_snr,3.0272291569980676,0.0,
27.0,ew_16,BS_1,BS_1,1,max_snr,20.66722915699807,440.00000000000006,20.66722915699807
27.0,ew_17,BS_1,BS_1,1,max_snr,21.027229156998075,440.00000000000006,21.027229156998075
27.0,ew_18,BS_1,BS_1,1,max_snr,21.897229156998073,440.00000000000006,21.897229156998073
27.0,ew_19,BS_1,BS_1,1,max_snr,21.467229156998073,440.00000000000006,21.467229156998073
27.0,ew_2,BS_1,,0,max_snr,1.397229156998082,0.0,
27.0,ew_3,BS_1,,0,max_snr,1.407229156998076,0.0,
27.0,ew_4,BS_1,,0,max_snr,2.42722915699808,0.0,
27.0,ew_5,BS_1,,0,max_snr,2.447229156998069,0.0,
27.0,ew_6,BS_1,,0,max_snr,2.4772291569980696,0.0,
27.0,ew_7,BS_1,,0,max_snr,2.5272291569980783,0.0,
27.0,ew_8,BS_1,,0,max_snr,3.467229156998072,0.0,
27.0,ew_9,BS_1,,0,max_snr,3.5172291569980803,0.0,
27.0,ns_0,BS_1,,0,max_snr,0.9872291569980784,0.0,
27.0,ns_1,BS_1,,0,max_snr,0.9872291569980784,0.0,
27.0,ns_10,BS_1,,0,max_snr,3.237229156998075,0.0,
27.0,ns_11,BS_1,,0,max_snr,3.347229156998085,0.0,
27.0,ns_12,BS_1,,0,max_snr,4.137229156998074,0.0,
27.0,ns_13,BS_1,,0,max_snr,-5.692770843001932,0.0,
27.0,ns_14,BS_1,,0,max_snr,-5.782770843001934,0.0,
27.0,ns_15,BS_1,,0,max_snr,-5.882770843001933,0.0,
27.0,ns_16,BS_1,BS_1,1,max_snr,20.74722915699807,440.00000000000006,20.74722915699807
27.0,ns_17,BS_1,BS_1,1,max_snr,20.31722915699808,440.00000000000006,20.31722915699808
27.0,ns_18,BS_1,BS_1,1,max_snr,20.40722915699808,440.00000000000006,20.40722915699808
27.0,ns_19,BS_1,BS_1,1,max_snr,21.517229156998077,440.00000000000006,21.517229156998077
27.0,ns_2,BS_1,,0,max_snr,0.9972291569980728,0.0,
27.0,ns_3,BS_1,,0,max_snr,1.0272291569980745,0.0,
27.0,ns_4,BS_1,,0,max_snr,2.0172291569980763,0.0,
27.0,ns_5,BS_1,,0,max_snr,2.057229156998072,0.0,
27.0,ns_6,BS_1,,0,max_snr,2.107229156998062,0.0,
27.0,ns_7,BS_1,,0,max_snr,2.1672291569980637,0.0,
27.0,ns_8,BS_1,,0,max_snr,3.0872291569980685,0.0,
27.0,ns_9,BS_1,,0,max_snr,3.1572291569980844,0.0,
27.0,se_0,BS_1,,0,max_snr,3.347229156998085,0.0,
27.0,se_1,BS_1,,0,max_snr,3.2572291569980822,0.0,
27.0,se_2,BS_1,,0,max_snr,3.1572291569980844,0.0,
27.0,se_3,BS_1,,0,max_snr,2.3272291569980643,0.0,
27.0,se_4,BS_1,,0,max_snr,2.2072291569980775,0.0,
27.0,se_5,BS_1,,0,max_snr,2.057229156998072,0.0,
27.0,se_6,BS_1,,0,max_snr,1.3272291569980676,0.0,
27.0,se_7,BS_1,,0,max_snr,1.17722915699808,0.0,
27.0,se_8,BS_1,,0,max_snr,0.9972291569980728,0.0,
27.0,se_9,BS_1,,0,max_snr,0.3772291569980797,0.0,
27.0,sn_0,BS_1,,0,max_snr,11.287229156998071,0.0,
27.0,sn_1,BS_1,,0,max_snr,11.247229156998076,0.0,
27.0,sn_10,BS_1,,0,max_snr,2.857229156998073,0.0,
27.0,sn_11,BS_1,,0,max_snr,2.767229156998087,0.0,
27.0,sn_12,BS_1,,0,max_snr,1.9172291569980784,0.0,
27.0,sn_13,BS_1,,0,max_snr,1.8172291569980803,0.0,
27.0,sn_14,BS_1,,0,max_snr,1.7072291569980702,0.0,
27.0,sn_15,BS_1,,0,max_snr,1.577229156998072,0.0,
27.0,sn_16,BS_1,,0,max_snr,0.8672291569980738,0.0,
27.0,sn_17,BS_1,,0,max_snr,0.7472291569980699,0.0,
27.0,sn_18,BS_1,,0,max_snr,0.6072291569980763,0.0,
27.0,sn_19,BS_1,,0,max_snr,0.45722915699807,0.0,
27.0,sn_2,BS_1,BS_1,1,max_snr,11.327229156998069,240.0,11.327229156998069
27.0,sn_3,BS_1,BS_1,1,max_snr,11.67722915699807,240.0,11.67722915699807
27.0,sn_4,BS_1,,0,max_snr,4.097229156998078,0.0,
27.0,sn_5,BS_1,,0,max_snr,4.067229156998076,0.0,
27.0,sn_6,BS_1,,0,max_snr,4.017229156998087,0.0,
27.0,sn_7,BS_1,,0,max_snr,3.9572291569980846,0.0,
27.0,sn_8,BS_1,,0,max_snr,3.0072291569980782,0.0,
27.0,sn_9,BS_1,,0,max_snr,2.947229156998075,0.0,
27.0,we_0,BS_1,,0,max_snr,3.557229156998076,0.0,
27.0,we_1,BS_1,,0,max_snr,3.2172291569980676,0.0,
27.0,we_10,BS_1,,0,max_snr,2.5272291569980783,0.0,
27.0,we_11,BS_1,,0,max_snr,2.447229156998069,0.0,
27.0,we_12,BS_1,,0,max_snr,1.627229156998079,0.0,
27.0,we_13,BS_1,,0,max_snr,1.5472291569980705,0.0,
27.0,we_14,BS_1,,0,max_snr,1.4572291569980842,0.0,
27.0,we_15,BS_1,,0,max_snr,1.3472291569980743,0.0,
27.0,we_16,BS_1,,0,max_snr,0.6572291569980839,0.0,
27.0,we_17,BS_1,,0,max_snr,0.5572291569980679,0.0,
27.0,we_18,BS_1,,0,max_snr,0.4372291569980633,0.0,
27.0,we_19,BS_1,,0,max_snr,0.3072291569980653,0.0,
27.0,we_2,BS_1,,0,max_snr,3.2172291569980676,0.0,
27.0,we_3,BS_1,,0,max_snr,3.19722915699808,0.0,
27.0,we_4,BS_1,,0,max_snr,3.6372291569980657,0.0,
27.0,we_5,BS_1,,0,max_snr,3.6272291569980726,0.0,
27.0,we_6,BS_1,,0,max_snr,3.597229156998071,0.0,
27.0,we_7,BS_1,,0,max_snr,3.557229156998076,0.0,
27.0,we_8,BS_1,,0,max_snr,2.6272291569980757,0.0,
27.0,we_9,BS_1,,0,max_snr,2.587229156998079,0.0,
27.0,wn_0,BS_1,,0,max_snr,3.437229156998071,0.0,
27.0,wn_1,BS_1,,0,max_snr,3.357229156998061,0.0,
27.0,wn_2,BS_1,,0,max_snr,3.2472291569980696,0.0,
27.0,wn_3,BS_1,,0,max_snr,2.397229156998079,0.0,
27.0,wn_4,BS_1,,0,max_snr,2.2772291569980743,0.0,
27.0,wn_5,BS_1,,0,max_snr,2.1372291569980626,0.0,
27.0,wn_6,BS_1,,0,max_snr,1.38722915699807,0.0,
27.0,wn_7,BS_1,,0,max_snr,1.2372291569980824,0.0,
27.0,wn_8,BS_1,,0,max_snr,1.0672291569980694,0.0,
27.0,wn_9,BS_1,,0,max_snr,0.4272291569980687,0.0,
28.0,ew_0,BS_1,,0,max_snr,1.09722915699807,0.0,
28.0,ew_1,BS_1,,0,max_snr,1.0772291569980648,0.0,
28.0,ew_10,BS_1,,0,max_snr,3.237229156998075,0.0,
28.0,ew_11,BS_1,,0,max_snr,3.317229156998084,0.0,
28.0,ew_12,BS_1,,0,max_snr,4.167229156998075,0.0,
28.0,ew_13,BS_1,,0,max_snr,4.237229156998072,0.0,
28.0,ew_14,BS_1,,0,max_snr,4.327229156998075,0.0,
28.0,ew_15,BS_1,,0,max_snr,-5.922770843001929,0.0,
28.0,ew_16,BS_1,,0,max_snr,11.237229156998083,0.0,
28.0,ew_17,BS_1,BS_1,1,max_snr,12.087229156998072,240.0,12.087229156998072
28.0,ew_18,BS_1,BS_1,1,max_snr,20.39722915699808,440.00000000000006,20.39722915699808
28.0,ew_19,BS_1,BS_1,1,max_snr,20.53722915699808,440.00000000000006,20.53722915699808
28.0,ew_2,BS_1,,0,max_snr,1.0672291569980694,0.0,
28.0,ew_3,BS_1,,0,max_snr,1.0672291569980694,0.0,
28.0,ew_4,BS_1,,0,max_snr,2.107229156998062,0.0,
28.0,ew_5,BS_1,,0,max_snr,2.107229156998062,0.0,
28.0,ew_6,BS_1,,0,max_snr,2.1372291569980626,0.0,
28.0,ew_7,BS_1,,0,max_snr,2.177229156998076,0.0,
28.0,ew_8,BS_1,,0,max_snr,3.1372291569980777,0.0,
28.0,ew_9,BS_1,,0,max_snr,3.1872291569980673,0.0,
28.0,ns_0,BS_1,,0,max_snr,0.6672291569980787,0.0,
28.0,ns_1,BS_1,,0,max_snr,0.6572291569980839,0.0,
28.0,ns_10,BS_1,,0,max_snr,2.8872291569980737,0.0,
28.0,ns_11,BS_1,,0,max_snr,2.9772291569980776,0.0,
28.0,ns_12,BS_1,,0,max_snr,3.8172291569980734,0.0,
28.0,ns_13,BS_1,,0,max_snr,3.9072291569980777,0.0,
28.0,ns_14,BS_1,,0,max_snr,4.007229156998075,0.0,
28.0,ns_15,BS_1,,0,max_snr,4.127229156998079,0.0,
28.0,ns_16,BS_1,,0,max_snr,3.1772291569980733,0.0,
28.0,ns_17,BS_1,,0,max_snr,11.877229156998084,0.0,
28.0,ns_18,BS_1,,0,max_snr,11.427229156998084,0.0,
28.0,ns_19,BS_1,BS_1,1,max_snr,20.79722915699807,440.00000000000006,20.79722915699807
28.0,ns_2,BS_1,,0,max_snr,0.6672291569980787,0.0,
28.0,ns_3,BS_1,,0,max_snr,0.6872291569980665,0.0,
28.0,ns_4,BS_1,,0,max_snr,1.6872291569980635,0.0,
28.0,ns_5,BS_1,,0,max_snr,1.7172291569980649,0.0,
28.0,ns_6,BS_1,,0,max_snr,1.757229156998078,0.0,
28.0,ns_7,BS_1,,0,max_snr,1.807229156998068,0.0,
28.0,ns_8,BS_1,,0,max_snr,2.7572291569980747,0.0,
28.0,ns_9,BS_1,,0,max_snr,2.8072291569980647,0.0,
28.0,se_0,BS_1,,0,max_snr,3.6272291569980726,0.0,
28.0,se_1,BS_1,,0,max_snr,3.557229156998076,0.0,
28.0,se_2,BS_1,,0,max_snr,3.4572291569980766,0.0,
28.0,se_3,BS_1,,0,max_snr,2.6072291569980695,0.0,
28.0,se_4,BS_1,,0,max_snr,2.4972291569980767,0.0,
28.0,se_5,BS_1,,0,max_snr,2.3572291569980655,0.0,
28.0,se_6,BS_1,,0,max_snr,1.597229156998078,0.0,
28.0,se_7,BS_1,,0,max_snr,1.4572291569980842,0.0,
28.0,se_8,BS_1,,0,max_snr,1.2872291569980725,0.0,
28.0,se_9,BS_1,,0,max_snr,0.6372291569980773,0.0,
28.0,sn_0,BS_1,BS_1,1,max_snr,20.69722915699807,440.00000000000006,20.69722915699807
28.0,sn_1,BS_1,BS_1,1,max_snr,20.47722915699808,440.00000000000006,20.47722915699808
28.0,sn_10,BS_1,,0,max_snr,3.227229156998081,0.0,
28.0,sn_11,BS_1,,0,max_snr,3.1372291569980777,0.0,
28.0,sn_12,BS_1,,0,max_snr,2.247229156998073,0.0,
28.0,sn_13,BS_1,,0,max_snr,2.1672291569980637,0.0,
28.0,sn_14,BS_1,,0,max_snr,2.067229156998084,0.0,
28.0,sn_15,BS_1,,0,max_snr,1.9472291569980793,0.0,
28.0,sn_16,BS_1,,0,max_snr,1.1872291569980744,0.0,
28.0,sn_17,BS_1,,0,max_snr,1.0772291569980648,0.0,
28.0,sn_18,BS_1,,0,max_snr,0.9472291569980652,0.0,
28.0,sn_19,BS_1,,0,max_snr,0.7972291569980596,0.0,
28.0,sn_2,BS_1,BS_1,1,max_snr,20.47722915699808,440.00000000000006,20.47722915699808
28.0,sn_3,BS_1,BS_1,1,max_snr,20.707229156998075,440.00000000000006,20.707229156998075
28.0,sn_4,BS_1,,0,max_snr,-5.912770843001934,0.0,
28.0,sn_5,BS_1,,0,max_snr,-5.892770843001927,0.0,
28.0,sn_6,BS_1,,0,max_snr,-5.872770843001921,0.0,
28.0,sn_7,BS_1,,0,max_snr,4.3172291569980805,0.0,
28.0,sn_8,BS_1,,0,max_snr,3.347229156998085,0.0,
28.0,sn_9,BS_1,,0,max_snr,3.2972291569980596,0.0,
28.0,we_0,BS_1,,0,max_snr,11.417229156998072,0.0,
28.0,we_1,BS_1,,0,max_snr,11.707229156998071,0.0,
28.0,we_10,BS_1,,0,max_snr,2.857229156998073,0.0,
28.0,we_11,BS_1,,0,max_snr,2.7972291569980707,0.0,
28.0,we_12,BS_1,,0,max_snr,1.9372291569980673,0.0,
28.0,we_13,BS_1,,0,max_snr,1.8672291569980703,0.0,
28.0,we_14,BS_1,,0,max_snr,1.7872291569980794,0.0,
28.0,we_15,BS_1,,0,max_snr,1.6872291569980635,0.0,
28.0,we_16,BS_1,,0,max_snr,0.9572291569980772,0.0,
28.0,we_17,BS_1,,0,max_snr,0.8572291569980622,0.0,
28.0,we_18,BS_1,,0,max_snr,0.7472291569980699,0.0,
28.0,we_19,BS_1,,0,max_snr,0.6272291569980825,0.0,
28.0,we_2,BS_1,BS_1,1,max_snr,11.94722915699808,240.0,11.94722915699808
28.0,we_3,BS_1,BS_1,1,max_snr,11.94722915699808,240.0,11.94722915699808
28.0,we_4,BS_1,,0,max_snr,3.947229156998072,0.0,
28.0,we_5,BS_1,,0,max_snr,3.947229156998072,0.0,
28.0,we_6,BS_1,,0,max_snr,3.9272291569980826,0.0,
28.0,we_7,BS_1,,0,max_snr,3.8972291569980824,0.0,
28.0,we_8,BS_1,,0,max_snr,2.947229156998075,0.0,
28.0,we_9,BS_1,,0,max_snr,2.917229156998075,0.0,
28.0,wn_0,BS_1,,0,max_snr,3.717229156998076,0.0,
28.0,wn_1,BS_1,,0,max_snr,3.6572291569980737,0.0,
28.0,wn_2,BS_1,,0,max_snr,3.557229156998076,0.0,
28.0,wn_3,BS_1,,0,max_snr,2.68722915699806,0.0,
28.0,wn_4,BS_1,,0,max_snr,2.5772291569980683,0.0,
28.0,wn_5,BS_1,,0,max_snr,2.447229156998069,0.0,
28.0,wn_6,BS_1,,0,max_snr,1.6672291569980746,0.0,
28.0,wn_7,BS_1,,0,max_snr,1.5272291569980627,0.0,
28.0,wn_8,BS_1,,0,max_snr,1.3572291569980688,0.0,
28.0,wn_9,BS_1,,0,max_snr,0.6872291569980665,0.0,
29.0,ew_0,BS_1,,0,max_snr,0.7972291569980596,0.0,
29.0,ew_1,BS_1,,0,max_snr,0.767229156998077,0.0,
29.0,ew_10,BS_1,,0,max_snr,2.8972291569980686,0.0,
29.0,ew_11,BS_1,,0,max_snr,2.957229156998071,0.0,
29.0,ew_12,BS_1,,0,max_snr,3.857229156998069,0.0,
29.0,ew_13,BS_1,,0,max_snr,3.9172291569980713,0.0,
29.0,ew_14,BS_1,,0,max_snr,3.997229156998063,0.0,
29.0,ew_15,BS_1,,0,max_snr,4.097229156998078,0.0,
29.0,ew_16,BS_1,,0,max_snr,2.987229156998072,0.0,
29.0,ew_17,BS_1,,0,max_snr,3.687229156998075,0.0,
29.0,ew_18,BS_1,BS_1,1,max_snr,12.317229156998067,240.0,12.317229156998067
29.0,ew_19,BS_1,,0,max_snr,11.43722915699806,0.0,
29.0,ew_2,BS_1,,0,max_snr,0.7472291569980699,0.0,
29.0,ew_3,BS_1,,0,max_snr,0.7372291569980755,0.0,
29.0,ew_4,BS_1,,0,max_snr,1.7872291569980794,0.0,
29.0,ew_5,BS_1,,0,max_snr,1.7772291569980672,0.0,
29.0,ew_6,BS_1,,0,max_snr,1.7972291569980738,0.0,
29.0,ew_7,BS_1,,0,max_snr,1.827229156998075,0.0,
29.0,ew_8,BS_1,,0,max_snr,2.817229156998077,0.0,
29.0,ew_9,BS_1,,0,max_snr,2.847229156998078,0.0,
29.0,ns_0,BS_1,,0,max_snr,0.3672291569980674,0.0,
29.0,ns_1,BS_1,,0,max_snr,0.3472291569980783,0.0,
29.0,ns_10,BS_1,,0,max_snr,2.5272291569980783,0.0,
29.0,ns_11,BS_1,,0,max_snr,2.6072291569980695,0.0,
29.0,ns_12,BS_1,,0,max_snr,3.4872291569980787,0.0,
29.0,ns_13,BS_1,,0,max_snr,3.5672291569980703,0.0,
29.0,ns_14,BS_1,,0,max_snr,3.667229156998068,0.0,
29.0,ns_15,BS_1,,0,max_snr,3.777229156998078,0.0,
29.0,ns_16,BS_1,,0,max_snr,3.5672291569980703,0.0,
29.0,ns_17,BS_1,,0,max_snr,3.3272291569980608,0.0,
29.0,ns_18,BS_1,,0,max_snr,3.3972291569980757,0.0,
29.0,ns_19,BS_1,BS_1,1,max_snr,11.507229156998076,240.0,11.507229156998076
29.0,ns_2,BS_1,,0,max_snr,0.3372291569980659,0.0,
29.0,ns_3,BS_1,,0,max_snr,0.3572291569980722,0.0,
29.0,ns_4,BS_1,,0,max_snr,1.3672291569980812,0.0,
29.0,ns_5,BS_1,,0,max_snr,1.3772291569980752,0.0,
29.0,ns_6,BS_1,,0,max_snr,1.407229156998076,0.0,
29.0,ns_7,BS_1,,0,max_snr,1.4572291569980842,0.0,
29.0,ns_8,BS_1,,0,max_snr,2.4172291569980677,0.0,
29.0,ns_9,BS_1,,0,max_snr,2.4672291569980755,0.0,
29.0,se_0,BS_1,,0,max_snr,3.8972291569980824,0.0,
29.0,se_1,BS_1,,0,max_snr,3.83722915699808,0.0,
29.0,se_2,BS_1,,0,max_snr,3.757229156998071,0.0,
29.0,se_3,BS_1,,0,max_snr,2.8872291569980737,0.0,
29.0,se_4,BS_1,,0,max_snr,2.787229156998076,0.0,
29.0,se_5,BS_1,,0,max_snr,2.6672291569980713,0.0,
29.0,se_6,BS_1,,0,max_snr,1.8772291569980823,0.0,
29.0,se_7,BS_1,,0,max_snr,1.7372291569980711,0.0,
29.0,se_8,BS_1,,0,max_snr,1.577229156998072,0.0,
29.0,se_9,BS_1,,0,max_snr,0.8972291569980749,0.0,
29.0,sn_0,BS_1,BS_1,1,max_snr,20.83722915699807,440.00000000000006,20.83722915699807
29.0,sn_1,BS_1,BS_1,1,max_snr,20.95722915699808,440.00000000000006,20.95722915699808
29.0,sn_10,BS_1,,0,max_snr,3.587229156998077,0.0,
29.0,sn_11,BS_1,,0,max_snr,3.5172291569980803,0.0,
29.0,sn_12,BS_1,,0,max_snr,2.597229156998075,0.0,
29.0,sn_13,BS_1,,0,max_snr,2.517229156998084,0.0,
29.0,sn_14,BS_1,,0,max_snr,2.42722915699808,0.0,
29.0,sn_15,BS_1,,0,max_snr,2.31722915699807,0.0,
29.0,sn_16,BS_1,,0,max_snr,1.5172291569980867,0.0,
29.0,sn_17,BS_1,,0,max_snr,1.407229156998076,0.0,
29.0,sn_18,BS_1,,0,max_snr,1.2872291569980725,0.0,
29.0,sn_19,BS_1,,0,max_snr,1.1472291569980788,0.0,
29.0,sn_2,BS_1,BS_1,1,max_snr,21.86722915699807,440.00000000000006,21.86722915699807
29.0,sn_3,BS_1,BS_1,1,max_snr,21.447229156998073,440.00000000000006,21.447229156998073
29.0,sn_4,BS_1,,0,max_snr,3.437229156998071,0.0,
29.0,sn_5,BS_1,,0,max_snr,3.857229156998069,0.0,
29.0,sn_6,BS_1,,0,max_snr,3.88722915699807,0.0,
29.0,sn_7,BS_1,,0,max_snr,-6.102770843001918,0.0,
29.0,sn_8,BS_1,,0,max_snr,3.687229156998075,0.0,
29.0,sn_9,BS_1,,0,max_snr,3.647229156998079,0.0,
29.0,we_0,BS_1,BS_1,1,max_snr,20.607229156998063,440.00000000000006,20.607229156998063
29.0,we_1,BS_1,BS_1,1,max_snr,20.707229156998075,440.00000000000006,20.707229156998075
29.0,we_10,BS_1,,0,max_snr,3.19722915699808,0.0,
29.0,we_11,BS_1,,0,max_snr,3.1472291569980717,0.0,
29.0,we_12,BS_1,,0,max_snr,2.247229156998073,0.0,
29.0,we_13,BS_1,,0,max_snr,2.18722915699807,0.0,
29.0,we_14,BS_1,,0,max_snr,2.117229156998074,0.0,
29.0,we_15,BS_1,,0,max_snr,2.027229156998071,0.0,
29.0,we_16,BS_1,,0,max_snr,1.257229156998071,0.0,
29.0,we_17,BS_1,,0,max_snr,1.1672291569980673,0.0,
29.0,we_18,BS_1,,0,max_snr,1.0672291569980694,0.0,
29.0,we_19,BS_1,,0,max_snr,0.9472291569980652,0.0,
29.0,we_2,BS_1,BS_1,1,max_snr,20.34722915699808,440.00000000000006,20.34722915699808
29.0,we_3,BS_1,BS_1,1,max_snr,20.22722915699807,440.00000000000006,20.22722915699807
29.0,we_4,BS_1,,0,max_snr,-5.702770843001926,0.0,
29.0,we_5,BS_1,,0,max_snr,-5.712770843001921,0.0,
29.0,we_6,BS_1,,0,max_snr,-5.702770843001926,0.0,
29.0,we_7,BS_1,,0,max_snr,4.227229156998077,0.0,
29.0,we_8,BS_1,,0,max_snr,3.2672291569980763,0.0,
29.0,we_9,BS_1,,0,max_snr,3.237229156998075,0.0,
29.0,wn_0,BS_1,,0,max_snr,4.007229156998075,0.0,
29.0,wn_1,BS_1,,0,max_snr,3.947229156998072,0.0,
29.0,wn_2,BS_1,,0,max_snr,3.8672291569980817,0.0,
29.0,wn_3,BS_1,,0,max_snr,2.9772291569980776,0.0,
29.0,wn_4,BS_1,,0,max_snr,2.8772291569980784,0.0,
29.0,wn_5,BS_1,,0,max_snr,2.7572291569980747,0.0,
29.0,wn_6,BS_1,,0,max_snr,1.9472291569980793,0.0,
29.0,wn_7,BS_1,,0,max_snr,1.807229156998068,0.0,
29.0,wn_8,BS_1,,0,max_snr,1.6572291569980802,0.0,
29.0,wn_9,BS_1,,0,max_snr,0.9572291569980772,0.0,
30.0,ew_0,BS_1,,0,max_snr,0.5072291569980779,0.0,
30.0,ew_1,BS_1,,0,max_snr,0.45722915699807,0.0,
30.0,ew_10,BS_1,,0,max_snr,2.5472291569980667,0.0,
30.0,ew_11,BS_1,,0,max_snr,2.597229156998075,0.0,
30.0,ew_12,BS_1,,0,max_snr,3.5272291569980747,0.0,
30.0,ew_13,BS_1,,0,max_snr,3.587229156998077,0.0,
30.0,ew_14,BS_1,,0,max_snr,3.6572291569980737,0.0,
30.0,ew_15,BS_1,,0,max_snr,3.747229156998077,0.0,
30.0,ew_16,BS_1,,0,max_snr,-6.002770843001937,0.0,
30.0,ew_17,BS_1,,0,max_snr,-6.06277084300194,0.0,
30.0,ew_18,BS_1,,0,max_snr,4.097229156998078,0.0,
30.0,ew_19,BS_1,,0,max_snr,2.9272291569980693,0.0,
30.0,ew_2,BS_1,,0,max_snr,0.4272291569980687,0.0,
30.0,ew_3,BS_1,,0,max_snr,0.4172291569980749,0.0,
30.0,ew_4,BS_1,,0,max_snr,1.467229156998061,0.0,
30.0,ew_5,BS_1,,0,max_snr,1.4572291569980842,0.0,
30.0,ew_6,BS_1,,0,max_snr,1.4572291569980842,0.0,
30.0,ew_7,BS_1,,0,max_snr,1.477229156998074,0.0,
30.0,ew_8,BS_1,,0,max_snr,2.4872291569980813,0.0,
30.0,ew_9,BS_1,,0,max_snr,2.507229156998071,0.0,
30.0,ns_0,BS_1,,0,max_snr,0.0672291569980735,0.0,
30.0,ns_1,BS_1,,0,max_snr,0.0372291569980722,0.0,
30.0,ns_10,BS_1,,0,max_snr,2.177229156998076,0.0,
30.0,ns_11,BS_1,,0,max_snr,2.247229156998073,0.0,
30.0,ns_12,BS_1,,0,max_snr,3.1572291569980844,0.0,
30.0,ns_13,BS_1,,0,max_snr,3.227229156998081,0.0,
30.0,ns_14,BS_1,,0,max_snr,3.317229156998084,0.0,
30.0,ns_15,BS_1,,0,max_snr,3.4172291569980646,0.0,
30.0,ns_16,BS_1,,0,max_snr,4.197229156998076,0.0,
30.0,ns_17,BS_1,,0,max_snr,-5.742770843001923,0.0,
30.0,ns_18,BS_1,,0,max_snr,-5.832770843001925,0.0,
30.0,ns_19,BS_1,,0,max_snr,3.8472291569980737,0.0,
30.0,ns_2,BS_1,,0,max_snr,0.0272291569980776,0.0,
30.0,ns_3,BS_1,,0,max_snr,0.0272291569980776,0.0,
30.0,ns_4,BS_1,,0,max_snr,1.0472291569980623,0.0,
30.0,ns_5,BS_1,,0,max_snr,1.0472291569980623,0.0,
30.0,ns_6,BS_1,,0,max_snr,1.0672291569980694,0.0,
30.0,ns_7,BS_1,,0,max_snr,1.09722915699807,0.0,
30.0,ns_8,BS_1,,0,max_snr,2.087229156998073,0.0,
30.0,ns_9,BS_1,,0,max_snr,2.117229156998074,0.0,
30.0,se_0,BS_1,,0,max_snr,4.167229156998075,0.0,
30.0,se_1,BS_1,,0,max_snr,4.117229156998067,0.0,
30.0,se_2,BS_1,,0,max_snr,4.047229156998069,0.0,
30.0,se_3,BS_1,,0,max_snr,3.1772291569980733,0.0,
30.0,se_4,BS_1,,0,max_snr,3.0872291569980685,0.0,
30.0,se_5,BS_1,,0,max_snr,2.967229156998065,0.0,
30.0,se_6,BS_1,,0,max_snr,2.1572291569980875,0.0,
30.0,se_7,BS_1,,0,max_snr,2.027229156998071,0.0,
30.0,se_8,BS_1,,0,max_snr,1.8772291569980823,0.0,
30.0,se_9,BS_1,,0,max_snr,1.1672291569980673,0.0,
30.0,sn_0,BS_1,BS_1,1,max_snr,20.887229156998075,440.00000000000006,20.887229156998075
30.0,sn_1,BS_1,BS_1,1,max_snr,21.937229156998068,440.00000000000006,21.937229156998068
30.0,sn_10,BS_1,,0,max_snr,3.947229156998072,0.0,
30.0,sn_11,BS_1,,0,max_snr,3.88722915699807,0.0,
30.0,sn_12,BS_1,,0,max_snr,2.937229156998063,0.0,
30.0,sn_13,BS_1,,0,max_snr,2.867229156998067,0.0,
30.0,sn_14,BS_1,,0,max_snr,2.787229156998076,0.0,
30.0,sn_15,BS_1,,0,max_snr,2.68722915699806,0.0,
30.0,sn_16,BS_1,,0,max_snr,1.847229156998082,0.0,
30.0,sn_17,BS_1,,0,max_snr,1.7472291569980656,0.0,
30.0,sn_18,BS_1,,0,max_snr,1.6372291569980737,0.0,
30.0,sn_19,BS_1,,0,max_snr,1.5072291569980742,0.0,
30.0,sn_2,BS_1,BS_1,1,max_snr,21.857229156998063,440.00000000000006,21.857229156998063
30.0,sn_3,BS_1,BS_1,1,max_snr,21.17722915699808,440.00000000000006,21.17722915699808
30.0,sn_4,BS_1,,0,max_snr,12.337229156998076,0.0,
30.0,sn_5,BS_1,BS_1,1,max_snr,12.52722915699808,240.0,12.52722915699808
30.0,sn_6,BS_1,,0,max_snr,12.257229156998068,0.0,
30.0,sn_7,BS_1,BS_1,1,max_snr,12.457229156998082,240.0,12.457229156998082
30.0,sn_8,BS_1,,0,max_snr,4.027229156998064,0.0,
30.0,sn_9,BS_1,,0,max_snr,3.997229156998063,0.0,
30.0,we_0,BS_1,BS_1,1,max_snr,21.507229156998076,440.00000000000006,21.507229156998076
30.0,we_1,BS_1,BS_1,1,max_snr,21.987229156998076,440.00000000000006,21.987229156998076
30.0,we_10,BS_1,,0,max_snr,3.5372291569980687,0.0,
30.0,we_11,BS_1,,0,max_snr,3.4872291569980787,0.0,
30.0,we_12,BS_1,,0,max_snr,2.5672291569980734,0.0,
30.0,we_13,BS_1,,0,max_snr,2.517229156998084,0.0,
30.0,we_14,BS_1,,0,max_snr,2.4572291569980815,0.0,
30.0,we_15,BS_1,,0,max_snr,2.3772291569980726,0.0,
30.0,we_16,BS_1,,0,max_snr,1.5572291569980643,0.0,
30.0,we_17,BS_1,,0,max_snr,1.4872291569980858,0.0,
30.0,we_18,BS_1,,0,max_snr,1.38722915699807,0.0,
30.0,we_19,BS_1,,0,max_snr,1.2772291569980776,0.0,
30.0,we_2,BS_1,BS_1,1,max_snr,21.80722915699807,440.00000000000006,21.80722915699807
30.0,we_3,BS_1,BS_1,1,max_snr,21.67722915699808,440.00000000000006,21.67722915699808
30.0,we_4,BS_1,,0,max_snr,3.88722915699807,0.0,
30.0,we_5,BS_1,,0,max_snr,3.9072291569980777,0.0,
30.0,we_6,BS_1,,0,max_snr,3.5172291569980803,0.0,
30.0,we_7,BS_1,,0,max_snr,3.647229156998079,0.0,
30.0,we_8,BS_1,,0,max_snr,3.5772291569980648,0.0,
30.0,we_9,BS_1,,0,max_snr,3.5672291569980703,0.0,
30.0,wn_0,BS_1,,0,max_snr,4.277229156998067,0.0,
30.0,wn_1,BS_1,,0,max_snr,4.227229156998077,0.0,
30.0,wn_2,BS_1,,0,max_snr,4.15722915699808,0.0,
30.0,wn_3,BS_1,,0,max_snr,3.2672291569980763,0.0,
30.0,wn_4,BS_1,,0,max_snr,3.1772291569980733,0.0,
30.0,wn_5,BS_1,,0,max_snr,3.067229156998081,0.0,
30.0,wn_6,BS_1,,0,max_snr,2.2272291569980665,0.0,
30.0,wn_7,BS_1,,0,max_snr,2.107229156998062,0.0,
30.0,wn_8,BS_1,,0,max_snr,1.9572291569980735,0.0,
30.0,wn_9,BS_1,,0,max_snr,1.22722915699807,0.0,
31.0,ew_0,BS_1,,0,max_snr,0.2172291569980606,0.0,
31.0,ew_1,BS_1,,0,max_snr,0.1572291569980763,0.0,
31.0,ew_10,BS_1,,0,max_snr,2.2072291569980775,0.0,
31.0,ew_11,BS_1,,0,max_snr,2.247229156998073,0.0,
31.0,ew_12,BS_1,,0,max_snr,3.207229156998074,0.0,
31.0,ew_13,BS_1,,0,max_snr,3.2472291569980696,0.0,
31.0,ew_14,BS_1,,0,max_snr,3.3072291569980723,0.0,
31.0,ew_15,BS_1,,0,max_snr,3.387229156998062,0.0,
31.0,ew_16,BS_1,,0,max_snr,4.227229156998077,0.0,
31.0,ew_17,BS_1,,0,max_snr,4.307229156998068,0.0,
31.0,ew_18,BS_1,,0,max_snr,-5.892770843001927,0.0,
31.0,ew_19,BS_1,,0,max_snr,-5.972770843001936,0.0,
31.0,ew_2,BS_1,,0,max_snr,0.1272291569980752,0.0,
31.0,ew_3,BS_1,,0,max_snr,0.0972291569980747,0.0,
31.0,ew_4,BS_1,,0,max_snr,1.1672291569980673,0.0,
31.0,ew_5,BS_1,,0,max_snr,1.1372291569980657,0.0,
31.0,ew_6,BS_1,,0,max_snr,1.127229156998072,0.0,
31.0,ew_7,BS_1,,0,max_snr,1.1372291569980657,0.0,
31.0,ew_8,BS_1,,0,max_snr,2.1672291569980637,0.0,
31.0,ew_9,BS_1,,0,max_snr,2.177229156998076,0.0,
31.0,ns_0,BS_1,,0,max_snr,-0.2327708430019205,0.0,
31.0,ns_1,BS_1,,0,max_snr,-0.2627708430019215,0.0,
31.0,ns_10,BS_1,,0,max_snr,1.827229156998075,0.0,
31.0,ns_11,BS_1,,0,max_snr,1.8772291569980823,0.0,
31.0,ns_12,BS_1,,0,max_snr,2.817229156998077,0.0,
31.0,ns_13,BS_1,,0,max_snr,2.8772291569980784,0.0,
31.0,ns_14,BS_1,,0,max_snr,2.957229156998071,0.0,
31.0,ns_15,BS_1,,0,max_snr,3.0472291569980743,0.0,
31.0,ns_16,BS_1,,0,max_snr,3.877229156998076,0.0,
31.0,ns_17,BS_1,,0,max_snr,3.967229156998061,0.0,
31.0,ns_18,BS_1,,0,max_snr,4.077229156998071,0.0,
31.0,ns_19,BS_1,,0,max_snr,4.187229156998064,0.0,
31.0,ns_2,BS_1,,0,max_snr,-0.2827708430019283,0.0,
31.0,ns_3,BS_1,,0,max_snr,-0.2927708430019222,0.0,
31.0,ns_4,BS_1,,0,max_snr,0.7372291569980755,0.0,
31.0,ns_5,BS_1,,0,max_snr,0.7272291569980806,0.0,
31.0,ns_6,BS_1,,0,max_snr,0.7372291569980755,0.0,
31.0,ns_7,BS_1,,0,max_snr,0.757229156998082,0.0,
31.0,ns_8,BS_1,,0,max_snr,1.757229156998078,0.0,
31.0,ns_9,BS_1,,0,max_snr,1.7772291569980672,0.0,
31.0,se_0,BS_1,,0,max_snr,-5.882770843001933,0.0,
31.0,se_1,BS_1,,0,max_snr,-5.852770843001932,0.0,
31.0,se_2,BS_1,,0,max_snr,-5.802770843001924,0.0,
31.0,se_3,BS_1,,0,max_snr,3.4572291569980766,0.0,
31.0,se_4,BS_1,,0,max_snr,3.377229156998087,0.0,
31.0,se_5,BS_1,,0,max_snr,3.2772291569980707,0.0,
31.0,se_6,BS_1,,0,max_snr,2.437229156998075,0.0,
31.0,se_7,BS_1,,0,max_snr,2.31722915699807,0.0,
31.0,se_8,BS_1,,0,max_snr,2.177229156998076,0.0,
31.0,se_9,BS_1,,0,max_snr,1.43722915699806,0.0,
31.0,sn_0,BS_1,BS_1,1,max_snr,22.377229156998084,440.00000000000006,22.377229156998084
31.0,sn_1,BS_1,BS_1,1,max_snr,21.767229156998084,440.00000000000006,21.767229156998084
31.0,sn_10,BS_1,,0,max_snr,4.297229156998073,0.0,
31.0,sn_11,BS_1,,0,max_snr,4.247229156998066,0.0,
31.0,sn_12,BS_1,,0,max_snr,3.2772291569980707,0.0,
31.0,sn_13,BS_1,,0,max_snr,3.227229156998081,0.0,
31.0,sn_14,BS_1,,0,max_snr,3.1572291569980844,0.0,
31.0,sn_15,BS_1,,0,max_snr,3.067229156998081,0.0,
31.0,sn_16,BS_1,,0,max_snr,2.18722915699807,0.0,
31.0,sn_17,BS_1,,0,max_snr,2.097229156998085,0.0,
31.0,sn_18,BS_1,,0,max_snr,1.987229156998075,0.0,
31.0,sn_19,BS_1,,0,max_snr,1.8672291569980703,0.0,
31.0,sn_2,BS_1,BS_1,1,max_snr,22.217229156998073,440.00000000000006,22.217229156998073
31.0,sn_3,BS_1,BS_1,1,max_snr,21.97722915699807,440.00000000000006,21.97722915699807
31.0,sn_4,BS_1,,0,max_snr,20.637229156998067,0.0,
31.0,sn_5,BS_1,BS_1,1,max_snr,20.847229156998075,440.00000000000006,20.847229156998075
31.0,sn_6,BS_1,BS_1,1,max_snr,20.81722915699807,440.00000000000006,20.81722915699807
31.0,sn_7,BS_1,,0,max_snr,20.50722915699808,0.0,
31.0,sn_8,BS_1,,0,max_snr,-5.852770843001932,0.0,
31.0,sn_9,BS_1,,0,max_snr,-5.84277084300192,0.0,
31.0,we_0,BS_1,BS_1,1,max_snr,21.287229156998073,440.00000000000006,21.287229156998073
31.0,we_1,BS_1,BS_1,1,max_snr,21.987229156998076,440.00000000000006,21.987229156998076
31.0,we_10,BS_1,,0,max_snr,3.8672291569980817,0.0,
31.0,we_11,BS_1,,0,max_snr,3.827229156998068,0.0,
31.0,we_12,BS_1,,0,max_snr,2.8872291569980737,0.0,
31.0,we_13,BS_1,,0,max_snr,2.847229156998078,0.0,
31.0,we_14,BS_1,,0,max_snr,2.7972291569980707,0.0,
31.0,we_15,BS_1,,0,max_snr,2.727229156998074,0.0,
31.0,we_16,BS_1,,0,max_snr,1.8672291569980703,0.0,
31.0,we_17,BS_1,,0,max_snr,1.807229156998068,0.0,
31.0,we_18,BS_1,,0,max_snr,1.7172291569980649,0.0,
31.0,we_19,BS_1,,0,max_snr,1.6172291569980668,0.0,
31.0,we_2,BS_1,BS_1,1,max_snr,21.94722915699807,440.00000000000006,21.94722915699807
31.0,we_3,BS_1,BS_1,1,max_snr,21.80722915699807,440.00000000000006,21.80722915699807
31.0,we_4,BS_1,,0,max_snr,12.517229156998084,0.0,
31.0,we_5,BS_1,,0,max_snr,11.65722915699808,0.0,
31.0,we_6,BS_1,,0,max_snr,11.487229156998088,0.0,
31.0,we_7,BS_1,,0,max_snr,11.507229156998076,0.0,
31.0,we_8,BS_1,,0,max_snr,3.88722915699807,0.0,
31.0,we_9,BS_1,,0,max_snr,3.88722915699807,0.0,
31.0,wn_0,BS_1,,0,max_snr,-5.982770843001913,0.0,
31.0,wn_1,BS_1,,0,max_snr,-5.962770843001924,0.0,
31.0,wn_2,BS_1,,0,max_snr,-5.912770843001934,0.0,
31.0,wn_3,BS_1,,0,max_snr,3.547229156998063,0.0,
31.0,wn_4,BS_1,,0,max_snr,3.4772291569980665,0.0,
31.0,wn_5,BS_1,,0,max_snr,3.377229156998087,0.0,
31.0,wn_6,BS_1,,0,max_snr,2.517229156998084,0.0,
31.0,wn_7,BS_1,,0,max_snr,2.397229156998079,0.0,
31.0,wn_8,BS_1,,0,max_snr,2.257229156998067,0.0,
31.0,wn_9,BS_1,,0,max_snr,1.4972291569980622,0.0,
32.0,ew_0,BS_1,,0,max_snr,-0.0727708430019202,0.0,
32.0,ew_1,BS_1,,0,max_snr,-0.1327708430019221,0.0,
32.0,ew_10,BS_1,,0,max_snr,1.8572291569980757,0.0,
32.0,ew_11,BS_1,,0,max_snr,1.897229156998072,0.0,
32.0,ew_12,BS_1,,0,max_snr,2.8772291569980784,0.0,
32.0,ew_13,BS_1,,0,max_snr,2.917229156998075,0.0,
32.0,ew_14,BS_1,,0,max_snr,2.967229156998065,0.0,
32.0,ew_15,BS_1,,0,max_snr,3.0272291569980676,0.0,
32.0,ew_16,BS_1,,0,max_snr,3.9172291569980713,0.0,
32.0,ew_17,BS_1,,0,max_snr,3.9872291569980858,0.0,
32.0,ew_18,BS_1,,0,max_snr,4.067229156998076,0.0,
32.0,ew_19,BS_1,,0,max_snr,4.15722915699808,0.0,
32.0,ew_2,BS_1,,0,max_snr,-0.18277084300193,0.0,
32.0,ew_3,BS_1,,0,max_snr,-0.2127708430019312,0.0,
32.0,ew_4,BS_1,,0,max_snr,0.8572291569980622,0.0,
32.0,ew_5,BS_1,,0,max_snr,0.827229156998061,0.0,
32.0,ew_6,BS_1,,0,max_snr,0.8072291569980717,0.0,
32.0,ew_7,BS_1,,0,max_snr,0.8072291569980717,0.0,
32.0,ew_8,BS_1,,0,max_snr,1.847229156998082,0.0,
32.0,ew_9,BS_1,,0,max_snr,1.847229156998082,0.0,
32.0,ns_0,BS_1,,0,max_snr,-0.5127708430019247,0.0,
32.0,ns_1,BS_1,,0,max_snr,-0.5627708430019325,0.0,
32.0,ns_10,BS_1,,0,max_snr,1.477229156998074,0.0,
32.0,ns_11,BS_1,,0,max_snr,1.5272291569980627,0.0,
32.0,ns_12,BS_1,,0,max_snr,2.4872291569980813,0.0,
32.0,ns_13,BS_1,,0,max_snr,2.5372291569980723,0.0,
32.0,ns_14,BS_1,,0,max_snr,2.597229156998075,0.0,
32.0,ns_15,BS_1,,0,max_snr,2.68722915699806,0.0,
32.0,ns_16,BS_1,,0,max_snr,3.557229156998076,0.0,
32.0,ns_17,BS_1,,0,max_snr,3.6372291569980657,0.0,
32.0,ns_18,BS_1,,0,max_snr,3.737229156998083,0.0,
32.0,ns_19,BS_1,,0,max_snr,3.8472291569980737,0.0,
32.0,ns_2,BS_1,,0,max_snr,-0.5927708430019161,0.0,
32.0,ns_3,BS_1,,0,max_snr,-0.602770843001928,0.0,
32.0,ns_4,BS_1,,0,max_snr,0.4272291569980687,0.0,
32.0,ns_5,BS_1,,0,max_snr,0.40722915699808,0.0,
32.0,ns_6,BS_1,,0,max_snr,0.40722915699808,0.0,
32.0,ns_7,BS_1,,0,max_snr,0.4172291569980749,0.0,
32.0,ns_8,BS_1,,0,max_snr,1.427229156998083,0.0,
32.0,ns_9,BS_1,,0,max_snr,1.447229156998072,0.0,
32.0,se_0,BS_1,,0,max_snr,3.3672291569980746,0.0,
32.0,se_1,BS_1,,0,max_snr,3.237229156998075,0.0,
32.0,se_2,BS_1,,0,max_snr,2.997229156998066,0.0,
32.0,se_3,BS_1,,0,max_snr,3.737229156998083,0.0,
32.0,se_4,BS_1,,0,max_snr,3.667229156998068,0.0,
32.0,se_5,BS_1,,0,max_snr,3.5772291569980648,0.0,
32.0,se_6,BS_1,,0,max_snr,2.7172291569980613,0.0,
32.0,se_7,BS_1,,0,max_snr,2.6172291569980803,0.0,
32.0,se_8,BS_1,,0,max_snr,2.4872291569980813,0.0,
32.0,se_9,BS_1,,0,max_snr,1.7072291569980702,0.0,
32.0,sn_0,BS_1,BS_1,1,max_snr,21.517229156998077,440.00000000000006,21.517229156998077
32.0,sn_1,BS_1,BS_1,1,max_snr,21.937229156998068,440.00000000000006,21.937229156998068
32.0,sn_10,BS_1,,0,max_snr,-6.082770843001929,0.0,
32.0,sn_11,BS_1,,0,max_snr,-6.052770843001928,0.0,
32.0,sn_12,BS_1,,0,max_snr,3.6272291569980726,0.0,
32.0,sn_13,BS_1,,0,max_snr,3.5772291569980648,0.0,
32.0,sn_14,BS_1,,0,max_snr,3.5172291569980803,0.0,
32.0,sn_15,BS_1,,0,max_snr,3.437229156998071,0.0,
32.0,sn_16,BS_1,,0,max_snr,2.5272291569980783,0.0,
32.0,sn_17,BS_1,,0,max_snr,2.447229156998069,0.0,
32.0,sn_18,BS_1,,0,max_snr,2.347229156998071,0.0,
32.0,sn_19,BS_1,,0,max_snr,2.2372291569980787,0.0,
32.0,sn_2,BS_1,BS_1,1,max_snr,22.06722915699807,440.00000000000006,22.06722915699807
32.0,sn_3,BS_1,BS_1,1,max_snr,22.327229156998065,440.00000000000006,22.327229156998065
32.0,sn_4,BS_1,BS_1,1,max_snr,22.297229156998064,440.00000000000006,22.297229156998064
32.0,sn_5,BS_1,BS_1,1,max_snr,21.01722915699808,440.00000000000006,21.01722915699808
32.0,sn_6,BS_1,BS_1,1,max_snr,21.33722915699807,440.00000000000006,21.33722915699807
32.0,sn_7,BS_1,,0,max_snr,20.99722915699807,0.0,
32.0,sn_8,BS_1,,0,max_snr,-6.102770843001918,0.0,
32.0,sn_9,BS_1,,0,max_snr,-6.102770843001918,0.0,
32.0,we_0,BS_1,BS_1,1,max_snr,21.30722915699807,440.00000000000006,21.30722915699807
32.0,we_1,BS_1,,0,max_snr,20.72722915699807,0.0,
32.0,we_10,BS_1,,0,max_snr,4.187229156998064,0.0,
32.0,we_11,BS_1,,0,max_snr,4.15722915699808,0.0,
32.0,we_12,BS_1,,0,max_snr,3.19722915699808,0.0,
32.0,we_13,BS_1,,0,max_snr,3.1772291569980733,0.0,
32.0,we_14,BS_1,,0,max_snr,3.1372291569980777,0.0,
32.0,we_15,BS_1,,0,max_snr,3.0772291569980754,0.0,
32.0,we_16,BS_1,,0,max_snr,2.18722915699807,0.0,
32.0,we_17,BS_1,,0,max_snr,2.127229156998086,0.0,
32.0,we_18,BS_1,,0,max_snr,2.0472291569980596,0.0,
32.0,we_19,BS_1,,0,max_snr,1.9572291569980735,0.0,
32.0,we_2,BS_1,BS_1,1,max_snr,21.237229156998083,440.00000000000006,21.237229156998083
32.0,we_3,BS_1,BS_1,1,max_snr,21.887229156998067,440.00000000000006,21.887229156998067
32.0,we_4,BS_1,,0,max_snr,20.257229156998076,0.0,
32.0,we_5,BS_1,,0,max_snr,20.277229156998075,0.0,
32.0,we_6,BS_1,,0,max_snr,20.657229156998085,0.0,
32.0,we_7,BS_1,,0,max_snr,20.74722915699807,0.0,
32.0,we_8,BS_1,,0,max_snr,4.187229156998064,0.0,
32.0,we_9,BS_1,,0,max_snr,4.187229156998064,0.0,
32.0,wn_0,BS_1,,0,max_snr,2.68722915699806,0.0,
32.0,wn_1,BS_1,,0,max_snr,2.947229156998075,0.0,
32.0,wn_2,BS_1,,0,max_snr,3.5772291569980648,0.0,
32.0,wn_3,BS_1,,0,max_snr,3.83722915699808,0.0,
32.0,wn_4,BS_1,,0,max_snr,3.7672291569980834,0.0,
32.0,wn_5,BS_1,,0,max_snr,3.67722915699808,0.0,
32.0,wn_6,BS_1,,0,max_snr,2.8072291569980647,0.0,
32.0,wn_7,BS_1,,0,max_snr,2.697229156998073,0.0,
32.0,wn_8,BS_1,,0,max_snr,2.5672291569980734,0.0,
32.0,wn_9,BS_1,,0,max_snr,1.7772291569980672,0.0,
33.0,ew_0,BS_1,,0,max_snr,-0.3527708430019247,0.0,
33.0,ew_1,BS_1,,0,max_snr,-0.412770843001927,0.0,
33.0,ew_10,BS_1,,0,max_snr,1.5272291569980627,0.0,
33.0,ew_11,BS_1,,0,max_snr,1.5472291569980705,0.0,
33.0,ew_12,BS_1,,0,max_snr,2.557229156998079,0.0,
33.0,ew_13,BS_1,,0,max_snr,2.5772291569980683,0.0,
33.0,ew_14,BS_1,,0,max_snr,2.6172291569980803,0.0,
33.0,ew_15,BS_1,,0,max_snr,2.6772291569980835,0.0,
33.0,ew_16,BS_1,,0,max_snr,3.597229156998071,0.0,
33.0,ew_17,BS_1,,0,max_snr,3.6572291569980737,0.0,
33.0,ew_18,BS_1,,0,max_snr,3.72722915699807,0.0,
33.0,ew_19,BS_1,,0,max_snr,3.8172291569980734,0.0,
33.0,ew_2,BS_1,,0,max_snr,-0.4727708430019295,0.0,
33.0,ew_3,BS_1,,0,max_snr,-0.5127708430019247,0.0,
33.0,ew_4,BS_1,,0,max_snr,0.5672291569980799,0.0,
33.0,ew_5,BS_1,,0,max_snr,0.5172291569980726,0.0,
33.0,ew_6,BS_1,,0,max_snr,0.497229156998066,0.0,
33.0,ew_7,BS_1,,0,max_snr,0.4772291569980769,0.0,
33.0,ew_8,BS_1,,0,max_snr,1.537229156998075,0.0,
33.0,ew_9,BS_1,,0,max_snr,1.5172291569980867,0.0,
33.0,ns_0,BS_1,,0,max_snr,-0.7927708430019296,0.0,
33.0,ns_1,BS_1,,0,max_snr,-0.8527708430019318,0.0,
33.0,ns_10,BS_1,,0,max_snr,1.1372291569980657,0.0,
33.0,ns_11,BS_1,,0,max_snr,1.1672291569980673,0.0,
33.0,ns_12,BS_1,,0,max_snr,2.1472291569980757,0.0,
33.0,ns_13,BS_1,,0,max_snr,2.18722915699807,0.0,
33.0,ns_14,BS_1,,0,max_snr,2.247229156998073,0.0,
33.0,ns_15,BS_1,,0,max_snr,2.31722915699807,0.0,
33.0,ns_16,BS_1,,0,max_snr,3.227229156998081,0.0,
33.0,ns_17,BS_1,,0,max_snr,3.2972291569980596,0.0,
33.0,ns_18,BS_1,,0,max_snr,3.387229156998062,0.0,
33.0,ns_19,BS_1,,0,max_snr,3.4872291569980787,0.0,
33.0,ns_2,BS_1,,0,max_snr,-0.8927708430019275,0.0,
33.0,ns_3,BS_1,,0,max_snr,-0.9127708430019336,0.0,
33.0,ns_4,BS_1,,0,max_snr,0.1272291569980752,0.0,
33.0,ns_5,BS_1,,0,max_snr,0.0972291569980747,0.0,
33.0,ns_6,BS_1,,0,max_snr,0.0872291569980808,0.0,
33.0,ns_7,BS_1,,0,max_snr,0.0872291569980808,0.0,
33.0,ns_8,BS_1,,0,max_snr,1.107229156998065,0.0,
33.0,ns_9,BS_1,,0,max_snr,1.1172291569980783,0.0,
33.0,se_0,BS_1,,0,max_snr,12.227229156998067,0.0,
33.0,se_1,BS_1,,0,max_snr,12.177229156998076,0.0,
33.0,se_2,BS_1,,0,max_snr,11.937229156998066,0.0,
33.0,se_3,BS_1,,0,max_snr,4.007229156998075,0.0,
33.0,se_4,BS_1,,0,max_snr,3.9572291569980846,0.0,
33.0,se_5,BS_1,,0,max_snr,3.877229156998076,0.0,
33.0,se_6,BS_1,,0,max_snr,3.0072291569980782,0.0,
33.0,se_7,BS_1,,0,max_snr,2.907229156998081,0.0,
33.0,se_8,BS_1,,0,max_snr,2.787229156998076,0.0,
33.0,se_9,BS_1,,0,max_snr,1.987229156998075,0.0,
33.0,sn_0,BS_1,BS_1,1,max_snr,21.737229156998083,440.00000000000006,21.737229156998083
33.0,sn_1,BS_1,,0,max_snr,21.277229156998068,0.0,
33.0,sn_10,BS_1,,0,max_snr,12.067229156998083,0.0,
33.0,sn_11,BS_1,,0,max_snr,11.717229156998064,0.0,
33.0,sn_12,BS_1,,0,max_snr,3.9572291569980846,0.0,
33.0,sn_13,BS_1,,0,max_snr,3.9272291569980826,0.0,
33.0,sn_14,BS_1,,0,max_snr,3.877229156998076,0.0,
33.0,sn_15,BS_1,,0,max_snr,3.8172291569980734,0.0,
33.0,sn_16,BS_1,,0,max_snr,2.867229156998067,0.0,
33.0,sn_17,BS_1,,0,max_snr,2.7972291569980707,0.0,
33.0,sn_18,BS_1,,0,max_snr,2.7172291569980613,0.0,
33.0,sn_19,BS_1,,0,max_snr,2.6172291569980803,0.0,
33.0,sn_2,BS_1,BS_1,1,max_snr,21.827229156998065,440.00000000000006,21.827229156998065
33.0,sn_3,BS_1,,0,max_snr,21.32722915699807,0.0,
33.0,sn_4,BS_1,BS_1,1,max_snr,22.137229156998075,440.00000000000006,22.137229156998075
33.0,sn_5,BS_1,BS_1,1,max_snr,22.277229156998075,440.00000000000006,22.277229156998075
33.0,sn_6,BS_1,BS_1,1,max_snr,21.767229156998084,440.00000000000006,21.767229156998084
33.0,sn_7,BS_1,BS_1,1,max_snr,21.767229156998084,440.00000000000006,21.767229156998084
33.0,sn_8,BS_1,,0,max_snr,11.78722915699808,0.0,
33.0,sn_9,BS_1,,0,max_snr,12.227229156998067,0.0,
33.0,we_0,BS_1,BS_1,1,max_snr,22.117229156998075,440.00000000000006,22.117229156998075
33.0,we_1,BS_1,BS_1,1,max_snr,21.43722915699807,440.00000000000006,21.43722915699807
33.0,we_10,BS_1,,0,max_snr,3.967229156998061,0.0,
33.0,we_11,BS_1,,0,max_snr,3.337229156998073,0.0,
33.0,we_12,BS_1,,0,max_snr,3.5172291569980803,0.0,
33.0,we_13,BS_1,,0,max_snr,3.497229156998073,0.0,
33.0,we_14,BS_1,,0,max_snr,3.467229156998072,0.0,
33.0,we_15,BS_1,,0,max_snr,3.4172291569980646,0.0,
33.0,we_16,BS_1,,0,max_snr,2.4972291569980767,0.0,
33.0,we_17,BS_1,,0,max_snr,2.4572291569980815,0.0,
33.0,we_18,BS_1,,0,max_snr,2.3872291569980666,0.0,
33.0,we_19,BS_1,,0,max_snr,2.307229156998076,0.0,
33.0,we_2,BS_1,,0,max_snr,21.247229156998067,0.0,
33.0,we_3,BS_1,,0,max_snr,21.107229156998063,0.0,
33.0,we_4,BS_1,BS_1,1,max_snr,21.62722915699808,440.00000000000006,21.62722915699808
33.0,we_5,BS_1,,0,max_snr,21.217229156998066,0.0,
33.0,we_6,BS_1,,0,max_snr,21.20722915699808,0.0,
33.0,we_7,BS_1,BS_1,1,max_snr,21.94722915699807,440.00000000000006,21.94722915699807
33.0,we_8,BS_1,,0,max_snr,3.3272291569980608,0.0,
33.0,we_9,BS_1,,0,max_snr,3.587229156998077,0.0,
33.0,wn_0,BS_1,,0,max_snr,12.167229156998063,0.0,
33.0,wn_1,BS_1,,0,max_snr,12.147229156998076,0.0,
33.0,wn_2,BS_1,,0,max_snr,11.757229156998076,0.0,
33.0,wn_3,BS_1,,0,max_snr,4.117229156998067,0.0,
33.0,wn_4,BS_1,,0,max_snr,4.057229156998064,0.0,
33.0,wn_5,BS_1,,0,max_snr,3.9872291569980858,0.0,
33.0,wn_6,BS_1,,0,max_snr,3.0872291569980685,0.0,
33.0,wn_7,BS_1,,0,max_snr,2.997229156998066,0.0,
33.0,wn_8,BS_1,,0,max_snr,2.8772291569980784,0.0,
33.0,wn_9,BS_1,,0,max_snr,2.057229156998072,0.0,
34.0,ew_0,BS_1,,0,max_snr,-0.6227708430019175,0.0,
34.0,ew_1,BS_1,,0,max_snr,-0.6927708430019315,0.0,
34.0,ew_10,BS_1,,0,max_snr,1.197229156998068,0.0,
34.0,ew_11,BS_1,,0,max_snr,1.2072291569980806,0.0,
34.0,ew_12,BS_1,,0,max_snr,2.2372291569980787,0.0,
34.0,ew_13,BS_1,,0,max_snr,2.247229156998073,0.0,
34.0,ew_14,BS_1,,0,max_snr,2.2672291569980794,0.0,
34.0,ew_15,BS_1,,0,max_snr,2.31722915699807,0.0,
34.0,ew_16,BS_1,,0,max_snr,3.2772291569980707,0.0,
34.0,ew_17,BS_1,,0,max_snr,3.317229156998084,0.0,
34.0,ew_18,BS_1,,0,max_snr,3.377229156998087,0.0,
34.0,ew_19,BS_1,,0,max_snr,3.4572291569980766,0.0,
34.0,ew_2,BS_1,,0,max_snr,-0.7627708430019281,0.0,
34.0,ew_3,BS_1,,0,max_snr,-0.802770843001924,0.0,
34.0,ew_4,BS_1,,0,max_snr,0.2672291569980874,0.0,
34.0,ew_5,BS_1,,0,max_snr,0.2172291569980606,0.0,
34.0,ew_6,BS_1,,0,max_snr,0.1872291569980594,0.0,
34.0,ew_7,BS_1,,0,max_snr,0.1672291569980708,0.0,
34.0,ew_8,BS_1,,0,max_snr,1.22722915699807,0.0,
34.0,ew_9,BS_1,,0,max_snr,1.197229156998068,0.0,
34.0,ns_0,BS_1,,0,max_snr,-1.0727708430019167,0.0,
34.0,ns_1,BS_1,,0,max_snr,-1.1327708430019192,0.0,
34.0,ns_10,BS_1,,0,max_snr,0.7972291569980596,0.0,
34.0,ns_11,BS_1,,0,max_snr,0.827229156998061,0.0,
34.0,ns_12,BS_1,,0,max_snr,1.8172291569980803,0.0,
34.0,ns_13,BS_1,,0,max_snr,1.847229156998082,0.0,
34.0,ns_14,BS_1,,0,max_snr,1.897229156998072,0.0,
34.0,ns_15,BS_1,,0,max_snr,1.9572291569980735,0.0,
34.0,ns_16,BS_1,,0,max_snr,2.8872291569980737,0.0,
34.0,ns_17,BS_1,,0,max_snr,2.947229156998075,0.0,
34.0,ns_18,BS_1,,0,max_snr,3.0272291569980676,0.0,
34.0,ns_19,BS_1,,0,max_snr,3.127229156998083,0.0,
34.0,ns_2,BS_1,,0,max_snr,-1.1727708430019326,0.0,
34.0,ns_3,BS_1,,0,max_snr,-1.212770843001928,0.0,
34.0,ns_4,BS_1,,0,max_snr,-0.1727708430019359,0.0,
34.0,ns_5,BS_1,,0,max_snr,-0.2027708430019366,0.0,
34.0,ns_6,BS_1,,0,max_snr,-0.2227708430019258,0.0,
34.0,ns_7,BS_1,,0,max_snr,-0.2327708430019205,0.0,
34.0,ns_8,BS_1,,0,max_snr,0.7972291569980596,0.0,
34.0,ns_9,BS_1,,0,max_snr,0.7872291569980828,0.0,
34.0,se_0,BS_1,,0,max_snr,20.637229156998067,0.0,
34.0,se_1,BS_1,,0,max_snr,20.71722915699807,0.0,
34.0,se_2,BS_1,,0,max_snr,21.17722915699808,0.0,
34.0,se_3,BS_1,,0,max_snr,-5.752770843001934,0.0,
34.0,se_4,BS_1,,0,max_snr,4.227229156998077,0.0,
34.0,se_5,BS_1,,0,max_snr,4.167229156998075,0.0,
34.0,se_6,BS_1,,0,max_snr,3.287229156998083,0.0,
34.0,se_7,BS_1,,0,max_snr,3.207229156998074,0.0,
34.0,se_8,BS_1,,0,max_snr,3.0972291569980817,0.0,
34.0,se_9,BS_1,,0,max_snr,2.2672291569980794,0.0,
34.0,sn_0,BS_1,BS_1,1,max_snr,22.007229156998072,440.00000000000006,22.007229156998072
34.0,sn_1,BS_1,BS_1,1,max_snr,21.83722915699807,440.00000000000006,21.83722915699807
34.0,sn_10,BS_1,,0,max_snr,20.447229156998077,0.0,
34.0,sn_11,BS_1,,0,max_snr,5.217229156998061,0.0,
34.0,sn_12,BS_1,,0,max_snr,4.2872291569980785,0.0,
34.0,sn_13,BS_1,,0,max_snr,4.267229156998073,0.0,
34.0,sn_14,BS_1,,0,max_snr,4.227229156998077,0.0,
34.0,sn_15,BS_1,,0,max_snr,4.177229156998069,0.0,
34.0,sn_16,BS_1,,0,max_snr,3.2172291569980676,0.0,
34.0,sn_17,BS_1,,0,max_snr,3.1572291569980844,0.0,
34.0,sn_18,BS_1,,0,max_snr,3.0772291569980754,0.0,
34.0,sn_19,BS_1,,0,max_snr,2.987229156998072,0.0,
34.0,sn_2,BS_1,BS_1,1,max_snr,21.887229156998067,440.00000000000006,21.887229156998067
34.0,sn_3,BS_1,BS_1,1,max_snr,21.827229156998065,440.00000000000006,21.827229156998065
34.0,sn_4,BS_1,,0,max_snr,21.537229156998077,0.0,
34.0,sn_5,BS_1,BS_1,1,max_snr,21.78722915699808,440.00000000000006,21.78722915699808
34.0,sn_6,BS_1,,0,max_snr,21.457229156998075,0.0,
34.0,sn_7,BS_1,BS_1,1,max_snr,21.83722915699807,440.00000000000006,21.83722915699807
34.0,sn_8,BS_1,,0,max_snr,20.56722915699808,0.0,
34.0,sn_9,BS_1,,0,max_snr,20.387229156998075,0.0,
34.0,we_0,BS_1,BS_1,1,max_snr,21.61722915699808,440.00000000000006,21.61722915699808
34.0,we_1,BS_1,BS_1,1,max_snr,21.577229156998072,440.00000000000006,21.577229156998072
34.0,we_10,BS_1,,0,max_snr,3.2472291569980696,0.0,
34.0,we_11,BS_1,,0,max_snr,3.2772291569980707,0.0,
34.0,we_12,BS_1,,0,max_snr,3.827229156998068,0.0,
34.0,we_13,BS_1,,0,max_snr,3.8172291569980734,0.0,
34.0,we_14,BS_1,,0,max_snr,3.7972291569980663,0.0,
34.0,we_15,BS_1,,0,max_snr,3.7672291569980834,0.0,
34.0,we_16,BS_1,,0,max_snr,2.817229156998077,0.0,
34.0,we_17,BS_1,,0,max_snr,2.777229156998064,0.0,
34.0,we_18,BS_1,,0,max_snr,2.727229156998074,0.0,
34.0,we_19,BS_1,,0,max_snr,2.657229156998077,0.0,
34.0,we_2,BS_1,,0,max_snr,21.54722915699807,0.0,
34.0,we_3,BS_1,BS_1,1,max_snr,22.007229156998072,440.00000000000006,22.007229156998072
34.0,we_4,BS_1,,0,max_snr,21.267229156998084,0.0,
34.0,we_5,BS_1,,0,max_snr,21.287229156998073,0.0,
34.0,we_6,BS_1,,0,max_snr,21.267229156998084,0.0,
34.0,we_7,BS_1,BS_1,1,max_snr,22.167229156998076,440.00000000000006,22.167229156998076
34.0,we_8,BS_1,,0,max_snr,3.5372291569980687,0.0,
34.0,we_9,BS_1,,0,max_snr,3.3672291569980746,0.0,
34.0,wn_0,BS_1,,0,max_snr,20.267229156998077,0.0,
34.0,wn_1,BS_1,,0,max_snr,20.29722915699807,0.0,
34.0,wn_2,BS_1,,0,max_snr,20.69722915699807,0.0,
34.0,wn_3,BS_1,,0,max_snr,-5.852770843001932,0.0,
34.0,wn_4,BS_1,,0,max_snr,-5.822770843001931,0.0,
34.0,wn_5,BS_1,,0,max_snr,4.277229156998067,0.0,
34.0,wn_6,BS_1,,0,max_snr,3.377229156998087,0.0,
34.0,wn_7,BS_1,,0,max_snr,3.2972291569980596,0.0,
34.0,wn_8,BS_1,,0,max_snr,3.1872291569980673,0.0,
34.0,wn_9,BS_1,,0,max_snr,2.347229156998071,0.0,
35.0,ew_0,BS_1,,0,max_snr,-0.8827708430019338,0.0,
35.0,ew_1,BS_1,,0,max_snr,-0.9727708430019364,0.0,
35.0,ew_10,BS_1,,0,max_snr,0.8672291569980738,0.0,
35.0,ew_11,BS_1,,0,max_snr,0.8672291569980738,0.0,
35.0,ew_12,BS_1,,0,max_snr,1.9172291569980784,0.0,
35.0,ew_13,BS_1,,0,max_snr,1.9172291569980784,0.0,
35.0,ew_14,BS_1,,0,max_snr,1.9272291569980733,0.0,
35.0,ew_15,BS_1,,0,max_snr,1.9672291569980684,0.0,
35.0,ew_16,BS_1,,0,max_snr,2.947229156998075,0.0,
35.0,ew_17,BS_1,,0,max_snr,2.9772291569980776,0.0,
35.0,ew_18,BS_1,,0,max_snr,3.03722915699808,0.0,
35.0,ew_19,BS_1,,0,max_snr,3.107229156998077,0.0,
35.0,ew_2,BS_1,,0,max_snr,-1.0427708430019154,0.0,
35.0,ew_3,BS_1,,0,max_snr,-1.0927708430019236,0.0,
35.0,ew_4,BS_1,,0,max_snr,-0.0127708430019176,0.0,
35.0,ew_5,BS_1,,0,max_snr,-0.0727708430019202,0.0,
35.0,ew_6,BS_1,,0,max_snr,-0.122770843001928,0.0,
35.0,ew_7,BS_1,,0,max_snr,-0.1527708430019287,0.0,
35.0,ew_8,BS_1,,0,max_snr,0.9172291569980638,0.0,
35.0,ew_9,BS_1,,0,max_snr,0.8872291569980635,0.0,
35.0,ns_0,BS_1,,0,max_snr,-1.3427708430019267,0.0,
35.0,ns_1,BS_1,,0,max_snr,-1.4027708430019292,0.0,
35.0,ns_10,BS_1,,0,max_snr,0.4672291569980645,0.0,
35.0,ns_11,BS_1,,0,max_snr,0.4872291569980716,0.0,
35.0,ns_12,BS_1,,0,max_snr,1.4972291569980622,0.0,
35.0,ns_13,BS_1,,0,max_snr,1.5072291569980742,0.0,
35.0,ns_14,BS_1,,0,max_snr,1.5472291569980705,0.0,
35.0,ns_15,BS_1,,0,max_snr,1.597229156998078,0.0,
35.0,ns_16,BS_1,,0,max_snr,2.557229156998079,0.0,
35.0,ns_17,BS_1,,0,max_snr,2.6072291569980695,0.0,
35.0,ns_18,BS_1,,0,max_snr,2.6672291569980713,0.0,
35.0,ns_19,BS_1,,0,max_snr,2.7572291569980747,0.0,
35.0,ns_2,BS_1,,0,max_snr,-1.4627708430019306,0.0,
35.0,ns_3,BS_1,,0,max_snr,-1.5027708430019269,0.0,
35.0,ns_4,BS_1,,0,max_snr,-0.4627708430019176,0.0,
35.0,ns_5,BS_1,,0,max_snr,-0.5027708430019309,0.0,
35.0,ns_6,BS_1,,0,max_snr,-0.532770843001932,0.0,
35.0,ns_7,BS_1,,0,max_snr,-0.542770843001926,0.0,
35.0,ns_8,BS_1,,0,max_snr,0.4872291569980716,0.0,
35.0,ns_9,BS_1,,0,max_snr,0.4672291569980645,0.0,
35.0,se_0,BS_1,,0,max_snr,21.467229156998073,0.0,
35.0,se_1,BS_1,,0,max_snr,21.417229156998072,0.0,
35.0,se_2,BS_1,,0,max_snr,20.93722915699807,0.0,
35.0,se_3,BS_1,,0,max_snr,-5.962770843001924,0.0,
35.0,se_4,BS_1,,0,max_snr,-5.932770843001923,0.0,
35.0,se_5,BS_1,,0,max_snr,-5.892770843001927,0.0,
35.0,se_6,BS_1,,0,max_snr,3.5672291569980703,0.0,
35.0,se_7,BS_1,,0,max_snr,3.497229156998073,0.0,
35.0,se_8,BS_1,,0,max_snr,3.3972291569980757,0.0,
35.0,se_9,BS_1,,0,max_snr,2.5472291569980667,0.0,
35.0,sn_0,BS_1,BS_1,1,max_snr,21.637229156998075,440.00000000000006,21.637229156998075
35.0,sn_1,BS_1,,0,max_snr,21.40722915699808,0.0,
35.0,sn_10,BS_1,BS_1,1,max_snr,22.137229156998075,440.00000000000006,22.137229156998075
35.0,sn_11,BS_1,,0,max_snr,21.467229156998073,0.0,
35.0,sn_12,BS_1,,0,max_snr,-6.052770843001928,0.0,
35.0,sn_13,BS_1,,0,max_snr,-6.052770843001928,0.0,
35.0,sn_14,BS_1,,0,max_snr,-6.032770843001939,0.0,
35.0,sn_15,BS_1,,0,max_snr,-5.992770843001925,0.0,
35.0,sn_16,BS_1,,0,max_snr,3.557229156998076,0.0,
35.0,sn_17,BS_1,,0,max_snr,3.5072291569980676,0.0,
35.0,sn_18,BS_1,,0,max_snr,3.4472291569980653,0.0,
35.0,sn_19,BS_1,,0,max_snr,3.3672291569980746,0.0,
35.0,sn_2,BS_1,,0,max_snr,21.36722915699807,0.0,
35.0,sn_3,BS_1,,0,max_snr,20.967229156998073,0.0,
35.0,sn_4,BS_1,BS_1,1,max_snr,21.86722915699807,440.00000000000006,21.86722915699807
35.0,sn_5,BS_1,BS_1,1,max_snr,22.22722915699808,440.00000000000006,22.22722915699808
35.0,sn_6,BS_1,,0,max_snr,21.54722915699807,0.0,
35.0,sn_7,BS_1,BS_1,1,max_snr,21.927229156998074,440.00000000000006,21.927229156998074
35.0,sn_8,BS_1,,0,max_snr,20.857229156998073,0.0,
35.0,sn_9,BS_1,BS_1,1,max_snr,21.797229156998064,440.00000000000006,21.797229156998064
35.0,we_0,BS_1,,0,max_snr,21.35722915699807,0.0,
35.0,we_1,BS_1,BS_1,1,max_snr,21.607229156998073,440.00000000000006,21.607229156998073
35.0,we_10,BS_1,,0,max_snr,20.257229156998076,0.0,
35.0,we_11,BS_1,,0,max_snr,20.72722915699807,0.0,
35.0,we_12,BS_1,,0,max_snr,4.127229156998079,0.0,
35.0,we_13,BS_1,,0,max_snr,4.127229156998079,0.0,
35.0,we_14,BS_1,,0,max_snr,4.117229156998067,0.0,
35.0,we_15,BS_1,,0,max_snr,4.097229156998078,0.0,
35.0,we_16,BS_1,,0,max_snr,3.1372291569980777,0.0,
35.0,we_17,BS_1,,0,max_snr,3.107229156998077,0.0,
35.0,we_18,BS_1,,0,max_snr,3.067229156998081,0.0,
35.0,we_19,BS_1,,0,max_snr,3.0072291569980782,0.0,
35.0,we_2,BS_1,,0,max_snr,21.31722915699807,0.0,
35.0,we_3,BS_1,,0,max_snr,21.077229156998065,0.0,
35.0,we_4,BS_1,BS_1,1,max_snr,22.197229156998077,440.00000000000006,22.197229156998077
35.0,we_5,BS_1,BS_1,1,max_snr,21.75722915699808,440.00000000000006,21.75722915699808
35.0,we_6,BS_1,,0,max_snr,20.77722915699807,0.0,
35.0,we_7,BS_1,,0,max_snr,21.287229156998073,0.0,
35.0,we_8,BS_1,,0,max_snr,11.43722915699806,0.0,
35.0,we_9,BS_1,,0,max_snr,20.517229156998084,0.0,
35.0,wn_0,BS_1,BS_1,1,max_snr,21.987229156998076,440.00000000000006,21.987229156998076
35.0,wn_1,BS_1,,0,max_snr,21.107229156998063,0.0,
35.0,wn_2,BS_1,,0,max_snr,21.507229156998076,0.0,
35.0,wn_3,BS_1,,0,max_snr,3.647229156998079,0.0,
35.0,wn_4,BS_1,,0,max_snr,3.19722915699808,0.0,
35.0,wn_5,BS_1,,0,max_snr,-6.002770843001937,0.0,
35.0,wn_6,BS_1,,0,max_snr,3.667229156998068,0.0,
35.0,wn_7,BS_1,,0,max_snr,3.597229156998071,0.0,
35.0,wn_8,BS_1,,0,max_snr,3.497229156998073,0.0,
35.0,wn_9,BS_1,,0,max_snr,2.6272291569980757,0.0,
36.0,ew_0,BS_1,,0,max_snr,-1.142770843001931,0.0,
36.0,ew_1,BS_1,,0,max_snr,-1.232770843001917,0.0,
36.0,ew_10,BS_1,,0,max_snr,0.5572291569980679,0.0,
36.0,ew_11,BS_1,,0,max_snr,0.5472291569980743,0.0,
36.0,ew_12,BS_1,,0,max_snr,1.597229156998078,0.0,
36.0,ew_13,BS_1,,0,max_snr,1.5872291569980657,0.0,
36.0,ew_14,BS_1,,0,max_snr,1.597229156998078,0.0,
36.0,ew_15,BS_1,,0,max_snr,1.6172291569980668,0.0,
36.0,ew_16,BS_1,,0,max_snr,2.6172291569980803,0.0,
36.0,ew_17,BS_1,,0,max_snr,2.6472291569980824,0.0,
36.0,ew_18,BS_1,,0,max_snr,2.68722915699806,0.0,
36.0,ew_19,BS_1,,0,max_snr,2.7472291569980625,0.0,
36.0,ew_2,BS_1,,0,max_snr,-1.3127708430019256,0.0,
36.0,ew_3,BS_1,,0,max_snr,-1.372770843001928,0.0,
36.0,ew_4,BS_1,,0,max_snr,-0.2927708430019222,0.0,
36.0,ew_5,BS_1,,0,max_snr,-0.3627708430019376,0.0,
36.0,ew_6,BS_1,,0,max_snr,-0.412770843001927,0.0,
36.0,ew_7,BS_1,,0,max_snr,-0.4527708430019402,0.0,
36.0,ew_8,BS_1,,0,max_snr,0.6172291569980703,0.0,
36.0,ew_9,BS_1,,0,max_snr,0.5772291569980744,0.0,
36.0,ns_0,BS_1,,0,max_snr,-1.602770843001924,0.0,
36.0,ns_1,BS_1,,0,max_snr,-1.6727708430019388,0.0,
36.0,ns_10,BS_1,,0,max_snr,0.1472291569980817,0.0,
36.0,ns_11,BS_1,,0,max_snr,0.1572291569980763,0.0,
36.0,ns_12,BS_1,,0,max_snr,1.17722915699808,0.0,
36.0,ns_13,BS_1,,0,max_snr,1.17722915699808,0.0,
36.0,ns_14,BS_1,,0,max_snr,1.2072291569980806,0.0,
36.0,ns_15,BS_1,,0,max_snr,1.2372291569980824,0.0,
36.0,ns_16,BS_1,,0,max_snr,2.2172291569980724,0.0,
36.0,ns_17,BS_1,,0,max_snr,2.257229156998067,0.0,
36.0,ns_18,BS_1,,0,max_snr,2.31722915699807,0.0,
36.0,ns_19,BS_1,,0,max_snr,2.3872291569980666,0.0,
36.0,ns_2,BS_1,,0,max_snr,-1.732770843001924,0.0,
36.0,ns_3,BS_1,,0,max_snr,-1.782770843001933,0.0,
36.0,ns_4,BS_1,,0,max_snr,-0.7427708430019211,0.0,
36.0,ns_5,BS_1,,0,max_snr,-0.7927708430019296,0.0,
36.0,ns_6,BS_1,,0,max_snr,-0.8327708430019254,0.0,
36.0,ns_7,BS_1,,0,max_snr,-0.8527708430019318,0.0,
36.0,ns_8,BS_1,,0,max_snr,0.1872291569980594,0.0,
36.0,ns_9,BS_1,,0,max_snr,0.1572291569980763,0.0,
36.0,se_0,BS_1,,0,max_snr,20.967229156998073,0.0,
36.0,se_1,BS_1,BS_1,1,max_snr,22.167229156998076,440.00000000000006,22.167229156998076
36.0,se_2,BS_1,BS_1,1,max_snr,21.83722915699807,440.00000000000006,21.83722915699807
36.0,se_3,BS_1,,0,max_snr,3.1572291569980844,0.0,
36.0,se_4,BS_1,,0,max_snr,3.4472291569980653,0.0,
36.0,se_5,BS_1,,0,max_snr,3.6372291569980657,0.0,
36.0,se_6,BS_1,,0,max_snr,3.8472291569980737,0.0,
36.0,se_7,BS_1,,0,max_snr,3.787229156998072,0.0,
36.0,se_8,BS_1,,0,max_snr,3.6972291569980698,0.0,
36.0,se_9,BS_1,,0,max_snr,2.837229156998066,0.0,
36.0,sn_0,BS_1,,0,max_snr,21.287229156998073,0.0,
36.0,sn_1,BS_1,,0,max_snr,20.93722915699807,0.0,
36.0,sn_10,BS_1,BS_1,1,max_snr,21.67722915699808,440.00000000000006,21.67722915699808
36.0,sn_11,BS_1,BS_1,1,max_snr,22.02722915699807,440.00000000000006,22.02722915699807
36.0,sn_12,BS_1,,0,max_snr,3.6972291569980698,0.0,
36.0,sn_13,BS_1,,0,max_snr,3.6972291569980698,0.0,
36.0,sn_14,BS_1,,0,max_snr,3.72722915699807,0.0,
36.0,sn_15,BS_1,,0,max_snr,3.547229156998063,0.0,
36.0,sn_16,BS_1,,0,max_snr,3.8972291569980824,0.0,
36.0,sn_17,BS_1,,0,max_snr,3.857229156998069,0.0,
36.0,sn_18,BS_1,,0,max_snr,3.80722915699808,0.0,
36.0,sn_19,BS_1,,0,max_snr,3.737229156998083,0.0,
36.0,sn_2,BS_1,,0,max_snr,21.047229156998064,0.0,
36.0,sn_3,BS_1,,0,max_snr,21.237229156998083,0.0,
36.0,sn_4,BS_1,,0,max_snr,21.347229156998075,0.0,
36.0,sn_5,BS_1,BS_1,1,max_snr,21.927229156998074,440.00000000000006,21.927229156998074
36.0,sn_6,BS_1,BS_1,1,max_snr,21.797229156998064,440.00000000000006,21.797229156998064
36.0,sn_7,BS_1,,0,max_snr,21.517229156998077,0.0,
36.0,sn_8,BS_1,,0,max_snr,21.097229156998083,0.0,
36.0,sn_9,BS_1,,0,max_snr,21.487229156998076,0.0,
36.0,we_0,BS_1,,0,max_snr,20.947229156998077,0.0,
36.0,we_1,BS_1,,0,max_snr,21.087229156998077,0.0,
36.0,we_10,BS_1,,0,max_snr,20.79722915699807,0.0,
36.0,we_11,BS_1,,0,max_snr,21.30722915699807,0.0,
36.0,we_12,BS_1,,0,max_snr,-5.852770843001932,0.0,
36.0,we_13,BS_1,,0,max_snr,-5.862770843001926,0.0,
36.0,we_14,BS_1,,0,max_snr,-5.862770843001926,0.0,
36.0,we_15,BS_1,,0,max_snr,-5.852770843001932,0.0,
36.0,we_16,BS_1,,0,max_snr,3.4472291569980653,0.0,
36.0,we_17,BS_1,,0,max_snr,3.437229156998071,0.0,
36.0,we_18,BS_1,,0,max_snr,3.3972291569980757,0.0,
36.0,we_19,BS_1,,0,max_snr,3.347229156998085,0.0,
36.0,we_2,BS_1,BS_1,1,max_snr,21.65722915699808,440.00000000000006,21.65722915699808
36.0,we_3,BS_1,,0,max_snr,21.187229156998065,0.0,
36.0,we_4,BS_1,BS_1,1,max_snr,21.937229156998068,440.00000000000006,21.937229156998068
36.0,we_5,BS_1,,0,max_snr,21.077229156998065,0.0,
36.0,we_6,BS_1,,0,max_snr,21.587229156998077,0.0,
36.0,we_7,BS_1,BS_1,1,max_snr,21.767229156998084,440.00000000000006,21.767229156998084
36.0,we_8,BS_1,,0,max_snr,20.83722915699807,0.0,
36.0,we_9,BS_1,,0,max_snr,20.287229156998077,0.0,
36.0,wn_0,BS_1,,0,max_snr,21.59722915699808,0.0,
36.0,wn_1,BS_1,,0,max_snr,21.62722915699808,0.0,
36.0,wn_2,BS_1,BS_1,1,max_snr,22.24722915699807,440.00000000000006,22.24722915699807
36.0,wn_3,BS_1,,0,max_snr,12.55722915699808,0.0,
36.0,wn_4,BS_1,,0,max_snr,12.257229156998068,0.0,
36.0,wn_5,BS_1,,0,max_snr,2.7972291569980707,0.0,
36.0,wn_6,BS_1,,0,max_snr,3.947229156998072,0.0,
36.0,wn_7,BS_1,,0,max_snr,3.88722915699807,0.0,
36.0,wn_8,BS_1,,0,max_snr,3.80722915699808,0.0,
36.0,wn_9,BS_1,,0,max_snr,2.917229156998075,0.0,
37.0,ew_0,BS_1,,0,max_snr,-1.4027708430019292,0.0,
37.0,ew_1,BS_1,,0,max_snr,-1.4927708430019326,0.0,
37.0,ew_10,BS_1,,0,max_snr,0.2472291569980615,0.0,
37.0,ew_11,BS_1,,0,max_snr,0.227229156998073,0.0,
37.0,ew_12,BS_1,,0,max_snr,1.2872291569980725,0.0,
37.0,ew_13,BS_1,,0,max_snr,1.267229156998084,0.0,
37.0,ew_14,BS_1,,0,max_snr,1.257229156998071,0.0,
37.0,ew_15,BS_1,,0,max_snr,1.2772291569980776,0.0,
37.0,ew_16,BS_1,,0,max_snr,2.297229156998063,0.0,
37.0,ew_17,BS_1,,0,max_snr,2.307229156998076,0.0,
37.0,ew_18,BS_1,,0,max_snr,2.337229156998077,0.0,
37.0,ew_19,BS_1,,0,max_snr,2.3872291569980666,0.0,
37.0,ew_2,BS_1,,0,max_snr,-1.5827708430019354,0.0,
37.0,ew_3,BS_1,,0,max_snr,-1.6527708430019148,0.0,
37.0,ew_4,BS_1,,0,max_snr,-0.5627708430019325,0.0,
37.0,ew_5,BS_1,,0,max_snr,-0.642770843001924,0.0,
37.0,ew_6,BS_1,,0,max_snr,-0.7027708430019264,0.0,
37.0,ew_7,BS_1,,0,max_snr,-0.7527708430019336,0.0,
37.0,ew_8,BS_1,,0,max_snr,0.3272291569980712,0.0,
37.0,ew_9,BS_1,,0,max_snr,0.2772291569980631,0.0,
37.0,ns_0,BS_1,,0,max_snr,-1.8627708430019223,0.0,
37.0,ns_1,BS_1,,0,max_snr,-1.9327708430019204,0.0,
37.0,ns_10,BS_1,,0,max_snr,-0.1627708430019235,0.0,
37.0,ns_11,BS_1,,0,max_snr,-0.1627708430019235,0.0,
37.0,ns_12,BS_1,,0,max_snr,0.8572291569980622,0.0,
37.0,ns_13,BS_1,,0,max_snr,0.8572291569980622,0.0,
37.0,ns_14,BS_1,,0,max_snr,0.8672291569980738,0.0,
37.0,ns_15,BS_1,,0,max_snr,0.8972291569980749,0.0,
37.0,ns_16,BS_1,,0,max_snr,1.8872291569980773,0.0,
37.0,ns_17,BS_1,,0,max_snr,1.9172291569980784,0.0,
37.0,ns_18,BS_1,,0,max_snr,1.9672291569980684,0.0,
37.0,ns_19,BS_1,,0,max_snr,2.027229156998071,0.0,
37.0,ns_2,BS_1,,0,max_snr,-2.002770843001934,0.0,
37.0,ns_3,BS_1,,0,max_snr,-2.052770843001925,0.0,
37.0,ns_4,BS_1,,0,max_snr,-1.0127708430019149,0.0,
37.0,ns_5,BS_1,,0,max_snr,-1.0727708430019167,0.0,
37.0,ns_6,BS_1,,0,max_snr,-1.1227708430019243,0.0,
37.0,ns_7,BS_1,,0,max_snr,-1.1527708430019254,0.0,
37.0,ns_8,BS_1,,0,max_snr,-0.1127708430019331,0.0,
37.0,ns_9,BS_1,,0,max_snr,-0.1427708430019345,0.0,
37.0,se_0,BS_1,BS_1,1,max_snr,22.217229156998073,440.00000000000006,22.217229156998073
37.0,se_1,BS_1,,0,max_snr,21.697229156998077,0.0,
37.0,se_2,BS_1,BS_1,1,max_snr,22.02722915699807,440.00000000000006,22.02722915699807
37.0,se_3,BS_1,,0,max_snr,11.497229156998063,0.0,
37.0,se_4,BS_1,,0,max_snr,11.377229156998077,0.0,
37.0,se_5,BS_1,,0,max_snr,11.557229156998066,0.0,
37.0,se_6,BS_1,,0,max_snr,4.117229156998067,0.0,
37.0,se_7,BS_1,,0,max_snr,4.067229156998076,0.0,
37.0,se_8,BS_1,,0,max_snr,3.9872291569980858,0.0,
37.0,se_9,BS_1,,0,max_snr,3.1172291569980697,0.0,
37.0,sn_0,BS_1,,0,max_snr,20.687229156998068,0.0,
37.0,sn_1,BS_1,,0,max_snr,20.917229156998076,0.0,
37.0,sn_10,BS_1,,0,max_snr,21.32722915699807,0.0,
37.0,sn_11,BS_1,BS_1,1,max_snr,21.957229156998075,440.00000000000006,21.957229156998075
37.0,sn_12,BS_1,,0,max_snr,12.057229156998073,0.0,
37.0,sn_13,BS_1,,0,max_snr,11.967229156998068,0.0,
37.0,sn_14,BS_1,,0,max_snr,12.027229156998072,0.0,
37.0,sn_15,BS_1,,0,max_snr,12.117229156998071,0.0,
37.0,sn_16,BS_1,,0,max_snr,4.227229156998077,0.0,
37.0,sn_17,BS_1,,0,max_snr,4.197229156998076,0.0,
37.0,sn_18,BS_1,,0,max_snr,4.167229156998075,0.0,
37.0,sn_19,BS_1,,0,max_snr,4.107229156998072,0.0,
37.0,sn_2,BS_1,,0,max_snr,21.027229156998075,0.0,
37.0,sn_3,BS_1,,0,max_snr,20.597229156998083,0.0,
37.0,sn_4,BS_1,,0,max_snr,21.40722915699808,0.0,
37.0,sn_5,BS_1,BS_1,1,max_snr,21.94722915699807,440.00000000000006,21.94722915699807
37.0,sn_6,BS_1,BS_1,1,max_snr,22.08722915699807,440.00000000000006,22.08722915699807
37.0,sn_7,BS_1,,0,max_snr,21.687229156998065,0.0,
37.0,sn_8,BS_1,,0,max_snr,20.97722915699808,0.0,
37.0,sn_9,BS_1,,0,max_snr,21.077229156998065,0.0,
37.0,we_0,BS_1,,0,max_snr,20.97722915699808,0.0,
37.0,we_1,BS_1,,0,max_snr,20.90722915699808,0.0,
37.0,we_10,BS_1,,0,max_snr,21.64722915699808,0.0,
37.0,we_11,BS_1,,0,max_snr,20.79722915699807,0.0,
37.0,we_12,BS_1,,0,max_snr,3.1572291569980844,0.0,
37.0,we_13,BS_1,,0,max_snr,3.437229156998071,0.0,
37.0,we_14,BS_1,,0,max_snr,3.5072291569980676,0.0,
37.0,we_15,BS_1,,0,max_snr,3.4772291569980665,0.0,
37.0,we_16,BS_1,,0,max_snr,3.7672291569980834,0.0,
37.0,we_17,BS_1,,0,max_snr,3.757229156998071,0.0,
37.0,we_18,BS_1,,0,max_snr,3.737229156998083,0.0,
37.0,we_19,BS_1,,0,max_snr,3.6972291569980698,0.0,
37.0,we_2,BS_1,,0,max_snr,21.047229156998064,0.0,
37.0,we_3,BS_1,,0,max_snr,20.61722915699807,0.0,
37.0,we_4,BS_1,BS_1,1,max_snr,21.897229156998073,440.00000000000006,21.897229156998073
37.0,we_5,BS_1,,0,max_snr,21.577229156998072,0.0,
37.0,we_6,BS_1,,0,max_snr,21.847229156998083,0.0,
37.0,we_7,BS_1,BS_1,1,max_snr,21.91722915699807,440.00000000000006,21.91722915699807
37.0,we_8,BS_1,BS_1,1,max_snr,22.20722915699808,440.00000000000006,22.20722915699808
37.0,we_9,BS_1,,0,max_snr,20.917229156998076,0.0,
37.0,wn_0,BS_1,BS_1,1,max_snr,21.927229156998074,440.00000000000006,21.927229156998074
37.0,wn_1,BS_1,,0,max_snr,21.67722915699808,0.0,
37.0,wn_2,BS_1,BS_1,1,max_snr,22.137229156998075,440.00000000000006,22.137229156998075
37.0,wn_3,BS_1,,0,max_snr,11.367229156998082,0.0,
37.0,wn_4,BS_1,,0,max_snr,11.317229156998074,0.0,
37.0,wn_5,BS_1,,0,max_snr,11.477229156998074,0.0,
37.0,wn_6,BS_1,,0,max_snr,4.217229156998065,0.0,
37.0,wn_7,BS_1,,0,max_snr,4.177229156998069,0.0,
37.0,wn_8,BS_1,,0,max_snr,4.107229156998072,0.0,
37.0,wn_9,BS_1,,0,max_snr,3.207229156998074,0.0,
38.0,ew_0,BS_1,,0,max_snr,-1.6527708430019148,0.0,
38.0,ew_1,BS_1,,0,max_snr,-1.752770843001931,0.0,
38.0,ew_10,BS_1,,0,max_snr,-0.0627708430019256,0.0,
38.0,ew_11,BS_1,,0,max_snr,-0.082770843001932,0.0,
38.0,ew_12,BS_1,,0,max_snr,0.9772291569980665,0.0,
38.0,ew_13,BS_1,,0,max_snr,0.9472291569980652,0.0,
38.0,ew_14,BS_1,,0,max_snr,0.9372291569980707,0.0,
38.0,ew_15,BS_1,,0,max_snr,0.9372291569980707,0.0,
38.0,ew_16,BS_1,,0,max_snr,1.97722915699808,0.0,
38.0,ew_17,BS_1,,0,max_snr,1.97722915699808,0.0,
38.0,ew_18,BS_1,,0,max_snr,1.9972291569980691,0.0,
38.0,ew_19,BS_1,,0,max_snr,2.0372291569980825,0.0,
38.0,ew_2,BS_1,,0,max_snr,-1.842770843001916,0.0,
38.0,ew_3,BS_1,,0,max_snr,-1.9127708430019308,0.0,
38.0,ew_4,BS_1,,0,max_snr,-0.8327708430019254,0.0,
38.0,ew_5,BS_1,,0,max_snr,-0.9127708430019336,0.0,
38.0,ew_6,BS_1,,0,max_snr,-0.9827708430019126,0.0,
38.0,ew_7,BS_1,,0,max_snr,-1.032770843001939,0.0,
38.0,ew_8,BS_1,,0,max_snr,0.047229156998066,0.0,
38.0,ew_9,BS_1,,0,max_snr,-0.0127708430019176,0.0,
38.0,ns_0,BS_1,,0,max_snr,-2.1127708430019267,0.0,
38.0,ns_1,BS_1,,0,max_snr,-2.1927708430019353,0.0,
38.0,ns_10,BS_1,,0,max_snr,-0.4727708430019295,0.0,
38.0,ns_11,BS_1,,0,max_snr,-0.4827708430019241,0.0,
38.0,ns_12,BS_1,,0,max_snr,0.5472291569980743,0.0,
38.0,ns_13,BS_1,,0,max_snr,0.5372291569980788,0.0,
38.0,ns_14,BS_1,,0,max_snr,0.5372291569980788,0.0,
38.0,ns_15,BS_1,,0,max_snr,0.5572291569980679,0.0,
38.0,ns_16,BS_1,,0,max_snr,1.5572291569980643,0.0,
38.0,ns_17,BS_1,,0,max_snr,1.577229156998072,0.0,
38.0,ns_18,BS_1,,0,max_snr,1.6172291569980668,0.0,
38.0,ns_19,BS_1,,0,max_snr,1.6672291569980746,0.0,
38.0,ns_2,BS_1,,0,max_snr,-2.2627708430019142,0.0,
38.0,ns_3,BS_1,,0,max_snr,-2.322770843001917,0.0,
38.0,ns_4,BS_1,,0,max_snr,-1.282770843001924,0.0,
38.0,ns_5,BS_1,,0,max_snr,-1.3527708430019207,0.0,
38.0,ns_6,BS_1,,0,max_snr,-1.4027708430019292,0.0,
38.0,ns_7,BS_1,,0,max_snr,-1.4427708430019242,0.0,
38.0,ns_8,BS_1,,0,max_snr,-0.4027708430019142,0.0,
38.0,ns_9,BS_1,,0,max_snr,-0.4427708430019286,0.0,
38.0,se_0,BS_1,,0,max_snr,21.16722915699807,0.0,
38.0,se_1,BS_1,,0,max_snr,21.157229156998085,0.0,
38.0,se_2,BS_1,,0,max_snr,21.33722915699807,0.0,
38.0,se_3,BS_1,,0,max_snr,20.867229156998075,0.0,
38.0,se_4,BS_1,,0,max_snr,20.847229156998075,0.0,
38.0,se_5,BS_1,,0,max_snr,20.497229156998067,0.0,
38.0,se_6,BS_1,,0,max_snr,-5.832770843001925,0.0,
38.0,se_7,BS_1,,0,max_snr,-5.802770843001924,0.0,
38.0,se_8,BS_1,,0,max_snr,-5.752770843001934,0.0,
38.0,se_9,BS_1,,0,max_snr,3.3972291569980757,0.0,
38.0,sn_0,BS_1,,0,max_snr,20.66722915699807,0.0,
38.0,sn_1,BS_1,,0,max_snr,20.36722915699808,0.0,
38.0,sn_10,BS_1,BS_1,1,max_snr,21.96722915699807,440.00000000000006,21.96722915699807
38.0,sn_11,BS_1,BS_1,1,max_snr,21.767229156998084,440.00000000000006,21.767229156998084
38.0,sn_12,BS_1,BS_1,1,max_snr,21.80722915699807,440.00000000000006,21.80722915699807
38.0,sn_13,BS_1,,0,max_snr,20.647229156998073,0.0,
38.0,sn_14,BS_1,,0,max_snr,21.36722915699807,0.0,
38.0,sn_15,BS_1,BS_1,1,max_snr,22.097229156998075,440.00000000000006,22.097229156998075
38.0,sn_16,BS_1,,0,max_snr,-6.012770843001914,0.0,
38.0,sn_17,BS_1,,0,max_snr,-6.002770843001937,0.0,
38.0,sn_18,BS_1,,0,max_snr,-5.972770843001936,0.0,
38.0,sn_19,BS_1,,0,max_snr,-5.942770843001935,0.0,
38.0,sn_2,BS_1,,0,max_snr,20.487229156998083,0.0,
38.0,sn_3,BS_1,,0,max_snr,20.887229156998075,0.0,
38.0,sn_4,BS_1,BS_1,1,max_snr,21.577229156998072,440.00000000000006,21.577229156998072
38.0,sn_5,BS_1,,0,max_snr,21.14722915699808,0.0,
38.0,sn_6,BS_1,,0,max_snr,21.417229156998072,0.0,
38.0,sn_7,BS_1,,0,max_snr,21.43722915699807,0.0,
38.0,sn_8,BS_1,,0,max_snr,21.087229156998077,0.0,
38.0,sn_9,BS_1,,0,max_snr,21.237229156998083,0.0,
38.0,we_0,BS_1,,0,max_snr,20.55722915699807,0.0,
38.0,we_1,BS_1,,0,max_snr,20.93722915699807,0.0,
38.0,we_10,BS_1,,0,max_snr,21.30722915699807,0.0,
38.0,we_11,BS_1,,0,max_snr,21.19722915699807,0.0,
38.0,we_12,BS_1,,0,max_snr,12.057229156998073,0.0,
38.0,we_13,BS_1,,0,max_snr,11.557229156998066,0.0,
38.0,we_14,BS_1,,0,max_snr,11.427229156998084,0.0,
38.0,we_15,BS_1,,0,max_snr,11.43722915699806,0.0,
38.0,we_16,BS_1,,0,max_snr,4.067229156998076,0.0,
38.0,we_17,BS_1,,0,max_snr,4.067229156998076,0.0,
38.0,we_18,BS_1,,0,max_snr,4.057229156998064,0.0,
38.0,we_19,BS_1,,0,max_snr,4.027229156998064,0.0,
38.0,we_2,BS_1,,0,max_snr,20.927229156998077,0.0,
38.0,we_3,BS_1,,0,max_snr,20.387229156998075,0.0,
38.0,we_4,BS_1,BS_1,1,max_snr,21.637229156998075,440.00000000000006,21.637229156998075
38.0,we_5,BS_1,BS_1,1,max_snr,21.86722915699807,440.00000000000006,21.86722915699807
38.0,we_6,BS_1,,0,max_snr,21.297229156998068,0.0,
38.0,we_7,BS_1,BS_1,1,max_snr,21.687229156998065,440.00000000000006,21.687229156998065
38.0,we_8,BS_1,,0,max_snr,21.40722915699808,0.0,
38.0,we_9,BS_1,,0,max_snr,21.47722915699807,0.0,
38.0,wn_0,BS_1,,0,max_snr,21.087229156998077,0.0,
38.0,wn_1,BS_1,BS_1,1,max_snr,22.117229156998075,440.00000000000006,22.117229156998075
38.0,wn_2,BS_1,BS_1,1,max_snr,22.06722915699807,440.00000000000006,22.06722915699807
38.0,wn_3,BS_1,,0,max_snr,20.707229156998075,0.0,
38.0,wn_4,BS_1,,0,max_snr,20.707229156998075,0.0,
38.0,wn_5,BS_1,,0,max_snr,20.95722915699808,0.0,
38.0,wn_6,BS_1,,0,max_snr,-5.942770843001935,0.0,
38.0,wn_7,BS_1,,0,max_snr,-5.912770843001934,0.0,
38.0,wn_8,BS_1,,0,max_snr,-5.862770843001926,0.0,
38.0,wn_9,BS_1,,0,max_snr,3.497229156998073,0.0,
39.0,ew_0,BS_1,,0,max_snr,-1.892770843001924,0.0,
39.0,ew_1,BS_1,,0,max_snr,-2.002770843001934,0.0,
39.0,ew_10,BS_1,,0,max_snr,-0.3527708430019247,0.0,
39.0,ew_11,BS_1,,0,max_snr,-0.3927708430019387,0.0,
39.0,ew_12,BS_1,,0,max_snr,0.6772291569980731,0.0,
39.0,ew_13,BS_1,,0,max_snr,0.6372291569980773,0.0,
39.0,ew_14,BS_1,,0,max_snr,0.6172291569980703,0.0,
39.0,ew_15,BS_1,,0,max_snr,0.6072291569980763,0.0,
39.0,ew_16,BS_1,,0,max_snr,1.6572291569980802,0.0,
39.0,ew_17,BS_1,,0,max_snr,1.6472291569980688,0.0,
39.0,ew_18,BS_1,,0,max_snr,1.6572291569980802,0.0,
39.0,ew_19,BS_1,,0,max_snr,1.6872291569980635,0.0,
39.0,ew_2,BS_1,,0,max_snr,-2.092770843001919,0.0,
39.0,ew_3,BS_1,,0,max_snr,-2.172770843001928,0.0,
39.0,ew_4,BS_1,,0,max_snr,-1.0927708430019236,0.0,
39.0,ew_5,BS_1,,0,max_snr,-1.182770843001926,0.0,
39.0,ew_6,BS_1,,0,max_snr,-1.2627708430019178,0.0,
39.0,ew_7,BS_1,,0,max_snr,-1.3227708430019205,0.0,
39.0,ew_8,BS_1,,0,max_snr,-0.2327708430019205,0.0,
39.0,ew_9,BS_1,,0,max_snr,-0.3027708430019352,0.0,
39.0,ns_0,BS_1,,0,max_snr,-2.352770843001917,0.0,
39.0,ns_1,BS_1,,0,max_snr,-2.442770843001922,0.0,
39.0,ns_10,BS_1,,0,max_snr,-0.7727708430019237,0.0,
39.0,ns_11,BS_1,,0,max_snr,-0.7927708430019296,0.0,
39.0,ns_12,BS_1,,0,max_snr,0.2472291569980615,0.0,
39.0,ns_13,BS_1,,0,max_snr,0.2172291569980606,0.0,
39.0,ns_14,BS_1,,0,max_snr,0.2172291569980606,0.0,
39.0,ns_15,BS_1,,0,max_snr,0.2172291569980606,0.0,
39.0,ns_16,BS_1,,0,max_snr,1.2372291569980824,0.0,
39.0,ns_17,BS_1,,0,max_snr,1.2472291569980762,0.0,
39.0,ns_18,BS_1,,0,max_snr,1.267229156998084,0.0,
39.0,ns_19,BS_1,,0,max_snr,1.3072291569980783,0.0,
39.0,ns_2,BS_1,,0,max_snr,-2.522770843001931,0.0,
39.0,ns_3,BS_1,,0,max_snr,-2.5827708430019323,0.0,
39.0,ns_4,BS_1,,0,max_snr,-1.552770843001935,0.0,
39.0,ns_5,BS_1,,0,max_snr,-1.6227708430019132,0.0,
39.0,ns_6,BS_1,,0,max_snr,-1.6827708430019157,0.0,
39.0,ns_7,BS_1,,0,max_snr,-1.7227708430019302,0.0,
39.0,ns_8,BS_1,,0,max_snr,-0.6827708430019197,0.0,
39.0,ns_9,BS_1,,0,max_snr,-0.732770843001928,0.0,
39.0,se_0,BS_1,BS_1,1,max_snr,21.747229156998067,440.00000000000006,21.747229156998067
39.0,se_1,BS_1,,0,max_snr,21.47722915699807,0.0,
39.0,se_2,BS_1,BS_1,1,max_snr,21.61722915699808,440.00000000000006,21.61722915699808
39.0,se_3,BS_1,BS_1,1,max_snr,22.077229156998072,440.00000000000006,22.077229156998072
39.0,se_4,BS_1,,0,max_snr,21.30722915699807,0.0,
39.0,se_5,BS_1,BS_1,1,max_snr,21.65722915699808,440.00000000000006,21.65722915699808
39.0,se_6,BS_1,,0,max_snr,3.107229156998077,0.0,
39.0,se_7,BS_1,,0,max_snr,2.867229156998067,0.0,
39.0,se_8,BS_1,,0,max_snr,3.597229156998071,0.0,
39.0,se_9,BS_1,,0,max_snr,3.67722915699808,0.0,
39.0,sn_0,BS_1,,0,max_snr,20.79722915699807,0.0,
39.0,sn_1,BS_1,,0,max_snr,20.66722915699807,0.0,
39.0,sn_10,BS_1,BS_1,1,max_snr,21.80722915699807,440.00000000000006,21.80722915699807
39.0,sn_11,BS_1,,0,max_snr,21.32722915699807,0.0,
39.0,sn_12,BS_1,,0,max_snr,21.087229156998077,0.0,
39.0,sn_13,BS_1,,0,max_snr,20.877229156998077,0.0,
39.0,sn_14,BS_1,,0,max_snr,20.877229156998077,0.0,
39.0,sn_15,BS_1,,0,max_snr,21.277229156998068,0.0,
39.0,sn_16,BS_1,,0,max_snr,3.357229156998061,0.0,
39.0,sn_17,BS_1,,0,max_snr,3.3272291569980608,0.0,
39.0,sn_18,BS_1,,0,max_snr,3.0772291569980754,0.0,
39.0,sn_19,BS_1,,0,max_snr,2.7572291569980747,0.0,
39.0,sn_2,BS_1,,0,max_snr,20.687229156998068,0.0,
39.0,sn_3,BS_1,,0,max_snr,20.487229156998083,0.0,
39.0,sn_4,BS_1,,0,max_snr,20.857229156998073,0.0,
39.0,sn_5,BS_1,,0,max_snr,21.397229156998073,0.0,
39.0,sn_6,BS_1,,0,max_snr,20.827229156998072,0.0,
39.0,sn_7,BS_1,,0,max_snr,20.99722915699807,0.0,
39.0,sn_8,BS_1,BS_1,1,max_snr,21.937229156998068,440.00000000000006,21.937229156998068
39.0,sn_9,BS_1,BS_1,1,max_snr,21.667229156998076,440.00000000000006,21.667229156998076
39.0,we_0,BS_1,,0,max_snr,20.927229156998077,0.0,
39.0,we_1,BS_1,,0,max_snr,20.967229156998073,0.0,
39.0,we_10,BS_1,,0,max_snr,21.077229156998065,0.0,
39.0,we_11,BS_1,,0,max_snr,21.457229156998075,0.0,
39.0,we_12,BS_1,,0,max_snr,20.387229156998075,0.0,
39.0,we_13,BS_1,,0,max_snr,20.887229156998075,0.0,
39.0,we_14,BS_1,,0,max_snr,20.66722915699807,0.0,
39.0,we_15,BS_1,,0,max_snr,20.47722915699808,0.0,
39.0,we_16,BS_1,,0,max_snr,-5.802770843001924,0.0,
39.0,we_17,BS_1,,0,max_snr,-5.812770843001936,0.0,
39.0,we_18,BS_1,,0,max_snr,-5.812770843001936,0.0,
39.0,we_19,BS_1,,0,max_snr,-5.792770843001929,0.0,
39.0,we_2,BS_1,,0,max_snr,20.787229156998073,0.0,
39.0,we_3,BS_1,,0,max_snr,20.257229156998076,0.0,
39.0,we_4,BS_1,BS_1,1,max_snr,21.54722915699807,440.00000000000006,21.54722915699807
39.0,we_5,BS_1,,0,max_snr,21.447229156998073,0.0,
39.0,we_6,BS_1,,0,max_snr,21.33722915699807,0.0,
39.0,we_7,BS_1,,0,max_snr,21.54722915699807,0.0,
39.0,we_8,BS_1,,0,max_snr,21.157229156998085,0.0,
39.0,we_9,BS_1,,0,max_snr,21.517229156998077,0.0,
39.0,wn_0,BS_1,BS_1,1,max_snr,21.75722915699808,440.00000000000006,21.75722915699808
39.0,wn_1,BS_1,,0,max_snr,21.187229156998065,0.0,
39.0,wn_2,BS_1,,0,max_snr,21.287229156998073,0.0,
39.0,wn_3,BS_1,,0,max_snr,21.43722915699807,0.0,
39.0,wn_4,BS_1,BS_1,1,max_snr,22.137229156998075,440.00000000000006,22.137229156998075
39.0,wn_5,BS_1,,0,max_snr,21.43722915699807,0.0,
39.0,wn_6,BS_1,,0,max_snr,3.3672291569980746,0.0,
39.0,wn_7,BS_1,,0,max_snr,3.647229156998079,0.0,
39.0,wn_8,BS_1,,0,max_snr,3.9772291569980736,0.0,
39.0,wn_9,BS_1,,0,max_snr,3.777229156998078,0.0,
40.0,ew_0,BS_1,,0,max_snr,-2.132770843001934,0.0,
40.0,ew_1,BS_1,,0,max_snr,-2.242770843001925,0.0,
40.0,ew_10,BS_1,,0,max_snr,-0.642770843001924,0.0,
40.0,ew_11,BS_1,,0,max_snr,-0.6927708430019315,0.0,
40.0,ew_12,BS_1,,0,max_snr,0.3872291569980733,0.0,
40.0,ew_13,BS_1,,0,max_snr,0.3372291569980659,0.0,
40.0,ew_14,BS_1,,0,max_snr,0.3072291569980653,0.0,
40.0,ew_15,BS_1,,0,max_snr,0.2872291569980757,0.0,
40.0,ew_16,BS_1,,0,max_snr,1.3472291569980743,0.0,
40.0,ew_17,BS_1,,0,max_snr,1.3272291569980676,0.0,
40.0,ew_18,BS_1,,0,max_snr,1.3272291569980676,0.0,
40.0,ew_19,BS_1,,0,max_snr,1.3372291569980796,0.0,
40.0,ew_2,BS_1,,0,max_snr,-2.342770843001923,0.0,
40.0,ew_3,BS_1,,0,max_snr,-2.4327708430019266,0.0,
40.0,ew_4,BS_1,,0,max_snr,-1.3527708430019207,0.0,
40.0,ew_5,BS_1,,0,max_snr,-1.4427708430019242,0.0,
40.0,ew_6,BS_1,,0,max_snr,-1.5227708430019335,0.0,
40.0,ew_7,BS_1,,0,max_snr,-1.5927708430019123,0.0,
40.0,ew_8,BS_1,,0,max_snr,-0.5127708430019247,0.0,
40.0,ew_9,BS_1,,0,max_snr,-0.5827708430019218,0.0,
40.0,ns_0,BS_1,,0,max_snr,-2.5927708430019267,0.0,
40.0,ns_1,BS_1,,0,max_snr,-2.68277084300193,0.0,
40.0,ns_10,BS_1,,0,max_snr,-1.0627708430019394,0.0,
40.0,ns_11,BS_1,,0,max_snr,-1.0927708430019236,0.0,
40.0,ns_12,BS_1,,0,max_snr,-0.0527708430019315,0.0,
40.0,ns_13,BS_1,,0,max_snr,-0.082770843001932,0.0,
40.0,ns_14,BS_1,,0,max_snr,-0.1027708430019215,0.0,
40.0,ns_15,BS_1,,0,max_snr,-0.1027708430019215,0.0,
40.0,ns_16,BS_1,,0,max_snr,0.9172291569980638,0.0,
40.0,ns_17,BS_1,,0,max_snr,0.9172291569980638,0.0,
40.0,ns_18,BS_1,,0,max_snr,0.9372291569980707,0.0,
40.0,ns_19,BS_1,,0,max_snr,0.9672291569980715,0.0,
40.0,ns_2,BS_1,,0,max_snr,-2.7727708430019335,0.0,
40.0,ns_3,BS_1,,0,max_snr,-2.8427708430019134,0.0,
40.0,ns_4,BS_1,,0,max_snr,-1.8027708430019207,0.0,
40.0,ns_5,BS_1,,0,max_snr,-1.8827708430019288,0.0,
40.0,ns_6,BS_1,,0,max_snr,-1.9527708430019264,0.0,
40.0,ns_7,BS_1,,0,max_snr,-2.002770843001934,0.0,
40.0,ns_8,BS_1,,0,max_snr,-0.9627708430019242,0.0,
40.0,ns_9,BS_1,,0,max_snr,-1.0227708430019258,0.0,
40.0,se_0,BS_1,,0,max_snr,21.827229156998065,0.0,
40.0,se_1,BS_1,,0,max_snr,21.127229156998084,0.0,
40.0,se_2,BS_1,,0,max_snr,21.64722915699808,0.0,
40.0,se_3,BS_1,,0,max_snr,21.47722915699807,0.0,
40.0,se_4,BS_1,,0,max_snr,20.807229156998073,0.0,
40.0,se_5,BS_1,,0,max_snr,21.027229156998075,0.0,
40.0,se_6,BS_1,,0,max_snr,11.81722915699808,0.0,
40.0,se_7,BS_1,,0,max_snr,11.78722915699808,0.0,
40.0,se_8,BS_1,,0,max_snr,2.6172291569980803,0.0,
40.0,se_9,BS_1,,0,max_snr,3.9572291569980846,0.0,
40.0,sn_0,BS_1,,0,max_snr,20.277229156998075,0.0,
40.0,sn_1,BS_1,,0,max_snr,20.487229156998083,0.0,
40.0,sn_10,BS_1,,0,max_snr,21.687229156998065,0.0,
40.0,sn_11,BS_1,,0,max_snr,21.59722915699808,0.0,
40.0,sn_12,BS_1,BS_1,1,max_snr,22.24722915699807,440.00000000000006,22.24722915699807
40.0,sn_13,BS_1,BS_1,1,max_snr,22.137229156998075,440.00000000000006,22.137229156998075
40.0,sn_14,BS_1,,0,max_snr,20.97722915699808,0.0,
40.0,sn_15,BS_1,BS_1,1,max_snr,22.017229156998077,440.00000000000006,22.017229156998077
40.0,sn_16,BS_1,,0,max_snr,11.717229156998064,0.0,
40.0,sn_17,BS_1,,0,max_snr,11.827229156998074,0.0,
40.0,sn_18,BS_1,,0,max_snr,11.717229156998064,0.0,
40.0,sn_19,BS_1,,0,max_snr,11.377229156998077,0.0,
40.0,sn_2,BS_1,,0,max_snr,20.437229156998065,0.0,
40.0,sn_4,BS_1,,0,max_snr,21.097229156998083,0.0,
40.0,sn_5,BS_1,,0,max_snr,21.087229156998077,0.0,
40.0,sn_6,BS_1,,0,max_snr,20.637229156998067,0.0,
40.0,sn_7,BS_1,,0,max_snr,21.06722915699808,0.0,
40.0,sn_8,BS_1,,0,max_snr,21.397229156998073,0.0,
40.0,sn_9,BS_1,BS_1,1,max_snr,22.007229156998072,440.00000000000006,22.007229156998072
40.0,we_0,BS_1,,0,max_snr,20.83722915699807,0.0,
40.0,we_1,BS_1,,0,max_snr,20.627229156998084,0.0,
40.0,we_10,BS_1,BS_1,1,max_snr,22.057229156998073,440.00000000000006,22.057229156998073
40.0,we_11,BS_1,,0,max_snr,21.86722915699807,0.0,
40.0,we_12,BS_1,,0,max_snr,21.72722915699808,0.0,
40.0,we_13,BS_1,BS_1,1,max_snr,22.06722915699807,440.00000000000006,22.06722915699807
40.0,we_14,BS_1,BS_1,1,max_snr,21.96722915699807,440.00000000000006,21.96722915699807
40.0,we_15,BS_1,,0,max_snr,21.267229156998084,0.0,
40.0,we_16,BS_1,,0,max_snr,2.557229156998079,0.0,
40.0,we_17,BS_1,,0,max_snr,2.7172291569980613,0.0,
40.0,we_18,BS_1,,0,max_snr,2.827229156998071,0.0,
40.0,we_19,BS_1,,0,max_snr,2.7172291569980613,0.0,
40.0,we_2,BS_1,,0,max_snr,20.517229156998084,0.0,
40.0,we_3,BS_1,,0,max_snr,20.547229156998064,0.0,
40.0,we_4,BS_1,,0,max_snr,21.417229156998072,0.0,
40.0,we_5,BS_1,,0,max_snr,20.657229156998085,0.0,
40.0,we_6,BS_1,,0,max_snr,21.187229156998065,0.0,
40.0,we_7,BS_1,,0,max_snr,20.81722915699807,0.0,
40.0,we_8,BS_1,,0,max_snr,21.377229156998077,0.0,
40.0,we_9,BS_1,,0,max_snr,21.737229156998083,0.0,
40.0,wn_0,BS_1,,0,max_snr,21.517229156998077,0.0,
40.0,wn_1,BS_1,,0,max_snr,21.59722915699808,0.0,
40.0,wn_2,BS_1,BS_1,1,max_snr,21.97722915699807,440.00000000000006,21.97722915699807
40.0,wn_3,BS_1,,0,max_snr,21.417229156998072,0.0,
40.0,wn_4,BS_1,BS_1,1,max_snr,22.08722915699807,440.00000000000006,22.08722915699807
40.0,wn_5,BS_1,BS_1,1,max_snr,21.987229156998076,440.00000000000006,21.987229156998076
40.0,wn_6,BS_1,,0,max_snr,11.717229156998064,0.0,
40.0,wn_7,BS_1,,0,max_snr,11.497229156998063,0.0,
40.0,wn_8,BS_1,,0,max_snr,11.65722915699808,0.0,
40.0,wn_9,BS_1,,0,max_snr,4.057229156998064,0.0,
41.0,ew_0,BS_1,,0,max_snr,-2.36277084300193,0.0,
41.0,ew_1,BS_1,,0,max_snr,-2.4827708430019166,0.0,
41.0,ew_10,BS_1,,0,max_snr,-0.9227708430019288,0.0,
41.0,ew_11,BS_1,,0,max_snr,-0.9827708430019126,0.0,
41.0,ew_12,BS_1,,0,max_snr,0.0972291569980747,0.0,
41.0,ew_13,BS_1,,0,max_snr,0.047229156998066,0.0,
41.0,ew_14,BS_1,,0,max_snr,-0.0027708430019235,0.0,
41.0,ew_15,BS_1,,0,max_snr,-0.0227708430019303,0.0,
41.0,ew_16,BS_1,,0,max_snr,1.0372291569980678,0.0,
41.0,ew_17,BS_1,,0,max_snr,1.0172291569980791,0.0,
41.0,ew_18,BS_1,,0,max_snr,0.9972291569980728,0.0,
41.0,ew_19,BS_1,,0,max_snr,1.0072291569980671,0.0,
41.0,ew_2,BS_1,,0,max_snr,-2.5827708430019323,0.0,
41.0,ew_3,BS_1,,0,max_snr,-2.6727708430019357,0.0,
41.0,ew_4,BS_1,,0,max_snr,-1.602770843001924,0.0,
41.0,ew_5,BS_1,,0,max_snr,-1.70277084300194,0.0,
41.0,ew_6,BS_1,,0,max_snr,-1.7927708430019265,0.0,
41.0,ew_7,BS_1,,0,max_snr,-1.8627708430019223,0.0,
41.0,ew_8,BS_1,,0,max_snr,-0.7827708430019352,0.0,
41.0,ew_9,BS_1,,0,max_snr,-0.8627708430019265,0.0,
41.0,ns_0,BS_1,,0,max_snr,-2.822770843001923,0.0,
41.0,ns_1,BS_1,,0,max_snr,-2.922770843001939,0.0,
41.0,ns_10,BS_1,,0,max_snr,-1.3427708430019267,0.0,
41.0,ns_11,BS_1,,0,max_snr,-1.3827708430019223,0.0,
41.0,ns_12,BS_1,,0,max_snr,-0.342770843001913,0.0,
41.0,ns_13,BS_1,,0,max_snr,-0.382770843001926,0.0,
41.0,ns_14,BS_1,,0,max_snr,-0.412770843001927,0.0,
41.0,ns_15,BS_1,,0,max_snr,-0.4227708430019394,0.0,
41.0,ns_16,BS_1,,0,max_snr,0.6072291569980763,0.0,
41.0,ns_17,BS_1,,0,max_snr,0.5972291569980812,0.0,
41.0,ns_18,BS_1,,0,max_snr,0.5972291569980812,0.0,
41.0,ns_19,BS_1,,0,max_snr,0.6172291569980703,0.0,
41.0,ns_4,BS_1,,0,max_snr,-2.062770843001936,0.0,
41.0,ns_5,BS_1,,0,max_snr,-2.142770843001927,0.0,
41.0,ns_6,BS_1,,0,max_snr,-2.212770843001925,0.0,
41.0,ns_7,BS_1,,0,max_snr,-2.272770843001926,0.0,
41.0,ns_8,BS_1,,0,max_snr,-1.232770843001917,0.0,
41.0,ns_9,BS_1,,0,max_snr,-1.2927708430019194,0.0,
41.0,se_0,BS_1,BS_1,1,max_snr,21.737229156998083,440.00000000000006,21.737229156998083
41.0,se_1,BS_1,BS_1,1,max_snr,21.737229156998083,440.00000000000006,21.737229156998083
41.0,se_2,BS_1,,0,max_snr,21.49722915699807,0.0,
41.0,se_3,BS_1,,0,max_snr,21.137229156998067,0.0,
41.0,se_4,BS_1,,0,max_snr,21.06722915699808,0.0,
41.0,se_5,BS_1,BS_1,1,max_snr,21.607229156998073,440.00000000000006,21.607229156998073
41.0,se_6,BS_1,,0,max_snr,20.767229156998077,0.0,
41.0,se_7,BS_1,,0,max_snr,20.917229156998076,0.0,
41.0,se_8,BS_1,,0,max_snr,12.227229156998067,0.0,
41.0,se_9,BS_1,,0,max_snr,4.217229156998065,0.0,
41.0,sn_10,BS_1,,0,max_snr,21.137229156998067,0.0,
41.0,sn_11,BS_1,,0,max_snr,21.33722915699807,0.0,
41.0,sn_12,BS_1,,0,max_snr,21.557229156998076,0.0,
41.0,sn_13,BS_1,,0,max_snr,21.127229156998084,0.0,
41.0,sn_14,BS_1,,0,max_snr,21.38722915699807,0.0,
41.0,sn_15,BS_1,,0,max_snr,21.47722915699807,0.0,
41.0,sn_16,BS_1,,0,max_snr,20.647229156998073,0.0,
41.0,sn_17,BS_1,,0,max_snr,20.917229156998076,0.0,
41.0,sn_18,BS_1,,0,max_snr,20.93722915699807,0.0,
41.0,sn_19,BS_1,,0,max_snr,20.72722915699807,0.0,
41.0,sn_4,BS_1,,0,max_snr,20.81722915699807,0.0,
41.0,sn_5,BS_1,,0,max_snr,21.03722915699808,0.0,
41.0,sn_6,BS_1,,0,max_snr,20.757229156998072,0.0,
41.0,sn_7,BS_1,,0,max_snr,20.29722915699807,0.0,
41.0,sn_8,BS_1,,0,max_snr,21.30722915699807,0.0,
41.0,sn_9,BS_1,,0,max_snr,21.36722915699807,0.0,
41.0,we_0,BS_1,,0,max_snr,20.29722915699807,0.0,
41.0,we_1,BS_1,,0,max_snr,19.83722915699807,0.0,
41.0,we_10,BS_1,BS_1,1,max_snr,21.897229156998073,440.00000000000006,21.897229156998073
41.0,we_11,BS_1,BS_1,1,max_snr,21.767229156998084,440.00000000000006,21.767229156998084
41.0,we_12,BS_1,,0,max_snr,21.03722915699808,0.0,
41.0,we_13,BS_1,,0,max_snr,21.347229156998075,0.0,
41.0,we_14,BS_1,,0,max_snr,21.54722915699807,0.0,
41.0,we_15,BS_1,,0,max_snr,21.427229156998074,0.0,
41.0,we_16,BS_1,,0,max_snr,12.10722915699806,0.0,
41.0,we_17,BS_1,,0,max_snr,12.277229156998075,0.0,
41.0,we_18,BS_1,,0,max_snr,12.127229156998087,0.0,
41.0,we_19,BS_1,,0,max_snr,12.127229156998087,0.0,
41.0,we_2,BS_1,,0,max_snr,19.95722915699808,0.0,
41.0,we_3,BS_1,,0,max_snr,19.997229156998067,0.0,
41.0,we_4,BS_1,,0,max_snr,20.93722915699807,0.0,
41.0,we_5,BS_1,,0,max_snr,21.057229156998076,0.0,
41.0,we_6,BS_1,,0,max_snr,20.45722915699808,0.0,
41.0,we_7,BS_1,,0,max_snr,21.047229156998064,0.0,
41.0,we_8,BS_1,,0,max_snr,21.35722915699807,0.0,
41.0,we_9,BS_1,BS_1,1,max_snr,21.86722915699807,440.00000000000006,21.86722915699807
41.0,wn_0,BS_1,BS_1,1,max_snr,21.897229156998073,440.00000000000006,21.897229156998073
41.0,wn_1,BS_1,BS_1,1,max_snr,21.667229156998076,440.00000000000006,21.667229156998076
41.0,wn_2,BS_1,,0,max_snr,21.157229156998085,0.0,
41.0,wn_3,BS_1,BS_1,1,max_snr,22.36722915699808,440.00000000000006,22.36722915699808
41.0,wn_4,BS_1,BS_1,1,max_snr,22.307229156998076,440.00000000000006,22.307229156998076
41.0,wn_5,BS_1,,0,max_snr,21.487229156998076,0.0,
41.0,wn_6,BS_1,,0,max_snr,20.887229156998075,0.0,
41.0,wn_7,BS_1,,0,max_snr,20.877229156998077,0.0,
41.0,wn_8,BS_1,,0,max_snr,20.517229156998084,0.0,
41.0,wn_9,BS_1,,0,max_snr,-5.812770843001936,0.0,
42.0,ew_0,BS_1,,0,max_snr,-2.5927708430019267,0.0,
42.0,ew_1,BS_1,,0,max_snr,-2.712770843001931,0.0,
42.0,ew_10,BS_1,,0,max_snr,-1.2027708430019337,0.0,
42.0,ew_11,BS_1,,0,max_snr,-1.2627708430019178,0.0,
42.0,ew_12,BS_1,,0,max_snr,-0.18277084300193,0.0,
42.0,ew_13,BS_1,,0,max_snr,-0.2427708430019325,0.0,
42.0,ew_14,BS_1,,0,max_snr,-0.2927708430019222,0.0,
42.0,ew_15,BS_1,,0,max_snr,-0.3327708430019359,0.0,
42.0,ew_16,BS_1,,0,max_snr,0.7372291569980755,0.0,
42.0,ew_17,BS_1,,0,max_snr,0.7072291569980736,0.0,
42.0,ew_18,BS_1,,0,max_snr,0.6772291569980731,0.0,
42.0,ew_19,BS_1,,0,max_snr,0.6772291569980731,0.0,
42.0,ew_2,BS_1,,0,max_snr,-2.822770843001923,0.0,
42.0,ew_4,BS_1,,0,max_snr,-1.842770843001916,0.0,
42.0,ew_5,BS_1,,0,max_snr,-1.9527708430019264,0.0,
42.0,ew_6,BS_1,,0,max_snr,-2.0427708430019296,0.0,
42.0,ew_7,BS_1,,0,max_snr,-2.1227708430019203,0.0,
42.0,ew_8,BS_1,,0,max_snr,-1.0427708430019154,0.0,
42.0,ew_9,BS_1,,0,max_snr,-1.1327708430019192,0.0,
42.0,ns_10,BS_1,,0,max_snr,-1.6227708430019132,0.0,
42.0,ns_11,BS_1,,0,max_snr,-1.6727708430019388,0.0,
42.0,ns_12,BS_1,,0,max_snr,-0.6327708430019292,0.0,
42.0,ns_13,BS_1,,0,max_snr,-0.6727708430019254,0.0,
42.0,ns_14,BS_1,,0,max_snr,-0.7127708430019206,0.0,
42.0,ns_15,BS_1,,0,max_snr,-0.732770843001928,0.0,
42.0,ns_16,BS_1,,0,max_snr,0.3072291569980653,0.0,
42.0,ns_17,BS_1,,0,max_snr,0.2872291569980757,0.0,
42.0,ns_18,BS_1,,0,max_snr,0.2772291569980631,0.0,
42.0,ns_19,BS_1,,0,max_snr,0.2872291569980757,0.0,
42.0,ns_4,BS_1,,0,max_snr,-2.3027708430019276,0.0,
42.0,ns_5,BS_1,,0,max_snr,-2.392770843001931,0.0,
42.0,ns_6,BS_1,,0,max_snr,-2.472770843001922,0.0,
42.0,ns_7,BS_1,,0,max_snr,-2.5327708430019245,0.0,
42.0,ns_8,BS_1,,0,max_snr,-1.5027708430019269,0.0,
42.0,ns_9,BS_1,,0,max_snr,-1.572770843001924,0.0,
42.0,se_0,BS_1,,0,max_snr,21.487229156998076,0.0,
42.0,se_1,BS_1,,0,max_snr,21.687229156998065,0.0,
42.0,se_2,BS_1,,0,max_snr,21.127229156998084,0.0,
42.0,se_3,BS_1,BS_1,1,max_snr,21.847229156998083,440.00000000000006,21.847229156998083
42.0,se_4,BS_1,,0,max_snr,21.517229156998077,0.0,
42.0,se_5,BS_1,,0,max_snr,21.217229156998066,0.0,
42.0,se_6,BS_1,,0,max_snr,20.497229156998067,0.0,
42.0,se_7,BS_1,,0,max_snr,20.517229156998084,0.0,
42.0,se_8,BS_1,,0,max_snr,20.267229156998077,0.0,
42.0,se_9,BS_1,,0,max_snr,-5.922770843001929,0.0,
42.0,sn_10,BS_1,,0,max_snr,21.377229156998077,0.0,
42.0,sn_11,BS_1,,0,max_snr,20.897229156998076,0.0,
42.0,sn_12,BS_1,BS_1,1,max_snr,22.31722915699808,440.00000000000006,22.31722915699808
42.0,sn_13,BS_1,,0,max_snr,21.557229156998076,0.0,
42.0,sn_14,BS_1,BS_1,1,max_snr,22.04722915699807,440.00000000000006,22.04722915699807
42.0,sn_15,BS_1,,0,max_snr,21.36722915699807,0.0,
42.0,sn_16,BS_1,,0,max_snr,21.237229156998083,0.0,
42.0,sn_17,BS_1,,0,max_snr,21.287229156998073,0.0,
42.0,sn_18,BS_1,BS_1,1,max_snr,21.927229156998074,440.00000000000006,21.927229156998074
42.0,sn_19,BS_1,BS_1,1,max_snr,21.86722915699807,440.00000000000006,21.86722915699807
42.0,sn_4,BS_1,,0,max_snr,20.327229156998072,0.0,
42.0,sn_5,BS_1,,0,max_snr,20.217229156998073,0.0,
42.0,sn_6,BS_1,,0,max_snr,20.047229156998068,0.0,
42.0,sn_7,BS_1,,0,max_snr,20.31722915699808,0.0,
42.0,sn_8,BS_1,,0,max_snr,21.107229156998063,0.0,
42.0,sn_9,BS_1,,0,max_snr,21.01722915699808,0.0,
42.0,we_0,BS_1,,0,max_snr,19.83722915699807,0.0,
42.0,we_1,BS_1,,0,max_snr,20.327229156998072,0.0,
42.0,we_10,BS_1,,0,max_snr,21.527229156998075,0.0,
42.0,we_11,BS_1,,0,max_snr,21.70722915699808,0.0,
42.0,we_12,BS_1,,0,max_snr,21.65722915699808,0.0,
42.0,we_13,BS_1,,0,max_snr,21.237229156998083,0.0,
42.0,we_14,BS_1,BS_1,1,max_snr,21.847229156998083,440.00000000000006,21.847229156998083
42.0,we_15,BS_1,BS_1,1,max_snr,22.117229156998075,440.00000000000006,22.117229156998075
42.0,we_16,BS_1,,0,max_snr,20.467229156998066,0.0,
42.0,we_17,BS_1,,0,max_snr,20.197229156998073,0.0,
42.0,we_18,BS_1,,0,max_snr,20.577229156998065,0.0,
42.0,we_19,BS_1,,0,max_snr,20.737229156998076,0.0,
42.0,we_4,BS_1,,0,max_snr,20.847229156998075,0.0,
42.0,we_5,BS_1,,0,max_snr,20.467229156998066,0.0,
42.0,we_6,BS_1,,0,max_snr,20.287229156998077,0.0,
42.0,we_7,BS_1,,0,max_snr,20.71722915699807,0.0,
42.0,we_8,BS_1,,0,max_snr,21.65722915699808,0.0,
42.0,we_9,BS_1,,0,max_snr,20.93722915699807,0.0,
42.0,wn_0,BS_1,,0,max_snr,21.16722915699807,0.0,
42.0,wn_1,BS_1,,0,max_snr,21.47722915699807,0.0,
42.0,wn_2,BS_1,BS_1,1,max_snr,21.97722915699807,440.00000000000006,21.97722915699807
42.0,wn_3,BS_1,,0,max_snr,21.517229156998077,0.0,
42.0,wn_4,BS_1,,0,max_snr,21.797229156998064,0.0,
42.0,wn_5,BS_1,,0,max_snr,21.64722915699808,0.0,
42.0,wn_6,BS_1,BS_1,1,max_snr,22.42722915699808,440.00000000000006,22.42722915699808
42.0,wn_7,BS_1,BS_1,1,max_snr,22.08722915699807,440.00000000000006,22.08722915699807
42.0,wn_8,BS_1,,0,max_snr,21.64722915699808,0.0,
42.0,wn_9,BS_1,,0,max_snr,-6.022770843001926,0.0,
43.0,ew_0,BS_1,,0,max_snr,-2.812770843001929,0.0,
43.0,ew_10,BS_1,,0,max_snr,-1.472770843001926,0.0,
43.0,ew_11,BS_1,,0,max_snr,-1.542770843001922,0.0,
43.0,ew_12,BS_1,,0,max_snr,-0.4527708430019402,0.0,
43.0,ew_13,BS_1,,0,max_snr,-0.532770843001932,0.0,
43.0,ew_14,BS_1,,0,max_snr,-0.5827708430019218,0.0,
43.0,ew_15,BS_1,,0,max_snr,-0.6327708430019292,0.0,
43.0,ew_16,BS_1,,0,max_snr,0.4472291569980757,0.0,
43.0,ew_17,BS_1,,0,max_snr,0.3972291569980676,0.0,
43.0,ew_18,BS_1,,0,max_snr,0.3672291569980674,0.0,
43.0,ew_19,BS_1,,0,max_snr,0.3572291569980722,0.0,
43.0,ew_4,BS_1,,0,max_snr,-2.082770843001925,0.0,
43.0,ew_5,BS_1,,0,max_snr,-2.1927708430019353,0.0,
43.0,ew_6,BS_1,,0,max_snr,-2.292770843001915,0.0,
43.0,ew_7,BS_1,,0,max_snr,-2.382770843001919,0.0,
43.0,ew_8,BS_1,,0,max_snr,-1.3027708430019307,0.0,
43.0,ew_9,BS_1,,0,max_snr,-1.3927708430019343,0.0,
43.0,ns_10,BS_1,,0,max_snr,-1.892770843001924,0.0,
43.0,ns_11,BS_1,,0,max_snr,-1.942770843001932,0.0,
43.0,ns_12,BS_1,,0,max_snr,-0.9127708430019336,0.0,
43.0,ns_13,BS_1,,0,max_snr,-0.9627708430019242,0.0,
43.0,ns_14,BS_1,,0,max_snr,-1.0027708430019375,0.0,
43.0,ns_15,BS_1,,0,max_snr,-1.032770843001939,0.0,
43.0,ns_16,BS_1,,0,max_snr,0.0072291569980702,0.0,
43.0,ns_17,BS_1,,0,max_snr,-0.0227708430019303,0.0,
43.0,ns_18,BS_1,,0,max_snr,-0.0427708430019193,0.0,
43.0,ns_19,BS_1,,0,max_snr,-0.0427708430019193,0.0,
43.0,ns_4,BS_1,,0,max_snr,-2.5427708430019185,0.0,
43.0,ns_5,BS_1,,0,max_snr,-2.642770843001934,0.0,
43.0,ns_6,BS_1,,0,max_snr,-2.7227708430019257,0.0,
43.0,ns_7,BS_1,,0,max_snr,-2.792770843001922,0.0,
43.0,ns_8,BS_1,,0,max_snr,-1.752770843001931,0.0,
43.0,ns_9,BS_1,,0,max_snr,-1.8327708430019212,0.0,
43.0,se_0,BS_1,,0,max_snr,21.49722915699807,0.0,
43.0,se_1,BS_1,,0,max_snr,21.17722915699808,0.0,
43.0,se_2,BS_1,,0,max_snr,20.737229156998076,0.0,
43.0,se_3,BS_1,BS_1,1,max_snr,22.037229156998073,440.00000000000006,22.037229156998073
43.0,se_4,BS_1,BS_1,1,max_snr,21.99722915699807,440.00000000000006,21.99722915699807
43.0,se_5,BS_1,,0,max_snr,21.83722915699807,0.0,
43.0,se_6,BS_1,,0,max_snr,20.637229156998067,0.0,
43.0,se_7,BS_1,,0,max_snr,21.507229156998076,0.0,
43.0,se_8,BS_1,,0,max_snr,21.767229156998084,0.0,
43.0,se_9,BS_1,,0,max_snr,3.647229156998079,0.0,
43.0,sn_10,BS_1,,0,max_snr,21.22722915699807,0.0,
43.0,sn_11,BS_1,,0,max_snr,20.61722915699807,0.0,
43.0,sn_12,BS_1,,0,max_snr,21.36722915699807,0.0,
43.0,sn_13,BS_1,,0,max_snr,21.417229156998072,0.0,
43.0,sn_14,BS_1,BS_1,1,max_snr,22.017229156998077,440.00000000000006,22.017229156998077
43.0,sn_15,BS_1,,0,max_snr,21.767229156998084,0.0,
43.0,sn_16,BS_1,,0,max_snr,21.247229156998067,0.0,
43.0,sn_17,BS_1,,0,max_snr,21.62722915699808,0.0,
43.0,sn_18,BS_1,BS_1,1,max_snr,21.897229156998073,440.00000000000006,21.897229156998073
43.0,sn_19,BS_1,BS_1,1,max_snr,22.017229156998077,440.00000000000006,22.017229156998077
43.0,sn_4,BS_1,,0,max_snr,20.437229156998065,0.0,
43.0,sn_5,BS_1,,0,max_snr,20.007229156998072,0.0,
43.0,sn_6,BS_1,,0,max_snr,19.857229156998063,0.0,
43.0,sn_8,BS_1,,0,max_snr,21.187229156998065,0.0,
43.0,sn_9,BS_1,,0,max_snr,20.687229156998068,0.0,
43.0,we_10,BS_1,,0,max_snr,20.757229156998072,0.0,
43.0,we_11,BS_1,,0,max_snr,21.22722915699807,0.0,
43.0,we_12,BS_1,,0,max_snr,20.93722915699807,0.0,
43.0,we_13,BS_1,,0,max_snr,21.217229156998066,0.0,
43.0,we_14,BS_1,,0,max_snr,21.81722915699808,0.0,
43.0,we_15,BS_1,,0,max_snr,21.577229156998072,0.0,
43.0,we_16,BS_1,,0,max_snr,21.247229156998067,0.0,
43.0,we_17,BS_1,,0,max_snr,21.83722915699807,0.0,
43.0,we_18,BS_1,BS_1,1,max_snr,22.20722915699808,440.00000000000006,22.20722915699808
43.0,we_19,BS_1,BS_1,1,max_snr,22.097229156998075,440.00000000000006,22.097229156998075
43.0,we_4,BS_1,,0,max_snr,20.42722915699808,0.0,
43.0,we_5,BS_1,,0,max_snr,20.417229156998076,0.0,
43.0,we_6,BS_1,,0,max_snr,20.277229156998075,0.0,
43.0,we_7,BS_1,,0,max_snr,19.987229156998083,0.0,
43.0,we_8,BS_1,,0,max_snr,21.36722915699807,0.0,
43.0,we_9,BS_1,,0,max_snr,20.98722915699808,0.0,
43.0,wn_0,BS_1,,0,max_snr,20.857229156998073,0.0,
43.0,wn_1,BS_1,,0,max_snr,21.217229156998066,0.0,
43.0,wn_2,BS_1,,0,max_snr,21.35722915699807,0.0,
43.0,wn_3,BS_1,,0,max_snr,21.377229156998077,0.0,
43.0,wn_4,BS_1,,0,max_snr,21.33722915699807,0.0,
43.0,wn_5,BS_1,BS_1,1,max_snr,22.08722915699807,440.00000000000006,22.08722915699807
43.0,wn_6,BS_1,BS_1,1,max_snr,22.057229156998073,440.00000000000006,22.057229156998073
43.0,wn_7,BS_1,,0,max_snr,21.697229156998077,0.0,
43.0,wn_8,BS_1,BS_1,1,max_snr,22.307229156998076,440.00000000000006,22.307229156998076
43.0,wn_9,BS_1,,0,max_snr,2.907229156998081,0.0,
44.0,ew_10,BS_1,,0,max_snr,-1.732770843001924,0.0,
44.0,ew_11,BS_1,,0,max_snr,-1.812770843001933,0.0,
44.0,ew_12,BS_1,,0,max_snr,-0.7227708430019335,0.0,
44.0,ew_13,BS_1,,0,max_snr,-0.802770843001924,0.0,
44.0,ew_14,BS_1,,0,max_snr,-0.8727708430019203,0.0,
44.0,ew_15,BS_1,,0,max_snr,-0.9227708430019288,0.0,
44.0,ew_16,BS_1,,0,max_snr,0.1572291569980763,0.0,
44.0,ew_17,BS_1,,0,max_snr,0.0972291569980747,0.0,
44.0,ew_18,BS_1,,0,max_snr,0.057229156998079,0.0,
44.0,ew_19,BS_1,,0,max_snr,0.0372291569980722,0.0,
44.0,ew_4,BS_1,,0,max_snr,-2.3127708430019394,0.0,
44.0,ew_5,BS_1,,0,max_snr,-2.4327708430019266,0.0,
44.0,ew_6,BS_1,,0,max_snr,-2.5327708430019245,0.0,
44.0,ew_7,BS_1,,0,max_snr,-2.6327708430019223,0.0,
44.0,ew_8,BS_1,,0,max_snr,-1.552770843001935,0.0,
44.0,ew_9,BS_1,,0,max_snr,-1.6527708430019148,0.0,
44.0,ns_10,BS_1,,0,max_snr,-2.162770843001935,0.0,
44.0,ns_11,BS_1,,0,max_snr,-2.222770843001936,0.0,
44.0,ns_12,BS_1,,0,max_snr,-1.182770843001926,0.0,
44.0,ns_13,BS_1,,0,max_snr,-1.2427708430019282,0.0,
44.0,ns_14,BS_1,,0,max_snr,-1.2927708430019194,0.0,
44.0,ns_15,BS_1,,0,max_snr,-1.3227708430019205,0.0,
44.0,ns_16,BS_1,,0,max_snr,-0.2827708430019283,0.0,
44.0,ns_17,BS_1,,0,max_snr,-0.3227708430019239,0.0,
44.0,ns_18,BS_1,,0,max_snr,-0.3527708430019247,0.0,
44.0,ns_19,BS_1,,0,max_snr,-0.3527708430019247,0.0,
44.0,ns_4,BS_1,,0,max_snr,-2.7827708430019276,0.0,
44.0,ns_5,BS_1,,0,max_snr,-2.882770843001926,0.0,
44.0,ns_8,BS_1,,0,max_snr,-2.0127708430019293,0.0,
44.0,ns_9,BS_1,,0,max_snr,-2.092770843001919,0.0,
44.0,se_0,BS_1,,0,max_snr,21.217229156998066,0.0,
44.0,se_1,BS_1,,0,max_snr,20.61722915699807,0.0,
44.0,se_2,BS_1,,0,max_snr,20.897229156998076,0.0,
44.0,se_3,BS_1,,0,max_snr,21.297229156998068,0.0,
44.0,se_4,BS_1,BS_1,1,max_snr,21.717229156998066,440.00000000000006,21.717229156998066
44.0,se_5,BS_1,,0,max_snr,21.11722915699808,0.0,
44.0,se_6,BS_1,,0,max_snr,21.447229156998073,0.0,
44.0,se_7,BS_1,BS_1,1,max_snr,22.20722915699808,440.00000000000006,22.20722915699808
44.0,se_8,BS_1,BS_1,1,max_snr,21.737229156998083,440.00000000000006,21.737229156998083
44.0,se_9,BS_1,,0,max_snr,11.617229156998066,0.0,
44.0,sn_10,BS_1,,0,max_snr,20.637229156998067,0.0,
44.0,sn_11,BS_1,,0,max_snr,20.90722915699808,0.0,
44.0,sn_12,BS_1,BS_1,1,max_snr,21.78722915699808,440.00000000000006,21.78722915699808
44.0,sn_13,BS_1,,0,max_snr,21.59722915699808,0.0,
44.0,sn_14,BS_1,,0,max_snr,21.577229156998072,0.0,
44.0,sn_15,BS_1,,0,max_snr,21.59722915699808,0.0,
44.0,sn_16,BS_1,BS_1,1,max_snr,22.017229156998077,440.00000000000006,22.017229156998077
44.0,sn_17,BS_1,BS_1,1,max_snr,21.78722915699808,440.00000000000006,21.78722915699808
44.0,sn_18,BS_1,BS_1,1,max_snr,21.897229156998073,440.00000000000006,21.897229156998073
44.0,sn_19,BS_1,,0,max_snr,21.70722915699808,0.0,
44.0,sn_4,BS_1,,0,max_snr,20.417229156998076,0.0,
44.0,sn_8,BS_1,,0,max_snr,20.967229156998073,0.0,
44.0,sn_9,BS_1,,0,max_snr,20.497229156998067,0.0,
44.0,we_10,BS_1,,0,max_snr,21.047229156998064,0.0,
44.0,we_11,BS_1,,0,max_snr,20.577229156998065,0.0,
44.0,we_12,BS_1,BS_1,1,max_snr,21.957229156998075,440.00000000000006,21.957229156998075
44.0,we_13,BS_1,,0,max_snr,21.457229156998075,0.0,
44.0,we_14,BS_1,,0,max_snr,21.457229156998075,0.0,
44.0,we_15,BS_1,BS_1,1,max_snr,21.897229156998073,440.00000000000006,21.897229156998073
44.0,we_16,BS_1,,0,max_snr,21.38722915699807,0.0,
44.0,we_17,BS_1,,0,max_snr,21.40722915699808,0.0,
44.0,we_18,BS_1,,0,max_snr,21.65722915699808,0.0,
44.0,we_19,BS_1,,0,max_snr,21.20722915699808,0.0,
44.0,we_4,BS_1,,0,max_snr,20.517229156998084,0.0,
44.0,we_5,BS_1,,0,max_snr,20.607229156998063,0.0,
44.0,we_6,BS_1,,0,max_snr,20.31722915699808,0.0,
44.0,we_7,BS_1,,0,max_snr,20.147229156998073,0.0,
44.0,we_8,BS_1,,0,max_snr,21.22722915699807,0.0,
44.0,we_9,BS_1,,0,max_snr,20.56722915699808,0.0,
44.0,wn_0,BS_1,,0,max_snr,20.857229156998073,0.0,
44.0,wn_1,BS_1,,0,max_snr,21.19722915699807,0.0,
44.0,wn_2,BS_1,,0,max_snr,20.657229156998085,0.0,
44.0,wn_3,BS_1,,0,max_snr,21.54722915699807,0.0,
44.0,wn_4,BS_1,,0,max_snr,21.517229156998077,0.0,
44.0,wn_5,BS_1,BS_1,1,max_snr,22.017229156998077,440.00000000000006,22.017229156998077
44.0,wn_6,BS_1,,0,max_snr,21.47722915699807,0.0,
44.0,wn_7,BS_1,,0,max_snr,21.49722915699807,0.0,
44.0,wn_8,BS_1,,0,max_snr,21.49722915699807,0.0,
44.0,wn_9,BS_1,,0,max_snr,11.59722915699808,0.0,
45.0,ew_10,BS_1,,0,max_snr,-1.9927708430019215,0.0,
45.0,ew_11,BS_1,,0,max_snr,-2.0727708430019303,0.0,
45.0,ew_12,BS_1,,0,max_snr,-0.9927708430019252,0.0,
45.0,ew_13,BS_1,,0,max_snr,-1.0727708430019167,0.0,
45.0,ew_14,BS_1,,0,max_snr,-1.1527708430019254,0.0,
45.0,ew_15,BS_1,,0,max_snr,-1.2027708430019337,0.0,
45.0,ew_16,BS_1,,0,max_snr,-0.122770843001928,0.0,
45.0,ew_17,BS_1,,0,max_snr,-0.1927708430019248,0.0,
45.0,ew_18,BS_1,,0,max_snr,-0.2327708430019205,0.0,
45.0,ew_19,BS_1,,0,max_snr,-0.2727708430019334,0.0,
45.0,ew_4,BS_1,,0,max_snr,-2.5427708430019185,0.0,
45.0,ew_5,BS_1,,0,max_snr,-2.6627708430019235,0.0,
45.0,ew_6,BS_1,,0,max_snr,-2.7727708430019335,0.0,
45.0,ew_7,BS_1,,0,max_snr,-2.8727708430019137,0.0,
45.0,ew_8,BS_1,,0,max_snr,-1.7927708430019265,0.0,
45.0,ew_9,BS_1,,0,max_snr,-1.902770843001918,0.0,
45.0,ns_10,BS_1,,0,max_snr,-2.422770843001932,0.0,
45.0,ns_11,BS_1,,0,max_snr,-2.4827708430019166,0.0,
45.0,ns_12,BS_1,,0,max_snr,-1.4427708430019242,0.0,
45.0,ns_13,BS_1,,0,max_snr,-1.5127708430019218,0.0,
45.0,ns_14,BS_1,,0,max_snr,-1.572770843001924,0.0,
45.0,ns_15,BS_1,,0,max_snr,-1.6127708430019372,0.0,
45.0,ns_16,BS_1,,0,max_snr,-0.5727708430019266,0.0,
45.0,ns_17,BS_1,,0,max_snr,-0.6227708430019175,0.0,
45.0,ns_18,BS_1,,0,max_snr,-0.6527708430019186,0.0,
45.0,ns_19,BS_1,,0,max_snr,-0.6727708430019254,0.0,
45.0,ns_8,BS_1,,0,max_snr,-2.2527708430019375,0.0,
45.0,ns_9,BS_1,,0,max_snr,-2.342770843001923,0.0,
45.0,se_0,BS_1,,0,max_snr,20.58722915699807,0.0,
45.0,se_1,BS_1,,0,max_snr,21.057229156998076,0.0,
45.0,se_2,BS_1,,0,max_snr,20.357229156998073,0.0,
45.0,se_3,BS_1,BS_1,1,max_snr,21.907229156998085,440.00000000000006,21.907229156998085
45.0,se_4,BS_1,BS_1,1,max_snr,21.877229156998084,440.00000000000006,21.877229156998084
45.0,se_5,BS_1,BS_1,1,max_snr,21.97722915699807,440.00000000000006,21.97722915699807
45.0,se_6,BS_1,,0,max_snr,21.447229156998073,0.0,
45.0,se_7,BS_1,,0,max_snr,21.417229156998072,0.0,
45.0,se_8,BS_1,,0,max_snr,21.457229156998075,0.0,
45.0,se_9,BS_1,,0,max_snr,20.18722915699807,0.0,
45.0,sn_10,BS_1,,0,max_snr,20.77722915699807,0.0,
45.0,sn_11,BS_1,,0,max_snr,20.237229156998076,0.0,
45.0,sn_12,BS_1,,0,max_snr,21.467229156998073,0.0,
45.0,sn_13,BS_1,,0,max_snr,20.917229156998076,0.0,
45.0,sn_14,BS_1,,0,max_snr,21.087229156998077,0.0,
45.0,sn_15,BS_1,,0,max_snr,21.397229156998073,0.0,
45.0,sn_16,BS_1,BS_1,1,max_snr,22.25722915699808,440.00000000000006,22.25722915699808
45.0,sn_17,BS_1,,0,max_snr,21.59722915699808,0.0,
45.0,sn_18,BS_1,BS_1,1,max_snr,21.75722915699808,440.00000000000006,21.75722915699808
45.0,sn_19,BS_1,BS_1,1,max_snr,22.057229156998073,440.00000000000006,22.057229156998073
45.0,sn_8,BS_1,,0,max_snr,20.887229156998075,0.0,
45.0,sn_9,BS_1,,0,max_snr,20.847229156998075,0.0,
45.0,we_10,BS_1,,0,max_snr,20.967229156998073,0.0,
45.0,we_11,BS_1,,0,max_snr,20.50722915699808,0.0,
45.0,we_12,BS_1,BS_1,1,max_snr,21.83722915699807,440.00000000000006,21.83722915699807
45.0,we_13,BS_1,,0,max_snr,21.667229156998076,0.0,
45.0,we_14,BS_1,,0,max_snr,20.887229156998075,0.0,
45.0,we_15,BS_1,,0,max_snr,21.31722915699807,0.0,
45.0,we_16,BS_1,,0,max_snr,20.807229156998073,0.0,
45.0,we_17,BS_1,,0,max_snr,21.047229156998064,0.0,
45.0,we_18,BS_1,BS_1,1,max_snr,21.877229156998084,440.00000000000006,21.877229156998084
45.0,we_19,BS_1,,0,max_snr,21.737229156998083,0.0,
45.0,we_4,BS_1,,0,max_snr,20.387229156998075,0.0,
45.0,we_5,BS_1,,0,max_snr,19.617229156998075,0.0,
45.0,we_8,BS_1,,0,max_snr,20.47722915699808,0.0,
45.0,we_9,BS_1,,0,max_snr,20.71722915699807,0.0,
45.0,wn_0,BS_1,,0,max_snr,21.11722915699808,0.0,
45.0,wn_1,BS_1,,0,max_snr,20.967229156998073,0.0,
45.0,wn_2,BS_1,,0,max_snr,20.607229156998063,0.0,
45.0,wn_3,BS_1,BS_1,1,max_snr,21.75722915699808,440.00000000000006,21.75722915699808
45.0,wn_4,BS_1,,0,max_snr,21.11722915699808,0.0,
45.0,wn_5,BS_1,,0,max_snr,21.027229156998075,0.0,
45.0,wn_6,BS_1,BS_1,1,max_snr,21.80722915699807,440.00000000000006,21.80722915699807
45.0,wn_7,BS_1,,0,max_snr,21.087229156998077,0.0,
45.0,wn_8,BS_1,,0,max_snr,21.36722915699807,0.0,
45.0,wn_9,BS_1,,0,max_snr,20.81722915699807,0.0,
46.0,ew_10,BS_1,,0,max_snr,-2.242770843001925,0.0,
46.0,ew_11,BS_1,,0,max_snr,-2.3327708430019283,0.0,
46.0,ew_12,BS_1,,0,max_snr,-1.2527708430019229,0.0,
46.0,ew_13,BS_1,,0,max_snr,-1.3427708430019267,0.0,
46.0,ew_14,BS_1,,0,max_snr,-1.4227708430019352,0.0,
46.0,ew_15,BS_1,,0,max_snr,-1.4827708430019195,0.0,
46.0,ew_16,BS_1,,0,max_snr,-0.4027708430019142,0.0,
46.0,ew_17,BS_1,,0,max_snr,-0.4727708430019295,0.0,
46.0,ew_18,BS_1,,0,max_snr,-0.532770843001932,0.0,
46.0,ew_19,BS_1,,0,max_snr,-0.5727708430019266,0.0,
46.0,ew_4,BS_1,,0,max_snr,-2.7627708430019213,0.0,
46.0,ew_5,BS_1,,0,max_snr,-2.892770843001938,0.0,
46.0,ew_8,BS_1,,0,max_snr,-2.032770843001935,0.0,
46.0,ew_9,BS_1,,0,max_snr,-2.142770843001927,0.0,
46.0,ns_10,BS_1,,0,max_snr,-2.6727708430019357,0.0,
46.0,ns_11,BS_1,,0,max_snr,-2.7427708430019324,0.0,
46.0,ns_12,BS_1,,0,max_snr,-1.70277084300194,0.0,
46.0,ns_13,BS_1,,0,max_snr,-1.782770843001933,0.0,
46.0,ns_14,BS_1,,0,max_snr,-1.842770843001916,0.0,
46.0,ns_15,BS_1,,0,max_snr,-1.892770843001924,0.0,
46.0,ns_16,BS_1,,0,max_snr,-0.8527708430019318,0.0,
46.0,ns_17,BS_1,,0,max_snr,-0.9027708430019216,0.0,
46.0,ns_18,BS_1,,0,max_snr,-0.942770843001935,0.0,
46.0,ns_19,BS_1,,0,max_snr,-0.9727708430019364,0.0,
46.0,ns_8,BS_1,,0,max_snr,-2.4927708430019293,0.0,
46.0,ns_9,BS_1,,0,max_snr,-2.5927708430019267,0.0,
46.0,se_0,BS_1,,0,max_snr,20.967229156998073,0.0,
46.0,se_1,BS_1,,0,max_snr,20.69722915699807,0.0,
46.0,se_2,BS_1,,0,max_snr,20.177229156998074,0.0,
46.0,se_3,BS_1,,0,max_snr,21.347229156998075,0.0,
46.0,se_4,BS_1,,0,max_snr,21.397229156998073,0.0,
46.0,se_5,BS_1,,0,max_snr,21.14722915699808,0.0,
46.0,se_6,BS_1,BS_1,1,max_snr,22.02722915699807,440.00000000000006,22.02722915699807
46.0,se_7,BS_1,BS_1,1,max_snr,22.117229156998075,440.00000000000006,22.117229156998075
46.0,se_8,BS_1,BS_1,1,max_snr,21.897229156998073,440.00000000000006,21.897229156998073
46.0,se_9,BS_1,,0,max_snr,20.527229156998068,0.0,
46.0,sn_10,BS_1,,0,max_snr,20.277229156998075,0.0,
46.0,sn_11,BS_1,,0,max_snr,19.89722915699808,0.0,
46.0,sn_12,BS_1,,0,max_snr,20.74722915699807,0.0,
46.0,sn_13,BS_1,,0,max_snr,21.297229156998068,0.0,
46.0,sn_14,BS_1,,0,max_snr,20.657229156998085,0.0,
46.0,sn_15,BS_1,,0,max_snr,21.22722915699807,0.0,
46.0,sn_16,BS_1,BS_1,1,max_snr,21.927229156998074,440.00000000000006,21.927229156998074
46.0,sn_17,BS_1,BS_1,1,max_snr,21.577229156998072,440.00000000000006,21.577229156998072
46.0,sn_18,BS_1,BS_1,1,max_snr,21.637229156998075,440.00000000000006,21.637229156998075
46.0,sn_19,BS_1,BS_1,1,max_snr,21.65722915699808,440.00000000000006,21.65722915699808
46.0,sn_8,BS_1,,0,max_snr,20.237229156998076,0.0,
46.0,sn_9,BS_1,,0,max_snr,20.37722915699808,0.0,
46.0,we_10,BS_1,,0,max_snr,20.50722915699808,0.0,
46.0,we_11,BS_1,,0,max_snr,20.657229156998085,0.0,
46.0,we_12,BS_1,,0,max_snr,21.417229156998072,0.0,
46.0,we_13,BS_1,BS_1,1,max_snr,21.61722915699808,440.00000000000006,21.61722915699808
46.0,we_14,BS_1,,0,max_snr,21.107229156998063,0.0,
46.0,we_15,BS_1,,0,max_snr,20.897229156998076,0.0,
46.0,we_16,BS_1,,0,max_snr,21.33722915699807,0.0,
46.0,we_17,BS_1,,0,max_snr,20.83722915699807,0.0,
46.0,we_18,BS_1,BS_1,1,max_snr,21.56722915699808,440.00000000000006,21.56722915699808
46.0,we_19,BS_1,,0,max_snr,21.377229156998077,0.0,
46.0,we_4,BS_1,,0,max_snr,19.57722915699807,0.0,
46.0,we_8,BS_1,,0,max_snr,20.577229156998065,0.0,
46.0,we_9,BS_1,,0,max_snr,20.47722915699808,0.0,
46.0,wn_0,BS_1,,0,max_snr,21.00722915699808,0.0,
46.0,wn_1,BS_1,,0,max_snr,20.647229156998073,0.0,
46.0,wn_2,BS_1,,0,max_snr,20.307229156998076,0.0,
46.0,wn_3,BS_1,BS_1,1,max_snr,21.517229156998077,440.00000000000006,21.517229156998077
46.0,wn_4,BS_1,,0,max_snr,21.31722915699807,0.0,
46.0,wn_5,BS_1,,0,max_snr,20.947229156998077,0.0,
46.0,wn_6,BS_1,,0,max_snr,21.417229156998072,0.0,
46.0,wn_7,BS_1,,0,max_snr,21.49722915699807,0.0,
46.0,wn_8,BS_1,,0,max_snr,21.507229156998076,0.0,
46.0,wn_9,BS_1,,0,max_snr,21.127229156998084,0.0,
47.0,ew_10,BS_1,,0,max_snr,-2.4927708430019293,0.0,
47.0,ew_11,BS_1,,0,max_snr,-2.5827708430019323,0.0,
47.0,ew_12,BS_1,,0,max_snr,-1.5027708430019269,0.0,
47.0,ew_13,BS_1,,0,max_snr,-1.602770843001924,0.0,
47.0,ew_14,BS_1,,0,max_snr,-1.6827708430019157,0.0,
47.0,ew_15,BS_1,,0,max_snr,-1.752770843001931,0.0,
47.0,ew_16,BS_1,,0,max_snr,-0.6727708430019254,0.0,
47.0,ew_17,BS_1,,0,max_snr,-0.7527708430019336,0.0,
47.0,ew_18,BS_1,,0,max_snr,-0.8127708430019364,0.0,
47.0,ew_19,BS_1,,0,max_snr,-0.8627708430019265,0.0,
47.0,ew_8,BS_1,,0,max_snr,-2.272770843001926,0.0,
47.0,ew_9,BS_1,,0,max_snr,-2.382770843001919,0.0,
47.0,ns_10,BS_1,,0,max_snr,-2.922770843001939,0.0,
47.0,ns_12,BS_1,,0,max_snr,-1.96277084300192,0.0,
47.0,ns_13,BS_1,,0,max_snr,-2.0427708430019296,0.0,
47.0,ns_14,BS_1,,0,max_snr,-2.1127708430019267,0.0,
47.0,ns_15,BS_1,,0,max_snr,-2.162770843001935,0.0,
47.0,ns_16,BS_1,,0,max_snr,-1.1227708430019243,0.0,
47.0,ns_17,BS_1,,0,max_snr,-1.182770843001926,0.0,
47.0,ns_18,BS_1,,0,max_snr,-1.232770843001917,0.0,
47.0,ns_19,BS_1,,0,max_snr,-1.2627708430019178,0.0,
47.0,ns_8,BS_1,,0,max_snr,-2.73277084300192,0.0,
47.0,ns_9,BS_1,,0,max_snr,-2.8327708430019367,0.0,
47.0,se_0,BS_1,,0,max_snr,20.767229156998077,0.0,
47.0,se_1,BS_1,,0,max_snr,20.58722915699807,0.0,
47.0,se_2,BS_1,,0,max_snr,20.037229156998073,0.0,
47.0,se_3,BS_1,,0,max_snr,21.00722915699808,0.0,
47.0,se_4,BS_1,,0,max_snr,20.71722915699807,0.0,
47.0,se_5,BS_1,,0,max_snr,21.187229156998065,0.0,
47.0,se_6,BS_1,,0,max_snr,21.19722915699807,0.0,
47.0,se_7,BS_1,,0,max_snr,21.057229156998076,0.0,
47.0,se_8,BS_1,BS_1,1,max_snr,21.78722915699808,440.00000000000006,21.78722915699808
47.0,se_9,BS_1,,0,max_snr,21.217229156998066,0.0,
47.0,sn_12,BS_1,,0,max_snr,20.647229156998073,0.0,
47.0,sn_13,BS_1,,0,max_snr,21.03722915699808,0.0,
47.0,sn_14,BS_1,,0,max_snr,20.847229156998075,0.0,
47.0,sn_15,BS_1,,0,max_snr,20.487229156998083,0.0,
47.0,sn_16,BS_1,BS_1,1,max_snr,21.577229156998072,440.00000000000006,21.577229156998072
47.0,sn_17,BS_1,BS_1,1,max_snr,21.91722915699807,440.00000000000006,21.91722915699807
47.0,sn_18,BS_1,,0,max_snr,21.31722915699807,0.0,
47.0,sn_19,BS_1,BS_1,1,max_snr,21.587229156998077,440.00000000000006,21.587229156998077
47.0,sn_8,BS_1,,0,max_snr,19.827229156998065,0.0,
47.0,we_10,BS_1,,0,max_snr,20.007229156998072,0.0,
47.0,we_11,BS_1,,0,max_snr,19.927229156998077,0.0,
47.0,we_12,BS_1,,0,max_snr,20.897229156998076,0.0,
47.0,we_13,BS_1,,0,max_snr,20.877229156998077,0.0,
47.0,we_14,BS_1,,0,max_snr,20.947229156998077,0.0,
47.0,we_15,BS_1,,0,max_snr,20.737229156998076,0.0,
47.0,we_16,BS_1,BS_1,1,max_snr,21.927229156998074,440.00000000000006,21.927229156998074
47.0,we_17,BS_1,,0,max_snr,21.40722915699808,0.0,
47.0,we_18,BS_1,BS_1,1,max_snr,21.957229156998075,440.00000000000006,21.957229156998075
47.0,we_19,BS_1,BS_1,1,max_snr,21.527229156998075,440.00000000000006,21.527229156998075
47.0,we_8,BS_1,,0,max_snr,20.177229156998074,0.0,
47.0,we_9,BS_1,,0,max_snr,19.95722915699808,0.0,
47.0,wn_0,BS_1,,0,max_snr,20.79722915699807,0.0,
47.0,wn_1,BS_1,,0,max_snr,20.707229156998075,0.0,
47.0,wn_2,BS_1,,0,max_snr,20.267229156998077,0.0,
47.0,wn_3,BS_1,,0,max_snr,21.347229156998075,0.0,
47.0,wn_4,BS_1,,0,max_snr,20.97722915699808,0.0,
47.0,wn_5,BS_1,,0,max_snr,20.827229156998072,0.0,
47.0,wn_6,BS_1,BS_1,1,max_snr,21.457229156998075,440.00000000000006,21.457229156998075
47.0,wn_7,BS_1,BS_1,1,max_snr,22.15722915699808,440.00000000000006,22.15722915699808
47.0,wn_8,BS_1,BS_1,1,max_snr,21.987229156998076,440.00000000000006,21.987229156998076
47.0,wn_9,BS_1,,0,max_snr,21.17722915699808,0.0,
48.0,ew_10,BS_1,,0,max_snr,-2.73277084300192,0.0,
48.0,ew_11,BS_1,,0,max_snr,-2.822770843001923,0.0,
48.0,ew_12,BS_1,,0,max_snr,-1.7427708430019182,0.0,
48.0,ew_13,BS_1,,0,max_snr,-1.8527708430019292,0.0,
48.0,ew_14,BS_1,,0,max_snr,-1.942770843001932,0.0,
48.0,ew_15,BS_1,,0,max_snr,-2.022770843001924,0.0,
48.0,ew_16,BS_1,,0,max_snr,-0.942770843001935,0.0,
48.0,ew_17,BS_1,,0,max_snr,-1.0227708430019258,0.0,
48.0,ew_18,BS_1,,0,max_snr,-1.0927708430019236,0.0,
48.0,ew_19,BS_1,,0,max_snr,-1.1527708430019254,0.0,
48.0,ew_8,BS_1,,0,max_snr,-2.4927708430019293,0.0,
48.0,ew_9,BS_1,,0,max_snr,-2.622770843001928,0.0,
48.0,ns_12,BS_1,,0,max_snr,-2.2027708430019297,0.0,
48.0,ns_13,BS_1,,0,max_snr,-2.292770843001915,0.0,
48.0,ns_14,BS_1,,0,max_snr,-2.3727708430019243,0.0,
48.0,ns_15,BS_1,,0,max_snr,-2.4327708430019266,0.0,
48.0,ns_16,BS_1,,0,max_snr,-1.3927708430019343,0.0,
48.0,ns_17,BS_1,,0,max_snr,-1.4627708430019306,0.0,
48.0,ns_18,BS_1,,0,max_snr,-1.5127708430019218,0.0,
48.0,ns_19,BS_1,,0,max_snr,-1.552770843001935,0.0,
48.0,se_0,BS_1,,0,max_snr,20.61722915699807,0.0,
48.0,se_1,BS_1,,0,max_snr,20.517229156998084,0.0,
48.0,se_2,BS_1,,0,max_snr,20.417229156998076,0.0,
48.0,se_3,BS_1,,0,max_snr,20.55722915699807,0.0,
48.0,se_4,BS_1,,0,max_snr,21.14722915699808,0.0,
48.0,se_5,BS_1,,0,max_snr,20.50722915699808,0.0,
48.0,se_6,BS_1,,0,max_snr,21.22722915699807,0.0,
48.0,se_7,BS_1,,0,max_snr,21.157229156998085,0.0,
48.0,se_8,BS_1,BS_1,1,max_snr,21.38722915699807,440.00000000000006,21.38722915699807
48.0,se_9,BS_1,BS_1,1,max_snr,21.717229156998066,440.00000000000006,21.717229156998066
48.0,sn_12,BS_1,,0,max_snr,20.467229156998066,0.0,
48.0,sn_13,BS_1,,0,max_snr,20.267229156998077,0.0,
48.0,sn_14,BS_1,,0,max_snr,20.257229156998076,0.0,
48.0,sn_15,BS_1,,0,max_snr,20.72722915699807,0.0,
48.0,sn_16,BS_1,BS_1,1,max_snr,21.297229156998068,440.00000000000006,21.297229156998068
48.0,sn_17,BS_1,BS_1,1,max_snr,21.38722915699807,440.00000000000006,21.38722915699807
48.0,sn_18,BS_1,,0,max_snr,20.887229156998075,0.0,
48.0,sn_19,BS_1,,0,max_snr,20.98722915699808,0.0,
48.0,we_10,BS_1,,0,max_snr,19.90722915699808,0.0,
48.0,we_12,BS_1,,0,max_snr,21.047229156998064,0.0,
48.0,we_13,BS_1,,0,max_snr,20.99722915699807,0.0,
48.0,we_14,BS_1,,0,max_snr,20.42722915699808,0.0,
48.0,we_15,BS_1,,0,max_snr,20.577229156998065,0.0,
48.0,we_16,BS_1,BS_1,1,max_snr,21.897229156998073,440.00000000000006,21.897229156998073
48.0,we_17,BS_1,BS_1,1,max_snr,21.507229156998076,440.00000000000006,21.507229156998076
48.0,we_18,BS_1,,0,max_snr,21.027229156998075,0.0,
48.0,we_19,BS_1,,0,max_snr,20.947229156998077,0.0,
48.0,we_8,BS_1,,0,max_snr,20.007229156998072,0.0,
48.0,we_9,BS_1,,0,max_snr,20.437229156998065,0.0,
48.0,wn_0,BS_1,,0,max_snr,20.707229156998075,0.0,
48.0,wn_1,BS_1,,0,max_snr,20.45722915699808,0.0,
48.0,wn_2,BS_1,,0,max_snr,20.437229156998065,0.0,
48.0,wn_3,BS_1,,0,max_snr,21.097229156998083,0.0,
48.0,wn_4,BS_1,,0,max_snr,20.99722915699807,0.0,
48.0,wn_5,BS_1,,0,max_snr,20.93722915699807,0.0,
48.0,wn_6,BS_1,BS_1,1,max_snr,21.987229156998076,440.00000000000006,21.987229156998076
48.0,wn_7,BS_1,BS_1,1,max_snr,21.397229156998073,440.00000000000006,21.397229156998073
48.0,wn_8,BS_1,BS_1,1,max_snr,21.47722915699807,440.00000000000006,21.47722915699807
48.0,wn_9,BS_1,BS_1,1,max_snr,22.217229156998073,440.00000000000006,22.217229156998073
49.0,ew_12,BS_1,,0,max_snr,-1.9827708430019269,0.0,
49.0,ew_13,BS_1,,0,max_snr,-2.092770843001919,0.0,
49.0,ew_14,BS_1,,0,max_snr,-2.1927708430019353,0.0,
49.0,ew_15,BS_1,,0,max_snr,-2.272770843001926,0.0,
49.0,ew_16,BS_1,,0,max_snr,-1.1927708430019213,0.0,
49.0,ew_17,BS_1,,0,max_snr,-1.2927708430019194,0.0,
49.0,ew_18,BS_1,,0,max_snr,-1.362770843001933,0.0,
49.0,ew_19,BS_1,,0,max_snr,-1.4327708430019297,0.0,
49.0,ew_8,BS_1,,0,max_snr,-2.7227708430019257,0.0,
49.0,ew_9,BS_1,,0,max_snr,-2.8527708430019256,0.0,
49.0,ns_12,BS_1,,0,max_snr,-2.4527708430019333,0.0,
49.0,ns_13,BS_1,,0,max_snr,-2.5427708430019185,0.0,
49.0,ns_14,BS_1,,0,max_snr,-2.622770843001928,0.0,
49.0,ns_15,BS_1,,0,max_snr,-2.692770843001924,0.0,
49.0,ns_16,BS_1,,0,max_snr,-1.6527708430019148,0.0,
49.0,ns_17,BS_1,,0,max_snr,-1.732770843001924,0.0,
49.0,ns_18,BS_1,,0,max_snr,-1.7927708430019265,0.0,
49.0,ns_19,BS_1,,0,max_snr,-1.8327708430019212,0.0,
49.0,se_0,BS_1,,0,max_snr,20.29722915699807,0.0,
49.0,se_1,BS_1,,0,max_snr,19.72722915699808,0.0,
49.0,se_3,BS_1,,0,max_snr,21.057229156998076,0.0,
49.0,se_4,BS_1,,0,max_snr,20.53722915699808,0.0,
49.0,se_5,BS_1,,0,max_snr,20.657229156998085,0.0,
49.0,se_6,BS_1,BS_1,1,max_snr,21.957229156998075,440.00000000000006,21.957229156998075
49.0,se_7,BS_1,BS_1,1,max_snr,21.80722915699807,440.00000000000006,21.80722915699807
49.0,se_8,BS_1,BS_1,1,max_snr,21.78722915699808,440.00000000000006,21.78722915699808
49.0,se_9,BS_1,BS_1,1,max_snr,21.767229156998084,440.00000000000006,21.767229156998084
49.0,sn_12,BS_1,,0,max_snr,20.657229156998085,0.0,
49.0,sn_13,BS_1,,0,max_snr,20.39722915699808,0.0,
49.0,sn_14,BS_1,,0,max_snr,20.357229156998073,0.0,
49.0,sn_15,BS_1,,0,max_snr,20.50722915699808,0.0,
49.0,sn_16,BS_1,,0,max_snr,21.247229156998067,0.0,
49.0,sn_17,BS_1,,0,max_snr,20.90722915699808,0.0,
49.0,sn_18,BS_1,,0,max_snr,21.19722915699807,0.0,
49.0,sn_19,BS_1,,0,max_snr,20.657229156998085,0.0,
49.0,we_12,BS_1,,0,max_snr,20.90722915699808,0.0,
49.0,we_13,BS_1,,0,max_snr,20.767229156998077,0.0,
49.0,we_14,BS_1,,0,max_snr,20.50722915699808,0.0,
49.0,we_15,BS_1,,0,max_snr,20.097229156998075,0.0,
49.0,we_16,BS_1,,0,max_snr,21.397229156998073,0.0,
49.0,we_17,BS_1,BS_1,1,max_snr,21.86722915699807,440.00000000000006,21.86722915699807
49.0,we_18,BS_1,BS_1,1,max_snr,21.697229156998077,440.00000000000006,21.697229156998077
49.0,we_19,BS_1,,0,max_snr,20.66722915699807,0.0,
49.0,we_8,BS_1,,0,max_snr,20.267229156998077,0.0,
49.0,wn_0,BS_1,,0,max_snr,20.08722915699807,0.0,
49.0,wn_3,BS_1,,0,max_snr,20.97722915699808,0.0,
49.0,wn_4,BS_1,,0,max_snr,20.467229156998066,0.0,
49.0,wn_5,BS_1,,0,max_snr,20.917229156998076,0.0,
49.0,wn_6,BS_1,BS_1,1,max_snr,21.40722915699808,440.00000000000006,21.40722915699808
49.0,wn_7,BS_1,BS_1,1,max_snr,21.557229156998076,440.00000000000006,21.557229156998076
49.0,wn_8,BS_1,BS_1,1,max_snr,21.78722915699808,440.00000000000006,21.78722915699808
49.0,wn_9,BS_1,BS_1,1,max_snr,22.20722915699808,440.00000000000006,22.20722915699808
50.0,ew_12,BS_1,,0,max_snr,-2.222770843001936,0.0,
50.0,ew_13,BS_1,,0,max_snr,-2.342770843001923,0.0,
50.0,ew_14,BS_1,,0,max_snr,-2.442770843001922,0.0,
50.0,ew_15,BS_1,,0,max_snr,-2.5327708430019245,0.0,
50.0,ew_16,BS_1,,0,max_snr,-1.4527708430019377,0.0,
50.0,ew_17,BS_1,,0,max_snr,-1.542770843001922,0.0,
50.0,ew_18,BS_1,,0,max_snr,-1.632770843001926,0.0,
50.0,ew_19,BS_1,,0,max_snr,-1.70277084300194,0.0,
50.0,ns_12,BS_1,,0,max_snr,-2.68277084300193,0.0,
50.0,ns_13,BS_1,,0,max_snr,-2.7827708430019276,0.0,
50.0,ns_14,BS_1,,0,max_snr,-2.8727708430019137,0.0,
50.0,ns_16,BS_1,,0,max_snr,-1.9127708430019308,0.0,
50.0,ns_17,BS_1,,0,max_snr,-1.9927708430019215,0.0,
50.0,ns_18,BS_1,,0,max_snr,-2.052770843001925,0.0,
50.0,ns_19,BS_1,,0,max_snr,-2.1127708430019267,0.0,
50.0,se_3,BS_1,,0,max_snr,20.61722915699807,0.0,
50.0,se_4,BS_1,,0,max_snr,20.217229156998073,0.0,
50.0,se_5,BS_1,,0,max_snr,20.337229156998077,0.0,
50.0,se_6,BS_1,BS_1,1,max_snr,20.95722915699808,440.00000000000006,20.95722915699808
50.0,se_7,BS_1,BS_1,1,max_snr,21.377229156998077,440.00000000000006,21.377229156998077
50.0,se_8,BS_1,BS_1,1,max_snr,21.16722915699807,440.00000000000006,21.16722915699807
50.0,se_9,BS_1,BS_1,1,max_snr,21.827229156998065,440.00000000000006,21.827229156998065
50.0,sn_12,BS_1,,0,max_snr,20.387229156998075,0.0,
50.0,sn_13,BS_1,,0,max_snr,20.40722915699808,0.0,
50.0,sn_16,BS_1,BS_1,1,max_snr,21.22722915699807,440.00000000000006,21.22722915699807
50.0,sn_17,BS_1,,0,max_snr,20.737229156998076,0.0,
50.0,sn_18,BS_1,,0,max_snr,20.687229156998068,0.0,
50.0,sn_19,BS_1,,0,max_snr,20.95722915699808,0.0,
50.0,we_12,BS_1,,0,max_snr,20.77722915699807,0.0,
50.0,we_13,BS_1,,0,max_snr,20.657229156998085,0.0,
50.0,we_14,BS_1,,0,max_snr,20.447229156998077,0.0,
50.0,we_15,BS_1,,0,max_snr,20.387229156998075,0.0,
50.0,we_16,BS_1,,0,max_snr,20.657229156998085,0.0,
50.0,we_17,BS_1,BS_1,1,max_snr,21.22722915699807,440.00000000000006,21.22722915699807
50.0,we_18,BS_1,,0,max_snr,20.55722915699807,0.0,
50.0,we_19,BS_1,BS_1,1,max_snr,21.127229156998084,440.00000000000006,21.127229156998084
50.0,wn_3,BS_1,,0,max_snr,20.50722915699808,0.0,
50.0,wn_4,BS_1,,0,max_snr,20.277229156998075,0.0,
50.0,wn_5,BS_1,,0,max_snr,20.39722915699808,0.0,
50.0,wn_6,BS_1,BS_1,1,max_snr,21.137229156998067,440.00000000000006,21.137229156998067
50.0,wn_7,BS_1,,0,max_snr,20.877229156998077,0.0,
50.0,wn_8,BS_1,BS_1,1,max_snr,21.257229156998072,440.00000000000006,21.257229156998072
50.0,wn_9,BS_1,BS_1,1,max_snr,20.98722915699808,440.00000000000006,20.98722915699808
51.0,ew_12,BS_1,,0,max_snr,-2.4527708430019333,0.0,
51.0,ew_13,BS_1,,0,max_snr,-2.572770843001919,0.0,
51.0,ew_14,BS_1,,0,max_snr,-2.68277084300193,0.0,
51.0,ew_15,BS_1,,0,max_snr,-2.7727708430019335,0.0,
51.0,ew_16,BS_1,,0,max_snr,-1.6927708430019284,0.0,
51.0,ew_17,BS_1,,0,max_snr,-1.8027708430019207,0.0,
51.0,ew_18,BS_1,,0,max_snr,-1.892770843001924,0.0,
51.0,ew_19,BS_1,,0,max_snr,-1.96277084300192,0.0,
51.0,ns_12,BS_1,,0,max_snr,-2.912770843001927,0.0,
51.0,ns_16,BS_1,,0,max_snr,-2.152770843001922,0.0,
51.0,ns_17,BS_1,,0,max_snr,-2.242770843001925,0.0,
51.0,ns_18,BS_1,,0,max_snr,-2.3127708430019394,0.0,
51.0,ns_19,BS_1,,0,max_snr,-2.382770843001919,0.0,
51.0,se_3,BS_1,,0,max_snr,20.34722915699808,0.0,
51.0,se_4,BS_1,,0,max_snr,20.207229156998075,0.0,
51.0,se_5,BS_1,,0,max_snr,19.83722915699807,0.0,
51.0,se_6,BS_1,BS_1,1,max_snr,20.857229156998073,440.00000000000006,20.857229156998073
51.0,se_7,BS_1,BS_1,1,max_snr,21.127229156998084,440.00000000000006,21.127229156998084
51.0,se_8,BS_1,,0,max_snr,20.55722915699807,0.0,
51.0,se_9,BS_1,BS_1,1,max_snr,21.54722915699807,440.00000000000006,21.54722915699807
51.0,sn_16,BS_1,BS_1,1,max_snr,20.90722915699808,440.00000000000006,20.90722915699808
51.0,sn_17,BS_1,BS_1,1,max_snr,20.95722915699808,440.00000000000006,20.95722915699808
51.0,sn_18,BS_1,,0,max_snr,20.767229156998077,0.0,
51.0,sn_19,BS_1,,0,max_snr,20.15722915699808,0.0,
51.0,we_12,BS_1,,0,max_snr,20.387229156998075,0.0,
51.0,we_13,BS_1,,0,max_snr,19.72722915699808,0.0,
51.0,we_14,BS_1,,0,max_snr,19.95722915699808,0.0,
51.0,we_16,BS_1,BS_1,1,max_snr,20.97722915699808,440.00000000000006,20.97722915699808
51.0,we_17,BS_1,,0,max_snr,20.45722915699808,0.0,
51.0,we_18,BS_1,,0,max_snr,20.787229156998073,0.0,
51.0,we_19,BS_1,BS_1,1,max_snr,20.857229156998073,440.00000000000006,20.857229156998073
51.0,wn_3,BS_1,,0,max_snr,20.39722915699808,0.0,
51.0,wn_4,BS_1,,0,max_snr,20.417229156998076,0.0,
51.0,wn_5,BS_1,,0,max_snr,20.07722915699807,0.0,
51.0,wn_6,BS_1,,0,max_snr,20.847229156998075,0.0,
51.0,wn_7,BS_1,BS_1,1,max_snr,21.20722915699808,440.00000000000006,21.20722915699808
51.0,wn_8,BS_1,BS_1,1,max_snr,21.047229156998064,440.00000000000006,21.047229156998064
51.0,wn_9,BS_1,BS_1,1,max_snr,22.147229156998076,440.00000000000006,22.147229156998076
52.0,ew_12,BS_1,,0,max_snr,-2.6727708430019357,0.0,
52.0,ew_13,BS_1,,0,max_snr,-2.8027708430019347,0.0,
52.0,ew_16,BS_1,,0,max_snr,-1.942770843001932,0.0,
52.0,ew_17,BS_1,,0,max_snr,-2.052770843001925,0.0,
52.0,ew_18,BS_1,,0,max_snr,-2.142770843001927,0.0,
52.0,ew_19,BS_1,,0,max_snr,-2.222770843001936,0.0,
52.0,ns_16,BS_1,,0,max_snr,-2.4027708430019263,0.0,
52.0,ns_17,BS_1,,0,max_snr,-2.4927708430019293,0.0,
52.0,ns_18,BS_1,,0,max_snr,-2.572770843001919,0.0,
52.0,ns_19,BS_1,,0,max_snr,-2.642770843001934,0.0,
52.0,se_3,BS_1,,0,max_snr,20.357229156998073,0.0,
52.0,se_4,BS_1,,0,max_snr,20.42722915699808,0.0,
52.0,se_5,BS_1,,0,max_snr,20.277229156998075,0.0,
52.0,se_6,BS_1,BS_1,1,max_snr,21.127229156998084,440.00000000000006,21.127229156998084
52.0,se_7,BS_1,BS_1,1,max_snr,20.56722915699808,440.00000000000006,20.56722915699808
52.0,se_8,BS_1,BS_1,1,max_snr,20.97722915699808,440.00000000000006,20.97722915699808
52.0,se_9,BS_1,BS_1,1,max_snr,21.72722915699808,440.00000000000006,21.72722915699808
52.0,sn_16,BS_1,,0,max_snr,20.24722915699807,0.0,
52.0,sn_17,BS_1,,0,max_snr,20.257229156998076,0.0,
52.0,sn_18,BS_1,,0,max_snr,20.037229156998073,0.0,
52.0,sn_19,BS_1,,0,max_snr,19.857229156998063,0.0,
52.0,we_12,BS_1,,0,max_snr,19.687229156998068,0.0,
52.0,we_16,BS_1,,0,max_snr,20.357229156998073,0.0,
52.0,we_17,BS_1,,0,max_snr,20.287229156998077,0.0,
52.0,we_18,BS_1,,0,max_snr,20.40722915699808,0.0,
52.0,we_19,BS_1,BS_1,1,max_snr,20.72722915699807,440.00000000000006,20.72722915699807
52.0,wn_3,BS_1,BS_1,1,max_snr,20.56722915699808,440.00000000000006,20.56722915699808
52.0,wn_4,BS_1,,0,max_snr,20.45722915699808,0.0,
52.0,wn_5,BS_1,,0,max_snr,20.357229156998073,0.0,
52.0,wn_6,BS_1,BS_1,1,max_snr,21.06722915699808,440.00000000000006,21.06722915699808
52.0,wn_7,BS_1,BS_1,1,max_snr,20.56722915699808,440.00000000000006,20.56722915699808
52.0,wn_8,BS_1,BS_1,1,max_snr,21.14722915699808,440.00000000000006,21.14722915699808
52.0,wn_9,BS_1,BS_1,1,max_snr,21.777229156998068,440.00000000000006,21.777229156998068
53.0,ew_12,BS_1,,0,max_snr,-2.902770843001915,0.0,
53.0,ew_16,BS_1,,0,max_snr,-2.172770843001928,0.0,
53.0,ew_17,BS_1,,0,max_snr,-2.292770843001915,0.0,
53.0,ew_18,BS_1,,0,max_snr,-2.392770843001931,0.0,
53.0,ew_19,BS_1,,0,max_snr,-2.4827708430019166,0.0,
53.0,ns_16,BS_1,,0,max_snr,-2.642770843001934,0.0,
53.0,ns_17,BS_1,,0,max_snr,-2.73277084300192,0.0,
53.0,ns_18,BS_1,,0,max_snr,-2.822770843001923,0.0,
53.0,ns_19,BS_1,,0,max_snr,-2.892770843001938,0.0,
53.0,se_3,BS_1,BS_1,1,max_snr,20.327229156998072,440.00000000000006,20.327229156998072
53.0,se_6,BS_1,BS_1,1,max_snr,20.547229156998064,440.00000000000006,20.547229156998064
53.0,se_7,BS_1,BS_1,1,max_snr,20.29722915699807,440.00000000000006,20.29722915699807
53.0,se_8,BS_1,BS_1,1,max_snr,20.877229156998077,440.00000000000006,20.877229156998077
53.0,se_9,BS_1,BS_1,1,max_snr,21.277229156998068,440.00000000000006,21.277229156998068
53.0,sn_16,BS_1,,0,max_snr,20.147229156998073,0.0,
53.0,sn_17,BS_1,,0,max_snr,19.72722915699808,0.0,
53.0,we_16,BS_1,,0,max_snr,20.147229156998073,0.0,
53.0,we_17,BS_1,,0,max_snr,20.13722915699807,0.0,
53.0,we_18,BS_1,,0,max_snr,20.10722915699807,0.0,
53.0,we_19,BS_1,,0,max_snr,19.927229156998077,0.0,
53.0,wn_3,BS_1,BS_1,1,max_snr,20.177229156998074,440.00000000000006,20.177229156998074
53.0,wn_6,BS_1,BS_1,1,max_snr,20.45722915699808,440.00000000000006,20.45722915699808
53.0,wn_7,BS_1,BS_1,1,max_snr,20.55722915699807,440.00000000000006,20.55722915699807
53.0,wn_8,BS_1,BS_1,1,max_snr,20.97722915699808,440.00000000000006,20.97722915699808
53.0,wn_9,BS_1,BS_1,1,max_snr,21.31722915699807,440.00000000000006,21.31722915699807
54.0,ew_16,BS_1,,0,max_snr,-2.4027708430019263,0.0,
54.0,ew_17,BS_1,,0,max_snr,-2.522770843001931,0.0,
54.0,ew_18,BS_1,,0,max_snr,-2.6327708430019223,0.0,
54.0,ew_19,BS_1,,0,max_snr,-2.7227708430019257,0.0,
54.0,ns_16,BS_1,,0,max_snr,-2.8727708430019137,0.0,
54.0,se_6,BS_1,BS_1,1,max_snr,20.15722915699808,440.00000000000006,20.15722915699808
54.0,se_7,BS_1,,0,max_snr,20.08722915699807,0.0,
54.0,se_8,BS_1,BS_1,1,max_snr,20.517229156998084,440.00000000000006,20.517229156998084
54.0,se_9,BS_1,BS_1,1,max_snr,21.70722915699808,440.00000000000006,21.70722915699808
54.0,we_16,BS_1,BS_1,1,max_snr,20.237229156998076,440.00000000000006,20.237229156998076
54.0,we_17,BS_1,BS_1,1,max_snr,20.527229156998068,440.00000000000006,20.527229156998068
54.0,we_18,BS_1,BS_1,1,max_snr,20.147229156998073,440.00000000000006,20.147229156998073
54.0,we_19,BS_1,,0,max_snr,19.81722915699808,0.0,
54.0,wn_6,BS_1,BS_1,1,max_snr,20.267229156998077,440.00000000000006,20.267229156998077
54.0,wn_7,BS_1,BS_1,1,max_snr,20.197229156998073,440.00000000000006,20.197229156998073
54.0,wn_8,BS_1,BS_1,1,max_snr,20.487229156998083,440.00000000000006,20.487229156998083
54.0,wn_9,BS_1,BS_1,1,max_snr,20.98722915699808,440.00000000000006,20.98722915699808
55.0,ew_16,BS_1,,0,max_snr,-2.6327708430019223,0.0,
55.0,ew_17,BS_1,,0,max_snr,-2.752770843001927,0.0,
55.0,ew_18,BS_1,,0,max_snr,-2.8727708430019137,0.0,
55.0,se_6,BS_1,BS_1,1,max_snr,19.947229156998063,330.0,19.947229156998063
55.0,se_7,BS_1,BS_1,1,max_snr,19.89722915699808,330.0,19.89722915699808
55.0,se_8,BS_1,BS_1,1,max_snr,19.74722915699807,330.0,19.74722915699807
55.0,se_9,BS_1,BS_1,1,max_snr,20.99722915699807,440.00000000000006,20.99722915699807
55.0,we_16,BS_1,BS_1,1,max_snr,20.337229156998077,440.00000000000006,20.337229156998077
55.0,we_17,BS_1,BS_1,1,max_snr,19.517229156998077,330.0,19.517229156998077
55.0,wn_6,BS_1,BS_1,1,max_snr,20.08722915699807,440.00000000000006,20.08722915699807
55.0,wn_7,BS_1,BS_1,1,max_snr,20.147229156998073,440.00000000000006,20.147229156998073
55.0,wn_8,BS_1,BS_1,1,max_snr,19.927229156998077,330.0,19.927229156998077
55.0,wn_9,BS_1,BS_1,1,max_snr,21.287229156998073,440.00000000000006,21.287229156998073
56.0,ew_16,BS_1,BS_1,1,max_snr,-2.8527708430019256,38.0,-2.8527708430019256
56.0,se_6,BS_1,BS_1,1,max_snr,19.987229156998083,330.0,19.987229156998083
56.0,se_7,BS_1,BS_1,1,max_snr,20.24722915699807,440.00000000000006,20.24722915699807
56.0,se_9,BS_1,BS_1,1,max_snr,20.627229156998084,440.00000000000006,20.627229156998084
56.0,wn_6,BS_1,BS_1,1,max_snr,20.327229156998072,440.00000000000006,20.327229156998072
56.0,wn_7,BS_1,BS_1,1,max_snr,20.40722915699808,440.00000000000006,20.40722915699808
56.0,wn_9,BS_1,BS_1,1,max_snr,20.56722915699808,440.00000000000006,20.56722915699808
57.0,se_9,BS_1,BS_1,1,max_snr,20.337229156998077,440.00000000000006,20.337229156998077
57.0,wn_9,BS_1,BS_1,1,max_snr,20.66722915699807,440.00000000000006,20.66722915699807
58.0,se_9,BS_1,BS_1,1,max_snr,20.287229156998077,440.00000000000006,20.287229156998077
58.0,wn_9,BS_1,BS_1,1,max_snr,20.437229156998065,440.00000000000006,20.437229156998065
59.0,se_9,BS_1,BS_1,1,max_snr,19.927229156998077,330.0,19.927229156998077
59.0,wn_9,BS_1,BS_1,1,max_snr,19.95722915699808,330.0,19.95722915699808
60.0,se_9,BS_1,BS_1,1,max_snr,19.667229156998072,330.0,19.667229156998072
60.0,wn_9,BS_1,BS_1,1,max_snr,20.047229156998068,440.00000000000006,20.047229156998068
