timestamp,vehicle_id,selected_action_type,selected_bs_id,selected_relay_id,accepted,opt_rate_used,truth_rate_mcs_effective,method,objective
0.0,we_0,direct,BS_1,-1,1,38.0,38.0,greedy_mcs,throughput
1.0,we_1,direct,BS_1,-1,1,38.0,38.0,greedy_mcs,throughput
1.0,ew_0,direct,BS_1,-1,1,440.00000000000006,440.00000000000006,greedy_mcs,throughput
1.0,sn_0,direct,BS_1,-1,1,38.0,38.0,greedy_mcs,throughput
1.0,ns_0,direct,BS_1,-1,1,330.0,330.0,greedy_mcs,throughput
1.0,we_0,direct,BS_1,-1,1,38.0,38.0,greedy_mcs,throughput
2.0,we_1,direct,BS_1,-1,1,38.0,38.0,greedy_mcs,throughput
2.0,ns_1,direct,BS_1,-1,1,440.00000000000006,440.00000000000006,greedy_mcs,throughput
2.0,se_0,direct,BS_1,-1,1,38.0,38.0,greedy_mcs,throughput
2.0,wn_0,direct,BS_1,-1,1,38.0,38.0,greedy_mcs,throughput
2.0,ew_1,relay,BS_1,ew_0,1,440.00000000000006,440.00000000000006,greedy_mcs,throughput
2.0,ew_0,direct,BS_1,-1,1,440.00000000000006,440.00000000000006,greedy_mcs,throughput
2.0,sn_0,direct,BS_1,-1,1,38.0,38.0,greedy_mcs,throughput
2.0,ns_0,direct,BS_1,-1,1,440.00000000000006,440.00000000000006,greedy_mcs,throughput
2.0,we_2,direct,BS_1,-1,1,38.0,38.0,greedy_mcs,throughput
2.0,sn_2,direct,BS_1,-1,1,38.0,38.0,greedy_mcs,throughput
2.0,sn_1,none,-1,-1,0,0.0,0.0,greedy_mcs,throughput
2.0,we_0,none,-1,-1,0,0.0,0.0,greedy_mcs,throughput
3.0,we_1,direct,BS_1,-1,1,38.0,38.0,greedy_mcs,throughput
3.0,ns_1,direct,BS_1,-1,1,440.00000000000006,440.00000000000006,greedy_mcs,throughput
3.0,se_0,direct,BS_1,-1,1,38.0,38.0,greedy_mcs,throughput
3.0,wn_0,direct,BS_1,-1,1,38.0,38.0,greedy_mcs,throughput
3.0,ew_1,direct,BS_1,-1,1,440.00000000000006,440.00000000000006,greedy_mcs,throughput
3.0,ew_0,direct,BS_1,-1,1,440.00000000000006,440.00000000000006,greedy_mcs,throughput
3.0,sn_0,direct,BS_1,-1,1,38.0,38.0,greedy_mcs,throughput
3.0,we_3,none,-1,-1,0,0.0,0.0,greedy_mcs,throughput
3.0,ew_2,direct,BS_1,-1,1,440.00000000000006,440.00000000000006,greedy_mcs,throughput
3.0,ns_0,direct,BS_1,-1,1,440.00000000000006,440.00000000000006,greedy_mcs,throughput
3.0,se_1,none,-1,-1,0,0.0,0.0,greedy_mcs,throughput
3.0,sn_3,none,-1,-1,0,0.0,0.0,greedy_mcs,throughput
3.0,wn_1,none,-1,-1,0,0.0,0.0,greedy_mcs,throughput
3.0,we_2,none,-1,-1,0,0.0,0.0,greedy_mcs,throughput
3.0,sn_2,none,-1,-1,0,0.0,0.0,greedy_mcs,throughput
3.0,ns_2,relay,BS_1,ns_1,1,440.00000000000006,440.00000000000006,greedy_mcs,throughput
3.0,sn_1,none,-1,-1,0,0.0,0.0,greedy_mcs,throughput
3.0,we_0,none,-1,-1,0,0.0,0.0,greedy_mcs,throughput
4.0,sn_4,direct,BS_1,-1,1,38.0,38.0,greedy_mcs,throughput
4.0,we_3,none,-1,-1,0,0.0,0.0,greedy_mcs,throughput
4.0,wn_1,none,-1,-1,0,0.0,0.0,greedy_mcs,throughput
4.0,we_5,none,-1,-1,0,0.0,0.0,greedy_mcs,throughput
4.0,wn_2,none,-1,-1,0,0.0,0.0,greedy_mcs,throughput
4.0,ew_3,direct,BS_1,-1,1,440.00000000000006,440.00000000000006,greedy_mcs,throughput
4.0,we_0,none,-1,-1,0,0.0,0.0,greedy_mcs,throughput
4.0,wn_0,none,-1,-1,0,0.0,0.0,greedy_mcs,throughput
4.0,ns_0,direct,BS_1,-1,1,440.00000000000006,440.00000000000006,greedy_mcs,throughput
4.0,sn_1,none,-1,-1,0,0.0,0.0,greedy_mcs,throughput
4.0,we_1,none,-1,-1,0,0.0,0.0,greedy_mcs,throughput
4.0,ns_3,direct,BS_1,-1,1,440.00000000000006,440.00000000000006,greedy_mcs,throughput
4.0,ew_0,direct,BS_1,-1,1,440.00000000000006,440.00000000000006,greedy_mcs,throughput
4.0,ew_2,direct,BS_1,-1,1,440.00000000000006,440.00000000000006,greedy_mcs,throughput
4.0,se_1,none,-1,-1,0,0.0,0.0,greedy_mcs,throughput
4.0,we_2,none,-1,-1,0,0.0,0.0,greedy_mcs,throughput
4.0,sn_2,none,-1,-1,0,0.0,0.0,greedy_mcs,throughput
4.0,ns_1,direct,BS_1,-1,1,440.00000000000006,440.00000000000006,greedy_mcs,throughput
4.0,ew_4,relay,BS_1,ew_3,1,440.00000000000006,440.00000000000006,greedy_mcs,throughput
4.0,se_0,none,-1,-1,0,0.0,0.0,greedy_mcs,throughput
4.0,ew_1,direct,BS_1,-1,1,440.00000000000006,440.00000000000006,greedy_mcs,throughput
4.0,sn_0,none,-1,-1,0,0.0,0.0,greedy_mcs,throughput
4.0,sn_3,none,-1,-1,0,0.0,0.0,greedy_mcs,throughput
4.0,we_4,none,-1,-1,0,0.0,0.0,greedy_mcs,throughput
4.0,se_2,none,-1,-1,0,0.0,0.0,greedy_mcs,throughput
4.0,ns_2,direct,BS_1,-1,1,440.00000000000006,440.00000000000006,greedy_mcs,throughput
5.0,sn_4,none,-1,-1,0,0.0,0.0,greedy_mcs,throughput
5.0,we_3,none,-1,-1,0,0.0,0.0,greedy_mcs,throughput
5.0,wn_1,none,-1,-1,0,0.0,0.0,greedy_mcs,throughput
5.0,sn_5,none,-1,-1,0,0.0,0.0,greedy_mcs,throughput
5.0,we_5,none,-1,-1,0,0.0,0.0,greedy_mcs,throughput
5.0,wn_2,none,-1,-1,0,0.0,0.0,greedy_mcs,throughput
5.0,ew_3,direct,BS_1,-1,1,440.00000000000006,440.00000000000006,greedy_mcs,throughput
5.0,we_0,none,-1,-1,0,0.0,0.0,greedy_mcs,throughput
5.0,wn_0,none,-1,-1,0,0.0,0.0,greedy_mcs,throughput
5.0,we_6,none,-1,-1,0,0.0,0.0,greedy_mcs,throughput
5.0,ns_0,direct,BS_1,-1,1,440.00000000000006,440.00000000000006,greedy_mcs,throughput
5.0,ns_5,relay,BS_1,ns_3,1,440.00000000000006,440.00000000000006,greedy_mcs,throughput
5.0,sn_1,none,-1,-1,0,0.0,0.0,greedy_mcs,throughput
5.0,we_1,none,-1,-1,0,0.0,0.0,greedy_mcs,throughput
5.0,ew_5,direct,BS_1,-1,1,440.00000000000006,440.00000000000006,greedy_mcs,throughput
5.0,wn_3,none,-1,-1,0,0.0,0.0,greedy_mcs,throughput
5.0,ns_3,direct,BS_1,-1,1,440.00000000000006,440.00000000000006,greedy_mcs,throughput
5.0,ew_0,direct,BS_1,-1,1,440.00000000000006,440.00000000000006,greedy_mcs,throughput
5.0,ew_2,direct,BS_1,-1,1,440.00000000000006,440.00000000000006,greedy_mcs,throughput
5.0,se_1,none,-1,-1,0,0.0,0.0,greedy_mcs,throughput
5.0,we_2,none,-1,-1,0,0.0,0.0,greedy_mcs,throughput
5.0,sn_2,none,-1,-1,0,0.0,0.0,greedy_mcs,throughput
5.0,ns_1,direct,BS_1,-1,1,440.00000000000006,440.00000000000006,greedy_mcs,throughput
5.0,ew_4,direct,BS_1,-1,1,440.00000000000006,440.00000000000006,greedy_mcs,throughput
5.0,se_0,none,-1,-1,0,0.0,0.0,greedy_mcs,throughput
5.0,ew_1,direct,BS_1,-1,1,440.00000000000006,440.00000000000006,greedy_mcs,throughput
5.0,ns_4,none,-1,-1,0,0.0,0.0,greedy_mcs,throughput
5.0,sn_0,none,-1,-1,0,0.0,0.0,greedy_mcs,throughput
5.0,sn_3,none,-1,-1,0,0.0,0.0,greedy_mcs,throughput
5.0,we_4,none,-1,-1,0,0.0,0.0,greedy_mcs,throughput
5.0,se_2,none,-1,-1,0,0.0,0.0,greedy_mcs,throughput
5.0,ns_2,none,-1,-1,0,0.0,0.0,greedy_mcs,throughput
6.0,sn_4,none,-1,-1,0,0.0,0.0,greedy_mcs,throughput
6.0,we_3,none,-1,-1,0,0.0,0.0,greedy_mcs,throughput
6.0,wn_1,none,-1,-1,0,0.0,0.0,greedy_mcs,throughput
6.0,sn_5,none,-1,-1,0,0.0,0.0,greedy_mcs,throughput
6.0,we_5,none,-1,-1,0,0.0,0.0,greedy_mcs,throughput
6.0,wn_2,none,-1,-1,0,0.0,0.0,greedy_mcs,throughput
6.0,ew_3,direct,BS_1,-1,1,440.00000000000006,440.00000000000006,greedy_mcs,throughput
6.0,we_0,none,-1,-1,0,0.0,0.0,greedy_mcs,throughput
6.0,wn_0,none,-1,-1,0,0.0,0.0,greedy_mcs,throughput
6.0,we_6,none,-1,-1,0,0.0,0.0,greedy_mcs,throughput
6.0,ns_0,direct,BS_1,-1,1,440.00000000000006,440.00000000000006,greedy_mcs,throughput
6.0,sn_7,none,-1,-1,0,0.0,0.0,greedy_mcs,throughput
6.0,ns_5,direct,BS_1,-1,1,440.00000000000006,440.00000000000006,greedy_mcs,throughput
6.0,sn_1,none,-1,-1,0,0.0,0.0,greedy_mcs,throughput
6.0,sn_6,none,-1,-1,0,0.0,0.0,greedy_mcs,throughput
6.0,we_1,none,-1,-1,0,0.0,0.0,greedy_mcs,throughput
6.0,ew_5,direct,BS_1,-1,1,440.00000000000006,440.00000000000006,greedy_mcs,throughput
6.0,wn_3,none,-1,-1,0,0.0,0.0,greedy_mcs,throughput
6.0,we_7,none,-1,-1,0,0.0,0.0,greedy_mcs,throughput
6.0,ns_3,direct,BS_1,-1,1,440.00000000000006,440.00000000000006,greedy_mcs,throughput
6.0,ew_0,direct,BS_1,-1,1,440.00000000000006,440.00000000000006,greedy_mcs,throughput
6.0,ew_2,direct,BS_1,-1,1,440.00000000000006,440.00000000000006,greedy_mcs,throughput
6.0,se_1,none,-1,-1,0,0.0,0.0,greedy_mcs,throughput
6.0,se_3,none,-1,-1,0,0.0,0.0,greedy_mcs,throughput
6.0,we_2,none,-1,-1,0,0.0,0.0,greedy_mcs,throughput
6.0,ew_6,relay,BS_1,ew_5,1,440.00000000000006,440.00000000000006,greedy_mcs,throughput
6.0,sn_2,none,-1,-1,0,0.0,0.0,greedy_mcs,throughput
6.0,ns_1,direct,BS_1,-1,1,440.00000000000006,440.00000000000006,greedy_mcs,throughput
6.0,ew_4,direct,BS_1,-1,1,440.00000000000006,440.00000000000006,greedy_mcs,throughput
6.0,se_0,none,-1,-1,0,0.0,0.0,greedy_mcs,throughput
6.0,ew_1,none,-1,-1,0,0.0,0.0,greedy_mcs,throughput
6.0,ns_4,none,-1,-1,0,0.0,0.0,greedy_mcs,throughput
6.0,sn_0,none,-1,-1,0,0.0,0.0,greedy_mcs,throughput
6.0,sn_3,none,-1,-1,0,0.0,0.0,greedy_mcs,throughput
6.0,we_4,none,-1,-1,0,0.0,0.0,greedy_mcs,throughput
6.0,se_2,none,-1,-1,0,0.0,0.0,greedy_mcs,throughput
6.0,ns_2,none,-1,-1,0,0.0,0.0,greedy_mcs,throughput
6.0,ns_6,none,-1,-1,0,0.0,0.0,greedy_mcs,throughput
7.0,sn_4,none,-1,-1,0,0.0,0.0,greedy_mcs,throughput
7.0,we_3,none,-1,-1,0,0.0,0.0,greedy_mcs,throughput
7.0,ns_7,relay,BS_1,ns_6,1,440.00000000000006,440.00000000000006,greedy_mcs,throughput
7.0,ew_7,direct,BS_1,-1,1,440.00000000000006,440.00000000000006,greedy_mcs,throughput
7.0,sn_5,none,-1,-1,0,0.0,0.0,greedy_mcs,throughput
7.0,wn_1,none,-1,-1,0,0.0,0.0,greedy_mcs,throughput
7.0,we_5,none,-1,-1,0,0.0,0.0,greedy_mcs,throughput
7.0,wn_2,none,-1,-1,0,0.0,0.0,greedy_mcs,throughput
7.0,ew_3,direct,BS_1,-1,1,440.00000000000006,440.00000000000006,greedy_mcs,throughput
7.0,we_0,none,-1,-1,0,0.0,0.0,greedy_mcs,throughput
7.0,wn_0,none,-1,-1,0,0.0,0.0,greedy_mcs,throughput
7.0,we_6,none,-1,-1,0,0.0,0.0,greedy_mcs,throughput
7.0,we_8,none,-1,-1,0,0.0,0.0,greedy_mcs,throughput
7.0,ns_0,direct,BS_1,-1,1,440.00000000000006,440.00000000000006,greedy_mcs,throughput
7.0,sn_7,none,-1,-1,0,0.0,0.0,greedy_mcs,throughput
7.0,ns_5,direct,BS_1,-1,1,440.00000000000006,440.00000000000006,greedy_mcs,throughput
7.0,sn_1,none,-1,-1,0,0.0,0.0,greedy_mcs,throughput
7.0,sn_6,none,-1,-1,0,0.0,0.0,greedy_mcs,throughput
7.0,we_1,none,-1,-1,0,0.0,0.0,greedy_mcs,throughput
7.0,ew_5,direct,BS_1,-1,1,440.00000000000006,440.00000000000006,greedy_mcs,throughput
7.0,wn_3,none,-1,-1,0,0.0,0.0,greedy_mcs,throughput
7.0,we_7,none,-1,-1,0,0.0,0.0,greedy_mcs,throughput
7.0,ns_3,direct,BS_1,-1,1,440.00000000000006,440.00000000000006,greedy_mcs,throughput
7.0,ew_0,direct,BS_1,-1,1,440.00000000000006,440.00000000000006,greedy_mcs,throughput
7.0,ew_2,direct,BS_1,-1,1,440.00000000000006,440.00000000000006,greedy_mcs,throughput
7.0,se_1,none,-1,-1,0,0.0,0.0,greedy_mcs,throughput
7.0,se_3,none,-1,-1,0,0.0,0.0,greedy_mcs,throughput
7.0,we_2,none,-1,-1,0,0.0,0.0,greedy_mcs,throughput
7.0,sn_8,none,-1,-1,0,0.0,0.0,greedy_mcs,throughput
7.0,sn_2,none,-1,-1,0,0.0,0.0,greedy_mcs,throughput
7.0,ew_6,direct,BS_1,-1,1,440.00000000000006,440.00000000000006,greedy_mcs,throughput
7.0,ns_1,none,-1,-1,0,0.0,0.0,greedy_mcs,throughput
7.0,ew_4,none,-1,-1,0,0.0,0.0,greedy_mcs,throughput
7.0,se_0,none,-1,-1,0,0.0,0.0,greedy_mcs,throughput
7.0,ew_8,none,-1,-1,0,0.0,0.0,greedy_mcs,throughput
7.0,ew_1,none,-1,-1,0,0.0,0.0,greedy_mcs,throughput
7.0,ns_4,none,-1,-1,0,0.0,0.0,greedy_mcs,throughput
7.0,sn_0,none,-1,-1,0,0.0,0.0,greedy_mcs,throughput
7.0,sn_3,none,-1,-1,0,0.0,0.0,greedy_mcs,throughput
7.0,se_4,none,-1,-1,0,0.0,0.0,greedy_mcs,throughput
7.0,we_4,none,-1,-1,0,0.0,0.0,greedy_mcs,throughput
7.0,se_2,none,-1,-1,0,0.0,0.0,greedy_mcs,throughput
7.0,ns_2,none,-1,-1,0,0.0,0.0,greedy_mcs,throughput
7.0,wn_4,none,-1,-1,0,0.0,0.0,greedy_mcs,throughput
7.0,ns_6,none,-1,-1,0,0.0,0.0,greedy_mcs,throughput
8.0,sn_4,none,-1,-1,0,0.0,0.0,greedy_mcs,throughput
8.0,we_10,none,-1,-1,0,0.0,0.0,greedy_mcs,throughput
8.0,we_3,none,-1,-1,0,0.0,0.0,greedy_mcs,throughput
8.0,sn_9,none,-1,-1,0,0.0,0.0,greedy_mcs,throughput
8.0,ns_7,relay,BS_1,ns_6,1,440.00000000000006,440.00000000000006,greedy_mcs,throughput
8.0,ew_7,direct,BS_1,-1,1,440.00000000000006,440.00000000000006,greedy_mcs,throughput
8.0,sn_5,none,-1,-1,0,0.0,0.0,greedy_mcs,throughput
8.0,wn_1,none,-1,-1,0,0.0,0.0,greedy_mcs,throughput
8.0,we_5,none,-1,-1,0,0.0,0.0,greedy_mcs,throughput
8.0,wn_2,none,-1,-1,0,0.0,0.0,greedy_mcs,throughput
8.0,ew_3,direct,BS_1,-1,1,440.00000000000006,440.00000000000006,greedy_mcs,throughput
8.0,we_0,none,-1,-1,0,0.0,0.0,greedy_mcs,throughput
8.0,ns_8,direct,BS_1,-1,1,440.00000000000006,440.00000000000006,greedy_mcs,throughput
8.0,wn_0,none,-1,-1,0,0.0,0.0,greedy_mcs,throughput
8.0,we_6,none,-1,-1,0,0.0,0.0,greedy_mcs,throughput
8.0,we_8,none,-1,-1,0,0.0,0.0,greedy_mcs,throughput
8.0,ns_0,direct,BS_1,-1,1,440.00000000000006,440.00000000000006,greedy_mcs,throughput
8.0,sn_7,none,-1,-1,0,0.0,0.0,greedy_mcs,throughput
8.0,wn_5,none,-1,-1,0,0.0,0.0,greedy_mcs,throughput
8.0,ns_5,direct,BS_1,-1,1,440.00000000000006,440.00000000000006,greedy_mcs,throughput
8.0,we_9,none,-1,-1,0,0.0,0.0,greedy_mcs,throughput
8.0,ew_9,relay,BS_1,ew_7,1,440.00000000000006,440.00000000000006,greedy_mcs,throughput
8.0,sn_6,none,-1,-1,0,0.0,0.0,greedy_mcs,throughput
8.0,sn_1,none,-1,-1,0,0.0,0.0,greedy_mcs,throughput
8.0,we_1,none,-1,-1,0,0.0,0.0,greedy_mcs,throughput
8.0,ew_5,direct,BS_1,-1,1,440.00000000000006,440.00000000000006,greedy_mcs,throughput
8.0,wn_3,none,-1,-1,0,0.0,0.0,greedy_mcs,throughput
8.0,we_7,none,-1,-1,0,0.0,0.0,greedy_mcs,throughput
8.0,ns_3,direct,BS_1,-1,1,440.00000000000006,440.00000000000006,greedy_mcs,throughput
8.0,ew_0,direct,BS_1,-1,1,440.00000000000006,440.00000000000006,greedy_mcs,throughput
8.0,ew_2,none,-1,-1,0,0.0,0.0,greedy_mcs,throughput
8.0,se_1,none,-1,-1,0,0.0,0.0,greedy_mcs,throughput
8.0,se_3,none,-1,-1,0,0.0,0.0,greedy_mcs,throughput
8.0,we_2,none,-1,-1,0,0.0,0.0,greedy_mcs,throughput
8.0,sn_8,none,-1,-1,0,0.0,0.0,greedy_mcs,throughput
8.0,sn_2,none,-1,-1,0,0.0,0.0,greedy_mcs,throughput
8.0,ew_6,none,-1,-1,0,0.0,0.0,greedy_mcs,throughput
8.0,ns_1,none,-1,-1,0,0.0,0.0,greedy_mcs,throughput
8.0,ew_4,none,-1,-1,0,0.0,0.0,greedy_mcs,throughput
8.0,se_0,none,-1,-1,0,0.0,0.0,greedy_mcs,throughput
8.0,ew_8,none,-1,-1,0,0.0,0.0,greedy_mcs,throughput
8.0,ew_1,none,-1,-1,0,0.0,0.0,greedy_mcs,throughput
8.0,ns_4,none,-1,-1,0,0.0,0.0,greedy_mcs,throughput
8.0,sn_0,none,-1,-1,0,0.0,0.0,greedy_mcs,throughput
8.0,sn_3,none,-1,-1,0,0.0,0.0,greedy_mcs,throughput
8.0,se_5,none,-1,-1,0,0.0,0.0,greedy_mcs,throughput
8.0,se_4,none,-1,-1,0,0.0,0.0,greedy_mcs,throughput
8.0,we_4,none,-1,-1,0,0.0,0.0,greedy_mcs,throughput
8.0,se_2,none,-1,-1,0,0.0,0.0,greedy_mcs,throughput
8.0,ns_2,none,-1,-1,0,0.0,0.0,greedy_mcs,throughput
8.0,wn_4,none,-1,-1,0,0.0,0.0,greedy_mcs,throughput
8.0,ns_6,none,-1,-1,0,0.0,0.0,greedy_mcs,throughput
9.0,sn_4,none,-1,-1,0,0.0,0.0,greedy_mcs,throughput
9.0,we_10,none,-1,-1,0,0.0,0.0,greedy_mcs,throughput
9.0,we_3,none,-1,-1,0,0.0,0.0,greedy_mcs,throughput
9.0,sn_10,none,-1,-1,0,0.0,0.0,greedy_mcs,throughput
9.0,sn_9,none,-1,-1,0,0.0,0.0,greedy_mcs,throughput
9.0,ns_7,direct,BS_1,-1,1,440.00000000000006,440.00000000000006,greedy_mcs,throughput
9.0,ew_7,direct,BS_1,-1,1,440.00000000000006,440.00000000000006,greedy_mcs,throughput
9.0,sn_5,none,-1,-1,0,0.0,0.0,greedy_mcs,throughput
9.0,wn_1,none,-1,-1,0,0.0,0.0,greedy_mcs,throughput
9.0,we_5,none,-1,-1,0,0.0,0.0,greedy_mcs,throughput
9.0,wn_2,none,-1,-1,0,0.0,0.0,greedy_mcs,throughput
9.0,ew_3,direct,BS_1,-1,1,440.00000000000006,440.00000000000006,greedy_mcs,throughput
9.0,we_0,none,-1,-1,0,0.0,0.0,greedy_mcs,throughput
9.0,ns_8,direct,BS_1,-1,1,440.00000000000006,440.00000000000006,greedy_mcs,throughput
9.0,wn_0,none,-1,-1,0,0.0,0.0,greedy_mcs,throughput
9.0,we_6,none,-1,-1,0,0.0,0.0,greedy_mcs,throughput
9.0,we_8,none,-1,-1,0,0.0,0.0,greedy_mcs,throughput
9.0,ns_0,direct,BS_1,-1,1,440.00000000000006,440.00000000000006,greedy_mcs,throughput
9.0,sn_7,none,-1,-1,0,0.0,0.0,greedy_mcs,throughput
9.0,wn_5,none,-1,-1,0,0.0,0.0,greedy_mcs,throughput
9.0,ns_5,direct,BS_1,-1,1,440.00000000000006,440.00000000000006,greedy_mcs,throughput
9.0,we_9,none,-1,-1,0,0.0,0.0,greedy_mcs,throughput
9.0,ew_9,direct,BS_1,-1,1,440.00000000000006,440.00000000000006,greedy_mcs,throughput
9.0,sn_6,none,-1,-1,0,0.0,0.0,greedy_mcs,throughput
9.0,sn_1,none,-1,-1,0,0.0,0.0,greedy_mcs,throughput
9.0,we_1,none,-1,-1,0,0.0,0.0,greedy_mcs,throughput
9.0,ew_5,direct,BS_1,-1,1,440.00000000000006,440.00000000000006,greedy_mcs,throughput
9.0,wn_3,none,-1,-1,0,0.0,0.0,greedy_mcs,throughput
9.0,we_7,none,-1,-1,0,0.0,0.0,greedy_mcs,throughput
9.0,ns_3,direct,BS_1,-1,1,440.00000000000006,440.00000000000006,greedy_mcs,throughput
9.0,ew_0,direct,BS_1,-1,1,440.00000000000006,440.00000000000006,greedy_mcs,throughput
9.0,we_11,none,-1,-1,0,0.0,0.0,greedy_mcs,throughput
9.0,ew_10,none,-1,-1,0,0.0,0.0,greedy_mcs,throughput
9.0,ew_2,none,-1,-1,0,0.0,0.0,greedy_mcs,throughput
9.0,se_6,none,-1,-1,0,0.0,0.0,greedy_mcs,throughput
9.0,se_1,none,-1,-1,0,0.0,0.0,greedy_mcs,throughput
9.0,se_3,none,-1,-1,0,0.0,0.0,greedy_mcs,throughput
9.0,we_2,none,-1,-1,0,0.0,0.0,greedy_mcs,throughput
9.0,sn_8,none,-1,-1,0,0.0,0.0,greedy_mcs,throughput
9.0,sn_2,none,-1,-1,0,0.0,0.0,greedy_mcs,throughput
9.0,ew_6,none,-1,-1,0,0.0,0.0,greedy_mcs,throughput
9.0,wn_6,none,-1,-1,0,0.0,0.0,greedy_mcs,throughput
9.0,ns_1,none,-1,-1,0,0.0,0.0,greedy_mcs,throughput
9.0,ew_4,none,-1,-1,0,0.0,0.0,greedy_mcs,throughput
9.0,se_0,none,-1,-1,0,0.0,0.0,greedy_mcs,throughput
9.0,ew_8,none,-1,-1,0,0.0,0.0,greedy_mcs,throughput
9.0,ew_1,none,-1,-1,0,0.0,0.0,greedy_mcs,throughput
9.0,ns_4,none,-1,-1,0,0.0,0.0,greedy_mcs,throughput
9.0,sn_0,none,-1,-1,0,0.0,0.0,greedy_mcs,throughput
9.0,ns_9,none,-1,-1,0,0.0,0.0,greedy_mcs,throughput
9.0,sn_3,none,-1,-1,0,0.0,0.0,greedy_mcs,throughput
9.0,se_5,none,-1,-1,0,0.0,0.0,greedy_mcs,throughput
9.0,se_4,none,-1,-1,0,0.0,0.0,greedy_mcs,throughput
9.0,we_4,none,-1,-1,0,0.0,0.0,greedy_mcs,throughput
9.0,se_2,none,-1,-1,0,0.0,0.0,greedy_mcs,throughput
9.0,ns_10,none,-1,-1,0,0.0,0.0,greedy_mcs,throughput
9.0,ns_2,none,-1,-1,0,0.0,0.0,greedy_mcs,throughput
9.0,wn_4,none,-1,-1,0,0.0,0.0,greedy_mcs,throughput
9.0,ns_6,none,-1,-1,0,0.0,0.0,greedy_mcs,throughput
10.0,sn_4,none,-1,-1,0,0.0,0.0,greedy_mcs,throughput
10.0,we_10,none,-1,-1,0,0.0,0.0,greedy_mcs,throughput
10.0,se_7,none,-1,-1,0,0.0,0.0,greedy_mcs,throughput
10.0,we_3,none,-1,-1,0,0.0,0.0,greedy_mcs,throughput
10.0,sn_9,none,-1,-1,0,0.0,0.0,greedy_mcs,throughput
10.0,sn_10,none,-1,-1,0,0.0,0.0,greedy_mcs,throughput
10.0,ns_7,direct,BS_1,-1,1,440.00000000000006,440.00000000000006,greedy_mcs,throughput
10.0,ew_7,direct,BS_1,-1,1,440.00000000000006,440.00000000000006,greedy_mcs,throughput
10.0,sn_5,none,-1,-1,0,0.0,0.0,greedy_mcs,throughput
10.0,wn_1,none,-1,-1,0,0.0,0.0,greedy_mcs,throughput
10.0,we_5,none,-1,-1,0,0.0,0.0,greedy_mcs,throughput
10.0,wn_2,none,-1,-1,0,0.0,0.0,greedy_mcs,throughput
10.0,ew_3,direct,BS_1,-1,1,440.00000000000006,440.00000000000006,greedy_mcs,throughput
10.0,we_0,none,-1,-1,0,0.0,0.0,greedy_mcs,throughput
10.0,ns_8,direct,BS_1,-1,1,440.00000000000006,440.00000000000006,greedy_mcs,throughput
10.0,we_12,none,-1,-1,0,0.0,0.0,greedy_mcs,throughput
10.0,wn_0,none,-1,-1,0,0.0,0.0,greedy_mcs,throughput
10.0,we_6,none,-1,-1,0,0.0,0.0,greedy_mcs,throughput
10.0,we_8,none,-1,-1,0,0.0,0.0,greedy_mcs,throughput
10.0,ns_0,direct,BS_1,-1,1,440.00000000000006,440.00000000000006,greedy_mcs,throughput
10.0,sn_7,none,-1,-1,0,0.0,0.0,greedy_mcs,throughput
10.0,wn_5,none,-1,-1,0,0.0,0.0,greedy_mcs,throughput
10.0,ns_5,direct,BS_1,-1,1,440.00000000000006,440.00000000000006,greedy_mcs,throughput
10.0,sn_12,none,-1,-1,0,0.0,0.0,greedy_mcs,throughput
10.0,ew_11,relay,BS_1,ew_10,1,440.00000000000006,440.00000000000006,greedy_mcs,throughput
10.0,we_9,none,-1,-1,0,0.0,0.0,greedy_mcs,throughput
10.0,ew_9,direct,BS_1,-1,1,440.00000000000006,440.00000000000006,greedy_mcs,throughput
10.0,sn_1,none,-1,-1,0,0.0,0.0,greedy_mcs,throughput
10.0,sn_6,none,-1,-1,0,0.0,0.0,greedy_mcs,throughput
10.0,we_1,none,-1,-1,0,0.0,0.0,greedy_mcs,throughput
10.0,ew_5,direct,BS_1,-1,1,440.00000000000006,440.00000000000006,greedy_mcs,throughput
10.0,wn_3,none,-1,-1,0,0.0,0.0,greedy_mcs,throughput
10.0,we_7,none,-1,-1,0,0.0,0.0,greedy_mcs,throughput
10.0,ns_3,direct,BS_1,-1,1,440.00000000000006,440.00000000000006,greedy_mcs,throughput
10.0,ew_0,none,-1,-1,0,0.0,0.0,greedy_mcs,throughput
10.0,we_11,none,-1,-1,0,0.0,0.0,greedy_mcs,throughput
10.0,ew_10,none,-1,-1,0,0.0,0.0,greedy_mcs,throughput
10.0,ew_2,none,-1,-1,0,0.0,0.0,greedy_mcs,throughput
10.0,se_6,none,-1,-1,0,0.0,0.0,greedy_mcs,throughput
10.0,se_1,none,-1,-1,0,0.0,0.0,greedy_mcs,throughput
10.0,se_3,none,-1,-1,0,0.0,0.0,greedy_mcs,throughput
10.0,we_2,none,-1,-1,0,0.0,0.0,greedy_mcs,throughput
10.0,sn_11,none,-1,-1,0,0.0,0.0,greedy_mcs,throughput
10.0,sn_8,none,-1,-1,0,0.0,0.0,greedy_mcs,throughput
10.0,sn_2,none,-1,-1,0,0.0,0.0,greedy_mcs,throughput
10.0,ew_6,none,-1,-1,0,0.0,0.0,greedy_mcs,throughput
10.0,wn_6,none,-1,-1,0,0.0,0.0,greedy_mcs,throughput
10.0,wn_7,none,-1,-1,0,0.0,0.0,greedy_mcs,throughput
10.0,ns_1,none,-1,-1,0,0.0,0.0,greedy_mcs,throughput
10.0,ew_4,none,-1,-1,0,0.0,0.0,greedy_mcs,throughput
10.0,ns_11,none,-1,-1,0,0.0,0.0,greedy_mcs,throughput
10.0,ew_8,none,-1,-1,0,0.0,0.0,greedy_mcs,throughput
10.0,ew_1,none,-1,-1,0,0.0,0.0,greedy_mcs,throughput
10.0,se_0,none,-1,-1,0,0.0,0.0,greedy_mcs,throughput
10.0,ns_4,none,-1,-1,0,0.0,0.0,greedy_mcs,throughput
10.0,sn_0,none,-1,-1,0,0.0,0.0,greedy_mcs,throughput
10.0,ns_9,none,-1,-1,0,0.0,0.0,greedy_mcs,throughput
10.0,sn_3,none,-1,-1,0,0.0,0.0,greedy_mcs,throughput
10.0,se_5,none,-1,-1,0,0.0,0.0,greedy_mcs,throughput
10.0,se_4,none,-1,-1,0,0.0,0.0,greedy_mcs,throughput
10.0,we_4,none,-1,-1,0,0.0,0.0,greedy_mcs,throughput
10.0,se_2,none,-1,-1,0,0.0,0.0,greedy_mcs,throughput
10.0,ns_10,none,-1,-1,0,0.0,0.0,greedy_mcs,throughput
10.0,ns_2,none,-1,-1,0,0.0,0.0,greedy_mcs,throughput
10.0,wn_4,none,-1,-1,0,0.0,0.0,greedy_mcs,throughput
10.0,ns_6,none,-1,-1,0,0.0,0.0,greedy_mcs,throughput
11.0,sn_4,none,-1,-1,0,0.0,0.0,greedy_mcs,throughput
11.0,we_10,none,-1,-1,0,0.0,0.0,greedy_mcs,throughput
11.0,se_7,none,-1,-1,0,0.0,0.0,greedy_mcs,throughput
11.0,we_3,none,-1,-1,0,0.0,0.0,greedy_mcs,throughput
11.0,sn_9,none,-1,-1,0,0.0,0.0,greedy_mcs,throughput
11.0,sn_10,none,-1,-1,0,0.0,0.0,greedy_mcs,throughput
11.0,ns_7,direct,BS_1,-1,1,440.00000000000006,440.00000000000006,greedy_mcs,throughput
11.0,ew_7,direct,BS_1,-1,1,440.00000000000006,440.00000000000006,greedy_mcs,throughput
11.0,sn_5,none,-1,-1,0,0.0,0.0,greedy_mcs,throughput
11.0,wn_1,none,-1,-1,0,0.0,0.0,greedy_mcs,throughput
11.0,we_5,none,-1,-1,0,0.0,0.0,greedy_mcs,throughput
11.0,wn_2,none,-1,-1,0,0.0,0.0,greedy_mcs,throughput
11.0,ew_3,direct,BS_1,-1,1,440.00000000000006,440.00000000000006,greedy_mcs,throughput
11.0,we_0,none,-1,-1,0,0.0,0.0,greedy_mcs,throughput
11.0,ew_12,direct,BS_1,-1,1,440.00000000000006,440.00000000000006,greedy_mcs,throughput
11.0,we_12,none,-1,-1,0,0.0,0.0,greedy_mcs,throughput
11.0,ns_8,direct,BS_1,-1,1,440.00000000000006,440.00000000000006,greedy_mcs,throughput
11.0,wn_0,none,-1,-1,0,0.0,0.0,greedy_mcs,throughput
11.0,we_6,none,-1,-1,0,0.0,0.0,greedy_mcs,throughput
11.0,we_8,none,-1,-1,0,0.0,0.0,greedy_mcs,throughput
11.0,ns_0,direct,BS_1,-1,1,440.00000000000006,440.00000000000006,greedy_mcs,throughput
11.0,sn_7,none,-1,-1,0,0.0,0.0,greedy_mcs,throughput
11.0,wn_5,none,-1,-1,0,0.0,0.0,greedy_mcs,throughput
11.0,ns_5,direct,BS_1,-1,1,440.00000000000006,440.00000000000006,greedy_mcs,throughput
11.0,sn_12,none,-1,-1,0,0.0,0.0,greedy_mcs,throughput
11.0,ew_11,direct,BS_1,-1,1,440.00000000000006,440.00000000000006,greedy_mcs,throughput
11.0,we_9,none,-1,-1,0,0.0,0.0,greedy_mcs,throughput
11.0,ew_9,direct,BS_1,-1,1,440.00000000000006,440.00000000000006,greedy_mcs,throughput
11.0,sn_1,none,-1,-1,0,0.0,0.0,greedy_mcs,throughput
11.0,sn_6,none,-1,-1,0,0.0,0.0,greedy_mcs,throughput
11.0,we_1,none,-1,-1,0,0.0,0.0,greedy_mcs,throughput
11.0,ew_5,direct,BS_1,-1,1,440.00000000000006,440.00000000000006,greedy_mcs,throughput
11.0,wn_3,none,-1,-1,0,0.0,0.0,greedy_mcs,throughput
11.0,we_7,none,-1,-1,0,0.0,0.0,greedy_mcs,throughput
11.0,sn_13,none,-1,-1,0,0.0,0.0,greedy_mcs,throughput
11.0,ew_0,none,-1,-1,0,0.0,0.0,greedy_mcs,throughput
11.0,we_11,none,-1,-1,0,0.0,0.0,greedy_mcs,throughput
11.0,ns_3,none,-1,-1,0,0.0,0.0,greedy_mcs,throughput
11.0,ew_10,none,-1,-1,0,0.0,0.0,greedy_mcs,throughput
11.0,ew_2,none,-1,-1,0,0.0,0.0,greedy_mcs,throughput
11.0,we_13,none,-1,-1,0,0.0,0.0,greedy_mcs,throughput
11.0,se_6,none,-1,-1,0,0.0,0.0,greedy_mcs,throughput
11.0,wn_8,none,-1,-1,0,0.0,0.0,greedy_mcs,throughput
11.0,se_1,none,-1,-1,0,0.0,0.0,greedy_mcs,throughput
11.0,se_3,none,-1,-1,0,0.0,0.0,greedy_mcs,throughput
11.0,we_2,none,-1,-1,0,0.0,0.0,greedy_mcs,throughput
11.0,sn_11,none,-1,-1,0,0.0,0.0,greedy_mcs,throughput
11.0,sn_8,none,-1,-1,0,0.0,0.0,greedy_mcs,throughput
11.0,sn_2,none,-1,-1,0,0.0,0.0,greedy_mcs,throughput
11.0,ew_6,none,-1,-1,0,0.0,0.0,greedy_mcs,throughput
11.0,wn_6,none,-1,-1,0,0.0,0.0,greedy_mcs,throughput
11.0,wn_7,none,-1,-1,0,0.0,0.0,greedy_mcs,throughput
11.0,ns_1,none,-1,-1,0,0.0,0.0,greedy_mcs,throughput
11.0,ew_4,none,-1,-1,0,0.0,0.0,greedy_mcs,throughput
11.0,ns_11,none,-1,-1,0,0.0,0.0,greedy_mcs,throughput
11.0,ew_8,none,-1,-1,0,0.0,0.0,greedy_mcs,throughput
11.0,ew_1,none,-1,-1,0,0.0,0.0,greedy_mcs,throughput
11.0,se_0,none,-1,-1,0,0.0,0.0,greedy_mcs,throughput
11.0,ns_4,none,-1,-1,0,0.0,0.0,greedy_mcs,throughput
11.0,sn_0,none,-1,-1,0,0.0,0.0,greedy_mcs,throughput
11.0,ns_9,none,-1,-1,0,0.0,0.0,greedy_mcs,throughput
11.0,ns_12,none,-1,-1,0,0.0,0.0,greedy_mcs,throughput
11.0,ew_13,none,-1,-1,0,0.0,0.0,greedy_mcs,throughput
11.0,sn_3,none,-1,-1,0,0.0,0.0,greedy_mcs,throughput
11.0,se_5,none,-1,-1,0,0.0,0.0,greedy_mcs,throughput
11.0,se_4,none,-1,-1,0,0.0,0.0,greedy_mcs,throughput
11.0,we_4,none,-1,-1,0,0.0,0.0,greedy_mcs,throughput
11.0,se_2,none,-1,-1,0,0.0,0.0,greedy_mcs,throughput
11.0,ns_10,none,-1,-1,0,0.0,0.0,greedy_mcs,throughput
11.0,ns_2,none,-1,-1,0,0.0,0.0,greedy_mcs,throughput
11.0,wn_4,none,-1,-1,0,0.0,0.0,greedy_mcs,throughput
11.0,ns_6,none,-1,-1,0,0.0,0.0,greedy_mcs,throughput
12.0,sn_4,none,-1,-1,0,0.0,0.0,greedy_mcs,throughput
12.0,we_10,none,-1,-1,0,0.0,0.0,greedy_mcs,throughput
12.0,we_3,none,-1,-1,0,0.0,0.0,greedy_mcs,throughput
12.0,sn_10,none,-1,-1,0,0.0,0.0,greedy_mcs,throughput
12.0,sn_9,none,-1,-1,0,0.0,0.0,greedy_mcs,throughput
12.0,sn_5,none,-1,-1,0,0.0,0.0,greedy_mcs,throughput
12.0,ns_8,direct,BS_1,-1,1,440.00000000000006,440.00000000000006,greedy_mcs,throughput
12.0,sn_7,none,-1,-1,0,0.0,0.0,greedy_mcs,throughput
12.0,we_1,none,-1,-1,0,0.0,0.0,greedy_mcs,throughput
12.0,ns_3,direct,BS_1,-1,1,440.00000000000006,440.00000000000006,greedy_mcs,throughput
12.0,se_6,none,-1,-1,0,0.0,0.0,greedy_mcs,throughput
12.0,ew_14,relay,BS_1,ew_12,1,440.00000000000006,440.00000000000006,greedy_mcs,throughput
12.0,we_2,none,-1,-1,0,0.0,0.0,greedy_mcs,throughput
12.0,wn_6,none,-1,-1,0,0.0,0.0,greedy_mcs,throughput
12.0,ew_4,direct,BS_1,-1,1,440.00000000000006,440.00000000000006,greedy_mcs,throughput
12.0,ew_8,direct,BS_1,-1,1,440.00000000000006,440.00000000000006,greedy_mcs,throughput
12.0,ew_1,direct,BS_1,-1,1,440.00000000000006,440.00000000000006,greedy_mcs,throughput
12.0,ns_4,direct,BS_1,-1,1,440.00000000000006,440.00000000000006,greedy_mcs,throughput
12.0,ns_10,direct,BS_1,-1,1,440.00000000000006,440.00000000000006,greedy_mcs,throughput
12.0,ns_2,direct,BS_1,-1,1,440.00000000000006,440.00000000000006,greedy_mcs,throughput
12.0,wn_4,none,-1,-1,0,0.0,0.0,greedy_mcs,throughput
12.0,se_8,none,-1,-1,0,0.0,0.0,greedy_mcs,throughput
12.0,we_14,none,-1,-1,0,0.0,0.0,greedy_mcs,throughput
12.0,we_5,none,-1,-1,0,0.0,0.0,greedy_mcs,throughput
12.0,ew_3,direct,BS_1,-1,1,440.00000000000006,440.00000000000006,greedy_mcs,throughput
12.0,ew_12,none,-1,-1,0,0.0,0.0,greedy_mcs,throughput
12.0,wn_0,none,-1,-1,0,0.0,0.0,greedy_mcs,throughput
12.0,we_6,none,-1,-1,0,0.0,0.0,greedy_mcs,throughput
12.0,se_1,none,-1,-1,0,0.0,0.0,greedy_mcs,throughput
12.0,sn_8,none,-1,-1,0,0.0,0.0,greedy_mcs,throughput
12.0,wn_7,none,-1,-1,0,0.0,0.0,greedy_mcs,throughput
12.0,ns_12,none,-1,-1,0,0.0,0.0,greedy_mcs,throughput
12.0,sn_0,none,-1,-1,0,0.0,0.0,greedy_mcs,throughput
12.0,ns_13,none,-1,-1,0,0.0,0.0,greedy_mcs,throughput
12.0,sn_3,none,-1,-1,0,0.0,0.0,greedy_mcs,throughput
12.0,se_4,none,-1,-1,0,0.0,0.0,greedy_mcs,throughput
12.0,se_2,none,-1,-1,0,0.0,0.0,greedy_mcs,throughput
12.0,we_15,none,-1,-1,0,0.0,0.0,greedy_mcs,throughput
12.0,se_7,none,-1,-1,0,0.0,0.0,greedy_mcs,throughput
12.0,wn_1,none,-1,-1,0,0.0,0.0,greedy_mcs,throughput
12.0,ns_0,none,-1,-1,0,0.0,0.0,greedy_mcs,throughput
12.0,wn_5,none,-1,-1,0,0.0,0.0,greedy_mcs,throughput
12.0,ns_5,none,-1,-1,0,0.0,0.0,greedy_mcs,throughput
12.0,sn_12,none,-1,-1,0,0.0,0.0,greedy_mcs,throughput
12.0,ew_9,none,-1,-1,0,0.0,0.0,greedy_mcs,throughput
12.0,sn_1,none,-1,-1,0,0.0,0.0,greedy_mcs,throughput
12.0,sn_6,none,-1,-1,0,0.0,0.0,greedy_mcs,throughput
12.0,we_7,none,-1,-1,0,0.0,0.0,greedy_mcs,throughput
12.0,ew_0,none,-1,-1,0,0.0,0.0,greedy_mcs,throughput
12.0,ew_10,none,-1,-1,0,0.0,0.0,greedy_mcs,throughput
12.0,we_13,none,-1,-1,0,0.0,0.0,greedy_mcs,throughput
12.0,sn_14,none,-1,-1,0,0.0,0.0,greedy_mcs,throughput
12.0,ns_1,none,-1,-1,0,0.0,0.0,greedy_mcs,throughput
12.0,ns_11,none,-1,-1,0,0.0,0.0,greedy_mcs,throughput
12.0,ew_13,none,-1,-1,0,0.0,0.0,greedy_mcs,throughput
12.0,ew_6,none,-1,-1,0,0.0,0.0,greedy_mcs,throughput
12.0,ns_6,none,-1,-1,0,0.0,0.0,greedy_mcs,throughput
12.0,ns_7,none,-1,-1,0,0.0,0.0,greedy_mcs,throughput
12.0,ew_7,none,-1,-1,0,0.0,0.0,greedy_mcs,throughput
12.0,wn_2,none,-1,-1,0,0.0,0.0,greedy_mcs,throughput
12.0,we_0,none,-1,-1,0,0.0,0.0,greedy_mcs,throughput
12.0,we_12,none,-1,-1,0,0.0,0.0,greedy_mcs,throughput
12.0,we_8,none,-1,-1,0,0.0,0.0,greedy_mcs,throughput
12.0,ew_11,none,-1,-1,0,0.0,0.0,greedy_mcs,throughput
12.0,we_9,none,-1,-1,0,0.0,0.0,greedy_mcs,throughput
12.0,ew_5,none,-1,-1,0,0.0,0.0,greedy_mcs,throughput
12.0,wn_3,none,-1,-1,0,0.0,0.0,greedy_mcs,throughput
12.0,sn_13,none,-1,-1,0,0.0,0.0,greedy_mcs,throughput
12.0,we_11,none,-1,-1,0,0.0,0.0,greedy_mcs,throughput
12.0,ew_2,none,-1,-1,0,0.0,0.0,greedy_mcs,throughput
12.0,wn_8,none,-1,-1,0,0.0,0.0,greedy_mcs,throughput
12.0,se_3,none,-1,-1,0,0.0,0.0,greedy_mcs,throughput
12.0,sn_11,none,-1,-1,0,0.0,0.0,greedy_mcs,throughput
12.0,sn_2,none,-1,-1,0,0.0,0.0,greedy_mcs,throughput
12.0,se_0,none,-1,-1,0,0.0,0.0,greedy_mcs,throughput
12.0,ns_9,none,-1,-1,0,0.0,0.0,greedy_mcs,throughput
12.0,wn_9,none,-1,-1,0,0.0,0.0,greedy_mcs,throughput
12.0,se_5,none,-1,-1,0,0.0,0.0,greedy_mcs,throughput
12.0,we_4,none,-1,-1,0,0.0,0.0,greedy_mcs,throughput
13.0,sn_4,none,-1,-1,0,0.0,0.0,greedy_mcs,throughput
13.0,we_10,none,-1,-1,0,0.0,0.0,greedy_mcs,throughput
13.0,we_3,none,-1,-1,0,0.0,0.0,greedy_mcs,throughput
13.0,sn_10,none,-1,-1,0,0.0,0.0,greedy_mcs,throughput
13.0,sn_9,none,-1,-1,0,0.0,0.0,greedy_mcs,throughput
13.0,sn_5,none,-1,-1,0,0.0,0.0,greedy_mcs,throughput
13.0,ns_8,direct,BS_1,-1,1,440.00000000000006,440.00000000000006,greedy_mcs,throughput
13.0,sn_7,none,-1,-1,0,0.0,0.0,greedy_mcs,throughput
13.0,we_1,none,-1,-1,0,0.0,0.0,greedy_mcs,throughput
13.0,ns_3,direct,BS_1,-1,1,440.00000000000006,440.00000000000006,greedy_mcs,throughput
13.0,se_6,none,-1,-1,0,0.0,0.0,greedy_mcs,throughput
13.0,se_9,none,-1,-1,0,0.0,0.0,greedy_mcs,throughput
13.0,ew_15,direct,BS_1,-1,1,440.00000000000006,440.00000000000006,greedy_mcs,throughput
13.0,ew_14,direct,BS_1,-1,1,440.00000000000006,440.00000000000006,greedy_mcs,throughput
13.0,we_2,none,-1,-1,0,0.0,0.0,greedy_mcs,throughput
13.0,wn_6,none,-1,-1,0,0.0,0.0,greedy_mcs,throughput
13.0,ew_4,direct,BS_1,-1,1,440.00000000000006,440.00000000000006,greedy_mcs,throughput
13.0,ew_8,direct,BS_1,-1,1,440.00000000000006,440.00000000000006,greedy_mcs,throughput
13.0,ew_1,direct,BS_1,-1,1,440.00000000000006,440.00000000000006,greedy_mcs,throughput
13.0,ns_4,direct,BS_1,-1,1,440.00000000000006,440.00000000000006,greedy_mcs,throughput
13.0,ns_10,direct,BS_1,-1,1,440.00000000000006,440.00000000000006,greedy_mcs,throughput
13.0,ns_2,direct,BS_1,-1,1,440.00000000000006,440.00000000000006,greedy_mcs,throughput
13.0,wn_4,none,-1,-1,0,0.0,0.0,greedy_mcs,throughput
13.0,se_8,none,-1,-1,0,0.0,0.0,greedy_mcs,throughput
13.0,we_14,none,-1,-1,0,0.0,0.0,greedy_mcs,throughput
13.0,we_5,none,-1,-1,0,0.0,0.0,greedy_mcs,throughput
13.0,ew_3,none,-1,-1,0,0.0,0.0,greedy_mcs,throughput
13.0,ew_12,none,-1,-1,0,0.0,0.0,greedy_mcs,throughput
13.0,wn_0,none,-1,-1,0,0.0,0.0,greedy_mcs,throughput
13.0,we_6,none,-1,-1,0,0.0,0.0,greedy_mcs,throughput
13.0,ns_14,none,-1,-1,0,0.0,0.0,greedy_mcs,throughput
13.0,ns_15,none,-1,-1,0,0.0,0.0,greedy_mcs,throughput
13.0,se_1,none,-1,-1,0,0.0,0.0,greedy_mcs,throughput
13.0,sn_8,none,-1,-1,0,0.0,0.0,greedy_mcs,throughput
13.0,wn_7,none,-1,-1,0,0.0,0.0,greedy_mcs,throughput
13.0,ns_12,none,-1,-1,0,0.0,0.0,greedy_mcs,throughput
13.0,sn_0,none,-1,-1,0,0.0,0.0,greedy_mcs,throughput
13.0,ns_13,none,-1,-1,0,0.0,0.0,greedy_mcs,throughput
13.0,sn_3,none,-1,-1,0,0.0,0.0,greedy_mcs,throughput
13.0,se_4,none,-1,-1,0,0.0,0.0,greedy_mcs,throughput
13.0,we_16,none,-1,-1,0,0.0,0.0,greedy_mcs,throughput
13.0,se_2,none,-1,-1,0,0.0,0.0,greedy_mcs,throughput
13.0,we_15,none,-1,-1,0,0.0,0.0,greedy_mcs,throughput
13.0,se_7,none,-1,-1,0,0.0,0.0,greedy_mcs,throughput
13.0,wn_1,none,-1,-1,0,0.0,0.0,greedy_mcs,throughput
13.0,ns_0,none,-1,-1,0,0.0,0.0,greedy_mcs,throughput
13.0,wn_5,none,-1,-1,0,0.0,0.0,greedy_mcs,throughput
13.0,ns_5,none,-1,-1,0,0.0,0.0,greedy_mcs,throughput
13.0,sn_12,none,-1,-1,0,0.0,0.0,greedy_mcs,throughput
13.0,ew_9,none,-1,-1,0,0.0,0.0,greedy_mcs,throughput
13.0,sn_1,none,-1,-1,0,0.0,0.0,greedy_mcs,throughput
13.0,sn_6,none,-1,-1,0,0.0,0.0,greedy_mcs,throughput
13.0,we_7,none,-1,-1,0,0.0,0.0,greedy_mcs,throughput
13.0,ew_0,none,-1,-1,0,0.0,0.0,greedy_mcs,throughput
13.0,ew_10,none,-1,-1,0,0.0,0.0,greedy_mcs,throughput
13.0,we_13,none,-1,-1,0,0.0,0.0,greedy_mcs,throughput
13.0,sn_14,none,-1,-1,0,0.0,0.0,greedy_mcs,throughput
13.0,ns_1,none,-1,-1,0,0.0,0.0,greedy_mcs,throughput
13.0,ns_11,none,-1,-1,0,0.0,0.0,greedy_mcs,throughput
13.0,ew_13,none,-1,-1,0,0.0,0.0,greedy_mcs,throughput
13.0,ew_6,none,-1,-1,0,0.0,0.0,greedy_mcs,throughput
13.0,ns_6,none,-1,-1,0,0.0,0.0,greedy_mcs,throughput
13.0,ns_7,none,-1,-1,0,0.0,0.0,greedy_mcs,throughput
13.0,ew_7,none,-1,-1,0,0.0,0.0,greedy_mcs,throughput
13.0,wn_2,none,-1,-1,0,0.0,0.0,greedy_mcs,throughput
13.0,we_0,none,-1,-1,0,0.0,0.0,greedy_mcs,throughput
13.0,we_12,none,-1,-1,0,0.0,0.0,greedy_mcs,throughput
13.0,we_8,none,-1,-1,0,0.0,0.0,greedy_mcs,throughput
13.0,ew_11,none,-1,-1,0,0.0,0.0,greedy_mcs,throughput
13.0,we_9,none,-1,-1,0,0.0,0.0,greedy_mcs,throughput
13.0,ew_5,none,-1,-1,0,0.0,0.0,greedy_mcs,throughput
13.0,wn_3,none,-1,-1,0,0.0,0.0,greedy_mcs,throughput
13.0,sn_13,none,-1,-1,0,0.0,0.0,greedy_mcs,throughput
13.0,we_11,none,-1,-1,0,0.0,0.0,greedy_mcs,throughput
13.0,ew_2,none,-1,-1,0,0.0,0.0,greedy_mcs,throughput
13.0,sn_15,none,-1,-1,0,0.0,0.0,greedy_mcs,throughput
13.0,wn_8,none,-1,-1,0,0.0,0.0,greedy_mcs,throughput
13.0,se_3,none,-1,-1,0,0.0,0.0,greedy_mcs,throughput
13.0,sn_11,none,-1,-1,0,0.0,0.0,greedy_mcs,throughput
13.0,sn_2,none,-1,-1,0,0.0,0.0,greedy_mcs,throughput
13.0,se_0,none,-1,-1,0,0.0,0.0,greedy_mcs,throughput
13.0,ns_9,none,-1,-1,0,0.0,0.0,greedy_mcs,throughput
13.0,wn_9,none,-1,-1,0,0.0,0.0,greedy_mcs,throughput
13.0,se_5,none,-1,-1,0,0.0,0.0,greedy_mcs,throughput
13.0,we_4,none,-1,-1,0,0.0,0.0,greedy_mcs,throughput
14.0,sn_4,none,-1,-1,0,0.0,0.0,greedy_mcs,throughput
14.0,we_10,none,-1,-1,0,0.0,0.0,greedy_mcs,throughput
14.0,we_3,none,-1,-1,0,0.0,0.0,greedy_mcs,throughput
14.0,sn_10,none,-1,-1,0,0.0,0.0,greedy_mcs,throughput
14.0,sn_9,none,-1,-1,0,0.0,0.0,greedy_mcs,throughput
14.0,sn_5,none,-1,-1,0,0.0,0.0,greedy_mcs,throughput
14.0,ns_8,direct,BS_1,-1,1,440.00000000000006,440.00000000000006,greedy_mcs,throughput
14.0,sn_7,none,-1,-1,0,0.0,0.0,greedy_mcs,throughput
14.0,we_1,none,-1,-1,0,0.0,0.0,greedy_mcs,throughput
14.0,ns_3,direct,BS_1,-1,1,440.00000000000006,440.00000000000006,greedy_mcs,throughput
14.0,se_6,none,-1,-1,0,0.0,0.0,greedy_mcs,throughput
14.0,se_9,none,-1,-1,0,0.0,0.0,greedy_mcs,throughput
14.0,ew_15,direct,BS_1,-1,1,440.00000000000006,440.00000000000006,greedy_mcs,throughput
14.0,ew_14,direct,BS_1,-1,1,440.00000000000006,440.00000000000006,greedy_mcs,throughput
14.0,we_2,none,-1,-1,0,0.0,0.0,greedy_mcs,throughput
14.0,wn_6,none,-1,-1,0,0.0,0.0,greedy_mcs,throughput
14.0,ew_4,direct,BS_1,-1,1,440.00000000000006,440.00000000000006,greedy_mcs,throughput
14.0,ew_8,direct,BS_1,-1,1,440.00000000000006,440.00000000000006,greedy_mcs,throughput
14.0,ew_1,direct,BS_1,-1,1,440.00000000000006,440.00000000000006,greedy_mcs,throughput
14.0,ns_4,direct,BS_1,-1,1,440.00000000000006,440.00000000000006,greedy_mcs,throughput
14.0,ns_10,direct,BS_1,-1,1,440.00000000000006,440.00000000000006,greedy_mcs,throughput
14.0,ns_2,direct,BS_1,-1,1,440.00000000000006,440.00000000000006,greedy_mcs,throughput
14.0,wn_4,none,-1,-1,0,0.0,0.0,greedy_mcs,throughput
14.0,se_8,none,-1,-1,0,0.0,0.0,greedy_mcs,throughput
14.0,we_14,none,-1,-1,0,0.0,0.0,greedy_mcs,throughput
14.0,we_5,none,-1,-1,0,0.0,0.0,greedy_mcs,throughput
14.0,ew_3,none,-1,-1,0,0.0,0.0,greedy_mcs,throughput
14.0,ew_12,none,-1,-1,0,0.0,0.0,greedy_mcs,throughput
14.0,wn_0,none,-1,-1,0,0.0,0.0,greedy_mcs,throughput
14.0,we_6,none,-1,-1,0,0.0,0.0,greedy_mcs,throughput
14.0,ns_14,none,-1,-1,0,0.0,0.0,greedy_mcs,throughput
14.0,ns_15,none,-1,-1,0,0.0,0.0,greedy_mcs,throughput
14.0,se_1,none,-1,-1,0,0.0,0.0,greedy_mcs,throughput
14.0,sn_8,none,-1,-1,0,0.0,0.0,greedy_mcs,throughput
14.0,wn_7,none,-1,-1,0,0.0,0.0,greedy_mcs,throughput
14.0,ns_12,none,-1,-1,0,0.0,0.0,greedy_mcs,throughput
14.0,sn_0,none,-1,-1,0,0.0,0.0,greedy_mcs,throughput
14.0,ns_13,none,-1,-1,0,0.0,0.0,greedy_mcs,throughput
14.0,sn_3,none,-1,-1,0,0.0,0.0,greedy_mcs,throughput
14.0,se_4,none,-1,-1,0,0.0,0.0,greedy_mcs,throughput
14.0,we_16,none,-1,-1,0,0.0,0.0,greedy_mcs,throughput
14.0,se_2,none,-1,-1,0,0.0,0.0,greedy_mcs,throughput
14.0,we_15,none,-1,-1,0,0.0,0.0,greedy_mcs,throughput
14.0,se_7,none,-1,-1,0,0.0,0.0,greedy_mcs,throughput
14.0,ns_16,none,-1,-1,0,0.0,0.0,greedy_mcs,throughput
14.0,wn_1,none,-1,-1,0,0.0,0.0,greedy_mcs,throughput
14.0,ew_16,none,-1,-1,0,0.0,0.0,greedy_mcs,throughput
14.0,ns_0,none,-1,-1,0,0.0,0.0,greedy_mcs,throughput
14.0,wn_5,none,-1,-1,0,0.0,0.0,greedy_mcs,throughput
14.0,ns_5,none,-1,-1,0,0.0,0.0,greedy_mcs,throughput
14.0,sn_12,none,-1,-1,0,0.0,0.0,greedy_mcs,throughput
14.0,ew_9,none,-1,-1,0,0.0,0.0,greedy_mcs,throughput
14.0,sn_1,none,-1,-1,0,0.0,0.0,greedy_mcs,throughput
14.0,sn_6,none,-1,-1,0,0.0,0.0,greedy_mcs,throughput
14.0,we_7,none,-1,-1,0,0.0,0.0,greedy_mcs,throughput
14.0,ew_0,none,-1,-1,0,0.0,0.0,greedy_mcs,throughput
14.0,ew_10,none,-1,-1,0,0.0,0.0,greedy_mcs,throughput
14.0,we_13,none,-1,-1,0,0.0,0.0,greedy_mcs,throughput
14.0,sn_14,none,-1,-1,0,0.0,0.0,greedy_mcs,throughput
14.0,ns_1,none,-1,-1,0,0.0,0.0,greedy_mcs,throughput
14.0,ns_11,none,-1,-1,0,0.0,0.0,greedy_mcs,throughput
14.0,ew_13,none,-1,-1,0,0.0,0.0,greedy_mcs,throughput
14.0,ew_6,none,-1,-1,0,0.0,0.0,greedy_mcs,throughput
14.0,ns_6,none,-1,-1,0,0.0,0.0,greedy_mcs,throughput
14.0,ns_7,none,-1,-1,0,0.0,0.0,greedy_mcs,throughput
14.0,ew_7,none,-1,-1,0,0.0,0.0,greedy_mcs,throughput
14.0,wn_2,none,-1,-1,0,0.0,0.0,greedy_mcs,throughput
14.0,we_0,none,-1,-1,0,0.0,0.0,greedy_mcs,throughput
14.0,sn_16,none,-1,-1,0,0.0,0.0,greedy_mcs,throughput
14.0,we_12,none,-1,-1,0,0.0,0.0,greedy_mcs,throughput
14.0,we_8,none,-1,-1,0,0.0,0.0,greedy_mcs,throughput
14.0,ew_11,none,-1,-1,0,0.0,0.0,greedy_mcs,throughput
14.0,we_9,none,-1,-1,0,0.0,0.0,greedy_mcs,throughput
14.0,sn_17,none,-1,-1,0,0.0,0.0,greedy_mcs,throughput
14.0,ew_5,none,-1,-1,0,0.0,0.0,greedy_mcs,throughput
14.0,wn_3,none,-1,-1,0,0.0,0.0,greedy_mcs,throughput
14.0,sn_13,none,-1,-1,0,0.0,0.0,greedy_mcs,throughput
14.0,we_11,none,-1,-1,0,0.0,0.0,greedy_mcs,throughput
14.0,we_17,none,-1,-1,0,0.0,0.0,greedy_mcs,throughput
14.0,ew_2,none,-1,-1,0,0.0,0.0,greedy_mcs,throughput
14.0,sn_15,none,-1,-1,0,0.0,0.0,greedy_mcs,throughput
14.0,wn_8,none,-1,-1,0,0.0,0.0,greedy_mcs,throughput
14.0,se_3,none,-1,-1,0,0.0,0.0,greedy_mcs,throughput
14.0,sn_11,none,-1,-1,0,0.0,0.0,greedy_mcs,throughput
14.0,sn_2,none,-1,-1,0,0.0,0.0,greedy_mcs,throughput
14.0,se_0,none,-1,-1,0,0.0,0.0,greedy_mcs,throughput
14.0,ns_9,none,-1,-1,0,0.0,0.0,greedy_mcs,throughput
14.0,wn_9,none,-1,-1,0,0.0,0.0,greedy_mcs,throughput
14.0,se_5,none,-1,-1,0,0.0,0.0,greedy_mcs,throughput
14.0,we_4,none,-1,-1,0,0.0,0.0,greedy_mcs,throughput
15.0,sn_4,none,-1,-1,0,0.0,0.0,greedy_mcs,throughput
15.0,we_10,none,-1,-1,0,0.0,0.0,greedy_mcs,throughput
15.0,we_3,none,-1,-1,0,0.0,0.0,greedy_mcs,throughput
15.0,sn_10,none,-1,-1,0,0.0,0.0,greedy_mcs,throughput
15.0,sn_9,none,-1,-1,0,0.0,0.0,greedy_mcs,throughput
15.0,sn_5,none,-1,-1,0,0.0,0.0,greedy_mcs,throughput
15.0,ns_8,direct,BS_1,-1,1,440.00000000000006,440.00000000000006,greedy_mcs,throughput
15.0,sn_7,none,-1,-1,0,0.0,0.0,greedy_mcs,throughput
15.0,we_1,none,-1,-1,0,0.0,0.0,greedy_mcs,throughput
15.0,ns_3,direct,BS_1,-1,1,440.00000000000006,440.00000000000006,greedy_mcs,throughput
15.0,se_6,none,-1,-1,0,0.0,0.0,greedy_mcs,throughput
15.0,se_9,none,-1,-1,0,0.0,0.0,greedy_mcs,throughput
15.0,ew_15,direct,BS_1,-1,1,440.00000000000006,440.00000000000006,greedy_mcs,throughput
15.0,ew_14,direct,BS_1,-1,1,440.00000000000006,440.00000000000006,greedy_mcs,throughput
15.0,we_2,none,-1,-1,0,0.0,0.0,greedy_mcs,throughput
15.0,wn_6,none,-1,-1,0,0.0,0.0,greedy_mcs,throughput
15.0,ew_4,direct,BS_1,-1,1,440.00000000000006,440.00000000000006,greedy_mcs,throughput
15.0,ew_8,direct,BS_1,-1,1,440.00000000000006,440.00000000000006,greedy_mcs,throughput
15.0,ew_1,direct,BS_1,-1,1,440.00000000000006,440.00000000000006,greedy_mcs,throughput
15.0,ns_4,direct,BS_1,-1,1,440.00000000000006,440.00000000000006,greedy_mcs,throughput
15.0,ns_10,direct,BS_1,-1,1,440.00000000000006,440.00000000000006,greedy_mcs,throughput
15.0,ns_2,direct,BS_1,-1,1,440.00000000000006,440.00000000000006,greedy_mcs,throughput
15.0,wn_4,none,-1,-1,0,0.0,0.0,greedy_mcs,throughput
15.0,se_8,none,-1,-1,0,0.0,0.0,greedy_mcs,throughput
15.0,we_14,none,-1,-1,0,0.0,0.0,greedy_mcs,throughput
15.0,we_5,none,-1,-1,0,0.0,0.0,greedy_mcs,throughput
15.0,ew_3,none,-1,-1,0,0.0,0.0,greedy_mcs,throughput
15.0,ew_12,none,-1,-1,0,0.0,0.0,greedy_mcs,throughput
15.0,ew_17,none,-1,-1,0,0.0,0.0,greedy_mcs,throughput
15.0,we_6,none,-1,-1,0,0.0,0.0,greedy_mcs,throughput
15.0,wn_0,none,-1,-1,0,0.0,0.0,greedy_mcs,throughput
15.0,ns_14,none,-1,-1,0,0.0,0.0,greedy_mcs,throughput
15.0,ns_15,none,-1,-1,0,0.0,0.0,greedy_mcs,throughput
15.0,sn_18,none,-1,-1,0,0.0,0.0,greedy_mcs,throughput
15.0,se_1,none,-1,-1,0,0.0,0.0,greedy_mcs,throughput
15.0,sn_8,none,-1,-1,0,0.0,0.0,greedy_mcs,throughput
15.0,wn_7,none,-1,-1,0,0.0,0.0,greedy_mcs,throughput
15.0,ns_12,none,-1,-1,0,0.0,0.0,greedy_mcs,throughput
15.0,sn_0,none,-1,-1,0,0.0,0.0,greedy_mcs,throughput
15.0,ns_17,none,-1,-1,0,0.0,0.0,greedy_mcs,throughput
15.0,ns_13,none,-1,-1,0,0.0,0.0,greedy_mcs,throughput
15.0,sn_3,none,-1,-1,0,0.0,0.0,greedy_mcs,throughput
15.0,se_4,none,-1,-1,0,0.0,0.0,greedy_mcs,throughput
15.0,we_16,none,-1,-1,0,0.0,0.0,greedy_mcs,throughput
15.0,se_2,none,-1,-1,0,0.0,0.0,greedy_mcs,throughput
15.0,we_15,none,-1,-1,0,0.0,0.0,greedy_mcs,throughput
15.0,se_7,none,-1,-1,0,0.0,0.0,greedy_mcs,throughput
15.0,ns_16,none,-1,-1,0,0.0,0.0,greedy_mcs,throughput
15.0,wn_1,none,-1,-1,0,0.0,0.0,greedy_mcs,throughput
15.0,ew_16,none,-1,-1,0,0.0,0.0,greedy_mcs,throughput
15.0,ns_0,none,-1,-1,0,0.0,0.0,greedy_mcs,throughput
15.0,wn_5,none,-1,-1,0,0.0,0.0,greedy_mcs,throughput
15.0,ns_5,none,-1,-1,0,0.0,0.0,greedy_mcs,throughput
15.0,sn_12,none,-1,-1,0,0.0,0.0,greedy_mcs,throughput
15.0,ew_9,none,-1,-1,0,0.0,0.0,greedy_mcs,throughput
15.0,sn_1,none,-1,-1,0,0.0,0.0,greedy_mcs,throughput
15.0,sn_6,none,-1,-1,0,0.0,0.0,greedy_mcs,throughput
15.0,we_7,none,-1,-1,0,0.0,0.0,greedy_mcs,throughput
15.0,ew_0,none,-1,-1,0,0.0,0.0,greedy_mcs,throughput
15.0,ew_10,none,-1,-1,0,0.0,0.0,greedy_mcs,throughput
15.0,we_13,none,-1,-1,0,0.0,0.0,greedy_mcs,throughput
15.0,sn_14,none,-1,-1,0,0.0,0.0,greedy_mcs,throughput
15.0,ns_1,none,-1,-1,0,0.0,0.0,greedy_mcs,throughput
15.0,ns_11,none,-1,-1,0,0.0,0.0,greedy_mcs,throughput
15.0,ew_13,none,-1,-1,0,0.0,0.0,greedy_mcs,throughput
15.0,ew_6,none,-1,-1,0,0.0,0.0,greedy_mcs,throughput
15.0,ns_6,none,-1,-1,0,0.0,0.0,greedy_mcs,throughput
15.0,ns_7,none,-1,-1,0,0.0,0.0,greedy_mcs,throughput
15.0,ew_7,none,-1,-1,0,0.0,0.0,greedy_mcs,throughput
15.0,wn_2,none,-1,-1,0,0.0,0.0,greedy_mcs,throughput
15.0,we_0,none,-1,-1,0,0.0,0.0,greedy_mcs,throughput
15.0,sn_16,none,-1,-1,0,0.0,0.0,greedy_mcs,throughput
15.0,we_12,none,-1,-1,0,0.0,0.0,greedy_mcs,throughput
15.0,we_8,none,-1,-1,0,0.0,0.0,greedy_mcs,throughput
15.0,ew_18,none,-1,-1,0,0.0,0.0,greedy_mcs,throughput
15.0,ew_11,none,-1,-1,0,0.0,0.0,greedy_mcs,throughput
15.0,we_9,none,-1,-1,0,0.0,0.0,greedy_mcs,throughput
15.0,we_18,none,-1,-1,0,0.0,0.0,greedy_mcs,throughput
15.0,sn_17,none,-1,-1,0,0.0,0.0,greedy_mcs,throughput
15.0,ew_5,none,-1,-1,0,0.0,0.0,greedy_mcs,throughput
15.0,wn_3,none,-1,-1,0,0.0,0.0,greedy_mcs,throughput
15.0,sn_13,none,-1,-1,0,0.0,0.0,greedy_mcs,throughput
15.0,we_11,none,-1,-1,0,0.0,0.0,greedy_mcs,throughput
15.0,we_17,none,-1,-1,0,0.0,0.0,greedy_mcs,throughput
15.0,ew_2,none,-1,-1,0,0.0,0.0,greedy_mcs,throughput
15.0,sn_15,none,-1,-1,0,0.0,0.0,greedy_mcs,throughput
15.0,wn_8,none,-1,-1,0,0.0,0.0,greedy_mcs,throughput
15.0,se_3,none,-1,-1,0,0.0,0.0,greedy_mcs,throughput
15.0,sn_11,none,-1,-1,0,0.0,0.0,greedy_mcs,throughput
15.0,sn_2,none,-1,-1,0,0.0,0.0,greedy_mcs,throughput
15.0,se_0,none,-1,-1,0,0.0,0.0,greedy_mcs,throughput
15.0,ns_9,none,-1,-1,0,0.0,0.0,greedy_mcs,throughput
15.0,wn_9,none,-1,-1,0,0.0,0.0,greedy_mcs,throughput
15.0,se_5,none,-1,-1,0,0.0,0.0,greedy_mcs,throughput
15.0,we_4,none,-1,-1,0,0.0,0.0,greedy_mcs,throughput
16.0,sn_4,none,-1,-1,0,0.0,0.0,greedy_mcs,throughput
16.0,we_10,none,-1,-1,0,0.0,0.0,greedy_mcs,throughput
16.0,we_3,none,-1,-1,0,0.0,0.0,greedy_mcs,throughput
16.0,sn_10,none,-1,-1,0,0.0,0.0,greedy_mcs,throughput
16.0,sn_9,none,-1,-1,0,0.0,0.0,greedy_mcs,throughput
16.0,sn_5,none,-1,-1,0,0.0,0.0,greedy_mcs,throughput
16.0,ns_8,direct,BS_1,-1,1,440.00000000000006,440.00000000000006,greedy_mcs,throughput
16.0,sn_7,none,-1,-1,0,0.0,0.0,greedy_mcs,throughput
16.0,we_1,none,-1,-1,0,0.0,0.0,greedy_mcs,throughput
16.0,ns_3,relay,BS_1,ns_4,1,440.00000000000006,440.00000000000006,greedy_mcs,throughput
16.0,se_6,none,-1,-1,0,0.0,0.0,greedy_mcs,throughput
16.0,se_9,none,-1,-1,0,0.0,0.0,greedy_mcs,throughput
16.0,ew_15,direct,BS_1,-1,1,440.00000000000006,440.00000000000006,greedy_mcs,throughput
16.0,ew_14,direct,BS_1,-1,1,440.00000000000006,440.00000000000006,greedy_mcs,throughput
16.0,ns_18,direct,BS_1,-1,1,440.00000000000006,440.00000000000006,greedy_mcs,throughput
16.0,we_2,none,-1,-1,0,0.0,0.0,greedy_mcs,throughput
16.0,wn_6,none,-1,-1,0,0.0,0.0,greedy_mcs,throughput
16.0,ew_4,direct,BS_1,-1,1,440.00000000000006,440.00000000000006,greedy_mcs,throughput
16.0,ew_8,direct,BS_1,-1,1,440.00000000000006,440.00000000000006,greedy_mcs,throughput
16.0,ew_1,relay,BS_1,ew_4,1,440.00000000000006,440.00000000000006,greedy_mcs,throughput
16.0,ns_4,direct,BS_1,-1,1,440.00000000000006,440.00000000000006,greedy_mcs,throughput
16.0,ns_10,direct,BS_1,-1,1,440.00000000000006,440.00000000000006,greedy_mcs,throughput
16.0,ns_2,none,-1,-1,0,0.0,0.0,greedy_mcs,throughput
16.0,wn_4,none,-1,-1,0,0.0,0.0,greedy_mcs,throughput
16.0,se_8,none,-1,-1,0,0.0,0.0,greedy_mcs,throughput
16.0,we_14,none,-1,-1,0,0.0,0.0,greedy_mcs,throughput
16.0,we_5,none,-1,-1,0,0.0,0.0,greedy_mcs,throughput
16.0,ew_3,none,-1,-1,0,0.0,0.0,greedy_mcs,throughput
16.0,ew_12,none,-1,-1,0,0.0,0.0,greedy_mcs,throughput
16.0,ew_17,none,-1,-1,0,0.0,0.0,greedy_mcs,throughput
16.0,we_6,none,-1,-1,0,0.0,0.0,greedy_mcs,throughput
16.0,wn_0,none,-1,-1,0,0.0,0.0,greedy_mcs,throughput
16.0,ns_14,none,-1,-1,0,0.0,0.0,greedy_mcs,throughput
16.0,ns_15,none,-1,-1,0,0.0,0.0,greedy_mcs,throughput
16.0,sn_18,none,-1,-1,0,0.0,0.0,greedy_mcs,throughput
16.0,se_1,none,-1,-1,0,0.0,0.0,greedy_mcs,throughput
16.0,sn_19,none,-1,-1,0,0.0,0.0,greedy_mcs,throughput
16.0,sn_8,none,-1,-1,0,0.0,0.0,greedy_mcs,throughput
16.0,wn_7,none,-1,-1,0,0.0,0.0,greedy_mcs,throughput
16.0,ns_12,none,-1,-1,0,0.0,0.0,greedy_mcs,throughput
16.0,sn_0,none,-1,-1,0,0.0,0.0,greedy_mcs,throughput
16.0,ns_17,none,-1,-1,0,0.0,0.0,greedy_mcs,throughput
16.0,ns_13,none,-1,-1,0,0.0,0.0,greedy_mcs,throughput
16.0,sn_3,none,-1,-1,0,0.0,0.0,greedy_mcs,throughput
16.0,se_4,none,-1,-1,0,0.0,0.0,greedy_mcs,throughput
16.0,we_16,none,-1,-1,0,0.0,0.0,greedy_mcs,throughput
16.0,se_2,none,-1,-1,0,0.0,0.0,greedy_mcs,throughput
16.0,we_15,none,-1,-1,0,0.0,0.0,greedy_mcs,throughput
16.0,se_7,none,-1,-1,0,0.0,0.0,greedy_mcs,throughput
16.0,ns_16,none,-1,-1,0,0.0,0.0,greedy_mcs,throughput
16.0,wn_1,none,-1,-1,0,0.0,0.0,greedy_mcs,throughput
16.0,ew_16,none,-1,-1,0,0.0,0.0,greedy_mcs,throughput
16.0,ns_0,none,-1,-1,0,0.0,0.0,greedy_mcs,throughput
16.0,wn_5,none,-1,-1,0,0.0,0.0,greedy_mcs,throughput
16.0,ns_5,none,-1,-1,0,0.0,0.0,greedy_mcs,throughput
16.0,sn_12,none,-1,-1,0,0.0,0.0,greedy_mcs,throughput
16.0,we_19,none,-1,-1,0,0.0,0.0,greedy_mcs,throughput
16.0,ew_9,none,-1,-1,0,0.0,0.0,greedy_mcs,throughput
16.0,sn_1,none,-1,-1,0,0.0,0.0,greedy_mcs,throughput
16.0,sn_6,none,-1,-1,0,0.0,0.0,greedy_mcs,throughput
16.0,we_7,none,-1,-1,0,0.0,0.0,greedy_mcs,throughput
16.0,ew_0,none,-1,-1,0,0.0,0.0,greedy_mcs,throughput
16.0,ew_10,none,-1,-1,0,0.0,0.0,greedy_mcs,throughput
16.0,we_13,none,-1,-1,0,0.0,0.0,greedy_mcs,throughput
16.0,sn_14,none,-1,-1,0,0.0,0.0,greedy_mcs,throughput
16.0,ns_1,none,-1,-1,0,0.0,0.0,greedy_mcs,throughput
16.0,ns_11,none,-1,-1,0,0.0,0.0,greedy_mcs,throughput
16.0,ew_13,none,-1,-1,0,0.0,0.0,greedy_mcs,throughput
16.0,ew_6,none,-1,-1,0,0.0,0.0,greedy_mcs,throughput
16.0,ns_6,none,-1,-1,0,0.0,0.0,greedy_mcs,throughput
16.0,ew_19,none,-1,-1,0,0.0,0.0,greedy_mcs,throughput
16.0,ns_7,none,-1,-1,0,0.0,0.0,greedy_mcs,throughput
16.0,ew_7,none,-1,-1,0,0.0,0.0,greedy_mcs,throughput
16.0,wn_2,none,-1,-1,0,0.0,0.0,greedy_mcs,throughput
16.0,we_0,none,-1,-1,0,0.0,0.0,greedy_mcs,throughput
16.0,sn_16,none,-1,-1,0,0.0,0.0,greedy_mcs,throughput
16.0,we_12,none,-1,-1,0,0.0,0.0,greedy_mcs,throughput
16.0,we_8,none,-1,-1,0,0.0,0.0,greedy_mcs,throughput
16.0,ew_18,none,-1,-1,0,0.0,0.0,greedy_mcs,throughput
16.0,ew_11,none,-1,-1,0,0.0,0.0,greedy_mcs,throughput
16.0,we_9,none,-1,-1,0,0.0,0.0,greedy_mcs,throughput
16.0,we_18,none,-1,-1,0,0.0,0.0,greedy_mcs,throughput
16.0,sn_17,none,-1,-1,0,0.0,0.0,greedy_mcs,throughput
16.0,ew_5,none,-1,-1,0,0.0,0.0,greedy_mcs,throughput
16.0,wn_3,none,-1,-1,0,0.0,0.0,greedy_mcs,throughput
16.0,sn_13,none,-1,-1,0,0.0,0.0,greedy_mcs,throughput
16.0,we_11,none,-1,-1,0,0.0,0.0,greedy_mcs,throughput
16.0,we_17,none,-1,-1,0,0.0,0.0,greedy_mcs,throughput
16.0,ew_2,none,-1,-1,0,0.0,0.0,greedy_mcs,throughput
16.0,sn_15,none,-1,-1,0,0.0,0.0,greedy_mcs,throughput
16.0,wn_8,none,-1,-1,0,0.0,0.0,greedy_mcs,throughput
16.0,se_3,none,-1,-1,0,0.0,0.0,greedy_mcs,throughput
16.0,sn_11,none,-1,-1,0,0.0,0.0,greedy_mcs,throughput
16.0,sn_2,none,-1,-1,0,0.0,0.0,greedy_mcs,throughput
16.0,se_0,none,-1,-1,0,0.0,0.0,greedy_mcs,throughput
16.0,ns_9,none,-1,-1,0,0.0,0.0,greedy_mcs,throughput
16.0,wn_9,none,-1,-1,0,0.0,0.0,greedy_mcs,throughput
16.0,se_5,none,-1,-1,0,0.0,0.0,greedy_mcs,throughput
16.0,we_4,none,-1,-1,0,0.0,0.0,greedy_mcs,throughput
17.0,sn_4,none,-1,-1,0,0.0,0.0,greedy_mcs,throughput
17.0,we_10,none,-1,-1,0,0.0,0.0,greedy_mcs,throughput
17.0,we_3,none,-1,-1,0,0.0,0.0,greedy_mcs,throughput
17.0,sn_10,none,-1,-1,0,0.0,0.0,greedy_mcs,throughput
17.0,sn_9,none,-1,-1,0,0.0,0.0,greedy_mcs,throughput
17.0,sn_5,none,-1,-1,0,0.0,0.0,greedy_mcs,throughput
17.0,ns_8,direct,BS_1,-1,1,440.00000000000006,440.00000000000006,greedy_mcs,throughput
17.0,sn_7,none,-1,-1,0,0.0,0.0,greedy_mcs,throughput
17.0,we_1,none,-1,-1,0,0.0,0.0,greedy_mcs,throughput
17.0,ns_3,relay,BS_1,ns_4,1,440.00000000000006,440.00000000000006,greedy_mcs,throughput
17.0,se_6,none,-1,-1,0,0.0,0.0,greedy_mcs,throughput
17.0,se_9,none,-1,-1,0,0.0,0.0,greedy_mcs,throughput
17.0,ew_15,direct,BS_1,-1,1,440.00000000000006,440.00000000000006,greedy_mcs,throughput
17.0,ew_14,direct,BS_1,-1,1,440.00000000000006,440.00000000000006,greedy_mcs,throughput
17.0,ns_18,direct,BS_1,-1,1,440.00000000000006,440.00000000000006,greedy_mcs,throughput
17.0,we_2,none,-1,-1,0,0.0,0.0,greedy_mcs,throughput
17.0,wn_6,none,-1,-1,0,0.0,0.0,greedy_mcs,throughput
17.0,ew_4,direct,BS_1,-1,1,440.00000000000006,440.00000000000006,greedy_mcs,throughput
17.0,ew_8,direct,BS_1,-1,1,440.00000000000006,440.00000000000006,greedy_mcs,throughput
17.0,ew_1,relay,BS_1,ew_4,1,440.00000000000006,440.00000000000006,greedy_mcs,throughput
17.0,ns_4,direct,BS_1,-1,1,440.00000000000006,440.00000000000006,greedy_mcs,throughput
17.0,ns_10,direct,BS_1,-1,1,440.00000000000006,440.00000000000006,greedy_mcs,throughput
17.0,ns_2,none,-1,-1,0,0.0,0.0,greedy_mcs,throughput
17.0,wn_4,none,-1,-1,0,0.0,0.0,greedy_mcs,throughput
17.0,se_8,none,-1,-1,0,0.0,0.0,greedy_mcs,throughput
17.0,we_14,none,-1,-1,0,0.0,0.0,greedy_mcs,throughput
17.0,we_5,none,-1,-1,0,0.0,0.0,greedy_mcs,throughput
17.0,ew_3,none,-1,-1,0,0.0,0.0,greedy_mcs,throughput
17.0,ew_12,none,-1,-1,0,0.0,0.0,greedy_mcs,throughput
17.0,ew_17,none,-1,-1,0,0.0,0.0,greedy_mcs,throughput
17.0,we_6,none,-1,-1,0,0.0,0.0,greedy_mcs,throughput
17.0,wn_0,none,-1,-1,0,0.0,0.0,greedy_mcs,throughput
17.0,ns_14,none,-1,-1,0,0.0,0.0,greedy_mcs,throughput
17.0,ns_15,none,-1,-1,0,0.0,0.0,greedy_mcs,throughput
17.0,sn_18,none,-1,-1,0,0.0,0.0,greedy_mcs,throughput
17.0,se_1,none,-1,-1,0,0.0,0.0,greedy_mcs,throughput
17.0,sn_19,none,-1,-1,0,0.0,0.0,greedy_mcs,throughput
17.0,sn_8,none,-1,-1,0,0.0,0.0,greedy_mcs,throughput
17.0,wn_7,none,-1,-1,0,0.0,0.0,greedy_mcs,throughput
17.0,ns_12,none,-1,-1,0,0.0,0.0,greedy_mcs,throughput
17.0,sn_0,none,-1,-1,0,0.0,0.0,greedy_mcs,throughput
17.0,ns_17,none,-1,-1,0,0.0,0.0,greedy_mcs,throughput
17.0,ns_13,none,-1,-1,0,0.0,0.0,greedy_mcs,throughput
17.0,sn_3,none,-1,-1,0,0.0,0.0,greedy_mcs,throughput
17.0,se_4,none,-1,-1,0,0.0,0.0,greedy_mcs,throughput
17.0,we_16,none,-1,-1,0,0.0,0.0,greedy_mcs,throughput
17.0,se_2,none,-1,-1,0,0.0,0.0,greedy_mcs,throughput
17.0,we_15,none,-1,-1,0,0.0,0.0,greedy_mcs,throughput
17.0,se_7,none,-1,-1,0,0.0,0.0,greedy_mcs,throughput
17.0,ns_16,none,-1,-1,0,0.0,0.0,greedy_mcs,throughput
17.0,wn_1,none,-1,-1,0,0.0,0.0,greedy_mcs,throughput
17.0,ew_16,none,-1,-1,0,0.0,0.0,greedy_mcs,throughput
17.0,ns_0,none,-1,-1,0,0.0,0.0,greedy_mcs,throughput
17.0,wn_5,none,-1,-1,0,0.0,0.0,greedy_mcs,throughput
17.0,ns_5,none,-1,-1,0,0.0,0.0,greedy_mcs,throughput
17.0,sn_12,none,-1,-1,0,0.0,0.0,greedy_mcs,throughput
17.0,we_19,none,-1,-1,0,0.0,0.0,greedy_mcs,throughput
17.0,ew_9,none,-1,-1,0,0.0,0.0,greedy_mcs,throughput
17.0,sn_1,none,-1,-1,0,0.0,0.0,greedy_mcs,throughput
17.0,sn_6,none,-1,-1,0,0.0,0.0,greedy_mcs,throughput
17.0,we_7,none,-1,-1,0,0.0,0.0,greedy_mcs,throughput
17.0,ew_0,none,-1,-1,0,0.0,0.0,greedy_mcs,throughput
17.0,ew_10,none,-1,-1,0,0.0,0.0,greedy_mcs,throughput
17.0,we_13,none,-1,-1,0,0.0,0.0,greedy_mcs,throughput
17.0,sn_14,none,-1,-1,0,0.0,0.0,greedy_mcs,throughput
17.0,ns_1,none,-1,-1,0,0.0,0.0,greedy_mcs,throughput
17.0,ns_11,none,-1,-1,0,0.0,0.0,greedy_mcs,throughput
17.0,ew_13,none,-1,-1,0,0.0,0.0,greedy_mcs,throughput
17.0,ew_6,none,-1,-1,0,0.0,0.0,greedy_mcs,throughput
17.0,ns_6,none,-1,-1,0,0.0,0.0,greedy_mcs,throughput
17.0,ew_19,none,-1,-1,0,0.0,0.0,greedy_mcs,throughput
17.0,ns_7,none,-1,-1,0,0.0,0.0,greedy_mcs,throughput
17.0,ew_7,none,-1,-1,0,0.0,0.0,greedy_mcs,throughput
17.0,wn_2,none,-1,-1,0,0.0,0.0,greedy_mcs,throughput
17.0,we_0,none,-1,-1,0,0.0,0.0,greedy_mcs,throughput
17.0,sn_16,none,-1,-1,0,0.0,0.0,greedy_mcs,throughput
17.0,we_12,none,-1,-1,0,0.0,0.0,greedy_mcs,throughput
17.0,we_8,none,-1,-1,0,0.0,0.0,greedy_mcs,throughput
17.0,ew_18,none,-1,-1,0,0.0,0.0,greedy_mcs,throughput
17.0,ew_11,none,-1,-1,0,0.0,0.0,greedy_mcs,throughput
17.0,we_9,none,-1,-1,0,0.0,0.0,greedy_mcs,throughput
17.0,we_18,none,-1,-1,0,0.0,0.0,greedy_mcs,throughput
17.0,ns_19,none,-1,-1,0,0.0,0.0,greedy_mcs,throughput
17.0,sn_17,none,-1,-1,0,0.0,0.0,greedy_mcs,throughput
17.0,ew_5,none,-1,-1,0,0.0,0.0,greedy_mcs,throughput
17.0,wn_3,none,-1,-1,0,0.0,0.0,greedy_mcs,throughput
17.0,sn_13,none,-1,-1,0,0.0,0.0,greedy_mcs,throughput
17.0,we_11,none,-1,-1,0,0.0,0.0,greedy_mcs,throughput
17.0,we_17,none,-1,-1,0,0.0,0.0,greedy_mcs,throughput
17.0,ew_2,none,-1,-1,0,0.0,0.0,greedy_mcs,throughput
17.0,sn_15,none,-1,-1,0,0.0,0.0,greedy_mcs,throughput
17.0,wn_8,none,-1,-1,0,0.0,0.0,greedy_mcs,throughput
17.0,se_3,none,-1,-1,0,0.0,0.0,greedy_mcs,throughput
17.0,sn_11,none,-1,-1,0,0.0,0.0,greedy_mcs,throughput
17.0,sn_2,none,-1,-1,0,0.0,0.0,greedy_mcs,throughput
17.0,se_0,none,-1,-1,0,0.0,0.0,greedy_mcs,throughput
17.0,ns_9,none,-1,-1,0,0.0,0.0,greedy_mcs,throughput
17.0,wn_9,none,-1,-1,0,0.0,0.0,greedy_mcs,throughput
17.0,se_5,none,-1,-1,0,0.0,0.0,greedy_mcs,throughput
17.0,we_4,none,-1,-1,0,0.0,0.0,greedy_mcs,throughput
18.0,sn_4,none,-1,-1,0,0.0,0.0,greedy_mcs,throughput
18.0,we_10,none,-1,-1,0,0.0,0.0,greedy_mcs,throughput
18.0,we_3,none,-1,-1,0,0.0,0.0,greedy_mcs,throughput
18.0,sn_10,none,-1,-1,0,0.0,0.0,greedy_mcs,throughput
18.0,sn_9,none,-1,-1,0,0.0,0.0,greedy_mcs,throughput
18.0,sn_5,none,-1,-1,0,0.0,0.0,greedy_mcs,throughput
18.0,ns_8,direct,BS_1,-1,1,440.00000000000006,440.00000000000006,greedy_mcs,throughput
18.0,sn_7,none,-1,-1,0,0.0,0.0,greedy_mcs,throughput
18.0,we_1,none,-1,-1,0,0.0,0.0,greedy_mcs,throughput
18.0,ns_3,none,-1,-1,0,0.0,0.0,greedy_mcs,throughput
18.0,se_6,none,-1,-1,0,0.0,0.0,greedy_mcs,throughput
18.0,se_9,none,-1,-1,0,0.0,0.0,greedy_mcs,throughput
18.0,ew_15,direct,BS_1,-1,1,440.00000000000006,440.00000000000006,greedy_mcs,throughput
18.0,ew_14,direct,BS_1,-1,1,440.00000000000006,440.00000000000006,greedy_mcs,throughput
18.0,ns_18,direct,BS_1,-1,1,440.00000000000006,440.00000000000006,greedy_mcs,throughput
18.0,we_2,none,-1,-1,0,0.0,0.0,greedy_mcs,throughput
18.0,wn_6,none,-1,-1,0,0.0,0.0,greedy_mcs,throughput
18.0,ew_4,relay,BS_1,ew_5,1,440.00000000000006,440.00000000000006,greedy_mcs,throughput
18.0,ew_8,direct,BS_1,-1,1,440.00000000000006,440.00000000000006,greedy_mcs,throughput
18.0,ew_1,relay,BS_1,ew_5,1,440.00000000000006,440.00000000000006,greedy_mcs,throughput
18.0,ns_4,relay,BS_1,ns_6,1,440.00000000000006,440.00000000000006,greedy_mcs,throughput
18.0,ns_10,direct,BS_1,-1,1,440.00000000000006,440.00000000000006,greedy_mcs,throughput
18.0,ns_2,none,-1,-1,0,0.0,0.0,greedy_mcs,throughput
18.0,wn_4,none,-1,-1,0,0.0,0.0,greedy_mcs,throughput
18.0,se_8,none,-1,-1,0,0.0,0.0,greedy_mcs,throughput
18.0,we_14,none,-1,-1,0,0.0,0.0,greedy_mcs,throughput
18.0,we_5,none,-1,-1,0,0.0,0.0,greedy_mcs,throughput
18.0,ew_3,relay,BS_1,ew_5,1,440.00000000000006,440.00000000000006,greedy_mcs,throughput
18.0,ew_12,none,-1,-1,0,0.0,0.0,greedy_mcs,throughput
18.0,ew_17,none,-1,-1,0,0.0,0.0,greedy_mcs,throughput
18.0,we_6,none,-1,-1,0,0.0,0.0,greedy_mcs,throughput
18.0,wn_0,none,-1,-1,0,0.0,0.0,greedy_mcs,throughput
18.0,ns_14,none,-1,-1,0,0.0,0.0,greedy_mcs,throughput
18.0,ns_15,none,-1,-1,0,0.0,0.0,greedy_mcs,throughput
18.0,sn_18,none,-1,-1,0,0.0,0.0,greedy_mcs,throughput
18.0,se_1,none,-1,-1,0,0.0,0.0,greedy_mcs,throughput
18.0,sn_19,none,-1,-1,0,0.0,0.0,greedy_mcs,throughput
18.0,sn_8,none,-1,-1,0,0.0,0.0,greedy_mcs,throughput
18.0,wn_7,none,-1,-1,0,0.0,0.0,greedy_mcs,throughput
18.0,ns_12,none,-1,-1,0,0.0,0.0,greedy_mcs,throughput
18.0,sn_0,none,-1,-1,0,0.0,0.0,greedy_mcs,throughput
18.0,ns_17,none,-1,-1,0,0.0,0.0,greedy_mcs,throughput
18.0,ns_13,none,-1,-1,0,0.0,0.0,greedy_mcs,throughput
18.0,sn_3,none,-1,-1,0,0.0,0.0,greedy_mcs,throughput
18.0,se_4,none,-1,-1,0,0.0,0.0,greedy_mcs,throughput
18.0,we_16,none,-1,-1,0,0.0,0.0,greedy_mcs,throughput
18.0,se_2,none,-1,-1,0,0.0,0.0,greedy_mcs,throughput
18.0,we_15,none,-1,-1,0,0.0,0.0,greedy_mcs,throughput
18.0,se_7,none,-1,-1,0,0.0,0.0,greedy_mcs,throughput
18.0,ns_16,none,-1,-1,0,0.0,0.0,greedy_mcs,throughput
18.0,wn_1,none,-1,-1,0,0.0,0.0,greedy_mcs,throughput
18.0,ew_16,none,-1,-1,0,0.0,0.0,greedy_mcs,throughput
18.0,ns_0,none,-1,-1,0,0.0,0.0,greedy_mcs,throughput
18.0,wn_5,none,-1,-1,0,0.0,0.0,greedy_mcs,throughput
18.0,ns_5,none,-1,-1,0,0.0,0.0,greedy_mcs,throughput
18.0,sn_12,none,-1,-1,0,0.0,0.0,greedy_mcs,throughput
18.0,we_19,none,-1,-1,0,0.0,0.0,greedy_mcs,throughput
18.0,ew_9,none,-1,-1,0,0.0,0.0,greedy_mcs,throughput
18.0,sn_1,none,-1,-1,0,0.0,0.0,greedy_mcs,throughput
18.0,sn_6,none,-1,-1,0,0.0,0.0,greedy_mcs,throughput
18.0,we_7,none,-1,-1,0,0.0,0.0,greedy_mcs,throughput
18.0,ew_0,none,-1,-1,0,0.0,0.0,greedy_mcs,throughput
18.0,ew_10,none,-1,-1,0,0.0,0.0,greedy_mcs,throughput
18.0,we_13,none,-1,-1,0,0.0,0.0,greedy_mcs,throughput
18.0,sn_14,none,-1,-1,0,0.0,0.0,greedy_mcs,throughput
18.0,ns_1,none,-1,-1,0,0.0,0.0,greedy_mcs,throughput
18.0,ns_11,none,-1,-1,0,0.0,0.0,greedy_mcs,throughput
18.0,ew_13,none,-1,-1,0,0.0,0.0,greedy_mcs,throughput
18.0,ew_6,none,-1,-1,0,0.0,0.0,greedy_mcs,throughput
18.0,ns_6,none,-1,-1,0,0.0,0.0,greedy_mcs,throughput
18.0,ew_19,none,-1,-1,0,0.0,0.0,greedy_mcs,throughput
18.0,ns_7,none,-1,-1,0,0.0,0.0,greedy_mcs,throughput
18.0,ew_7,none,-1,-1,0,0.0,0.0,greedy_mcs,throughput
18.0,wn_2,none,-1,-1,0,0.0,0.0,greedy_mcs,throughput
18.0,we_0,none,-1,-1,0,0.0,0.0,greedy_mcs,throughput
18.0,sn_16,none,-1,-1,0,0.0,0.0,greedy_mcs,throughput
18.0,we_12,none,-1,-1,0,0.0,0.0,greedy_mcs,throughput
18.0,we_8,none,-1,-1,0,0.0,0.0,greedy_mcs,throughput
18.0,ew_18,none,-1,-1,0,0.0,0.0,greedy_mcs,throughput
18.0,ew_11,none,-1,-1,0,0.0,0.0,greedy_mcs,throughput
18.0,we_9,none,-1,-1,0,0.0,0.0,greedy_mcs,throughput
18.0,we_18,none,-1,-1,0,0.0,0.0,greedy_mcs,throughput
18.0,ns_19,none,-1,-1,0,0.0,0.0,greedy_mcs,throughput
18.0,sn_17,none,-1,-1,0,0.0,0.0,greedy_mcs,throughput
18.0,ew_5,none,-1,-1,0,0.0,0.0,greedy_mcs,throughput
18.0,wn_3,none,-1,-1,0,0.0,0.0,greedy_mcs,throughput
18.0,sn_13,none,-1,-1,0,0.0,0.0,greedy_mcs,throughput
18.0,we_11,none,-1,-1,0,0.0,0.0,greedy_mcs,throughput
18.0,we_17,none,-1,-1,0,0.0,0.0,greedy_mcs,throughput
18.0,ew_2,none,-1,-1,0,0.0,0.0,greedy_mcs,throughput
18.0,sn_15,none,-1,-1,0,0.0,0.0,greedy_mcs,throughput
18.0,wn_8,none,-1,-1,0,0.0,0.0,greedy_mcs,throughput
18.0,se_3,none,-1,-1,0,0.0,0.0,greedy_mcs,throughput
18.0,sn_11,none,-1,-1,0,0.0,0.0,greedy_mcs,throughput
18.0,sn_2,none,-1,-1,0,0.0,0.0,greedy_mcs,throughput
18.0,se_0,none,-1,-1,0,0.0,0.0,greedy_mcs,throughput
18.0,ns_9,none,-1,-1,0,0.0,0.0,greedy_mcs,throughput
18.0,wn_9,none,-1,-1,0,0.0,0.0,greedy_mcs,throughput
18.0,se_5,none,-1,-1,0,0.0,0.0,greedy_mcs,throughput
18.0,we_4,none,-1,-1,0,0.0,0.0,greedy_mcs,throughput
19.0,sn_4,none,-1,-1,0,0.0,0.0,greedy_mcs,throughput
19.0,we_10,none,-1,-1,0,0.0,0.0,greedy_mcs,throughput
19.0,we_3,none,-1,-1,0,0.0,0.0,greedy_mcs,throughput
19.0,sn_10,none,-1,-1,0,0.0,0.0,greedy_mcs,throughput
19.0,sn_9,none,-1,-1,0,0.0,0.0,greedy_mcs,throughput
19.0,sn_5,none,-1,-1,0,0.0,0.0,greedy_mcs,throughput
19.0,ns_8,direct,BS_1,-1,1,440.00000000000006,440.00000000000006,greedy_mcs,throughput
19.0,sn_7,none,-1,-1,0,0.0,0.0,greedy_mcs,throughput
19.0,we_1,none,-1,-1,0,0.0,0.0,greedy_mcs,throughput
19.0,ns_3,none,-1,-1,0,0.0,0.0,greedy_mcs,throughput
19.0,se_6,none,-1,-1,0,0.0,0.0,greedy_mcs,throughput
19.0,se_9,none,-1,-1,0,0.0,0.0,greedy_mcs,throughput
19.0,ew_15,direct,BS_1,-1,1,440.00000000000006,440.00000000000006,greedy_mcs,throughput
19.0,ew_14,direct,BS_1,-1,1,440.00000000000006,440.00000000000006,greedy_mcs,throughput
19.0,ns_18,direct,BS_1,-1,1,440.00000000000006,440.00000000000006,greedy_mcs,throughput
19.0,we_2,none,-1,-1,0,0.0,0.0,greedy_mcs,throughput
19.0,wn_6,none,-1,-1,0,0.0,0.0,greedy_mcs,throughput
19.0,ew_4,none,-1,-1,0,0.0,0.0,greedy_mcs,throughput
19.0,ew_8,direct,BS_1,-1,1,440.00000000000006,440.00000000000006,greedy_mcs,throughput
19.0,ew_1,none,-1,-1,0,0.0,0.0,greedy_mcs,throughput
19.0,ns_4,none,-1,-1,0,0.0,0.0,greedy_mcs,throughput
19.0,ns_10,direct,BS_1,-1,1,440.00000000000006,440.00000000000006,greedy_mcs,throughput
19.0,ns_2,none,-1,-1,0,0.0,0.0,greedy_mcs,throughput
19.0,wn_4,none,-1,-1,0,0.0,0.0,greedy_mcs,throughput
19.0,se_8,none,-1,-1,0,0.0,0.0,greedy_mcs,throughput
19.0,we_14,none,-1,-1,0,0.0,0.0,greedy_mcs,throughput
19.0,we_5,none,-1,-1,0,0.0,0.0,greedy_mcs,throughput
19.0,ew_3,none,-1,-1,0,0.0,0.0,greedy_mcs,throughput
19.0,ew_12,direct,BS_1,-1,1,440.00000000000006,440.00000000000006,greedy_mcs,throughput
19.0,ew_17,direct,BS_1,-1,1,440.00000000000006,440.00000000000006,greedy_mcs,throughput
19.0,we_6,none,-1,-1,0,0.0,0.0,greedy_mcs,throughput
19.0,wn_0,none,-1,-1,0,0.0,0.0,greedy_mcs,throughput
19.0,ns_14,direct,BS_1,-1,1,440.00000000000006,440.00000000000006,greedy_mcs,throughput
19.0,ns_15,direct,BS_1,-1,1,440.00000000000006,440.00000000000006,greedy_mcs,throughput
19.0,sn_18,none,-1,-1,0,0.0,0.0,greedy_mcs,throughput
19.0,se_1,none,-1,-1,0,0.0,0.0,greedy_mcs,throughput
19.0,sn_19,none,-1,-1,0,0.0,0.0,greedy_mcs,throughput
19.0,sn_8,none,-1,-1,0,0.0,0.0,greedy_mcs,throughput
19.0,wn_7,none,-1,-1,0,0.0,0.0,greedy_mcs,throughput
19.0,ns_12,none,-1,-1,0,0.0,0.0,greedy_mcs,throughput
19.0,sn_0,none,-1,-1,0,0.0,0.0,greedy_mcs,throughput
19.0,ns_17,none,-1,-1,0,0.0,0.0,greedy_mcs,throughput
19.0,ns_13,none,-1,-1,0,0.0,0.0,greedy_mcs,throughput
19.0,sn_3,none,-1,-1,0,0.0,0.0,greedy_mcs,throughput
19.0,se_4,none,-1,-1,0,0.0,0.0,greedy_mcs,throughput
19.0,we_16,none,-1,-1,0,0.0,0.0,greedy_mcs,throughput
19.0,se_2,none,-1,-1,0,0.0,0.0,greedy_mcs,throughput
19.0,we_15,none,-1,-1,0,0.0,0.0,greedy_mcs,throughput
19.0,se_7,none,-1,-1,0,0.0,0.0,greedy_mcs,throughput
19.0,ns_16,none,-1,-1,0,0.0,0.0,greedy_mcs,throughput
19.0,wn_1,none,-1,-1,0,0.0,0.0,greedy_mcs,throughput
19.0,ew_16,none,-1,-1,0,0.0,0.0,greedy_mcs,throughput
19.0,ns_0,none,-1,-1,0,0.0,0.0,greedy_mcs,throughput
19.0,wn_5,none,-1,-1,0,0.0,0.0,greedy_mcs,throughput
19.0,ns_5,none,-1,-1,0,0.0,0.0,greedy_mcs,throughput
19.0,sn_12,none,-1,-1,0,0.0,0.0,greedy_mcs,throughput
19.0,we_19,none,-1,-1,0,0.0,0.0,greedy_mcs,throughput
19.0,ew_9,none,-1,-1,0,0.0,0.0,greedy_mcs,throughput
19.0,sn_1,none,-1,-1,0,0.0,0.0,greedy_mcs,throughput
19.0,sn_6,none,-1,-1,0,0.0,0.0,greedy_mcs,throughput
19.0,we_7,none,-1,-1,0,0.0,0.0,greedy_mcs,throughput
19.0,ew_0,none,-1,-1,0,0.0,0.0,greedy_mcs,throughput
19.0,ew_10,none,-1,-1,0,0.0,0.0,greedy_mcs,throughput
19.0,we_13,none,-1,-1,0,0.0,0.0,greedy_mcs,throughput
19.0,sn_14,none,-1,-1,0,0.0,0.0,greedy_mcs,throughput
19.0,ns_1,none,-1,-1,0,0.0,0.0,greedy_mcs,throughput
19.0,ns_11,none,-1,-1,0,0.0,0.0,greedy_mcs,throughput
19.0,ew_13,none,-1,-1,0,0.0,0.0,greedy_mcs,throughput
19.0,ew_6,none,-1,-1,0,0.0,0.0,greedy_mcs,throughput
19.0,ns_6,none,-1,-1,0,0.0,0.0,greedy_mcs,throughput
19.0,ew_19,none,-1,-1,0,0.0,0.0,greedy_mcs,throughput
19.0,ns_7,none,-1,-1,0,0.0,0.0,greedy_mcs,throughput
19.0,ew_7,none,-1,-1,0,0.0,0.0,greedy_mcs,throughput
19.0,wn_2,none,-1,-1,0,0.0,0.0,greedy_mcs,throughput
19.0,we_0,none,-1,-1,0,0.0,0.0,greedy_mcs,throughput
19.0,sn_16,none,-1,-1,0,0.0,0.0,greedy_mcs,throughput
19.0,we_12,none,-1,-1,0,0.0,0.0,greedy_mcs,throughput
19.0,we_8,none,-1,-1,0,0.0,0.0,greedy_mcs,throughput
19.0,ew_18,none,-1,-1,0,0.0,0.0,greedy_mcs,throughput
19.0,ew_11,none,-1,-1,0,0.0,0.0,greedy_mcs,throughput
19.0,we_9,none,-1,-1,0,0.0,0.0,greedy_mcs,throughput
19.0,we_18,none,-1,-1,0,0.0,0.0,greedy_mcs,throughput
19.0,ns_19,none,-1,-1,0,0.0,0.0,greedy_mcs,throughput
19.0,sn_17,none,-1,-1,0,0.0,0.0,greedy_mcs,throughput
19.0,ew_5,none,-1,-1,0,0.0,0.0,greedy_mcs,throughput
19.0,wn_3,none,-1,-1,0,0.0,0.0,greedy_mcs,throughput
19.0,sn_13,none,-1,-1,0,0.0,0.0,greedy_mcs,throughput
19.0,we_11,none,-1,-1,0,0.0,0.0,greedy_mcs,throughput
19.0,we_17,none,-1,-1,0,0.0,0.0,greedy_mcs,throughput
19.0,ew_2,none,-1,-1,0,0.0,0.0,greedy_mcs,throughput
19.0,sn_15,none,-1,-1,0,0.0,0.0,greedy_mcs,throughput
19.0,wn_8,none,-1,-1,0,0.0,0.0,greedy_mcs,throughput
19.0,se_3,none,-1,-1,0,0.0,0.0,greedy_mcs,throughput
19.0,sn_11,none,-1,-1,0,0.0,0.0,greedy_mcs,throughput
19.0,sn_2,none,-1,-1,0,0.0,0.0,greedy_mcs,throughput
19.0,se_0,none,-1,-1,0,0.0,0.0,greedy_mcs,throughput
19.0,ns_9,none,-1,-1,0,0.0,0.0,greedy_mcs,throughput
19.0,wn_9,none,-1,-1,0,0.0,0.0,greedy_mcs,throughput
19.0,se_5,none,-1,-1,0,0.0,0.0,greedy_mcs,throughput
19.0,we_4,none,-1,-1,0,0.0,0.0,greedy_mcs,throughput
20.0,sn_4,none,-1,-1,0,0.0,0.0,greedy_mcs,throughput
20.0,we_10,none,-1,-1,0,0.0,0.0,greedy_mcs,throughput
20.0,we_3,none,-1,-1,0,0.0,0.0,greedy_mcs,throughput
20.0,sn_10,none,-1,-1,0,0.0,0.0,greedy_mcs,throughput
20.0,sn_9,none,-1,-1,0,0.0,0.0,greedy_mcs,throughput
20.0,sn_5,none,-1,-1,0,0.0,0.0,greedy_mcs,throughput
20.0,ns_8,direct,BS_1,-1,1,440.00000000000006,440.00000000000006,greedy_mcs,throughput
20.0,sn_7,none,-1,-1,0,0.0,0.0,greedy_mcs,throughput
20.0,we_1,none,-1,-1,0,0.0,0.0,greedy_mcs,throughput
20.0,ns_3,none,-1,-1,0,0.0,0.0,greedy_mcs,throughput
20.0,se_6,none,-1,-1,0,0.0,0.0,greedy_mcs,throughput
20.0,se_9,none,-1,-1,0,0.0,0.0,greedy_mcs,throughput
20.0,ew_15,direct,BS_1,-1,1,440.00000000000006,440.00000000000006,greedy_mcs,throughput
20.0,ew_14,direct,BS_1,-1,1,440.00000000000006,440.00000000000006,greedy_mcs,throughput
20.0,ns_18,direct,BS_1,-1,1,440.00000000000006,440.00000000000006,greedy_mcs,throughput
20.0,we_2,none,-1,-1,0,0.0,0.0,greedy_mcs,throughput
20.0,wn_6,none,-1,-1,0,0.0,0.0,greedy_mcs,throughput
20.0,ew_4,none,-1,-1,0,0.0,0.0,greedy_mcs,throughput
20.0,ew_8,direct,BS_1,-1,1,440.00000000000006,440.00000000000006,greedy_mcs,throughput
20.0,ew_1,none,-1,-1,0,0.0,0.0,greedy_mcs,throughput
20.0,ns_4,none,-1,-1,0,0.0,0.0,greedy_mcs,throughput
20.0,ns_10,direct,BS_1,-1,1,440.00000000000006,440.00000000000006,greedy_mcs,throughput
20.0,ns_2,none,-1,-1,0,0.0,0.0,greedy_mcs,throughput
20.0,wn_4,none,-1,-1,0,0.0,0.0,greedy_mcs,throughput
20.0,se_8,none,-1,-1,0,0.0,0.0,greedy_mcs,throughput
20.0,we_14,none,-1,-1,0,0.0,0.0,greedy_mcs,throughput
20.0,we_5,none,-1,-1,0,0.0,0.0,greedy_mcs,throughput
20.0,ew_3,none,-1,-1,0,0.0,0.0,greedy_mcs,throughput
20.0,ew_12,direct,BS_1,-1,1,440.00000000000006,440.00000000000006,greedy_mcs,throughput
20.0,ew_17,direct,BS_1,-1,1,440.00000000000006,440.00000000000006,greedy_mcs,throughput
20.0,we_6,none,-1,-1,0,0.0,0.0,greedy_mcs,throughput
20.0,wn_0,none,-1,-1,0,0.0,0.0,greedy_mcs,throughput
20.0,ns_14,direct,BS_1,-1,1,440.00000000000006,440.00000000000006,greedy_mcs,throughput
20.0,ns_15,direct,BS_1,-1,1,440.00000000000006,440.00000000000006,greedy_mcs,throughput
20.0,sn_18,none,-1,-1,0,0.0,0.0,greedy_mcs,throughput
20.0,se_1,none,-1,-1,0,0.0,0.0,greedy_mcs,throughput
20.0,sn_19,none,-1,-1,0,0.0,0.0,greedy_mcs,throughput
20.0,sn_8,none,-1,-1,0,0.0,0.0,greedy_mcs,throughput
20.0,wn_7,none,-1,-1,0,0.0,0.0,greedy_mcs,throughput
20.0,ns_12,none,-1,-1,0,0.0,0.0,greedy_mcs,throughput
20.0,sn_0,none,-1,-1,0,0.0,0.0,greedy_mcs,throughput
20.0,ns_17,none,-1,-1,0,0.0,0.0,greedy_mcs,throughput
20.0,ns_13,none,-1,-1,0,0.0,0.0,greedy_mcs,throughput
20.0,sn_3,none,-1,-1,0,0.0,0.0,greedy_mcs,throughput
20.0,se_4,none,-1,-1,0,0.0,0.0,greedy_mcs,throughput
20.0,we_16,none,-1,-1,0,0.0,0.0,greedy_mcs,throughput
20.0,se_2,none,-1,-1,0,0.0,0.0,greedy_mcs,throughput
20.0,we_15,none,-1,-1,0,0.0,0.0,greedy_mcs,throughput
20.0,se_7,none,-1,-1,0,0.0,0.0,greedy_mcs,throughput
20.0,ns_16,none,-1,-1,0,0.0,0.0,greedy_mcs,throughput
20.0,wn_1,none,-1,-1,0,0.0,0.0,greedy_mcs,throughput
20.0,ew_16,none,-1,-1,0,0.0,0.0,greedy_mcs,throughput
20.0,ns_0,none,-1,-1,0,0.0,0.0,greedy_mcs,throughput
20.0,wn_5,none,-1,-1,0,0.0,0.0,greedy_mcs,throughput
20.0,ns_5,none,-1,-1,0,0.0,0.0,greedy_mcs,throughput
20.0,sn_12,none,-1,-1,0,0.0,0.0,greedy_mcs,throughput
20.0,we_19,none,-1,-1,0,0.0,0.0,greedy_mcs,throughput
20.0,ew_9,none,-1,-1,0,0.0,0.0,greedy_mcs,throughput
20.0,sn_1,none,-1,-1,0,0.0,0.0,greedy_mcs,throughput
20.0,sn_6,none,-1,-1,0,0.0,0.0,greedy_mcs,throughput
20.0,we_7,none,-1,-1,0,0.0,0.0,greedy_mcs,throughput
20.0,ew_0,none,-1,-1,0,0.0,0.0,greedy_mcs,throughput
20.0,ew_10,none,-1,-1,0,0.0,0.0,greedy_mcs,throughput
20.0,we_13,none,-1,-1,0,0.0,0.0,greedy_mcs,throughput
20.0,sn_14,none,-1,-1,0,0.0,0.0,greedy_mcs,throughput
20.0,ns_1,none,-1,-1,0,0.0,0.0,greedy_mcs,throughput
20.0,ns_11,none,-1,-1,0,0.0,0.0,greedy_mcs,throughput
20.0,ew_13,none,-1,-1,0,0.0,0.0,greedy_mcs,throughput
20.0,ew_6,none,-1,-1,0,0.0,0.0,greedy_mcs,throughput
20.0,ns_6,none,-1,-1,0,0.0,0.0,greedy_mcs,throughput
20.0,ew_19,none,-1,-1,0,0.0,0.0,greedy_mcs,throughput
20.0,ns_7,none,-1,-1,0,0.0,0.0,greedy_mcs,throughput
20.0,ew_7,none,-1,-1,0,0.0,0.0,greedy_mcs,throughput
20.0,wn_2,none,-1,-1,0,0.0,0.0,greedy_mcs,throughput
20.0,we_0,none,-1,-1,0,0.0,0.0,greedy_mcs,throughput
20.0,sn_16,none,-1,-1,0,0.0,0.0,greedy_mcs,throughput
20.0,we_12,none,-1,-1,0,0.0,0.0,greedy_mcs,throughput
20.0,we_8,none,-1,-1,0,0.0,0.0,greedy_mcs,throughput
20.0,ew_18,none,-1,-1,0,0.0,0.0,greedy_mcs,throughput
20.0,ew_11,none,-1,-1,0,0.0,0.0,greedy_mcs,throughput
20.0,we_9,none,-1,-1,0,0.0,0.0,greedy_mcs,throughput
20.0,we_18,none,-1,-1,0,0.0,0.0,greedy_mcs,throughput
20.0,ns_19,none,-1,-1,0,0.0,0.0,greedy_mcs,throughput
20.0,sn_17,none,-1,-1,0,0.0,0.0,greedy_mcs,throughput
20.0,ew_5,none,-1,-1,0,0.0,0.0,greedy_mcs,throughput
20.0,wn_3,none,-1,-1,0,0.0,0.0,greedy_mcs,throughput
20.0,sn_13,none,-1,-1,0,0.0,0.0,greedy_mcs,throughput
20.0,we_11,none,-1,-1,0,0.0,0.0,greedy_mcs,throughput
20.0,we_17,none,-1,-1,0,0.0,0.0,greedy_mcs,throughput
20.0,ew_2,none,-1,-1,0,0.0,0.0,greedy_mcs,throughput
20.0,sn_15,none,-1,-1,0,0.0,0.0,greedy_mcs,throughput
20.0,wn_8,none,-1,-1,0,0.0,0.0,greedy_mcs,throughput
20.0,se_3,none,-1,-1,0,0.0,0.0,greedy_mcs,throughput
20.0,sn_11,none,-1,-1,0,0.0,0.0,greedy_mcs,throughput
20.0,sn_2,none,-1,-1,0,0.0,0.0,greedy_mcs,throughput
20.0,se_0,none,-1,-1,0,0.0,0.0,greedy_mcs,throughput
20.0,ns_9,none,-1,-1,0,0.0,0.0,greedy_mcs,throughput
20.0,wn_9,none,-1,-1,0,0.0,0.0,greedy_mcs,throughput
20.0,se_5,none,-1,-1,0,0.0,0.0,greedy_mcs,throughput
20.0,we_4,none,-1,-1,0,0.0,0.0,greedy_mcs,throughput
21.0,sn_4,none,-1,-1,0,0.0,0.0,greedy_mcs,throughput
21.0,we_10,none,-1,-1,0,0.0,0.0,greedy_mcs,throughput
21.0,we_3,none,-1,-1,0,0.0,0.0,greedy_mcs,throughput
21.0,sn_10,none,-1,-1,0,0.0,0.0,greedy_mcs,throughput
21.0,sn_9,none,-1,-1,0,0.0,0.0,greedy_mcs,throughput
21.0,sn_5,none,-1,-1,0,0.0,0.0,greedy_mcs,throughput
21.0,ns_8,relay,BS_1,ns_9,1,440.00000000000006,440.00000000000006,greedy_mcs,throughput
21.0,sn_7,none,-1,-1,0,0.0,0.0,greedy_mcs,throughput
21.0,we_1,none,-1,-1,0,0.0,0.0,greedy_mcs,throughput
21.0,ns_3,none,-1,-1,0,0.0,0.0,greedy_mcs,throughput
21.0,se_6,none,-1,-1,0,0.0,0.0,greedy_mcs,throughput
21.0,se_9,none,-1,-1,0,0.0,0.0,greedy_mcs,throughput
21.0,ew_15,direct,BS_1,-1,1,440.00000000000006,440.00000000000006,greedy_mcs,throughput
21.0,ew_14,direct,BS_1,-1,1,440.00000000000006,440.00000000000006,greedy_mcs,throughput
21.0,ns_18,direct,BS_1,-1,1,440.00000000000006,440.00000000000006,greedy_mcs,throughput
21.0,we_2,none,-1,-1,0,0.0,0.0,greedy_mcs,throughput
21.0,wn_6,none,-1,-1,0,0.0,0.0,greedy_mcs,throughput
21.0,ew_4,none,-1,-1,0,0.0,0.0,greedy_mcs,throughput
21.0,ew_8,direct,BS_1,-1,1,440.00000000000006,440.00000000000006,greedy_mcs,throughput
21.0,ew_1,none,-1,-1,0,0.0,0.0,greedy_mcs,throughput
21.0,ns_4,none,-1,-1,0,0.0,0.0,greedy_mcs,throughput
21.0,ns_10,direct,BS_1,-1,1,440.00000000000006,440.00000000000006,greedy_mcs,throughput
21.0,ns_2,none,-1,-1,0,0.0,0.0,greedy_mcs,throughput
21.0,wn_4,none,-1,-1,0,0.0,0.0,greedy_mcs,throughput
21.0,se_8,none,-1,-1,0,0.0,0.0,greedy_mcs,throughput
21.0,we_14,none,-1,-1,0,0.0,0.0,greedy_mcs,throughput
21.0,we_5,none,-1,-1,0,0.0,0.0,greedy_mcs,throughput
21.0,ew_3,none,-1,-1,0,0.0,0.0,greedy_mcs,throughput
21.0,ew_12,direct,BS_1,-1,1,440.00000000000006,440.00000000000006,greedy_mcs,throughput
21.0,ew_17,direct,BS_1,-1,1,440.00000000000006,440.00000000000006,greedy_mcs,throughput
21.0,we_6,none,-1,-1,0,0.0,0.0,greedy_mcs,throughput
21.0,wn_0,none,-1,-1,0,0.0,0.0,greedy_mcs,throughput
21.0,ns_14,direct,BS_1,-1,1,440.00000000000006,440.00000000000006,greedy_mcs,throughput
21.0,ns_15,direct,BS_1,-1,1,440.00000000000006,440.00000000000006,greedy_mcs,throughput
21.0,sn_18,none,-1,-1,0,0.0,0.0,greedy_mcs,throughput
21.0,se_1,none,-1,-1,0,0.0,0.0,greedy_mcs,throughput
21.0,sn_19,none,-1,-1,0,0.0,0.0,greedy_mcs,throughput
21.0,sn_8,none,-1,-1,0,0.0,0.0,greedy_mcs,throughput
21.0,wn_7,none,-1,-1,0,0.0,0.0,greedy_mcs,throughput
21.0,ns_12,none,-1,-1,0,0.0,0.0,greedy_mcs,throughput
21.0,sn_0,none,-1,-1,0,0.0,0.0,greedy_mcs,throughput
21.0,ns_17,none,-1,-1,0,0.0,0.0,greedy_mcs,throughput
21.0,ns_13,none,-1,-1,0,0.0,0.0,greedy_mcs,throughput
21.0,sn_3,none,-1,-1,0,0.0,0.0,greedy_mcs,throughput
21.0,se_4,none,-1,-1,0,0.0,0.0,greedy_mcs,throughput
21.0,we_16,none,-1,-1,0,0.0,0.0,greedy_mcs,throughput
21.0,se_2,none,-1,-1,0,0.0,0.0,greedy_mcs,throughput
21.0,we_15,none,-1,-1,0,0.0,0.0,greedy_mcs,throughput
21.0,se_7,none,-1,-1,0,0.0,0.0,greedy_mcs,throughput
21.0,ns_16,none,-1,-1,0,0.0,0.0,greedy_mcs,throughput
21.0,wn_1,none,-1,-1,0,0.0,0.0,greedy_mcs,throughput
21.0,ew_16,none,-1,-1,0,0.0,0.0,greedy_mcs,throughput
21.0,ns_0,none,-1,-1,0,0.0,0.0,greedy_mcs,throughput
21.0,wn_5,none,-1,-1,0,0.0,0.0,greedy_mcs,throughput
21.0,ns_5,none,-1,-1,0,0.0,0.0,greedy_mcs,throughput
21.0,sn_12,none,-1,-1,0,0.0,0.0,greedy_mcs,throughput
21.0,we_19,none,-1,-1,0,0.0,0.0,greedy_mcs,throughput
21.0,ew_9,none,-1,-1,0,0.0,0.0,greedy_mcs,throughput
21.0,sn_1,none,-1,-1,0,0.0,0.0,greedy_mcs,throughput
21.0,sn_6,none,-1,-1,0,0.0,0.0,greedy_mcs,throughput
21.0,we_7,none,-1,-1,0,0.0,0.0,greedy_mcs,throughput
21.0,ew_0,none,-1,-1,0,0.0,0.0,greedy_mcs,throughput
21.0,ew_10,none,-1,-1,0,0.0,0.0,greedy_mcs,throughput
21.0,we_13,none,-1,-1,0,0.0,0.0,greedy_mcs,throughput
21.0,sn_14,none,-1,-1,0,0.0,0.0,greedy_mcs,throughput
21.0,ns_1,none,-1,-1,0,0.0,0.0,greedy_mcs,throughput
21.0,ns_11,none,-1,-1,0,0.0,0.0,greedy_mcs,throughput
21.0,ew_13,none,-1,-1,0,0.0,0.0,greedy_mcs,throughput
21.0,ew_6,none,-1,-1,0,0.0,0.0,greedy_mcs,throughput
21.0,ns_6,none,-1,-1,0,0.0,0.0,greedy_mcs,throughput
21.0,ew_19,none,-1,-1,0,0.0,0.0,greedy_mcs,throughput
21.0,ns_7,none,-1,-1,0,0.0,0.0,greedy_mcs,throughput
21.0,ew_7,none,-1,-1,0,0.0,0.0,greedy_mcs,throughput
21.0,wn_2,none,-1,-1,0,0.0,0.0,greedy_mcs,throughput
21.0,we_0,none,-1,-1,0,0.0,0.0,greedy_mcs,throughput
21.0,sn_16,none,-1,-1,0,0.0,0.0,greedy_mcs,throughput
21.0,we_12,none,-1,-1,0,0.0,0.0,greedy_mcs,throughput
21.0,we_8,none,-1,-1,0,0.0,0.0,greedy_mcs,throughput
21.0,ew_18,none,-1,-1,0,0.0,0.0,greedy_mcs,throughput
21.0,ew_11,none,-1,-1,0,0.0,0.0,greedy_mcs,throughput
21.0,we_9,none,-1,-1,0,0.0,0.0,greedy_mcs,throughput
21.0,we_18,none,-1,-1,0,0.0,0.0,greedy_mcs,throughput
21.0,ns_19,none,-1,-1,0,0.0,0.0,greedy_mcs,throughput
21.0,sn_17,none,-1,-1,0,0.0,0.0,greedy_mcs,throughput
21.0,ew_5,none,-1,-1,0,0.0,0.0,greedy_mcs,throughput
21.0,wn_3,none,-1,-1,0,0.0,0.0,greedy_mcs,throughput
21.0,sn_13,none,-1,-1,0,0.0,0.0,greedy_mcs,throughput
21.0,we_11,none,-1,-1,0,0.0,0.0,greedy_mcs,throughput
21.0,we_17,none,-1,-1,0,0.0,0.0,greedy_mcs,throughput
21.0,ew_2,none,-1,-1,0,0.0,0.0,greedy_mcs,throughput
21.0,sn_15,none,-1,-1,0,0.0,0.0,greedy_mcs,throughput
21.0,wn_8,none,-1,-1,0,0.0,0.0,greedy_mcs,throughput
21.0,se_3,none,-1,-1,0,0.0,0.0,greedy_mcs,throughput
21.0,sn_11,none,-1,-1,0,0.0,0.0,greedy_mcs,throughput
21.0,sn_2,none,-1,-1,0,0.0,0.0,greedy_mcs,throughput
21.0,se_0,none,-1,-1,0,0.0,0.0,greedy_mcs,throughput
21.0,ns_9,none,-1,-1,0,0.0,0.0,greedy_mcs,throughput
21.0,wn_9,none,-1,-1,0,0.0,0.0,greedy_mcs,throughput
21.0,se_5,none,-1,-1,0,0.0,0.0,greedy_mcs,throughput
21.0,we_4,none,-1,-1,0,0.0,0.0,greedy_mcs,throughput
22.0,sn_4,none,-1,-1,0,0.0,0.0,greedy_mcs,throughput
22.0,we_10,none,-1,-1,0,0.0,0.0,greedy_mcs,throughput
22.0,we_3,none,-1,-1,0,0.0,0.0,greedy_mcs,throughput
22.0,sn_10,none,-1,-1,0,0.0,0.0,greedy_mcs,throughput
22.0,sn_9,none,-1,-1,0,0.0,0.0,greedy_mcs,throughput
22.0,sn_5,none,-1,-1,0,0.0,0.0,greedy_mcs,throughput
22.0,ns_8,relay,BS_1,ns_11,1,440.00000000000006,440.00000000000006,greedy_mcs,throughput
22.0,sn_7,none,-1,-1,0,0.0,0.0,greedy_mcs,throughput
22.0,we_1,none,-1,-1,0,0.0,0.0,greedy_mcs,throughput
22.0,ns_3,none,-1,-1,0,0.0,0.0,greedy_mcs,throughput
22.0,se_6,none,-1,-1,0,0.0,0.0,greedy_mcs,throughput
22.0,se_9,none,-1,-1,0,0.0,0.0,greedy_mcs,throughput
22.0,ew_15,direct,BS_1,-1,1,440.00000000000006,440.00000000000006,greedy_mcs,throughput
22.0,ew_14,direct,BS_1,-1,1,440.00000000000006,440.00000000000006,greedy_mcs,throughput
22.0,ns_18,direct,BS_1,-1,1,440.00000000000006,440.00000000000006,greedy_mcs,throughput
22.0,we_2,none,-1,-1,0,0.0,0.0,greedy_mcs,throughput
22.0,wn_6,none,-1,-1,0,0.0,0.0,greedy_mcs,throughput
22.0,ew_4,none,-1,-1,0,0.0,0.0,greedy_mcs,throughput
22.0,ew_8,relay,BS_1,ew_11,1,440.00000000000006,440.00000000000006,greedy_mcs,throughput
22.0,ew_1,none,-1,-1,0,0.0,0.0,greedy_mcs,throughput
22.0,ns_4,none,-1,-1,0,0.0,0.0,greedy_mcs,throughput
22.0,ns_10,relay,BS_1,ns_11,1,440.00000000000006,440.00000000000006,greedy_mcs,throughput
22.0,ns_2,none,-1,-1,0,0.0,0.0,greedy_mcs,throughput
22.0,wn_4,none,-1,-1,0,0.0,0.0,greedy_mcs,throughput
22.0,se_8,none,-1,-1,0,0.0,0.0,greedy_mcs,throughput
22.0,we_14,none,-1,-1,0,0.0,0.0,greedy_mcs,throughput
22.0,we_5,none,-1,-1,0,0.0,0.0,greedy_mcs,throughput
22.0,ew_3,none,-1,-1,0,0.0,0.0,greedy_mcs,throughput
22.0,ew_12,direct,BS_1,-1,1,440.00000000000006,440.00000000000006,greedy_mcs,throughput
22.0,ew_17,direct,BS_1,-1,1,440.00000000000006,440.00000000000006,greedy_mcs,throughput
22.0,we_6,none,-1,-1,0,0.0,0.0,greedy_mcs,throughput
22.0,wn_0,none,-1,-1,0,0.0,0.0,greedy_mcs,throughput
22.0,ns_14,direct,BS_1,-1,1,440.00000000000006,440.00000000000006,greedy_mcs,throughput
22.0,ns_15,direct,BS_1,-1,1,440.00000000000006,440.00000000000006,greedy_mcs,throughput
22.0,sn_18,none,-1,-1,0,0.0,0.0,greedy_mcs,throughput
22.0,se_1,none,-1,-1,0,0.0,0.0,greedy_mcs,throughput
22.0,sn_19,none,-1,-1,0,0.0,0.0,greedy_mcs,throughput
22.0,sn_8,none,-1,-1,0,0.0,0.0,greedy_mcs,throughput
22.0,wn_7,none,-1,-1,0,0.0,0.0,greedy_mcs,throughput
22.0,ns_12,none,-1,-1,0,0.0,0.0,greedy_mcs,throughput
22.0,sn_0,none,-1,-1,0,0.0,0.0,greedy_mcs,throughput
22.0,ns_17,none,-1,-1,0,0.0,0.0,greedy_mcs,throughput
22.0,ns_13,none,-1,-1,0,0.0,0.0,greedy_mcs,throughput
22.0,sn_3,none,-1,-1,0,0.0,0.0,greedy_mcs,throughput
22.0,se_4,none,-1,-1,0,0.0,0.0,greedy_mcs,throughput
22.0,we_16,none,-1,-1,0,0.0,0.0,greedy_mcs,throughput
22.0,se_2,none,-1,-1,0,0.0,0.0,greedy_mcs,throughput
22.0,we_15,none,-1,-1,0,0.0,0.0,greedy_mcs,throughput
22.0,se_7,none,-1,-1,0,0.0,0.0,greedy_mcs,throughput
22.0,ns_16,none,-1,-1,0,0.0,0.0,greedy_mcs,throughput
22.0,wn_1,none,-1,-1,0,0.0,0.0,greedy_mcs,throughput
22.0,ew_16,none,-1,-1,0,0.0,0.0,greedy_mcs,throughput
22.0,ns_0,none,-1,-1,0,0.0,0.0,greedy_mcs,throughput
22.0,wn_5,none,-1,-1,0,0.0,0.0,greedy_mcs,throughput
22.0,ns_5,none,-1,-1,0,0.0,0.0,greedy_mcs,throughput
22.0,sn_12,none,-1,-1,0,0.0,0.0,greedy_mcs,throughput
22.0,we_19,none,-1,-1,0,0.0,0.0,greedy_mcs,throughput
22.0,ew_9,none,-1,-1,0,0.0,0.0,greedy_mcs,throughput
22.0,sn_1,none,-1,-1,0,0.0,0.0,greedy_mcs,throughput
22.0,sn_6,none,-1,-1,0,0.0,0.0,greedy_mcs,throughput
22.0,we_7,none,-1,-1,0,0.0,0.0,greedy_mcs,throughput
22.0,ew_0,none,-1,-1,0,0.0,0.0,greedy_mcs,throughput
22.0,ew_10,none,-1,-1,0,0.0,0.0,greedy_mcs,throughput
22.0,we_13,none,-1,-1,0,0.0,0.0,greedy_mcs,throughput
22.0,sn_14,none,-1,-1,0,0.0,0.0,greedy_mcs,throughput
22.0,ns_1,none,-1,-1,0,0.0,0.0,greedy_mcs,throughput
22.0,ns_11,none,-1,-1,0,0.0,0.0,greedy_mcs,throughput
22.0,ew_13,none,-1,-1,0,0.0,0.0,greedy_mcs,throughput
22.0,ew_6,none,-1,-1,0,0.0,0.0,greedy_mcs,throughput
22.0,ns_6,none,-1,-1,0,0.0,0.0,greedy_mcs,throughput
22.0,ew_19,none,-1,-1,0,0.0,0.0,greedy_mcs,throughput
22.0,ns_7,none,-1,-1,0,0.0,0.0,greedy_mcs,throughput
22.0,ew_7,none,-1,-1,0,0.0,0.0,greedy_mcs,throughput
22.0,wn_2,none,-1,-1,0,0.0,0.0,greedy_mcs,throughput
22.0,we_0,none,-1,-1,0,0.0,0.0,greedy_mcs,throughput
22.0,sn_16,none,-1,-1,0,0.0,0.0,greedy_mcs,throughput
22.0,we_12,none,-1,-1,0,0.0,0.0,greedy_mcs,throughput
22.0,we_8,none,-1,-1,0,0.0,0.0,greedy_mcs,throughput
22.0,ew_18,none,-1,-1,0,0.0,0.0,greedy_mcs,throughput
22.0,ew_11,none,-1,-1,0,0.0,0.0,greedy_mcs,throughput
22.0,we_9,none,-1,-1,0,0.0,0.0,greedy_mcs,throughput
22.0,we_18,none,-1,-1,0,0.0,0.0,greedy_mcs,throughput
22.0,ns_19,none,-1,-1,0,0.0,0.0,greedy_mcs,throughput
22.0,sn_17,none,-1,-1,0,0.0,0.0,greedy_mcs,throughput
22.0,ew_5,none,-1,-1,0,0.0,0.0,greedy_mcs,throughput
22.0,wn_3,none,-1,-1,0,0.0,0.0,greedy_mcs,throughput
22.0,sn_13,none,-1,-1,0,0.0,0.0,greedy_mcs,throughput
22.0,we_11,none,-1,-1,0,0.0,0.0,greedy_mcs,throughput
22.0,we_17,none,-1,-1,0,0.0,0.0,greedy_mcs,throughput
22.0,ew_2,none,-1,-1,0,0.0,0.0,greedy_mcs,throughput
22.0,sn_15,none,-1,-1,0,0.0,0.0,greedy_mcs,throughput
22.0,wn_8,none,-1,-1,0,0.0,0.0,greedy_mcs,throughput
22.0,se_3,none,-1,-1,0,0.0,0.0,greedy_mcs,throughput
22.0,sn_11,none,-1,-1,0,0.0,0.0,greedy_mcs,throughput
22.0,sn_2,none,-1,-1,0,0.0,0.0,greedy_mcs,throughput
22.0,se_0,none,-1,-1,0,0.0,0.0,greedy_mcs,throughput
22.0,ns_9,none,-1,-1,0,0.0,0.0,greedy_mcs,throughput
22.0,wn_9,none,-1,-1,0,0.0,0.0,greedy_mcs,throughput
22.0,se_5,none,-1,-1,0,0.0,0.0,greedy_mcs,throughput
22.0,we_4,none,-1,-1,0,0.0,0.0,greedy_mcs,throughput
23.0,sn_4,none,-1,-1,0,0.0,0.0,greedy_mcs,throughput
23.0,we_10,none,-1,-1,0,0.0,0.0,greedy_mcs,throughput
23.0,we_3,none,-1,-1,0,0.0,0.0,greedy_mcs,throughput
23.0,sn_10,none,-1,-1,0,0.0,0.0,greedy_mcs,throughput
23.0,sn_9,none,-1,-1,0,0.0,0.0,greedy_mcs,throughput
23.0,sn_5,none,-1,-1,0,0.0,0.0,greedy_mcs,throughput
23.0,ns_8,none,-1,-1,0,0.0,0.0,greedy_mcs,throughput
23.0,sn_7,none,-1,-1,0,0.0,0.0,greedy_mcs,throughput
23.0,we_1,none,-1,-1,0,0.0,0.0,greedy_mcs,throughput
23.0,ns_3,none,-1,-1,0,0.0,0.0,greedy_mcs,throughput
23.0,se_6,none,-1,-1,0,0.0,0.0,greedy_mcs,throughput
23.0,se_9,none,-1,-1,0,0.0,0.0,greedy_mcs,throughput
23.0,ew_15,direct,BS_1,-1,1,440.00000000000006,440.00000000000006,greedy_mcs,throughput
23.0,ew_14,direct,BS_1,-1,1,440.00000000000006,440.00000000000006,greedy_mcs,throughput
23.0,ns_18,direct,BS_1,-1,1,440.00000000000006,440.00000000000006,greedy_mcs,throughput
23.0,we_2,none,-1,-1,0,0.0,0.0,greedy_mcs,throughput
23.0,wn_6,none,-1,-1,0,0.0,0.0,greedy_mcs,throughput
23.0,ew_4,none,-1,-1,0,0.0,0.0,greedy_mcs,throughput
23.0,ew_8,none,-1,-1,0,0.0,0.0,greedy_mcs,throughput
23.0,ew_1,none,-1,-1,0,0.0,0.0,greedy_mcs,throughput
23.0,ns_4,none,-1,-1,0,0.0,0.0,greedy_mcs,throughput
23.0,ns_10,relay,BS_1,ns_12,1,440.00000000000006,440.00000000000006,greedy_mcs,throughput
23.0,ns_2,none,-1,-1,0,0.0,0.0,greedy_mcs,throughput
23.0,wn_4,none,-1,-1,0,0.0,0.0,greedy_mcs,throughput
23.0,se_8,none,-1,-1,0,0.0,0.0,greedy_mcs,throughput
23.0,we_14,none,-1,-1,0,0.0,0.0,greedy_mcs,throughput
23.0,we_5,none,-1,-1,0,0.0,0.0,greedy_mcs,throughput
23.0,ew_3,none,-1,-1,0,0.0,0.0,greedy_mcs,throughput
23.0,ew_12,direct,BS_1,-1,1,440.00000000000006,440.00000000000006,greedy_mcs,throughput
23.0,ew_17,direct,BS_1,-1,1,440.00000000000006,440.00000000000006,greedy_mcs,throughput
23.0,we_6,none,-1,-1,0,0.0,0.0,greedy_mcs,throughput
23.0,wn_0,none,-1,-1,0,0.0,0.0,greedy_mcs,throughput
23.0,ns_14,direct,BS_1,-1,1,440.00000000000006,440.00000000000006,greedy_mcs,throughput
23.0,ns_15,direct,BS_1,-1,1,440.00000000000006,440.00000000000006,greedy_mcs,throughput
23.0,sn_18,none,-1,-1,0,0.0,0.0,greedy_mcs,throughput
23.0,se_1,none,-1,-1,0,0.0,0.0,greedy_mcs,throughput
23.0,sn_19,none,-1,-1,0,0.0,0.0,greedy_mcs,throughput
23.0,sn_8,none,-1,-1,0,0.0,0.0,greedy_mcs,throughput
23.0,wn_7,none,-1,-1,0,0.0,0.0,greedy_mcs,throughput
23.0,ns_12,direct,BS_1,-1,1,440.00000000000006,440.00000000000006,greedy_mcs,throughput
23.0,sn_0,none,-1,-1,0,0.0,0.0,greedy_mcs,throughput
23.0,ns_17,direct,BS_1,-1,1,440.00000000000006,440.00000000000006,greedy_mcs,throughput
23.0,ns_13,none,-1,-1,0,0.0,0.0,greedy_mcs,throughput
23.0,sn_3,none,-1,-1,0,0.0,0.0,greedy_mcs,throughput
23.0,se_4,none,-1,-1,0,0.0,0.0,greedy_mcs,throughput
23.0,we_16,none,-1,-1,0,0.0,0.0,greedy_mcs,throughput
23.0,se_2,none,-1,-1,0,0.0,0.0,greedy_mcs,throughput
23.0,we_15,none,-1,-1,0,0.0,0.0,greedy_mcs,throughput
23.0,se_7,none,-1,-1,0,0.0,0.0,greedy_mcs,throughput
23.0,ns_16,none,-1,-1,0,0.0,0.0,greedy_mcs,throughput
23.0,wn_1,none,-1,-1,0,0.0,0.0,greedy_mcs,throughput
23.0,ew_16,none,-1,-1,0,0.0,0.0,greedy_mcs,throughput
23.0,ns_0,none,-1,-1,0,0.0,0.0,greedy_mcs,throughput
23.0,wn_5,none,-1,-1,0,0.0,0.0,greedy_mcs,throughput
23.0,ns_5,none,-1,-1,0,0.0,0.0,greedy_mcs,throughput
23.0,sn_12,none,-1,-1,0,0.0,0.0,greedy_mcs,throughput
23.0,we_19,none,-1,-1,0,0.0,0.0,greedy_mcs,throughput
23.0,ew_9,none,-1,-1,0,0.0,0.0,greedy_mcs,throughput
23.0,sn_1,none,-1,-1,0,0.0,0.0,greedy_mcs,throughput
23.0,sn_6,none,-1,-1,0,0.0,0.0,greedy_mcs,throughput
23.0,we_7,none,-1,-1,0,0.0,0.0,greedy_mcs,throughput
23.0,ew_0,none,-1,-1,0,0.0,0.0,greedy_mcs,throughput
23.0,ew_10,none,-1,-1,0,0.0,0.0,greedy_mcs,throughput
23.0,we_13,none,-1,-1,0,0.0,0.0,greedy_mcs,throughput
23.0,sn_14,none,-1,-1,0,0.0,0.0,greedy_mcs,throughput
23.0,ns_1,none,-1,-1,0,0.0,0.0,greedy_mcs,throughput
23.0,ns_11,none,-1,-1,0,0.0,0.0,greedy_mcs,throughput
23.0,ew_13,none,-1,-1,0,0.0,0.0,greedy_mcs,throughput
23.0,ew_6,none,-1,-1,0,0.0,0.0,greedy_mcs,throughput
23.0,ns_6,none,-1,-1,0,0.0,0.0,greedy_mcs,throughput
23.0,ew_19,none,-1,-1,0,0.0,0.0,greedy_mcs,throughput
23.0,ns_7,none,-1,-1,0,0.0,0.0,greedy_mcs,throughput
23.0,ew_7,none,-1,-1,0,0.0,0.0,greedy_mcs,throughput
23.0,wn_2,none,-1,-1,0,0.0,0.0,greedy_mcs,throughput
23.0,we_0,none,-1,-1,0,0.0,0.0,greedy_mcs,throughput
23.0,sn_16,none,-1,-1,0,0.0,0.0,greedy_mcs,throughput
23.0,we_12,none,-1,-1,0,0.0,0.0,greedy_mcs,throughput
23.0,we_8,none,-1,-1,0,0.0,0.0,greedy_mcs,throughput
23.0,ew_18,none,-1,-1,0,0.0,0.0,greedy_mcs,throughput
23.0,ew_11,none,-1,-1,0,0.0,0.0,greedy_mcs,throughput
23.0,we_9,none,-1,-1,0,0.0,0.0,greedy_mcs,throughput
23.0,we_18,none,-1,-1,0,0.0,0.0,greedy_mcs,throughput
23.0,ns_19,none,-1,-1,0,0.0,0.0,greedy_mcs,throughput
23.0,sn_17,none,-1,-1,0,0.0,0.0,greedy_mcs,throughput
23.0,ew_5,none,-1,-1,0,0.0,0.0,greedy_mcs,throughput
23.0,wn_3,none,-1,-1,0,0.0,0.0,greedy_mcs,throughput
23.0,sn_13,none,-1,-1,0,0.0,0.0,greedy_mcs,throughput
23.0,we_11,none,-1,-1,0,0.0,0.0,greedy_mcs,throughput
23.0,we_17,none,-1,-1,0,0.0,0.0,greedy_mcs,throughput
23.0,ew_2,none,-1,-1,0,0.0,0.0,greedy_mcs,throughput
23.0,sn_15,none,-1,-1,0,0.0,0.0,greedy_mcs,throughput
23.0,wn_8,none,-1,-1,0,0.0,0.0,greedy_mcs,throughput
23.0,se_3,none,-1,-1,0,0.0,0.0,greedy_mcs,throughput
23.0,sn_11,none,-1,-1,0,0.0,0.0,greedy_mcs,throughput
23.0,sn_2,none,-1,-1,0,0.0,0.0,greedy_mcs,throughput
23.0,se_0,none,-1,-1,0,0.0,0.0,greedy_mcs,throughput
23.0,ns_9,none,-1,-1,0,0.0,0.0,greedy_mcs,throughput
23.0,wn_9,none,-1,-1,0,0.0,0.0,greedy_mcs,throughput
23.0,se_5,none,-1,-1,0,0.0,0.0,greedy_mcs,throughput
23.0,we_4,none,-1,-1,0,0.0,0.0,greedy_mcs,throughput
24.0,sn_4,none,-1,-1,0,0.0,0.0,greedy_mcs,throughput
24.0,we_10,none,-1,-1,0,0.0,0.0,greedy_mcs,throughput
24.0,we_3,none,-1,-1,0,0.0,0.0,greedy_mcs,throughput
24.0,sn_10,none,-1,-1,0,0.0,0.0,greedy_mcs,throughput
24.0,sn_9,none,-1,-1,0,0.0,0.0,greedy_mcs,throughput
24.0,sn_5,none,-1,-1,0,0.0,0.0,greedy_mcs,throughput
24.0,ns_8,none,-1,-1,0,0.0,0.0,greedy_mcs,throughput
24.0,sn_7,none,-1,-1,0,0.0,0.0,greedy_mcs,throughput
24.0,we_1,none,-1,-1,0,0.0,0.0,greedy_mcs,throughput
24.0,ns_3,none,-1,-1,0,0.0,0.0,greedy_mcs,throughput
24.0,se_6,none,-1,-1,0,0.0,0.0,greedy_mcs,throughput
24.0,se_9,none,-1,-1,0,0.0,0.0,greedy_mcs,throughput
24.0,ew_15,direct,BS_1,-1,1,440.00000000000006,440.00000000000006,greedy_mcs,throughput
24.0,ew_14,direct,BS_1,-1,1,440.00000000000006,440.00000000000006,greedy_mcs,throughput
24.0,ns_18,direct,BS_1,-1,1,440.00000000000006,440.00000000000006,greedy_mcs,throughput
24.0,we_2,none,-1,-1,0,0.0,0.0,greedy_mcs,throughput
24.0,wn_6,none,-1,-1,0,0.0,0.0,greedy_mcs,throughput
24.0,ew_4,none,-1,-1,0,0.0,0.0,greedy_mcs,throughput
24.0,ew_8,none,-1,-1,0,0.0,0.0,greedy_mcs,throughput
24.0,ew_1,none,-1,-1,0,0.0,0.0,greedy_mcs,throughput
24.0,ns_4,none,-1,-1,0,0.0,0.0,greedy_mcs,throughput
24.0,ns_10,none,-1,-1,0,0.0,0.0,greedy_mcs,throughput
24.0,ns_2,none,-1,-1,0,0.0,0.0,greedy_mcs,throughput
24.0,wn_4,none,-1,-1,0,0.0,0.0,greedy_mcs,throughput
24.0,se_8,none,-1,-1,0,0.0,0.0,greedy_mcs,throughput
24.0,we_14,none,-1,-1,0,0.0,0.0,greedy_mcs,throughput
24.0,we_5,none,-1,-1,0,0.0,0.0,greedy_mcs,throughput
24.0,ew_3,none,-1,-1,0,0.0,0.0,greedy_mcs,throughput
24.0,ew_12,direct,BS_1,-1,1,440.00000000000006,440.00000000000006,greedy_mcs,throughput
24.0,ew_17,direct,BS_1,-1,1,440.00000000000006,440.00000000000006,greedy_mcs,throughput
24.0,we_6,none,-1,-1,0,0.0,0.0,greedy_mcs,throughput
24.0,wn_0,none,-1,-1,0,0.0,0.0,greedy_mcs,throughput
24.0,ns_14,direct,BS_1,-1,1,440.00000000000006,440.00000000000006,greedy_mcs,throughput
24.0,ns_15,direct,BS_1,-1,1,440.00000000000006,440.00000000000006,greedy_mcs,throughput
24.0,sn_18,none,-1,-1,0,0.0,0.0,greedy_mcs,throughput
24.0,se_1,none,-1,-1,0,0.0,0.0,greedy_mcs,throughput
24.0,sn_19,none,-1,-1,0,0.0,0.0,greedy_mcs,throughput
24.0,sn_8,none,-1,-1,0,0.0,0.0,greedy_mcs,throughput
24.0,wn_7,none,-1,-1,0,0.0,0.0,greedy_mcs,throughput
24.0,ns_12,relay,BS_1,ns_13,1,440.00000000000006,440.00000000000006,greedy_mcs,throughput
24.0,sn_0,none,-1,-1,0,0.0,0.0,greedy_mcs,throughput
24.0,ns_17,direct,BS_1,-1,1,440.00000000000006,440.00000000000006,greedy_mcs,throughput
24.0,ns_13,direct,BS_1,-1,1,440.00000000000006,440.00000000000006,greedy_mcs,throughput
24.0,sn_3,none,-1,-1,0,0.0,0.0,greedy_mcs,throughput
24.0,se_4,none,-1,-1,0,0.0,0.0,greedy_mcs,throughput
24.0,we_16,none,-1,-1,0,0.0,0.0,greedy_mcs,throughput
24.0,se_2,none,-1,-1,0,0.0,0.0,greedy_mcs,throughput
24.0,we_15,none,-1,-1,0,0.0,0.0,greedy_mcs,throughput
24.0,se_7,none,-1,-1,0,0.0,0.0,greedy_mcs,throughput
24.0,ns_16,none,-1,-1,0,0.0,0.0,greedy_mcs,throughput
24.0,wn_1,none,-1,-1,0,0.0,0.0,greedy_mcs,throughput
24.0,ew_16,none,-1,-1,0,0.0,0.0,greedy_mcs,throughput
24.0,ns_0,none,-1,-1,0,0.0,0.0,greedy_mcs,throughput
24.0,wn_5,none,-1,-1,0,0.0,0.0,greedy_mcs,throughput
24.0,ns_5,none,-1,-1,0,0.0,0.0,greedy_mcs,throughput
24.0,sn_12,none,-1,-1,0,0.0,0.0,greedy_mcs,throughput
24.0,we_19,none,-1,-1,0,0.0,0.0,greedy_mcs,throughput
24.0,ew_9,none,-1,-1,0,0.0,0.0,greedy_mcs,throughput
24.0,sn_1,none,-1,-1,0,0.0,0.0,greedy_mcs,throughput
24.0,sn_6,none,-1,-1,0,0.0,0.0,greedy_mcs,throughput
24.0,we_7,none,-1,-1,0,0.0,0.0,greedy_mcs,throughput
24.0,ew_0,none,-1,-1,0,0.0,0.0,greedy_mcs,throughput
24.0,ew_10,none,-1,-1,0,0.0,0.0,greedy_mcs,throughput
24.0,we_13,none,-1,-1,0,0.0,0.0,greedy_mcs,throughput
24.0,sn_14,none,-1,-1,0,0.0,0.0,greedy_mcs,throughput
24.0,ns_1,none,-1,-1,0,0.0,0.0,greedy_mcs,throughput
24.0,ns_11,none,-1,-1,0,0.0,0.0,greedy_mcs,throughput
24.0,ew_13,none,-1,-1,0,0.0,0.0,greedy_mcs,throughput
24.0,ew_6,none,-1,-1,0,0.0,0.0,greedy_mcs,throughput
24.0,ns_6,none,-1,-1,0,0.0,0.0,greedy_mcs,throughput
24.0,ew_19,none,-1,-1,0,0.0,0.0,greedy_mcs,throughput
24.0,ns_7,none,-1,-1,0,0.0,0.0,greedy_mcs,throughput
24.0,ew_7,none,-1,-1,0,0.0,0.0,greedy_mcs,throughput
24.0,wn_2,none,-1,-1,0,0.0,0.0,greedy_mcs,throughput
24.0,we_0,none,-1,-1,0,0.0,0.0,greedy_mcs,throughput
24.0,sn_16,none,-1,-1,0,0.0,0.0,greedy_mcs,throughput
24.0,we_12,none,-1,-1,0,0.0,0.0,greedy_mcs,throughput
24.0,we_8,none,-1,-1,0,0.0,0.0,greedy_mcs,throughput
24.0,ew_18,none,-1,-1,0,0.0,0.0,greedy_mcs,throughput
24.0,ew_11,none,-1,-1,0,0.0,0.0,greedy_mcs,throughput
24.0,we_9,none,-1,-1,0,0.0,0.0,greedy_mcs,throughput
24.0,we_18,none,-1,-1,0,0.0,0.0,greedy_mcs,throughput
24.0,ns_19,none,-1,-1,0,0.0,0.0,greedy_mcs,throughput
24.0,sn_17,none,-1,-1,0,0.0,0.0,greedy_mcs,throughput
24.0,ew_5,none,-1,-1,0,0.0,0.0,greedy_mcs,throughput
24.0,wn_3,none,-1,-1,0,0.0,0.0,greedy_mcs,throughput
24.0,sn_13,none,-1,-1,0,0.0,0.0,greedy_mcs,throughput
24.0,we_11,none,-1,-1,0,0.0,0.0,greedy_mcs,throughput
24.0,we_17,none,-1,-1,0,0.0,0.0,greedy_mcs,throughput
24.0,ew_2,none,-1,-1,0,0.0,0.0,greedy_mcs,throughput
24.0,sn_15,none,-1,-1,0,0.0,0.0,greedy_mcs,throughput
24.0,wn_8,none,-1,-1,0,0.0,0.0,greedy_mcs,throughput
24.0,se_3,none,-1,-1,0,0.0,0.0,greedy_mcs,throughput
24.0,sn_11,none,-1,-1,0,0.0,0.0,greedy_mcs,throughput
24.0,sn_2,none,-1,-1,0,0.0,0.0,greedy_mcs,throughput
24.0,se_0,none,-1,-1,0,0.0,0.0,greedy_mcs,throughput
24.0,ns_9,none,-1,-1,0,0.0,0.0,greedy_mcs,throughput
24.0,wn_9,none,-1,-1,0,0.0,0.0,greedy_mcs,throughput
24.0,se_5,none,-1,-1,0,0.0,0.0,greedy_mcs,throughput
24.0,we_4,none,-1,-1,0,0.0,0.0,greedy_mcs,throughput
25.0,sn_4,none,-1,-1,0,0.0,0.0,greedy_mcs,throughput
25.0,we_10,none,-1,-1,0,0.0,0.0,greedy_mcs,throughput
25.0,we_3,none,-1,-1,0,0.0,0.0,greedy_mcs,throughput
25.0,sn_10,none,-1,-1,0,0.0,0.0,greedy_mcs,throughput
25.0,sn_9,none,-1,-1,0,0.0,0.0,greedy_mcs,throughput
25.0,sn_5,none,-1,-1,0,0.0,0.0,greedy_mcs,throughput
25.0,ns_8,none,-1,-1,0,0.0,0.0,greedy_mcs,throughput
25.0,sn_7,none,-1,-1,0,0.0,0.0,greedy_mcs,throughput
25.0,we_1,none,-1,-1,0,0.0,0.0,greedy_mcs,throughput
25.0,ns_3,none,-1,-1,0,0.0,0.0,greedy_mcs,throughput
25.0,se_6,none,-1,-1,0,0.0,0.0,greedy_mcs,throughput
25.0,se_9,none,-1,-1,0,0.0,0.0,greedy_mcs,throughput
25.0,ew_15,direct,BS_1,-1,1,440.00000000000006,440.00000000000006,greedy_mcs,throughput
25.0,ew_14,relay,BS_1,ew_15,1,440.00000000000006,440.00000000000006,greedy_mcs,throughput
25.0,ns_18,direct,BS_1,-1,1,440.00000000000006,440.00000000000006,greedy_mcs,throughput
25.0,we_2,none,-1,-1,0,0.0,0.0,greedy_mcs,throughput
25.0,wn_6,none,-1,-1,0,0.0,0.0,greedy_mcs,throughput
25.0,ew_4,none,-1,-1,0,0.0,0.0,greedy_mcs,throughput
25.0,ew_8,none,-1,-1,0,0.0,0.0,greedy_mcs,throughput
25.0,ew_1,none,-1,-1,0,0.0,0.0,greedy_mcs,throughput
25.0,ns_4,none,-1,-1,0,0.0,0.0,greedy_mcs,throughput
25.0,ns_10,none,-1,-1,0,0.0,0.0,greedy_mcs,throughput
25.0,ns_2,none,-1,-1,0,0.0,0.0,greedy_mcs,throughput
25.0,wn_4,none,-1,-1,0,0.0,0.0,greedy_mcs,throughput
25.0,se_8,none,-1,-1,0,0.0,0.0,greedy_mcs,throughput
25.0,we_14,none,-1,-1,0,0.0,0.0,greedy_mcs,throughput
25.0,we_5,none,-1,-1,0,0.0,0.0,greedy_mcs,throughput
25.0,ew_3,none,-1,-1,0,0.0,0.0,greedy_mcs,throughput
25.0,ew_12,relay,BS_1,ew_15,1,440.00000000000006,440.00000000000006,greedy_mcs,throughput
25.0,ew_17,direct,BS_1,-1,1,440.00000000000006,440.00000000000006,greedy_mcs,throughput
25.0,we_6,none,-1,-1,0,0.0,0.0,greedy_mcs,throughput
25.0,wn_0,none,-1,-1,0,0.0,0.0,greedy_mcs,throughput
25.0,ns_14,relay,BS_1,ns_15,1,440.00000000000006,440.00000000000006,greedy_mcs,throughput
25.0,ns_15,direct,BS_1,-1,1,440.00000000000006,440.00000000000006,greedy_mcs,throughput
25.0,sn_18,none,-1,-1,0,0.0,0.0,greedy_mcs,throughput
25.0,se_1,none,-1,-1,0,0.0,0.0,greedy_mcs,throughput
25.0,sn_19,none,-1,-1,0,0.0,0.0,greedy_mcs,throughput
25.0,sn_8,none,-1,-1,0,0.0,0.0,greedy_mcs,throughput
25.0,wn_7,none,-1,-1,0,0.0,0.0,greedy_mcs,throughput
25.0,ns_12,relay,BS_1,ns_15,1,440.00000000000006,440.00000000000006,greedy_mcs,throughput
25.0,sn_0,none,-1,-1,0,0.0,0.0,greedy_mcs,throughput
25.0,ns_17,direct,BS_1,-1,1,440.00000000000006,440.00000000000006,greedy_mcs,throughput
25.0,ns_13,relay,BS_1,ns_15,1,440.00000000000006,440.00000000000006,greedy_mcs,throughput
25.0,sn_3,none,-1,-1,0,0.0,0.0,greedy_mcs,throughput
25.0,se_4,none,-1,-1,0,0.0,0.0,greedy_mcs,throughput
25.0,we_16,none,-1,-1,0,0.0,0.0,greedy_mcs,throughput
25.0,se_2,none,-1,-1,0,0.0,0.0,greedy_mcs,throughput
25.0,we_15,none,-1,-1,0,0.0,0.0,greedy_mcs,throughput
25.0,se_7,none,-1,-1,0,0.0,0.0,greedy_mcs,throughput
25.0,ns_16,none,-1,-1,0,0.0,0.0,greedy_mcs,throughput
25.0,wn_1,none,-1,-1,0,0.0,0.0,greedy_mcs,throughput
25.0,ew_16,none,-1,-1,0,0.0,0.0,greedy_mcs,throughput
25.0,ns_0,none,-1,-1,0,0.0,0.0,greedy_mcs,throughput
25.0,wn_5,none,-1,-1,0,0.0,0.0,greedy_mcs,throughput
25.0,ns_5,none,-1,-1,0,0.0,0.0,greedy_mcs,throughput
25.0,sn_12,none,-1,-1,0,0.0,0.0,greedy_mcs,throughput
25.0,we_19,none,-1,-1,0,0.0,0.0,greedy_mcs,throughput
25.0,ew_9,none,-1,-1,0,0.0,0.0,greedy_mcs,throughput
25.0,sn_1,none,-1,-1,0,0.0,0.0,greedy_mcs,throughput
25.0,sn_6,none,-1,-1,0,0.0,0.0,greedy_mcs,throughput
25.0,we_7,none,-1,-1,0,0.0,0.0,greedy_mcs,throughput
25.0,ew_0,none,-1,-1,0,0.0,0.0,greedy_mcs,throughput
25.0,ew_10,none,-1,-1,0,0.0,0.0,greedy_mcs,throughput
25.0,we_13,none,-1,-1,0,0.0,0.0,greedy_mcs,throughput
25.0,sn_14,none,-1,-1,0,0.0,0.0,greedy_mcs,throughput
25.0,ns_1,none,-1,-1,0,0.0,0.0,greedy_mcs,throughput
25.0,ns_11,none,-1,-1,0,0.0,0.0,greedy_mcs,throughput
25.0,ew_13,none,-1,-1,0,0.0,0.0,greedy_mcs,throughput
25.0,ew_6,none,-1,-1,0,0.0,0.0,greedy_mcs,throughput
25.0,ns_6,none,-1,-1,0,0.0,0.0,greedy_mcs,throughput
25.0,ew_19,none,-1,-1,0,0.0,0.0,greedy_mcs,throughput
25.0,ns_7,none,-1,-1,0,0.0,0.0,greedy_mcs,throughput
25.0,ew_7,none,-1,-1,0,0.0,0.0,greedy_mcs,throughput
25.0,wn_2,none,-1,-1,0,0.0,0.0,greedy_mcs,throughput
25.0,we_0,none,-1,-1,0,0.0,0.0,greedy_mcs,throughput
25.0,sn_16,none,-1,-1,0,0.0,0.0,greedy_mcs,throughput
25.0,we_12,none,-1,-1,0,0.0,0.0,greedy_mcs,throughput
25.0,we_8,none,-1,-1,0,0.0,0.0,greedy_mcs,throughput
25.0,ew_18,none,-1,-1,0,0.0,0.0,greedy_mcs,throughput
25.0,ew_11,none,-1,-1,0,0.0,0.0,greedy_mcs,throughput
25.0,we_9,none,-1,-1,0,0.0,0.0,greedy_mcs,throughput
25.0,we_18,none,-1,-1,0,0.0,0.0,greedy_mcs,throughput
25.0,ns_19,none,-1,-1,0,0.0,0.0,greedy_mcs,throughput
25.0,sn_17,none,-1,-1,0,0.0,0.0,greedy_mcs,throughput
25.0,ew_5,none,-1,-1,0,0.0,0.0,greedy_mcs,throughput
25.0,wn_3,none,-1,-1,0,0.0,0.0,greedy_mcs,throughput
25.0,sn_13,none,-1,-1,0,0.0,0.0,greedy_mcs,throughput
25.0,we_11,none,-1,-1,0,0.0,0.0,greedy_mcs,throughput
25.0,we_17,none,-1,-1,0,0.0,0.0,greedy_mcs,throughput
25.0,ew_2,none,-1,-1,0,0.0,0.0,greedy_mcs,throughput
25.0,sn_15,none,-1,-1,0,0.0,0.0,greedy_mcs,throughput
25.0,wn_8,none,-1,-1,0,0.0,0.0,greedy_mcs,throughput
25.0,se_3,none,-1,-1,0,0.0,0.0,greedy_mcs,throughput
25.0,sn_11,none,-1,-1,0,0.0,0.0,greedy_mcs,throughput
25.0,sn_2,none,-1,-1,0,0.0,0.0,greedy_mcs,throughput
25.0,se_0,none,-1,-1,0,0.0,0.0,greedy_mcs,throughput
25.0,ns_9,none,-1,-1,0,0.0,0.0,greedy_mcs,throughput
25.0,wn_9,none,-1,-1,0,0.0,0.0,greedy_mcs,throughput
25.0,se_5,none,-1,-1,0,0.0,0.0,greedy_mcs,throughput
25.0,we_4,none,-1,-1,0,0.0,0.0,greedy_mcs,throughput
26.0,sn_4,none,-1,-1,0,0.0,0.0,greedy_mcs,throughput
26.0,we_10,none,-1,-1,0,0.0,0.0,greedy_mcs,throughput
26.0,we_3,none,-1,-1,0,0.0,0.0,greedy_mcs,throughput
26.0,sn_10,none,-1,-1,0,0.0,0.0,greedy_mcs,throughput
26.0,sn_9,none,-1,-1,0,0.0,0.0,greedy_mcs,throughput
26.0,sn_5,none,-1,-1,0,0.0,0.0,greedy_mcs,throughput
26.0,ns_8,none,-1,-1,0,0.0,0.0,greedy_mcs,throughput
26.0,sn_7,none,-1,-1,0,0.0,0.0,greedy_mcs,throughput
26.0,we_1,none,-1,-1,0,0.0,0.0,greedy_mcs,throughput
26.0,ns_3,none,-1,-1,0,0.0,0.0,greedy_mcs,throughput
26.0,se_6,none,-1,-1,0,0.0,0.0,greedy_mcs,throughput
26.0,se_9,none,-1,-1,0,0.0,0.0,greedy_mcs,throughput
26.0,ew_15,direct,BS_1,-1,1,240.0,240.0,greedy_mcs,throughput
26.0,ew_14,direct,BS_1,-1,1,240.0,240.0,greedy_mcs,throughput
26.0,ns_18,direct,BS_1,-1,1,440.00000000000006,440.00000000000006,greedy_mcs,throughput
26.0,we_2,none,-1,-1,0,0.0,0.0,greedy_mcs,throughput
26.0,wn_6,none,-1,-1,0,0.0,0.0,greedy_mcs,throughput
26.0,ew_4,none,-1,-1,0,0.0,0.0,greedy_mcs,throughput
26.0,ew_8,none,-1,-1,0,0.0,0.0,greedy_mcs,throughput
26.0,ew_1,none,-1,-1,0,0.0,0.0,greedy_mcs,throughput
26.0,ns_4,none,-1,-1,0,0.0,0.0,greedy_mcs,throughput
26.0,ns_10,none,-1,-1,0,0.0,0.0,greedy_mcs,throughput
26.0,ns_2,none,-1,-1,0,0.0,0.0,greedy_mcs,throughput
26.0,wn_4,none,-1,-1,0,0.0,0.0,greedy_mcs,throughput
26.0,se_8,none,-1,-1,0,0.0,0.0,greedy_mcs,throughput
26.0,we_14,none,-1,-1,0,0.0,0.0,greedy_mcs,throughput
26.0,we_5,none,-1,-1,0,0.0,0.0,greedy_mcs,throughput
26.0,ew_3,none,-1,-1,0,0.0,0.0,greedy_mcs,throughput
26.0,ew_12,none,-1,-1,0,0.0,0.0,greedy_mcs,throughput
26.0,ew_17,direct,BS_1,-1,1,440.00000000000006,440.00000000000006,greedy_mcs,throughput
26.0,we_6,none,-1,-1,0,0.0,0.0,greedy_mcs,throughput
26.0,wn_0,none,-1,-1,0,0.0,0.0,greedy_mcs,throughput
26.0,ns_14,none,-1,-1,0,0.0,0.0,greedy_mcs,throughput
26.0,ns_15,none,-1,-1,0,0.0,0.0,greedy_mcs,throughput
26.0,sn_18,none,-1,-1,0,0.0,0.0,greedy_mcs,throughput
26.0,se_1,none,-1,-1,0,0.0,0.0,greedy_mcs,throughput
26.0,sn_19,none,-1,-1,0,0.0,0.0,greedy_mcs,throughput
26.0,sn_8,none,-1,-1,0,0.0,0.0,greedy_mcs,throughput
26.0,wn_7,none,-1,-1,0,0.0,0.0,greedy_mcs,throughput
26.0,ns_12,none,-1,-1,0,0.0,0.0,greedy_mcs,throughput
26.0,sn_0,none,-1,-1,0,0.0,0.0,greedy_mcs,throughput
26.0,ns_17,direct,BS_1,-1,1,440.00000000000006,440.00000000000006,greedy_mcs,throughput
26.0,ns_13,none,-1,-1,0,0.0,0.0,greedy_mcs,throughput
26.0,sn_3,none,-1,-1,0,0.0,0.0,greedy_mcs,throughput
26.0,se_4,none,-1,-1,0,0.0,0.0,greedy_mcs,throughput
26.0,we_16,none,-1,-1,0,0.0,0.0,greedy_mcs,throughput
26.0,se_2,none,-1,-1,0,0.0,0.0,greedy_mcs,throughput
26.0,we_15,none,-1,-1,0,0.0,0.0,greedy_mcs,throughput
26.0,se_7,none,-1,-1,0,0.0,0.0,greedy_mcs,throughput
26.0,ns_16,direct,BS_1,-1,1,440.00000000000006,440.00000000000006,greedy_mcs,throughput
26.0,wn_1,none,-1,-1,0,0.0,0.0,greedy_mcs,throughput
26.0,ew_16,direct,BS_1,-1,1,440.00000000000006,440.00000000000006,greedy_mcs,throughput
26.0,ns_0,none,-1,-1,0,0.0,0.0,greedy_mcs,throughput
26.0,wn_5,none,-1,-1,0,0.0,0.0,greedy_mcs,throughput
26.0,ns_5,none,-1,-1,0,0.0,0.0,greedy_mcs,throughput
26.0,sn_12,none,-1,-1,0,0.0,0.0,greedy_mcs,throughput
26.0,we_19,none,-1,-1,0,0.0,0.0,greedy_mcs,throughput
26.0,ew_9,none,-1,-1,0,0.0,0.0,greedy_mcs,throughput
26.0,sn_1,none,-1,-1,0,0.0,0.0,greedy_mcs,throughput
26.0,sn_6,none,-1,-1,0,0.0,0.0,greedy_mcs,throughput
26.0,we_7,none,-1,-1,0,0.0,0.0,greedy_mcs,throughput
26.0,ew_0,none,-1,-1,0,0.0,0.0,greedy_mcs,throughput
26.0,ew_10,none,-1,-1,0,0.0,0.0,greedy_mcs,throughput
26.0,we_13,none,-1,-1,0,0.0,0.0,greedy_mcs,throughput
26.0,sn_14,none,-1,-1,0,0.0,0.0,greedy_mcs,throughput
26.0,ns_1,none,-1,-1,0,0.0,0.0,greedy_mcs,throughput
26.0,ns_11,none,-1,-1,0,0.0,0.0,greedy_mcs,throughput
26.0,ew_13,none,-1,-1,0,0.0,0.0,greedy_mcs,throughput
26.0,ew_6,none,-1,-1,0,0.0,0.0,greedy_mcs,throughput
26.0,ns_6,none,-1,-1,0,0.0,0.0,greedy_mcs,throughput
26.0,ew_19,direct,BS_1,-1,1,440.00000000000006,440.00000000000006,greedy_mcs,throughput
26.0,ns_7,none,-1,-1,0,0.0,0.0,greedy_mcs,throughput
26.0,ew_7,none,-1,-1,0,0.0,0.0,greedy_mcs,throughput
26.0,wn_2,none,-1,-1,0,0.0,0.0,greedy_mcs,throughput
26.0,we_0,none,-1,-1,0,0.0,0.0,greedy_mcs,throughput
26.0,sn_16,none,-1,-1,0,0.0,0.0,greedy_mcs,throughput
26.0,we_12,none,-1,-1,0,0.0,0.0,greedy_mcs,throughput
26.0,we_8,none,-1,-1,0,0.0,0.0,greedy_mcs,throughput
26.0,ew_18,direct,BS_1,-1,1,440.00000000000006,440.00000000000006,greedy_mcs,throughput
26.0,ew_11,none,-1,-1,0,0.0,0.0,greedy_mcs,throughput
26.0,we_9,none,-1,-1,0,0.0,0.0,greedy_mcs,throughput
26.0,we_18,none,-1,-1,0,0.0,0.0,greedy_mcs,throughput
26.0,ns_19,direct,BS_1,-1,1,440.00000000000006,440.00000000000006,greedy_mcs,throughput
26.0,sn_17,none,-1,-1,0,0.0,0.0,greedy_mcs,throughput
26.0,ew_5,none,-1,-1,0,0.0,0.0,greedy_mcs,throughput
26.0,wn_3,none,-1,-1,0,0.0,0.0,greedy_mcs,throughput
26.0,sn_13,none,-1,-1,0,0.0,0.0,greedy_mcs,throughput
26.0,we_11,none,-1,-1,0,0.0,0.0,greedy_mcs,throughput
26.0,we_17,none,-1,-1,0,0.0,0.0,greedy_mcs,throughput
26.0,ew_2,none,-1,-1,0,0.0,0.0,greedy_mcs,throughput
26.0,sn_15,none,-1,-1,0,0.0,0.0,greedy_mcs,throughput
26.0,wn_8,none,-1,-1,0,0.0,0.0,greedy_mcs,throughput
26.0,se_3,none,-1,-1,0,0.0,0.0,greedy_mcs,throughput
26.0,sn_11,none,-1,-1,0,0.0,0.0,greedy_mcs,throughput
26.0,sn_2,none,-1,-1,0,0.0,0.0,greedy_mcs,throughput
26.0,se_0,none,-1,-1,0,0.0,0.0,greedy_mcs,throughput
26.0,ns_9,none,-1,-1,0,0.0,0.0,greedy_mcs,throughput
26.0,wn_9,none,-1,-1,0,0.0,0.0,greedy_mcs,throughput
26.0,se_5,none,-1,-1,0,0.0,0.0,greedy_mcs,throughput
26.0,we_4,none,-1,-1,0,0.0,0.0,greedy_mcs,throughput
27.0,sn_4,none,-1,-1,0,0.0,0.0,greedy_mcs,throughput
27.0,we_10,none,-1,-1,0,0.0,0.0,greedy_mcs,throughput
27.0,we_3,none,-1,-1,0,0.0,0.0,greedy_mcs,throughput
27.0,sn_10,none,-1,-1,0,0.0,0.0,greedy_mcs,throughput
27.0,sn_9,none,-1,-1,0,0.0,0.0,greedy_mcs,throughput
27.0,sn_5,none,-1,-1,0,0.0,0.0,greedy_mcs,throughput
27.0,ns_8,none,-1,-1,0,0.0,0.0,greedy_mcs,throughput
27.0,sn_7,none,-1,-1,0,0.0,0.0,greedy_mcs,throughput
27.0,we_1,none,-1,-1,0,0.0,0.0,greedy_mcs,throughput
27.0,ns_3,none,-1,-1,0,0.0,0.0,greedy_mcs,throughput
27.0,se_6,none,-1,-1,0,0.0,0.0,greedy_mcs,throughput
27.0,se_9,none,-1,-1,0,0.0,0.0,greedy_mcs,throughput
27.0,ew_15,none,-1,-1,0,0.0,0.0,greedy_mcs,throughput
27.0,ew_14,none,-1,-1,0,0.0,0.0,greedy_mcs,throughput
27.0,ns_18,direct,BS_1,-1,1,440.00000000000006,440.00000000000006,greedy_mcs,throughput
27.0,we_2,none,-1,-1,0,0.0,0.0,greedy_mcs,throughput
27.0,wn_6,none,-1,-1,0,0.0,0.0,greedy_mcs,throughput
27.0,ew_4,none,-1,-1,0,0.0,0.0,greedy_mcs,throughput
27.0,ew_8,none,-1,-1,0,0.0,0.0,greedy_mcs,throughput
27.0,ew_1,none,-1,-1,0,0.0,0.0,greedy_mcs,throughput
27.0,ns_4,none,-1,-1,0,0.0,0.0,greedy_mcs,throughput
27.0,ns_10,none,-1,-1,0,0.0,0.0,greedy_mcs,throughput
27.0,ns_2,none,-1,-1,0,0.0,0.0,greedy_mcs,throughput
27.0,wn_4,none,-1,-1,0,0.0,0.0,greedy_mcs,throughput
27.0,se_8,none,-1,-1,0,0.0,0.0,greedy_mcs,throughput
27.0,we_14,none,-1,-1,0,0.0,0.0,greedy_mcs,throughput
27.0,we_5,none,-1,-1,0,0.0,0.0,greedy_mcs,throughput
27.0,ew_3,none,-1,-1,0,0.0,0.0,greedy_mcs,throughput
27.0,ew_12,none,-1,-1,0,0.0,0.0,greedy_mcs,throughput
27.0,ew_17,direct,BS_1,-1,1,440.00000000000006,440.00000000000006,greedy_mcs,throughput
27.0,we_6,none,-1,-1,0,0.0,0.0,greedy_mcs,throughput
27.0,wn_0,none,-1,-1,0,0.0,0.0,greedy_mcs,throughput
27.0,ns_14,none,-1,-1,0,0.0,0.0,greedy_mcs,throughput
27.0,ns_15,none,-1,-1,0,0.0,0.0,greedy_mcs,throughput
27.0,sn_18,none,-1,-1,0,0.0,0.0,greedy_mcs,throughput
27.0,se_1,none,-1,-1,0,0.0,0.0,greedy_mcs,throughput
27.0,sn_19,none,-1,-1,0,0.0,0.0,greedy_mcs,throughput
27.0,sn_8,none,-1,-1,0,0.0,0.0,greedy_mcs,throughput
27.0,wn_7,none,-1,-1,0,0.0,0.0,greedy_mcs,throughput
27.0,ns_12,none,-1,-1,0,0.0,0.0,greedy_mcs,throughput
27.0,sn_0,relay,BS_1,ns_16,1,440.00000000000006,440.00000000000006,greedy_mcs,throughput
27.0,ns_17,direct,BS_1,-1,1,440.00000000000006,440.00000000000006,greedy_mcs,throughput
27.0,ns_13,none,-1,-1,0,0.0,0.0,greedy_mcs,throughput
27.0,sn_3,relay,BS_1,ns_16,1,440.00000000000006,440.00000000000006,greedy_mcs,throughput
27.0,se_4,none,-1,-1,0,0.0,0.0,greedy_mcs,throughput
27.0,we_16,none,-1,-1,0,0.0,0.0,greedy_mcs,throughput
27.0,se_2,none,-1,-1,0,0.0,0.0,greedy_mcs,throughput
27.0,we_15,none,-1,-1,0,0.0,0.0,greedy_mcs,throughput
27.0,se_7,none,-1,-1,0,0.0,0.0,greedy_mcs,throughput
27.0,ns_16,direct,BS_1,-1,1,440.00000000000006,440.00000000000006,greedy_mcs,throughput
27.0,wn_1,none,-1,-1,0,0.0,0.0,greedy_mcs,throughput
27.0,ew_16,direct,BS_1,-1,1,440.00000000000006,440.00000000000006,greedy_mcs,throughput
27.0,ns_0,none,-1,-1,0,0.0,0.0,greedy_mcs,throughput
27.0,wn_5,none,-1,-1,0,0.0,0.0,greedy_mcs,throughput
27.0,ns_5,none,-1,-1,0,0.0,0.0,greedy_mcs,throughput
27.0,sn_12,none,-1,-1,0,0.0,0.0,greedy_mcs,throughput
27.0,we_19,none,-1,-1,0,0.0,0.0,greedy_mcs,throughput
27.0,ew_9,none,-1,-1,0,0.0,0.0,greedy_mcs,throughput
27.0,sn_1,relay,BS_1,ns_16,1,440.00000000000006,440.00000000000006,greedy_mcs,throughput
27.0,sn_6,none,-1,-1,0,0.0,0.0,greedy_mcs,throughput
27.0,we_7,none,-1,-1,0,0.0,0.0,greedy_mcs,throughput
27.0,ew_0,none,-1,-1,0,0.0,0.0,greedy_mcs,throughput
27.0,ew_10,none,-1,-1,0,0.0,0.0,greedy_mcs,throughput
27.0,we_13,none,-1,-1,0,0.0,0.0,greedy_mcs,throughput
27.0,sn_14,none,-1,-1,0,0.0,0.0,greedy_mcs,throughput
27.0,ns_1,none,-1,-1,0,0.0,0.0,greedy_mcs,throughput
27.0,ns_11,none,-1,-1,0,0.0,0.0,greedy_mcs,throughput
27.0,ew_13,none,-1,-1,0,0.0,0.0,greedy_mcs,throughput
27.0,ew_6,none,-1,-1,0,0.0,0.0,greedy_mcs,throughput
27.0,ns_6,none,-1,-1,0,0.0,0.0,greedy_mcs,throughput
27.0,ew_19,direct,BS_1,-1,1,440.00000000000006,440.00000000000006,greedy_mcs,throughput
27.0,ns_7,none,-1,-1,0,0.0,0.0,greedy_mcs,throughput
27.0,ew_7,none,-1,-1,0,0.0,0.0,greedy_mcs,throughput
27.0,wn_2,none,-1,-1,0,0.0,0.0,greedy_mcs,throughput
27.0,we_0,none,-1,-1,0,0.0,0.0,greedy_mcs,throughput
27.0,sn_16,none,-1,-1,0,0.0,0.0,greedy_mcs,throughput
27.0,we_12,none,-1,-1,0,0.0,0.0,greedy_mcs,throughput
27.0,we_8,none,-1,-1,0,0.0,0.0,greedy_mcs,throughput
27.0,ew_18,direct,BS_1,-1,1,440.00000000000006,440.00000000000006,greedy_mcs,throughput
27.0,ew_11,none,-1,-1,0,0.0,0.0,greedy_mcs,throughput
27.0,we_9,none,-1,-1,0,0.0,0.0,greedy_mcs,throughput
27.0,we_18,none,-1,-1,0,0.0,0.0,greedy_mcs,throughput
27.0,ns_19,none,-1,-1,0,0.0,0.0,greedy_mcs,throughput
27.0,sn_17,none,-1,-1,0,0.0,0.0,greedy_mcs,throughput
27.0,ew_5,none,-1,-1,0,0.0,0.0,greedy_mcs,throughput
27.0,wn_3,none,-1,-1,0,0.0,0.0,greedy_mcs,throughput
27.0,sn_13,none,-1,-1,0,0.0,0.0,greedy_mcs,throughput
27.0,we_11,none,-1,-1,0,0.0,0.0,greedy_mcs,throughput
27.0,we_17,none,-1,-1,0,0.0,0.0,greedy_mcs,throughput
27.0,ew_2,none,-1,-1,0,0.0,0.0,greedy_mcs,throughput
27.0,sn_15,none,-1,-1,0,0.0,0.0,greedy_mcs,throughput
27.0,wn_8,none,-1,-1,0,0.0,0.0,greedy_mcs,throughput
27.0,se_3,none,-1,-1,0,0.0,0.0,greedy_mcs,throughput
27.0,sn_11,none,-1,-1,0,0.0,0.0,greedy_mcs,throughput
27.0,sn_2,none,-1,-1,0,0.0,0.0,greedy_mcs,throughput
27.0,se_0,none,-1,-1,0,0.0,0.0,greedy_mcs,throughput
27.0,ns_9,none,-1,-1,0,0.0,0.0,greedy_mcs,throughput
27.0,wn_9,none,-1,-1,0,0.0,0.0,greedy_mcs,throughput
27.0,se_5,none,-1,-1,0,0.0,0.0,greedy_mcs,throughput
27.0,we_4,none,-1,-1,0,0.0,0.0,greedy_mcs,throughput
28.0,sn_4,none,-1,-1,0,0.0,0.0,greedy_mcs,throughput
28.0,we_10,none,-1,-1,0,0.0,0.0,greedy_mcs,throughput
28.0,we_3,none,-1,-1,0,0.0,0.0,greedy_mcs,throughput
28.0,sn_10,none,-1,-1,0,0.0,0.0,greedy_mcs,throughput
28.0,sn_9,none,-1,-1,0,0.0,0.0,greedy_mcs,throughput
28.0,sn_5,none,-1,-1,0,0.0,0.0,greedy_mcs,throughput
28.0,ns_8,none,-1,-1,0,0.0,0.0,greedy_mcs,throughput
28.0,sn_7,none,-1,-1,0,0.0,0.0,greedy_mcs,throughput
28.0,we_1,none,-1,-1,0,0.0,0.0,greedy_mcs,throughput
28.0,ns_3,none,-1,-1,0,0.0,0.0,greedy_mcs,throughput
28.0,se_6,none,-1,-1,0,0.0,0.0,greedy_mcs,throughput
28.0,se_9,none,-1,-1,0,0.0,0.0,greedy_mcs,throughput
28.0,ew_15,none,-1,-1,0,0.0,0.0,greedy_mcs,throughput
28.0,ew_14,none,-1,-1,0,0.0,0.0,greedy_mcs,throughput
28.0,ns_18,relay,BS_1,ns_19,1,440.00000000000006,440.00000000000006,greedy_mcs,throughput
28.0,we_2,none,-1,-1,0,0.0,0.0,greedy_mcs,throughput
28.0,wn_6,none,-1,-1,0,0.0,0.0,greedy_mcs,throughput
28.0,ew_4,none,-1,-1,0,0.0,0.0,greedy_mcs,throughput
28.0,ew_8,none,-1,-1,0,0.0,0.0,greedy_mcs,throughput
28.0,ew_1,none,-1,-1,0,0.0,0.0,greedy_mcs,throughput
28.0,ns_4,none,-1,-1,0,0.0,0.0,greedy_mcs,throughput
28.0,ns_10,none,-1,-1,0,0.0,0.0,greedy_mcs,throughput
28.0,ns_2,none,-1,-1,0,0.0,0.0,greedy_mcs,throughput
28.0,wn_4,none,-1,-1,0,0.0,0.0,greedy_mcs,throughput
28.0,se_8,none,-1,-1,0,0.0,0.0,greedy_mcs,throughput
28.0,we_14,none,-1,-1,0,0.0,0.0,greedy_mcs,throughput
28.0,we_5,none,-1,-1,0,0.0,0.0,greedy_mcs,throughput
28.0,ew_3,none,-1,-1,0,0.0,0.0,greedy_mcs,throughput
28.0,ew_12,none,-1,-1,0,0.0,0.0,greedy_mcs,throughput
28.0,ew_17,relay,BS_1,ew_18,1,440.00000000000006,440.00000000000006,greedy_mcs,throughput
28.0,we_6,none,-1,-1,0,0.0,0.0,greedy_mcs,throughput
28.0,wn_0,none,-1,-1,0,0.0,0.0,greedy_mcs,throughput
28.0,ns_14,none,-1,-1,0,0.0,0.0,greedy_mcs,throughput
28.0,ns_15,none,-1,-1,0,0.0,0.0,greedy_mcs,throughput
28.0,sn_18,none,-1,-1,0,0.0,0.0,greedy_mcs,throughput
28.0,se_1,none,-1,-1,0,0.0,0.0,greedy_mcs,throughput
28.0,sn_19,none,-1,-1,0,0.0,0.0,greedy_mcs,throughput
28.0,sn_8,none,-1,-1,0,0.0,0.0,greedy_mcs,throughput
28.0,wn_7,none,-1,-1,0,0.0,0.0,greedy_mcs,throughput
28.0,ns_12,none,-1,-1,0,0.0,0.0,greedy_mcs,throughput
28.0,sn_0,direct,BS_1,-1,1,440.00000000000006,440.00000000000006,greedy_mcs,throughput
28.0,ns_17,relay,BS_1,ns_19,1,440.00000000000006,440.00000000000006,greedy_mcs,throughput
28.0,ns_13,none,-1,-1,0,0.0,0.0,greedy_mcs,throughput
28.0,sn_3,direct,BS_1,-1,1,440.00000000000006,440.00000000000006,greedy_mcs,throughput
28.0,se_4,none,-1,-1,0,0.0,0.0,greedy_mcs,throughput
28.0,we_16,none,-1,-1,0,0.0,0.0,greedy_mcs,throughput
28.0,se_2,none,-1,-1,0,0.0,0.0,greedy_mcs,throughput
28.0,we_15,none,-1,-1,0,0.0,0.0,greedy_mcs,throughput
28.0,se_7,none,-1,-1,0,0.0,0.0,greedy_mcs,throughput
28.0,ns_16,relay,BS_1,ns_19,1,440.00000000000006,440.00000000000006,greedy_mcs,throughput
28.0,wn_1,none,-1,-1,0,0.0,0.0,greedy_mcs,throughput
28.0,ew_16,none,-1,-1,0,0.0,0.0,greedy_mcs,throughput
28.0,ns_0,none,-1,-1,0,0.0,0.0,greedy_mcs,throughput
28.0,wn_5,none,-1,-1,0,0.0,0.0,greedy_mcs,throughput
28.0,ns_5,none,-1,-1,0,0.0,0.0,greedy_mcs,throughput
28.0,sn_12,none,-1,-1,0,0.0,0.0,greedy_mcs,throughput
28.0,we_19,none,-1,-1,0,0.0,0.0,greedy_mcs,throughput
28.0,ew_9,none,-1,-1,0,0.0,0.0,greedy_mcs,throughput
28.0,sn_1,direct,BS_1,-1,1,440.00000000000006,440.00000000000006,greedy_mcs,throughput
28.0,sn_6,none,-1,-1,0,0.0,0.0,greedy_mcs,throughput
28.0,we_7,none,-1,-1,0,0.0,0.0,greedy_mcs,throughput
28.0,ew_0,none,-1,-1,0,0.0,0.0,greedy_mcs,throughput
28.0,ew_10,none,-1,-1,0,0.0,0.0,greedy_mcs,throughput
28.0,we_13,none,-1,-1,0,0.0,0.0,greedy_mcs,throughput
28.0,sn_14,none,-1,-1,0,0.0,0.0,greedy_mcs,throughput
28.0,ns_1,none,-1,-1,0,0.0,0.0,greedy_mcs,throughput
28.0,ns_11,none,-1,-1,0,0.0,0.0,greedy_mcs,throughput
28.0,ew_13,none,-1,-1,0,0.0,0.0,greedy_mcs,throughput
28.0,ew_6,none,-1,-1,0,0.0,0.0,greedy_mcs,throughput
28.0,ns_6,none,-1,-1,0,0.0,0.0,greedy_mcs,throughput
28.0,ew_19,direct,BS_1,-1,1,440.00000000000006,440.00000000000006,greedy_mcs,throughput
28.0,ns_7,none,-1,-1,0,0.0,0.0,greedy_mcs,throughput
28.0,ew_7,none,-1,-1,0,0.0,0.0,greedy_mcs,throughput
28.0,wn_2,none,-1,-1,0,0.0,0.0,greedy_mcs,throughput
28.0,we_0,none,-1,-1,0,0.0,0.0,greedy_mcs,throughput
28.0,sn_16,none,-1,-1,0,0.0,0.0,greedy_mcs,throughput
28.0,we_12,none,-1,-1,0,0.0,0.0,greedy_mcs,throughput
28.0,we_8,none,-1,-1,0,0.0,0.0,greedy_mcs,throughput
28.0,ew_18,direct,BS_1,-1,1,440.00000000000006,440.00000000000006,greedy_mcs,throughput
28.0,ew_11,none,-1,-1,0,0.0,0.0,greedy_mcs,throughput
28.0,we_9,none,-1,-1,0,0.0,0.0,greedy_mcs,throughput
28.0,we_18,none,-1,-1,0,0.0,0.0,greedy_mcs,throughput
28.0,ns_19,direct,BS_1,-1,1,440.00000000000006,440.00000000000006,greedy_mcs,throughput
28.0,sn_17,none,-1,-1,0,0.0,0.0,greedy_mcs,throughput
28.0,ew_5,none,-1,-1,0,0.0,0.0,greedy_mcs,throughput
28.0,wn_3,none,-1,-1,0,0.0,0.0,greedy_mcs,throughput
28.0,sn_13,none,-1,-1,0,0.0,0.0,greedy_mcs,throughput
28.0,we_11,none,-1,-1,0,0.0,0.0,greedy_mcs,throughput
28.0,we_17,none,-1,-1,0,0.0,0.0,greedy_mcs,throughput
28.0,ew_2,none,-1,-1,0,0.0,0.0,greedy_mcs,throughput
28.0,sn_15,none,-1,-1,0,0.0,0.0,greedy_mcs,throughput
28.0,wn_8,none,-1,-1,0,0.0,0.0,greedy_mcs,throughput
28.0,se_3,none,-1,-1,0,0.0,0.0,greedy_mcs,throughput
28.0,sn_11,none,-1,-1,0,0.0,0.0,greedy_mcs,throughput
28.0,sn_2,none,-1,-1,0,0.0,0.0,greedy_mcs,throughput
28.0,se_0,none,-1,-1,0,0.0,0.0,greedy_mcs,throughput
28.0,ns_9,none,-1,-1,0,0.0,0.0,greedy_mcs,throughput
28.0,wn_9,none,-1,-1,0,0.0,0.0,greedy_mcs,throughput
28.0,se_5,none,-1,-1,0,0.0,0.0,greedy_mcs,throughput
28.0,we_4,none,-1,-1,0,0.0,0.0,greedy_mcs,throughput
29.0,sn_4,none,-1,-1,0,0.0,0.0,greedy_mcs,throughput
29.0,we_10,none,-1,-1,0,0.0,0.0,greedy_mcs,throughput
29.0,we_3,direct,BS_1,-1,1,440.00000000000006,440.00000000000006,greedy_mcs,throughput
29.0,sn_10,none,-1,-1,0,0.0,0.0,greedy_mcs,throughput
29.0,sn_9,none,-1,-1,0,0.0,0.0,greedy_mcs,throughput
29.0,sn_5,none,-1,-1,0,0.0,0.0,greedy_mcs,throughput
29.0,ns_8,none,-1,-1,0,0.0,0.0,greedy_mcs,throughput
29.0,sn_7,none,-1,-1,0,0.0,0.0,greedy_mcs,throughput
29.0,we_1,direct,BS_1,-1,1,440.00000000000006,440.00000000000006,greedy_mcs,throughput
29.0,ns_3,none,-1,-1,0,0.0,0.0,greedy_mcs,throughput
29.0,se_6,none,-1,-1,0,0.0,0.0,greedy_mcs,throughput
29.0,se_9,none,-1,-1,0,0.0,0.0,greedy_mcs,throughput
29.0,ew_15,none,-1,-1,0,0.0,0.0,greedy_mcs,throughput
29.0,ew_14,none,-1,-1,0,0.0,0.0,greedy_mcs,throughput
29.0,ns_18,none,-1,-1,0,0.0,0.0,greedy_mcs,throughput
29.0,we_2,direct,BS_1,-1,1,440.00000000000006,440.00000000000006,greedy_mcs,throughput
29.0,wn_6,none,-1,-1,0,0.0,0.0,greedy_mcs,throughput
29.0,ew_4,none,-1,-1,0,0.0,0.0,greedy_mcs,throughput
29.0,ew_8,none,-1,-1,0,0.0,0.0,greedy_mcs,throughput
29.0,ew_1,none,-1,-1,0,0.0,0.0,greedy_mcs,throughput
29.0,ns_4,none,-1,-1,0,0.0,0.0,greedy_mcs,throughput
29.0,ns_10,none,-1,-1,0,0.0,0.0,greedy_mcs,throughput
29.0,ns_2,none,-1,-1,0,0.0,0.0,greedy_mcs,throughput
29.0,wn_4,none,-1,-1,0,0.0,0.0,greedy_mcs,throughput
29.0,se_8,none,-1,-1,0,0.0,0.0,greedy_mcs,throughput
29.0,we_14,none,-1,-1,0,0.0,0.0,greedy_mcs,throughput
29.0,we_5,none,-1,-1,0,0.0,0.0,greedy_mcs,throughput
29.0,ew_3,none,-1,-1,0,0.0,0.0,greedy_mcs,throughput
29.0,ew_12,none,-1,-1,0,0.0,0.0,greedy_mcs,throughput
29.0,ew_17,relay,BS_1,we_0,1,440.00000000000006,440.00000000000006,greedy_mcs,throughput
29.0,we_6,none,-1,-1,0,0.0,0.0,greedy_mcs,throughput
29.0,wn_0,none,-1,-1,0,0.0,0.0,greedy_mcs,throughput
29.0,ns_14,none,-1,-1,0,0.0,0.0,greedy_mcs,throughput
29.0,ns_15,none,-1,-1,0,0.0,0.0,greedy_mcs,throughput
29.0,sn_18,none,-1,-1,0,0.0,0.0,greedy_mcs,throughput
29.0,se_1,none,-1,-1,0,0.0,0.0,greedy_mcs,throughput
29.0,sn_19,none,-1,-1,0,0.0,0.0,greedy_mcs,throughput
29.0,sn_8,none,-1,-1,0,0.0,0.0,greedy_mcs,throughput
29.0,wn_7,none,-1,-1,0,0.0,0.0,greedy_mcs,throughput
29.0,ns_12,none,-1,-1,0,0.0,0.0,greedy_mcs,throughput
29.0,sn_0,direct,BS_1,-1,1,440.00000000000006,440.00000000000006,greedy_mcs,throughput
29.0,ns_17,none,-1,-1,0,0.0,0.0,greedy_mcs,throughput
29.0,ns_13,none,-1,-1,0,0.0,0.0,greedy_mcs,throughput
29.0,sn_3,direct,BS_1,-1,1,440.00000000000006,440.00000000000006,greedy_mcs,throughput
29.0,se_4,none,-1,-1,0,0.0,0.0,greedy_mcs,throughput
29.0,we_16,none,-1,-1,0,0.0,0.0,greedy_mcs,throughput
29.0,se_2,none,-1,-1,0,0.0,0.0,greedy_mcs,throughput
29.0,we_15,none,-1,-1,0,0.0,0.0,greedy_mcs,throughput
29.0,se_7,none,-1,-1,0,0.0,0.0,greedy_mcs,throughput
29.0,ns_16,none,-1,-1,0,0.0,0.0,greedy_mcs,throughput
29.0,wn_1,none,-1,-1,0,0.0,0.0,greedy_mcs,throughput
29.0,ew_16,none,-1,-1,0,0.0,0.0,greedy_mcs,throughput
29.0,ns_0,none,-1,-1,0,0.0,0.0,greedy_mcs,throughput
29.0,wn_5,none,-1,-1,0,0.0,0.0,greedy_mcs,throughput
29.0,ns_5,none,-1,-1,0,0.0,0.0,greedy_mcs,throughput
29.0,sn_12,none,-1,-1,0,0.0,0.0,greedy_mcs,throughput
29.0,we_19,none,-1,-1,0,0.0,0.0,greedy_mcs,throughput
29.0,ew_9,none,-1,-1,0,0.0,0.0,greedy_mcs,throughput
29.0,sn_1,direct,BS_1,-1,1,440.00000000000006,440.00000000000006,greedy_mcs,throughput
29.0,sn_6,none,-1,-1,0,0.0,0.0,greedy_mcs,throughput
29.0,we_7,none,-1,-1,0,0.0,0.0,greedy_mcs,throughput
29.0,ew_0,none,-1,-1,0,0.0,0.0,greedy_mcs,throughput
29.0,ew_10,none,-1,-1,0,0.0,0.0,greedy_mcs,throughput
29.0,we_13,none,-1,-1,0,0.0,0.0,greedy_mcs,throughput
29.0,sn_14,none,-1,-1,0,0.0,0.0,greedy_mcs,throughput
29.0,ns_1,none,-1,-1,0,0.0,0.0,greedy_mcs,throughput
29.0,ns_11,none,-1,-1,0,0.0,0.0,greedy_mcs,throughput
29.0,ew_13,none,-1,-1,0,0.0,0.0,greedy_mcs,throughput
29.0,ew_6,none,-1,-1,0,0.0,0.0,greedy_mcs,throughput
29.0,ns_6,none,-1,-1,0,0.0,0.0,greedy_mcs,throughput
29.0,ew_19,relay,BS_1,we_0,1,440.00000000000006,440.00000000000006,greedy_mcs,throughput
29.0,ns_7,none,-1,-1,0,0.0,0.0,greedy_mcs,throughput
29.0,ew_7,none,-1,-1,0,0.0,0.0,greedy_mcs,throughput
29.0,wn_2,none,-1,-1,0,0.0,0.0,greedy_mcs,throughput
29.0,we_0,direct,BS_1,-1,1,440.00000000000006,440.00000000000006,greedy_mcs,throughput
29.0,sn_16,none,-1,-1,0,0.0,0.0,greedy_mcs,throughput
29.0,we_12,none,-1,-1,0,0.0,0.0,greedy_mcs,throughput
29.0,we_8,none,-1,-1,0,0.0,0.0,greedy_mcs,throughput
29.0,ew_18,relay,BS_1,we_0,1,440.00000000000006,440.00000000000006,greedy_mcs,throughput
29.0,ew_11,none,-1,-1,0,0.0,0.0,greedy_mcs,throughput
29.0,we_9,none,-1,-1,0,0.0,0.0,greedy_mcs,throughput
29.0,we_18,none,-1,-1,0,0.0,0.0,greedy_mcs,throughput
29.0,ns_19,none,-1,-1,0,0.0,0.0,greedy_mcs,throughput
29.0,sn_17,none,-1,-1,0,0.0,0.0,greedy_mcs,throughput
29.0,ew_5,none,-1,-1,0,0.0,0.0,greedy_mcs,throughput
29.0,wn_3,none,-1,-1,0,0.0,0.0,greedy_mcs,throughput
29.0,sn_13,none,-1,-1,0,0.0,0.0,greedy_mcs,throughput
29.0,we_11,none,-1,-1,0,0.0,0.0,greedy_mcs,throughput
29.0,we_17,none,-1,-1,0,0.0,0.0,greedy_mcs,throughput
29.0,ew_2,none,-1,-1,0,0.0,0.0,greedy_mcs,throughput
29.0,sn_15,none,-1,-1,0,0.0,0.0,greedy_mcs,throughput
29.0,wn_8,none,-1,-1,0,0.0,0.0,greedy_mcs,throughput
29.0,se_3,none,-1,-1,0,0.0,0.0,greedy_mcs,throughput
29.0,sn_11,none,-1,-1,0,0.0,0.0,greedy_mcs,throughput
29.0,sn_2,none,-1,-1,0,0.0,0.0,greedy_mcs,throughput
29.0,se_0,none,-1,-1,0,0.0,0.0,greedy_mcs,throughput
29.0,ns_9,none,-1,-1,0,0.0,0.0,greedy_mcs,throughput
29.0,wn_9,none,-1,-1,0,0.0,0.0,greedy_mcs,throughput
29.0,se_5,none,-1,-1,0,0.0,0.0,greedy_mcs,throughput
29.0,we_4,none,-1,-1,0,0.0,0.0,greedy_mcs,throughput
30.0,sn_4,direct,BS_1,-1,1,240.0,240.0,greedy_mcs,throughput
30.0,we_10,none,-1,-1,0,0.0,0.0,greedy_mcs,throughput
30.0,we_3,direct,BS_1,-1,1,440.00000000000006,440.00000000000006,greedy_mcs,throughput
30.0,sn_10,none,-1,-1,0,0.0,0.0,greedy_mcs,throughput
30.0,sn_9,none,-1,-1,0,0.0,0.0,greedy_mcs,throughput
30.0,sn_5,direct,BS_1,-1,1,240.0,240.0,greedy_mcs,throughput
30.0,ns_8,none,-1,-1,0,0.0,0.0,greedy_mcs,throughput
30.0,sn_7,none,-1,-1,0,0.0,0.0,greedy_mcs,throughput
30.0,we_1,direct,BS_1,-1,1,440.00000000000006,440.00000000000006,greedy_mcs,throughput
30.0,ns_3,none,-1,-1,0,0.0,0.0,greedy_mcs,throughput
30.0,se_6,none,-1,-1,0,0.0,0.0,greedy_mcs,throughput
30.0,se_9,none,-1,-1,0,0.0,0.0,greedy_mcs,throughput
30.0,ew_15,none,-1,-1,0,0.0,0.0,greedy_mcs,throughput
30.0,ew_14,none,-1,-1,0,0.0,0.0,greedy_mcs,throughput
30.0,ns_18,none,-1,-1,0,0.0,0.0,greedy_mcs,throughput
30.0,we_2,direct,BS_1,-1,1,440.00000000000006,440.00000000000006,greedy_mcs,throughput
30.0,wn_6,none,-1,-1,0,0.0,0.0,greedy_mcs,throughput
30.0,ew_4,none,-1,-1,0,0.0,0.0,greedy_mcs,throughput
30.0,ew_8,none,-1,-1,0,0.0,0.0,greedy_mcs,throughput
30.0,ew_1,none,-1,-1,0,0.0,0.0,greedy_mcs,throughput
30.0,ns_4,none,-1,-1,0,0.0,0.0,greedy_mcs,throughput
30.0,ns_10,none,-1,-1,0,0.0,0.0,greedy_mcs,throughput
30.0,ns_2,none,-1,-1,0,0.0,0.0,greedy_mcs,throughput
30.0,wn_4,none,-1,-1,0,0.0,0.0,greedy_mcs,throughput
30.0,se_8,none,-1,-1,0,0.0,0.0,greedy_mcs,throughput
30.0,we_14,none,-1,-1,0,0.0,0.0,greedy_mcs,throughput
30.0,we_5,none,-1,-1,0,0.0,0.0,greedy_mcs,throughput
30.0,ew_3,none,-1,-1,0,0.0,0.0,greedy_mcs,throughput
30.0,ew_12,none,-1,-1,0,0.0,0.0,greedy_mcs,throughput
30.0,ew_17,none,-1,-1,0,0.0,0.0,greedy_mcs,throughput
30.0,we_6,none,-1,-1,0,0.0,0.0,greedy_mcs,throughput
30.0,wn_0,none,-1,-1,0,0.0,0.0,greedy_mcs,throughput
30.0,ns_14,none,-1,-1,0,0.0,0.0,greedy_mcs,throughput
30.0,ns_15,none,-1,-1,0,0.0,0.0,greedy_mcs,throughput
30.0,sn_18,none,-1,-1,0,0.0,0.0,greedy_mcs,throughput
30.0,se_1,none,-1,-1,0,0.0,0.0,greedy_mcs,throughput
30.0,sn_19,none,-1,-1,0,0.0,0.0,greedy_mcs,throughput
30.0,sn_8,none,-1,-1,0,0.0,0.0,greedy_mcs,throughput
30.0,wn_7,none,-1,-1,0,0.0,0.0,greedy_mcs,throughput
30.0,ns_12,none,-1,-1,0,0.0,0.0,greedy_mcs,throughput
30.0,sn_0,direct,BS_1,-1,1,440.00000000000006,440.00000000000006,greedy_mcs,throughput
30.0,ns_17,none,-1,-1,0,0.0,0.0,greedy_mcs,throughput
30.0,ns_13,none,-1,-1,0,0.0,0.0,greedy_mcs,throughput
30.0,sn_3,direct,BS_1,-1,1,440.00000000000006,440.00000000000006,greedy_mcs,throughput
30.0,se_4,none,-1,-1,0,0.0,0.0,greedy_mcs,throughput
30.0,we_16,none,-1,-1,0,0.0,0.0,greedy_mcs,throughput
30.0,se_2,none,-1,-1,0,0.0,0.0,greedy_mcs,throughput
30.0,we_15,none,-1,-1,0,0.0,0.0,greedy_mcs,throughput
30.0,se_7,none,-1,-1,0,0.0,0.0,greedy_mcs,throughput
30.0,ns_16,none,-1,-1,0,0.0,0.0,greedy_mcs,throughput
30.0,wn_1,none,-1,-1,0,0.0,0.0,greedy_mcs,throughput
30.0,ew_16,none,-1,-1,0,0.0,0.0,greedy_mcs,throughput
30.0,ns_0,none,-1,-1,0,0.0,0.0,greedy_mcs,throughput
30.0,wn_5,none,-1,-1,0,0.0,0.0,greedy_mcs,throughput
30.0,ns_5,none,-1,-1,0,0.0,0.0,greedy_mcs,throughput
30.0,sn_12,none,-1,-1,0,0.0,0.0,greedy_mcs,throughput
30.0,we_19,none,-1,-1,0,0.0,0.0,greedy_mcs,throughput
30.0,ew_9,none,-1,-1,0,0.0,0.0,greedy_mcs,throughput
30.0,sn_1,direct,BS_1,-1,1,440.00000000000006,440.00000000000006,greedy_mcs,throughput
30.0,sn_6,none,-1,-1,0,0.0,0.0,greedy_mcs,throughput
30.0,we_7,none,-1,-1,0,0.0,0.0,greedy_mcs,throughput
30.0,ew_0,none,-1,-1,0,0.0,0.0,greedy_mcs,throughput
30.0,ew_10,none,-1,-1,0,0.0,0.0,greedy_mcs,throughput
30.0,we_13,none,-1,-1,0,0.0,0.0,greedy_mcs,throughput
30.0,sn_14,none,-1,-1,0,0.0,0.0,greedy_mcs,throughput
30.0,ns_1,none,-1,-1,0,0.0,0.0,greedy_mcs,throughput
30.0,ns_11,none,-1,-1,0,0.0,0.0,greedy_mcs,throughput
30.0,ew_13,none,-1,-1,0,0.0,0.0,greedy_mcs,throughput
30.0,ew_6,none,-1,-1,0,0.0,0.0,greedy_mcs,throughput
30.0,ns_6,none,-1,-1,0,0.0,0.0,greedy_mcs,throughput
30.0,ew_19,none,-1,-1,0,0.0,0.0,greedy_mcs,throughput
30.0,ns_7,none,-1,-1,0,0.0,0.0,greedy_mcs,throughput
30.0,ew_7,none,-1,-1,0,0.0,0.0,greedy_mcs,throughput
30.0,wn_2,none,-1,-1,0,0.0,0.0,greedy_mcs,throughput
30.0,we_0,direct,BS_1,-1,1,440.00000000000006,440.00000000000006,greedy_mcs,throughput
30.0,sn_16,none,-1,-1,0,0.0,0.0,greedy_mcs,throughput
30.0,we_12,none,-1,-1,0,0.0,0.0,greedy_mcs,throughput
30.0,we_8,none,-1,-1,0,0.0,0.0,greedy_mcs,throughput
30.0,ew_18,none,-1,-1,0,0.0,0.0,greedy_mcs,throughput
30.0,ew_11,none,-1,-1,0,0.0,0.0,greedy_mcs,throughput
30.0,we_9,none,-1,-1,0,0.0,0.0,greedy_mcs,throughput
30.0,we_18,none,-1,-1,0,0.0,0.0,greedy_mcs,throughput
30.0,ns_19,none,-1,-1,0,0.0,0.0,greedy_mcs,throughput
30.0,sn_17,none,-1,-1,0,0.0,0.0,greedy_mcs,throughput
30.0,ew_5,none,-1,-1,0,0.0,0.0,greedy_mcs,throughput
30.0,wn_3,none,-1,-1,0,0.0,0.0,greedy_mcs,throughput
30.0,sn_13,none,-1,-1,0,0.0,0.0,greedy_mcs,throughput
30.0,we_11,none,-1,-1,0,0.0,0.0,greedy_mcs,throughput
30.0,we_17,none,-1,-1,0,0.0,0.0,greedy_mcs,throughput
30.0,ew_2,none,-1,-1,0,0.0,0.0,greedy_mcs,throughput
30.0,sn_15,none,-1,-1,0,0.0,0.0,greedy_mcs,throughput
30.0,wn_8,none,-1,-1,0,0.0,0.0,greedy_mcs,throughput
30.0,se_3,none,-1,-1,0,0.0,0.0,greedy_mcs,throughput
30.0,sn_11,none,-1,-1,0,0.0,0.0,greedy_mcs,throughput
30.0,sn_2,direct,BS_1,-1,1,440.00000000000006,440.00000000000006,greedy_mcs,throughput
30.0,se_0,none,-1,-1,0,0.0,0.0,greedy_mcs,throughput
30.0,ns_9,none,-1,-1,0,0.0,0.0,greedy_mcs,throughput
30.0,wn_9,none,-1,-1,0,0.0,0.0,greedy_mcs,throughput
30.0,se_5,none,-1,-1,0,0.0,0.0,greedy_mcs,throughput
30.0,we_4,none,-1,-1,0,0.0,0.0,greedy_mcs,throughput
31.0,sn_4,direct,BS_1,-1,1,440.00000000000006,440.00000000000006,greedy_mcs,throughput
31.0,we_10,none,-1,-1,0,0.0,0.0,greedy_mcs,throughput
31.0,we_3,direct,BS_1,-1,1,440.00000000000006,440.00000000000006,greedy_mcs,throughput
31.0,sn_10,none,-1,-1,0,0.0,0.0,greedy_mcs,throughput
31.0,sn_9,none,-1,-1,0,0.0,0.0,greedy_mcs,throughput
31.0,sn_5,direct,BS_1,-1,1,440.00000000000006,440.00000000000006,greedy_mcs,throughput
31.0,ns_8,none,-1,-1,0,0.0,0.0,greedy_mcs,throughput
31.0,sn_7,direct,BS_1,-1,1,440.00000000000006,440.00000000000006,greedy_mcs,throughput
31.0,we_1,direct,BS_1,-1,1,440.00000000000006,440.00000000000006,greedy_mcs,throughput
31.0,ns_3,none,-1,-1,0,0.0,0.0,greedy_mcs,throughput
31.0,se_6,none,-1,-1,0,0.0,0.0,greedy_mcs,throughput
31.0,se_9,none,-1,-1,0,0.0,0.0,greedy_mcs,throughput
31.0,ew_15,none,-1,-1,0,0.0,0.0,greedy_mcs,throughput
31.0,ew_14,none,-1,-1,0,0.0,0.0,greedy_mcs,throughput
31.0,ns_18,none,-1,-1,0,0.0,0.0,greedy_mcs,throughput
31.0,we_2,direct,BS_1,-1,1,440.00000000000006,440.00000000000006,greedy_mcs,throughput
31.0,wn_6,none,-1,-1,0,0.0,0.0,greedy_mcs,throughput
31.0,ew_4,none,-1,-1,0,0.0,0.0,greedy_mcs,throughput
31.0,ew_8,none,-1,-1,0,0.0,0.0,greedy_mcs,throughput
31.0,ew_1,none,-1,-1,0,0.0,0.0,greedy_mcs,throughput
31.0,ns_4,none,-1,-1,0,0.0,0.0,greedy_mcs,throughput
31.0,ns_10,none,-1,-1,0,0.0,0.0,greedy_mcs,throughput
31.0,ns_2,none,-1,-1,0,0.0,0.0,greedy_mcs,throughput
31.0,wn_4,none,-1,-1,0,0.0,0.0,greedy_mcs,throughput
31.0,se_8,none,-1,-1,0,0.0,0.0,greedy_mcs,throughput
31.0,we_14,none,-1,-1,0,0.0,0.0,greedy_mcs,throughput
31.0,we_5,none,-1,-1,0,0.0,0.0,greedy_mcs,throughput
31.0,ew_3,none,-1,-1,0,0.0,0.0,greedy_mcs,throughput
31.0,ew_12,none,-1,-1,0,0.0,0.0,greedy_mcs,throughput
31.0,ew_17,none,-1,-1,0,0.0,0.0,greedy_mcs,throughput
31.0,we_6,none,-1,-1,0,0.0,0.0,greedy_mcs,throughput
31.0,wn_0,none,-1,-1,0,0.0,0.0,greedy_mcs,throughput
31.0,ns_14,none,-1,-1,0,0.0,0.0,greedy_mcs,throughput
31.0,ns_15,none,-1,-1,0,0.0,0.0,greedy_mcs,throughput
31.0,sn_18,none,-1,-1,0,0.0,0.0,greedy_mcs,throughput
31.0,se_1,none,-1,-1,0,0.0,0.0,greedy_mcs,throughput
31.0,sn_19,none,-1,-1,0,0.0,0.0,greedy_mcs,throughput
31.0,sn_8,none,-1,-1,0,0.0,0.0,greedy_mcs,throughput
31.0,wn_7,none,-1,-1,0,0.0,0.0,greedy_mcs,throughput
31.0,ns_12,none,-1,-1,0,0.0,0.0,greedy_mcs,throughput
31.0,sn_0,direct,BS_1,-1,1,440.00000000000006,440.00000000000006,greedy_mcs,throughput
31.0,ns_17,none,-1,-1,0,0.0,0.0,greedy_mcs,throughput
31.0,ns_13,none,-1,-1,0,0.0,0.0,greedy_mcs,throughput
31.0,sn_3,direct,BS_1,-1,1,440.00000000000006,440.00000000000006,greedy_mcs,throughput
31.0,se_4,none,-1,-1,0,0.0,0.0,greedy_mcs,throughput
31.0,we_16,none,-1,-1,0,0.0,0.0,greedy_mcs,throughput
31.0,se_2,none,-1,-1,0,0.0,0.0,greedy_mcs,throughput
31.0,we_15,none,-1,-1,0,0.0,0.0,greedy_mcs,throughput
31.0,se_7,none,-1,-1,0,0.0,0.0,greedy_mcs,throughput
31.0,ns_16,none,-1,-1,0,0.0,0.0,greedy_mcs,throughput
31.0,wn_1,none,-1,-1,0,0.0,0.0,greedy_mcs,throughput
31.0,ew_16,none,-1,-1,0,0.0,0.0,greedy_mcs,throughput
31.0,ns_0,none,-1,-1,0,0.0,0.0,greedy_mcs,throughput
31.0,wn_5,none,-1,-1,0,0.0,0.0,greedy_mcs,throughput
31.0,ns_5,none,-1,-1,0,0.0,0.0,greedy_mcs,throughput
31.0,sn_12,none,-1,-1,0,0.0,0.0,greedy_mcs,throughput
31.0,we_19,none,-1,-1,0,0.0,0.0,greedy_mcs,throughput
31.0,ew_9,none,-1,-1,0,0.0,0.0,greedy_mcs,throughput
31.0,sn_1,direct,BS_1,-1,1,440.00000000000006,440.00000000000006,greedy_mcs,throughput
31.0,sn_6,direct,BS_1,-1,1,440.00000000000006,440.00000000000006,greedy_mcs,throughput
31.0,we_7,none,-1,-1,0,0.0,0.0,greedy_mcs,throughput
31.0,ew_0,none,-1,-1,0,0.0,0.0,greedy_mcs,throughput
31.0,ew_10,none,-1,-1,0,0.0,0.0,greedy_mcs,throughput
31.0,we_13,none,-1,-1,0,0.0,0.0,greedy_mcs,throughput
31.0,sn_14,none,-1,-1,0,0.0,0.0,greedy_mcs,throughput
31.0,ns_1,none,-1,-1,0,0.0,0.0,greedy_mcs,throughput
31.0,ns_11,none,-1,-1,0,0.0,0.0,greedy_mcs,throughput
31.0,ew_13,none,-1,-1,0,0.0,0.0,greedy_mcs,throughput
31.0,ew_6,none,-1,-1,0,0.0,0.0,greedy_mcs,throughput
31.0,ns_6,none,-1,-1,0,0.0,0.0,greedy_mcs,throughput
31.0,ew_19,none,-1,-1,0,0.0,0.0,greedy_mcs,throughput
31.0,ns_7,none,-1,-1,0,0.0,0.0,greedy_mcs,throughput
31.0,ew_7,none,-1,-1,0,0.0,0.0,greedy_mcs,throughput
31.0,wn_2,none,-1,-1,0,0.0,0.0,greedy_mcs,throughput
31.0,we_0,none,-1,-1,0,0.0,0.0,greedy_mcs,throughput
31.0,sn_16,none,-1,-1,0,0.0,0.0,greedy_mcs,throughput
31.0,we_12,none,-1,-1,0,0.0,0.0,greedy_mcs,throughput
31.0,we_8,none,-1,-1,0,0.0,0.0,greedy_mcs,throughput
31.0,ew_18,none,-1,-1,0,0.0,0.0,greedy_mcs,throughput
31.0,ew_11,none,-1,-1,0,0.0,0.0,greedy_mcs,throughput
31.0,we_9,none,-1,-1,0,0.0,0.0,greedy_mcs,throughput
31.0,we_18,none,-1,-1,0,0.0,0.0,greedy_mcs,throughput
31.0,ns_19,none,-1,-1,0,0.0,0.0,greedy_mcs,throughput
31.0,sn_17,none,-1,-1,0,0.0,0.0,greedy_mcs,throughput
31.0,ew_5,none,-1,-1,0,0.0,0.0,greedy_mcs,throughput
31.0,wn_3,none,-1,-1,0,0.0,0.0,greedy_mcs,throughput
31.0,sn_13,none,-1,-1,0,0.0,0.0,greedy_mcs,throughput
31.0,we_11,none,-1,-1,0,0.0,0.0,greedy_mcs,throughput
31.0,we_17,none,-1,-1,0,0.0,0.0,greedy_mcs,throughput
31.0,ew_2,none,-1,-1,0,0.0,0.0,greedy_mcs,throughput
31.0,sn_15,none,-1,-1,0,0.0,0.0,greedy_mcs,throughput
31.0,wn_8,none,-1,-1,0,0.0,0.0,greedy_mcs,throughput
31.0,se_3,none,-1,-1,0,0.0,0.0,greedy_mcs,throughput
31.0,sn_11,none,-1,-1,0,0.0,0.0,greedy_mcs,throughput
31.0,sn_2,none,-1,-1,0,0.0,0.0,greedy_mcs,throughput
31.0,se_0,none,-1,-1,0,0.0,0.0,greedy_mcs,throughput
31.0,ns_9,none,-1,-1,0,0.0,0.0,greedy_mcs,throughput
31.0,wn_9,none,-1,-1,0,0.0,0.0,greedy_mcs,throughput
31.0,se_5,none,-1,-1,0,0.0,0.0,greedy_mcs,throughput
31.0,we_4,none,-1,-1,0,0.0,0.0,greedy_mcs,throughput
32.0,sn_4,direct,BS_1,-1,1,440.00000000000006,440.00000000000006,greedy_mcs,throughput
32.0,we_10,none,-1,-1,0,0.0,0.0,greedy_mcs,throughput
32.0,we_3,direct,BS_1,-1,1,440.00000000000006,440.00000000000006,greedy_mcs,throughput
32.0,sn_10,none,-1,-1,0,0.0,0.0,greedy_mcs,throughput
32.0,sn_9,none,-1,-1,0,0.0,0.0,greedy_mcs,throughput
32.0,sn_5,direct,BS_1,-1,1,440.00000000000006,440.00000000000006,greedy_mcs,throughput
32.0,ns_8,none,-1,-1,0,0.0,0.0,greedy_mcs,throughput
32.0,sn_7,direct,BS_1,-1,1,440.00000000000006,440.00000000000006,greedy_mcs,throughput
32.0,we_1,direct,BS_1,-1,1,440.00000000000006,440.00000000000006,greedy_mcs,throughput
32.0,ns_3,none,-1,-1,0,0.0,0.0,greedy_mcs,throughput
32.0,se_6,none,-1,-1,0,0.0,0.0,greedy_mcs,throughput
32.0,se_9,none,-1,-1,0,0.0,0.0,greedy_mcs,throughput
32.0,ew_15,none,-1,-1,0,0.0,0.0,greedy_mcs,throughput
32.0,ew_14,none,-1,-1,0,0.0,0.0,greedy_mcs,throughput
32.0,ns_18,none,-1,-1,0,0.0,0.0,greedy_mcs,throughput
32.0,we_2,direct,BS_1,-1,1,440.00000000000006,440.00000000000006,greedy_mcs,throughput
32.0,wn_6,none,-1,-1,0,0.0,0.0,greedy_mcs,throughput
32.0,ew_4,none,-1,-1,0,0.0,0.0,greedy_mcs,throughput
32.0,ew_8,none,-1,-1,0,0.0,0.0,greedy_mcs,throughput
32.0,ew_1,none,-1,-1,0,0.0,0.0,greedy_mcs,throughput
32.0,ns_4,none,-1,-1,0,0.0,0.0,greedy_mcs,throughput
32.0,ns_10,none,-1,-1,0,0.0,0.0,greedy_mcs,throughput
32.0,ns_2,none,-1,-1,0,0.0,0.0,greedy_mcs,throughput
32.0,wn_4,none,-1,-1,0,0.0,0.0,greedy_mcs,throughput
32.0,se_8,none,-1,-1,0,0.0,0.0,greedy_mcs,throughput
32.0,we_14,none,-1,-1,0,0.0,0.0,greedy_mcs,throughput
32.0,we_5,direct,BS_1,-1,1,440.00000000000006,440.00000000000006,greedy_mcs,throughput
32.0,ew_3,none,-1,-1,0,0.0,0.0,greedy_mcs,throughput
32.0,ew_12,none,-1,-1,0,0.0,0.0,greedy_mcs,throughput
32.0,ew_17,none,-1,-1,0,0.0,0.0,greedy_mcs,throughput
32.0,we_6,direct,BS_1,-1,1,440.00000000000006,440.00000000000006,greedy_mcs,throughput
32.0,wn_0,none,-1,-1,0,0.0,0.0,greedy_mcs,throughput
32.0,ns_14,none,-1,-1,0,0.0,0.0,greedy_mcs,throughput
32.0,ns_15,none,-1,-1,0,0.0,0.0,greedy_mcs,throughput
32.0,sn_18,none,-1,-1,0,0.0,0.0,greedy_mcs,throughput
32.0,se_1,none,-1,-1,0,0.0,0.0,greedy_mcs,throughput
32.0,sn_19,none,-1,-1,0,0.0,0.0,greedy_mcs,throughput
32.0,sn_8,none,-1,-1,0,0.0,0.0,greedy_mcs,throughput
32.0,wn_7,none,-1,-1,0,0.0,0.0,greedy_mcs,throughput
32.0,ns_12,none,-1,-1,0,0.0,0.0,greedy_mcs,throughput
32.0,sn_0,direct,BS_1,-1,1,440.00000000000006,440.00000000000006,greedy_mcs,throughput
32.0,ns_17,none,-1,-1,0,0.0,0.0,greedy_mcs,throughput
32.0,ns_13,none,-1,-1,0,0.0,0.0,greedy_mcs,throughput
32.0,sn_3,direct,BS_1,-1,1,440.00000000000006,440.00000000000006,greedy_mcs,throughput
32.0,se_4,none,-1,-1,0,0.0,0.0,greedy_mcs,throughput
32.0,we_16,none,-1,-1,0,0.0,0.0,greedy_mcs,throughput
32.0,se_2,none,-1,-1,0,0.0,0.0,greedy_mcs,throughput
32.0,we_15,none,-1,-1,0,0.0,0.0,greedy_mcs,throughput
32.0,se_7,none,-1,-1,0,0.0,0.0,greedy_mcs,throughput
32.0,ns_16,none,-1,-1,0,0.0,0.0,greedy_mcs,throughput
32.0,wn_1,none,-1,-1,0,0.0,0.0,greedy_mcs,throughput
32.0,ew_16,none,-1,-1,0,0.0,0.0,greedy_mcs,throughput
32.0,ns_0,none,-1,-1,0,0.0,0.0,greedy_mcs,throughput
32.0,wn_5,none,-1,-1,0,0.0,0.0,greedy_mcs,throughput
32.0,ns_5,none,-1,-1,0,0.0,0.0,greedy_mcs,throughput
32.0,sn_12,none,-1,-1,0,0.0,0.0,greedy_mcs,throughput
32.0,we_19,none,-1,-1,0,0.0,0.0,greedy_mcs,throughput
32.0,ew_9,none,-1,-1,0,0.0,0.0,greedy_mcs,throughput
32.0,sn_1,none,-1,-1,0,0.0,0.0,greedy_mcs,throughput
32.0,sn_6,none,-1,-1,0,0.0,0.0,greedy_mcs,throughput
32.0,we_7,none,-1,-1,0,0.0,0.0,greedy_mcs,throughput
32.0,ew_0,none,-1,-1,0,0.0,0.0,greedy_mcs,throughput
32.0,ew_10,none,-1,-1,0,0.0,0.0,greedy_mcs,throughput
32.0,we_13,none,-1,-1,0,0.0,0.0,greedy_mcs,throughput
32.0,sn_14,none,-1,-1,0,0.0,0.0,greedy_mcs,throughput
32.0,ns_1,none,-1,-1,0,0.0,0.0,greedy_mcs,throughput
32.0,ns_11,none,-1,-1,0,0.0,0.0,greedy_mcs,throughput
32.0,ew_13,none,-1,-1,0,0.0,0.0,greedy_mcs,throughput
32.0,ew_6,none,-1,-1,0,0.0,0.0,greedy_mcs,throughput
32.0,ns_6,none,-1,-1,0,0.0,0.0,greedy_mcs,throughput
32.0,ew_19,none,-1,-1,0,0.0,0.0,greedy_mcs,throughput
32.0,ns_7,none,-1,-1,0,0.0,0.0,greedy_mcs,throughput
32.0,ew_7,none,-1,-1,0,0.0,0.0,greedy_mcs,throughput
32.0,wn_2,none,-1,-1,0,0.0,0.0,greedy_mcs,throughput
32.0,we_0,none,-1,-1,0,0.0,0.0,greedy_mcs,throughput
32.0,sn_16,none,-1,-1,0,0.0,0.0,greedy_mcs,throughput
32.0,we_12,none,-1,-1,0,0.0,0.0,greedy_mcs,throughput
32.0,we_8,none,-1,-1,0,0.0,0.0,greedy_mcs,throughput
32.0,ew_18,none,-1,-1,0,0.0,0.0,greedy_mcs,throughput
32.0,ew_11,none,-1,-1,0,0.0,0.0,greedy_mcs,throughput
32.0,we_9,none,-1,-1,0,0.0,0.0,greedy_mcs,throughput
32.0,we_18,none,-1,-1,0,0.0,0.0,greedy_mcs,throughput
32.0,ns_19,none,-1,-1,0,0.0,0.0,greedy_mcs,throughput
32.0,sn_17,none,-1,-1,0,0.0,0.0,greedy_mcs,throughput
32.0,ew_5,none,-1,-1,0,0.0,0.0,greedy_mcs,throughput
32.0,wn_3,none,-1,-1,0,0.0,0.0,greedy_mcs,throughput
32.0,sn_13,none,-1,-1,0,0.0,0.0,greedy_mcs,throughput
32.0,we_11,none,-1,-1,0,0.0,0.0,greedy_mcs,throughput
32.0,we_17,none,-1,-1,0,0.0,0.0,greedy_mcs,throughput
32.0,ew_2,none,-1,-1,0,0.0,0.0,greedy_mcs,throughput
32.0,sn_15,none,-1,-1,0,0.0,0.0,greedy_mcs,throughput
32.0,wn_8,none,-1,-1,0,0.0,0.0,greedy_mcs,throughput
32.0,se_3,none,-1,-1,0,0.0,0.0,greedy_mcs,throughput
32.0,sn_11,none,-1,-1,0,0.0,0.0,greedy_mcs,throughput
32.0,sn_2,none,-1,-1,0,0.0,0.0,greedy_mcs,throughput
32.0,se_0,none,-1,-1,0,0.0,0.0,greedy_mcs,throughput
32.0,ns_9,none,-1,-1,0,0.0,0.0,greedy_mcs,throughput
32.0,wn_9,none,-1,-1,0,0.0,0.0,greedy_mcs,throughput
32.0,se_5,none,-1,-1,0,0.0,0.0,greedy_mcs,throughput
32.0,we_4,none,-1,-1,0,0.0,0.0,greedy_mcs,throughput
33.0,sn_4,direct,BS_1,-1,1,440.00000000000006,440.00000000000006,greedy_mcs,throughput
33.0,we_10,none,-1,-1,0,0.0,0.0,greedy_mcs,throughput
33.0,we_3,direct,BS_1,-1,1,440.00000000000006,440.00000000000006,greedy_mcs,throughput
33.0,sn_10,none,-1,-1,0,0.0,0.0,greedy_mcs,throughput
33.0,sn_9,none,-1,-1,0,0.0,0.0,greedy_mcs,throughput
33.0,sn_5,direct,BS_1,-1,1,440.00000000000006,440.00000000000006,greedy_mcs,throughput
33.0,ns_8,none,-1,-1,0,0.0,0.0,greedy_mcs,throughput
33.0,sn_7,direct,BS_1,-1,1,440.00000000000006,440.00000000000006,greedy_mcs,throughput
33.0,we_1,direct,BS_1,-1,1,440.00000000000006,440.00000000000006,greedy_mcs,throughput
33.0,ns_3,none,-1,-1,0,0.0,0.0,greedy_mcs,throughput
33.0,se_6,none,-1,-1,0,0.0,0.0,greedy_mcs,throughput
33.0,se_9,none,-1,-1,0,0.0,0.0,greedy_mcs,throughput
33.0,ew_15,none,-1,-1,0,0.0,0.0,greedy_mcs,throughput
33.0,ew_14,none,-1,-1,0,0.0,0.0,greedy_mcs,throughput
33.0,ns_18,none,-1,-1,0,0.0,0.0,greedy_mcs,throughput
33.0,we_2,direct,BS_1,-1,1,440.00000000000006,440.00000000000006,greedy_mcs,throughput
33.0,wn_6,none,-1,-1,0,0.0,0.0,greedy_mcs,throughput
33.0,ew_4,none,-1,-1,0,0.0,0.0,greedy_mcs,throughput
33.0,ew_8,none,-1,-1,0,0.0,0.0,greedy_mcs,throughput
33.0,ew_1,none,-1,-1,0,0.0,0.0,greedy_mcs,throughput
33.0,ns_4,none,-1,-1,0,0.0,0.0,greedy_mcs,throughput
33.0,ns_10,none,-1,-1,0,0.0,0.0,greedy_mcs,throughput
33.0,ns_2,none,-1,-1,0,0.0,0.0,greedy_mcs,throughput
33.0,wn_4,none,-1,-1,0,0.0,0.0,greedy_mcs,throughput
33.0,se_8,none,-1,-1,0,0.0,0.0,greedy_mcs,throughput
33.0,we_14,none,-1,-1,0,0.0,0.0,greedy_mcs,throughput
33.0,we_5,direct,BS_1,-1,1,440.00000000000006,440.00000000000006,greedy_mcs,throughput
33.0,ew_3,none,-1,-1,0,0.0,0.0,greedy_mcs,throughput
33.0,ew_12,none,-1,-1,0,0.0,0.0,greedy_mcs,throughput
33.0,ew_17,none,-1,-1,0,0.0,0.0,greedy_mcs,throughput
33.0,we_6,direct,BS_1,-1,1,440.00000000000006,440.00000000000006,greedy_mcs,throughput
33.0,wn_0,none,-1,-1,0,0.0,0.0,greedy_mcs,throughput
33.0,ns_14,none,-1,-1,0,0.0,0.0,greedy_mcs,throughput
33.0,ns_15,none,-1,-1,0,0.0,0.0,greedy_mcs,throughput
33.0,sn_18,none,-1,-1,0,0.0,0.0,greedy_mcs,throughput
33.0,se_1,none,-1,-1,0,0.0,0.0,greedy_mcs,throughput
33.0,sn_19,none,-1,-1,0,0.0,0.0,greedy_mcs,throughput
33.0,sn_8,none,-1,-1,0,0.0,0.0,greedy_mcs,throughput
33.0,wn_7,none,-1,-1,0,0.0,0.0,greedy_mcs,throughput
33.0,ns_12,none,-1,-1,0,0.0,0.0,greedy_mcs,throughput
33.0,sn_0,direct,BS_1,-1,1,440.00000000000006,440.00000000000006,greedy_mcs,throughput
33.0,ns_17,none,-1,-1,0,0.0,0.0,greedy_mcs,throughput
33.0,ns_13,none,-1,-1,0,0.0,0.0,greedy_mcs,throughput
33.0,sn_3,direct,BS_1,-1,1,440.00000000000006,440.00000000000006,greedy_mcs,throughput
33.0,se_4,none,-1,-1,0,0.0,0.0,greedy_mcs,throughput
33.0,we_16,none,-1,-1,0,0.0,0.0,greedy_mcs,throughput
33.0,se_2,none,-1,-1,0,0.0,0.0,greedy_mcs,throughput
33.0,we_15,none,-1,-1,0,0.0,0.0,greedy_mcs,throughput
33.0,se_7,none,-1,-1,0,0.0,0.0,greedy_mcs,throughput
33.0,ns_16,none,-1,-1,0,0.0,0.0,greedy_mcs,throughput
33.0,wn_1,none,-1,-1,0,0.0,0.0,greedy_mcs,throughput
33.0,ew_16,none,-1,-1,0,0.0,0.0,greedy_mcs,throughput
33.0,ns_0,none,-1,-1,0,0.0,0.0,greedy_mcs,throughput
33.0,wn_5,none,-1,-1,0,0.0,0.0,greedy_mcs,throughput
33.0,ns_5,none,-1,-1,0,0.0,0.0,greedy_mcs,throughput
33.0,sn_12,none,-1,-1,0,0.0,0.0,greedy_mcs,throughput
33.0,we_19,none,-1,-1,0,0.0,0.0,greedy_mcs,throughput
33.0,ew_9,none,-1,-1,0,0.0,0.0,greedy_mcs,throughput
33.0,sn_1,none,-1,-1,0,0.0,0.0,greedy_mcs,throughput
33.0,sn_6,none,-1,-1,0,0.0,0.0,greedy_mcs,throughput
33.0,we_7,none,-1,-1,0,0.0,0.0,greedy_mcs,throughput
33.0,ew_0,none,-1,-1,0,0.0,0.0,greedy_mcs,throughput
33.0,ew_10,none,-1,-1,0,0.0,0.0,greedy_mcs,throughput
33.0,we_13,none,-1,-1,0,0.0,0.0,greedy_mcs,throughput
33.0,sn_14,none,-1,-1,0,0.0,0.0,greedy_mcs,throughput
33.0,ns_1,none,-1,-1,0,0.0,0.0,greedy_mcs,throughput
33.0,ns_11,none,-1,-1,0,0.0,0.0,greedy_mcs,throughput
33.0,ew_13,none,-1,-1,0,0.0,0.0,greedy_mcs,throughput
33.0,ew_6,none,-1,-1,0,0.0,0.0,greedy_mcs,throughput
33.0,ns_6,none,-1,-1,0,0.0,0.0,greedy_mcs,throughput
33.0,ew_19,none,-1,-1,0,0.0,0.0,greedy_mcs,throughput
33.0,ns_7,none,-1,-1,0,0.0,0.0,greedy_mcs,throughput
33.0,ew_7,none,-1,-1,0,0.0,0.0,greedy_mcs,throughput
33.0,wn_2,none,-1,-1,0,0.0,0.0,greedy_mcs,throughput
33.0,we_0,none,-1,-1,0,0.0,0.0,greedy_mcs,throughput
33.0,sn_16,none,-1,-1,0,0.0,0.0,greedy_mcs,throughput
33.0,we_12,none,-1,-1,0,0.0,0.0,greedy_mcs,throughput
33.0,we_8,none,-1,-1,0,0.0,0.0,greedy_mcs,throughput
33.0,ew_18,none,-1,-1,0,0.0,0.0,greedy_mcs,throughput
33.0,ew_11,none,-1,-1,0,0.0,0.0,greedy_mcs,throughput
33.0,we_9,none,-1,-1,0,0.0,0.0,greedy_mcs,throughput
33.0,we_18,none,-1,-1,0,0.0,0.0,greedy_mcs,throughput
33.0,ns_19,none,-1,-1,0,0.0,0.0,greedy_mcs,throughput
33.0,sn_17,none,-1,-1,0,0.0,0.0,greedy_mcs,throughput
33.0,ew_5,none,-1,-1,0,0.0,0.0,greedy_mcs,throughput
33.0,wn_3,none,-1,-1,0,0.0,0.0,greedy_mcs,throughput
33.0,sn_13,none,-1,-1,0,0.0,0.0,greedy_mcs,throughput
33.0,we_11,none,-1,-1,0,0.0,0.0,greedy_mcs,throughput
33.0,we_17,none,-1,-1,0,0.0,0.0,greedy_mcs,throughput
33.0,ew_2,none,-1,-1,0,0.0,0.0,greedy_mcs,throughput
33.0,sn_15,none,-1,-1,0,0.0,0.0,greedy_mcs,throughput
33.0,wn_8,none,-1,-1,0,0.0,0.0,greedy_mcs,throughput
33.0,se_3,none,-1,-1,0,0.0,0.0,greedy_mcs,throughput
33.0,sn_11,none,-1,-1,0,0.0,0.0,greedy_mcs,throughput
33.0,sn_2,none,-1,-1,0,0.0,0.0,greedy_mcs,throughput
33.0,se_0,none,-1,-1,0,0.0,0.0,greedy_mcs,throughput
33.0,ns_9,none,-1,-1,0,0.0,0.0,greedy_mcs,throughput
33.0,wn_9,none,-1,-1,0,0.0,0.0,greedy_mcs,throughput
33.0,se_5,none,-1,-1,0,0.0,0.0,greedy_mcs,throughput
33.0,we_4,none,-1,-1,0,0.0,0.0,greedy_mcs,throughput
34.0,sn_4,direct,BS_1,-1,1,440.00000000000006,440.00000000000006,greedy_mcs,throughput
34.0,we_10,relay,BS_1,se_2,1,440.00000000000006,440.00000000000006,greedy_mcs,throughput
34.0,we_3,direct,BS_1,-1,1,440.00000000000006,440.00000000000006,greedy_mcs,throughput
34.0,sn_10,direct,BS_1,-1,1,440.00000000000006,440.00000000000006,greedy_mcs,throughput
34.0,sn_9,direct,BS_1,-1,1,440.00000000000006,440.00000000000006,greedy_mcs,throughput
34.0,sn_5,direct,BS_1,-1,1,440.00000000000006,440.00000000000006,greedy_mcs,throughput
34.0,ns_8,none,-1,-1,0,0.0,0.0,greedy_mcs,throughput
34.0,sn_7,direct,BS_1,-1,1,440.00000000000006,440.00000000000006,greedy_mcs,throughput
34.0,we_1,direct,BS_1,-1,1,440.00000000000006,440.00000000000006,greedy_mcs,throughput
34.0,ns_3,none,-1,-1,0,0.0,0.0,greedy_mcs,throughput
34.0,se_6,none,-1,-1,0,0.0,0.0,greedy_mcs,throughput
34.0,se_9,none,-1,-1,0,0.0,0.0,greedy_mcs,throughput
34.0,ew_15,none,-1,-1,0,0.0,0.0,greedy_mcs,throughput
34.0,ew_14,none,-1,-1,0,0.0,0.0,greedy_mcs,throughput
34.0,ns_18,none,-1,-1,0,0.0,0.0,greedy_mcs,throughput
34.0,we_2,direct,BS_1,-1,1,440.00000000000006,440.00000000000006,greedy_mcs,throughput
34.0,wn_6,none,-1,-1,0,0.0,0.0,greedy_mcs,throughput
34.0,ew_4,none,-1,-1,0,0.0,0.0,greedy_mcs,throughput
34.0,ew_8,none,-1,-1,0,0.0,0.0,greedy_mcs,throughput
34.0,ew_1,none,-1,-1,0,0.0,0.0,greedy_mcs,throughput
34.0,ns_4,none,-1,-1,0,0.0,0.0,greedy_mcs,throughput
34.0,ns_10,none,-1,-1,0,0.0,0.0,greedy_mcs,throughput
34.0,ns_2,none,-1,-1,0,0.0,0.0,greedy_mcs,throughput
34.0,wn_4,none,-1,-1,0,0.0,0.0,greedy_mcs,throughput
34.0,se_8,none,-1,-1,0,0.0,0.0,greedy_mcs,throughput
34.0,we_14,none,-1,-1,0,0.0,0.0,greedy_mcs,throughput
34.0,we_5,direct,BS_1,-1,1,440.00000000000006,440.00000000000006,greedy_mcs,throughput
34.0,ew_3,none,-1,-1,0,0.0,0.0,greedy_mcs,throughput
34.0,ew_12,none,-1,-1,0,0.0,0.0,greedy_mcs,throughput
34.0,ew_17,none,-1,-1,0,0.0,0.0,greedy_mcs,throughput
34.0,we_6,none,-1,-1,0,0.0,0.0,greedy_mcs,throughput
34.0,wn_0,none,-1,-1,0,0.0,0.0,greedy_mcs,throughput
34.0,ns_14,none,-1,-1,0,0.0,0.0,greedy_mcs,throughput
34.0,ns_15,none,-1,-1,0,0.0,0.0,greedy_mcs,throughput
34.0,sn_18,none,-1,-1,0,0.0,0.0,greedy_mcs,throughput
34.0,se_1,none,-1,-1,0,0.0,0.0,greedy_mcs,throughput
34.0,sn_19,none,-1,-1,0,0.0,0.0,greedy_mcs,throughput
34.0,sn_8,none,-1,-1,0,0.0,0.0,greedy_mcs,throughput
34.0,wn_7,none,-1,-1,0,0.0,0.0,greedy_mcs,throughput
34.0,ns_12,none,-1,-1,0,0.0,0.0,greedy_mcs,throughput
34.0,sn_0,none,-1,-1,0,0.0,0.0,greedy_mcs,throughput
34.0,ns_17,none,-1,-1,0,0.0,0.0,greedy_mcs,throughput
34.0,ns_13,none,-1,-1,0,0.0,0.0,greedy_mcs,throughput
34.0,sn_3,none,-1,-1,0,0.0,0.0,greedy_mcs,throughput
34.0,se_4,none,-1,-1,0,0.0,0.0,greedy_mcs,throughput
34.0,we_16,none,-1,-1,0,0.0,0.0,greedy_mcs,throughput
34.0,se_2,none,-1,-1,0,0.0,0.0,greedy_mcs,throughput
34.0,we_15,none,-1,-1,0,0.0,0.0,greedy_mcs,throughput
34.0,se_7,none,-1,-1,0,0.0,0.0,greedy_mcs,throughput
34.0,ns_16,none,-1,-1,0,0.0,0.0,greedy_mcs,throughput
34.0,wn_1,none,-1,-1,0,0.0,0.0,greedy_mcs,throughput
34.0,ew_16,none,-1,-1,0,0.0,0.0,greedy_mcs,throughput
34.0,ns_0,none,-1,-1,0,0.0,0.0,greedy_mcs,throughput
34.0,wn_5,none,-1,-1,0,0.0,0.0,greedy_mcs,throughput
34.0,ns_5,none,-1,-1,0,0.0,0.0,greedy_mcs,throughput
34.0,sn_12,none,-1,-1,0,0.0,0.0,greedy_mcs,throughput
34.0,we_19,none,-1,-1,0,0.0,0.0,greedy_mcs,throughput
34.0,ew_9,none,-1,-1,0,0.0,0.0,greedy_mcs,throughput
34.0,sn_1,none,-1,-1,0,0.0,0.0,greedy_mcs,throughput
34.0,sn_6,none,-1,-1,0,0.0,0.0,greedy_mcs,throughput
34.0,we_7,none,-1,-1,0,0.0,0.0,greedy_mcs,throughput
34.0,ew_0,none,-1,-1,0,0.0,0.0,greedy_mcs,throughput
34.0,ew_10,none,-1,-1,0,0.0,0.0,greedy_mcs,throughput
34.0,we_13,none,-1,-1,0,0.0,0.0,greedy_mcs,throughput
34.0,sn_14,none,-1,-1,0,0.0,0.0,greedy_mcs,throughput
34.0,ns_1,none,-1,-1,0,0.0,0.0,greedy_mcs,throughput
34.0,ns_11,none,-1,-1,0,0.0,0.0,greedy_mcs,throughput
34.0,ew_13,none,-1,-1,0,0.0,0.0,greedy_mcs,throughput
34.0,ew_6,none,-1,-1,0,0.0,0.0,greedy_mcs,throughput
34.0,ns_6,none,-1,-1,0,0.0,0.0,greedy_mcs,throughput
34.0,ew_19,none,-1,-1,0,0.0,0.0,greedy_mcs,throughput
34.0,ns_7,none,-1,-1,0,0.0,0.0,greedy_mcs,throughput
34.0,ew_7,none,-1,-1,0,0.0,0.0,greedy_mcs,throughput
34.0,wn_2,none,-1,-1,0,0.0,0.0,greedy_mcs,throughput
34.0,we_0,none,-1,-1,0,0.0,0.0,greedy_mcs,throughput
34.0,sn_16,none,-1,-1,0,0.0,0.0,greedy_mcs,throughput
34.0,we_12,none,-1,-1,0,0.0,0.0,greedy_mcs,throughput
34.0,we_8,none,-1,-1,0,0.0,0.0,greedy_mcs,throughput
34.0,ew_18,none,-1,-1,0,0.0,0.0,greedy_mcs,throughput
34.0,ew_11,none,-1,-1,0,0.0,0.0,greedy_mcs,throughput
34.0,we_9,none,-1,-1,0,0.0,0.0,greedy_mcs,throughput
34.0,we_18,none,-1,-1,0,0.0,0.0,greedy_mcs,throughput
34.0,ns_19,none,-1,-1,0,0.0,0.0,greedy_mcs,throughput
34.0,sn_17,none,-1,-1,0,0.0,0.0,greedy_mcs,throughput
34.0,ew_5,none,-1,-1,0,0.0,0.0,greedy_mcs,throughput
34.0,wn_3,none,-1,-1,0,0.0,0.0,greedy_mcs,throughput
34.0,sn_13,none,-1,-1,0,0.0,0.0,greedy_mcs,throughput
34.0,we_11,none,-1,-1,0,0.0,0.0,greedy_mcs,throughput
34.0,we_17,none,-1,-1,0,0.0,0.0,greedy_mcs,throughput
34.0,ew_2,none,-1,-1,0,0.0,0.0,greedy_mcs,throughput
34.0,sn_15,none,-1,-1,0,0.0,0.0,greedy_mcs,throughput
34.0,wn_8,none,-1,-1,0,0.0,0.0,greedy_mcs,throughput
34.0,se_3,none,-1,-1,0,0.0,0.0,greedy_mcs,throughput
34.0,sn_11,none,-1,-1,0,0.0,0.0,greedy_mcs,throughput
34.0,sn_2,none,-1,-1,0,0.0,0.0,greedy_mcs,throughput
34.0,se_0,none,-1,-1,0,0.0,0.0,greedy_mcs,throughput
34.0,ns_9,none,-1,-1,0,0.0,0.0,greedy_mcs,throughput
34.0,wn_9,none,-1,-1,0,0.0,0.0,greedy_mcs,throughput
34.0,se_5,none,-1,-1,0,0.0,0.0,greedy_mcs,throughput
34.0,we_4,none,-1,-1,0,0.0,0.0,greedy_mcs,throughput
35.0,sn_4,direct,BS_1,-1,1,440.00000000000006,440.00000000000006,greedy_mcs,throughput
35.0,we_10,direct,BS_1,-1,1,440.00000000000006,440.00000000000006,greedy_mcs,throughput
35.0,we_3,direct,BS_1,-1,1,440.00000000000006,440.00000000000006,greedy_mcs,throughput
35.0,sn_10,direct,BS_1,-1,1,440.00000000000006,440.00000000000006,greedy_mcs,throughput
35.0,sn_9,direct,BS_1,-1,1,440.00000000000006,440.00000000000006,greedy_mcs,throughput
35.0,sn_5,direct,BS_1,-1,1,440.00000000000006,440.00000000000006,greedy_mcs,throughput
35.0,ns_8,none,-1,-1,0,0.0,0.0,greedy_mcs,throughput
35.0,sn_7,direct,BS_1,-1,1,440.00000000000006,440.00000000000006,greedy_mcs,throughput
35.0,we_1,direct,BS_1,-1,1,440.00000000000006,440.00000000000006,greedy_mcs,throughput
35.0,ns_3,none,-1,-1,0,0.0,0.0,greedy_mcs,throughput
35.0,se_6,none,-1,-1,0,0.0,0.0,greedy_mcs,throughput
35.0,se_9,none,-1,-1,0,0.0,0.0,greedy_mcs,throughput
35.0,ew_15,none,-1,-1,0,0.0,0.0,greedy_mcs,throughput
35.0,ew_14,none,-1,-1,0,0.0,0.0,greedy_mcs,throughput
35.0,ns_18,none,-1,-1,0,0.0,0.0,greedy_mcs,throughput
35.0,we_2,direct,BS_1,-1,1,440.00000000000006,440.00000000000006,greedy_mcs,throughput
35.0,wn_6,none,-1,-1,0,0.0,0.0,greedy_mcs,throughput
35.0,ew_4,none,-1,-1,0,0.0,0.0,greedy_mcs,throughput
35.0,ew_8,none,-1,-1,0,0.0,0.0,greedy_mcs,throughput
35.0,ew_1,none,-1,-1,0,0.0,0.0,greedy_mcs,throughput
35.0,ns_4,none,-1,-1,0,0.0,0.0,greedy_mcs,throughput
35.0,ns_10,none,-1,-1,0,0.0,0.0,greedy_mcs,throughput
35.0,ns_2,none,-1,-1,0,0.0,0.0,greedy_mcs,throughput
35.0,wn_4,none,-1,-1,0,0.0,0.0,greedy_mcs,throughput
35.0,se_8,none,-1,-1,0,0.0,0.0,greedy_mcs,throughput
35.0,we_14,none,-1,-1,0,0.0,0.0,greedy_mcs,throughput
35.0,we_5,direct,BS_1,-1,1,440.00000000000006,440.00000000000006,greedy_mcs,throughput
35.0,ew_3,none,-1,-1,0,0.0,0.0,greedy_mcs,throughput
35.0,ew_12,none,-1,-1,0,0.0,0.0,greedy_mcs,throughput
35.0,ew_17,none,-1,-1,0,0.0,0.0,greedy_mcs,throughput
35.0,we_6,none,-1,-1,0,0.0,0.0,greedy_mcs,throughput
35.0,wn_0,none,-1,-1,0,0.0,0.0,greedy_mcs,throughput
35.0,ns_14,none,-1,-1,0,0.0,0.0,greedy_mcs,throughput
35.0,ns_15,none,-1,-1,0,0.0,0.0,greedy_mcs,throughput
35.0,sn_18,none,-1,-1,0,0.0,0.0,greedy_mcs,throughput
35.0,se_1,none,-1,-1,0,0.0,0.0,greedy_mcs,throughput
35.0,sn_19,none,-1,-1,0,0.0,0.0,greedy_mcs,throughput
35.0,sn_8,none,-1,-1,0,0.0,0.0,greedy_mcs,throughput
35.0,wn_7,none,-1,-1,0,0.0,0.0,greedy_mcs,throughput
35.0,ns_12,none,-1,-1,0,0.0,0.0,greedy_mcs,throughput
35.0,sn_0,none,-1,-1,0,0.0,0.0,greedy_mcs,throughput
35.0,ns_17,none,-1,-1,0,0.0,0.0,greedy_mcs,throughput
35.0,ns_13,none,-1,-1,0,0.0,0.0,greedy_mcs,throughput
35.0,sn_3,none,-1,-1,0,0.0,0.0,greedy_mcs,throughput
35.0,se_4,none,-1,-1,0,0.0,0.0,greedy_mcs,throughput
35.0,we_16,none,-1,-1,0,0.0,0.0,greedy_mcs,throughput
35.0,se_2,none,-1,-1,0,0.0,0.0,greedy_mcs,throughput
35.0,we_15,none,-1,-1,0,0.0,0.0,greedy_mcs,throughput
35.0,se_7,none,-1,-1,0,0.0,0.0,greedy_mcs,throughput
35.0,ns_16,none,-1,-1,0,0.0,0.0,greedy_mcs,throughput
35.0,wn_1,none,-1,-1,0,0.0,0.0,greedy_mcs,throughput
35.0,ew_16,none,-1,-1,0,0.0,0.0,greedy_mcs,throughput
35.0,ns_0,none,-1,-1,0,0.0,0.0,greedy_mcs,throughput
35.0,wn_5,none,-1,-1,0,0.0,0.0,greedy_mcs,throughput
35.0,ns_5,none,-1,-1,0,0.0,0.0,greedy_mcs,throughput
35.0,sn_12,none,-1,-1,0,0.0,0.0,greedy_mcs,throughput
35.0,we_19,none,-1,-1,0,0.0,0.0,greedy_mcs,throughput
35.0,ew_9,none,-1,-1,0,0.0,0.0,greedy_mcs,throughput
35.0,sn_1,none,-1,-1,0,0.0,0.0,greedy_mcs,throughput
35.0,sn_6,none,-1,-1,0,0.0,0.0,greedy_mcs,throughput
35.0,we_7,none,-1,-1,0,0.0,0.0,greedy_mcs,throughput
35.0,ew_0,none,-1,-1,0,0.0,0.0,greedy_mcs,throughput
35.0,ew_10,none,-1,-1,0,0.0,0.0,greedy_mcs,throughput
35.0,we_13,none,-1,-1,0,0.0,0.0,greedy_mcs,throughput
35.0,sn_14,none,-1,-1,0,0.0,0.0,greedy_mcs,throughput
35.0,ns_1,none,-1,-1,0,0.0,0.0,greedy_mcs,throughput
35.0,ns_11,none,-1,-1,0,0.0,0.0,greedy_mcs,throughput
35.0,ew_13,none,-1,-1,0,0.0,0.0,greedy_mcs,throughput
35.0,ew_6,none,-1,-1,0,0.0,0.0,greedy_mcs,throughput
35.0,ns_6,none,-1,-1,0,0.0,0.0,greedy_mcs,throughput
35.0,ew_19,none,-1,-1,0,0.0,0.0,greedy_mcs,throughput
35.0,ns_7,none,-1,-1,0,0.0,0.0,greedy_mcs,throughput
35.0,ew_7,none,-1,-1,0,0.0,0.0,greedy_mcs,throughput
35.0,wn_2,none,-1,-1,0,0.0,0.0,greedy_mcs,throughput
35.0,we_0,none,-1,-1,0,0.0,0.0,greedy_mcs,throughput
35.0,sn_16,none,-1,-1,0,0.0,0.0,greedy_mcs,throughput
35.0,we_12,none,-1,-1,0,0.0,0.0,greedy_mcs,throughput
35.0,we_8,none,-1,-1,0,0.0,0.0,greedy_mcs,throughput
35.0,ew_18,none,-1,-1,0,0.0,0.0,greedy_mcs,throughput
35.0,ew_11,none,-1,-1,0,0.0,0.0,greedy_mcs,throughput
35.0,we_9,none,-1,-1,0,0.0,0.0,greedy_mcs,throughput
35.0,we_18,none,-1,-1,0,0.0,0.0,greedy_mcs,throughput
35.0,ns_19,none,-1,-1,0,0.0,0.0,greedy_mcs,throughput
35.0,sn_17,none,-1,-1,0,0.0,0.0,greedy_mcs,throughput
35.0,ew_5,none,-1,-1,0,0.0,0.0,greedy_mcs,throughput
35.0,wn_3,none,-1,-1,0,0.0,0.0,greedy_mcs,throughput
35.0,sn_13,none,-1,-1,0,0.0,0.0,greedy_mcs,throughput
35.0,we_11,none,-1,-1,0,0.0,0.0,greedy_mcs,throughput
35.0,we_17,none,-1,-1,0,0.0,0.0,greedy_mcs,throughput
35.0,ew_2,none,-1,-1,0,0.0,0.0,greedy_mcs,throughput
35.0,sn_15,none,-1,-1,0,0.0,0.0,greedy_mcs,throughput
35.0,wn_8,none,-1,-1,0,0.0,0.0,greedy_mcs,throughput
35.0,se_3,none,-1,-1,0,0.0,0.0,greedy_mcs,throughput
35.0,sn_11,none,-1,-1,0,0.0,0.0,greedy_mcs,throughput
35.0,sn_2,none,-1,-1,0,0.0,0.0,greedy_mcs,throughput
35.0,se_0,none,-1,-1,0,0.0,0.0,greedy_mcs,throughput
35.0,ns_9,none,-1,-1,0,0.0,0.0,greedy_mcs,throughput
35.0,wn_9,none,-1,-1,0,0.0,0.0,greedy_mcs,throughput
35.0,se_5,none,-1,-1,0,0.0,0.0,greedy_mcs,throughput
35.0,we_4,none,-1,-1,0,0.0,0.0,greedy_mcs,throughput
36.0,sn_4,direct,BS_1,-1,1,440.00000000000006,440.00000000000006,greedy_mcs,throughput
36.0,we_10,direct,BS_1,-1,1,440.00000000000006,440.00000000000006,greedy_mcs,throughput
36.0,we_3,direct,BS_1,-1,1,440.00000000000006,440.00000000000006,greedy_mcs,throughput
36.0,sn_10,direct,BS_1,-1,1,440.00000000000006,440.00000000000006,greedy_mcs,throughput
36.0,sn_9,direct,BS_1,-1,1,440.00000000000006,440.00000000000006,greedy_mcs,throughput
36.0,sn_5,direct,BS_1,-1,1,440.00000000000006,440.00000000000006,greedy_mcs,throughput
36.0,ns_8,none,-1,-1,0,0.0,0.0,greedy_mcs,throughput
36.0,sn_7,direct,BS_1,-1,1,440.00000000000006,440.00000000000006,greedy_mcs,throughput
36.0,we_1,direct,BS_1,-1,1,440.00000000000006,440.00000000000006,greedy_mcs,throughput
36.0,ns_3,none,-1,-1,0,0.0,0.0,greedy_mcs,throughput
36.0,se_6,none,-1,-1,0,0.0,0.0,greedy_mcs,throughput
36.0,se_9,none,-1,-1,0,0.0,0.0,greedy_mcs,throughput
36.0,ew_15,none,-1,-1,0,0.0,0.0,greedy_mcs,throughput
36.0,ew_14,none,-1,-1,0,0.0,0.0,greedy_mcs,throughput
36.0,ns_18,none,-1,-1,0,0.0,0.0,greedy_mcs,throughput
36.0,we_2,direct,BS_1,-1,1,440.00000000000006,440.00000000000006,greedy_mcs,throughput
36.0,wn_6,none,-1,-1,0,0.0,0.0,greedy_mcs,throughput
36.0,ew_4,none,-1,-1,0,0.0,0.0,greedy_mcs,throughput
36.0,ew_8,none,-1,-1,0,0.0,0.0,greedy_mcs,throughput
36.0,ew_1,none,-1,-1,0,0.0,0.0,greedy_mcs,throughput
36.0,ns_4,none,-1,-1,0,0.0,0.0,greedy_mcs,throughput
36.0,ns_10,none,-1,-1,0,0.0,0.0,greedy_mcs,throughput
36.0,ns_2,none,-1,-1,0,0.0,0.0,greedy_mcs,throughput
36.0,wn_4,none,-1,-1,0,0.0,0.0,greedy_mcs,throughput
36.0,se_8,none,-1,-1,0,0.0,0.0,greedy_mcs,throughput
36.0,we_14,none,-1,-1,0,0.0,0.0,greedy_mcs,throughput
36.0,we_5,direct,BS_1,-1,1,440.00000000000006,440.00000000000006,greedy_mcs,throughput
36.0,ew_3,none,-1,-1,0,0.0,0.0,greedy_mcs,throughput
36.0,ew_12,none,-1,-1,0,0.0,0.0,greedy_mcs,throughput
36.0,ew_17,none,-1,-1,0,0.0,0.0,greedy_mcs,throughput
36.0,we_6,none,-1,-1,0,0.0,0.0,greedy_mcs,throughput
36.0,wn_0,none,-1,-1,0,0.0,0.0,greedy_mcs,throughput
36.0,ns_14,none,-1,-1,0,0.0,0.0,greedy_mcs,throughput
36.0,ns_15,none,-1,-1,0,0.0,0.0,greedy_mcs,throughput
36.0,sn_18,none,-1,-1,0,0.0,0.0,greedy_mcs,throughput
36.0,se_1,none,-1,-1,0,0.0,0.0,greedy_mcs,throughput
36.0,sn_19,none,-1,-1,0,0.0,0.0,greedy_mcs,throughput
36.0,sn_8,none,-1,-1,0,0.0,0.0,greedy_mcs,throughput
36.0,wn_7,none,-1,-1,0,0.0,0.0,greedy_mcs,throughput
36.0,ns_12,none,-1,-1,0,0.0,0.0,greedy_mcs,throughput
36.0,sn_0,none,-1,-1,0,0.0,0.0,greedy_mcs,throughput
36.0,ns_17,none,-1,-1,0,0.0,0.0,greedy_mcs,throughput
36.0,ns_13,none,-1,-1,0,0.0,0.0,greedy_mcs,throughput
36.0,sn_3,none,-1,-1,0,0.0,0.0,greedy_mcs,throughput
36.0,se_4,none,-1,-1,0,0.0,0.0,greedy_mcs,throughput
36.0,we_16,none,-1,-1,0,0.0,0.0,greedy_mcs,throughput
36.0,se_2,none,-1,-1,0,0.0,0.0,greedy_mcs,throughput
36.0,we_15,none,-1,-1,0,0.0,0.0,greedy_mcs,throughput
36.0,se_7,none,-1,-1,0,0.0,0.0,greedy_mcs,throughput
36.0,ns_16,none,-1,-1,0,0.0,0.0,greedy_mcs,throughput
36.0,wn_1,none,-1,-1,0,0.0,0.0,greedy_mcs,throughput
36.0,ew_16,none,-1,-1,0,0.0,0.0,greedy_mcs,throughput
36.0,ns_0,none,-1,-1,0,0.0,0.0,greedy_mcs,throughput
36.0,wn_5,none,-1,-1,0,0.0,0.0,greedy_mcs,throughput
36.0,ns_5,none,-1,-1,0,0.0,0.0,greedy_mcs,throughput
36.0,sn_12,none,-1,-1,0,0.0,0.0,greedy_mcs,throughput
36.0,we_19,none,-1,-1,0,0.0,0.0,greedy_mcs,throughput
36.0,ew_9,none,-1,-1,0,0.0,0.0,greedy_mcs,throughput
36.0,sn_1,none,-1,-1,0,0.0,0.0,greedy_mcs,throughput
36.0,sn_6,none,-1,-1,0,0.0,0.0,greedy_mcs,throughput
36.0,we_7,none,-1,-1,0,0.0,0.0,greedy_mcs,throughput
36.0,ew_0,none,-1,-1,0,0.0,0.0,greedy_mcs,throughput
36.0,ew_10,none,-1,-1,0,0.0,0.0,greedy_mcs,throughput
36.0,we_13,none,-1,-1,0,0.0,0.0,greedy_mcs,throughput
36.0,sn_14,none,-1,-1,0,0.0,0.0,greedy_mcs,throughput
36.0,ns_1,none,-1,-1,0,0.0,0.0,greedy_mcs,throughput
36.0,ns_11,none,-1,-1,0,0.0,0.0,greedy_mcs,throughput
36.0,ew_13,none,-1,-1,0,0.0,0.0,greedy_mcs,throughput
36.0,ew_6,none,-1,-1,0,0.0,0.0,greedy_mcs,throughput
36.0,ns_6,none,-1,-1,0,0.0,0.0,greedy_mcs,throughput
36.0,ew_19,none,-1,-1,0,0.0,0.0,greedy_mcs,throughput
36.0,ns_7,none,-1,-1,0,0.0,0.0,greedy_mcs,throughput
36.0,ew_7,none,-1,-1,0,0.0,0.0,greedy_mcs,throughput
36.0,wn_2,none,-1,-1,0,0.0,0.0,greedy_mcs,throughput
36.0,we_0,none,-1,-1,0,0.0,0.0,greedy_mcs,throughput
36.0,sn_16,none,-1,-1,0,0.0,0.0,greedy_mcs,throughput
36.0,we_12,none,-1,-1,0,0.0,0.0,greedy_mcs,throughput
36.0,we_8,none,-1,-1,0,0.0,0.0,greedy_mcs,throughput
36.0,ew_18,none,-1,-1,0,0.0,0.0,greedy_mcs,throughput
36.0,ew_11,none,-1,-1,0,0.0,0.0,greedy_mcs,throughput
36.0,we_9,none,-1,-1,0,0.0,0.0,greedy_mcs,throughput
36.0,we_18,none,-1,-1,0,0.0,0.0,greedy_mcs,throughput
36.0,ns_19,none,-1,-1,0,0.0,0.0,greedy_mcs,throughput
36.0,sn_17,none,-1,-1,0,0.0,0.0,greedy_mcs,throughput
36.0,ew_5,none,-1,-1,0,0.0,0.0,greedy_mcs,throughput
36.0,wn_3,none,-1,-1,0,0.0,0.0,greedy_mcs,throughput
36.0,sn_13,none,-1,-1,0,0.0,0.0,greedy_mcs,throughput
36.0,we_11,none,-1,-1,0,0.0,0.0,greedy_mcs,throughput
36.0,we_17,none,-1,-1,0,0.0,0.0,greedy_mcs,throughput
36.0,ew_2,none,-1,-1,0,0.0,0.0,greedy_mcs,throughput
36.0,sn_15,none,-1,-1,0,0.0,0.0,greedy_mcs,throughput
36.0,wn_8,none,-1,-1,0,0.0,0.0,greedy_mcs,throughput
36.0,se_3,none,-1,-1,0,0.0,0.0,greedy_mcs,throughput
36.0,sn_11,none,-1,-1,0,0.0,0.0,greedy_mcs,throughput
36.0,sn_2,none,-1,-1,0,0.0,0.0,greedy_mcs,throughput
36.0,se_0,none,-1,-1,0,0.0,0.0,greedy_mcs,throughput
36.0,ns_9,none,-1,-1,0,0.0,0.0,greedy_mcs,throughput
36.0,wn_9,none,-1,-1,0,0.0,0.0,greedy_mcs,throughput
36.0,se_5,none,-1,-1,0,0.0,0.0,greedy_mcs,throughput
36.0,we_4,none,-1,-1,0,0.0,0.0,greedy_mcs,throughput
37.0,sn_4,direct,BS_1,-1,1,440.00000000000006,440.00000000000006,greedy_mcs,throughput
37.0,we_10,direct,BS_1,-1,1,440.00000000000006,440.00000000000006,greedy_mcs,throughput
37.0,we_3,direct,BS_1,-1,1,440.00000000000006,440.00000000000006,greedy_mcs,throughput
37.0,sn_10,direct,BS_1,-1,1,440.00000000000006,440.00000000000006,greedy_mcs,throughput
37.0,sn_9,direct,BS_1,-1,1,440.00000000000006,440.00000000000006,greedy_mcs,throughput
37.0,sn_5,direct,BS_1,-1,1,440.00000000000006,440.00000000000006,greedy_mcs,throughput
37.0,ns_8,none,-1,-1,0,0.0,0.0,greedy_mcs,throughput
37.0,sn_7,direct,BS_1,-1,1,440.00000000000006,440.00000000000006,greedy_mcs,throughput
37.0,we_1,direct,BS_1,-1,1,440.00000000000006,440.00000000000006,greedy_mcs,throughput
37.0,ns_3,none,-1,-1,0,0.0,0.0,greedy_mcs,throughput
37.0,se_6,none,-1,-1,0,0.0,0.0,greedy_mcs,throughput
37.0,se_9,none,-1,-1,0,0.0,0.0,greedy_mcs,throughput
37.0,ew_15,none,-1,-1,0,0.0,0.0,greedy_mcs,throughput
37.0,ew_14,none,-1,-1,0,0.0,0.0,greedy_mcs,throughput
37.0,ns_18,none,-1,-1,0,0.0,0.0,greedy_mcs,throughput
37.0,we_2,direct,BS_1,-1,1,440.00000000000006,440.00000000000006,greedy_mcs,throughput
37.0,wn_6,none,-1,-1,0,0.0,0.0,greedy_mcs,throughput
37.0,ew_4,none,-1,-1,0,0.0,0.0,greedy_mcs,throughput
37.0,ew_8,none,-1,-1,0,0.0,0.0,greedy_mcs,throughput
37.0,ew_1,none,-1,-1,0,0.0,0.0,greedy_mcs,throughput
37.0,ns_4,none,-1,-1,0,0.0,0.0,greedy_mcs,throughput
37.0,ns_10,none,-1,-1,0,0.0,0.0,greedy_mcs,throughput
37.0,ns_2,none,-1,-1,0,0.0,0.0,greedy_mcs,throughput
37.0,wn_4,none,-1,-1,0,0.0,0.0,greedy_mcs,throughput
37.0,se_8,none,-1,-1,0,0.0,0.0,greedy_mcs,throughput
37.0,we_14,none,-1,-1,0,0.0,0.0,greedy_mcs,throughput
37.0,we_5,direct,BS_1,-1,1,440.00000000000006,440.00000000000006,greedy_mcs,throughput
37.0,ew_3,none,-1,-1,0,0.0,0.0,greedy_mcs,throughput
37.0,ew_12,none,-1,-1,0,0.0,0.0,greedy_mcs,throughput
37.0,ew_17,none,-1,-1,0,0.0,0.0,greedy_mcs,throughput
37.0,we_6,none,-1,-1,0,0.0,0.0,greedy_mcs,throughput
37.0,wn_0,none,-1,-1,0,0.0,0.0,greedy_mcs,throughput
37.0,ns_14,none,-1,-1,0,0.0,0.0,greedy_mcs,throughput
37.0,ns_15,none,-1,-1,0,0.0,0.0,greedy_mcs,throughput
37.0,sn_18,none,-1,-1,0,0.0,0.0,greedy_mcs,throughput
37.0,se_1,none,-1,-1,0,0.0,0.0,greedy_mcs,throughput
37.0,sn_19,none,-1,-1,0,0.0,0.0,greedy_mcs,throughput
37.0,sn_8,none,-1,-1,0,0.0,0.0,greedy_mcs,throughput
37.0,wn_7,none,-1,-1,0,0.0,0.0,greedy_mcs,throughput
37.0,ns_12,none,-1,-1,0,0.0,0.0,greedy_mcs,throughput
37.0,sn_0,none,-1,-1,0,0.0,0.0,greedy_mcs,throughput
37.0,ns_17,none,-1,-1,0,0.0,0.0,greedy_mcs,throughput
37.0,ns_13,none,-1,-1,0,0.0,0.0,greedy_mcs,throughput
37.0,sn_3,none,-1,-1,0,0.0,0.0,greedy_mcs,throughput
37.0,se_4,none,-1,-1,0,0.0,0.0,greedy_mcs,throughput
37.0,we_16,none,-1,-1,0,0.0,0.0,greedy_mcs,throughput
37.0,se_2,none,-1,-1,0,0.0,0.0,greedy_mcs,throughput
37.0,we_15,none,-1,-1,0,0.0,0.0,greedy_mcs,throughput
37.0,se_7,none,-1,-1,0,0.0,0.0,greedy_mcs,throughput
37.0,ns_16,none,-1,-1,0,0.0,0.0,greedy_mcs,throughput
37.0,wn_1,none,-1,-1,0,0.0,0.0,greedy_mcs,throughput
37.0,ew_16,none,-1,-1,0,0.0,0.0,greedy_mcs,throughput
37.0,ns_0,none,-1,-1,0,0.0,0.0,greedy_mcs,throughput
37.0,wn_5,none,-1,-1,0,0.0,0.0,greedy_mcs,throughput
37.0,ns_5,none,-1,-1,0,0.0,0.0,greedy_mcs,throughput
37.0,sn_12,none,-1,-1,0,0.0,0.0,greedy_mcs,throughput
37.0,we_19,none,-1,-1,0,0.0,0.0,greedy_mcs,throughput
37.0,ew_9,none,-1,-1,0,0.0,0.0,greedy_mcs,throughput
37.0,sn_1,none,-1,-1,0,0.0,0.0,greedy_mcs,throughput
37.0,sn_6,none,-1,-1,0,0.0,0.0,greedy_mcs,throughput
37.0,we_7,none,-1,-1,0,0.0,0.0,greedy_mcs,throughput
37.0,ew_0,none,-1,-1,0,0.0,0.0,greedy_mcs,throughput
37.0,ew_10,none,-1,-1,0,0.0,0.0,greedy_mcs,throughput
37.0,we_13,none,-1,-1,0,0.0,0.0,greedy_mcs,throughput
37.0,sn_14,none,-1,-1,0,0.0,0.0,greedy_mcs,throughput
37.0,ns_1,none,-1,-1,0,0.0,0.0,greedy_mcs,throughput
37.0,ns_11,none,-1,-1,0,0.0,0.0,greedy_mcs,throughput
37.0,ew_13,none,-1,-1,0,0.0,0.0,greedy_mcs,throughput
37.0,ew_6,none,-1,-1,0,0.0,0.0,greedy_mcs,throughput
37.0,ns_6,none,-1,-1,0,0.0,0.0,greedy_mcs,throughput
37.0,ew_19,none,-1,-1,0,0.0,0.0,greedy_mcs,throughput
37.0,ns_7,none,-1,-1,0,0.0,0.0,greedy_mcs,throughput
37.0,ew_7,none,-1,-1,0,0.0,0.0,greedy_mcs,throughput
37.0,wn_2,none,-1,-1,0,0.0,0.0,greedy_mcs,throughput
37.0,we_0,none,-1,-1,0,0.0,0.0,greedy_mcs,throughput
37.0,sn_16,none,-1,-1,0,0.0,0.0,greedy_mcs,throughput
37.0,we_12,none,-1,-1,0,0.0,0.0,greedy_mcs,throughput
37.0,we_8,none,-1,-1,0,0.0,0.0,greedy_mcs,throughput
37.0,ew_18,none,-1,-1,0,0.0,0.0,greedy_mcs,throughput
37.0,ew_11,none,-1,-1,0,0.0,0.0,greedy_mcs,throughput
37.0,we_9,none,-1,-1,0,0.0,0.0,greedy_mcs,throughput
37.0,we_18,none,-1,-1,0,0.0,0.0,greedy_mcs,throughput
37.0,ns_19,none,-1,-1,0,0.0,0.0,greedy_mcs,throughput
37.0,sn_17,none,-1,-1,0,0.0,0.0,greedy_mcs,throughput
37.0,ew_5,none,-1,-1,0,0.0,0.0,greedy_mcs,throughput
37.0,wn_3,none,-1,-1,0,0.0,0.0,greedy_mcs,throughput
37.0,sn_13,none,-1,-1,0,0.0,0.0,greedy_mcs,throughput
37.0,we_11,none,-1,-1,0,0.0,0.0,greedy_mcs,throughput
37.0,we_17,none,-1,-1,0,0.0,0.0,greedy_mcs,throughput
37.0,ew_2,none,-1,-1,0,0.0,0.0,greedy_mcs,throughput
37.0,sn_15,none,-1,-1,0,0.0,0.0,greedy_mcs,throughput
37.0,wn_8,none,-1,-1,0,0.0,0.0,greedy_mcs,throughput
37.0,se_3,none,-1,-1,0,0.0,0.0,greedy_mcs,throughput
37.0,sn_11,none,-1,-1,0,0.0,0.0,greedy_mcs,throughput
37.0,sn_2,none,-1,-1,0,0.0,0.0,greedy_mcs,throughput
37.0,se_0,none,-1,-1,0,0.0,0.0,greedy_mcs,throughput
37.0,ns_9,none,-1,-1,0,0.0,0.0,greedy_mcs,throughput
37.0,wn_9,none,-1,-1,0,0.0,0.0,greedy_mcs,throughput
37.0,se_5,none,-1,-1,0,0.0,0.0,greedy_mcs,throughput
37.0,we_4,none,-1,-1,0,0.0,0.0,greedy_mcs,throughput
38.0,sn_4,direct,BS_1,-1,1,440.00000000000006,440.00000000000006,greedy_mcs,throughput
38.0,we_10,direct,BS_1,-1,1,440.00000000000006,440.00000000000006,greedy_mcs,throughput
38.0,we_3,direct,BS_1,-1,1,440.00000000000006,440.00000000000006,greedy_mcs,throughput
38.0,sn_10,direct,BS_1,-1,1,440.00000000000006,440.00000000000006,greedy_mcs,throughput
38.0,sn_9,direct,BS_1,-1,1,440.00000000000006,440.00000000000006,greedy_mcs,throughput
38.0,sn_5,direct,BS_1,-1,1,440.00000000000006,440.00000000000006,greedy_mcs,throughput
38.0,ns_8,none,-1,-1,0,0.0,0.0,greedy_mcs,throughput
38.0,sn_7,direct,BS_1,-1,1,440.00000000000006,440.00000000000006,greedy_mcs,throughput
38.0,we_1,direct,BS_1,-1,1,440.00000000000006,440.00000000000006,greedy_mcs,throughput
38.0,ns_3,none,-1,-1,0,0.0,0.0,greedy_mcs,throughput
38.0,se_6,none,-1,-1,0,0.0,0.0,greedy_mcs,throughput
38.0,se_9,none,-1,-1,0,0.0,0.0,greedy_mcs,throughput
38.0,ew_15,none,-1,-1,0,0.0,0.0,greedy_mcs,throughput
38.0,ew_14,none,-1,-1,0,0.0,0.0,greedy_mcs,throughput
38.0,ns_18,none,-1,-1,0,0.0,0.0,greedy_mcs,throughput
38.0,we_2,direct,BS_1,-1,1,440.00000000000006,440.00000000000006,greedy_mcs,throughput
38.0,wn_6,none,-1,-1,0,0.0,0.0,greedy_mcs,throughput
38.0,ew_4,none,-1,-1,0,0.0,0.0,greedy_mcs,throughput
38.0,ew_8,none,-1,-1,0,0.0,0.0,greedy_mcs,throughput
38.0,ew_1,none,-1,-1,0,0.0,0.0,greedy_mcs,throughput
38.0,ns_4,none,-1,-1,0,0.0,0.0,greedy_mcs,throughput
38.0,ns_10,none,-1,-1,0,0.0,0.0,greedy_mcs,throughput
38.0,ns_2,none,-1,-1,0,0.0,0.0,greedy_mcs,throughput
38.0,wn_4,direct,BS_1,-1,1,440.00000000000006,440.00000000000006,greedy_mcs,throughput
38.0,se_8,none,-1,-1,0,0.0,0.0,greedy_mcs,throughput
38.0,we_14,none,-1,-1,0,0.0,0.0,greedy_mcs,throughput
38.0,we_5,none,-1,-1,0,0.0,0.0,greedy_mcs,throughput
38.0,ew_3,none,-1,-1,0,0.0,0.0,greedy_mcs,throughput
38.0,ew_12,none,-1,-1,0,0.0,0.0,greedy_mcs,throughput
38.0,ew_17,none,-1,-1,0,0.0,0.0,greedy_mcs,throughput
38.0,we_6,none,-1,-1,0,0.0,0.0,greedy_mcs,throughput
38.0,wn_0,none,-1,-1,0,0.0,0.0,greedy_mcs,throughput
38.0,ns_14,none,-1,-1,0,0.0,0.0,greedy_mcs,throughput
38.0,ns_15,none,-1,-1,0,0.0,0.0,greedy_mcs,throughput
38.0,sn_18,none,-1,-1,0,0.0,0.0,greedy_mcs,throughput
38.0,se_1,none,-1,-1,0,0.0,0.0,greedy_mcs,throughput
38.0,sn_19,none,-1,-1,0,0.0,0.0,greedy_mcs,throughput
38.0,sn_8,none,-1,-1,0,0.0,0.0,greedy_mcs,throughput
38.0,wn_7,none,-1,-1,0,0.0,0.0,greedy_mcs,throughput
38.0,ns_12,none,-1,-1,0,0.0,0.0,greedy_mcs,throughput
38.0,sn_0,none,-1,-1,0,0.0,0.0,greedy_mcs,throughput
38.0,ns_17,none,-1,-1,0,0.0,0.0,greedy_mcs,throughput
38.0,ns_13,none,-1,-1,0,0.0,0.0,greedy_mcs,throughput
38.0,sn_3,none,-1,-1,0,0.0,0.0,greedy_mcs,throughput
38.0,se_4,none,-1,-1,0,0.0,0.0,greedy_mcs,throughput
38.0,we_16,none,-1,-1,0,0.0,0.0,greedy_mcs,throughput
38.0,se_2,none,-1,-1,0,0.0,0.0,greedy_mcs,throughput
38.0,we_15,none,-1,-1,0,0.0,0.0,greedy_mcs,throughput
38.0,se_7,none,-1,-1,0,0.0,0.0,greedy_mcs,throughput
38.0,ns_16,none,-1,-1,0,0.0,0.0,greedy_mcs,throughput
38.0,wn_1,none,-1,-1,0,0.0,0.0,greedy_mcs,throughput
38.0,ew_16,none,-1,-1,0,0.0,0.0,greedy_mcs,throughput
38.0,ns_0,none,-1,-1,0,0.0,0.0,greedy_mcs,throughput
38.0,wn_5,none,-1,-1,0,0.0,0.0,greedy_mcs,throughput
38.0,ns_5,none,-1,-1,0,0.0,0.0,greedy_mcs,throughput
38.0,sn_12,none,-1,-1,0,0.0,0.0,greedy_mcs,throughput
38.0,we_19,none,-1,-1,0,0.0,0.0,greedy_mcs,throughput
38.0,ew_9,none,-1,-1,0,0.0,0.0,greedy_mcs,throughput
38.0,sn_1,none,-1,-1,0,0.0,0.0,greedy_mcs,throughput
38.0,sn_6,none,-1,-1,0,0.0,0.0,greedy_mcs,throughput
38.0,we_7,none,-1,-1,0,0.0,0.0,greedy_mcs,throughput
38.0,ew_0,none,-1,-1,0,0.0,0.0,greedy_mcs,throughput
38.0,ew_10,none,-1,-1,0,0.0,0.0,greedy_mcs,throughput
38.0,we_13,none,-1,-1,0,0.0,0.0,greedy_mcs,throughput
38.0,sn_14,none,-1,-1,0,0.0,0.0,greedy_mcs,throughput
38.0,ns_1,none,-1,-1,0,0.0,0.0,greedy_mcs,throughput
38.0,ns_11,none,-1,-1,0,0.0,0.0,greedy_mcs,throughput
38.0,ew_13,none,-1,-1,0,0.0,0.0,greedy_mcs,throughput
38.0,ew_6,none,-1,-1,0,0.0,0.0,greedy_mcs,throughput
38.0,ns_6,none,-1,-1,0,0.0,0.0,greedy_mcs,throughput
38.0,ew_19,none,-1,-1,0,0.0,0.0,greedy_mcs,throughput
38.0,ns_7,none,-1,-1,0,0.0,0.0,greedy_mcs,throughput
38.0,ew_7,none,-1,-1,0,0.0,0.0,greedy_mcs,throughput
38.0,wn_2,none,-1,-1,0,0.0,0.0,greedy_mcs,throughput
38.0,we_0,none,-1,-1,0,0.0,0.0,greedy_mcs,throughput
38.0,sn_16,none,-1,-1,0,0.0,0.0,greedy_mcs,throughput
38.0,we_12,none,-1,-1,0,0.0,0.0,greedy_mcs,throughput
38.0,we_8,none,-1,-1,0,0.0,0.0,greedy_mcs,throughput
38.0,ew_18,none,-1,-1,0,0.0,0.0,greedy_mcs,throughput
38.0,ew_11,none,-1,-1,0,0.0,0.0,greedy_mcs,throughput
38.0,we_9,none,-1,-1,0,0.0,0.0,greedy_mcs,throughput
38.0,we_18,none,-1,-1,0,0.0,0.0,greedy_mcs,throughput
38.0,ns_19,none,-1,-1,0,0.0,0.0,greedy_mcs,throughput
38.0,sn_17,none,-1,-1,0,0.0,0.0,greedy_mcs,throughput
38.0,ew_5,none,-1,-1,0,0.0,0.0,greedy_mcs,throughput
38.0,wn_3,none,-1,-1,0,0.0,0.0,greedy_mcs,throughput
38.0,sn_13,none,-1,-1,0,0.0,0.0,greedy_mcs,throughput
38.0,we_11,none,-1,-1,0,0.0,0.0,greedy_mcs,throughput
38.0,we_17,none,-1,-1,0,0.0,0.0,greedy_mcs,throughput
38.0,ew_2,none,-1,-1,0,0.0,0.0,greedy_mcs,throughput
38.0,sn_15,none,-1,-1,0,0.0,0.0,greedy_mcs,throughput
38.0,wn_8,none,-1,-1,0,0.0,0.0,greedy_mcs,throughput
38.0,se_3,none,-1,-1,0,0.0,0.0,greedy_mcs,throughput
38.0,sn_11,none,-1,-1,0,0.0,0.0,greedy_mcs,throughput
38.0,sn_2,none,-1,-1,0,0.0,0.0,greedy_mcs,throughput
38.0,se_0,none,-1,-1,0,0.0,0.0,greedy_mcs,throughput
38.0,ns_9,none,-1,-1,0,0.0,0.0,greedy_mcs,throughput
38.0,wn_9,none,-1,-1,0,0.0,0.0,greedy_mcs,throughput
38.0,se_5,none,-1,-1,0,0.0,0.0,greedy_mcs,throughput
38.0,we_4,none,-1,-1,0,0.0,0.0,greedy_mcs,throughput
39.0,sn_4,direct,BS_1,-1,1,440.00000000000006,440.00000000000006,greedy_mcs,throughput
39.0,we_10,direct,BS_1,-1,1,440.00000000000006,440.00000000000006,greedy_mcs,throughput
39.0,we_3,direct,BS_1,-1,1,440.00000000000006,440.00000000000006,greedy_mcs,throughput
39.0,sn_10,direct,BS_1,-1,1,440.00000000000006,440.00000000000006,greedy_mcs,throughput
39.0,sn_9,direct,BS_1,-1,1,440.00000000000006,440.00000000000006,greedy_mcs,throughput
39.0,sn_5,direct,BS_1,-1,1,440.00000000000006,440.00000000000006,greedy_mcs,throughput
39.0,ns_8,none,-1,-1,0,0.0,0.0,greedy_mcs,throughput
39.0,sn_7,direct,BS_1,-1,1,440.00000000000006,440.00000000000006,greedy_mcs,throughput
39.0,we_1,direct,BS_1,-1,1,440.00000000000006,440.00000000000006,greedy_mcs,throughput
39.0,ns_3,none,-1,-1,0,0.0,0.0,greedy_mcs,throughput
39.0,se_6,none,-1,-1,0,0.0,0.0,greedy_mcs,throughput
39.0,se_9,none,-1,-1,0,0.0,0.0,greedy_mcs,throughput
39.0,ew_15,none,-1,-1,0,0.0,0.0,greedy_mcs,throughput
39.0,ew_14,none,-1,-1,0,0.0,0.0,greedy_mcs,throughput
39.0,ns_18,none,-1,-1,0,0.0,0.0,greedy_mcs,throughput
39.0,we_2,direct,BS_1,-1,1,440.00000000000006,440.00000000000006,greedy_mcs,throughput
39.0,wn_6,none,-1,-1,0,0.0,0.0,greedy_mcs,throughput
39.0,ew_4,none,-1,-1,0,0.0,0.0,greedy_mcs,throughput
39.0,ew_8,none,-1,-1,0,0.0,0.0,greedy_mcs,throughput
39.0,ew_1,none,-1,-1,0,0.0,0.0,greedy_mcs,throughput
39.0,ns_4,none,-1,-1,0,0.0,0.0,greedy_mcs,throughput
39.0,ns_10,none,-1,-1,0,0.0,0.0,greedy_mcs,throughput
39.0,ns_2,none,-1,-1,0,0.0,0.0,greedy_mcs,throughput
39.0,wn_4,direct,BS_1,-1,1,440.00000000000006,440.00000000000006,greedy_mcs,throughput
39.0,se_8,none,-1,-1,0,0.0,0.0,greedy_mcs,throughput
39.0,we_14,none,-1,-1,0,0.0,0.0,greedy_mcs,throughput
39.0,we_5,none,-1,-1,0,0.0,0.0,greedy_mcs,throughput
39.0,ew_3,none,-1,-1,0,0.0,0.0,greedy_mcs,throughput
39.0,ew_12,none,-1,-1,0,0.0,0.0,greedy_mcs,throughput
39.0,ew_17,none,-1,-1,0,0.0,0.0,greedy_mcs,throughput
39.0,we_6,none,-1,-1,0,0.0,0.0,greedy_mcs,throughput
39.0,wn_0,none,-1,-1,0,0.0,0.0,greedy_mcs,throughput
39.0,ns_14,none,-1,-1,0,0.0,0.0,greedy_mcs,throughput
39.0,ns_15,none,-1,-1,0,0.0,0.0,greedy_mcs,throughput
39.0,sn_18,none,-1,-1,0,0.0,0.0,greedy_mcs,throughput
39.0,se_1,none,-1,-1,0,0.0,0.0,greedy_mcs,throughput
39.0,sn_19,none,-1,-1,0,0.0,0.0,greedy_mcs,throughput
39.0,sn_8,none,-1,-1,0,0.0,0.0,greedy_mcs,throughput
39.0,wn_7,none,-1,-1,0,0.0,0.0,greedy_mcs,throughput
39.0,ns_12,none,-1,-1,0,0.0,0.0,greedy_mcs,throughput
39.0,sn_0,none,-1,-1,0,0.0,0.0,greedy_mcs,throughput
39.0,ns_17,none,-1,-1,0,0.0,0.0,greedy_mcs,throughput
39.0,ns_13,none,-1,-1,0,0.0,0.0,greedy_mcs,throughput
39.0,sn_3,none,-1,-1,0,0.0,0.0,greedy_mcs,throughput
39.0,se_4,none,-1,-1,0,0.0,0.0,greedy_mcs,throughput
39.0,we_16,none,-1,-1,0,0.0,0.0,greedy_mcs,throughput
39.0,se_2,none,-1,-1,0,0.0,0.0,greedy_mcs,throughput
39.0,we_15,none,-1,-1,0,0.0,0.0,greedy_mcs,throughput
39.0,se_7,none,-1,-1,0,0.0,0.0,greedy_mcs,throughput
39.0,ns_16,none,-1,-1,0,0.0,0.0,greedy_mcs,throughput
39.0,wn_1,none,-1,-1,0,0.0,0.0,greedy_mcs,throughput
39.0,ew_16,none,-1,-1,0,0.0,0.0,greedy_mcs,throughput
39.0,ns_0,none,-1,-1,0,0.0,0.0,greedy_mcs,throughput
39.0,wn_5,none,-1,-1,0,0.0,0.0,greedy_mcs,throughput
39.0,ns_5,none,-1,-1,0,0.0,0.0,greedy_mcs,throughput
39.0,sn_12,none,-1,-1,0,0.0,0.0,greedy_mcs,throughput
39.0,we_19,none,-1,-1,0,0.0,0.0,greedy_mcs,throughput
39.0,ew_9,none,-1,-1,0,0.0,0.0,greedy_mcs,throughput
39.0,sn_1,none,-1,-1,0,0.0,0.0,greedy_mcs,throughput
39.0,sn_6,none,-1,-1,0,0.0,0.0,greedy_mcs,throughput
39.0,we_7,none,-1,-1,0,0.0,0.0,greedy_mcs,throughput
39.0,ew_0,none,-1,-1,0,0.0,0.0,greedy_mcs,throughput
39.0,ew_10,none,-1,-1,0,0.0,0.0,greedy_mcs,throughput
39.0,we_13,none,-1,-1,0,0.0,0.0,greedy_mcs,throughput
39.0,sn_14,none,-1,-1,0,0.0,0.0,greedy_mcs,throughput
39.0,ns_1,none,-1,-1,0,0.0,0.0,greedy_mcs,throughput
39.0,ns_11,none,-1,-1,0,0.0,0.0,greedy_mcs,throughput
39.0,ew_13,none,-1,-1,0,0.0,0.0,greedy_mcs,throughput
39.0,ew_6,none,-1,-1,0,0.0,0.0,greedy_mcs,throughput
39.0,ns_6,none,-1,-1,0,0.0,0.0,greedy_mcs,throughput
39.0,ew_19,none,-1,-1,0,0.0,0.0,greedy_mcs,throughput
39.0,ns_7,none,-1,-1,0,0.0,0.0,greedy_mcs,throughput
39.0,ew_7,none,-1,-1,0,0.0,0.0,greedy_mcs,throughput
39.0,wn_2,none,-1,-1,0,0.0,0.0,greedy_mcs,throughput
39.0,we_0,none,-1,-1,0,0.0,0.0,greedy_mcs,throughput
39.0,sn_16,none,-1,-1,0,0.0,0.0,greedy_mcs,throughput
39.0,we_12,none,-1,-1,0,0.0,0.0,greedy_mcs,throughput
39.0,we_8,none,-1,-1,0,0.0,0.0,greedy_mcs,throughput
39.0,ew_18,none,-1,-1,0,0.0,0.0,greedy_mcs,throughput
39.0,ew_11,none,-1,-1,0,0.0,0.0,greedy_mcs,throughput
39.0,we_9,none,-1,-1,0,0.0,0.0,greedy_mcs,throughput
39.0,we_18,none,-1,-1,0,0.0,0.0,greedy_mcs,throughput
39.0,ns_19,none,-1,-1,0,0.0,0.0,greedy_mcs,throughput
39.0,sn_17,none,-1,-1,0,0.0,0.0,greedy_mcs,throughput
39.0,ew_5,none,-1,-1,0,0.0,0.0,greedy_mcs,throughput
39.0,wn_3,none,-1,-1,0,0.0,0.0,greedy_mcs,throughput
39.0,sn_13,none,-1,-1,0,0.0,0.0,greedy_mcs,throughput
39.0,we_11,none,-1,-1,0,0.0,0.0,greedy_mcs,throughput
39.0,we_17,none,-1,-1,0,0.0,0.0,greedy_mcs,throughput
39.0,ew_2,none,-1,-1,0,0.0,0.0,greedy_mcs,throughput
39.0,sn_15,none,-1,-1,0,0.0,0.0,greedy_mcs,throughput
39.0,wn_8,none,-1,-1,0,0.0,0.0,greedy_mcs,throughput
39.0,se_3,none,-1,-1,0,0.0,0.0,greedy_mcs,throughput
39.0,sn_11,none,-1,-1,0,0.0,0.0,greedy_mcs,throughput
39.0,sn_2,none,-1,-1,0,0.0,0.0,greedy_mcs,throughput
39.0,se_0,none,-1,-1,0,0.0,0.0,greedy_mcs,throughput
39.0,ns_9,none,-1,-1,0,0.0,0.0,greedy_mcs,throughput
39.0,wn_9,none,-1,-1,0,0.0,0.0,greedy_mcs,throughput
39.0,se_5,none,-1,-1,0,0.0,0.0,greedy_mcs,throughput
39.0,we_4,none,-1,-1,0,0.0,0.0,greedy_mcs,throughput
40.0,sn_4,direct,BS_1,-1,1,440.00000000000006,440.00000000000006,greedy_mcs,throughput
40.0,we_10,direct,BS_1,-1,1,440.00000000000006,440.00000000000006,greedy_mcs,throughput
40.0,we_3,direct,BS_1,-1,1,440.00000000000006,440.00000000000006,greedy_mcs,throughput
40.0,sn_10,direct,BS_1,-1,1,440.00000000000006,440.00000000000006,greedy_mcs,throughput
40.0,sn_9,direct,BS_1,-1,1,440.00000000000006,440.00000000000006,greedy_mcs,throughput
40.0,sn_5,direct,BS_1,-1,1,440.00000000000006,440.00000000000006,greedy_mcs,throughput
40.0,ns_8,none,-1,-1,0,0.0,0.0,greedy_mcs,throughput
40.0,sn_7,direct,BS_1,-1,1,440.00000000000006,440.00000000000006,greedy_mcs,throughput
40.0,we_1,direct,BS_1,-1,1,440.00000000000006,440.00000000000006,greedy_mcs,throughput
40.0,ns_3,none,-1,-1,0,0.0,0.0,greedy_mcs,throughput
40.0,se_6,none,-1,-1,0,0.0,0.0,greedy_mcs,throughput
40.0,se_9,none,-1,-1,0,0.0,0.0,greedy_mcs,throughput
40.0,ew_15,none,-1,-1,0,0.0,0.0,greedy_mcs,throughput
40.0,ew_14,none,-1,-1,0,0.0,0.0,greedy_mcs,throughput
40.0,ns_18,none,-1,-1,0,0.0,0.0,greedy_mcs,throughput
40.0,we_2,direct,BS_1,-1,1,440.00000000000006,440.00000000000006,greedy_mcs,throughput
40.0,wn_6,none,-1,-1,0,0.0,0.0,greedy_mcs,throughput
40.0,ew_4,none,-1,-1,0,0.0,0.0,greedy_mcs,throughput
40.0,ew_8,none,-1,-1,0,0.0,0.0,greedy_mcs,throughput
40.0,ew_1,none,-1,-1,0,0.0,0.0,greedy_mcs,throughput
40.0,ns_4,none,-1,-1,0,0.0,0.0,greedy_mcs,throughput
40.0,ns_10,none,-1,-1,0,0.0,0.0,greedy_mcs,throughput
40.0,ns_2,none,-1,-1,0,0.0,0.0,greedy_mcs,throughput
40.0,wn_4,direct,BS_1,-1,1,440.00000000000006,440.00000000000006,greedy_mcs,throughput
40.0,se_8,none,-1,-1,0,0.0,0.0,greedy_mcs,throughput
40.0,we_14,none,-1,-1,0,0.0,0.0,greedy_mcs,throughput
40.0,we_5,none,-1,-1,0,0.0,0.0,greedy_mcs,throughput
40.0,ew_3,none,-1,-1,0,0.0,0.0,greedy_mcs,throughput
40.0,ew_12,none,-1,-1,0,0.0,0.0,greedy_mcs,throughput
40.0,ew_17,none,-1,-1,0,0.0,0.0,greedy_mcs,throughput
40.0,we_6,none,-1,-1,0,0.0,0.0,greedy_mcs,throughput
40.0,wn_0,none,-1,-1,0,0.0,0.0,greedy_mcs,throughput
40.0,ns_14,none,-1,-1,0,0.0,0.0,greedy_mcs,throughput
40.0,ns_15,none,-1,-1,0,0.0,0.0,greedy_mcs,throughput
40.0,sn_18,none,-1,-1,0,0.0,0.0,greedy_mcs,throughput
40.0,se_1,none,-1,-1,0,0.0,0.0,greedy_mcs,throughput
40.0,sn_19,none,-1,-1,0,0.0,0.0,greedy_mcs,throughput
40.0,sn_8,none,-1,-1,0,0.0,0.0,greedy_mcs,throughput
40.0,wn_7,none,-1,-1,0,0.0,0.0,greedy_mcs,throughput
40.0,ns_12,none,-1,-1,0,0.0,0.0,greedy_mcs,throughput
40.0,sn_0,none,-1,-1,0,0.0,0.0,greedy_mcs,throughput
40.0,ns_17,none,-1,-1,0,0.0,0.0,greedy_mcs,throughput
40.0,ns_13,none,-1,-1,0,0.0,0.0,greedy_mcs,throughput
40.0,se_4,none,-1,-1,0,0.0,0.0,greedy_mcs,throughput
40.0,we_16,none,-1,-1,0,0.0,0.0,greedy_mcs,throughput
40.0,se_2,none,-1,-1,0,0.0,0.0,greedy_mcs,throughput
40.0,we_15,none,-1,-1,0,0.0,0.0,greedy_mcs,throughput
40.0,se_7,none,-1,-1,0,0.0,0.0,greedy_mcs,throughput
40.0,ns_16,none,-1,-1,0,0.0,0.0,greedy_mcs,throughput
40.0,wn_1,none,-1,-1,0,0.0,0.0,greedy_mcs,throughput
40.0,ew_16,none,-1,-1,0,0.0,0.0,greedy_mcs,throughput
40.0,ns_0,none,-1,-1,0,0.0,0.0,greedy_mcs,throughput
40.0,wn_5,none,-1,-1,0,0.0,0.0,greedy_mcs,throughput
40.0,ns_5,none,-1,-1,0,0.0,0.0,greedy_mcs,throughput
40.0,sn_12,none,-1,-1,0,0.0,0.0,greedy_mcs,throughput
40.0,we_19,none,-1,-1,0,0.0,0.0,greedy_mcs,throughput
40.0,ew_9,none,-1,-1,0,0.0,0.0,greedy_mcs,throughput
40.0,sn_1,none,-1,-1,0,0.0,0.0,greedy_mcs,throughput
40.0,sn_6,none,-1,-1,0,0.0,0.0,greedy_mcs,throughput
40.0,we_7,none,-1,-1,0,0.0,0.0,greedy_mcs,throughput
40.0,ew_0,none,-1,-1,0,0.0,0.0,greedy_mcs,throughput
40.0,ew_10,none,-1,-1,0,0.0,0.0,greedy_mcs,throughput
40.0,we_13,none,-1,-1,0,0.0,0.0,greedy_mcs,throughput
40.0,sn_14,none,-1,-1,0,0.0,0.0,greedy_mcs,throughput
40.0,ns_1,none,-1,-1,0,0.0,0.0,greedy_mcs,throughput
40.0,ns_11,none,-1,-1,0,0.0,0.0,greedy_mcs,throughput
40.0,ew_13,none,-1,-1,0,0.0,0.0,greedy_mcs,throughput
40.0,ew_6,none,-1,-1,0,0.0,0.0,greedy_mcs,throughput
40.0,ns_6,none,-1,-1,0,0.0,0.0,greedy_mcs,throughput
40.0,ew_19,none,-1,-1,0,0.0,0.0,greedy_mcs,throughput
40.0,ns_7,none,-1,-1,0,0.0,0.0,greedy_mcs,throughput
40.0,ew_7,none,-1,-1,0,0.0,0.0,greedy_mcs,throughput
40.0,wn_2,none,-1,-1,0,0.0,0.0,greedy_mcs,throughput
40.0,we_0,none,-1,-1,0,0.0,0.0,greedy_mcs,throughput
40.0,sn_16,none,-1,-1,0,0.0,0.0,greedy_mcs,throughput
40.0,we_12,none,-1,-1,0,0.0,0.0,greedy_mcs,throughput
40.0,we_8,none,-1,-1,0,0.0,0.0,greedy_mcs,throughput
40.0,ew_18,none,-1,-1,0,0.0,0.0,greedy_mcs,throughput
40.0,ew_11,none,-1,-1,0,0.0,0.0,greedy_mcs,throughput
40.0,we_9,none,-1,-1,0,0.0,0.0,greedy_mcs,throughput
40.0,we_18,none,-1,-1,0,0.0,0.0,greedy_mcs,throughput
40.0,ns_19,none,-1,-1,0,0.0,0.0,greedy_mcs,throughput
40.0,sn_17,none,-1,-1,0,0.0,0.0,greedy_mcs,throughput
40.0,ew_5,none,-1,-1,0,0.0,0.0,greedy_mcs,throughput
40.0,wn_3,none,-1,-1,0,0.0,0.0,greedy_mcs,throughput
40.0,sn_13,none,-1,-1,0,0.0,0.0,greedy_mcs,throughput
40.0,we_11,none,-1,-1,0,0.0,0.0,greedy_mcs,throughput
40.0,we_17,none,-1,-1,0,0.0,0.0,greedy_mcs,throughput
40.0,ew_2,none,-1,-1,0,0.0,0.0,greedy_mcs,throughput
40.0,sn_15,none,-1,-1,0,0.0,0.0,greedy_mcs,throughput
40.0,wn_8,none,-1,-1,0,0.0,0.0,greedy_mcs,throughput
40.0,se_3,none,-1,-1,0,0.0,0.0,greedy_mcs,throughput
40.0,sn_11,none,-1,-1,0,0.0,0.0,greedy_mcs,throughput
40.0,sn_2,none,-1,-1,0,0.0,0.0,greedy_mcs,throughput
40.0,se_0,none,-1,-1,0,0.0,0.0,greedy_mcs,throughput
40.0,ns_9,none,-1,-1,0,0.0,0.0,greedy_mcs,throughput
40.0,wn_9,none,-1,-1,0,0.0,0.0,greedy_mcs,throughput
40.0,se_5,none,-1,-1,0,0.0,0.0,greedy_mcs,throughput
40.0,we_4,none,-1,-1,0,0.0,0.0,greedy_mcs,throughput
41.0,sn_4,direct,BS_1,-1,1,440.00000000000006,440.00000000000006,greedy_mcs,throughput
41.0,we_10,direct,BS_1,-1,1,440.00000000000006,440.00000000000006,greedy_mcs,throughput
41.0,we_3,relay,BS_1,we_0,1,440.00000000000006,440.00000000000006,greedy_mcs,throughput
41.0,sn_10,direct,BS_1,-1,1,440.00000000000006,440.00000000000006,greedy_mcs,throughput
41.0,sn_9,direct,BS_1,-1,1,440.00000000000006,440.00000000000006,greedy_mcs,throughput
41.0,sn_5,direct,BS_1,-1,1,440.00000000000006,440.00000000000006,greedy_mcs,throughput
41.0,ns_8,none,-1,-1,0,0.0,0.0,greedy_mcs,throughput
41.0,sn_7,direct,BS_1,-1,1,440.00000000000006,440.00000000000006,greedy_mcs,throughput
41.0,we_1,relay,BS_1,we_0,1,440.00000000000006,440.00000000000006,greedy_mcs,throughput
41.0,se_6,direct,BS_1,-1,1,440.00000000000006,440.00000000000006,greedy_mcs,throughput
41.0,se_9,relay,BS_1,se_6,1,440.00000000000006,440.00000000000006,greedy_mcs,throughput
41.0,ew_15,none,-1,-1,0,0.0,0.0,greedy_mcs,throughput
41.0,ew_14,none,-1,-1,0,0.0,0.0,greedy_mcs,throughput
41.0,ns_18,none,-1,-1,0,0.0,0.0,greedy_mcs,throughput
41.0,we_2,none,-1,-1,0,0.0,0.0,greedy_mcs,throughput
41.0,wn_6,none,-1,-1,0,0.0,0.0,greedy_mcs,throughput
41.0,ew_4,none,-1,-1,0,0.0,0.0,greedy_mcs,throughput
41.0,ew_8,none,-1,-1,0,0.0,0.0,greedy_mcs,throughput
41.0,ew_1,none,-1,-1,0,0.0,0.0,greedy_mcs,throughput
41.0,ns_4,none,-1,-1,0,0.0,0.0,greedy_mcs,throughput
41.0,ns_10,none,-1,-1,0,0.0,0.0,greedy_mcs,throughput
41.0,wn_4,none,-1,-1,0,0.0,0.0,greedy_mcs,throughput
41.0,se_8,none,-1,-1,0,0.0,0.0,greedy_mcs,throughput
41.0,we_14,none,-1,-1,0,0.0,0.0,greedy_mcs,throughput
41.0,we_5,none,-1,-1,0,0.0,0.0,greedy_mcs,throughput
41.0,ew_3,none,-1,-1,0,0.0,0.0,greedy_mcs,throughput
41.0,ew_12,none,-1,-1,0,0.0,0.0,greedy_mcs,throughput
41.0,ew_17,none,-1,-1,0,0.0,0.0,greedy_mcs,throughput
41.0,we_6,none,-1,-1,0,0.0,0.0,greedy_mcs,throughput
41.0,wn_0,none,-1,-1,0,0.0,0.0,greedy_mcs,throughput
41.0,ns_14,none,-1,-1,0,0.0,0.0,greedy_mcs,throughput
41.0,ns_15,none,-1,-1,0,0.0,0.0,greedy_mcs,throughput
41.0,sn_18,none,-1,-1,0,0.0,0.0,greedy_mcs,throughput
41.0,se_1,none,-1,-1,0,0.0,0.0,greedy_mcs,throughput
41.0,sn_19,none,-1,-1,0,0.0,0.0,greedy_mcs,throughput
41.0,sn_8,none,-1,-1,0,0.0,0.0,greedy_mcs,throughput
41.0,wn_7,none,-1,-1,0,0.0,0.0,greedy_mcs,throughput
41.0,ns_12,none,-1,-1,0,0.0,0.0,greedy_mcs,throughput
41.0,ns_17,none,-1,-1,0,0.0,0.0,greedy_mcs,throughput
41.0,ns_13,none,-1,-1,0,0.0,0.0,greedy_mcs,throughput
41.0,se_4,none,-1,-1,0,0.0,0.0,greedy_mcs,throughput
41.0,we_16,none,-1,-1,0,0.0,0.0,greedy_mcs,throughput
41.0,se_2,none,-1,-1,0,0.0,0.0,greedy_mcs,throughput
41.0,we_15,none,-1,-1,0,0.0,0.0,greedy_mcs,throughput
41.0,se_7,none,-1,-1,0,0.0,0.0,greedy_mcs,throughput
41.0,ns_16,none,-1,-1,0,0.0,0.0,greedy_mcs,throughput
41.0,wn_1,none,-1,-1,0,0.0,0.0,greedy_mcs,throughput
41.0,ew_16,none,-1,-1,0,0.0,0.0,greedy_mcs,throughput
41.0,ns_0,none,-1,-1,0,0.0,0.0,greedy_mcs,throughput
41.0,wn_5,none,-1,-1,0,0.0,0.0,greedy_mcs,throughput
41.0,ns_5,none,-1,-1,0,0.0,0.0,greedy_mcs,throughput
41.0,sn_12,none,-1,-1,0,0.0,0.0,greedy_mcs,throughput
41.0,we_19,none,-1,-1,0,0.0,0.0,greedy_mcs,throughput
41.0,ew_9,none,-1,-1,0,0.0,0.0,greedy_mcs,throughput
41.0,sn_6,none,-1,-1,0,0.0,0.0,greedy_mcs,throughput
41.0,we_7,none,-1,-1,0,0.0,0.0,greedy_mcs,throughput
41.0,ew_0,none,-1,-1,0,0.0,0.0,greedy_mcs,throughput
41.0,ew_10,none,-1,-1,0,0.0,0.0,greedy_mcs,throughput
41.0,we_13,none,-1,-1,0,0.0,0.0,greedy_mcs,throughput
41.0,sn_14,none,-1,-1,0,0.0,0.0,greedy_mcs,throughput
41.0,ns_1,none,-1,-1,0,0.0,0.0,greedy_mcs,throughput
41.0,ns_11,none,-1,-1,0,0.0,0.0,greedy_mcs,throughput
41.0,ew_13,none,-1,-1,0,0.0,0.0,greedy_mcs,throughput
41.0,ew_6,none,-1,-1,0,0.0,0.0,greedy_mcs,throughput
41.0,ns_6,none,-1,-1,0,0.0,0.0,greedy_mcs,throughput
41.0,ew_19,none,-1,-1,0,0.0,0.0,greedy_mcs,throughput
41.0,ns_7,none,-1,-1,0,0.0,0.0,greedy_mcs,throughput
41.0,ew_7,none,-1,-1,0,0.0,0.0,greedy_mcs,throughput
41.0,wn_2,none,-1,-1,0,0.0,0.0,greedy_mcs,throughput
41.0,we_0,none,-1,-1,0,0.0,0.0,greedy_mcs,throughput
41.0,sn_16,none,-1,-1,0,0.0,0.0,greedy_mcs,throughput
41.0,we_12,none,-1,-1,0,0.0,0.0,greedy_mcs,throughput
41.0,we_8,none,-1,-1,0,0.0,0.0,greedy_mcs,throughput
41.0,ew_18,none,-1,-1,0,0.0,0.0,greedy_mcs,throughput
41.0,ew_11,none,-1,-1,0,0.0,0.0,greedy_mcs,throughput
41.0,we_9,none,-1,-1,0,0.0,0.0,greedy_mcs,throughput
41.0,we_18,none,-1,-1,0,0.0,0.0,greedy_mcs,throughput
41.0,ns_19,none,-1,-1,0,0.0,0.0,greedy_mcs,throughput
41.0,sn_17,none,-1,-1,0,0.0,0.0,greedy_mcs,throughput
41.0,ew_5,none,-1,-1,0,0.0,0.0,greedy_mcs,throughput
41.0,wn_3,none,-1,-1,0,0.0,0.0,greedy_mcs,throughput
41.0,sn_13,none,-1,-1,0,0.0,0.0,greedy_mcs,throughput
41.0,we_11,none,-1,-1,0,0.0,0.0,greedy_mcs,throughput
41.0,we_17,none,-1,-1,0,0.0,0.0,greedy_mcs,throughput
41.0,ew_2,none,-1,-1,0,0.0,0.0,greedy_mcs,throughput
41.0,sn_15,none,-1,-1,0,0.0,0.0,greedy_mcs,throughput
41.0,wn_8,none,-1,-1,0,0.0,0.0,greedy_mcs,throughput
41.0,se_3,none,-1,-1,0,0.0,0.0,greedy_mcs,throughput
41.0,sn_11,none,-1,-1,0,0.0,0.0,greedy_mcs,throughput
41.0,se_0,none,-1,-1,0,0.0,0.0,greedy_mcs,throughput
41.0,ns_9,none,-1,-1,0,0.0,0.0,greedy_mcs,throughput
41.0,wn_9,none,-1,-1,0,0.0,0.0,greedy_mcs,throughput
41.0,se_5,none,-1,-1,0,0.0,0.0,greedy_mcs,throughput
41.0,we_4,none,-1,-1,0,0.0,0.0,greedy_mcs,throughput
42.0,sn_4,direct,BS_1,-1,1,440.00000000000006,440.00000000000006,greedy_mcs,throughput
42.0,we_10,direct,BS_1,-1,1,440.00000000000006,440.00000000000006,greedy_mcs,throughput
42.0,sn_10,direct,BS_1,-1,1,440.00000000000006,440.00000000000006,greedy_mcs,throughput
42.0,sn_9,direct,BS_1,-1,1,440.00000000000006,440.00000000000006,greedy_mcs,throughput
42.0,sn_5,direct,BS_1,-1,1,440.00000000000006,440.00000000000006,greedy_mcs,throughput
42.0,ns_8,none,-1,-1,0,0.0,0.0,greedy_mcs,throughput
42.0,sn_7,direct,BS_1,-1,1,440.00000000000006,440.00000000000006,greedy_mcs,throughput
42.0,we_1,direct,BS_1,-1,1,440.00000000000006,440.00000000000006,greedy_mcs,throughput
42.0,se_6,direct,BS_1,-1,1,440.00000000000006,440.00000000000006,greedy_mcs,throughput
42.0,se_9,relay,BS_1,we_16,1,440.00000000000006,440.00000000000006,greedy_mcs,throughput
42.0,ew_15,none,-1,-1,0,0.0,0.0,greedy_mcs,throughput
42.0,ew_14,none,-1,-1,0,0.0,0.0,greedy_mcs,throughput
42.0,ns_18,none,-1,-1,0,0.0,0.0,greedy_mcs,throughput
42.0,wn_6,direct,BS_1,-1,1,440.00000000000006,440.00000000000006,greedy_mcs,throughput
42.0,ew_4,none,-1,-1,0,0.0,0.0,greedy_mcs,throughput
42.0,ew_8,none,-1,-1,0,0.0,0.0,greedy_mcs,throughput
42.0,ew_1,none,-1,-1,0,0.0,0.0,greedy_mcs,throughput
42.0,ns_4,none,-1,-1,0,0.0,0.0,greedy_mcs,throughput
42.0,ns_10,none,-1,-1,0,0.0,0.0,greedy_mcs,throughput
42.0,wn_4,none,-1,-1,0,0.0,0.0,greedy_mcs,throughput
42.0,se_8,none,-1,-1,0,0.0,0.0,greedy_mcs,throughput
42.0,we_14,none,-1,-1,0,0.0,0.0,greedy_mcs,throughput
42.0,we_5,none,-1,-1,0,0.0,0.0,greedy_mcs,throughput
42.0,ew_12,none,-1,-1,0,0.0,0.0,greedy_mcs,throughput
42.0,ew_17,none,-1,-1,0,0.0,0.0,greedy_mcs,throughput
42.0,we_6,none,-1,-1,0,0.0,0.0,greedy_mcs,throughput
42.0,wn_0,none,-1,-1,0,0.0,0.0,greedy_mcs,throughput
42.0,ns_14,none,-1,-1,0,0.0,0.0,greedy_mcs,throughput
42.0,ns_15,none,-1,-1,0,0.0,0.0,greedy_mcs,throughput
42.0,sn_18,none,-1,-1,0,0.0,0.0,greedy_mcs,throughput
42.0,se_1,none,-1,-1,0,0.0,0.0,greedy_mcs,throughput
42.0,sn_19,none,-1,-1,0,0.0,0.0,greedy_mcs,throughput
42.0,sn_8,none,-1,-1,0,0.0,0.0,greedy_mcs,throughput
42.0,wn_7,none,-1,-1,0,0.0,0.0,greedy_mcs,throughput
42.0,ns_12,none,-1,-1,0,0.0,0.0,greedy_mcs,throughput
42.0,ns_17,none,-1,-1,0,0.0,0.0,greedy_mcs,throughput
42.0,ns_13,none,-1,-1,0,0.0,0.0,greedy_mcs,throughput
42.0,se_4,none,-1,-1,0,0.0,0.0,greedy_mcs,throughput
42.0,we_16,none,-1,-1,0,0.0,0.0,greedy_mcs,throughput
42.0,se_2,none,-1,-1,0,0.0,0.0,greedy_mcs,throughput
42.0,we_15,none,-1,-1,0,0.0,0.0,greedy_mcs,throughput
42.0,se_7,none,-1,-1,0,0.0,0.0,greedy_mcs,throughput
42.0,ns_16,none,-1,-1,0,0.0,0.0,greedy_mcs,throughput
42.0,wn_1,none,-1,-1,0,0.0,0.0,greedy_mcs,throughput
42.0,ew_16,none,-1,-1,0,0.0,0.0,greedy_mcs,throughput
42.0,wn_5,none,-1,-1,0,0.0,0.0,greedy_mcs,throughput
42.0,ns_5,none,-1,-1,0,0.0,0.0,greedy_mcs,throughput
42.0,sn_12,none,-1,-1,0,0.0,0.0,greedy_mcs,throughput
42.0,we_19,none,-1,-1,0,0.0,0.0,greedy_mcs,throughput
42.0,ew_9,none,-1,-1,0,0.0,0.0,greedy_mcs,throughput
42.0,sn_6,none,-1,-1,0,0.0,0.0,greedy_mcs,throughput
42.0,we_7,none,-1,-1,0,0.0,0.0,greedy_mcs,throughput
42.0,ew_0,none,-1,-1,0,0.0,0.0,greedy_mcs,throughput
42.0,ew_10,none,-1,-1,0,0.0,0.0,greedy_mcs,throughput
42.0,we_13,none,-1,-1,0,0.0,0.0,greedy_mcs,throughput
42.0,sn_14,none,-1,-1,0,0.0,0.0,greedy_mcs,throughput
42.0,ns_11,none,-1,-1,0,0.0,0.0,greedy_mcs,throughput
42.0,ew_13,none,-1,-1,0,0.0,0.0,greedy_mcs,throughput
42.0,ew_6,none,-1,-1,0,0.0,0.0,greedy_mcs,throughput
42.0,ns_6,none,-1,-1,0,0.0,0.0,greedy_mcs,throughput
42.0,ew_19,none,-1,-1,0,0.0,0.0,greedy_mcs,throughput
42.0,ns_7,none,-1,-1,0,0.0,0.0,greedy_mcs,throughput
42.0,ew_7,none,-1,-1,0,0.0,0.0,greedy_mcs,throughput
42.0,wn_2,none,-1,-1,0,0.0,0.0,greedy_mcs,throughput
42.0,we_0,none,-1,-1,0,0.0,0.0,greedy_mcs,throughput
42.0,sn_16,none,-1,-1,0,0.0,0.0,greedy_mcs,throughput
42.0,we_12,none,-1,-1,0,0.0,0.0,greedy_mcs,throughput
42.0,we_8,none,-1,-1,0,0.0,0.0,greedy_mcs,throughput
42.0,ew_18,none,-1,-1,0,0.0,0.0,greedy_mcs,throughput
42.0,ew_11,none,-1,-1,0,0.0,0.0,greedy_mcs,throughput
42.0,we_9,none,-1,-1,0,0.0,0.0,greedy_mcs,throughput
42.0,we_18,none,-1,-1,0,0.0,0.0,greedy_mcs,throughput
42.0,ns_19,none,-1,-1,0,0.0,0.0,greedy_mcs,throughput
42.0,sn_17,none,-1,-1,0,0.0,0.0,greedy_mcs,throughput
42.0,ew_5,none,-1,-1,0,0.0,0.0,greedy_mcs,throughput
42.0,wn_3,none,-1,-1,0,0.0,0.0,greedy_mcs,throughput
42.0,sn_13,none,-1,-1,0,0.0,0.0,greedy_mcs,throughput
42.0,we_11,none,-1,-1,0,0.0,0.0,greedy_mcs,throughput
42.0,we_17,none,-1,-1,0,0.0,0.0,greedy_mcs,throughput
42.0,ew_2,none,-1,-1,0,0.0,0.0,greedy_mcs,throughput
42.0,sn_15,none,-1,-1,0,0.0,0.0,greedy_mcs,throughput
42.0,wn_8,none,-1,-1,0,0.0,0.0,greedy_mcs,throughput
42.0,se_3,none,-1,-1,0,0.0,0.0,greedy_mcs,throughput
42.0,sn_11,none,-1,-1,0,0.0,0.0,greedy_mcs,throughput
42.0,se_0,none,-1,-1,0,0.0,0.0,greedy_mcs,throughput
42.0,ns_9,none,-1,-1,0,0.0,0.0,greedy_mcs,throughput
42.0,wn_9,none,-1,-1,0,0.0,0.0,greedy_mcs,throughput
42.0,se_5,none,-1,-1,0,0.0,0.0,greedy_mcs,throughput
42.0,we_4,none,-1,-1,0,0.0,0.0,greedy_mcs,throughput
43.0,sn_4,direct,BS_1,-1,1,440.00000000000006,440.00000000000006,greedy_mcs,throughput
43.0,we_10,direct,BS_1,-1,1,440.00000000000006,440.00000000000006,greedy_mcs,throughput
43.0,sn_10,direct,BS_1,-1,1,440.00000000000006,440.00000000000006,greedy_mcs,throughput
43.0,sn_9,direct,BS_1,-1,1,440.00000000000006,440.00000000000006,greedy_mcs,throughput
43.0,sn_5,direct,BS_1,-1,1,440.00000000000006,440.00000000000006,greedy_mcs,throughput
43.0,ns_8,none,-1,-1,0,0.0,0.0,greedy_mcs,throughput
43.0,se_6,direct,BS_1,-1,1,440.00000000000006,440.00000000000006,greedy_mcs,throughput
43.0,se_9,relay,BS_1,we_17,1,440.00000000000006,440.00000000000006,greedy_mcs,throughput
43.0,ew_15,none,-1,-1,0,0.0,0.0,greedy_mcs,throughput
43.0,ew_14,none,-1,-1,0,0.0,0.0,greedy_mcs,throughput
43.0,ns_18,none,-1,-1,0,0.0,0.0,greedy_mcs,throughput
43.0,wn_6,direct,BS_1,-1,1,440.00000000000006,440.00000000000006,greedy_mcs,throughput
43.0,ew_4,none,-1,-1,0,0.0,0.0,greedy_mcs,throughput
43.0,ew_8,none,-1,-1,0,0.0,0.0,greedy_mcs,throughput
43.0,ns_4,none,-1,-1,0,0.0,0.0,greedy_mcs,throughput
43.0,ns_10,none,-1,-1,0,0.0,0.0,greedy_mcs,throughput
43.0,wn_4,direct,BS_1,-1,1,440.00000000000006,440.00000000000006,greedy_mcs,throughput
43.0,se_8,direct,BS_1,-1,1,440.00000000000006,440.00000000000006,greedy_mcs,throughput
43.0,we_14,none,-1,-1,0,0.0,0.0,greedy_mcs,throughput
43.0,we_5,none,-1,-1,0,0.0,0.0,greedy_mcs,throughput
43.0,ew_12,none,-1,-1,0,0.0,0.0,greedy_mcs,throughput
43.0,ew_17,none,-1,-1,0,0.0,0.0,greedy_mcs,throughput
43.0,we_6,none,-1,-1,0,0.0,0.0,greedy_mcs,throughput
43.0,wn_0,none,-1,-1,0,0.0,0.0,greedy_mcs,throughput
43.0,ns_14,none,-1,-1,0,0.0,0.0,greedy_mcs,throughput
43.0,ns_15,none,-1,-1,0,0.0,0.0,greedy_mcs,throughput
43.0,sn_18,none,-1,-1,0,0.0,0.0,greedy_mcs,throughput
43.0,se_1,none,-1,-1,0,0.0,0.0,greedy_mcs,throughput
43.0,sn_19,none,-1,-1,0,0.0,0.0,greedy_mcs,throughput
43.0,sn_8,none,-1,-1,0,0.0,0.0,greedy_mcs,throughput
43.0,wn_7,none,-1,-1,0,0.0,0.0,greedy_mcs,throughput
43.0,ns_12,none,-1,-1,0,0.0,0.0,greedy_mcs,throughput
43.0,ns_17,none,-1,-1,0,0.0,0.0,greedy_mcs,throughput
43.0,ns_13,none,-1,-1,0,0.0,0.0,greedy_mcs,throughput
43.0,se_4,none,-1,-1,0,0.0,0.0,greedy_mcs,throughput
43.0,we_16,none,-1,-1,0,0.0,0.0,greedy_mcs,throughput
43.0,se_2,none,-1,-1,0,0.0,0.0,greedy_mcs,throughput
43.0,we_15,none,-1,-1,0,0.0,0.0,greedy_mcs,throughput
43.0,se_7,none,-1,-1,0,0.0,0.0,greedy_mcs,throughput
43.0,ns_16,none,-1,-1,0,0.0,0.0,greedy_mcs,throughput
43.0,wn_1,none,-1,-1,0,0.0,0.0,greedy_mcs,throughput
43.0,ew_16,none,-1,-1,0,0.0,0.0,greedy_mcs,throughput
43.0,wn_5,none,-1,-1,0,0.0,0.0,greedy_mcs,throughput
43.0,ns_5,none,-1,-1,0,0.0,0.0,greedy_mcs,throughput
43.0,sn_12,none,-1,-1,0,0.0,0.0,greedy_mcs,throughput
43.0,we_19,none,-1,-1,0,0.0,0.0,greedy_mcs,throughput
43.0,ew_9,none,-1,-1,0,0.0,0.0,greedy_mcs,throughput
43.0,sn_6,none,-1,-1,0,0.0,0.0,greedy_mcs,throughput
43.0,we_7,none,-1,-1,0,0.0,0.0,greedy_mcs,throughput
43.0,ew_0,none,-1,-1,0,0.0,0.0,greedy_mcs,throughput
43.0,ew_10,none,-1,-1,0,0.0,0.0,greedy_mcs,throughput
43.0,we_13,none,-1,-1,0,0.0,0.0,greedy_mcs,throughput
43.0,sn_14,none,-1,-1,0,0.0,0.0,greedy_mcs,throughput
43.0,ns_11,none,-1,-1,0,0.0,0.0,greedy_mcs,throughput
43.0,ew_13,none,-1,-1,0,0.0,0.0,greedy_mcs,throughput
43.0,ew_6,none,-1,-1,0,0.0,0.0,greedy_mcs,throughput
43.0,ns_6,none,-1,-1,0,0.0,0.0,greedy_mcs,throughput
43.0,ew_19,none,-1,-1,0,0.0,0.0,greedy_mcs,throughput
43.0,ns_7,none,-1,-1,0,0.0,0.0,greedy_mcs,throughput
43.0,ew_7,none,-1,-1,0,0.0,0.0,greedy_mcs,throughput
43.0,wn_2,none,-1,-1,0,0.0,0.0,greedy_mcs,throughput
43.0,sn_16,none,-1,-1,0,0.0,0.0,greedy_mcs,throughput
43.0,we_12,none,-1,-1,0,0.0,0.0,greedy_mcs,throughput
43.0,we_8,none,-1,-1,0,0.0,0.0,greedy_mcs,throughput
43.0,ew_18,none,-1,-1,0,0.0,0.0,greedy_mcs,throughput
43.0,ew_11,none,-1,-1,0,0.0,0.0,greedy_mcs,throughput
43.0,we_9,none,-1,-1,0,0.0,0.0,greedy_mcs,throughput
43.0,we_18,none,-1,-1,0,0.0,0.0,greedy_mcs,throughput
43.0,ns_19,none,-1,-1,0,0.0,0.0,greedy_mcs,throughput
43.0,sn_17,none,-1,-1,0,0.0,0.0,greedy_mcs,throughput
43.0,ew_5,none,-1,-1,0,0.0,0.0,greedy_mcs,throughput
43.0,wn_3,none,-1,-1,0,0.0,0.0,greedy_mcs,throughput
43.0,sn_13,none,-1,-1,0,0.0,0.0,greedy_mcs,throughput
43.0,we_17,none,-1,-1,0,0.0,0.0,greedy_mcs,throughput
43.0,we_11,none,-1,-1,0,0.0,0.0,greedy_mcs,throughput
43.0,sn_15,none,-1,-1,0,0.0,0.0,greedy_mcs,throughput
43.0,wn_8,none,-1,-1,0,0.0,0.0,greedy_mcs,throughput
43.0,se_3,none,-1,-1,0,0.0,0.0,greedy_mcs,throughput
43.0,sn_11,none,-1,-1,0,0.0,0.0,greedy_mcs,throughput
43.0,se_0,none,-1,-1,0,0.0,0.0,greedy_mcs,throughput
43.0,ns_9,none,-1,-1,0,0.0,0.0,greedy_mcs,throughput
43.0,wn_9,none,-1,-1,0,0.0,0.0,greedy_mcs,throughput
43.0,se_5,none,-1,-1,0,0.0,0.0,greedy_mcs,throughput
43.0,we_4,none,-1,-1,0,0.0,0.0,greedy_mcs,throughput
44.0,sn_4,direct,BS_1,-1,1,440.00000000000006,440.00000000000006,greedy_mcs,throughput
44.0,we_10,direct,BS_1,-1,1,440.00000000000006,440.00000000000006,greedy_mcs,throughput
44.0,sn_10,direct,BS_1,-1,1,440.00000000000006,440.00000000000006,greedy_mcs,throughput
44.0,sn_9,direct,BS_1,-1,1,440.00000000000006,440.00000000000006,greedy_mcs,throughput
44.0,ns_8,none,-1,-1,0,0.0,0.0,greedy_mcs,throughput
44.0,se_6,direct,BS_1,-1,1,440.00000000000006,440.00000000000006,greedy_mcs,throughput
44.0,se_9,relay,BS_1,we_16,1,440.00000000000006,440.00000000000006,greedy_mcs,throughput
44.0,ew_15,none,-1,-1,0,0.0,0.0,greedy_mcs,throughput
44.0,ew_14,none,-1,-1,0,0.0,0.0,greedy_mcs,throughput
44.0,ns_18,none,-1,-1,0,0.0,0.0,greedy_mcs,throughput
44.0,wn_6,direct,BS_1,-1,1,440.00000000000006,440.00000000000006,greedy_mcs,throughput
44.0,ew_4,none,-1,-1,0,0.0,0.0,greedy_mcs,throughput
44.0,ew_8,none,-1,-1,0,0.0,0.0,greedy_mcs,throughput
44.0,ns_4,none,-1,-1,0,0.0,0.0,greedy_mcs,throughput
44.0,ns_10,none,-1,-1,0,0.0,0.0,greedy_mcs,throughput
44.0,wn_4,direct,BS_1,-1,1,440.00000000000006,440.00000000000006,greedy_mcs,throughput
44.0,se_8,direct,BS_1,-1,1,440.00000000000006,440.00000000000006,greedy_mcs,throughput
44.0,we_14,direct,BS_1,-1,1,440.00000000000006,440.00000000000006,greedy_mcs,throughput
44.0,we_5,none,-1,-1,0,0.0,0.0,greedy_mcs,throughput
44.0,ew_12,none,-1,-1,0,0.0,0.0,greedy_mcs,throughput
44.0,ew_17,none,-1,-1,0,0.0,0.0,greedy_mcs,throughput
44.0,we_6,none,-1,-1,0,0.0,0.0,greedy_mcs,throughput
44.0,wn_0,none,-1,-1,0,0.0,0.0,greedy_mcs,throughput
44.0,ns_14,none,-1,-1,0,0.0,0.0,greedy_mcs,throughput
44.0,ns_15,none,-1,-1,0,0.0,0.0,greedy_mcs,throughput
44.0,sn_18,none,-1,-1,0,0.0,0.0,greedy_mcs,throughput
44.0,se_1,none,-1,-1,0,0.0,0.0,greedy_mcs,throughput
44.0,sn_19,none,-1,-1,0,0.0,0.0,greedy_mcs,throughput
44.0,sn_8,none,-1,-1,0,0.0,0.0,greedy_mcs,throughput
44.0,wn_7,none,-1,-1,0,0.0,0.0,greedy_mcs,throughput
44.0,ns_12,none,-1,-1,0,0.0,0.0,greedy_mcs,throughput
44.0,ns_17,none,-1,-1,0,0.0,0.0,greedy_mcs,throughput
44.0,ns_13,none,-1,-1,0,0.0,0.0,greedy_mcs,throughput
44.0,we_16,none,-1,-1,0,0.0,0.0,greedy_mcs,throughput
44.0,se_4,none,-1,-1,0,0.0,0.0,greedy_mcs,throughput
44.0,se_2,none,-1,-1,0,0.0,0.0,greedy_mcs,throughput
44.0,we_15,none,-1,-1,0,0.0,0.0,greedy_mcs,throughput
44.0,se_7,none,-1,-1,0,0.0,0.0,greedy_mcs,throughput
44.0,ns_16,none,-1,-1,0,0.0,0.0,greedy_mcs,throughput
44.0,wn_1,none,-1,-1,0,0.0,0.0,greedy_mcs,throughput
44.0,ew_16,none,-1,-1,0,0.0,0.0,greedy_mcs,throughput
44.0,wn_5,none,-1,-1,0,0.0,0.0,greedy_mcs,throughput
44.0,ns_5,none,-1,-1,0,0.0,0.0,greedy_mcs,throughput
44.0,sn_12,none,-1,-1,0,0.0,0.0,greedy_mcs,throughput
44.0,we_19,none,-1,-1,0,0.0,0.0,greedy_mcs,throughput
44.0,ew_9,none,-1,-1,0,0.0,0.0,greedy_mcs,throughput
44.0,we_7,none,-1,-1,0,0.0,0.0,greedy_mcs,throughput
44.0,ew_10,none,-1,-1,0,0.0,0.0,greedy_mcs,throughput
44.0,we_13,none,-1,-1,0,0.0,0.0,greedy_mcs,throughput
44.0,sn_14,none,-1,-1,0,0.0,0.0,greedy_mcs,throughput
44.0,ns_11,none,-1,-1,0,0.0,0.0,greedy_mcs,throughput
44.0,ew_13,none,-1,-1,0,0.0,0.0,greedy_mcs,throughput
44.0,ew_6,none,-1,-1,0,0.0,0.0,greedy_mcs,throughput
44.0,ew_19,none,-1,-1,0,0.0,0.0,greedy_mcs,throughput
44.0,ew_7,none,-1,-1,0,0.0,0.0,greedy_mcs,throughput
44.0,wn_2,none,-1,-1,0,0.0,0.0,greedy_mcs,throughput
44.0,sn_16,none,-1,-1,0,0.0,0.0,greedy_mcs,throughput
44.0,we_12,none,-1,-1,0,0.0,0.0,greedy_mcs,throughput
44.0,we_8,none,-1,-1,0,0.0,0.0,greedy_mcs,throughput
44.0,ew_18,none,-1,-1,0,0.0,0.0,greedy_mcs,throughput
44.0,ew_11,none,-1,-1,0,0.0,0.0,greedy_mcs,throughput
44.0,we_9,none,-1,-1,0,0.0,0.0,greedy_mcs,throughput
44.0,we_18,none,-1,-1,0,0.0,0.0,greedy_mcs,throughput
44.0,ns_19,none,-1,-1,0,0.0,0.0,greedy_mcs,throughput
44.0,sn_17,none,-1,-1,0,0.0,0.0,greedy_mcs,throughput
44.0,ew_5,none,-1,-1,0,0.0,0.0,greedy_mcs,throughput
44.0,wn_3,none,-1,-1,0,0.0,0.0,greedy_mcs,throughput
44.0,sn_13,none,-1,-1,0,0.0,0.0,greedy_mcs,throughput
44.0,we_17,none,-1,-1,0,0.0,0.0,greedy_mcs,throughput
44.0,we_11,none,-1,-1,0,0.0,0.0,greedy_mcs,throughput
44.0,sn_15,none,-1,-1,0,0.0,0.0,greedy_mcs,throughput
44.0,wn_8,none,-1,-1,0,0.0,0.0,greedy_mcs,throughput
44.0,se_3,none,-1,-1,0,0.0,0.0,greedy_mcs,throughput
44.0,sn_11,none,-1,-1,0,0.0,0.0,greedy_mcs,throughput
44.0,se_0,none,-1,-1,0,0.0,0.0,greedy_mcs,throughput
44.0,ns_9,none,-1,-1,0,0.0,0.0,greedy_mcs,throughput
44.0,wn_9,none,-1,-1,0,0.0,0.0,greedy_mcs,throughput
44.0,se_5,none,-1,-1,0,0.0,0.0,greedy_mcs,throughput
44.0,we_4,none,-1,-1,0,0.0,0.0,greedy_mcs,throughput
45.0,we_10,direct,BS_1,-1,1,440.00000000000006,440.00000000000006,greedy_mcs,throughput
45.0,se_7,direct,BS_1,-1,1,440.00000000000006,440.00000000000006,greedy_mcs,throughput
45.0,se_8,direct,BS_1,-1,1,440.00000000000006,440.00000000000006,greedy_mcs,throughput
45.0,ns_16,none,-1,-1,0,0.0,0.0,greedy_mcs,throughput
45.0,sn_9,direct,BS_1,-1,1,440.00000000000006,440.00000000000006,greedy_mcs,throughput
45.0,sn_10,direct,BS_1,-1,1,440.00000000000006,440.00000000000006,greedy_mcs,throughput
45.0,ew_19,none,-1,-1,0,0.0,0.0,greedy_mcs,throughput
45.0,ew_7,none,-1,-1,0,0.0,0.0,greedy_mcs,throughput
45.0,we_14,direct,BS_1,-1,1,440.00000000000006,440.00000000000006,greedy_mcs,throughput
45.0,wn_1,direct,BS_1,-1,1,440.00000000000006,440.00000000000006,greedy_mcs,throughput
45.0,we_5,relay,BS_1,we_4,1,440.00000000000006,440.00000000000006,greedy_mcs,throughput
45.0,wn_2,direct,BS_1,-1,1,440.00000000000006,440.00000000000006,greedy_mcs,throughput
45.0,ew_16,none,-1,-1,0,0.0,0.0,greedy_mcs,throughput
45.0,we_16,direct,BS_1,-1,1,440.00000000000006,440.00000000000006,greedy_mcs,throughput
45.0,sn_16,none,-1,-1,0,0.0,0.0,greedy_mcs,throughput
45.0,we_12,none,-1,-1,0,0.0,0.0,greedy_mcs,throughput
45.0,ew_12,none,-1,-1,0,0.0,0.0,greedy_mcs,throughput
45.0,ns_8,none,-1,-1,0,0.0,0.0,greedy_mcs,throughput
45.0,ew_17,none,-1,-1,0,0.0,0.0,greedy_mcs,throughput
45.0,we_8,none,-1,-1,0,0.0,0.0,greedy_mcs,throughput
45.0,ew_18,none,-1,-1,0,0.0,0.0,greedy_mcs,throughput
45.0,wn_0,none,-1,-1,0,0.0,0.0,greedy_mcs,throughput
45.0,ns_14,none,-1,-1,0,0.0,0.0,greedy_mcs,throughput
45.0,wn_5,none,-1,-1,0,0.0,0.0,greedy_mcs,throughput
45.0,sn_12,none,-1,-1,0,0.0,0.0,greedy_mcs,throughput
45.0,ew_11,none,-1,-1,0,0.0,0.0,greedy_mcs,throughput
45.0,we_9,none,-1,-1,0,0.0,0.0,greedy_mcs,throughput
45.0,we_19,none,-1,-1,0,0.0,0.0,greedy_mcs,throughput
45.0,we_15,none,-1,-1,0,0.0,0.0,greedy_mcs,throughput
45.0,ns_15,none,-1,-1,0,0.0,0.0,greedy_mcs,throughput
45.0,ew_9,none,-1,-1,0,0.0,0.0,greedy_mcs,throughput
45.0,we_18,none,-1,-1,0,0.0,0.0,greedy_mcs,throughput
45.0,ns_19,none,-1,-1,0,0.0,0.0,greedy_mcs,throughput
45.0,sn_17,none,-1,-1,0,0.0,0.0,greedy_mcs,throughput
45.0,ew_5,none,-1,-1,0,0.0,0.0,greedy_mcs,throughput
45.0,wn_3,none,-1,-1,0,0.0,0.0,greedy_mcs,throughput
45.0,sn_13,none,-1,-1,0,0.0,0.0,greedy_mcs,throughput
45.0,sn_18,none,-1,-1,0,0.0,0.0,greedy_mcs,throughput
45.0,we_11,none,-1,-1,0,0.0,0.0,greedy_mcs,throughput
45.0,we_17,none,-1,-1,0,0.0,0.0,greedy_mcs,throughput
45.0,ew_10,none,-1,-1,0,0.0,0.0,greedy_mcs,throughput
45.0,se_9,none,-1,-1,0,0.0,0.0,greedy_mcs,throughput
45.0,we_13,none,-1,-1,0,0.0,0.0,greedy_mcs,throughput
45.0,sn_15,none,-1,-1,0,0.0,0.0,greedy_mcs,throughput
45.0,ew_15,none,-1,-1,0,0.0,0.0,greedy_mcs,throughput
45.0,wn_8,none,-1,-1,0,0.0,0.0,greedy_mcs,throughput
45.0,sn_19,none,-1,-1,0,0.0,0.0,greedy_mcs,throughput
45.0,ew_14,none,-1,-1,0,0.0,0.0,greedy_mcs,throughput
45.0,ns_18,none,-1,-1,0,0.0,0.0,greedy_mcs,throughput
45.0,sn_14,none,-1,-1,0,0.0,0.0,greedy_mcs,throughput
45.0,sn_11,none,-1,-1,0,0.0,0.0,greedy_mcs,throughput
45.0,se_1,none,-1,-1,0,0.0,0.0,greedy_mcs,throughput
45.0,sn_8,none,-1,-1,0,0.0,0.0,greedy_mcs,throughput
45.0,se_3,none,-1,-1,0,0.0,0.0,greedy_mcs,throughput
45.0,ew_6,none,-1,-1,0,0.0,0.0,greedy_mcs,throughput
45.0,wn_6,none,-1,-1,0,0.0,0.0,greedy_mcs,throughput
45.0,wn_7,none,-1,-1,0,0.0,0.0,greedy_mcs,throughput
45.0,ew_4,none,-1,-1,0,0.0,0.0,greedy_mcs,throughput
45.0,ns_11,none,-1,-1,0,0.0,0.0,greedy_mcs,throughput
45.0,ew_8,none,-1,-1,0,0.0,0.0,greedy_mcs,throughput
45.0,se_0,none,-1,-1,0,0.0,0.0,greedy_mcs,throughput
45.0,se_6,none,-1,-1,0,0.0,0.0,greedy_mcs,throughput
45.0,ns_9,none,-1,-1,0,0.0,0.0,greedy_mcs,throughput
45.0,ns_12,none,-1,-1,0,0.0,0.0,greedy_mcs,throughput
45.0,ns_17,none,-1,-1,0,0.0,0.0,greedy_mcs,throughput
45.0,ns_13,none,-1,-1,0,0.0,0.0,greedy_mcs,throughput
45.0,ew_13,none,-1,-1,0,0.0,0.0,greedy_mcs,throughput
45.0,wn_9,none,-1,-1,0,0.0,0.0,greedy_mcs,throughput
45.0,se_5,none,-1,-1,0,0.0,0.0,greedy_mcs,throughput
45.0,se_4,none,-1,-1,0,0.0,0.0,greedy_mcs,throughput
45.0,we_4,none,-1,-1,0,0.0,0.0,greedy_mcs,throughput
45.0,se_2,none,-1,-1,0,0.0,0.0,greedy_mcs,throughput
45.0,ns_10,none,-1,-1,0,0.0,0.0,greedy_mcs,throughput
45.0,wn_4,none,-1,-1,0,0.0,0.0,greedy_mcs,throughput
46.0,we_10,direct,BS_1,-1,1,440.00000000000006,440.00000000000006,greedy_mcs,throughput
46.0,se_7,direct,BS_1,-1,1,440.00000000000006,440.00000000000006,greedy_mcs,throughput
46.0,se_8,direct,BS_1,-1,1,440.00000000000006,440.00000000000006,greedy_mcs,throughput
46.0,ns_16,none,-1,-1,0,0.0,0.0,greedy_mcs,throughput
46.0,sn_9,direct,BS_1,-1,1,440.00000000000006,440.00000000000006,greedy_mcs,throughput
46.0,sn_10,direct,BS_1,-1,1,440.00000000000006,440.00000000000006,greedy_mcs,throughput
46.0,ew_19,none,-1,-1,0,0.0,0.0,greedy_mcs,throughput
46.0,wn_1,direct,BS_1,-1,1,440.00000000000006,440.00000000000006,greedy_mcs,throughput
46.0,we_14,direct,BS_1,-1,1,440.00000000000006,440.00000000000006,greedy_mcs,throughput
46.0,wn_2,direct,BS_1,-1,1,440.00000000000006,440.00000000000006,greedy_mcs,throughput
46.0,ew_16,none,-1,-1,0,0.0,0.0,greedy_mcs,throughput
46.0,we_16,direct,BS_1,-1,1,440.00000000000006,440.00000000000006,greedy_mcs,throughput
46.0,sn_16,direct,BS_1,-1,1,440.00000000000006,440.00000000000006,greedy_mcs,throughput
46.0,we_12,none,-1,-1,0,0.0,0.0,greedy_mcs,throughput
46.0,ew_12,none,-1,-1,0,0.0,0.0,greedy_mcs,throughput
46.0,ns_8,none,-1,-1,0,0.0,0.0,greedy_mcs,throughput
46.0,ew_17,none,-1,-1,0,0.0,0.0,greedy_mcs,throughput
46.0,we_8,none,-1,-1,0,0.0,0.0,greedy_mcs,throughput
46.0,ew_18,none,-1,-1,0,0.0,0.0,greedy_mcs,throughput
46.0,wn_0,none,-1,-1,0,0.0,0.0,greedy_mcs,throughput
46.0,ns_14,none,-1,-1,0,0.0,0.0,greedy_mcs,throughput
46.0,wn_5,none,-1,-1,0,0.0,0.0,greedy_mcs,throughput
46.0,sn_12,none,-1,-1,0,0.0,0.0,greedy_mcs,throughput
46.0,ew_11,none,-1,-1,0,0.0,0.0,greedy_mcs,throughput
46.0,we_9,none,-1,-1,0,0.0,0.0,greedy_mcs,throughput
46.0,we_19,none,-1,-1,0,0.0,0.0,greedy_mcs,throughput
46.0,we_15,none,-1,-1,0,0.0,0.0,greedy_mcs,throughput
46.0,ns_15,none,-1,-1,0,0.0,0.0,greedy_mcs,throughput
46.0,ew_9,none,-1,-1,0,0.0,0.0,greedy_mcs,throughput
46.0,we_18,none,-1,-1,0,0.0,0.0,greedy_mcs,throughput
46.0,ns_19,none,-1,-1,0,0.0,0.0,greedy_mcs,throughput
46.0,sn_17,none,-1,-1,0,0.0,0.0,greedy_mcs,throughput
46.0,ew_5,none,-1,-1,0,0.0,0.0,greedy_mcs,throughput
46.0,wn_3,none,-1,-1,0,0.0,0.0,greedy_mcs,throughput
46.0,sn_13,none,-1,-1,0,0.0,0.0,greedy_mcs,throughput
46.0,sn_18,none,-1,-1,0,0.0,0.0,greedy_mcs,throughput
46.0,we_11,none,-1,-1,0,0.0,0.0,greedy_mcs,throughput
46.0,we_17,none,-1,-1,0,0.0,0.0,greedy_mcs,throughput
46.0,ew_10,none,-1,-1,0,0.0,0.0,greedy_mcs,throughput
46.0,se_9,none,-1,-1,0,0.0,0.0,greedy_mcs,throughput
46.0,we_13,none,-1,-1,0,0.0,0.0,greedy_mcs,throughput
46.0,sn_15,none,-1,-1,0,0.0,0.0,greedy_mcs,throughput
46.0,ew_15,none,-1,-1,0,0.0,0.0,greedy_mcs,throughput
46.0,wn_8,none,-1,-1,0,0.0,0.0,greedy_mcs,throughput
46.0,sn_19,none,-1,-1,0,0.0,0.0,greedy_mcs,throughput
46.0,ew_14,none,-1,-1,0,0.0,0.0,greedy_mcs,throughput
46.0,ns_18,none,-1,-1,0,0.0,0.0,greedy_mcs,throughput
46.0,sn_14,none,-1,-1,0,0.0,0.0,greedy_mcs,throughput
46.0,sn_11,none,-1,-1,0,0.0,0.0,greedy_mcs,throughput
46.0,se_1,none,-1,-1,0,0.0,0.0,greedy_mcs,throughput
46.0,sn_8,none,-1,-1,0,0.0,0.0,greedy_mcs,throughput
46.0,se_3,none,-1,-1,0,0.0,0.0,greedy_mcs,throughput
46.0,wn_6,none,-1,-1,0,0.0,0.0,greedy_mcs,throughput
46.0,wn_7,none,-1,-1,0,0.0,0.0,greedy_mcs,throughput
46.0,ew_4,none,-1,-1,0,0.0,0.0,greedy_mcs,throughput
46.0,ns_11,none,-1,-1,0,0.0,0.0,greedy_mcs,throughput
46.0,ew_8,none,-1,-1,0,0.0,0.0,greedy_mcs,throughput
46.0,se_0,none,-1,-1,0,0.0,0.0,greedy_mcs,throughput
46.0,se_6,none,-1,-1,0,0.0,0.0,greedy_mcs,throughput
46.0,ns_9,none,-1,-1,0,0.0,0.0,greedy_mcs,throughput
46.0,ns_12,none,-1,-1,0,0.0,0.0,greedy_mcs,throughput
46.0,ns_17,none,-1,-1,0,0.0,0.0,greedy_mcs,throughput
46.0,ns_13,none,-1,-1,0,0.0,0.0,greedy_mcs,throughput
46.0,ew_13,none,-1,-1,0,0.0,0.0,greedy_mcs,throughput
46.0,wn_9,none,-1,-1,0,0.0,0.0,greedy_mcs,throughput
46.0,se_5,none,-1,-1,0,0.0,0.0,greedy_mcs,throughput
46.0,se_4,none,-1,-1,0,0.0,0.0,greedy_mcs,throughput
46.0,we_4,none,-1,-1,0,0.0,0.0,greedy_mcs,throughput
46.0,se_2,none,-1,-1,0,0.0,0.0,greedy_mcs,throughput
46.0,ns_10,none,-1,-1,0,0.0,0.0,greedy_mcs,throughput
46.0,wn_4,none,-1,-1,0,0.0,0.0,greedy_mcs,throughput
47.0,we_10,direct,BS_1,-1,1,440.00000000000006,440.00000000000006,greedy_mcs,throughput
47.0,se_7,direct,BS_1,-1,1,440.00000000000006,440.00000000000006,greedy_mcs,throughput
47.0,se_8,direct,BS_1,-1,1,440.00000000000006,440.00000000000006,greedy_mcs,throughput
47.0,ns_16,none,-1,-1,0,0.0,0.0,greedy_mcs,throughput
47.0,ew_19,none,-1,-1,0,0.0,0.0,greedy_mcs,throughput
47.0,wn_1,direct,BS_1,-1,1,440.00000000000006,440.00000000000006,greedy_mcs,throughput
47.0,we_14,direct,BS_1,-1,1,440.00000000000006,440.00000000000006,greedy_mcs,throughput
47.0,wn_2,direct,BS_1,-1,1,440.00000000000006,440.00000000000006,greedy_mcs,throughput
47.0,ew_16,none,-1,-1,0,0.0,0.0,greedy_mcs,throughput
47.0,we_16,direct,BS_1,-1,1,440.00000000000006,440.00000000000006,greedy_mcs,throughput
47.0,sn_16,direct,BS_1,-1,1,440.00000000000006,440.00000000000006,greedy_mcs,throughput
47.0,we_12,direct,BS_1,-1,1,440.00000000000006,440.00000000000006,greedy_mcs,throughput
47.0,ew_12,none,-1,-1,0,0.0,0.0,greedy_mcs,throughput
47.0,ns_8,none,-1,-1,0,0.0,0.0,greedy_mcs,throughput
47.0,ew_17,none,-1,-1,0,0.0,0.0,greedy_mcs,throughput
47.0,we_8,direct,BS_1,-1,1,440.00000000000006,440.00000000000006,greedy_mcs,throughput
47.0,ew_18,none,-1,-1,0,0.0,0.0,greedy_mcs,throughput
47.0,wn_0,none,-1,-1,0,0.0,0.0,greedy_mcs,throughput
47.0,ns_14,none,-1,-1,0,0.0,0.0,greedy_mcs,throughput
47.0,wn_5,none,-1,-1,0,0.0,0.0,greedy_mcs,throughput
47.0,sn_12,none,-1,-1,0,0.0,0.0,greedy_mcs,throughput
47.0,ew_11,none,-1,-1,0,0.0,0.0,greedy_mcs,throughput
47.0,we_9,none,-1,-1,0,0.0,0.0,greedy_mcs,throughput
47.0,we_19,none,-1,-1,0,0.0,0.0,greedy_mcs,throughput
47.0,we_15,none,-1,-1,0,0.0,0.0,greedy_mcs,throughput
47.0,ns_15,none,-1,-1,0,0.0,0.0,greedy_mcs,throughput
47.0,ew_9,none,-1,-1,0,0.0,0.0,greedy_mcs,throughput
47.0,we_18,none,-1,-1,0,0.0,0.0,greedy_mcs,throughput
47.0,ns_19,none,-1,-1,0,0.0,0.0,greedy_mcs,throughput
47.0,sn_17,none,-1,-1,0,0.0,0.0,greedy_mcs,throughput
47.0,wn_3,none,-1,-1,0,0.0,0.0,greedy_mcs,throughput
47.0,sn_13,none,-1,-1,0,0.0,0.0,greedy_mcs,throughput
47.0,sn_18,none,-1,-1,0,0.0,0.0,greedy_mcs,throughput
47.0,we_11,none,-1,-1,0,0.0,0.0,greedy_mcs,throughput
47.0,we_17,none,-1,-1,0,0.0,0.0,greedy_mcs,throughput
47.0,ew_10,none,-1,-1,0,0.0,0.0,greedy_mcs,throughput
47.0,se_9,none,-1,-1,0,0.0,0.0,greedy_mcs,throughput
47.0,we_13,none,-1,-1,0,0.0,0.0,greedy_mcs,throughput
47.0,sn_15,none,-1,-1,0,0.0,0.0,greedy_mcs,throughput
47.0,ew_15,none,-1,-1,0,0.0,0.0,greedy_mcs,throughput
47.0,wn_8,none,-1,-1,0,0.0,0.0,greedy_mcs,throughput
47.0,sn_19,none,-1,-1,0,0.0,0.0,greedy_mcs,throughput
47.0,ew_14,none,-1,-1,0,0.0,0.0,greedy_mcs,throughput
47.0,ns_18,none,-1,-1,0,0.0,0.0,greedy_mcs,throughput
47.0,sn_14,none,-1,-1,0,0.0,0.0,greedy_mcs,throughput
47.0,se_1,none,-1,-1,0,0.0,0.0,greedy_mcs,throughput
47.0,se_3,none,-1,-1,0,0.0,0.0,greedy_mcs,throughput
47.0,sn_8,none,-1,-1,0,0.0,0.0,greedy_mcs,throughput
47.0,wn_6,none,-1,-1,0,0.0,0.0,greedy_mcs,throughput
47.0,wn_7,none,-1,-1,0,0.0,0.0,greedy_mcs,throughput
47.0,se_0,none,-1,-1,0,0.0,0.0,greedy_mcs,throughput
47.0,se_6,none,-1,-1,0,0.0,0.0,greedy_mcs,throughput
47.0,ew_8,none,-1,-1,0,0.0,0.0,greedy_mcs,throughput
47.0,ns_9,none,-1,-1,0,0.0,0.0,greedy_mcs,throughput
47.0,ns_12,none,-1,-1,0,0.0,0.0,greedy_mcs,throughput
47.0,ns_17,none,-1,-1,0,0.0,0.0,greedy_mcs,throughput
47.0,ns_13,none,-1,-1,0,0.0,0.0,greedy_mcs,throughput
47.0,ew_13,none,-1,-1,0,0.0,0.0,greedy_mcs,throughput
47.0,wn_9,none,-1,-1,0,0.0,0.0,greedy_mcs,throughput
47.0,se_5,none,-1,-1,0,0.0,0.0,greedy_mcs,throughput
47.0,se_4,none,-1,-1,0,0.0,0.0,greedy_mcs,throughput
47.0,se_2,none,-1,-1,0,0.0,0.0,greedy_mcs,throughput
47.0,ns_10,none,-1,-1,0,0.0,0.0,greedy_mcs,throughput
47.0,wn_4,none,-1,-1,0,0.0,0.0,greedy_mcs,throughput
48.0,we_10,relay,BS_1,we_9,1,440.00000000000006,440.00000000000006,greedy_mcs,throughput
48.0,se_7,direct,BS_1,-1,1,440.00000000000006,440.00000000000006,greedy_mcs,throughput
48.0,se_8,direct,BS_1,-1,1,440.00000000000006,440.00000000000006,greedy_mcs,throughput
48.0,ns_16,none,-1,-1,0,0.0,0.0,greedy_mcs,throughput
48.0,ew_19,none,-1,-1,0,0.0,0.0,greedy_mcs,throughput
48.0,wn_1,direct,BS_1,-1,1,440.00000000000006,440.00000000000006,greedy_mcs,throughput
48.0,we_14,direct,BS_1,-1,1,440.00000000000006,440.00000000000006,greedy_mcs,throughput
48.0,wn_2,direct,BS_1,-1,1,440.00000000000006,440.00000000000006,greedy_mcs,throughput
48.0,ew_16,none,-1,-1,0,0.0,0.0,greedy_mcs,throughput
48.0,sn_16,direct,BS_1,-1,1,440.00000000000006,440.00000000000006,greedy_mcs,throughput
48.0,we_12,direct,BS_1,-1,1,440.00000000000006,440.00000000000006,greedy_mcs,throughput
48.0,ew_12,none,-1,-1,0,0.0,0.0,greedy_mcs,throughput
48.0,se_2,direct,BS_1,-1,1,440.00000000000006,440.00000000000006,greedy_mcs,throughput
48.0,ew_17,none,-1,-1,0,0.0,0.0,greedy_mcs,throughput
48.0,we_8,direct,BS_1,-1,1,440.00000000000006,440.00000000000006,greedy_mcs,throughput
48.0,ew_18,none,-1,-1,0,0.0,0.0,greedy_mcs,throughput
48.0,wn_0,none,-1,-1,0,0.0,0.0,greedy_mcs,throughput
48.0,ns_14,none,-1,-1,0,0.0,0.0,greedy_mcs,throughput
48.0,wn_5,none,-1,-1,0,0.0,0.0,greedy_mcs,throughput
48.0,sn_12,none,-1,-1,0,0.0,0.0,greedy_mcs,throughput
48.0,ew_11,none,-1,-1,0,0.0,0.0,greedy_mcs,throughput
48.0,we_9,none,-1,-1,0,0.0,0.0,greedy_mcs,throughput
48.0,we_19,none,-1,-1,0,0.0,0.0,greedy_mcs,throughput
48.0,we_15,none,-1,-1,0,0.0,0.0,greedy_mcs,throughput
48.0,ns_15,none,-1,-1,0,0.0,0.0,greedy_mcs,throughput
48.0,ew_9,none,-1,-1,0,0.0,0.0,greedy_mcs,throughput
48.0,we_18,none,-1,-1,0,0.0,0.0,greedy_mcs,throughput
48.0,ns_19,none,-1,-1,0,0.0,0.0,greedy_mcs,throughput
48.0,sn_17,none,-1,-1,0,0.0,0.0,greedy_mcs,throughput
48.0,wn_3,none,-1,-1,0,0.0,0.0,greedy_mcs,throughput
48.0,sn_13,none,-1,-1,0,0.0,0.0,greedy_mcs,throughput
48.0,sn_18,none,-1,-1,0,0.0,0.0,greedy_mcs,throughput
48.0,we_17,none,-1,-1,0,0.0,0.0,greedy_mcs,throughput
48.0,we_16,none,-1,-1,0,0.0,0.0,greedy_mcs,throughput
48.0,ew_10,none,-1,-1,0,0.0,0.0,greedy_mcs,throughput
48.0,se_6,none,-1,-1,0,0.0,0.0,greedy_mcs,throughput
48.0,we_13,none,-1,-1,0,0.0,0.0,greedy_mcs,throughput
48.0,sn_15,none,-1,-1,0,0.0,0.0,greedy_mcs,throughput
48.0,ew_15,none,-1,-1,0,0.0,0.0,greedy_mcs,throughput
48.0,wn_8,none,-1,-1,0,0.0,0.0,greedy_mcs,throughput
48.0,sn_19,none,-1,-1,0,0.0,0.0,greedy_mcs,throughput
48.0,ew_14,none,-1,-1,0,0.0,0.0,greedy_mcs,throughput
48.0,ns_18,none,-1,-1,0,0.0,0.0,greedy_mcs,throughput
48.0,sn_14,none,-1,-1,0,0.0,0.0,greedy_mcs,throughput
48.0,se_1,none,-1,-1,0,0.0,0.0,greedy_mcs,throughput
48.0,se_3,none,-1,-1,0,0.0,0.0,greedy_mcs,throughput
48.0,wn_6,none,-1,-1,0,0.0,0.0,greedy_mcs,throughput
48.0,wn_7,none,-1,-1,0,0.0,0.0,greedy_mcs,throughput
48.0,se_0,none,-1,-1,0,0.0,0.0,greedy_mcs,throughput
48.0,ew_8,none,-1,-1,0,0.0,0.0,greedy_mcs,throughput
48.0,ns_12,none,-1,-1,0,0.0,0.0,greedy_mcs,throughput
48.0,ns_17,none,-1,-1,0,0.0,0.0,greedy_mcs,throughput
48.0,ns_13,none,-1,-1,0,0.0,0.0,greedy_mcs,throughput
48.0,ew_13,none,-1,-1,0,0.0,0.0,greedy_mcs,throughput
48.0,wn_9,none,-1,-1,0,0.0,0.0,greedy_mcs,throughput
48.0,se_5,none,-1,-1,0,0.0,0.0,greedy_mcs,throughput
48.0,se_4,none,-1,-1,0,0.0,0.0,greedy_mcs,throughput
48.0,se_9,none,-1,-1,0,0.0,0.0,greedy_mcs,throughput
48.0,wn_4,none,-1,-1,0,0.0,0.0,greedy_mcs,throughput
49.0,se_7,direct,BS_1,-1,1,440.00000000000006,440.00000000000006,greedy_mcs,throughput
49.0,se_8,direct,BS_1,-1,1,440.00000000000006,440.00000000000006,greedy_mcs,throughput
49.0,ns_16,none,-1,-1,0,0.0,0.0,greedy_mcs,throughput
49.0,ew_19,none,-1,-1,0,0.0,0.0,greedy_mcs,throughput
49.0,we_14,direct,BS_1,-1,1,440.00000000000006,440.00000000000006,greedy_mcs,throughput
49.0,ew_16,none,-1,-1,0,0.0,0.0,greedy_mcs,throughput
49.0,sn_16,direct,BS_1,-1,1,440.00000000000006,440.00000000000006,greedy_mcs,throughput
49.0,we_12,direct,BS_1,-1,1,440.00000000000006,440.00000000000006,greedy_mcs,throughput
49.0,ew_12,none,-1,-1,0,0.0,0.0,greedy_mcs,throughput
49.0,ew_17,none,-1,-1,0,0.0,0.0,greedy_mcs,throughput
49.0,we_8,direct,BS_1,-1,1,440.00000000000006,440.00000000000006,greedy_mcs,throughput
49.0,ew_18,none,-1,-1,0,0.0,0.0,greedy_mcs,throughput
49.0,wn_0,direct,BS_1,-1,1,440.00000000000006,440.00000000000006,greedy_mcs,throughput
49.0,ns_14,none,-1,-1,0,0.0,0.0,greedy_mcs,throughput
49.0,wn_5,direct,BS_1,-1,1,440.00000000000006,440.00000000000006,greedy_mcs,throughput
49.0,sn_12,direct,BS_1,-1,1,440.00000000000006,440.00000000000006,greedy_mcs,throughput
49.0,we_19,direct,BS_1,-1,1,440.00000000000006,440.00000000000006,greedy_mcs,throughput
49.0,we_15,none,-1,-1,0,0.0,0.0,greedy_mcs,throughput
49.0,ns_15,none,-1,-1,0,0.0,0.0,greedy_mcs,throughput
49.0,ew_9,none,-1,-1,0,0.0,0.0,greedy_mcs,throughput
49.0,we_18,none,-1,-1,0,0.0,0.0,greedy_mcs,throughput
49.0,ns_19,none,-1,-1,0,0.0,0.0,greedy_mcs,throughput
49.0,sn_17,none,-1,-1,0,0.0,0.0,greedy_mcs,throughput
49.0,wn_3,none,-1,-1,0,0.0,0.0,greedy_mcs,throughput
49.0,sn_13,none,-1,-1,0,0.0,0.0,greedy_mcs,throughput
49.0,sn_18,none,-1,-1,0,0.0,0.0,greedy_mcs,throughput
49.0,we_17,none,-1,-1,0,0.0,0.0,greedy_mcs,throughput
49.0,we_16,none,-1,-1,0,0.0,0.0,greedy_mcs,throughput
49.0,se_6,none,-1,-1,0,0.0,0.0,greedy_mcs,throughput
49.0,se_9,none,-1,-1,0,0.0,0.0,greedy_mcs,throughput
49.0,we_13,none,-1,-1,0,0.0,0.0,greedy_mcs,throughput
49.0,sn_15,none,-1,-1,0,0.0,0.0,greedy_mcs,throughput
49.0,ew_15,none,-1,-1,0,0.0,0.0,greedy_mcs,throughput
49.0,wn_8,none,-1,-1,0,0.0,0.0,greedy_mcs,throughput
49.0,sn_19,none,-1,-1,0,0.0,0.0,greedy_mcs,throughput
49.0,ew_14,none,-1,-1,0,0.0,0.0,greedy_mcs,throughput
49.0,ns_18,none,-1,-1,0,0.0,0.0,greedy_mcs,throughput
49.0,sn_14,none,-1,-1,0,0.0,0.0,greedy_mcs,throughput
49.0,se_1,none,-1,-1,0,0.0,0.0,greedy_mcs,throughput
49.0,se_3,none,-1,-1,0,0.0,0.0,greedy_mcs,throughput
49.0,wn_6,none,-1,-1,0,0.0,0.0,greedy_mcs,throughput
49.0,wn_7,none,-1,-1,0,0.0,0.0,greedy_mcs,throughput
49.0,se_0,none,-1,-1,0,0.0,0.0,greedy_mcs,throughput
49.0,ew_8,none,-1,-1,0,0.0,0.0,greedy_mcs,throughput
49.0,ns_12,none,-1,-1,0,0.0,0.0,greedy_mcs,throughput
49.0,ns_17,none,-1,-1,0,0.0,0.0,greedy_mcs,throughput
49.0,ns_13,none,-1,-1,0,0.0,0.0,greedy_mcs,throughput
49.0,ew_13,none,-1,-1,0,0.0,0.0,greedy_mcs,throughput
49.0,wn_9,none,-1,-1,0,0.0,0.0,greedy_mcs,throughput
49.0,se_5,none,-1,-1,0,0.0,0.0,greedy_mcs,throughput
49.0,se_4,none,-1,-1,0,0.0,0.0,greedy_mcs,throughput
49.0,wn_4,none,-1,-1,0,0.0,0.0,greedy_mcs,throughput
50.0,se_7,direct,BS_1,-1,1,440.00000000000006,440.00000000000006,greedy_mcs,throughput
50.0,se_8,direct,BS_1,-1,1,440.00000000000006,440.00000000000006,greedy_mcs,throughput
50.0,ns_16,none,-1,-1,0,0.0,0.0,greedy_mcs,throughput
50.0,ew_19,none,-1,-1,0,0.0,0.0,greedy_mcs,throughput
50.0,we_14,direct,BS_1,-1,1,440.00000000000006,440.00000000000006,greedy_mcs,throughput
50.0,ew_16,none,-1,-1,0,0.0,0.0,greedy_mcs,throughput
50.0,sn_16,direct,BS_1,-1,1,440.00000000000006,440.00000000000006,greedy_mcs,throughput
50.0,we_12,direct,BS_1,-1,1,440.00000000000006,440.00000000000006,greedy_mcs,throughput
50.0,ew_12,none,-1,-1,0,0.0,0.0,greedy_mcs,throughput
50.0,ew_17,none,-1,-1,0,0.0,0.0,greedy_mcs,throughput
50.0,ew_18,none,-1,-1,0,0.0,0.0,greedy_mcs,throughput
50.0,ns_14,none,-1,-1,0,0.0,0.0,greedy_mcs,throughput
50.0,wn_5,direct,BS_1,-1,1,440.00000000000006,440.00000000000006,greedy_mcs,throughput
50.0,sn_12,direct,BS_1,-1,1,440.00000000000006,440.00000000000006,greedy_mcs,throughput
50.0,we_19,direct,BS_1,-1,1,440.00000000000006,440.00000000000006,greedy_mcs,throughput
50.0,we_15,direct,BS_1,-1,1,440.00000000000006,440.00000000000006,greedy_mcs,throughput
50.0,ns_19,none,-1,-1,0,0.0,0.0,greedy_mcs,throughput
50.0,we_18,direct,BS_1,-1,1,440.00000000000006,440.00000000000006,greedy_mcs,throughput
50.0,sn_17,none,-1,-1,0,0.0,0.0,greedy_mcs,throughput
50.0,wn_3,none,-1,-1,0,0.0,0.0,greedy_mcs,throughput
50.0,sn_13,none,-1,-1,0,0.0,0.0,greedy_mcs,throughput
50.0,sn_18,none,-1,-1,0,0.0,0.0,greedy_mcs,throughput
50.0,we_17,none,-1,-1,0,0.0,0.0,greedy_mcs,throughput
50.0,we_16,none,-1,-1,0,0.0,0.0,greedy_mcs,throughput
50.0,se_6,none,-1,-1,0,0.0,0.0,greedy_mcs,throughput
50.0,se_9,none,-1,-1,0,0.0,0.0,greedy_mcs,throughput
50.0,we_13,none,-1,-1,0,0.0,0.0,greedy_mcs,throughput
50.0,ew_15,none,-1,-1,0,0.0,0.0,greedy_mcs,throughput
50.0,wn_8,none,-1,-1,0,0.0,0.0,greedy_mcs,throughput
50.0,se_3,none,-1,-1,0,0.0,0.0,greedy_mcs,throughput
50.0,sn_19,none,-1,-1,0,0.0,0.0,greedy_mcs,throughput
50.0,ew_14,none,-1,-1,0,0.0,0.0,greedy_mcs,throughput
50.0,ns_18,none,-1,-1,0,0.0,0.0,greedy_mcs,throughput
50.0,wn_6,none,-1,-1,0,0.0,0.0,greedy_mcs,throughput
50.0,wn_7,none,-1,-1,0,0.0,0.0,greedy_mcs,throughput
50.0,ns_12,none,-1,-1,0,0.0,0.0,greedy_mcs,throughput
50.0,ns_17,none,-1,-1,0,0.0,0.0,greedy_mcs,throughput
50.0,ns_13,none,-1,-1,0,0.0,0.0,greedy_mcs,throughput
50.0,ew_13,none,-1,-1,0,0.0,0.0,greedy_mcs,throughput
50.0,wn_9,none,-1,-1,0,0.0,0.0,greedy_mcs,throughput
50.0,se_5,none,-1,-1,0,0.0,0.0,greedy_mcs,throughput
50.0,se_4,none,-1,-1,0,0.0,0.0,greedy_mcs,throughput
50.0,wn_4,none,-1,-1,0,0.0,0.0,greedy_mcs,throughput
51.0,se_7,direct,BS_1,-1,1,440.00000000000006,440.00000000000006,greedy_mcs,throughput
51.0,se_8,direct,BS_1,-1,1,440.00000000000006,440.00000000000006,greedy_mcs,throughput
51.0,ns_16,none,-1,-1,0,0.0,0.0,greedy_mcs,throughput
51.0,ew_19,none,-1,-1,0,0.0,0.0,greedy_mcs,throughput
51.0,we_14,relay,BS_1,we_12,1,440.00000000000006,440.00000000000006,greedy_mcs,throughput
51.0,ew_16,none,-1,-1,0,0.0,0.0,greedy_mcs,throughput
51.0,sn_16,direct,BS_1,-1,1,440.00000000000006,440.00000000000006,greedy_mcs,throughput
51.0,we_12,direct,BS_1,-1,1,440.00000000000006,440.00000000000006,greedy_mcs,throughput
51.0,ew_12,none,-1,-1,0,0.0,0.0,greedy_mcs,throughput
51.0,ew_17,none,-1,-1,0,0.0,0.0,greedy_mcs,throughput
51.0,ew_18,none,-1,-1,0,0.0,0.0,greedy_mcs,throughput
51.0,wn_5,direct,BS_1,-1,1,440.00000000000006,440.00000000000006,greedy_mcs,throughput
51.0,we_19,direct,BS_1,-1,1,440.00000000000006,440.00000000000006,greedy_mcs,throughput
51.0,ns_19,none,-1,-1,0,0.0,0.0,greedy_mcs,throughput
51.0,we_18,direct,BS_1,-1,1,440.00000000000006,440.00000000000006,greedy_mcs,throughput
51.0,sn_17,direct,BS_1,-1,1,440.00000000000006,440.00000000000006,greedy_mcs,throughput
51.0,wn_3,direct,BS_1,-1,1,440.00000000000006,440.00000000000006,greedy_mcs,throughput
51.0,sn_18,none,-1,-1,0,0.0,0.0,greedy_mcs,throughput
51.0,we_17,none,-1,-1,0,0.0,0.0,greedy_mcs,throughput
51.0,we_16,none,-1,-1,0,0.0,0.0,greedy_mcs,throughput
51.0,se_6,none,-1,-1,0,0.0,0.0,greedy_mcs,throughput
51.0,se_9,none,-1,-1,0,0.0,0.0,greedy_mcs,throughput
51.0,we_13,none,-1,-1,0,0.0,0.0,greedy_mcs,throughput
51.0,ew_15,none,-1,-1,0,0.0,0.0,greedy_mcs,throughput
51.0,wn_8,none,-1,-1,0,0.0,0.0,greedy_mcs,throughput
51.0,se_3,none,-1,-1,0,0.0,0.0,greedy_mcs,throughput
51.0,sn_19,none,-1,-1,0,0.0,0.0,greedy_mcs,throughput
51.0,ew_14,none,-1,-1,0,0.0,0.0,greedy_mcs,throughput
51.0,ns_18,none,-1,-1,0,0.0,0.0,greedy_mcs,throughput
51.0,wn_6,none,-1,-1,0,0.0,0.0,greedy_mcs,throughput
51.0,wn_7,none,-1,-1,0,0.0,0.0,greedy_mcs,throughput
51.0,ns_12,none,-1,-1,0,0.0,0.0,greedy_mcs,throughput
51.0,ns_17,none,-1,-1,0,0.0,0.0,greedy_mcs,throughput
51.0,ew_13,none,-1,-1,0,0.0,0.0,greedy_mcs,throughput
51.0,wn_9,none,-1,-1,0,0.0,0.0,greedy_mcs,throughput
51.0,se_5,none,-1,-1,0,0.0,0.0,greedy_mcs,throughput
51.0,se_4,none,-1,-1,0,0.0,0.0,greedy_mcs,throughput
51.0,wn_4,none,-1,-1,0,0.0,0.0,greedy_mcs,throughput
52.0,se_7,direct,BS_1,-1,1,440.00000000000006,440.00000000000006,greedy_mcs,throughput
52.0,se_8,direct,BS_1,-1,1,440.00000000000006,440.00000000000006,greedy_mcs,throughput
52.0,ns_16,none,-1,-1,0,0.0,0.0,greedy_mcs,throughput
52.0,ew_19,none,-1,-1,0,0.0,0.0,greedy_mcs,throughput
52.0,ew_16,none,-1,-1,0,0.0,0.0,greedy_mcs,throughput
52.0,sn_16,direct,BS_1,-1,1,440.00000000000006,440.00000000000006,greedy_mcs,throughput
52.0,we_12,relay,BS_1,se_5,1,440.00000000000006,440.00000000000006,greedy_mcs,throughput
52.0,ew_12,none,-1,-1,0,0.0,0.0,greedy_mcs,throughput
52.0,ew_17,none,-1,-1,0,0.0,0.0,greedy_mcs,throughput
52.0,ew_18,none,-1,-1,0,0.0,0.0,greedy_mcs,throughput
52.0,wn_5,direct,BS_1,-1,1,440.00000000000006,440.00000000000006,greedy_mcs,throughput
52.0,we_19,direct,BS_1,-1,1,440.00000000000006,440.00000000000006,greedy_mcs,throughput
52.0,we_18,direct,BS_1,-1,1,440.00000000000006,440.00000000000006,greedy_mcs,throughput
52.0,ns_19,none,-1,-1,0,0.0,0.0,greedy_mcs,throughput
52.0,sn_17,direct,BS_1,-1,1,440.00000000000006,440.00000000000006,greedy_mcs,throughput
52.0,wn_3,direct,BS_1,-1,1,440.00000000000006,440.00000000000006,greedy_mcs,throughput
52.0,sn_18,direct,BS_1,-1,1,440.00000000000006,440.00000000000006,greedy_mcs,throughput
52.0,we_17,none,-1,-1,0,0.0,0.0,greedy_mcs,throughput
52.0,we_16,none,-1,-1,0,0.0,0.0,greedy_mcs,throughput
52.0,se_6,none,-1,-1,0,0.0,0.0,greedy_mcs,throughput
52.0,se_9,none,-1,-1,0,0.0,0.0,greedy_mcs,throughput
52.0,wn_8,none,-1,-1,0,0.0,0.0,greedy_mcs,throughput
52.0,se_3,none,-1,-1,0,0.0,0.0,greedy_mcs,throughput
52.0,sn_19,none,-1,-1,0,0.0,0.0,greedy_mcs,throughput
52.0,ns_18,none,-1,-1,0,0.0,0.0,greedy_mcs,throughput
52.0,wn_6,none,-1,-1,0,0.0,0.0,greedy_mcs,throughput
52.0,wn_7,none,-1,-1,0,0.0,0.0,greedy_mcs,throughput
52.0,ns_17,none,-1,-1,0,0.0,0.0,greedy_mcs,throughput
52.0,ew_13,none,-1,-1,0,0.0,0.0,greedy_mcs,throughput
52.0,wn_9,none,-1,-1,0,0.0,0.0,greedy_mcs,throughput
52.0,se_5,none,-1,-1,0,0.0,0.0,greedy_mcs,throughput
52.0,se_4,none,-1,-1,0,0.0,0.0,greedy_mcs,throughput
52.0,wn_4,none,-1,-1,0,0.0,0.0,greedy_mcs,throughput
53.0,se_7,direct,BS_1,-1,1,440.00000000000006,440.00000000000006,greedy_mcs,throughput
53.0,se_8,direct,BS_1,-1,1,440.00000000000006,440.00000000000006,greedy_mcs,throughput
53.0,ns_16,none,-1,-1,0,0.0,0.0,greedy_mcs,throughput
53.0,ew_19,none,-1,-1,0,0.0,0.0,greedy_mcs,throughput
53.0,ew_16,none,-1,-1,0,0.0,0.0,greedy_mcs,throughput
53.0,sn_16,direct,BS_1,-1,1,440.00000000000006,440.00000000000006,greedy_mcs,throughput
53.0,ew_12,none,-1,-1,0,0.0,0.0,greedy_mcs,throughput
53.0,ew_17,none,-1,-1,0,0.0,0.0,greedy_mcs,throughput
53.0,ew_18,none,-1,-1,0,0.0,0.0,greedy_mcs,throughput
53.0,we_19,relay,BS_1,we_18,1,440.00000000000006,440.00000000000006,greedy_mcs,throughput
53.0,we_18,direct,BS_1,-1,1,440.00000000000006,440.00000000000006,greedy_mcs,throughput
53.0,ns_19,none,-1,-1,0,0.0,0.0,greedy_mcs,throughput
53.0,sn_17,relay,BS_1,wn_3,1,440.00000000000006,440.00000000000006,greedy_mcs,throughput
53.0,wn_3,direct,BS_1,-1,1,440.00000000000006,440.00000000000006,greedy_mcs,throughput
53.0,we_17,direct,BS_1,-1,1,440.00000000000006,440.00000000000006,greedy_mcs,throughput
53.0,se_6,direct,BS_1,-1,1,440.00000000000006,440.00000000000006,greedy_mcs,throughput
53.0,se_9,direct,BS_1,-1,1,440.00000000000006,440.00000000000006,greedy_mcs,throughput
53.0,wn_8,none,-1,-1,0,0.0,0.0,greedy_mcs,throughput
53.0,se_3,none,-1,-1,0,0.0,0.0,greedy_mcs,throughput
53.0,ns_18,none,-1,-1,0,0.0,0.0,greedy_mcs,throughput
53.0,wn_6,none,-1,-1,0,0.0,0.0,greedy_mcs,throughput
53.0,wn_7,none,-1,-1,0,0.0,0.0,greedy_mcs,throughput
53.0,ns_17,none,-1,-1,0,0.0,0.0,greedy_mcs,throughput
53.0,wn_9,none,-1,-1,0,0.0,0.0,greedy_mcs,throughput
53.0,we_16,none,-1,-1,0,0.0,0.0,greedy_mcs,throughput
54.0,se_7,direct,BS_1,-1,1,440.00000000000006,440.00000000000006,greedy_mcs,throughput
54.0,se_8,direct,BS_1,-1,1,440.00000000000006,440.00000000000006,greedy_mcs,throughput
54.0,ew_17,none,-1,-1,0,0.0,0.0,greedy_mcs,throughput
54.0,ew_18,none,-1,-1,0,0.0,0.0,greedy_mcs,throughput
54.0,ns_16,none,-1,-1,0,0.0,0.0,greedy_mcs,throughput
54.0,we_17,direct,BS_1,-1,1,440.00000000000006,440.00000000000006,greedy_mcs,throughput
54.0,ew_16,none,-1,-1,0,0.0,0.0,greedy_mcs,throughput
54.0,se_6,direct,BS_1,-1,1,440.00000000000006,440.00000000000006,greedy_mcs,throughput
54.0,se_9,direct,BS_1,-1,1,440.00000000000006,440.00000000000006,greedy_mcs,throughput
54.0,ew_19,none,-1,-1,0,0.0,0.0,greedy_mcs,throughput
54.0,wn_8,direct,BS_1,-1,1,440.00000000000006,440.00000000000006,greedy_mcs,throughput
54.0,wn_9,direct,BS_1,-1,1,440.00000000000006,440.00000000000006,greedy_mcs,throughput
54.0,we_16,direct,BS_1,-1,1,440.00000000000006,440.00000000000006,greedy_mcs,throughput
54.0,we_19,relay,BS_1,we_18,1,440.00000000000006,440.00000000000006,greedy_mcs,throughput
54.0,wn_6,direct,BS_1,-1,1,440.00000000000006,440.00000000000006,greedy_mcs,throughput
54.0,wn_7,none,-1,-1,0,0.0,0.0,greedy_mcs,throughput
54.0,we_18,none,-1,-1,0,0.0,0.0,greedy_mcs,throughput
55.0,se_7,relay,BS_1,we_16,1,440.00000000000006,440.00000000000006,greedy_mcs,throughput
55.0,se_8,relay,BS_1,we_16,1,440.00000000000006,440.00000000000006,greedy_mcs,throughput
55.0,ew_17,none,-1,-1,0,0.0,0.0,greedy_mcs,throughput
55.0,ew_18,none,-1,-1,0,0.0,0.0,greedy_mcs,throughput
55.0,ew_16,none,-1,-1,0,0.0,0.0,greedy_mcs,throughput
55.0,we_17,relay,BS_1,we_16,1,440.00000000000006,440.00000000000006,greedy_mcs,throughput
55.0,se_6,relay,BS_1,we_16,1,440.00000000000006,440.00000000000006,greedy_mcs,throughput
55.0,se_9,direct,BS_1,-1,1,440.00000000000006,440.00000000000006,greedy_mcs,throughput
55.0,wn_8,relay,BS_1,wn_7,1,440.00000000000006,440.00000000000006,greedy_mcs,throughput
55.0,wn_9,direct,BS_1,-1,1,440.00000000000006,440.00000000000006,greedy_mcs,throughput
55.0,we_16,direct,BS_1,-1,1,440.00000000000006,440.00000000000006,greedy_mcs,throughput
55.0,wn_6,direct,BS_1,-1,1,440.00000000000006,440.00000000000006,greedy_mcs,throughput
55.0,wn_7,direct,BS_1,-1,1,440.00000000000006,440.00000000000006,greedy_mcs,throughput
56.0,se_7,direct,BS_1,-1,1,440.00000000000006,440.00000000000006,greedy_mcs,throughput
56.0,se_6,relay,BS_1,se_7,1,440.00000000000006,440.00000000000006,greedy_mcs,throughput
56.0,se_9,direct,BS_1,-1,1,440.00000000000006,440.00000000000006,greedy_mcs,throughput
56.0,wn_9,direct,BS_1,-1,1,440.00000000000006,440.00000000000006,greedy_mcs,throughput
56.0,wn_6,direct,BS_1,-1,1,440.00000000000006,440.00000000000006,greedy_mcs,throughput
56.0,ew_16,direct,BS_1,-1,1,38.0,38.0,greedy_mcs,throughput
56.0,wn_7,direct,BS_1,-1,1,440.00000000000006,440.00000000000006,greedy_mcs,throughput
57.0,wn_9,direct,BS_1,-1,1,440.00000000000006,440.00000000000006,greedy_mcs,throughput
57.0,se_9,direct,BS_1,-1,1,440.00000000000006,440.00000000000006,greedy_mcs,throughput
58.0,wn_9,direct,BS_1,-1,1,440.00000000000006,440.00000000000006,greedy_mcs,throughput
58.0,se_9,direct,BS_1,-1,1,440.00000000000006,440.00000000000006,greedy_mcs,throughput
59.0,wn_9,direct,BS_1,-1,1,330.0,330.0,greedy_mcs,throughput
59.0,se_9,direct,BS_1,-1,1,330.0,330.0,greedy_mcs,throughput
60.0,wn_9,direct,BS_1,-1,1,440.00000000000006,440.00000000000006,greedy_mcs,throughput
60.0,se_9,direct,BS_1,-1,1,330.0,330.0,greedy_mcs,throughput
