{
  "building_position": [
    150,
    120,
    0
  ],
  "building_size": [
    50,
    30,
    25
  ],
  "occlusion_events": [],
  "path_loss_statistics": {
    "vehicle_1-bs_1": {
      "min": 70.70784568786621,
      "max": 79.58179950714111,
      "mean": 74.2034022808075,
      "variation": 8.873953819274902
    },
    "vehicle_2-bs_1": {
      "min": 80.1305103302002,
      "max": 85.15389442443848,
      "mean": 82.64198017120361,
      "variation": 5.023384094238281
    },
    "vehicle_3-bs_1": {
      "min": 77.35524049300402,
      "max": 85.95862055871395,
      "mean": 80.76927457755497,
      "variation": 8.603380065709928
    },
    "vehicle_4-bs_1": {
      "min": 104.28524899404445,
      "max": 107.04527413797884,
      "mean": 105.59749457963741,
      "variation": 2.760025143934385
    },
    "vehicle_1-bs_2": {
      "min": 78.57939720153809,
      "max": 82.0997428894043,
      "mean": 80.2111222743988,
      "variation": 3.520345687866211
    },
    "vehicle_2-bs_2": {
      "min": 73.953857421875,
      "max": 81.39394760131836,
      "mean": 78.05757403373718,
      "variation": 7.440090179443359
    },
    "vehicle_3-bs_2": {
      "min": 88.85939330869873,
      "max": 107.04527413797884,
      "mean": 100.7949842278449,
      "variation": 18.18588082928011
    },
    "vehicle_4-bs_2": {
      "min": 77.35524049300402,
      "max": 83.8723269742595,
      "mean": 79.70168111125754,
      "variation": 6.517086481255475
    }
  }
}