{
  "building_position": [
    150,
    120,
    0
  ],
  "building_size": [
    60,
    40,
    25
  ],
  "occlusion_events": [],
  "path_loss_statistics": {
    "vehicle_1-bs_1": {
      "min": 71.7618465423584,
      "max": 81.93906784057617,
      "mean": 76.00137853622437,
      "variation": 10.177221298217773
    },
    "vehicle_2-bs_1": {
      "min": 82.30579376220703,
      "max": 118.29938888549805,
      "mean": 87.11364316940308,
      "variation": 35.993595123291016
    },
    "vehicle_3-bs_1": {
      "min": 120.0,
      "max": 120.0,
      "mean": 120.0,
      "variation": 0.0
    },
    "vehicle_4-bs_1": {
      "min": 120.0,
      "max": 120.0,
      "mean": 120.0,
      "variation": 0.0
    },
    "vehicle_5-bs_1": {
      "min": 120.0,
      "max": 120.0,
      "mean": 120.0,
      "variation": 0.0
    },
    "vehicle_6-bs_1": {
      "min": 120.0,
      "max": 120.0,
      "mean": 120.0,
      "variation": 0.0
    },
    "vehicle_1-bs_2": {
      "min": 70.72218418121338,
      "max": 77.49056816101074,
      "mean": 73.93669867515564,
      "variation": 6.768383979797363
    },
    "vehicle_2-bs_2": {
      "min": 83.10161590576172,
      "max": 86.88716888427734,
      "mean": 85.4473385810852,
      "variation": 3.785552978515625
    },
    "vehicle_3-bs_2": {
      "min": 120.0,
      "max": 120.0,
      "mean": 120.0,
      "variation": 0.0
    },
    "vehicle_4-bs_2": {
      "min": 120.0,
      "max": 120.0,
      "mean": 120.0,
      "variation": 0.0
    },
    "vehicle_5-bs_2": {
      "min": 120.0,
      "max": 120.0,
      "mean": 120.0,
      "variation": 0.0
    },
    "vehicle_6-bs_2": {
      "min": 120.0,
      "max": 120.0,
      "mean": 120.0,
      "variation": 0.0
    }
  }
}