timestamp,vehicle_id,selected_action_type,selected_bs_id,selected_relay_id,accepted,opt_rate_used,truth_rate_mcs_effective,method,objective
0.0,we_0,direct,BS_2,-1,1,550.0,550.0,proposed_optimal_dkmcs,throughput
1.0,sn_0,direct,BS_2,-1,1,550.0,550.0,proposed_optimal_dkmcs,throughput
1.0,ns_0,direct,BS_1,-1,1,550.0,550.0,proposed_optimal_dkmcs,throughput
1.0,we_1,relay,BS_2,we_0,1,550.0,550.0,proposed_optimal_dkmcs,throughput
1.0,we_0,relay,BS_2,we_1,1,550.0,550.0,proposed_optimal_dkmcs,throughput
1.0,ew_0,direct,BS_3,-1,1,550.0,550.0,proposed_optimal_dkmcs,throughput
2.0,ew_1,direct,BS_1,-1,1,550.0,550.0,proposed_optimal_dkmcs,throughput
2.0,sn_0,direct,BS_3,-1,1,550.0,550.0,proposed_optimal_dkmcs,throughput
2.0,sn_2,direct,BS_3,-1,1,550.0,550.0,proposed_optimal_dkmcs,throughput
2.0,se_0,direct,BS_3,-1,1,550.0,550.0,proposed_optimal_dkmcs,throughput
2.0,sn_1,direct,BS_3,-1,1,550.0,550.0,proposed_optimal_dkmcs,throughput
2.0,ns_0,direct,BS_2,-1,1,550.0,550.0,proposed_optimal_dkmcs,throughput
2.0,wn_0,direct,BS_2,-1,1,550.0,550.0,proposed_optimal_dkmcs,throughput
2.0,we_1,relay,BS_2,we_0,1,550.0,550.0,proposed_optimal_dkmcs,throughput
2.0,ns_1,direct,BS_2,-1,1,550.0,550.0,proposed_optimal_dkmcs,throughput
2.0,we_0,direct,BS_2,-1,1,550.0,550.0,proposed_optimal_dkmcs,throughput
2.0,we_2,relay,BS_2,we_0,1,550.0,550.0,proposed_optimal_dkmcs,throughput
2.0,ew_0,direct,BS_1,-1,1,550.0,550.0,proposed_optimal_dkmcs,throughput
3.0,ew_1,relay,BS_1,ew_0,1,550.0,550.0,proposed_optimal_dkmcs,throughput
3.0,se_1,relay,BS_2,se_0,1,550.0,550.0,proposed_optimal_dkmcs,throughput
3.0,ew_2,relay,BS_1,ew_0,1,550.0,550.0,proposed_optimal_dkmcs,throughput
3.0,sn_0,relay,BS_2,se_0,1,550.0,550.0,proposed_optimal_dkmcs,throughput
3.0,sn_2,direct,BS_3,-1,1,550.0,550.0,proposed_optimal_dkmcs,throughput
3.0,se_0,direct,BS_3,-1,1,550.0,550.0,proposed_optimal_dkmcs,throughput
3.0,sn_1,relay,BS_2,se_0,1,550.0,550.0,proposed_optimal_dkmcs,throughput
3.0,ns_0,direct,BS_2,-1,1,550.0,550.0,proposed_optimal_dkmcs,throughput
3.0,wn_0,relay,BS_2,we_1,1,550.0,550.0,proposed_optimal_dkmcs,throughput
3.0,we_1,direct,BS_2,-1,1,550.0,550.0,proposed_optimal_dkmcs,throughput
3.0,wn_1,relay,BS_2,we_1,1,550.0,550.0,proposed_optimal_dkmcs,throughput
3.0,we_3,direct,BS_2,-1,1,550.0,550.0,proposed_optimal_dkmcs,throughput
3.0,ns_1,direct,BS_2,-1,1,550.0,550.0,proposed_optimal_dkmcs,throughput
3.0,sn_3,direct,BS_3,-1,1,550.0,550.0,proposed_optimal_dkmcs,throughput
3.0,we_0,direct,BS_2,-1,1,550.0,550.0,proposed_optimal_dkmcs,throughput
3.0,ns_2,direct,BS_2,-1,1,550.0,550.0,proposed_optimal_dkmcs,throughput
3.0,we_2,relay,BS_2,we_1,1,550.0,550.0,proposed_optimal_dkmcs,throughput
3.0,ew_0,direct,BS_1,-1,1,550.0,550.0,proposed_optimal_dkmcs,throughput
4.0,se_1,direct,BS_3,-1,1,550.0,550.0,proposed_optimal_dkmcs,throughput
4.0,ew_4,direct,BS_3,-1,1,550.0,550.0,proposed_optimal_dkmcs,throughput
4.0,sn_4,direct,BS_3,-1,1,550.0,550.0,proposed_optimal_dkmcs,throughput
4.0,ns_2,direct,BS_2,-1,1,550.0,550.0,proposed_optimal_dkmcs,throughput
4.0,ew_1,direct,BS_1,-1,1,550.0,550.0,proposed_optimal_dkmcs,throughput
4.0,sn_0,direct,BS_2,-1,1,550.0,550.0,proposed_optimal_dkmcs,throughput
4.0,we_5,relay,BS_2,we_3,1,550.0,550.0,proposed_optimal_dkmcs,throughput
4.0,sn_2,relay,BS_2,sn_3,1,550.0,550.0,proposed_optimal_dkmcs,throughput
4.0,we_3,relay,BS_2,we_4,1,550.0,550.0,proposed_optimal_dkmcs,throughput
4.0,ns_3,direct,BS_1,-1,1,550.0,550.0,proposed_optimal_dkmcs,throughput
4.0,ew_2,direct,BS_3,-1,1,550.0,550.0,proposed_optimal_dkmcs,throughput
4.0,wn_2,relay,BS_2,we_3,1,550.0,550.0,proposed_optimal_dkmcs,throughput
4.0,sn_1,relay,BS_2,sn_3,1,550.0,550.0,proposed_optimal_dkmcs,throughput
4.0,wn_1,relay,BS_2,we_4,1,550.0,550.0,proposed_optimal_dkmcs,throughput
4.0,we_1,relay,BS_2,we_3,1,550.0,550.0,proposed_optimal_dkmcs,throughput
4.0,we_4,relay,BS_2,we_3,1,550.0,550.0,proposed_optimal_dkmcs,throughput
4.0,sn_3,direct,BS_3,-1,1,550.0,550.0,proposed_optimal_dkmcs,throughput
4.0,we_0,direct,BS_2,-1,1,550.0,550.0,proposed_optimal_dkmcs,throughput
4.0,se_0,direct,BS_3,-1,1,550.0,550.0,proposed_optimal_dkmcs,throughput
4.0,ew_3,direct,BS_3,-1,1,550.0,550.0,proposed_optimal_dkmcs,throughput
4.0,ns_0,direct,BS_1,-1,1,550.0,550.0,proposed_optimal_dkmcs,throughput
4.0,wn_0,relay,BS_2,we_3,1,550.0,550.0,proposed_optimal_dkmcs,throughput
4.0,ns_1,direct,BS_2,-1,1,550.0,550.0,proposed_optimal_dkmcs,throughput
4.0,se_2,direct,BS_2,-1,1,550.0,550.0,proposed_optimal_dkmcs,throughput
4.0,we_2,relay,BS_2,we_3,1,550.0,550.0,proposed_optimal_dkmcs,throughput
4.0,ew_0,direct,BS_1,-1,1,550.0,550.0,proposed_optimal_dkmcs,throughput
5.0,se_1,relay,BS_3,se_2,1,550.0,550.0,proposed_optimal_dkmcs,throughput
5.0,sn_5,direct,BS_3,-1,1,550.0,550.0,proposed_optimal_dkmcs,throughput
5.0,ew_4,relay,BS_1,ew_5,1,550.0,550.0,proposed_optimal_dkmcs,throughput
5.0,sn_4,relay,BS_3,se_2,1,550.0,550.0,proposed_optimal_dkmcs,throughput
5.0,ns_2,direct,BS_1,-1,1,550.0,550.0,proposed_optimal_dkmcs,throughput
5.0,ew_1,direct,BS_3,-1,1,550.0,550.0,proposed_optimal_dkmcs,throughput
5.0,sn_0,relay,BS_3,se_0,1,550.0,550.0,proposed_optimal_dkmcs,throughput
5.0,we_5,relay,BS_2,we_4,1,550.0,550.0,proposed_optimal_dkmcs,throughput
5.0,sn_2,relay,BS_3,sn_0,1,550.0,550.0,proposed_optimal_dkmcs,throughput
5.0,we_3,direct,BS_2,-1,1,550.0,550.0,proposed_optimal_dkmcs,throughput
5.0,ns_3,direct,BS_1,-1,1,550.0,550.0,proposed_optimal_dkmcs,throughput
5.0,ns_4,direct,BS_1,-1,1,550.0,550.0,proposed_optimal_dkmcs,throughput
5.0,ew_2,direct,BS_3,-1,1,550.0,550.0,proposed_optimal_dkmcs,throughput
5.0,ew_5,direct,BS_3,-1,1,550.0,550.0,proposed_optimal_dkmcs,throughput
5.0,sn_1,direct,BS_2,-1,1,550.0,550.0,proposed_optimal_dkmcs,throughput
5.0,wn_2,relay,BS_2,we_4,1,550.0,550.0,proposed_optimal_dkmcs,throughput
5.0,wn_1,relay,BS_2,we_4,1,550.0,550.0,proposed_optimal_dkmcs,throughput
5.0,we_1,relay,BS_2,we_0,1,550.0,550.0,proposed_optimal_dkmcs,throughput
5.0,we_4,direct,BS_2,-1,1,550.0,550.0,proposed_optimal_dkmcs,throughput
5.0,sn_3,relay,BS_2,sn_1,1,550.0,550.0,proposed_optimal_dkmcs,throughput
5.0,we_0,direct,BS_2,-1,1,550.0,550.0,proposed_optimal_dkmcs,throughput
5.0,ns_5,direct,BS_1,-1,1,550.0,550.0,proposed_optimal_dkmcs,throughput
5.0,wn_3,relay,BS_2,we_4,1,550.0,550.0,proposed_optimal_dkmcs,throughput
5.0,se_0,relay,BS_2,sn_1,1,550.0,550.0,proposed_optimal_dkmcs,throughput
5.0,ew_3,direct,BS_2,-1,1,550.0,550.0,proposed_optimal_dkmcs,throughput
5.0,ns_0,direct,BS_1,-1,1,550.0,550.0,proposed_optimal_dkmcs,throughput
5.0,wn_0,relay,BS_2,we_0,1,550.0,550.0,proposed_optimal_dkmcs,throughput
5.0,we_6,direct,BS_2,-1,1,550.0,550.0,proposed_optimal_dkmcs,throughput
5.0,ns_1,direct,BS_2,-1,1,550.0,550.0,proposed_optimal_dkmcs,throughput
5.0,se_2,direct,BS_3,-1,1,550.0,550.0,proposed_optimal_dkmcs,throughput
5.0,we_2,relay,BS_2,we_0,1,550.0,550.0,proposed_optimal_dkmcs,throughput
5.0,ew_0,direct,BS_3,-1,1,550.0,550.0,proposed_optimal_dkmcs,throughput
6.0,se_1,relay,BS_3,sn_4,1,550.0,550.0,proposed_optimal_dkmcs,throughput
6.0,ew_6,direct,BS_1,-1,1,550.0,550.0,proposed_optimal_dkmcs,throughput
6.0,sn_5,direct,BS_2,-1,1,550.0,550.0,proposed_optimal_dkmcs,throughput
6.0,ew_4,direct,BS_1,-1,1,550.0,550.0,proposed_optimal_dkmcs,throughput
6.0,sn_4,direct,BS_2,-1,1,550.0,550.0,proposed_optimal_dkmcs,throughput
6.0,ns_2,relay,BS_1,ns_3,1,550.0,550.0,proposed_optimal_dkmcs,throughput
6.0,sn_6,relay,BS_3,sn_4,1,550.0,550.0,proposed_optimal_dkmcs,throughput
6.0,ew_1,relay,BS_2,ew_2,1,550.0,550.0,proposed_optimal_dkmcs,throughput
6.0,sn_0,direct,BS_3,-1,1,550.0,550.0,proposed_optimal_dkmcs,throughput
6.0,we_5,direct,BS_2,-1,1,550.0,550.0,proposed_optimal_dkmcs,throughput
6.0,sn_2,direct,BS_3,-1,1,550.0,550.0,proposed_optimal_dkmcs,throughput
6.0,we_3,relay,BS_2,wn_0,1,550.0,550.0,proposed_optimal_dkmcs,throughput
6.0,ns_3,direct,BS_1,-1,1,550.0,550.0,proposed_optimal_dkmcs,throughput
6.0,ns_4,direct,BS_1,-1,1,550.0,550.0,proposed_optimal_dkmcs,throughput
6.0,ew_0,relay,BS_2,ew_2,1,550.0,550.0,proposed_optimal_dkmcs,throughput
6.0,we_2,relay,BS_2,wn_1,1,550.0,550.0,proposed_optimal_dkmcs,throughput
6.0,sn_7,direct,BS_3,-1,1,550.0,550.0,proposed_optimal_dkmcs,throughput
6.0,ew_2,direct,BS_3,-1,1,550.0,550.0,proposed_optimal_dkmcs,throughput
6.0,ew_5,direct,BS_1,-1,1,550.0,550.0,proposed_optimal_dkmcs,throughput
6.0,sn_1,direct,BS_3,-1,1,550.0,550.0,proposed_optimal_dkmcs,throughput
6.0,wn_2,direct,BS_2,-1,1,550.0,550.0,proposed_optimal_dkmcs,throughput
6.0,we_7,relay,BS_2,wn_2,1,550.0,550.0,proposed_optimal_dkmcs,throughput
6.0,wn_1,relay,BS_2,wn_0,1,550.0,550.0,proposed_optimal_dkmcs,throughput
6.0,we_1,relay,BS_2,wn_0,1,550.0,550.0,proposed_optimal_dkmcs,throughput
6.0,we_4,relay,BS_2,wn_1,1,550.0,550.0,proposed_optimal_dkmcs,throughput
6.0,sn_3,relay,BS_3,sn_4,1,550.0,550.0,proposed_optimal_dkmcs,throughput
6.0,we_0,direct,BS_2,-1,1,550.0,550.0,proposed_optimal_dkmcs,throughput
6.0,ns_5,direct,BS_2,-1,1,550.0,550.0,proposed_optimal_dkmcs,throughput
6.0,wn_3,relay,BS_2,wn_2,1,550.0,550.0,proposed_optimal_dkmcs,throughput
6.0,se_0,direct,BS_3,-1,1,550.0,550.0,proposed_optimal_dkmcs,throughput
6.0,ns_6,direct,BS_1,-1,1,550.0,550.0,proposed_optimal_dkmcs,throughput
6.0,ns_0,direct,BS_1,-1,1,550.0,550.0,proposed_optimal_dkmcs,throughput
6.0,wn_0,relay,BS_2,wn_1,1,550.0,550.0,proposed_optimal_dkmcs,throughput
6.0,we_6,relay,BS_2,wn_2,1,550.0,550.0,proposed_optimal_dkmcs,throughput
6.0,ns_1,relay,BS_1,ns_3,1,550.0,550.0,proposed_optimal_dkmcs,throughput
6.0,se_2,relay,BS_3,sn_4,1,550.0,550.0,proposed_optimal_dkmcs,throughput
6.0,se_3,direct,BS_3,-1,1,550.0,550.0,proposed_optimal_dkmcs,throughput
6.0,ew_3,direct,BS_1,-1,1,550.0,550.0,proposed_optimal_dkmcs,throughput
7.0,se_1,relay,BS_3,sn_5,1,550.0,550.0,proposed_optimal_dkmcs,throughput
7.0,ew_6,relay,BS_3,ew_4,1,550.0,550.0,proposed_optimal_dkmcs,throughput
7.0,sn_5,direct,BS_3,-1,1,550.0,550.0,proposed_optimal_dkmcs,throughput
7.0,ew_4,direct,BS_1,-1,1,550.0,550.0,proposed_optimal_dkmcs,throughput
7.0,ew_8,direct,BS_2,-1,1,550.0,550.0,proposed_optimal_dkmcs,throughput
7.0,sn_4,relay,BS_3,sn_5,1,550.0,550.0,proposed_optimal_dkmcs,throughput
7.0,ns_2,direct,BS_1,-1,1,550.0,550.0,proposed_optimal_dkmcs,throughput
7.0,sn_6,relay,BS_3,sn_5,1,550.0,550.0,proposed_optimal_dkmcs,throughput
7.0,ew_1,direct,BS_3,-1,1,550.0,550.0,proposed_optimal_dkmcs,throughput
7.0,sn_0,relay,BS_3,sn_2,1,550.0,550.0,proposed_optimal_dkmcs,throughput
7.0,we_5,relay,BS_2,we_4,1,550.0,550.0,proposed_optimal_dkmcs,throughput
7.0,sn_2,direct,BS_3,-1,1,550.0,550.0,proposed_optimal_dkmcs,throughput
7.0,we_3,relay,BS_2,we_4,1,550.0,550.0,proposed_optimal_dkmcs,throughput
7.0,ns_3,direct,BS_1,-1,1,550.0,550.0,proposed_optimal_dkmcs,throughput
7.0,ns_7,direct,BS_1,-1,1,550.0,550.0,proposed_optimal_dkmcs,throughput
7.0,ns_4,direct,BS_1,-1,1,550.0,550.0,proposed_optimal_dkmcs,throughput
7.0,we_8,direct,BS_2,-1,1,550.0,550.0,proposed_optimal_dkmcs,throughput
7.0,ew_0,direct,BS_3,-1,1,550.0,550.0,proposed_optimal_dkmcs,throughput
7.0,we_2,relay,BS_2,wn_0,1,550.0,550.0,proposed_optimal_dkmcs,throughput
7.0,sn_7,relay,BS_3,sn_5,1,550.0,550.0,proposed_optimal_dkmcs,throughput
7.0,ew_2,direct,BS_1,-1,1,550.0,550.0,proposed_optimal_dkmcs,throughput
7.0,ew_5,relay,BS_3,ew_4,1,550.0,550.0,proposed_optimal_dkmcs,throughput
7.0,sn_1,relay,BS_3,sn_2,1,550.0,550.0,proposed_optimal_dkmcs,throughput
7.0,wn_2,relay,BS_2,we_4,1,550.0,550.0,proposed_optimal_dkmcs,throughput
7.0,we_7,direct,BS_2,-1,1,550.0,550.0,proposed_optimal_dkmcs,throughput
7.0,wn_1,relay,BS_2,we_4,1,550.0,550.0,proposed_optimal_dkmcs,throughput
7.0,we_1,relay,BS_2,wn_0,1,550.0,550.0,proposed_optimal_dkmcs,throughput
7.0,we_4,relay,BS_2,wn_0,1,550.0,550.0,proposed_optimal_dkmcs,throughput
7.0,se_4,direct,BS_3,-1,1,550.0,550.0,proposed_optimal_dkmcs,throughput
7.0,sn_3,direct,BS_2,-1,1,550.0,550.0,proposed_optimal_dkmcs,throughput
7.0,we_0,relay,BS_2,wn_0,1,550.0,550.0,proposed_optimal_dkmcs,throughput
7.0,ns_5,direct,BS_1,-1,1,550.0,550.0,proposed_optimal_dkmcs,throughput
7.0,ew_7,direct,BS_1,-1,1,550.0,550.0,proposed_optimal_dkmcs,throughput
7.0,wn_3,relay,BS_2,we_7,1,550.0,550.0,proposed_optimal_dkmcs,throughput
7.0,wn_4,relay,BS_2,we_8,1,550.0,550.0,proposed_optimal_dkmcs,throughput
7.0,se_0,relay,BS_3,sn_2,1,550.0,550.0,proposed_optimal_dkmcs,throughput
7.0,sn_8,direct,BS_3,-1,1,550.0,550.0,proposed_optimal_dkmcs,throughput
7.0,ns_6,direct,BS_1,-1,1,550.0,550.0,proposed_optimal_dkmcs,throughput
7.0,ns_0,direct,BS_1,-1,1,550.0,550.0,proposed_optimal_dkmcs,throughput
7.0,wn_0,direct,BS_2,-1,1,550.0,550.0,proposed_optimal_dkmcs,throughput
7.0,we_6,relay,BS_2,we_7,1,550.0,550.0,proposed_optimal_dkmcs,throughput
7.0,ns_1,direct,BS_2,-1,1,550.0,550.0,proposed_optimal_dkmcs,throughput
7.0,se_2,relay,BS_3,sn_5,1,550.0,550.0,proposed_optimal_dkmcs,throughput
7.0,se_3,direct,BS_3,-1,1,550.0,550.0,proposed_optimal_dkmcs,throughput
7.0,ew_3,relay,BS_3,ew_4,1,550.0,550.0,proposed_optimal_dkmcs,throughput
8.0,se_1,relay,BS_3,sn_3,1,550.0,550.0,proposed_optimal_dkmcs,throughput
8.0,ew_6,relay,BS_1,ew_5,1,550.0,550.0,proposed_optimal_dkmcs,throughput
8.0,sn_5,direct,BS_2,-1,1,550.0,550.0,proposed_optimal_dkmcs,throughput
8.0,ew_4,relay,BS_1,ew_5,1,550.0,550.0,proposed_optimal_dkmcs,throughput
8.0,ew_8,direct,BS_1,-1,1,550.0,550.0,proposed_optimal_dkmcs,throughput
8.0,sn_4,relay,BS_3,sn_3,1,550.0,550.0,proposed_optimal_dkmcs,throughput
8.0,ns_2,direct,BS_2,-1,1,550.0,550.0,proposed_optimal_dkmcs,throughput
8.0,sn_6,direct,BS_3,-1,1,550.0,550.0,proposed_optimal_dkmcs,throughput
8.0,ew_1,direct,BS_1,-1,1,550.0,550.0,proposed_optimal_dkmcs,throughput
8.0,ew_9,direct,BS_1,-1,1,550.0,550.0,proposed_optimal_dkmcs,throughput
8.0,sn_0,relay,BS_3,sn_2,1,550.0,550.0,proposed_optimal_dkmcs,throughput
8.0,we_5,direct,BS_2,-1,1,550.0,550.0,proposed_optimal_dkmcs,throughput
8.0,sn_2,relay,BS_3,sn_3,1,550.0,550.0,proposed_optimal_dkmcs,throughput
8.0,we_3,relay,BS_2,we_2,1,550.0,550.0,proposed_optimal_dkmcs,throughput
8.0,ns_3,relay,BS_2,ns_2,1,550.0,550.0,proposed_optimal_dkmcs,throughput
8.0,ns_7,direct,BS_1,-1,1,550.0,550.0,proposed_optimal_dkmcs,throughput
8.0,ns_4,direct,BS_1,-1,1,550.0,550.0,proposed_optimal_dkmcs,throughput
8.0,we_8,relay,BS_2,wn_4,1,550.0,550.0,proposed_optimal_dkmcs,throughput
8.0,ns_8,relay,BS_1,ns_7,1,550.0,550.0,proposed_optimal_dkmcs,throughput
8.0,ew_0,direct,BS_1,-1,1,550.0,550.0,proposed_optimal_dkmcs,throughput
8.0,wn_5,relay,BS_2,wn_4,1,550.0,550.0,proposed_optimal_dkmcs,throughput
8.0,we_2,relay,BS_2,we_3,1,550.0,550.0,proposed_optimal_dkmcs,throughput
8.0,sn_7,direct,BS_3,-1,1,550.0,550.0,proposed_optimal_dkmcs,throughput
8.0,ew_2,direct,BS_3,-1,1,550.0,550.0,proposed_optimal_dkmcs,throughput
8.0,ew_5,direct,BS_1,-1,1,550.0,550.0,proposed_optimal_dkmcs,throughput
8.0,sn_1,relay,BS_3,sn_2,1,550.0,550.0,proposed_optimal_dkmcs,throughput
8.0,wn_2,relay,BS_2,we_5,1,550.0,550.0,proposed_optimal_dkmcs,throughput
8.0,we_7,relay,BS_2,we_5,1,550.0,550.0,proposed_optimal_dkmcs,throughput
8.0,wn_1,relay,BS_2,we_3,1,550.0,550.0,proposed_optimal_dkmcs,throughput
8.0,we_1,relay,BS_2,we_2,1,550.0,550.0,proposed_optimal_dkmcs,throughput
8.0,we_4,relay,BS_2,we_5,1,550.0,550.0,proposed_optimal_dkmcs,throughput
8.0,se_4,relay,BS_3,sn_9,1,550.0,550.0,proposed_optimal_dkmcs,throughput
8.0,sn_3,relay,BS_3,se_1,1,550.0,550.0,proposed_optimal_dkmcs,throughput
8.0,we_0,relay,BS_2,we_2,1,550.0,550.0,proposed_optimal_dkmcs,throughput
8.0,ns_5,relay,BS_1,ns_7,1,550.0,550.0,proposed_optimal_dkmcs,throughput
8.0,we_10,relay,BS_2,wn_5,1,550.0,550.0,proposed_optimal_dkmcs,throughput
8.0,we_9,relay,BS_2,wn_5,1,550.0,550.0,proposed_optimal_dkmcs,throughput
8.0,ew_7,direct,BS_3,-1,1,550.0,550.0,proposed_optimal_dkmcs,throughput
8.0,sn_9,direct,BS_3,-1,1,550.0,550.0,proposed_optimal_dkmcs,throughput
8.0,wn_3,relay,BS_2,wn_4,1,550.0,550.0,proposed_optimal_dkmcs,throughput
8.0,wn_4,relay,BS_2,wn_5,1,550.0,550.0,proposed_optimal_dkmcs,throughput
8.0,se_5,relay,BS_3,sn_9,1,550.0,550.0,proposed_optimal_dkmcs,throughput
8.0,se_0,relay,BS_3,se_1,1,550.0,550.0,proposed_optimal_dkmcs,throughput
8.0,sn_8,relay,BS_3,sn_9,1,550.0,550.0,proposed_optimal_dkmcs,throughput
8.0,ns_6,relay,BS_1,ns_7,1,550.0,550.0,proposed_optimal_dkmcs,throughput
8.0,ns_0,relay,BS_2,ns_2,1,550.0,550.0,proposed_optimal_dkmcs,throughput
8.0,wn_0,relay,BS_2,we_2,1,550.0,550.0,proposed_optimal_dkmcs,throughput
8.0,we_6,relay,BS_2,we_5,1,550.0,550.0,proposed_optimal_dkmcs,throughput
8.0,ns_1,relay,BS_2,ns_2,1,550.0,550.0,proposed_optimal_dkmcs,throughput
8.0,se_2,relay,BS_3,se_1,1,550.0,550.0,proposed_optimal_dkmcs,throughput
8.0,se_3,direct,BS_3,-1,1,550.0,550.0,proposed_optimal_dkmcs,throughput
8.0,ew_3,direct,BS_2,-1,1,550.0,550.0,proposed_optimal_dkmcs,throughput
9.0,se_1,relay,BS_3,se_2,1,550.0,550.0,proposed_optimal_dkmcs,throughput
9.0,ew_6,direct,BS_3,-1,1,550.0,550.0,proposed_optimal_dkmcs,throughput
9.0,sn_5,relay,BS_3,se_2,1,550.0,550.0,proposed_optimal_dkmcs,throughput
9.0,ew_4,relay,BS_1,ew_6,1,550.0,550.0,proposed_optimal_dkmcs,throughput
9.0,we_11,relay,BS_2,we_9,1,550.0,550.0,proposed_optimal_dkmcs,throughput
9.0,ew_8,direct,BS_1,-1,1,550.0,550.0,proposed_optimal_dkmcs,throughput
9.0,ew_10,direct,BS_3,-1,1,550.0,550.0,proposed_optimal_dkmcs,throughput
9.0,sn_4,relay,BS_3,se_2,1,550.0,550.0,proposed_optimal_dkmcs,throughput
9.0,ns_2,direct,BS_1,-1,1,550.0,550.0,proposed_optimal_dkmcs,throughput
9.0,sn_6,relay,BS_3,se_2,1,550.0,550.0,proposed_optimal_dkmcs,throughput
9.0,ew_1,relay,BS_1,ew_2,1,550.0,550.0,proposed_optimal_dkmcs,throughput
9.0,ew_9,direct,BS_1,-1,1,550.0,550.0,proposed_optimal_dkmcs,throughput
9.0,sn_0,relay,BS_3,sn_2,1,550.0,550.0,proposed_optimal_dkmcs,throughput
9.0,we_5,relay,BS_2,wn_1,1,550.0,550.0,proposed_optimal_dkmcs,throughput
9.0,sn_2,direct,BS_3,-1,1,550.0,550.0,proposed_optimal_dkmcs,throughput
9.0,ns_9,relay,BS_2,ns_8,1,550.0,550.0,proposed_optimal_dkmcs,throughput
9.0,we_3,relay,BS_2,we_2,1,550.0,550.0,proposed_optimal_dkmcs,throughput
9.0,ns_3,direct,BS_1,-1,1,550.0,550.0,proposed_optimal_dkmcs,throughput
9.0,ns_7,relay,BS_2,ns_6,1,550.0,550.0,proposed_optimal_dkmcs,throughput
9.0,ns_4,relay,BS_2,ns_6,1,550.0,550.0,proposed_optimal_dkmcs,throughput
9.0,we_8,relay,BS_2,we_9,1,550.0,550.0,proposed_optimal_dkmcs,throughput
9.0,ns_8,direct,BS_1,-1,1,550.0,550.0,proposed_optimal_dkmcs,throughput
9.0,ns_10,relay,BS_2,ns_8,1,550.0,550.0,proposed_optimal_dkmcs,throughput
9.0,ew_0,relay,BS_1,ew_2,1,550.0,550.0,proposed_optimal_dkmcs,throughput
9.0,wn_5,relay,BS_2,we_9,1,550.0,550.0,proposed_optimal_dkmcs,throughput
9.0,we_2,relay,BS_2,wn_1,1,550.0,550.0,proposed_optimal_dkmcs,throughput
9.0,sn_7,direct,BS_3,-1,1,550.0,550.0,proposed_optimal_dkmcs,throughput
9.0,ew_2,direct,BS_1,-1,1,550.0,550.0,proposed_optimal_dkmcs,throughput
9.0,se_3,direct,BS_3,-1,1,550.0,550.0,proposed_optimal_dkmcs,throughput
9.0,ew_5,relay,BS_1,ew_6,1,550.0,550.0,proposed_optimal_dkmcs,throughput
9.0,sn_1,relay,BS_3,sn_2,1,550.0,550.0,proposed_optimal_dkmcs,throughput
9.0,wn_2,relay,BS_2,we_5,1,550.0,550.0,proposed_optimal_dkmcs,throughput
9.0,we_7,direct,BS_2,-1,1,550.0,550.0,proposed_optimal_dkmcs,throughput
9.0,wn_1,relay,BS_2,we_5,1,550.0,550.0,proposed_optimal_dkmcs,throughput
9.0,we_1,relay,BS_2,we_2,1,550.0,550.0,proposed_optimal_dkmcs,throughput
9.0,we_4,relay,BS_2,wn_1,1,550.0,550.0,proposed_optimal_dkmcs,throughput
9.0,se_4,relay,BS_3,se_5,1,550.0,550.0,proposed_optimal_dkmcs,throughput
9.0,sn_3,relay,BS_3,sn_2,1,550.0,550.0,proposed_optimal_dkmcs,throughput
9.0,we_0,relay,BS_2,we_2,1,550.0,550.0,proposed_optimal_dkmcs,throughput
9.0,ns_5,relay,BS_2,ns_6,1,550.0,550.0,proposed_optimal_dkmcs,throughput
9.0,we_10,relay,BS_2,we_9,1,550.0,550.0,proposed_optimal_dkmcs,throughput
9.0,we_9,direct,BS_2,-1,1,550.0,550.0,proposed_optimal_dkmcs,throughput
9.0,ew_7,relay,BS_1,ew_6,1,550.0,550.0,proposed_optimal_dkmcs,throughput
9.0,sn_9,relay,BS_3,se_5,1,550.0,550.0,proposed_optimal_dkmcs,throughput
9.0,wn_3,relay,BS_2,we_5,1,550.0,550.0,proposed_optimal_dkmcs,throughput
9.0,wn_4,relay,BS_2,we_9,1,550.0,550.0,proposed_optimal_dkmcs,throughput
9.0,se_5,relay,BS_3,se_4,1,550.0,550.0,proposed_optimal_dkmcs,throughput
9.0,wn_6,relay,BS_2,we_9,1,550.0,550.0,proposed_optimal_dkmcs,throughput
9.0,se_0,relay,BS_3,sn_2,1,550.0,550.0,proposed_optimal_dkmcs,throughput
9.0,sn_8,relay,BS_3,se_5,1,550.0,550.0,proposed_optimal_dkmcs,throughput
9.0,ns_6,direct,BS_2,-1,1,550.0,550.0,proposed_optimal_dkmcs,throughput
9.0,ns_0,direct,BS_1,-1,1,550.0,550.0,proposed_optimal_dkmcs,throughput
9.0,wn_0,relay,BS_2,we_2,1,550.0,550.0,proposed_optimal_dkmcs,throughput
9.0,se_6,relay,BS_3,se_5,1,550.0,550.0,proposed_optimal_dkmcs,throughput
9.0,we_6,relay,BS_2,we_5,1,550.0,550.0,proposed_optimal_dkmcs,throughput
9.0,ns_1,direct,BS_1,-1,1,550.0,550.0,proposed_optimal_dkmcs,throughput
9.0,se_2,direct,BS_2,-1,1,550.0,550.0,proposed_optimal_dkmcs,throughput
9.0,sn_10,relay,BS_3,se_5,1,550.0,550.0,proposed_optimal_dkmcs,throughput
9.0,ew_3,direct,BS_3,-1,1,550.0,550.0,proposed_optimal_dkmcs,throughput
10.0,se_1,relay,BS_3,sn_6,1,550.0,550.0,proposed_optimal_dkmcs,throughput
10.0,se_7,relay,BS_2,se_6,1,550.0,550.0,proposed_optimal_dkmcs,throughput
10.0,sn_5,relay,BS_3,sn_6,1,550.0,550.0,proposed_optimal_dkmcs,throughput
10.0,ew_4,relay,BS_1,ew_6,1,550.0,550.0,proposed_optimal_dkmcs,throughput
10.0,ew_6,direct,BS_1,-1,1,550.0,550.0,proposed_optimal_dkmcs,throughput
10.0,we_11,relay,BS_2,wn_5,1,550.0,550.0,proposed_optimal_dkmcs,throughput
10.0,ew_8,relay,BS_1,ew_9,1,550.0,550.0,proposed_optimal_dkmcs,throughput
10.0,ew_10,relay,BS_1,ew_9,1,550.0,550.0,proposed_optimal_dkmcs,throughput
10.0,sn_4,relay,BS_3,sn_6,1,550.0,550.0,proposed_optimal_dkmcs,throughput
10.0,ns_2,relay,BS_1,ns_1,1,550.0,550.0,proposed_optimal_dkmcs,throughput
10.0,sn_6,direct,BS_3,-1,1,550.0,550.0,proposed_optimal_dkmcs,throughput
10.0,wn_7,relay,BS_2,we_11,1,550.0,550.0,proposed_optimal_dkmcs,throughput
10.0,ns_11,relay,BS_2,ns_10,1,550.0,550.0,proposed_optimal_dkmcs,throughput
10.0,ew_1,relay,BS_3,ew_2,1,550.0,550.0,proposed_optimal_dkmcs,throughput
10.0,ew_9,direct,BS_3,-1,1,550.0,550.0,proposed_optimal_dkmcs,throughput
10.0,sn_0,relay,BS_3,sn_1,1,550.0,550.0,proposed_optimal_dkmcs,throughput
10.0,we_5,relay,BS_2,wn_1,1,550.0,550.0,proposed_optimal_dkmcs,throughput
10.0,sn_2,relay,BS_3,sn_1,1,550.0,550.0,proposed_optimal_dkmcs,throughput
10.0,ns_9,relay,BS_2,ns_10,1,550.0,550.0,proposed_optimal_dkmcs,throughput
10.0,we_3,relay,BS_2,wn_1,1,550.0,550.0,proposed_optimal_dkmcs,throughput
10.0,ns_3,relay,BS_1,ns_1,1,550.0,550.0,proposed_optimal_dkmcs,throughput
10.0,ns_7,direct,BS_1,-1,1,550.0,550.0,proposed_optimal_dkmcs,throughput
10.0,ns_4,relay,BS_1,ns_3,1,550.0,550.0,proposed_optimal_dkmcs,throughput
10.0,we_8,relay,BS_2,wn_5,1,550.0,550.0,proposed_optimal_dkmcs,throughput
10.0,ew_11,relay,BS_1,ew_9,1,550.0,550.0,proposed_optimal_dkmcs,throughput
10.0,ns_8,relay,BS_2,ns_10,1,550.0,550.0,proposed_optimal_dkmcs,throughput
10.0,ns_10,direct,BS_1,-1,1,550.0,550.0,proposed_optimal_dkmcs,throughput
10.0,ew_0,direct,BS_1,-1,1,550.0,550.0,proposed_optimal_dkmcs,throughput
10.0,wn_5,relay,BS_2,we_8,1,550.0,550.0,proposed_optimal_dkmcs,throughput
10.0,we_2,relay,BS_2,wn_0,1,550.0,550.0,proposed_optimal_dkmcs,throughput
10.0,sn_7,relay,BS_3,sn_6,1,550.0,550.0,proposed_optimal_dkmcs,throughput
10.0,ew_2,direct,BS_1,-1,1,550.0,550.0,proposed_optimal_dkmcs,throughput
10.0,se_3,relay,BS_3,sn_6,1,550.0,550.0,proposed_optimal_dkmcs,throughput
10.0,ew_5,relay,BS_1,ew_6,1,550.0,550.0,proposed_optimal_dkmcs,throughput
10.0,sn_1,direct,BS_3,-1,1,550.0,550.0,proposed_optimal_dkmcs,throughput
10.0,wn_2,relay,BS_2,wn_1,1,550.0,550.0,proposed_optimal_dkmcs,throughput
10.0,we_7,relay,BS_2,we_8,1,550.0,550.0,proposed_optimal_dkmcs,throughput
10.0,wn_1,relay,BS_2,wn_0,1,550.0,550.0,proposed_optimal_dkmcs,throughput
10.0,we_1,relay,BS_2,wn_0,1,550.0,550.0,proposed_optimal_dkmcs,throughput
10.0,we_4,relay,BS_2,wn_0,1,550.0,550.0,proposed_optimal_dkmcs,throughput
10.0,sn_12,relay,BS_2,se_6,1,550.0,550.0,proposed_optimal_dkmcs,throughput
10.0,se_4,relay,BS_3,se_3,1,550.0,550.0,proposed_optimal_dkmcs,throughput
10.0,sn_3,relay,BS_3,sn_1,1,550.0,550.0,proposed_optimal_dkmcs,throughput
10.0,we_0,direct,BS_2,-1,1,550.0,550.0,proposed_optimal_dkmcs,throughput
10.0,ns_5,relay,BS_2,ns_4,1,550.0,550.0,proposed_optimal_dkmcs,throughput
10.0,we_10,relay,BS_2,wn_5,1,550.0,550.0,proposed_optimal_dkmcs,throughput
10.0,we_9,relay,BS_2,wn_5,1,550.0,550.0,proposed_optimal_dkmcs,throughput
10.0,ew_7,relay,BS_1,ew_6,1,550.0,550.0,proposed_optimal_dkmcs,throughput
10.0,sn_9,relay,BS_2,se_6,1,550.0,550.0,proposed_optimal_dkmcs,throughput
10.0,wn_3,relay,BS_2,we_8,1,550.0,550.0,proposed_optimal_dkmcs,throughput
10.0,wn_4,relay,BS_2,wn_5,1,550.0,550.0,proposed_optimal_dkmcs,throughput
10.0,se_5,relay,BS_3,sn_10,1,550.0,550.0,proposed_optimal_dkmcs,throughput
10.0,wn_6,relay,BS_2,wn_5,1,550.0,550.0,proposed_optimal_dkmcs,throughput
10.0,se_0,relay,BS_3,se_1,1,550.0,550.0,proposed_optimal_dkmcs,throughput
10.0,sn_8,relay,BS_3,se_3,1,550.0,550.0,proposed_optimal_dkmcs,throughput
10.0,sn_11,relay,BS_3,sn_10,1,550.0,550.0,proposed_optimal_dkmcs,throughput
10.0,ns_6,relay,BS_2,ns_4,1,550.0,550.0,proposed_optimal_dkmcs,throughput
10.0,ns_0,relay,BS_1,ns_1,1,550.0,550.0,proposed_optimal_dkmcs,throughput
10.0,wn_0,relay,BS_2,wn_1,1,550.0,550.0,proposed_optimal_dkmcs,throughput
10.0,we_12,relay,BS_2,we_11,1,550.0,550.0,proposed_optimal_dkmcs,throughput
10.0,we_6,direct,BS_2,-1,1,550.0,550.0,proposed_optimal_dkmcs,throughput
10.0,ns_1,direct,BS_1,-1,1,550.0,550.0,proposed_optimal_dkmcs,throughput
10.0,se_6,relay,BS_3,sn_10,1,550.0,550.0,proposed_optimal_dkmcs,throughput
10.0,se_2,relay,BS_3,sn_6,1,550.0,550.0,proposed_optimal_dkmcs,throughput
10.0,sn_10,direct,BS_3,-1,1,550.0,550.0,proposed_optimal_dkmcs,throughput
10.0,ew_3,relay,BS_3,ew_2,1,550.0,550.0,proposed_optimal_dkmcs,throughput
11.0,se_1,relay,BS_3,se_0,1,550.0,550.0,proposed_optimal_dkmcs,throughput
11.0,se_7,relay,BS_2,sn_12,1,550.0,550.0,proposed_optimal_dkmcs,throughput
11.0,sn_5,relay,BS_3,se_0,1,550.0,550.0,proposed_optimal_dkmcs,throughput
11.0,ew_4,relay,BS_1,ew_5,1,550.0,550.0,proposed_optimal_dkmcs,throughput
11.0,ew_6,relay,BS_1,ew_5,1,550.0,550.0,proposed_optimal_dkmcs,throughput
11.0,ew_13,relay,BS_1,ew_12,1,550.0,550.0,proposed_optimal_dkmcs,throughput
11.0,wn_8,relay,BS_2,wn_7,1,550.0,550.0,proposed_optimal_dkmcs,throughput
11.0,we_11,relay,BS_2,wn_7,1,550.0,550.0,proposed_optimal_dkmcs,throughput
11.0,ew_8,direct,BS_1,-1,1,550.0,550.0,proposed_optimal_dkmcs,throughput
11.0,ew_10,relay,BS_1,ew_12,1,550.0,550.0,proposed_optimal_dkmcs,throughput
11.0,sn_4,relay,BS_3,se_2,1,550.0,550.0,proposed_optimal_dkmcs,throughput
11.0,ns_2,relay,BS_1,ns_3,1,550.0,550.0,proposed_optimal_dkmcs,throughput
11.0,sn_6,relay,BS_3,se_2,1,550.0,550.0,proposed_optimal_dkmcs,throughput
11.0,wn_7,relay,BS_2,we_12,1,550.0,550.0,proposed_optimal_dkmcs,throughput
11.0,ns_12,direct,BS_1,-1,1,550.0,550.0,proposed_optimal_dkmcs,throughput
11.0,ns_11,relay,BS_1,ns_10,1,550.0,550.0,proposed_optimal_dkmcs,throughput
11.0,ew_1,relay,BS_3,ew_0,1,550.0,550.0,proposed_optimal_dkmcs,throughput
11.0,ew_9,relay,BS_1,ew_11,1,550.0,550.0,proposed_optimal_dkmcs,throughput
11.0,sn_0,relay,BS_3,sn_3,1,550.0,550.0,proposed_optimal_dkmcs,throughput
11.0,we_5,relay,BS_2,we_7,1,550.0,550.0,proposed_optimal_dkmcs,throughput
11.0,sn_2,relay,BS_3,se_0,1,550.0,550.0,proposed_optimal_dkmcs,throughput
11.0,ns_9,relay,BS_1,ns_10,1,550.0,550.0,proposed_optimal_dkmcs,throughput
11.0,we_3,direct,BS_2,-1,1,550.0,550.0,proposed_optimal_dkmcs,throughput
11.0,ns_3,relay,BS_1,ns_2,1,550.0,550.0,proposed_optimal_dkmcs,throughput
11.0,ns_7,direct,BS_1,-1,1,550.0,550.0,proposed_optimal_dkmcs,throughput
11.0,ns_4,relay,BS_1,ns_3,1,550.0,550.0,proposed_optimal_dkmcs,throughput
11.0,we_8,relay,BS_2,we_7,1,550.0,550.0,proposed_optimal_dkmcs,throughput
11.0,ew_11,relay,BS_1,ew_12,1,550.0,550.0,proposed_optimal_dkmcs,throughput
11.0,ns_8,relay,BS_1,ns_10,1,550.0,550.0,proposed_optimal_dkmcs,throughput
11.0,ns_10,direct,BS_1,-1,1,550.0,550.0,proposed_optimal_dkmcs,throughput
11.0,ew_0,direct,BS_3,-1,1,550.0,550.0,proposed_optimal_dkmcs,throughput
11.0,wn_5,relay,BS_2,we_8,1,550.0,550.0,proposed_optimal_dkmcs,throughput
11.0,we_2,relay,BS_2,we_3,1,550.0,550.0,proposed_optimal_dkmcs,throughput
11.0,sn_7,direct,BS_3,-1,1,550.0,550.0,proposed_optimal_dkmcs,throughput
11.0,ew_2,relay,BS_3,ew_0,1,550.0,550.0,proposed_optimal_dkmcs,throughput
11.0,se_3,relay,BS_3,se_4,1,550.0,550.0,proposed_optimal_dkmcs,throughput
11.0,ew_5,relay,BS_3,ew_4,1,550.0,550.0,proposed_optimal_dkmcs,throughput
11.0,sn_1,relay,BS_3,sn_3,1,550.0,550.0,proposed_optimal_dkmcs,throughput
11.0,wn_2,relay,BS_2,we_6,1,550.0,550.0,proposed_optimal_dkmcs,throughput
11.0,we_7,relay,BS_2,we_6,1,550.0,550.0,proposed_optimal_dkmcs,throughput
11.0,wn_1,relay,BS_2,we_6,1,550.0,550.0,proposed_optimal_dkmcs,throughput
11.0,we_1,relay,BS_2,we_3,1,550.0,550.0,proposed_optimal_dkmcs,throughput
11.0,we_4,relay,BS_2,we_6,1,550.0,550.0,proposed_optimal_dkmcs,throughput
11.0,sn_12,relay,BS_2,se_7,1,550.0,550.0,proposed_optimal_dkmcs,throughput
11.0,se_4,direct,BS_3,-1,1,550.0,550.0,proposed_optimal_dkmcs,throughput
11.0,sn_3,relay,BS_3,se_0,1,550.0,550.0,proposed_optimal_dkmcs,throughput
11.0,we_0,relay,BS_2,we_3,1,550.0,550.0,proposed_optimal_dkmcs,throughput
11.0,ns_5,relay,BS_2,ns_4,1,550.0,550.0,proposed_optimal_dkmcs,throughput
11.0,we_10,relay,BS_2,we_8,1,550.0,550.0,proposed_optimal_dkmcs,throughput
11.0,we_13,relay,BS_2,wn_7,1,550.0,550.0,proposed_optimal_dkmcs,throughput
11.0,we_9,relay,BS_2,we_8,1,550.0,550.0,proposed_optimal_dkmcs,throughput
11.0,ew_7,relay,BS_1,ew_5,1,550.0,550.0,proposed_optimal_dkmcs,throughput
11.0,sn_9,relay,BS_3,se_4,1,550.0,550.0,proposed_optimal_dkmcs,throughput
11.0,wn_3,relay,BS_2,we_8,1,550.0,550.0,proposed_optimal_dkmcs,throughput
11.0,wn_4,relay,BS_2,we_7,1,550.0,550.0,proposed_optimal_dkmcs,throughput
11.0,se_5,relay,BS_3,se_4,1,550.0,550.0,proposed_optimal_dkmcs,throughput
11.0,wn_6,relay,BS_2,wn_7,1,550.0,550.0,proposed_optimal_dkmcs,throughput
11.0,se_0,relay,BS_3,se_2,1,550.0,550.0,proposed_optimal_dkmcs,throughput
11.0,sn_8,relay,BS_3,se_4,1,550.0,550.0,proposed_optimal_dkmcs,throughput
11.0,sn_11,relay,BS_2,sn_12,1,550.0,550.0,proposed_optimal_dkmcs,throughput
11.0,ns_6,relay,BS_2,ns_4,1,550.0,550.0,proposed_optimal_dkmcs,throughput
11.0,ns_0,relay,BS_1,ns_2,1,550.0,550.0,proposed_optimal_dkmcs,throughput
11.0,ew_12,relay,BS_1,ew_11,1,550.0,550.0,proposed_optimal_dkmcs,throughput
11.0,wn_0,relay,BS_2,we_3,1,550.0,550.0,proposed_optimal_dkmcs,throughput
11.0,we_12,relay,BS_2,wn_7,1,550.0,550.0,proposed_optimal_dkmcs,throughput
11.0,we_6,relay,BS_2,we_7,1,550.0,550.0,proposed_optimal_dkmcs,throughput
11.0,ns_1,relay,BS_1,ns_2,1,550.0,550.0,proposed_optimal_dkmcs,throughput
11.0,sn_13,relay,BS_2,se_7,1,550.0,550.0,proposed_optimal_dkmcs,throughput
11.0,se_6,relay,BS_2,sn_12,1,550.0,550.0,proposed_optimal_dkmcs,throughput
11.0,se_2,relay,BS_3,sn_7,1,550.0,550.0,proposed_optimal_dkmcs,throughput
11.0,sn_10,relay,BS_3,se_4,1,550.0,550.0,proposed_optimal_dkmcs,throughput
11.0,ew_3,relay,BS_3,ew_0,1,550.0,550.0,proposed_optimal_dkmcs,throughput
12.0,se_7,relay,BS_2,sn_13,1,550.0,550.0,proposed_optimal_dkmcs,throughput
12.0,ew_6,direct,BS_3,-1,1,550.0,550.0,proposed_optimal_dkmcs,throughput
12.0,sn_5,relay,BS_3,se_2,1,550.0,550.0,proposed_optimal_dkmcs,throughput
12.0,ew_9,relay,BS_1,ew_10,1,550.0,550.0,proposed_optimal_dkmcs,throughput
12.0,we_8,relay,BS_2,we_10,1,550.0,550.0,proposed_optimal_dkmcs,throughput
12.0,we_14,relay,BS_2,we_13,1,550.0,550.0,proposed_optimal_dkmcs,throughput
12.0,ew_11,relay,BS_1,ew_10,1,550.0,550.0,proposed_optimal_dkmcs,throughput
12.0,se_4,relay,BS_3,se_5,1,550.0,550.0,proposed_optimal_dkmcs,throughput
12.0,we_10,relay,BS_2,we_9,1,550.0,550.0,proposed_optimal_dkmcs,throughput
12.0,wn_3,relay,BS_2,we_9,1,550.0,550.0,proposed_optimal_dkmcs,throughput
12.0,ns_6,relay,BS_1,ns_5,1,550.0,550.0,proposed_optimal_dkmcs,throughput
12.0,se_2,relay,BS_3,sn_7,1,550.0,550.0,proposed_optimal_dkmcs,throughput
12.0,ew_3,relay,BS_1,ew_0,1,550.0,550.0,proposed_optimal_dkmcs,throughput
12.0,ew_0,direct,BS_3,-1,1,550.0,550.0,proposed_optimal_dkmcs,throughput
12.0,ew_4,relay,BS_1,ew_6,1,550.0,550.0,proposed_optimal_dkmcs,throughput
12.0,ew_13,direct,BS_3,-1,1,550.0,550.0,proposed_optimal_dkmcs,throughput
12.0,wn_8,relay,BS_2,we_13,1,550.0,550.0,proposed_optimal_dkmcs,throughput
12.0,ew_8,relay,BS_1,ew_10,1,550.0,550.0,proposed_optimal_dkmcs,throughput
12.0,sn_14,relay,BS_3,sn_12,1,550.0,550.0,proposed_optimal_dkmcs,throughput
12.0,ns_11,relay,BS_1,ns_12,1,550.0,550.0,proposed_optimal_dkmcs,throughput
12.0,we_5,relay,BS_2,wn_1,1,550.0,550.0,proposed_optimal_dkmcs,throughput
12.0,sn_2,relay,BS_3,sn_0,1,550.0,550.0,proposed_optimal_dkmcs,throughput
12.0,ns_3,relay,BS_1,ns_2,1,550.0,550.0,proposed_optimal_dkmcs,throughput
12.0,sn_7,relay,BS_3,se_2,1,550.0,550.0,proposed_optimal_dkmcs,throughput
12.0,ew_5,relay,BS_1,ew_6,1,550.0,550.0,proposed_optimal_dkmcs,throughput
12.0,sn_1,relay,BS_3,sn_0,1,550.0,550.0,proposed_optimal_dkmcs,throughput
12.0,wn_2,relay,BS_2,we_5,1,550.0,550.0,proposed_optimal_dkmcs,throughput
12.0,we_7,relay,BS_2,we_5,1,550.0,550.0,proposed_optimal_dkmcs,throughput
12.0,we_1,relay,BS_2,we_3,1,550.0,550.0,proposed_optimal_dkmcs,throughput
12.0,ns_5,relay,BS_1,ns_7,1,550.0,550.0,proposed_optimal_dkmcs,throughput
12.0,we_0,relay,BS_2,we_3,1,550.0,550.0,proposed_optimal_dkmcs,throughput
12.0,ew_7,relay,BS_1,ew_6,1,550.0,550.0,proposed_optimal_dkmcs,throughput
12.0,ns_0,relay,BS_1,ns_2,1,550.0,550.0,proposed_optimal_dkmcs,throughput
12.0,sn_13,relay,BS_3,sn_12,1,550.0,550.0,proposed_optimal_dkmcs,throughput
12.0,se_3,relay,BS_3,sn_7,1,550.0,550.0,proposed_optimal_dkmcs,throughput
12.0,se_1,relay,BS_3,se_2,1,550.0,550.0,proposed_optimal_dkmcs,throughput
12.0,se_8,relay,BS_3,sn_12,1,550.0,550.0,proposed_optimal_dkmcs,throughput
12.0,ew_10,direct,BS_1,-1,1,550.0,550.0,proposed_optimal_dkmcs,throughput
12.0,ns_2,direct,BS_1,-1,1,550.0,550.0,proposed_optimal_dkmcs,throughput
12.0,wn_7,relay,BS_2,we_13,1,550.0,550.0,proposed_optimal_dkmcs,throughput
12.0,ns_12,relay,BS_2,ns_11,1,550.0,550.0,proposed_optimal_dkmcs,throughput
12.0,ew_1,relay,BS_1,ew_0,1,550.0,550.0,proposed_optimal_dkmcs,throughput
12.0,we_3,relay,BS_2,wn_1,1,550.0,550.0,proposed_optimal_dkmcs,throughput
12.0,ns_7,relay,BS_1,ns_5,1,550.0,550.0,proposed_optimal_dkmcs,throughput
12.0,ns_10,relay,BS_2,ns_11,1,550.0,550.0,proposed_optimal_dkmcs,throughput
12.0,wn_5,relay,BS_2,we_10,1,550.0,550.0,proposed_optimal_dkmcs,throughput
12.0,ns_13,relay,BS_1,ns_12,1,550.0,550.0,proposed_optimal_dkmcs,throughput
12.0,sn_3,relay,BS_3,sn_0,1,550.0,550.0,proposed_optimal_dkmcs,throughput
12.0,we_9,relay,BS_2,we_10,1,550.0,550.0,proposed_optimal_dkmcs,throughput
12.0,wn_4,relay,BS_2,we_9,1,550.0,550.0,proposed_optimal_dkmcs,throughput
12.0,sn_8,relay,BS_3,sn_10,1,550.0,550.0,proposed_optimal_dkmcs,throughput
12.0,sn_11,relay,BS_3,se_5,1,550.0,550.0,proposed_optimal_dkmcs,throughput
12.0,ew_12,relay,BS_1,ew_13,1,550.0,550.0,proposed_optimal_dkmcs,throughput
12.0,se_6,relay,BS_3,se_5,1,550.0,550.0,proposed_optimal_dkmcs,throughput
12.0,sn_10,direct,BS_3,-1,1,550.0,550.0,proposed_optimal_dkmcs,throughput
12.0,wn_9,relay,BS_2,we_13,1,550.0,550.0,proposed_optimal_dkmcs,throughput
12.0,we_11,relay,BS_2,we_10,1,550.0,550.0,proposed_optimal_dkmcs,throughput
12.0,sn_4,relay,BS_3,se_2,1,550.0,550.0,proposed_optimal_dkmcs,throughput
12.0,sn_6,relay,BS_3,sn_7,1,550.0,550.0,proposed_optimal_dkmcs,throughput
12.0,sn_0,relay,BS_2,sn_3,1,550.0,550.0,proposed_optimal_dkmcs,throughput
12.0,ns_9,relay,BS_2,ns_11,1,550.0,550.0,proposed_optimal_dkmcs,throughput
12.0,ns_4,relay,BS_1,ns_5,1,550.0,550.0,proposed_optimal_dkmcs,throughput
12.0,ns_8,relay,BS_1,ns_7,1,550.0,550.0,proposed_optimal_dkmcs,throughput
12.0,ew_2,relay,BS_1,ew_0,1,550.0,550.0,proposed_optimal_dkmcs,throughput
12.0,we_15,relay,BS_2,we_13,1,550.0,550.0,proposed_optimal_dkmcs,throughput
12.0,wn_1,relay,BS_2,we_5,1,550.0,550.0,proposed_optimal_dkmcs,throughput
12.0,we_4,relay,BS_2,we_5,1,550.0,550.0,proposed_optimal_dkmcs,throughput
12.0,ew_14,relay,BS_1,ew_13,1,550.0,550.0,proposed_optimal_dkmcs,throughput
12.0,sn_12,relay,BS_2,sn_13,1,550.0,550.0,proposed_optimal_dkmcs,throughput
12.0,we_13,relay,BS_2,wn_8,1,550.0,550.0,proposed_optimal_dkmcs,throughput
12.0,sn_9,relay,BS_3,se_5,1,550.0,550.0,proposed_optimal_dkmcs,throughput
12.0,se_5,relay,BS_3,sn_10,1,550.0,550.0,proposed_optimal_dkmcs,throughput
12.0,wn_6,relay,BS_2,we_10,1,550.0,550.0,proposed_optimal_dkmcs,throughput
12.0,se_0,relay,BS_2,sn_3,1,550.0,550.0,proposed_optimal_dkmcs,throughput
12.0,wn_0,relay,BS_2,wn_1,1,550.0,550.0,proposed_optimal_dkmcs,throughput
12.0,we_12,relay,BS_2,we_13,1,550.0,550.0,proposed_optimal_dkmcs,throughput
12.0,we_6,relay,BS_2,we_5,1,550.0,550.0,proposed_optimal_dkmcs,throughput
12.0,ns_1,relay,BS_1,ns_2,1,550.0,550.0,proposed_optimal_dkmcs,throughput
12.0,we_2,relay,BS_2,we_3,1,550.0,550.0,proposed_optimal_dkmcs,throughput
13.0,we_16,relay,BS_2,we_15,1,550.0,550.0,proposed_optimal_dkmcs,throughput
13.0,se_7,relay,BS_3,se_8,1,550.0,550.0,proposed_optimal_dkmcs,throughput
13.0,sn_5,relay,BS_3,sn_6,1,550.0,550.0,proposed_optimal_dkmcs,throughput
13.0,ew_6,relay,BS_3,ew_7,1,550.0,550.0,proposed_optimal_dkmcs,throughput
13.0,ew_9,relay,BS_1,ew_8,1,550.0,550.0,proposed_optimal_dkmcs,throughput
13.0,se_9,relay,BS_3,se_8,1,550.0,550.0,proposed_optimal_dkmcs,throughput
13.0,we_8,relay,BS_2,wn_4,1,550.0,550.0,proposed_optimal_dkmcs,throughput
13.0,we_14,relay,BS_2,we_13,1,550.0,550.0,proposed_optimal_dkmcs,throughput
13.0,ew_11,relay,BS_3,ew_13,1,550.0,550.0,proposed_optimal_dkmcs,throughput
13.0,se_4,relay,BS_3,se_5,1,550.0,550.0,proposed_optimal_dkmcs,throughput
13.0,we_10,relay,BS_2,wn_6,1,550.0,550.0,proposed_optimal_dkmcs,throughput
13.0,wn_3,relay,BS_2,wn_4,1,550.0,550.0,proposed_optimal_dkmcs,throughput
13.0,ns_6,relay,BS_1,ns_7,1,550.0,550.0,proposed_optimal_dkmcs,throughput
13.0,se_2,relay,BS_3,sn_6,1,550.0,550.0,proposed_optimal_dkmcs,throughput
13.0,ew_3,direct,BS_1,-1,1,550.0,550.0,proposed_optimal_dkmcs,throughput
13.0,ew_0,relay,BS_2,ew_3,1,550.0,550.0,proposed_optimal_dkmcs,throughput
13.0,ew_4,relay,BS_3,ew_7,1,550.0,550.0,proposed_optimal_dkmcs,throughput
13.0,ew_13,relay,BS_1,ew_14,1,550.0,550.0,proposed_optimal_dkmcs,throughput
13.0,wn_8,relay,BS_2,we_13,1,550.0,550.0,proposed_optimal_dkmcs,throughput
13.0,ew_8,relay,BS_3,ew_7,1,550.0,550.0,proposed_optimal_dkmcs,throughput
13.0,sn_14,relay,BS_3,se_8,1,550.0,550.0,proposed_optimal_dkmcs,throughput
13.0,ns_11,relay,BS_1,ns_12,1,550.0,550.0,proposed_optimal_dkmcs,throughput
13.0,we_5,relay,BS_2,we_6,1,550.0,550.0,proposed_optimal_dkmcs,throughput
13.0,sn_2,relay,BS_3,sn_1,1,550.0,550.0,proposed_optimal_dkmcs,throughput
13.0,ns_3,relay,BS_1,ns_1,1,550.0,550.0,proposed_optimal_dkmcs,throughput
13.0,sn_7,relay,BS_3,sn_6,1,550.0,550.0,proposed_optimal_dkmcs,throughput
13.0,ew_5,relay,BS_3,ew_7,1,550.0,550.0,proposed_optimal_dkmcs,throughput
13.0,sn_1,relay,BS_3,sn_2,1,550.0,550.0,proposed_optimal_dkmcs,throughput
13.0,wn_2,relay,BS_2,we_6,1,550.0,550.0,proposed_optimal_dkmcs,throughput
13.0,ns_14,relay,BS_1,ns_12,1,550.0,550.0,proposed_optimal_dkmcs,throughput
13.0,we_7,relay,BS_2,wn_3,1,550.0,550.0,proposed_optimal_dkmcs,throughput
13.0,we_1,relay,BS_2,we_0,1,550.0,550.0,proposed_optimal_dkmcs,throughput
13.0,ns_5,relay,BS_1,ns_7,1,550.0,550.0,proposed_optimal_dkmcs,throughput
13.0,we_0,relay,BS_2,we_1,1,550.0,550.0,proposed_optimal_dkmcs,throughput
13.0,ew_7,relay,BS_1,ew_8,1,550.0,550.0,proposed_optimal_dkmcs,throughput
13.0,ns_0,relay,BS_1,ns_3,1,550.0,550.0,proposed_optimal_dkmcs,throughput
13.0,sn_13,relay,BS_3,se_8,1,550.0,550.0,proposed_optimal_dkmcs,throughput
13.0,se_3,relay,BS_3,se_4,1,550.0,550.0,proposed_optimal_dkmcs,throughput
13.0,se_1,relay,BS_3,sn_6,1,550.0,550.0,proposed_optimal_dkmcs,throughput
13.0,se_8,direct,BS_3,-1,1,550.0,550.0,proposed_optimal_dkmcs,throughput
13.0,ew_10,relay,BS_1,ew_8,1,550.0,550.0,proposed_optimal_dkmcs,throughput
13.0,ns_2,relay,BS_1,ns_1,1,550.0,550.0,proposed_optimal_dkmcs,throughput
13.0,wn_7,relay,BS_2,wn_6,1,550.0,550.0,proposed_optimal_dkmcs,throughput
13.0,ns_12,relay,BS_1,ns_11,1,550.0,550.0,proposed_optimal_dkmcs,throughput
13.0,ew_1,relay,BS_2,ew_3,1,550.0,550.0,proposed_optimal_dkmcs,throughput
13.0,we_3,relay,BS_2,we_4,1,550.0,550.0,proposed_optimal_dkmcs,throughput
13.0,ns_7,relay,BS_1,ns_6,1,550.0,550.0,proposed_optimal_dkmcs,throughput
13.0,ns_10,relay,BS_1,ns_11,1,550.0,550.0,proposed_optimal_dkmcs,throughput
13.0,wn_5,relay,BS_2,wn_4,1,550.0,550.0,proposed_optimal_dkmcs,throughput
13.0,ns_13,relay,BS_1,ns_12,1,550.0,550.0,proposed_optimal_dkmcs,throughput
13.0,sn_3,relay,BS_3,sn_2,1,550.0,550.0,proposed_optimal_dkmcs,throughput
13.0,we_9,relay,BS_2,wn_4,1,550.0,550.0,proposed_optimal_dkmcs,throughput
13.0,wn_4,relay,BS_2,wn_3,1,550.0,550.0,proposed_optimal_dkmcs,throughput
13.0,sn_8,relay,BS_3,se_4,1,550.0,550.0,proposed_optimal_dkmcs,throughput
13.0,sn_11,relay,BS_3,se_5,1,550.0,550.0,proposed_optimal_dkmcs,throughput
13.0,ew_12,relay,BS_1,ew_14,1,550.0,550.0,proposed_optimal_dkmcs,throughput
13.0,se_6,relay,BS_3,se_5,1,550.0,550.0,proposed_optimal_dkmcs,throughput
13.0,ew_15,relay,BS_1,ew_14,1,550.0,550.0,proposed_optimal_dkmcs,throughput
13.0,sn_10,relay,BS_3,se_4,1,550.0,550.0,proposed_optimal_dkmcs,throughput
13.0,wn_9,relay,BS_2,we_15,1,550.0,550.0,proposed_optimal_dkmcs,throughput
13.0,sn_15,relay,BS_3,se_8,1,550.0,550.0,proposed_optimal_dkmcs,throughput
13.0,we_11,relay,BS_2,wn_6,1,550.0,550.0,proposed_optimal_dkmcs,throughput
13.0,sn_4,relay,BS_3,sn_6,1,550.0,550.0,proposed_optimal_dkmcs,throughput
13.0,sn_6,direct,BS_3,-1,1,550.0,550.0,proposed_optimal_dkmcs,throughput
13.0,sn_0,relay,BS_3,sn_1,1,550.0,550.0,proposed_optimal_dkmcs,throughput
13.0,ns_9,relay,BS_1,ns_11,1,550.0,550.0,proposed_optimal_dkmcs,throughput
13.0,ns_15,direct,BS_1,-1,1,550.0,550.0,proposed_optimal_dkmcs,throughput
13.0,ns_4,relay,BS_1,ns_6,1,550.0,550.0,proposed_optimal_dkmcs,throughput
13.0,ns_8,relay,BS_1,ns_7,1,550.0,550.0,proposed_optimal_dkmcs,throughput
13.0,ew_2,relay,BS_2,ew_3,1,550.0,550.0,proposed_optimal_dkmcs,throughput
13.0,we_15,relay,BS_2,we_13,1,550.0,550.0,proposed_optimal_dkmcs,throughput
13.0,wn_1,relay,BS_2,we_4,1,550.0,550.0,proposed_optimal_dkmcs,throughput
13.0,we_4,relay,BS_2,we_6,1,550.0,550.0,proposed_optimal_dkmcs,throughput
13.0,ew_14,relay,BS_3,ew_13,1,550.0,550.0,proposed_optimal_dkmcs,throughput
13.0,sn_12,relay,BS_3,se_8,1,550.0,550.0,proposed_optimal_dkmcs,throughput
13.0,we_13,relay,BS_2,wn_6,1,550.0,550.0,proposed_optimal_dkmcs,throughput
13.0,sn_9,relay,BS_3,se_4,1,550.0,550.0,proposed_optimal_dkmcs,throughput
13.0,se_5,relay,BS_3,se_4,1,550.0,550.0,proposed_optimal_dkmcs,throughput
13.0,wn_6,relay,BS_2,we_13,1,550.0,550.0,proposed_optimal_dkmcs,throughput
13.0,se_0,relay,BS_3,sn_6,1,550.0,550.0,proposed_optimal_dkmcs,throughput
13.0,wn_0,relay,BS_2,we_4,1,550.0,550.0,proposed_optimal_dkmcs,throughput
13.0,we_12,relay,BS_2,we_13,1,550.0,550.0,proposed_optimal_dkmcs,throughput
13.0,we_6,relay,BS_2,we_4,1,550.0,550.0,proposed_optimal_dkmcs,throughput
13.0,ns_1,relay,BS_1,ns_3,1,550.0,550.0,proposed_optimal_dkmcs,throughput
13.0,we_2,relay,BS_2,we_0,1,550.0,550.0,proposed_optimal_dkmcs,throughput
14.0,we_16,relay,BS_2,we_14,1,550.0,550.0,proposed_optimal_dkmcs,throughput
14.0,se_7,relay,BS_3,se_8,1,550.0,550.0,proposed_optimal_dkmcs,throughput
14.0,sn_5,relay,BS_3,se_2,1,550.0,550.0,proposed_optimal_dkmcs,throughput
14.0,ew_6,relay,BS_1,ew_7,1,550.0,550.0,proposed_optimal_dkmcs,throughput
14.0,ew_9,relay,BS_3,ew_8,1,550.0,550.0,proposed_optimal_dkmcs,throughput
14.0,se_9,relay,BS_3,sn_15,1,550.0,550.0,proposed_optimal_dkmcs,throughput
14.0,we_8,relay,BS_2,wn_5,1,550.0,550.0,proposed_optimal_dkmcs,throughput
14.0,we_14,relay,BS_2,we_13,1,550.0,550.0,proposed_optimal_dkmcs,throughput
14.0,ew_11,relay,BS_1,ew_12,1,550.0,550.0,proposed_optimal_dkmcs,throughput
14.0,sn_16,relay,BS_3,sn_15,1,550.0,550.0,proposed_optimal_dkmcs,throughput
14.0,sn_17,relay,BS_3,sn_15,1,550.0,550.0,proposed_optimal_dkmcs,throughput
14.0,se_4,relay,BS_3,sn_9,1,550.0,550.0,proposed_optimal_dkmcs,throughput
14.0,we_10,relay,BS_2,wn_4,1,550.0,550.0,proposed_optimal_dkmcs,throughput
14.0,wn_3,relay,BS_2,wn_5,1,550.0,550.0,proposed_optimal_dkmcs,throughput
14.0,ns_6,relay,BS_1,ns_7,1,550.0,550.0,proposed_optimal_dkmcs,throughput
14.0,se_2,relay,BS_3,sn_7,1,550.0,550.0,proposed_optimal_dkmcs,throughput
14.0,ew_3,relay,BS_1,ew_1,1,550.0,550.0,proposed_optimal_dkmcs,throughput
14.0,ew_0,relay,BS_1,ew_1,1,550.0,550.0,proposed_optimal_dkmcs,throughput
14.0,ew_4,relay,BS_1,ew_7,1,550.0,550.0,proposed_optimal_dkmcs,throughput
14.0,ew_13,relay,BS_3,ew_14,1,550.0,550.0,proposed_optimal_dkmcs,throughput
14.0,wn_8,relay,BS_2,we_13,1,550.0,550.0,proposed_optimal_dkmcs,throughput
14.0,ew_8,relay,BS_1,ew_7,1,550.0,550.0,proposed_optimal_dkmcs,throughput
14.0,sn_14,relay,BS_3,sn_15,1,550.0,550.0,proposed_optimal_dkmcs,throughput
14.0,ns_11,direct,BS_1,-1,1,550.0,550.0,proposed_optimal_dkmcs,throughput
14.0,we_5,relay,BS_2,wn_0,1,550.0,550.0,proposed_optimal_dkmcs,throughput
14.0,sn_2,relay,BS_3,sn_3,1,550.0,550.0,proposed_optimal_dkmcs,throughput
14.0,ns_3,relay,BS_1,ns_0,1,550.0,550.0,proposed_optimal_dkmcs,throughput
14.0,sn_7,relay,BS_3,se_2,1,550.0,550.0,proposed_optimal_dkmcs,throughput
14.0,ew_5,relay,BS_1,ew_7,1,550.0,550.0,proposed_optimal_dkmcs,throughput
14.0,sn_1,relay,BS_3,sn_3,1,550.0,550.0,proposed_optimal_dkmcs,throughput
14.0,wn_2,relay,BS_2,we_5,1,550.0,550.0,proposed_optimal_dkmcs,throughput
14.0,ns_14,relay,BS_1,ns_15,1,550.0,550.0,proposed_optimal_dkmcs,throughput
14.0,we_7,relay,BS_2,we_5,1,550.0,550.0,proposed_optimal_dkmcs,throughput
14.0,we_1,relay,BS_2,we_2,1,550.0,550.0,proposed_optimal_dkmcs,throughput
14.0,ns_5,relay,BS_1,ns_7,1,550.0,550.0,proposed_optimal_dkmcs,throughput
14.0,we_0,relay,BS_2,we_2,1,550.0,550.0,proposed_optimal_dkmcs,throughput
14.0,ew_7,relay,BS_3,ew_8,1,550.0,550.0,proposed_optimal_dkmcs,throughput
14.0,ns_0,relay,BS_1,ns_3,1,550.0,550.0,proposed_optimal_dkmcs,throughput
14.0,sn_13,relay,BS_3,se_6,1,550.0,550.0,proposed_optimal_dkmcs,throughput
14.0,se_3,relay,BS_3,sn_7,1,550.0,550.0,proposed_optimal_dkmcs,throughput
14.0,se_1,relay,BS_3,se_2,1,550.0,550.0,proposed_optimal_dkmcs,throughput
14.0,se_8,relay,BS_3,sn_15,1,550.0,550.0,proposed_optimal_dkmcs,throughput
14.0,ew_10,relay,BS_3,ew_8,1,550.0,550.0,proposed_optimal_dkmcs,throughput
14.0,ns_2,relay,BS_1,ns_3,1,550.0,550.0,proposed_optimal_dkmcs,throughput
14.0,wn_7,relay,BS_2,we_14,1,550.0,550.0,proposed_optimal_dkmcs,throughput
14.0,ns_12,relay,BS_1,ns_13,1,550.0,550.0,proposed_optimal_dkmcs,throughput
14.0,ew_1,relay,BS_1,ew_3,1,550.0,550.0,proposed_optimal_dkmcs,throughput
14.0,we_3,relay,BS_2,wn_0,1,550.0,550.0,proposed_optimal_dkmcs,throughput
14.0,ns_7,relay,BS_2,ns_8,1,550.0,550.0,proposed_optimal_dkmcs,throughput
14.0,ns_10,relay,BS_2,ns_8,1,550.0,550.0,proposed_optimal_dkmcs,throughput
14.0,wn_5,relay,BS_2,wn_4,1,550.0,550.0,proposed_optimal_dkmcs,throughput
14.0,ns_13,relay,BS_1,ns_15,1,550.0,550.0,proposed_optimal_dkmcs,throughput
14.0,we_17,relay,BS_2,we_15,1,550.0,550.0,proposed_optimal_dkmcs,throughput
14.0,sn_3,relay,BS_2,sn_2,1,550.0,550.0,proposed_optimal_dkmcs,throughput
14.0,we_9,relay,BS_2,wn_5,1,550.0,550.0,proposed_optimal_dkmcs,throughput
14.0,ew_16,relay,BS_3,ew_14,1,550.0,550.0,proposed_optimal_dkmcs,throughput
14.0,wn_4,relay,BS_2,wn_5,1,550.0,550.0,proposed_optimal_dkmcs,throughput
14.0,sn_8,relay,BS_3,se_5,1,550.0,550.0,proposed_optimal_dkmcs,throughput
14.0,sn_11,relay,BS_3,se_6,1,550.0,550.0,proposed_optimal_dkmcs,throughput
14.0,ew_12,relay,BS_3,ew_14,1,550.0,550.0,proposed_optimal_dkmcs,throughput
14.0,se_6,relay,BS_3,se_5,1,550.0,550.0,proposed_optimal_dkmcs,throughput
14.0,ew_15,relay,BS_3,ew_14,1,550.0,550.0,proposed_optimal_dkmcs,throughput
14.0,sn_10,relay,BS_3,sn_9,1,550.0,550.0,proposed_optimal_dkmcs,throughput
14.0,wn_9,relay,BS_2,we_14,1,550.0,550.0,proposed_optimal_dkmcs,throughput
14.0,sn_15,relay,BS_3,se_8,1,550.0,550.0,proposed_optimal_dkmcs,throughput
14.0,we_11,relay,BS_2,wn_5,1,550.0,550.0,proposed_optimal_dkmcs,throughput
14.0,sn_4,relay,BS_3,se_2,1,550.0,550.0,proposed_optimal_dkmcs,throughput
14.0,ns_16,relay,BS_1,ns_15,1,550.0,550.0,proposed_optimal_dkmcs,throughput
14.0,sn_6,relay,BS_3,se_2,1,550.0,550.0,proposed_optimal_dkmcs,throughput
14.0,sn_0,relay,BS_3,sn_3,1,550.0,550.0,proposed_optimal_dkmcs,throughput
14.0,ns_9,relay,BS_2,ns_8,1,550.0,550.0,proposed_optimal_dkmcs,throughput
14.0,ns_15,relay,BS_1,ns_13,1,550.0,550.0,proposed_optimal_dkmcs,throughput
14.0,ns_4,relay,BS_1,ns_7,1,550.0,550.0,proposed_optimal_dkmcs,throughput
14.0,ns_8,relay,BS_1,ns_7,1,550.0,550.0,proposed_optimal_dkmcs,throughput
14.0,ew_2,relay,BS_1,ew_1,1,550.0,550.0,proposed_optimal_dkmcs,throughput
14.0,we_15,relay,BS_2,we_13,1,550.0,550.0,proposed_optimal_dkmcs,throughput
14.0,wn_1,relay,BS_2,we_5,1,550.0,550.0,proposed_optimal_dkmcs,throughput
14.0,we_4,relay,BS_2,wn_0,1,550.0,550.0,proposed_optimal_dkmcs,throughput
14.0,ew_14,relay,BS_1,ew_12,1,550.0,550.0,proposed_optimal_dkmcs,throughput
14.0,sn_12,relay,BS_3,se_6,1,550.0,550.0,proposed_optimal_dkmcs,throughput
14.0,we_13,relay,BS_2,we_14,1,550.0,550.0,proposed_optimal_dkmcs,throughput
14.0,sn_9,relay,BS_3,se_5,1,550.0,550.0,proposed_optimal_dkmcs,throughput
14.0,se_5,relay,BS_3,sn_9,1,550.0,550.0,proposed_optimal_dkmcs,throughput
14.0,wn_6,relay,BS_2,we_13,1,550.0,550.0,proposed_optimal_dkmcs,throughput
14.0,se_0,relay,BS_3,se_2,1,550.0,550.0,proposed_optimal_dkmcs,throughput
14.0,wn_0,relay,BS_2,we_5,1,550.0,550.0,proposed_optimal_dkmcs,throughput
14.0,we_12,relay,BS_2,we_13,1,550.0,550.0,proposed_optimal_dkmcs,throughput
14.0,we_6,relay,BS_2,we_5,1,550.0,550.0,proposed_optimal_dkmcs,throughput
14.0,ns_1,relay,BS_1,ns_0,1,550.0,550.0,proposed_optimal_dkmcs,throughput
14.0,we_2,relay,BS_2,wn_0,1,550.0,550.0,proposed_optimal_dkmcs,throughput
15.0,we_16,relay,BS_2,wn_8,1,550.0,550.0,proposed_optimal_dkmcs,throughput
15.0,se_7,relay,BS_3,se_6,1,550.0,550.0,proposed_optimal_dkmcs,throughput
15.0,sn_5,relay,BS_2,se_1,1,550.0,550.0,proposed_optimal_dkmcs,throughput
15.0,ew_6,relay,BS_1,ew_7,1,550.0,550.0,proposed_optimal_dkmcs,throughput
15.0,ew_9,relay,BS_3,ew_10,1,550.0,550.0,proposed_optimal_dkmcs,throughput
15.0,se_9,relay,BS_3,sn_15,1,550.0,550.0,proposed_optimal_dkmcs,throughput
15.0,we_8,relay,BS_2,wn_5,1,550.0,550.0,proposed_optimal_dkmcs,throughput
15.0,we_14,relay,BS_2,wn_8,1,550.0,550.0,proposed_optimal_dkmcs,throughput
15.0,ew_11,relay,BS_3,ew_10,1,550.0,550.0,proposed_optimal_dkmcs,throughput
15.0,sn_16,relay,BS_3,sn_15,1,550.0,550.0,proposed_optimal_dkmcs,throughput
15.0,ns_17,relay,BS_1,ns_16,1,550.0,550.0,proposed_optimal_dkmcs,throughput
15.0,sn_17,relay,BS_3,sn_16,1,550.0,550.0,proposed_optimal_dkmcs,throughput
15.0,se_4,relay,BS_3,se_5,1,550.0,550.0,proposed_optimal_dkmcs,throughput
15.0,we_10,relay,BS_2,wn_5,1,550.0,550.0,proposed_optimal_dkmcs,throughput
15.0,wn_3,relay,BS_2,wn_5,1,550.0,550.0,proposed_optimal_dkmcs,throughput
15.0,ns_6,relay,BS_1,ns_5,1,550.0,550.0,proposed_optimal_dkmcs,throughput
15.0,se_2,relay,BS_2,se_1,1,550.0,550.0,proposed_optimal_dkmcs,throughput
15.0,ew_3,relay,BS_3,ew_1,1,550.0,550.0,proposed_optimal_dkmcs,throughput
15.0,ew_0,relay,BS_3,ew_1,1,550.0,550.0,proposed_optimal_dkmcs,throughput
15.0,ew_4,relay,BS_1,ew_7,1,550.0,550.0,proposed_optimal_dkmcs,throughput
15.0,ew_13,relay,BS_3,ew_14,1,550.0,550.0,proposed_optimal_dkmcs,throughput
15.0,sn_18,relay,BS_3,sn_16,1,550.0,550.0,proposed_optimal_dkmcs,throughput
15.0,ew_17,relay,BS_1,ew_16,1,550.0,550.0,proposed_optimal_dkmcs,throughput
15.0,wn_8,relay,BS_2,we_15,1,550.0,550.0,proposed_optimal_dkmcs,throughput
15.0,ew_8,relay,BS_1,ew_7,1,550.0,550.0,proposed_optimal_dkmcs,throughput
15.0,sn_14,relay,BS_3,sn_15,1,550.0,550.0,proposed_optimal_dkmcs,throughput
15.0,ns_11,relay,BS_1,ns_9,1,550.0,550.0,proposed_optimal_dkmcs,throughput
15.0,we_5,relay,BS_2,wn_0,1,550.0,550.0,proposed_optimal_dkmcs,throughput
15.0,sn_2,relay,BS_2,sn_3,1,550.0,550.0,proposed_optimal_dkmcs,throughput
15.0,ns_3,relay,BS_1,ns_2,1,550.0,550.0,proposed_optimal_dkmcs,throughput
15.0,sn_7,relay,BS_2,se_1,1,550.0,550.0,proposed_optimal_dkmcs,throughput
15.0,ew_5,relay,BS_1,ew_7,1,550.0,550.0,proposed_optimal_dkmcs,throughput
15.0,sn_1,relay,BS_2,sn_0,1,550.0,550.0,proposed_optimal_dkmcs,throughput
15.0,wn_2,relay,BS_2,we_5,1,550.0,550.0,proposed_optimal_dkmcs,throughput
15.0,ns_14,relay,BS_1,ns_15,1,550.0,550.0,proposed_optimal_dkmcs,throughput
15.0,we_7,relay,BS_2,we_5,1,550.0,550.0,proposed_optimal_dkmcs,throughput
15.0,we_1,relay,BS_2,we_3,1,550.0,550.0,proposed_optimal_dkmcs,throughput
15.0,ns_5,relay,BS_1,ns_6,1,550.0,550.0,proposed_optimal_dkmcs,throughput
15.0,we_0,relay,BS_2,we_3,1,550.0,550.0,proposed_optimal_dkmcs,throughput
15.0,ew_7,relay,BS_3,ew_8,1,550.0,550.0,proposed_optimal_dkmcs,throughput
15.0,ns_0,relay,BS_1,ns_2,1,550.0,550.0,proposed_optimal_dkmcs,throughput
15.0,we_18,relay,BS_2,we_15,1,440.00000000000006,550.0,proposed_optimal_dkmcs,throughput
15.0,sn_13,relay,BS_3,se_6,1,550.0,550.0,proposed_optimal_dkmcs,throughput
15.0,se_3,relay,BS_3,se_5,1,550.0,550.0,proposed_optimal_dkmcs,throughput
15.0,se_1,relay,BS_3,se_2,1,550.0,550.0,proposed_optimal_dkmcs,throughput
15.0,se_8,relay,BS_3,sn_15,1,550.0,550.0,proposed_optimal_dkmcs,throughput
15.0,ew_10,relay,BS_3,ew_8,1,550.0,550.0,proposed_optimal_dkmcs,throughput
15.0,ns_2,relay,BS_1,ns_3,1,550.0,550.0,proposed_optimal_dkmcs,throughput
15.0,wn_7,relay,BS_2,wn_8,1,550.0,550.0,proposed_optimal_dkmcs,throughput
15.0,ns_12,relay,BS_1,ns_11,1,550.0,550.0,proposed_optimal_dkmcs,throughput
15.0,ew_1,relay,BS_3,ew_3,1,550.0,550.0,proposed_optimal_dkmcs,throughput
15.0,we_3,relay,BS_2,wn_0,1,550.0,550.0,proposed_optimal_dkmcs,throughput
15.0,ns_7,relay,BS_1,ns_5,1,550.0,550.0,proposed_optimal_dkmcs,throughput
15.0,ns_10,relay,BS_1,ns_11,1,550.0,550.0,proposed_optimal_dkmcs,throughput
15.0,wn_5,relay,BS_2,we_10,1,550.0,550.0,proposed_optimal_dkmcs,throughput
15.0,ns_13,relay,BS_1,ns_15,1,550.0,550.0,proposed_optimal_dkmcs,throughput
15.0,we_17,relay,BS_2,we_15,1,550.0,550.0,proposed_optimal_dkmcs,throughput
15.0,sn_3,relay,BS_2,sn_0,1,550.0,550.0,proposed_optimal_dkmcs,throughput
15.0,we_9,relay,BS_2,wn_5,1,550.0,550.0,proposed_optimal_dkmcs,throughput
15.0,ew_16,relay,BS_3,ew_14,1,550.0,550.0,proposed_optimal_dkmcs,throughput
15.0,wn_4,relay,BS_2,wn_5,1,550.0,550.0,proposed_optimal_dkmcs,throughput
15.0,sn_8,relay,BS_3,se_5,1,550.0,550.0,proposed_optimal_dkmcs,throughput
15.0,sn_11,relay,BS_3,se_5,1,550.0,550.0,proposed_optimal_dkmcs,throughput
15.0,ew_12,relay,BS_3,ew_14,1,550.0,550.0,proposed_optimal_dkmcs,throughput
15.0,se_6,relay,BS_3,se_5,1,550.0,550.0,proposed_optimal_dkmcs,throughput
15.0,ew_15,relay,BS_3,ew_14,1,550.0,550.0,proposed_optimal_dkmcs,throughput
15.0,sn_10,relay,BS_3,se_5,1,550.0,550.0,proposed_optimal_dkmcs,throughput
15.0,wn_9,relay,BS_2,wn_8,1,550.0,550.0,proposed_optimal_dkmcs,throughput
15.0,sn_15,relay,BS_3,sn_16,1,550.0,550.0,proposed_optimal_dkmcs,throughput
15.0,ew_18,relay,BS_1,ew_16,1,550.0,550.0,proposed_optimal_dkmcs,throughput
15.0,we_11,relay,BS_2,wn_5,1,550.0,550.0,proposed_optimal_dkmcs,throughput
15.0,sn_4,relay,BS_2,se_1,1,550.0,550.0,proposed_optimal_dkmcs,throughput
15.0,ns_16,relay,BS_1,ns_15,1,550.0,550.0,proposed_optimal_dkmcs,throughput
15.0,sn_6,relay,BS_2,se_1,1,550.0,550.0,proposed_optimal_dkmcs,throughput
15.0,sn_0,relay,BS_2,sn_3,1,550.0,550.0,proposed_optimal_dkmcs,throughput
15.0,ns_9,relay,BS_1,ns_11,1,550.0,550.0,proposed_optimal_dkmcs,throughput
15.0,ns_15,relay,BS_1,ns_16,1,550.0,550.0,proposed_optimal_dkmcs,throughput
15.0,ns_4,relay,BS_1,ns_5,1,550.0,550.0,proposed_optimal_dkmcs,throughput
15.0,ns_8,relay,BS_1,ns_9,1,550.0,550.0,proposed_optimal_dkmcs,throughput
15.0,ew_2,relay,BS_3,ew_1,1,550.0,550.0,proposed_optimal_dkmcs,throughput
15.0,we_15,relay,BS_2,wn_8,1,550.0,550.0,proposed_optimal_dkmcs,throughput
15.0,wn_1,relay,BS_2,wn_0,1,550.0,550.0,proposed_optimal_dkmcs,throughput
15.0,we_4,relay,BS_2,wn_0,1,550.0,550.0,proposed_optimal_dkmcs,throughput
15.0,ew_14,relay,BS_1,ew_16,1,550.0,550.0,proposed_optimal_dkmcs,throughput
15.0,sn_12,relay,BS_3,se_6,1,550.0,550.0,proposed_optimal_dkmcs,throughput
15.0,we_13,relay,BS_2,wn_8,1,550.0,550.0,proposed_optimal_dkmcs,throughput
15.0,sn_9,relay,BS_3,se_5,1,550.0,550.0,proposed_optimal_dkmcs,throughput
15.0,se_5,relay,BS_3,se_6,1,550.0,550.0,proposed_optimal_dkmcs,throughput
15.0,wn_6,relay,BS_2,wn_5,1,550.0,550.0,proposed_optimal_dkmcs,throughput
15.0,se_0,relay,BS_2,se_1,1,550.0,550.0,proposed_optimal_dkmcs,throughput
15.0,wn_0,relay,BS_2,we_5,1,550.0,550.0,proposed_optimal_dkmcs,throughput
15.0,we_12,relay,BS_2,wn_8,1,550.0,550.0,proposed_optimal_dkmcs,throughput
15.0,we_6,relay,BS_2,we_5,1,550.0,550.0,proposed_optimal_dkmcs,throughput
15.0,ns_1,relay,BS_1,ns_3,1,550.0,550.0,proposed_optimal_dkmcs,throughput
15.0,we_2,relay,BS_2,we_3,1,550.0,550.0,proposed_optimal_dkmcs,throughput
16.0,we_16,relay,BS_2,wn_9,1,550.0,550.0,proposed_optimal_dkmcs,throughput
16.0,se_7,relay,BS_3,se_6,1,550.0,550.0,proposed_optimal_dkmcs,throughput
16.0,sn_5,relay,BS_3,sn_4,1,550.0,550.0,proposed_optimal_dkmcs,throughput
16.0,ew_6,relay,BS_1,ew_7,1,550.0,550.0,proposed_optimal_dkmcs,throughput
16.0,ew_9,relay,BS_1,ew_11,1,550.0,550.0,proposed_optimal_dkmcs,throughput
16.0,se_9,relay,BS_3,sn_17,1,550.0,550.0,proposed_optimal_dkmcs,throughput
16.0,sn_19,relay,BS_3,sn_17,1,550.0,550.0,proposed_optimal_dkmcs,throughput
16.0,we_8,relay,BS_2,wn_5,1,550.0,550.0,proposed_optimal_dkmcs,throughput
16.0,we_14,relay,BS_2,wn_8,1,550.0,550.0,proposed_optimal_dkmcs,throughput
16.0,ew_11,relay,BS_3,ew_12,1,550.0,550.0,proposed_optimal_dkmcs,throughput
16.0,sn_16,relay,BS_3,sn_17,1,550.0,550.0,proposed_optimal_dkmcs,throughput
16.0,ns_17,relay,BS_1,ns_16,1,550.0,550.0,proposed_optimal_dkmcs,throughput
16.0,sn_17,relay,BS_3,sn_18,1,550.0,550.0,proposed_optimal_dkmcs,throughput
16.0,se_4,relay,BS_3,se_3,1,550.0,550.0,proposed_optimal_dkmcs,throughput
16.0,we_10,relay,BS_2,wn_5,1,550.0,550.0,proposed_optimal_dkmcs,throughput
16.0,wn_3,relay,BS_2,we_8,1,550.0,550.0,proposed_optimal_dkmcs,throughput
16.0,ns_6,relay,BS_1,ns_5,1,550.0,550.0,proposed_optimal_dkmcs,throughput
16.0,se_2,relay,BS_3,se_0,1,550.0,550.0,proposed_optimal_dkmcs,throughput
16.0,ew_0,relay,BS_2,ew_3,1,550.0,550.0,proposed_optimal_dkmcs,throughput
16.0,ew_3,relay,BS_3,ew_5,1,440.00000000000006,550.0,proposed_optimal_dkmcs,throughput
16.0,ew_4,relay,BS_1,ew_7,1,550.0,550.0,proposed_optimal_dkmcs,throughput
16.0,ew_13,relay,BS_3,ew_12,1,550.0,550.0,proposed_optimal_dkmcs,throughput
16.0,sn_18,relay,BS_3,sn_17,1,550.0,550.0,proposed_optimal_dkmcs,throughput
16.0,ew_17,relay,BS_1,ew_16,1,550.0,550.0,proposed_optimal_dkmcs,throughput
16.0,wn_8,relay,BS_2,wn_9,1,550.0,550.0,proposed_optimal_dkmcs,throughput
16.0,ew_8,relay,BS_1,ew_11,1,550.0,550.0,proposed_optimal_dkmcs,throughput
16.0,sn_14,relay,BS_3,se_7,1,550.0,550.0,proposed_optimal_dkmcs,throughput
16.0,ns_11,relay,BS_1,ns_9,1,550.0,550.0,proposed_optimal_dkmcs,throughput
16.0,we_5,relay,BS_2,wn_0,1,550.0,550.0,proposed_optimal_dkmcs,throughput
16.0,sn_2,relay,BS_2,sn_0,1,550.0,550.0,proposed_optimal_dkmcs,throughput
16.0,ns_3,relay,BS_2,ns_0,1,550.0,550.0,proposed_optimal_dkmcs,throughput
16.0,sn_7,relay,BS_3,se_0,1,550.0,550.0,proposed_optimal_dkmcs,throughput
16.0,ew_5,relay,BS_1,ew_7,1,550.0,550.0,proposed_optimal_dkmcs,throughput
16.0,sn_1,relay,BS_2,sn_0,1,550.0,550.0,proposed_optimal_dkmcs,throughput
16.0,wn_2,relay,BS_2,we_4,1,550.0,550.0,proposed_optimal_dkmcs,throughput
16.0,ns_14,relay,BS_1,ns_15,1,550.0,550.0,proposed_optimal_dkmcs,throughput
16.0,we_7,relay,BS_2,we_4,1,550.0,550.0,proposed_optimal_dkmcs,throughput
16.0,we_1,relay,BS_2,we_3,1,550.0,550.0,proposed_optimal_dkmcs,throughput
16.0,ns_5,relay,BS_1,ns_7,1,550.0,550.0,proposed_optimal_dkmcs,throughput
16.0,we_0,relay,BS_2,we_3,1,550.0,550.0,proposed_optimal_dkmcs,throughput
16.0,ew_7,relay,BS_3,ew_5,1,550.0,550.0,proposed_optimal_dkmcs,throughput
16.0,ns_18,relay,BS_1,ns_16,1,550.0,550.0,proposed_optimal_dkmcs,throughput
16.0,ns_0,relay,BS_1,ns_5,1,440.00000000000006,550.0,proposed_optimal_dkmcs,throughput
16.0,we_18,relay,BS_2,wn_9,1,550.0,550.0,proposed_optimal_dkmcs,throughput
16.0,sn_13,relay,BS_3,se_7,1,550.0,550.0,proposed_optimal_dkmcs,throughput
16.0,se_3,relay,BS_3,sn_10,1,550.0,550.0,proposed_optimal_dkmcs,throughput
16.0,se_1,relay,BS_3,se_0,1,550.0,550.0,proposed_optimal_dkmcs,throughput
16.0,se_8,relay,BS_3,se_7,1,550.0,550.0,proposed_optimal_dkmcs,throughput
16.0,ew_10,relay,BS_1,ew_11,1,550.0,550.0,proposed_optimal_dkmcs,throughput
16.0,ns_2,relay,BS_2,ns_0,1,550.0,550.0,proposed_optimal_dkmcs,throughput
16.0,wn_7,relay,BS_2,wn_8,1,550.0,550.0,proposed_optimal_dkmcs,throughput
16.0,ns_12,relay,BS_1,ns_11,1,550.0,550.0,proposed_optimal_dkmcs,throughput
16.0,ew_1,relay,BS_2,ew_3,1,550.0,550.0,proposed_optimal_dkmcs,throughput
16.0,we_3,relay,BS_2,wn_0,1,550.0,550.0,proposed_optimal_dkmcs,throughput
16.0,ns_7,relay,BS_1,ns_5,1,550.0,550.0,proposed_optimal_dkmcs,throughput
16.0,ns_10,relay,BS_1,ns_11,1,550.0,550.0,proposed_optimal_dkmcs,throughput
16.0,wn_5,relay,BS_2,we_8,1,550.0,550.0,proposed_optimal_dkmcs,throughput
16.0,ns_13,relay,BS_1,ns_15,1,550.0,550.0,proposed_optimal_dkmcs,throughput
16.0,we_17,relay,BS_2,wn_9,1,550.0,550.0,proposed_optimal_dkmcs,throughput
16.0,sn_3,relay,BS_2,sn_0,1,550.0,550.0,proposed_optimal_dkmcs,throughput
16.0,we_9,relay,BS_2,wn_5,1,550.0,550.0,proposed_optimal_dkmcs,throughput
16.0,ew_16,relay,BS_1,ew_18,1,550.0,550.0,proposed_optimal_dkmcs,throughput
16.0,wn_4,relay,BS_2,we_8,1,550.0,550.0,proposed_optimal_dkmcs,throughput
16.0,sn_8,relay,BS_3,se_3,1,550.0,550.0,proposed_optimal_dkmcs,throughput
16.0,sn_11,relay,BS_3,se_6,1,550.0,550.0,proposed_optimal_dkmcs,throughput
16.0,ew_12,relay,BS_1,ew_11,1,550.0,550.0,proposed_optimal_dkmcs,throughput
16.0,se_6,relay,BS_3,se_7,1,550.0,550.0,proposed_optimal_dkmcs,throughput
16.0,ew_15,relay,BS_1,ew_16,1,550.0,550.0,proposed_optimal_dkmcs,throughput
16.0,sn_10,relay,BS_3,se_3,1,550.0,550.0,proposed_optimal_dkmcs,throughput
16.0,wn_9,relay,BS_2,wn_8,1,550.0,550.0,proposed_optimal_dkmcs,throughput
16.0,sn_15,relay,BS_3,se_7,1,550.0,550.0,proposed_optimal_dkmcs,throughput
16.0,ew_18,relay,BS_1,ew_16,1,550.0,550.0,proposed_optimal_dkmcs,throughput
16.0,we_11,relay,BS_2,wn_5,1,550.0,550.0,proposed_optimal_dkmcs,throughput
16.0,sn_4,relay,BS_3,se_0,1,550.0,550.0,proposed_optimal_dkmcs,throughput
16.0,ns_16,relay,BS_1,ns_15,1,550.0,550.0,proposed_optimal_dkmcs,throughput
16.0,sn_6,relay,BS_3,se_0,1,550.0,550.0,proposed_optimal_dkmcs,throughput
16.0,sn_0,relay,BS_3,se_0,1,440.00000000000006,550.0,proposed_optimal_dkmcs,throughput
16.0,ns_9,relay,BS_1,ns_11,1,550.0,550.0,proposed_optimal_dkmcs,throughput
16.0,ns_15,relay,BS_1,ns_16,1,550.0,550.0,proposed_optimal_dkmcs,throughput
16.0,ns_4,relay,BS_1,ns_5,1,550.0,550.0,proposed_optimal_dkmcs,throughput
16.0,ns_8,relay,BS_1,ns_9,1,550.0,550.0,proposed_optimal_dkmcs,throughput
16.0,ew_2,relay,BS_2,ew_3,1,550.0,550.0,proposed_optimal_dkmcs,throughput
16.0,we_15,relay,BS_2,wn_8,1,550.0,550.0,proposed_optimal_dkmcs,throughput
16.0,wn_1,relay,BS_2,wn_0,1,550.0,550.0,proposed_optimal_dkmcs,throughput
16.0,we_4,relay,BS_2,wn_0,1,550.0,550.0,proposed_optimal_dkmcs,throughput
16.0,ew_14,relay,BS_3,ew_12,1,550.0,550.0,proposed_optimal_dkmcs,throughput
16.0,sn_12,relay,BS_3,se_7,1,550.0,550.0,proposed_optimal_dkmcs,throughput
16.0,we_13,relay,BS_2,wn_8,1,550.0,550.0,proposed_optimal_dkmcs,throughput
16.0,sn_9,relay,BS_3,se_3,1,550.0,550.0,proposed_optimal_dkmcs,throughput
16.0,se_5,relay,BS_3,se_3,1,550.0,550.0,proposed_optimal_dkmcs,throughput
16.0,wn_6,relay,BS_2,wn_5,1,550.0,550.0,proposed_optimal_dkmcs,throughput
16.0,se_0,relay,BS_3,sn_4,1,550.0,550.0,proposed_optimal_dkmcs,throughput
16.0,wn_0,relay,BS_2,we_4,1,550.0,550.0,proposed_optimal_dkmcs,throughput
16.0,ew_19,relay,BS_1,ew_18,1,550.0,550.0,proposed_optimal_dkmcs,throughput
16.0,we_12,relay,BS_2,wn_8,1,550.0,550.0,proposed_optimal_dkmcs,throughput
16.0,we_6,relay,BS_2,we_4,1,550.0,550.0,proposed_optimal_dkmcs,throughput
16.0,we_19,relay,BS_2,wn_9,1,440.00000000000006,550.0,proposed_optimal_dkmcs,throughput
16.0,ns_1,relay,BS_2,ns_0,1,550.0,550.0,proposed_optimal_dkmcs,throughput
16.0,we_2,relay,BS_2,we_3,1,550.0,550.0,proposed_optimal_dkmcs,throughput
17.0,we_16,relay,BS_2,wn_8,1,550.0,550.0,proposed_optimal_dkmcs,throughput
17.0,se_7,relay,BS_3,se_8,1,550.0,550.0,proposed_optimal_dkmcs,throughput
17.0,sn_5,relay,BS_3,sn_6,1,550.0,550.0,proposed_optimal_dkmcs,throughput
17.0,ew_6,relay,BS_1,ew_5,1,550.0,550.0,proposed_optimal_dkmcs,throughput
17.0,ew_9,relay,BS_1,ew_11,1,550.0,550.0,proposed_optimal_dkmcs,throughput
17.0,se_9,relay,BS_3,sn_17,1,550.0,550.0,proposed_optimal_dkmcs,throughput
17.0,sn_19,relay,BS_3,sn_17,1,550.0,550.0,proposed_optimal_dkmcs,throughput
17.0,we_8,relay,BS_2,wn_5,1,550.0,550.0,proposed_optimal_dkmcs,throughput
17.0,we_14,relay,BS_2,wn_8,1,550.0,550.0,proposed_optimal_dkmcs,throughput
17.0,ew_11,relay,BS_3,ew_12,1,550.0,550.0,proposed_optimal_dkmcs,throughput
17.0,sn_16,relay,BS_3,se_9,1,550.0,550.0,proposed_optimal_dkmcs,throughput
17.0,ns_17,relay,BS_1,ns_18,1,550.0,550.0,proposed_optimal_dkmcs,throughput
17.0,sn_17,relay,BS_3,se_9,1,550.0,550.0,proposed_optimal_dkmcs,throughput
17.0,se_4,relay,BS_3,sn_10,1,550.0,550.0,proposed_optimal_dkmcs,throughput
17.0,we_10,relay,BS_2,wn_5,1,550.0,550.0,proposed_optimal_dkmcs,throughput
17.0,wn_3,relay,BS_2,wn_5,1,550.0,550.0,proposed_optimal_dkmcs,throughput
17.0,ns_6,relay,BS_1,ns_5,1,550.0,550.0,proposed_optimal_dkmcs,throughput
17.0,se_2,relay,BS_3,se_0,1,550.0,550.0,proposed_optimal_dkmcs,throughput
17.0,ew_0,relay,BS_2,ew_1,1,550.0,550.0,proposed_optimal_dkmcs,throughput
17.0,ew_3,relay,BS_2,ew_1,1,550.0,550.0,proposed_optimal_dkmcs,throughput
17.0,ew_4,relay,BS_3,ew_6,1,550.0,550.0,proposed_optimal_dkmcs,throughput
17.0,ew_13,relay,BS_3,ew_12,1,550.0,550.0,proposed_optimal_dkmcs,throughput
17.0,sn_18,relay,BS_3,se_9,1,550.0,550.0,proposed_optimal_dkmcs,throughput
17.0,ew_17,relay,BS_1,ew_16,1,550.0,550.0,proposed_optimal_dkmcs,throughput
17.0,wn_8,relay,BS_2,wn_9,1,550.0,550.0,proposed_optimal_dkmcs,throughput
17.0,ew_8,relay,BS_1,ew_11,1,550.0,550.0,proposed_optimal_dkmcs,throughput
17.0,sn_14,relay,BS_3,se_8,1,550.0,550.0,proposed_optimal_dkmcs,throughput
17.0,ns_11,relay,BS_1,ns_12,1,550.0,550.0,proposed_optimal_dkmcs,throughput
17.0,we_5,relay,BS_2,we_4,1,550.0,550.0,proposed_optimal_dkmcs,throughput
17.0,sn_2,relay,BS_2,sn_3,1,550.0,550.0,proposed_optimal_dkmcs,throughput
17.0,ns_3,relay,BS_2,ns_0,1,550.0,550.0,proposed_optimal_dkmcs,throughput
17.0,sn_7,relay,BS_3,se_0,1,550.0,550.0,proposed_optimal_dkmcs,throughput
17.0,ew_5,relay,BS_3,ew_6,1,550.0,550.0,proposed_optimal_dkmcs,throughput
17.0,sn_1,relay,BS_2,sn_3,1,550.0,550.0,proposed_optimal_dkmcs,throughput
17.0,wn_2,relay,BS_2,we_4,1,550.0,550.0,proposed_optimal_dkmcs,throughput
17.0,ns_14,relay,BS_1,ns_12,1,550.0,550.0,proposed_optimal_dkmcs,throughput
17.0,we_7,relay,BS_2,we_4,1,550.0,550.0,proposed_optimal_dkmcs,throughput
17.0,we_1,relay,BS_2,we_3,1,550.0,550.0,proposed_optimal_dkmcs,throughput
17.0,ns_5,relay,BS_1,ns_6,1,550.0,550.0,proposed_optimal_dkmcs,throughput
17.0,we_0,relay,BS_2,we_3,1,550.0,550.0,proposed_optimal_dkmcs,throughput
17.0,ew_7,relay,BS_1,ew_5,1,550.0,550.0,proposed_optimal_dkmcs,throughput
17.0,ns_18,relay,BS_1,ns_16,1,550.0,550.0,proposed_optimal_dkmcs,throughput
17.0,ns_0,relay,BS_1,ns_5,1,440.00000000000006,550.0,proposed_optimal_dkmcs,throughput
17.0,we_18,relay,BS_2,wn_9,1,550.0,550.0,proposed_optimal_dkmcs,throughput
17.0,sn_13,relay,BS_3,se_8,1,550.0,550.0,proposed_optimal_dkmcs,throughput
17.0,se_3,relay,BS_3,sn_10,1,550.0,550.0,proposed_optimal_dkmcs,throughput
17.0,se_1,relay,BS_3,se_0,1,550.0,550.0,proposed_optimal_dkmcs,throughput
17.0,se_8,relay,BS_3,se_9,1,550.0,550.0,proposed_optimal_dkmcs,throughput
17.0,ew_10,relay,BS_1,ew_11,1,550.0,550.0,proposed_optimal_dkmcs,throughput
17.0,ns_2,relay,BS_2,ns_0,1,550.0,550.0,proposed_optimal_dkmcs,throughput
17.0,wn_7,relay,BS_2,wn_8,1,550.0,550.0,proposed_optimal_dkmcs,throughput
17.0,ns_12,relay,BS_1,ns_11,1,550.0,550.0,proposed_optimal_dkmcs,throughput
17.0,ew_1,relay,BS_1,ew_5,1,440.00000000000006,550.0,proposed_optimal_dkmcs,throughput
17.0,we_3,relay,BS_2,wn_0,1,550.0,550.0,proposed_optimal_dkmcs,throughput
17.0,ns_7,relay,BS_1,ns_6,1,550.0,550.0,proposed_optimal_dkmcs,throughput
17.0,ns_10,relay,BS_1,ns_11,1,550.0,550.0,proposed_optimal_dkmcs,throughput
17.0,wn_5,relay,BS_2,we_11,1,550.0,550.0,proposed_optimal_dkmcs,throughput
17.0,ns_13,relay,BS_1,ns_12,1,550.0,550.0,proposed_optimal_dkmcs,throughput
17.0,we_17,relay,BS_2,wn_9,1,550.0,550.0,proposed_optimal_dkmcs,throughput
17.0,sn_3,relay,BS_3,se_0,1,440.00000000000006,550.0,proposed_optimal_dkmcs,throughput
17.0,we_9,relay,BS_2,wn_5,1,550.0,550.0,proposed_optimal_dkmcs,throughput
17.0,ew_16,relay,BS_1,ew_17,1,550.0,550.0,proposed_optimal_dkmcs,throughput
17.0,wn_4,relay,BS_2,wn_5,1,550.0,550.0,proposed_optimal_dkmcs,throughput
17.0,sn_8,relay,BS_3,sn_10,1,550.0,550.0,proposed_optimal_dkmcs,throughput
17.0,sn_11,relay,BS_3,se_4,1,550.0,550.0,proposed_optimal_dkmcs,throughput
17.0,ns_19,relay,BS_1,ns_18,1,550.0,550.0,proposed_optimal_dkmcs,throughput
17.0,ew_12,relay,BS_1,ew_11,1,550.0,550.0,proposed_optimal_dkmcs,throughput
17.0,se_6,relay,BS_3,se_8,1,550.0,550.0,proposed_optimal_dkmcs,throughput
17.0,ew_15,relay,BS_1,ew_16,1,550.0,550.0,proposed_optimal_dkmcs,throughput
17.0,sn_10,relay,BS_3,se_4,1,550.0,550.0,proposed_optimal_dkmcs,throughput
17.0,wn_9,relay,BS_2,wn_8,1,550.0,550.0,proposed_optimal_dkmcs,throughput
17.0,sn_15,relay,BS_3,se_9,1,550.0,550.0,proposed_optimal_dkmcs,throughput
17.0,ew_18,relay,BS_1,ew_16,1,550.0,550.0,proposed_optimal_dkmcs,throughput
17.0,we_11,relay,BS_2,wn_5,1,550.0,550.0,proposed_optimal_dkmcs,throughput
17.0,sn_4,relay,BS_3,sn_6,1,550.0,550.0,proposed_optimal_dkmcs,throughput
17.0,ns_16,relay,BS_1,ns_18,1,550.0,550.0,proposed_optimal_dkmcs,throughput
17.0,sn_6,relay,BS_3,se_0,1,550.0,550.0,proposed_optimal_dkmcs,throughput
17.0,sn_0,relay,BS_2,sn_3,1,550.0,550.0,proposed_optimal_dkmcs,throughput
17.0,ns_9,relay,BS_1,ns_11,1,550.0,550.0,proposed_optimal_dkmcs,throughput
17.0,ns_15,relay,BS_1,ns_16,1,550.0,550.0,proposed_optimal_dkmcs,throughput
17.0,ns_4,relay,BS_1,ns_6,1,550.0,550.0,proposed_optimal_dkmcs,throughput
17.0,ns_8,relay,BS_1,ns_11,1,550.0,550.0,proposed_optimal_dkmcs,throughput
17.0,ew_2,relay,BS_2,ew_1,1,550.0,550.0,proposed_optimal_dkmcs,throughput
17.0,we_15,relay,BS_2,wn_8,1,550.0,550.0,proposed_optimal_dkmcs,throughput
17.0,wn_1,relay,BS_2,wn_0,1,550.0,550.0,proposed_optimal_dkmcs,throughput
17.0,we_4,relay,BS_2,wn_0,1,550.0,550.0,proposed_optimal_dkmcs,throughput
17.0,ew_14,relay,BS_3,ew_12,1,550.0,550.0,proposed_optimal_dkmcs,throughput
17.0,sn_12,direct,BS_3,-1,1,550.0,550.0,proposed_optimal_dkmcs,throughput
17.0,we_13,relay,BS_2,wn_8,1,550.0,550.0,proposed_optimal_dkmcs,throughput
17.0,sn_9,relay,BS_3,se_4,1,550.0,550.0,proposed_optimal_dkmcs,throughput
17.0,se_5,relay,BS_3,sn_10,1,550.0,550.0,proposed_optimal_dkmcs,throughput
17.0,wn_6,relay,BS_2,we_11,1,550.0,550.0,proposed_optimal_dkmcs,throughput
17.0,se_0,relay,BS_3,sn_6,1,550.0,550.0,proposed_optimal_dkmcs,throughput
17.0,wn_0,relay,BS_2,we_4,1,550.0,550.0,proposed_optimal_dkmcs,throughput
17.0,ew_19,relay,BS_1,ew_17,1,550.0,550.0,proposed_optimal_dkmcs,throughput
17.0,we_12,relay,BS_2,wn_8,1,550.0,550.0,proposed_optimal_dkmcs,throughput
17.0,we_6,relay,BS_2,we_4,1,550.0,550.0,proposed_optimal_dkmcs,throughput
17.0,we_19,relay,BS_2,wn_9,1,440.00000000000006,550.0,proposed_optimal_dkmcs,throughput
17.0,ns_1,relay,BS_2,ns_0,1,550.0,550.0,proposed_optimal_dkmcs,throughput
17.0,we_2,relay,BS_2,we_3,1,550.0,550.0,proposed_optimal_dkmcs,throughput
18.0,we_16,relay,BS_2,wn_8,1,550.0,550.0,proposed_optimal_dkmcs,throughput
18.0,se_7,relay,BS_3,se_8,1,550.0,550.0,proposed_optimal_dkmcs,throughput
18.0,sn_5,relay,BS_3,se_1,1,550.0,550.0,proposed_optimal_dkmcs,throughput
18.0,ew_6,relay,BS_1,ew_5,1,550.0,550.0,proposed_optimal_dkmcs,throughput
18.0,ew_9,relay,BS_3,ew_11,1,550.0,550.0,proposed_optimal_dkmcs,throughput
18.0,se_9,relay,BS_3,se_8,1,550.0,550.0,proposed_optimal_dkmcs,throughput
18.0,sn_19,relay,BS_3,se_9,1,440.00000000000006,550.0,proposed_optimal_dkmcs,throughput
18.0,we_8,relay,BS_2,we_10,1,550.0,550.0,proposed_optimal_dkmcs,throughput
18.0,we_14,relay,BS_2,wn_8,1,550.0,550.0,proposed_optimal_dkmcs,throughput
18.0,ew_11,relay,BS_1,ew_12,1,550.0,550.0,proposed_optimal_dkmcs,throughput
18.0,sn_16,relay,BS_3,se_8,1,550.0,550.0,proposed_optimal_dkmcs,throughput
18.0,ns_17,relay,BS_1,ns_16,1,550.0,550.0,proposed_optimal_dkmcs,throughput
18.0,sn_17,relay,BS_3,se_9,1,550.0,550.0,proposed_optimal_dkmcs,throughput
18.0,se_4,relay,BS_3,sn_10,1,550.0,550.0,proposed_optimal_dkmcs,throughput
18.0,we_10,relay,BS_2,we_11,1,550.0,550.0,proposed_optimal_dkmcs,throughput
18.0,wn_3,relay,BS_2,we_10,1,550.0,550.0,proposed_optimal_dkmcs,throughput
18.0,ns_6,relay,BS_1,ns_4,1,440.00000000000006,550.0,proposed_optimal_dkmcs,throughput
18.0,se_2,relay,BS_3,se_1,1,550.0,550.0,proposed_optimal_dkmcs,throughput
18.0,ew_0,relay,BS_2,ew_2,1,550.0,550.0,proposed_optimal_dkmcs,throughput
18.0,ew_3,relay,BS_2,ew_2,1,550.0,550.0,proposed_optimal_dkmcs,throughput
18.0,ew_4,relay,BS_1,ew_5,1,550.0,550.0,proposed_optimal_dkmcs,throughput
18.0,ew_13,relay,BS_1,ew_12,1,550.0,550.0,proposed_optimal_dkmcs,throughput
18.0,sn_18,relay,BS_3,se_9,1,550.0,550.0,proposed_optimal_dkmcs,throughput
18.0,ew_17,relay,BS_1,ew_18,1,550.0,550.0,proposed_optimal_dkmcs,throughput
18.0,wn_8,relay,BS_2,we_15,1,550.0,550.0,proposed_optimal_dkmcs,throughput
18.0,ew_8,relay,BS_3,ew_11,1,550.0,550.0,proposed_optimal_dkmcs,throughput
18.0,sn_14,relay,BS_3,se_7,1,550.0,550.0,proposed_optimal_dkmcs,throughput
18.0,ns_11,relay,BS_1,ns_12,1,550.0,550.0,proposed_optimal_dkmcs,throughput
18.0,we_5,relay,BS_2,wn_1,1,550.0,550.0,proposed_optimal_dkmcs,throughput
18.0,sn_2,relay,BS_2,sn_3,1,550.0,550.0,proposed_optimal_dkmcs,throughput
18.0,ns_3,relay,BS_2,ns_2,1,550.0,550.0,proposed_optimal_dkmcs,throughput
18.0,sn_7,relay,BS_3,se_1,1,550.0,550.0,proposed_optimal_dkmcs,throughput
18.0,ew_5,relay,BS_1,ew_6,1,550.0,550.0,proposed_optimal_dkmcs,throughput
18.0,sn_1,relay,BS_2,sn_3,1,550.0,550.0,proposed_optimal_dkmcs,throughput
18.0,wn_2,relay,BS_2,wn_1,1,550.0,550.0,proposed_optimal_dkmcs,throughput
18.0,ns_14,relay,BS_1,ns_12,1,550.0,550.0,proposed_optimal_dkmcs,throughput
18.0,we_7,relay,BS_2,wn_1,1,550.0,550.0,proposed_optimal_dkmcs,throughput
18.0,we_1,relay,BS_2,wn_0,1,440.00000000000006,550.0,proposed_optimal_dkmcs,throughput
18.0,ns_5,relay,BS_1,ns_6,1,550.0,550.0,proposed_optimal_dkmcs,throughput
18.0,we_0,relay,BS_2,wn_0,1,440.00000000000006,550.0,proposed_optimal_dkmcs,throughput
18.0,ew_7,relay,BS_1,ew_5,1,550.0,550.0,proposed_optimal_dkmcs,throughput
18.0,ns_18,relay,BS_1,ns_16,1,550.0,550.0,proposed_optimal_dkmcs,throughput
18.0,ns_0,relay,BS_2,ns_2,1,550.0,550.0,proposed_optimal_dkmcs,throughput
18.0,we_18,relay,BS_2,we_17,1,550.0,550.0,proposed_optimal_dkmcs,throughput
18.0,sn_13,relay,BS_3,se_7,1,550.0,550.0,proposed_optimal_dkmcs,throughput
18.0,se_3,relay,BS_3,sn_10,1,550.0,550.0,proposed_optimal_dkmcs,throughput
18.0,se_1,relay,BS_3,se_2,1,550.0,550.0,proposed_optimal_dkmcs,throughput
18.0,se_8,relay,BS_3,se_7,1,550.0,550.0,proposed_optimal_dkmcs,throughput
18.0,ew_10,relay,BS_3,ew_11,1,550.0,550.0,proposed_optimal_dkmcs,throughput
18.0,ns_2,relay,BS_1,ns_4,1,440.00000000000006,550.0,proposed_optimal_dkmcs,throughput
18.0,wn_7,relay,BS_2,wn_8,1,550.0,550.0,proposed_optimal_dkmcs,throughput
18.0,ns_12,relay,BS_1,ns_11,1,550.0,550.0,proposed_optimal_dkmcs,throughput
18.0,ew_1,relay,BS_2,ew_2,1,550.0,550.0,proposed_optimal_dkmcs,throughput
18.0,we_3,relay,BS_2,wn_0,1,440.00000000000006,550.0,proposed_optimal_dkmcs,throughput
18.0,ns_7,relay,BS_1,ns_6,1,550.0,550.0,proposed_optimal_dkmcs,throughput
18.0,ns_10,relay,BS_1,ns_11,1,550.0,550.0,proposed_optimal_dkmcs,throughput
18.0,wn_5,relay,BS_2,we_10,1,550.0,550.0,proposed_optimal_dkmcs,throughput
18.0,ns_13,relay,BS_1,ns_12,1,550.0,550.0,proposed_optimal_dkmcs,throughput
18.0,we_17,relay,BS_2,we_15,1,440.00000000000006,550.0,proposed_optimal_dkmcs,throughput
18.0,sn_3,relay,BS_3,sn_5,1,440.00000000000006,550.0,proposed_optimal_dkmcs,throughput
18.0,we_9,relay,BS_2,we_10,1,550.0,550.0,proposed_optimal_dkmcs,throughput
18.0,ew_16,relay,BS_3,ew_17,1,550.0,550.0,proposed_optimal_dkmcs,throughput
18.0,wn_4,relay,BS_2,we_10,1,550.0,550.0,proposed_optimal_dkmcs,throughput
18.0,sn_8,relay,BS_3,sn_10,1,550.0,550.0,proposed_optimal_dkmcs,throughput
18.0,sn_11,relay,BS_3,sn_10,1,550.0,550.0,proposed_optimal_dkmcs,throughput
18.0,ns_19,relay,BS_1,ns_17,1,550.0,550.0,proposed_optimal_dkmcs,throughput
18.0,ew_12,relay,BS_3,ew_11,1,550.0,550.0,proposed_optimal_dkmcs,throughput
18.0,se_6,relay,BS_3,se_7,1,550.0,550.0,proposed_optimal_dkmcs,throughput
18.0,ew_15,relay,BS_1,ew_12,1,550.0,550.0,proposed_optimal_dkmcs,throughput
18.0,sn_10,relay,BS_3,se_4,1,550.0,550.0,proposed_optimal_dkmcs,throughput
18.0,wn_9,relay,BS_2,wn_8,1,550.0,550.0,proposed_optimal_dkmcs,throughput
18.0,sn_15,relay,BS_3,se_8,1,550.0,550.0,proposed_optimal_dkmcs,throughput
18.0,ew_18,relay,BS_3,ew_17,1,550.0,550.0,proposed_optimal_dkmcs,throughput
18.0,we_11,relay,BS_2,we_10,1,550.0,550.0,proposed_optimal_dkmcs,throughput
18.0,sn_4,relay,BS_3,se_1,1,550.0,550.0,proposed_optimal_dkmcs,throughput
18.0,ns_16,relay,BS_1,ns_17,1,550.0,550.0,proposed_optimal_dkmcs,throughput
18.0,sn_6,relay,BS_3,se_1,1,550.0,550.0,proposed_optimal_dkmcs,throughput
18.0,sn_0,relay,BS_2,sn_3,1,550.0,550.0,proposed_optimal_dkmcs,throughput
18.0,ns_9,relay,BS_1,ns_11,1,550.0,550.0,proposed_optimal_dkmcs,throughput
18.0,ns_15,relay,BS_1,ns_16,1,550.0,550.0,proposed_optimal_dkmcs,throughput
18.0,ns_4,relay,BS_1,ns_6,1,550.0,550.0,proposed_optimal_dkmcs,throughput
18.0,ns_8,relay,BS_1,ns_11,1,550.0,550.0,proposed_optimal_dkmcs,throughput
18.0,ew_2,relay,BS_1,ew_5,1,440.00000000000006,550.0,proposed_optimal_dkmcs,throughput
18.0,we_15,relay,BS_2,wn_8,1,550.0,550.0,proposed_optimal_dkmcs,throughput
18.0,wn_1,relay,BS_2,wn_0,1,550.0,550.0,proposed_optimal_dkmcs,throughput
18.0,we_4,relay,BS_2,wn_0,1,550.0,550.0,proposed_optimal_dkmcs,throughput
18.0,ew_14,relay,BS_1,ew_12,1,550.0,550.0,proposed_optimal_dkmcs,throughput
18.0,sn_12,relay,BS_3,se_7,1,550.0,550.0,proposed_optimal_dkmcs,throughput
18.0,we_13,relay,BS_2,wn_8,1,550.0,550.0,proposed_optimal_dkmcs,throughput
18.0,sn_9,relay,BS_3,sn_10,1,550.0,550.0,proposed_optimal_dkmcs,throughput
18.0,se_5,relay,BS_3,se_4,1,550.0,550.0,proposed_optimal_dkmcs,throughput
18.0,wn_6,relay,BS_2,we_11,1,550.0,550.0,proposed_optimal_dkmcs,throughput
18.0,se_0,relay,BS_3,se_1,1,550.0,550.0,proposed_optimal_dkmcs,throughput
18.0,wn_0,relay,BS_2,wn_1,1,550.0,550.0,proposed_optimal_dkmcs,throughput
18.0,ew_19,relay,BS_3,ew_17,1,550.0,550.0,proposed_optimal_dkmcs,throughput
18.0,we_12,relay,BS_2,wn_8,1,550.0,550.0,proposed_optimal_dkmcs,throughput
18.0,we_6,relay,BS_2,wn_1,1,550.0,550.0,proposed_optimal_dkmcs,throughput
18.0,we_19,relay,BS_2,we_17,1,550.0,550.0,proposed_optimal_dkmcs,throughput
18.0,ns_1,relay,BS_2,ns_2,1,550.0,550.0,proposed_optimal_dkmcs,throughput
18.0,we_2,relay,BS_2,wn_1,1,440.00000000000006,550.0,proposed_optimal_dkmcs,throughput
19.0,we_16,relay,BS_2,wn_8,1,550.0,550.0,proposed_optimal_dkmcs,throughput
19.0,se_7,relay,BS_3,se_6,1,550.0,550.0,proposed_optimal_dkmcs,throughput
19.0,sn_5,relay,BS_2,se_1,1,550.0,550.0,proposed_optimal_dkmcs,throughput
19.0,ew_6,relay,BS_1,ew_5,1,550.0,550.0,proposed_optimal_dkmcs,throughput
19.0,ew_9,relay,BS_1,ew_11,1,550.0,550.0,proposed_optimal_dkmcs,throughput
19.0,se_9,relay,BS_3,sn_16,1,550.0,550.0,proposed_optimal_dkmcs,throughput
19.0,sn_19,relay,BS_3,sn_18,1,550.0,550.0,proposed_optimal_dkmcs,throughput
19.0,we_8,relay,BS_2,wn_5,1,550.0,550.0,proposed_optimal_dkmcs,throughput
19.0,we_14,relay,BS_2,wn_8,1,550.0,550.0,proposed_optimal_dkmcs,throughput
19.0,ew_11,relay,BS_1,ew_12,1,550.0,550.0,proposed_optimal_dkmcs,throughput
19.0,sn_16,relay,BS_3,sn_18,1,550.0,550.0,proposed_optimal_dkmcs,throughput
19.0,ns_17,relay,BS_1,ns_18,1,550.0,550.0,proposed_optimal_dkmcs,throughput
19.0,sn_17,relay,BS_3,sn_18,1,550.0,550.0,proposed_optimal_dkmcs,throughput
19.0,se_4,relay,BS_3,se_3,1,550.0,550.0,proposed_optimal_dkmcs,throughput
19.0,we_10,relay,BS_2,wn_5,1,550.0,550.0,proposed_optimal_dkmcs,throughput
19.0,wn_3,relay,BS_2,wn_5,1,550.0,550.0,proposed_optimal_dkmcs,throughput
19.0,ns_6,relay,BS_2,ns_4,1,550.0,550.0,proposed_optimal_dkmcs,throughput
19.0,se_2,relay,BS_2,se_1,1,550.0,550.0,proposed_optimal_dkmcs,throughput
19.0,ew_0,relay,BS_2,ew_1,1,550.0,550.0,proposed_optimal_dkmcs,throughput
19.0,ew_3,relay,BS_2,ew_1,1,550.0,550.0,proposed_optimal_dkmcs,throughput
19.0,ew_4,relay,BS_1,ew_5,1,550.0,550.0,proposed_optimal_dkmcs,throughput
19.0,ew_13,relay,BS_1,ew_12,1,550.0,550.0,proposed_optimal_dkmcs,throughput
19.0,sn_18,relay,BS_3,sn_16,1,550.0,550.0,proposed_optimal_dkmcs,throughput
19.0,ew_17,relay,BS_3,ew_16,1,550.0,550.0,proposed_optimal_dkmcs,throughput
19.0,wn_8,relay,BS_3,wn_7,1,240.0,330.0,proposed_optimal_dkmcs,throughput
19.0,ew_8,relay,BS_1,ew_11,1,550.0,550.0,proposed_optimal_dkmcs,throughput
19.0,sn_14,relay,BS_3,se_6,1,550.0,550.0,proposed_optimal_dkmcs,throughput
19.0,ns_11,relay,BS_1,ns_12,1,550.0,550.0,proposed_optimal_dkmcs,throughput
19.0,we_5,relay,BS_2,wn_1,1,550.0,550.0,proposed_optimal_dkmcs,throughput
19.0,sn_2,relay,BS_2,sn_0,1,550.0,550.0,proposed_optimal_dkmcs,throughput
19.0,ns_3,relay,BS_2,ns_4,1,440.00000000000006,550.0,proposed_optimal_dkmcs,throughput
19.0,sn_7,relay,BS_2,se_1,1,550.0,550.0,proposed_optimal_dkmcs,throughput
19.0,ew_5,direct,BS_1,-1,1,550.0,550.0,proposed_optimal_dkmcs,throughput
19.0,sn_1,relay,BS_2,sn_0,1,550.0,550.0,proposed_optimal_dkmcs,throughput
19.0,wn_2,relay,BS_2,wn_1,1,550.0,550.0,proposed_optimal_dkmcs,throughput
19.0,ns_14,relay,BS_1,ns_12,1,550.0,550.0,proposed_optimal_dkmcs,throughput
19.0,we_7,relay,BS_2,wn_1,1,550.0,550.0,proposed_optimal_dkmcs,throughput
19.0,we_1,relay,BS_2,we_0,1,550.0,550.0,proposed_optimal_dkmcs,throughput
19.0,ns_5,relay,BS_2,ns_4,1,550.0,550.0,proposed_optimal_dkmcs,throughput
19.0,we_0,relay,BS_2,sn_0,1,440.00000000000006,550.0,proposed_optimal_dkmcs,throughput
19.0,ew_7,relay,BS_1,ew_5,1,550.0,550.0,proposed_optimal_dkmcs,throughput
19.0,ns_18,relay,BS_1,ns_16,1,550.0,550.0,proposed_optimal_dkmcs,throughput
19.0,ns_0,relay,BS_2,ns_3,1,550.0,550.0,proposed_optimal_dkmcs,throughput
19.0,we_18,relay,BS_2,wn_9,1,550.0,550.0,proposed_optimal_dkmcs,throughput
19.0,sn_13,relay,BS_3,se_6,1,550.0,550.0,proposed_optimal_dkmcs,throughput
19.0,se_3,relay,BS_3,sn_9,1,550.0,550.0,proposed_optimal_dkmcs,throughput
19.0,se_1,relay,BS_3,sn_7,1,440.00000000000006,550.0,proposed_optimal_dkmcs,throughput
19.0,se_8,relay,BS_3,sn_16,1,550.0,550.0,proposed_optimal_dkmcs,throughput
19.0,ew_10,relay,BS_1,ew_11,1,550.0,550.0,proposed_optimal_dkmcs,throughput
19.0,ns_2,relay,BS_2,ns_3,1,550.0,550.0,proposed_optimal_dkmcs,throughput
19.0,wn_7,relay,BS_2,wn_8,1,550.0,550.0,proposed_optimal_dkmcs,throughput
19.0,ns_12,relay,BS_1,ns_11,1,550.0,550.0,proposed_optimal_dkmcs,throughput
19.0,ew_1,relay,BS_1,ew_5,1,440.00000000000006,550.0,proposed_optimal_dkmcs,throughput
19.0,we_3,relay,BS_2,we_0,1,550.0,550.0,proposed_optimal_dkmcs,throughput
19.0,ns_7,relay,BS_2,ns_4,1,550.0,550.0,proposed_optimal_dkmcs,throughput
19.0,ns_10,relay,BS_1,ns_11,1,550.0,550.0,proposed_optimal_dkmcs,throughput
19.0,wn_5,relay,BS_1,we_9,1,240.0,330.0,proposed_optimal_dkmcs,throughput
19.0,ns_13,relay,BS_1,ns_12,1,550.0,550.0,proposed_optimal_dkmcs,throughput
19.0,we_17,relay,BS_2,wn_9,1,550.0,550.0,proposed_optimal_dkmcs,throughput
19.0,sn_3,relay,BS_2,sn_0,1,550.0,550.0,proposed_optimal_dkmcs,throughput
19.0,we_9,relay,BS_2,wn_5,1,550.0,550.0,proposed_optimal_dkmcs,throughput
19.0,ew_16,relay,BS_1,ew_18,1,550.0,550.0,proposed_optimal_dkmcs,throughput
19.0,wn_4,relay,BS_2,wn_5,1,550.0,550.0,proposed_optimal_dkmcs,throughput
19.0,sn_8,relay,BS_3,se_3,1,550.0,550.0,proposed_optimal_dkmcs,throughput
19.0,sn_11,relay,BS_3,se_3,1,550.0,550.0,proposed_optimal_dkmcs,throughput
19.0,ns_19,relay,BS_1,ns_18,1,550.0,550.0,proposed_optimal_dkmcs,throughput
19.0,ew_12,relay,BS_1,ew_11,1,550.0,550.0,proposed_optimal_dkmcs,throughput
19.0,se_6,relay,BS_3,sn_12,1,550.0,550.0,proposed_optimal_dkmcs,throughput
19.0,ew_15,relay,BS_3,ew_16,1,550.0,550.0,proposed_optimal_dkmcs,throughput
19.0,sn_10,relay,BS_3,se_3,1,550.0,550.0,proposed_optimal_dkmcs,throughput
19.0,wn_9,relay,BS_2,wn_8,1,550.0,550.0,proposed_optimal_dkmcs,throughput
19.0,sn_15,relay,BS_3,se_6,1,550.0,550.0,proposed_optimal_dkmcs,throughput
19.0,ew_18,relay,BS_3,ew_16,1,550.0,550.0,proposed_optimal_dkmcs,throughput
19.0,we_11,relay,BS_2,wn_5,1,550.0,550.0,proposed_optimal_dkmcs,throughput
19.0,sn_4,relay,BS_2,se_1,1,550.0,550.0,proposed_optimal_dkmcs,throughput
19.0,ns_16,relay,BS_1,ns_18,1,550.0,550.0,proposed_optimal_dkmcs,throughput
19.0,sn_6,relay,BS_2,se_1,1,550.0,550.0,proposed_optimal_dkmcs,throughput
19.0,sn_0,relay,BS_2,we_0,1,440.00000000000006,550.0,proposed_optimal_dkmcs,throughput
19.0,ns_9,relay,BS_1,ns_11,1,550.0,550.0,proposed_optimal_dkmcs,throughput
19.0,ns_15,relay,BS_1,ns_16,1,550.0,550.0,proposed_optimal_dkmcs,throughput
19.0,ns_4,relay,BS_2,ns_3,1,440.00000000000006,550.0,proposed_optimal_dkmcs,throughput
19.0,ns_8,relay,BS_1,ns_11,1,550.0,550.0,proposed_optimal_dkmcs,throughput
19.0,ew_2,relay,BS_2,ew_1,1,550.0,550.0,proposed_optimal_dkmcs,throughput
19.0,we_15,relay,BS_2,wn_8,1,550.0,550.0,proposed_optimal_dkmcs,throughput
19.0,wn_1,relay,BS_3,we_4,1,240.0,440.00000000000006,proposed_optimal_dkmcs,throughput
19.0,we_4,relay,BS_2,wn_1,1,550.0,550.0,proposed_optimal_dkmcs,throughput
19.0,ew_14,relay,BS_1,ew_12,1,550.0,550.0,proposed_optimal_dkmcs,throughput
19.0,sn_12,relay,BS_3,se_6,1,550.0,550.0,proposed_optimal_dkmcs,throughput
19.0,we_13,relay,BS_2,wn_8,1,550.0,550.0,proposed_optimal_dkmcs,throughput
19.0,sn_9,relay,BS_3,se_3,1,550.0,550.0,proposed_optimal_dkmcs,throughput
19.0,se_5,relay,BS_3,sn_12,1,550.0,550.0,proposed_optimal_dkmcs,throughput
19.0,wn_6,relay,BS_2,wn_8,1,550.0,550.0,proposed_optimal_dkmcs,throughput
19.0,se_0,relay,BS_2,se_1,1,550.0,550.0,proposed_optimal_dkmcs,throughput
19.0,wn_0,relay,BS_2,wn_1,1,550.0,550.0,proposed_optimal_dkmcs,throughput
19.0,ew_19,relay,BS_1,ew_18,1,550.0,550.0,proposed_optimal_dkmcs,throughput
19.0,we_12,relay,BS_2,wn_8,1,550.0,550.0,proposed_optimal_dkmcs,throughput
19.0,we_6,relay,BS_2,wn_1,1,550.0,550.0,proposed_optimal_dkmcs,throughput
19.0,we_19,relay,BS_2,wn_9,1,440.00000000000006,550.0,proposed_optimal_dkmcs,throughput
19.0,ns_1,relay,BS_2,ns_3,1,550.0,550.0,proposed_optimal_dkmcs,throughput
19.0,we_2,relay,BS_2,we_0,1,550.0,550.0,proposed_optimal_dkmcs,throughput
20.0,we_16,relay,BS_2,we_15,1,550.0,550.0,proposed_optimal_dkmcs,throughput
20.0,se_7,relay,BS_3,se_8,1,550.0,550.0,proposed_optimal_dkmcs,throughput
20.0,sn_5,relay,BS_2,se_0,1,550.0,550.0,proposed_optimal_dkmcs,throughput
20.0,ew_6,relay,BS_1,ew_8,1,440.00000000000006,550.0,proposed_optimal_dkmcs,throughput
20.0,ew_9,relay,BS_1,ew_8,1,550.0,550.0,proposed_optimal_dkmcs,throughput
20.0,se_9,relay,BS_3,se_8,1,550.0,550.0,proposed_optimal_dkmcs,throughput
20.0,sn_19,relay,BS_3,se_9,1,550.0,550.0,proposed_optimal_dkmcs,throughput
20.0,we_8,relay,BS_2,wn_4,1,550.0,550.0,proposed_optimal_dkmcs,throughput
20.0,we_14,relay,BS_2,we_15,1,550.0,550.0,proposed_optimal_dkmcs,throughput
20.0,ew_11,relay,BS_1,ew_8,1,550.0,550.0,proposed_optimal_dkmcs,throughput
20.0,sn_16,relay,BS_3,se_9,1,550.0,550.0,proposed_optimal_dkmcs,throughput
20.0,ns_17,relay,BS_1,ns_18,1,550.0,550.0,proposed_optimal_dkmcs,throughput
20.0,sn_17,relay,BS_3,se_9,1,550.0,550.0,proposed_optimal_dkmcs,throughput
20.0,se_4,relay,BS_3,se_5,1,550.0,550.0,proposed_optimal_dkmcs,throughput
20.0,we_10,relay,BS_2,wn_4,1,550.0,550.0,proposed_optimal_dkmcs,throughput
20.0,wn_3,relay,BS_2,wn_4,1,550.0,550.0,proposed_optimal_dkmcs,throughput
20.0,ns_6,relay,BS_2,ns_4,1,550.0,550.0,proposed_optimal_dkmcs,throughput
20.0,se_2,relay,BS_2,se_0,1,550.0,550.0,proposed_optimal_dkmcs,throughput
20.0,ew_0,relay,BS_2,ew_2,1,550.0,550.0,proposed_optimal_dkmcs,throughput
20.0,ew_3,relay,BS_2,ew_2,1,550.0,550.0,proposed_optimal_dkmcs,throughput
20.0,ew_4,relay,BS_2,ew_2,1,440.00000000000006,550.0,proposed_optimal_dkmcs,throughput
20.0,ew_13,relay,BS_3,ew_15,1,550.0,550.0,proposed_optimal_dkmcs,throughput
20.0,sn_18,relay,BS_3,se_9,1,550.0,550.0,proposed_optimal_dkmcs,throughput
20.0,ew_17,relay,BS_3,ew_16,1,550.0,550.0,proposed_optimal_dkmcs,throughput
20.0,wn_8,relay,BS_2,we_15,1,550.0,550.0,proposed_optimal_dkmcs,throughput
20.0,ew_8,relay,BS_3,ew_11,1,550.0,550.0,proposed_optimal_dkmcs,throughput
20.0,sn_14,relay,BS_3,se_7,1,550.0,550.0,proposed_optimal_dkmcs,throughput
20.0,ns_11,relay,BS_1,ns_9,1,550.0,550.0,proposed_optimal_dkmcs,throughput
20.0,we_5,relay,BS_2,we_7,1,550.0,550.0,proposed_optimal_dkmcs,throughput
20.0,sn_2,relay,BS_2,sn_0,1,550.0,550.0,proposed_optimal_dkmcs,throughput
20.0,ns_3,relay,BS_2,ns_2,1,550.0,550.0,proposed_optimal_dkmcs,throughput
20.0,sn_7,relay,BS_2,se_0,1,550.0,550.0,proposed_optimal_dkmcs,throughput
20.0,ew_5,relay,BS_1,ew_8,1,440.00000000000006,550.0,proposed_optimal_dkmcs,throughput
20.0,sn_1,relay,BS_2,sn_0,1,550.0,550.0,proposed_optimal_dkmcs,throughput
20.0,wn_2,relay,BS_2,we_7,1,550.0,550.0,proposed_optimal_dkmcs,throughput
20.0,ns_14,relay,BS_1,ns_13,1,550.0,550.0,proposed_optimal_dkmcs,throughput
20.0,we_7,direct,BS_1,-1,1,240.0,440.00000000000006,proposed_optimal_dkmcs,throughput
20.0,we_1,relay,BS_2,sn_0,1,550.0,550.0,proposed_optimal_dkmcs,throughput
20.0,ns_5,relay,BS_2,ns_4,1,550.0,550.0,proposed_optimal_dkmcs,throughput
20.0,we_0,relay,BS_2,sn_0,1,550.0,550.0,proposed_optimal_dkmcs,throughput
20.0,ew_7,relay,BS_1,ew_8,1,440.00000000000006,550.0,proposed_optimal_dkmcs,throughput
20.0,ns_18,relay,BS_1,ns_17,1,550.0,550.0,proposed_optimal_dkmcs,throughput
20.0,ns_0,relay,BS_2,ns_2,1,550.0,550.0,proposed_optimal_dkmcs,throughput
20.0,we_18,relay,BS_2,wn_9,1,550.0,550.0,proposed_optimal_dkmcs,throughput
20.0,sn_13,relay,BS_3,se_7,1,550.0,550.0,proposed_optimal_dkmcs,throughput
20.0,se_3,relay,BS_3,se_4,1,550.0,550.0,proposed_optimal_dkmcs,throughput
20.0,se_1,relay,BS_2,se_0,1,550.0,550.0,proposed_optimal_dkmcs,throughput
20.0,se_8,relay,BS_3,se_7,1,550.0,550.0,proposed_optimal_dkmcs,throughput
20.0,ew_10,relay,BS_1,ew_8,1,550.0,550.0,proposed_optimal_dkmcs,throughput
20.0,ns_2,relay,BS_2,sn_0,1,440.00000000000006,550.0,proposed_optimal_dkmcs,throughput
20.0,wn_7,relay,BS_2,we_15,1,550.0,550.0,proposed_optimal_dkmcs,throughput
20.0,ns_12,relay,BS_1,ns_15,1,550.0,550.0,proposed_optimal_dkmcs,throughput
20.0,ew_1,relay,BS_2,ew_2,1,550.0,550.0,proposed_optimal_dkmcs,throughput
20.0,we_3,relay,BS_2,we_1,1,550.0,550.0,proposed_optimal_dkmcs,throughput
20.0,ns_7,relay,BS_2,ns_4,1,550.0,550.0,proposed_optimal_dkmcs,throughput
20.0,ns_10,relay,BS_1,ns_9,1,550.0,550.0,proposed_optimal_dkmcs,throughput
20.0,wn_5,relay,BS_2,wn_4,1,550.0,550.0,proposed_optimal_dkmcs,throughput
20.0,ns_13,relay,BS_1,ns_15,1,550.0,550.0,proposed_optimal_dkmcs,throughput
20.0,we_17,relay,BS_2,wn_9,1,550.0,550.0,proposed_optimal_dkmcs,throughput
20.0,sn_3,relay,BS_2,sn_0,1,550.0,550.0,proposed_optimal_dkmcs,throughput
20.0,we_9,relay,BS_2,wn_4,1,550.0,550.0,proposed_optimal_dkmcs,throughput
20.0,ew_16,relay,BS_3,ew_18,1,550.0,550.0,proposed_optimal_dkmcs,throughput
20.0,wn_4,relay,BS_1,wn_5,1,240.0,330.0,proposed_optimal_dkmcs,throughput
20.0,sn_8,relay,BS_3,se_4,1,550.0,550.0,proposed_optimal_dkmcs,throughput
20.0,sn_11,relay,BS_3,se_4,1,550.0,550.0,proposed_optimal_dkmcs,throughput
20.0,ns_19,relay,BS_1,ns_18,1,550.0,550.0,proposed_optimal_dkmcs,throughput
20.0,ew_12,relay,BS_3,ew_15,1,550.0,550.0,proposed_optimal_dkmcs,throughput
20.0,se_6,relay,BS_3,se_7,1,550.0,550.0,proposed_optimal_dkmcs,throughput
20.0,ew_15,relay,BS_3,ew_16,1,550.0,550.0,proposed_optimal_dkmcs,throughput
20.0,sn_10,relay,BS_3,se_4,1,550.0,550.0,proposed_optimal_dkmcs,throughput
20.0,wn_9,relay,BS_2,we_15,1,550.0,550.0,proposed_optimal_dkmcs,throughput
20.0,sn_15,relay,BS_3,se_7,1,550.0,550.0,proposed_optimal_dkmcs,throughput
20.0,ew_18,relay,BS_3,ew_16,1,550.0,550.0,proposed_optimal_dkmcs,throughput
20.0,we_11,relay,BS_2,wn_4,1,550.0,550.0,proposed_optimal_dkmcs,throughput
20.0,sn_4,relay,BS_2,se_0,1,550.0,550.0,proposed_optimal_dkmcs,throughput
20.0,ns_16,relay,BS_1,ns_15,1,550.0,550.0,proposed_optimal_dkmcs,throughput
20.0,sn_6,relay,BS_2,se_0,1,550.0,550.0,proposed_optimal_dkmcs,throughput
20.0,sn_0,relay,BS_2,we_1,1,550.0,550.0,proposed_optimal_dkmcs,throughput
20.0,ns_9,relay,BS_1,ns_11,1,550.0,550.0,proposed_optimal_dkmcs,throughput
20.0,ns_15,relay,BS_1,ns_13,1,550.0,550.0,proposed_optimal_dkmcs,throughput
20.0,ns_4,relay,BS_2,ns_2,1,440.00000000000006,550.0,proposed_optimal_dkmcs,throughput
20.0,ns_8,relay,BS_1,ns_9,1,550.0,550.0,proposed_optimal_dkmcs,throughput
20.0,ew_2,relay,BS_2,sn_0,1,440.00000000000006,550.0,proposed_optimal_dkmcs,throughput
20.0,we_15,direct,BS_1,-1,1,240.0,330.0,proposed_optimal_dkmcs,throughput
20.0,wn_1,relay,BS_2,we_7,1,550.0,550.0,proposed_optimal_dkmcs,throughput
20.0,we_4,relay,BS_2,we_7,1,550.0,550.0,proposed_optimal_dkmcs,throughput
20.0,ew_14,relay,BS_3,ew_15,1,550.0,550.0,proposed_optimal_dkmcs,throughput
20.0,sn_12,relay,BS_3,se_5,1,550.0,550.0,proposed_optimal_dkmcs,throughput
20.0,we_13,relay,BS_2,we_15,1,550.0,550.0,proposed_optimal_dkmcs,throughput
20.0,sn_9,relay,BS_3,se_4,1,550.0,550.0,proposed_optimal_dkmcs,throughput
20.0,se_5,relay,BS_3,se_4,1,550.0,550.0,proposed_optimal_dkmcs,throughput
20.0,wn_6,relay,BS_2,we_15,1,550.0,550.0,proposed_optimal_dkmcs,throughput
20.0,se_0,relay,BS_3,se_1,1,330.0,440.00000000000006,proposed_optimal_dkmcs,throughput
20.0,wn_0,relay,BS_2,we_7,1,550.0,550.0,proposed_optimal_dkmcs,throughput
20.0,ew_19,relay,BS_3,ew_18,1,550.0,550.0,proposed_optimal_dkmcs,throughput
20.0,we_12,relay,BS_2,we_15,1,550.0,550.0,proposed_optimal_dkmcs,throughput
20.0,we_6,relay,BS_2,we_7,1,550.0,550.0,proposed_optimal_dkmcs,throughput
20.0,we_19,relay,BS_2,wn_9,1,440.00000000000006,550.0,proposed_optimal_dkmcs,throughput
20.0,ns_1,relay,BS_2,ns_2,1,550.0,550.0,proposed_optimal_dkmcs,throughput
20.0,we_2,relay,BS_2,we_1,1,550.0,550.0,proposed_optimal_dkmcs,throughput
21.0,we_16,relay,BS_2,we_15,1,550.0,550.0,proposed_optimal_dkmcs,throughput
21.0,se_7,relay,BS_3,sn_14,1,550.0,550.0,proposed_optimal_dkmcs,throughput
21.0,sn_5,relay,BS_2,sn_7,1,550.0,550.0,proposed_optimal_dkmcs,throughput
21.0,ew_6,relay,BS_1,ew_8,1,440.00000000000006,550.0,proposed_optimal_dkmcs,throughput
21.0,ew_9,relay,BS_1,ew_11,1,550.0,550.0,proposed_optimal_dkmcs,throughput
21.0,se_9,relay,BS_3,sn_17,1,550.0,550.0,proposed_optimal_dkmcs,throughput
21.0,sn_19,relay,BS_3,sn_17,1,550.0,550.0,proposed_optimal_dkmcs,throughput
21.0,we_8,relay,BS_2,we_9,1,550.0,550.0,proposed_optimal_dkmcs,throughput
21.0,we_14,relay,BS_2,we_15,1,550.0,550.0,proposed_optimal_dkmcs,throughput
21.0,ew_11,relay,BS_1,ew_8,1,550.0,550.0,proposed_optimal_dkmcs,throughput
21.0,sn_16,relay,BS_3,sn_17,1,550.0,550.0,proposed_optimal_dkmcs,throughput
21.0,ns_17,relay,BS_1,ns_18,1,550.0,550.0,proposed_optimal_dkmcs,throughput
21.0,sn_17,direct,BS_3,-1,1,550.0,550.0,proposed_optimal_dkmcs,throughput
21.0,se_4,relay,BS_3,sn_11,1,550.0,550.0,proposed_optimal_dkmcs,throughput
21.0,we_10,relay,BS_2,we_9,1,550.0,550.0,proposed_optimal_dkmcs,throughput
21.0,wn_3,relay,BS_2,we_9,1,550.0,550.0,proposed_optimal_dkmcs,throughput
21.0,ns_6,relay,BS_2,ns_7,1,550.0,550.0,proposed_optimal_dkmcs,throughput
21.0,se_2,relay,BS_2,sn_7,1,550.0,550.0,proposed_optimal_dkmcs,throughput
21.0,ew_0,relay,BS_2,sn_1,1,550.0,550.0,proposed_optimal_dkmcs,throughput
21.0,ew_3,relay,BS_2,sn_1,1,550.0,550.0,proposed_optimal_dkmcs,throughput
21.0,ew_4,relay,BS_2,ew_6,1,550.0,550.0,proposed_optimal_dkmcs,throughput
21.0,ew_13,relay,BS_1,ew_15,1,550.0,550.0,proposed_optimal_dkmcs,throughput
21.0,sn_18,relay,BS_3,sn_17,1,550.0,550.0,proposed_optimal_dkmcs,throughput
21.0,ew_17,relay,BS_3,ew_18,1,550.0,550.0,proposed_optimal_dkmcs,throughput
21.0,wn_8,relay,BS_2,we_15,1,550.0,550.0,proposed_optimal_dkmcs,throughput
21.0,ew_8,relay,BS_1,ew_11,1,550.0,550.0,proposed_optimal_dkmcs,throughput
21.0,sn_14,relay,BS_3,sn_12,1,550.0,550.0,proposed_optimal_dkmcs,throughput
21.0,ns_11,relay,BS_1,ns_10,1,550.0,550.0,proposed_optimal_dkmcs,throughput
21.0,we_5,relay,BS_2,we_4,1,550.0,550.0,proposed_optimal_dkmcs,throughput
21.0,sn_2,relay,BS_2,sn_1,1,550.0,550.0,proposed_optimal_dkmcs,throughput
21.0,ns_3,relay,BS_2,sn_1,1,550.0,550.0,proposed_optimal_dkmcs,throughput
21.0,sn_7,relay,BS_3,sn_4,1,330.0,440.00000000000006,proposed_optimal_dkmcs,throughput
21.0,ew_5,relay,BS_2,ew_6,1,550.0,550.0,proposed_optimal_dkmcs,throughput
21.0,sn_1,relay,BS_2,ns_0,1,550.0,550.0,proposed_optimal_dkmcs,throughput
21.0,wn_2,relay,BS_2,we_6,1,550.0,550.0,proposed_optimal_dkmcs,throughput
21.0,ns_14,relay,BS_1,ns_13,1,550.0,550.0,proposed_optimal_dkmcs,throughput
21.0,we_7,relay,BS_2,we_6,1,550.0,550.0,proposed_optimal_dkmcs,throughput
21.0,we_1,relay,BS_2,ns_0,1,550.0,550.0,proposed_optimal_dkmcs,throughput
21.0,ns_5,relay,BS_2,ns_7,1,550.0,550.0,proposed_optimal_dkmcs,throughput
21.0,we_0,relay,BS_2,ns_0,1,550.0,550.0,proposed_optimal_dkmcs,throughput
21.0,ew_7,relay,BS_2,ew_6,1,550.0,550.0,proposed_optimal_dkmcs,throughput
21.0,ns_18,relay,BS_1,ns_16,1,550.0,550.0,proposed_optimal_dkmcs,throughput
21.0,ns_0,relay,BS_2,sn_1,1,550.0,550.0,proposed_optimal_dkmcs,throughput
21.0,we_18,relay,BS_2,we_16,1,550.0,550.0,proposed_optimal_dkmcs,throughput
21.0,sn_13,relay,BS_3,sn_12,1,550.0,550.0,proposed_optimal_dkmcs,throughput
21.0,se_3,relay,BS_3,sn_11,1,550.0,550.0,proposed_optimal_dkmcs,throughput
21.0,se_1,relay,BS_2,sn_7,1,550.0,550.0,proposed_optimal_dkmcs,throughput
21.0,se_8,relay,BS_3,sn_14,1,550.0,550.0,proposed_optimal_dkmcs,throughput
21.0,ew_10,relay,BS_1,ew_11,1,550.0,550.0,proposed_optimal_dkmcs,throughput
21.0,ns_2,relay,BS_2,ns_0,1,550.0,550.0,proposed_optimal_dkmcs,throughput
21.0,wn_7,relay,BS_2,we_15,1,550.0,550.0,proposed_optimal_dkmcs,throughput
21.0,ns_12,relay,BS_1,ns_13,1,550.0,550.0,proposed_optimal_dkmcs,throughput
21.0,ew_1,relay,BS_2,sn_1,1,550.0,550.0,proposed_optimal_dkmcs,throughput
21.0,we_3,relay,BS_2,ns_0,1,550.0,550.0,proposed_optimal_dkmcs,throughput
21.0,ns_7,relay,BS_1,ns_9,1,440.00000000000006,550.0,proposed_optimal_dkmcs,throughput
21.0,ns_10,relay,BS_1,ns_9,1,550.0,550.0,proposed_optimal_dkmcs,throughput
21.0,wn_5,relay,BS_2,we_9,1,550.0,550.0,proposed_optimal_dkmcs,throughput
21.0,ns_13,direct,BS_1,-1,1,550.0,550.0,proposed_optimal_dkmcs,throughput
21.0,we_17,relay,BS_2,we_16,1,550.0,550.0,proposed_optimal_dkmcs,throughput
21.0,sn_3,relay,BS_2,sn_1,1,550.0,550.0,proposed_optimal_dkmcs,throughput
21.0,we_9,relay,BS_3,wn_4,1,240.0,330.0,proposed_optimal_dkmcs,throughput
21.0,ew_16,relay,BS_1,ew_15,1,550.0,550.0,proposed_optimal_dkmcs,throughput
21.0,wn_4,relay,BS_2,we_9,1,550.0,550.0,proposed_optimal_dkmcs,throughput
21.0,sn_8,relay,BS_3,sn_11,1,550.0,550.0,proposed_optimal_dkmcs,throughput
21.0,sn_11,direct,BS_3,-1,1,550.0,550.0,proposed_optimal_dkmcs,throughput
21.0,ns_19,relay,BS_1,ns_18,1,550.0,550.0,proposed_optimal_dkmcs,throughput
21.0,ew_12,relay,BS_1,ew_15,1,550.0,550.0,proposed_optimal_dkmcs,throughput
21.0,se_6,relay,BS_3,sn_14,1,550.0,550.0,proposed_optimal_dkmcs,throughput
21.0,ew_15,relay,BS_3,ew_16,1,550.0,550.0,proposed_optimal_dkmcs,throughput
21.0,sn_10,relay,BS_3,sn_11,1,550.0,550.0,proposed_optimal_dkmcs,throughput
21.0,wn_9,relay,BS_2,we_16,1,550.0,550.0,proposed_optimal_dkmcs,throughput
21.0,sn_15,relay,BS_3,sn_14,1,550.0,550.0,proposed_optimal_dkmcs,throughput
21.0,ew_18,relay,BS_3,ew_16,1,550.0,550.0,proposed_optimal_dkmcs,throughput
21.0,we_11,relay,BS_2,we_9,1,550.0,550.0,proposed_optimal_dkmcs,throughput
21.0,sn_4,relay,BS_2,sn_7,1,550.0,550.0,proposed_optimal_dkmcs,throughput
21.0,ns_16,relay,BS_1,ns_18,1,550.0,550.0,proposed_optimal_dkmcs,throughput
21.0,sn_6,relay,BS_2,sn_7,1,550.0,550.0,proposed_optimal_dkmcs,throughput
21.0,sn_0,relay,BS_2,sn_1,1,550.0,550.0,proposed_optimal_dkmcs,throughput
21.0,ns_9,relay,BS_1,ns_10,1,550.0,550.0,proposed_optimal_dkmcs,throughput
21.0,ns_15,relay,BS_1,ns_13,1,550.0,550.0,proposed_optimal_dkmcs,throughput
21.0,ns_4,relay,BS_2,ns_7,1,550.0,550.0,proposed_optimal_dkmcs,throughput
21.0,ns_8,relay,BS_1,ns_9,1,550.0,550.0,proposed_optimal_dkmcs,throughput
21.0,ew_2,relay,BS_2,sn_1,1,550.0,550.0,proposed_optimal_dkmcs,throughput
21.0,we_15,direct,BS_1,-1,1,240.0,330.0,proposed_optimal_dkmcs,throughput
21.0,wn_1,relay,BS_2,we_6,1,550.0,550.0,proposed_optimal_dkmcs,throughput
21.0,we_4,relay,BS_2,we_6,1,550.0,550.0,proposed_optimal_dkmcs,throughput
21.0,ew_14,relay,BS_1,ew_15,1,550.0,550.0,proposed_optimal_dkmcs,throughput
21.0,sn_12,relay,BS_3,sn_14,1,550.0,550.0,proposed_optimal_dkmcs,throughput
21.0,we_13,relay,BS_2,we_15,1,550.0,550.0,proposed_optimal_dkmcs,throughput
21.0,sn_9,relay,BS_3,sn_11,1,550.0,550.0,proposed_optimal_dkmcs,throughput
21.0,se_5,relay,BS_3,sn_12,1,550.0,550.0,proposed_optimal_dkmcs,throughput
21.0,wn_6,relay,BS_2,we_15,1,550.0,550.0,proposed_optimal_dkmcs,throughput
21.0,se_0,relay,BS_2,sn_7,1,550.0,550.0,proposed_optimal_dkmcs,throughput
21.0,wn_0,relay,BS_2,we_4,1,550.0,550.0,proposed_optimal_dkmcs,throughput
21.0,ew_19,relay,BS_3,ew_18,1,550.0,550.0,proposed_optimal_dkmcs,throughput
21.0,we_12,relay,BS_2,we_15,1,550.0,550.0,proposed_optimal_dkmcs,throughput
21.0,we_6,relay,BS_2,we_4,1,550.0,550.0,proposed_optimal_dkmcs,throughput
21.0,we_19,relay,BS_2,we_16,1,550.0,550.0,proposed_optimal_dkmcs,throughput
21.0,ns_1,relay,BS_2,ns_0,1,550.0,550.0,proposed_optimal_dkmcs,throughput
21.0,we_2,relay,BS_2,ns_0,1,550.0,550.0,proposed_optimal_dkmcs,throughput
22.0,we_16,relay,BS_2,wn_8,1,550.0,550.0,proposed_optimal_dkmcs,throughput
22.0,se_7,relay,BS_3,se_6,1,550.0,550.0,proposed_optimal_dkmcs,throughput
22.0,sn_5,relay,BS_2,sn_7,1,550.0,550.0,proposed_optimal_dkmcs,throughput
22.0,ew_6,relay,BS_3,ew_8,1,440.00000000000006,550.0,proposed_optimal_dkmcs,throughput
22.0,ew_9,relay,BS_3,ew_11,1,550.0,550.0,proposed_optimal_dkmcs,throughput
22.0,se_9,relay,BS_3,sn_16,1,550.0,550.0,proposed_optimal_dkmcs,throughput
22.0,sn_19,relay,BS_3,sn_18,1,550.0,550.0,proposed_optimal_dkmcs,throughput
22.0,we_8,relay,BS_2,we_9,1,550.0,550.0,proposed_optimal_dkmcs,throughput
22.0,we_14,relay,BS_2,wn_8,1,550.0,550.0,proposed_optimal_dkmcs,throughput
22.0,ew_11,direct,BS_1,-1,1,550.0,550.0,proposed_optimal_dkmcs,throughput
22.0,sn_16,relay,BS_3,sn_18,1,550.0,550.0,proposed_optimal_dkmcs,throughput
22.0,ns_17,relay,BS_1,ns_18,1,550.0,550.0,proposed_optimal_dkmcs,throughput
22.0,sn_17,relay,BS_3,sn_16,1,550.0,550.0,proposed_optimal_dkmcs,throughput
22.0,se_4,relay,BS_3,sn_11,1,550.0,550.0,proposed_optimal_dkmcs,throughput
22.0,we_10,relay,BS_2,we_9,1,550.0,550.0,proposed_optimal_dkmcs,throughput
22.0,wn_3,relay,BS_2,we_9,1,550.0,550.0,proposed_optimal_dkmcs,throughput
22.0,ns_6,relay,BS_2,sn_1,1,550.0,550.0,proposed_optimal_dkmcs,throughput
22.0,se_2,relay,BS_2,sn_7,1,550.0,550.0,proposed_optimal_dkmcs,throughput
22.0,ew_0,relay,BS_2,ew_1,1,550.0,550.0,proposed_optimal_dkmcs,throughput
22.0,ew_3,relay,BS_2,ew_1,1,550.0,550.0,proposed_optimal_dkmcs,throughput
22.0,ew_4,relay,BS_2,ew_6,1,550.0,550.0,proposed_optimal_dkmcs,throughput
22.0,ew_13,relay,BS_1,ew_15,1,550.0,550.0,proposed_optimal_dkmcs,throughput
22.0,sn_18,relay,BS_3,sn_16,1,550.0,550.0,proposed_optimal_dkmcs,throughput
22.0,ew_17,relay,BS_1,ew_19,1,550.0,550.0,proposed_optimal_dkmcs,throughput
22.0,wn_8,relay,BS_2,wn_7,1,550.0,550.0,proposed_optimal_dkmcs,throughput
22.0,ew_8,relay,BS_3,ew_11,1,550.0,550.0,proposed_optimal_dkmcs,throughput
22.0,sn_14,relay,BS_3,sn_15,1,550.0,550.0,proposed_optimal_dkmcs,throughput
22.0,ns_11,direct,BS_1,-1,1,550.0,550.0,proposed_optimal_dkmcs,throughput
22.0,we_5,relay,BS_2,we_6,1,550.0,550.0,proposed_optimal_dkmcs,throughput
22.0,sn_2,relay,BS_2,sn_1,1,550.0,550.0,proposed_optimal_dkmcs,throughput
22.0,ns_3,relay,BS_2,ew_1,1,550.0,550.0,proposed_optimal_dkmcs,throughput
22.0,sn_7,direct,BS_3,-1,1,330.0,440.00000000000006,proposed_optimal_dkmcs,throughput
22.0,ew_5,relay,BS_2,ew_6,1,550.0,550.0,proposed_optimal_dkmcs,throughput
22.0,sn_1,relay,BS_2,ew_1,1,550.0,550.0,proposed_optimal_dkmcs,throughput
22.0,wn_2,relay,BS_2,we_6,1,550.0,550.0,proposed_optimal_dkmcs,throughput
22.0,ns_14,relay,BS_1,ns_15,1,550.0,550.0,proposed_optimal_dkmcs,throughput
22.0,we_7,relay,BS_2,we_6,1,550.0,550.0,proposed_optimal_dkmcs,throughput
22.0,we_1,relay,BS_2,we_3,1,550.0,550.0,proposed_optimal_dkmcs,throughput
22.0,ns_5,relay,BS_2,sn_1,1,550.0,550.0,proposed_optimal_dkmcs,throughput
22.0,we_0,relay,BS_2,we_3,1,550.0,550.0,proposed_optimal_dkmcs,throughput
22.0,ew_7,relay,BS_2,ew_6,1,550.0,550.0,proposed_optimal_dkmcs,throughput
22.0,ns_18,relay,BS_1,ns_16,1,550.0,550.0,proposed_optimal_dkmcs,throughput
22.0,ns_0,relay,BS_2,we_3,1,550.0,550.0,proposed_optimal_dkmcs,throughput
22.0,we_18,relay,BS_2,wn_9,1,550.0,550.0,proposed_optimal_dkmcs,throughput
22.0,sn_13,relay,BS_3,se_6,1,550.0,550.0,proposed_optimal_dkmcs,throughput
22.0,se_3,relay,BS_3,sn_11,1,550.0,550.0,proposed_optimal_dkmcs,throughput
22.0,se_1,relay,BS_2,sn_7,1,550.0,550.0,proposed_optimal_dkmcs,throughput
22.0,se_8,relay,BS_3,sn_16,1,550.0,550.0,proposed_optimal_dkmcs,throughput
22.0,ew_10,relay,BS_3,ew_11,1,550.0,550.0,proposed_optimal_dkmcs,throughput
22.0,ns_2,relay,BS_2,we_3,1,550.0,550.0,proposed_optimal_dkmcs,throughput
22.0,wn_7,relay,BS_2,wn_8,1,550.0,550.0,proposed_optimal_dkmcs,throughput
22.0,ns_12,relay,BS_1,ns_15,1,550.0,550.0,proposed_optimal_dkmcs,throughput
22.0,ew_1,relay,BS_2,we_3,1,550.0,550.0,proposed_optimal_dkmcs,throughput
22.0,we_3,relay,BS_2,ew_1,1,550.0,550.0,proposed_optimal_dkmcs,throughput
22.0,ns_7,relay,BS_2,sn_1,1,440.00000000000006,550.0,proposed_optimal_dkmcs,throughput
22.0,ns_10,relay,BS_1,ns_11,1,550.0,550.0,proposed_optimal_dkmcs,throughput
22.0,wn_5,relay,BS_2,we_9,1,550.0,550.0,proposed_optimal_dkmcs,throughput
22.0,ns_13,relay,BS_1,ns_15,1,550.0,550.0,proposed_optimal_dkmcs,throughput
22.0,we_17,relay,BS_2,wn_9,1,550.0,550.0,proposed_optimal_dkmcs,throughput
22.0,sn_3,relay,BS_2,ew_1,1,550.0,550.0,proposed_optimal_dkmcs,throughput
22.0,we_9,relay,BS_3,we_11,1,240.0,330.0,proposed_optimal_dkmcs,throughput
22.0,ew_16,relay,BS_1,ew_19,1,550.0,550.0,proposed_optimal_dkmcs,throughput
22.0,wn_4,relay,BS_2,we_9,1,550.0,550.0,proposed_optimal_dkmcs,throughput
22.0,sn_8,relay,BS_3,sn_11,1,550.0,550.0,proposed_optimal_dkmcs,throughput
22.0,sn_11,relay,BS_3,se_5,1,550.0,550.0,proposed_optimal_dkmcs,throughput
22.0,ns_19,relay,BS_1,ns_18,1,550.0,550.0,proposed_optimal_dkmcs,throughput
22.0,ew_12,relay,BS_1,ew_15,1,550.0,550.0,proposed_optimal_dkmcs,throughput
22.0,se_6,relay,BS_3,sn_15,1,550.0,550.0,proposed_optimal_dkmcs,throughput
22.0,ew_15,relay,BS_1,ew_16,1,550.0,550.0,proposed_optimal_dkmcs,throughput
22.0,sn_10,relay,BS_3,sn_11,1,550.0,550.0,proposed_optimal_dkmcs,throughput
22.0,wn_9,relay,BS_2,wn_8,1,550.0,550.0,proposed_optimal_dkmcs,throughput
22.0,sn_15,relay,BS_3,se_6,1,550.0,550.0,proposed_optimal_dkmcs,throughput
22.0,ew_18,relay,BS_1,ew_19,1,550.0,550.0,proposed_optimal_dkmcs,throughput
22.0,we_11,relay,BS_2,we_9,1,550.0,550.0,proposed_optimal_dkmcs,throughput
22.0,sn_4,relay,BS_2,sn_7,1,550.0,550.0,proposed_optimal_dkmcs,throughput
22.0,ns_16,relay,BS_1,ns_18,1,550.0,550.0,proposed_optimal_dkmcs,throughput
22.0,sn_6,relay,BS_2,sn_7,1,550.0,550.0,proposed_optimal_dkmcs,throughput
22.0,sn_0,relay,BS_2,sn_1,1,550.0,550.0,proposed_optimal_dkmcs,throughput
22.0,ns_9,relay,BS_1,ns_11,1,550.0,550.0,proposed_optimal_dkmcs,throughput
22.0,ns_15,relay,BS_1,ns_16,1,550.0,550.0,proposed_optimal_dkmcs,throughput
22.0,ns_4,relay,BS_2,sn_1,1,550.0,550.0,proposed_optimal_dkmcs,throughput
22.0,ns_8,relay,BS_1,ns_11,1,550.0,550.0,proposed_optimal_dkmcs,throughput
22.0,ew_2,relay,BS_2,ew_1,1,550.0,550.0,proposed_optimal_dkmcs,throughput
22.0,we_15,relay,BS_2,wn_8,1,550.0,550.0,proposed_optimal_dkmcs,throughput
22.0,wn_1,relay,BS_2,we_6,1,550.0,550.0,proposed_optimal_dkmcs,throughput
22.0,we_4,relay,BS_2,we_6,1,550.0,550.0,proposed_optimal_dkmcs,throughput
22.0,ew_14,relay,BS_1,ew_15,1,550.0,550.0,proposed_optimal_dkmcs,throughput
22.0,sn_12,relay,BS_3,se_6,1,550.0,550.0,proposed_optimal_dkmcs,throughput
22.0,we_13,relay,BS_2,wn_7,1,550.0,550.0,proposed_optimal_dkmcs,throughput
22.0,sn_9,relay,BS_3,sn_11,1,550.0,550.0,proposed_optimal_dkmcs,throughput
22.0,se_5,relay,BS_3,sn_11,1,550.0,550.0,proposed_optimal_dkmcs,throughput
22.0,wn_6,relay,BS_2,wn_7,1,550.0,550.0,proposed_optimal_dkmcs,throughput
22.0,se_0,relay,BS_2,sn_7,1,550.0,550.0,proposed_optimal_dkmcs,throughput
22.0,wn_0,relay,BS_2,we_6,1,550.0,550.0,proposed_optimal_dkmcs,throughput
22.0,ew_19,relay,BS_1,ew_16,1,550.0,550.0,proposed_optimal_dkmcs,throughput
22.0,we_12,relay,BS_2,wn_7,1,550.0,550.0,proposed_optimal_dkmcs,throughput
22.0,we_6,relay,BS_1,we_5,1,240.0,440.00000000000006,proposed_optimal_dkmcs,throughput
22.0,we_19,relay,BS_2,wn_9,1,550.0,550.0,proposed_optimal_dkmcs,throughput
22.0,ns_1,relay,BS_2,we_3,1,550.0,550.0,proposed_optimal_dkmcs,throughput
22.0,we_2,relay,BS_2,we_3,1,550.0,550.0,proposed_optimal_dkmcs,throughput
23.0,we_16,relay,BS_2,wn_8,1,550.0,550.0,proposed_optimal_dkmcs,throughput
23.0,se_7,relay,BS_3,sn_15,1,550.0,550.0,proposed_optimal_dkmcs,throughput
23.0,sn_5,relay,BS_2,sn_7,1,550.0,550.0,proposed_optimal_dkmcs,throughput
23.0,ew_6,relay,BS_2,we_1,1,550.0,550.0,proposed_optimal_dkmcs,throughput
23.0,ew_9,relay,BS_1,ew_11,1,550.0,550.0,proposed_optimal_dkmcs,throughput
23.0,se_9,relay,BS_3,sn_17,1,550.0,550.0,proposed_optimal_dkmcs,throughput
23.0,sn_19,relay,BS_3,sn_17,1,550.0,550.0,proposed_optimal_dkmcs,throughput
23.0,we_8,relay,BS_2,we_11,1,550.0,550.0,proposed_optimal_dkmcs,throughput
23.0,we_14,relay,BS_2,we_15,1,550.0,550.0,proposed_optimal_dkmcs,throughput
23.0,ew_11,direct,BS_1,-1,1,550.0,550.0,proposed_optimal_dkmcs,throughput
23.0,sn_16,relay,BS_3,sn_17,1,550.0,550.0,proposed_optimal_dkmcs,throughput
23.0,ns_17,relay,BS_1,ns_18,1,550.0,550.0,proposed_optimal_dkmcs,throughput
23.0,sn_17,direct,BS_3,-1,1,550.0,550.0,proposed_optimal_dkmcs,throughput
23.0,se_4,relay,BS_2,se_3,1,550.0,550.0,proposed_optimal_dkmcs,throughput
23.0,we_10,relay,BS_2,we_11,1,550.0,550.0,proposed_optimal_dkmcs,throughput
23.0,wn_3,relay,BS_2,we_11,1,550.0,550.0,proposed_optimal_dkmcs,throughput
23.0,ns_6,relay,BS_2,sn_2,1,550.0,550.0,proposed_optimal_dkmcs,throughput
23.0,se_2,relay,BS_3,ns_0,1,330.0,440.00000000000006,proposed_optimal_dkmcs,throughput
23.0,ew_0,relay,BS_2,we_5,1,550.0,550.0,proposed_optimal_dkmcs,throughput
23.0,ew_3,relay,BS_2,we_5,1,550.0,550.0,proposed_optimal_dkmcs,throughput
23.0,ew_4,relay,BS_2,we_1,1,550.0,550.0,proposed_optimal_dkmcs,throughput
23.0,ew_13,relay,BS_3,ew_15,1,550.0,550.0,proposed_optimal_dkmcs,throughput
23.0,sn_18,relay,BS_3,sn_17,1,550.0,550.0,proposed_optimal_dkmcs,throughput
23.0,ew_17,relay,BS_3,ew_16,1,550.0,550.0,proposed_optimal_dkmcs,throughput
23.0,wn_8,relay,BS_2,we_15,1,550.0,550.0,proposed_optimal_dkmcs,throughput
23.0,ew_8,relay,BS_1,ew_11,1,550.0,550.0,proposed_optimal_dkmcs,throughput
23.0,sn_14,relay,BS_3,sn_15,1,550.0,550.0,proposed_optimal_dkmcs,throughput
23.0,ns_11,relay,BS_1,ns_12,1,440.00000000000006,550.0,proposed_optimal_dkmcs,throughput
23.0,we_5,direct,BS_3,-1,1,330.0,440.00000000000006,proposed_optimal_dkmcs,throughput
23.0,sn_2,relay,BS_1,sn_0,1,330.0,440.00000000000006,proposed_optimal_dkmcs,throughput
23.0,ns_3,relay,BS_2,sn_7,1,550.0,550.0,proposed_optimal_dkmcs,throughput
23.0,sn_7,relay,BS_3,ns_0,1,330.0,440.00000000000006,proposed_optimal_dkmcs,throughput
23.0,ew_5,relay,BS_2,we_1,1,550.0,550.0,proposed_optimal_dkmcs,throughput
23.0,sn_1,relay,BS_2,sn_2,1,550.0,550.0,proposed_optimal_dkmcs,throughput
23.0,wn_2,relay,BS_2,we_5,1,550.0,550.0,proposed_optimal_dkmcs,throughput
23.0,ns_14,relay,BS_1,ns_12,1,550.0,550.0,proposed_optimal_dkmcs,throughput
23.0,we_7,relay,BS_2,we_5,1,550.0,550.0,proposed_optimal_dkmcs,throughput
23.0,we_1,relay,BS_3,ew_4,1,330.0,440.00000000000006,proposed_optimal_dkmcs,throughput
23.0,ns_5,relay,BS_2,sn_2,1,550.0,550.0,proposed_optimal_dkmcs,throughput
23.0,we_0,relay,BS_2,we_1,1,550.0,550.0,proposed_optimal_dkmcs,throughput
23.0,ew_7,relay,BS_2,we_1,1,550.0,550.0,proposed_optimal_dkmcs,throughput
23.0,ns_18,relay,BS_1,ns_17,1,550.0,550.0,proposed_optimal_dkmcs,throughput
23.0,ns_0,relay,BS_2,sn_7,1,550.0,550.0,proposed_optimal_dkmcs,throughput
23.0,we_18,relay,BS_2,we_16,1,550.0,550.0,proposed_optimal_dkmcs,throughput
23.0,sn_13,relay,BS_3,sn_15,1,550.0,550.0,proposed_optimal_dkmcs,throughput
23.0,se_3,relay,BS_3,se_5,1,440.00000000000006,550.0,proposed_optimal_dkmcs,throughput
23.0,se_1,relay,BS_2,sn_7,1,550.0,550.0,proposed_optimal_dkmcs,throughput
23.0,se_8,relay,BS_3,sn_17,1,550.0,550.0,proposed_optimal_dkmcs,throughput
23.0,ew_10,relay,BS_1,ew_11,1,550.0,550.0,proposed_optimal_dkmcs,throughput
23.0,ns_2,relay,BS_2,sn_7,1,550.0,550.0,proposed_optimal_dkmcs,throughput
23.0,wn_7,relay,BS_2,wn_8,1,550.0,550.0,proposed_optimal_dkmcs,throughput
23.0,ns_12,direct,BS_1,-1,1,550.0,550.0,proposed_optimal_dkmcs,throughput
23.0,ew_1,relay,BS_2,we_5,1,550.0,550.0,proposed_optimal_dkmcs,throughput
23.0,we_3,relay,BS_2,we_1,1,550.0,550.0,proposed_optimal_dkmcs,throughput
23.0,ns_7,relay,BS_2,sn_2,1,550.0,550.0,proposed_optimal_dkmcs,throughput
23.0,ns_10,relay,BS_2,ns_11,1,550.0,550.0,proposed_optimal_dkmcs,throughput
23.0,wn_5,relay,BS_2,we_11,1,550.0,550.0,proposed_optimal_dkmcs,throughput
23.0,ns_13,relay,BS_1,ns_12,1,550.0,550.0,proposed_optimal_dkmcs,throughput
23.0,we_17,relay,BS_2,we_16,1,550.0,550.0,proposed_optimal_dkmcs,throughput
23.0,sn_3,relay,BS_2,sn_2,1,550.0,550.0,proposed_optimal_dkmcs,throughput
23.0,we_9,relay,BS_2,we_11,1,550.0,550.0,proposed_optimal_dkmcs,throughput
23.0,ew_16,direct,BS_1,-1,1,550.0,550.0,proposed_optimal_dkmcs,throughput
23.0,wn_4,relay,BS_2,we_11,1,550.0,550.0,proposed_optimal_dkmcs,throughput
23.0,sn_8,relay,BS_2,se_3,1,550.0,550.0,proposed_optimal_dkmcs,throughput
23.0,sn_11,relay,BS_2,se_3,1,550.0,550.0,proposed_optimal_dkmcs,throughput
23.0,ns_19,relay,BS_1,ns_17,1,550.0,550.0,proposed_optimal_dkmcs,throughput
23.0,ew_12,relay,BS_1,ew_13,1,550.0,550.0,proposed_optimal_dkmcs,throughput
23.0,se_6,relay,BS_3,sn_14,1,550.0,550.0,proposed_optimal_dkmcs,throughput
23.0,ew_15,relay,BS_1,ew_13,1,550.0,550.0,proposed_optimal_dkmcs,throughput
23.0,sn_10,relay,BS_2,se_3,1,550.0,550.0,proposed_optimal_dkmcs,throughput
23.0,wn_9,relay,BS_2,we_16,1,550.0,550.0,proposed_optimal_dkmcs,throughput
23.0,sn_15,relay,BS_3,sn_14,1,550.0,550.0,proposed_optimal_dkmcs,throughput
23.0,ew_18,relay,BS_3,ew_16,1,550.0,550.0,proposed_optimal_dkmcs,throughput
23.0,we_11,relay,BS_1,wn_3,1,240.0,440.00000000000006,proposed_optimal_dkmcs,throughput
23.0,sn_4,relay,BS_2,sn_7,1,550.0,550.0,proposed_optimal_dkmcs,throughput
23.0,ns_16,relay,BS_1,ns_17,1,550.0,550.0,proposed_optimal_dkmcs,throughput
23.0,sn_6,relay,BS_2,sn_7,1,550.0,550.0,proposed_optimal_dkmcs,throughput
23.0,sn_0,relay,BS_2,sn_2,1,550.0,550.0,proposed_optimal_dkmcs,throughput
23.0,ns_9,relay,BS_2,ns_11,1,550.0,550.0,proposed_optimal_dkmcs,throughput
23.0,ns_15,relay,BS_1,ns_12,1,550.0,550.0,proposed_optimal_dkmcs,throughput
23.0,ns_4,relay,BS_2,sn_2,1,550.0,550.0,proposed_optimal_dkmcs,throughput
23.0,ns_8,relay,BS_2,ns_11,1,550.0,550.0,proposed_optimal_dkmcs,throughput
23.0,ew_2,relay,BS_2,we_5,1,550.0,550.0,proposed_optimal_dkmcs,throughput
23.0,we_15,relay,BS_2,wn_8,1,550.0,550.0,proposed_optimal_dkmcs,throughput
23.0,wn_1,relay,BS_2,we_5,1,550.0,550.0,proposed_optimal_dkmcs,throughput
23.0,we_4,relay,BS_2,we_5,1,550.0,550.0,proposed_optimal_dkmcs,throughput
23.0,ew_14,relay,BS_3,ew_15,1,550.0,550.0,proposed_optimal_dkmcs,throughput
23.0,sn_12,relay,BS_3,sn_14,1,550.0,550.0,proposed_optimal_dkmcs,throughput
23.0,we_13,relay,BS_2,we_15,1,550.0,550.0,proposed_optimal_dkmcs,throughput
23.0,sn_9,relay,BS_2,se_3,1,550.0,550.0,proposed_optimal_dkmcs,throughput
23.0,se_5,relay,BS_2,se_3,1,550.0,550.0,proposed_optimal_dkmcs,throughput
23.0,wn_6,relay,BS_2,we_15,1,550.0,550.0,proposed_optimal_dkmcs,throughput
23.0,se_0,relay,BS_2,sn_7,1,550.0,550.0,proposed_optimal_dkmcs,throughput
23.0,wn_0,relay,BS_2,we_5,1,550.0,550.0,proposed_optimal_dkmcs,throughput
23.0,ew_19,relay,BS_3,ew_16,1,550.0,550.0,proposed_optimal_dkmcs,throughput
23.0,we_12,relay,BS_2,we_15,1,550.0,550.0,proposed_optimal_dkmcs,throughput
23.0,we_6,relay,BS_2,we_5,1,550.0,550.0,proposed_optimal_dkmcs,throughput
23.0,we_19,relay,BS_2,we_16,1,550.0,550.0,proposed_optimal_dkmcs,throughput
23.0,ns_1,relay,BS_2,sn_7,1,550.0,550.0,proposed_optimal_dkmcs,throughput
23.0,we_2,relay,BS_2,we_1,1,550.0,550.0,proposed_optimal_dkmcs,throughput
24.0,we_16,relay,BS_2,wn_8,1,550.0,550.0,proposed_optimal_dkmcs,throughput
24.0,se_7,relay,BS_3,sn_14,1,550.0,550.0,proposed_optimal_dkmcs,throughput
24.0,sn_5,relay,BS_2,sn_4,1,550.0,550.0,proposed_optimal_dkmcs,throughput
24.0,ew_6,relay,BS_2,we_3,1,550.0,550.0,proposed_optimal_dkmcs,throughput
24.0,ew_9,relay,BS_2,we_1,1,550.0,550.0,proposed_optimal_dkmcs,throughput
24.0,se_9,relay,BS_3,sn_19,1,550.0,550.0,proposed_optimal_dkmcs,throughput
24.0,sn_19,relay,BS_3,se_9,1,550.0,550.0,proposed_optimal_dkmcs,throughput
24.0,we_8,relay,BS_2,we_9,1,550.0,550.0,proposed_optimal_dkmcs,throughput
24.0,we_14,relay,BS_2,we_15,1,550.0,550.0,proposed_optimal_dkmcs,throughput
24.0,ew_11,relay,BS_3,ew_12,1,440.00000000000006,550.0,proposed_optimal_dkmcs,throughput
24.0,sn_16,relay,BS_3,se_9,1,550.0,550.0,proposed_optimal_dkmcs,throughput
24.0,ns_17,direct,BS_1,-1,1,550.0,550.0,proposed_optimal_dkmcs,throughput
24.0,sn_17,relay,BS_3,sn_19,1,550.0,550.0,proposed_optimal_dkmcs,throughput
24.0,se_4,relay,BS_2,sn_10,1,550.0,550.0,proposed_optimal_dkmcs,throughput
24.0,we_10,relay,BS_2,we_9,1,550.0,550.0,proposed_optimal_dkmcs,throughput
24.0,wn_3,relay,BS_2,we_9,1,550.0,550.0,proposed_optimal_dkmcs,throughput
24.0,ns_6,relay,BS_2,sn_4,1,550.0,550.0,proposed_optimal_dkmcs,throughput
24.0,se_2,relay,BS_2,ns_3,1,550.0,550.0,proposed_optimal_dkmcs,throughput
24.0,ew_0,relay,BS_2,wn_1,1,550.0,550.0,proposed_optimal_dkmcs,throughput
24.0,ew_3,relay,BS_2,wn_1,1,550.0,550.0,proposed_optimal_dkmcs,throughput
24.0,ew_4,relay,BS_2,sn_4,1,550.0,550.0,proposed_optimal_dkmcs,throughput
24.0,ew_13,relay,BS_3,ew_12,1,550.0,550.0,proposed_optimal_dkmcs,throughput
24.0,sn_18,relay,BS_3,sn_19,1,550.0,550.0,proposed_optimal_dkmcs,throughput
24.0,ew_17,relay,BS_1,ew_16,1,550.0,550.0,proposed_optimal_dkmcs,throughput
24.0,wn_8,relay,BS_2,we_15,1,550.0,550.0,proposed_optimal_dkmcs,throughput
24.0,ew_8,relay,BS_2,we_1,1,550.0,550.0,proposed_optimal_dkmcs,throughput
24.0,sn_14,relay,BS_3,se_7,1,550.0,550.0,proposed_optimal_dkmcs,throughput
24.0,ns_11,relay,BS_2,ns_8,1,550.0,550.0,proposed_optimal_dkmcs,throughput
24.0,we_5,relay,BS_2,wn_1,1,550.0,550.0,proposed_optimal_dkmcs,throughput
24.0,sn_2,relay,BS_2,ns_8,1,550.0,550.0,proposed_optimal_dkmcs,throughput
24.0,ns_3,relay,BS_3,ns_0,1,330.0,440.00000000000006,proposed_optimal_dkmcs,throughput
24.0,sn_7,relay,BS_2,sn_4,1,550.0,550.0,proposed_optimal_dkmcs,throughput
24.0,ew_5,relay,BS_2,we_3,1,550.0,550.0,proposed_optimal_dkmcs,throughput
24.0,sn_1,relay,BS_2,ns_8,1,550.0,550.0,proposed_optimal_dkmcs,throughput
24.0,wn_2,relay,BS_2,wn_1,1,550.0,550.0,proposed_optimal_dkmcs,throughput
24.0,ns_14,direct,BS_1,-1,1,550.0,550.0,proposed_optimal_dkmcs,throughput
24.0,we_7,relay,BS_2,wn_1,1,550.0,550.0,proposed_optimal_dkmcs,throughput
24.0,we_1,relay,BS_2,we_3,1,550.0,550.0,proposed_optimal_dkmcs,throughput
24.0,ns_5,relay,BS_2,sn_4,1,550.0,550.0,proposed_optimal_dkmcs,throughput
24.0,we_0,relay,BS_2,we_3,1,550.0,550.0,proposed_optimal_dkmcs,throughput
24.0,ew_7,relay,BS_2,we_3,1,550.0,550.0,proposed_optimal_dkmcs,throughput
24.0,ns_18,relay,BS_1,ns_17,1,550.0,550.0,proposed_optimal_dkmcs,throughput
24.0,ns_0,relay,BS_2,ns_3,1,550.0,550.0,proposed_optimal_dkmcs,throughput
24.0,we_18,relay,BS_2,wn_8,1,440.00000000000006,550.0,proposed_optimal_dkmcs,throughput
24.0,sn_13,relay,BS_3,sn_14,1,550.0,550.0,proposed_optimal_dkmcs,throughput
24.0,se_3,relay,BS_2,sn_10,1,550.0,550.0,proposed_optimal_dkmcs,throughput
24.0,se_1,relay,BS_2,ns_3,1,550.0,550.0,proposed_optimal_dkmcs,throughput
24.0,se_8,relay,BS_3,se_7,1,550.0,550.0,proposed_optimal_dkmcs,throughput
24.0,ew_10,relay,BS_2,we_1,1,440.00000000000006,550.0,proposed_optimal_dkmcs,throughput
24.0,ns_2,relay,BS_2,ns_3,1,550.0,550.0,proposed_optimal_dkmcs,throughput
24.0,wn_7,relay,BS_2,we_15,1,550.0,550.0,proposed_optimal_dkmcs,throughput
24.0,ns_12,relay,BS_1,ns_14,1,550.0,550.0,proposed_optimal_dkmcs,throughput
24.0,ew_1,relay,BS_2,wn_1,1,550.0,550.0,proposed_optimal_dkmcs,throughput
24.0,we_3,relay,BS_2,we_1,1,550.0,550.0,proposed_optimal_dkmcs,throughput
24.0,ns_7,relay,BS_2,sn_4,1,550.0,550.0,proposed_optimal_dkmcs,throughput
24.0,ns_10,relay,BS_2,ns_8,1,550.0,550.0,proposed_optimal_dkmcs,throughput
24.0,wn_5,relay,BS_2,we_9,1,550.0,550.0,proposed_optimal_dkmcs,throughput
24.0,ns_13,relay,BS_1,ns_14,1,550.0,550.0,proposed_optimal_dkmcs,throughput
24.0,we_17,relay,BS_2,wn_8,1,440.00000000000006,550.0,proposed_optimal_dkmcs,throughput
24.0,sn_3,relay,BS_2,ns_8,1,550.0,550.0,proposed_optimal_dkmcs,throughput
24.0,we_9,direct,BS_1,-1,1,240.0,440.00000000000006,proposed_optimal_dkmcs,throughput
24.0,ew_16,direct,BS_3,-1,1,550.0,550.0,proposed_optimal_dkmcs,throughput
24.0,wn_4,relay,BS_2,we_9,1,550.0,550.0,proposed_optimal_dkmcs,throughput
24.0,sn_8,relay,BS_2,sn_10,1,550.0,550.0,proposed_optimal_dkmcs,throughput
24.0,sn_11,relay,BS_2,sn_10,1,550.0,550.0,proposed_optimal_dkmcs,throughput
24.0,ns_19,relay,BS_1,ns_17,1,550.0,550.0,proposed_optimal_dkmcs,throughput
24.0,ew_12,direct,BS_3,-1,1,550.0,550.0,proposed_optimal_dkmcs,throughput
24.0,se_6,relay,BS_3,sn_14,1,550.0,550.0,proposed_optimal_dkmcs,throughput
24.0,ew_15,relay,BS_3,ew_12,1,550.0,550.0,proposed_optimal_dkmcs,throughput
24.0,sn_10,relay,BS_3,ns_0,1,330.0,440.00000000000006,proposed_optimal_dkmcs,throughput
24.0,wn_9,relay,BS_2,wn_8,1,440.00000000000006,550.0,proposed_optimal_dkmcs,throughput
24.0,sn_15,relay,BS_3,sn_14,1,550.0,550.0,proposed_optimal_dkmcs,throughput
24.0,ew_18,direct,BS_3,-1,1,550.0,550.0,proposed_optimal_dkmcs,throughput
24.0,we_11,relay,BS_2,we_9,1,550.0,550.0,proposed_optimal_dkmcs,throughput
24.0,sn_4,relay,BS_1,ns_4,1,330.0,440.00000000000006,proposed_optimal_dkmcs,throughput
24.0,ns_16,relay,BS_1,ns_17,1,550.0,550.0,proposed_optimal_dkmcs,throughput
24.0,sn_6,relay,BS_2,sn_4,1,550.0,550.0,proposed_optimal_dkmcs,throughput
24.0,sn_0,relay,BS_2,ns_8,1,550.0,550.0,proposed_optimal_dkmcs,throughput
24.0,ns_9,relay,BS_2,ns_8,1,550.0,550.0,proposed_optimal_dkmcs,throughput
24.0,ns_15,relay,BS_1,ns_14,1,550.0,550.0,proposed_optimal_dkmcs,throughput
24.0,ns_4,relay,BS_2,sn_4,1,550.0,550.0,proposed_optimal_dkmcs,throughput
24.0,ns_8,relay,BS_1,ns_9,1,330.0,440.00000000000006,proposed_optimal_dkmcs,throughput
24.0,ew_2,relay,BS_2,wn_1,1,550.0,550.0,proposed_optimal_dkmcs,throughput
24.0,we_15,relay,BS_2,wn_8,1,550.0,550.0,proposed_optimal_dkmcs,throughput
24.0,wn_1,direct,BS_1,-1,1,330.0,440.00000000000006,proposed_optimal_dkmcs,throughput
24.0,we_4,relay,BS_1,ns_4,1,330.0,440.00000000000006,proposed_optimal_dkmcs,throughput
24.0,ew_14,relay,BS_3,ew_12,1,550.0,550.0,proposed_optimal_dkmcs,throughput
24.0,sn_12,relay,BS_3,sn_14,1,550.0,550.0,proposed_optimal_dkmcs,throughput
24.0,we_13,relay,BS_2,we_15,1,550.0,550.0,proposed_optimal_dkmcs,throughput
24.0,sn_9,relay,BS_2,sn_10,1,550.0,550.0,proposed_optimal_dkmcs,throughput
24.0,se_5,relay,BS_3,sn_12,1,440.00000000000006,550.0,proposed_optimal_dkmcs,throughput
24.0,wn_6,relay,BS_2,we_15,1,550.0,550.0,proposed_optimal_dkmcs,throughput
24.0,se_0,relay,BS_2,ns_3,1,550.0,550.0,proposed_optimal_dkmcs,throughput
24.0,wn_0,relay,BS_2,wn_1,1,550.0,550.0,proposed_optimal_dkmcs,throughput
24.0,ew_19,relay,BS_1,ew_16,1,550.0,550.0,proposed_optimal_dkmcs,throughput
24.0,we_12,relay,BS_2,we_15,1,550.0,550.0,proposed_optimal_dkmcs,throughput
24.0,we_6,relay,BS_2,wn_1,1,550.0,550.0,proposed_optimal_dkmcs,throughput
24.0,we_19,relay,BS_2,wn_8,1,440.00000000000006,550.0,proposed_optimal_dkmcs,throughput
24.0,ns_1,relay,BS_2,ns_3,1,550.0,550.0,proposed_optimal_dkmcs,throughput
24.0,we_2,relay,BS_2,we_3,1,550.0,550.0,proposed_optimal_dkmcs,throughput
25.0,we_16,relay,BS_2,wn_8,1,550.0,550.0,proposed_optimal_dkmcs,throughput
25.0,se_7,relay,BS_3,sn_16,1,550.0,550.0,proposed_optimal_dkmcs,throughput
25.0,sn_5,relay,BS_2,ew_4,1,550.0,550.0,proposed_optimal_dkmcs,throughput
25.0,ew_6,relay,BS_2,ew_4,1,550.0,550.0,proposed_optimal_dkmcs,throughput
25.0,ew_9,direct,BS_3,-1,1,330.0,440.00000000000006,proposed_optimal_dkmcs,throughput
25.0,se_9,relay,BS_3,sn_16,1,550.0,550.0,proposed_optimal_dkmcs,throughput
25.0,sn_19,relay,BS_3,sn_16,1,550.0,550.0,proposed_optimal_dkmcs,throughput
25.0,we_8,relay,BS_2,we_9,1,550.0,550.0,proposed_optimal_dkmcs,throughput
25.0,we_14,relay,BS_2,wn_7,1,550.0,550.0,proposed_optimal_dkmcs,throughput
25.0,ew_11,relay,BS_2,ew_9,1,550.0,550.0,proposed_optimal_dkmcs,throughput
25.0,sn_16,relay,BS_3,se_7,1,550.0,550.0,proposed_optimal_dkmcs,throughput
25.0,ns_17,direct,BS_1,-1,1,550.0,550.0,proposed_optimal_dkmcs,throughput
25.0,sn_17,relay,BS_3,sn_16,1,550.0,550.0,proposed_optimal_dkmcs,throughput
25.0,se_4,relay,BS_2,ns_2,1,550.0,550.0,proposed_optimal_dkmcs,throughput
25.0,we_10,relay,BS_2,we_9,1,550.0,550.0,proposed_optimal_dkmcs,throughput
25.0,wn_3,relay,BS_2,we_9,1,550.0,550.0,proposed_optimal_dkmcs,throughput
25.0,ns_6,direct,BS_1,-1,1,330.0,440.00000000000006,proposed_optimal_dkmcs,throughput
25.0,se_2,relay,BS_2,se_1,1,550.0,550.0,proposed_optimal_dkmcs,throughput
25.0,ew_0,relay,BS_2,we_9,1,550.0,550.0,proposed_optimal_dkmcs,throughput
25.0,ew_3,relay,BS_2,we_9,1,550.0,550.0,proposed_optimal_dkmcs,throughput
25.0,ew_4,direct,BS_1,-1,1,330.0,440.00000000000006,proposed_optimal_dkmcs,throughput
25.0,ew_13,relay,BS_3,ew_15,1,550.0,550.0,proposed_optimal_dkmcs,throughput
25.0,sn_18,relay,BS_3,sn_16,1,550.0,550.0,proposed_optimal_dkmcs,throughput
25.0,ew_17,relay,BS_3,ew_19,1,550.0,550.0,proposed_optimal_dkmcs,throughput
25.0,wn_8,relay,BS_2,wn_7,1,550.0,550.0,proposed_optimal_dkmcs,throughput
25.0,ew_8,relay,BS_2,ew_9,1,550.0,550.0,proposed_optimal_dkmcs,throughput
25.0,sn_14,relay,BS_3,se_7,1,550.0,550.0,proposed_optimal_dkmcs,throughput
25.0,ns_11,direct,BS_1,-1,1,330.0,440.00000000000006,proposed_optimal_dkmcs,throughput
25.0,we_5,relay,BS_2,ew_4,1,550.0,550.0,proposed_optimal_dkmcs,throughput
25.0,sn_2,relay,BS_2,ns_11,1,550.0,550.0,proposed_optimal_dkmcs,throughput
25.0,ns_3,relay,BS_2,ns_2,1,550.0,550.0,proposed_optimal_dkmcs,throughput
25.0,sn_7,relay,BS_2,ew_4,1,550.0,550.0,proposed_optimal_dkmcs,throughput
25.0,ew_5,relay,BS_2,ew_4,1,550.0,550.0,proposed_optimal_dkmcs,throughput
25.0,sn_1,relay,BS_2,ns_11,1,550.0,550.0,proposed_optimal_dkmcs,throughput
25.0,wn_2,relay,BS_2,ns_6,1,550.0,550.0,proposed_optimal_dkmcs,throughput
25.0,ns_14,relay,BS_1,ns_15,1,550.0,550.0,proposed_optimal_dkmcs,throughput
25.0,we_7,relay,BS_2,ns_6,1,550.0,550.0,proposed_optimal_dkmcs,throughput
25.0,we_1,relay,BS_2,ew_9,1,550.0,550.0,proposed_optimal_dkmcs,throughput
25.0,ns_5,relay,BS_2,ns_6,1,550.0,550.0,proposed_optimal_dkmcs,throughput
25.0,we_0,relay,BS_2,ew_9,1,550.0,550.0,proposed_optimal_dkmcs,throughput
25.0,ew_7,relay,BS_2,ew_4,1,550.0,550.0,proposed_optimal_dkmcs,throughput
25.0,ns_18,direct,BS_1,-1,1,550.0,550.0,proposed_optimal_dkmcs,throughput
25.0,ns_0,relay,BS_2,ns_3,1,550.0,550.0,proposed_optimal_dkmcs,throughput
25.0,we_18,relay,BS_2,wn_8,1,440.00000000000006,550.0,proposed_optimal_dkmcs,throughput
25.0,sn_13,relay,BS_3,sn_15,1,440.00000000000006,550.0,proposed_optimal_dkmcs,throughput
25.0,se_3,relay,BS_2,ns_2,1,550.0,550.0,proposed_optimal_dkmcs,throughput
25.0,se_1,relay,BS_2,ns_6,1,550.0,550.0,proposed_optimal_dkmcs,throughput
25.0,se_8,relay,BS_3,se_7,1,550.0,550.0,proposed_optimal_dkmcs,throughput
25.0,ew_10,relay,BS_2,ew_9,1,550.0,550.0,proposed_optimal_dkmcs,throughput
25.0,ns_2,relay,BS_2,ns_3,1,550.0,550.0,proposed_optimal_dkmcs,throughput
25.0,wn_7,relay,BS_2,wn_8,1,550.0,550.0,proposed_optimal_dkmcs,throughput
25.0,ns_12,relay,BS_1,ns_15,1,550.0,550.0,proposed_optimal_dkmcs,throughput
25.0,ew_1,relay,BS_2,we_9,1,550.0,550.0,proposed_optimal_dkmcs,throughput
25.0,we_3,relay,BS_2,ew_9,1,550.0,550.0,proposed_optimal_dkmcs,throughput
25.0,ns_7,relay,BS_2,ns_6,1,550.0,550.0,proposed_optimal_dkmcs,throughput
25.0,ns_10,relay,BS_2,ns_11,1,550.0,550.0,proposed_optimal_dkmcs,throughput
25.0,wn_5,relay,BS_2,we_9,1,550.0,550.0,proposed_optimal_dkmcs,throughput
25.0,ns_13,relay,BS_1,ns_15,1,550.0,550.0,proposed_optimal_dkmcs,throughput
25.0,we_17,relay,BS_2,wn_8,1,550.0,550.0,proposed_optimal_dkmcs,throughput
25.0,sn_3,relay,BS_2,ns_11,1,550.0,550.0,proposed_optimal_dkmcs,throughput
25.0,we_9,direct,BS_3,-1,1,240.0,440.00000000000006,proposed_optimal_dkmcs,throughput
25.0,ew_16,relay,BS_3,ew_19,1,550.0,550.0,proposed_optimal_dkmcs,throughput
25.0,wn_4,relay,BS_2,we_9,1,550.0,550.0,proposed_optimal_dkmcs,throughput
25.0,sn_8,relay,BS_2,se_1,1,550.0,550.0,proposed_optimal_dkmcs,throughput
25.0,sn_11,relay,BS_2,ns_3,1,550.0,550.0,proposed_optimal_dkmcs,throughput
25.0,ns_19,direct,BS_1,-1,1,550.0,550.0,proposed_optimal_dkmcs,throughput
25.0,ew_12,relay,BS_3,ew_15,1,550.0,550.0,proposed_optimal_dkmcs,throughput
25.0,se_6,relay,BS_3,se_7,1,550.0,550.0,proposed_optimal_dkmcs,throughput
25.0,ew_15,direct,BS_1,-1,1,550.0,550.0,proposed_optimal_dkmcs,throughput
25.0,sn_10,relay,BS_2,ns_3,1,550.0,550.0,proposed_optimal_dkmcs,throughput
25.0,wn_9,relay,BS_2,wn_8,1,440.00000000000006,550.0,proposed_optimal_dkmcs,throughput
25.0,sn_15,relay,BS_3,se_7,1,550.0,550.0,proposed_optimal_dkmcs,throughput
25.0,ew_18,relay,BS_3,ew_19,1,550.0,550.0,proposed_optimal_dkmcs,throughput
25.0,we_11,relay,BS_2,we_9,1,550.0,550.0,proposed_optimal_dkmcs,throughput
25.0,sn_4,relay,BS_2,ew_4,1,550.0,550.0,proposed_optimal_dkmcs,throughput
25.0,ns_16,direct,BS_1,-1,1,550.0,550.0,proposed_optimal_dkmcs,throughput
25.0,sn_6,relay,BS_2,ew_4,1,550.0,550.0,proposed_optimal_dkmcs,throughput
25.0,sn_0,relay,BS_2,ns_11,1,550.0,550.0,proposed_optimal_dkmcs,throughput
25.0,ns_9,relay,BS_2,ns_11,1,550.0,550.0,proposed_optimal_dkmcs,throughput
25.0,ns_15,direct,BS_1,-1,1,550.0,550.0,proposed_optimal_dkmcs,throughput
25.0,ns_4,relay,BS_2,ns_6,1,550.0,550.0,proposed_optimal_dkmcs,throughput
25.0,ns_8,relay,BS_2,ns_11,1,550.0,550.0,proposed_optimal_dkmcs,throughput
25.0,ew_2,relay,BS_2,we_9,1,550.0,550.0,proposed_optimal_dkmcs,throughput
25.0,we_15,relay,BS_2,wn_7,1,550.0,550.0,proposed_optimal_dkmcs,throughput
25.0,wn_1,relay,BS_2,ns_6,1,550.0,550.0,proposed_optimal_dkmcs,throughput
25.0,we_4,relay,BS_2,ew_4,1,550.0,550.0,proposed_optimal_dkmcs,throughput
25.0,ew_14,relay,BS_3,ew_15,1,550.0,550.0,proposed_optimal_dkmcs,throughput
25.0,sn_12,relay,BS_3,sn_15,1,440.00000000000006,550.0,proposed_optimal_dkmcs,throughput
25.0,we_13,relay,BS_2,wn_7,1,550.0,550.0,proposed_optimal_dkmcs,throughput
25.0,sn_9,relay,BS_2,ns_3,1,550.0,550.0,proposed_optimal_dkmcs,throughput
25.0,se_5,relay,BS_2,ns_2,1,550.0,550.0,proposed_optimal_dkmcs,throughput
25.0,wn_6,relay,BS_2,wn_7,1,550.0,550.0,proposed_optimal_dkmcs,throughput
25.0,se_0,relay,BS_2,ns_6,1,550.0,550.0,proposed_optimal_dkmcs,throughput
25.0,wn_0,relay,BS_2,ns_6,1,550.0,550.0,proposed_optimal_dkmcs,throughput
25.0,ew_19,direct,BS_3,-1,1,550.0,550.0,proposed_optimal_dkmcs,throughput
25.0,we_12,relay,BS_2,wn_7,1,550.0,550.0,proposed_optimal_dkmcs,throughput
25.0,we_6,relay,BS_2,ew_4,1,550.0,550.0,proposed_optimal_dkmcs,throughput
25.0,we_19,relay,BS_2,wn_8,1,440.00000000000006,550.0,proposed_optimal_dkmcs,throughput
25.0,ns_1,relay,BS_2,ns_3,1,550.0,550.0,proposed_optimal_dkmcs,throughput
25.0,we_2,relay,BS_2,ew_9,1,550.0,550.0,proposed_optimal_dkmcs,throughput
26.0,we_16,relay,BS_2,wn_8,1,550.0,550.0,proposed_optimal_dkmcs,throughput
26.0,se_7,relay,BS_3,sn_16,1,550.0,550.0,proposed_optimal_dkmcs,throughput
26.0,sn_5,relay,BS_2,sn_6,1,550.0,550.0,proposed_optimal_dkmcs,throughput
26.0,ew_6,relay,BS_2,wn_1,1,550.0,550.0,proposed_optimal_dkmcs,throughput
26.0,ew_9,relay,BS_2,we_5,1,550.0,550.0,proposed_optimal_dkmcs,throughput
26.0,se_9,relay,BS_3,sn_17,1,550.0,550.0,proposed_optimal_dkmcs,throughput
26.0,sn_19,relay,BS_3,sn_17,1,550.0,550.0,proposed_optimal_dkmcs,throughput
26.0,we_8,relay,BS_1,ew_4,1,330.0,440.00000000000006,proposed_optimal_dkmcs,throughput
26.0,we_14,relay,BS_2,we_15,1,550.0,550.0,proposed_optimal_dkmcs,throughput
26.0,ew_11,direct,BS_3,-1,1,330.0,440.00000000000006,proposed_optimal_dkmcs,throughput
26.0,sn_16,relay,BS_3,sn_17,1,550.0,550.0,proposed_optimal_dkmcs,throughput
26.0,ns_17,relay,BS_1,ns_16,1,550.0,550.0,proposed_optimal_dkmcs,throughput
26.0,sn_17,relay,BS_3,sn_16,1,550.0,550.0,proposed_optimal_dkmcs,throughput
26.0,se_4,relay,BS_2,sn_13,1,550.0,550.0,proposed_optimal_dkmcs,throughput
26.0,we_10,relay,BS_2,wn_4,1,550.0,550.0,proposed_optimal_dkmcs,throughput
26.0,wn_3,relay,BS_2,wn_4,1,550.0,550.0,proposed_optimal_dkmcs,throughput
26.0,ns_6,relay,BS_2,sn_10,1,550.0,550.0,proposed_optimal_dkmcs,throughput
26.0,se_2,relay,BS_2,wn_1,1,550.0,550.0,proposed_optimal_dkmcs,throughput
26.0,ew_0,relay,BS_2,wn_4,1,550.0,550.0,proposed_optimal_dkmcs,throughput
26.0,ew_3,relay,BS_2,wn_4,1,550.0,550.0,proposed_optimal_dkmcs,throughput
26.0,ew_4,relay,BS_2,wn_1,1,550.0,550.0,proposed_optimal_dkmcs,throughput
26.0,ew_13,relay,BS_2,ew_12,1,550.0,550.0,proposed_optimal_dkmcs,throughput
26.0,sn_18,relay,BS_3,sn_17,1,550.0,550.0,proposed_optimal_dkmcs,throughput
26.0,ew_17,direct,BS_3,-1,1,550.0,550.0,proposed_optimal_dkmcs,throughput
26.0,wn_8,relay,BS_2,we_15,1,550.0,550.0,proposed_optimal_dkmcs,throughput
26.0,ew_8,relay,BS_2,we_5,1,550.0,550.0,proposed_optimal_dkmcs,throughput
26.0,sn_14,relay,BS_2,sn_13,1,550.0,550.0,proposed_optimal_dkmcs,throughput
26.0,ns_11,relay,BS_2,sn_6,1,550.0,550.0,proposed_optimal_dkmcs,throughput
26.0,we_5,relay,BS_1,ew_8,1,330.0,440.00000000000006,proposed_optimal_dkmcs,throughput
26.0,sn_2,direct,BS_1,-1,1,330.0,440.00000000000006,proposed_optimal_dkmcs,throughput
26.0,ns_3,relay,BS_2,sn_13,1,550.0,550.0,proposed_optimal_dkmcs,throughput
26.0,sn_7,relay,BS_2,sn_6,1,550.0,550.0,proposed_optimal_dkmcs,throughput
26.0,ew_5,relay,BS_2,wn_1,1,550.0,550.0,proposed_optimal_dkmcs,throughput
26.0,sn_1,relay,BS_2,sn_2,1,550.0,550.0,proposed_optimal_dkmcs,throughput
26.0,wn_2,relay,BS_2,wn_1,1,550.0,550.0,proposed_optimal_dkmcs,throughput
26.0,ns_14,relay,BS_2,sn_2,1,550.0,550.0,proposed_optimal_dkmcs,throughput
26.0,we_7,relay,BS_2,we_5,1,550.0,550.0,proposed_optimal_dkmcs,throughput
26.0,we_1,relay,BS_2,ew_12,1,550.0,550.0,proposed_optimal_dkmcs,throughput
26.0,ns_5,relay,BS_2,sn_10,1,550.0,550.0,proposed_optimal_dkmcs,throughput
26.0,we_0,relay,BS_2,ew_12,1,550.0,550.0,proposed_optimal_dkmcs,throughput
26.0,ew_7,relay,BS_2,wn_1,1,550.0,550.0,proposed_optimal_dkmcs,throughput
26.0,ns_18,relay,BS_1,ns_16,1,550.0,550.0,proposed_optimal_dkmcs,throughput
26.0,ns_0,relay,BS_2,sn_13,1,550.0,550.0,proposed_optimal_dkmcs,throughput
26.0,we_18,relay,BS_2,wn_8,1,440.00000000000006,550.0,proposed_optimal_dkmcs,throughput
26.0,sn_13,relay,BS_1,ns_3,1,240.0,440.00000000000006,proposed_optimal_dkmcs,throughput
26.0,se_3,relay,BS_2,sn_10,1,550.0,550.0,proposed_optimal_dkmcs,throughput
26.0,se_1,relay,BS_2,wn_1,1,550.0,550.0,proposed_optimal_dkmcs,throughput
26.0,se_8,relay,BS_3,sn_17,1,550.0,550.0,proposed_optimal_dkmcs,throughput
26.0,ew_10,relay,BS_2,we_5,1,550.0,550.0,proposed_optimal_dkmcs,throughput
26.0,ns_2,relay,BS_2,sn_13,1,550.0,550.0,proposed_optimal_dkmcs,throughput
26.0,wn_7,relay,BS_2,we_15,1,550.0,550.0,proposed_optimal_dkmcs,throughput
26.0,ns_12,relay,BS_2,sn_2,1,550.0,550.0,proposed_optimal_dkmcs,throughput
26.0,ew_1,relay,BS_2,wn_4,1,550.0,550.0,proposed_optimal_dkmcs,throughput
26.0,we_3,relay,BS_2,ew_12,1,550.0,550.0,proposed_optimal_dkmcs,throughput
26.0,ns_7,relay,BS_2,sn_10,1,550.0,550.0,proposed_optimal_dkmcs,throughput
26.0,ns_10,relay,BS_2,sn_6,1,550.0,550.0,proposed_optimal_dkmcs,throughput
26.0,wn_5,relay,BS_2,wn_4,1,550.0,550.0,proposed_optimal_dkmcs,throughput
26.0,ns_13,relay,BS_2,sn_2,1,550.0,550.0,proposed_optimal_dkmcs,throughput
26.0,we_17,relay,BS_2,wn_8,1,550.0,550.0,proposed_optimal_dkmcs,throughput
26.0,sn_3,relay,BS_2,sn_2,1,550.0,550.0,proposed_optimal_dkmcs,throughput
26.0,we_9,relay,BS_2,wn_4,1,550.0,550.0,proposed_optimal_dkmcs,throughput
26.0,ew_16,direct,BS_1,-1,1,550.0,550.0,proposed_optimal_dkmcs,throughput
26.0,wn_4,direct,BS_3,-1,1,240.0,440.00000000000006,proposed_optimal_dkmcs,throughput
26.0,sn_8,relay,BS_2,sn_10,1,550.0,550.0,proposed_optimal_dkmcs,throughput
26.0,sn_11,relay,BS_2,sn_10,1,550.0,550.0,proposed_optimal_dkmcs,throughput
26.0,ns_19,relay,BS_1,ns_16,1,550.0,550.0,proposed_optimal_dkmcs,throughput
26.0,ew_12,relay,BS_1,ew_15,1,440.00000000000006,550.0,proposed_optimal_dkmcs,throughput
26.0,se_6,relay,BS_3,se_7,1,440.00000000000006,550.0,proposed_optimal_dkmcs,throughput
26.0,ew_15,relay,BS_2,ew_12,1,550.0,550.0,proposed_optimal_dkmcs,throughput
26.0,sn_10,direct,BS_3,-1,1,330.0,440.00000000000006,proposed_optimal_dkmcs,throughput
26.0,wn_9,relay,BS_2,wn_8,1,440.00000000000006,550.0,proposed_optimal_dkmcs,throughput
26.0,sn_15,direct,BS_3,-1,1,330.0,440.00000000000006,proposed_optimal_dkmcs,throughput
26.0,ew_18,direct,BS_3,-1,1,550.0,550.0,proposed_optimal_dkmcs,throughput
26.0,we_11,relay,BS_2,wn_4,1,550.0,550.0,proposed_optimal_dkmcs,throughput
26.0,sn_4,relay,BS_2,sn_6,1,550.0,550.0,proposed_optimal_dkmcs,throughput
26.0,ns_16,direct,BS_1,-1,1,550.0,550.0,proposed_optimal_dkmcs,throughput
26.0,sn_6,direct,BS_1,-1,1,330.0,440.00000000000006,proposed_optimal_dkmcs,throughput
26.0,sn_0,relay,BS_2,sn_2,1,550.0,550.0,proposed_optimal_dkmcs,throughput
26.0,ns_9,relay,BS_2,sn_6,1,550.0,550.0,proposed_optimal_dkmcs,throughput
26.0,ns_15,relay,BS_2,sn_2,1,550.0,550.0,proposed_optimal_dkmcs,throughput
26.0,ns_4,relay,BS_2,sn_10,1,550.0,550.0,proposed_optimal_dkmcs,throughput
26.0,ns_8,relay,BS_2,sn_6,1,550.0,550.0,proposed_optimal_dkmcs,throughput
26.0,ew_2,relay,BS_2,wn_4,1,550.0,550.0,proposed_optimal_dkmcs,throughput
26.0,we_15,relay,BS_2,wn_8,1,550.0,550.0,proposed_optimal_dkmcs,throughput
26.0,wn_1,direct,BS_3,-1,1,330.0,440.00000000000006,proposed_optimal_dkmcs,throughput
26.0,we_4,relay,BS_2,we_5,1,550.0,550.0,proposed_optimal_dkmcs,throughput
26.0,ew_14,relay,BS_2,ew_12,1,550.0,550.0,proposed_optimal_dkmcs,throughput
26.0,sn_12,relay,BS_2,sn_13,1,550.0,550.0,proposed_optimal_dkmcs,throughput
26.0,we_13,relay,BS_2,we_15,1,550.0,550.0,proposed_optimal_dkmcs,throughput
26.0,sn_9,relay,BS_2,sn_10,1,550.0,550.0,proposed_optimal_dkmcs,throughput
26.0,se_5,relay,BS_2,sn_13,1,550.0,550.0,proposed_optimal_dkmcs,throughput
26.0,wn_6,relay,BS_2,we_15,1,550.0,550.0,proposed_optimal_dkmcs,throughput
26.0,se_0,relay,BS_2,wn_1,1,550.0,550.0,proposed_optimal_dkmcs,throughput
26.0,wn_0,relay,BS_2,wn_1,1,550.0,550.0,proposed_optimal_dkmcs,throughput
26.0,ew_19,direct,BS_1,-1,1,550.0,550.0,proposed_optimal_dkmcs,throughput
26.0,we_12,relay,BS_2,we_15,1,550.0,550.0,proposed_optimal_dkmcs,throughput
26.0,we_6,relay,BS_2,we_5,1,550.0,550.0,proposed_optimal_dkmcs,throughput
26.0,we_19,relay,BS_2,wn_8,1,440.00000000000006,550.0,proposed_optimal_dkmcs,throughput
26.0,ns_1,relay,BS_2,sn_13,1,550.0,550.0,proposed_optimal_dkmcs,throughput
26.0,we_2,relay,BS_2,ew_12,1,550.0,550.0,proposed_optimal_dkmcs,throughput
27.0,we_16,relay,BS_2,wn_9,1,550.0,550.0,proposed_optimal_dkmcs,throughput
27.0,se_7,relay,BS_2,ns_2,1,550.0,550.0,proposed_optimal_dkmcs,throughput
27.0,sn_5,relay,BS_2,ns_13,1,550.0,550.0,proposed_optimal_dkmcs,throughput
27.0,ew_6,relay,BS_1,we_11,1,330.0,440.00000000000006,proposed_optimal_dkmcs,throughput
27.0,ew_9,relay,BS_2,ew_10,1,550.0,550.0,proposed_optimal_dkmcs,throughput
27.0,se_9,relay,BS_3,sn_19,1,550.0,550.0,proposed_optimal_dkmcs,throughput
27.0,sn_19,direct,BS_3,-1,1,550.0,550.0,proposed_optimal_dkmcs,throughput
27.0,we_8,relay,BS_2,ew_6,1,550.0,550.0,proposed_optimal_dkmcs,throughput
27.0,we_14,relay,BS_2,we_15,1,440.00000000000006,550.0,proposed_optimal_dkmcs,throughput
27.0,ew_11,relay,BS_2,ew_10,1,550.0,550.0,proposed_optimal_dkmcs,throughput
27.0,sn_16,relay,BS_2,ns_2,1,550.0,550.0,proposed_optimal_dkmcs,throughput
27.0,ns_17,relay,BS_1,ns_16,1,550.0,550.0,proposed_optimal_dkmcs,throughput
27.0,sn_17,relay,BS_3,sn_19,1,550.0,550.0,proposed_optimal_dkmcs,throughput
27.0,se_4,relay,BS_2,se_5,1,550.0,550.0,proposed_optimal_dkmcs,throughput
27.0,we_10,relay,BS_1,we_11,1,330.0,440.00000000000006,proposed_optimal_dkmcs,throughput
27.0,wn_3,relay,BS_2,ew_6,1,550.0,550.0,proposed_optimal_dkmcs,throughput
27.0,ns_6,relay,BS_2,se_5,1,550.0,550.0,proposed_optimal_dkmcs,throughput
27.0,se_2,relay,BS_1,se_0,1,330.0,440.00000000000006,proposed_optimal_dkmcs,throughput
27.0,ew_0,relay,BS_2,we_15,1,440.00000000000006,550.0,proposed_optimal_dkmcs,throughput
27.0,ew_3,relay,BS_2,we_15,1,440.00000000000006,550.0,proposed_optimal_dkmcs,throughput
27.0,ew_4,relay,BS_2,ew_6,1,550.0,550.0,proposed_optimal_dkmcs,throughput
27.0,ew_13,relay,BS_2,ew_15,1,550.0,550.0,proposed_optimal_dkmcs,throughput
27.0,sn_18,direct,BS_3,-1,1,550.0,550.0,proposed_optimal_dkmcs,throughput
27.0,ew_17,direct,BS_1,-1,1,550.0,550.0,proposed_optimal_dkmcs,throughput
27.0,wn_8,relay,BS_3,ew_2,1,240.0,440.00000000000006,proposed_optimal_dkmcs,throughput
27.0,ew_8,relay,BS_2,ew_10,1,550.0,550.0,proposed_optimal_dkmcs,throughput
27.0,sn_14,relay,BS_2,se_5,1,550.0,550.0,proposed_optimal_dkmcs,throughput
27.0,ns_11,relay,BS_2,ns_9,1,550.0,550.0,proposed_optimal_dkmcs,throughput
27.0,we_5,relay,BS_2,ew_10,1,550.0,550.0,proposed_optimal_dkmcs,throughput
27.0,sn_2,relay,BS_1,ns_17,1,550.0,550.0,proposed_optimal_dkmcs,throughput
27.0,ns_3,relay,BS_2,ns_2,1,550.0,550.0,proposed_optimal_dkmcs,throughput
27.0,sn_7,relay,BS_2,ns_13,1,550.0,550.0,proposed_optimal_dkmcs,throughput
27.0,ew_5,relay,BS_2,ew_6,1,550.0,550.0,proposed_optimal_dkmcs,throughput
27.0,sn_1,relay,BS_1,ns_17,1,550.0,550.0,proposed_optimal_dkmcs,throughput
27.0,wn_2,relay,BS_2,ns_9,1,550.0,550.0,proposed_optimal_dkmcs,throughput
27.0,ns_14,relay,BS_2,ns_13,1,550.0,550.0,proposed_optimal_dkmcs,throughput
27.0,we_7,relay,BS_2,ew_10,1,550.0,550.0,proposed_optimal_dkmcs,throughput
27.0,we_1,relay,BS_2,ew_15,1,550.0,550.0,proposed_optimal_dkmcs,throughput
27.0,ns_5,relay,BS_2,se_5,1,550.0,550.0,proposed_optimal_dkmcs,throughput
27.0,we_0,relay,BS_2,ew_15,1,550.0,550.0,proposed_optimal_dkmcs,throughput
27.0,ew_7,relay,BS_2,ew_6,1,550.0,550.0,proposed_optimal_dkmcs,throughput
27.0,ns_18,relay,BS_1,ns_17,1,550.0,550.0,proposed_optimal_dkmcs,throughput
27.0,ns_0,relay,BS_2,ns_2,1,550.0,550.0,proposed_optimal_dkmcs,throughput
27.0,we_18,relay,BS_2,wn_9,1,550.0,550.0,proposed_optimal_dkmcs,throughput
27.0,sn_13,relay,BS_2,se_5,1,550.0,550.0,proposed_optimal_dkmcs,throughput
27.0,se_3,relay,BS_3,ns_4,1,330.0,440.00000000000006,proposed_optimal_dkmcs,throughput
27.0,se_1,relay,BS_2,se_2,1,550.0,550.0,proposed_optimal_dkmcs,throughput
27.0,se_8,relay,BS_2,ns_2,1,550.0,550.0,proposed_optimal_dkmcs,throughput
27.0,ew_10,relay,BS_1,se_0,1,330.0,440.00000000000006,proposed_optimal_dkmcs,throughput
27.0,ns_2,relay,BS_3,se_7,1,330.0,440.00000000000006,proposed_optimal_dkmcs,throughput
27.0,wn_7,relay,BS_2,we_15,1,440.00000000000006,550.0,proposed_optimal_dkmcs,throughput
27.0,ns_12,relay,BS_2,ns_13,1,550.0,550.0,proposed_optimal_dkmcs,throughput
27.0,ew_1,relay,BS_2,we_15,1,440.00000000000006,550.0,proposed_optimal_dkmcs,throughput
27.0,we_3,relay,BS_2,ew_15,1,550.0,550.0,proposed_optimal_dkmcs,throughput
27.0,ns_7,relay,BS_3,ns_4,1,330.0,440.00000000000006,proposed_optimal_dkmcs,throughput
27.0,ns_10,relay,BS_2,ns_9,1,550.0,550.0,proposed_optimal_dkmcs,throughput
27.0,wn_5,relay,BS_2,ew_6,1,550.0,550.0,proposed_optimal_dkmcs,throughput
27.0,ns_13,relay,BS_1,sn_5,1,330.0,440.00000000000006,proposed_optimal_dkmcs,throughput
27.0,we_17,relay,BS_2,wn_9,1,550.0,550.0,proposed_optimal_dkmcs,throughput
27.0,sn_3,relay,BS_1,ns_16,1,550.0,550.0,proposed_optimal_dkmcs,throughput
27.0,we_9,relay,BS_2,ew_6,1,550.0,550.0,proposed_optimal_dkmcs,throughput
27.0,ew_16,direct,BS_3,-1,1,550.0,550.0,proposed_optimal_dkmcs,throughput
27.0,wn_4,relay,BS_2,ew_6,1,550.0,550.0,proposed_optimal_dkmcs,throughput
27.0,sn_8,relay,BS_2,se_2,1,550.0,550.0,proposed_optimal_dkmcs,throughput
27.0,sn_11,relay,BS_2,se_2,1,550.0,550.0,proposed_optimal_dkmcs,throughput
27.0,ns_19,direct,BS_1,-1,1,550.0,550.0,proposed_optimal_dkmcs,throughput
27.0,ew_12,relay,BS_2,ew_15,1,550.0,550.0,proposed_optimal_dkmcs,throughput
27.0,se_6,relay,BS_2,ns_2,1,550.0,550.0,proposed_optimal_dkmcs,throughput
27.0,ew_15,relay,BS_3,we_0,1,330.0,440.00000000000006,proposed_optimal_dkmcs,throughput
27.0,sn_10,relay,BS_2,se_2,1,550.0,550.0,proposed_optimal_dkmcs,throughput
27.0,wn_9,relay,BS_1,we_18,1,240.0,330.0,proposed_optimal_dkmcs,throughput
27.0,sn_15,relay,BS_3,se_7,1,330.0,440.00000000000006,proposed_optimal_dkmcs,throughput
27.0,ew_18,direct,BS_1,-1,1,550.0,550.0,proposed_optimal_dkmcs,throughput
27.0,we_11,relay,BS_2,ew_6,1,550.0,550.0,proposed_optimal_dkmcs,throughput
27.0,sn_4,relay,BS_2,ns_13,1,550.0,550.0,proposed_optimal_dkmcs,throughput
27.0,ns_16,direct,BS_1,-1,1,550.0,550.0,proposed_optimal_dkmcs,throughput
27.0,sn_6,relay,BS_2,ns_13,1,550.0,550.0,proposed_optimal_dkmcs,throughput
27.0,sn_0,relay,BS_1,ns_16,1,550.0,550.0,proposed_optimal_dkmcs,throughput
27.0,ns_9,relay,BS_3,ns_11,1,330.0,440.00000000000006,proposed_optimal_dkmcs,throughput
27.0,ns_15,relay,BS_2,ns_13,1,550.0,550.0,proposed_optimal_dkmcs,throughput
27.0,ns_4,relay,BS_2,se_5,1,550.0,550.0,proposed_optimal_dkmcs,throughput
27.0,ns_8,relay,BS_2,ns_9,1,550.0,550.0,proposed_optimal_dkmcs,throughput
27.0,ew_2,relay,BS_2,we_15,1,440.00000000000006,550.0,proposed_optimal_dkmcs,throughput
27.0,we_15,relay,BS_3,ew_2,1,240.0,440.00000000000006,proposed_optimal_dkmcs,throughput
27.0,wn_1,relay,BS_2,ns_9,1,550.0,550.0,proposed_optimal_dkmcs,throughput
27.0,we_4,relay,BS_2,ew_10,1,550.0,550.0,proposed_optimal_dkmcs,throughput
27.0,ew_14,relay,BS_2,ew_15,1,550.0,550.0,proposed_optimal_dkmcs,throughput
27.0,sn_12,relay,BS_2,se_5,1,550.0,550.0,proposed_optimal_dkmcs,throughput
27.0,we_13,relay,BS_2,we_15,1,440.00000000000006,550.0,proposed_optimal_dkmcs,throughput
27.0,sn_9,relay,BS_2,se_2,1,550.0,550.0,proposed_optimal_dkmcs,throughput
27.0,se_5,relay,BS_3,ns_4,1,330.0,440.00000000000006,proposed_optimal_dkmcs,throughput
27.0,wn_6,relay,BS_2,we_15,1,440.00000000000006,550.0,proposed_optimal_dkmcs,throughput
27.0,se_0,relay,BS_2,se_2,1,550.0,550.0,proposed_optimal_dkmcs,throughput
27.0,wn_0,relay,BS_2,ns_9,1,550.0,550.0,proposed_optimal_dkmcs,throughput
27.0,ew_19,direct,BS_3,-1,1,550.0,550.0,proposed_optimal_dkmcs,throughput
27.0,we_12,relay,BS_2,we_15,1,440.00000000000006,550.0,proposed_optimal_dkmcs,throughput
27.0,we_6,relay,BS_2,ew_10,1,550.0,550.0,proposed_optimal_dkmcs,throughput
27.0,we_19,relay,BS_2,wn_9,1,550.0,550.0,proposed_optimal_dkmcs,throughput
27.0,ns_1,relay,BS_2,ns_2,1,550.0,550.0,proposed_optimal_dkmcs,throughput
27.0,we_2,relay,BS_2,ew_15,1,550.0,550.0,proposed_optimal_dkmcs,throughput
28.0,we_16,relay,BS_3,ew_0,1,240.0,440.00000000000006,proposed_optimal_dkmcs,throughput
28.0,se_7,relay,BS_2,ns_4,1,550.0,550.0,proposed_optimal_dkmcs,throughput
28.0,sn_5,relay,BS_2,ns_14,1,550.0,550.0,proposed_optimal_dkmcs,throughput
28.0,ew_6,relay,BS_2,we_13,1,550.0,550.0,proposed_optimal_dkmcs,throughput
28.0,ew_9,relay,BS_2,sn_11,1,550.0,550.0,proposed_optimal_dkmcs,throughput
28.0,se_9,relay,BS_3,ns_1,1,550.0,550.0,proposed_optimal_dkmcs,throughput
28.0,sn_19,relay,BS_3,ns_2,1,550.0,550.0,proposed_optimal_dkmcs,throughput
28.0,we_8,relay,BS_2,ns_9,1,550.0,550.0,proposed_optimal_dkmcs,throughput
28.0,we_14,relay,BS_2,we_13,1,550.0,550.0,proposed_optimal_dkmcs,throughput
28.0,ew_11,relay,BS_2,sn_11,1,550.0,550.0,proposed_optimal_dkmcs,throughput
28.0,sn_16,relay,BS_3,sn_18,1,550.0,550.0,proposed_optimal_dkmcs,throughput
28.0,ns_17,relay,BS_1,sn_0,1,550.0,550.0,proposed_optimal_dkmcs,throughput
28.0,sn_17,relay,BS_3,sn_18,1,550.0,550.0,proposed_optimal_dkmcs,throughput
28.0,se_4,direct,BS_3,-1,1,330.0,440.00000000000006,proposed_optimal_dkmcs,throughput
28.0,we_10,relay,BS_2,ns_9,1,550.0,550.0,proposed_optimal_dkmcs,throughput
28.0,wn_3,relay,BS_2,ns_9,1,550.0,550.0,proposed_optimal_dkmcs,throughput
28.0,ns_6,relay,BS_2,sn_15,1,550.0,550.0,proposed_optimal_dkmcs,throughput
28.0,se_2,relay,BS_2,ew_11,1,550.0,550.0,proposed_optimal_dkmcs,throughput
28.0,ew_0,relay,BS_2,we_16,1,550.0,550.0,proposed_optimal_dkmcs,throughput
28.0,ew_3,relay,BS_2,we_16,1,550.0,550.0,proposed_optimal_dkmcs,throughput
28.0,ew_4,relay,BS_2,we_13,1,550.0,550.0,proposed_optimal_dkmcs,throughput
28.0,ew_13,direct,BS_1,-1,1,330.0,440.00000000000006,proposed_optimal_dkmcs,throughput
28.0,sn_18,relay,BS_3,ns_2,1,550.0,550.0,proposed_optimal_dkmcs,throughput
28.0,ew_17,relay,BS_3,ew_18,1,550.0,550.0,proposed_optimal_dkmcs,throughput
28.0,wn_8,relay,BS_3,ew_0,1,240.0,440.00000000000006,proposed_optimal_dkmcs,throughput
28.0,ew_8,relay,BS_2,sn_11,1,550.0,550.0,proposed_optimal_dkmcs,throughput
28.0,sn_14,relay,BS_2,sn_15,1,550.0,550.0,proposed_optimal_dkmcs,throughput
28.0,ns_11,relay,BS_2,sn_11,1,550.0,550.0,proposed_optimal_dkmcs,throughput
28.0,we_5,relay,BS_2,ew_13,1,550.0,550.0,proposed_optimal_dkmcs,throughput
28.0,sn_2,direct,BS_1,-1,1,550.0,550.0,proposed_optimal_dkmcs,throughput
28.0,ns_3,relay,BS_3,ns_2,1,550.0,550.0,proposed_optimal_dkmcs,throughput
28.0,sn_7,relay,BS_2,ns_14,1,550.0,550.0,proposed_optimal_dkmcs,throughput
28.0,ew_5,relay,BS_2,we_13,1,550.0,550.0,proposed_optimal_dkmcs,throughput
28.0,sn_1,relay,BS_1,sn_0,1,550.0,550.0,proposed_optimal_dkmcs,throughput
28.0,wn_2,relay,BS_2,ns_12,1,550.0,550.0,proposed_optimal_dkmcs,throughput
28.0,ns_14,relay,BS_2,ns_12,1,550.0,550.0,proposed_optimal_dkmcs,throughput
28.0,we_7,relay,BS_2,ew_13,1,550.0,550.0,proposed_optimal_dkmcs,throughput
28.0,we_1,relay,BS_1,ew_17,1,440.00000000000006,550.0,proposed_optimal_dkmcs,throughput
28.0,ns_5,relay,BS_2,ns_4,1,550.0,550.0,proposed_optimal_dkmcs,throughput
28.0,we_0,relay,BS_1,ew_17,1,440.00000000000006,550.0,proposed_optimal_dkmcs,throughput
28.0,ew_7,relay,BS_2,we_13,1,550.0,550.0,proposed_optimal_dkmcs,throughput
28.0,ns_18,relay,BS_1,sn_0,1,550.0,550.0,proposed_optimal_dkmcs,throughput
28.0,ns_0,relay,BS_3,ns_1,1,550.0,550.0,proposed_optimal_dkmcs,throughput
28.0,we_18,relay,BS_2,we_16,1,550.0,550.0,proposed_optimal_dkmcs,throughput
28.0,sn_13,relay,BS_2,sn_15,1,550.0,550.0,proposed_optimal_dkmcs,throughput
28.0,se_3,relay,BS_2,ns_9,1,550.0,550.0,proposed_optimal_dkmcs,throughput
28.0,se_1,relay,BS_2,ew_11,1,550.0,550.0,proposed_optimal_dkmcs,throughput
28.0,se_8,relay,BS_3,sn_18,1,550.0,550.0,proposed_optimal_dkmcs,throughput
28.0,ew_10,relay,BS_2,sn_11,1,550.0,550.0,proposed_optimal_dkmcs,throughput
28.0,ns_2,relay,BS_3,ns_1,1,550.0,550.0,proposed_optimal_dkmcs,throughput
28.0,wn_7,relay,BS_2,we_13,1,550.0,550.0,proposed_optimal_dkmcs,throughput
28.0,ns_12,relay,BS_2,ns_14,1,550.0,550.0,proposed_optimal_dkmcs,throughput
28.0,ew_1,relay,BS_2,we_16,1,550.0,550.0,proposed_optimal_dkmcs,throughput
28.0,we_3,relay,BS_1,ew_17,1,440.00000000000006,550.0,proposed_optimal_dkmcs,throughput
28.0,ns_7,relay,BS_2,sn_15,1,550.0,550.0,proposed_optimal_dkmcs,throughput
28.0,ns_10,relay,BS_2,ns_9,1,550.0,550.0,proposed_optimal_dkmcs,throughput
28.0,wn_5,direct,BS_3,-1,1,330.0,440.00000000000006,proposed_optimal_dkmcs,throughput
28.0,ns_13,relay,BS_2,ns_14,1,550.0,550.0,proposed_optimal_dkmcs,throughput
28.0,we_17,relay,BS_2,we_16,1,550.0,550.0,proposed_optimal_dkmcs,throughput
28.0,sn_3,relay,BS_1,sn_0,1,550.0,550.0,proposed_optimal_dkmcs,throughput
28.0,we_9,relay,BS_2,ns_9,1,550.0,550.0,proposed_optimal_dkmcs,throughput
28.0,ew_16,relay,BS_1,ew_17,1,440.00000000000006,550.0,proposed_optimal_dkmcs,throughput
28.0,wn_4,relay,BS_2,ns_9,1,550.0,550.0,proposed_optimal_dkmcs,throughput
28.0,sn_8,relay,BS_2,sn_11,1,550.0,550.0,proposed_optimal_dkmcs,throughput
28.0,sn_11,relay,BS_1,sn_10,1,330.0,440.00000000000006,proposed_optimal_dkmcs,throughput
28.0,ns_19,direct,BS_1,-1,1,550.0,550.0,proposed_optimal_dkmcs,throughput
28.0,ew_12,relay,BS_2,ew_13,1,550.0,550.0,proposed_optimal_dkmcs,throughput
28.0,se_6,relay,BS_2,ns_4,1,550.0,550.0,proposed_optimal_dkmcs,throughput
28.0,ew_15,relay,BS_2,ew_13,1,550.0,550.0,proposed_optimal_dkmcs,throughput
28.0,sn_10,relay,BS_2,sn_11,1,550.0,550.0,proposed_optimal_dkmcs,throughput
28.0,wn_9,relay,BS_2,we_16,1,550.0,550.0,proposed_optimal_dkmcs,throughput
28.0,sn_15,relay,BS_2,ns_4,1,550.0,550.0,proposed_optimal_dkmcs,throughput
28.0,ew_18,direct,BS_1,-1,1,550.0,550.0,proposed_optimal_dkmcs,throughput
28.0,we_11,relay,BS_2,ns_9,1,550.0,550.0,proposed_optimal_dkmcs,throughput
28.0,sn_4,relay,BS_2,ns_14,1,550.0,550.0,proposed_optimal_dkmcs,throughput
28.0,ns_16,relay,BS_1,sn_0,1,550.0,550.0,proposed_optimal_dkmcs,throughput
28.0,sn_6,relay,BS_2,ns_14,1,550.0,550.0,proposed_optimal_dkmcs,throughput
28.0,sn_0,direct,BS_1,-1,1,550.0,550.0,proposed_optimal_dkmcs,throughput
28.0,ns_9,relay,BS_1,we_11,1,330.0,440.00000000000006,proposed_optimal_dkmcs,throughput
28.0,ns_15,relay,BS_2,ns_14,1,550.0,550.0,proposed_optimal_dkmcs,throughput
28.0,ns_4,relay,BS_2,sn_15,1,550.0,550.0,proposed_optimal_dkmcs,throughput
28.0,ns_8,relay,BS_2,ns_9,1,550.0,550.0,proposed_optimal_dkmcs,throughput
28.0,ew_2,relay,BS_2,we_16,1,550.0,550.0,proposed_optimal_dkmcs,throughput
28.0,we_15,relay,BS_2,we_13,1,550.0,550.0,proposed_optimal_dkmcs,throughput
28.0,wn_1,relay,BS_2,ns_12,1,550.0,550.0,proposed_optimal_dkmcs,throughput
28.0,we_4,relay,BS_2,ew_13,1,550.0,550.0,proposed_optimal_dkmcs,throughput
28.0,ew_14,relay,BS_2,ew_13,1,550.0,550.0,proposed_optimal_dkmcs,throughput
28.0,sn_12,relay,BS_2,sn_15,1,550.0,550.0,proposed_optimal_dkmcs,throughput
28.0,we_13,direct,BS_3,-1,1,240.0,440.00000000000006,proposed_optimal_dkmcs,throughput
28.0,sn_9,relay,BS_2,sn_11,1,550.0,550.0,proposed_optimal_dkmcs,throughput
28.0,se_5,relay,BS_3,sn_13,1,330.0,440.00000000000006,proposed_optimal_dkmcs,throughput
28.0,wn_6,relay,BS_2,we_13,1,550.0,550.0,proposed_optimal_dkmcs,throughput
28.0,se_0,relay,BS_2,ew_11,1,550.0,550.0,proposed_optimal_dkmcs,throughput
28.0,wn_0,relay,BS_2,ns_14,1,550.0,550.0,proposed_optimal_dkmcs,throughput
28.0,ew_19,direct,BS_1,-1,1,550.0,550.0,proposed_optimal_dkmcs,throughput
28.0,we_12,relay,BS_2,we_13,1,550.0,550.0,proposed_optimal_dkmcs,throughput
28.0,we_6,relay,BS_2,ew_13,1,550.0,550.0,proposed_optimal_dkmcs,throughput
28.0,we_19,relay,BS_2,we_16,1,550.0,550.0,proposed_optimal_dkmcs,throughput
28.0,ns_1,relay,BS_3,ns_2,1,550.0,550.0,proposed_optimal_dkmcs,throughput
28.0,we_2,relay,BS_1,ew_17,1,440.00000000000006,550.0,proposed_optimal_dkmcs,throughput
29.0,we_16,relay,BS_2,wn_9,1,550.0,550.0,proposed_optimal_dkmcs,throughput
29.0,se_7,relay,BS_2,ns_6,1,550.0,550.0,proposed_optimal_dkmcs,throughput
29.0,sn_5,direct,BS_1,-1,1,330.0,440.00000000000006,proposed_optimal_dkmcs,throughput
29.0,ew_6,relay,BS_2,wn_7,1,550.0,550.0,proposed_optimal_dkmcs,throughput
29.0,ew_9,relay,BS_2,ew_11,1,550.0,550.0,proposed_optimal_dkmcs,throughput
29.0,se_9,relay,BS_3,ns_3,1,550.0,550.0,proposed_optimal_dkmcs,throughput
29.0,sn_19,relay,BS_3,se_9,1,440.00000000000006,550.0,proposed_optimal_dkmcs,throughput
29.0,we_8,relay,BS_2,se_3,1,550.0,550.0,proposed_optimal_dkmcs,throughput
29.0,we_14,relay,BS_2,wn_7,1,550.0,550.0,proposed_optimal_dkmcs,throughput
29.0,ew_11,relay,BS_2,se_3,1,550.0,550.0,proposed_optimal_dkmcs,throughput
29.0,sn_16,relay,BS_2,ns_6,1,550.0,550.0,proposed_optimal_dkmcs,throughput
29.0,ns_17,relay,BS_2,sn_5,1,550.0,550.0,proposed_optimal_dkmcs,throughput
29.0,sn_17,relay,BS_2,ns_6,1,550.0,550.0,proposed_optimal_dkmcs,throughput
29.0,se_4,relay,BS_2,se_3,1,550.0,550.0,proposed_optimal_dkmcs,throughput
29.0,we_10,relay,BS_2,se_3,1,550.0,550.0,proposed_optimal_dkmcs,throughput
29.0,wn_3,relay,BS_2,ew_11,1,550.0,550.0,proposed_optimal_dkmcs,throughput
29.0,ns_6,direct,BS_1,-1,1,240.0,440.00000000000006,proposed_optimal_dkmcs,throughput
29.0,se_2,relay,BS_2,se_0,1,550.0,550.0,proposed_optimal_dkmcs,throughput
29.0,ew_0,relay,BS_2,wn_9,1,550.0,550.0,proposed_optimal_dkmcs,throughput
29.0,ew_3,relay,BS_2,wn_9,1,550.0,550.0,proposed_optimal_dkmcs,throughput
29.0,ew_4,relay,BS_2,wn_7,1,550.0,550.0,proposed_optimal_dkmcs,throughput
29.0,ew_13,relay,BS_2,ew_14,1,550.0,550.0,proposed_optimal_dkmcs,throughput
29.0,sn_18,relay,BS_2,ns_6,1,550.0,550.0,proposed_optimal_dkmcs,throughput
29.0,ew_17,relay,BS_1,we_0,1,550.0,550.0,proposed_optimal_dkmcs,throughput
29.0,wn_8,relay,BS_2,wn_7,1,550.0,550.0,proposed_optimal_dkmcs,throughput
29.0,ew_8,relay,BS_2,ew_11,1,550.0,550.0,proposed_optimal_dkmcs,throughput
29.0,sn_14,relay,BS_2,sn_12,1,550.0,550.0,proposed_optimal_dkmcs,throughput
29.0,ns_11,relay,BS_2,sn_12,1,550.0,550.0,proposed_optimal_dkmcs,throughput
29.0,we_5,relay,BS_2,se_0,1,550.0,550.0,proposed_optimal_dkmcs,throughput
29.0,sn_2,direct,BS_1,-1,1,550.0,550.0,proposed_optimal_dkmcs,throughput
29.0,ns_3,relay,BS_3,ns_0,1,550.0,550.0,proposed_optimal_dkmcs,throughput
29.0,sn_7,relay,BS_2,sn_5,1,550.0,550.0,proposed_optimal_dkmcs,throughput
29.0,ew_5,relay,BS_2,wn_7,1,550.0,550.0,proposed_optimal_dkmcs,throughput
29.0,sn_1,direct,BS_1,-1,1,550.0,550.0,proposed_optimal_dkmcs,throughput
29.0,wn_2,relay,BS_2,ns_13,1,550.0,550.0,proposed_optimal_dkmcs,throughput
29.0,ns_14,relay,BS_2,ns_13,1,550.0,550.0,proposed_optimal_dkmcs,throughput
29.0,we_7,relay,BS_2,ew_14,1,550.0,550.0,proposed_optimal_dkmcs,throughput
29.0,we_1,relay,BS_1,we_0,1,550.0,550.0,proposed_optimal_dkmcs,throughput
29.0,ns_5,relay,BS_2,ns_6,1,550.0,550.0,proposed_optimal_dkmcs,throughput
29.0,we_0,relay,BS_3,we_1,1,550.0,550.0,proposed_optimal_dkmcs,throughput
29.0,ew_7,relay,BS_2,wn_7,1,550.0,550.0,proposed_optimal_dkmcs,throughput
29.0,ns_18,relay,BS_2,sn_5,1,550.0,550.0,proposed_optimal_dkmcs,throughput
29.0,ns_0,relay,BS_3,ns_3,1,550.0,550.0,proposed_optimal_dkmcs,throughput
29.0,we_18,relay,BS_2,wn_9,1,550.0,550.0,proposed_optimal_dkmcs,throughput
29.0,sn_13,relay,BS_2,sn_12,1,550.0,550.0,proposed_optimal_dkmcs,throughput
29.0,se_3,relay,BS_2,ew_11,1,550.0,550.0,proposed_optimal_dkmcs,throughput
29.0,se_1,relay,BS_2,ew_14,1,550.0,550.0,proposed_optimal_dkmcs,throughput
29.0,se_8,relay,BS_2,ns_6,1,550.0,550.0,proposed_optimal_dkmcs,throughput
29.0,ew_10,relay,BS_2,ew_11,1,550.0,550.0,proposed_optimal_dkmcs,throughput
29.0,ns_2,relay,BS_3,ns_0,1,550.0,550.0,proposed_optimal_dkmcs,throughput
29.0,wn_7,direct,BS_3,-1,1,240.0,440.00000000000006,proposed_optimal_dkmcs,throughput
29.0,ns_12,relay,BS_2,ns_13,1,550.0,550.0,proposed_optimal_dkmcs,throughput
29.0,ew_1,relay,BS_2,wn_9,1,550.0,550.0,proposed_optimal_dkmcs,throughput
29.0,we_3,direct,BS_1,-1,1,550.0,550.0,proposed_optimal_dkmcs,throughput
29.0,ns_7,relay,BS_2,ns_6,1,550.0,550.0,proposed_optimal_dkmcs,throughput
29.0,ns_10,relay,BS_2,sn_12,1,550.0,550.0,proposed_optimal_dkmcs,throughput
29.0,wn_5,relay,BS_2,ew_11,1,550.0,550.0,proposed_optimal_dkmcs,throughput
29.0,ns_13,direct,BS_1,-1,1,330.0,440.00000000000006,proposed_optimal_dkmcs,throughput
29.0,we_17,relay,BS_2,wn_9,1,550.0,550.0,proposed_optimal_dkmcs,throughput
29.0,sn_3,direct,BS_1,-1,1,550.0,550.0,proposed_optimal_dkmcs,throughput
29.0,we_9,relay,BS_2,se_3,1,550.0,550.0,proposed_optimal_dkmcs,throughput
29.0,ew_16,relay,BS_3,ew_18,1,440.00000000000006,550.0,proposed_optimal_dkmcs,throughput
29.0,wn_4,relay,BS_2,ew_11,1,550.0,550.0,proposed_optimal_dkmcs,throughput
29.0,sn_8,relay,BS_2,ns_13,1,550.0,550.0,proposed_optimal_dkmcs,throughput
29.0,sn_11,relay,BS_2,ns_13,1,550.0,550.0,proposed_optimal_dkmcs,throughput
29.0,ns_19,relay,BS_2,sn_5,1,550.0,550.0,proposed_optimal_dkmcs,throughput
29.0,ew_12,relay,BS_2,ew_14,1,550.0,550.0,proposed_optimal_dkmcs,throughput
29.0,se_6,direct,BS_3,-1,1,330.0,440.00000000000006,proposed_optimal_dkmcs,throughput
29.0,ew_15,relay,BS_2,se_0,1,550.0,550.0,proposed_optimal_dkmcs,throughput
29.0,sn_10,relay,BS_2,ns_13,1,550.0,550.0,proposed_optimal_dkmcs,throughput
29.0,wn_9,relay,BS_3,we_19,1,240.0,440.00000000000006,proposed_optimal_dkmcs,throughput
29.0,sn_15,relay,BS_2,sn_12,1,550.0,550.0,proposed_optimal_dkmcs,throughput
29.0,ew_18,relay,BS_3,we_1,1,550.0,550.0,proposed_optimal_dkmcs,throughput
29.0,we_11,relay,BS_2,se_3,1,550.0,550.0,proposed_optimal_dkmcs,throughput
29.0,sn_4,relay,BS_2,sn_5,1,550.0,550.0,proposed_optimal_dkmcs,throughput
29.0,ns_16,relay,BS_2,sn_5,1,550.0,550.0,proposed_optimal_dkmcs,throughput
29.0,sn_6,relay,BS_2,sn_5,1,550.0,550.0,proposed_optimal_dkmcs,throughput
29.0,sn_0,direct,BS_1,-1,1,550.0,550.0,proposed_optimal_dkmcs,throughput
29.0,ns_9,relay,BS_2,sn_12,1,550.0,550.0,proposed_optimal_dkmcs,throughput
29.0,ns_15,relay,BS_2,ns_13,1,550.0,550.0,proposed_optimal_dkmcs,throughput
29.0,ns_4,relay,BS_2,ns_6,1,550.0,550.0,proposed_optimal_dkmcs,throughput
29.0,ns_8,relay,BS_2,sn_12,1,550.0,550.0,proposed_optimal_dkmcs,throughput
29.0,ew_2,relay,BS_2,wn_9,1,550.0,550.0,proposed_optimal_dkmcs,throughput
29.0,we_15,relay,BS_2,wn_7,1,550.0,550.0,proposed_optimal_dkmcs,throughput
29.0,wn_1,relay,BS_2,ns_13,1,550.0,550.0,proposed_optimal_dkmcs,throughput
29.0,we_4,relay,BS_2,ew_14,1,550.0,550.0,proposed_optimal_dkmcs,throughput
29.0,ew_14,relay,BS_2,se_0,1,550.0,550.0,proposed_optimal_dkmcs,throughput
29.0,sn_12,direct,BS_1,-1,1,330.0,440.00000000000006,proposed_optimal_dkmcs,throughput
29.0,we_13,relay,BS_2,wn_7,1,550.0,550.0,proposed_optimal_dkmcs,throughput
29.0,sn_9,relay,BS_2,ns_13,1,550.0,550.0,proposed_optimal_dkmcs,throughput
29.0,se_5,relay,BS_2,sn_12,1,550.0,550.0,proposed_optimal_dkmcs,throughput
29.0,wn_6,relay,BS_2,wn_7,1,550.0,550.0,proposed_optimal_dkmcs,throughput
29.0,se_0,relay,BS_2,ew_14,1,550.0,550.0,proposed_optimal_dkmcs,throughput
29.0,wn_0,relay,BS_2,ns_13,1,550.0,550.0,proposed_optimal_dkmcs,throughput
29.0,ew_19,relay,BS_1,we_0,1,550.0,550.0,proposed_optimal_dkmcs,throughput
29.0,we_12,relay,BS_3,ew_8,1,330.0,440.00000000000006,proposed_optimal_dkmcs,throughput
29.0,we_6,relay,BS_2,se_0,1,550.0,550.0,proposed_optimal_dkmcs,throughput
29.0,we_19,relay,BS_2,wn_9,1,550.0,550.0,proposed_optimal_dkmcs,throughput
29.0,ns_1,relay,BS_3,ns_3,1,550.0,550.0,proposed_optimal_dkmcs,throughput
29.0,we_2,direct,BS_3,-1,1,550.0,550.0,proposed_optimal_dkmcs,throughput
30.0,we_16,relay,BS_2,we_18,1,440.00000000000006,550.0,proposed_optimal_dkmcs,throughput
30.0,se_7,relay,BS_2,se_6,1,550.0,550.0,proposed_optimal_dkmcs,throughput
30.0,sn_5,relay,BS_1,sn_7,1,550.0,550.0,proposed_optimal_dkmcs,throughput
30.0,ew_6,relay,BS_2,we_18,1,440.00000000000006,550.0,proposed_optimal_dkmcs,throughput
30.0,ew_9,relay,BS_2,we_15,1,550.0,550.0,proposed_optimal_dkmcs,throughput
30.0,se_9,relay,BS_2,sn_19,1,550.0,550.0,proposed_optimal_dkmcs,throughput
30.0,sn_19,relay,BS_3,ns_7,1,330.0,440.00000000000006,proposed_optimal_dkmcs,throughput
30.0,we_8,relay,BS_2,we_10,1,550.0,550.0,proposed_optimal_dkmcs,throughput
30.0,we_14,relay,BS_2,we_15,1,550.0,550.0,proposed_optimal_dkmcs,throughput
30.0,ew_11,relay,BS_1,ew_10,1,330.0,440.00000000000006,proposed_optimal_dkmcs,throughput
30.0,sn_16,relay,BS_2,sn_19,1,550.0,550.0,proposed_optimal_dkmcs,throughput
30.0,ns_17,relay,BS_2,wn_1,1,550.0,550.0,proposed_optimal_dkmcs,throughput
30.0,sn_17,relay,BS_2,sn_19,1,550.0,550.0,proposed_optimal_dkmcs,throughput
30.0,se_4,relay,BS_3,wn_5,1,330.0,440.00000000000006,proposed_optimal_dkmcs,throughput
30.0,we_10,relay,BS_3,ew_15,1,330.0,440.00000000000006,proposed_optimal_dkmcs,throughput
30.0,wn_3,relay,BS_2,ns_12,1,550.0,550.0,proposed_optimal_dkmcs,throughput
30.0,ns_6,relay,BS_2,sn_19,1,550.0,550.0,proposed_optimal_dkmcs,throughput
30.0,se_2,relay,BS_3,ew_15,1,330.0,440.00000000000006,proposed_optimal_dkmcs,throughput
30.0,ew_0,relay,BS_2,we_18,1,440.00000000000006,550.0,proposed_optimal_dkmcs,throughput
30.0,ew_3,relay,BS_2,ew_0,1,550.0,550.0,proposed_optimal_dkmcs,throughput
30.0,ew_4,relay,BS_2,we_18,1,440.00000000000006,550.0,proposed_optimal_dkmcs,throughput
30.0,ew_13,relay,BS_2,we_10,1,550.0,550.0,proposed_optimal_dkmcs,throughput
30.0,sn_18,relay,BS_2,sn_19,1,550.0,550.0,proposed_optimal_dkmcs,throughput
30.0,ew_17,relay,BS_2,we_5,1,550.0,550.0,proposed_optimal_dkmcs,throughput
30.0,wn_8,relay,BS_2,we_15,1,550.0,550.0,proposed_optimal_dkmcs,throughput
30.0,ew_8,relay,BS_2,we_15,1,550.0,550.0,proposed_optimal_dkmcs,throughput
30.0,sn_14,relay,BS_2,se_4,1,550.0,550.0,proposed_optimal_dkmcs,throughput
30.0,ns_11,relay,BS_2,se_6,1,550.0,550.0,proposed_optimal_dkmcs,throughput
30.0,we_5,direct,BS_3,-1,1,330.0,440.00000000000006,proposed_optimal_dkmcs,throughput
30.0,sn_2,relay,BS_1,sn_0,1,550.0,550.0,proposed_optimal_dkmcs,throughput
30.0,ns_3,direct,BS_3,-1,1,550.0,550.0,proposed_optimal_dkmcs,throughput
30.0,sn_7,relay,BS_1,sn_5,1,550.0,550.0,proposed_optimal_dkmcs,throughput
30.0,ew_5,relay,BS_2,we_18,1,440.00000000000006,550.0,proposed_optimal_dkmcs,throughput
30.0,sn_1,relay,BS_1,sn_0,1,550.0,550.0,proposed_optimal_dkmcs,throughput
30.0,wn_2,relay,BS_2,wn_1,1,550.0,550.0,proposed_optimal_dkmcs,throughput
30.0,ns_14,relay,BS_2,ns_12,1,550.0,550.0,proposed_optimal_dkmcs,throughput
30.0,we_7,relay,BS_2,we_5,1,550.0,550.0,proposed_optimal_dkmcs,throughput
30.0,we_1,direct,BS_1,-1,1,550.0,550.0,proposed_optimal_dkmcs,throughput
30.0,ns_5,relay,BS_2,sn_19,1,550.0,550.0,proposed_optimal_dkmcs,throughput
30.0,we_0,direct,BS_1,-1,1,550.0,550.0,proposed_optimal_dkmcs,throughput
30.0,ew_7,relay,BS_2,we_18,1,440.00000000000006,550.0,proposed_optimal_dkmcs,throughput
30.0,ns_18,relay,BS_2,wn_1,1,550.0,550.0,proposed_optimal_dkmcs,throughput
30.0,ns_0,relay,BS_3,ns_3,1,550.0,550.0,proposed_optimal_dkmcs,throughput
30.0,we_18,direct,BS_3,-1,1,240.0,440.00000000000006,proposed_optimal_dkmcs,throughput
30.0,sn_13,relay,BS_2,se_4,1,550.0,550.0,proposed_optimal_dkmcs,throughput
30.0,se_3,relay,BS_2,se_4,1,550.0,550.0,proposed_optimal_dkmcs,throughput
30.0,se_1,relay,BS_3,se_0,1,330.0,440.00000000000006,proposed_optimal_dkmcs,throughput
30.0,se_8,relay,BS_2,se_6,1,550.0,550.0,proposed_optimal_dkmcs,throughput
30.0,ew_10,relay,BS_2,we_15,1,550.0,550.0,proposed_optimal_dkmcs,throughput
30.0,ns_2,relay,BS_3,ns_3,1,550.0,550.0,proposed_optimal_dkmcs,throughput
30.0,wn_7,relay,BS_2,we_15,1,550.0,550.0,proposed_optimal_dkmcs,throughput
30.0,ns_12,relay,BS_3,wn_5,1,330.0,440.00000000000006,proposed_optimal_dkmcs,throughput
30.0,ew_1,relay,BS_2,ew_0,1,550.0,550.0,proposed_optimal_dkmcs,throughput
30.0,we_3,direct,BS_1,-1,1,550.0,550.0,proposed_optimal_dkmcs,throughput
30.0,ns_7,relay,BS_2,sn_19,1,550.0,550.0,proposed_optimal_dkmcs,throughput
30.0,ns_10,relay,BS_2,se_6,1,550.0,550.0,proposed_optimal_dkmcs,throughput
30.0,wn_5,relay,BS_2,ns_12,1,550.0,550.0,proposed_optimal_dkmcs,throughput
30.0,ns_13,relay,BS_2,ns_12,1,550.0,550.0,proposed_optimal_dkmcs,throughput
30.0,we_17,relay,BS_2,we_18,1,440.00000000000006,550.0,proposed_optimal_dkmcs,throughput
30.0,sn_3,relay,BS_1,sn_2,1,550.0,550.0,proposed_optimal_dkmcs,throughput
30.0,we_9,relay,BS_2,we_10,1,550.0,550.0,proposed_optimal_dkmcs,throughput
30.0,ew_16,relay,BS_2,we_5,1,550.0,550.0,proposed_optimal_dkmcs,throughput
30.0,wn_4,relay,BS_2,ns_12,1,550.0,550.0,proposed_optimal_dkmcs,throughput
30.0,sn_8,relay,BS_2,wn_1,1,550.0,550.0,proposed_optimal_dkmcs,throughput
30.0,sn_11,relay,BS_1,sn_8,1,330.0,440.00000000000006,proposed_optimal_dkmcs,throughput
30.0,ns_19,relay,BS_1,sn_7,1,550.0,550.0,proposed_optimal_dkmcs,throughput
30.0,ew_12,relay,BS_2,we_10,1,550.0,550.0,proposed_optimal_dkmcs,throughput
30.0,se_6,relay,BS_3,ns_8,1,330.0,440.00000000000006,proposed_optimal_dkmcs,throughput
30.0,ew_15,relay,BS_2,we_10,1,550.0,550.0,proposed_optimal_dkmcs,throughput
30.0,sn_10,relay,BS_2,wn_1,1,550.0,550.0,proposed_optimal_dkmcs,throughput
30.0,wn_9,relay,BS_2,we_18,1,440.00000000000006,550.0,proposed_optimal_dkmcs,throughput
30.0,sn_15,relay,BS_2,se_4,1,550.0,550.0,proposed_optimal_dkmcs,throughput
30.0,ew_18,relay,BS_2,we_5,1,550.0,550.0,proposed_optimal_dkmcs,throughput
30.0,we_11,relay,BS_2,we_10,1,550.0,550.0,proposed_optimal_dkmcs,throughput
30.0,sn_4,relay,BS_1,sn_5,1,550.0,550.0,proposed_optimal_dkmcs,throughput
30.0,ns_16,relay,BS_2,wn_1,1,550.0,550.0,proposed_optimal_dkmcs,throughput
30.0,sn_6,relay,BS_1,sn_7,1,550.0,550.0,proposed_optimal_dkmcs,throughput
30.0,sn_0,relay,BS_1,sn_2,1,550.0,550.0,proposed_optimal_dkmcs,throughput
30.0,ns_9,relay,BS_2,se_6,1,550.0,550.0,proposed_optimal_dkmcs,throughput
30.0,ns_15,relay,BS_2,ns_12,1,550.0,550.0,proposed_optimal_dkmcs,throughput
30.0,ns_4,relay,BS_2,sn_19,1,550.0,550.0,proposed_optimal_dkmcs,throughput
30.0,ns_8,relay,BS_2,se_6,1,550.0,550.0,proposed_optimal_dkmcs,throughput
30.0,ew_2,relay,BS_2,ew_0,1,550.0,550.0,proposed_optimal_dkmcs,throughput
30.0,we_15,relay,BS_1,ew_10,1,330.0,440.00000000000006,proposed_optimal_dkmcs,throughput
30.0,wn_1,relay,BS_1,sn_8,1,330.0,440.00000000000006,proposed_optimal_dkmcs,throughput
30.0,we_4,relay,BS_2,we_5,1,550.0,550.0,proposed_optimal_dkmcs,throughput
30.0,ew_14,relay,BS_2,we_10,1,550.0,550.0,proposed_optimal_dkmcs,throughput
30.0,sn_12,relay,BS_2,se_4,1,550.0,550.0,proposed_optimal_dkmcs,throughput
30.0,we_13,relay,BS_2,we_15,1,550.0,550.0,proposed_optimal_dkmcs,throughput
30.0,sn_9,relay,BS_2,wn_1,1,550.0,550.0,proposed_optimal_dkmcs,throughput
30.0,se_5,relay,BS_2,se_4,1,550.0,550.0,proposed_optimal_dkmcs,throughput
30.0,wn_6,relay,BS_2,we_15,1,550.0,550.0,proposed_optimal_dkmcs,throughput
30.0,se_0,relay,BS_2,we_5,1,550.0,550.0,proposed_optimal_dkmcs,throughput
30.0,wn_0,relay,BS_2,wn_1,1,550.0,550.0,proposed_optimal_dkmcs,throughput
30.0,ew_19,relay,BS_2,we_5,1,550.0,550.0,proposed_optimal_dkmcs,throughput
30.0,we_12,relay,BS_2,we_15,1,550.0,550.0,proposed_optimal_dkmcs,throughput
30.0,we_6,relay,BS_2,we_5,1,550.0,550.0,proposed_optimal_dkmcs,throughput
30.0,we_19,relay,BS_2,we_18,1,440.00000000000006,550.0,proposed_optimal_dkmcs,throughput
30.0,ns_1,relay,BS_3,ns_3,1,550.0,550.0,proposed_optimal_dkmcs,throughput
30.0,we_2,direct,BS_3,-1,1,550.0,550.0,proposed_optimal_dkmcs,throughput
31.0,we_16,relay,BS_2,ew_9,1,550.0,550.0,proposed_optimal_dkmcs,throughput
31.0,se_7,relay,BS_3,sn_17,1,330.0,440.00000000000006,proposed_optimal_dkmcs,throughput
31.0,sn_5,relay,BS_1,sn_7,1,550.0,550.0,proposed_optimal_dkmcs,throughput
31.0,ew_6,relay,BS_2,we_19,1,440.00000000000006,550.0,proposed_optimal_dkmcs,throughput
31.0,ew_9,direct,BS_1,-1,1,240.0,440.00000000000006,proposed_optimal_dkmcs,throughput
31.0,se_9,relay,BS_2,ns_11,1,550.0,550.0,proposed_optimal_dkmcs,throughput
31.0,sn_19,relay,BS_2,ns_11,1,550.0,550.0,proposed_optimal_dkmcs,throughput
31.0,we_8,relay,BS_2,ew_17,1,550.0,550.0,proposed_optimal_dkmcs,throughput
31.0,we_14,relay,BS_2,we_12,1,550.0,550.0,proposed_optimal_dkmcs,throughput
31.0,ew_11,relay,BS_2,ew_9,1,550.0,550.0,proposed_optimal_dkmcs,throughput
31.0,sn_16,relay,BS_2,ns_11,1,550.0,550.0,proposed_optimal_dkmcs,throughput
31.0,ns_17,relay,BS_2,ns_19,1,550.0,550.0,proposed_optimal_dkmcs,throughput
31.0,sn_17,relay,BS_2,ns_11,1,550.0,550.0,proposed_optimal_dkmcs,throughput
31.0,se_4,relay,BS_2,ew_13,1,550.0,550.0,proposed_optimal_dkmcs,throughput
31.0,we_10,relay,BS_2,ew_17,1,550.0,550.0,proposed_optimal_dkmcs,throughput
31.0,wn_3,relay,BS_2,sn_13,1,550.0,550.0,proposed_optimal_dkmcs,throughput
31.0,ns_6,direct,BS_3,-1,1,440.00000000000006,550.0,proposed_optimal_dkmcs,throughput
31.0,se_2,relay,BS_2,ew_17,1,550.0,550.0,proposed_optimal_dkmcs,throughput
31.0,ew_0,relay,BS_2,ew_3,1,550.0,550.0,proposed_optimal_dkmcs,throughput
31.0,ew_3,direct,BS_1,-1,1,240.0,330.0,proposed_optimal_dkmcs,throughput
31.0,ew_4,relay,BS_2,we_19,1,550.0,550.0,proposed_optimal_dkmcs,throughput
31.0,ew_13,relay,BS_2,sn_15,1,550.0,550.0,proposed_optimal_dkmcs,throughput
31.0,sn_18,relay,BS_2,ns_11,1,550.0,550.0,proposed_optimal_dkmcs,throughput
31.0,ew_17,relay,BS_3,ew_16,1,330.0,440.00000000000006,proposed_optimal_dkmcs,throughput
31.0,wn_8,relay,BS_2,ew_9,1,550.0,550.0,proposed_optimal_dkmcs,throughput
31.0,ew_8,relay,BS_2,ew_9,1,550.0,550.0,proposed_optimal_dkmcs,throughput
31.0,sn_14,relay,BS_2,sn_15,1,550.0,550.0,proposed_optimal_dkmcs,throughput
31.0,ns_11,direct,BS_3,-1,1,330.0,440.00000000000006,proposed_optimal_dkmcs,throughput
31.0,we_5,relay,BS_1,we_4,1,550.0,550.0,proposed_optimal_dkmcs,throughput
31.0,sn_2,relay,BS_1,sn_3,1,550.0,550.0,proposed_optimal_dkmcs,throughput
31.0,ns_3,relay,BS_3,ns_2,1,550.0,550.0,proposed_optimal_dkmcs,throughput
31.0,sn_7,direct,BS_1,-1,1,550.0,550.0,proposed_optimal_dkmcs,throughput
31.0,ew_5,relay,BS_2,we_19,1,550.0,550.0,proposed_optimal_dkmcs,throughput
31.0,sn_1,relay,BS_1,sn_3,1,550.0,550.0,proposed_optimal_dkmcs,throughput
31.0,wn_2,relay,BS_2,ns_19,1,550.0,550.0,proposed_optimal_dkmcs,throughput
31.0,ns_14,relay,BS_2,sn_15,1,550.0,550.0,proposed_optimal_dkmcs,throughput
31.0,we_7,relay,BS_1,we_4,1,550.0,550.0,proposed_optimal_dkmcs,throughput
31.0,we_1,relay,BS_3,we_2,1,550.0,550.0,proposed_optimal_dkmcs,throughput
31.0,ns_5,relay,BS_3,ns_6,1,440.00000000000006,550.0,proposed_optimal_dkmcs,throughput
31.0,we_0,relay,BS_3,we_2,1,550.0,550.0,proposed_optimal_dkmcs,throughput
31.0,ew_7,relay,BS_2,we_19,1,550.0,550.0,proposed_optimal_dkmcs,throughput
31.0,ns_18,relay,BS_2,ns_19,1,550.0,550.0,proposed_optimal_dkmcs,throughput
31.0,ns_0,relay,BS_3,ns_2,1,550.0,550.0,proposed_optimal_dkmcs,throughput
31.0,we_18,relay,BS_2,we_19,1,550.0,550.0,proposed_optimal_dkmcs,throughput
31.0,sn_13,relay,BS_2,sn_15,1,550.0,550.0,proposed_optimal_dkmcs,throughput
31.0,se_3,relay,BS_2,ew_13,1,550.0,550.0,proposed_optimal_dkmcs,throughput
31.0,se_1,relay,BS_2,ew_17,1,550.0,550.0,proposed_optimal_dkmcs,throughput
31.0,se_8,relay,BS_2,ns_11,1,550.0,550.0,proposed_optimal_dkmcs,throughput
31.0,ew_10,relay,BS_2,ew_9,1,550.0,550.0,proposed_optimal_dkmcs,throughput
31.0,ns_2,direct,BS_3,-1,1,550.0,550.0,proposed_optimal_dkmcs,throughput
31.0,wn_7,relay,BS_2,ew_9,1,550.0,550.0,proposed_optimal_dkmcs,throughput
31.0,ns_12,relay,BS_2,we_12,1,550.0,550.0,proposed_optimal_dkmcs,throughput
31.0,ew_1,relay,BS_2,ew_3,1,550.0,550.0,proposed_optimal_dkmcs,throughput
31.0,we_3,relay,BS_3,we_2,1,550.0,550.0,proposed_optimal_dkmcs,throughput
31.0,ns_7,relay,BS_3,ns_6,1,440.00000000000006,550.0,proposed_optimal_dkmcs,throughput
31.0,ns_10,relay,BS_2,ns_11,1,550.0,550.0,proposed_optimal_dkmcs,throughput
31.0,wn_5,relay,BS_2,sn_13,1,550.0,550.0,proposed_optimal_dkmcs,throughput
31.0,ns_13,relay,BS_2,we_12,1,550.0,550.0,proposed_optimal_dkmcs,throughput
31.0,we_17,relay,BS_2,ew_9,1,550.0,550.0,proposed_optimal_dkmcs,throughput
31.0,sn_3,relay,BS_1,sn_1,1,550.0,550.0,proposed_optimal_dkmcs,throughput
31.0,we_9,relay,BS_2,ew_17,1,550.0,550.0,proposed_optimal_dkmcs,throughput
31.0,ew_16,relay,BS_2,ew_17,1,550.0,550.0,proposed_optimal_dkmcs,throughput
31.0,wn_4,relay,BS_2,sn_13,1,550.0,550.0,proposed_optimal_dkmcs,throughput
31.0,sn_8,relay,BS_2,ns_19,1,550.0,550.0,proposed_optimal_dkmcs,throughput
31.0,sn_11,relay,BS_2,ns_19,1,550.0,550.0,proposed_optimal_dkmcs,throughput
31.0,ns_19,direct,BS_1,-1,1,330.0,440.00000000000006,proposed_optimal_dkmcs,throughput
31.0,ew_12,relay,BS_2,sn_15,1,550.0,550.0,proposed_optimal_dkmcs,throughput
31.0,se_6,relay,BS_3,sn_17,1,330.0,440.00000000000006,proposed_optimal_dkmcs,throughput
31.0,ew_15,relay,BS_2,ew_13,1,550.0,550.0,proposed_optimal_dkmcs,throughput
31.0,sn_10,relay,BS_2,ns_19,1,550.0,550.0,proposed_optimal_dkmcs,throughput
31.0,wn_9,relay,BS_2,we_19,1,550.0,550.0,proposed_optimal_dkmcs,throughput
31.0,sn_15,relay,BS_2,we_12,1,550.0,550.0,proposed_optimal_dkmcs,throughput
31.0,ew_18,relay,BS_2,ew_17,1,550.0,550.0,proposed_optimal_dkmcs,throughput
31.0,we_11,relay,BS_2,ew_17,1,550.0,550.0,proposed_optimal_dkmcs,throughput
31.0,sn_4,relay,BS_1,sn_7,1,550.0,550.0,proposed_optimal_dkmcs,throughput
31.0,ns_16,relay,BS_2,ns_19,1,550.0,550.0,proposed_optimal_dkmcs,throughput
31.0,sn_6,relay,BS_1,sn_7,1,550.0,550.0,proposed_optimal_dkmcs,throughput
31.0,sn_0,relay,BS_1,sn_3,1,550.0,550.0,proposed_optimal_dkmcs,throughput
31.0,ns_9,relay,BS_2,ns_11,1,550.0,550.0,proposed_optimal_dkmcs,throughput
31.0,ns_15,relay,BS_2,sn_15,1,550.0,550.0,proposed_optimal_dkmcs,throughput
31.0,ns_4,relay,BS_3,ns_6,1,440.00000000000006,550.0,proposed_optimal_dkmcs,throughput
31.0,ns_8,relay,BS_2,ns_11,1,550.0,550.0,proposed_optimal_dkmcs,throughput
31.0,ew_2,relay,BS_2,ew_3,1,550.0,550.0,proposed_optimal_dkmcs,throughput
31.0,we_15,relay,BS_2,we_12,1,550.0,550.0,proposed_optimal_dkmcs,throughput
31.0,wn_1,relay,BS_2,ns_19,1,550.0,550.0,proposed_optimal_dkmcs,throughput
31.0,we_4,direct,BS_1,-1,1,550.0,550.0,proposed_optimal_dkmcs,throughput
31.0,ew_14,relay,BS_2,ew_13,1,550.0,550.0,proposed_optimal_dkmcs,throughput
31.0,sn_12,relay,BS_2,sn_15,1,550.0,550.0,proposed_optimal_dkmcs,throughput
31.0,we_13,relay,BS_2,we_12,1,550.0,550.0,proposed_optimal_dkmcs,throughput
31.0,sn_9,relay,BS_2,ns_19,1,550.0,550.0,proposed_optimal_dkmcs,throughput
31.0,se_5,relay,BS_2,ew_13,1,550.0,550.0,proposed_optimal_dkmcs,throughput
31.0,wn_6,direct,BS_3,-1,1,330.0,440.00000000000006,proposed_optimal_dkmcs,throughput
31.0,se_0,relay,BS_2,ew_17,1,550.0,550.0,proposed_optimal_dkmcs,throughput
31.0,wn_0,relay,BS_2,ns_19,1,550.0,550.0,proposed_optimal_dkmcs,throughput
31.0,ew_19,relay,BS_2,ew_17,1,550.0,550.0,proposed_optimal_dkmcs,throughput
31.0,we_12,relay,BS_2,sn_15,1,550.0,550.0,proposed_optimal_dkmcs,throughput
31.0,we_6,relay,BS_1,we_4,1,550.0,550.0,proposed_optimal_dkmcs,throughput
31.0,we_19,relay,BS_2,ew_9,1,550.0,550.0,proposed_optimal_dkmcs,throughput
31.0,ns_1,relay,BS_3,ns_2,1,550.0,550.0,proposed_optimal_dkmcs,throughput
31.0,we_2,direct,BS_1,-1,1,550.0,550.0,proposed_optimal_dkmcs,throughput
32.0,we_16,relay,BS_2,ew_11,1,550.0,550.0,proposed_optimal_dkmcs,throughput
32.0,se_7,relay,BS_2,ns_12,1,550.0,550.0,proposed_optimal_dkmcs,throughput
32.0,sn_5,relay,BS_1,sn_4,1,550.0,550.0,proposed_optimal_dkmcs,throughput
32.0,ew_6,relay,BS_2,ew_5,1,550.0,550.0,proposed_optimal_dkmcs,throughput
32.0,ew_9,relay,BS_2,ew_11,1,550.0,550.0,proposed_optimal_dkmcs,throughput
32.0,se_9,relay,BS_2,ns_10,1,550.0,550.0,proposed_optimal_dkmcs,throughput
32.0,sn_19,relay,BS_2,ns_12,1,550.0,550.0,proposed_optimal_dkmcs,throughput
32.0,we_8,relay,BS_2,ew_18,1,550.0,550.0,proposed_optimal_dkmcs,throughput
32.0,we_14,relay,BS_2,ew_15,1,550.0,550.0,proposed_optimal_dkmcs,throughput
32.0,ew_11,relay,BS_3,ew_10,1,240.0,440.00000000000006,proposed_optimal_dkmcs,throughput
32.0,sn_16,relay,BS_2,ns_12,1,550.0,550.0,proposed_optimal_dkmcs,throughput
32.0,ns_17,relay,BS_2,wn_5,1,550.0,550.0,proposed_optimal_dkmcs,throughput
32.0,sn_17,relay,BS_2,ns_12,1,550.0,550.0,proposed_optimal_dkmcs,throughput
32.0,se_4,relay,BS_2,ew_18,1,550.0,550.0,proposed_optimal_dkmcs,throughput
32.0,we_10,relay,BS_2,ew_18,1,550.0,550.0,proposed_optimal_dkmcs,throughput
32.0,wn_3,relay,BS_2,wn_5,1,550.0,550.0,proposed_optimal_dkmcs,throughput
32.0,ns_6,direct,BS_3,-1,1,550.0,550.0,proposed_optimal_dkmcs,throughput
32.0,se_2,relay,BS_2,we_9,1,550.0,550.0,proposed_optimal_dkmcs,throughput
32.0,ew_0,relay,BS_2,ew_5,1,440.00000000000006,550.0,proposed_optimal_dkmcs,throughput
32.0,ew_3,relay,BS_2,ew_5,1,440.00000000000006,550.0,proposed_optimal_dkmcs,throughput
32.0,ew_4,relay,BS_2,ew_5,1,550.0,550.0,proposed_optimal_dkmcs,throughput
32.0,ew_13,relay,BS_2,ew_15,1,550.0,550.0,proposed_optimal_dkmcs,throughput
32.0,sn_18,relay,BS_2,ns_12,1,550.0,550.0,proposed_optimal_dkmcs,throughput
32.0,ew_17,relay,BS_2,ew_18,1,550.0,550.0,proposed_optimal_dkmcs,throughput
32.0,wn_8,relay,BS_2,ew_13,1,550.0,550.0,proposed_optimal_dkmcs,throughput
32.0,ew_8,relay,BS_2,ew_11,1,550.0,550.0,proposed_optimal_dkmcs,throughput
32.0,sn_14,relay,BS_2,wn_5,1,550.0,550.0,proposed_optimal_dkmcs,throughput
32.0,ns_11,relay,BS_2,ns_10,1,550.0,550.0,proposed_optimal_dkmcs,throughput
32.0,we_5,direct,BS_1,-1,1,550.0,550.0,proposed_optimal_dkmcs,throughput
32.0,sn_2,relay,BS_1,sn_1,1,550.0,550.0,proposed_optimal_dkmcs,throughput
32.0,ns_3,direct,BS_3,-1,1,550.0,550.0,proposed_optimal_dkmcs,throughput
32.0,sn_7,relay,BS_1,sn_4,1,550.0,550.0,proposed_optimal_dkmcs,throughput
32.0,ew_5,relay,BS_2,ew_11,1,440.00000000000006,550.0,proposed_optimal_dkmcs,throughput
32.0,sn_1,direct,BS_1,-1,1,550.0,550.0,proposed_optimal_dkmcs,throughput
32.0,wn_2,relay,BS_2,sn_10,1,550.0,550.0,proposed_optimal_dkmcs,throughput
32.0,ns_14,relay,BS_2,ns_12,1,550.0,550.0,proposed_optimal_dkmcs,throughput
32.0,we_7,relay,BS_3,we_6,1,550.0,550.0,proposed_optimal_dkmcs,throughput
32.0,we_1,direct,BS_3,-1,1,550.0,550.0,proposed_optimal_dkmcs,throughput
32.0,ns_5,relay,BS_3,ns_6,1,550.0,550.0,proposed_optimal_dkmcs,throughput
32.0,we_0,relay,BS_3,we_1,1,550.0,550.0,proposed_optimal_dkmcs,throughput
32.0,ew_7,relay,BS_2,ew_5,1,550.0,550.0,proposed_optimal_dkmcs,throughput
32.0,ns_18,relay,BS_2,wn_5,1,550.0,550.0,proposed_optimal_dkmcs,throughput
32.0,ns_0,relay,BS_3,ns_3,1,550.0,550.0,proposed_optimal_dkmcs,throughput
32.0,we_18,relay,BS_2,ew_11,1,550.0,550.0,proposed_optimal_dkmcs,throughput
32.0,sn_13,relay,BS_2,wn_5,1,550.0,550.0,proposed_optimal_dkmcs,throughput
32.0,se_3,relay,BS_2,ew_18,1,550.0,550.0,proposed_optimal_dkmcs,throughput
32.0,se_1,relay,BS_2,we_9,1,550.0,550.0,proposed_optimal_dkmcs,throughput
32.0,se_8,relay,BS_2,ns_12,1,550.0,550.0,proposed_optimal_dkmcs,throughput
32.0,ew_10,relay,BS_2,ew_11,1,550.0,550.0,proposed_optimal_dkmcs,throughput
32.0,ns_2,relay,BS_3,ns_3,1,550.0,550.0,proposed_optimal_dkmcs,throughput
32.0,wn_7,relay,BS_2,ew_13,1,550.0,550.0,proposed_optimal_dkmcs,throughput
32.0,ns_12,direct,BS_1,-1,1,330.0,440.00000000000006,proposed_optimal_dkmcs,throughput
32.0,ew_1,relay,BS_2,ew_5,1,440.00000000000006,550.0,proposed_optimal_dkmcs,throughput
32.0,we_3,direct,BS_1,-1,1,550.0,550.0,proposed_optimal_dkmcs,throughput
32.0,ns_7,relay,BS_3,ns_6,1,550.0,550.0,proposed_optimal_dkmcs,throughput
32.0,ns_10,relay,BS_3,sn_19,1,330.0,440.00000000000006,proposed_optimal_dkmcs,throughput
32.0,wn_5,relay,BS_1,sn_12,1,330.0,440.00000000000006,proposed_optimal_dkmcs,throughput
32.0,ns_13,relay,BS_2,ns_12,1,550.0,550.0,proposed_optimal_dkmcs,throughput
32.0,we_17,relay,BS_2,ew_11,1,550.0,550.0,proposed_optimal_dkmcs,throughput
32.0,sn_3,relay,BS_1,sn_1,1,550.0,550.0,proposed_optimal_dkmcs,throughput
32.0,we_9,relay,BS_2,ew_18,1,550.0,550.0,proposed_optimal_dkmcs,throughput
32.0,ew_16,relay,BS_2,ew_18,1,550.0,550.0,proposed_optimal_dkmcs,throughput
32.0,wn_4,relay,BS_2,wn_5,1,550.0,550.0,proposed_optimal_dkmcs,throughput
32.0,sn_8,relay,BS_2,sn_10,1,550.0,550.0,proposed_optimal_dkmcs,throughput
32.0,sn_11,relay,BS_2,sn_10,1,550.0,550.0,proposed_optimal_dkmcs,throughput
32.0,ns_19,relay,BS_2,wn_5,1,550.0,550.0,proposed_optimal_dkmcs,throughput
32.0,ew_12,relay,BS_2,ew_15,1,550.0,550.0,proposed_optimal_dkmcs,throughput
32.0,se_6,relay,BS_2,ns_12,1,550.0,550.0,proposed_optimal_dkmcs,throughput
32.0,ew_15,relay,BS_2,ew_13,1,550.0,550.0,proposed_optimal_dkmcs,throughput
32.0,sn_10,relay,BS_1,wn_2,1,330.0,440.00000000000006,proposed_optimal_dkmcs,throughput
32.0,wn_9,relay,BS_2,ew_11,1,550.0,550.0,proposed_optimal_dkmcs,throughput
32.0,sn_15,relay,BS_2,wn_5,1,550.0,550.0,proposed_optimal_dkmcs,throughput
32.0,ew_18,relay,BS_3,se_3,1,330.0,440.00000000000006,proposed_optimal_dkmcs,throughput
32.0,we_11,relay,BS_2,ew_18,1,550.0,550.0,proposed_optimal_dkmcs,throughput
32.0,sn_4,relay,BS_1,sn_7,1,550.0,550.0,proposed_optimal_dkmcs,throughput
32.0,ns_16,relay,BS_2,wn_5,1,550.0,550.0,proposed_optimal_dkmcs,throughput
32.0,sn_6,relay,BS_1,sn_7,1,550.0,550.0,proposed_optimal_dkmcs,throughput
32.0,sn_0,relay,BS_1,sn_1,1,550.0,550.0,proposed_optimal_dkmcs,throughput
32.0,ns_9,relay,BS_2,ns_10,1,550.0,550.0,proposed_optimal_dkmcs,throughput
32.0,ns_15,relay,BS_2,ns_12,1,550.0,550.0,proposed_optimal_dkmcs,throughput
32.0,ns_4,relay,BS_3,ns_6,1,550.0,550.0,proposed_optimal_dkmcs,throughput
32.0,ns_8,relay,BS_2,ns_10,1,550.0,550.0,proposed_optimal_dkmcs,throughput
32.0,ew_2,relay,BS_2,ew_5,1,440.00000000000006,550.0,proposed_optimal_dkmcs,throughput
32.0,we_15,relay,BS_2,ew_15,1,550.0,550.0,proposed_optimal_dkmcs,throughput
32.0,wn_1,relay,BS_2,sn_10,1,550.0,550.0,proposed_optimal_dkmcs,throughput
32.0,we_4,relay,BS_3,we_6,1,550.0,550.0,proposed_optimal_dkmcs,throughput
32.0,ew_14,relay,BS_2,ew_15,1,550.0,550.0,proposed_optimal_dkmcs,throughput
32.0,sn_12,relay,BS_2,wn_5,1,550.0,550.0,proposed_optimal_dkmcs,throughput
32.0,we_13,relay,BS_2,ew_15,1,550.0,550.0,proposed_optimal_dkmcs,throughput
32.0,sn_9,relay,BS_2,sn_10,1,550.0,550.0,proposed_optimal_dkmcs,throughput
32.0,se_5,relay,BS_3,se_3,1,330.0,440.00000000000006,proposed_optimal_dkmcs,throughput
32.0,wn_6,relay,BS_2,ew_15,1,550.0,550.0,proposed_optimal_dkmcs,throughput
32.0,se_0,relay,BS_2,we_9,1,550.0,550.0,proposed_optimal_dkmcs,throughput
32.0,wn_0,relay,BS_2,sn_10,1,550.0,550.0,proposed_optimal_dkmcs,throughput
32.0,ew_19,relay,BS_2,ew_18,1,550.0,550.0,proposed_optimal_dkmcs,throughput
32.0,we_12,relay,BS_2,ew_15,1,550.0,550.0,proposed_optimal_dkmcs,throughput
32.0,we_6,direct,BS_1,-1,1,550.0,550.0,proposed_optimal_dkmcs,throughput
32.0,we_19,relay,BS_2,ew_11,1,550.0,550.0,proposed_optimal_dkmcs,throughput
32.0,ns_1,relay,BS_3,ns_3,1,550.0,550.0,proposed_optimal_dkmcs,throughput
32.0,we_2,relay,BS_3,we_1,1,550.0,550.0,proposed_optimal_dkmcs,throughput
33.0,we_16,relay,BS_2,we_17,1,550.0,550.0,proposed_optimal_dkmcs,throughput
33.0,se_7,relay,BS_2,se_6,1,550.0,550.0,proposed_optimal_dkmcs,throughput
33.0,sn_5,relay,BS_1,sn_6,1,550.0,550.0,proposed_optimal_dkmcs,throughput
33.0,ew_6,relay,BS_2,ew_4,1,550.0,550.0,proposed_optimal_dkmcs,throughput
33.0,ew_9,relay,BS_2,wn_9,1,550.0,550.0,proposed_optimal_dkmcs,throughput
33.0,se_9,relay,BS_2,sn_19,1,550.0,550.0,proposed_optimal_dkmcs,throughput
33.0,sn_19,relay,BS_3,sn_16,1,330.0,440.00000000000006,proposed_optimal_dkmcs,throughput
33.0,we_8,relay,BS_2,se_1,1,550.0,550.0,proposed_optimal_dkmcs,throughput
33.0,we_14,relay,BS_2,ew_17,1,550.0,550.0,proposed_optimal_dkmcs,throughput
33.0,ew_11,relay,BS_2,wn_9,1,550.0,550.0,proposed_optimal_dkmcs,throughput
33.0,sn_16,relay,BS_2,se_6,1,550.0,550.0,proposed_optimal_dkmcs,throughput
33.0,ns_17,relay,BS_2,wn_6,1,550.0,550.0,proposed_optimal_dkmcs,throughput
33.0,sn_17,relay,BS_2,sn_19,1,550.0,550.0,proposed_optimal_dkmcs,throughput
33.0,se_4,relay,BS_2,ew_17,1,550.0,550.0,proposed_optimal_dkmcs,throughput
33.0,we_10,relay,BS_2,se_1,1,550.0,550.0,proposed_optimal_dkmcs,throughput
33.0,wn_3,relay,BS_2,sn_14,1,550.0,550.0,proposed_optimal_dkmcs,throughput
33.0,ns_6,relay,BS_3,ns_5,1,550.0,550.0,proposed_optimal_dkmcs,throughput
33.0,se_2,relay,BS_2,se_1,1,550.0,550.0,proposed_optimal_dkmcs,throughput
33.0,ew_0,relay,BS_2,ew_4,1,440.00000000000006,550.0,proposed_optimal_dkmcs,throughput
33.0,ew_3,relay,BS_2,ew_0,1,550.0,550.0,proposed_optimal_dkmcs,throughput
33.0,ew_4,relay,BS_2,ew_0,1,440.00000000000006,550.0,proposed_optimal_dkmcs,throughput
33.0,ew_13,relay,BS_2,we_17,1,550.0,550.0,proposed_optimal_dkmcs,throughput
33.0,sn_18,relay,BS_2,sn_19,1,550.0,550.0,proposed_optimal_dkmcs,throughput
33.0,ew_17,direct,BS_1,-1,1,330.0,440.00000000000006,proposed_optimal_dkmcs,throughput
33.0,wn_8,relay,BS_2,se_6,1,550.0,550.0,proposed_optimal_dkmcs,throughput
33.0,ew_8,relay,BS_2,wn_9,1,550.0,550.0,proposed_optimal_dkmcs,throughput
33.0,sn_14,relay,BS_1,sn_13,1,330.0,440.00000000000006,proposed_optimal_dkmcs,throughput
33.0,ns_11,relay,BS_3,ns_10,1,330.0,440.00000000000006,proposed_optimal_dkmcs,throughput
33.0,we_5,relay,BS_3,we_4,1,550.0,550.0,proposed_optimal_dkmcs,throughput
33.0,sn_2,direct,BS_1,-1,1,550.0,550.0,proposed_optimal_dkmcs,throughput
33.0,ns_3,direct,BS_3,-1,1,550.0,550.0,proposed_optimal_dkmcs,throughput
33.0,sn_7,relay,BS_1,sn_6,1,550.0,550.0,proposed_optimal_dkmcs,throughput
33.0,ew_5,relay,BS_2,ew_4,1,550.0,550.0,proposed_optimal_dkmcs,throughput
33.0,sn_1,relay,BS_1,sn_2,1,550.0,550.0,proposed_optimal_dkmcs,throughput
33.0,wn_2,relay,BS_1,sn_10,1,440.00000000000006,550.0,proposed_optimal_dkmcs,throughput
33.0,ns_14,relay,BS_2,sn_19,1,550.0,550.0,proposed_optimal_dkmcs,throughput
33.0,we_7,relay,BS_3,we_4,1,550.0,550.0,proposed_optimal_dkmcs,throughput
33.0,we_1,direct,BS_1,-1,1,550.0,550.0,proposed_optimal_dkmcs,throughput
33.0,ns_5,relay,BS_3,ns_6,1,550.0,550.0,proposed_optimal_dkmcs,throughput
33.0,we_0,relay,BS_3,we_1,1,550.0,550.0,proposed_optimal_dkmcs,throughput
33.0,ew_7,relay,BS_2,ew_4,1,550.0,550.0,proposed_optimal_dkmcs,throughput
33.0,ns_18,relay,BS_2,wn_6,1,550.0,550.0,proposed_optimal_dkmcs,throughput
33.0,ns_0,relay,BS_3,ns_3,1,550.0,550.0,proposed_optimal_dkmcs,throughput
33.0,we_18,relay,BS_2,we_17,1,550.0,550.0,proposed_optimal_dkmcs,throughput
33.0,sn_13,relay,BS_2,sn_14,1,550.0,550.0,proposed_optimal_dkmcs,throughput
33.0,se_3,relay,BS_2,ew_17,1,550.0,550.0,proposed_optimal_dkmcs,throughput
33.0,se_1,direct,BS_1,-1,1,440.00000000000006,550.0,proposed_optimal_dkmcs,throughput
33.0,se_8,relay,BS_2,se_6,1,550.0,550.0,proposed_optimal_dkmcs,throughput
33.0,ew_10,relay,BS_2,wn_9,1,550.0,550.0,proposed_optimal_dkmcs,throughput
33.0,ns_2,relay,BS_3,ns_3,1,550.0,550.0,proposed_optimal_dkmcs,throughput
33.0,wn_7,relay,BS_2,se_6,1,550.0,550.0,proposed_optimal_dkmcs,throughput
33.0,ns_12,relay,BS_2,sn_19,1,550.0,550.0,proposed_optimal_dkmcs,throughput
33.0,ew_1,relay,BS_2,ew_0,1,550.0,550.0,proposed_optimal_dkmcs,throughput
33.0,we_3,relay,BS_3,we_1,1,550.0,550.0,proposed_optimal_dkmcs,throughput
33.0,ns_7,relay,BS_3,ns_5,1,550.0,550.0,proposed_optimal_dkmcs,throughput
33.0,ns_10,relay,BS_3,ns_9,1,330.0,440.00000000000006,proposed_optimal_dkmcs,throughput
33.0,wn_5,relay,BS_2,sn_14,1,550.0,550.0,proposed_optimal_dkmcs,throughput
33.0,ns_13,relay,BS_2,sn_19,1,550.0,550.0,proposed_optimal_dkmcs,throughput
33.0,we_17,relay,BS_3,ew_12,1,330.0,440.00000000000006,proposed_optimal_dkmcs,throughput
33.0,sn_3,relay,BS_1,sn_2,1,550.0,550.0,proposed_optimal_dkmcs,throughput
33.0,we_9,relay,BS_2,se_1,1,550.0,550.0,proposed_optimal_dkmcs,throughput
33.0,ew_16,relay,BS_2,ew_17,1,550.0,550.0,proposed_optimal_dkmcs,throughput
33.0,wn_4,relay,BS_2,sn_14,1,550.0,550.0,proposed_optimal_dkmcs,throughput
33.0,sn_8,relay,BS_1,sn_9,1,440.00000000000006,550.0,proposed_optimal_dkmcs,throughput
33.0,sn_11,relay,BS_1,sn_10,1,440.00000000000006,550.0,proposed_optimal_dkmcs,throughput
33.0,ns_19,relay,BS_2,sn_14,1,550.0,550.0,proposed_optimal_dkmcs,throughput
33.0,ew_12,relay,BS_2,we_17,1,550.0,550.0,proposed_optimal_dkmcs,throughput
33.0,se_6,relay,BS_2,wn_6,1,550.0,550.0,proposed_optimal_dkmcs,throughput
33.0,ew_15,relay,BS_2,we_17,1,550.0,550.0,proposed_optimal_dkmcs,throughput
33.0,sn_10,relay,BS_1,sn_9,1,440.00000000000006,550.0,proposed_optimal_dkmcs,throughput
33.0,wn_9,relay,BS_2,we_17,1,550.0,550.0,proposed_optimal_dkmcs,throughput
33.0,sn_15,relay,BS_2,sn_14,1,550.0,550.0,proposed_optimal_dkmcs,throughput
33.0,ew_18,relay,BS_2,ew_17,1,550.0,550.0,proposed_optimal_dkmcs,throughput
33.0,we_11,relay,BS_2,se_1,1,550.0,550.0,proposed_optimal_dkmcs,throughput
33.0,sn_4,relay,BS_1,sn_6,1,550.0,550.0,proposed_optimal_dkmcs,throughput
33.0,ns_16,relay,BS_2,wn_6,1,550.0,550.0,proposed_optimal_dkmcs,throughput
33.0,sn_6,direct,BS_1,-1,1,550.0,550.0,proposed_optimal_dkmcs,throughput
33.0,sn_0,relay,BS_1,sn_2,1,550.0,550.0,proposed_optimal_dkmcs,throughput
33.0,ns_9,relay,BS_3,ns_6,1,440.00000000000006,550.0,proposed_optimal_dkmcs,throughput
33.0,ns_15,relay,BS_2,sn_19,1,550.0,550.0,proposed_optimal_dkmcs,throughput
33.0,ns_4,relay,BS_3,ns_5,1,550.0,550.0,proposed_optimal_dkmcs,throughput
33.0,ns_8,relay,BS_3,ns_9,1,330.0,440.00000000000006,proposed_optimal_dkmcs,throughput
33.0,ew_2,relay,BS_2,ew_0,1,550.0,550.0,proposed_optimal_dkmcs,throughput
33.0,we_15,relay,BS_2,ew_17,1,550.0,550.0,proposed_optimal_dkmcs,throughput
33.0,wn_1,relay,BS_1,sn_9,1,440.00000000000006,550.0,proposed_optimal_dkmcs,throughput
33.0,we_4,relay,BS_2,se_1,1,550.0,550.0,proposed_optimal_dkmcs,throughput
33.0,ew_14,relay,BS_2,we_17,1,550.0,550.0,proposed_optimal_dkmcs,throughput
33.0,sn_12,relay,BS_2,sn_14,1,550.0,550.0,proposed_optimal_dkmcs,throughput
33.0,we_13,relay,BS_2,ew_17,1,550.0,550.0,proposed_optimal_dkmcs,throughput
33.0,sn_9,relay,BS_1,sn_10,1,440.00000000000006,550.0,proposed_optimal_dkmcs,throughput
33.0,se_5,relay,BS_2,ew_17,1,550.0,550.0,proposed_optimal_dkmcs,throughput
33.0,wn_6,relay,BS_2,se_6,1,550.0,550.0,proposed_optimal_dkmcs,throughput
33.0,se_0,relay,BS_2,se_1,1,550.0,550.0,proposed_optimal_dkmcs,throughput
33.0,wn_0,relay,BS_1,sn_9,1,440.00000000000006,550.0,proposed_optimal_dkmcs,throughput
33.0,ew_19,relay,BS_2,ew_17,1,550.0,550.0,proposed_optimal_dkmcs,throughput
33.0,we_12,relay,BS_2,ew_17,1,550.0,550.0,proposed_optimal_dkmcs,throughput
33.0,we_6,relay,BS_3,we_4,1,550.0,550.0,proposed_optimal_dkmcs,throughput
33.0,we_19,relay,BS_2,we_17,1,550.0,550.0,proposed_optimal_dkmcs,throughput
33.0,ns_1,relay,BS_3,ns_3,1,550.0,550.0,proposed_optimal_dkmcs,throughput
33.0,we_2,relay,BS_3,we_1,1,550.0,550.0,proposed_optimal_dkmcs,throughput
34.0,we_16,relay,BS_2,ns_17,1,550.0,550.0,proposed_optimal_dkmcs,throughput
34.0,se_7,relay,BS_2,ew_16,1,550.0,550.0,proposed_optimal_dkmcs,throughput
34.0,sn_5,relay,BS_1,sn_7,1,550.0,550.0,proposed_optimal_dkmcs,throughput
34.0,ew_6,relay,BS_2,ew_0,1,440.00000000000006,550.0,proposed_optimal_dkmcs,throughput
34.0,ew_9,relay,BS_2,ew_6,1,440.00000000000006,550.0,proposed_optimal_dkmcs,throughput
34.0,se_9,relay,BS_2,ns_13,1,550.0,550.0,proposed_optimal_dkmcs,throughput
34.0,sn_19,relay,BS_2,ns_17,1,550.0,550.0,proposed_optimal_dkmcs,throughput
34.0,we_8,relay,BS_1,se_2,1,550.0,550.0,proposed_optimal_dkmcs,throughput
34.0,we_14,relay,BS_2,we_13,1,550.0,550.0,proposed_optimal_dkmcs,throughput
34.0,ew_11,relay,BS_2,ew_9,1,550.0,550.0,proposed_optimal_dkmcs,throughput
34.0,sn_16,relay,BS_2,sn_17,1,550.0,550.0,proposed_optimal_dkmcs,throughput
34.0,ns_17,relay,BS_1,we_16,1,330.0,440.00000000000006,proposed_optimal_dkmcs,throughput
34.0,sn_17,relay,BS_2,ns_17,1,550.0,550.0,proposed_optimal_dkmcs,throughput
34.0,se_4,relay,BS_2,we_13,1,550.0,550.0,proposed_optimal_dkmcs,throughput
34.0,we_10,relay,BS_1,se_2,1,550.0,550.0,proposed_optimal_dkmcs,throughput
34.0,wn_3,relay,BS_2,sn_13,1,550.0,550.0,proposed_optimal_dkmcs,throughput
34.0,ns_6,relay,BS_3,ns_5,1,550.0,550.0,proposed_optimal_dkmcs,throughput
34.0,se_2,relay,BS_3,se_0,1,550.0,550.0,proposed_optimal_dkmcs,throughput
34.0,ew_0,relay,BS_2,ew_6,1,440.00000000000006,550.0,proposed_optimal_dkmcs,throughput
34.0,ew_3,relay,BS_2,ew_0,1,550.0,550.0,proposed_optimal_dkmcs,throughput
34.0,ew_4,relay,BS_2,ew_6,1,550.0,550.0,proposed_optimal_dkmcs,throughput
34.0,ew_13,relay,BS_2,we_19,1,550.0,550.0,proposed_optimal_dkmcs,throughput
34.0,sn_18,relay,BS_2,ns_17,1,550.0,550.0,proposed_optimal_dkmcs,throughput
34.0,ew_17,relay,BS_2,ew_16,1,550.0,550.0,proposed_optimal_dkmcs,throughput
34.0,wn_8,relay,BS_2,sn_17,1,550.0,550.0,proposed_optimal_dkmcs,throughput
34.0,ew_8,relay,BS_2,ew_9,1,550.0,550.0,proposed_optimal_dkmcs,throughput
34.0,sn_14,relay,BS_2,sn_13,1,550.0,550.0,proposed_optimal_dkmcs,throughput
34.0,ns_11,relay,BS_2,ns_13,1,440.00000000000006,550.0,proposed_optimal_dkmcs,throughput
34.0,we_5,relay,BS_3,we_6,1,550.0,550.0,proposed_optimal_dkmcs,throughput
34.0,sn_2,relay,BS_1,sn_0,1,550.0,550.0,proposed_optimal_dkmcs,throughput
34.0,ns_3,relay,BS_3,ns_0,1,550.0,550.0,proposed_optimal_dkmcs,throughput
34.0,sn_7,relay,BS_1,sn_5,1,550.0,550.0,proposed_optimal_dkmcs,throughput
34.0,ew_5,relay,BS_2,ew_6,1,550.0,550.0,proposed_optimal_dkmcs,throughput
34.0,sn_1,relay,BS_1,sn_0,1,550.0,550.0,proposed_optimal_dkmcs,throughput
34.0,wn_2,relay,BS_1,sn_10,1,550.0,550.0,proposed_optimal_dkmcs,throughput
34.0,ns_14,relay,BS_2,ns_13,1,550.0,550.0,proposed_optimal_dkmcs,throughput
34.0,we_7,relay,BS_3,we_4,1,550.0,550.0,proposed_optimal_dkmcs,throughput
34.0,we_1,relay,BS_3,we_3,1,550.0,550.0,proposed_optimal_dkmcs,throughput
34.0,ns_5,relay,BS_3,ns_6,1,550.0,550.0,proposed_optimal_dkmcs,throughput
34.0,we_0,relay,BS_3,we_1,1,550.0,550.0,proposed_optimal_dkmcs,throughput
34.0,ew_7,relay,BS_2,ew_6,1,550.0,550.0,proposed_optimal_dkmcs,throughput
34.0,ns_18,relay,BS_2,ns_17,1,550.0,550.0,proposed_optimal_dkmcs,throughput
34.0,ns_0,relay,BS_3,ns_3,1,550.0,550.0,proposed_optimal_dkmcs,throughput
34.0,we_18,relay,BS_2,we_19,1,550.0,550.0,proposed_optimal_dkmcs,throughput
34.0,sn_13,relay,BS_1,sn_14,1,330.0,440.00000000000006,proposed_optimal_dkmcs,throughput
34.0,se_3,relay,BS_2,we_13,1,550.0,550.0,proposed_optimal_dkmcs,throughput
34.0,se_1,relay,BS_3,se_0,1,550.0,550.0,proposed_optimal_dkmcs,throughput
34.0,se_8,relay,BS_2,ew_16,1,550.0,550.0,proposed_optimal_dkmcs,throughput
34.0,ew_10,relay,BS_2,ew_9,1,550.0,550.0,proposed_optimal_dkmcs,throughput
34.0,ns_2,relay,BS_3,ns_3,1,550.0,550.0,proposed_optimal_dkmcs,throughput
34.0,wn_7,relay,BS_2,sn_17,1,550.0,550.0,proposed_optimal_dkmcs,throughput
34.0,ns_12,relay,BS_2,ns_13,1,550.0,550.0,proposed_optimal_dkmcs,throughput
34.0,ew_1,relay,BS_2,ew_0,1,550.0,550.0,proposed_optimal_dkmcs,throughput
34.0,we_3,relay,BS_3,we_1,1,550.0,550.0,proposed_optimal_dkmcs,throughput
34.0,ns_7,relay,BS_3,ns_5,1,550.0,550.0,proposed_optimal_dkmcs,throughput
34.0,ns_10,relay,BS_2,ns_13,1,440.00000000000006,550.0,proposed_optimal_dkmcs,throughput
34.0,wn_5,relay,BS_2,sn_13,1,550.0,550.0,proposed_optimal_dkmcs,throughput
34.0,ns_13,relay,BS_1,we_16,1,330.0,440.00000000000006,proposed_optimal_dkmcs,throughput
34.0,we_17,relay,BS_2,ns_17,1,550.0,550.0,proposed_optimal_dkmcs,throughput
34.0,sn_3,relay,BS_1,sn_0,1,550.0,550.0,proposed_optimal_dkmcs,throughput
34.0,we_9,relay,BS_1,se_2,1,550.0,550.0,proposed_optimal_dkmcs,throughput
34.0,ew_16,relay,BS_3,se_7,1,330.0,440.00000000000006,proposed_optimal_dkmcs,throughput
34.0,wn_4,relay,BS_2,sn_13,1,550.0,550.0,proposed_optimal_dkmcs,throughput
34.0,sn_8,relay,BS_1,sn_10,1,550.0,550.0,proposed_optimal_dkmcs,throughput
34.0,sn_11,relay,BS_1,wn_1,1,550.0,550.0,proposed_optimal_dkmcs,throughput
34.0,ns_19,relay,BS_2,sn_17,1,550.0,550.0,proposed_optimal_dkmcs,throughput
34.0,ew_12,relay,BS_2,we_19,1,550.0,550.0,proposed_optimal_dkmcs,throughput
34.0,se_6,relay,BS_2,ew_16,1,550.0,550.0,proposed_optimal_dkmcs,throughput
34.0,ew_15,relay,BS_2,we_19,1,550.0,550.0,proposed_optimal_dkmcs,throughput
34.0,sn_10,relay,BS_1,wn_1,1,550.0,550.0,proposed_optimal_dkmcs,throughput
34.0,wn_9,relay,BS_2,we_19,1,550.0,550.0,proposed_optimal_dkmcs,throughput
34.0,sn_15,relay,BS_2,sn_13,1,550.0,550.0,proposed_optimal_dkmcs,throughput
34.0,ew_18,relay,BS_2,ew_16,1,550.0,550.0,proposed_optimal_dkmcs,throughput
34.0,we_11,relay,BS_1,se_2,1,550.0,550.0,proposed_optimal_dkmcs,throughput
34.0,sn_4,relay,BS_1,sn_5,1,550.0,550.0,proposed_optimal_dkmcs,throughput
34.0,ns_16,relay,BS_2,ns_17,1,550.0,550.0,proposed_optimal_dkmcs,throughput
34.0,sn_6,relay,BS_1,sn_5,1,550.0,550.0,proposed_optimal_dkmcs,throughput
34.0,sn_0,relay,BS_1,sn_2,1,550.0,550.0,proposed_optimal_dkmcs,throughput
34.0,ns_9,relay,BS_2,ns_13,1,440.00000000000006,550.0,proposed_optimal_dkmcs,throughput
34.0,ns_15,relay,BS_2,ns_13,1,550.0,550.0,proposed_optimal_dkmcs,throughput
34.0,ns_4,relay,BS_3,ns_6,1,550.0,550.0,proposed_optimal_dkmcs,throughput
34.0,ns_8,relay,BS_2,ns_13,1,440.00000000000006,550.0,proposed_optimal_dkmcs,throughput
34.0,ew_2,relay,BS_2,ew_0,1,550.0,550.0,proposed_optimal_dkmcs,throughput
34.0,we_15,relay,BS_2,we_13,1,550.0,550.0,proposed_optimal_dkmcs,throughput
34.0,wn_1,relay,BS_1,sn_10,1,550.0,550.0,proposed_optimal_dkmcs,throughput
34.0,we_4,relay,BS_3,we_6,1,550.0,550.0,proposed_optimal_dkmcs,throughput
34.0,ew_14,relay,BS_2,we_19,1,550.0,550.0,proposed_optimal_dkmcs,throughput
34.0,sn_12,relay,BS_2,sn_13,1,550.0,550.0,proposed_optimal_dkmcs,throughput
34.0,we_13,relay,BS_1,we_14,1,330.0,440.00000000000006,proposed_optimal_dkmcs,throughput
34.0,sn_9,relay,BS_1,sn_10,1,550.0,550.0,proposed_optimal_dkmcs,throughput
34.0,se_5,relay,BS_2,we_13,1,550.0,550.0,proposed_optimal_dkmcs,throughput
34.0,wn_6,relay,BS_2,sn_17,1,550.0,550.0,proposed_optimal_dkmcs,throughput
34.0,se_0,relay,BS_1,se_2,1,550.0,550.0,proposed_optimal_dkmcs,throughput
34.0,wn_0,relay,BS_1,wn_1,1,550.0,550.0,proposed_optimal_dkmcs,throughput
34.0,ew_19,relay,BS_2,ew_16,1,550.0,550.0,proposed_optimal_dkmcs,throughput
34.0,we_12,relay,BS_2,we_13,1,550.0,550.0,proposed_optimal_dkmcs,throughput
34.0,we_6,relay,BS_3,we_4,1,550.0,550.0,proposed_optimal_dkmcs,throughput
34.0,we_19,relay,BS_2,ns_17,1,550.0,550.0,proposed_optimal_dkmcs,throughput
34.0,ns_1,relay,BS_3,ns_0,1,550.0,550.0,proposed_optimal_dkmcs,throughput
34.0,we_2,relay,BS_3,we_3,1,550.0,550.0,proposed_optimal_dkmcs,throughput
35.0,we_16,relay,BS_2,we_18,1,550.0,550.0,proposed_optimal_dkmcs,throughput
35.0,se_7,relay,BS_2,we_18,1,550.0,550.0,proposed_optimal_dkmcs,throughput
35.0,sn_5,relay,BS_1,sn_7,1,550.0,550.0,proposed_optimal_dkmcs,throughput
35.0,ew_6,relay,BS_2,ew_7,1,550.0,550.0,proposed_optimal_dkmcs,throughput
35.0,ew_9,relay,BS_2,ew_10,1,550.0,550.0,proposed_optimal_dkmcs,throughput
35.0,se_9,relay,BS_2,we_19,1,550.0,550.0,proposed_optimal_dkmcs,throughput
35.0,sn_19,relay,BS_2,sn_18,1,550.0,550.0,proposed_optimal_dkmcs,throughput
35.0,we_8,relay,BS_3,se_2,1,550.0,550.0,proposed_optimal_dkmcs,throughput
35.0,we_14,relay,BS_2,se_4,1,550.0,550.0,proposed_optimal_dkmcs,throughput
35.0,ew_11,relay,BS_2,ew_10,1,550.0,550.0,proposed_optimal_dkmcs,throughput
35.0,sn_16,relay,BS_2,sn_18,1,550.0,550.0,proposed_optimal_dkmcs,throughput
35.0,ns_17,relay,BS_2,we_19,1,550.0,550.0,proposed_optimal_dkmcs,throughput
35.0,sn_17,relay,BS_2,sn_18,1,550.0,550.0,proposed_optimal_dkmcs,throughput
35.0,se_4,relay,BS_3,we_14,1,330.0,440.00000000000006,proposed_optimal_dkmcs,throughput
35.0,we_10,relay,BS_3,se_2,1,550.0,550.0,proposed_optimal_dkmcs,throughput
35.0,wn_3,relay,BS_2,sn_14,1,550.0,550.0,proposed_optimal_dkmcs,throughput
35.0,ns_6,relay,BS_3,ns_5,1,550.0,550.0,proposed_optimal_dkmcs,throughput
35.0,se_2,relay,BS_3,we_10,1,550.0,550.0,proposed_optimal_dkmcs,throughput
35.0,ew_0,relay,BS_2,ew_2,1,550.0,550.0,proposed_optimal_dkmcs,throughput
35.0,ew_3,relay,BS_2,ew_2,1,550.0,550.0,proposed_optimal_dkmcs,throughput
35.0,ew_4,relay,BS_2,ew_7,1,550.0,550.0,proposed_optimal_dkmcs,throughput
35.0,ew_13,relay,BS_2,ew_12,1,550.0,550.0,proposed_optimal_dkmcs,throughput
35.0,sn_18,relay,BS_1,wn_8,1,330.0,440.00000000000006,proposed_optimal_dkmcs,throughput
35.0,ew_17,relay,BS_2,we_19,1,550.0,550.0,proposed_optimal_dkmcs,throughput
35.0,wn_8,relay,BS_2,sn_18,1,550.0,550.0,proposed_optimal_dkmcs,throughput
35.0,ew_8,relay,BS_2,ew_10,1,550.0,550.0,proposed_optimal_dkmcs,throughput
35.0,sn_14,relay,BS_1,wn_4,1,330.0,440.00000000000006,proposed_optimal_dkmcs,throughput
35.0,ns_11,relay,BS_3,ns_8,1,550.0,550.0,proposed_optimal_dkmcs,throughput
35.0,we_5,relay,BS_1,we_6,1,550.0,550.0,proposed_optimal_dkmcs,throughput
35.0,sn_2,relay,BS_1,sn_3,1,550.0,550.0,proposed_optimal_dkmcs,throughput
35.0,ns_3,relay,BS_3,ns_0,1,550.0,550.0,proposed_optimal_dkmcs,throughput
35.0,sn_7,relay,BS_1,sn_5,1,550.0,550.0,proposed_optimal_dkmcs,throughput
35.0,ew_5,relay,BS_2,ew_7,1,550.0,550.0,proposed_optimal_dkmcs,throughput
35.0,sn_1,relay,BS_1,sn_3,1,550.0,550.0,proposed_optimal_dkmcs,throughput
35.0,wn_2,relay,BS_1,sn_11,1,550.0,550.0,proposed_optimal_dkmcs,throughput
35.0,ns_14,relay,BS_2,ns_12,1,550.0,550.0,proposed_optimal_dkmcs,throughput
35.0,we_7,relay,BS_1,we_6,1,550.0,550.0,proposed_optimal_dkmcs,throughput
35.0,we_1,relay,BS_3,we_0,1,550.0,550.0,proposed_optimal_dkmcs,throughput
35.0,ns_5,relay,BS_3,ns_4,1,550.0,550.0,proposed_optimal_dkmcs,throughput
35.0,we_0,relay,BS_1,we_7,1,440.00000000000006,550.0,proposed_optimal_dkmcs,throughput
35.0,ew_7,relay,BS_2,ew_2,1,440.00000000000006,550.0,proposed_optimal_dkmcs,throughput
35.0,ns_18,relay,BS_2,we_19,1,550.0,550.0,proposed_optimal_dkmcs,throughput
35.0,ns_0,relay,BS_3,ns_5,1,440.00000000000006,550.0,proposed_optimal_dkmcs,throughput
35.0,we_18,relay,BS_2,we_19,1,550.0,550.0,proposed_optimal_dkmcs,throughput
35.0,sn_13,relay,BS_2,sn_14,1,550.0,550.0,proposed_optimal_dkmcs,throughput
35.0,se_3,relay,BS_2,se_4,1,550.0,550.0,proposed_optimal_dkmcs,throughput
35.0,se_1,relay,BS_3,we_10,1,550.0,550.0,proposed_optimal_dkmcs,throughput
35.0,se_8,relay,BS_2,we_18,1,550.0,550.0,proposed_optimal_dkmcs,throughput
35.0,ew_10,relay,BS_2,ew_12,1,440.00000000000006,550.0,proposed_optimal_dkmcs,throughput
35.0,ns_2,relay,BS_3,ns_0,1,550.0,550.0,proposed_optimal_dkmcs,throughput
35.0,wn_7,relay,BS_2,sn_18,1,550.0,550.0,proposed_optimal_dkmcs,throughput
35.0,ns_12,relay,BS_3,ns_10,1,440.00000000000006,550.0,proposed_optimal_dkmcs,throughput
35.0,ew_1,relay,BS_2,ew_2,1,550.0,550.0,proposed_optimal_dkmcs,throughput
35.0,we_3,relay,BS_3,we_0,1,550.0,550.0,proposed_optimal_dkmcs,throughput
35.0,ns_7,relay,BS_3,ns_4,1,550.0,550.0,proposed_optimal_dkmcs,throughput
35.0,ns_10,relay,BS_3,ns_8,1,550.0,550.0,proposed_optimal_dkmcs,throughput
35.0,wn_5,relay,BS_2,sn_14,1,550.0,550.0,proposed_optimal_dkmcs,throughput
35.0,ns_13,relay,BS_2,ns_12,1,550.0,550.0,proposed_optimal_dkmcs,throughput
35.0,we_17,relay,BS_2,we_19,1,550.0,550.0,proposed_optimal_dkmcs,throughput
35.0,sn_3,relay,BS_1,sn_1,1,550.0,550.0,proposed_optimal_dkmcs,throughput
35.0,we_9,relay,BS_3,se_2,1,550.0,550.0,proposed_optimal_dkmcs,throughput
35.0,ew_16,relay,BS_2,we_19,1,550.0,550.0,proposed_optimal_dkmcs,throughput
35.0,wn_4,relay,BS_2,sn_14,1,550.0,550.0,proposed_optimal_dkmcs,throughput
35.0,sn_8,relay,BS_1,sn_11,1,550.0,550.0,proposed_optimal_dkmcs,throughput
35.0,sn_11,relay,BS_1,sn_8,1,550.0,550.0,proposed_optimal_dkmcs,throughput
35.0,ns_19,relay,BS_2,we_19,1,550.0,550.0,proposed_optimal_dkmcs,throughput
35.0,ew_12,relay,BS_3,ns_19,1,330.0,440.00000000000006,proposed_optimal_dkmcs,throughput
35.0,se_6,relay,BS_2,we_18,1,550.0,550.0,proposed_optimal_dkmcs,throughput
35.0,ew_15,relay,BS_2,ew_12,1,550.0,550.0,proposed_optimal_dkmcs,throughput
35.0,sn_10,relay,BS_1,sn_11,1,550.0,550.0,proposed_optimal_dkmcs,throughput
35.0,wn_9,relay,BS_3,ns_19,1,330.0,440.00000000000006,proposed_optimal_dkmcs,throughput
35.0,sn_15,relay,BS_2,sn_14,1,550.0,550.0,proposed_optimal_dkmcs,throughput
35.0,ew_18,relay,BS_2,we_19,1,550.0,550.0,proposed_optimal_dkmcs,throughput
35.0,we_11,relay,BS_3,we_10,1,550.0,550.0,proposed_optimal_dkmcs,throughput
35.0,sn_4,relay,BS_1,sn_7,1,550.0,550.0,proposed_optimal_dkmcs,throughput
35.0,ns_16,relay,BS_2,we_19,1,550.0,550.0,proposed_optimal_dkmcs,throughput
35.0,sn_6,relay,BS_1,sn_7,1,550.0,550.0,proposed_optimal_dkmcs,throughput
35.0,sn_0,relay,BS_1,sn_1,1,550.0,550.0,proposed_optimal_dkmcs,throughput
35.0,ns_9,relay,BS_3,ns_8,1,550.0,550.0,proposed_optimal_dkmcs,throughput
35.0,ns_15,relay,BS_2,ns_12,1,550.0,550.0,proposed_optimal_dkmcs,throughput
35.0,ns_4,relay,BS_3,ns_5,1,550.0,550.0,proposed_optimal_dkmcs,throughput
35.0,ns_8,relay,BS_3,ns_10,1,550.0,550.0,proposed_optimal_dkmcs,throughput
35.0,ew_2,relay,BS_2,ew_7,1,440.00000000000006,550.0,proposed_optimal_dkmcs,throughput
35.0,we_15,relay,BS_2,se_4,1,550.0,550.0,proposed_optimal_dkmcs,throughput
35.0,wn_1,relay,BS_1,sn_11,1,550.0,550.0,proposed_optimal_dkmcs,throughput
35.0,we_4,relay,BS_1,we_7,1,550.0,550.0,proposed_optimal_dkmcs,throughput
35.0,ew_14,relay,BS_2,ew_12,1,550.0,550.0,proposed_optimal_dkmcs,throughput
35.0,sn_12,relay,BS_2,sn_14,1,550.0,550.0,proposed_optimal_dkmcs,throughput
35.0,we_13,relay,BS_2,se_4,1,550.0,550.0,proposed_optimal_dkmcs,throughput
35.0,sn_9,relay,BS_1,sn_11,1,550.0,550.0,proposed_optimal_dkmcs,throughput
35.0,se_5,relay,BS_2,se_4,1,550.0,550.0,proposed_optimal_dkmcs,throughput
35.0,wn_6,relay,BS_2,sn_18,1,550.0,550.0,proposed_optimal_dkmcs,throughput
35.0,se_0,relay,BS_3,we_10,1,550.0,550.0,proposed_optimal_dkmcs,throughput
35.0,wn_0,relay,BS_1,sn_11,1,550.0,550.0,proposed_optimal_dkmcs,throughput
35.0,ew_19,relay,BS_2,we_19,1,550.0,550.0,proposed_optimal_dkmcs,throughput
35.0,we_12,relay,BS_2,se_4,1,550.0,550.0,proposed_optimal_dkmcs,throughput
35.0,we_6,relay,BS_1,we_7,1,550.0,550.0,proposed_optimal_dkmcs,throughput
35.0,we_19,relay,BS_2,we_18,1,550.0,550.0,proposed_optimal_dkmcs,throughput
35.0,ns_1,relay,BS_3,ns_0,1,550.0,550.0,proposed_optimal_dkmcs,throughput
35.0,we_2,relay,BS_3,we_0,1,550.0,550.0,proposed_optimal_dkmcs,throughput
36.0,we_16,relay,BS_2,se_7,1,550.0,550.0,proposed_optimal_dkmcs,throughput
36.0,se_7,relay,BS_3,se_6,1,330.0,440.00000000000006,proposed_optimal_dkmcs,throughput
36.0,sn_5,relay,BS_1,sn_7,1,550.0,550.0,proposed_optimal_dkmcs,throughput
36.0,ew_6,relay,BS_2,ew_0,1,440.00000000000006,550.0,proposed_optimal_dkmcs,throughput
36.0,ew_9,relay,BS_2,ew_10,1,550.0,550.0,proposed_optimal_dkmcs,throughput
36.0,se_9,relay,BS_2,ew_18,1,550.0,550.0,proposed_optimal_dkmcs,throughput
36.0,sn_19,relay,BS_2,sn_16,1,550.0,550.0,proposed_optimal_dkmcs,throughput
36.0,we_8,relay,BS_3,we_11,1,550.0,550.0,proposed_optimal_dkmcs,throughput
36.0,we_14,relay,BS_2,we_13,1,550.0,550.0,proposed_optimal_dkmcs,throughput
36.0,ew_11,relay,BS_2,ew_10,1,550.0,550.0,proposed_optimal_dkmcs,throughput
36.0,sn_16,relay,BS_1,sn_18,1,330.0,440.00000000000006,proposed_optimal_dkmcs,throughput
36.0,ns_17,relay,BS_2,se_9,1,550.0,550.0,proposed_optimal_dkmcs,throughput
36.0,sn_17,relay,BS_2,sn_16,1,550.0,550.0,proposed_optimal_dkmcs,throughput
36.0,se_4,relay,BS_2,we_13,1,550.0,550.0,proposed_optimal_dkmcs,throughput
36.0,we_10,relay,BS_1,se_2,1,550.0,550.0,proposed_optimal_dkmcs,throughput
36.0,wn_3,relay,BS_2,wn_4,1,550.0,550.0,proposed_optimal_dkmcs,throughput
36.0,ns_6,relay,BS_3,ns_5,1,550.0,550.0,proposed_optimal_dkmcs,throughput
36.0,se_2,relay,BS_3,we_11,1,550.0,550.0,proposed_optimal_dkmcs,throughput
36.0,ew_0,relay,BS_2,ew_6,1,440.00000000000006,550.0,proposed_optimal_dkmcs,throughput
36.0,ew_3,relay,BS_2,ew_0,1,550.0,550.0,proposed_optimal_dkmcs,throughput
36.0,ew_4,relay,BS_2,ew_6,1,550.0,550.0,proposed_optimal_dkmcs,throughput
36.0,ew_13,relay,BS_2,ew_18,1,440.00000000000006,550.0,proposed_optimal_dkmcs,throughput
36.0,sn_18,relay,BS_2,sn_16,1,550.0,550.0,proposed_optimal_dkmcs,throughput
36.0,ew_17,relay,BS_2,ew_18,1,550.0,550.0,proposed_optimal_dkmcs,throughput
36.0,wn_8,relay,BS_2,sn_16,1,550.0,550.0,proposed_optimal_dkmcs,throughput
36.0,ew_8,relay,BS_2,ew_10,1,550.0,550.0,proposed_optimal_dkmcs,throughput
36.0,sn_14,relay,BS_2,wn_4,1,550.0,550.0,proposed_optimal_dkmcs,throughput
36.0,ns_11,relay,BS_3,ns_8,1,550.0,550.0,proposed_optimal_dkmcs,throughput
36.0,we_5,relay,BS_3,we_7,1,550.0,550.0,proposed_optimal_dkmcs,throughput
36.0,sn_2,relay,BS_1,sn_1,1,550.0,550.0,proposed_optimal_dkmcs,throughput
36.0,ns_3,relay,BS_3,ns_0,1,550.0,550.0,proposed_optimal_dkmcs,throughput
36.0,sn_7,relay,BS_1,sn_5,1,550.0,550.0,proposed_optimal_dkmcs,throughput
36.0,ew_5,relay,BS_2,ew_6,1,550.0,550.0,proposed_optimal_dkmcs,throughput
36.0,sn_1,relay,BS_1,sn_7,1,440.00000000000006,550.0,proposed_optimal_dkmcs,throughput
36.0,wn_2,relay,BS_1,sn_8,1,550.0,550.0,proposed_optimal_dkmcs,throughput
36.0,ns_14,relay,BS_3,ns_11,1,440.00000000000006,550.0,proposed_optimal_dkmcs,throughput
36.0,we_7,relay,BS_1,we_4,1,550.0,550.0,proposed_optimal_dkmcs,throughput
36.0,we_1,relay,BS_3,we_3,1,550.0,550.0,proposed_optimal_dkmcs,throughput
36.0,ns_5,relay,BS_3,ns_4,1,550.0,550.0,proposed_optimal_dkmcs,throughput
36.0,we_0,relay,BS_3,we_1,1,550.0,550.0,proposed_optimal_dkmcs,throughput
36.0,ew_7,relay,BS_2,ew_6,1,550.0,550.0,proposed_optimal_dkmcs,throughput
36.0,ns_18,relay,BS_2,se_9,1,550.0,550.0,proposed_optimal_dkmcs,throughput
36.0,ns_0,relay,BS_3,ns_5,1,440.00000000000006,550.0,proposed_optimal_dkmcs,throughput
36.0,we_18,relay,BS_2,se_7,1,550.0,550.0,proposed_optimal_dkmcs,throughput
36.0,sn_13,relay,BS_2,wn_4,1,550.0,550.0,proposed_optimal_dkmcs,throughput
36.0,se_3,relay,BS_2,we_13,1,550.0,550.0,proposed_optimal_dkmcs,throughput
36.0,se_1,relay,BS_1,se_2,1,550.0,550.0,proposed_optimal_dkmcs,throughput
36.0,se_8,relay,BS_2,se_7,1,550.0,550.0,proposed_optimal_dkmcs,throughput
36.0,ew_10,relay,BS_2,ew_12,1,440.00000000000006,550.0,proposed_optimal_dkmcs,throughput
36.0,ns_2,relay,BS_3,ns_0,1,550.0,550.0,proposed_optimal_dkmcs,throughput
36.0,wn_7,relay,BS_2,sn_16,1,550.0,550.0,proposed_optimal_dkmcs,throughput
36.0,ns_12,relay,BS_3,ns_11,1,440.00000000000006,550.0,proposed_optimal_dkmcs,throughput
36.0,ew_1,relay,BS_2,ew_0,1,550.0,550.0,proposed_optimal_dkmcs,throughput
36.0,we_3,relay,BS_3,we_1,1,550.0,550.0,proposed_optimal_dkmcs,throughput
36.0,ns_7,relay,BS_3,ns_4,1,550.0,550.0,proposed_optimal_dkmcs,throughput
36.0,ns_10,relay,BS_3,ns_8,1,550.0,550.0,proposed_optimal_dkmcs,throughput
36.0,wn_5,relay,BS_2,wn_4,1,550.0,550.0,proposed_optimal_dkmcs,throughput
36.0,ns_13,relay,BS_3,ns_8,1,440.00000000000006,550.0,proposed_optimal_dkmcs,throughput
36.0,we_17,relay,BS_2,se_7,1,550.0,550.0,proposed_optimal_dkmcs,throughput
36.0,sn_3,relay,BS_1,sn_1,1,550.0,550.0,proposed_optimal_dkmcs,throughput
36.0,we_9,relay,BS_3,we_11,1,550.0,550.0,proposed_optimal_dkmcs,throughput
36.0,ew_16,relay,BS_2,ew_18,1,550.0,550.0,proposed_optimal_dkmcs,throughput
36.0,wn_4,relay,BS_1,wn_3,1,550.0,550.0,proposed_optimal_dkmcs,throughput
36.0,sn_8,relay,BS_1,wn_1,1,550.0,550.0,proposed_optimal_dkmcs,throughput
36.0,sn_11,relay,BS_1,wn_1,1,550.0,550.0,proposed_optimal_dkmcs,throughput
36.0,ns_19,relay,BS_2,se_9,1,550.0,550.0,proposed_optimal_dkmcs,throughput
36.0,ew_12,relay,BS_2,ew_10,1,440.00000000000006,550.0,proposed_optimal_dkmcs,throughput
36.0,se_6,relay,BS_2,se_7,1,550.0,550.0,proposed_optimal_dkmcs,throughput
36.0,ew_15,relay,BS_2,ew_12,1,440.00000000000006,550.0,proposed_optimal_dkmcs,throughput
36.0,sn_10,relay,BS_1,wn_1,1,550.0,550.0,proposed_optimal_dkmcs,throughput
36.0,wn_9,relay,BS_2,ew_18,1,550.0,550.0,proposed_optimal_dkmcs,throughput
36.0,sn_15,relay,BS_2,wn_4,1,550.0,550.0,proposed_optimal_dkmcs,throughput
36.0,ew_18,relay,BS_2,se_9,1,550.0,550.0,proposed_optimal_dkmcs,throughput
36.0,we_11,relay,BS_1,se_2,1,550.0,550.0,proposed_optimal_dkmcs,throughput
36.0,sn_4,relay,BS_1,sn_7,1,550.0,550.0,proposed_optimal_dkmcs,throughput
36.0,ns_16,relay,BS_2,se_9,1,550.0,550.0,proposed_optimal_dkmcs,throughput
36.0,sn_6,relay,BS_1,sn_5,1,550.0,550.0,proposed_optimal_dkmcs,throughput
36.0,sn_0,relay,BS_1,sn_1,1,550.0,550.0,proposed_optimal_dkmcs,throughput
36.0,ns_9,relay,BS_3,ns_8,1,550.0,550.0,proposed_optimal_dkmcs,throughput
36.0,ns_15,relay,BS_3,ns_8,1,440.00000000000006,550.0,proposed_optimal_dkmcs,throughput
36.0,ns_4,relay,BS_3,ns_5,1,550.0,550.0,proposed_optimal_dkmcs,throughput
36.0,ns_8,relay,BS_3,ns_11,1,550.0,550.0,proposed_optimal_dkmcs,throughput
36.0,ew_2,relay,BS_2,ew_0,1,550.0,550.0,proposed_optimal_dkmcs,throughput
36.0,we_15,relay,BS_2,we_13,1,550.0,550.0,proposed_optimal_dkmcs,throughput
36.0,wn_1,relay,BS_1,sn_8,1,550.0,550.0,proposed_optimal_dkmcs,throughput
36.0,we_4,relay,BS_3,we_7,1,550.0,550.0,proposed_optimal_dkmcs,throughput
36.0,ew_14,relay,BS_2,ew_12,1,440.00000000000006,550.0,proposed_optimal_dkmcs,throughput
36.0,sn_12,relay,BS_2,wn_4,1,550.0,550.0,proposed_optimal_dkmcs,throughput
36.0,we_13,relay,BS_1,se_4,1,330.0,440.00000000000006,proposed_optimal_dkmcs,throughput
36.0,sn_9,relay,BS_1,wn_1,1,550.0,550.0,proposed_optimal_dkmcs,throughput
36.0,se_5,relay,BS_2,we_13,1,550.0,550.0,proposed_optimal_dkmcs,throughput
36.0,wn_6,relay,BS_2,sn_16,1,550.0,550.0,proposed_optimal_dkmcs,throughput
36.0,se_0,relay,BS_1,se_2,1,550.0,550.0,proposed_optimal_dkmcs,throughput
36.0,wn_0,relay,BS_1,sn_8,1,550.0,550.0,proposed_optimal_dkmcs,throughput
36.0,ew_19,relay,BS_2,ew_18,1,550.0,550.0,proposed_optimal_dkmcs,throughput
36.0,we_12,relay,BS_2,we_13,1,550.0,550.0,proposed_optimal_dkmcs,throughput
36.0,we_6,relay,BS_1,we_4,1,550.0,550.0,proposed_optimal_dkmcs,throughput
36.0,we_19,relay,BS_2,se_7,1,550.0,550.0,proposed_optimal_dkmcs,throughput
36.0,ns_1,relay,BS_3,ns_0,1,550.0,550.0,proposed_optimal_dkmcs,throughput
36.0,we_2,relay,BS_3,we_1,1,550.0,550.0,proposed_optimal_dkmcs,throughput
37.0,we_16,relay,BS_2,we_18,1,550.0,550.0,proposed_optimal_dkmcs,throughput
37.0,se_7,relay,BS_2,we_18,1,550.0,550.0,proposed_optimal_dkmcs,throughput
37.0,sn_5,relay,BS_1,sn_7,1,550.0,550.0,proposed_optimal_dkmcs,throughput
37.0,ew_6,relay,BS_2,ew_1,1,440.00000000000006,550.0,proposed_optimal_dkmcs,throughput
37.0,ew_9,relay,BS_2,ew_8,1,550.0,550.0,proposed_optimal_dkmcs,throughput
37.0,se_9,relay,BS_2,we_18,1,440.00000000000006,550.0,proposed_optimal_dkmcs,throughput
37.0,sn_19,relay,BS_2,sn_17,1,550.0,550.0,proposed_optimal_dkmcs,throughput
37.0,we_8,relay,BS_3,we_11,1,550.0,550.0,proposed_optimal_dkmcs,throughput
37.0,we_14,relay,BS_2,se_4,1,550.0,550.0,proposed_optimal_dkmcs,throughput
37.0,ew_11,relay,BS_2,ew_8,1,550.0,550.0,proposed_optimal_dkmcs,throughput
37.0,sn_16,relay,BS_2,sn_17,1,550.0,550.0,proposed_optimal_dkmcs,throughput
37.0,ns_17,relay,BS_2,ns_12,1,440.00000000000006,550.0,proposed_optimal_dkmcs,throughput
37.0,sn_17,relay,BS_1,wn_6,1,330.0,440.00000000000006,proposed_optimal_dkmcs,throughput
37.0,se_4,relay,BS_3,se_5,1,440.00000000000006,550.0,proposed_optimal_dkmcs,throughput
37.0,we_10,relay,BS_3,we_11,1,550.0,550.0,proposed_optimal_dkmcs,throughput
37.0,wn_3,relay,BS_2,sn_14,1,550.0,550.0,proposed_optimal_dkmcs,throughput
37.0,ns_6,relay,BS_3,ns_5,1,550.0,550.0,proposed_optimal_dkmcs,throughput
37.0,se_2,relay,BS_3,we_10,1,550.0,550.0,proposed_optimal_dkmcs,throughput
37.0,ew_0,relay,BS_2,ew_1,1,550.0,550.0,proposed_optimal_dkmcs,throughput
37.0,ew_3,relay,BS_2,ew_1,1,550.0,550.0,proposed_optimal_dkmcs,throughput
37.0,ew_4,relay,BS_2,ew_6,1,550.0,550.0,proposed_optimal_dkmcs,throughput
37.0,ew_13,relay,BS_2,ew_8,1,440.00000000000006,550.0,proposed_optimal_dkmcs,throughput
37.0,sn_18,relay,BS_2,sn_17,1,550.0,550.0,proposed_optimal_dkmcs,throughput
37.0,ew_17,relay,BS_2,se_9,1,440.00000000000006,550.0,proposed_optimal_dkmcs,throughput
37.0,wn_8,relay,BS_2,sn_17,1,550.0,550.0,proposed_optimal_dkmcs,throughput
37.0,ew_8,relay,BS_2,ew_13,1,440.00000000000006,550.0,proposed_optimal_dkmcs,throughput
37.0,sn_14,relay,BS_1,sn_15,1,440.00000000000006,550.0,proposed_optimal_dkmcs,throughput
37.0,ns_11,relay,BS_3,ns_10,1,550.0,550.0,proposed_optimal_dkmcs,throughput
37.0,we_5,relay,BS_3,we_4,1,550.0,550.0,proposed_optimal_dkmcs,throughput
37.0,sn_2,relay,BS_1,sn_3,1,550.0,550.0,proposed_optimal_dkmcs,throughput
37.0,ns_3,relay,BS_3,ns_2,1,550.0,550.0,proposed_optimal_dkmcs,throughput
37.0,sn_7,relay,BS_1,sn_2,1,440.00000000000006,550.0,proposed_optimal_dkmcs,throughput
37.0,ew_5,relay,BS_2,ew_6,1,550.0,550.0,proposed_optimal_dkmcs,throughput
37.0,sn_1,relay,BS_1,sn_2,1,550.0,550.0,proposed_optimal_dkmcs,throughput
37.0,wn_2,relay,BS_1,wn_1,1,550.0,550.0,proposed_optimal_dkmcs,throughput
37.0,ns_14,relay,BS_2,ns_12,1,550.0,550.0,proposed_optimal_dkmcs,throughput
37.0,we_7,relay,BS_3,we_5,1,550.0,550.0,proposed_optimal_dkmcs,throughput
37.0,we_1,relay,BS_1,we_0,1,550.0,550.0,proposed_optimal_dkmcs,throughput
37.0,ns_5,relay,BS_3,ns_10,1,440.00000000000006,550.0,proposed_optimal_dkmcs,throughput
37.0,we_0,relay,BS_1,we_1,1,550.0,550.0,proposed_optimal_dkmcs,throughput
37.0,ew_7,relay,BS_2,ew_6,1,550.0,550.0,proposed_optimal_dkmcs,throughput
37.0,ns_18,relay,BS_2,se_9,1,440.00000000000006,550.0,proposed_optimal_dkmcs,throughput
37.0,ns_0,relay,BS_3,ns_2,1,550.0,550.0,proposed_optimal_dkmcs,throughput
37.0,we_18,relay,BS_1,we_17,1,330.0,440.00000000000006,proposed_optimal_dkmcs,throughput
37.0,sn_13,relay,BS_2,sn_14,1,550.0,550.0,proposed_optimal_dkmcs,throughput
37.0,se_3,relay,BS_2,se_4,1,550.0,550.0,proposed_optimal_dkmcs,throughput
37.0,se_1,relay,BS_3,we_10,1,550.0,550.0,proposed_optimal_dkmcs,throughput
37.0,se_8,relay,BS_2,we_18,1,550.0,550.0,proposed_optimal_dkmcs,throughput
37.0,ew_10,relay,BS_2,ew_8,1,550.0,550.0,proposed_optimal_dkmcs,throughput
37.0,ns_2,relay,BS_3,ns_0,1,550.0,550.0,proposed_optimal_dkmcs,throughput
37.0,wn_7,relay,BS_2,sn_17,1,550.0,550.0,proposed_optimal_dkmcs,throughput
37.0,ns_12,relay,BS_3,ns_11,1,440.00000000000006,550.0,proposed_optimal_dkmcs,throughput
37.0,ew_1,relay,BS_2,ew_6,1,440.00000000000006,550.0,proposed_optimal_dkmcs,throughput
37.0,we_3,relay,BS_1,we_1,1,550.0,550.0,proposed_optimal_dkmcs,throughput
37.0,ns_7,relay,BS_3,ns_5,1,550.0,550.0,proposed_optimal_dkmcs,throughput
37.0,ns_10,relay,BS_3,ns_11,1,550.0,550.0,proposed_optimal_dkmcs,throughput
37.0,wn_5,relay,BS_2,sn_14,1,550.0,550.0,proposed_optimal_dkmcs,throughput
37.0,ns_13,relay,BS_2,ns_12,1,550.0,550.0,proposed_optimal_dkmcs,throughput
37.0,we_17,relay,BS_2,we_18,1,550.0,550.0,proposed_optimal_dkmcs,throughput
37.0,sn_3,relay,BS_1,sn_2,1,550.0,550.0,proposed_optimal_dkmcs,throughput
37.0,we_9,relay,BS_3,we_10,1,550.0,550.0,proposed_optimal_dkmcs,throughput
37.0,ew_16,relay,BS_2,se_9,1,440.00000000000006,550.0,proposed_optimal_dkmcs,throughput
37.0,wn_4,relay,BS_2,sn_14,1,550.0,550.0,proposed_optimal_dkmcs,throughput
37.0,sn_8,relay,BS_1,wn_1,1,550.0,550.0,proposed_optimal_dkmcs,throughput
37.0,sn_11,relay,BS_1,sn_9,1,550.0,550.0,proposed_optimal_dkmcs,throughput
37.0,ns_19,relay,BS_2,se_9,1,440.00000000000006,550.0,proposed_optimal_dkmcs,throughput
37.0,ew_12,relay,BS_2,ew_13,1,550.0,550.0,proposed_optimal_dkmcs,throughput
37.0,se_6,relay,BS_2,we_18,1,550.0,550.0,proposed_optimal_dkmcs,throughput
37.0,ew_15,relay,BS_2,ew_13,1,550.0,550.0,proposed_optimal_dkmcs,throughput
37.0,sn_10,relay,BS_1,sn_9,1,550.0,550.0,proposed_optimal_dkmcs,throughput
37.0,wn_9,relay,BS_2,se_9,1,550.0,550.0,proposed_optimal_dkmcs,throughput
37.0,sn_15,relay,BS_2,sn_14,1,550.0,550.0,proposed_optimal_dkmcs,throughput
37.0,ew_18,relay,BS_2,se_9,1,440.00000000000006,550.0,proposed_optimal_dkmcs,throughput
37.0,we_11,relay,BS_3,we_10,1,550.0,550.0,proposed_optimal_dkmcs,throughput
37.0,sn_4,relay,BS_1,sn_7,1,550.0,550.0,proposed_optimal_dkmcs,throughput
37.0,ns_16,relay,BS_2,se_9,1,440.00000000000006,550.0,proposed_optimal_dkmcs,throughput
37.0,sn_6,relay,BS_1,sn_7,1,550.0,550.0,proposed_optimal_dkmcs,throughput
37.0,sn_0,relay,BS_1,sn_2,1,550.0,550.0,proposed_optimal_dkmcs,throughput
37.0,ns_9,relay,BS_3,ns_11,1,550.0,550.0,proposed_optimal_dkmcs,throughput
37.0,ns_15,relay,BS_2,ns_12,1,550.0,550.0,proposed_optimal_dkmcs,throughput
37.0,ns_4,relay,BS_3,ns_5,1,550.0,550.0,proposed_optimal_dkmcs,throughput
37.0,ns_8,relay,BS_3,ns_11,1,550.0,550.0,proposed_optimal_dkmcs,throughput
37.0,ew_2,relay,BS_2,ew_1,1,550.0,550.0,proposed_optimal_dkmcs,throughput
37.0,we_15,relay,BS_2,se_4,1,550.0,550.0,proposed_optimal_dkmcs,throughput
37.0,wn_1,relay,BS_1,sn_9,1,550.0,550.0,proposed_optimal_dkmcs,throughput
37.0,we_4,relay,BS_3,we_5,1,550.0,550.0,proposed_optimal_dkmcs,throughput
37.0,ew_14,relay,BS_2,ew_13,1,550.0,550.0,proposed_optimal_dkmcs,throughput
37.0,sn_12,relay,BS_2,sn_14,1,550.0,550.0,proposed_optimal_dkmcs,throughput
37.0,we_13,relay,BS_2,se_4,1,550.0,550.0,proposed_optimal_dkmcs,throughput
37.0,sn_9,relay,BS_1,wn_1,1,550.0,550.0,proposed_optimal_dkmcs,throughput
37.0,se_5,relay,BS_2,se_4,1,550.0,550.0,proposed_optimal_dkmcs,throughput
37.0,wn_6,relay,BS_2,sn_17,1,550.0,550.0,proposed_optimal_dkmcs,throughput
37.0,se_0,relay,BS_3,we_10,1,550.0,550.0,proposed_optimal_dkmcs,throughput
37.0,wn_0,relay,BS_1,sn_9,1,550.0,550.0,proposed_optimal_dkmcs,throughput
37.0,ew_19,relay,BS_2,se_9,1,440.00000000000006,550.0,proposed_optimal_dkmcs,throughput
37.0,we_12,relay,BS_2,se_4,1,550.0,550.0,proposed_optimal_dkmcs,throughput
37.0,we_6,relay,BS_3,we_4,1,550.0,550.0,proposed_optimal_dkmcs,throughput
37.0,we_19,relay,BS_2,we_18,1,550.0,550.0,proposed_optimal_dkmcs,throughput
37.0,ns_1,relay,BS_3,ns_2,1,550.0,550.0,proposed_optimal_dkmcs,throughput
37.0,we_2,relay,BS_1,we_0,1,550.0,550.0,proposed_optimal_dkmcs,throughput
38.0,we_16,relay,BS_2,we_17,1,550.0,550.0,proposed_optimal_dkmcs,throughput
38.0,se_7,relay,BS_2,we_17,1,550.0,550.0,proposed_optimal_dkmcs,throughput
38.0,sn_5,relay,BS_1,sn_7,1,550.0,550.0,proposed_optimal_dkmcs,throughput
38.0,ew_6,relay,BS_2,ew_7,1,550.0,550.0,proposed_optimal_dkmcs,throughput
38.0,ew_9,relay,BS_2,ew_8,1,550.0,550.0,proposed_optimal_dkmcs,throughput
38.0,se_9,relay,BS_2,we_17,1,440.00000000000006,550.0,proposed_optimal_dkmcs,throughput
38.0,sn_19,relay,BS_2,sn_16,1,550.0,550.0,proposed_optimal_dkmcs,throughput
38.0,we_8,relay,BS_3,we_9,1,550.0,550.0,proposed_optimal_dkmcs,throughput
38.0,we_14,relay,BS_1,se_4,1,550.0,550.0,proposed_optimal_dkmcs,throughput
38.0,ew_11,relay,BS_2,ew_8,1,550.0,550.0,proposed_optimal_dkmcs,throughput
38.0,sn_16,relay,BS_2,wn_6,1,550.0,550.0,proposed_optimal_dkmcs,throughput
38.0,ns_17,relay,BS_2,ns_18,1,550.0,550.0,proposed_optimal_dkmcs,throughput
38.0,sn_17,relay,BS_2,sn_16,1,550.0,550.0,proposed_optimal_dkmcs,throughput
38.0,se_4,relay,BS_3,se_3,1,550.0,550.0,proposed_optimal_dkmcs,throughput
38.0,we_10,relay,BS_3,we_9,1,550.0,550.0,proposed_optimal_dkmcs,throughput
38.0,wn_3,relay,BS_1,sn_14,1,550.0,550.0,proposed_optimal_dkmcs,throughput
38.0,ns_6,relay,BS_3,ns_4,1,550.0,550.0,proposed_optimal_dkmcs,throughput
38.0,se_2,relay,BS_3,we_9,1,550.0,550.0,proposed_optimal_dkmcs,throughput
38.0,ew_0,relay,BS_2,ew_7,1,440.00000000000006,550.0,proposed_optimal_dkmcs,throughput
38.0,ew_3,relay,BS_2,ew_0,1,550.0,550.0,proposed_optimal_dkmcs,throughput
38.0,ew_4,relay,BS_2,ew_7,1,550.0,550.0,proposed_optimal_dkmcs,throughput
38.0,ew_13,relay,BS_2,ew_8,1,440.00000000000006,550.0,proposed_optimal_dkmcs,throughput
38.0,sn_18,relay,BS_2,sn_16,1,550.0,550.0,proposed_optimal_dkmcs,throughput
38.0,ew_17,relay,BS_2,ew_16,1,550.0,550.0,proposed_optimal_dkmcs,throughput
38.0,wn_8,relay,BS_2,wn_6,1,550.0,550.0,proposed_optimal_dkmcs,throughput
38.0,ew_8,relay,BS_2,ew_13,1,440.00000000000006,550.0,proposed_optimal_dkmcs,throughput
38.0,sn_14,relay,BS_1,wn_3,1,550.0,550.0,proposed_optimal_dkmcs,throughput
38.0,ns_11,relay,BS_3,ns_8,1,550.0,550.0,proposed_optimal_dkmcs,throughput
38.0,we_5,relay,BS_1,we_7,1,550.0,550.0,proposed_optimal_dkmcs,throughput
38.0,sn_2,relay,BS_1,sn_0,1,550.0,550.0,proposed_optimal_dkmcs,throughput
38.0,ns_3,relay,BS_3,ns_0,1,550.0,550.0,proposed_optimal_dkmcs,throughput
38.0,sn_7,relay,BS_1,sn_0,1,440.00000000000006,550.0,proposed_optimal_dkmcs,throughput
38.0,ew_5,relay,BS_2,ew_7,1,550.0,550.0,proposed_optimal_dkmcs,throughput
38.0,sn_1,relay,BS_1,sn_0,1,550.0,550.0,proposed_optimal_dkmcs,throughput
38.0,wn_2,relay,BS_1,wn_1,1,550.0,550.0,proposed_optimal_dkmcs,throughput
38.0,ns_14,relay,BS_3,ns_13,1,550.0,550.0,proposed_optimal_dkmcs,throughput
38.0,we_7,relay,BS_1,we_0,1,440.00000000000006,550.0,proposed_optimal_dkmcs,throughput
38.0,we_1,relay,BS_1,we_3,1,550.0,550.0,proposed_optimal_dkmcs,throughput
38.0,ns_5,relay,BS_3,ns_7,1,550.0,550.0,proposed_optimal_dkmcs,throughput
38.0,we_0,relay,BS_1,we_3,1,550.0,550.0,proposed_optimal_dkmcs,throughput
38.0,ew_7,relay,BS_2,ew_0,1,440.00000000000006,550.0,proposed_optimal_dkmcs,throughput
38.0,ns_18,relay,BS_3,ns_13,1,440.00000000000006,550.0,proposed_optimal_dkmcs,throughput
38.0,ns_0,relay,BS_3,ns_2,1,550.0,550.0,proposed_optimal_dkmcs,throughput
38.0,we_18,relay,BS_2,we_17,1,550.0,550.0,proposed_optimal_dkmcs,throughput
38.0,sn_13,relay,BS_1,sn_14,1,550.0,550.0,proposed_optimal_dkmcs,throughput
38.0,se_3,relay,BS_1,se_4,1,550.0,550.0,proposed_optimal_dkmcs,throughput
38.0,se_1,relay,BS_3,we_9,1,550.0,550.0,proposed_optimal_dkmcs,throughput
38.0,se_8,relay,BS_2,we_17,1,550.0,550.0,proposed_optimal_dkmcs,throughput
38.0,ew_10,relay,BS_2,ew_8,1,550.0,550.0,proposed_optimal_dkmcs,throughput
38.0,ns_2,relay,BS_3,ns_0,1,550.0,550.0,proposed_optimal_dkmcs,throughput
38.0,wn_7,relay,BS_2,wn_6,1,550.0,550.0,proposed_optimal_dkmcs,throughput
38.0,ns_12,relay,BS_3,ns_14,1,550.0,550.0,proposed_optimal_dkmcs,throughput
38.0,ew_1,relay,BS_2,ew_0,1,550.0,550.0,proposed_optimal_dkmcs,throughput
38.0,we_3,relay,BS_1,we_0,1,550.0,550.0,proposed_optimal_dkmcs,throughput
38.0,ns_7,relay,BS_3,ns_4,1,550.0,550.0,proposed_optimal_dkmcs,throughput
38.0,ns_10,relay,BS_3,ns_8,1,550.0,550.0,proposed_optimal_dkmcs,throughput
38.0,wn_5,relay,BS_1,wn_3,1,550.0,550.0,proposed_optimal_dkmcs,throughput
38.0,ns_13,relay,BS_3,ns_14,1,550.0,550.0,proposed_optimal_dkmcs,throughput
38.0,we_17,relay,BS_2,se_7,1,550.0,550.0,proposed_optimal_dkmcs,throughput
38.0,sn_3,relay,BS_1,sn_0,1,550.0,550.0,proposed_optimal_dkmcs,throughput
38.0,we_9,relay,BS_3,se_1,1,550.0,550.0,proposed_optimal_dkmcs,throughput
38.0,ew_16,relay,BS_2,ew_13,1,440.00000000000006,550.0,proposed_optimal_dkmcs,throughput
38.0,wn_4,relay,BS_1,sn_14,1,550.0,550.0,proposed_optimal_dkmcs,throughput
38.0,sn_8,relay,BS_1,wn_1,1,550.0,550.0,proposed_optimal_dkmcs,throughput
38.0,sn_11,relay,BS_1,sn_8,1,550.0,550.0,proposed_optimal_dkmcs,throughput
38.0,ns_19,relay,BS_2,ns_18,1,550.0,550.0,proposed_optimal_dkmcs,throughput
38.0,ew_12,relay,BS_2,ew_13,1,550.0,550.0,proposed_optimal_dkmcs,throughput
38.0,se_6,relay,BS_2,we_17,1,550.0,550.0,proposed_optimal_dkmcs,throughput
38.0,ew_15,relay,BS_2,ew_13,1,550.0,550.0,proposed_optimal_dkmcs,throughput
38.0,sn_10,relay,BS_1,sn_8,1,550.0,550.0,proposed_optimal_dkmcs,throughput
38.0,wn_9,relay,BS_2,wn_6,1,440.00000000000006,550.0,proposed_optimal_dkmcs,throughput
38.0,sn_15,relay,BS_1,sn_14,1,550.0,550.0,proposed_optimal_dkmcs,throughput
38.0,ew_18,relay,BS_2,ew_16,1,550.0,550.0,proposed_optimal_dkmcs,throughput
38.0,we_11,relay,BS_3,we_9,1,550.0,550.0,proposed_optimal_dkmcs,throughput
38.0,sn_4,relay,BS_1,sn_7,1,550.0,550.0,proposed_optimal_dkmcs,throughput
38.0,ns_16,relay,BS_2,ns_18,1,550.0,550.0,proposed_optimal_dkmcs,throughput
38.0,sn_6,relay,BS_1,sn_7,1,550.0,550.0,proposed_optimal_dkmcs,throughput
38.0,sn_0,relay,BS_1,sn_7,1,440.00000000000006,550.0,proposed_optimal_dkmcs,throughput
38.0,ns_9,relay,BS_3,ns_8,1,550.0,550.0,proposed_optimal_dkmcs,throughput
38.0,ns_15,relay,BS_3,ns_14,1,550.0,550.0,proposed_optimal_dkmcs,throughput
38.0,ns_4,relay,BS_3,ns_7,1,550.0,550.0,proposed_optimal_dkmcs,throughput
38.0,ns_8,relay,BS_3,ns_13,1,440.00000000000006,550.0,proposed_optimal_dkmcs,throughput
38.0,ew_2,relay,BS_2,ew_0,1,550.0,550.0,proposed_optimal_dkmcs,throughput
38.0,we_15,relay,BS_1,se_4,1,550.0,550.0,proposed_optimal_dkmcs,throughput
38.0,wn_1,relay,BS_1,sn_8,1,550.0,550.0,proposed_optimal_dkmcs,throughput
38.0,we_4,relay,BS_1,we_7,1,550.0,550.0,proposed_optimal_dkmcs,throughput
38.0,ew_14,relay,BS_2,ew_13,1,550.0,550.0,proposed_optimal_dkmcs,throughput
38.0,sn_12,relay,BS_1,sn_14,1,550.0,550.0,proposed_optimal_dkmcs,throughput
38.0,we_13,relay,BS_1,se_4,1,550.0,550.0,proposed_optimal_dkmcs,throughput
38.0,sn_9,relay,BS_1,sn_8,1,550.0,550.0,proposed_optimal_dkmcs,throughput
38.0,se_5,relay,BS_1,se_4,1,550.0,550.0,proposed_optimal_dkmcs,throughput
38.0,wn_6,relay,BS_2,sn_16,1,550.0,550.0,proposed_optimal_dkmcs,throughput
38.0,se_0,relay,BS_3,se_1,1,550.0,550.0,proposed_optimal_dkmcs,throughput
38.0,wn_0,relay,BS_1,wn_1,1,550.0,550.0,proposed_optimal_dkmcs,throughput
38.0,ew_19,relay,BS_2,ew_16,1,550.0,550.0,proposed_optimal_dkmcs,throughput
38.0,we_12,relay,BS_1,se_4,1,550.0,550.0,proposed_optimal_dkmcs,throughput
38.0,we_6,relay,BS_1,we_7,1,550.0,550.0,proposed_optimal_dkmcs,throughput
38.0,we_19,relay,BS_2,we_17,1,550.0,550.0,proposed_optimal_dkmcs,throughput
38.0,ns_1,relay,BS_3,ns_0,1,550.0,550.0,proposed_optimal_dkmcs,throughput
38.0,we_2,relay,BS_1,we_3,1,550.0,550.0,proposed_optimal_dkmcs,throughput
39.0,we_16,relay,BS_2,se_7,1,550.0,550.0,proposed_optimal_dkmcs,throughput
39.0,se_7,relay,BS_2,we_16,1,550.0,550.0,proposed_optimal_dkmcs,throughput
39.0,sn_5,relay,BS_1,sn_6,1,550.0,550.0,proposed_optimal_dkmcs,throughput
39.0,ew_6,relay,BS_2,ew_7,1,550.0,550.0,proposed_optimal_dkmcs,throughput
39.0,ew_9,relay,BS_2,ew_14,1,440.00000000000006,550.0,proposed_optimal_dkmcs,throughput
39.0,se_9,relay,BS_2,we_16,1,440.00000000000006,550.0,proposed_optimal_dkmcs,throughput
39.0,sn_19,relay,BS_2,sn_17,1,550.0,550.0,proposed_optimal_dkmcs,throughput
39.0,we_8,relay,BS_1,we_11,1,550.0,550.0,proposed_optimal_dkmcs,throughput
39.0,we_14,relay,BS_3,se_3,1,550.0,550.0,proposed_optimal_dkmcs,throughput
39.0,ew_11,relay,BS_2,ew_9,1,550.0,550.0,proposed_optimal_dkmcs,throughput
39.0,sn_16,relay,BS_2,sn_19,1,550.0,550.0,proposed_optimal_dkmcs,throughput
39.0,ns_17,relay,BS_2,ns_16,1,550.0,550.0,proposed_optimal_dkmcs,throughput
39.0,sn_17,relay,BS_2,sn_19,1,550.0,550.0,proposed_optimal_dkmcs,throughput
39.0,se_4,relay,BS_3,se_3,1,550.0,550.0,proposed_optimal_dkmcs,throughput
39.0,we_10,relay,BS_1,we_11,1,550.0,550.0,proposed_optimal_dkmcs,throughput
39.0,wn_3,relay,BS_1,sn_12,1,550.0,550.0,proposed_optimal_dkmcs,throughput
39.0,ns_6,relay,BS_3,ns_7,1,550.0,550.0,proposed_optimal_dkmcs,throughput
39.0,se_2,relay,BS_1,we_11,1,550.0,550.0,proposed_optimal_dkmcs,throughput
39.0,ew_0,relay,BS_2,ew_7,1,440.00000000000006,550.0,proposed_optimal_dkmcs,throughput
39.0,ew_3,relay,BS_2,ew_0,1,550.0,550.0,proposed_optimal_dkmcs,throughput
39.0,ew_4,relay,BS_2,ew_7,1,550.0,550.0,proposed_optimal_dkmcs,throughput
39.0,ew_13,relay,BS_2,ew_14,1,550.0,550.0,proposed_optimal_dkmcs,throughput
39.0,sn_18,relay,BS_2,sn_17,1,550.0,550.0,proposed_optimal_dkmcs,throughput
39.0,ew_17,relay,BS_2,ew_19,1,550.0,550.0,proposed_optimal_dkmcs,throughput
39.0,wn_8,relay,BS_2,sn_19,1,550.0,550.0,proposed_optimal_dkmcs,throughput
39.0,ew_8,relay,BS_2,ew_9,1,550.0,550.0,proposed_optimal_dkmcs,throughput
39.0,sn_14,relay,BS_1,wn_4,1,550.0,550.0,proposed_optimal_dkmcs,throughput
39.0,ns_11,relay,BS_3,ns_10,1,550.0,550.0,proposed_optimal_dkmcs,throughput
39.0,we_5,relay,BS_1,we_4,1,550.0,550.0,proposed_optimal_dkmcs,throughput
39.0,sn_2,relay,BS_1,sn_0,1,550.0,550.0,proposed_optimal_dkmcs,throughput
39.0,ns_3,relay,BS_3,ns_1,1,550.0,550.0,proposed_optimal_dkmcs,throughput
39.0,sn_7,relay,BS_1,sn_6,1,550.0,550.0,proposed_optimal_dkmcs,throughput
39.0,ew_5,relay,BS_2,ew_7,1,550.0,550.0,proposed_optimal_dkmcs,throughput
39.0,sn_1,relay,BS_1,sn_0,1,550.0,550.0,proposed_optimal_dkmcs,throughput
39.0,wn_2,relay,BS_1,wn_1,1,550.0,550.0,proposed_optimal_dkmcs,throughput
39.0,ns_14,relay,BS_3,ns_12,1,550.0,550.0,proposed_optimal_dkmcs,throughput
39.0,we_7,relay,BS_1,we_4,1,550.0,550.0,proposed_optimal_dkmcs,throughput
39.0,we_1,relay,BS_3,we_2,1,550.0,550.0,proposed_optimal_dkmcs,throughput
39.0,ns_5,relay,BS_3,ns_7,1,550.0,550.0,proposed_optimal_dkmcs,throughput
39.0,we_0,relay,BS_3,we_2,1,550.0,550.0,proposed_optimal_dkmcs,throughput
39.0,ew_7,relay,BS_2,ew_0,1,440.00000000000006,550.0,proposed_optimal_dkmcs,throughput
39.0,ns_18,relay,BS_2,ns_16,1,550.0,550.0,proposed_optimal_dkmcs,throughput
39.0,ns_0,relay,BS_3,ns_1,1,550.0,550.0,proposed_optimal_dkmcs,throughput
39.0,we_18,relay,BS_2,we_16,1,550.0,550.0,proposed_optimal_dkmcs,throughput
39.0,sn_13,relay,BS_1,wn_4,1,550.0,550.0,proposed_optimal_dkmcs,throughput
39.0,se_3,relay,BS_3,se_4,1,550.0,550.0,proposed_optimal_dkmcs,throughput
39.0,se_1,relay,BS_1,we_11,1,550.0,550.0,proposed_optimal_dkmcs,throughput
39.0,se_8,relay,BS_2,se_7,1,550.0,550.0,proposed_optimal_dkmcs,throughput
39.0,ew_10,relay,BS_2,ew_9,1,550.0,550.0,proposed_optimal_dkmcs,throughput
39.0,ns_2,relay,BS_3,ns_1,1,550.0,550.0,proposed_optimal_dkmcs,throughput
39.0,wn_7,relay,BS_2,sn_19,1,550.0,550.0,proposed_optimal_dkmcs,throughput
39.0,ns_12,relay,BS_3,ns_13,1,550.0,550.0,proposed_optimal_dkmcs,throughput
39.0,ew_1,relay,BS_2,ew_0,1,550.0,550.0,proposed_optimal_dkmcs,throughput
39.0,we_3,relay,BS_3,we_2,1,550.0,550.0,proposed_optimal_dkmcs,throughput
39.0,ns_7,relay,BS_3,ns_1,1,440.00000000000006,550.0,proposed_optimal_dkmcs,throughput
39.0,ns_10,relay,BS_3,ns_11,1,550.0,550.0,proposed_optimal_dkmcs,throughput
39.0,wn_5,relay,BS_1,wn_4,1,550.0,550.0,proposed_optimal_dkmcs,throughput
39.0,ns_13,relay,BS_3,ns_12,1,550.0,550.0,proposed_optimal_dkmcs,throughput
39.0,we_17,relay,BS_2,we_16,1,550.0,550.0,proposed_optimal_dkmcs,throughput
39.0,sn_3,relay,BS_1,sn_0,1,550.0,550.0,proposed_optimal_dkmcs,throughput
39.0,we_9,relay,BS_1,we_11,1,550.0,550.0,proposed_optimal_dkmcs,throughput
39.0,ew_16,relay,BS_2,ew_19,1,550.0,550.0,proposed_optimal_dkmcs,throughput
39.0,wn_4,relay,BS_1,sn_12,1,550.0,550.0,proposed_optimal_dkmcs,throughput
39.0,sn_8,relay,BS_1,wn_1,1,550.0,550.0,proposed_optimal_dkmcs,throughput
39.0,sn_11,relay,BS_1,sn_10,1,550.0,550.0,proposed_optimal_dkmcs,throughput
39.0,ns_19,relay,BS_2,ns_16,1,550.0,550.0,proposed_optimal_dkmcs,throughput
39.0,ew_12,relay,BS_2,ew_14,1,550.0,550.0,proposed_optimal_dkmcs,throughput
39.0,se_6,relay,BS_2,se_7,1,550.0,550.0,proposed_optimal_dkmcs,throughput
39.0,ew_15,relay,BS_2,ew_14,1,550.0,550.0,proposed_optimal_dkmcs,throughput
39.0,sn_10,relay,BS_1,wn_1,1,550.0,550.0,proposed_optimal_dkmcs,throughput
39.0,wn_9,relay,BS_2,sn_17,1,440.00000000000006,550.0,proposed_optimal_dkmcs,throughput
39.0,sn_15,relay,BS_1,wn_4,1,550.0,550.0,proposed_optimal_dkmcs,throughput
39.0,ew_18,relay,BS_2,ew_19,1,550.0,550.0,proposed_optimal_dkmcs,throughput
39.0,we_11,relay,BS_3,se_2,1,550.0,550.0,proposed_optimal_dkmcs,throughput
39.0,sn_4,relay,BS_1,sn_6,1,550.0,550.0,proposed_optimal_dkmcs,throughput
39.0,ns_16,relay,BS_3,ns_13,1,440.00000000000006,550.0,proposed_optimal_dkmcs,throughput
39.0,sn_6,relay,BS_1,sn_5,1,550.0,550.0,proposed_optimal_dkmcs,throughput
39.0,sn_0,relay,BS_1,sn_6,1,440.00000000000006,550.0,proposed_optimal_dkmcs,throughput
39.0,ns_9,relay,BS_3,ns_10,1,550.0,550.0,proposed_optimal_dkmcs,throughput
39.0,ns_15,relay,BS_3,ns_13,1,550.0,550.0,proposed_optimal_dkmcs,throughput
39.0,ns_4,relay,BS_3,ns_7,1,550.0,550.0,proposed_optimal_dkmcs,throughput
39.0,ns_8,relay,BS_3,ns_10,1,550.0,550.0,proposed_optimal_dkmcs,throughput
39.0,ew_2,relay,BS_2,ew_0,1,550.0,550.0,proposed_optimal_dkmcs,throughput
39.0,we_15,relay,BS_3,se_3,1,550.0,550.0,proposed_optimal_dkmcs,throughput
39.0,wn_1,relay,BS_1,sn_10,1,550.0,550.0,proposed_optimal_dkmcs,throughput
39.0,we_4,relay,BS_1,we_7,1,550.0,550.0,proposed_optimal_dkmcs,throughput
39.0,ew_14,relay,BS_2,ew_19,1,440.00000000000006,550.0,proposed_optimal_dkmcs,throughput
39.0,sn_12,relay,BS_1,wn_4,1,550.0,550.0,proposed_optimal_dkmcs,throughput
39.0,we_13,relay,BS_3,se_3,1,550.0,550.0,proposed_optimal_dkmcs,throughput
39.0,sn_9,relay,BS_1,wn_1,1,550.0,550.0,proposed_optimal_dkmcs,throughput
39.0,se_5,relay,BS_3,se_3,1,550.0,550.0,proposed_optimal_dkmcs,throughput
39.0,wn_6,relay,BS_2,sn_19,1,550.0,550.0,proposed_optimal_dkmcs,throughput
39.0,se_0,relay,BS_3,se_2,1,550.0,550.0,proposed_optimal_dkmcs,throughput
39.0,wn_0,relay,BS_1,sn_10,1,550.0,550.0,proposed_optimal_dkmcs,throughput
39.0,ew_19,relay,BS_2,ew_14,1,440.00000000000006,550.0,proposed_optimal_dkmcs,throughput
39.0,we_12,relay,BS_3,se_3,1,550.0,550.0,proposed_optimal_dkmcs,throughput
39.0,we_6,relay,BS_1,we_7,1,550.0,550.0,proposed_optimal_dkmcs,throughput
39.0,we_19,relay,BS_2,we_16,1,550.0,550.0,proposed_optimal_dkmcs,throughput
39.0,ns_1,relay,BS_3,ns_7,1,440.00000000000006,550.0,proposed_optimal_dkmcs,throughput
39.0,we_2,relay,BS_1,we_7,1,440.00000000000006,550.0,proposed_optimal_dkmcs,throughput
40.0,we_16,relay,BS_2,se_8,1,550.0,550.0,proposed_optimal_dkmcs,throughput
40.0,se_7,relay,BS_2,se_8,1,550.0,550.0,proposed_optimal_dkmcs,throughput
40.0,sn_5,relay,BS_1,sn_6,1,550.0,550.0,proposed_optimal_dkmcs,throughput
40.0,ew_6,relay,BS_2,ew_7,1,550.0,550.0,proposed_optimal_dkmcs,throughput
40.0,ew_9,relay,BS_2,ew_8,1,550.0,550.0,proposed_optimal_dkmcs,throughput
40.0,se_9,relay,BS_2,se_8,1,440.00000000000006,550.0,proposed_optimal_dkmcs,throughput
40.0,sn_19,relay,BS_2,sn_18,1,550.0,550.0,proposed_optimal_dkmcs,throughput
40.0,we_8,relay,BS_1,se_1,1,550.0,550.0,proposed_optimal_dkmcs,throughput
40.0,we_14,relay,BS_3,se_5,1,550.0,550.0,proposed_optimal_dkmcs,throughput
40.0,ew_11,relay,BS_2,ew_8,1,550.0,550.0,proposed_optimal_dkmcs,throughput
40.0,sn_16,relay,BS_2,sn_18,1,550.0,550.0,proposed_optimal_dkmcs,throughput
40.0,ns_17,relay,BS_2,ns_18,1,550.0,550.0,proposed_optimal_dkmcs,throughput
40.0,sn_17,relay,BS_2,sn_18,1,550.0,550.0,proposed_optimal_dkmcs,throughput
40.0,se_4,relay,BS_3,se_5,1,550.0,550.0,proposed_optimal_dkmcs,throughput
40.0,we_10,relay,BS_1,se_1,1,550.0,550.0,proposed_optimal_dkmcs,throughput
40.0,wn_3,relay,BS_1,sn_13,1,550.0,550.0,proposed_optimal_dkmcs,throughput
40.0,ns_6,relay,BS_3,ns_0,1,440.00000000000006,550.0,proposed_optimal_dkmcs,throughput
40.0,se_2,relay,BS_1,se_1,1,550.0,550.0,proposed_optimal_dkmcs,throughput
40.0,ew_0,relay,BS_2,ew_7,1,440.00000000000006,550.0,proposed_optimal_dkmcs,throughput
40.0,ew_3,relay,BS_2,ew_0,1,550.0,550.0,proposed_optimal_dkmcs,throughput
40.0,ew_4,relay,BS_2,ew_7,1,550.0,550.0,proposed_optimal_dkmcs,throughput
40.0,ew_13,relay,BS_2,ew_12,1,550.0,550.0,proposed_optimal_dkmcs,throughput
40.0,sn_18,relay,BS_2,sn_19,1,550.0,550.0,proposed_optimal_dkmcs,throughput
40.0,ew_17,relay,BS_2,ew_12,1,440.00000000000006,550.0,proposed_optimal_dkmcs,throughput
40.0,wn_8,relay,BS_2,sn_19,1,550.0,550.0,proposed_optimal_dkmcs,throughput
40.0,ew_8,relay,BS_2,ew_14,1,440.00000000000006,550.0,proposed_optimal_dkmcs,throughput
40.0,sn_14,relay,BS_1,sn_13,1,550.0,550.0,proposed_optimal_dkmcs,throughput
40.0,ns_11,relay,BS_3,ns_8,1,550.0,550.0,proposed_optimal_dkmcs,throughput
40.0,we_5,relay,BS_1,we_6,1,550.0,550.0,proposed_optimal_dkmcs,throughput
40.0,sn_2,relay,BS_1,sn_0,1,550.0,550.0,proposed_optimal_dkmcs,throughput
40.0,ns_3,relay,BS_3,ns_0,1,550.0,550.0,proposed_optimal_dkmcs,throughput
40.0,sn_7,relay,BS_1,sn_6,1,550.0,550.0,proposed_optimal_dkmcs,throughput
40.0,ew_5,relay,BS_2,ew_7,1,550.0,550.0,proposed_optimal_dkmcs,throughput
40.0,sn_1,relay,BS_1,sn_2,1,550.0,550.0,proposed_optimal_dkmcs,throughput
40.0,wn_2,relay,BS_1,sn_9,1,550.0,550.0,proposed_optimal_dkmcs,throughput
40.0,ns_14,relay,BS_3,ns_13,1,550.0,550.0,proposed_optimal_dkmcs,throughput
40.0,we_7,relay,BS_1,we_6,1,550.0,550.0,proposed_optimal_dkmcs,throughput
40.0,we_1,relay,BS_1,we_2,1,550.0,550.0,proposed_optimal_dkmcs,throughput
40.0,ns_5,relay,BS_3,ns_6,1,550.0,550.0,proposed_optimal_dkmcs,throughput
40.0,we_0,relay,BS_1,we_2,1,550.0,550.0,proposed_optimal_dkmcs,throughput
40.0,ew_7,relay,BS_2,ew_0,1,440.00000000000006,550.0,proposed_optimal_dkmcs,throughput
40.0,ns_18,relay,BS_3,ns_14,1,440.00000000000006,550.0,proposed_optimal_dkmcs,throughput
40.0,ns_0,relay,BS_3,ns_1,1,550.0,550.0,proposed_optimal_dkmcs,throughput
40.0,we_18,relay,BS_2,se_8,1,550.0,550.0,proposed_optimal_dkmcs,throughput
40.0,sn_13,relay,BS_1,sn_15,1,550.0,550.0,proposed_optimal_dkmcs,throughput
40.0,se_3,relay,BS_3,se_5,1,550.0,550.0,proposed_optimal_dkmcs,throughput
40.0,se_1,relay,BS_3,se_0,1,550.0,550.0,proposed_optimal_dkmcs,throughput
40.0,se_8,relay,BS_2,se_6,1,550.0,550.0,proposed_optimal_dkmcs,throughput
40.0,ew_10,relay,BS_2,ew_8,1,550.0,550.0,proposed_optimal_dkmcs,throughput
40.0,ns_2,relay,BS_3,ns_0,1,550.0,550.0,proposed_optimal_dkmcs,throughput
40.0,wn_7,relay,BS_2,sn_19,1,550.0,550.0,proposed_optimal_dkmcs,throughput
40.0,ns_12,relay,BS_3,ns_13,1,550.0,550.0,proposed_optimal_dkmcs,throughput
40.0,ew_1,relay,BS_2,ew_0,1,550.0,550.0,proposed_optimal_dkmcs,throughput
40.0,we_3,relay,BS_1,we_2,1,550.0,550.0,proposed_optimal_dkmcs,throughput
40.0,ns_7,relay,BS_3,ns_6,1,550.0,550.0,proposed_optimal_dkmcs,throughput
40.0,ns_10,relay,BS_3,ns_8,1,550.0,550.0,proposed_optimal_dkmcs,throughput
40.0,wn_5,relay,BS_1,sn_13,1,550.0,550.0,proposed_optimal_dkmcs,throughput
40.0,ns_13,relay,BS_3,ns_14,1,550.0,550.0,proposed_optimal_dkmcs,throughput
40.0,we_17,relay,BS_2,se_8,1,550.0,550.0,proposed_optimal_dkmcs,throughput
40.0,we_9,relay,BS_1,se_1,1,550.0,550.0,proposed_optimal_dkmcs,throughput
40.0,ew_16,relay,BS_2,ew_12,1,440.00000000000006,550.0,proposed_optimal_dkmcs,throughput
40.0,wn_4,relay,BS_1,sn_13,1,550.0,550.0,proposed_optimal_dkmcs,throughput
40.0,sn_8,relay,BS_1,sn_9,1,550.0,550.0,proposed_optimal_dkmcs,throughput
40.0,sn_11,relay,BS_1,sn_9,1,550.0,550.0,proposed_optimal_dkmcs,throughput
40.0,ns_19,relay,BS_2,ns_18,1,550.0,550.0,proposed_optimal_dkmcs,throughput
40.0,ew_12,relay,BS_2,ew_14,1,550.0,550.0,proposed_optimal_dkmcs,throughput
40.0,se_6,relay,BS_2,se_8,1,550.0,550.0,proposed_optimal_dkmcs,throughput
40.0,ew_15,relay,BS_2,ew_12,1,550.0,550.0,proposed_optimal_dkmcs,throughput
40.0,sn_10,relay,BS_1,sn_9,1,550.0,550.0,proposed_optimal_dkmcs,throughput
40.0,wn_9,relay,BS_2,sn_19,1,440.00000000000006,550.0,proposed_optimal_dkmcs,throughput
40.0,sn_15,relay,BS_1,sn_13,1,550.0,550.0,proposed_optimal_dkmcs,throughput
40.0,ew_18,relay,BS_2,ew_12,1,440.00000000000006,550.0,proposed_optimal_dkmcs,throughput
40.0,we_11,relay,BS_1,se_1,1,550.0,550.0,proposed_optimal_dkmcs,throughput
40.0,sn_4,relay,BS_1,sn_6,1,550.0,550.0,proposed_optimal_dkmcs,throughput
40.0,ns_16,relay,BS_2,ns_18,1,550.0,550.0,proposed_optimal_dkmcs,throughput
40.0,sn_6,relay,BS_1,sn_0,1,440.00000000000006,550.0,proposed_optimal_dkmcs,throughput
40.0,sn_0,relay,BS_1,sn_2,1,550.0,550.0,proposed_optimal_dkmcs,throughput
40.0,ns_9,relay,BS_3,ns_8,1,550.0,550.0,proposed_optimal_dkmcs,throughput
40.0,ns_15,relay,BS_3,ns_14,1,550.0,550.0,proposed_optimal_dkmcs,throughput
40.0,ns_4,relay,BS_3,ns_6,1,550.0,550.0,proposed_optimal_dkmcs,throughput
40.0,ns_8,relay,BS_3,ns_14,1,440.00000000000006,550.0,proposed_optimal_dkmcs,throughput
40.0,ew_2,relay,BS_2,ew_0,1,550.0,550.0,proposed_optimal_dkmcs,throughput
40.0,we_15,relay,BS_3,se_5,1,550.0,550.0,proposed_optimal_dkmcs,throughput
40.0,wn_1,relay,BS_1,sn_9,1,550.0,550.0,proposed_optimal_dkmcs,throughput
40.0,we_4,relay,BS_1,we_6,1,550.0,550.0,proposed_optimal_dkmcs,throughput
40.0,ew_14,relay,BS_2,ew_12,1,550.0,550.0,proposed_optimal_dkmcs,throughput
40.0,sn_12,relay,BS_1,sn_13,1,550.0,550.0,proposed_optimal_dkmcs,throughput
40.0,we_13,relay,BS_3,se_5,1,550.0,550.0,proposed_optimal_dkmcs,throughput
40.0,sn_9,relay,BS_1,sn_11,1,550.0,550.0,proposed_optimal_dkmcs,throughput
40.0,se_5,relay,BS_3,we_13,1,550.0,550.0,proposed_optimal_dkmcs,throughput
40.0,wn_6,relay,BS_2,sn_18,1,550.0,550.0,proposed_optimal_dkmcs,throughput
40.0,se_0,relay,BS_1,se_1,1,550.0,550.0,proposed_optimal_dkmcs,throughput
40.0,wn_0,relay,BS_1,sn_9,1,550.0,550.0,proposed_optimal_dkmcs,throughput
40.0,ew_19,relay,BS_2,ew_12,1,440.00000000000006,550.0,proposed_optimal_dkmcs,throughput
40.0,we_12,relay,BS_3,se_5,1,550.0,550.0,proposed_optimal_dkmcs,throughput
40.0,we_6,relay,BS_3,we_0,1,440.00000000000006,550.0,proposed_optimal_dkmcs,throughput
40.0,we_19,relay,BS_2,se_8,1,550.0,550.0,proposed_optimal_dkmcs,throughput
40.0,ns_1,relay,BS_3,ns_0,1,550.0,550.0,proposed_optimal_dkmcs,throughput
40.0,we_2,relay,BS_3,we_0,1,550.0,550.0,proposed_optimal_dkmcs,throughput
41.0,we_16,relay,BS_2,we_17,1,550.0,550.0,proposed_optimal_dkmcs,throughput
41.0,se_7,relay,BS_2,we_17,1,550.0,550.0,proposed_optimal_dkmcs,throughput
41.0,sn_5,relay,BS_1,sn_4,1,550.0,550.0,proposed_optimal_dkmcs,throughput
41.0,ew_6,relay,BS_2,ew_5,1,550.0,550.0,proposed_optimal_dkmcs,throughput
41.0,ew_9,relay,BS_2,ew_5,1,440.00000000000006,550.0,proposed_optimal_dkmcs,throughput
41.0,se_9,relay,BS_2,we_17,1,440.00000000000006,550.0,proposed_optimal_dkmcs,throughput
41.0,sn_19,relay,BS_1,sn_17,1,550.0,550.0,proposed_optimal_dkmcs,throughput
41.0,we_8,relay,BS_2,we_11,1,550.0,550.0,proposed_optimal_dkmcs,throughput
41.0,we_14,relay,BS_3,se_4,1,550.0,550.0,proposed_optimal_dkmcs,throughput
41.0,ew_11,relay,BS_2,ew_9,1,550.0,550.0,proposed_optimal_dkmcs,throughput
41.0,sn_16,relay,BS_1,sn_17,1,550.0,550.0,proposed_optimal_dkmcs,throughput
41.0,ns_17,relay,BS_3,ns_18,1,550.0,550.0,proposed_optimal_dkmcs,throughput
41.0,sn_17,relay,BS_1,sn_18,1,550.0,550.0,proposed_optimal_dkmcs,throughput
41.0,se_4,relay,BS_3,we_14,1,550.0,550.0,proposed_optimal_dkmcs,throughput
41.0,we_10,relay,BS_2,we_11,1,550.0,550.0,proposed_optimal_dkmcs,throughput
41.0,wn_3,relay,BS_1,wn_4,1,550.0,550.0,proposed_optimal_dkmcs,throughput
41.0,ns_6,relay,BS_3,ns_7,1,550.0,550.0,proposed_optimal_dkmcs,throughput
41.0,se_2,relay,BS_2,we_11,1,550.0,550.0,proposed_optimal_dkmcs,throughput
41.0,ew_0,relay,BS_2,ew_2,1,550.0,550.0,proposed_optimal_dkmcs,throughput
41.0,ew_3,relay,BS_2,ew_0,1,550.0,550.0,proposed_optimal_dkmcs,throughput
41.0,ew_4,relay,BS_2,ew_5,1,550.0,550.0,proposed_optimal_dkmcs,throughput
41.0,ew_13,relay,BS_2,ew_12,1,550.0,550.0,proposed_optimal_dkmcs,throughput
41.0,sn_18,relay,BS_1,sn_17,1,550.0,550.0,proposed_optimal_dkmcs,throughput
41.0,ew_17,relay,BS_2,ew_16,1,550.0,550.0,proposed_optimal_dkmcs,throughput
41.0,wn_8,relay,BS_1,sn_17,1,550.0,550.0,proposed_optimal_dkmcs,throughput
41.0,ew_8,relay,BS_2,ew_9,1,550.0,550.0,proposed_optimal_dkmcs,throughput
41.0,sn_14,relay,BS_1,wn_4,1,550.0,550.0,proposed_optimal_dkmcs,throughput
41.0,ns_11,relay,BS_3,ns_8,1,550.0,550.0,proposed_optimal_dkmcs,throughput
41.0,we_5,relay,BS_2,we_11,1,440.00000000000006,550.0,proposed_optimal_dkmcs,throughput
41.0,sn_7,relay,BS_1,sn_4,1,550.0,550.0,proposed_optimal_dkmcs,throughput
41.0,ew_5,relay,BS_2,ew_0,1,440.00000000000006,550.0,proposed_optimal_dkmcs,throughput
41.0,wn_2,relay,BS_1,sn_8,1,550.0,550.0,proposed_optimal_dkmcs,throughput
41.0,ns_14,relay,BS_3,ns_12,1,550.0,550.0,proposed_optimal_dkmcs,throughput
41.0,we_7,relay,BS_1,we_5,1,550.0,550.0,proposed_optimal_dkmcs,throughput
41.0,we_1,relay,BS_1,we_0,1,550.0,550.0,proposed_optimal_dkmcs,throughput
41.0,ns_5,relay,BS_3,ns_7,1,550.0,550.0,proposed_optimal_dkmcs,throughput
41.0,we_0,relay,BS_3,we_1,1,550.0,550.0,proposed_optimal_dkmcs,throughput
41.0,ew_7,relay,BS_2,ew_5,1,550.0,550.0,proposed_optimal_dkmcs,throughput
41.0,ns_18,relay,BS_3,ns_12,1,440.00000000000006,550.0,proposed_optimal_dkmcs,throughput
41.0,ns_0,relay,BS_2,ns_1,1,550.0,550.0,proposed_optimal_dkmcs,throughput
41.0,we_18,relay,BS_2,we_17,1,550.0,550.0,proposed_optimal_dkmcs,throughput
41.0,sn_13,relay,BS_1,sn_14,1,550.0,550.0,proposed_optimal_dkmcs,throughput
41.0,se_3,relay,BS_3,se_4,1,550.0,550.0,proposed_optimal_dkmcs,throughput
41.0,se_1,relay,BS_2,we_11,1,550.0,550.0,proposed_optimal_dkmcs,throughput
41.0,se_8,relay,BS_2,we_17,1,550.0,550.0,proposed_optimal_dkmcs,throughput
41.0,ew_10,relay,BS_2,ew_9,1,550.0,550.0,proposed_optimal_dkmcs,throughput
41.0,wn_7,relay,BS_1,sn_17,1,550.0,550.0,proposed_optimal_dkmcs,throughput
41.0,ns_12,relay,BS_3,ns_15,1,550.0,550.0,proposed_optimal_dkmcs,throughput
41.0,ew_1,relay,BS_2,ew_2,1,550.0,550.0,proposed_optimal_dkmcs,throughput
41.0,we_3,relay,BS_3,we_1,1,550.0,550.0,proposed_optimal_dkmcs,throughput
41.0,ns_7,relay,BS_2,ns_1,1,440.00000000000006,550.0,proposed_optimal_dkmcs,throughput
41.0,ns_10,relay,BS_3,ns_8,1,550.0,550.0,proposed_optimal_dkmcs,throughput
41.0,wn_5,relay,BS_1,wn_4,1,550.0,550.0,proposed_optimal_dkmcs,throughput
41.0,ns_13,relay,BS_3,ns_15,1,550.0,550.0,proposed_optimal_dkmcs,throughput
41.0,we_17,relay,BS_1,se_7,1,550.0,550.0,proposed_optimal_dkmcs,throughput
41.0,we_9,relay,BS_2,we_11,1,550.0,550.0,proposed_optimal_dkmcs,throughput
41.0,ew_16,relay,BS_2,ew_12,1,440.00000000000006,550.0,proposed_optimal_dkmcs,throughput
41.0,wn_4,relay,BS_1,sn_14,1,550.0,550.0,proposed_optimal_dkmcs,throughput
41.0,sn_8,relay,BS_1,sn_11,1,550.0,550.0,proposed_optimal_dkmcs,throughput
41.0,sn_11,relay,BS_1,sn_8,1,550.0,550.0,proposed_optimal_dkmcs,throughput
41.0,ns_19,relay,BS_3,ns_18,1,550.0,550.0,proposed_optimal_dkmcs,throughput
41.0,ew_12,relay,BS_2,ew_14,1,550.0,550.0,proposed_optimal_dkmcs,throughput
41.0,se_6,relay,BS_1,se_7,1,550.0,550.0,proposed_optimal_dkmcs,throughput
41.0,ew_15,relay,BS_2,ew_14,1,550.0,550.0,proposed_optimal_dkmcs,throughput
41.0,sn_10,relay,BS_1,sn_8,1,550.0,550.0,proposed_optimal_dkmcs,throughput
41.0,wn_9,relay,BS_1,sn_17,1,440.00000000000006,550.0,proposed_optimal_dkmcs,throughput
41.0,sn_15,relay,BS_1,wn_4,1,550.0,550.0,proposed_optimal_dkmcs,throughput
41.0,ew_18,relay,BS_2,ew_16,1,550.0,550.0,proposed_optimal_dkmcs,throughput
41.0,we_11,relay,BS_3,se_2,1,550.0,550.0,proposed_optimal_dkmcs,throughput
41.0,sn_4,relay,BS_1,sn_11,1,440.00000000000006,550.0,proposed_optimal_dkmcs,throughput
41.0,ns_16,relay,BS_3,ns_18,1,550.0,550.0,proposed_optimal_dkmcs,throughput
41.0,sn_6,relay,BS_1,sn_4,1,550.0,550.0,proposed_optimal_dkmcs,throughput
41.0,ns_9,relay,BS_3,ns_8,1,550.0,550.0,proposed_optimal_dkmcs,throughput
41.0,ns_15,relay,BS_3,ns_12,1,550.0,550.0,proposed_optimal_dkmcs,throughput
41.0,ns_4,relay,BS_3,ns_7,1,550.0,550.0,proposed_optimal_dkmcs,throughput
41.0,ns_8,relay,BS_3,ns_15,1,440.00000000000006,550.0,proposed_optimal_dkmcs,throughput
41.0,ew_2,relay,BS_2,ew_0,1,550.0,550.0,proposed_optimal_dkmcs,throughput
41.0,we_15,relay,BS_3,se_4,1,550.0,550.0,proposed_optimal_dkmcs,throughput
41.0,wn_1,relay,BS_1,sn_8,1,550.0,550.0,proposed_optimal_dkmcs,throughput
41.0,we_4,relay,BS_1,we_5,1,550.0,550.0,proposed_optimal_dkmcs,throughput
41.0,ew_14,relay,BS_2,ew_12,1,550.0,550.0,proposed_optimal_dkmcs,throughput
41.0,sn_12,relay,BS_1,wn_4,1,550.0,550.0,proposed_optimal_dkmcs,throughput
41.0,we_13,relay,BS_3,we_14,1,550.0,550.0,proposed_optimal_dkmcs,throughput
41.0,sn_9,relay,BS_1,sn_8,1,550.0,550.0,proposed_optimal_dkmcs,throughput
41.0,se_5,relay,BS_3,se_4,1,550.0,550.0,proposed_optimal_dkmcs,throughput
41.0,wn_6,relay,BS_1,sn_17,1,550.0,550.0,proposed_optimal_dkmcs,throughput
41.0,se_0,relay,BS_2,we_11,1,550.0,550.0,proposed_optimal_dkmcs,throughput
41.0,wn_0,relay,BS_1,sn_8,1,550.0,550.0,proposed_optimal_dkmcs,throughput
41.0,ew_19,relay,BS_2,ew_16,1,550.0,550.0,proposed_optimal_dkmcs,throughput
41.0,we_12,relay,BS_3,we_14,1,550.0,550.0,proposed_optimal_dkmcs,throughput
41.0,we_6,relay,BS_1,we_5,1,550.0,550.0,proposed_optimal_dkmcs,throughput
41.0,we_19,relay,BS_2,we_17,1,550.0,550.0,proposed_optimal_dkmcs,throughput
41.0,ns_1,direct,BS_3,-1,1,550.0,550.0,proposed_optimal_dkmcs,throughput
41.0,we_2,relay,BS_3,we_1,1,550.0,550.0,proposed_optimal_dkmcs,throughput
42.0,we_16,relay,BS_3,we_17,1,550.0,550.0,proposed_optimal_dkmcs,throughput
42.0,se_7,relay,BS_3,we_17,1,550.0,550.0,proposed_optimal_dkmcs,throughput
42.0,sn_5,relay,BS_1,sn_7,1,550.0,550.0,proposed_optimal_dkmcs,throughput
42.0,ew_6,relay,BS_2,ew_7,1,550.0,550.0,proposed_optimal_dkmcs,throughput
42.0,ew_9,relay,BS_2,ew_11,1,550.0,550.0,proposed_optimal_dkmcs,throughput
42.0,se_9,relay,BS_3,we_17,1,440.00000000000006,550.0,proposed_optimal_dkmcs,throughput
42.0,sn_19,relay,BS_2,sn_17,1,550.0,550.0,proposed_optimal_dkmcs,throughput
42.0,we_8,relay,BS_1,se_0,1,550.0,550.0,proposed_optimal_dkmcs,throughput
42.0,we_14,relay,BS_3,we_15,1,550.0,550.0,proposed_optimal_dkmcs,throughput
42.0,ew_11,relay,BS_2,ew_5,1,440.00000000000006,550.0,proposed_optimal_dkmcs,throughput
42.0,sn_16,relay,BS_1,wn_6,1,550.0,550.0,proposed_optimal_dkmcs,throughput
42.0,ns_17,relay,BS_3,ns_18,1,550.0,550.0,proposed_optimal_dkmcs,throughput
42.0,sn_17,relay,BS_1,wn_6,1,550.0,550.0,proposed_optimal_dkmcs,throughput
42.0,se_4,relay,BS_3,we_15,1,550.0,550.0,proposed_optimal_dkmcs,throughput
42.0,we_10,relay,BS_1,se_0,1,550.0,550.0,proposed_optimal_dkmcs,throughput
42.0,wn_3,relay,BS_1,wn_5,1,550.0,550.0,proposed_optimal_dkmcs,throughput
42.0,ns_6,relay,BS_3,ns_5,1,550.0,550.0,proposed_optimal_dkmcs,throughput
42.0,se_2,relay,BS_1,se_0,1,550.0,550.0,proposed_optimal_dkmcs,throughput
42.0,ew_0,relay,BS_2,ew_1,1,550.0,550.0,proposed_optimal_dkmcs,throughput
42.0,ew_4,relay,BS_2,ew_5,1,550.0,550.0,proposed_optimal_dkmcs,throughput
42.0,ew_13,relay,BS_2,ew_12,1,550.0,550.0,proposed_optimal_dkmcs,throughput
42.0,sn_18,relay,BS_1,wn_6,1,550.0,550.0,proposed_optimal_dkmcs,throughput
42.0,ew_17,relay,BS_2,ew_18,1,550.0,550.0,proposed_optimal_dkmcs,throughput
42.0,wn_8,relay,BS_2,sn_17,1,550.0,550.0,proposed_optimal_dkmcs,throughput
42.0,ew_8,relay,BS_2,ew_11,1,550.0,550.0,proposed_optimal_dkmcs,throughput
42.0,sn_14,relay,BS_1,sn_13,1,550.0,550.0,proposed_optimal_dkmcs,throughput
42.0,ns_11,relay,BS_3,ns_10,1,550.0,550.0,proposed_optimal_dkmcs,throughput
42.0,we_5,relay,BS_3,we_4,1,550.0,550.0,proposed_optimal_dkmcs,throughput
42.0,sn_7,relay,BS_1,sn_6,1,550.0,550.0,proposed_optimal_dkmcs,throughput
42.0,ew_5,relay,BS_2,ew_7,1,550.0,550.0,proposed_optimal_dkmcs,throughput
42.0,wn_2,relay,BS_2,sn_9,1,550.0,550.0,proposed_optimal_dkmcs,throughput
42.0,ns_14,relay,BS_3,ns_15,1,550.0,550.0,proposed_optimal_dkmcs,throughput
42.0,we_7,relay,BS_3,we_4,1,550.0,550.0,proposed_optimal_dkmcs,throughput
42.0,we_1,direct,BS_1,-1,1,550.0,550.0,proposed_optimal_dkmcs,throughput
42.0,ns_5,relay,BS_3,ns_10,1,440.00000000000006,550.0,proposed_optimal_dkmcs,throughput
42.0,we_0,direct,BS_1,-1,1,550.0,550.0,proposed_optimal_dkmcs,throughput
42.0,ew_7,relay,BS_2,ew_5,1,550.0,550.0,proposed_optimal_dkmcs,throughput
42.0,ns_18,relay,BS_3,ns_19,1,550.0,550.0,proposed_optimal_dkmcs,throughput
42.0,we_18,relay,BS_3,we_17,1,550.0,550.0,proposed_optimal_dkmcs,throughput
42.0,sn_13,relay,BS_1,wn_5,1,550.0,550.0,proposed_optimal_dkmcs,throughput
42.0,se_3,relay,BS_3,we_15,1,550.0,550.0,proposed_optimal_dkmcs,throughput
42.0,se_1,relay,BS_1,se_0,1,550.0,550.0,proposed_optimal_dkmcs,throughput
42.0,se_8,relay,BS_3,we_17,1,550.0,550.0,proposed_optimal_dkmcs,throughput
42.0,ew_10,relay,BS_2,ew_11,1,550.0,550.0,proposed_optimal_dkmcs,throughput
42.0,wn_7,relay,BS_2,sn_17,1,550.0,550.0,proposed_optimal_dkmcs,throughput
42.0,ns_12,relay,BS_3,ns_15,1,550.0,550.0,proposed_optimal_dkmcs,throughput
42.0,ew_1,relay,BS_2,ew_7,1,440.00000000000006,550.0,proposed_optimal_dkmcs,throughput
42.0,ns_7,relay,BS_3,ns_5,1,550.0,550.0,proposed_optimal_dkmcs,throughput
42.0,ns_10,relay,BS_3,ns_9,1,550.0,550.0,proposed_optimal_dkmcs,throughput
42.0,wn_5,relay,BS_1,sn_13,1,550.0,550.0,proposed_optimal_dkmcs,throughput
42.0,ns_13,relay,BS_3,ns_15,1,550.0,550.0,proposed_optimal_dkmcs,throughput
42.0,we_17,relay,BS_2,we_18,1,550.0,550.0,proposed_optimal_dkmcs,throughput
42.0,we_9,relay,BS_1,se_0,1,550.0,550.0,proposed_optimal_dkmcs,throughput
42.0,ew_16,relay,BS_2,ew_18,1,550.0,550.0,proposed_optimal_dkmcs,throughput
42.0,wn_4,relay,BS_1,sn_13,1,550.0,550.0,proposed_optimal_dkmcs,throughput
42.0,sn_8,relay,BS_2,sn_9,1,550.0,550.0,proposed_optimal_dkmcs,throughput
42.0,sn_11,relay,BS_2,sn_9,1,550.0,550.0,proposed_optimal_dkmcs,throughput
42.0,ns_19,relay,BS_3,ns_18,1,550.0,550.0,proposed_optimal_dkmcs,throughput
42.0,ew_12,relay,BS_2,ew_14,1,550.0,550.0,proposed_optimal_dkmcs,throughput
42.0,se_6,relay,BS_3,we_17,1,550.0,550.0,proposed_optimal_dkmcs,throughput
42.0,ew_15,relay,BS_2,ew_14,1,550.0,550.0,proposed_optimal_dkmcs,throughput
42.0,sn_10,relay,BS_2,sn_9,1,550.0,550.0,proposed_optimal_dkmcs,throughput
42.0,wn_9,relay,BS_1,wn_6,1,440.00000000000006,550.0,proposed_optimal_dkmcs,throughput
42.0,sn_15,relay,BS_1,wn_5,1,550.0,550.0,proposed_optimal_dkmcs,throughput
42.0,ew_18,relay,BS_2,ew_12,1,440.00000000000006,550.0,proposed_optimal_dkmcs,throughput
42.0,we_11,relay,BS_1,se_2,1,550.0,550.0,proposed_optimal_dkmcs,throughput
42.0,sn_4,relay,BS_1,sn_6,1,550.0,550.0,proposed_optimal_dkmcs,throughput
42.0,ns_16,relay,BS_3,ns_19,1,550.0,550.0,proposed_optimal_dkmcs,throughput
42.0,sn_6,relay,BS_1,sn_7,1,550.0,550.0,proposed_optimal_dkmcs,throughput
42.0,ns_9,relay,BS_3,ns_10,1,550.0,550.0,proposed_optimal_dkmcs,throughput
42.0,ns_15,relay,BS_3,ns_9,1,440.00000000000006,550.0,proposed_optimal_dkmcs,throughput
42.0,ns_4,relay,BS_3,ns_5,1,550.0,550.0,proposed_optimal_dkmcs,throughput
42.0,ns_8,relay,BS_3,ns_10,1,550.0,550.0,proposed_optimal_dkmcs,throughput
42.0,ew_2,relay,BS_2,ew_1,1,550.0,550.0,proposed_optimal_dkmcs,throughput
42.0,we_15,relay,BS_3,se_4,1,550.0,550.0,proposed_optimal_dkmcs,throughput
42.0,wn_1,relay,BS_1,sn_8,1,550.0,550.0,proposed_optimal_dkmcs,throughput
42.0,we_4,relay,BS_1,se_2,1,440.00000000000006,550.0,proposed_optimal_dkmcs,throughput
42.0,ew_14,relay,BS_2,ew_12,1,550.0,550.0,proposed_optimal_dkmcs,throughput
42.0,sn_12,relay,BS_1,sn_13,1,550.0,550.0,proposed_optimal_dkmcs,throughput
42.0,we_13,relay,BS_3,se_4,1,550.0,550.0,proposed_optimal_dkmcs,throughput
42.0,sn_9,relay,BS_1,sn_8,1,550.0,550.0,proposed_optimal_dkmcs,throughput
42.0,se_5,relay,BS_3,we_15,1,550.0,550.0,proposed_optimal_dkmcs,throughput
42.0,wn_6,relay,BS_2,sn_17,1,550.0,550.0,proposed_optimal_dkmcs,throughput
42.0,se_0,relay,BS_1,se_2,1,550.0,550.0,proposed_optimal_dkmcs,throughput
42.0,wn_0,relay,BS_1,sn_8,1,550.0,550.0,proposed_optimal_dkmcs,throughput
42.0,ew_19,relay,BS_2,ew_18,1,550.0,550.0,proposed_optimal_dkmcs,throughput
42.0,we_12,relay,BS_3,se_4,1,550.0,550.0,proposed_optimal_dkmcs,throughput
42.0,we_6,relay,BS_3,we_4,1,550.0,550.0,proposed_optimal_dkmcs,throughput
42.0,we_19,relay,BS_3,we_17,1,550.0,550.0,proposed_optimal_dkmcs,throughput
43.0,we_16,relay,BS_1,se_8,1,550.0,550.0,proposed_optimal_dkmcs,throughput
43.0,se_7,relay,BS_3,we_19,1,550.0,550.0,proposed_optimal_dkmcs,throughput
43.0,sn_5,relay,BS_1,sn_6,1,550.0,550.0,proposed_optimal_dkmcs,throughput
43.0,ew_6,relay,BS_2,ew_4,1,550.0,550.0,proposed_optimal_dkmcs,throughput
43.0,ew_9,relay,BS_2,ew_14,1,440.00000000000006,550.0,proposed_optimal_dkmcs,throughput
43.0,se_9,relay,BS_3,we_19,1,440.00000000000006,550.0,proposed_optimal_dkmcs,throughput
43.0,sn_19,relay,BS_2,wn_7,1,550.0,550.0,proposed_optimal_dkmcs,throughput
43.0,we_8,relay,BS_2,se_0,1,550.0,550.0,proposed_optimal_dkmcs,throughput
43.0,we_14,relay,BS_1,we_15,1,550.0,550.0,proposed_optimal_dkmcs,throughput
43.0,ew_11,relay,BS_2,ew_9,1,550.0,550.0,proposed_optimal_dkmcs,throughput
43.0,sn_16,relay,BS_2,wn_7,1,550.0,550.0,proposed_optimal_dkmcs,throughput
43.0,ns_17,relay,BS_3,ns_18,1,550.0,550.0,proposed_optimal_dkmcs,throughput
43.0,sn_17,relay,BS_2,wn_7,1,550.0,550.0,proposed_optimal_dkmcs,throughput
43.0,se_4,relay,BS_3,we_14,1,550.0,550.0,proposed_optimal_dkmcs,throughput
43.0,we_10,relay,BS_2,se_0,1,550.0,550.0,proposed_optimal_dkmcs,throughput
43.0,wn_3,relay,BS_1,sn_14,1,550.0,550.0,proposed_optimal_dkmcs,throughput
43.0,ns_6,relay,BS_3,ns_7,1,550.0,550.0,proposed_optimal_dkmcs,throughput
43.0,se_2,relay,BS_2,se_0,1,550.0,550.0,proposed_optimal_dkmcs,throughput
43.0,ew_0,relay,BS_2,ew_7,1,440.00000000000006,550.0,proposed_optimal_dkmcs,throughput
43.0,ew_4,relay,BS_2,ew_7,1,550.0,550.0,proposed_optimal_dkmcs,throughput
43.0,ew_13,relay,BS_2,ew_14,1,550.0,550.0,proposed_optimal_dkmcs,throughput
43.0,sn_18,relay,BS_2,wn_7,1,550.0,550.0,proposed_optimal_dkmcs,throughput
43.0,ew_17,relay,BS_2,ew_16,1,550.0,550.0,proposed_optimal_dkmcs,throughput
43.0,wn_8,relay,BS_2,wn_7,1,550.0,550.0,proposed_optimal_dkmcs,throughput
43.0,ew_8,relay,BS_2,ew_9,1,550.0,550.0,proposed_optimal_dkmcs,throughput
43.0,sn_14,relay,BS_1,sn_13,1,550.0,550.0,proposed_optimal_dkmcs,throughput
43.0,ns_11,relay,BS_3,ns_5,1,440.00000000000006,550.0,proposed_optimal_dkmcs,throughput
43.0,we_5,relay,BS_3,we_7,1,550.0,550.0,proposed_optimal_dkmcs,throughput
43.0,ew_5,relay,BS_2,ew_7,1,550.0,550.0,proposed_optimal_dkmcs,throughput
43.0,wn_2,relay,BS_1,wn_1,1,550.0,550.0,proposed_optimal_dkmcs,throughput
43.0,ns_14,relay,BS_3,ns_12,1,550.0,550.0,proposed_optimal_dkmcs,throughput
43.0,we_7,relay,BS_1,we_5,1,550.0,550.0,proposed_optimal_dkmcs,throughput
43.0,ns_5,relay,BS_3,ns_7,1,550.0,550.0,proposed_optimal_dkmcs,throughput
43.0,ew_7,relay,BS_2,ew_4,1,550.0,550.0,proposed_optimal_dkmcs,throughput
43.0,ns_18,relay,BS_3,ns_19,1,550.0,550.0,proposed_optimal_dkmcs,throughput
43.0,we_18,relay,BS_1,se_8,1,550.0,550.0,proposed_optimal_dkmcs,throughput
43.0,sn_13,relay,BS_1,sn_14,1,550.0,550.0,proposed_optimal_dkmcs,throughput
43.0,se_3,relay,BS_3,we_14,1,550.0,550.0,proposed_optimal_dkmcs,throughput
43.0,se_1,relay,BS_2,se_0,1,550.0,550.0,proposed_optimal_dkmcs,throughput
43.0,se_8,relay,BS_3,we_19,1,550.0,550.0,proposed_optimal_dkmcs,throughput
43.0,ew_10,relay,BS_2,ew_9,1,550.0,550.0,proposed_optimal_dkmcs,throughput
43.0,wn_7,relay,BS_2,sn_17,1,550.0,550.0,proposed_optimal_dkmcs,throughput
43.0,ns_12,relay,BS_3,ns_15,1,550.0,550.0,proposed_optimal_dkmcs,throughput
43.0,ns_7,relay,BS_3,ns_5,1,550.0,550.0,proposed_optimal_dkmcs,throughput
43.0,ns_10,relay,BS_3,ns_11,1,550.0,550.0,proposed_optimal_dkmcs,throughput
43.0,wn_5,relay,BS_1,sn_14,1,550.0,550.0,proposed_optimal_dkmcs,throughput
43.0,ns_13,relay,BS_3,ns_12,1,550.0,550.0,proposed_optimal_dkmcs,throughput
43.0,we_17,relay,BS_1,se_8,1,550.0,550.0,proposed_optimal_dkmcs,throughput
43.0,we_9,relay,BS_2,se_0,1,550.0,550.0,proposed_optimal_dkmcs,throughput
43.0,ew_16,relay,BS_2,ew_18,1,550.0,550.0,proposed_optimal_dkmcs,throughput
43.0,wn_4,relay,BS_1,sn_14,1,550.0,550.0,proposed_optimal_dkmcs,throughput
43.0,sn_8,relay,BS_1,wn_2,1,550.0,550.0,proposed_optimal_dkmcs,throughput
43.0,sn_11,relay,BS_1,wn_2,1,550.0,550.0,proposed_optimal_dkmcs,throughput
43.0,ns_19,relay,BS_3,ns_18,1,550.0,550.0,proposed_optimal_dkmcs,throughput
43.0,ew_12,relay,BS_2,ew_15,1,550.0,550.0,proposed_optimal_dkmcs,throughput
43.0,se_6,relay,BS_1,se_8,1,550.0,550.0,proposed_optimal_dkmcs,throughput
43.0,ew_15,relay,BS_2,ew_14,1,550.0,550.0,proposed_optimal_dkmcs,throughput
43.0,sn_10,relay,BS_1,wn_2,1,550.0,550.0,proposed_optimal_dkmcs,throughput
43.0,wn_9,relay,BS_2,wn_7,1,440.00000000000006,550.0,proposed_optimal_dkmcs,throughput
43.0,sn_15,relay,BS_1,sn_13,1,550.0,550.0,proposed_optimal_dkmcs,throughput
43.0,ew_18,relay,BS_2,ew_16,1,550.0,550.0,proposed_optimal_dkmcs,throughput
43.0,we_11,relay,BS_1,we_9,1,550.0,550.0,proposed_optimal_dkmcs,throughput
43.0,sn_4,relay,BS_1,sn_6,1,550.0,550.0,proposed_optimal_dkmcs,throughput
43.0,ns_16,relay,BS_3,ns_19,1,550.0,550.0,proposed_optimal_dkmcs,throughput
43.0,sn_6,relay,BS_1,sn_4,1,550.0,550.0,proposed_optimal_dkmcs,throughput
43.0,ns_9,relay,BS_3,ns_11,1,550.0,550.0,proposed_optimal_dkmcs,throughput
43.0,ns_15,relay,BS_3,ns_12,1,550.0,550.0,proposed_optimal_dkmcs,throughput
43.0,ns_4,relay,BS_3,ns_5,1,550.0,550.0,proposed_optimal_dkmcs,throughput
43.0,ns_8,relay,BS_3,ns_11,1,550.0,550.0,proposed_optimal_dkmcs,throughput
43.0,we_15,relay,BS_3,we_14,1,550.0,550.0,proposed_optimal_dkmcs,throughput
43.0,wn_1,relay,BS_1,wn_2,1,550.0,550.0,proposed_optimal_dkmcs,throughput
43.0,we_4,relay,BS_1,we_5,1,550.0,550.0,proposed_optimal_dkmcs,throughput
43.0,ew_14,relay,BS_2,ew_15,1,550.0,550.0,proposed_optimal_dkmcs,throughput
43.0,sn_12,relay,BS_1,sn_13,1,550.0,550.0,proposed_optimal_dkmcs,throughput
43.0,we_13,relay,BS_3,we_14,1,550.0,550.0,proposed_optimal_dkmcs,throughput
43.0,sn_9,relay,BS_1,wn_2,1,550.0,550.0,proposed_optimal_dkmcs,throughput
43.0,se_5,relay,BS_3,we_14,1,550.0,550.0,proposed_optimal_dkmcs,throughput
43.0,wn_6,relay,BS_2,wn_7,1,550.0,550.0,proposed_optimal_dkmcs,throughput
43.0,se_0,relay,BS_1,we_9,1,550.0,550.0,proposed_optimal_dkmcs,throughput
43.0,wn_0,relay,BS_1,wn_2,1,550.0,550.0,proposed_optimal_dkmcs,throughput
43.0,ew_19,relay,BS_2,ew_18,1,550.0,550.0,proposed_optimal_dkmcs,throughput
43.0,we_12,relay,BS_3,we_14,1,550.0,550.0,proposed_optimal_dkmcs,throughput
43.0,we_6,relay,BS_3,we_7,1,550.0,550.0,proposed_optimal_dkmcs,throughput
43.0,we_19,relay,BS_1,se_8,1,550.0,550.0,proposed_optimal_dkmcs,throughput
44.0,we_16,relay,BS_1,we_17,1,550.0,550.0,proposed_optimal_dkmcs,throughput
44.0,se_7,relay,BS_1,we_18,1,550.0,550.0,proposed_optimal_dkmcs,throughput
44.0,ew_6,relay,BS_2,ew_5,1,550.0,550.0,proposed_optimal_dkmcs,throughput
44.0,ew_9,relay,BS_2,ew_8,1,550.0,550.0,proposed_optimal_dkmcs,throughput
44.0,se_9,relay,BS_1,we_17,1,440.00000000000006,550.0,proposed_optimal_dkmcs,throughput
44.0,sn_19,relay,BS_2,wn_7,1,550.0,550.0,proposed_optimal_dkmcs,throughput
44.0,we_8,relay,BS_1,we_9,1,550.0,550.0,proposed_optimal_dkmcs,throughput
44.0,we_14,relay,BS_3,se_4,1,550.0,550.0,proposed_optimal_dkmcs,throughput
44.0,ew_11,relay,BS_2,ew_8,1,550.0,550.0,proposed_optimal_dkmcs,throughput
44.0,sn_16,relay,BS_2,wn_7,1,550.0,550.0,proposed_optimal_dkmcs,throughput
44.0,ns_17,relay,BS_3,ns_19,1,550.0,550.0,proposed_optimal_dkmcs,throughput
44.0,sn_17,relay,BS_2,wn_7,1,550.0,550.0,proposed_optimal_dkmcs,throughput
44.0,se_4,relay,BS_1,we_12,1,550.0,550.0,proposed_optimal_dkmcs,throughput
44.0,we_10,relay,BS_1,we_9,1,550.0,550.0,proposed_optimal_dkmcs,throughput
44.0,wn_3,relay,BS_1,sn_14,1,550.0,550.0,proposed_optimal_dkmcs,throughput
44.0,se_2,relay,BS_1,we_9,1,550.0,550.0,proposed_optimal_dkmcs,throughput
44.0,ew_4,relay,BS_2,ew_6,1,550.0,550.0,proposed_optimal_dkmcs,throughput
44.0,ew_13,relay,BS_2,ew_14,1,550.0,550.0,proposed_optimal_dkmcs,throughput
44.0,sn_18,relay,BS_2,wn_7,1,550.0,550.0,proposed_optimal_dkmcs,throughput
44.0,ew_17,relay,BS_2,ew_18,1,550.0,550.0,proposed_optimal_dkmcs,throughput
44.0,wn_8,relay,BS_2,wn_7,1,550.0,550.0,proposed_optimal_dkmcs,throughput
44.0,ew_8,relay,BS_2,ew_10,1,550.0,550.0,proposed_optimal_dkmcs,throughput
44.0,sn_14,relay,BS_1,sn_13,1,550.0,550.0,proposed_optimal_dkmcs,throughput
44.0,ns_11,relay,BS_3,ns_8,1,550.0,550.0,proposed_optimal_dkmcs,throughput
44.0,we_5,relay,BS_3,we_6,1,550.0,550.0,proposed_optimal_dkmcs,throughput
44.0,ew_5,relay,BS_2,ew_6,1,550.0,550.0,proposed_optimal_dkmcs,throughput
44.0,wn_2,relay,BS_1,sn_10,1,550.0,550.0,proposed_optimal_dkmcs,throughput
44.0,ns_14,relay,BS_3,ns_15,1,550.0,550.0,proposed_optimal_dkmcs,throughput
44.0,we_7,relay,BS_3,we_6,1,550.0,550.0,proposed_optimal_dkmcs,throughput
44.0,ns_5,direct,BS_3,-1,1,550.0,550.0,proposed_optimal_dkmcs,throughput
44.0,ew_7,relay,BS_2,ew_5,1,550.0,550.0,proposed_optimal_dkmcs,throughput
44.0,ns_18,relay,BS_3,ns_19,1,550.0,550.0,proposed_optimal_dkmcs,throughput
44.0,we_18,relay,BS_1,we_17,1,550.0,550.0,proposed_optimal_dkmcs,throughput
44.0,sn_13,relay,BS_1,sn_14,1,550.0,550.0,proposed_optimal_dkmcs,throughput
44.0,se_3,relay,BS_3,se_4,1,550.0,550.0,proposed_optimal_dkmcs,throughput
44.0,se_1,relay,BS_1,we_9,1,550.0,550.0,proposed_optimal_dkmcs,throughput
44.0,se_8,relay,BS_1,we_18,1,550.0,550.0,proposed_optimal_dkmcs,throughput
44.0,ew_10,relay,BS_2,ew_8,1,550.0,550.0,proposed_optimal_dkmcs,throughput
44.0,wn_7,relay,BS_1,wn_6,1,550.0,550.0,proposed_optimal_dkmcs,throughput
44.0,ns_12,relay,BS_3,ns_14,1,550.0,550.0,proposed_optimal_dkmcs,throughput
44.0,ns_10,relay,BS_3,ns_8,1,550.0,550.0,proposed_optimal_dkmcs,throughput
44.0,wn_5,relay,BS_1,sn_13,1,550.0,550.0,proposed_optimal_dkmcs,throughput
44.0,ns_13,relay,BS_3,ns_14,1,550.0,550.0,proposed_optimal_dkmcs,throughput
44.0,we_17,relay,BS_1,we_18,1,550.0,550.0,proposed_optimal_dkmcs,throughput
44.0,we_9,relay,BS_3,we_8,1,550.0,550.0,proposed_optimal_dkmcs,throughput
44.0,ew_16,relay,BS_2,ew_18,1,550.0,550.0,proposed_optimal_dkmcs,throughput
44.0,wn_4,relay,BS_1,sn_13,1,550.0,550.0,proposed_optimal_dkmcs,throughput
44.0,sn_8,relay,BS_1,sn_10,1,550.0,550.0,proposed_optimal_dkmcs,throughput
44.0,sn_11,relay,BS_1,sn_10,1,550.0,550.0,proposed_optimal_dkmcs,throughput
44.0,ns_19,relay,BS_3,ns_18,1,550.0,550.0,proposed_optimal_dkmcs,throughput
44.0,ew_12,relay,BS_2,ew_14,1,550.0,550.0,proposed_optimal_dkmcs,throughput
44.0,se_6,relay,BS_1,we_17,1,550.0,550.0,proposed_optimal_dkmcs,throughput
44.0,ew_15,relay,BS_2,ew_12,1,550.0,550.0,proposed_optimal_dkmcs,throughput
44.0,sn_10,relay,BS_2,sn_8,1,550.0,550.0,proposed_optimal_dkmcs,throughput
44.0,wn_9,relay,BS_1,wn_6,1,440.00000000000006,550.0,proposed_optimal_dkmcs,throughput
44.0,sn_15,relay,BS_1,sn_13,1,550.0,550.0,proposed_optimal_dkmcs,throughput
44.0,ew_18,relay,BS_2,ew_12,1,440.00000000000006,550.0,proposed_optimal_dkmcs,throughput
44.0,we_11,relay,BS_1,we_9,1,550.0,550.0,proposed_optimal_dkmcs,throughput
44.0,sn_4,direct,BS_1,-1,1,550.0,550.0,proposed_optimal_dkmcs,throughput
44.0,ns_16,relay,BS_3,ns_18,1,550.0,550.0,proposed_optimal_dkmcs,throughput
44.0,ns_9,relay,BS_3,ns_8,1,550.0,550.0,proposed_optimal_dkmcs,throughput
44.0,ns_15,relay,BS_3,ns_14,1,550.0,550.0,proposed_optimal_dkmcs,throughput
44.0,ns_4,direct,BS_3,-1,1,550.0,550.0,proposed_optimal_dkmcs,throughput
44.0,ns_8,relay,BS_2,ns_11,1,550.0,550.0,proposed_optimal_dkmcs,throughput
44.0,we_15,relay,BS_3,se_4,1,550.0,550.0,proposed_optimal_dkmcs,throughput
44.0,wn_1,relay,BS_2,sn_8,1,550.0,550.0,proposed_optimal_dkmcs,throughput
44.0,we_4,relay,BS_3,we_6,1,550.0,550.0,proposed_optimal_dkmcs,throughput
44.0,ew_14,relay,BS_2,ew_12,1,550.0,550.0,proposed_optimal_dkmcs,throughput
44.0,sn_12,relay,BS_1,sn_13,1,550.0,550.0,proposed_optimal_dkmcs,throughput
44.0,we_13,relay,BS_3,se_4,1,550.0,550.0,proposed_optimal_dkmcs,throughput
44.0,sn_9,relay,BS_1,sn_10,1,550.0,550.0,proposed_optimal_dkmcs,throughput
44.0,se_5,relay,BS_3,se_4,1,550.0,550.0,proposed_optimal_dkmcs,throughput
44.0,wn_6,relay,BS_2,wn_7,1,550.0,550.0,proposed_optimal_dkmcs,throughput
44.0,se_0,relay,BS_1,we_9,1,550.0,550.0,proposed_optimal_dkmcs,throughput
44.0,wn_0,relay,BS_1,sn_14,1,550.0,550.0,proposed_optimal_dkmcs,throughput
44.0,ew_19,relay,BS_2,ew_18,1,550.0,550.0,proposed_optimal_dkmcs,throughput
44.0,we_12,relay,BS_3,se_4,1,550.0,550.0,proposed_optimal_dkmcs,throughput
44.0,we_6,relay,BS_1,we_4,1,550.0,550.0,proposed_optimal_dkmcs,throughput
44.0,we_19,relay,BS_1,we_18,1,550.0,550.0,proposed_optimal_dkmcs,throughput
45.0,se_1,relay,BS_3,se_2,1,550.0,550.0,proposed_optimal_dkmcs,throughput
45.0,we_16,relay,BS_1,se_8,1,550.0,550.0,proposed_optimal_dkmcs,throughput
45.0,se_8,direct,BS_1,-1,1,550.0,550.0,proposed_optimal_dkmcs,throughput
45.0,sn_15,relay,BS_1,sn_12,1,550.0,550.0,proposed_optimal_dkmcs,throughput
45.0,sn_10,relay,BS_1,wn_2,1,550.0,550.0,proposed_optimal_dkmcs,throughput
45.0,se_7,relay,BS_1,se_8,1,550.0,550.0,proposed_optimal_dkmcs,throughput
45.0,ew_18,relay,BS_2,ew_16,1,550.0,550.0,proposed_optimal_dkmcs,throughput
45.0,ew_4,relay,BS_2,ew_7,1,550.0,550.0,proposed_optimal_dkmcs,throughput
45.0,ew_6,relay,BS_2,ew_5,1,550.0,550.0,proposed_optimal_dkmcs,throughput
45.0,sn_18,relay,BS_2,wn_7,1,550.0,550.0,proposed_optimal_dkmcs,throughput
45.0,ew_13,relay,BS_2,ew_15,1,550.0,550.0,proposed_optimal_dkmcs,throughput
45.0,ew_17,relay,BS_2,ew_19,1,550.0,550.0,proposed_optimal_dkmcs,throughput
45.0,we_11,relay,BS_3,se_2,1,550.0,550.0,proposed_optimal_dkmcs,throughput
45.0,ew_8,relay,BS_2,ew_10,1,550.0,550.0,proposed_optimal_dkmcs,throughput
45.0,wn_8,relay,BS_2,wn_7,1,550.0,550.0,proposed_optimal_dkmcs,throughput
45.0,sn_14,relay,BS_1,sn_12,1,550.0,550.0,proposed_optimal_dkmcs,throughput
45.0,ew_10,relay,BS_2,ew_8,1,550.0,550.0,proposed_optimal_dkmcs,throughput
45.0,ns_16,relay,BS_3,ns_18,1,550.0,550.0,proposed_optimal_dkmcs,throughput
45.0,wn_7,relay,BS_1,wn_6,1,550.0,550.0,proposed_optimal_dkmcs,throughput
45.0,ns_12,relay,BS_3,ns_13,1,550.0,550.0,proposed_optimal_dkmcs,throughput
45.0,ns_11,relay,BS_3,ns_10,1,550.0,550.0,proposed_optimal_dkmcs,throughput
45.0,ew_9,relay,BS_2,ew_8,1,550.0,550.0,proposed_optimal_dkmcs,throughput
45.0,we_5,direct,BS_3,-1,1,550.0,550.0,proposed_optimal_dkmcs,throughput
45.0,ns_9,relay,BS_3,ns_10,1,550.0,550.0,proposed_optimal_dkmcs,throughput
45.0,se_9,direct,BS_1,-1,1,550.0,550.0,proposed_optimal_dkmcs,throughput
45.0,sn_19,relay,BS_2,wn_7,1,550.0,550.0,proposed_optimal_dkmcs,throughput
45.0,ns_15,relay,BS_3,ns_13,1,550.0,550.0,proposed_optimal_dkmcs,throughput
45.0,ns_10,direct,BS_3,-1,1,550.0,550.0,proposed_optimal_dkmcs,throughput
45.0,ns_8,relay,BS_3,ns_10,1,550.0,550.0,proposed_optimal_dkmcs,throughput
45.0,we_8,relay,BS_3,se_0,1,550.0,550.0,proposed_optimal_dkmcs,throughput
45.0,we_14,relay,BS_1,we_13,1,550.0,550.0,proposed_optimal_dkmcs,throughput
45.0,ew_11,relay,BS_2,ew_10,1,550.0,550.0,proposed_optimal_dkmcs,throughput
45.0,wn_5,relay,BS_1,sn_12,1,550.0,550.0,proposed_optimal_dkmcs,throughput
45.0,sn_16,relay,BS_2,wn_7,1,550.0,550.0,proposed_optimal_dkmcs,throughput
45.0,ns_13,direct,BS_3,-1,1,550.0,550.0,proposed_optimal_dkmcs,throughput
45.0,we_15,relay,BS_1,we_13,1,550.0,550.0,proposed_optimal_dkmcs,throughput
45.0,ew_5,relay,BS_2,ew_7,1,550.0,550.0,proposed_optimal_dkmcs,throughput
45.0,wn_2,relay,BS_2,sn_10,1,550.0,550.0,proposed_optimal_dkmcs,throughput
45.0,ns_17,relay,BS_3,ns_18,1,550.0,550.0,proposed_optimal_dkmcs,throughput
45.0,sn_17,relay,BS_2,wn_7,1,550.0,550.0,proposed_optimal_dkmcs,throughput
45.0,ns_14,relay,BS_3,ns_13,1,550.0,550.0,proposed_optimal_dkmcs,throughput
45.0,wn_1,relay,BS_1,wn_2,1,550.0,550.0,proposed_optimal_dkmcs,throughput
45.0,we_4,direct,BS_3,-1,1,550.0,550.0,proposed_optimal_dkmcs,throughput
45.0,we_17,relay,BS_1,se_8,1,550.0,550.0,proposed_optimal_dkmcs,throughput
45.0,sn_12,direct,BS_1,-1,1,550.0,550.0,proposed_optimal_dkmcs,throughput
45.0,ew_14,relay,BS_2,ew_15,1,550.0,550.0,proposed_optimal_dkmcs,throughput
45.0,se_4,relay,BS_1,we_13,1,550.0,550.0,proposed_optimal_dkmcs,throughput
45.0,we_10,relay,BS_3,se_0,1,550.0,550.0,proposed_optimal_dkmcs,throughput
45.0,we_13,relay,BS_1,se_5,1,550.0,550.0,proposed_optimal_dkmcs,throughput
45.0,we_9,relay,BS_3,se_0,1,550.0,550.0,proposed_optimal_dkmcs,throughput
45.0,ew_7,relay,BS_2,ew_5,1,550.0,550.0,proposed_optimal_dkmcs,throughput
45.0,sn_9,relay,BS_2,sn_10,1,550.0,550.0,proposed_optimal_dkmcs,throughput
45.0,wn_3,relay,BS_1,sn_12,1,550.0,550.0,proposed_optimal_dkmcs,throughput
45.0,ew_16,relay,BS_2,ew_19,1,550.0,550.0,proposed_optimal_dkmcs,throughput
45.0,wn_4,relay,BS_1,sn_12,1,550.0,550.0,proposed_optimal_dkmcs,throughput
45.0,se_5,relay,BS_1,we_13,1,550.0,550.0,proposed_optimal_dkmcs,throughput
45.0,wn_6,relay,BS_2,wn_7,1,550.0,550.0,proposed_optimal_dkmcs,throughput
45.0,se_0,relay,BS_3,se_2,1,550.0,550.0,proposed_optimal_dkmcs,throughput
45.0,ns_18,direct,BS_3,-1,1,550.0,550.0,proposed_optimal_dkmcs,throughput
45.0,sn_8,relay,BS_1,wn_2,1,550.0,550.0,proposed_optimal_dkmcs,throughput
45.0,sn_11,relay,BS_2,sn_10,1,550.0,550.0,proposed_optimal_dkmcs,throughput
45.0,ns_19,relay,BS_3,ns_18,1,550.0,550.0,proposed_optimal_dkmcs,throughput
45.0,wn_0,relay,BS_1,wn_2,1,550.0,550.0,proposed_optimal_dkmcs,throughput
45.0,ew_12,relay,BS_2,ew_14,1,550.0,550.0,proposed_optimal_dkmcs,throughput
45.0,we_18,relay,BS_1,se_8,1,550.0,550.0,proposed_optimal_dkmcs,throughput
45.0,ew_19,relay,BS_2,ew_16,1,550.0,550.0,proposed_optimal_dkmcs,throughput
45.0,we_12,relay,BS_1,we_13,1,550.0,550.0,proposed_optimal_dkmcs,throughput
45.0,se_6,relay,BS_1,se_8,1,550.0,550.0,proposed_optimal_dkmcs,throughput
45.0,we_19,relay,BS_1,se_8,1,550.0,550.0,proposed_optimal_dkmcs,throughput
45.0,sn_13,relay,BS_1,sn_12,1,550.0,550.0,proposed_optimal_dkmcs,throughput
45.0,ew_15,relay,BS_2,ew_14,1,550.0,550.0,proposed_optimal_dkmcs,throughput
45.0,se_2,relay,BS_3,se_0,1,550.0,550.0,proposed_optimal_dkmcs,throughput
45.0,se_3,relay,BS_1,se_5,1,550.0,550.0,proposed_optimal_dkmcs,throughput
45.0,wn_9,direct,BS_1,-1,1,550.0,550.0,proposed_optimal_dkmcs,throughput
46.0,se_1,relay,BS_2,we_9,1,550.0,550.0,proposed_optimal_dkmcs,throughput
46.0,we_16,relay,BS_1,se_6,1,550.0,550.0,proposed_optimal_dkmcs,throughput
46.0,se_8,relay,BS_1,we_16,1,550.0,550.0,proposed_optimal_dkmcs,throughput
46.0,sn_15,relay,BS_1,wn_1,1,550.0,550.0,proposed_optimal_dkmcs,throughput
46.0,sn_10,relay,BS_1,sn_8,1,550.0,550.0,proposed_optimal_dkmcs,throughput
46.0,se_7,relay,BS_1,we_16,1,550.0,550.0,proposed_optimal_dkmcs,throughput
46.0,ew_18,relay,BS_2,ew_16,1,550.0,550.0,proposed_optimal_dkmcs,throughput
46.0,ew_4,direct,BS_2,-1,1,550.0,550.0,proposed_optimal_dkmcs,throughput
46.0,ew_13,relay,BS_2,ew_15,1,550.0,550.0,proposed_optimal_dkmcs,throughput
46.0,sn_18,relay,BS_1,sn_19,1,550.0,550.0,proposed_optimal_dkmcs,throughput
46.0,ew_17,relay,BS_2,ew_19,1,550.0,550.0,proposed_optimal_dkmcs,throughput
46.0,wn_8,relay,BS_1,sn_17,1,550.0,550.0,proposed_optimal_dkmcs,throughput
46.0,we_11,relay,BS_3,we_10,1,550.0,550.0,proposed_optimal_dkmcs,throughput
46.0,ew_8,relay,BS_2,ew_10,1,550.0,550.0,proposed_optimal_dkmcs,throughput
46.0,sn_14,relay,BS_1,wn_1,1,550.0,550.0,proposed_optimal_dkmcs,throughput
46.0,ew_10,relay,BS_2,ew_8,1,550.0,550.0,proposed_optimal_dkmcs,throughput
46.0,ns_16,relay,BS_3,ns_17,1,550.0,550.0,proposed_optimal_dkmcs,throughput
46.0,wn_7,relay,BS_1,sn_17,1,550.0,550.0,proposed_optimal_dkmcs,throughput
46.0,ns_12,relay,BS_3,ns_15,1,550.0,550.0,proposed_optimal_dkmcs,throughput
46.0,ns_11,relay,BS_3,ns_9,1,550.0,550.0,proposed_optimal_dkmcs,throughput
46.0,ew_9,relay,BS_2,ew_10,1,550.0,550.0,proposed_optimal_dkmcs,throughput
46.0,ns_9,relay,BS_3,ns_11,1,550.0,550.0,proposed_optimal_dkmcs,throughput
46.0,se_9,direct,BS_1,-1,1,550.0,550.0,proposed_optimal_dkmcs,throughput
46.0,sn_19,relay,BS_1,sn_17,1,550.0,550.0,proposed_optimal_dkmcs,throughput
46.0,ns_15,relay,BS_3,ns_12,1,550.0,550.0,proposed_optimal_dkmcs,throughput
46.0,ns_10,relay,BS_3,ns_9,1,550.0,550.0,proposed_optimal_dkmcs,throughput
46.0,ns_8,relay,BS_3,ns_9,1,550.0,550.0,proposed_optimal_dkmcs,throughput
46.0,we_8,direct,BS_3,-1,1,550.0,550.0,proposed_optimal_dkmcs,throughput
46.0,we_14,relay,BS_2,we_12,1,550.0,550.0,proposed_optimal_dkmcs,throughput
46.0,ew_11,relay,BS_2,ew_10,1,550.0,550.0,proposed_optimal_dkmcs,throughput
46.0,wn_5,relay,BS_1,sn_14,1,550.0,550.0,proposed_optimal_dkmcs,throughput
46.0,sn_16,relay,BS_1,sn_17,1,550.0,550.0,proposed_optimal_dkmcs,throughput
46.0,ns_13,relay,BS_3,ns_12,1,550.0,550.0,proposed_optimal_dkmcs,throughput
46.0,we_15,relay,BS_2,we_12,1,550.0,550.0,proposed_optimal_dkmcs,throughput
46.0,ew_5,direct,BS_2,-1,1,550.0,550.0,proposed_optimal_dkmcs,throughput
46.0,wn_2,relay,BS_1,wn_1,1,550.0,550.0,proposed_optimal_dkmcs,throughput
46.0,ns_17,relay,BS_3,ns_16,1,550.0,550.0,proposed_optimal_dkmcs,throughput
46.0,sn_17,relay,BS_1,sn_19,1,550.0,550.0,proposed_optimal_dkmcs,throughput
46.0,ns_14,relay,BS_3,ns_12,1,550.0,550.0,proposed_optimal_dkmcs,throughput
46.0,wn_1,relay,BS_1,sn_8,1,550.0,550.0,proposed_optimal_dkmcs,throughput
46.0,we_4,direct,BS_1,-1,1,550.0,550.0,proposed_optimal_dkmcs,throughput
46.0,we_17,relay,BS_1,we_16,1,550.0,550.0,proposed_optimal_dkmcs,throughput
46.0,sn_12,relay,BS_1,sn_14,1,550.0,550.0,proposed_optimal_dkmcs,throughput
46.0,ew_14,relay,BS_2,ew_15,1,550.0,550.0,proposed_optimal_dkmcs,throughput
46.0,se_4,direct,BS_3,-1,1,550.0,550.0,proposed_optimal_dkmcs,throughput
46.0,we_10,relay,BS_2,we_9,1,550.0,550.0,proposed_optimal_dkmcs,throughput
46.0,we_13,relay,BS_2,we_12,1,550.0,550.0,proposed_optimal_dkmcs,throughput
46.0,we_9,relay,BS_3,we_10,1,550.0,550.0,proposed_optimal_dkmcs,throughput
46.0,sn_9,relay,BS_1,wn_1,1,550.0,550.0,proposed_optimal_dkmcs,throughput
46.0,wn_3,relay,BS_1,sn_19,1,550.0,550.0,proposed_optimal_dkmcs,throughput
46.0,ew_16,relay,BS_2,ew_19,1,550.0,550.0,proposed_optimal_dkmcs,throughput
46.0,wn_4,relay,BS_1,sn_19,1,550.0,550.0,proposed_optimal_dkmcs,throughput
46.0,se_5,relay,BS_2,we_12,1,550.0,550.0,proposed_optimal_dkmcs,throughput
46.0,wn_6,relay,BS_1,sn_17,1,550.0,550.0,proposed_optimal_dkmcs,throughput
46.0,se_0,relay,BS_2,we_9,1,550.0,550.0,proposed_optimal_dkmcs,throughput
46.0,ns_18,relay,BS_3,ns_16,1,550.0,550.0,proposed_optimal_dkmcs,throughput
46.0,sn_8,relay,BS_1,wn_1,1,550.0,550.0,proposed_optimal_dkmcs,throughput
46.0,sn_11,relay,BS_1,sn_8,1,550.0,550.0,proposed_optimal_dkmcs,throughput
46.0,ns_19,relay,BS_3,ns_17,1,550.0,550.0,proposed_optimal_dkmcs,throughput
46.0,wn_0,relay,BS_1,wn_1,1,550.0,550.0,proposed_optimal_dkmcs,throughput
46.0,ew_12,relay,BS_2,ew_15,1,550.0,550.0,proposed_optimal_dkmcs,throughput
46.0,we_18,relay,BS_1,we_16,1,550.0,550.0,proposed_optimal_dkmcs,throughput
46.0,ew_19,relay,BS_2,ew_16,1,550.0,550.0,proposed_optimal_dkmcs,throughput
46.0,we_12,direct,BS_3,-1,1,550.0,550.0,proposed_optimal_dkmcs,throughput
46.0,se_6,relay,BS_1,we_16,1,550.0,550.0,proposed_optimal_dkmcs,throughput
46.0,we_19,relay,BS_1,we_16,1,550.0,550.0,proposed_optimal_dkmcs,throughput
46.0,sn_13,relay,BS_1,sn_14,1,550.0,550.0,proposed_optimal_dkmcs,throughput
46.0,ew_15,relay,BS_2,ew_12,1,550.0,550.0,proposed_optimal_dkmcs,throughput
46.0,se_2,relay,BS_2,we_9,1,550.0,550.0,proposed_optimal_dkmcs,throughput
46.0,se_3,relay,BS_2,we_12,1,550.0,550.0,proposed_optimal_dkmcs,throughput
46.0,wn_9,direct,BS_1,-1,1,550.0,550.0,proposed_optimal_dkmcs,throughput
47.0,se_1,relay,BS_1,se_2,1,550.0,550.0,proposed_optimal_dkmcs,throughput
47.0,we_16,relay,BS_3,se_8,1,550.0,550.0,proposed_optimal_dkmcs,throughput
47.0,se_8,relay,BS_1,we_16,1,550.0,550.0,proposed_optimal_dkmcs,throughput
47.0,sn_15,relay,BS_2,sn_12,1,550.0,550.0,proposed_optimal_dkmcs,throughput
47.0,se_7,relay,BS_1,we_16,1,550.0,550.0,proposed_optimal_dkmcs,throughput
47.0,ew_18,relay,BS_2,ew_19,1,550.0,550.0,proposed_optimal_dkmcs,throughput
47.0,ew_13,relay,BS_2,ew_12,1,550.0,550.0,proposed_optimal_dkmcs,throughput
47.0,ew_17,relay,BS_2,ew_18,1,550.0,550.0,proposed_optimal_dkmcs,throughput
47.0,sn_18,relay,BS_1,sn_17,1,550.0,550.0,proposed_optimal_dkmcs,throughput
47.0,wn_8,direct,BS_1,-1,1,550.0,550.0,proposed_optimal_dkmcs,throughput
47.0,we_11,relay,BS_1,se_2,1,550.0,550.0,proposed_optimal_dkmcs,throughput
47.0,ew_8,relay,BS_2,ew_9,1,550.0,550.0,proposed_optimal_dkmcs,throughput
47.0,sn_14,relay,BS_1,sn_15,1,550.0,550.0,proposed_optimal_dkmcs,throughput
47.0,ew_10,relay,BS_2,ew_9,1,550.0,550.0,proposed_optimal_dkmcs,throughput
47.0,ns_16,direct,BS_3,-1,1,550.0,550.0,proposed_optimal_dkmcs,throughput
47.0,wn_7,relay,BS_1,sn_17,1,550.0,550.0,proposed_optimal_dkmcs,throughput
47.0,ns_12,relay,BS_2,ns_14,1,550.0,550.0,proposed_optimal_dkmcs,throughput
47.0,ew_9,direct,BS_2,-1,1,550.0,550.0,proposed_optimal_dkmcs,throughput
47.0,ns_9,relay,BS_3,ns_8,1,550.0,550.0,proposed_optimal_dkmcs,throughput
47.0,se_9,direct,BS_3,-1,1,550.0,550.0,proposed_optimal_dkmcs,throughput
47.0,sn_19,relay,BS_1,sn_17,1,550.0,550.0,proposed_optimal_dkmcs,throughput
47.0,ns_15,relay,BS_2,ns_14,1,550.0,550.0,proposed_optimal_dkmcs,throughput
47.0,ns_10,relay,BS_3,ns_8,1,550.0,550.0,proposed_optimal_dkmcs,throughput
47.0,ns_8,direct,BS_3,-1,1,550.0,550.0,proposed_optimal_dkmcs,throughput
47.0,we_8,relay,BS_1,se_2,1,550.0,550.0,proposed_optimal_dkmcs,throughput
47.0,we_14,relay,BS_2,se_5,1,550.0,550.0,proposed_optimal_dkmcs,throughput
47.0,ew_11,relay,BS_2,ew_9,1,550.0,550.0,proposed_optimal_dkmcs,throughput
47.0,wn_5,relay,BS_2,sn_12,1,550.0,550.0,proposed_optimal_dkmcs,throughput
47.0,sn_16,relay,BS_1,sn_17,1,550.0,550.0,proposed_optimal_dkmcs,throughput
47.0,ns_13,relay,BS_2,ns_14,1,550.0,550.0,proposed_optimal_dkmcs,throughput
47.0,we_15,relay,BS_2,se_5,1,550.0,550.0,proposed_optimal_dkmcs,throughput
47.0,wn_2,relay,BS_1,sn_15,1,550.0,550.0,proposed_optimal_dkmcs,throughput
47.0,ns_17,relay,BS_3,ns_19,1,550.0,550.0,proposed_optimal_dkmcs,throughput
47.0,sn_17,relay,BS_2,sn_19,1,550.0,550.0,proposed_optimal_dkmcs,throughput
47.0,ns_14,direct,BS_3,-1,1,550.0,550.0,proposed_optimal_dkmcs,throughput
47.0,wn_1,relay,BS_1,sn_15,1,550.0,550.0,proposed_optimal_dkmcs,throughput
47.0,we_17,relay,BS_1,we_16,1,550.0,550.0,proposed_optimal_dkmcs,throughput
47.0,ew_14,relay,BS_2,ew_12,1,550.0,550.0,proposed_optimal_dkmcs,throughput
47.0,sn_12,relay,BS_1,sn_15,1,550.0,550.0,proposed_optimal_dkmcs,throughput
47.0,se_4,relay,BS_2,se_5,1,550.0,550.0,proposed_optimal_dkmcs,throughput
47.0,we_10,relay,BS_1,se_2,1,550.0,550.0,proposed_optimal_dkmcs,throughput
47.0,we_13,direct,BS_3,-1,1,550.0,550.0,proposed_optimal_dkmcs,throughput
47.0,we_9,relay,BS_1,we_10,1,550.0,550.0,proposed_optimal_dkmcs,throughput
47.0,wn_3,relay,BS_2,sn_19,1,550.0,550.0,proposed_optimal_dkmcs,throughput
47.0,ew_16,relay,BS_2,ew_18,1,550.0,550.0,proposed_optimal_dkmcs,throughput
47.0,wn_4,relay,BS_2,sn_19,1,550.0,550.0,proposed_optimal_dkmcs,throughput
47.0,se_5,direct,BS_1,-1,1,550.0,550.0,proposed_optimal_dkmcs,throughput
47.0,wn_6,relay,BS_1,sn_17,1,550.0,550.0,proposed_optimal_dkmcs,throughput
47.0,se_0,relay,BS_1,we_10,1,550.0,550.0,proposed_optimal_dkmcs,throughput
47.0,ns_18,relay,BS_3,ns_19,1,550.0,550.0,proposed_optimal_dkmcs,throughput
47.0,sn_8,direct,BS_1,-1,1,550.0,550.0,proposed_optimal_dkmcs,throughput
47.0,ns_19,relay,BS_3,ns_18,1,550.0,550.0,proposed_optimal_dkmcs,throughput
47.0,wn_0,relay,BS_1,sn_15,1,550.0,550.0,proposed_optimal_dkmcs,throughput
47.0,ew_12,relay,BS_2,ew_14,1,550.0,550.0,proposed_optimal_dkmcs,throughput
47.0,we_18,relay,BS_3,se_8,1,550.0,550.0,proposed_optimal_dkmcs,throughput
47.0,ew_19,relay,BS_2,ew_18,1,550.0,550.0,proposed_optimal_dkmcs,throughput
47.0,we_12,relay,BS_2,se_5,1,550.0,550.0,proposed_optimal_dkmcs,throughput
47.0,se_6,relay,BS_1,we_16,1,550.0,550.0,proposed_optimal_dkmcs,throughput
47.0,we_19,relay,BS_3,se_8,1,550.0,550.0,proposed_optimal_dkmcs,throughput
47.0,sn_13,relay,BS_1,sn_15,1,550.0,550.0,proposed_optimal_dkmcs,throughput
47.0,ew_15,relay,BS_2,ew_14,1,550.0,550.0,proposed_optimal_dkmcs,throughput
47.0,se_2,direct,BS_3,-1,1,550.0,550.0,proposed_optimal_dkmcs,throughput
47.0,se_3,relay,BS_2,se_5,1,550.0,550.0,proposed_optimal_dkmcs,throughput
47.0,wn_9,direct,BS_1,-1,1,550.0,550.0,proposed_optimal_dkmcs,throughput
48.0,se_1,relay,BS_1,we_8,1,550.0,550.0,proposed_optimal_dkmcs,throughput
48.0,we_16,relay,BS_1,se_7,1,550.0,550.0,proposed_optimal_dkmcs,throughput
48.0,se_8,relay,BS_1,se_7,1,550.0,550.0,proposed_optimal_dkmcs,throughput
48.0,sn_15,relay,BS_2,wn_1,1,550.0,550.0,proposed_optimal_dkmcs,throughput
48.0,se_7,relay,BS_2,we_16,1,550.0,550.0,proposed_optimal_dkmcs,throughput
48.0,ew_18,relay,BS_2,ew_17,1,550.0,550.0,proposed_optimal_dkmcs,throughput
48.0,ew_13,relay,BS_2,ew_14,1,550.0,550.0,proposed_optimal_dkmcs,throughput
48.0,ew_17,relay,BS_2,ew_16,1,550.0,550.0,proposed_optimal_dkmcs,throughput
48.0,sn_18,relay,BS_1,wn_4,1,550.0,550.0,proposed_optimal_dkmcs,throughput
48.0,wn_8,direct,BS_1,-1,1,550.0,550.0,proposed_optimal_dkmcs,throughput
48.0,ew_8,relay,BS_2,ew_10,1,550.0,550.0,proposed_optimal_dkmcs,throughput
48.0,sn_14,relay,BS_2,wn_1,1,550.0,550.0,proposed_optimal_dkmcs,throughput
48.0,ew_10,relay,BS_2,ew_8,1,550.0,550.0,proposed_optimal_dkmcs,throughput
48.0,ns_16,relay,BS_3,ns_18,1,550.0,550.0,proposed_optimal_dkmcs,throughput
48.0,wn_7,relay,BS_1,wn_8,1,550.0,550.0,proposed_optimal_dkmcs,throughput
48.0,ns_12,direct,BS_3,-1,1,550.0,550.0,proposed_optimal_dkmcs,throughput
48.0,ew_9,relay,BS_2,ew_8,1,550.0,550.0,proposed_optimal_dkmcs,throughput
48.0,se_9,direct,BS_3,-1,1,550.0,550.0,proposed_optimal_dkmcs,throughput
48.0,sn_19,relay,BS_1,wn_4,1,550.0,550.0,proposed_optimal_dkmcs,throughput
48.0,ns_15,relay,BS_3,ns_12,1,550.0,550.0,proposed_optimal_dkmcs,throughput
48.0,we_8,direct,BS_3,-1,1,550.0,550.0,proposed_optimal_dkmcs,throughput
48.0,we_14,relay,BS_2,se_4,1,550.0,550.0,proposed_optimal_dkmcs,throughput
48.0,ew_11,relay,BS_2,ew_10,1,550.0,550.0,proposed_optimal_dkmcs,throughput
48.0,wn_5,relay,BS_1,wn_4,1,550.0,550.0,proposed_optimal_dkmcs,throughput
48.0,sn_16,relay,BS_1,wn_8,1,550.0,550.0,proposed_optimal_dkmcs,throughput
48.0,ns_13,relay,BS_3,ns_12,1,550.0,550.0,proposed_optimal_dkmcs,throughput
48.0,we_15,direct,BS_1,-1,1,550.0,550.0,proposed_optimal_dkmcs,throughput
48.0,wn_2,relay,BS_2,wn_1,1,550.0,550.0,proposed_optimal_dkmcs,throughput
48.0,ns_17,relay,BS_3,ns_18,1,550.0,550.0,proposed_optimal_dkmcs,throughput
48.0,sn_17,relay,BS_1,wn_8,1,550.0,550.0,proposed_optimal_dkmcs,throughput
48.0,ns_14,relay,BS_3,ns_12,1,550.0,550.0,proposed_optimal_dkmcs,throughput
48.0,wn_1,direct,BS_1,-1,1,550.0,550.0,proposed_optimal_dkmcs,throughput
48.0,we_17,relay,BS_2,we_16,1,550.0,550.0,proposed_optimal_dkmcs,throughput
48.0,ew_14,relay,BS_2,ew_13,1,550.0,550.0,proposed_optimal_dkmcs,throughput
48.0,sn_12,relay,BS_1,sn_14,1,550.0,550.0,proposed_optimal_dkmcs,throughput
48.0,se_4,direct,BS_3,-1,1,550.0,550.0,proposed_optimal_dkmcs,throughput
48.0,we_10,relay,BS_1,we_8,1,550.0,550.0,proposed_optimal_dkmcs,throughput
48.0,we_13,relay,BS_2,se_4,1,550.0,550.0,proposed_optimal_dkmcs,throughput
48.0,we_9,relay,BS_1,we_8,1,550.0,550.0,proposed_optimal_dkmcs,throughput
48.0,wn_3,relay,BS_1,wn_4,1,550.0,550.0,proposed_optimal_dkmcs,throughput
48.0,ew_16,relay,BS_2,ew_17,1,550.0,550.0,proposed_optimal_dkmcs,throughput
48.0,wn_4,direct,BS_2,-1,1,550.0,550.0,proposed_optimal_dkmcs,throughput
48.0,se_5,relay,BS_2,se_4,1,550.0,550.0,proposed_optimal_dkmcs,throughput
48.0,wn_6,relay,BS_1,wn_8,1,550.0,550.0,proposed_optimal_dkmcs,throughput
48.0,se_0,direct,BS_1,-1,1,550.0,550.0,proposed_optimal_dkmcs,throughput
48.0,ns_18,direct,BS_3,-1,1,550.0,550.0,proposed_optimal_dkmcs,throughput
48.0,ns_19,direct,BS_3,-1,1,550.0,550.0,proposed_optimal_dkmcs,throughput
48.0,wn_0,relay,BS_2,wn_1,1,550.0,550.0,proposed_optimal_dkmcs,throughput
48.0,ew_12,relay,BS_2,ew_14,1,550.0,550.0,proposed_optimal_dkmcs,throughput
48.0,we_18,relay,BS_2,we_16,1,550.0,550.0,proposed_optimal_dkmcs,throughput
48.0,ew_19,relay,BS_2,ew_17,1,550.0,550.0,proposed_optimal_dkmcs,throughput
48.0,we_12,direct,BS_3,-1,1,550.0,550.0,proposed_optimal_dkmcs,throughput
48.0,se_6,relay,BS_1,se_7,1,550.0,550.0,proposed_optimal_dkmcs,throughput
48.0,we_19,relay,BS_1,se_7,1,550.0,550.0,proposed_optimal_dkmcs,throughput
48.0,sn_13,relay,BS_2,wn_1,1,550.0,550.0,proposed_optimal_dkmcs,throughput
48.0,ew_15,relay,BS_2,ew_13,1,550.0,550.0,proposed_optimal_dkmcs,throughput
48.0,se_2,relay,BS_3,se_1,1,550.0,550.0,proposed_optimal_dkmcs,throughput
48.0,se_3,relay,BS_2,se_4,1,550.0,550.0,proposed_optimal_dkmcs,throughput
48.0,wn_9,direct,BS_1,-1,1,550.0,550.0,proposed_optimal_dkmcs,throughput
49.0,se_1,direct,BS_3,-1,1,550.0,550.0,proposed_optimal_dkmcs,throughput
49.0,we_16,relay,BS_2,se_7,1,550.0,550.0,proposed_optimal_dkmcs,throughput
49.0,se_8,relay,BS_2,se_7,1,550.0,550.0,proposed_optimal_dkmcs,throughput
49.0,sn_15,relay,BS_2,sn_14,1,550.0,550.0,proposed_optimal_dkmcs,throughput
49.0,se_7,direct,BS_1,-1,1,550.0,550.0,proposed_optimal_dkmcs,throughput
49.0,ew_18,relay,BS_2,ew_16,1,550.0,550.0,proposed_optimal_dkmcs,throughput
49.0,ew_13,relay,BS_2,ew_14,1,550.0,550.0,proposed_optimal_dkmcs,throughput
49.0,ew_17,relay,BS_2,ew_16,1,550.0,550.0,proposed_optimal_dkmcs,throughput
49.0,sn_18,direct,BS_1,-1,1,550.0,550.0,proposed_optimal_dkmcs,throughput
49.0,wn_8,relay,BS_2,sn_16,1,550.0,550.0,proposed_optimal_dkmcs,throughput
49.0,ew_8,direct,BS_2,-1,1,550.0,550.0,proposed_optimal_dkmcs,throughput
49.0,sn_14,direct,BS_1,-1,1,550.0,550.0,proposed_optimal_dkmcs,throughput
49.0,ns_16,direct,BS_3,-1,1,550.0,550.0,proposed_optimal_dkmcs,throughput
49.0,wn_7,relay,BS_2,sn_16,1,550.0,550.0,proposed_optimal_dkmcs,throughput
49.0,ns_12,relay,BS_3,ns_14,1,550.0,550.0,proposed_optimal_dkmcs,throughput
49.0,ew_9,direct,BS_2,-1,1,550.0,550.0,proposed_optimal_dkmcs,throughput
49.0,se_9,direct,BS_2,-1,1,550.0,550.0,proposed_optimal_dkmcs,throughput
49.0,sn_19,relay,BS_2,sn_16,1,550.0,550.0,proposed_optimal_dkmcs,throughput
49.0,ns_15,relay,BS_3,ns_14,1,550.0,550.0,proposed_optimal_dkmcs,throughput
49.0,we_14,relay,BS_1,se_5,1,550.0,550.0,proposed_optimal_dkmcs,throughput
49.0,we_8,relay,BS_3,se_1,1,550.0,550.0,proposed_optimal_dkmcs,throughput
49.0,wn_5,relay,BS_1,wn_4,1,550.0,550.0,proposed_optimal_dkmcs,throughput
49.0,sn_16,direct,BS_1,-1,1,550.0,550.0,proposed_optimal_dkmcs,throughput
49.0,ns_13,relay,BS_3,ns_14,1,550.0,550.0,proposed_optimal_dkmcs,throughput
49.0,we_15,direct,BS_3,-1,1,550.0,550.0,proposed_optimal_dkmcs,throughput
49.0,ns_17,relay,BS_3,ns_16,1,550.0,550.0,proposed_optimal_dkmcs,throughput
49.0,sn_17,relay,BS_2,sn_16,1,550.0,550.0,proposed_optimal_dkmcs,throughput
49.0,ns_14,direct,BS_3,-1,1,550.0,550.0,proposed_optimal_dkmcs,throughput
49.0,se_4,direct,BS_3,-1,1,550.0,550.0,proposed_optimal_dkmcs,throughput
49.0,we_17,relay,BS_2,se_7,1,550.0,550.0,proposed_optimal_dkmcs,throughput
49.0,ew_14,relay,BS_2,ew_15,1,550.0,550.0,proposed_optimal_dkmcs,throughput
49.0,sn_12,relay,BS_2,sn_14,1,550.0,550.0,proposed_optimal_dkmcs,throughput
49.0,we_13,relay,BS_1,se_5,1,550.0,550.0,proposed_optimal_dkmcs,throughput
49.0,wn_3,relay,BS_1,wn_4,1,550.0,550.0,proposed_optimal_dkmcs,throughput
49.0,ew_16,relay,BS_2,ew_19,1,550.0,550.0,proposed_optimal_dkmcs,throughput
49.0,wn_4,direct,BS_1,-1,1,550.0,550.0,proposed_optimal_dkmcs,throughput
49.0,se_5,direct,BS_1,-1,1,550.0,550.0,proposed_optimal_dkmcs,throughput
49.0,wn_6,relay,BS_2,sn_16,1,550.0,550.0,proposed_optimal_dkmcs,throughput
49.0,se_0,relay,BS_3,se_1,1,550.0,550.0,proposed_optimal_dkmcs,throughput
49.0,ns_18,direct,BS_3,-1,1,550.0,550.0,proposed_optimal_dkmcs,throughput
49.0,ns_19,relay,BS_3,ns_16,1,550.0,550.0,proposed_optimal_dkmcs,throughput
49.0,wn_0,relay,BS_2,sn_14,1,550.0,550.0,proposed_optimal_dkmcs,throughput
49.0,ew_12,relay,BS_2,ew_14,1,550.0,550.0,proposed_optimal_dkmcs,throughput
49.0,we_18,direct,BS_1,-1,1,550.0,550.0,proposed_optimal_dkmcs,throughput
49.0,ew_19,relay,BS_2,ew_16,1,550.0,550.0,proposed_optimal_dkmcs,throughput
49.0,we_12,direct,BS_3,-1,1,550.0,550.0,proposed_optimal_dkmcs,throughput
49.0,se_6,relay,BS_2,se_7,1,550.0,550.0,proposed_optimal_dkmcs,throughput
49.0,we_19,relay,BS_2,se_7,1,550.0,550.0,proposed_optimal_dkmcs,throughput
49.0,sn_13,relay,BS_2,sn_14,1,550.0,550.0,proposed_optimal_dkmcs,throughput
49.0,ew_15,relay,BS_2,ew_14,1,550.0,550.0,proposed_optimal_dkmcs,throughput
49.0,se_3,relay,BS_1,se_5,1,550.0,550.0,proposed_optimal_dkmcs,throughput
49.0,wn_9,direct,BS_1,-1,1,550.0,550.0,proposed_optimal_dkmcs,throughput
50.0,we_16,direct,BS_3,-1,1,550.0,550.0,proposed_optimal_dkmcs,throughput
50.0,se_8,direct,BS_3,-1,1,550.0,550.0,proposed_optimal_dkmcs,throughput
50.0,se_7,direct,BS_1,-1,1,550.0,550.0,proposed_optimal_dkmcs,throughput
50.0,ew_18,relay,BS_2,ew_16,1,550.0,550.0,proposed_optimal_dkmcs,throughput
50.0,ew_13,relay,BS_2,ew_14,1,550.0,550.0,proposed_optimal_dkmcs,throughput
50.0,ew_17,relay,BS_2,ew_19,1,550.0,550.0,proposed_optimal_dkmcs,throughput
50.0,sn_18,relay,BS_2,sn_19,1,550.0,550.0,proposed_optimal_dkmcs,throughput
50.0,wn_8,relay,BS_1,wn_7,1,550.0,550.0,proposed_optimal_dkmcs,throughput
50.0,ns_16,relay,BS_2,ns_17,1,550.0,550.0,proposed_optimal_dkmcs,throughput
50.0,wn_7,direct,BS_1,-1,1,550.0,550.0,proposed_optimal_dkmcs,throughput
50.0,ns_12,direct,BS_2,-1,1,550.0,550.0,proposed_optimal_dkmcs,throughput
50.0,se_9,direct,BS_1,-1,1,550.0,550.0,proposed_optimal_dkmcs,throughput
50.0,sn_19,direct,BS_2,-1,1,550.0,550.0,proposed_optimal_dkmcs,throughput
50.0,we_14,direct,BS_1,-1,1,550.0,550.0,proposed_optimal_dkmcs,throughput
50.0,wn_5,direct,BS_1,-1,1,550.0,550.0,proposed_optimal_dkmcs,throughput
50.0,sn_16,relay,BS_2,sn_19,1,550.0,550.0,proposed_optimal_dkmcs,throughput
50.0,ns_13,relay,BS_3,ns_12,1,550.0,550.0,proposed_optimal_dkmcs,throughput
50.0,we_15,direct,BS_3,-1,1,550.0,550.0,proposed_optimal_dkmcs,throughput
50.0,ns_17,direct,BS_3,-1,1,550.0,550.0,proposed_optimal_dkmcs,throughput
50.0,sn_17,relay,BS_2,sn_19,1,550.0,550.0,proposed_optimal_dkmcs,throughput
50.0,ns_14,relay,BS_3,ns_12,1,550.0,550.0,proposed_optimal_dkmcs,throughput
50.0,se_4,direct,BS_3,-1,1,550.0,550.0,proposed_optimal_dkmcs,throughput
50.0,we_17,relay,BS_3,we_19,1,550.0,550.0,proposed_optimal_dkmcs,throughput
50.0,ew_14,relay,BS_2,ew_13,1,550.0,550.0,proposed_optimal_dkmcs,throughput
50.0,sn_12,direct,BS_2,-1,1,550.0,550.0,proposed_optimal_dkmcs,throughput
50.0,we_13,direct,BS_3,-1,1,550.0,550.0,proposed_optimal_dkmcs,throughput
50.0,wn_3,relay,BS_2,sn_19,1,550.0,550.0,proposed_optimal_dkmcs,throughput
50.0,ew_16,relay,BS_2,ew_19,1,550.0,550.0,proposed_optimal_dkmcs,throughput
50.0,wn_4,relay,BS_2,sn_19,1,550.0,550.0,proposed_optimal_dkmcs,throughput
50.0,se_5,direct,BS_3,-1,1,550.0,550.0,proposed_optimal_dkmcs,throughput
50.0,wn_6,relay,BS_1,wn_7,1,550.0,550.0,proposed_optimal_dkmcs,throughput
50.0,ns_18,relay,BS_2,ns_17,1,550.0,550.0,proposed_optimal_dkmcs,throughput
50.0,ns_19,relay,BS_2,ns_17,1,550.0,550.0,proposed_optimal_dkmcs,throughput
50.0,ew_12,relay,BS_2,ew_14,1,550.0,550.0,proposed_optimal_dkmcs,throughput
50.0,we_18,relay,BS_3,we_19,1,550.0,550.0,proposed_optimal_dkmcs,throughput
50.0,ew_19,relay,BS_2,ew_16,1,550.0,550.0,proposed_optimal_dkmcs,throughput
50.0,we_12,direct,BS_1,-1,1,550.0,550.0,proposed_optimal_dkmcs,throughput
50.0,se_6,direct,BS_2,-1,1,550.0,550.0,proposed_optimal_dkmcs,throughput
50.0,we_19,direct,BS_3,-1,1,550.0,550.0,proposed_optimal_dkmcs,throughput
50.0,sn_13,direct,BS_1,-1,1,550.0,550.0,proposed_optimal_dkmcs,throughput
50.0,ew_15,relay,BS_2,ew_14,1,550.0,550.0,proposed_optimal_dkmcs,throughput
50.0,se_3,direct,BS_1,-1,1,550.0,550.0,proposed_optimal_dkmcs,throughput
50.0,wn_9,direct,BS_1,-1,1,550.0,550.0,proposed_optimal_dkmcs,throughput
51.0,we_16,relay,BS_1,se_7,1,550.0,550.0,proposed_optimal_dkmcs,throughput
51.0,se_8,relay,BS_1,se_7,1,550.0,550.0,proposed_optimal_dkmcs,throughput
51.0,se_7,direct,BS_3,-1,1,550.0,550.0,proposed_optimal_dkmcs,throughput
51.0,ew_18,relay,BS_2,ew_16,1,550.0,550.0,proposed_optimal_dkmcs,throughput
51.0,ew_13,direct,BS_2,-1,1,550.0,550.0,proposed_optimal_dkmcs,throughput
51.0,ew_17,relay,BS_2,ew_16,1,550.0,550.0,proposed_optimal_dkmcs,throughput
51.0,sn_18,direct,BS_2,-1,1,550.0,550.0,proposed_optimal_dkmcs,throughput
51.0,wn_8,relay,BS_2,wn_7,1,550.0,550.0,proposed_optimal_dkmcs,throughput
51.0,ns_16,direct,BS_3,-1,1,550.0,550.0,proposed_optimal_dkmcs,throughput
51.0,wn_7,direct,BS_1,-1,1,550.0,550.0,proposed_optimal_dkmcs,throughput
51.0,ns_12,direct,BS_3,-1,1,550.0,550.0,proposed_optimal_dkmcs,throughput
51.0,se_9,direct,BS_3,-1,1,550.0,550.0,proposed_optimal_dkmcs,throughput
51.0,sn_19,relay,BS_2,wn_4,1,550.0,550.0,proposed_optimal_dkmcs,throughput
51.0,we_14,direct,BS_1,-1,1,550.0,550.0,proposed_optimal_dkmcs,throughput
51.0,wn_5,direct,BS_1,-1,1,550.0,550.0,proposed_optimal_dkmcs,throughput
51.0,sn_16,relay,BS_2,wn_4,1,550.0,550.0,proposed_optimal_dkmcs,throughput
51.0,ns_17,relay,BS_3,ns_16,1,550.0,550.0,proposed_optimal_dkmcs,throughput
51.0,sn_17,direct,BS_1,-1,1,550.0,550.0,proposed_optimal_dkmcs,throughput
51.0,se_4,direct,BS_1,-1,1,550.0,550.0,proposed_optimal_dkmcs,throughput
51.0,we_17,direct,BS_3,-1,1,550.0,550.0,proposed_optimal_dkmcs,throughput
51.0,ew_14,relay,BS_2,ew_15,1,550.0,550.0,proposed_optimal_dkmcs,throughput
51.0,we_13,direct,BS_1,-1,1,550.0,550.0,proposed_optimal_dkmcs,throughput
51.0,wn_3,relay,BS_2,wn_4,1,550.0,550.0,proposed_optimal_dkmcs,throughput
51.0,ew_16,direct,BS_2,-1,1,550.0,550.0,proposed_optimal_dkmcs,throughput
51.0,wn_4,direct,BS_2,-1,1,550.0,550.0,proposed_optimal_dkmcs,throughput
51.0,se_5,direct,BS_3,-1,1,550.0,550.0,proposed_optimal_dkmcs,throughput
51.0,wn_6,relay,BS_2,wn_7,1,550.0,550.0,proposed_optimal_dkmcs,throughput
51.0,ns_18,relay,BS_3,ns_16,1,550.0,550.0,proposed_optimal_dkmcs,throughput
51.0,ns_19,relay,BS_3,ns_16,1,550.0,550.0,proposed_optimal_dkmcs,throughput
51.0,ew_12,relay,BS_2,ew_15,1,550.0,550.0,proposed_optimal_dkmcs,throughput
51.0,we_18,direct,BS_1,-1,1,550.0,550.0,proposed_optimal_dkmcs,throughput
51.0,ew_19,relay,BS_2,ew_16,1,550.0,550.0,proposed_optimal_dkmcs,throughput
51.0,we_12,direct,BS_1,-1,1,550.0,550.0,proposed_optimal_dkmcs,throughput
51.0,se_6,direct,BS_1,-1,1,550.0,550.0,proposed_optimal_dkmcs,throughput
51.0,we_19,direct,BS_3,-1,1,550.0,550.0,proposed_optimal_dkmcs,throughput
51.0,ew_15,direct,BS_2,-1,1,550.0,550.0,proposed_optimal_dkmcs,throughput
51.0,se_3,direct,BS_3,-1,1,550.0,550.0,proposed_optimal_dkmcs,throughput
51.0,wn_9,direct,BS_2,-1,1,550.0,550.0,proposed_optimal_dkmcs,throughput
52.0,we_16,direct,BS_3,-1,1,550.0,550.0,proposed_optimal_dkmcs,throughput
52.0,se_8,direct,BS_1,-1,1,550.0,550.0,proposed_optimal_dkmcs,throughput
52.0,se_7,direct,BS_3,-1,1,550.0,550.0,proposed_optimal_dkmcs,throughput
52.0,ew_18,relay,BS_2,ew_16,1,550.0,550.0,proposed_optimal_dkmcs,throughput
52.0,ew_13,direct,BS_2,-1,1,550.0,550.0,proposed_optimal_dkmcs,throughput
52.0,ew_17,relay,BS_2,ew_16,1,550.0,550.0,proposed_optimal_dkmcs,throughput
52.0,sn_18,direct,BS_2,-1,1,550.0,550.0,proposed_optimal_dkmcs,throughput
52.0,wn_8,direct,BS_1,-1,1,550.0,550.0,proposed_optimal_dkmcs,throughput
52.0,ns_16,direct,BS_3,-1,1,550.0,550.0,proposed_optimal_dkmcs,throughput
52.0,wn_7,relay,BS_1,wn_6,1,550.0,550.0,proposed_optimal_dkmcs,throughput
52.0,se_9,direct,BS_3,-1,1,550.0,550.0,proposed_optimal_dkmcs,throughput
52.0,sn_19,direct,BS_2,-1,1,550.0,550.0,proposed_optimal_dkmcs,throughput
52.0,wn_5,direct,BS_1,-1,1,550.0,550.0,proposed_optimal_dkmcs,throughput
52.0,sn_16,direct,BS_1,-1,1,550.0,550.0,proposed_optimal_dkmcs,throughput
52.0,ns_17,direct,BS_3,-1,1,550.0,550.0,proposed_optimal_dkmcs,throughput
52.0,sn_17,direct,BS_1,-1,1,550.0,550.0,proposed_optimal_dkmcs,throughput
52.0,se_4,direct,BS_3,-1,1,550.0,550.0,proposed_optimal_dkmcs,throughput
52.0,we_17,direct,BS_3,-1,1,550.0,550.0,proposed_optimal_dkmcs,throughput
52.0,wn_3,relay,BS_1,sn_19,1,550.0,550.0,proposed_optimal_dkmcs,throughput
52.0,ew_16,direct,BS_2,-1,1,550.0,550.0,proposed_optimal_dkmcs,throughput
52.0,wn_4,relay,BS_1,sn_19,1,550.0,550.0,proposed_optimal_dkmcs,throughput
52.0,se_5,direct,BS_2,-1,1,550.0,550.0,proposed_optimal_dkmcs,throughput
52.0,wn_6,direct,BS_1,-1,1,550.0,550.0,proposed_optimal_dkmcs,throughput
52.0,ns_18,direct,BS_3,-1,1,550.0,550.0,proposed_optimal_dkmcs,throughput
52.0,ns_19,direct,BS_3,-1,1,550.0,550.0,proposed_optimal_dkmcs,throughput
52.0,ew_12,direct,BS_2,-1,1,550.0,550.0,proposed_optimal_dkmcs,throughput
52.0,we_18,direct,BS_1,-1,1,550.0,550.0,proposed_optimal_dkmcs,throughput
52.0,ew_19,relay,BS_2,ew_16,1,550.0,550.0,proposed_optimal_dkmcs,throughput
52.0,we_12,direct,BS_2,-1,1,550.0,550.0,proposed_optimal_dkmcs,throughput
52.0,se_6,direct,BS_1,-1,1,550.0,550.0,proposed_optimal_dkmcs,throughput
52.0,we_19,direct,BS_2,-1,1,550.0,550.0,proposed_optimal_dkmcs,throughput
52.0,se_3,direct,BS_3,-1,1,550.0,550.0,proposed_optimal_dkmcs,throughput
52.0,wn_9,direct,BS_2,-1,1,550.0,550.0,proposed_optimal_dkmcs,throughput
53.0,we_16,direct,BS_3,-1,1,550.0,550.0,proposed_optimal_dkmcs,throughput
53.0,se_8,direct,BS_3,-1,1,550.0,550.0,proposed_optimal_dkmcs,throughput
53.0,se_7,direct,BS_3,-1,1,550.0,550.0,proposed_optimal_dkmcs,throughput
53.0,ew_18,relay,BS_2,ew_19,1,550.0,550.0,proposed_optimal_dkmcs,throughput
53.0,ew_17,relay,BS_2,ew_19,1,550.0,550.0,proposed_optimal_dkmcs,throughput
53.0,wn_8,direct,BS_2,-1,1,550.0,550.0,proposed_optimal_dkmcs,throughput
53.0,ns_16,direct,BS_3,-1,1,550.0,550.0,proposed_optimal_dkmcs,throughput
53.0,wn_7,direct,BS_1,-1,1,550.0,550.0,proposed_optimal_dkmcs,throughput
53.0,se_9,direct,BS_3,-1,1,550.0,550.0,proposed_optimal_dkmcs,throughput
53.0,sn_16,direct,BS_2,-1,1,550.0,550.0,proposed_optimal_dkmcs,throughput
53.0,ns_17,direct,BS_2,-1,1,550.0,550.0,proposed_optimal_dkmcs,throughput
53.0,sn_17,direct,BS_2,-1,1,550.0,550.0,proposed_optimal_dkmcs,throughput
53.0,we_17,direct,BS_3,-1,1,550.0,550.0,proposed_optimal_dkmcs,throughput
53.0,wn_3,direct,BS_2,-1,1,550.0,550.0,proposed_optimal_dkmcs,throughput
53.0,ew_16,relay,BS_2,ew_19,1,550.0,550.0,proposed_optimal_dkmcs,throughput
53.0,wn_6,direct,BS_2,-1,1,550.0,550.0,proposed_optimal_dkmcs,throughput
53.0,ns_18,direct,BS_3,-1,1,550.0,550.0,proposed_optimal_dkmcs,throughput
53.0,ns_19,direct,BS_3,-1,1,550.0,550.0,proposed_optimal_dkmcs,throughput
53.0,ew_12,direct,BS_2,-1,1,550.0,550.0,proposed_optimal_dkmcs,throughput
53.0,we_18,direct,BS_3,-1,1,550.0,550.0,proposed_optimal_dkmcs,throughput
53.0,ew_19,direct,BS_2,-1,1,550.0,550.0,proposed_optimal_dkmcs,throughput
53.0,se_6,direct,BS_1,-1,1,550.0,550.0,proposed_optimal_dkmcs,throughput
53.0,we_19,direct,BS_3,-1,1,550.0,550.0,proposed_optimal_dkmcs,throughput
53.0,se_3,direct,BS_1,-1,1,550.0,550.0,proposed_optimal_dkmcs,throughput
53.0,wn_9,direct,BS_2,-1,1,550.0,550.0,proposed_optimal_dkmcs,throughput
54.0,ew_16,direct,BS_2,-1,1,550.0,550.0,proposed_optimal_dkmcs,throughput
54.0,we_16,direct,BS_3,-1,1,550.0,550.0,proposed_optimal_dkmcs,throughput
54.0,se_9,direct,BS_3,-1,1,550.0,550.0,proposed_optimal_dkmcs,throughput
54.0,wn_6,direct,BS_2,-1,1,550.0,550.0,proposed_optimal_dkmcs,throughput
54.0,se_8,relay,BS_2,we_18,1,550.0,550.0,proposed_optimal_dkmcs,throughput
54.0,se_7,direct,BS_3,-1,1,550.0,550.0,proposed_optimal_dkmcs,throughput
54.0,ew_18,relay,BS_2,ew_16,1,550.0,550.0,proposed_optimal_dkmcs,throughput
54.0,ew_17,direct,BS_2,-1,1,550.0,550.0,proposed_optimal_dkmcs,throughput
54.0,wn_8,direct,BS_1,-1,1,550.0,550.0,proposed_optimal_dkmcs,throughput
54.0,we_17,relay,BS_2,we_18,1,550.0,550.0,proposed_optimal_dkmcs,throughput
54.0,we_18,relay,BS_2,se_8,1,550.0,550.0,proposed_optimal_dkmcs,throughput
54.0,ew_19,relay,BS_2,ew_16,1,550.0,550.0,proposed_optimal_dkmcs,throughput
54.0,se_6,relay,BS_2,se_8,1,550.0,550.0,proposed_optimal_dkmcs,throughput
54.0,we_19,direct,BS_1,-1,1,550.0,550.0,proposed_optimal_dkmcs,throughput
54.0,ns_16,direct,BS_3,-1,1,550.0,550.0,proposed_optimal_dkmcs,throughput
54.0,wn_7,direct,BS_1,-1,1,550.0,550.0,proposed_optimal_dkmcs,throughput
54.0,wn_9,direct,BS_1,-1,1,550.0,550.0,proposed_optimal_dkmcs,throughput
55.0,ew_16,direct,BS_2,-1,1,550.0,550.0,proposed_optimal_dkmcs,throughput
55.0,we_16,direct,BS_1,-1,1,550.0,550.0,proposed_optimal_dkmcs,throughput
55.0,se_9,direct,BS_3,-1,1,550.0,550.0,proposed_optimal_dkmcs,throughput
55.0,wn_6,direct,BS_2,-1,1,550.0,550.0,proposed_optimal_dkmcs,throughput
55.0,se_8,direct,BS_3,-1,1,550.0,550.0,proposed_optimal_dkmcs,throughput
55.0,se_7,direct,BS_3,-1,1,550.0,550.0,proposed_optimal_dkmcs,throughput
55.0,ew_18,direct,BS_2,-1,1,550.0,550.0,proposed_optimal_dkmcs,throughput
55.0,ew_17,direct,BS_2,-1,1,550.0,550.0,proposed_optimal_dkmcs,throughput
55.0,wn_8,direct,BS_1,-1,1,550.0,550.0,proposed_optimal_dkmcs,throughput
55.0,we_17,direct,BS_3,-1,1,550.0,550.0,proposed_optimal_dkmcs,throughput
55.0,se_6,direct,BS_2,-1,1,550.0,550.0,proposed_optimal_dkmcs,throughput
55.0,wn_7,direct,BS_2,-1,1,550.0,550.0,proposed_optimal_dkmcs,throughput
55.0,wn_9,direct,BS_1,-1,1,550.0,550.0,proposed_optimal_dkmcs,throughput
56.0,ew_16,direct,BS_2,-1,1,550.0,550.0,proposed_optimal_dkmcs,throughput
56.0,se_9,direct,BS_3,-1,1,550.0,550.0,proposed_optimal_dkmcs,throughput
56.0,wn_6,direct,BS_2,-1,1,550.0,550.0,proposed_optimal_dkmcs,throughput
56.0,se_7,direct,BS_2,-1,1,550.0,550.0,proposed_optimal_dkmcs,throughput
56.0,se_6,direct,BS_3,-1,1,550.0,550.0,proposed_optimal_dkmcs,throughput
56.0,wn_7,direct,BS_2,-1,1,550.0,550.0,proposed_optimal_dkmcs,throughput
56.0,wn_9,direct,BS_2,-1,1,550.0,550.0,proposed_optimal_dkmcs,throughput
57.0,se_9,direct,BS_1,-1,1,550.0,550.0,proposed_optimal_dkmcs,throughput
57.0,wn_9,direct,BS_1,-1,1,550.0,550.0,proposed_optimal_dkmcs,throughput
58.0,se_9,direct,BS_2,-1,1,550.0,550.0,proposed_optimal_dkmcs,throughput
58.0,wn_9,direct,BS_2,-1,1,550.0,550.0,proposed_optimal_dkmcs,throughput
59.0,se_9,direct,BS_3,-1,1,550.0,550.0,proposed_optimal_dkmcs,throughput
59.0,wn_9,direct,BS_2,-1,1,550.0,550.0,proposed_optimal_dkmcs,throughput
60.0,se_9,direct,BS_3,-1,1,550.0,550.0,proposed_optimal_dkmcs,throughput
60.0,wn_9,direct,BS_2,-1,1,550.0,550.0,proposed_optimal_dkmcs,throughput
