timestamp,vehicle_id,selected_action_type,selected_bs_id,selected_relay_id,accepted,opt_rate_used,truth_rate_mcs_effective,method,objective
0.0,we_0,direct,BS_2,-1,1,1291.5719843179863,550.0,optimal_shannon,throughput
1.0,sn_0,direct,BS_3,-1,1,1305.5223612714306,550.0,optimal_shannon,throughput
1.0,ns_0,direct,BS_2,-1,1,2210.4600213114977,550.0,optimal_shannon,throughput
1.0,we_1,direct,BS_2,-1,1,1301.2043697811412,550.0,optimal_shannon,throughput
1.0,we_0,direct,BS_2,-1,1,1303.197287014338,550.0,optimal_shannon,throughput
1.0,ew_0,direct,BS_1,-1,1,1965.8921622754865,550.0,optimal_shannon,throughput
2.0,ew_1,direct,BS_3,-1,1,1945.4425032492832,550.0,optimal_shannon,throughput
2.0,sn_0,direct,BS_3,-1,1,1305.1902075349055,550.0,optimal_shannon,throughput
2.0,sn_2,relay,BS_3,se_0,1,1315.4870142356851,550.0,optimal_shannon,throughput
2.0,se_0,direct,BS_3,-1,1,1315.4870142356851,550.0,optimal_shannon,throughput
2.0,sn_1,relay,BS_3,se_0,1,1315.4870142356851,550.0,optimal_shannon,throughput
2.0,ns_0,direct,BS_2,-1,1,2232.780838636838,550.0,optimal_shannon,throughput
2.0,wn_0,direct,BS_2,-1,1,1311.8332991045552,550.0,optimal_shannon,throughput
2.0,we_1,relay,BS_2,wn_0,1,1311.8332991045552,550.0,optimal_shannon,throughput
2.0,ns_1,direct,BS_2,-1,1,2199.57855732657,550.0,optimal_shannon,throughput
2.0,we_0,direct,BS_2,-1,1,1320.4693693544064,550.0,optimal_shannon,throughput
2.0,we_2,relay,BS_2,wn_0,1,1311.8332991045552,550.0,optimal_shannon,throughput
2.0,ew_0,direct,BS_1,-1,1,1916.4278986506872,550.0,optimal_shannon,throughput
3.0,ew_1,direct,BS_1,-1,1,1929.38047855603,550.0,optimal_shannon,throughput
3.0,se_1,relay,BS_3,sn_3,1,1300.5400647751535,550.0,optimal_shannon,throughput
3.0,ew_2,direct,BS_1,-1,1,1956.3623337885729,550.0,optimal_shannon,throughput
3.0,sn_0,direct,BS_3,-1,1,1329.7698138714743,550.0,optimal_shannon,throughput
3.0,sn_2,direct,BS_3,-1,1,1321.798000490766,550.0,optimal_shannon,throughput
3.0,se_0,relay,BS_3,sn_2,1,1321.798000490766,550.0,optimal_shannon,throughput
3.0,sn_1,direct,BS_3,-1,1,1327.112537762271,550.0,optimal_shannon,throughput
3.0,ns_0,direct,BS_2,-1,1,2243.947820644298,550.0,optimal_shannon,throughput
3.0,wn_0,relay,BS_2,we_2,1,1317.479954055128,550.0,optimal_shannon,throughput
3.0,we_1,relay,BS_2,wn_0,1,1309.1760582583972,550.0,optimal_shannon,throughput
3.0,wn_1,relay,BS_2,we_3,1,1311.5011436956645,550.0,optimal_shannon,throughput
3.0,we_3,direct,BS_2,-1,1,1311.5011436956645,550.0,optimal_shannon,throughput
3.0,ns_1,direct,BS_2,-1,1,2222.2303090261676,550.0,optimal_shannon,throughput
3.0,sn_3,direct,BS_3,-1,1,1300.5400647751535,550.0,optimal_shannon,throughput
3.0,we_0,direct,BS_2,-1,1,1318.4764250839958,550.0,optimal_shannon,throughput
3.0,ns_2,direct,BS_2,-1,1,2210.128485884932,550.0,optimal_shannon,throughput
3.0,we_2,direct,BS_2,-1,1,1317.479954055128,550.0,optimal_shannon,throughput
3.0,ew_0,direct,BS_1,-1,1,1897.1097732440185,550.0,optimal_shannon,throughput
4.0,se_1,direct,BS_3,-1,1,1317.8121109822955,550.0,optimal_shannon,throughput
4.0,ew_4,direct,BS_1,-1,1,1957.9662167972945,550.0,optimal_shannon,throughput
4.0,sn_4,relay,BS_3,se_1,1,1317.8121109822955,550.0,optimal_shannon,throughput
4.0,ns_2,direct,BS_2,-1,1,2248.73795049571,550.0,optimal_shannon,throughput
4.0,ew_1,direct,BS_1,-1,1,1868.3066728615263,550.0,optimal_shannon,throughput
4.0,sn_0,direct,BS_3,-1,1,1339.0703179579352,550.0,optimal_shannon,throughput
4.0,we_5,relay,BS_2,we_4,1,1276.877788071845,550.0,optimal_shannon,throughput
4.0,sn_2,direct,BS_3,-1,1,1318.4764250839958,550.0,optimal_shannon,throughput
4.0,we_3,relay,BS_2,wn_1,1,1317.8121109822955,550.0,optimal_shannon,throughput
4.0,ns_3,direct,BS_2,-1,1,2229.2017869194856,550.0,optimal_shannon,throughput
4.0,ew_2,direct,BS_3,-1,1,1906.2162452249524,550.0,optimal_shannon,throughput
4.0,wn_2,relay,BS_2,we_4,1,1300.20791241157,550.0,optimal_shannon,throughput
4.0,sn_1,direct,BS_3,-1,1,1313.8262333571906,550.0,optimal_shannon,throughput
4.0,wn_1,relay,BS_2,we_4,1,1300.20791241157,550.0,optimal_shannon,throughput
4.0,we_1,direct,BS_2,-1,1,1325.7839015588145,550.0,optimal_shannon,throughput
4.0,we_4,relay,BS_2,wn_1,1,1317.8121109822955,550.0,optimal_shannon,throughput
4.0,sn_3,relay,BS_3,se_1,1,1317.8121109822955,550.0,optimal_shannon,throughput
4.0,we_0,direct,BS_2,-1,1,1330.76629367052,550.0,optimal_shannon,throughput
4.0,se_0,relay,BS_3,sn_2,1,1318.4764250839958,550.0,optimal_shannon,throughput
4.0,ew_3,direct,BS_3,-1,1,1936.4596734848749,550.0,optimal_shannon,throughput
4.0,ns_0,direct,BS_2,-1,1,2278.9414979286307,550.0,optimal_shannon,throughput
4.0,wn_0,direct,BS_2,-1,1,1312.4976101801672,550.0,optimal_shannon,throughput
4.0,ns_1,direct,BS_2,-1,1,2269.77703791364,550.0,optimal_shannon,throughput
4.0,se_2,direct,BS_3,-1,1,1312.4976101801672,550.0,optimal_shannon,throughput
4.0,we_2,relay,BS_2,wn_0,1,1312.4976101801672,550.0,optimal_shannon,throughput
4.0,ew_0,direct,BS_1,-1,1,1858.6849145794056,550.0,optimal_shannon,throughput
5.0,se_1,direct,BS_3,-1,1,1326.1160604930028,550.0,optimal_shannon,throughput
5.0,sn_5,direct,BS_3,-1,1,1310.172522924165,550.0,optimal_shannon,throughput
5.0,ew_4,direct,BS_1,-1,1,1943.9340559455256,550.0,optimal_shannon,throughput
5.0,sn_4,relay,BS_3,se_1,1,1326.1160604930028,550.0,optimal_shannon,throughput
5.0,ns_2,direct,BS_2,-1,1,2268.431645440068,550.0,optimal_shannon,throughput
5.0,ew_1,direct,BS_1,-1,1,1829.8825344665224,550.0,optimal_shannon,throughput
5.0,sn_0,direct,BS_3,-1,1,1340.7311282396531,550.0,optimal_shannon,throughput
5.0,we_5,relay,BS_2,we_4,1,1289.1672337576908,550.0,optimal_shannon,throughput
5.0,sn_2,direct,BS_3,-1,1,1329.7698138714743,550.0,optimal_shannon,throughput
5.0,we_3,relay,BS_2,we_2,1,1289.1672337576908,550.0,optimal_shannon,throughput
5.0,ns_3,direct,BS_2,-1,1,2252.1225960241063,550.0,optimal_shannon,throughput
5.0,ns_4,direct,BS_2,-1,1,2219.7315811747308,550.0,optimal_shannon,throughput
5.0,ew_2,direct,BS_1,-1,1,1872.5826990150524,550.0,optimal_shannon,throughput
5.0,ew_5,direct,BS_1,-1,1,1967.087853669868,550.0,optimal_shannon,throughput
5.0,sn_1,direct,BS_3,-1,1,1326.4482195050948,550.0,optimal_shannon,throughput
5.0,wn_2,relay,BS_2,we_5,1,1309.508213059647,550.0,optimal_shannon,throughput
5.0,wn_1,relay,BS_2,we_4,1,1301.2043697811412,550.0,optimal_shannon,throughput
5.0,we_1,relay,BS_2,we_2,1,1310.0928172438582,550.0,optimal_shannon,throughput
5.0,we_4,relay,BS_2,we_5,1,1289.1672337576908,550.0,optimal_shannon,throughput
5.0,sn_3,relay,BS_3,se_1,1,1326.1160604930028,550.0,optimal_shannon,throughput
5.0,we_0,relay,BS_2,we_1,1,1322.1301584759942,550.0,optimal_shannon,throughput
5.0,ns_5,direct,BS_2,-1,1,2210.186788265371,550.0,optimal_shannon,throughput
5.0,wn_3,relay,BS_2,we_5,1,1257.6135587190768,550.0,optimal_shannon,throughput
5.0,se_0,relay,BS_3,sn_2,1,1329.7698138714743,550.0,optimal_shannon,throughput
5.0,ew_3,direct,BS_1,-1,1,1890.227022421298,550.0,optimal_shannon,throughput
5.0,ns_0,direct,BS_2,-1,1,2301.429226359826,550.0,optimal_shannon,throughput
5.0,wn_0,relay,BS_2,we_2,1,1310.172522924165,550.0,optimal_shannon,throughput
5.0,we_6,relay,BS_2,we_5,1,1269.9027632262855,550.0,optimal_shannon,throughput
5.0,ns_1,direct,BS_2,-1,1,2273.7734843047615,550.0,optimal_shannon,throughput
5.0,se_2,relay,BS_3,sn_4,1,1321.4658425858086,550.0,optimal_shannon,throughput
5.0,we_2,relay,BS_2,we_1,1,1310.0928172438582,550.0,optimal_shannon,throughput
5.0,ew_0,direct,BS_1,-1,1,1809.625140007129,550.0,optimal_shannon,throughput
6.0,se_1,direct,BS_3,-1,1,1330.1019737287668,550.0,optimal_shannon,throughput
6.0,ew_6,direct,BS_3,-1,1,1947.7261436426752,550.0,optimal_shannon,throughput
6.0,sn_5,relay,BS_3,se_2,1,1321.4658425858086,550.0,optimal_shannon,throughput
6.0,ew_4,direct,BS_1,-1,1,1890.227022421298,550.0,optimal_shannon,throughput
6.0,sn_4,relay,BS_3,se_2,1,1321.4658425858086,550.0,optimal_shannon,throughput
6.0,ns_2,direct,BS_2,-1,1,2298.8097263660948,550.0,optimal_shannon,throughput
6.0,sn_6,relay,BS_3,se_3,1,1314.4905454554623,550.0,optimal_shannon,throughput
6.0,ew_1,direct,BS_1,-1,1,1771.3528352535632,550.0,optimal_shannon,throughput
6.0,sn_0,direct,BS_3,-1,1,1340.7311282396531,550.0,optimal_shannon,throughput
6.0,we_5,relay,BS_2,wn_2,1,1318.8085822581488,550.0,optimal_shannon,throughput
6.0,sn_2,relay,BS_3,se_0,1,1339.0703179579352,550.0,optimal_shannon,throughput
6.0,we_3,relay,BS_2,wn_1,1,1330.4341336618409,550.0,optimal_shannon,throughput
6.0,ns_3,direct,BS_2,-1,1,2263.4682594652268,550.0,optimal_shannon,throughput
6.0,ns_4,direct,BS_2,-1,1,2258.0800095953427,550.0,optimal_shannon,throughput
6.0,ew_0,direct,BS_1,-1,1,1735.1997556703388,550.0,optimal_shannon,throughput
6.0,we_2,relay,BS_2,wn_1,1,1129.4209667851117,550.0,optimal_shannon,throughput
6.0,sn_7,relay,BS_3,se_3,1,1314.4905454554623,550.0,optimal_shannon,throughput
6.0,ew_2,direct,BS_1,-1,1,1813.0931452296404,550.0,optimal_shannon,throughput
6.0,ew_5,direct,BS_1,-1,1,1913.8425105344163,550.0,optimal_shannon,throughput
6.0,sn_1,direct,BS_3,-1,1,1328.1090157278438,550.0,optimal_shannon,throughput
6.0,wn_2,relay,BS_2,wn_1,1,1205.469575905999,550.0,optimal_shannon,throughput
6.0,we_7,relay,BS_2,wn_2,1,1053.3886965601291,550.0,optimal_shannon,throughput
6.0,wn_1,relay,BS_2,wn_2,1,1205.469575905999,550.0,optimal_shannon,throughput
6.0,we_1,relay,BS_2,wn_1,1,1022.1860857985909,550.0,optimal_shannon,throughput
6.0,we_4,relay,BS_2,wn_1,1,1330.4341336618409,550.0,optimal_shannon,throughput
6.0,sn_3,relay,BS_3,se_0,1,1339.0703179579352,550.0,optimal_shannon,throughput
6.0,we_0,direct,BS_2,-1,1,1420.2253413960143,550.0,optimal_shannon,throughput
6.0,ns_5,direct,BS_2,-1,1,2238.7085316289545,550.0,optimal_shannon,throughput
6.0,wn_3,relay,BS_2,wn_2,1,1156.6508923609088,550.0,optimal_shannon,throughput
6.0,se_0,direct,BS_3,-1,1,1339.0703179579352,550.0,optimal_shannon,throughput
6.0,ns_6,direct,BS_2,-1,1,2201.3978601529543,550.0,optimal_shannon,throughput
6.0,ns_0,direct,BS_2,-1,1,2303.1309685457436,550.0,optimal_shannon,throughput
6.0,wn_0,relay,BS_2,wn_1,1,1228.7180243201014,550.0,optimal_shannon,throughput
6.0,we_6,relay,BS_2,wn_2,1,1209.787082368823,550.0,optimal_shannon,throughput
6.0,ns_1,direct,BS_2,-1,1,2293.8165034415015,550.0,optimal_shannon,throughput
6.0,se_2,direct,BS_3,-1,1,1321.4658425858086,550.0,optimal_shannon,throughput
6.0,se_3,direct,BS_3,-1,1,1314.4905454554623,550.0,optimal_shannon,throughput
6.0,ew_3,direct,BS_1,-1,1,1858.4344583490736,550.0,optimal_shannon,throughput
7.0,se_1,direct,BS_3,-1,1,1338.7381561145787,550.0,optimal_shannon,throughput
7.0,ew_6,direct,BS_1,-1,1,1921.4226234399823,550.0,optimal_shannon,throughput
7.0,sn_5,relay,BS_3,se_2,1,1333.4235764410005,550.0,optimal_shannon,throughput
7.0,ew_4,direct,BS_1,-1,1,1849.9832438181008,550.0,optimal_shannon,throughput
7.0,ew_8,direct,BS_1,-1,1,1973.1033308138112,550.0,optimal_shannon,throughput
7.0,sn_4,relay,BS_3,se_2,1,1302.4532757153984,550.0,optimal_shannon,throughput
7.0,ns_2,direct,BS_2,-1,1,2318.236928929045,550.0,optimal_shannon,throughput
7.0,sn_6,relay,BS_3,se_3,1,1324.1231080627174,550.0,optimal_shannon,throughput
7.0,ew_1,direct,BS_1,-1,1,1731.483945670498,550.0,optimal_shannon,throughput
7.0,sn_0,relay,BS_3,sn_1,1,1338.326287050039,550.0,optimal_shannon,throughput
7.0,we_5,relay,BS_2,we_6,1,1294.4816320273956,550.0,optimal_shannon,throughput
7.0,sn_2,relay,BS_3,sn_1,1,1315.0751519032754,550.0,optimal_shannon,throughput
7.0,we_3,direct,BS_2,-1,1,1330.76629367052,550.0,optimal_shannon,throughput
7.0,ns_3,direct,BS_2,-1,1,2294.799143016453,550.0,optimal_shannon,throughput
7.0,ns_7,direct,BS_1,-1,1,1297.882848488883,550.0,optimal_shannon,throughput
7.0,ns_4,direct,BS_2,-1,1,2267.9117421484775,550.0,optimal_shannon,throughput
7.0,we_8,relay,BS_2,we_6,1,1068.3277945318848,550.0,optimal_shannon,throughput
7.0,ew_0,direct,BS_1,-1,1,1679.0157713582669,550.0,optimal_shannon,throughput
7.0,we_2,relay,BS_2,we_3,1,1315.407308227314,550.0,optimal_shannon,throughput
7.0,sn_7,relay,BS_3,se_3,1,1324.1231080627174,550.0,optimal_shannon,throughput
7.0,ew_2,direct,BS_1,-1,1,1769.3816430201805,550.0,optimal_shannon,throughput
7.0,ew_5,direct,BS_1,-1,1,1898.2825208781264,550.0,optimal_shannon,throughput
7.0,sn_1,direct,BS_3,-1,1,1348.370877895089,550.0,optimal_shannon,throughput
7.0,wn_2,relay,BS_2,we_6,1,1242.6674615755912,550.0,optimal_shannon,throughput
7.0,we_7,relay,BS_2,we_6,1,1274.552774303343,550.0,optimal_shannon,throughput
7.0,wn_1,relay,BS_2,we_3,1,1270.2349061355883,550.0,optimal_shannon,throughput
7.0,we_1,relay,BS_2,we_3,1,1129.4209667851117,550.0,optimal_shannon,throughput
7.0,we_4,relay,BS_2,we_3,1,1150.673434701497,550.0,optimal_shannon,throughput
7.0,se_4,relay,BS_3,sn_7,1,1320.1372117723824,550.0,optimal_shannon,throughput
7.0,sn_3,direct,BS_3,-1,1,1341.3954528462682,550.0,optimal_shannon,throughput
7.0,we_0,relay,BS_2,we_3,1,1034.4673535157676,550.0,optimal_shannon,throughput
7.0,ns_5,direct,BS_2,-1,1,2245.3779996789112,550.0,optimal_shannon,throughput
7.0,ew_7,direct,BS_1,-1,1,1953.3292200436088,550.0,optimal_shannon,throughput
7.0,wn_3,relay,BS_2,we_6,1,1320.4693693544064,550.0,optimal_shannon,throughput
7.0,wn_4,relay,BS_2,we_6,1,1113.1503804835852,550.0,optimal_shannon,throughput
7.0,se_0,relay,BS_3,sn_3,1,1341.3954528462682,550.0,optimal_shannon,throughput
7.0,sn_8,direct,BS_3,-1,1,1294.5613366710884,550.0,optimal_shannon,throughput
7.0,ns_6,direct,BS_2,-1,1,2224.3033930180513,550.0,optimal_shannon,throughput
7.0,ns_0,direct,BS_2,-1,1,2325.8141101158694,550.0,optimal_shannon,throughput
7.0,wn_0,relay,BS_2,we_3,1,1330.76629367052,550.0,optimal_shannon,throughput
7.0,we_6,none,-1,-1,0,0.0,0.0,optimal_shannon,throughput
7.0,ns_1,direct,BS_2,-1,1,2326.6358410378684,550.0,optimal_shannon,throughput
7.0,se_2,direct,BS_3,-1,1,1333.4235764410005,550.0,optimal_shannon,throughput
7.0,se_3,relay,BS_3,sn_7,1,1320.1372117723824,550.0,optimal_shannon,throughput
7.0,ew_3,direct,BS_1,-1,1,1809.625140007129,550.0,optimal_shannon,throughput
8.0,se_1,relay,BS_3,sn_4,1,1323.458791215916,550.0,optimal_shannon,throughput
8.0,ew_6,direct,BS_1,-1,1,1872.024050282445,550.0,optimal_shannon,throughput
8.0,sn_5,relay,BS_3,sn_4,1,1306.7712716449682,550.0,optimal_shannon,throughput
8.0,ew_4,direct,BS_1,-1,1,1801.7232636439212,550.0,optimal_shannon,throughput
8.0,ew_8,direct,BS_1,-1,1,1929.7094818032283,550.0,optimal_shannon,throughput
8.0,sn_4,direct,BS_3,-1,1,1323.458791215916,550.0,optimal_shannon,throughput
8.0,ns_2,direct,BS_2,-1,1,2319.5359009601925,550.0,optimal_shannon,throughput
8.0,sn_6,relay,BS_3,se_3,1,1325.03987735182,550.0,optimal_shannon,throughput
8.0,ew_1,direct,BS_1,-1,1,1672.6743944161651,550.0,optimal_shannon,throughput
8.0,ew_9,direct,BS_1,-1,1,1956.414553644591,550.0,optimal_shannon,throughput
8.0,sn_0,relay,BS_3,sn_1,1,1347.374386766055,550.0,optimal_shannon,throughput
8.0,we_5,relay,BS_2,wn_1,1,1204.8053468162193,550.0,optimal_shannon,throughput
8.0,sn_2,relay,BS_3,sn_1,1,1329.3579472759436,550.0,optimal_shannon,throughput
8.0,we_3,relay,BS_2,wn_1,1,1214.768857177825,550.0,optimal_shannon,throughput
8.0,ns_3,direct,BS_2,-1,1,2303.549309713012,550.0,optimal_shannon,throughput
8.0,ns_7,direct,BS_2,-1,1,2242.244653865537,550.0,optimal_shannon,throughput
8.0,ns_4,direct,BS_2,-1,1,2283.570134313034,550.0,optimal_shannon,throughput
8.0,we_8,none,-1,-1,0,0.0,0.0,optimal_shannon,throughput
8.0,ns_8,direct,BS_1,-1,1,1309.8403679483035,550.0,optimal_shannon,throughput
8.0,ew_0,direct,BS_3,-1,1,1636.393473376405,550.0,optimal_shannon,throughput
8.0,wn_5,relay,BS_2,we_8,1,1264.2563515835243,550.0,optimal_shannon,throughput
8.0,we_2,relay,BS_2,wn_1,1,1067.6638138922622,550.0,optimal_shannon,throughput
8.0,sn_7,relay,BS_3,se_3,1,1327.4446970069987,550.0,optimal_shannon,throughput
8.0,ew_2,direct,BS_1,-1,1,1709.7779019702473,550.0,optimal_shannon,throughput
8.0,ew_5,direct,BS_1,-1,1,1842.1455060411631,550.0,optimal_shannon,throughput
8.0,sn_1,relay,BS_3,sn_2,1,1329.3579472759436,550.0,optimal_shannon,throughput
8.0,wn_2,relay,BS_2,wn_1,1,1224.4003948756383,550.0,optimal_shannon,throughput
8.0,we_7,relay,BS_2,we_8,1,1201.4842122692269,550.0,optimal_shannon,throughput
8.0,wn_1,none,-1,-1,0,0.0,0.0,optimal_shannon,throughput
8.0,we_1,relay,BS_2,wn_1,1,994.6395218454066,550.0,optimal_shannon,throughput
8.0,we_4,relay,BS_2,wn_1,1,1336.7752595463512,550.0,optimal_shannon,throughput
8.0,se_4,relay,BS_3,sn_8,1,1304.1937468665335,550.0,optimal_shannon,throughput
8.0,sn_3,relay,BS_3,sn_2,1,1306.7712716449682,550.0,optimal_shannon,throughput
8.0,we_0,relay,BS_2,wn_1,1,938.5684788006314,550.0,optimal_shannon,throughput
8.0,ns_5,direct,BS_2,-1,1,2289.714160997413,550.0,optimal_shannon,throughput
8.0,we_10,relay,BS_2,we_8,1,1083.5998456238783,550.0,optimal_shannon,throughput
8.0,we_9,relay,BS_2,we_8,1,1286.842192560917,550.0,optimal_shannon,throughput
8.0,ew_7,direct,BS_1,-1,1,1913.4775032124396,550.0,optimal_shannon,throughput
8.0,sn_9,relay,BS_3,sn_8,1,1267.245624114728,550.0,optimal_shannon,throughput
8.0,wn_3,relay,BS_2,we_8,1,1151.6696718265205,550.0,optimal_shannon,throughput
8.0,wn_4,relay,BS_2,we_8,1,1313.4940774352006,550.0,optimal_shannon,throughput
8.0,se_5,relay,BS_3,sn_9,1,1305.5223612714306,550.0,optimal_shannon,throughput
8.0,se_0,relay,BS_3,sn_3,1,1345.0492431586404,550.0,optimal_shannon,throughput
8.0,sn_8,relay,BS_3,sn_9,1,1267.245624114728,550.0,optimal_shannon,throughput
8.0,ns_6,direct,BS_2,-1,1,2261.6525701158944,550.0,optimal_shannon,throughput
8.0,ns_0,direct,BS_2,-1,1,2353.822428920101,550.0,optimal_shannon,throughput
8.0,wn_0,relay,BS_2,wn_1,1,1249.3101383723044,550.0,optimal_shannon,throughput
8.0,we_6,none,-1,-1,0,0.0,0.0,optimal_shannon,throughput
8.0,ns_1,direct,BS_2,-1,1,2348.825271381361,550.0,optimal_shannon,throughput
8.0,se_2,relay,BS_3,sn_6,1,1324.4552666046886,550.0,optimal_shannon,throughput
8.0,se_3,relay,BS_3,sn_6,1,1324.4552666046886,550.0,optimal_shannon,throughput
8.0,ew_3,direct,BS_1,-1,1,1731.590287602782,550.0,optimal_shannon,throughput
9.0,se_1,relay,BS_3,sn_5,1,1318.0645618240546,550.0,optimal_shannon,throughput
9.0,ew_6,direct,BS_1,-1,1,1837.0809335233896,550.0,optimal_shannon,throughput
9.0,sn_5,direct,BS_3,-1,1,1343.388428342773,550.0,optimal_shannon,throughput
9.0,ew_4,direct,BS_1,-1,1,1759.2276285458663,550.0,optimal_shannon,throughput
9.0,we_11,relay,BS_2,we_8,1,991.3209996465456,550.0,optimal_shannon,throughput
9.0,ew_8,direct,BS_1,-1,1,1914.9426085645823,550.0,optimal_shannon,throughput
9.0,ew_10,direct,BS_1,-1,1,1968.297744827628,550.0,optimal_shannon,throughput
9.0,sn_4,relay,BS_3,sn_5,1,1320.7218206928717,550.0,optimal_shannon,throughput
9.0,ns_2,direct,BS_2,-1,1,2339.3904460418594,550.0,optimal_shannon,throughput
9.0,sn_6,relay,BS_3,sn_5,1,1299.1317509167532,550.0,optimal_shannon,throughput
9.0,ew_1,direct,BS_3,-1,1,1597.8363741319442,550.0,optimal_shannon,throughput
9.0,ew_9,direct,BS_1,-1,1,1943.9308543189743,550.0,optimal_shannon,throughput
9.0,sn_0,relay,BS_3,sn_1,1,1362.3218149538243,550.0,optimal_shannon,throughput
9.0,we_5,relay,BS_2,we_4,1,1344.3052094308744,550.0,optimal_shannon,throughput
9.0,sn_2,relay,BS_3,sn_1,1,1343.973046484037,550.0,optimal_shannon,throughput
9.0,ns_9,direct,BS_2,-1,1,2215.270590431517,550.0,optimal_shannon,throughput
9.0,we_3,relay,BS_2,we_4,1,1111.8222042694017,550.0,optimal_shannon,throughput
9.0,ns_3,direct,BS_2,-1,1,2344.228544145368,550.0,optimal_shannon,throughput
9.0,ns_7,direct,BS_2,-1,1,2279.304917598399,550.0,optimal_shannon,throughput
9.0,ns_4,relay,BS_1,ns_5,1,1312.417904354844,550.0,optimal_shannon,throughput
9.0,we_8,none,-1,-1,0,0.0,0.0,optimal_shannon,throughput
9.0,ns_8,relay,BS_1,ns_9,1,1271.8956223980845,550.0,optimal_shannon,throughput
9.0,ns_10,relay,BS_1,ns_9,1,1253.6279069019663,550.0,optimal_shannon,throughput
9.0,ew_0,direct,BS_3,-1,1,1561.3558873525274,550.0,optimal_shannon,throughput
9.0,wn_5,relay,BS_2,we_8,1,1249.3101383723044,550.0,optimal_shannon,throughput
9.0,we_2,relay,BS_2,we_3,1,1344.3052094308744,550.0,optimal_shannon,throughput
9.0,sn_7,none,-1,-1,0,0.0,0.0,optimal_shannon,throughput
9.0,ew_2,direct,BS_3,-1,1,1639.253128483907,550.0,optimal_shannon,throughput
9.0,se_3,direct,BS_3,-1,1,1336.4130252188922,550.0,optimal_shannon,throughput
9.0,ew_5,direct,BS_1,-1,1,1795.9683696808504,550.0,optimal_shannon,throughput
9.0,sn_1,relay,BS_3,sn_2,1,1343.973046484037,550.0,optimal_shannon,throughput
9.0,wn_2,relay,BS_2,we_4,1,1341.315745400747,550.0,optimal_shannon,throughput
9.0,we_7,relay,BS_2,we_8,1,1176.908420407827,550.0,optimal_shannon,throughput
9.0,wn_1,relay,BS_2,we_4,1,1380.8044059089682,550.0,optimal_shannon,throughput
9.0,we_1,relay,BS_2,we_3,1,1156.982975768625,550.0,optimal_shannon,throughput
9.0,we_4,none,-1,-1,0,0.0,0.0,optimal_shannon,throughput
9.0,se_4,relay,BS_3,sn_9,1,1257.2814203719158,550.0,optimal_shannon,throughput
9.0,sn_3,relay,BS_3,sn_2,1,1320.7218206928717,550.0,optimal_shannon,throughput
9.0,we_0,relay,BS_2,we_3,1,1064.6759242570788,550.0,optimal_shannon,throughput
9.0,ns_5,direct,BS_2,-1,1,2308.6549136888357,550.0,optimal_shannon,throughput
9.0,we_10,relay,BS_2,we_8,1,1097.5446681846893,550.0,optimal_shannon,throughput
9.0,we_9,relay,BS_2,we_8,1,1299.463902977507,550.0,optimal_shannon,throughput
9.0,ew_7,direct,BS_1,-1,1,1855.2421101738337,550.0,optimal_shannon,throughput
9.0,sn_9,relay,BS_3,sn_10,1,1260.6028094448818,550.0,optimal_shannon,throughput
9.0,wn_3,relay,BS_2,we_8,1,1177.240518147402,550.0,optimal_shannon,throughput
9.0,wn_4,relay,BS_2,we_8,1,1305.1902075349055,550.0,optimal_shannon,throughput
9.0,se_5,relay,BS_3,sn_9,1,1324.787425225465,550.0,optimal_shannon,throughput
9.0,wn_6,relay,BS_2,we_8,1,1024.177585128197,550.0,optimal_shannon,throughput
9.0,se_0,relay,BS_3,sn_2,1,1136.7263708857183,550.0,optimal_shannon,throughput
9.0,sn_8,relay,BS_3,sn_9,1,1278.8706612935243,550.0,optimal_shannon,throughput
9.0,ns_6,relay,BS_1,ns_5,1,1291.49227988591,550.0,optimal_shannon,throughput
9.0,ns_0,direct,BS_2,-1,1,2354.0574091210497,550.0,optimal_shannon,throughput
9.0,wn_0,relay,BS_2,we_3,1,1511.5719053226865,550.0,optimal_shannon,throughput
9.0,se_6,relay,BS_3,sn_10,1,1314.1583893640093,550.0,optimal_shannon,throughput
9.0,we_6,relay,BS_2,we_4,1,1134.0698437170454,550.0,optimal_shannon,throughput
9.0,ns_1,direct,BS_2,-1,1,2344.4377037274576,550.0,optimal_shannon,throughput
9.0,se_2,relay,BS_3,sn_5,1,1343.388428342773,550.0,optimal_shannon,throughput
9.0,sn_10,relay,BS_3,sn_9,1,1260.6028094448818,550.0,optimal_shannon,throughput
9.0,ew_3,direct,BS_1,-1,1,1686.09103200982,550.0,optimal_shannon,throughput
10.0,se_1,relay,BS_3,sn_5,1,1336.745186559138,550.0,optimal_shannon,throughput
10.0,se_7,relay,BS_3,se_5,1,973.734200007858,550.0,optimal_shannon,throughput
10.0,sn_5,direct,BS_3,-1,1,1336.745186559138,550.0,optimal_shannon,throughput
10.0,ew_4,direct,BS_3,-1,1,1716.2631724545988,550.0,optimal_shannon,throughput
10.0,ew_6,direct,BS_1,-1,1,1774.550007681509,550.0,optimal_shannon,throughput
10.0,we_11,relay,BS_2,wn_5,1,1131.4133354169971,550.0,optimal_shannon,throughput
10.0,ew_8,direct,BS_1,-1,1,1870.272372194198,550.0,optimal_shannon,throughput
10.0,ew_10,direct,BS_1,-1,1,1917.5639253701677,550.0,optimal_shannon,throughput
10.0,sn_4,relay,BS_3,sn_5,1,1335.0046734661116,550.0,optimal_shannon,throughput
10.0,ns_2,direct,BS_2,-1,1,2340.6257534436036,550.0,optimal_shannon,throughput
10.0,sn_6,relay,BS_3,sn_5,1,1312.417904354844,550.0,optimal_shannon,throughput
10.0,wn_7,relay,BS_2,wn_5,1,984.3523631883464,550.0,optimal_shannon,throughput
10.0,ns_11,relay,BS_1,ns_9,1,1062.684019241111,550.0,optimal_shannon,throughput
10.0,ew_1,direct,BS_1,-1,1,1522.5279009842693,550.0,optimal_shannon,throughput
10.0,ew_9,direct,BS_1,-1,1,1884.97944995602,550.0,optimal_shannon,throughput
10.0,sn_0,relay,BS_3,sn_1,1,1339.7346418581265,550.0,optimal_shannon,throughput
10.0,we_5,relay,BS_2,wn_2,1,1423.5472902529605,550.0,optimal_shannon,throughput
10.0,sn_2,relay,BS_3,sn_1,1,1339.7346418581265,550.0,optimal_shannon,throughput
10.0,ns_9,direct,BS_2,-1,1,2260.4505150939267,550.0,optimal_shannon,throughput
10.0,we_3,none,-1,-1,0,0.0,0.0,optimal_shannon,throughput
10.0,ns_3,direct,BS_2,-1,1,2344.257682759427,550.0,optimal_shannon,throughput
10.0,ns_7,relay,BS_1,ns_5,1,1103.1891953148995,550.0,optimal_shannon,throughput
10.0,ns_4,relay,BS_1,ns_5,1,1321.4658425858086,550.0,optimal_shannon,throughput
10.0,we_8,relay,BS_2,wn_5,1,1235.6927107956592,550.0,optimal_shannon,throughput
10.0,ew_11,direct,BS_3,-1,1,1949.2435574429976,550.0,optimal_shannon,throughput
10.0,ns_8,relay,BS_1,ns_9,1,1283.8528612546247,550.0,optimal_shannon,throughput
10.0,ns_10,relay,BS_1,ns_9,1,1264.9206335380345,550.0,optimal_shannon,throughput
10.0,ew_0,relay,BS_1,ew_1,1,1407.0850793453644,550.0,optimal_shannon,throughput
10.0,wn_5,none,-1,-1,0,0.0,0.0,optimal_shannon,throughput
10.0,we_2,none,-1,-1,0,0.0,0.0,optimal_shannon,throughput
10.0,sn_7,direct,BS_3,-1,1,1323.1266329114517,550.0,optimal_shannon,throughput
10.0,ew_2,relay,BS_1,ew_1,1,1376.857487907599,550.0,optimal_shannon,throughput
10.0,se_3,direct,BS_3,-1,1,1324.4552666046886,550.0,optimal_shannon,throughput
10.0,ew_5,direct,BS_1,-1,1,1732.299475995392,550.0,optimal_shannon,throughput
10.0,sn_1,relay,BS_3,sn_2,1,1360.249108807884,550.0,optimal_shannon,throughput
10.0,wn_2,none,-1,-1,0,0.0,0.0,optimal_shannon,throughput
10.0,we_7,relay,BS_2,wn_2,1,1148.348890635276,550.0,optimal_shannon,throughput
10.0,wn_1,relay,BS_2,wn_2,1,1245.6566594092026,550.0,optimal_shannon,throughput
10.0,we_1,direct,BS_2,-1,1,1671.7311894238946,550.0,optimal_shannon,throughput
10.0,we_4,relay,BS_2,wn_2,1,1321.3861362225246,550.0,optimal_shannon,throughput
10.0,sn_12,relay,BS_3,se_5,1,982.693217434533,550.0,optimal_shannon,throughput
10.0,se_4,relay,BS_3,se_5,1,1207.79438336086,550.0,optimal_shannon,throughput
10.0,sn_3,relay,BS_3,sn_2,1,1335.0046734661116,550.0,optimal_shannon,throughput
10.0,we_0,direct,BS_2,-1,1,1708.3543594433884,550.0,optimal_shannon,throughput
10.0,ns_5,direct,BS_2,-1,1,2310.9190201153224,550.0,optimal_shannon,throughput
10.0,we_10,relay,BS_2,wn_5,1,1310.8368331367035,550.0,optimal_shannon,throughput
10.0,we_9,relay,BS_2,wn_5,1,1310.8368331367035,550.0,optimal_shannon,throughput
10.0,ew_7,direct,BS_1,-1,1,1801.5039055689044,550.0,optimal_shannon,throughput
10.0,sn_9,relay,BS_3,se_5,1,1316.1513271754504,550.0,optimal_shannon,throughput
10.0,wn_3,relay,BS_2,wn_2,1,1103.1891953148995,550.0,optimal_shannon,throughput
10.0,wn_4,relay,BS_2,wn_5,1,1209.787082368823,550.0,optimal_shannon,throughput
10.0,se_5,none,-1,-1,0,0.0,0.0,optimal_shannon,throughput
10.0,wn_6,relay,BS_2,wn_5,1,1151.005513481201,550.0,optimal_shannon,throughput
10.0,se_0,relay,BS_3,sn_2,1,1099.5368419188746,550.0,optimal_shannon,throughput
10.0,sn_8,relay,BS_3,se_5,1,1186.8714456739945,550.0,optimal_shannon,throughput
10.0,sn_11,relay,BS_3,se_5,1,1131.7453979107067,550.0,optimal_shannon,throughput
10.0,ns_6,relay,BS_1,ns_5,1,1304.114041570035,550.0,optimal_shannon,throughput
10.0,ns_0,direct,BS_2,-1,1,2347.4640184860377,550.0,optimal_shannon,throughput
10.0,wn_0,none,-1,-1,0,0.0,0.0,optimal_shannon,throughput
10.0,we_12,relay,BS_2,wn_5,1,995.3032356360618,550.0,optimal_shannon,throughput
10.0,we_6,relay,BS_2,wn_2,1,1374.200137622239,550.0,optimal_shannon,throughput
10.0,ns_1,direct,BS_2,-1,1,2359.5065973164665,550.0,optimal_shannon,throughput
10.0,se_6,relay,BS_3,se_5,1,1152.9979916439825,550.0,optimal_shannon,throughput
10.0,se_2,relay,BS_3,sn_5,1,1336.745186559138,550.0,optimal_shannon,throughput
10.0,sn_10,relay,BS_3,se_5,1,1316.1513271754504,550.0,optimal_shannon,throughput
10.0,ew_3,direct,BS_3,-1,1,1603.3977083250725,550.0,optimal_shannon,throughput
11.0,se_1,relay,BS_3,sn_5,1,1356.6749936169529,550.0,optimal_shannon,throughput
11.0,se_7,relay,BS_3,sn_10,1,1032.8076741740726,550.0,optimal_shannon,throughput
11.0,sn_5,direct,BS_3,-1,1,1356.6749936169529,550.0,optimal_shannon,throughput
11.0,ew_4,direct,BS_1,-1,1,1641.5897261072669,550.0,optimal_shannon,throughput
11.0,ew_6,direct,BS_3,-1,1,1712.493718223199,550.0,optimal_shannon,throughput
11.0,ew_13,direct,BS_1,-1,1,1973.1033308138112,550.0,optimal_shannon,throughput
11.0,wn_8,relay,BS_2,we_11,1,988.3343973743882,550.0,optimal_shannon,throughput
11.0,we_11,none,-1,-1,0,0.0,0.0,optimal_shannon,throughput
11.0,ew_8,direct,BS_1,-1,1,1822.112515156702,550.0,optimal_shannon,throughput
11.0,ew_10,direct,BS_1,-1,1,1887.2739169912409,550.0,optimal_shannon,throughput
11.0,sn_4,relay,BS_3,sn_5,1,1350.6163182909445,550.0,optimal_shannon,throughput
11.0,ns_2,direct,BS_2,-1,1,2343.1488114651665,550.0,optimal_shannon,throughput
11.0,sn_6,relay,BS_3,sn_5,1,1326.36851285708,550.0,optimal_shannon,throughput
11.0,wn_7,relay,BS_2,we_11,1,1181.2257079296194,550.0,optimal_shannon,throughput
11.0,ns_12,relay,BS_1,ns_10,1,1042.1020651781034,550.0,optimal_shannon,throughput
11.0,ns_11,relay,BS_1,ns_10,1,1257.9456971914772,550.0,optimal_shannon,throughput
11.0,ew_1,relay,BS_3,ew_2,1,1394.794690939538,550.0,optimal_shannon,throughput
11.0,ew_9,direct,BS_1,-1,1,1859.1668154414804,550.0,optimal_shannon,throughput
11.0,sn_0,relay,BS_3,sn_2,1,1190.5246017347883,550.0,optimal_shannon,throughput
11.0,we_5,none,-1,-1,0,0.0,0.0,optimal_shannon,throughput
11.0,sn_2,none,-1,-1,0,0.0,0.0,optimal_shannon,throughput
11.0,ns_9,relay,BS_1,ns_10,1,1276.5456429169867,550.0,optimal_shannon,throughput
11.0,we_3,none,-1,-1,0,0.0,0.0,optimal_shannon,throughput
11.0,ns_3,relay,BS_1,ns_2,1,1341.315745400747,550.0,optimal_shannon,throughput
11.0,ns_7,direct,BS_2,-1,1,2313.37837884348,550.0,optimal_shannon,throughput
11.0,ns_4,direct,BS_2,-1,1,2347.0046127744754,550.0,optimal_shannon,throughput
11.0,we_8,none,-1,-1,0,0.0,0.0,optimal_shannon,throughput
11.0,ew_11,direct,BS_1,-1,1,1910.1360158166017,550.0,optimal_shannon,throughput
11.0,ns_8,relay,BS_1,ns_10,1,1087.5840083994158,550.0,optimal_shannon,throughput
11.0,ns_10,direct,BS_2,-1,1,2256.821910318548,550.0,optimal_shannon,throughput
11.0,ew_0,relay,BS_3,ew_1,1,1424.3581594058885,550.0,optimal_shannon,throughput
11.0,wn_5,relay,BS_2,we_11,1,1158.6433965686813,550.0,optimal_shannon,throughput
11.0,we_2,none,-1,-1,0,0.0,0.0,optimal_shannon,throughput
11.0,sn_7,relay,BS_3,sn_5,1,1117.4669905800415,550.0,optimal_shannon,throughput
11.0,ew_2,relay,BS_3,ew_1,1,1394.794690939538,550.0,optimal_shannon,throughput
11.0,se_3,direct,BS_3,-1,1,1344.71708005819,550.0,optimal_shannon,throughput
11.0,ew_5,direct,BS_1,-1,1,1680.494194861505,550.0,optimal_shannon,throughput
11.0,sn_1,relay,BS_3,sn_2,1,1350.0316977767973,550.0,optimal_shannon,throughput
11.0,wn_2,relay,BS_2,we_5,1,1516.9378572930707,550.0,optimal_shannon,throughput
11.0,we_7,relay,BS_2,we_5,1,1145.0281361494117,550.0,optimal_shannon,throughput
11.0,wn_1,relay,BS_2,we_5,1,1315.0751519032754,550.0,optimal_shannon,throughput
11.0,we_1,direct,BS_2,-1,1,1730.1754427181354,550.0,optimal_shannon,throughput
11.0,we_4,relay,BS_2,we_5,1,1376.857487907599,550.0,optimal_shannon,throughput
11.0,sn_12,relay,BS_3,sn_10,1,1033.4715441365622,550.0,optimal_shannon,throughput
11.0,se_4,relay,BS_3,sn_10,1,1136.0622373435444,550.0,optimal_shannon,throughput
11.0,sn_3,relay,BS_3,sn_2,1,1350.0316977767973,550.0,optimal_shannon,throughput
11.0,we_0,direct,BS_2,-1,1,1793.0832901001552,550.0,optimal_shannon,throughput
11.0,ns_5,direct,BS_2,-1,1,2339.5065507598306,550.0,optimal_shannon,throughput
11.0,we_10,relay,BS_2,we_11,1,1284.1850087630726,550.0,optimal_shannon,throughput
11.0,we_13,relay,BS_2,we_11,1,1043.761824676074,550.0,optimal_shannon,throughput
11.0,we_9,relay,BS_2,we_11,1,1100.532933853473,550.0,optimal_shannon,throughput
11.0,ew_7,direct,BS_3,-1,1,1750.3404912171309,550.0,optimal_shannon,throughput
11.0,sn_9,relay,BS_3,sn_10,1,1283.8528612546247,550.0,optimal_shannon,throughput
11.0,wn_3,none,-1,-1,0,0.0,0.0,optimal_shannon,throughput
11.0,wn_4,none,-1,-1,0,0.0,0.0,optimal_shannon,throughput
11.0,se_5,relay,BS_3,sn_10,1,1323.458791215916,550.0,optimal_shannon,throughput
11.0,wn_6,relay,BS_2,we_11,1,1324.787425225465,550.0,optimal_shannon,throughput
11.0,se_0,relay,BS_3,sn_5,1,1171.9269808905149,550.0,optimal_shannon,throughput
11.0,sn_8,none,-1,-1,0,0.0,0.0,optimal_shannon,throughput
11.0,sn_11,relay,BS_3,sn_10,1,1264.9206335380345,550.0,optimal_shannon,throughput
11.0,ns_6,direct,BS_2,-1,1,2325.638202836654,550.0,optimal_shannon,throughput
11.0,ns_0,relay,BS_1,ns_2,1,1179.5652084169544,550.0,optimal_shannon,throughput
11.0,ew_12,direct,BS_1,-1,1,1955.8095279281088,550.0,optimal_shannon,throughput
11.0,wn_0,relay,BS_2,we_5,1,1102.5251277417783,550.0,optimal_shannon,throughput
11.0,we_12,relay,BS_2,we_11,1,1208.12649942235,550.0,optimal_shannon,throughput
11.0,we_6,relay,BS_2,we_5,1,1350.948482581707,550.0,optimal_shannon,throughput
11.0,ns_1,relay,BS_1,ns_2,1,1344.0527540628889,550.0,optimal_shannon,throughput
11.0,sn_13,relay,BS_3,sn_10,1,928.6181186914996,550.0,optimal_shannon,throughput
11.0,se_6,relay,BS_3,sn_10,1,1218.0900615332175,550.0,optimal_shannon,throughput
11.0,se_2,relay,BS_3,sn_5,1,1356.6749936169529,550.0,optimal_shannon,throughput
11.0,sn_10,direct,BS_3,-1,1,1323.458791215916,550.0,optimal_shannon,throughput
11.0,ew_3,relay,BS_3,ew_2,1,1367.2246102936597,550.0,optimal_shannon,throughput
12.0,se_7,none,-1,-1,0,0.0,0.0,optimal_shannon,throughput
12.0,ew_6,relay,BS_1,ew_5,1,1357.591781971415,550.0,optimal_shannon,throughput
12.0,sn_5,none,-1,-1,0,0.0,0.0,optimal_shannon,throughput
12.0,ew_9,direct,BS_1,-1,1,1808.8238953903576,550.0,optimal_shannon,throughput
12.0,we_8,relay,BS_2,we_9,1,1321.4658425858086,550.0,optimal_shannon,throughput
12.0,we_14,relay,BS_2,wn_7,1,1125.4362625564163,550.0,optimal_shannon,throughput
12.0,ew_11,direct,BS_1,-1,1,1880.5004217712187,550.0,optimal_shannon,throughput
12.0,se_4,none,-1,-1,0,0.0,0.0,optimal_shannon,throughput
12.0,we_10,relay,BS_2,we_9,1,1318.3967188963302,550.0,optimal_shannon,throughput
12.0,wn_3,relay,BS_2,we_9,1,1116.8028930385651,550.0,optimal_shannon,throughput
12.0,ns_6,relay,BS_1,ns_5,1,1332.0152274987847,550.0,optimal_shannon,throughput
12.0,se_2,relay,BS_3,sn_5,1,1338.326287050039,550.0,optimal_shannon,throughput
12.0,ew_3,direct,BS_3,-1,1,1442.6860353597272,550.0,optimal_shannon,throughput
12.0,ew_0,direct,BS_3,-1,1,1363.3183146749634,550.0,optimal_shannon,throughput
12.0,ew_4,relay,BS_1,ew_5,1,1384.1652190866466,550.0,optimal_shannon,throughput
12.0,ew_13,direct,BS_3,-1,1,1932.773340519986,550.0,optimal_shannon,throughput
12.0,wn_8,relay,BS_2,wn_7,1,1193.845673649923,550.0,optimal_shannon,throughput
12.0,ew_8,direct,BS_1,-1,1,1776.2050358765362,550.0,optimal_shannon,throughput
12.0,sn_14,relay,BS_3,se_7,1,1128.4247865700354,550.0,optimal_shannon,throughput
12.0,ns_11,relay,BS_1,ns_10,1,1269.5706204319977,550.0,optimal_shannon,throughput
12.0,we_5,none,-1,-1,0,0.0,0.0,optimal_shannon,throughput
12.0,sn_2,none,-1,-1,0,0.0,0.0,optimal_shannon,throughput
12.0,ns_3,relay,BS_1,ns_1,1,1171.262792772206,550.0,optimal_shannon,throughput
12.0,sn_7,relay,BS_3,sn_5,1,1135.3981049644603,550.0,optimal_shannon,throughput
12.0,ew_5,direct,BS_3,-1,1,1612.375882995373,550.0,optimal_shannon,throughput
12.0,sn_1,direct,BS_3,-1,1,1373.283341077084,550.0,optimal_shannon,throughput
12.0,wn_2,relay,BS_2,we_5,1,1592.3031907418929,550.0,optimal_shannon,throughput
12.0,we_7,relay,BS_2,we_5,1,1156.6508923609088,550.0,optimal_shannon,throughput
12.0,we_1,direct,BS_2,-1,1,1792.9433718352857,550.0,optimal_shannon,throughput
12.0,ns_5,direct,BS_2,-1,1,2350.222669997427,550.0,optimal_shannon,throughput
12.0,we_0,direct,BS_2,-1,1,1825.0395575523055,550.0,optimal_shannon,throughput
12.0,ew_7,direct,BS_3,-1,1,1685.648374073654,550.0,optimal_shannon,throughput
12.0,ns_0,relay,BS_1,ns_1,1,1353.6855072983665,550.0,optimal_shannon,throughput
12.0,sn_13,relay,BS_3,se_7,1,1309.8403679483035,550.0,optimal_shannon,throughput
12.0,se_3,relay,BS_3,se_4,1,1250.970815959208,550.0,optimal_shannon,throughput
12.0,se_1,relay,BS_3,sn_5,1,1350.0316977767973,550.0,optimal_shannon,throughput
12.0,se_8,relay,BS_3,se_7,1,1192.517242520606,550.0,optimal_shannon,throughput
12.0,ew_10,direct,BS_1,-1,1,1827.5784491972868,550.0,optimal_shannon,throughput
12.0,ns_2,relay,BS_1,ns_1,1,1353.6855072983665,550.0,optimal_shannon,throughput
12.0,wn_7,none,-1,-1,0,0.0,0.0,optimal_shannon,throughput
12.0,ns_12,relay,BS_1,ns_10,1,1045.7535542473393,550.0,optimal_shannon,throughput
12.0,ew_1,relay,BS_1,ew_5,1,901.0947715414565,550.0,optimal_shannon,throughput
12.0,we_3,none,-1,-1,0,0.0,0.0,optimal_shannon,throughput
12.0,ns_7,relay,BS_1,ns_5,1,1128.4247865700354,550.0,optimal_shannon,throughput
12.0,ns_10,direct,BS_2,-1,1,2284.5113036418124,550.0,optimal_shannon,throughput
12.0,wn_5,relay,BS_2,we_9,1,1321.4658425858086,550.0,optimal_shannon,throughput
12.0,ns_13,direct,BS_2,-1,1,2221.0863771784248,550.0,optimal_shannon,throughput
12.0,sn_3,none,-1,-1,0,0.0,0.0,optimal_shannon,throughput
12.0,we_9,none,-1,-1,0,0.0,0.0,optimal_shannon,throughput
12.0,wn_4,relay,BS_2,we_9,1,1321.4658425858086,550.0,optimal_shannon,throughput
12.0,sn_8,relay,BS_3,se_4,1,1344.71708005819,550.0,optimal_shannon,throughput
12.0,sn_11,relay,BS_3,se_7,1,1120.7874980117429,550.0,optimal_shannon,throughput
12.0,ew_12,direct,BS_1,-1,1,1903.4372094363464,550.0,optimal_shannon,throughput
12.0,se_6,relay,BS_3,se_7,1,1214.768857177825,550.0,optimal_shannon,throughput
12.0,sn_10,relay,BS_3,se_4,1,1184.2146204078824,550.0,optimal_shannon,throughput
12.0,wn_9,relay,BS_2,wn_7,1,1008.9100280745732,550.0,optimal_shannon,throughput
12.0,we_11,relay,BS_2,wn_7,1,1137.390505585643,550.0,optimal_shannon,throughput
12.0,sn_4,relay,BS_3,sn_5,1,1350.0316977767973,550.0,optimal_shannon,throughput
12.0,sn_6,relay,BS_3,sn_5,1,1341.315745400747,550.0,optimal_shannon,throughput
12.0,sn_0,direct,BS_3,-1,1,1366.9721515927156,550.0,optimal_shannon,throughput
12.0,ns_9,relay,BS_1,ns_10,1,1288.8350847115155,550.0,optimal_shannon,throughput
12.0,ns_4,relay,BS_1,ns_5,1,1346.710059682595,550.0,optimal_shannon,throughput
12.0,ns_8,relay,BS_1,ns_10,1,1105.513443279061,550.0,optimal_shannon,throughput
12.0,ew_2,relay,BS_1,ew_5,1,944.20747701283,550.0,optimal_shannon,throughput
12.0,we_15,relay,BS_2,wn_7,1,1008.9100280745732,550.0,optimal_shannon,throughput
12.0,wn_1,relay,BS_2,we_5,1,1365.2316071773073,550.0,optimal_shannon,throughput
12.0,we_4,relay,BS_2,we_5,1,1394.794690939538,550.0,optimal_shannon,throughput
12.0,ew_14,direct,BS_1,-1,1,1954.8484077120645,550.0,optimal_shannon,throughput
12.0,sn_12,relay,BS_3,se_7,1,1309.8403679483035,550.0,optimal_shannon,throughput
12.0,we_13,relay,BS_2,wn_7,1,1306.1866690138377,550.0,optimal_shannon,throughput
12.0,sn_9,relay,BS_3,se_4,1,1344.71708005819,550.0,optimal_shannon,throughput
12.0,se_5,relay,BS_3,se_4,1,1226.0610184751602,550.0,optimal_shannon,throughput
12.0,wn_6,relay,BS_2,wn_7,1,1217.7579403502332,550.0,optimal_shannon,throughput
12.0,se_0,relay,BS_3,sn_5,1,1227.3895201622506,550.0,optimal_shannon,throughput
12.0,wn_0,relay,BS_2,we_5,1,1135.066039212753,550.0,optimal_shannon,throughput
12.0,we_12,relay,BS_2,wn_7,1,1306.1866690138377,550.0,optimal_shannon,throughput
12.0,we_6,relay,BS_2,we_5,1,1367.2246102936597,550.0,optimal_shannon,throughput
12.0,ns_1,direct,BS_2,-1,1,2329.9968708456204,550.0,optimal_shannon,throughput
12.0,we_2,direct,BS_2,-1,1,1763.7871373062874,550.0,optimal_shannon,throughput
13.0,we_16,relay,BS_2,we_13,1,954.1594169995748,550.0,optimal_shannon,throughput
13.0,se_7,relay,BS_3,sn_13,1,1329.437654090137,550.0,optimal_shannon,throughput
13.0,sn_5,direct,BS_3,-1,1,1364.9791487456307,550.0,optimal_shannon,throughput
13.0,ew_6,relay,BS_3,ew_5,1,1374.200137622239,550.0,optimal_shannon,throughput
13.0,ew_9,direct,BS_3,-1,1,1739.3841024082922,550.0,optimal_shannon,throughput
13.0,se_9,relay,BS_3,sn_13,1,1041.7701149459142,550.0,optimal_shannon,throughput
13.0,we_8,relay,BS_2,we_9,1,1357.591781971415,550.0,optimal_shannon,throughput
13.0,we_14,relay,BS_2,we_13,1,1289.1672337576908,550.0,optimal_shannon,throughput
13.0,ew_11,direct,BS_1,-1,1,1828.1713340517704,550.0,optimal_shannon,throughput
13.0,se_4,relay,BS_3,sn_9,1,1342.059777733184,550.0,optimal_shannon,throughput
13.0,we_10,relay,BS_2,we_9,1,1332.347387864976,550.0,optimal_shannon,throughput
13.0,wn_3,relay,BS_2,we_9,1,1143.0356965344636,550.0,optimal_shannon,throughput
13.0,ns_6,relay,BS_1,ns_5,1,1346.96251546469,550.0,optimal_shannon,throughput
13.0,se_2,relay,BS_3,sn_5,1,1283.8528612546247,550.0,optimal_shannon,throughput
13.0,ew_3,relay,BS_3,ew_2,1,1347.7065504087086,550.0,optimal_shannon,throughput
13.0,ew_0,relay,BS_3,ew_2,1,1249.3101383723044,550.0,optimal_shannon,throughput
13.0,ew_4,relay,BS_3,ew_5,1,1402.434654668149,550.0,optimal_shannon,throughput
13.0,ew_13,direct,BS_1,-1,1,1913.9488529345144,550.0,optimal_shannon,throughput
13.0,wn_8,relay,BS_2,we_13,1,1305.5223612714306,550.0,optimal_shannon,throughput
13.0,ew_8,direct,BS_3,-1,1,1718.7817571888909,550.0,optimal_shannon,throughput
13.0,sn_14,relay,BS_3,sn_13,1,1269.5706204319977,550.0,optimal_shannon,throughput
13.0,ns_11,direct,BS_2,-1,1,2295.006931362201,550.0,optimal_shannon,throughput
13.0,we_5,none,-1,-1,0,0.0,0.0,optimal_shannon,throughput
13.0,sn_2,none,-1,-1,0,0.0,0.0,optimal_shannon,throughput
13.0,ns_3,relay,BS_1,ns_1,1,1186.8714456739945,550.0,optimal_shannon,throughput
13.0,sn_7,relay,BS_3,sn_5,1,1145.0281361494117,550.0,optimal_shannon,throughput
13.0,ew_5,direct,BS_1,-1,1,1526.6820078702915,550.0,optimal_shannon,throughput
13.0,sn_1,none,-1,-1,0,0.0,0.0,optimal_shannon,throughput
13.0,wn_2,relay,BS_2,we_5,1,1536.303121785166,550.0,optimal_shannon,throughput
13.0,ns_14,relay,BS_1,ns_13,1,1262.5956487951637,550.0,optimal_shannon,throughput
13.0,we_7,relay,BS_2,we_5,1,1173.5874551460254,550.0,optimal_shannon,throughput
13.0,we_1,none,-1,-1,0,0.0,0.0,optimal_shannon,throughput
13.0,ns_5,direct,BS_2,-1,1,2337.888170439952,550.0,optimal_shannon,throughput
13.0,we_0,none,-1,-1,0,0.0,0.0,optimal_shannon,throughput
13.0,ew_7,relay,BS_3,ew_5,1,1160.9679961165075,550.0,optimal_shannon,throughput
13.0,ns_0,relay,BS_1,ns_1,1,1355.6784976048689,550.0,optimal_shannon,throughput
13.0,sn_13,none,-1,-1,0,0.0,0.0,optimal_shannon,throughput
13.0,se_3,relay,BS_3,sn_9,1,1204.8053468162193,550.0,optimal_shannon,throughput
13.0,se_1,relay,BS_3,sn_5,1,1364.9791487456307,550.0,optimal_shannon,throughput
13.0,se_8,relay,BS_3,sn_13,1,1320.0575054867015,550.0,optimal_shannon,throughput
13.0,ew_10,direct,BS_1,-1,1,1775.127308200987,550.0,optimal_shannon,throughput
13.0,ns_2,relay,BS_1,ns_1,1,1355.6784976048689,550.0,optimal_shannon,throughput
13.0,wn_7,relay,BS_2,we_13,1,1305.5223612714306,550.0,optimal_shannon,throughput
13.0,ns_12,relay,BS_1,ns_13,1,1281.5278316326344,550.0,optimal_shannon,throughput
13.0,ew_1,relay,BS_3,ew_2,1,1347.7065504087086,550.0,optimal_shannon,throughput
13.0,we_3,none,-1,-1,0,0.0,0.0,optimal_shannon,throughput
13.0,ns_7,relay,BS_1,ns_5,1,1139.3829165788864,550.0,optimal_shannon,throughput
13.0,ns_10,direct,BS_2,-1,1,2299.5621221536244,550.0,optimal_shannon,throughput
13.0,wn_5,relay,BS_2,we_9,1,1416.0121085337694,550.0,optimal_shannon,throughput
13.0,ns_13,direct,BS_2,-1,1,2233.2641936287005,550.0,optimal_shannon,throughput
13.0,sn_3,direct,BS_3,-1,1,1353.353342471658,550.0,optimal_shannon,throughput
13.0,we_9,none,-1,-1,0,0.0,0.0,optimal_shannon,throughput
13.0,wn_4,relay,BS_2,we_9,1,1416.0121085337694,550.0,optimal_shannon,throughput
13.0,sn_8,relay,BS_3,sn_9,1,1332.0152274987847,550.0,optimal_shannon,throughput
13.0,sn_11,relay,BS_3,sn_9,1,1105.513443279061,550.0,optimal_shannon,throughput
13.0,ew_12,direct,BS_1,-1,1,1875.0428795267003,550.0,optimal_shannon,throughput
13.0,se_6,relay,BS_3,sn_13,1,1136.3943039695791,550.0,optimal_shannon,throughput
13.0,ew_15,direct,BS_1,-1,1,1968.7300588576725,550.0,optimal_shannon,throughput
13.0,sn_10,relay,BS_3,sn_9,1,1309.4285074212044,550.0,optimal_shannon,throughput
13.0,wn_9,relay,BS_2,we_13,1,1043.42987166913,550.0,optimal_shannon,throughput
13.0,sn_15,relay,BS_3,sn_13,1,1060.6921316288956,550.0,optimal_shannon,throughput
13.0,we_11,relay,BS_2,we_9,1,1129.4209667851117,550.0,optimal_shannon,throughput
13.0,sn_4,relay,BS_3,sn_5,1,1364.9791487456307,550.0,optimal_shannon,throughput
13.0,sn_6,relay,BS_3,sn_5,1,1356.26312005182,550.0,optimal_shannon,throughput
13.0,sn_0,none,-1,-1,0,0.0,0.0,optimal_shannon,throughput
13.0,ns_9,direct,BS_2,-1,1,2304.3496167429767,550.0,optimal_shannon,throughput
13.0,ns_15,relay,BS_1,ns_13,1,1058.7002616622326,550.0,optimal_shannon,throughput
13.0,ns_4,relay,BS_1,ns_5,1,1357.0071590805744,550.0,optimal_shannon,throughput
13.0,ns_8,direct,BS_2,-1,1,2322.481791208677,550.0,optimal_shannon,throughput
13.0,ew_2,relay,BS_3,ew_5,1,933.2614876016402,550.0,optimal_shannon,throughput
13.0,we_15,relay,BS_2,we_13,1,1087.5840083994158,550.0,optimal_shannon,throughput
13.0,wn_1,relay,BS_2,we_5,1,1424.6903351095125,550.0,optimal_shannon,throughput
13.0,we_4,relay,BS_2,we_5,1,1413.3963838608606,550.0,optimal_shannon,throughput
13.0,ew_14,direct,BS_1,-1,1,1939.605434926595,550.0,optimal_shannon,throughput
13.0,sn_12,relay,BS_3,sn_13,1,1288.8350847115155,550.0,optimal_shannon,throughput
13.0,we_13,none,-1,-1,0,0.0,0.0,optimal_shannon,throughput
13.0,sn_9,direct,BS_3,-1,1,1342.059777733184,550.0,optimal_shannon,throughput
13.0,se_5,relay,BS_3,sn_9,1,1301.456817302373,550.0,optimal_shannon,throughput
13.0,wn_6,relay,BS_2,we_13,1,1117.1349416435446,550.0,optimal_shannon,throughput
13.0,se_0,relay,BS_3,sn_5,1,1294.1494813984582,550.0,optimal_shannon,throughput
13.0,wn_0,relay,BS_2,we_5,1,1165.6172309898573,550.0,optimal_shannon,throughput
13.0,we_12,relay,BS_2,we_13,1,1305.5223612714306,550.0,optimal_shannon,throughput
13.0,we_6,relay,BS_2,we_5,1,1384.1652190866466,550.0,optimal_shannon,throughput
13.0,ns_1,direct,BS_2,-1,1,2300.750100109263,550.0,optimal_shannon,throughput
13.0,we_2,none,-1,-1,0,0.0,0.0,optimal_shannon,throughput
14.0,we_16,relay,BS_2,wn_8,1,1049.7370718295329,550.0,optimal_shannon,throughput
14.0,se_7,relay,BS_3,sn_14,1,1221.0791595463654,550.0,optimal_shannon,throughput
14.0,sn_5,relay,BS_3,sn_6,1,1351.6925193086151,550.0,optimal_shannon,throughput
14.0,ew_6,relay,BS_3,ew_5,1,1392.137318184675,550.0,optimal_shannon,throughput
14.0,ew_9,relay,BS_3,ew_10,1,1338.9906106311091,550.0,optimal_shannon,throughput
14.0,se_9,relay,BS_3,sn_14,1,1145.0281361494117,550.0,optimal_shannon,throughput
14.0,we_8,relay,BS_2,we_9,1,1374.200137622239,550.0,optimal_shannon,throughput
14.0,we_14,relay,BS_2,wn_8,1,1306.518823019307,550.0,optimal_shannon,throughput
14.0,ew_11,relay,BS_3,ew_10,1,1315.407308227314,550.0,optimal_shannon,throughput
14.0,sn_16,relay,BS_3,sn_14,1,1052.3927926525205,550.0,optimal_shannon,throughput
14.0,sn_17,direct,BS_3,-1,1,1311.1689883729807,550.0,optimal_shannon,throughput
14.0,se_4,relay,BS_3,sn_9,1,1366.6399843040144,550.0,optimal_shannon,throughput
14.0,we_10,relay,BS_2,we_9,1,1347.9590063441392,550.0,optimal_shannon,throughput
14.0,wn_3,relay,BS_2,we_9,1,1172.259075290117,550.0,optimal_shannon,throughput
14.0,ns_6,relay,BS_1,ns_5,1,1362.5742730206423,550.0,optimal_shannon,throughput
14.0,se_2,relay,BS_3,sn_6,1,1351.6925193086151,550.0,optimal_shannon,throughput
14.0,ew_3,relay,BS_1,ew_2,1,1332.759255300619,550.0,optimal_shannon,throughput
14.0,ew_0,relay,BS_1,ew_2,1,1272.2277659919416,550.0,optimal_shannon,throughput
14.0,ew_4,relay,BS_3,ew_5,1,1420.3720540641723,550.0,optimal_shannon,throughput
14.0,ew_13,direct,BS_1,-1,1,1852.6671501189344,550.0,optimal_shannon,throughput
14.0,wn_8,none,-1,-1,0,0.0,0.0,optimal_shannon,throughput
14.0,ew_8,relay,BS_3,ew_10,1,1156.3188092053058,550.0,optimal_shannon,throughput
14.0,sn_14,none,-1,-1,0,0.0,0.0,optimal_shannon,throughput
14.0,ns_11,relay,BS_1,ns_9,1,1106.8415928961,550.0,optimal_shannon,throughput
14.0,we_5,relay,BS_2,wn_1,1,1499.7628994944455,550.0,optimal_shannon,throughput
14.0,sn_2,direct,BS_3,-1,1,1317.1477972106695,550.0,optimal_shannon,throughput
14.0,ns_3,relay,BS_1,ns_2,1,1330.1019737287668,550.0,optimal_shannon,throughput
14.0,sn_7,relay,BS_3,sn_6,1,1346.96251546469,550.0,optimal_shannon,throughput
14.0,ew_5,direct,BS_3,-1,1,1462.0976086960834,550.0,optimal_shannon,throughput
14.0,sn_1,none,-1,-1,0,0.0,0.0,optimal_shannon,throughput
14.0,wn_2,relay,BS_2,wn_1,1,1291.8244297307529,550.0,optimal_shannon,throughput
14.0,ns_14,direct,BS_2,-1,1,2254.1892453834507,550.0,optimal_shannon,throughput
14.0,we_7,relay,BS_2,wn_1,1,1112.1542478089996,550.0,optimal_shannon,throughput
14.0,we_1,none,-1,-1,0,0.0,0.0,optimal_shannon,throughput
14.0,ns_5,direct,BS_2,-1,1,2334.761303107563,550.0,optimal_shannon,throughput
14.0,we_0,direct,BS_2,-1,1,1874.8913559190537,550.0,optimal_shannon,throughput
14.0,ew_7,relay,BS_3,ew_5,1,1177.5726161055693,550.0,optimal_shannon,throughput
14.0,ns_0,relay,BS_1,ns_2,1,1236.6890998995823,550.0,optimal_shannon,throughput
14.0,sn_13,relay,BS_3,sn_14,1,1281.5278316326344,550.0,optimal_shannon,throughput
14.0,se_3,relay,BS_3,sn_9,1,1264.2563515835243,550.0,optimal_shannon,throughput
14.0,se_1,relay,BS_3,sn_6,1,1351.6925193086151,550.0,optimal_shannon,throughput
14.0,se_8,relay,BS_3,sn_14,1,1323.458791215916,550.0,optimal_shannon,throughput
14.0,ew_10,direct,BS_1,-1,1,1732.4804362373943,550.0,optimal_shannon,throughput
14.0,ns_2,direct,BS_2,-1,1,2291.2326302544425,550.0,optimal_shannon,throughput
14.0,wn_7,relay,BS_2,wn_8,1,1214.104618316835,550.0,optimal_shannon,throughput
14.0,ns_12,relay,BS_1,ns_14,1,1095.2204827851644,550.0,optimal_shannon,throughput
14.0,ew_1,relay,BS_1,ew_2,1,1332.759255300619,550.0,optimal_shannon,throughput
14.0,we_3,direct,BS_2,-1,1,1880.217153522544,550.0,optimal_shannon,throughput
14.0,ns_7,relay,BS_1,ns_5,1,1154.6583972293756,550.0,optimal_shannon,throughput
14.0,ns_10,relay,BS_1,ns_9,1,1315.0751519032754,550.0,optimal_shannon,throughput
14.0,wn_5,relay,BS_2,we_9,1,1396.1233784821134,550.0,optimal_shannon,throughput
14.0,ns_13,relay,BS_1,ns_14,1,1274.220629922697,550.0,optimal_shannon,throughput
14.0,we_17,relay,BS_2,wn_8,1,957.8086962275734,550.0,optimal_shannon,throughput
14.0,sn_3,none,-1,-1,0,0.0,0.0,optimal_shannon,throughput
14.0,we_9,none,-1,-1,0,0.0,0.0,optimal_shannon,throughput
14.0,ew_16,direct,BS_3,-1,1,1942.2624106278672,550.0,optimal_shannon,throughput
14.0,wn_4,relay,BS_2,we_9,1,1485.058323213146,550.0,optimal_shannon,throughput
14.0,sn_8,relay,BS_3,sn_9,1,1346.96251546469,550.0,optimal_shannon,throughput
14.0,sn_11,relay,BS_3,sn_9,1,1121.1195505450366,550.0,optimal_shannon,throughput
14.0,ew_12,direct,BS_1,-1,1,1835.9494056087224,550.0,optimal_shannon,throughput
14.0,se_6,none,-1,-1,0,0.0,0.0,optimal_shannon,throughput
14.0,ew_15,direct,BS_1,-1,1,1924.150330029682,550.0,optimal_shannon,throughput
14.0,sn_10,relay,BS_3,sn_9,1,1323.71124310235,550.0,optimal_shannon,throughput
14.0,wn_9,relay,BS_2,wn_8,1,1144.696062193428,550.0,optimal_shannon,throughput
14.0,sn_15,relay,BS_3,sn_14,1,1262.5956487951637,550.0,optimal_shannon,throughput
14.0,we_11,relay,BS_2,we_9,1,1137.390505585643,550.0,optimal_shannon,throughput
14.0,sn_4,relay,BS_3,sn_6,1,1186.8714456739945,550.0,optimal_shannon,throughput
14.0,ns_16,relay,BS_1,ns_14,1,1058.7002616622326,550.0,optimal_shannon,throughput
14.0,sn_6,direct,BS_3,-1,1,1351.6925193086151,550.0,optimal_shannon,throughput
14.0,sn_0,none,-1,-1,0,0.0,0.0,optimal_shannon,throughput
14.0,ns_9,direct,BS_2,-1,1,2332.7088659494607,550.0,optimal_shannon,throughput
14.0,ns_15,relay,BS_1,ns_14,1,1255.620730524827,550.0,optimal_shannon,throughput
14.0,ns_4,relay,BS_1,ns_5,1,1367.968653810429,550.0,optimal_shannon,throughput
14.0,ns_8,relay,BS_1,ns_9,1,1338.326287050039,550.0,optimal_shannon,throughput
14.0,ew_2,relay,BS_3,ew_5,1,913.0314649894414,550.0,optimal_shannon,throughput
14.0,we_15,relay,BS_2,wn_8,1,1256.9492821502831,550.0,optimal_shannon,throughput
14.0,wn_1,none,-1,-1,0,0.0,0.0,optimal_shannon,throughput
14.0,we_4,relay,BS_2,wn_1,1,1764.1466051198215,550.0,optimal_shannon,throughput
14.0,ew_14,direct,BS_1,-1,1,1890.8729391634408,550.0,optimal_shannon,throughput
14.0,sn_12,relay,BS_3,sn_14,1,1093.228338909082,550.0,optimal_shannon,throughput
14.0,we_13,relay,BS_2,wn_8,1,1306.518823019307,550.0,optimal_shannon,throughput
14.0,sn_9,none,-1,-1,0,0.0,0.0,optimal_shannon,throughput
14.0,se_5,relay,BS_3,sn_9,1,1253.6279069019663,550.0,optimal_shannon,throughput
14.0,wn_6,none,-1,-1,0,0.0,0.0,optimal_shannon,throughput
14.0,se_0,relay,BS_3,sn_6,1,1181.2257079296194,550.0,optimal_shannon,throughput
14.0,wn_0,relay,BS_2,wn_1,1,1324.0434015463538,550.0,optimal_shannon,throughput
14.0,we_12,relay,BS_2,wn_8,1,1127.760667958348,550.0,optimal_shannon,throughput
14.0,we_6,relay,BS_2,wn_1,1,1246.653061147484,550.0,optimal_shannon,throughput
14.0,ns_1,relay,BS_1,ns_2,1,1330.1019737287668,550.0,optimal_shannon,throughput
14.0,we_2,direct,BS_2,-1,1,1863.2940849728184,550.0,optimal_shannon,throughput
15.0,we_16,relay,BS_2,wn_8,1,1058.3682850671598,550.0,optimal_shannon,throughput
15.0,se_7,relay,BS_3,sn_14,1,1285.5135998362252,550.0,optimal_shannon,throughput
15.0,sn_5,relay,BS_3,se_1,1,1367.6364863460574,550.0,optimal_shannon,throughput
15.0,ew_6,none,-1,-1,0,0.0,0.0,optimal_shannon,throughput
15.0,ew_9,direct,BS_3,-1,1,1614.3303886658064,550.0,optimal_shannon,throughput
15.0,se_9,relay,BS_3,sn_14,1,1091.5682297632238,550.0,optimal_shannon,throughput
15.0,we_8,relay,BS_2,we_9,1,1392.137318184675,550.0,optimal_shannon,throughput
15.0,we_14,relay,BS_2,wn_8,1,1318.144267991982,550.0,optimal_shannon,throughput
15.0,ew_11,direct,BS_3,-1,1,1719.0698989106256,550.0,optimal_shannon,throughput
15.0,sn_16,none,-1,-1,0,0.0,0.0,optimal_shannon,throughput
15.0,ns_17,relay,BS_1,ns_14,1,935.2515743584628,550.0,optimal_shannon,throughput
15.0,sn_17,none,-1,-1,0,0.0,0.0,optimal_shannon,throughput
15.0,se_4,none,-1,-1,0,0.0,0.0,optimal_shannon,throughput
15.0,we_10,relay,BS_2,we_9,1,1363.5707728793918,550.0,optimal_shannon,throughput
15.0,wn_3,relay,BS_2,we_9,1,1211.4476696767326,550.0,optimal_shannon,throughput
15.0,ns_6,direct,BS_2,-1,1,2347.0016344401465,550.0,optimal_shannon,throughput
15.0,se_2,relay,BS_3,se_1,1,1300.7925121554497,550.0,optimal_shannon,throughput
15.0,ew_3,relay,BS_1,ew_2,1,1327.7768563289153,550.0,optimal_shannon,throughput
15.0,ew_0,relay,BS_1,ew_2,1,1297.8031436151457,550.0,optimal_shannon,throughput
15.0,ew_4,relay,BS_3,ew_6,1,1224.4003948756383,550.0,optimal_shannon,throughput
15.0,ew_13,direct,BS_3,-1,1,1794.9904576543108,550.0,optimal_shannon,throughput
15.0,sn_18,relay,BS_3,sn_14,1,889.4914911466104,550.0,optimal_shannon,throughput
15.0,ew_17,direct,BS_1,-1,1,1957.0832816764344,550.0,optimal_shannon,throughput
15.0,wn_8,none,-1,-1,0,0.0,0.0,optimal_shannon,throughput
15.0,ew_8,direct,BS_3,-1,1,1585.3946156960135,550.0,optimal_shannon,throughput
15.0,sn_14,none,-1,-1,0,0.0,0.0,optimal_shannon,throughput
15.0,ns_11,relay,BS_1,ns_9,1,1121.1195505450366,550.0,optimal_shannon,throughput
15.0,we_5,relay,BS_2,wn_1,1,1589.1207290034204,550.0,optimal_shannon,throughput
15.0,sn_2,none,-1,-1,0,0.0,0.0,optimal_shannon,throughput
15.0,ns_3,relay,BS_1,ns_2,1,1314.822701631356,550.0,optimal_shannon,throughput
15.0,sn_7,relay,BS_3,se_1,1,1265.2527746940088,550.0,optimal_shannon,throughput
15.0,ew_5,relay,BS_3,ew_6,1,1410.4068166079207,550.0,optimal_shannon,throughput
15.0,sn_1,none,-1,-1,0,0.0,0.0,optimal_shannon,throughput
15.0,wn_2,relay,BS_2,wn_1,1,1304.7783485485088,550.0,optimal_shannon,throughput
15.0,ns_14,direct,BS_2,-1,1,2276.0336059216247,550.0,optimal_shannon,throughput
15.0,we_7,relay,BS_2,wn_1,1,1140.7111962663323,550.0,optimal_shannon,throughput
15.0,we_1,direct,BS_2,-1,1,1603.1198498930091,550.0,optimal_shannon,throughput
15.0,ns_5,relay,BS_1,ns_6,1,1350.6960261925738,550.0,optimal_shannon,throughput
15.0,we_0,none,-1,-1,0,0.0,0.0,optimal_shannon,throughput
15.0,ew_7,relay,BS_3,ew_6,1,1380.8435198923842,550.0,optimal_shannon,throughput
15.0,ns_0,relay,BS_1,ns_2,1,1261.9313685247987,550.0,optimal_shannon,throughput
15.0,we_18,none,-1,-1,0,0.0,0.0,optimal_shannon,throughput
15.0,sn_13,relay,BS_3,sn_14,1,1293.8173308667456,550.0,optimal_shannon,throughput
15.0,se_3,relay,BS_3,se_4,1,1285.5135998362252,550.0,optimal_shannon,throughput
15.0,se_1,none,-1,-1,0,0.0,0.0,optimal_shannon,throughput
15.0,se_8,relay,BS_3,sn_14,1,1338.0738326421615,550.0,optimal_shannon,throughput
15.0,ew_10,direct,BS_1,-1,1,1673.8569616535194,550.0,optimal_shannon,throughput
15.0,ns_2,direct,BS_2,-1,1,2251.791875139301,550.0,optimal_shannon,throughput
15.0,wn_7,relay,BS_2,wn_8,1,1223.4040226048812,550.0,optimal_shannon,throughput
15.0,ns_12,relay,BS_1,ns_14,1,1099.8688721903825,550.0,optimal_shannon,throughput
15.0,ew_1,relay,BS_1,ew_2,1,1327.7768563289153,550.0,optimal_shannon,throughput
15.0,we_3,direct,BS_2,-1,1,1884.838166491136,550.0,optimal_shannon,throughput
15.0,ns_7,relay,BS_1,ns_6,1,1350.6960261925738,550.0,optimal_shannon,throughput
15.0,ns_10,relay,BS_1,ns_9,1,1329.3579472759436,550.0,optimal_shannon,throughput
15.0,wn_5,relay,BS_2,we_9,1,1355.9309547295925,550.0,optimal_shannon,throughput
15.0,ns_13,relay,BS_1,ns_14,1,1286.5100442257426,550.0,optimal_shannon,throughput
15.0,we_17,relay,BS_2,wn_8,1,960.1310279857296,550.0,optimal_shannon,throughput
15.0,sn_3,none,-1,-1,0,0.0,0.0,optimal_shannon,throughput
15.0,we_9,none,-1,-1,0,0.0,0.0,optimal_shannon,throughput
15.0,ew_16,direct,BS_1,-1,1,1930.567369781869,550.0,optimal_shannon,throughput
15.0,wn_4,relay,BS_2,we_9,1,1585.5523358215871,550.0,optimal_shannon,throughput
15.0,sn_8,relay,BS_3,se_4,1,1299.1317509167532,550.0,optimal_shannon,throughput
15.0,sn_11,relay,BS_3,se_4,1,1162.960519564809,550.0,optimal_shannon,throughput
15.0,ew_12,direct,BS_3,-1,1,1758.134409185183,550.0,optimal_shannon,throughput
15.0,se_6,none,-1,-1,0,0.0,0.0,optimal_shannon,throughput
15.0,ew_15,direct,BS_1,-1,1,1872.4833952161616,550.0,optimal_shannon,throughput
15.0,sn_10,relay,BS_3,se_4,1,1356.6749936169529,550.0,optimal_shannon,throughput
15.0,wn_9,relay,BS_2,wn_8,1,1129.4209667851117,550.0,optimal_shannon,throughput
15.0,sn_15,relay,BS_3,sn_14,1,1274.220629922697,550.0,optimal_shannon,throughput
15.0,ew_18,direct,BS_1,-1,1,1973.1033308138112,550.0,optimal_shannon,throughput
15.0,we_11,relay,BS_2,we_9,1,1156.3188092053058,550.0,optimal_shannon,throughput
15.0,sn_4,relay,BS_3,se_1,1,1276.5456429169867,550.0,optimal_shannon,throughput
15.0,ns_16,relay,BS_1,ns_14,1,1041.7701149459142,550.0,optimal_shannon,throughput
15.0,sn_6,relay,BS_3,se_1,1,1367.6364863460574,550.0,optimal_shannon,throughput
15.0,sn_0,none,-1,-1,0,0.0,0.0,optimal_shannon,throughput
15.0,ns_9,direct,BS_2,-1,1,2335.922513825296,550.0,optimal_shannon,throughput
15.0,ns_15,relay,BS_1,ns_14,1,1267.245624114728,550.0,optimal_shannon,throughput
15.0,ns_4,relay,BS_1,ns_6,1,1194.1777819204574,550.0,optimal_shannon,throughput
15.0,ns_8,relay,BS_1,ns_9,1,1346.710059682595,550.0,optimal_shannon,throughput
15.0,ew_2,none,-1,-1,0,0.0,0.0,optimal_shannon,throughput
15.0,we_15,relay,BS_2,wn_8,1,1309.7606622889043,550.0,optimal_shannon,throughput
15.0,wn_1,direct,BS_2,-1,1,1820.2433348819193,550.0,optimal_shannon,throughput
15.0,we_4,relay,BS_2,wn_1,1,1673.8288412238685,550.0,optimal_shannon,throughput
15.0,ew_14,direct,BS_3,-1,1,1846.269031718496,550.0,optimal_shannon,throughput
15.0,sn_12,relay,BS_3,sn_14,1,1106.8415928961,550.0,optimal_shannon,throughput
15.0,we_13,relay,BS_2,wn_8,1,1299.1317509167532,550.0,optimal_shannon,throughput
15.0,sn_9,relay,BS_3,se_4,1,1356.6749936169529,550.0,optimal_shannon,throughput
15.0,se_5,relay,BS_3,se_4,1,1257.6135587190768,550.0,optimal_shannon,throughput
15.0,wn_6,none,-1,-1,0,0.0,0.0,optimal_shannon,throughput
15.0,se_0,relay,BS_3,se_1,1,1334.3403516229464,550.0,optimal_shannon,throughput
15.0,wn_0,relay,BS_2,wn_1,1,1338.9906106311091,550.0,optimal_shannon,throughput
15.0,we_12,relay,BS_2,wn_8,1,1119.4592911183545,550.0,optimal_shannon,throughput
15.0,we_6,relay,BS_2,wn_1,1,1297.1388405322282,550.0,optimal_shannon,throughput
15.0,ns_1,relay,BS_1,ns_2,1,1314.822701631356,550.0,optimal_shannon,throughput
15.0,we_2,none,-1,-1,0,0.0,0.0,optimal_shannon,throughput
16.0,we_16,none,-1,-1,0,0.0,0.0,optimal_shannon,throughput
16.0,se_7,relay,BS_3,sn_14,1,1344.71708005819,550.0,optimal_shannon,throughput
16.0,sn_5,direct,BS_3,-1,1,1382.2519081844612,550.0,optimal_shannon,throughput
16.0,ew_6,none,-1,-1,0,0.0,0.0,optimal_shannon,throughput
16.0,ew_9,direct,BS_3,-1,1,1554.0118325104988,550.0,optimal_shannon,throughput
16.0,se_9,relay,BS_3,sn_14,1,1049.7370718295329,550.0,optimal_shannon,throughput
16.0,sn_19,none,-1,-1,0,0.0,0.0,optimal_shannon,throughput
16.0,we_8,relay,BS_2,we_9,1,1410.4068166079207,550.0,optimal_shannon,throughput
16.0,we_14,none,-1,-1,0,0.0,0.0,optimal_shannon,throughput
16.0,ew_11,direct,BS_1,-1,1,1637.3576592778277,550.0,optimal_shannon,throughput
16.0,sn_16,none,-1,-1,0,0.0,0.0,optimal_shannon,throughput
16.0,ns_17,none,-1,-1,0,0.0,0.0,optimal_shannon,throughput
16.0,sn_17,none,-1,-1,0,0.0,0.0,optimal_shannon,throughput
16.0,se_4,relay,BS_3,sn_10,1,1366.6399843040144,550.0,optimal_shannon,throughput
16.0,we_10,relay,BS_2,we_9,1,1380.8435198923842,550.0,optimal_shannon,throughput
16.0,wn_3,relay,BS_2,we_9,1,1254.2921809310817,550.0,optimal_shannon,throughput
16.0,ns_6,relay,BS_1,ns_5,1,1364.6469818119322,550.0,optimal_shannon,throughput
16.0,se_2,relay,BS_3,sn_5,1,1164.28887336438,550.0,optimal_shannon,throughput
16.0,ew_0,none,-1,-1,0,0.0,0.0,optimal_shannon,throughput
16.0,ew_3,none,-1,-1,0,0.0,0.0,optimal_shannon,throughput
16.0,ew_4,none,-1,-1,0,0.0,0.0,optimal_shannon,throughput
16.0,ew_13,direct,BS_1,-1,1,1763.8037869641437,550.0,optimal_shannon,throughput
16.0,sn_18,none,-1,-1,0,0.0,0.0,optimal_shannon,throughput
16.0,ew_17,direct,BS_3,-1,1,1900.1839432708043,550.0,optimal_shannon,throughput
16.0,wn_8,none,-1,-1,0,0.0,0.0,optimal_shannon,throughput
16.0,ew_8,direct,BS_3,-1,1,1497.744412933661,550.0,optimal_shannon,throughput
16.0,sn_14,none,-1,-1,0,0.0,0.0,optimal_shannon,throughput
16.0,ns_11,relay,BS_1,ns_9,1,1132.0774607040166,550.0,optimal_shannon,throughput
16.0,we_5,relay,BS_2,we_4,1,1480.4963466358286,550.0,optimal_shannon,throughput
16.0,sn_2,relay,BS_3,sn_5,1,958.8039753159902,550.0,optimal_shannon,throughput
16.0,ns_3,relay,BS_2,ns_1,1,1251.3029518712185,550.0,optimal_shannon,throughput
16.0,sn_7,relay,BS_3,sn_5,1,1194.1777819204574,550.0,optimal_shannon,throughput
16.0,ew_5,direct,BS_1,-1,1,1372.6190043712695,550.0,optimal_shannon,throughput
16.0,sn_1,relay,BS_2,sn_2,1,1385.7214061743591,550.0,optimal_shannon,throughput
16.0,wn_2,relay,BS_2,we_4,1,1226.3931436640526,550.0,optimal_shannon,throughput
16.0,ns_14,direct,BS_2,-1,1,2306.3000608499456,550.0,optimal_shannon,throughput
16.0,we_7,relay,BS_2,we_4,1,1125.7683195377515,550.0,optimal_shannon,throughput
16.0,we_1,relay,BS_2,we_4,1,977.0522806473596,550.0,optimal_shannon,throughput
16.0,ns_5,direct,BS_2,-1,1,2326.7854748170325,550.0,optimal_shannon,throughput
16.0,we_0,relay,BS_2,we_4,1,919.9953613232226,550.0,optimal_shannon,throughput
16.0,ew_7,direct,BS_3,-1,1,1365.399665093286,550.0,optimal_shannon,throughput
16.0,ns_18,direct,BS_2,-1,1,2225.77426543065,550.0,optimal_shannon,throughput
16.0,ns_0,relay,BS_2,ns_1,1,1505.07782493226,550.0,optimal_shannon,throughput
16.0,we_18,none,-1,-1,0,0.0,0.0,optimal_shannon,throughput
16.0,sn_13,relay,BS_3,sn_14,1,1306.7712716449682,550.0,optimal_shannon,throughput
16.0,se_3,relay,BS_3,sn_10,1,1199.1594290562791,550.0,optimal_shannon,throughput
16.0,se_1,relay,BS_3,sn_5,1,1382.2519081844612,550.0,optimal_shannon,throughput
16.0,se_8,relay,BS_3,sn_14,1,1344.71708005819,550.0,optimal_shannon,throughput
16.0,ew_10,direct,BS_1,-1,1,1582.9759787231324,550.0,optimal_shannon,throughput
16.0,ns_2,relay,BS_2,ns_1,1,1467.20912051219,550.0,optimal_shannon,throughput
16.0,wn_7,none,-1,-1,0,0.0,0.0,optimal_shannon,throughput
16.0,ns_12,direct,BS_2,-1,1,2327.56229484867,550.0,optimal_shannon,throughput
16.0,ew_1,none,-1,-1,0,0.0,0.0,optimal_shannon,throughput
16.0,we_3,relay,BS_2,we_4,1,1033.4715441365622,550.0,optimal_shannon,throughput
16.0,ns_7,relay,BS_1,ns_5,1,1183.2183143565935,550.0,optimal_shannon,throughput
16.0,ns_10,relay,BS_1,ns_9,1,1343.973046484037,550.0,optimal_shannon,throughput
16.0,wn_5,relay,BS_2,we_9,1,1320.389663049258,550.0,optimal_shannon,throughput
16.0,ns_13,direct,BS_2,-1,1,2317.904003364753,550.0,optimal_shannon,throughput
16.0,we_17,none,-1,-1,0,0.0,0.0,optimal_shannon,throughput
16.0,sn_3,relay,BS_2,sn_2,1,1385.7214061743591,550.0,optimal_shannon,throughput
16.0,we_9,none,-1,-1,0,0.0,0.0,optimal_shannon,throughput
16.0,ew_16,direct,BS_1,-1,1,1879.3747490012083,550.0,optimal_shannon,throughput
16.0,wn_4,relay,BS_2,we_9,1,1651.4535435609473,550.0,optimal_shannon,throughput
16.0,sn_8,relay,BS_3,sn_10,1,1169.9344192738406,550.0,optimal_shannon,throughput
16.0,sn_11,relay,BS_3,sn_10,1,1329.3579472759436,550.0,optimal_shannon,throughput
16.0,ew_12,direct,BS_1,-1,1,1730.9092438482858,550.0,optimal_shannon,throughput
16.0,se_6,relay,BS_3,sn_14,1,1117.4669905800415,550.0,optimal_shannon,throughput
16.0,ew_15,direct,BS_1,-1,1,1831.4422177474032,550.0,optimal_shannon,throughput
16.0,sn_10,none,-1,-1,0,0.0,0.0,optimal_shannon,throughput
16.0,wn_9,none,-1,-1,0,0.0,0.0,optimal_shannon,throughput
16.0,sn_15,relay,BS_3,sn_14,1,1286.5100442257426,550.0,optimal_shannon,throughput
16.0,ew_18,direct,BS_3,-1,1,1935.7803311562968,550.0,optimal_shannon,throughput
16.0,we_11,relay,BS_2,we_9,1,1170.9306990545454,550.0,optimal_shannon,throughput
16.0,sn_4,relay,BS_3,sn_5,1,1382.2519081844612,550.0,optimal_shannon,throughput
16.0,ns_16,none,-1,-1,0,0.0,0.0,optimal_shannon,throughput
16.0,sn_6,relay,BS_3,sn_5,1,1382.2519081844612,550.0,optimal_shannon,throughput
16.0,sn_0,relay,BS_2,sn_2,1,1298.7995989499232,550.0,optimal_shannon,throughput
16.0,ns_9,direct,BS_2,-1,1,2350.996411065576,550.0,optimal_shannon,throughput
16.0,ns_15,none,-1,-1,0,0.0,0.0,optimal_shannon,throughput
16.0,ns_4,relay,BS_1,ns_5,1,1364.6469818119322,550.0,optimal_shannon,throughput
16.0,ns_8,relay,BS_1,ns_9,1,1346.710059682595,550.0,optimal_shannon,throughput
16.0,ew_2,none,-1,-1,0,0.0,0.0,optimal_shannon,throughput
16.0,we_15,none,-1,-1,0,0.0,0.0,optimal_shannon,throughput
16.0,wn_1,relay,BS_2,we_4,1,1583.8057331365987,550.0,optimal_shannon,throughput
16.0,we_4,none,-1,-1,0,0.0,0.0,optimal_shannon,throughput
16.0,ew_14,direct,BS_1,-1,1,1804.7781649437884,550.0,optimal_shannon,throughput
16.0,sn_12,relay,BS_3,sn_14,1,1121.1195505450366,550.0,optimal_shannon,throughput
16.0,we_13,none,-1,-1,0,0.0,0.0,optimal_shannon,throughput
16.0,sn_9,relay,BS_3,sn_10,1,1353.605799256266,550.0,optimal_shannon,throughput
16.0,se_5,relay,BS_3,sn_10,1,1366.6399843040144,550.0,optimal_shannon,throughput
16.0,wn_6,none,-1,-1,0,0.0,0.0,optimal_shannon,throughput
16.0,se_0,relay,BS_3,sn_5,1,1382.2519081844612,550.0,optimal_shannon,throughput
16.0,wn_0,relay,BS_2,we_4,1,1498.1019865123576,550.0,optimal_shannon,throughput
16.0,ew_19,direct,BS_3,-1,1,1957.6218437627365,550.0,optimal_shannon,throughput
16.0,we_12,none,-1,-1,0,0.0,0.0,optimal_shannon,throughput
16.0,we_6,relay,BS_2,we_4,1,1258.2778357888287,550.0,optimal_shannon,throughput
16.0,we_19,none,-1,-1,0,0.0,0.0,optimal_shannon,throughput
16.0,ns_1,relay,BS_1,ns_5,1,895.790180888391,550.0,optimal_shannon,throughput
16.0,we_2,none,-1,-1,0,0.0,0.0,optimal_shannon,throughput
17.0,we_16,none,-1,-1,0,0.0,0.0,optimal_shannon,throughput
17.0,se_7,none,-1,-1,0,0.0,0.0,optimal_shannon,throughput
17.0,sn_5,relay,BS_3,se_1,1,1311.1689883729807,550.0,optimal_shannon,throughput
17.0,ew_6,none,-1,-1,0,0.0,0.0,optimal_shannon,throughput
17.0,ew_9,relay,BS_3,ew_10,1,1386.8225821990336,550.0,optimal_shannon,throughput
17.0,se_9,none,-1,-1,0,0.0,0.0,optimal_shannon,throughput
17.0,sn_19,none,-1,-1,0,0.0,0.0,optimal_shannon,throughput
17.0,we_8,relay,BS_2,we_9,1,1428.3442704260356,550.0,optimal_shannon,throughput
17.0,we_14,relay,BS_2,we_13,1,1344.3052094308744,550.0,optimal_shannon,throughput
17.0,ew_11,relay,BS_3,ew_10,1,1360.249108807884,550.0,optimal_shannon,throughput
17.0,sn_16,none,-1,-1,0,0.0,0.0,optimal_shannon,throughput
17.0,ns_17,direct,BS_2,-1,1,2255.5470072007406,550.0,optimal_shannon,throughput
17.0,sn_17,none,-1,-1,0,0.0,0.0,optimal_shannon,throughput
17.0,se_4,relay,BS_3,sn_10,1,1334.4200587065657,550.0,optimal_shannon,throughput
17.0,we_10,relay,BS_2,we_9,1,1397.4520667919653,550.0,optimal_shannon,throughput
17.0,wn_3,relay,BS_2,we_9,1,1306.106963587632,550.0,optimal_shannon,throughput
17.0,ns_6,direct,BS_2,-1,1,2323.3002701777127,550.0,optimal_shannon,throughput
17.0,se_2,relay,BS_3,se_1,1,1311.1689883729807,550.0,optimal_shannon,throughput
17.0,ew_0,none,-1,-1,0,0.0,0.0,optimal_shannon,throughput
17.0,ew_3,none,-1,-1,0,0.0,0.0,optimal_shannon,throughput
17.0,ew_4,direct,BS_1,-1,1,1364.9791487456307,550.0,optimal_shannon,throughput
17.0,ew_13,direct,BS_3,-1,1,1716.2631724545988,550.0,optimal_shannon,throughput
17.0,sn_18,none,-1,-1,0,0.0,0.0,optimal_shannon,throughput
17.0,ew_17,direct,BS_1,-1,1,1881.1326104361865,550.0,optimal_shannon,throughput
17.0,wn_8,relay,BS_2,we_13,1,1244.3281256644634,550.0,optimal_shannon,throughput
17.0,ew_8,relay,BS_3,ew_10,1,1201.4842122692269,550.0,optimal_shannon,throughput
17.0,sn_14,relay,BS_3,se_7,1,1338.7381561145787,550.0,optimal_shannon,throughput
17.0,ns_11,relay,BS_1,ns_10,1,1335.0046734661116,550.0,optimal_shannon,throughput
17.0,we_5,none,-1,-1,0,0.0,0.0,optimal_shannon,throughput
17.0,sn_2,none,-1,-1,0,0.0,0.0,optimal_shannon,throughput
17.0,ns_3,none,-1,-1,0,0.0,0.0,optimal_shannon,throughput
17.0,sn_7,relay,BS_3,se_1,1,1311.1689883729807,550.0,optimal_shannon,throughput
17.0,ew_5,direct,BS_3,-1,1,1372.6190043712695,550.0,optimal_shannon,throughput
17.0,sn_1,none,-1,-1,0,0.0,0.0,optimal_shannon,throughput
17.0,wn_2,relay,BS_2,we_5,1,1342.312232785544,550.0,optimal_shannon,throughput
17.0,ns_14,relay,BS_1,ns_13,1,1312.417904354844,550.0,optimal_shannon,throughput
17.0,we_7,relay,BS_2,we_5,1,1245.6566594092026,550.0,optimal_shannon,throughput
17.0,we_1,none,-1,-1,0,0.0,0.0,optimal_shannon,throughput
17.0,ns_5,direct,BS_2,-1,1,2314.22572280379,550.0,optimal_shannon,throughput
17.0,we_0,none,-1,-1,0,0.0,0.0,optimal_shannon,throughput
17.0,ew_7,direct,BS_1,-1,1,1374.6120151618366,550.0,optimal_shannon,throughput
17.0,ns_18,relay,BS_1,ns_17,1,1271.8956223980845,550.0,optimal_shannon,throughput
17.0,ns_0,none,-1,-1,0,0.0,0.0,optimal_shannon,throughput
17.0,we_18,none,-1,-1,0,0.0,0.0,optimal_shannon,throughput
17.0,sn_13,relay,BS_3,se_7,1,1338.7381561145787,550.0,optimal_shannon,throughput
17.0,se_3,relay,BS_3,sn_10,1,1270.2349061355883,550.0,optimal_shannon,throughput
17.0,se_1,direct,BS_3,-1,1,1311.1689883729807,550.0,optimal_shannon,throughput
17.0,se_8,relay,BS_3,se_7,1,1240.01040627336,550.0,optimal_shannon,throughput
17.0,ew_10,direct,BS_3,-1,1,1509.0571238877533,550.0,optimal_shannon,throughput
17.0,ns_2,none,-1,-1,0,0.0,0.0,optimal_shannon,throughput
17.0,wn_7,relay,BS_2,we_13,1,1462.513870281521,550.0,optimal_shannon,throughput
17.0,ns_12,relay,BS_1,ns_13,1,1335.0046734661116,550.0,optimal_shannon,throughput
17.0,ew_1,none,-1,-1,0,0.0,0.0,optimal_shannon,throughput
17.0,we_3,none,-1,-1,0,0.0,0.0,optimal_shannon,throughput
17.0,ns_7,direct,BS_2,-1,1,2302.606492378096,550.0,optimal_shannon,throughput
17.0,ns_10,direct,BS_2,-1,1,2349.364793343475,550.0,optimal_shannon,throughput
17.0,wn_5,relay,BS_2,we_9,1,1289.4993829045068,550.0,optimal_shannon,throughput
17.0,ns_13,direct,BS_2,-1,1,2319.768428040094,550.0,optimal_shannon,throughput
17.0,we_17,none,-1,-1,0,0.0,0.0,optimal_shannon,throughput
17.0,sn_3,none,-1,-1,0,0.0,0.0,optimal_shannon,throughput
17.0,we_9,none,-1,-1,0,0.0,0.0,optimal_shannon,throughput
17.0,ew_16,direct,BS_3,-1,1,1817.724301251475,550.0,optimal_shannon,throughput
17.0,wn_4,relay,BS_2,we_9,1,1707.2385833609785,550.0,optimal_shannon,throughput
17.0,sn_8,relay,BS_3,sn_10,1,1183.2183143565935,550.0,optimal_shannon,throughput
17.0,sn_11,relay,BS_3,sn_10,1,1334.4200587065657,550.0,optimal_shannon,throughput
17.0,ns_19,relay,BS_1,ns_17,1,1077.6237149127694,550.0,optimal_shannon,throughput
17.0,ew_12,relay,BS_3,ew_10,1,1015.5479228987366,550.0,optimal_shannon,throughput
17.0,se_6,relay,BS_3,se_7,1,1266.5813405029928,550.0,optimal_shannon,throughput
17.0,ew_15,direct,BS_1,-1,1,1772.140300748128,550.0,optimal_shannon,throughput
17.0,sn_10,direct,BS_3,-1,1,1334.4200587065657,550.0,optimal_shannon,throughput
17.0,wn_9,none,-1,-1,0,0.0,0.0,optimal_shannon,throughput
17.0,sn_15,relay,BS_3,se_7,1,1181.8899092265915,550.0,optimal_shannon,throughput
17.0,ew_18,direct,BS_1,-1,1,1903.6580649576708,550.0,optimal_shannon,throughput
17.0,we_11,relay,BS_2,we_9,1,1183.5504161646102,550.0,optimal_shannon,throughput
17.0,sn_4,relay,BS_3,se_1,1,1200.1557636008429,550.0,optimal_shannon,throughput
17.0,ns_16,relay,BS_1,ns_17,1,1291.49227988591,550.0,optimal_shannon,throughput
17.0,sn_6,relay,BS_3,se_1,1,1311.1689883729807,550.0,optimal_shannon,throughput
17.0,sn_0,none,-1,-1,0,0.0,0.0,optimal_shannon,throughput
17.0,ns_9,relay,BS_1,ns_10,1,1357.0071590805744,550.0,optimal_shannon,throughput
17.0,ns_15,relay,BS_1,ns_13,1,1107.837708850011,550.0,optimal_shannon,throughput
17.0,ns_4,direct,BS_2,-1,1,2264.341732215428,550.0,optimal_shannon,throughput
17.0,ns_8,relay,BS_1,ns_10,1,1173.2553598444613,550.0,optimal_shannon,throughput
17.0,ew_2,none,-1,-1,0,0.0,0.0,optimal_shannon,throughput
17.0,we_15,relay,BS_2,we_13,1,1134.0698437170454,550.0,optimal_shannon,throughput
17.0,wn_1,relay,BS_2,we_5,1,1834.6092743573308,550.0,optimal_shannon,throughput
17.0,we_4,relay,BS_2,we_5,1,1503.0847272054984,550.0,optimal_shannon,throughput
17.0,ew_14,direct,BS_1,-1,1,1732.0810619322235,550.0,optimal_shannon,throughput
17.0,sn_12,relay,BS_3,se_7,1,1228.053771933751,550.0,optimal_shannon,throughput
17.0,we_13,none,-1,-1,0,0.0,0.0,optimal_shannon,throughput
17.0,sn_9,relay,BS_3,sn_10,1,1334.4200587065657,550.0,optimal_shannon,throughput
17.0,se_5,relay,BS_3,sn_10,1,1319.7253480053892,550.0,optimal_shannon,throughput
17.0,wn_6,relay,BS_2,we_13,1,1267.577766096459,550.0,optimal_shannon,throughput
17.0,se_0,relay,BS_3,se_1,1,1311.1689883729807,550.0,optimal_shannon,throughput
17.0,wn_0,relay,BS_2,we_5,1,1352.941469698315,550.0,optimal_shannon,throughput
17.0,ew_19,direct,BS_1,-1,1,1931.7406399590527,550.0,optimal_shannon,throughput
17.0,we_12,relay,BS_2,we_13,1,1369.8819510581557,550.0,optimal_shannon,throughput
17.0,we_6,relay,BS_2,we_5,1,1463.5551413681574,550.0,optimal_shannon,throughput
17.0,we_19,none,-1,-1,0,0.0,0.0,optimal_shannon,throughput
17.0,ns_1,none,-1,-1,0,0.0,0.0,optimal_shannon,throughput
17.0,we_2,relay,BS_2,we_5,1,955.486413441806,550.0,optimal_shannon,throughput
18.0,we_16,none,-1,-1,0,0.0,0.0,optimal_shannon,throughput
18.0,se_7,relay,BS_3,sn_13,1,1355.3463323942542,550.0,optimal_shannon,throughput
18.0,sn_5,relay,BS_3,se_1,1,1274.552774303343,550.0,optimal_shannon,throughput
18.0,ew_6,direct,BS_3,-1,1,1311.8332991045552,550.0,optimal_shannon,throughput
18.0,ew_9,direct,BS_1,-1,1,1404.7693297653775,550.0,optimal_shannon,throughput
18.0,se_9,relay,BS_3,sn_17,1,1341.3954528462682,550.0,optimal_shannon,throughput
18.0,sn_19,relay,BS_3,sn_17,1,1083.2678347549308,550.0,optimal_shannon,throughput
18.0,we_8,relay,BS_2,wn_4,1,1390.476461811408,550.0,optimal_shannon,throughput
18.0,we_14,relay,BS_2,we_13,1,1360.249108807884,550.0,optimal_shannon,throughput
18.0,ew_11,direct,BS_1,-1,1,1473.9386761608207,550.0,optimal_shannon,throughput
18.0,sn_16,relay,BS_3,sn_17,1,1312.417904354844,550.0,optimal_shannon,throughput
18.0,ns_17,relay,BS_1,ns_14,1,946.8612338050344,550.0,optimal_shannon,throughput
18.0,sn_17,none,-1,-1,0,0.0,0.0,optimal_shannon,throughput
18.0,se_4,relay,BS_3,sn_10,1,1341.3954528462682,550.0,optimal_shannon,throughput
18.0,we_10,relay,BS_2,wn_4,1,1472.8561861310177,550.0,optimal_shannon,throughput
18.0,wn_3,relay,BS_2,wn_4,1,1329.6901070390284,550.0,optimal_shannon,throughput
18.0,ns_6,direct,BS_2,-1,1,2259.7302457156848,550.0,optimal_shannon,throughput
18.0,se_2,relay,BS_3,se_1,1,1309.508213059647,550.0,optimal_shannon,throughput
18.0,ew_0,relay,BS_2,ew_2,1,1389.8121196103798,550.0,optimal_shannon,throughput
18.0,ew_3,relay,BS_2,ew_2,1,1514.711141849744,550.0,optimal_shannon,throughput
18.0,ew_4,relay,BS_2,ew_2,1,973.40239683315,550.0,optimal_shannon,throughput
18.0,ew_13,relay,BS_3,ew_14,1,1350.948482581707,550.0,optimal_shannon,throughput
18.0,sn_18,relay,BS_3,sn_17,1,1291.49227988591,550.0,optimal_shannon,throughput
18.0,ew_17,direct,BS_1,-1,1,1832.7604365605296,550.0,optimal_shannon,throughput
18.0,wn_8,relay,BS_2,we_13,1,1221.0791595463654,550.0,optimal_shannon,throughput
18.0,ew_8,direct,BS_3,-1,1,1380.063547436748,550.0,optimal_shannon,throughput
18.0,sn_14,relay,BS_3,sn_13,1,1335.0046734661116,550.0,optimal_shannon,throughput
18.0,ns_11,direct,BS_2,-1,1,2351.204592547155,550.0,optimal_shannon,throughput
18.0,we_5,relay,BS_2,wn_1,1,1587.9875537974217,550.0,optimal_shannon,throughput
18.0,sn_2,none,-1,-1,0,0.0,0.0,optimal_shannon,throughput
18.0,ns_3,none,-1,-1,0,0.0,0.0,optimal_shannon,throughput
18.0,sn_7,relay,BS_3,se_1,1,1309.508213059647,550.0,optimal_shannon,throughput
18.0,ew_5,relay,BS_2,ew_2,1,961.4580963912052,550.0,optimal_shannon,throughput
18.0,sn_1,none,-1,-1,0,0.0,0.0,optimal_shannon,throughput
18.0,wn_2,relay,BS_2,wn_1,1,1349.951989906781,550.0,optimal_shannon,throughput
18.0,ns_14,direct,BS_2,-1,1,2336.4093975768556,550.0,optimal_shannon,throughput
18.0,we_7,relay,BS_2,wn_1,1,1297.8031436151457,550.0,optimal_shannon,throughput
18.0,we_1,none,-1,-1,0,0.0,0.0,optimal_shannon,throughput
18.0,ns_5,relay,BS_1,ns_6,1,1323.1266329114517,550.0,optimal_shannon,throughput
18.0,we_0,none,-1,-1,0,0.0,0.0,optimal_shannon,throughput
18.0,ew_7,direct,BS_1,-1,1,1326.1160604930028,550.0,optimal_shannon,throughput
18.0,ns_18,relay,BS_1,ns_17,1,1283.8528612546247,550.0,optimal_shannon,throughput
18.0,ns_0,relay,BS_1,ns_6,1,874.9073180381159,550.0,optimal_shannon,throughput
18.0,we_18,none,-1,-1,0,0.0,0.0,optimal_shannon,throughput
18.0,sn_13,direct,BS_3,-1,1,1355.3463323942542,550.0,optimal_shannon,throughput
18.0,se_3,relay,BS_3,sn_10,1,1341.3954528462682,550.0,optimal_shannon,throughput
18.0,se_1,none,-1,-1,0,0.0,0.0,optimal_shannon,throughput
18.0,se_8,relay,BS_3,sn_13,1,1130.4171497403818,550.0,optimal_shannon,throughput
18.0,ew_10,direct,BS_3,-1,1,1448.8565369852784,550.0,optimal_shannon,throughput
18.0,ns_2,none,-1,-1,0,0.0,0.0,optimal_shannon,throughput
18.0,wn_7,relay,BS_2,we_13,1,1563.8707439784368,550.0,optimal_shannon,throughput
18.0,ns_12,relay,BS_1,ns_14,1,1144.3639885113323,550.0,optimal_shannon,throughput
18.0,ew_1,relay,BS_2,ew_2,1,1554.5169940187943,550.0,optimal_shannon,throughput
18.0,we_3,none,-1,-1,0,0.0,0.0,optimal_shannon,throughput
18.0,ns_7,relay,BS_1,ns_6,1,1323.1266329114517,550.0,optimal_shannon,throughput
18.0,ns_10,direct,BS_2,-1,1,2331.407069678157,550.0,optimal_shannon,throughput
18.0,wn_5,relay,BS_2,wn_4,1,1296.806689133506,550.0,optimal_shannon,throughput
18.0,ns_13,relay,BS_1,ns_14,1,1324.4552666046886,550.0,optimal_shannon,throughput
18.0,we_17,none,-1,-1,0,0.0,0.0,optimal_shannon,throughput
18.0,sn_3,none,-1,-1,0,0.0,0.0,optimal_shannon,throughput
18.0,we_9,relay,BS_2,wn_4,1,1780.1942944990549,550.0,optimal_shannon,throughput
18.0,ew_16,direct,BS_3,-1,1,1785.9202109514383,550.0,optimal_shannon,throughput
18.0,wn_4,none,-1,-1,0,0.0,0.0,optimal_shannon,throughput
18.0,sn_8,relay,BS_3,sn_10,1,1200.819987563754,550.0,optimal_shannon,throughput
18.0,sn_11,relay,BS_3,sn_10,1,1341.3954528462682,550.0,optimal_shannon,throughput
18.0,ns_19,relay,BS_1,ns_17,1,1083.5998456238783,550.0,optimal_shannon,throughput
18.0,ew_12,relay,BS_3,ew_14,1,1166.6135016986173,550.0,optimal_shannon,throughput
18.0,se_6,relay,BS_3,sn_13,1,1355.3463323942542,550.0,optimal_shannon,throughput
18.0,ew_15,relay,BS_3,ew_14,1,1327.0328310770294,550.0,optimal_shannon,throughput
18.0,sn_10,none,-1,-1,0,0.0,0.0,optimal_shannon,throughput
18.0,wn_9,none,-1,-1,0,0.0,0.0,optimal_shannon,throughput
18.0,sn_15,relay,BS_3,sn_13,1,1123.7759823590004,550.0,optimal_shannon,throughput
18.0,ew_18,direct,BS_1,-1,1,1849.9832438181008,550.0,optimal_shannon,throughput
18.0,we_11,relay,BS_2,wn_4,1,1227.3895201622506,550.0,optimal_shannon,throughput
18.0,sn_4,relay,BS_3,se_1,1,1168.273957578636,550.0,optimal_shannon,throughput
18.0,ns_16,relay,BS_1,ns_17,1,1304.114041570035,550.0,optimal_shannon,throughput
18.0,sn_6,relay,BS_3,se_1,1,1309.508213059647,550.0,optimal_shannon,throughput
18.0,sn_0,none,-1,-1,0,0.0,0.0,optimal_shannon,throughput
18.0,ns_9,direct,BS_2,-1,1,2304.258769686081,550.0,optimal_shannon,throughput
18.0,ns_15,relay,BS_1,ns_14,1,1304.114041570035,550.0,optimal_shannon,throughput
18.0,ns_4,relay,BS_1,ns_6,1,1255.620730524827,550.0,optimal_shannon,throughput
18.0,ns_8,direct,BS_2,-1,1,2317.901610004267,550.0,optimal_shannon,throughput
18.0,ew_2,none,-1,-1,0,0.0,0.0,optimal_shannon,throughput
18.0,we_15,relay,BS_2,we_13,1,1151.005513481201,550.0,optimal_shannon,throughput
18.0,wn_1,none,-1,-1,0,0.0,0.0,optimal_shannon,throughput
18.0,we_4,relay,BS_2,wn_1,1,1458.5724484136538,550.0,optimal_shannon,throughput
18.0,ew_14,direct,BS_1,-1,1,1680.1620049566995,550.0,optimal_shannon,throughput
18.0,sn_12,relay,BS_3,sn_13,1,1355.3463323942542,550.0,optimal_shannon,throughput
18.0,we_13,none,-1,-1,0,0.0,0.0,optimal_shannon,throughput
18.0,sn_9,relay,BS_3,sn_10,1,1341.3954528462682,550.0,optimal_shannon,throughput
18.0,se_5,relay,BS_3,sn_10,1,1257.6135587190768,550.0,optimal_shannon,throughput
18.0,wn_6,relay,BS_2,we_13,1,1322.3826101202872,550.0,optimal_shannon,throughput
18.0,se_0,relay,BS_3,se_1,1,1309.508213059647,550.0,optimal_shannon,throughput
18.0,wn_0,relay,BS_2,wn_1,1,1388.1512649865624,550.0,optimal_shannon,throughput
18.0,ew_19,direct,BS_1,-1,1,1898.745750081623,550.0,optimal_shannon,throughput
18.0,we_12,relay,BS_2,we_13,1,1386.8225821990336,550.0,optimal_shannon,throughput
18.0,we_6,relay,BS_2,wn_1,1,1535.3065670856806,550.0,optimal_shannon,throughput
18.0,we_19,none,-1,-1,0,0.0,0.0,optimal_shannon,throughput
18.0,ns_1,none,-1,-1,0,0.0,0.0,optimal_shannon,throughput
18.0,we_2,relay,BS_2,wn_1,1,967.4300951179756,550.0,optimal_shannon,throughput
19.0,we_16,none,-1,-1,0,0.0,0.0,optimal_shannon,throughput
19.0,se_7,direct,BS_3,-1,1,1353.6855072983665,550.0,optimal_shannon,throughput
19.0,sn_5,relay,BS_2,sn_6,1,1380.5699798461656,550.0,optimal_shannon,throughput
19.0,ew_6,relay,BS_3,ew_7,1,1323.1266329114517,550.0,optimal_shannon,throughput
19.0,ew_9,direct,BS_1,-1,1,1360.993149508227,550.0,optimal_shannon,throughput
19.0,se_9,relay,BS_3,sn_17,1,1332.759255300619,550.0,optimal_shannon,throughput
19.0,sn_19,relay,BS_3,sn_17,1,1103.1891953148995,550.0,optimal_shannon,throughput
19.0,we_8,relay,BS_2,wn_4,1,1350.948482581707,550.0,optimal_shannon,throughput
19.0,we_14,relay,BS_2,wn_7,1,1512.05367329203,550.0,optimal_shannon,throughput
19.0,ew_11,direct,BS_1,-1,1,1376.4873340095314,550.0,optimal_shannon,throughput
19.0,sn_16,relay,BS_3,sn_17,1,1326.36851285708,550.0,optimal_shannon,throughput
19.0,ns_17,relay,BS_1,ns_18,1,1296.4745378302327,550.0,optimal_shannon,throughput
19.0,sn_17,none,-1,-1,0,0.0,0.0,optimal_shannon,throughput
19.0,se_4,relay,BS_3,sn_10,1,1321.798000490766,550.0,optimal_shannon,throughput
19.0,we_10,relay,BS_2,wn_4,1,1585.798856201472,550.0,optimal_shannon,throughput
19.0,wn_3,relay,BS_2,wn_4,1,1344.3052094308744,550.0,optimal_shannon,throughput
19.0,ns_6,direct,BS_2,-1,1,1990.8299533902257,550.0,optimal_shannon,throughput
19.0,se_2,relay,BS_2,sn_6,1,1181.2257079296194,550.0,optimal_shannon,throughput
19.0,ew_0,none,-1,-1,0,0.0,0.0,optimal_shannon,throughput
19.0,ew_3,none,-1,-1,0,0.0,0.0,optimal_shannon,throughput
19.0,ew_4,relay,BS_3,ew_7,1,1188.8640732251097,550.0,optimal_shannon,throughput
19.0,ew_13,direct,BS_3,-1,1,1566.8289716618929,550.0,optimal_shannon,throughput
19.0,sn_18,relay,BS_3,sn_17,1,1304.114041570035,550.0,optimal_shannon,throughput
19.0,ew_17,direct,BS_1,-1,1,1776.02444331191,550.0,optimal_shannon,throughput
19.0,wn_8,relay,BS_2,wn_7,1,1265.2527746940088,550.0,optimal_shannon,throughput
19.0,ew_8,relay,BS_3,ew_7,1,1004.2636679322876,550.0,optimal_shannon,throughput
19.0,sn_14,relay,BS_3,se_7,1,1353.6855072983665,550.0,optimal_shannon,throughput
19.0,ns_11,direct,BS_2,-1,1,2306.539044654247,550.0,optimal_shannon,throughput
19.0,we_5,relay,BS_2,we_7,1,1292.488729716622,550.0,optimal_shannon,throughput
19.0,sn_2,none,-1,-1,0,0.0,0.0,optimal_shannon,throughput
19.0,ns_3,none,-1,-1,0,0.0,0.0,optimal_shannon,throughput
19.0,sn_7,relay,BS_2,sn_6,1,1380.5699798461656,550.0,optimal_shannon,throughput
19.0,ew_5,relay,BS_3,ew_7,1,1278.8706612935243,550.0,optimal_shannon,throughput
19.0,sn_1,relay,BS_2,we_0,1,912.0366710384916,550.0,optimal_shannon,throughput
19.0,wn_2,relay,BS_2,we_7,1,1595.8243282147037,550.0,optimal_shannon,throughput
19.0,ns_14,relay,BS_1,ns_13,1,1341.315745400747,550.0,optimal_shannon,throughput
19.0,we_7,none,-1,-1,0,0.0,0.0,optimal_shannon,throughput
19.0,we_1,relay,BS_2,we_0,1,1501.5015849848787,550.0,optimal_shannon,throughput
19.0,ns_5,none,-1,-1,0,0.0,0.0,optimal_shannon,throughput
19.0,we_0,none,-1,-1,0,0.0,0.0,optimal_shannon,throughput
19.0,ew_7,none,-1,-1,0,0.0,0.0,optimal_shannon,throughput
19.0,ns_18,relay,BS_1,ns_17,1,1296.4745378302327,550.0,optimal_shannon,throughput
19.0,ns_0,none,-1,-1,0,0.0,0.0,optimal_shannon,throughput
19.0,we_18,none,-1,-1,0,0.0,0.0,optimal_shannon,throughput
19.0,sn_13,relay,BS_3,se_7,1,1336.9976407482004,550.0,optimal_shannon,throughput
19.0,se_3,relay,BS_3,sn_10,1,1321.798000490766,550.0,optimal_shannon,throughput
19.0,se_1,relay,BS_2,sn_6,1,1372.207127249275,550.0,optimal_shannon,throughput
19.0,se_8,relay,BS_3,se_7,1,1261.5992285717978,550.0,optimal_shannon,throughput
19.0,ew_10,direct,BS_1,-1,1,1351.0281904990886,550.0,optimal_shannon,throughput
19.0,ns_2,none,-1,-1,0,0.0,0.0,optimal_shannon,throughput
19.0,wn_7,none,-1,-1,0,0.0,0.0,optimal_shannon,throughput
19.0,ns_12,relay,BS_1,ns_13,1,1365.643482791416,550.0,optimal_shannon,throughput
19.0,ew_1,none,-1,-1,0,0.0,0.0,optimal_shannon,throughput
19.0,we_3,relay,BS_2,we_0,1,1301.1246646825937,550.0,optimal_shannon,throughput
19.0,ns_7,none,-1,-1,0,0.0,0.0,optimal_shannon,throughput
19.0,ns_10,direct,BS_2,-1,1,2308.1583212691085,550.0,optimal_shannon,throughput
19.0,wn_5,relay,BS_2,wn_4,1,1310.0928172438582,550.0,optimal_shannon,throughput
19.0,ns_13,relay,BS_1,ns_14,1,1341.315745400747,550.0,optimal_shannon,throughput
19.0,we_17,none,-1,-1,0,0.0,0.0,optimal_shannon,throughput
19.0,sn_3,none,-1,-1,0,0.0,0.0,optimal_shannon,throughput
19.0,we_9,relay,BS_2,wn_4,1,1644.2639813115616,550.0,optimal_shannon,throughput
19.0,ew_16,direct,BS_1,-1,1,1732.614611437797,550.0,optimal_shannon,throughput
19.0,wn_4,none,-1,-1,0,0.0,0.0,optimal_shannon,throughput
19.0,sn_8,relay,BS_3,sn_10,1,1221.0791595463654,550.0,optimal_shannon,throughput
19.0,sn_11,relay,BS_3,sn_10,1,1321.798000490766,550.0,optimal_shannon,throughput
19.0,ns_19,relay,BS_1,ns_18,1,1276.5456429169867,550.0,optimal_shannon,throughput
19.0,ew_12,relay,BS_3,ew_13,1,1394.794690939538,550.0,optimal_shannon,throughput
19.0,se_6,relay,BS_3,se_7,1,1290.4958309464796,550.0,optimal_shannon,throughput
19.0,ew_15,direct,BS_1,-1,1,1659.0874483196974,550.0,optimal_shannon,throughput
19.0,sn_10,direct,BS_3,-1,1,1321.798000490766,550.0,optimal_shannon,throughput
19.0,wn_9,none,-1,-1,0,0.0,0.0,optimal_shannon,throughput
19.0,sn_15,relay,BS_3,se_7,1,1335.3368344976514,550.0,optimal_shannon,throughput
19.0,ew_18,direct,BS_3,-1,1,1785.7106024952616,550.0,optimal_shannon,throughput
19.0,we_11,relay,BS_2,wn_4,1,1286.1778959930782,550.0,optimal_shannon,throughput
19.0,sn_4,relay,BS_2,sn_6,1,1293.1530300958884,550.0,optimal_shannon,throughput
19.0,ns_16,relay,BS_1,ns_17,1,1317.732404834153,550.0,optimal_shannon,throughput
19.0,sn_6,none,-1,-1,0,0.0,0.0,optimal_shannon,throughput
19.0,sn_0,relay,BS_2,we_0,1,942.8806248904868,550.0,optimal_shannon,throughput
19.0,ns_9,direct,BS_2,-1,1,2338.725623325463,550.0,optimal_shannon,throughput
19.0,ns_15,relay,BS_1,ns_14,1,1317.732404834153,550.0,optimal_shannon,throughput
19.0,ns_4,none,-1,-1,0,0.0,0.0,optimal_shannon,throughput
19.0,ns_8,direct,BS_2,-1,1,2326.402647212525,550.0,optimal_shannon,throughput
19.0,ew_2,none,-1,-1,0,0.0,0.0,optimal_shannon,throughput
19.0,we_15,relay,BS_2,wn_7,1,1221.0791595463654,550.0,optimal_shannon,throughput
19.0,wn_1,relay,BS_2,we_7,1,1371.542790909705,550.0,optimal_shannon,throughput
19.0,we_4,relay,BS_2,we_7,1,1204.8053468162193,550.0,optimal_shannon,throughput
19.0,ew_14,relay,BS_3,ew_13,1,1367.2246102936597,550.0,optimal_shannon,throughput
19.0,sn_12,relay,BS_3,se_7,1,1156.6508923609088,550.0,optimal_shannon,throughput
19.0,we_13,relay,BS_2,wn_7,1,1608.3025792570652,550.0,optimal_shannon,throughput
19.0,sn_9,relay,BS_3,sn_10,1,1321.798000490766,550.0,optimal_shannon,throughput
19.0,se_5,relay,BS_3,sn_10,1,1208.12649942235,550.0,optimal_shannon,throughput
19.0,wn_6,relay,BS_2,wn_7,1,1294.1494813984582,550.0,optimal_shannon,throughput
19.0,se_0,relay,BS_2,sn_6,1,1380.5699798461656,550.0,optimal_shannon,throughput
19.0,wn_0,relay,BS_2,we_7,1,1200.819987563754,550.0,optimal_shannon,throughput
19.0,ew_19,direct,BS_3,-1,1,1830.4382012907545,550.0,optimal_shannon,throughput
19.0,we_12,relay,BS_2,wn_7,1,1301.456817302373,550.0,optimal_shannon,throughput
19.0,we_6,relay,BS_2,we_7,1,1474.1849086483408,550.0,optimal_shannon,throughput
19.0,we_19,none,-1,-1,0,0.0,0.0,optimal_shannon,throughput
19.0,ns_1,none,-1,-1,0,0.0,0.0,optimal_shannon,throughput
19.0,we_2,relay,BS_2,we_0,1,1450.600154347584,550.0,optimal_shannon,throughput
20.0,we_16,none,-1,-1,0,0.0,0.0,optimal_shannon,throughput
20.0,se_7,relay,BS_3,sn_14,1,1357.6714901963403,550.0,optimal_shannon,throughput
20.0,sn_5,relay,BS_2,sn_6,1,1408.3751089770203,550.0,optimal_shannon,throughput
20.0,ew_6,none,-1,-1,0,0.0,0.0,optimal_shannon,throughput
20.0,ew_9,direct,BS_1,-1,1,1334.4200587065657,550.0,optimal_shannon,throughput
20.0,se_9,relay,BS_3,sn_17,1,1354.0176721894288,550.0,optimal_shannon,throughput
20.0,sn_19,relay,BS_3,sn_18,1,1296.4745378302327,550.0,optimal_shannon,throughput
20.0,we_8,relay,BS_2,wn_4,1,1316.7359343605926,550.0,optimal_shannon,throughput
20.0,we_14,relay,BS_2,wn_7,1,1654.5618468179694,550.0,optimal_shannon,throughput
20.0,ew_11,relay,BS_3,ew_13,1,969.7526215792,550.0,optimal_shannon,throughput
20.0,sn_16,relay,BS_3,sn_17,1,1341.315745400747,550.0,optimal_shannon,throughput
20.0,ns_17,relay,BS_1,ns_18,1,1309.4285074212044,550.0,optimal_shannon,throughput
20.0,sn_17,relay,BS_3,sn_18,1,1317.732404834153,550.0,optimal_shannon,throughput
20.0,se_4,relay,BS_3,se_3,1,1310.8368331367035,550.0,optimal_shannon,throughput
20.0,we_10,relay,BS_2,wn_4,1,1752.55798207891,550.0,optimal_shannon,throughput
20.0,wn_3,relay,BS_2,wn_4,1,1360.249108807884,550.0,optimal_shannon,throughput
20.0,ns_6,relay,BS_1,ns_9,1,936.5783222649974,550.0,optimal_shannon,throughput
20.0,se_2,relay,BS_2,sn_6,1,1139.714986076141,550.0,optimal_shannon,throughput
20.0,ew_0,relay,BS_2,ew_2,1,1471.1952836187756,550.0,optimal_shannon,throughput
20.0,ew_3,relay,BS_2,ew_2,1,1551.297145913226,550.0,optimal_shannon,throughput
20.0,ew_4,relay,BS_2,ew_6,1,1349.6198258136835,550.0,optimal_shannon,throughput
20.0,ew_13,direct,BS_1,-1,1,1509.9546682750952,550.0,optimal_shannon,throughput
20.0,sn_18,relay,BS_3,sn_17,1,1317.732404834153,550.0,optimal_shannon,throughput
20.0,ew_17,direct,BS_3,-1,1,1715.2551153056834,550.0,optimal_shannon,throughput
20.0,wn_8,relay,BS_2,wn_7,1,1276.877788071845,550.0,optimal_shannon,throughput
20.0,ew_8,relay,BS_2,ew_6,1,980.0386280749872,550.0,optimal_shannon,throughput
20.0,sn_14,direct,BS_3,-1,1,1357.6714901963403,550.0,optimal_shannon,throughput
20.0,ns_11,relay,BS_1,ns_10,1,1345.0492431586404,550.0,optimal_shannon,throughput
20.0,we_5,relay,BS_2,we_6,1,1325.725724617425,550.0,optimal_shannon,throughput
20.0,sn_2,relay,BS_2,we_1,1,1014.884121149354,550.0,optimal_shannon,throughput
20.0,ns_3,relay,BS_2,ns_2,1,1524.344476501624,550.0,optimal_shannon,throughput
20.0,sn_7,relay,BS_2,sn_6,1,1408.3751089770203,550.0,optimal_shannon,throughput
20.0,ew_5,relay,BS_2,ew_6,1,1528.6628733479056,550.0,optimal_shannon,throughput
20.0,sn_1,relay,BS_2,we_1,1,1040.1103721925742,550.0,optimal_shannon,throughput
20.0,wn_2,relay,BS_2,we_6,1,1325.725724617425,550.0,optimal_shannon,throughput
20.0,ns_14,relay,BS_1,ns_13,1,1332.094934457829,550.0,optimal_shannon,throughput
20.0,we_7,relay,BS_2,we_6,1,1325.725724617425,550.0,optimal_shannon,throughput
20.0,we_1,none,-1,-1,0,0.0,0.0,optimal_shannon,throughput
20.0,ns_5,relay,BS_2,ns_2,1,939.8952726952748,550.0,optimal_shannon,throughput
20.0,we_0,relay,BS_2,we_1,1,1512.5161146640544,550.0,optimal_shannon,throughput
20.0,ew_7,relay,BS_2,ew_6,1,1482.8216157171023,550.0,optimal_shannon,throughput
20.0,ns_18,relay,BS_1,ns_17,1,1309.4285074212044,550.0,optimal_shannon,throughput
20.0,ns_0,relay,BS_2,ns_2,1,1401.7703090134123,550.0,optimal_shannon,throughput
20.0,we_18,none,-1,-1,0,0.0,0.0,optimal_shannon,throughput
20.0,sn_13,relay,BS_3,sn_14,1,1357.6714901963403,550.0,optimal_shannon,throughput
20.0,se_3,none,-1,-1,0,0.0,0.0,optimal_shannon,throughput
20.0,se_1,relay,BS_2,sn_6,1,1288.5029357662108,550.0,optimal_shannon,throughput
20.0,se_8,relay,BS_3,sn_14,1,1203.8090045369684,550.0,optimal_shannon,throughput
20.0,ew_10,direct,BS_3,-1,1,1331.7627741484594,550.0,optimal_shannon,throughput
20.0,ns_2,none,-1,-1,0,0.0,0.0,optimal_shannon,throughput
20.0,wn_7,direct,BS_2,-1,1,1680.8077035129409,550.0,optimal_shannon,throughput
20.0,ns_12,relay,BS_1,ns_13,1,1332.094934457829,550.0,optimal_shannon,throughput
20.0,ew_1,relay,BS_2,ew_2,1,1551.297145913226,550.0,optimal_shannon,throughput
20.0,we_3,relay,BS_2,we_1,1,1425.35468663469,550.0,optimal_shannon,throughput
20.0,ns_7,relay,BS_1,ns_9,1,975.3932292666894,550.0,optimal_shannon,throughput
20.0,ns_10,relay,BS_1,ns_9,1,1326.1160604930028,550.0,optimal_shannon,throughput
20.0,wn_5,relay,BS_2,wn_4,1,1324.0434015463538,550.0,optimal_shannon,throughput
20.0,ns_13,relay,BS_1,ns_14,1,1347.7065504087086,550.0,optimal_shannon,throughput
20.0,we_17,none,-1,-1,0,0.0,0.0,optimal_shannon,throughput
20.0,sn_3,relay,BS_2,we_1,1,1015.216021688238,550.0,optimal_shannon,throughput
20.0,we_9,relay,BS_2,wn_4,1,1531.9847192817087,550.0,optimal_shannon,throughput
20.0,ew_16,direct,BS_1,-1,1,1686.09103200982,550.0,optimal_shannon,throughput
20.0,wn_4,direct,BS_2,-1,1,1869.4950098241743,550.0,optimal_shannon,throughput
20.0,sn_8,relay,BS_3,se_3,1,1279.5349532347514,550.0,optimal_shannon,throughput
20.0,sn_11,relay,BS_3,se_3,1,1310.8368331367035,550.0,optimal_shannon,throughput
20.0,ns_19,relay,BS_1,ns_18,1,1288.8350847115155,550.0,optimal_shannon,throughput
20.0,ew_12,relay,BS_3,ew_13,1,1413.3963838608606,550.0,optimal_shannon,throughput
20.0,se_6,relay,BS_3,sn_14,1,1357.6714901963403,550.0,optimal_shannon,throughput
20.0,ew_15,direct,BS_3,-1,1,1588.169279515627,550.0,optimal_shannon,throughput
20.0,sn_10,relay,BS_3,se_3,1,1310.8368331367035,550.0,optimal_shannon,throughput
20.0,wn_9,none,-1,-1,0,0.0,0.0,optimal_shannon,throughput
20.0,sn_15,relay,BS_3,sn_14,1,1341.315745400747,550.0,optimal_shannon,throughput
20.0,ew_18,direct,BS_3,-1,1,1744.5615977690757,550.0,optimal_shannon,throughput
20.0,we_11,relay,BS_2,wn_4,1,1360.5812749406466,550.0,optimal_shannon,throughput
20.0,sn_4,relay,BS_2,sn_6,1,1318.3967188963302,550.0,optimal_shannon,throughput
20.0,ns_16,relay,BS_1,ns_17,1,1332.0152274987847,550.0,optimal_shannon,throughput
20.0,sn_6,none,-1,-1,0,0.0,0.0,optimal_shannon,throughput
20.0,sn_0,relay,BS_2,we_1,1,1058.3682850671598,550.0,optimal_shannon,throughput
20.0,ns_9,relay,BS_1,ns_10,1,1345.0492431586404,550.0,optimal_shannon,throughput
20.0,ns_15,relay,BS_1,ns_14,1,1332.0152274987847,550.0,optimal_shannon,throughput
20.0,ns_4,relay,BS_2,ns_2,1,936.2466335452764,550.0,optimal_shannon,throughput
20.0,ns_8,relay,BS_1,ns_9,1,1326.1160604930028,550.0,optimal_shannon,throughput
20.0,ew_2,none,-1,-1,0,0.0,0.0,optimal_shannon,throughput
20.0,we_15,relay,BS_2,wn_7,1,1278.8706612935243,550.0,optimal_shannon,throughput
20.0,wn_1,relay,BS_2,we_6,1,1325.725724617425,550.0,optimal_shannon,throughput
20.0,we_4,relay,BS_2,we_6,1,1325.725724617425,550.0,optimal_shannon,throughput
20.0,ew_14,relay,BS_3,ew_13,1,1384.1652190866466,550.0,optimal_shannon,throughput
20.0,sn_12,relay,BS_3,sn_14,1,1179.5652084169544,550.0,optimal_shannon,throughput
20.0,we_13,relay,BS_2,wn_7,1,1526.0053979766235,550.0,optimal_shannon,throughput
20.0,sn_9,relay,BS_3,se_3,1,1310.8368331367035,550.0,optimal_shannon,throughput
20.0,se_5,relay,BS_3,se_3,1,1139.0508473657897,550.0,optimal_shannon,throughput
20.0,wn_6,relay,BS_2,wn_7,1,1307.4355800586272,550.0,optimal_shannon,throughput
20.0,se_0,relay,BS_2,sn_6,1,1408.3751089770203,550.0,optimal_shannon,throughput
20.0,wn_0,relay,BS_2,we_6,1,1325.725724617425,550.0,optimal_shannon,throughput
20.0,ew_19,direct,BS_1,-1,1,1784.3936683972888,550.0,optimal_shannon,throughput
20.0,we_12,relay,BS_2,wn_7,1,1272.5599096989752,550.0,optimal_shannon,throughput
20.0,we_6,none,-1,-1,0,0.0,0.0,optimal_shannon,throughput
20.0,we_19,none,-1,-1,0,0.0,0.0,optimal_shannon,throughput
20.0,ns_1,relay,BS_2,ns_2,1,1572.1791915067183,550.0,optimal_shannon,throughput
20.0,we_2,relay,BS_2,we_1,1,1512.5161146640544,550.0,optimal_shannon,throughput
21.0,we_16,none,-1,-1,0,0.0,0.0,optimal_shannon,throughput
21.0,se_7,relay,BS_3,se_6,1,1317.0680911022314,550.0,optimal_shannon,throughput
21.0,sn_5,relay,BS_2,sn_6,1,1437.0144261841992,550.0,optimal_shannon,throughput
21.0,ew_6,none,-1,-1,0,0.0,0.0,optimal_shannon,throughput
21.0,ew_9,direct,BS_1,-1,1,1326.4482195050948,550.0,optimal_shannon,throughput
21.0,se_9,relay,BS_3,sn_17,1,1361.325315778215,550.0,optimal_shannon,throughput
21.0,sn_19,relay,BS_3,sn_17,1,1128.4247865700354,550.0,optimal_shannon,throughput
21.0,we_8,relay,BS_2,wn_4,1,1292.1565796743994,550.0,optimal_shannon,throughput
21.0,we_14,none,-1,-1,0,0.0,0.0,optimal_shannon,throughput
21.0,ew_11,direct,BS_1,-1,1,1357.6714901963403,550.0,optimal_shannon,throughput
21.0,sn_16,relay,BS_3,sn_17,1,1356.26312005182,550.0,optimal_shannon,throughput
21.0,ns_17,relay,BS_1,ns_18,1,1323.71124310235,550.0,optimal_shannon,throughput
21.0,sn_17,direct,BS_3,-1,1,1361.325315778215,550.0,optimal_shannon,throughput
21.0,se_4,relay,BS_3,sn_11,1,1328.773334756027,550.0,optimal_shannon,throughput
21.0,we_10,relay,BS_2,wn_4,1,1827.6332468080816,550.0,optimal_shannon,throughput
21.0,wn_3,relay,BS_2,wn_4,1,1378.1861643696664,550.0,optimal_shannon,throughput
21.0,ns_6,relay,BS_2,ns_5,1,1511.0571229358122,550.0,optimal_shannon,throughput
21.0,se_2,relay,BS_2,sn_6,1,1122.779818034063,550.0,optimal_shannon,throughput
21.0,ew_0,relay,BS_2,sn_1,1,1260.6028094448818,550.0,optimal_shannon,throughput
21.0,ew_3,relay,BS_2,sn_1,1,1110.826075717464,550.0,optimal_shannon,throughput
21.0,ew_4,relay,BS_2,ew_6,1,1382.8365387770011,550.0,optimal_shannon,throughput
21.0,ew_13,relay,BS_3,ew_14,1,1402.434654668149,550.0,optimal_shannon,throughput
21.0,sn_18,relay,BS_3,sn_17,1,1332.0152274987847,550.0,optimal_shannon,throughput
21.0,ew_17,direct,BS_1,-1,1,1672.6776620625255,550.0,optimal_shannon,throughput
21.0,wn_8,relay,BS_2,we_14,1,1311.089282630238,550.0,optimal_shannon,throughput
21.0,ew_8,relay,BS_2,ew_6,1,969.7526215792,550.0,optimal_shannon,throughput
21.0,sn_14,relay,BS_3,se_6,1,1364.6469818119322,550.0,optimal_shannon,throughput
21.0,ns_11,direct,BS_2,-1,1,2317.6156804791412,550.0,optimal_shannon,throughput
21.0,we_5,relay,BS_2,we_6,1,1470.9434313774143,550.0,optimal_shannon,throughput
21.0,sn_2,relay,BS_2,sn_1,1,1541.969925122515,550.0,optimal_shannon,throughput
21.0,ns_3,relay,BS_2,ns_0,1,1290.4958309464796,550.0,optimal_shannon,throughput
21.0,sn_7,relay,BS_2,sn_6,1,1437.0144261841992,550.0,optimal_shannon,throughput
21.0,ew_5,relay,BS_2,ew_6,1,1554.4143206767253,550.0,optimal_shannon,throughput
21.0,sn_1,relay,BS_2,ns_0,1,1509.0640228084717,550.0,optimal_shannon,throughput
21.0,wn_2,relay,BS_2,we_6,1,1329.6901070390284,550.0,optimal_shannon,throughput
21.0,ns_14,relay,BS_1,ns_13,1,1352.356848379136,550.0,optimal_shannon,throughput
21.0,we_7,relay,BS_2,we_6,1,1470.9434313774143,550.0,optimal_shannon,throughput
21.0,we_1,relay,BS_2,ns_0,1,1394.462519174611,550.0,optimal_shannon,throughput
21.0,ns_5,relay,BS_1,ns_8,1,942.5489146240792,550.0,optimal_shannon,throughput
21.0,we_0,relay,BS_2,ns_0,1,1439.9704585725406,550.0,optimal_shannon,throughput
21.0,ew_7,relay,BS_2,ew_6,1,1508.3996562741886,550.0,optimal_shannon,throughput
21.0,ns_18,relay,BS_1,ns_17,1,1323.71124310235,550.0,optimal_shannon,throughput
21.0,ns_0,relay,BS_2,sn_1,1,1509.0640228084717,550.0,optimal_shannon,throughput
21.0,we_18,none,-1,-1,0,0.0,0.0,optimal_shannon,throughput
21.0,sn_13,relay,BS_3,se_6,1,1364.6469818119322,550.0,optimal_shannon,throughput
21.0,se_3,relay,BS_3,sn_11,1,1328.773334756027,550.0,optimal_shannon,throughput
21.0,se_1,relay,BS_2,sn_6,1,1222.4076517628437,550.0,optimal_shannon,throughput
21.0,se_8,relay,BS_3,se_7,1,1285.5135998362252,550.0,optimal_shannon,throughput
21.0,ew_10,direct,BS_1,-1,1,1332.4270948419396,550.0,optimal_shannon,throughput
21.0,ns_2,relay,BS_2,ns_0,1,1441.9635238491733,550.0,optimal_shannon,throughput
21.0,wn_7,relay,BS_2,we_14,1,1725.214898879805,550.0,optimal_shannon,throughput
21.0,ns_12,relay,BS_1,ns_13,1,1352.356848379136,550.0,optimal_shannon,throughput
21.0,ew_1,relay,BS_2,sn_1,1,1214.436737662868,550.0,optimal_shannon,throughput
21.0,we_3,relay,BS_2,ns_0,1,1251.967224087454,550.0,optimal_shannon,throughput
21.0,ns_7,relay,BS_2,ns_5,1,1287.174340998366,550.0,optimal_shannon,throughput
21.0,ns_10,direct,BS_2,-1,1,2259.2791932107716,550.0,optimal_shannon,throughput
21.0,wn_5,relay,BS_2,wn_4,1,1338.9906106311091,550.0,optimal_shannon,throughput
21.0,ns_13,relay,BS_1,ns_14,1,1353.353342471658,550.0,optimal_shannon,throughput
21.0,we_17,none,-1,-1,0,0.0,0.0,optimal_shannon,throughput
21.0,sn_3,relay,BS_2,sn_1,1,1400.4416182581565,550.0,optimal_shannon,throughput
21.0,we_9,relay,BS_2,wn_4,1,1450.600154347584,550.0,optimal_shannon,throughput
21.0,ew_16,direct,BS_3,-1,1,1618.371930489514,550.0,optimal_shannon,throughput
21.0,wn_4,none,-1,-1,0,0.0,0.0,optimal_shannon,throughput
21.0,sn_8,relay,BS_3,sn_11,1,1137.7225733680998,550.0,optimal_shannon,throughput
21.0,sn_11,relay,BS_3,se_4,1,1318.8085822581488,550.0,optimal_shannon,throughput
21.0,ns_19,relay,BS_1,ns_18,1,1301.7889700145754,550.0,optimal_shannon,throughput
21.0,ew_12,relay,BS_3,ew_13,1,1413.5875160698686,550.0,optimal_shannon,throughput
21.0,se_6,relay,BS_3,se_7,1,1317.0680911022314,550.0,optimal_shannon,throughput
21.0,ew_15,relay,BS_3,ew_14,1,1374.200137622239,550.0,optimal_shannon,throughput
21.0,sn_10,relay,BS_3,sn_11,1,1328.773334756027,550.0,optimal_shannon,throughput
21.0,wn_9,none,-1,-1,0,0.0,0.0,optimal_shannon,throughput
21.0,sn_15,relay,BS_3,se_7,1,1362.3218149538243,550.0,optimal_shannon,throughput
21.0,ew_18,direct,BS_3,-1,1,1689.7130153462872,550.0,optimal_shannon,throughput
21.0,we_11,relay,BS_2,wn_4,1,1459.2368070751031,550.0,optimal_shannon,throughput
21.0,sn_4,relay,BS_2,sn_6,1,1347.9590063441392,550.0,optimal_shannon,throughput
21.0,ns_16,relay,BS_1,ns_17,1,1346.96251546469,550.0,optimal_shannon,throughput
21.0,sn_6,none,-1,-1,0,0.0,0.0,optimal_shannon,throughput
21.0,sn_0,relay,BS_2,sn_1,1,1541.969925122515,550.0,optimal_shannon,throughput
21.0,ns_9,relay,BS_1,ns_8,1,1036.2067017181785,550.0,optimal_shannon,throughput
21.0,ns_15,relay,BS_1,ns_14,1,1346.96251546469,550.0,optimal_shannon,throughput
21.0,ns_4,relay,BS_2,ns_5,1,1554.5733191044933,550.0,optimal_shannon,throughput
21.0,ns_8,relay,BS_2,ns_5,1,942.5489146240792,550.0,optimal_shannon,throughput
21.0,ew_2,relay,BS_2,sn_1,1,1164.620962413445,550.0,optimal_shannon,throughput
21.0,we_15,relay,BS_2,we_14,1,1384.1652190866466,550.0,optimal_shannon,throughput
21.0,wn_1,relay,BS_2,we_6,1,1470.9434313774143,550.0,optimal_shannon,throughput
21.0,we_4,relay,BS_2,we_6,1,1403.0990005064937,550.0,optimal_shannon,throughput
21.0,ew_14,relay,BS_3,ew_13,1,1402.434654668149,550.0,optimal_shannon,throughput
21.0,sn_12,relay,BS_3,se_6,1,1281.1956849662786,550.0,optimal_shannon,throughput
21.0,we_13,relay,BS_2,we_14,1,1413.3963838608606,550.0,optimal_shannon,throughput
21.0,sn_9,relay,BS_3,sn_11,1,1233.6999365331562,550.0,optimal_shannon,throughput
21.0,se_5,relay,BS_3,se_4,1,1318.8085822581488,550.0,optimal_shannon,throughput
21.0,wn_6,relay,BS_2,we_14,1,1294.813782753332,550.0,optimal_shannon,throughput
21.0,se_0,relay,BS_2,sn_6,1,1396.7877225415712,550.0,optimal_shannon,throughput
21.0,wn_0,relay,BS_2,we_6,1,1470.9434313774143,550.0,optimal_shannon,throughput
21.0,ew_19,direct,BS_1,-1,1,1733.3982955149463,550.0,optimal_shannon,throughput
21.0,we_12,relay,BS_2,we_14,1,1228.7180243201014,550.0,optimal_shannon,throughput
21.0,we_6,none,-1,-1,0,0.0,0.0,optimal_shannon,throughput
21.0,we_19,none,-1,-1,0,0.0,0.0,optimal_shannon,throughput
21.0,ns_1,relay,BS_2,ns_0,1,1538.0690260323886,550.0,optimal_shannon,throughput
21.0,we_2,relay,BS_2,ns_0,1,1327.6971496066185,550.0,optimal_shannon,throughput
22.0,we_16,relay,BS_2,we_17,1,1402.434654668149,550.0,optimal_shannon,throughput
22.0,se_7,relay,BS_3,sn_15,1,1345.7135695643512,550.0,optimal_shannon,throughput
22.0,sn_5,relay,BS_2,sn_7,1,1332.0152274987847,550.0,optimal_shannon,throughput
22.0,ew_6,none,-1,-1,0,0.0,0.0,optimal_shannon,throughput
22.0,ew_9,relay,BS_3,ew_11,1,1276.877788071845,550.0,optimal_shannon,throughput
22.0,se_9,direct,BS_3,-1,1,1342.059777733184,550.0,optimal_shannon,throughput
22.0,sn_19,direct,BS_3,-1,1,1350.3638619517596,550.0,optimal_shannon,throughput
22.0,we_8,relay,BS_2,we_10,1,1329.6901070390284,550.0,optimal_shannon,throughput
22.0,we_14,direct,BS_2,-1,1,1796.24159542678,550.0,optimal_shannon,throughput
22.0,ew_11,relay,BS_3,ew_13,1,962.121636449825,550.0,optimal_shannon,throughput
22.0,sn_16,relay,BS_3,sn_15,1,1058.7002616622326,550.0,optimal_shannon,throughput
22.0,ns_17,relay,BS_1,ns_18,1,1338.326287050039,550.0,optimal_shannon,throughput
22.0,sn_17,direct,BS_3,-1,1,1349.367369625036,550.0,optimal_shannon,throughput
22.0,se_4,relay,BS_3,se_5,1,1327.4446970069987,550.0,optimal_shannon,throughput
22.0,we_10,none,-1,-1,0,0.0,0.0,optimal_shannon,throughput
22.0,wn_3,relay,BS_2,we_10,1,1498.1019865123576,550.0,optimal_shannon,throughput
22.0,ns_6,relay,BS_2,sn_1,1,1049.4051090935,550.0,optimal_shannon,throughput
22.0,se_2,relay,BS_2,sn_7,1,1151.6696718265205,550.0,optimal_shannon,throughput
22.0,ew_0,relay,BS_2,we_3,1,1496.773256552089,550.0,optimal_shannon,throughput
22.0,ew_3,none,-1,-1,0,0.0,0.0,optimal_shannon,throughput
22.0,ew_4,relay,BS_2,ew_6,1,1417.714653736084,550.0,optimal_shannon,throughput
22.0,ew_13,relay,BS_1,ew_14,1,1364.2244970062177,550.0,optimal_shannon,throughput
22.0,sn_18,direct,BS_3,-1,1,1343.0562655863066,550.0,optimal_shannon,throughput
22.0,ew_17,direct,BS_1,-1,1,1586.4277155934583,550.0,optimal_shannon,throughput
22.0,wn_8,relay,BS_2,we_14,1,1268.9063351895256,550.0,optimal_shannon,throughput
22.0,ew_8,relay,BS_3,ew_11,1,1182.2220101928142,550.0,optimal_shannon,throughput
22.0,sn_14,relay,BS_3,sn_15,1,1345.7135695643512,550.0,optimal_shannon,throughput
22.0,ns_11,direct,BS_1,-1,1,1336.4130252188922,550.0,optimal_shannon,throughput
22.0,we_5,relay,BS_2,we_6,1,1491.1812113823155,550.0,optimal_shannon,throughput
22.0,sn_2,relay,BS_2,sn_1,1,1573.4271703868442,550.0,optimal_shannon,throughput
22.0,ns_3,relay,BS_2,we_3,1,1529.7600001043218,550.0,optimal_shannon,throughput
22.0,sn_7,none,-1,-1,0,0.0,0.0,optimal_shannon,throughput
22.0,ew_5,relay,BS_2,ew_6,1,1553.9022748702855,550.0,optimal_shannon,throughput
22.0,sn_1,none,-1,-1,0,0.0,0.0,optimal_shannon,throughput
22.0,wn_2,relay,BS_2,we_6,1,1286.5100442257426,550.0,optimal_shannon,throughput
22.0,ns_14,relay,BS_1,ns_13,1,1351.3603548711526,550.0,optimal_shannon,throughput
22.0,we_7,relay,BS_2,we_6,1,1491.1812113823155,550.0,optimal_shannon,throughput
22.0,we_1,relay,BS_2,we_3,1,1518.3651633144243,550.0,optimal_shannon,throughput
22.0,ns_5,relay,BS_2,sn_1,1,1122.4477638957114,550.0,optimal_shannon,throughput
22.0,we_0,relay,BS_2,we_3,1,1450.2679758319289,550.0,optimal_shannon,throughput
22.0,ew_7,relay,BS_2,ew_6,1,1535.9709368671322,550.0,optimal_shannon,throughput
22.0,ns_18,relay,BS_1,ns_17,1,1338.326287050039,550.0,optimal_shannon,throughput
22.0,ns_0,relay,BS_2,we_3,1,1298.4674470772345,550.0,optimal_shannon,throughput
22.0,we_18,relay,BS_2,we_17,1,1374.200137622239,550.0,optimal_shannon,throughput
22.0,sn_13,relay,BS_3,sn_15,1,1186.8714456739945,550.0,optimal_shannon,throughput
22.0,se_3,relay,BS_3,sn_11,1,1046.8290848548825,550.0,optimal_shannon,throughput
22.0,se_1,relay,BS_2,sn_7,1,1273.22419745153,550.0,optimal_shannon,throughput
22.0,se_8,relay,BS_3,sn_15,1,1277.8742241929358,550.0,optimal_shannon,throughput
22.0,ew_10,relay,BS_3,ew_11,1,1316.1513271754504,550.0,optimal_shannon,throughput
22.0,ns_2,relay,BS_2,we_3,1,1463.2229616248994,550.0,optimal_shannon,throughput
22.0,wn_7,relay,BS_2,we_14,1,1796.24159542678,550.0,optimal_shannon,throughput
22.0,ns_12,relay,BS_1,ns_13,1,1351.3603548711526,550.0,optimal_shannon,throughput
22.0,ew_1,relay,BS_2,we_3,1,1511.7214898184204,550.0,optimal_shannon,throughput
22.0,we_3,none,-1,-1,0,0.0,0.0,optimal_shannon,throughput
22.0,ns_7,relay,BS_2,sn_1,1,1031.8118736930862,550.0,optimal_shannon,throughput
22.0,ns_10,relay,BS_1,ns_11,1,1336.4130252188922,550.0,optimal_shannon,throughput
22.0,wn_5,relay,BS_2,we_10,1,1280.8635384062788,550.0,optimal_shannon,throughput
22.0,ns_13,relay,BS_1,ns_14,1,1365.9756499032292,550.0,optimal_shannon,throughput
22.0,we_17,direct,BS_2,-1,1,1628.311777694173,550.0,optimal_shannon,throughput
22.0,sn_3,relay,BS_2,sn_1,1,1441.9635238491733,550.0,optimal_shannon,throughput
22.0,we_9,relay,BS_2,we_10,1,1508.3996562741886,550.0,optimal_shannon,throughput
22.0,ew_16,direct,BS_3,-1,1,1546.9891586555657,550.0,optimal_shannon,throughput
22.0,wn_4,relay,BS_2,we_10,1,1600.3816757700931,550.0,optimal_shannon,throughput
22.0,sn_8,relay,BS_3,sn_11,1,1046.8290848548825,550.0,optimal_shannon,throughput
22.0,sn_11,relay,BS_3,se_5,1,1207.1301517689317,550.0,optimal_shannon,throughput
22.0,ns_19,relay,BS_1,ns_18,1,1315.0751519032754,550.0,optimal_shannon,throughput
22.0,ew_12,relay,BS_3,ew_13,1,1360.3288171519162,550.0,optimal_shannon,throughput
22.0,se_6,relay,BS_3,sn_15,1,1345.7135695643512,550.0,optimal_shannon,throughput
22.0,ew_15,relay,BS_1,ew_14,1,1364.2244970062177,550.0,optimal_shannon,throughput
22.0,sn_10,relay,BS_3,sn_11,1,1046.8290848548825,550.0,optimal_shannon,throughput
22.0,wn_9,relay,BS_2,we_17,1,1628.311777694173,550.0,optimal_shannon,throughput
22.0,sn_15,none,-1,-1,0,0.0,0.0,optimal_shannon,throughput
22.0,ew_18,direct,BS_1,-1,1,1618.6067188568002,550.0,optimal_shannon,throughput
22.0,we_11,relay,BS_2,we_10,1,1471.1952836187756,550.0,optimal_shannon,throughput
22.0,sn_4,relay,BS_2,sn_7,1,1243.3317267966493,550.0,optimal_shannon,throughput
22.0,ns_16,relay,BS_1,ns_17,1,1345.713569564351,550.0,optimal_shannon,throughput
22.0,sn_6,relay,BS_2,sn_7,1,1457.1702552750455,550.0,optimal_shannon,throughput
22.0,sn_0,relay,BS_2,sn_1,1,1573.4271703868442,550.0,optimal_shannon,throughput
22.0,ns_9,relay,BS_1,ns_11,1,1242.3353291732635,550.0,optimal_shannon,throughput
22.0,ns_15,relay,BS_1,ns_14,1,1362.5742730206423,550.0,optimal_shannon,throughput
22.0,ns_4,relay,BS_2,sn_1,1,1167.6097745250554,550.0,optimal_shannon,throughput
22.0,ns_8,relay,BS_1,ns_11,1,1144.696062193428,550.0,optimal_shannon,throughput
22.0,ew_2,relay,BS_2,we_3,1,1486.1434309202552,550.0,optimal_shannon,throughput
22.0,we_15,relay,BS_2,we_14,1,1402.434654668149,550.0,optimal_shannon,throughput
22.0,wn_1,relay,BS_2,we_6,1,1491.1812113823155,550.0,optimal_shannon,throughput
22.0,we_4,relay,BS_2,we_6,1,1444.6209461695423,550.0,optimal_shannon,throughput
22.0,ew_14,relay,BS_3,ew_13,1,1360.3288171519162,550.0,optimal_shannon,throughput
22.0,sn_12,relay,BS_3,se_5,1,1189.8603897295895,550.0,optimal_shannon,throughput
22.0,we_13,relay,BS_2,we_14,1,1432.6625635931146,550.0,optimal_shannon,throughput
22.0,sn_9,relay,BS_3,sn_11,1,1046.8290848548825,550.0,optimal_shannon,throughput
22.0,se_5,relay,BS_3,sn_11,1,1046.8290848548825,550.0,optimal_shannon,throughput
22.0,wn_6,relay,BS_2,we_14,1,1371.8749590511247,550.0,optimal_shannon,throughput
22.0,se_0,relay,BS_2,sn_7,1,1457.1702552750455,550.0,optimal_shannon,throughput
22.0,wn_0,relay,BS_2,we_6,1,1491.1812113823155,550.0,optimal_shannon,throughput
22.0,ew_19,direct,BS_1,-1,1,1672.6743944161651,550.0,optimal_shannon,throughput
22.0,we_12,relay,BS_2,we_14,1,1249.3101383723044,550.0,optimal_shannon,throughput
22.0,we_6,none,-1,-1,0,0.0,0.0,optimal_shannon,throughput
22.0,we_19,relay,BS_2,we_17,1,1160.9679961165075,550.0,optimal_shannon,throughput
22.0,ns_1,relay,BS_2,we_3,1,1362.5742730206423,550.0,optimal_shannon,throughput
22.0,we_2,relay,BS_2,we_3,1,1529.7600001043218,550.0,optimal_shannon,throughput
23.0,we_16,relay,BS_2,we_17,1,1420.3720540641723,550.0,optimal_shannon,throughput
23.0,se_7,relay,BS_3,se_6,1,1338.7381561145787,550.0,optimal_shannon,throughput
23.0,sn_5,relay,BS_2,sn_7,1,1362.9064395799032,550.0,optimal_shannon,throughput
23.0,ew_6,relay,BS_2,ew_4,1,1462.890781911761,550.0,optimal_shannon,throughput
23.0,ew_9,relay,BS_1,ew_11,1,1051.144588174708,550.0,optimal_shannon,throughput
23.0,se_9,relay,BS_3,sn_18,1,1363.3183146749634,550.0,optimal_shannon,throughput
23.0,sn_19,relay,BS_3,sn_18,1,1338.326287050039,550.0,optimal_shannon,throughput
23.0,we_8,relay,BS_2,we_10,1,1336.2051936740884,550.0,optimal_shannon,throughput
23.0,we_14,relay,BS_2,wn_6,1,1474.5170893476222,550.0,optimal_shannon,throughput
23.0,ew_11,relay,BS_1,ew_12,1,1033.4715441365622,550.0,optimal_shannon,throughput
23.0,sn_16,relay,BS_3,sn_17,1,1351.3603548711526,550.0,optimal_shannon,throughput
23.0,ns_17,relay,BS_1,ns_18,1,1353.605799256266,550.0,optimal_shannon,throughput
23.0,sn_17,relay,BS_3,sn_18,1,1362.5742730206423,550.0,optimal_shannon,throughput
23.0,se_4,relay,BS_2,se_3,1,1386.2444791335097,550.0,optimal_shannon,throughput
23.0,we_10,none,-1,-1,0,0.0,0.0,optimal_shannon,throughput
23.0,wn_3,relay,BS_2,we_10,1,1336.2051936740884,550.0,optimal_shannon,throughput
23.0,ns_6,relay,BS_2,sn_2,1,1454.5862990780809,550.0,optimal_shannon,throughput
23.0,se_2,none,-1,-1,0,0.0,0.0,optimal_shannon,throughput
23.0,ew_0,relay,BS_2,we_5,1,1253.960043852299,550.0,optimal_shannon,throughput
23.0,ew_3,relay,BS_2,we_5,1,1151.005513481201,550.0,optimal_shannon,throughput
23.0,ew_4,relay,BS_2,we_0,1,1301.456817302373,550.0,optimal_shannon,throughput
23.0,ew_13,relay,BS_1,ew_12,1,1361.325315778215,550.0,optimal_shannon,throughput
23.0,sn_18,relay,BS_3,sn_17,1,1351.3603548711526,550.0,optimal_shannon,throughput
23.0,ew_17,direct,BS_3,-1,1,1507.0997446593246,550.0,optimal_shannon,throughput
23.0,wn_8,relay,BS_2,wn_6,1,1133.7377791405347,550.0,optimal_shannon,throughput
23.0,ew_8,relay,BS_1,ew_11,1,1051.144588174708,550.0,optimal_shannon,throughput
23.0,sn_14,relay,BS_3,se_6,1,1338.7381561145787,550.0,optimal_shannon,throughput
23.0,ns_11,relay,BS_1,ns_13,1,970.0844147710492,550.0,optimal_shannon,throughput
23.0,we_5,none,-1,-1,0,0.0,0.0,optimal_shannon,throughput
23.0,sn_2,relay,BS_1,sn_0,1,761.7777772975835,440.00000000000006,optimal_shannon,throughput
23.0,ns_3,relay,BS_2,sn_7,1,1429.008622803869,550.0,optimal_shannon,throughput
23.0,sn_7,direct,BS_3,-1,1,752.5252855447667,440.00000000000006,optimal_shannon,throughput
23.0,ew_5,relay,BS_2,ew_4,1,1550.7087723279603,550.0,optimal_shannon,throughput
23.0,sn_1,relay,BS_2,sn_2,1,1599.6389212786012,550.0,optimal_shannon,throughput
23.0,wn_2,relay,BS_2,we_5,1,1189.528284027192,550.0,optimal_shannon,throughput
23.0,ns_14,relay,BS_1,ns_13,1,1338.7381561145787,550.0,optimal_shannon,throughput
23.0,we_7,relay,BS_2,we_5,1,1417.714653736084,550.0,optimal_shannon,throughput
23.0,we_1,relay,BS_2,we_0,1,1538.7164196886968,550.0,optimal_shannon,throughput
23.0,ns_5,relay,BS_2,sn_2,1,1338.9906106311091,550.0,optimal_shannon,throughput
23.0,we_0,relay,BS_2,ew_4,1,1301.456817302373,550.0,optimal_shannon,throughput
23.0,ew_7,relay,BS_2,ew_4,1,1312.0857487947064,550.0,optimal_shannon,throughput
23.0,ns_18,relay,BS_1,ns_17,1,1347.374386766055,550.0,optimal_shannon,throughput
23.0,ns_0,relay,BS_2,sn_7,1,1457.2437314646054,550.0,optimal_shannon,throughput
23.0,we_18,relay,BS_2,we_17,1,1392.137318184675,550.0,optimal_shannon,throughput
23.0,sn_13,relay,BS_3,se_6,1,1319.393190605508,550.0,optimal_shannon,throughput
23.0,se_3,relay,BS_3,se_5,1,1015.9594698170988,550.0,optimal_shannon,throughput
23.0,se_1,relay,BS_2,sn_7,1,1208.4586156603148,550.0,optimal_shannon,throughput
23.0,se_8,direct,BS_3,-1,1,1344.71708005819,550.0,optimal_shannon,throughput
23.0,ew_10,relay,BS_1,ew_11,1,1051.144588174708,550.0,optimal_shannon,throughput
23.0,ns_2,relay,BS_2,sn_7,1,1488.7368114550527,550.0,optimal_shannon,throughput
23.0,wn_7,relay,BS_2,wn_6,1,1350.948482581707,550.0,optimal_shannon,throughput
23.0,ns_12,relay,BS_1,ns_13,1,1338.7381561145787,550.0,optimal_shannon,throughput
23.0,ew_1,relay,BS_2,we_5,1,1232.371423309931,550.0,optimal_shannon,throughput
23.0,we_3,relay,BS_2,we_0,1,1528.6628733479056,550.0,optimal_shannon,throughput
23.0,ns_7,relay,BS_2,sn_2,1,1502.0881786498653,550.0,optimal_shannon,throughput
23.0,ns_10,relay,BS_1,ns_13,1,958.8039753159902,550.0,optimal_shannon,throughput
23.0,wn_5,relay,BS_2,we_10,1,1243.3317267966493,550.0,optimal_shannon,throughput
23.0,ns_13,relay,BS_1,ns_14,1,1369.6294920039256,550.0,optimal_shannon,throughput
23.0,we_17,none,-1,-1,0,0.0,0.0,optimal_shannon,throughput
23.0,sn_3,relay,BS_2,sn_2,1,1599.6389212786012,550.0,optimal_shannon,throughput
23.0,we_9,relay,BS_2,we_10,1,1336.2051936740884,550.0,optimal_shannon,throughput
23.0,ew_16,direct,BS_3,-1,1,1467.1785814432617,550.0,optimal_shannon,throughput
23.0,wn_4,relay,BS_2,we_10,1,1336.2051936740884,550.0,optimal_shannon,throughput
23.0,sn_8,relay,BS_2,se_3,1,1151.005513481201,550.0,optimal_shannon,throughput
23.0,sn_11,relay,BS_2,se_3,1,1386.2444791335097,550.0,optimal_shannon,throughput
23.0,ns_19,relay,BS_1,ns_18,1,1329.3579472759436,550.0,optimal_shannon,throughput
23.0,ew_12,relay,BS_1,ew_13,1,1371.9546678912122,550.0,optimal_shannon,throughput
23.0,se_6,direct,BS_3,-1,1,1338.7381561145787,550.0,optimal_shannon,throughput
23.0,ew_15,direct,BS_1,-1,1,1362.3218149538243,550.0,optimal_shannon,throughput
23.0,sn_10,relay,BS_2,se_3,1,1360.9134411347593,550.0,optimal_shannon,throughput
23.0,wn_9,relay,BS_2,we_17,1,1695.433504121543,550.0,optimal_shannon,throughput
23.0,sn_15,relay,BS_3,se_6,1,1338.7381561145787,550.0,optimal_shannon,throughput
23.0,ew_18,direct,BS_3,-1,1,1537.724682654058,550.0,optimal_shannon,throughput
23.0,we_11,relay,BS_2,we_10,1,1336.2051936740884,550.0,optimal_shannon,throughput
23.0,sn_4,relay,BS_2,sn_7,1,1271.8956223980845,550.0,optimal_shannon,throughput
23.0,ns_16,relay,BS_1,ns_17,1,1347.374386766055,550.0,optimal_shannon,throughput
23.0,sn_6,relay,BS_2,sn_7,1,1488.7368114550527,550.0,optimal_shannon,throughput
23.0,sn_0,relay,BS_2,sn_2,1,1581.480423488841,550.0,optimal_shannon,throughput
23.0,ns_9,relay,BS_1,sn_0,1,761.7777772975835,440.00000000000006,optimal_shannon,throughput
23.0,ns_15,relay,BS_1,ns_14,1,1369.6294920039256,550.0,optimal_shannon,throughput
23.0,ns_4,relay,BS_2,sn_2,1,1262.263508599347,550.0,optimal_shannon,throughput
23.0,ns_8,relay,BS_1,sn_0,1,761.7777772975835,440.00000000000006,optimal_shannon,throughput
23.0,ew_2,relay,BS_2,we_5,1,1197.830985627936,550.0,optimal_shannon,throughput
23.0,we_15,relay,BS_2,wn_6,1,1248.6458682640166,550.0,optimal_shannon,throughput
23.0,wn_1,relay,BS_2,we_5,1,1338.326287050039,550.0,optimal_shannon,throughput
23.0,we_4,relay,BS_2,we_5,1,1510.1336714667427,550.0,optimal_shannon,throughput
23.0,ew_14,relay,BS_1,ew_13,1,1371.9546678912122,550.0,optimal_shannon,throughput
23.0,sn_12,relay,BS_3,se_6,1,1179.5652084169544,550.0,optimal_shannon,throughput
23.0,we_13,relay,BS_2,wn_6,1,1834.9414661710337,550.0,optimal_shannon,throughput
23.0,sn_9,relay,BS_2,se_3,1,1223.071898831635,550.0,optimal_shannon,throughput
23.0,se_5,relay,BS_2,se_3,1,1192.517242520606,550.0,optimal_shannon,throughput
23.0,wn_6,direct,BS_2,-1,1,1896.402406007267,550.0,optimal_shannon,throughput
23.0,se_0,relay,BS_2,sn_7,1,1331.3509069909214,550.0,optimal_shannon,throughput
23.0,wn_0,relay,BS_2,we_5,1,1510.1336714667427,550.0,optimal_shannon,throughput
23.0,ew_19,direct,BS_1,-1,1,1599.3946764218724,550.0,optimal_shannon,throughput
23.0,we_12,relay,BS_2,wn_6,1,1454.2541201728952,550.0,optimal_shannon,throughput
23.0,we_6,relay,BS_2,we_5,1,1510.1336714667427,550.0,optimal_shannon,throughput
23.0,we_19,relay,BS_2,we_17,1,1177.5726161055693,550.0,optimal_shannon,throughput
23.0,ns_1,relay,BS_2,sn_7,1,1488.7368114550527,550.0,optimal_shannon,throughput
23.0,we_2,relay,BS_2,we_0,1,1538.7164196886968,550.0,optimal_shannon,throughput
24.0,we_16,relay,BS_2,wn_9,1,1391.4729754866776,550.0,optimal_shannon,throughput
24.0,se_7,relay,BS_3,se_6,1,1311.5011436956645,550.0,optimal_shannon,throughput
24.0,sn_5,relay,BS_2,ns_4,1,1398.1164112324188,550.0,optimal_shannon,throughput
24.0,ew_6,relay,BS_2,we_3,1,1270.567049159641,550.0,optimal_shannon,throughput
24.0,ew_9,relay,BS_2,we_3,1,1019.8626990552632,550.0,optimal_shannon,throughput
24.0,se_9,relay,BS_3,sn_18,1,1367.304318940108,550.0,optimal_shannon,throughput
24.0,sn_19,relay,BS_3,sn_18,1,1353.605799256266,550.0,optimal_shannon,throughput
24.0,we_8,relay,BS_2,we_9,1,1472.3893198032574,550.0,optimal_shannon,throughput
24.0,we_14,direct,BS_2,-1,1,1874.2493611628497,550.0,optimal_shannon,throughput
24.0,ew_11,relay,BS_1,ew_12,1,1016.5436305445104,550.0,optimal_shannon,throughput
24.0,sn_16,relay,BS_3,sn_17,1,1352.0246838113264,550.0,optimal_shannon,throughput
24.0,ns_17,relay,BS_1,ns_18,1,1354.0176721894288,550.0,optimal_shannon,throughput
24.0,sn_17,relay,BS_3,sn_18,1,1367.304318940108,550.0,optimal_shannon,throughput
24.0,se_4,relay,BS_3,sn_12,1,1041.1858723805435,550.0,optimal_shannon,throughput
24.0,we_10,relay,BS_2,we_9,1,1472.3893198032574,550.0,optimal_shannon,throughput
24.0,wn_3,relay,BS_2,we_9,1,1472.3893198032574,550.0,optimal_shannon,throughput
24.0,ns_6,relay,BS_2,ns_4,1,1433.6590936858413,550.0,optimal_shannon,throughput
24.0,se_2,relay,BS_2,ns_1,1,1327.6971496066185,550.0,optimal_shannon,throughput
24.0,ew_0,relay,BS_2,wn_1,1,1407.749426445563,550.0,optimal_shannon,throughput
24.0,ew_3,relay,BS_2,wn_1,1,1518.784459858315,550.0,optimal_shannon,throughput
24.0,ew_4,relay,BS_2,sn_5,1,1197.498875243576,550.0,optimal_shannon,throughput
24.0,ew_13,relay,BS_1,ew_12,1,1322.1301584759942,550.0,optimal_shannon,throughput
24.0,sn_18,relay,BS_3,sn_17,1,1352.0246838113264,550.0,optimal_shannon,throughput
24.0,ew_17,direct,BS_1,-1,1,1408.5146801050148,550.0,optimal_shannon,throughput
24.0,wn_8,relay,BS_2,we_14,1,1201.4842122692269,550.0,optimal_shannon,throughput
24.0,ew_8,relay,BS_1,ew_11,1,762.1082807818889,440.00000000000006,optimal_shannon,throughput
24.0,sn_14,relay,BS_3,se_6,1,1311.5011436956645,550.0,optimal_shannon,throughput
24.0,ns_11,relay,BS_2,sn_0,1,1149.013044756735,550.0,optimal_shannon,throughput
24.0,we_5,relay,BS_2,wn_1,1,1291.8244297307529,550.0,optimal_shannon,throughput
24.0,sn_2,relay,BS_2,sn_0,1,1638.1363603968528,550.0,optimal_shannon,throughput
24.0,ns_3,relay,BS_2,ns_1,1,1451.961013682695,550.0,optimal_shannon,throughput
24.0,sn_7,relay,BS_2,sn_5,1,1394.1303474581948,550.0,optimal_shannon,throughput
24.0,ew_5,relay,BS_2,we_3,1,1208.4586156603148,550.0,optimal_shannon,throughput
24.0,sn_1,relay,BS_2,sn_0,1,1638.1363603968528,550.0,optimal_shannon,throughput
24.0,wn_2,relay,BS_2,wn_1,1,1463.2229616248994,550.0,optimal_shannon,throughput
24.0,ns_14,relay,BS_1,ns_13,1,1320.801527017443,550.0,optimal_shannon,throughput
24.0,we_7,relay,BS_2,wn_1,1,1511.0571229358122,550.0,optimal_shannon,throughput
24.0,we_1,relay,BS_2,we_3,1,1541.9525241201095,550.0,optimal_shannon,throughput
24.0,ns_5,relay,BS_2,ns_4,1,1544.2154064753404,550.0,optimal_shannon,throughput
24.0,we_0,relay,BS_2,we_3,1,1541.9525241201095,550.0,optimal_shannon,throughput
24.0,ew_7,relay,BS_2,we_3,1,1357.259616397204,550.0,optimal_shannon,throughput
24.0,ns_18,relay,BS_1,ns_17,1,1361.325315778215,550.0,optimal_shannon,throughput
24.0,ns_0,relay,BS_2,ns_1,1,1451.961013682695,550.0,optimal_shannon,throughput
24.0,we_18,relay,BS_2,wn_9,1,1453.921941299761,550.0,optimal_shannon,throughput
24.0,sn_13,relay,BS_3,sn_14,1,1317.1477972106695,550.0,optimal_shannon,throughput
24.0,se_3,relay,BS_3,sn_10,1,775.0008466928666,440.00000000000006,optimal_shannon,throughput
24.0,se_1,relay,BS_2,ns_1,1,1191.5209212367083,550.0,optimal_shannon,throughput
24.0,se_8,relay,BS_3,se_7,1,1325.3720361108562,550.0,optimal_shannon,throughput
24.0,ew_10,relay,BS_1,ew_11,1,762.1082807818889,440.00000000000006,optimal_shannon,throughput
24.0,ns_2,relay,BS_2,ns_1,1,1451.961013682695,550.0,optimal_shannon,throughput
24.0,wn_7,relay,BS_2,we_14,1,1487.4721577243226,550.0,optimal_shannon,throughput
24.0,ns_12,relay,BS_1,ns_13,1,1320.801527017443,550.0,optimal_shannon,throughput
24.0,ew_1,relay,BS_2,wn_1,1,1434.6556241112933,550.0,optimal_shannon,throughput
24.0,we_3,none,-1,-1,0,0.0,0.0,optimal_shannon,throughput
24.0,ns_7,relay,BS_2,ns_4,1,1283.1885665512154,550.0,optimal_shannon,throughput
24.0,ns_10,relay,BS_2,sn_0,1,1228.053771933751,550.0,optimal_shannon,throughput
24.0,wn_5,relay,BS_2,we_9,1,1151.005513481201,550.0,optimal_shannon,throughput
24.0,ns_13,relay,BS_1,ns_14,1,1324.1231080627174,550.0,optimal_shannon,throughput
24.0,we_17,relay,BS_2,wn_9,1,1761.8748672397337,550.0,optimal_shannon,throughput
24.0,sn_3,relay,BS_2,sn_0,1,1475.181450829676,550.0,optimal_shannon,throughput
24.0,we_9,relay,BS_1,we_8,1,691.1555045540649,440.00000000000006,optimal_shannon,throughput
24.0,ew_16,relay,BS_3,ew_17,1,1415.815231566064,550.0,optimal_shannon,throughput
24.0,wn_4,relay,BS_2,we_9,1,1289.8315321517305,550.0,optimal_shannon,throughput
24.0,sn_8,relay,BS_2,ns_1,1,1436.6486859512263,550.0,optimal_shannon,throughput
24.0,sn_11,relay,BS_3,sn_10,1,775.0008466928666,440.00000000000006,optimal_shannon,throughput
24.0,ns_19,relay,BS_1,ns_18,1,1343.973046484037,550.0,optimal_shannon,throughput
24.0,ew_12,relay,BS_1,ew_13,1,1314.1583893640093,550.0,optimal_shannon,throughput
24.0,se_6,relay,BS_3,se_7,1,1362.5742730206423,550.0,optimal_shannon,throughput
24.0,ew_15,direct,BS_3,-1,1,1359.6644850414357,550.0,optimal_shannon,throughput
24.0,sn_10,none,-1,-1,0,0.0,0.0,optimal_shannon,throughput
24.0,wn_9,none,-1,-1,0,0.0,0.0,optimal_shannon,throughput
24.0,sn_15,relay,BS_3,se_7,1,1362.6539814671096,550.0,optimal_shannon,throughput
24.0,ew_18,relay,BS_3,ew_17,1,1397.4520667919653,550.0,optimal_shannon,throughput
24.0,we_11,relay,BS_2,we_9,1,1342.312232785544,550.0,optimal_shannon,throughput
24.0,sn_4,relay,BS_2,sn_5,1,1535.772193072185,550.0,optimal_shannon,throughput
24.0,ns_16,relay,BS_1,ns_17,1,1361.325315778215,550.0,optimal_shannon,throughput
24.0,sn_6,relay,BS_2,sn_5,1,1535.772193072185,550.0,optimal_shannon,throughput
24.0,sn_0,none,-1,-1,0,0.0,0.0,optimal_shannon,throughput
24.0,ns_9,relay,BS_2,sn_0,1,1349.6198258136835,550.0,optimal_shannon,throughput
24.0,ns_15,relay,BS_1,ns_14,1,1324.1231080627174,550.0,optimal_shannon,throughput
24.0,ns_4,relay,BS_2,sn_5,1,1398.1164112324188,550.0,optimal_shannon,throughput
24.0,ns_8,relay,BS_2,sn_0,1,1475.5136316123208,550.0,optimal_shannon,throughput
24.0,ew_2,relay,BS_2,wn_1,1,1493.7836155432872,550.0,optimal_shannon,throughput
24.0,we_15,relay,BS_2,we_14,1,1443.6244125402395,550.0,optimal_shannon,throughput
24.0,wn_1,none,-1,-1,0,0.0,0.0,optimal_shannon,throughput
24.0,we_4,relay,BS_2,ns_4,1,1298.4674470772345,550.0,optimal_shannon,throughput
24.0,ew_14,relay,BS_1,ew_13,1,1314.1583893640093,550.0,optimal_shannon,throughput
24.0,sn_12,relay,BS_3,sn_14,1,1261.9313685247987,550.0,optimal_shannon,throughput
24.0,we_13,relay,BS_2,we_14,1,1482.157252990072,550.0,optimal_shannon,throughput
24.0,sn_9,relay,BS_2,ns_1,1,1320.389663049258,550.0,optimal_shannon,throughput
24.0,se_5,relay,BS_3,sn_12,1,1041.1858723805435,550.0,optimal_shannon,throughput
24.0,wn_6,relay,BS_2,we_14,1,1624.33265271318,550.0,optimal_shannon,throughput
24.0,se_0,relay,BS_3,ns_3,1,756.8206949538178,440.00000000000006,optimal_shannon,throughput
24.0,wn_0,relay,BS_2,wn_1,1,1518.784459858315,550.0,optimal_shannon,throughput
24.0,ew_19,direct,BS_1,-1,1,1526.5503637903,550.0,optimal_shannon,throughput
24.0,we_12,relay,BS_2,we_14,1,1297.8031436151457,550.0,optimal_shannon,throughput
24.0,we_6,relay,BS_2,wn_1,1,1369.8819510581557,550.0,optimal_shannon,throughput
24.0,we_19,relay,BS_2,wn_9,1,1215.7652167323606,550.0,optimal_shannon,throughput
24.0,ns_1,relay,BS_3,ns_3,1,756.8206949538178,440.00000000000006,optimal_shannon,throughput
24.0,we_2,relay,BS_2,we_3,1,1541.9525241201095,550.0,optimal_shannon,throughput
25.0,we_16,relay,BS_2,wn_9,1,1336.665479352935,550.0,optimal_shannon,throughput
25.0,se_7,direct,BS_3,-1,1,1325.1195839248655,550.0,optimal_shannon,throughput
25.0,sn_5,relay,BS_2,ew_5,1,1227.3895201622506,550.0,optimal_shannon,throughput
25.0,ew_6,relay,BS_2,ew_5,1,1541.3750926548666,550.0,optimal_shannon,throughput
25.0,ew_9,none,-1,-1,0,0.0,0.0,optimal_shannon,throughput
25.0,se_9,direct,BS_3,-1,1,1364.9791487456307,550.0,optimal_shannon,throughput
25.0,sn_19,relay,BS_3,se_9,1,1364.9791487456307,550.0,optimal_shannon,throughput
25.0,we_8,relay,BS_2,we_9,1,1491.723863984079,550.0,optimal_shannon,throughput
25.0,we_14,relay,BS_2,wn_6,1,1604.6650951132765,550.0,optimal_shannon,throughput
25.0,ew_11,relay,BS_2,ew_9,1,1355.5987894707246,550.0,optimal_shannon,throughput
25.0,sn_16,relay,BS_3,sn_17,1,1363.9826481236064,550.0,optimal_shannon,throughput
25.0,ns_17,relay,BS_1,ns_18,1,1356.010662878954,550.0,optimal_shannon,throughput
25.0,sn_17,direct,BS_3,-1,1,1363.9826481236064,550.0,optimal_shannon,throughput
25.0,se_4,relay,BS_2,ns_2,1,1426.0623503911677,550.0,optimal_shannon,throughput
25.0,we_10,relay,BS_2,we_9,1,1491.723863984079,550.0,optimal_shannon,throughput
25.0,wn_3,relay,BS_2,we_9,1,1435.9843318588448,550.0,optimal_shannon,throughput
25.0,ns_6,none,-1,-1,0,0.0,0.0,optimal_shannon,throughput
25.0,se_2,none,-1,-1,0,0.0,0.0,optimal_shannon,throughput
25.0,ew_0,relay,BS_2,we_9,1,1491.723863984079,550.0,optimal_shannon,throughput
25.0,ew_3,relay,BS_2,we_9,1,1457.5759106549567,550.0,optimal_shannon,throughput
25.0,ew_4,relay,BS_2,ew_5,1,1541.3750926548666,550.0,optimal_shannon,throughput
25.0,ew_13,relay,BS_3,ew_14,1,1323.1266329114517,550.0,optimal_shannon,throughput
25.0,sn_18,relay,BS_3,se_9,1,1364.9791487456307,550.0,optimal_shannon,throughput
25.0,ew_17,relay,BS_1,ew_18,1,1381.5583375906203,550.0,optimal_shannon,throughput
25.0,wn_8,relay,BS_2,wn_6,1,1174.5837423938367,550.0,optimal_shannon,throughput
25.0,ew_8,relay,BS_2,ew_9,1,1553.8344633589818,550.0,optimal_shannon,throughput
25.0,sn_14,relay,BS_3,se_7,1,1158.6433965686813,550.0,optimal_shannon,throughput
25.0,ns_11,relay,BS_2,ns_10,1,1488.8008849357486,550.0,optimal_shannon,throughput
25.0,we_5,relay,BS_2,ew_5,1,1510.724939526914,550.0,optimal_shannon,throughput
25.0,sn_2,relay,BS_2,ns_10,1,1167.9418659352757,550.0,optimal_shannon,throughput
25.0,ns_3,relay,BS_2,ns_2,1,1426.0623503911677,550.0,optimal_shannon,throughput
25.0,sn_7,relay,BS_2,ew_5,1,1415.389430615079,550.0,optimal_shannon,throughput
25.0,ew_5,relay,BS_1,ew_7,1,742.6155010890677,440.00000000000006,optimal_shannon,throughput
25.0,sn_1,relay,BS_2,ns_10,1,1148.016813974803,550.0,optimal_shannon,throughput
25.0,wn_2,relay,BS_2,ns_6,1,1266.9134822501494,550.0,optimal_shannon,throughput
25.0,ns_14,relay,BS_1,ns_15,1,1300.20791241157,550.0,optimal_shannon,throughput
25.0,we_7,relay,BS_2,ns_6,1,1525.3953906757342,550.0,optimal_shannon,throughput
25.0,we_1,relay,BS_2,ew_9,1,1512.05367329203,550.0,optimal_shannon,throughput
25.0,ns_5,relay,BS_2,ns_6,1,1525.3953906757342,550.0,optimal_shannon,throughput
25.0,we_0,relay,BS_2,ew_9,1,1506.0743741005676,550.0,optimal_shannon,throughput
25.0,ew_7,relay,BS_2,ew_5,1,1480.4963466358286,550.0,optimal_shannon,throughput
25.0,ns_18,relay,BS_1,ns_17,1,1364.6469818119322,550.0,optimal_shannon,throughput
25.0,ns_0,relay,BS_2,ns_2,1,1426.0623503911677,550.0,optimal_shannon,throughput
25.0,we_18,relay,BS_2,wn_9,1,1594.4357280924814,550.0,optimal_shannon,throughput
25.0,sn_13,relay,BS_3,sn_14,1,1012.9723756860672,550.0,optimal_shannon,throughput
25.0,se_3,relay,BS_2,ns_2,1,1426.0623503911677,550.0,optimal_shannon,throughput
25.0,se_1,relay,BS_2,ns_6,1,1337.9941253667937,550.0,optimal_shannon,throughput
25.0,se_8,relay,BS_3,se_7,1,1325.1195839248655,550.0,optimal_shannon,throughput
25.0,ew_10,relay,BS_2,ew_9,1,1553.8344633589818,550.0,optimal_shannon,throughput
25.0,ns_2,none,-1,-1,0,0.0,0.0,optimal_shannon,throughput
25.0,wn_7,relay,BS_2,wn_6,1,1384.8295595545403,550.0,optimal_shannon,throughput
25.0,ns_12,relay,BS_1,ns_15,1,1142.7036242312977,550.0,optimal_shannon,throughput
25.0,ew_1,relay,BS_2,we_9,1,1491.723863984079,550.0,optimal_shannon,throughput
25.0,we_3,relay,BS_2,ew_9,1,1469.8665621215991,550.0,optimal_shannon,throughput
25.0,ns_7,relay,BS_2,ns_6,1,1525.3953906757342,550.0,optimal_shannon,throughput
25.0,ns_10,direct,BS_2,-1,1,1631.0765907899895,550.0,optimal_shannon,throughput
25.0,wn_5,relay,BS_2,we_9,1,1138.7187784375055,550.0,optimal_shannon,throughput
25.0,ns_13,relay,BS_1,ns_15,1,1233.0356796245512,550.0,optimal_shannon,throughput
25.0,we_17,relay,BS_2,wn_9,1,1621.0107679365767,550.0,optimal_shannon,throughput
25.0,sn_3,relay,BS_2,ns_10,1,1198.1630962018216,550.0,optimal_shannon,throughput
25.0,we_9,relay,BS_1,ew_2,1,703.6783979233726,440.00000000000006,optimal_shannon,throughput
25.0,ew_16,direct,BS_1,-1,1,1335.084380584956,550.0,optimal_shannon,throughput
25.0,wn_4,relay,BS_2,we_9,1,1250.638680178337,550.0,optimal_shannon,throughput
25.0,sn_8,relay,BS_3,sn_11,1,767.0662920292712,440.00000000000006,optimal_shannon,throughput
25.0,sn_11,relay,BS_2,ns_2,1,1260.270669980877,550.0,optimal_shannon,throughput
25.0,ns_19,relay,BS_1,ns_18,1,1356.010662878954,550.0,optimal_shannon,throughput
25.0,ew_12,relay,BS_3,ew_14,1,1312.0857487947064,550.0,optimal_shannon,throughput
25.0,se_6,relay,BS_3,se_7,1,1325.1195839248655,550.0,optimal_shannon,throughput
25.0,ew_15,relay,BS_3,ew_14,1,1323.1266329114517,550.0,optimal_shannon,throughput
25.0,sn_10,relay,BS_3,sn_11,1,767.0662920292712,440.00000000000006,optimal_shannon,throughput
25.0,wn_9,direct,BS_2,-1,1,1807.5599381490797,550.0,optimal_shannon,throughput
25.0,sn_15,relay,BS_3,se_7,1,1294.4816320273956,550.0,optimal_shannon,throughput
25.0,ew_18,direct,BS_3,-1,1,1387.7715960331143,550.0,optimal_shannon,throughput
25.0,we_11,relay,BS_2,we_9,1,1376.857487907599,550.0,optimal_shannon,throughput
25.0,sn_4,relay,BS_2,ew_5,1,1183.2183143565935,550.0,optimal_shannon,throughput
25.0,ns_16,relay,BS_1,ns_17,1,1364.6469818119322,550.0,optimal_shannon,throughput
25.0,sn_6,relay,BS_2,ew_5,1,1295.4780844953154,550.0,optimal_shannon,throughput
25.0,sn_0,relay,BS_2,ns_10,1,1144.696062193428,550.0,optimal_shannon,throughput
25.0,ns_9,relay,BS_2,ns_10,1,1529.9916114942412,550.0,optimal_shannon,throughput
25.0,ns_15,direct,BS_1,-1,1,1300.20791241157,550.0,optimal_shannon,throughput
25.0,ns_4,relay,BS_2,ns_6,1,1479.1676220330469,550.0,optimal_shannon,throughput
25.0,ns_8,relay,BS_2,ns_10,1,1353.9379641318988,550.0,optimal_shannon,throughput
25.0,ew_2,relay,BS_2,we_9,1,1491.723863984079,550.0,optimal_shannon,throughput
25.0,we_15,relay,BS_2,wn_6,1,1432.9947402535784,550.0,optimal_shannon,throughput
25.0,wn_1,relay,BS_2,ns_6,1,1436.3165088868882,550.0,optimal_shannon,throughput
25.0,we_4,relay,BS_2,ew_5,1,1512.7180403036148,550.0,optimal_shannon,throughput
25.0,ew_14,relay,BS_1,ew_15,1,1326.4482195050948,550.0,optimal_shannon,throughput
25.0,sn_12,relay,BS_3,sn_14,1,1012.9723756860672,550.0,optimal_shannon,throughput
25.0,we_13,relay,BS_2,wn_6,1,1517.0364279452915,550.0,optimal_shannon,throughput
25.0,sn_9,relay,BS_3,sn_11,1,767.0662920292712,440.00000000000006,optimal_shannon,throughput
25.0,se_5,relay,BS_2,ns_2,1,1247.981598688809,550.0,optimal_shannon,throughput
25.0,wn_6,none,-1,-1,0,0.0,0.0,optimal_shannon,throughput
25.0,se_0,relay,BS_2,ns_6,1,1516.7042441547455,550.0,optimal_shannon,throughput
25.0,wn_0,relay,BS_2,ns_6,1,1525.3953906757342,550.0,optimal_shannon,throughput
25.0,ew_19,direct,BS_1,-1,1,1408.0774090483171,550.0,optimal_shannon,throughput
25.0,we_12,relay,BS_2,wn_6,1,1337.6619637552951,550.0,optimal_shannon,throughput
25.0,we_6,relay,BS_2,ns_6,1,1525.3953906757342,550.0,optimal_shannon,throughput
25.0,we_19,relay,BS_2,wn_9,1,1283.8528612546247,550.0,optimal_shannon,throughput
25.0,ns_1,relay,BS_2,ns_2,1,1426.0623503911677,550.0,optimal_shannon,throughput
25.0,we_2,relay,BS_2,ew_9,1,1501.7559958439304,550.0,optimal_shannon,throughput
26.0,we_16,relay,BS_2,we_18,1,1267.577766096459,550.0,optimal_shannon,throughput
26.0,se_7,relay,BS_3,sn_16,1,1167.2776833485132,550.0,optimal_shannon,throughput
26.0,sn_5,relay,BS_2,sn_6,1,1593.1889370090223,550.0,optimal_shannon,throughput
26.0,ew_6,relay,BS_2,wn_2,1,1380.8435198923842,550.0,optimal_shannon,throughput
26.0,ew_9,relay,BS_2,we_4,1,1149.013044756735,550.0,optimal_shannon,throughput
26.0,se_9,relay,BS_3,sn_18,1,1368.300821333088,550.0,optimal_shannon,throughput
26.0,sn_19,relay,BS_3,sn_18,1,1368.300821333088,550.0,optimal_shannon,throughput
26.0,we_8,relay,BS_3,we_10,1,710.9323574631625,440.00000000000006,optimal_shannon,throughput
26.0,we_14,relay,BS_2,wn_6,1,1322.6102428666056,550.0,optimal_shannon,throughput
26.0,ew_11,relay,BS_2,we_0,1,1126.4324344365116,550.0,optimal_shannon,throughput
26.0,sn_16,relay,BS_3,sn_17,1,1365.9756499032292,550.0,optimal_shannon,throughput
26.0,ns_17,relay,BS_1,ns_16,1,1326.1160604930028,550.0,optimal_shannon,throughput
26.0,sn_17,relay,BS_3,sn_18,1,1368.300821333088,550.0,optimal_shannon,throughput
26.0,se_4,relay,BS_2,sn_13,1,1119.127240208689,550.0,optimal_shannon,throughput
26.0,we_10,relay,BS_2,wn_4,1,1289.1672337576908,550.0,optimal_shannon,throughput
26.0,wn_3,relay,BS_2,wn_4,1,1482.157252990072,550.0,optimal_shannon,throughput
26.0,ns_6,relay,BS_2,sn_10,1,1475.5136316123208,550.0,optimal_shannon,throughput
26.0,se_2,relay,BS_2,wn_2,1,1533.660695714711,550.0,optimal_shannon,throughput
26.0,ew_0,relay,BS_2,wn_4,1,1217.7579403502332,550.0,optimal_shannon,throughput
26.0,ew_3,relay,BS_2,wn_4,1,1241.3389328029305,550.0,optimal_shannon,throughput
26.0,ew_4,relay,BS_2,wn_2,1,1284.5171563756958,550.0,optimal_shannon,throughput
26.0,ew_13,relay,BS_3,ew_15,1,1022.5976489349564,550.0,optimal_shannon,throughput
26.0,sn_18,relay,BS_3,sn_17,1,1365.9756499032292,550.0,optimal_shannon,throughput
26.0,ew_17,relay,BS_1,ew_18,1,1377.2693659951033,550.0,optimal_shannon,throughput
26.0,wn_8,relay,BS_2,wn_6,1,1191.1888145374633,550.0,optimal_shannon,throughput
26.0,ew_8,relay,BS_2,we_4,1,1196.8346550451813,550.0,optimal_shannon,throughput
26.0,sn_14,relay,BS_2,sn_13,1,1406.8170490252862,550.0,optimal_shannon,throughput
26.0,ns_11,relay,BS_2,sn_6,1,1336.665479352935,550.0,optimal_shannon,throughput
26.0,we_5,relay,BS_2,we_4,1,1537.8680230404,550.0,optimal_shannon,throughput
26.0,sn_2,relay,BS_2,sn_1,1,1683.112735287112,550.0,optimal_shannon,throughput
26.0,ns_3,relay,BS_2,sn_13,1,1406.8170490252862,550.0,optimal_shannon,throughput
26.0,sn_7,relay,BS_2,sn_6,1,1593.1889370090223,550.0,optimal_shannon,throughput
26.0,ew_5,relay,BS_2,wn_2,1,1317.4002479268154,550.0,optimal_shannon,throughput
26.0,sn_1,relay,BS_1,sn_3,1,762.7692993385795,440.00000000000006,optimal_shannon,throughput
26.0,wn_2,direct,BS_1,-1,1,732.3795759265572,440.00000000000006,optimal_shannon,throughput
26.0,ns_14,relay,BS_2,sn_1,1,1495.4445269737464,550.0,optimal_shannon,throughput
26.0,we_7,relay,BS_2,we_4,1,1508.3996562741886,550.0,optimal_shannon,throughput
26.0,we_1,relay,BS_2,we_0,1,1546.937002782033,550.0,optimal_shannon,throughput
26.0,ns_5,relay,BS_2,sn_10,1,1491.5073268789297,550.0,optimal_shannon,throughput
26.0,we_0,relay,BS_1,ew_11,1,768.3885715155396,440.00000000000006,optimal_shannon,throughput
26.0,ew_7,relay,BS_2,wn_2,1,1493.119251141302,550.0,optimal_shannon,throughput
26.0,ns_18,relay,BS_1,ns_19,1,1354.349837144696,550.0,optimal_shannon,throughput
26.0,ns_0,relay,BS_2,sn_13,1,1406.8170490252862,550.0,optimal_shannon,throughput
26.0,we_18,none,-1,-1,0,0.0,0.0,optimal_shannon,throughput
26.0,sn_13,relay,BS_1,sn_12,1,687.5321207483731,440.00000000000006,optimal_shannon,throughput
26.0,se_3,relay,BS_2,sn_10,1,1155.6546436527667,550.0,optimal_shannon,throughput
26.0,se_1,relay,BS_2,wn_2,1,1533.660695714711,550.0,optimal_shannon,throughput
26.0,se_8,relay,BS_3,sn_16,1,1323.1266329114517,550.0,optimal_shannon,throughput
26.0,ew_10,relay,BS_2,we_4,1,1094.224409098663,550.0,optimal_shannon,throughput
26.0,ns_2,relay,BS_2,sn_13,1,1406.8170490252862,550.0,optimal_shannon,throughput
26.0,wn_7,relay,BS_2,wn_6,1,1322.6102428666056,550.0,optimal_shannon,throughput
26.0,ns_12,relay,BS_2,sn_1,1,1311.4214379322048,550.0,optimal_shannon,throughput
26.0,ew_1,relay,BS_2,wn_4,1,1209.1228486640473,550.0,optimal_shannon,throughput
26.0,we_3,relay,BS_2,we_0,1,1546.937002782033,550.0,optimal_shannon,throughput
26.0,ns_7,relay,BS_2,sn_10,1,1375.8609811360636,550.0,optimal_shannon,throughput
26.0,ns_10,relay,BS_2,sn_6,1,1475.5136316123208,550.0,optimal_shannon,throughput
26.0,wn_5,relay,BS_2,wn_4,1,1425.0225108524764,550.0,optimal_shannon,throughput
26.0,ns_13,relay,BS_2,sn_1,1,1446.9461925001765,550.0,optimal_shannon,throughput
26.0,we_17,relay,BS_2,we_18,1,1450.2679758319289,550.0,optimal_shannon,throughput
26.0,sn_3,relay,BS_2,sn_1,1,1683.112735287112,550.0,optimal_shannon,throughput
26.0,we_9,relay,BS_2,wn_4,1,1221.743405333437,550.0,optimal_shannon,throughput
26.0,ew_16,relay,BS_3,ew_17,1,1361.657482109238,550.0,optimal_shannon,throughput
26.0,wn_4,relay,BS_3,we_10,1,710.9323574631625,440.00000000000006,optimal_shannon,throughput
26.0,sn_8,relay,BS_2,sn_10,1,1410.4068166079207,550.0,optimal_shannon,throughput
26.0,sn_11,relay,BS_2,sn_10,1,1491.5073268789297,550.0,optimal_shannon,throughput
26.0,ns_19,direct,BS_1,-1,1,1354.349837144696,550.0,optimal_shannon,throughput
26.0,ew_12,relay,BS_2,we_0,1,1196.8346550451813,550.0,optimal_shannon,throughput
26.0,se_6,relay,BS_3,se_7,1,1011.6447959624207,550.0,optimal_shannon,throughput
26.0,ew_15,relay,BS_2,we_0,1,1016.211727328409,550.0,optimal_shannon,throughput
26.0,sn_10,relay,BS_3,sn_11,1,754.8381128858697,440.00000000000006,optimal_shannon,throughput
26.0,wn_9,relay,BS_2,we_18,1,1813.6811949502771,550.0,optimal_shannon,throughput
26.0,sn_15,direct,BS_3,-1,1,734.0302314629556,440.00000000000006,optimal_shannon,throughput
26.0,ew_18,relay,BS_3,ew_17,1,1361.657482109238,550.0,optimal_shannon,throughput
26.0,we_11,relay,BS_2,wn_4,1,1413.3963838608606,550.0,optimal_shannon,throughput
26.0,sn_4,relay,BS_2,sn_6,1,1569.189512121019,550.0,optimal_shannon,throughput
26.0,ns_16,direct,BS_1,-1,1,1326.1160604930028,550.0,optimal_shannon,throughput
26.0,sn_6,relay,BS_1,sn_4,1,759.4643618884329,440.00000000000006,optimal_shannon,throughput
26.0,sn_0,relay,BS_2,sn_1,1,1683.112735287112,550.0,optimal_shannon,throughput
26.0,ns_9,relay,BS_2,sn_6,1,1500.759447564699,550.0,optimal_shannon,throughput
26.0,ns_15,relay,BS_2,sn_1,1,1323.3790847375587,550.0,optimal_shannon,throughput
26.0,ns_4,relay,BS_2,sn_10,1,1491.5073268789297,550.0,optimal_shannon,throughput
26.0,ns_8,relay,BS_2,sn_6,1,1416.053779869866,550.0,optimal_shannon,throughput
26.0,ew_2,relay,BS_2,wn_4,1,1215.4330967129583,550.0,optimal_shannon,throughput
26.0,we_15,relay,BS_2,wn_6,1,1322.6102428666056,550.0,optimal_shannon,throughput
26.0,wn_1,relay,BS_2,wn_2,1,1527.001951095891,550.0,optimal_shannon,throughput
26.0,we_4,none,-1,-1,0,0.0,0.0,optimal_shannon,throughput
26.0,ew_14,relay,BS_3,ew_15,1,1022.5976489349564,550.0,optimal_shannon,throughput
26.0,sn_12,relay,BS_2,sn_13,1,1406.8170490252862,550.0,optimal_shannon,throughput
26.0,we_13,relay,BS_2,wn_6,1,1322.6102428666056,550.0,optimal_shannon,throughput
26.0,sn_9,relay,BS_2,sn_10,1,1491.5073268789297,550.0,optimal_shannon,throughput
26.0,se_5,relay,BS_2,sn_13,1,1213.7724991401158,550.0,optimal_shannon,throughput
26.0,wn_6,relay,BS_3,we_12,1,681.6046423118573,440.00000000000006,optimal_shannon,throughput
26.0,se_0,relay,BS_2,wn_2,1,1499.4307168510506,550.0,optimal_shannon,throughput
26.0,wn_0,relay,BS_2,wn_2,1,1350.2841540659183,550.0,optimal_shannon,throughput
26.0,ew_19,relay,BS_1,ew_18,1,1377.2693659951033,550.0,optimal_shannon,throughput
26.0,we_12,relay,BS_2,wn_6,1,1294.1494813984582,550.0,optimal_shannon,throughput
26.0,we_6,relay,BS_2,we_4,1,1537.8680230404,550.0,optimal_shannon,throughput
26.0,we_19,relay,BS_2,we_18,1,1416.7181292917226,550.0,optimal_shannon,throughput
26.0,ns_1,relay,BS_2,sn_13,1,1406.8170490252862,550.0,optimal_shannon,throughput
26.0,we_2,relay,BS_2,we_0,1,1546.937002782033,550.0,optimal_shannon,throughput
27.0,we_16,relay,BS_2,we_18,1,1292.488729716622,550.0,optimal_shannon,throughput
27.0,se_7,relay,BS_2,ns_1,1,1368.004793634071,550.0,optimal_shannon,throughput
27.0,sn_5,relay,BS_2,sn_4,1,1632.2062778107302,550.0,optimal_shannon,throughput
27.0,ew_6,relay,BS_2,wn_3,1,1516.5821871331275,550.0,optimal_shannon,throughput
27.0,ew_9,relay,BS_2,ew_11,1,1425.35468663469,550.0,optimal_shannon,throughput
27.0,se_9,relay,BS_3,sn_19,1,1333.0914158336964,550.0,optimal_shannon,throughput
27.0,sn_19,direct,BS_3,-1,1,1333.0914158336964,550.0,optimal_shannon,throughput
27.0,we_8,relay,BS_2,we_11,1,1372.871463815247,550.0,optimal_shannon,throughput
27.0,we_14,relay,BS_3,we_13,1,689.1790176532087,440.00000000000006,optimal_shannon,throughput
27.0,ew_11,relay,BS_3,we_4,1,760.1253181698744,440.00000000000006,optimal_shannon,throughput
27.0,sn_16,relay,BS_2,ns_1,1,1311.089282630238,550.0,optimal_shannon,throughput
27.0,ns_17,relay,BS_1,ns_16,1,1323.1266329114517,550.0,optimal_shannon,throughput
27.0,sn_17,relay,BS_3,sn_18,1,1321.798000490766,550.0,optimal_shannon,throughput
27.0,se_4,relay,BS_2,ns_5,1,1457.8804221721578,550.0,optimal_shannon,throughput
27.0,we_10,relay,BS_2,wn_3,1,1381.5078593086473,550.0,optimal_shannon,throughput
27.0,wn_3,relay,BS_2,we_11,1,1514.9536739330565,550.0,optimal_shannon,throughput
27.0,ns_6,relay,BS_2,ns_5,1,1457.8804221721578,550.0,optimal_shannon,throughput
27.0,se_2,relay,BS_3,se_0,1,745.9183335908332,440.00000000000006,optimal_shannon,throughput
27.0,ew_0,none,-1,-1,0,0.0,0.0,optimal_shannon,throughput
27.0,ew_3,none,-1,-1,0,0.0,0.0,optimal_shannon,throughput
27.0,ew_4,relay,BS_2,wn_3,1,1516.5821871331275,550.0,optimal_shannon,throughput
27.0,ew_13,relay,BS_2,ew_15,1,1322.7147682463444,550.0,optimal_shannon,throughput
27.0,sn_18,relay,BS_3,sn_19,1,1333.0914158336964,550.0,optimal_shannon,throughput
27.0,ew_17,relay,BS_1,ew_18,1,1361.325315778215,550.0,optimal_shannon,throughput
27.0,wn_8,none,-1,-1,0,0.0,0.0,optimal_shannon,throughput
27.0,ew_8,relay,BS_2,ew_11,1,1342.312232785544,550.0,optimal_shannon,throughput
27.0,sn_14,relay,BS_3,sn_13,1,773.6782763931452,440.00000000000006,optimal_shannon,throughput
27.0,ns_11,relay,BS_2,ns_10,1,1542.2824533732437,550.0,optimal_shannon,throughput
27.0,we_5,relay,BS_2,ew_11,1,1442.6278792214566,550.0,optimal_shannon,throughput
27.0,sn_2,relay,BS_1,ns_16,1,1307.1034258073598,550.0,optimal_shannon,throughput
27.0,ns_3,relay,BS_2,ns_1,1,1368.004793634071,550.0,optimal_shannon,throughput
27.0,sn_7,relay,BS_2,sn_4,1,1464.883860641002,550.0,optimal_shannon,throughput
27.0,ew_5,relay,BS_2,wn_3,1,1516.5821871331275,550.0,optimal_shannon,throughput
27.0,sn_1,relay,BS_1,ns_16,1,1319.7253480053892,550.0,optimal_shannon,throughput
27.0,wn_2,relay,BS_2,ns_10,1,1564.6747465098406,550.0,optimal_shannon,throughput
27.0,ns_14,relay,BS_2,sn_4,1,1135.066039212753,550.0,optimal_shannon,throughput
27.0,we_7,relay,BS_2,ew_11,1,1510.0605727741763,550.0,optimal_shannon,throughput
27.0,we_1,relay,BS_2,ew_15,1,1507.7352898279942,550.0,optimal_shannon,throughput
27.0,ns_5,none,-1,-1,0,0.0,0.0,optimal_shannon,throughput
27.0,we_0,relay,BS_2,ew_15,1,1512.7180403036148,550.0,optimal_shannon,throughput
27.0,ew_7,relay,BS_2,we_11,1,1510.0605727741763,550.0,optimal_shannon,throughput
27.0,ns_18,relay,BS_1,ns_19,1,1348.703041738508,550.0,optimal_shannon,throughput
27.0,ns_0,relay,BS_2,ns_1,1,1368.004793634071,550.0,optimal_shannon,throughput
27.0,we_18,relay,BS_3,wn_8,1,671.4013689599469,440.00000000000006,optimal_shannon,throughput
27.0,sn_13,direct,BS_3,-1,1,773.6782763931452,440.00000000000006,optimal_shannon,throughput
27.0,se_3,relay,BS_2,ns_5,1,1312.750060000644,550.0,optimal_shannon,throughput
27.0,se_1,relay,BS_2,se_2,1,1526.669766703384,550.0,optimal_shannon,throughput
27.0,se_8,relay,BS_2,ns_1,1,1368.004793634071,550.0,optimal_shannon,throughput
27.0,ew_10,relay,BS_2,ew_11,1,1550.1172129569643,550.0,optimal_shannon,throughput
27.0,ns_2,relay,BS_2,ns_1,1,1368.004793634071,550.0,optimal_shannon,throughput
27.0,wn_7,none,-1,-1,0,0.0,0.0,optimal_shannon,throughput
27.0,ns_12,relay,BS_2,sn_4,1,1313.0822157319078,550.0,optimal_shannon,throughput
27.0,ew_1,none,-1,-1,0,0.0,0.0,optimal_shannon,throughput
27.0,we_3,relay,BS_2,ew_15,1,1510.0605727741763,550.0,optimal_shannon,throughput
27.0,ns_7,relay,BS_2,ns_5,1,1457.8804221721578,550.0,optimal_shannon,throughput
27.0,ns_10,relay,BS_1,wn_0,1,748.8912526751561,440.00000000000006,optimal_shannon,throughput
27.0,wn_5,relay,BS_2,wn_3,1,1277.542078710071,550.0,optimal_shannon,throughput
27.0,ns_13,relay,BS_2,sn_4,1,1218.0900615332175,550.0,optimal_shannon,throughput
27.0,we_17,relay,BS_2,we_18,1,1473.188366718249,550.0,optimal_shannon,throughput
27.0,sn_3,relay,BS_1,ns_16,1,1275.8813529370402,550.0,optimal_shannon,throughput
27.0,we_9,relay,BS_2,we_11,1,1450.600154347584,550.0,optimal_shannon,throughput
27.0,ew_16,relay,BS_1,ew_17,1,1332.4270948419396,550.0,optimal_shannon,throughput
27.0,wn_4,relay,BS_2,wn_3,1,1503.4169101031432,550.0,optimal_shannon,throughput
27.0,sn_8,relay,BS_2,se_2,1,1431.333857324372,550.0,optimal_shannon,throughput
27.0,sn_11,relay,BS_2,se_2,1,1252.2993603910777,550.0,optimal_shannon,throughput
27.0,ns_19,direct,BS_1,-1,1,1348.703041738508,550.0,optimal_shannon,throughput
27.0,ew_12,relay,BS_2,ew_15,1,1230.0465309260696,550.0,optimal_shannon,throughput
27.0,se_6,relay,BS_2,ns_1,1,1220.414914404592,550.0,optimal_shannon,throughput
27.0,ew_15,relay,BS_3,ew_14,1,761.7777772975835,440.00000000000006,optimal_shannon,throughput
27.0,sn_10,relay,BS_2,se_2,1,1341.6479077924469,550.0,optimal_shannon,throughput
27.0,wn_9,relay,BS_2,we_18,1,1752.55798207891,550.0,optimal_shannon,throughput
27.0,sn_15,relay,BS_3,sn_13,1,773.6782763931452,440.00000000000006,optimal_shannon,throughput
27.0,ew_18,direct,BS_1,-1,1,1361.325315778215,550.0,optimal_shannon,throughput
27.0,we_11,relay,BS_2,wn_3,1,1516.5821871331275,550.0,optimal_shannon,throughput
27.0,sn_4,direct,BS_1,-1,1,770.7027028116812,440.00000000000006,optimal_shannon,throughput
27.0,ns_16,direct,BS_1,-1,1,1323.1266329114517,550.0,optimal_shannon,throughput
27.0,sn_6,relay,BS_2,sn_4,1,1632.2062778107302,550.0,optimal_shannon,throughput
27.0,sn_0,relay,BS_1,ns_16,1,1313.0822157319078,550.0,optimal_shannon,throughput
27.0,ns_9,relay,BS_2,ns_10,1,1564.6747465098406,550.0,optimal_shannon,throughput
27.0,ns_15,relay,BS_1,sn_3,1,1021.933819340714,550.0,optimal_shannon,throughput
27.0,ns_4,relay,BS_2,ns_5,1,1457.8804221721578,550.0,optimal_shannon,throughput
27.0,ns_8,relay,BS_2,ns_10,1,1425.35468663469,550.0,optimal_shannon,throughput
27.0,ew_2,none,-1,-1,0,0.0,0.0,optimal_shannon,throughput
27.0,we_15,none,-1,-1,0,0.0,0.0,optimal_shannon,throughput
27.0,wn_1,relay,BS_2,ns_10,1,1564.6747465098406,550.0,optimal_shannon,throughput
27.0,we_4,relay,BS_2,ew_11,1,1431.0016808508956,550.0,optimal_shannon,throughput
27.0,ew_14,relay,BS_2,ew_15,1,1500.095082161221,550.0,optimal_shannon,throughput
27.0,sn_12,relay,BS_2,ns_5,1,1276.5456429169867,550.0,optimal_shannon,throughput
27.0,we_13,none,-1,-1,0,0.0,0.0,optimal_shannon,throughput
27.0,sn_9,relay,BS_2,se_2,1,1410.7389905747252,550.0,optimal_shannon,throughput
27.0,se_5,relay,BS_2,ns_5,1,1457.8804221721578,550.0,optimal_shannon,throughput
27.0,wn_6,none,-1,-1,0,0.0,0.0,optimal_shannon,throughput
27.0,se_0,relay,BS_2,se_2,1,1363.5707728793918,550.0,optimal_shannon,throughput
27.0,wn_0,relay,BS_2,ns_10,1,1449.6036188995422,550.0,optimal_shannon,throughput
27.0,ew_19,relay,BS_1,ew_18,1,1361.325315778215,550.0,optimal_shannon,throughput
27.0,we_12,relay,BS_3,we_13,1,689.1790176532087,440.00000000000006,optimal_shannon,throughput
27.0,we_6,relay,BS_2,ew_11,1,1475.181450829676,550.0,optimal_shannon,throughput
27.0,we_19,relay,BS_2,we_18,1,1437.9773945698576,550.0,optimal_shannon,throughput
27.0,ns_1,none,-1,-1,0,0.0,0.0,optimal_shannon,throughput
27.0,we_2,relay,BS_2,ew_15,1,1505.07782493226,550.0,optimal_shannon,throughput
28.0,we_16,relay,BS_2,we_17,1,1546.6008630426918,550.0,optimal_shannon,throughput
28.0,se_7,relay,BS_3,ns_4,1,770.041504100491,440.00000000000006,optimal_shannon,throughput
28.0,sn_5,relay,BS_2,ns_14,1,1250.638680178337,550.0,optimal_shannon,throughput
28.0,ew_6,relay,BS_2,we_13,1,1335.3368344976514,550.0,optimal_shannon,throughput
28.0,ew_9,relay,BS_2,sn_11,1,1448.2749054325966,550.0,optimal_shannon,throughput
28.0,se_9,relay,BS_3,ns_2,1,1336.0808639511838,550.0,optimal_shannon,throughput
28.0,sn_19,relay,BS_3,ns_2,1,1336.0808639511838,550.0,optimal_shannon,throughput
28.0,we_8,relay,BS_2,ns_9,1,1505.7421910220162,550.0,optimal_shannon,throughput
28.0,we_14,relay,BS_2,we_13,1,1488.3886157034267,550.0,optimal_shannon,throughput
28.0,ew_11,relay,BS_2,sn_11,1,1269.9027632262855,550.0,optimal_shannon,throughput
28.0,sn_16,relay,BS_3,sn_18,1,1050.8126232049574,550.0,optimal_shannon,throughput
28.0,ns_17,relay,BS_1,ns_19,1,1233.6999365331562,550.0,optimal_shannon,throughput
28.0,sn_17,relay,BS_3,sn_18,1,1050.8126232049574,550.0,optimal_shannon,throughput
28.0,se_4,relay,BS_3,sn_13,1,762.1082807818889,440.00000000000006,optimal_shannon,throughput
28.0,we_10,relay,BS_2,ns_9,1,1525.233875984478,550.0,optimal_shannon,throughput
28.0,wn_3,relay,BS_2,ns_9,1,1329.3579472759436,550.0,optimal_shannon,throughput
28.0,ns_6,relay,BS_2,ns_7,1,1436.896754504722,550.0,optimal_shannon,throughput
28.0,se_2,relay,BS_1,se_0,1,755.168533123488,440.00000000000006,optimal_shannon,throughput
28.0,ew_0,relay,BS_2,we_17,1,1333.3438694105246,550.0,optimal_shannon,throughput
28.0,ew_3,relay,BS_2,we_17,1,1368.8854478364108,550.0,optimal_shannon,throughput
28.0,ew_4,relay,BS_2,we_13,1,1373.53580060658,550.0,optimal_shannon,throughput
28.0,ew_13,relay,BS_2,ew_12,1,1553.8101528600084,550.0,optimal_shannon,throughput
28.0,sn_18,relay,BS_3,ns_2,1,1288.1707869220102,550.0,optimal_shannon,throughput
28.0,ew_17,relay,BS_3,ew_18,1,1315.1548578914949,550.0,optimal_shannon,throughput
28.0,wn_8,relay,BS_1,wn_6,1,690.4966502310425,440.00000000000006,optimal_shannon,throughput
28.0,ew_8,relay,BS_2,sn_11,1,1523.0157396762772,550.0,optimal_shannon,throughput
28.0,sn_14,relay,BS_2,ns_7,1,1350.6163182909445,550.0,optimal_shannon,throughput
28.0,ns_11,relay,BS_2,sn_11,1,1491.7905226315745,550.0,optimal_shannon,throughput
28.0,we_5,relay,BS_2,ew_12,1,1458.2402691295529,550.0,optimal_shannon,throughput
28.0,sn_2,relay,BS_2,sn_1,1,2248.258127352148,550.0,optimal_shannon,throughput
28.0,ns_3,relay,BS_3,ns_2,1,1336.0808639511838,550.0,optimal_shannon,throughput
28.0,sn_7,relay,BS_2,ns_14,1,1343.640883606034,550.0,optimal_shannon,throughput
28.0,ew_5,relay,BS_2,we_13,1,1366.5602756857418,550.0,optimal_shannon,throughput
28.0,sn_1,relay,BS_1,ns_19,1,1324.787425225465,550.0,optimal_shannon,throughput
28.0,wn_2,relay,BS_1,ns_12,1,761.4472776877257,440.00000000000006,optimal_shannon,throughput
28.0,ns_14,direct,BS_2,-1,1,1637.6482337547486,550.0,optimal_shannon,throughput
28.0,we_7,relay,BS_2,ew_12,1,1394.462519174611,550.0,optimal_shannon,throughput
28.0,we_1,relay,BS_3,ew_16,1,1040.5219755693186,550.0,optimal_shannon,throughput
28.0,ns_5,relay,BS_2,ns_7,1,1436.896754504722,550.0,optimal_shannon,throughput
28.0,we_0,relay,BS_3,ew_16,1,1040.5219755693186,550.0,optimal_shannon,throughput
28.0,ew_7,relay,BS_2,we_13,1,1295.4780844953154,550.0,optimal_shannon,throughput
28.0,ns_18,relay,BS_1,ns_19,1,1324.787425225465,550.0,optimal_shannon,throughput
28.0,ns_0,relay,BS_3,ns_2,1,1336.0808639511838,550.0,optimal_shannon,throughput
28.0,we_18,relay,BS_2,we_17,1,1500.095082161221,550.0,optimal_shannon,throughput
28.0,sn_13,relay,BS_2,ns_7,1,1241.0068009594406,550.0,optimal_shannon,throughput
28.0,se_3,relay,BS_2,ns_9,1,1262.263508599347,550.0,optimal_shannon,throughput
28.0,se_1,relay,BS_3,we_7,1,768.7191506626683,440.00000000000006,optimal_shannon,throughput
28.0,se_8,relay,BS_3,sn_18,1,1050.8126232049574,550.0,optimal_shannon,throughput
28.0,ew_10,relay,BS_2,sn_11,1,1360.249108807884,550.0,optimal_shannon,throughput
28.0,ns_2,direct,BS_3,-1,1,1336.0808639511838,550.0,optimal_shannon,throughput
28.0,wn_7,relay,BS_2,we_13,1,1163.6246959841524,550.0,optimal_shannon,throughput
28.0,ns_12,relay,BS_2,ns_14,1,1347.9590063441392,550.0,optimal_shannon,throughput
28.0,ew_1,relay,BS_2,we_17,1,1366.5602756857418,550.0,optimal_shannon,throughput
28.0,we_3,relay,BS_3,ew_16,1,1040.5219755693186,550.0,optimal_shannon,throughput
28.0,ns_7,relay,BS_3,ns_4,1,770.041504100491,440.00000000000006,optimal_shannon,throughput
28.0,ns_10,relay,BS_2,ns_9,1,1525.233875984478,550.0,optimal_shannon,throughput
28.0,wn_5,relay,BS_1,wn_3,1,724.1281048622965,440.00000000000006,optimal_shannon,throughput
28.0,ns_13,relay,BS_2,ns_14,1,1524.344476501624,550.0,optimal_shannon,throughput
28.0,we_17,relay,BS_1,ew_1,1,671.0723440109205,440.00000000000006,optimal_shannon,throughput
28.0,sn_3,relay,BS_2,sn_1,1,2046.8801460723453,550.0,optimal_shannon,throughput
28.0,we_9,relay,BS_2,ns_9,1,1525.233875984478,550.0,optimal_shannon,throughput
28.0,ew_16,direct,BS_3,-1,1,1040.5219755693186,550.0,optimal_shannon,throughput
28.0,wn_4,relay,BS_2,ns_9,1,1218.0900615332175,550.0,optimal_shannon,throughput
28.0,sn_8,relay,BS_2,sn_11,1,1339.987096536703,550.0,optimal_shannon,throughput
28.0,sn_11,relay,BS_1,sn_9,1,744.2668626949499,440.00000000000006,optimal_shannon,throughput
28.0,ns_19,direct,BS_2,-1,1,2267.861506740613,550.0,optimal_shannon,throughput
28.0,ew_12,relay,BS_1,ew_14,1,778.3075188900223,440.00000000000006,optimal_shannon,throughput
28.0,se_6,relay,BS_2,ns_7,1,1253.960043852299,550.0,optimal_shannon,throughput
28.0,ew_15,relay,BS_2,ew_12,1,1257.2814203719158,550.0,optimal_shannon,throughput
28.0,sn_10,relay,BS_2,sn_11,1,1547.063631104747,550.0,optimal_shannon,throughput
28.0,wn_9,relay,BS_2,we_17,1,1331.018746849595,550.0,optimal_shannon,throughput
28.0,sn_15,relay,BS_2,ns_7,1,1436.896754504722,550.0,optimal_shannon,throughput
28.0,ew_18,relay,BS_1,ew_19,1,1316.1513271754504,550.0,optimal_shannon,throughput
28.0,we_11,relay,BS_2,ns_9,1,1525.233875984478,550.0,optimal_shannon,throughput
28.0,sn_4,relay,BS_2,ns_14,1,1234.3641940330172,550.0,optimal_shannon,throughput
28.0,ns_16,relay,BS_1,ns_19,1,1137.7225733680998,550.0,optimal_shannon,throughput
28.0,sn_6,relay,BS_2,ns_14,1,1288.1707869220102,550.0,optimal_shannon,throughput
28.0,sn_0,relay,BS_2,sn_1,1,2064.4863535540317,550.0,optimal_shannon,throughput
28.0,ns_9,relay,BS_3,ns_8,1,735.3508403950351,440.00000000000006,optimal_shannon,throughput
28.0,ns_15,relay,BS_2,ns_14,1,1485.479067672158,550.0,optimal_shannon,throughput
28.0,ns_4,relay,BS_2,ns_7,1,1436.896754504722,550.0,optimal_shannon,throughput
28.0,ns_8,relay,BS_2,ns_9,1,1525.233875984478,550.0,optimal_shannon,throughput
28.0,ew_2,relay,BS_2,we_17,1,1379.847011168135,550.0,optimal_shannon,throughput
28.0,we_15,relay,BS_2,we_13,1,1369.2176155192517,550.0,optimal_shannon,throughput
28.0,wn_1,relay,BS_1,ns_13,1,764.4219129181323,440.00000000000006,optimal_shannon,throughput
28.0,we_4,relay,BS_2,ew_12,1,1458.2402691295529,550.0,optimal_shannon,throughput
28.0,ew_14,relay,BS_2,ew_12,1,1403.0990005064937,550.0,optimal_shannon,throughput
28.0,sn_12,relay,BS_3,sn_13,1,762.1082807818889,440.00000000000006,optimal_shannon,throughput
28.0,we_13,none,-1,-1,0,0.0,0.0,optimal_shannon,throughput
28.0,sn_9,relay,BS_2,sn_11,1,1425.35468663469,550.0,optimal_shannon,throughput
28.0,se_5,relay,BS_3,sn_13,1,762.1082807818889,440.00000000000006,optimal_shannon,throughput
28.0,wn_6,relay,BS_2,we_13,1,1290.1636814991314,550.0,optimal_shannon,throughput
28.0,se_0,relay,BS_3,we_7,1,768.7191506626683,440.00000000000006,optimal_shannon,throughput
28.0,wn_0,relay,BS_2,ns_14,1,1167.2776833485132,550.0,optimal_shannon,throughput
28.0,ew_19,relay,BS_3,ew_18,1,1315.1548578914949,550.0,optimal_shannon,throughput
28.0,we_12,relay,BS_2,we_13,1,1488.3886157034267,550.0,optimal_shannon,throughput
28.0,we_6,relay,BS_2,ew_12,1,1434.9878009933195,550.0,optimal_shannon,throughput
28.0,we_19,relay,BS_2,we_17,1,1278.8706612935243,550.0,optimal_shannon,throughput
28.0,ns_1,relay,BS_3,ns_2,1,1336.0808639511838,550.0,optimal_shannon,throughput
28.0,we_2,relay,BS_3,ew_16,1,1040.5219755693186,550.0,optimal_shannon,throughput
29.0,we_16,relay,BS_2,wn_9,1,1197.830985627936,550.0,optimal_shannon,throughput
29.0,se_7,relay,BS_2,ns_6,1,1237.3533600266724,550.0,optimal_shannon,throughput
29.0,sn_5,relay,BS_2,sn_4,1,1687.4909319110204,550.0,optimal_shannon,throughput
29.0,ew_6,relay,BS_2,wn_7,1,1488.0655132676854,550.0,optimal_shannon,throughput
29.0,ew_9,relay,BS_2,wn_4,1,1532.0204500450952,550.0,optimal_shannon,throughput
29.0,se_9,relay,BS_3,ns_0,1,1092.2322722406354,550.0,optimal_shannon,throughput
29.0,sn_19,relay,BS_3,se_9,1,1011.9766898646326,550.0,optimal_shannon,throughput
29.0,we_8,relay,BS_2,we_9,1,1536.1858918340342,550.0,optimal_shannon,throughput
29.0,we_14,relay,BS_2,wn_7,1,1191.5209212367083,550.0,optimal_shannon,throughput
29.0,ew_11,relay,BS_2,wn_4,1,1532.0204500450952,550.0,optimal_shannon,throughput
29.0,sn_16,relay,BS_2,ns_6,1,1402.8713030997517,550.0,optimal_shannon,throughput
29.0,ns_17,relay,BS_2,sn_5,1,1489.4652486930524,550.0,optimal_shannon,throughput
29.0,sn_17,relay,BS_2,ns_6,1,1402.8713030997517,550.0,optimal_shannon,throughput
29.0,se_4,relay,BS_2,wn_4,1,1396.1233784821134,550.0,optimal_shannon,throughput
29.0,we_10,relay,BS_2,we_9,1,1536.1858918340342,550.0,optimal_shannon,throughput
29.0,wn_3,relay,BS_2,wn_4,1,1532.0204500450952,550.0,optimal_shannon,throughput
29.0,ns_6,none,-1,-1,0,0.0,0.0,optimal_shannon,throughput
29.0,se_2,relay,BS_2,ew_14,1,1385.826070645027,550.0,optimal_shannon,throughput
29.0,ew_0,relay,BS_2,wn_9,1,1315.7394646352582,550.0,optimal_shannon,throughput
29.0,ew_3,relay,BS_2,wn_9,1,1249.3101383723044,550.0,optimal_shannon,throughput
29.0,ew_4,relay,BS_2,wn_7,1,1488.0655132676854,550.0,optimal_shannon,throughput
29.0,ew_13,relay,BS_2,ew_14,1,1552.771975126112,550.0,optimal_shannon,throughput
29.0,sn_18,relay,BS_2,ns_6,1,1305.1105021733297,550.0,optimal_shannon,throughput
29.0,ew_17,relay,BS_1,we_0,1,1119.127240208689,550.0,optimal_shannon,throughput
29.0,wn_8,relay,BS_2,wn_7,1,1414.7250815281316,550.0,optimal_shannon,throughput
29.0,ew_8,relay,BS_2,wn_4,1,1471.5274640644848,550.0,optimal_shannon,throughput
29.0,sn_14,relay,BS_2,sn_12,1,1401.7703090134123,550.0,optimal_shannon,throughput
29.0,ns_11,relay,BS_2,sn_12,1,1402.434654668149,550.0,optimal_shannon,throughput
29.0,we_5,none,-1,-1,0,0.0,0.0,optimal_shannon,throughput
29.0,sn_2,direct,BS_1,-1,1,1360.3288171519162,550.0,optimal_shannon,throughput
29.0,ns_3,relay,BS_3,ns_0,1,1319.1407395142528,550.0,optimal_shannon,throughput
29.0,sn_7,relay,BS_2,sn_5,1,1673.8288412238685,550.0,optimal_shannon,throughput
29.0,ew_5,relay,BS_2,wn_7,1,1488.0655132676854,550.0,optimal_shannon,throughput
29.0,sn_1,relay,BS_1,sn_2,1,1360.3288171519162,550.0,optimal_shannon,throughput
29.0,wn_2,relay,BS_2,ns_13,1,1308.7641979483706,550.0,optimal_shannon,throughput
29.0,ns_14,relay,BS_2,ns_13,1,1554.5733191044933,550.0,optimal_shannon,throughput
29.0,we_7,relay,BS_2,ew_14,1,1154.3263155987,550.0,optimal_shannon,throughput
29.0,we_1,direct,BS_3,-1,1,1330.76629367052,550.0,optimal_shannon,throughput
29.0,ns_5,relay,BS_2,ns_6,1,1402.8713030997517,550.0,optimal_shannon,throughput
29.0,we_0,relay,BS_3,we_1,1,1330.76629367052,550.0,optimal_shannon,throughput
29.0,ew_7,relay,BS_2,wn_7,1,1488.0655132676854,550.0,optimal_shannon,throughput
29.0,ns_18,relay,BS_2,sn_5,1,1330.022266878111,550.0,optimal_shannon,throughput
29.0,ns_0,direct,BS_3,-1,1,1319.1407395142528,550.0,optimal_shannon,throughput
29.0,we_18,relay,BS_2,wn_9,1,1429.3407990501,550.0,optimal_shannon,throughput
29.0,sn_13,relay,BS_2,sn_12,1,1499.5388970160748,550.0,optimal_shannon,throughput
29.0,se_3,relay,BS_2,wn_4,1,1532.0204500450952,550.0,optimal_shannon,throughput
29.0,se_1,relay,BS_2,ew_14,1,1545.9364921362685,550.0,optimal_shannon,throughput
29.0,se_8,relay,BS_2,ns_6,1,1402.8713030997517,550.0,optimal_shannon,throughput
29.0,ew_10,relay,BS_2,wn_4,1,1532.0204500450952,550.0,optimal_shannon,throughput
29.0,ns_2,relay,BS_3,ns_0,1,1319.1407395142528,550.0,optimal_shannon,throughput
29.0,wn_7,relay,BS_3,wn_6,1,700.0524588400093,440.00000000000006,optimal_shannon,throughput
29.0,ns_12,relay,BS_2,ns_13,1,1595.1869557767388,550.0,optimal_shannon,throughput
29.0,ew_1,relay,BS_2,wn_9,1,1275.2170633984804,550.0,optimal_shannon,throughput
29.0,we_3,relay,BS_3,we_1,1,1330.76629367052,550.0,optimal_shannon,throughput
29.0,ns_7,relay,BS_2,ns_6,1,1402.8713030997517,550.0,optimal_shannon,throughput
29.0,ns_10,relay,BS_2,sn_12,1,1498.1019865123576,550.0,optimal_shannon,throughput
29.0,wn_5,relay,BS_2,wn_4,1,1496.1088917149568,550.0,optimal_shannon,throughput
29.0,ns_13,relay,BS_1,sn_8,1,757.1511393840304,440.00000000000006,optimal_shannon,throughput
29.0,we_17,relay,BS_2,wn_9,1,1273.22419745153,550.0,optimal_shannon,throughput
29.0,sn_3,relay,BS_1,sn_2,1,1360.3288171519162,550.0,optimal_shannon,throughput
29.0,we_9,direct,BS_3,-1,1,746.578952272874,440.00000000000006,optimal_shannon,throughput
29.0,ew_16,relay,BS_1,ew_18,1,1043.1775762384195,550.0,optimal_shannon,throughput
29.0,wn_4,direct,BS_1,-1,1,730.3989459771451,440.00000000000006,optimal_shannon,throughput
29.0,sn_8,relay,BS_2,ns_13,1,1515.3755092009426,550.0,optimal_shannon,throughput
29.0,sn_11,relay,BS_2,ns_13,1,1329.0257875890304,550.0,optimal_shannon,throughput
29.0,ns_19,relay,BS_2,sn_4,1,1195.1741078965836,550.0,optimal_shannon,throughput
29.0,ew_12,relay,BS_2,ew_14,1,1444.6209461695423,550.0,optimal_shannon,throughput
29.0,se_6,direct,BS_1,-1,1,697.4158616813168,440.00000000000006,optimal_shannon,throughput
29.0,ew_15,relay,BS_2,ew_14,1,1552.771975126112,550.0,optimal_shannon,throughput
29.0,sn_10,relay,BS_2,ns_13,1,1419.0433535728407,550.0,optimal_shannon,throughput
29.0,wn_9,relay,BS_3,we_17,1,676.6667386093096,440.00000000000006,optimal_shannon,throughput
29.0,sn_15,relay,BS_2,sn_12,1,1260.934949031558,550.0,optimal_shannon,throughput
29.0,ew_18,relay,BS_1,we_0,1,1180.229407580177,550.0,optimal_shannon,throughput
29.0,we_11,relay,BS_2,we_9,1,1536.1858918340342,550.0,optimal_shannon,throughput
29.0,sn_4,relay,BS_2,sn_5,1,1691.2099008987632,550.0,optimal_shannon,throughput
29.0,ns_16,relay,BS_2,sn_5,1,1472.1918250411431,550.0,optimal_shannon,throughput
29.0,sn_6,relay,BS_2,sn_5,1,1691.2099008987632,550.0,optimal_shannon,throughput
29.0,sn_0,relay,BS_1,sn_2,1,1360.3288171519162,550.0,optimal_shannon,throughput
29.0,ns_9,relay,BS_2,sn_12,1,1499.5388970160748,550.0,optimal_shannon,throughput
29.0,ns_15,relay,BS_2,ns_13,1,1332.0152274987847,550.0,optimal_shannon,throughput
29.0,ns_4,relay,BS_2,ns_6,1,1402.8713030997517,550.0,optimal_shannon,throughput
29.0,ns_8,relay,BS_2,sn_12,1,1464.5516807779568,550.0,optimal_shannon,throughput
29.0,ew_2,relay,BS_2,wn_9,1,1255.288592935187,550.0,optimal_shannon,throughput
29.0,we_15,relay,BS_2,wn_7,1,1273.22419745153,550.0,optimal_shannon,throughput
29.0,wn_1,relay,BS_2,ns_13,1,1223.4040226048812,550.0,optimal_shannon,throughput
29.0,we_4,relay,BS_2,ew_14,1,1142.7036242312977,550.0,optimal_shannon,throughput
29.0,ew_14,direct,BS_3,-1,1,762.7692993385795,440.00000000000006,optimal_shannon,throughput
29.0,sn_12,relay,BS_3,sn_13,1,750.543023047269,440.00000000000006,optimal_shannon,throughput
29.0,we_13,relay,BS_2,wn_7,1,1140.3791259205154,550.0,optimal_shannon,throughput
29.0,sn_9,relay,BS_2,ns_13,1,1489.4652486930524,550.0,optimal_shannon,throughput
29.0,se_5,relay,BS_2,sn_12,1,1467.8734807400922,550.0,optimal_shannon,throughput
29.0,wn_6,relay,BS_2,wn_7,1,1465.216040533822,550.0,optimal_shannon,throughput
29.0,se_0,relay,BS_2,ew_14,1,1552.771975126112,550.0,optimal_shannon,throughput
29.0,wn_0,relay,BS_2,ns_13,1,1178.9010101141296,550.0,optimal_shannon,throughput
29.0,ew_19,relay,BS_1,we_0,1,1292.1565796743994,550.0,optimal_shannon,throughput
29.0,we_12,relay,BS_1,ew_8,1,728.4184891839593,440.00000000000006,optimal_shannon,throughput
29.0,we_6,none,-1,-1,0,0.0,0.0,optimal_shannon,throughput
29.0,we_19,relay,BS_2,wn_9,1,1603.8640450527428,550.0,optimal_shannon,throughput
29.0,ns_1,relay,BS_3,ns_0,1,1319.1407395142528,550.0,optimal_shannon,throughput
29.0,we_2,relay,BS_3,we_1,1,1330.76629367052,550.0,optimal_shannon,throughput
30.0,we_16,relay,BS_3,we_17,1,687.2027606882217,440.00000000000006,optimal_shannon,throughput
30.0,se_7,relay,BS_3,se_8,1,768.3885715155396,440.00000000000006,optimal_shannon,throughput
30.0,sn_5,relay,BS_1,sn_7,1,1047.824962241648,550.0,optimal_shannon,throughput
30.0,ew_6,relay,BS_1,ew_4,1,683.9095186071697,440.00000000000006,optimal_shannon,throughput
30.0,ew_9,relay,BS_2,we_15,1,1504.7456419211585,550.0,optimal_shannon,throughput
30.0,se_9,direct,BS_3,-1,1,756.1598181300435,440.00000000000006,optimal_shannon,throughput
30.0,sn_19,relay,BS_2,se_9,1,1211.7797876572854,550.0,optimal_shannon,throughput
30.0,we_8,relay,BS_2,ew_14,1,1483.1537971200892,550.0,optimal_shannon,throughput
30.0,we_14,relay,BS_2,we_15,1,1512.3353690963097,550.0,optimal_shannon,throughput
30.0,ew_11,relay,BS_2,ew_8,1,1523.772079709891,550.0,optimal_shannon,throughput
30.0,sn_16,relay,BS_2,se_7,1,1313.0822157319078,550.0,optimal_shannon,throughput
30.0,ns_17,relay,BS_2,wn_1,1,1385.161729866336,550.0,optimal_shannon,throughput
30.0,sn_17,relay,BS_2,se_7,1,1210.4513167714215,550.0,optimal_shannon,throughput
30.0,se_4,relay,BS_2,sn_12,1,1529.288894012886,550.0,optimal_shannon,throughput
30.0,we_10,relay,BS_2,ew_14,1,1513.0502238414908,550.0,optimal_shannon,throughput
30.0,wn_3,relay,BS_2,ns_13,1,1563.1310811000485,550.0,optimal_shannon,throughput
30.0,ns_6,relay,BS_2,se_9,1,1382.0293913282617,550.0,optimal_shannon,throughput
30.0,se_2,relay,BS_3,se_0,1,774.008913634697,440.00000000000006,optimal_shannon,throughput
30.0,ew_0,relay,BS_2,ew_1,1,1756.5442749545796,550.0,optimal_shannon,throughput
30.0,ew_3,relay,BS_2,ew_1,1,1767.1743920242343,550.0,optimal_shannon,throughput
30.0,ew_4,relay,BS_3,we_17,1,687.2027606882217,440.00000000000006,optimal_shannon,throughput
30.0,ew_13,relay,BS_2,ew_14,1,1549.673089017369,550.0,optimal_shannon,throughput
30.0,sn_18,relay,BS_2,se_7,1,1145.0281361494117,550.0,optimal_shannon,throughput
30.0,ew_17,relay,BS_2,we_5,1,1416.053779869866,550.0,optimal_shannon,throughput
30.0,wn_8,relay,BS_2,we_15,1,1124.4400934932223,550.0,optimal_shannon,throughput
30.0,ew_8,relay,BS_2,we_15,1,1510.0605727741763,550.0,optimal_shannon,throughput
30.0,sn_14,relay,BS_2,sn_12,1,1441.9635238491733,550.0,optimal_shannon,throughput
30.0,ns_11,relay,BS_2,se_7,1,1254.2921809310817,550.0,optimal_shannon,throughput
30.0,we_5,direct,BS_3,-1,1,759.7948380652592,440.00000000000006,optimal_shannon,throughput
30.0,sn_2,relay,BS_1,sn_1,1,1362.6539814671096,550.0,optimal_shannon,throughput
30.0,ns_3,relay,BS_3,ns_2,1,1354.6820021640206,550.0,optimal_shannon,throughput
30.0,sn_7,relay,BS_1,sn_5,1,1050.1486948412555,550.0,optimal_shannon,throughput
30.0,ew_5,relay,BS_1,ew_4,1,683.9095186071697,440.00000000000006,optimal_shannon,throughput
30.0,sn_1,direct,BS_1,-1,1,1362.6539814671096,550.0,optimal_shannon,throughput
30.0,wn_2,relay,BS_2,wn_1,1,1641.6064689489626,550.0,optimal_shannon,throughput
30.0,ns_14,relay,BS_2,ns_13,1,1563.1310811000485,550.0,optimal_shannon,throughput
30.0,we_7,relay,BS_2,we_5,1,1546.970713515729,550.0,optimal_shannon,throughput
30.0,we_1,direct,BS_1,-1,1,1364.3148149378776,550.0,optimal_shannon,throughput
30.0,ns_5,relay,BS_2,se_9,1,1382.0293913282617,550.0,optimal_shannon,throughput
30.0,we_0,relay,BS_1,we_1,1,1364.3148149378776,550.0,optimal_shannon,throughput
30.0,ew_7,relay,BS_3,we_17,1,687.2027606882217,440.00000000000006,optimal_shannon,throughput
30.0,ns_18,relay,BS_2,wn_1,1,1243.9959925707851,550.0,optimal_shannon,throughput
30.0,ns_0,relay,BS_3,ns_2,1,1354.6820021640206,550.0,optimal_shannon,throughput
30.0,we_18,relay,BS_3,we_17,1,687.2027606882217,440.00000000000006,optimal_shannon,throughput
30.0,sn_13,relay,BS_2,sn_12,1,1529.288894012886,550.0,optimal_shannon,throughput
30.0,se_3,relay,BS_2,sn_12,1,1376.193150004893,550.0,optimal_shannon,throughput
30.0,se_1,relay,BS_3,se_0,1,774.008913634697,440.00000000000006,optimal_shannon,throughput
30.0,se_8,relay,BS_2,se_7,1,1427.015566131356,550.0,optimal_shannon,throughput
30.0,ew_10,relay,BS_2,ew_8,1,1523.772079709891,550.0,optimal_shannon,throughput
30.0,ns_2,direct,BS_3,-1,1,1354.6820021640206,550.0,optimal_shannon,throughput
30.0,wn_7,relay,BS_2,we_15,1,1221.0791595463654,550.0,optimal_shannon,throughput
30.0,ns_12,relay,BS_2,ns_13,1,1563.1310811000485,550.0,optimal_shannon,throughput
30.0,ew_1,relay,BS_3,we_19,1,680.2877178313728,440.00000000000006,optimal_shannon,throughput
30.0,we_3,relay,BS_1,we_1,1,1364.3148149378776,550.0,optimal_shannon,throughput
30.0,ns_7,relay,BS_2,se_9,1,1382.0293913282617,550.0,optimal_shannon,throughput
30.0,ns_10,relay,BS_2,se_7,1,1332.347387864976,550.0,optimal_shannon,throughput
30.0,wn_5,relay,BS_2,sn_12,1,1362.242106521891,550.0,optimal_shannon,throughput
30.0,ns_13,none,-1,-1,0,0.0,0.0,optimal_shannon,throughput
30.0,we_17,relay,BS_3,we_16,1,689.8378212257895,440.00000000000006,optimal_shannon,throughput
30.0,sn_3,relay,BS_1,sn_1,1,1362.6539814671096,550.0,optimal_shannon,throughput
30.0,we_9,relay,BS_2,ew_14,1,1495.4445269737464,550.0,optimal_shannon,throughput
30.0,ew_16,relay,BS_2,we_5,1,1313.0822157319078,550.0,optimal_shannon,throughput
30.0,wn_4,relay,BS_2,ns_13,1,1483.4859785493086,550.0,optimal_shannon,throughput
30.0,sn_8,relay,BS_2,wn_1,1,1256.6171440544674,550.0,optimal_shannon,throughput
30.0,sn_11,relay,BS_1,wn_2,1,772.6863861158545,440.00000000000006,optimal_shannon,throughput
30.0,ns_19,relay,BS_1,sn_7,1,1047.824962241648,550.0,optimal_shannon,throughput
30.0,ew_12,relay,BS_2,ew_14,1,1490.1296125507984,550.0,optimal_shannon,throughput
30.0,se_6,relay,BS_2,se_7,1,1453.6470822499673,550.0,optimal_shannon,throughput
30.0,ew_15,relay,BS_2,ew_14,1,1549.673089017369,550.0,optimal_shannon,throughput
30.0,sn_10,relay,BS_2,wn_1,1,1188.5319681263504,550.0,optimal_shannon,throughput
30.0,wn_9,relay,BS_1,ew_4,1,683.9095186071697,440.00000000000006,optimal_shannon,throughput
30.0,sn_15,relay,BS_2,sn_12,1,1290.4958309464796,550.0,optimal_shannon,throughput
30.0,ew_18,relay,BS_2,we_5,1,1512.7180403036148,550.0,optimal_shannon,throughput
30.0,we_11,relay,BS_2,ew_14,1,1501.7559958439304,550.0,optimal_shannon,throughput
30.0,sn_4,relay,BS_1,sn_5,1,1050.1486948412555,550.0,optimal_shannon,throughput
30.0,ns_16,relay,BS_2,wn_1,1,1582.8091717800378,550.0,optimal_shannon,throughput
30.0,sn_6,relay,BS_1,sn_5,1,1050.1486948412555,550.0,optimal_shannon,throughput
30.0,sn_0,relay,BS_1,sn_1,1,1362.6539814671096,550.0,optimal_shannon,throughput
30.0,ns_9,relay,BS_2,se_7,1,1410.7389905747252,550.0,optimal_shannon,throughput
30.0,ns_15,relay,BS_2,ns_13,1,1362.9064395799032,550.0,optimal_shannon,throughput
30.0,ns_4,relay,BS_2,se_9,1,1382.0293913282617,550.0,optimal_shannon,throughput
30.0,ns_8,relay,BS_2,se_7,1,1453.6470822499673,550.0,optimal_shannon,throughput
30.0,ew_2,relay,BS_2,ew_1,1,1878.4586117321496,550.0,optimal_shannon,throughput
30.0,we_15,relay,BS_2,ew_8,1,1510.0605727741763,550.0,optimal_shannon,throughput
30.0,wn_1,relay,BS_1,wn_0,1,776.6541390835753,440.00000000000006,optimal_shannon,throughput
30.0,we_4,relay,BS_2,we_5,1,1546.970713515729,550.0,optimal_shannon,throughput
30.0,ew_14,relay,BS_1,ew_15,1,759.1338896483576,440.00000000000006,optimal_shannon,throughput
30.0,sn_12,direct,BS_3,-1,1,736.6715237040943,440.00000000000006,optimal_shannon,throughput
30.0,we_13,relay,BS_2,we_15,1,1444.6209461695423,550.0,optimal_shannon,throughput
30.0,sn_9,relay,BS_2,wn_1,1,1228.3858980502466,550.0,optimal_shannon,throughput
30.0,se_5,relay,BS_2,sn_12,1,1529.288894012886,550.0,optimal_shannon,throughput
30.0,wn_6,relay,BS_2,ew_8,1,1331.018746849595,550.0,optimal_shannon,throughput
30.0,se_0,relay,BS_2,we_5,1,1112.4862916917546,550.0,optimal_shannon,throughput
30.0,wn_0,relay,BS_2,wn_1,1,1650.841941080754,550.0,optimal_shannon,throughput
30.0,ew_19,relay,BS_2,we_5,1,1412.3998610567749,550.0,optimal_shannon,throughput
30.0,we_12,relay,BS_2,we_15,1,1361.5777737064695,550.0,optimal_shannon,throughput
30.0,we_6,relay,BS_2,we_5,1,1546.970713515729,550.0,optimal_shannon,throughput
30.0,we_19,relay,BS_1,ew_4,1,683.9095186071697,440.00000000000006,optimal_shannon,throughput
30.0,ns_1,relay,BS_3,ns_2,1,1354.6820021640206,550.0,optimal_shannon,throughput
30.0,we_2,relay,BS_1,we_1,1,1364.3148149378776,550.0,optimal_shannon,throughput
31.0,we_16,relay,BS_2,we_19,1,1275.8813529370402,550.0,optimal_shannon,throughput
31.0,se_7,relay,BS_2,sn_18,1,1176.908420407827,550.0,optimal_shannon,throughput
31.0,sn_5,relay,BS_2,sn_4,1,2104.3494694490364,550.0,optimal_shannon,throughput
31.0,ew_6,relay,BS_2,we_19,1,1038.4506435706346,550.0,optimal_shannon,throughput
31.0,ew_9,relay,BS_2,ew_11,1,1514.3008548321068,550.0,optimal_shannon,throughput
31.0,se_9,relay,BS_3,sn_19,1,772.0251438855303,440.00000000000006,optimal_shannon,throughput
31.0,sn_19,relay,BS_2,sn_18,1,1448.8858347235173,550.0,optimal_shannon,throughput
31.0,we_8,relay,BS_2,ew_17,1,1229.382277318478,550.0,optimal_shannon,throughput
31.0,we_14,relay,BS_2,ns_13,1,1531.4536745893288,550.0,optimal_shannon,throughput
31.0,ew_11,relay,BS_1,wn_7,1,714.5603438665249,440.00000000000006,optimal_shannon,throughput
31.0,sn_16,relay,BS_2,sn_18,1,1362.9064395799032,550.0,optimal_shannon,throughput
31.0,ns_17,none,-1,-1,0,0.0,0.0,optimal_shannon,throughput
31.0,sn_17,relay,BS_2,sn_18,1,1448.8858347235173,550.0,optimal_shannon,throughput
31.0,se_4,relay,BS_2,se_5,1,1540.5605510115636,550.0,optimal_shannon,throughput
31.0,we_10,relay,BS_2,ew_17,1,1212.7761426297416,550.0,optimal_shannon,throughput
31.0,wn_3,relay,BS_2,sn_12,1,1207.462267476251,550.0,optimal_shannon,throughput
31.0,ns_6,relay,BS_3,ns_7,1,1041.849771435992,550.0,optimal_shannon,throughput
31.0,se_2,relay,BS_2,ew_17,1,1438.9739264108537,550.0,optimal_shannon,throughput
31.0,ew_0,relay,BS_2,ew_2,1,1545.6043067085027,550.0,optimal_shannon,throughput
31.0,ew_3,relay,BS_2,ew_2,1,1835.017799796428,550.0,optimal_shannon,throughput
31.0,ew_4,relay,BS_2,we_19,1,1084.263868615482,550.0,optimal_shannon,throughput
31.0,ew_13,relay,BS_2,se_5,1,1533.977827742418,550.0,optimal_shannon,throughput
31.0,sn_18,relay,BS_3,sn_19,1,772.0251438855303,440.00000000000006,optimal_shannon,throughput
31.0,ew_17,direct,BS_1,-1,1,777.646156541265,440.00000000000006,optimal_shannon,throughput
31.0,wn_8,relay,BS_2,ew_11,1,1514.3008548321068,550.0,optimal_shannon,throughput
31.0,ew_8,relay,BS_2,ew_11,1,1514.3008548321068,550.0,optimal_shannon,throughput
31.0,sn_14,relay,BS_2,sn_12,1,1486.1434309202552,550.0,optimal_shannon,throughput
31.0,ns_11,relay,BS_2,sn_18,1,1448.8858347235173,550.0,optimal_shannon,throughput
31.0,we_5,direct,BS_3,-1,1,1051.8085196839818,550.0,optimal_shannon,throughput
31.0,sn_2,relay,BS_1,sn_0,1,1377.2693659951033,550.0,optimal_shannon,throughput
31.0,ns_3,relay,BS_3,ns_0,1,1367.968653810429,550.0,optimal_shannon,throughput
31.0,sn_7,relay,BS_2,sn_4,1,2262.5867134489936,550.0,optimal_shannon,throughput
31.0,ew_5,relay,BS_2,we_19,1,1076.627706702228,550.0,optimal_shannon,throughput
31.0,sn_1,relay,BS_1,sn_0,1,1377.2693659951033,550.0,optimal_shannon,throughput
31.0,wn_2,relay,BS_2,sn_9,1,1358.5882790692797,550.0,optimal_shannon,throughput
31.0,ns_14,relay,BS_2,ns_13,1,1531.4536745893288,550.0,optimal_shannon,throughput
31.0,we_7,relay,BS_3,we_5,1,1051.8085196839818,550.0,optimal_shannon,throughput
31.0,we_1,relay,BS_3,we_0,1,1371.9546678912122,550.0,optimal_shannon,throughput
31.0,ns_5,relay,BS_3,ns_7,1,1041.849771435992,550.0,optimal_shannon,throughput
31.0,we_0,direct,BS_3,-1,1,1371.9546678912122,550.0,optimal_shannon,throughput
31.0,ew_7,relay,BS_2,we_19,1,1076.627706702228,550.0,optimal_shannon,throughput
31.0,ns_18,relay,BS_2,sn_9,1,1410.7389905747252,550.0,optimal_shannon,throughput
31.0,ns_0,direct,BS_3,-1,1,1367.968653810429,550.0,optimal_shannon,throughput
31.0,we_18,relay,BS_2,we_19,1,1472.9130879514933,550.0,optimal_shannon,throughput
31.0,sn_13,relay,BS_2,sn_12,1,1559.1743467155002,550.0,optimal_shannon,throughput
31.0,se_3,relay,BS_2,se_5,1,1378.5183336212535,550.0,optimal_shannon,throughput
31.0,se_1,relay,BS_2,ew_17,1,1337.329802215709,550.0,optimal_shannon,throughput
31.0,se_8,relay,BS_2,sn_18,1,1303.7818882167974,550.0,optimal_shannon,throughput
31.0,ew_10,relay,BS_2,ew_11,1,1514.3008548321068,550.0,optimal_shannon,throughput
31.0,ns_2,relay,BS_3,ns_0,1,1367.968653810429,550.0,optimal_shannon,throughput
31.0,wn_7,relay,BS_2,ew_11,1,1328.361468444424,550.0,optimal_shannon,throughput
31.0,ns_12,relay,BS_2,ns_13,1,1531.4536745893288,550.0,optimal_shannon,throughput
31.0,ew_1,relay,BS_2,ew_2,1,1794.0818920273707,550.0,optimal_shannon,throughput
31.0,we_3,relay,BS_3,we_0,1,1371.9546678912122,550.0,optimal_shannon,throughput
31.0,ns_7,direct,BS_3,-1,1,1041.849771435992,550.0,optimal_shannon,throughput
31.0,ns_10,relay,BS_2,sn_18,1,1448.8858347235173,550.0,optimal_shannon,throughput
31.0,wn_5,relay,BS_2,sn_12,1,1414.3929070478405,550.0,optimal_shannon,throughput
31.0,ns_13,relay,BS_1,ns_14,1,733.0398239824447,440.00000000000006,optimal_shannon,throughput
31.0,we_17,relay,BS_2,we_19,1,1361.5777737064695,550.0,optimal_shannon,throughput
31.0,sn_3,relay,BS_1,sn_0,1,1377.2693659951033,550.0,optimal_shannon,throughput
31.0,we_9,relay,BS_2,ew_17,1,1232.371423309931,550.0,optimal_shannon,throughput
31.0,ew_16,relay,BS_2,ew_17,1,1554.269718798749,550.0,optimal_shannon,throughput
31.0,wn_4,relay,BS_2,sn_12,1,1280.5313919528803,550.0,optimal_shannon,throughput
31.0,sn_8,relay,BS_2,sn_9,1,1654.2858154430576,550.0,optimal_shannon,throughput
31.0,sn_11,relay,BS_2,sn_9,1,1581.480423488841,550.0,optimal_shannon,throughput
31.0,ns_19,relay,BS_2,sn_9,1,1511.7214898184204,550.0,optimal_shannon,throughput
31.0,ew_12,relay,BS_2,se_5,1,1444.953124114611,550.0,optimal_shannon,throughput
31.0,se_6,relay,BS_3,sn_17,1,764.4219129181323,440.00000000000006,optimal_shannon,throughput
31.0,ew_15,relay,BS_2,se_5,1,1540.5605510115636,550.0,optimal_shannon,throughput
31.0,sn_10,relay,BS_2,sn_9,1,1654.2858154430576,550.0,optimal_shannon,throughput
31.0,wn_9,relay,BS_2,we_19,1,1407.417252873292,550.0,optimal_shannon,throughput
31.0,sn_15,relay,BS_2,ns_13,1,1465.8804004085123,550.0,optimal_shannon,throughput
31.0,ew_18,relay,BS_2,ew_17,1,1554.269718798749,550.0,optimal_shannon,throughput
31.0,we_11,relay,BS_2,ew_17,1,1183.8825181818663,550.0,optimal_shannon,throughput
31.0,sn_4,relay,BS_1,sn_5,1,1326.4482195050948,550.0,optimal_shannon,throughput
31.0,ns_16,none,-1,-1,0,0.0,0.0,optimal_shannon,throughput
31.0,sn_6,relay,BS_2,sn_4,1,2157.832491100221,550.0,optimal_shannon,throughput
31.0,sn_0,direct,BS_1,-1,1,1377.2693659951033,550.0,optimal_shannon,throughput
31.0,ns_9,relay,BS_2,sn_18,1,1402.1024818177766,550.0,optimal_shannon,throughput
31.0,ns_15,relay,BS_2,sn_12,1,1416.3859545599585,550.0,optimal_shannon,throughput
31.0,ns_4,relay,BS_3,ns_7,1,1041.849771435992,550.0,optimal_shannon,throughput
31.0,ns_8,relay,BS_2,sn_18,1,1368.8854478364108,550.0,optimal_shannon,throughput
31.0,ew_2,relay,BS_1,ew_7,1,673.0466016283062,440.00000000000006,optimal_shannon,throughput
31.0,we_15,relay,BS_2,ns_13,1,1499.7628994944455,550.0,optimal_shannon,throughput
31.0,wn_1,relay,BS_2,sn_9,1,1282.5242722673956,550.0,optimal_shannon,throughput
31.0,we_4,relay,BS_3,we_5,1,1051.8085196839818,550.0,optimal_shannon,throughput
31.0,ew_14,relay,BS_2,se_5,1,1540.5605510115636,550.0,optimal_shannon,throughput
31.0,sn_12,relay,BS_1,wn_5,1,746.909268072472,440.00000000000006,optimal_shannon,throughput
31.0,we_13,relay,BS_2,ns_13,1,1531.4536745893288,550.0,optimal_shannon,throughput
31.0,sn_9,none,-1,-1,0,0.0,0.0,optimal_shannon,throughput
31.0,se_5,relay,BS_1,ew_15,1,747.2395881647359,440.00000000000006,optimal_shannon,throughput
31.0,wn_6,relay,BS_2,ew_11,1,1214.104618316835,550.0,optimal_shannon,throughput
31.0,se_0,relay,BS_2,ew_17,1,1292.488729716622,550.0,optimal_shannon,throughput
31.0,wn_0,relay,BS_2,sn_9,1,1242.6674615755912,550.0,optimal_shannon,throughput
31.0,ew_19,relay,BS_2,ew_17,1,1342.312232785544,550.0,optimal_shannon,throughput
31.0,we_12,relay,BS_2,ns_13,1,1531.4536745893288,550.0,optimal_shannon,throughput
31.0,we_6,relay,BS_3,we_5,1,1051.8085196839818,550.0,optimal_shannon,throughput
31.0,we_19,relay,BS_1,ew_9,1,707.3050365429962,440.00000000000006,optimal_shannon,throughput
31.0,ns_1,relay,BS_3,ns_0,1,1367.968653810429,550.0,optimal_shannon,throughput
31.0,we_2,relay,BS_3,we_0,1,1371.9546678912122,550.0,optimal_shannon,throughput
32.0,we_16,relay,BS_2,ew_11,1,1158.311311909061,550.0,optimal_shannon,throughput
32.0,se_7,relay,BS_2,ns_12,1,1495.7764462157936,550.0,optimal_shannon,throughput
32.0,sn_5,relay,BS_1,sn_4,1,1374.6120151618366,550.0,optimal_shannon,throughput
32.0,ew_6,relay,BS_2,ew_5,1,1571.4616568257552,550.0,optimal_shannon,throughput
32.0,ew_9,relay,BS_2,ew_11,1,1496.611495376445,550.0,optimal_shannon,throughput
32.0,se_9,relay,BS_2,ns_11,1,1412.657830578846,550.0,optimal_shannon,throughput
32.0,sn_19,relay,BS_2,ns_12,1,1181.557808472031,550.0,optimal_shannon,throughput
32.0,we_8,relay,BS_2,we_9,1,1546.4370373039217,550.0,optimal_shannon,throughput
32.0,we_14,relay,BS_2,ew_15,1,1288.1707869220102,550.0,optimal_shannon,throughput
32.0,ew_11,relay,BS_3,we_19,1,703.0190837284123,440.00000000000006,optimal_shannon,throughput
32.0,sn_16,relay,BS_2,ns_12,1,1475.5136316123208,550.0,optimal_shannon,throughput
32.0,ns_17,relay,BS_2,wn_5,1,1599.8142157614525,550.0,optimal_shannon,throughput
32.0,sn_17,relay,BS_2,ns_12,1,1377.8539951723822,550.0,optimal_shannon,throughput
32.0,se_4,relay,BS_2,ew_17,1,1289.4993829045068,550.0,optimal_shannon,throughput
32.0,we_10,relay,BS_2,we_9,1,1546.4370373039217,550.0,optimal_shannon,throughput
32.0,wn_3,relay,BS_2,wn_5,1,1425.0225108524764,550.0,optimal_shannon,throughput
32.0,ns_6,direct,BS_3,-1,1,1326.4482195050948,550.0,optimal_shannon,throughput
32.0,se_2,relay,BS_2,we_9,1,1158.6433965686813,550.0,optimal_shannon,throughput
32.0,ew_0,relay,BS_2,ew_5,1,919.0004832818124,550.0,optimal_shannon,throughput
32.0,ew_3,relay,BS_2,ew_5,1,890.4859832629187,550.0,optimal_shannon,throughput
32.0,ew_4,relay,BS_2,ew_5,1,1571.4616568257552,550.0,optimal_shannon,throughput
32.0,ew_13,relay,BS_2,ew_15,1,1508.067473040055,550.0,optimal_shannon,throughput
32.0,sn_18,relay,BS_2,ns_12,1,1274.552774303343,550.0,optimal_shannon,throughput
32.0,ew_17,direct,BS_3,-1,1,762.1082807818889,440.00000000000006,optimal_shannon,throughput
32.0,wn_8,relay,BS_2,ew_12,1,1273.5563414965327,550.0,optimal_shannon,throughput
32.0,ew_8,relay,BS_2,ew_11,1,1496.611495376445,550.0,optimal_shannon,throughput
32.0,sn_14,relay,BS_2,wn_5,1,1316.4037777020892,550.0,optimal_shannon,throughput
32.0,ns_11,relay,BS_3,se_9,1,774.008913634697,440.00000000000006,optimal_shannon,throughput
32.0,we_5,relay,BS_1,we_7,1,1323.1266329114517,550.0,optimal_shannon,throughput
32.0,sn_2,relay,BS_1,sn_3,1,1375.608521310333,550.0,optimal_shannon,throughput
32.0,ns_3,relay,BS_3,ns_0,1,1362.6539814671096,550.0,optimal_shannon,throughput
32.0,sn_7,relay,BS_1,sn_4,1,1374.6120151618366,550.0,optimal_shannon,throughput
32.0,ew_5,relay,BS_2,ew_11,1,943.212336265104,550.0,optimal_shannon,throughput
32.0,sn_1,relay,BS_1,sn_3,1,1375.608521310333,550.0,optimal_shannon,throughput
32.0,wn_2,relay,BS_2,sn_8,1,1446.614014351169,550.0,optimal_shannon,throughput
32.0,ns_14,relay,BS_2,ns_12,1,1495.7764462157936,550.0,optimal_shannon,throughput
32.0,we_7,direct,BS_1,-1,1,1323.1266329114517,550.0,optimal_shannon,throughput
32.0,we_1,relay,BS_1,we_3,1,1421.654325614272,550.0,optimal_shannon,throughput
32.0,ns_5,relay,BS_3,ns_6,1,1326.4482195050948,550.0,optimal_shannon,throughput
32.0,we_0,relay,BS_3,we_2,1,1408.4088153675527,550.0,optimal_shannon,throughput
32.0,ew_7,relay,BS_2,ew_5,1,1571.4616568257552,550.0,optimal_shannon,throughput
32.0,ns_18,relay,BS_2,wn_5,1,1443.292234732704,550.0,optimal_shannon,throughput
32.0,ns_0,direct,BS_3,-1,1,1362.6539814671096,550.0,optimal_shannon,throughput
32.0,we_18,relay,BS_2,ew_11,1,1257.2814203719158,550.0,optimal_shannon,throughput
32.0,sn_13,relay,BS_2,wn_5,1,1399.1129282475524,550.0,optimal_shannon,throughput
32.0,se_3,relay,BS_2,ew_17,1,1372.5392955040256,550.0,optimal_shannon,throughput
32.0,se_1,relay,BS_2,we_9,1,1136.3943039695791,550.0,optimal_shannon,throughput
32.0,se_8,relay,BS_2,ns_12,1,1495.7764462157936,550.0,optimal_shannon,throughput
32.0,ew_10,relay,BS_2,ew_11,1,1496.611495376445,550.0,optimal_shannon,throughput
32.0,ns_2,relay,BS_3,ns_0,1,1362.6539814671096,550.0,optimal_shannon,throughput
32.0,wn_7,relay,BS_2,ew_12,1,1459.9011658604056,550.0,optimal_shannon,throughput
32.0,ns_12,relay,BS_3,sn_16,1,750.543023047269,440.00000000000006,optimal_shannon,throughput
32.0,ew_1,relay,BS_2,ew_5,1,901.0947715414565,550.0,optimal_shannon,throughput
32.0,we_3,direct,BS_1,-1,1,1421.654325614272,550.0,optimal_shannon,throughput
32.0,ns_7,relay,BS_3,ns_6,1,1326.4482195050948,550.0,optimal_shannon,throughput
32.0,ns_10,relay,BS_2,ns_11,1,1412.657830578846,550.0,optimal_shannon,throughput
32.0,wn_5,relay,BS_1,wn_4,1,759.7948380652592,440.00000000000006,optimal_shannon,throughput
32.0,ns_13,relay,BS_2,ns_12,1,1495.7764462157936,550.0,optimal_shannon,throughput
32.0,we_17,relay,BS_2,ew_11,1,1199.4915403839202,550.0,optimal_shannon,throughput
32.0,sn_3,direct,BS_1,-1,1,1375.608521310333,550.0,optimal_shannon,throughput
32.0,we_9,direct,BS_1,-1,1,773.6782763931452,440.00000000000006,optimal_shannon,throughput
32.0,ew_16,relay,BS_2,ew_17,1,1552.8406955186304,550.0,optimal_shannon,throughput
32.0,wn_4,relay,BS_2,wn_5,1,1584.470107439645,550.0,optimal_shannon,throughput
32.0,sn_8,none,-1,-1,0,0.0,0.0,optimal_shannon,throughput
32.0,sn_11,relay,BS_2,sn_8,1,1623.0038986829406,550.0,optimal_shannon,throughput
32.0,ns_19,relay,BS_2,wn_5,1,1282.5242722673956,550.0,optimal_shannon,throughput
32.0,ew_12,relay,BS_2,ew_15,1,1437.9773945698576,550.0,optimal_shannon,throughput
32.0,se_6,relay,BS_2,ns_12,1,1365.2316071773073,550.0,optimal_shannon,throughput
32.0,ew_15,relay,BS_2,ew_12,1,1437.9773945698576,550.0,optimal_shannon,throughput
32.0,sn_10,relay,BS_2,sn_8,1,1704.5570860315606,550.0,optimal_shannon,throughput
32.0,wn_9,relay,BS_2,ew_11,1,1496.611495376445,550.0,optimal_shannon,throughput
32.0,sn_15,relay,BS_2,wn_5,1,1234.6963230038202,550.0,optimal_shannon,throughput
32.0,ew_18,relay,BS_2,ew_17,1,1552.8406955186304,550.0,optimal_shannon,throughput
32.0,we_11,relay,BS_2,we_9,1,1546.4370373039217,550.0,optimal_shannon,throughput
32.0,sn_4,direct,BS_1,-1,1,1374.6120151618366,550.0,optimal_shannon,throughput
32.0,ns_16,relay,BS_2,wn_5,1,1599.8142157614525,550.0,optimal_shannon,throughput
32.0,sn_6,relay,BS_1,sn_4,1,1374.6120151618366,550.0,optimal_shannon,throughput
32.0,sn_0,relay,BS_1,sn_3,1,1375.608521310333,550.0,optimal_shannon,throughput
32.0,ns_9,relay,BS_2,ns_11,1,1412.657830578846,550.0,optimal_shannon,throughput
32.0,ns_15,relay,BS_2,ns_12,1,1348.9554978262188,550.0,optimal_shannon,throughput
32.0,ns_4,relay,BS_3,ns_6,1,1326.4482195050948,550.0,optimal_shannon,throughput
32.0,ns_8,relay,BS_2,ns_11,1,1412.657830578846,550.0,optimal_shannon,throughput
32.0,ew_2,relay,BS_2,ew_5,1,887.502550307023,550.0,optimal_shannon,throughput
32.0,we_15,relay,BS_2,ew_15,1,1355.9309547295925,550.0,optimal_shannon,throughput
32.0,wn_1,relay,BS_2,sn_8,1,1361.2456073900803,550.0,optimal_shannon,throughput
32.0,we_4,relay,BS_1,we_7,1,1323.1266329114517,550.0,optimal_shannon,throughput
32.0,ew_14,relay,BS_2,ew_15,1,1539.378676435277,550.0,optimal_shannon,throughput
32.0,sn_12,relay,BS_2,wn_5,1,1478.8354409496171,550.0,optimal_shannon,throughput
32.0,we_13,relay,BS_2,ew_15,1,1246.320927099185,550.0,optimal_shannon,throughput
32.0,sn_9,relay,BS_2,sn_8,1,1704.5570860315606,550.0,optimal_shannon,throughput
32.0,se_5,relay,BS_2,ew_17,1,1202.8126638942354,550.0,optimal_shannon,throughput
32.0,wn_6,relay,BS_2,ew_12,1,1535.7507539768385,550.0,optimal_shannon,throughput
32.0,se_0,direct,BS_3,-1,1,755.8293857547917,440.00000000000006,optimal_shannon,throughput
32.0,wn_0,relay,BS_2,sn_8,1,1324.7077186712704,550.0,optimal_shannon,throughput
32.0,ew_19,relay,BS_2,ew_17,1,1376.857487907599,550.0,optimal_shannon,throughput
32.0,we_12,relay,BS_2,ew_15,1,1224.4003948756383,550.0,optimal_shannon,throughput
32.0,we_6,relay,BS_1,we_7,1,1323.1266329114517,550.0,optimal_shannon,throughput
32.0,we_19,relay,BS_2,ew_11,1,1357.259616397204,550.0,optimal_shannon,throughput
32.0,ns_1,relay,BS_3,ns_0,1,1362.6539814671096,550.0,optimal_shannon,throughput
32.0,we_2,relay,BS_1,we_3,1,1421.654325614272,550.0,optimal_shannon,throughput
33.0,we_16,relay,BS_2,we_17,1,1515.1830968845477,550.0,optimal_shannon,throughput
33.0,se_7,none,-1,-1,0,0.0,0.0,optimal_shannon,throughput
33.0,sn_5,direct,BS_1,-1,1,1373.947678007617,550.0,optimal_shannon,throughput
33.0,ew_6,relay,BS_2,ew_5,1,1868.5620227745403,550.0,optimal_shannon,throughput
33.0,ew_9,relay,BS_3,we_19,1,714.8901932411935,440.00000000000006,optimal_shannon,throughput
33.0,se_9,relay,BS_2,ns_13,1,1265.584915968765,550.0,optimal_shannon,throughput
33.0,sn_19,none,-1,-1,0,0.0,0.0,optimal_shannon,throughput
33.0,we_8,relay,BS_1,se_1,1,1038.5302987046537,550.0,optimal_shannon,throughput
33.0,we_14,relay,BS_2,ew_17,1,1486.1434309202552,550.0,optimal_shannon,throughput
33.0,ew_11,relay,BS_3,we_19,1,714.8901932411935,440.00000000000006,optimal_shannon,throughput
33.0,sn_16,relay,BS_2,se_7,1,1520.026082987916,550.0,optimal_shannon,throughput
33.0,ns_17,relay,BS_2,ns_19,1,1353.9379641318988,550.0,optimal_shannon,throughput
33.0,sn_17,relay,BS_2,se_7,1,1393.4660041713369,550.0,optimal_shannon,throughput
33.0,se_4,relay,BS_2,ew_17,1,1168.273957578636,550.0,optimal_shannon,throughput
33.0,we_10,relay,BS_1,se_1,1,1038.5302987046537,550.0,optimal_shannon,throughput
33.0,wn_3,relay,BS_2,sn_14,1,1231.042912473619,550.0,optimal_shannon,throughput
33.0,ns_6,relay,BS_3,ns_5,1,1375.9406901372315,550.0,optimal_shannon,throughput
33.0,se_2,relay,BS_1,se_0,1,1040.19002800852,550.0,optimal_shannon,throughput
33.0,ew_0,relay,BS_2,ew_1,1,1613.7026250128542,550.0,optimal_shannon,throughput
33.0,ew_3,relay,BS_2,ew_1,1,1520.3582669837529,550.0,optimal_shannon,throughput
33.0,ew_4,relay,BS_2,ew_5,1,1767.1743920242343,550.0,optimal_shannon,throughput
33.0,ew_13,relay,BS_2,we_17,1,1512.05367329203,550.0,optimal_shannon,throughput
33.0,sn_18,relay,BS_2,se_7,1,1282.1921252834366,550.0,optimal_shannon,throughput
33.0,ew_17,relay,BS_1,ew_18,1,758.472957014404,440.00000000000006,optimal_shannon,throughput
33.0,wn_8,relay,BS_2,se_7,1,1530.257715595449,550.0,optimal_shannon,throughput
33.0,ew_8,relay,BS_3,we_18,1,717.5291798879116,440.00000000000006,optimal_shannon,throughput
33.0,sn_14,direct,BS_1,-1,1,763.4303332874724,440.00000000000006,optimal_shannon,throughput
33.0,ns_11,relay,BS_3,se_9,1,764.7524470821438,440.00000000000006,optimal_shannon,throughput
33.0,we_5,relay,BS_3,we_7,1,1367.304318940108,550.0,optimal_shannon,throughput
33.0,sn_2,direct,BS_1,-1,1,1359.000153177918,550.0,optimal_shannon,throughput
33.0,ns_3,direct,BS_3,-1,1,1360.3288171519162,550.0,optimal_shannon,throughput
33.0,sn_7,relay,BS_1,sn_5,1,1373.947678007617,550.0,optimal_shannon,throughput
33.0,ew_5,direct,BS_2,-1,1,1868.5620227745403,550.0,optimal_shannon,throughput
33.0,sn_1,relay,BS_1,sn_2,1,1359.000153177918,550.0,optimal_shannon,throughput
33.0,wn_2,relay,BS_2,sn_9,1,1520.3582669837529,550.0,optimal_shannon,throughput
33.0,ns_14,relay,BS_2,ns_13,1,1469.8135495589472,550.0,optimal_shannon,throughput
33.0,we_7,direct,BS_3,-1,1,1367.304318940108,550.0,optimal_shannon,throughput
33.0,we_1,relay,BS_3,we_3,1,1489.1330668018163,550.0,optimal_shannon,throughput
33.0,ns_5,relay,BS_3,ns_6,1,1353.6855072983665,550.0,optimal_shannon,throughput
33.0,we_0,direct,BS_1,-1,1,1463.178710838687,550.0,optimal_shannon,throughput
33.0,ew_7,relay,BS_2,ew_5,1,1794.0818920273707,550.0,optimal_shannon,throughput
33.0,ns_18,relay,BS_2,ns_19,1,1529.9916114942412,550.0,optimal_shannon,throughput
33.0,ns_0,relay,BS_3,ns_6,1,887.502550307023,550.0,optimal_shannon,throughput
33.0,we_18,relay,BS_2,we_17,1,1515.1830968845477,550.0,optimal_shannon,throughput
33.0,sn_13,relay,BS_2,sn_14,1,1612.6355071100118,550.0,optimal_shannon,throughput
33.0,se_3,relay,BS_2,ew_17,1,1134.7339737538307,550.0,optimal_shannon,throughput
33.0,se_1,relay,BS_1,se_0,1,1040.19002800852,550.0,optimal_shannon,throughput
33.0,se_8,relay,BS_2,se_7,1,1495.1123446392498,550.0,optimal_shannon,throughput
33.0,ew_10,relay,BS_3,we_19,1,714.8901932411935,440.00000000000006,optimal_shannon,throughput
33.0,ns_2,relay,BS_3,ns_6,1,889.4914911466104,550.0,optimal_shannon,throughput
33.0,wn_7,relay,BS_2,se_7,1,1530.257715595449,550.0,optimal_shannon,throughput
33.0,ns_12,relay,BS_2,ns_13,1,1469.8135495589472,550.0,optimal_shannon,throughput
33.0,ew_1,relay,BS_2,ew_5,1,901.0947715414565,550.0,optimal_shannon,throughput
33.0,we_3,direct,BS_3,-1,1,1516.2445123146426,550.0,optimal_shannon,throughput
33.0,ns_7,relay,BS_3,ns_5,1,1375.9406901372315,550.0,optimal_shannon,throughput
33.0,ns_10,relay,BS_3,se_9,1,764.7524470821438,440.00000000000006,optimal_shannon,throughput
33.0,wn_5,relay,BS_2,sn_14,1,1388.4834358104338,550.0,optimal_shannon,throughput
33.0,ns_13,relay,BS_3,se_9,1,764.7524470821438,440.00000000000006,optimal_shannon,throughput
33.0,we_17,none,-1,-1,0,0.0,0.0,optimal_shannon,throughput
33.0,sn_3,relay,BS_1,sn_2,1,1359.000153177918,550.0,optimal_shannon,throughput
33.0,we_9,relay,BS_1,se_1,1,1038.5302987046537,550.0,optimal_shannon,throughput
33.0,ew_16,relay,BS_2,ew_17,1,1549.7752999796212,550.0,optimal_shannon,throughput
33.0,wn_4,relay,BS_2,sn_14,1,1286.1778959930782,550.0,optimal_shannon,throughput
33.0,sn_8,relay,BS_2,sn_9,1,1979.414889602041,550.0,optimal_shannon,throughput
33.0,sn_11,relay,BS_2,sn_9,1,1762.1915241635447,550.0,optimal_shannon,throughput
33.0,ns_19,relay,BS_2,sn_14,1,1254.6243181380205,550.0,optimal_shannon,throughput
33.0,ew_12,relay,BS_2,we_17,1,1512.7180403036148,550.0,optimal_shannon,throughput
33.0,se_6,relay,BS_2,se_7,1,1530.257715595449,550.0,optimal_shannon,throughput
33.0,ew_15,relay,BS_2,we_17,1,1412.3998610567749,550.0,optimal_shannon,throughput
33.0,sn_10,relay,BS_2,sn_9,1,1979.414889602041,550.0,optimal_shannon,throughput
33.0,wn_9,relay,BS_2,we_17,1,1139.714986076141,550.0,optimal_shannon,throughput
33.0,sn_15,relay,BS_2,sn_14,1,1612.6355071100118,550.0,optimal_shannon,throughput
33.0,ew_18,relay,BS_2,ew_17,1,1549.7752999796212,550.0,optimal_shannon,throughput
33.0,we_11,relay,BS_1,se_1,1,1038.5302987046537,550.0,optimal_shannon,throughput
33.0,sn_4,relay,BS_1,sn_5,1,1373.947678007617,550.0,optimal_shannon,throughput
33.0,ns_16,relay,BS_2,ns_19,1,1266.9134822501494,550.0,optimal_shannon,throughput
33.0,sn_6,relay,BS_1,sn_5,1,1373.947678007617,550.0,optimal_shannon,throughput
33.0,sn_0,relay,BS_1,sn_2,1,1359.000153177918,550.0,optimal_shannon,throughput
33.0,ns_9,relay,BS_3,ns_6,1,910.378708600342,550.0,optimal_shannon,throughput
33.0,ns_15,relay,BS_2,ns_13,1,1469.8135495589472,550.0,optimal_shannon,throughput
33.0,ns_4,relay,BS_3,ns_5,1,1375.9406901372315,550.0,optimal_shannon,throughput
33.0,ns_8,relay,BS_3,se_9,1,764.7524470821438,440.00000000000006,optimal_shannon,throughput
33.0,ew_2,relay,BS_2,ew_1,1,1678.4794986956483,550.0,optimal_shannon,throughput
33.0,we_15,relay,BS_2,ew_17,1,1427.3477421471812,550.0,optimal_shannon,throughput
33.0,wn_1,relay,BS_2,sn_9,1,1434.9878009933195,550.0,optimal_shannon,throughput
33.0,we_4,relay,BS_3,we_7,1,1367.304318940108,550.0,optimal_shannon,throughput
33.0,ew_14,relay,BS_2,we_17,1,1478.503259893218,550.0,optimal_shannon,throughput
33.0,sn_12,relay,BS_2,sn_14,1,1606.7266751932796,550.0,optimal_shannon,throughput
33.0,we_13,relay,BS_2,ew_17,1,1512.05367329203,550.0,optimal_shannon,throughput
33.0,sn_9,direct,BS_1,-1,1,1040.19002800852,550.0,optimal_shannon,throughput
33.0,se_5,relay,BS_2,ew_17,1,1223.4040226048812,550.0,optimal_shannon,throughput
33.0,wn_6,relay,BS_2,se_7,1,1378.1861643696664,550.0,optimal_shannon,throughput
33.0,se_0,relay,BS_1,se_1,1,1038.5302987046537,550.0,optimal_shannon,throughput
33.0,wn_0,relay,BS_2,sn_9,1,1407.749426445563,550.0,optimal_shannon,throughput
33.0,ew_19,relay,BS_2,ew_17,1,1412.732035282096,550.0,optimal_shannon,throughput
33.0,we_12,relay,BS_2,ew_17,1,1511.0571229358122,550.0,optimal_shannon,throughput
33.0,we_6,relay,BS_3,we_7,1,1367.304318940108,550.0,optimal_shannon,throughput
33.0,we_19,relay,BS_2,we_17,1,1433.6590936858413,550.0,optimal_shannon,throughput
33.0,ns_1,relay,BS_3,ns_6,1,900.1001315151121,550.0,optimal_shannon,throughput
33.0,we_2,relay,BS_3,we_3,1,1516.2445123146426,550.0,optimal_shannon,throughput
34.0,we_16,none,-1,-1,0,0.0,0.0,optimal_shannon,throughput
34.0,se_7,relay,BS_2,se_6,1,1540.3926139235182,550.0,optimal_shannon,throughput
34.0,sn_5,relay,BS_1,sn_7,1,1359.332319078735,550.0,optimal_shannon,throughput
34.0,ew_6,none,-1,-1,0,0.0,0.0,optimal_shannon,throughput
34.0,ew_9,relay,BS_2,ew_6,1,936.9100121423376,550.0,optimal_shannon,throughput
34.0,se_9,relay,BS_2,we_16,1,1038.782588156695,550.0,optimal_shannon,throughput
34.0,sn_19,relay,BS_2,we_16,1,1463.8873211414657,550.0,optimal_shannon,throughput
34.0,we_8,relay,BS_1,se_2,1,1179.8973078912632,550.0,optimal_shannon,throughput
34.0,we_14,none,-1,-1,0,0.0,0.0,optimal_shannon,throughput
34.0,ew_11,relay,BS_2,ew_14,1,922.980065240602,550.0,optimal_shannon,throughput
34.0,sn_16,none,-1,-1,0,0.0,0.0,optimal_shannon,throughput
34.0,ns_17,relay,BS_2,we_16,1,1500.095082161221,550.0,optimal_shannon,throughput
34.0,sn_17,relay,BS_2,sn_16,1,1553.3482879903902,550.0,optimal_shannon,throughput
34.0,se_4,relay,BS_2,we_14,1,1160.6359097282443,550.0,optimal_shannon,throughput
34.0,we_10,relay,BS_1,se_2,1,1210.119199483095,550.0,optimal_shannon,throughput
34.0,wn_3,relay,BS_2,wn_5,1,1520.69045099986,550.0,optimal_shannon,throughput
34.0,ns_6,relay,BS_3,ns_7,1,1366.9721515927156,550.0,optimal_shannon,throughput
34.0,se_2,direct,BS_1,-1,1,1337.409509456574,550.0,optimal_shannon,throughput
34.0,ew_0,relay,BS_2,ew_6,1,935.2515743584628,550.0,optimal_shannon,throughput
34.0,ew_3,relay,BS_2,ew_6,1,888.4970134614422,550.0,optimal_shannon,throughput
34.0,ew_4,relay,BS_2,ew_6,1,1558.2273645756509,550.0,optimal_shannon,throughput
34.0,ew_13,relay,BS_2,ew_14,1,1515.2174175525738,550.0,optimal_shannon,throughput
34.0,sn_18,relay,BS_2,sn_16,1,1479.1676220330469,550.0,optimal_shannon,throughput
34.0,ew_17,relay,BS_2,se_7,1,1539.0871240721242,550.0,optimal_shannon,throughput
34.0,wn_8,relay,BS_2,sn_16,1,1553.3482879903902,550.0,optimal_shannon,throughput
34.0,ew_8,relay,BS_2,ew_14,1,942.5489146240792,550.0,optimal_shannon,throughput
34.0,sn_14,relay,BS_2,wn_5,1,1490.1296125507984,550.0,optimal_shannon,throughput
34.0,ns_11,relay,BS_3,ns_13,1,764.7524470821438,440.00000000000006,optimal_shannon,throughput
34.0,we_5,direct,BS_3,-1,1,1371.9546678912122,550.0,optimal_shannon,throughput
34.0,sn_2,relay,BS_1,sn_0,1,1364.9791487456307,550.0,optimal_shannon,throughput
34.0,ns_3,relay,BS_3,ns_2,1,1363.3183146749634,550.0,optimal_shannon,throughput
34.0,sn_7,direct,BS_1,-1,1,1359.332319078735,550.0,optimal_shannon,throughput
34.0,ew_5,relay,BS_2,ew_6,1,1808.6983203984637,550.0,optimal_shannon,throughput
34.0,sn_1,relay,BS_1,sn_0,1,1364.9791487456307,550.0,optimal_shannon,throughput
34.0,wn_2,relay,BS_2,sn_10,1,1630.9764252020386,550.0,optimal_shannon,throughput
34.0,ns_14,relay,BS_3,ns_13,1,764.7524470821438,440.00000000000006,optimal_shannon,throughput
34.0,we_7,direct,BS_1,-1,1,1370.2938276856,550.0,optimal_shannon,throughput
34.0,we_1,relay,BS_3,we_2,1,1571.0467356844897,550.0,optimal_shannon,throughput
34.0,ns_5,relay,BS_3,ns_7,1,1366.9721515927156,550.0,optimal_shannon,throughput
34.0,we_0,relay,BS_1,we_1,1,1543.025042996535,550.0,optimal_shannon,throughput
34.0,ew_7,relay,BS_2,ew_6,1,1875.947391720133,550.0,optimal_shannon,throughput
34.0,ns_18,none,-1,-1,0,0.0,0.0,optimal_shannon,throughput
34.0,ns_0,relay,BS_3,ns_2,1,1363.3183146749634,550.0,optimal_shannon,throughput
34.0,we_18,relay,BS_2,we_16,1,1526.6281633372412,550.0,optimal_shannon,throughput
34.0,sn_13,relay,BS_2,wn_5,1,1587.7919797299824,550.0,optimal_shannon,throughput
34.0,se_3,relay,BS_2,we_14,1,1142.7036242312977,550.0,optimal_shannon,throughput
34.0,se_1,relay,BS_1,se_2,1,1337.409509456574,550.0,optimal_shannon,throughput
34.0,se_8,relay,BS_2,se_7,1,1522.683555519577,550.0,optimal_shannon,throughput
34.0,ew_10,none,-1,-1,0,0.0,0.0,optimal_shannon,throughput
34.0,ns_2,direct,BS_3,-1,1,1363.3183146749634,550.0,optimal_shannon,throughput
34.0,wn_7,relay,BS_2,sn_16,1,1431.6660338354186,550.0,optimal_shannon,throughput
34.0,ns_12,relay,BS_3,ns_13,1,764.7524470821438,440.00000000000006,optimal_shannon,throughput
34.0,ew_1,none,-1,-1,0,0.0,0.0,optimal_shannon,throughput
34.0,we_3,relay,BS_3,we_2,1,1571.0467356844897,550.0,optimal_shannon,throughput
34.0,ns_7,direct,BS_3,-1,1,1366.9721515927156,550.0,optimal_shannon,throughput
34.0,ns_10,relay,BS_3,ns_13,1,764.7524470821438,440.00000000000006,optimal_shannon,throughput
34.0,wn_5,none,-1,-1,0,0.0,0.0,optimal_shannon,throughput
34.0,ns_13,relay,BS_2,we_16,1,970.0844147710492,550.0,optimal_shannon,throughput
34.0,we_17,relay,BS_2,we_16,1,1526.6281633372412,550.0,optimal_shannon,throughput
34.0,sn_3,relay,BS_1,sn_0,1,1362.5742730206423,550.0,optimal_shannon,throughput
34.0,we_9,relay,BS_1,se_2,1,1202.8126638942354,550.0,optimal_shannon,throughput
34.0,ew_16,relay,BS_2,se_6,1,1540.3926139235182,550.0,optimal_shannon,throughput
34.0,wn_4,relay,BS_2,wn_5,1,1655.120482634885,550.0,optimal_shannon,throughput
34.0,sn_8,relay,BS_2,sn_10,1,2237.775551979355,550.0,optimal_shannon,throughput
34.0,sn_11,relay,BS_2,sn_10,1,1990.0752236192332,550.0,optimal_shannon,throughput
34.0,ns_19,relay,BS_2,sn_16,1,1500.759447564699,550.0,optimal_shannon,throughput
34.0,ew_12,relay,BS_2,ew_14,1,1515.2174175525738,550.0,optimal_shannon,throughput
34.0,se_6,relay,BS_2,se_7,1,1539.0871240721242,550.0,optimal_shannon,throughput
34.0,ew_15,relay,BS_2,ew_14,1,1515.2174175525738,550.0,optimal_shannon,throughput
34.0,sn_10,direct,BS_2,-1,1,2237.775551979355,550.0,optimal_shannon,throughput
34.0,wn_9,relay,BS_2,ew_14,1,1457.5759106549567,550.0,optimal_shannon,throughput
34.0,sn_15,relay,BS_2,wn_5,1,1387.4869234909725,550.0,optimal_shannon,throughput
34.0,ew_18,relay,BS_2,se_6,1,1540.3926139235182,550.0,optimal_shannon,throughput
34.0,we_11,relay,BS_1,se_2,1,1205.8016907207273,550.0,optimal_shannon,throughput
34.0,sn_4,relay,BS_1,sn_7,1,1359.332319078735,550.0,optimal_shannon,throughput
34.0,ns_16,relay,BS_2,we_16,1,1526.6281633372412,550.0,optimal_shannon,throughput
34.0,sn_6,relay,BS_1,sn_7,1,1359.332319078735,550.0,optimal_shannon,throughput
34.0,sn_0,direct,BS_1,-1,1,1364.9791487456307,550.0,optimal_shannon,throughput
34.0,ns_9,relay,BS_3,ns_13,1,764.7524470821438,440.00000000000006,optimal_shannon,throughput
34.0,ns_15,relay,BS_3,ns_13,1,764.7524470821438,440.00000000000006,optimal_shannon,throughput
34.0,ns_4,relay,BS_3,ns_7,1,1366.9721515927156,550.0,optimal_shannon,throughput
34.0,ns_8,direct,BS_3,-1,1,1034.2150697903294,550.0,optimal_shannon,throughput
34.0,ew_2,none,-1,-1,0,0.0,0.0,optimal_shannon,throughput
34.0,we_15,relay,BS_2,we_14,1,1544.0207497956835,550.0,optimal_shannon,throughput
34.0,wn_1,relay,BS_2,sn_10,1,1540.953712524463,550.0,optimal_shannon,throughput
34.0,we_4,direct,BS_3,-1,1,1349.6995336678383,550.0,optimal_shannon,throughput
34.0,ew_14,relay,BS_3,we_19,1,726.768242509686,440.00000000000006,optimal_shannon,throughput
34.0,sn_12,relay,BS_2,wn_5,1,1647.9180617055133,550.0,optimal_shannon,throughput
34.0,we_13,relay,BS_2,we_14,1,1544.0207497956835,550.0,optimal_shannon,throughput
34.0,sn_9,relay,BS_2,sn_10,1,2237.775551979355,550.0,optimal_shannon,throughput
34.0,se_5,relay,BS_2,we_14,1,1217.7579403502332,550.0,optimal_shannon,throughput
34.0,wn_6,relay,BS_2,sn_16,1,1310.0928172438582,550.0,optimal_shannon,throughput
34.0,se_0,relay,BS_1,se_2,1,1337.409509456574,550.0,optimal_shannon,throughput
34.0,wn_0,relay,BS_2,sn_10,1,1533.6456429526067,550.0,optimal_shannon,throughput
34.0,ew_19,relay,BS_2,se_6,1,1493.119251141302,550.0,optimal_shannon,throughput
34.0,we_12,relay,BS_2,we_14,1,1544.0207497956835,550.0,optimal_shannon,throughput
34.0,we_6,direct,BS_1,-1,1,1340.3989660418624,550.0,optimal_shannon,throughput
34.0,we_19,relay,BS_2,we_16,1,1402.434654668149,550.0,optimal_shannon,throughput
34.0,ns_1,relay,BS_3,ns_2,1,1363.3183146749634,550.0,optimal_shannon,throughput
34.0,we_2,relay,BS_1,we_3,1,1590.588751361497,550.0,optimal_shannon,throughput
35.0,we_16,relay,BS_2,we_19,1,1463.5551413681574,550.0,optimal_shannon,throughput
35.0,se_7,none,-1,-1,0,0.0,0.0,optimal_shannon,throughput
35.0,sn_5,relay,BS_2,sn_6,1,1812.6846199914792,550.0,optimal_shannon,throughput
35.0,ew_6,none,-1,-1,0,0.0,0.0,optimal_shannon,throughput
35.0,ew_9,none,-1,-1,0,0.0,0.0,optimal_shannon,throughput
35.0,se_9,relay,BS_2,we_19,1,1179.5652084169544,550.0,optimal_shannon,throughput
35.0,sn_19,relay,BS_2,wn_8,1,1356.595285437261,550.0,optimal_shannon,throughput
35.0,we_8,relay,BS_1,we_11,1,1322.4623165413066,550.0,optimal_shannon,throughput
35.0,we_14,relay,BS_2,we_12,1,1546.1449845698787,550.0,optimal_shannon,throughput
35.0,ew_11,none,-1,-1,0,0.0,0.0,optimal_shannon,throughput
35.0,sn_16,relay,BS_2,wn_8,1,1583.047457526183,550.0,optimal_shannon,throughput
35.0,ns_17,relay,BS_2,we_19,1,1243.3317267966493,550.0,optimal_shannon,throughput
35.0,sn_17,relay,BS_2,wn_8,1,1583.047457526183,550.0,optimal_shannon,throughput
35.0,se_4,relay,BS_2,we_12,1,1198.1630962018216,550.0,optimal_shannon,throughput
35.0,we_10,relay,BS_1,we_11,1,1322.4623165413066,550.0,optimal_shannon,throughput
35.0,wn_3,relay,BS_2,wn_4,1,1671.672227123494,550.0,optimal_shannon,throughput
35.0,ns_6,none,-1,-1,0,0.0,0.0,optimal_shannon,throughput
35.0,se_2,relay,BS_1,we_11,1,1242.6674615755912,550.0,optimal_shannon,throughput
35.0,ew_0,relay,BS_2,ew_6,1,947.5246838337688,550.0,optimal_shannon,throughput
35.0,ew_3,relay,BS_2,ew_6,1,858.338585259962,550.0,optimal_shannon,throughput
35.0,ew_4,relay,BS_2,ew_6,1,1499.7628994944455,550.0,optimal_shannon,throughput
35.0,ew_13,none,-1,-1,0,0.0,0.0,optimal_shannon,throughput
35.0,sn_18,relay,BS_2,wn_8,1,1494.1157977808627,550.0,optimal_shannon,throughput
35.0,ew_17,relay,BS_2,we_19,1,1382.8365387770011,550.0,optimal_shannon,throughput
35.0,wn_8,none,-1,-1,0,0.0,0.0,optimal_shannon,throughput
35.0,ew_8,none,-1,-1,0,0.0,0.0,optimal_shannon,throughput
35.0,sn_14,relay,BS_2,wn_4,1,1485.1468860868,550.0,optimal_shannon,throughput
35.0,ns_11,relay,BS_3,ns_8,1,1308.1795943811044,550.0,optimal_shannon,throughput
35.0,we_5,relay,BS_3,we_7,1,1395.9705977289295,550.0,optimal_shannon,throughput
35.0,sn_2,direct,BS_2,-1,1,2321.952163489988,550.0,optimal_shannon,throughput
35.0,ns_3,direct,BS_3,-1,1,1341.727615254769,550.0,optimal_shannon,throughput
35.0,sn_7,relay,BS_2,sn_6,1,1971.804638995824,550.0,optimal_shannon,throughput
35.0,ew_5,relay,BS_2,ew_6,1,1741.9278706425844,550.0,optimal_shannon,throughput
35.0,sn_1,direct,BS_2,-1,1,2336.2733093995553,550.0,optimal_shannon,throughput
35.0,wn_2,relay,BS_2,sn_9,1,1821.653795466851,550.0,optimal_shannon,throughput
35.0,ns_14,relay,BS_3,ns_16,1,741.9549873276213,440.00000000000006,optimal_shannon,throughput
35.0,we_7,direct,BS_1,-1,1,1384.639444430897,550.0,optimal_shannon,throughput
35.0,we_1,direct,BS_1,-1,1,1618.5151370832966,550.0,optimal_shannon,throughput
35.0,ns_5,direct,BS_3,-1,1,1346.710059682595,550.0,optimal_shannon,throughput
35.0,we_0,direct,BS_1,-1,1,1586.2170530623036,550.0,optimal_shannon,throughput
35.0,ew_7,relay,BS_2,ew_6,1,1806.4403871904208,550.0,optimal_shannon,throughput
35.0,ns_18,relay,BS_2,we_19,1,1300.128207379923,550.0,optimal_shannon,throughput
35.0,ns_0,direct,BS_3,-1,1,1342.3919402813517,550.0,optimal_shannon,throughput
35.0,we_18,relay,BS_2,we_19,1,1531.3854953594914,550.0,optimal_shannon,throughput
35.0,sn_13,relay,BS_2,wn_4,1,1547.5974195289732,550.0,optimal_shannon,throughput
35.0,se_3,relay,BS_2,we_12,1,1176.5763228873475,550.0,optimal_shannon,throughput
35.0,se_1,relay,BS_1,we_11,1,1221.0791595463654,550.0,optimal_shannon,throughput
35.0,se_8,none,-1,-1,0,0.0,0.0,optimal_shannon,throughput
35.0,ew_10,none,-1,-1,0,0.0,0.0,optimal_shannon,throughput
35.0,ns_2,direct,BS_3,-1,1,1353.353342471658,550.0,optimal_shannon,throughput
35.0,wn_7,relay,BS_2,wn_8,1,1560.5526672243836,550.0,optimal_shannon,throughput
35.0,ns_12,relay,BS_3,ns_10,1,924.9699252182646,550.0,optimal_shannon,throughput
35.0,ew_1,none,-1,-1,0,0.0,0.0,optimal_shannon,throughput
35.0,we_3,direct,BS_3,-1,1,1667.602061456481,550.0,optimal_shannon,throughput
35.0,ns_7,direct,BS_3,-1,1,1349.6995336678383,550.0,optimal_shannon,throughput
35.0,ns_10,relay,BS_3,ns_8,1,1308.1795943811044,550.0,optimal_shannon,throughput
35.0,wn_5,relay,BS_2,wn_4,1,1671.672227123494,550.0,optimal_shannon,throughput
35.0,ns_13,relay,BS_3,ns_8,1,932.5981347964744,550.0,optimal_shannon,throughput
35.0,we_17,relay,BS_2,we_19,1,1531.3854953594914,550.0,optimal_shannon,throughput
35.0,sn_3,direct,BS_1,-1,1,1330.4341336618409,550.0,optimal_shannon,throughput
35.0,we_9,relay,BS_1,we_11,1,1322.4623165413066,550.0,optimal_shannon,throughput
35.0,ew_16,relay,BS_2,we_19,1,1339.987096536703,550.0,optimal_shannon,throughput
35.0,wn_4,relay,BS_1,wn_3,1,755.8293857547917,440.00000000000006,optimal_shannon,throughput
35.0,sn_8,relay,BS_2,sn_9,1,1971.804638995824,550.0,optimal_shannon,throughput
35.0,sn_11,relay,BS_2,sn_9,1,2286.4633485310655,550.0,optimal_shannon,throughput
35.0,ns_19,relay,BS_2,we_19,1,1367.2246102936597,550.0,optimal_shannon,throughput
35.0,ew_12,none,-1,-1,0,0.0,0.0,optimal_shannon,throughput
35.0,se_6,none,-1,-1,0,0.0,0.0,optimal_shannon,throughput
35.0,ew_15,none,-1,-1,0,0.0,0.0,optimal_shannon,throughput
35.0,sn_10,relay,BS_2,sn_9,1,2286.4633485310655,550.0,optimal_shannon,throughput
35.0,wn_9,none,-1,-1,0,0.0,0.0,optimal_shannon,throughput
35.0,sn_15,relay,BS_2,wn_4,1,1400.4416182581565,550.0,optimal_shannon,throughput
35.0,ew_18,relay,BS_2,we_19,1,1446.281836235957,550.0,optimal_shannon,throughput
35.0,we_11,direct,BS_1,-1,1,1322.4623165413066,550.0,optimal_shannon,throughput
35.0,sn_4,relay,BS_2,sn_6,1,1559.8882949617923,550.0,optimal_shannon,throughput
35.0,ns_16,relay,BS_2,we_19,1,1205.137461271025,550.0,optimal_shannon,throughput
35.0,sn_6,direct,BS_2,-1,1,2337.152172767702,550.0,optimal_shannon,throughput
35.0,sn_0,direct,BS_1,-1,1,1352.6890130118936,550.0,optimal_shannon,throughput
35.0,ns_9,relay,BS_3,ns_8,1,1308.1795943811044,550.0,optimal_shannon,throughput
35.0,ns_15,relay,BS_3,ns_16,1,741.9549873276213,440.00000000000006,optimal_shannon,throughput
35.0,ns_4,relay,BS_3,ns_10,1,909.3839477647988,550.0,optimal_shannon,throughput
35.0,ns_8,relay,BS_3,ns_10,1,1303.8615934915035,550.0,optimal_shannon,throughput
35.0,ew_2,none,-1,-1,0,0.0,0.0,optimal_shannon,throughput
35.0,we_15,relay,BS_2,we_12,1,1546.1449845698787,550.0,optimal_shannon,throughput
35.0,wn_1,relay,BS_2,sn_9,1,1743.5888252681546,550.0,optimal_shannon,throughput
35.0,we_4,relay,BS_3,we_7,1,1392.137318184675,550.0,optimal_shannon,throughput
35.0,ew_14,none,-1,-1,0,0.0,0.0,optimal_shannon,throughput
35.0,sn_12,relay,BS_2,wn_4,1,1580.1516754099644,550.0,optimal_shannon,throughput
35.0,we_13,relay,BS_2,we_12,1,1546.1449845698787,550.0,optimal_shannon,throughput
35.0,sn_9,relay,BS_1,sn_10,1,1369.297324249453,550.0,optimal_shannon,throughput
35.0,se_5,relay,BS_2,we_12,1,1253.960043852299,550.0,optimal_shannon,throughput
35.0,wn_6,relay,BS_2,wn_8,1,1404.7598659001148,550.0,optimal_shannon,throughput
35.0,se_0,relay,BS_1,we_11,1,1224.4003948756383,550.0,optimal_shannon,throughput
35.0,wn_0,relay,BS_2,sn_9,1,1771.492878171311,550.0,optimal_shannon,throughput
35.0,ew_19,relay,BS_2,we_19,1,1508.7318395303444,550.0,optimal_shannon,throughput
35.0,we_12,none,-1,-1,0,0.0,0.0,optimal_shannon,throughput
35.0,we_6,relay,BS_3,we_7,1,1395.9705977289295,550.0,optimal_shannon,throughput
35.0,we_19,none,-1,-1,0,0.0,0.0,optimal_shannon,throughput
35.0,ns_1,none,-1,-1,0,0.0,0.0,optimal_shannon,throughput
35.0,we_2,relay,BS_1,we_3,1,1635.2948793506846,550.0,optimal_shannon,throughput
36.0,we_16,relay,BS_2,we_17,1,1539.641785904485,550.0,optimal_shannon,throughput
36.0,se_7,relay,BS_2,we_17,1,1240.3425376943314,550.0,optimal_shannon,throughput
36.0,sn_5,direct,BS_2,-1,1,2343.096012862632,550.0,optimal_shannon,throughput
36.0,ew_6,none,-1,-1,0,0.0,0.0,optimal_shannon,throughput
36.0,ew_9,relay,BS_2,ew_10,1,1887.2739169912409,550.0,optimal_shannon,throughput
36.0,se_9,none,-1,-1,0,0.0,0.0,optimal_shannon,throughput
36.0,sn_19,relay,BS_2,sn_17,1,1499.4307168510506,550.0,optimal_shannon,throughput
36.0,we_8,relay,BS_3,we_11,1,1357.0071590805744,550.0,optimal_shannon,throughput
36.0,we_14,relay,BS_2,se_5,1,1283.8528612546247,550.0,optimal_shannon,throughput
36.0,ew_11,relay,BS_2,ew_10,1,1887.2739169912409,550.0,optimal_shannon,throughput
36.0,sn_16,relay,BS_2,sn_17,1,1610.8413923991095,550.0,optimal_shannon,throughput
36.0,ns_17,relay,BS_2,se_9,1,1078.951731958124,550.0,optimal_shannon,throughput
36.0,sn_17,none,-1,-1,0,0.0,0.0,optimal_shannon,throughput
36.0,se_4,relay,BS_2,se_5,1,1549.62982704871,550.0,optimal_shannon,throughput
36.0,we_10,relay,BS_3,we_11,1,1357.0071590805744,550.0,optimal_shannon,throughput
36.0,wn_3,relay,BS_2,sn_13,1,1651.2399538526097,550.0,optimal_shannon,throughput
36.0,ns_6,relay,BS_3,ns_7,1,1363.9826481236064,550.0,optimal_shannon,throughput
36.0,se_2,relay,BS_3,we_11,1,1292.1565796743994,550.0,optimal_shannon,throughput
36.0,ew_0,none,-1,-1,0,0.0,0.0,optimal_shannon,throughput
36.0,ew_3,none,-1,-1,0,0.0,0.0,optimal_shannon,throughput
36.0,ew_4,none,-1,-1,0,0.0,0.0,optimal_shannon,throughput
36.0,ew_13,none,-1,-1,0,0.0,0.0,optimal_shannon,throughput
36.0,sn_18,relay,BS_2,sn_17,1,1610.8413923991095,550.0,optimal_shannon,throughput
36.0,ew_17,relay,BS_2,se_9,1,1152.9979916439825,550.0,optimal_shannon,throughput
36.0,wn_8,relay,BS_2,sn_17,1,1610.8413923991095,550.0,optimal_shannon,throughput
36.0,ew_8,relay,BS_2,ew_10,1,1641.9386579638824,550.0,optimal_shannon,throughput
36.0,sn_14,relay,BS_2,sn_13,1,1699.3948344709818,550.0,optimal_shannon,throughput
36.0,ns_11,relay,BS_3,ns_8,1,1313.4940774352006,550.0,optimal_shannon,throughput
36.0,we_5,relay,BS_3,we_7,1,1499.5214647001806,550.0,optimal_shannon,throughput
36.0,sn_2,direct,BS_1,-1,1,1333.0914158336964,550.0,optimal_shannon,throughput
36.0,ns_3,direct,BS_3,-1,1,1330.4341336618409,550.0,optimal_shannon,throughput
36.0,sn_7,direct,BS_2,-1,1,2338.208226585322,550.0,optimal_shannon,throughput
36.0,ew_5,relay,BS_2,ew_10,1,915.3526984168464,550.0,optimal_shannon,throughput
36.0,sn_1,direct,BS_1,-1,1,1329.437654090137,550.0,optimal_shannon,throughput
36.0,wn_2,direct,BS_1,-1,1,1372.9511726960225,550.0,optimal_shannon,throughput
36.0,ns_14,relay,BS_3,ns_11,1,934.5882074042872,550.0,optimal_shannon,throughput
36.0,we_7,relay,BS_1,we_6,1,1466.9147872250192,550.0,optimal_shannon,throughput
36.0,we_1,direct,BS_1,-1,1,1671.3772772452264,550.0,optimal_shannon,throughput
36.0,ns_5,relay,BS_3,ns_7,1,1363.9826481236064,550.0,optimal_shannon,throughput
36.0,we_0,direct,BS_3,-1,1,1676.566724662991,550.0,optimal_shannon,throughput
36.0,ew_7,none,-1,-1,0,0.0,0.0,optimal_shannon,throughput
36.0,ns_18,relay,BS_2,se_9,1,1124.1080377681706,550.0,optimal_shannon,throughput
36.0,ns_0,relay,BS_3,ns_7,1,901.4263211810032,550.0,optimal_shannon,throughput
36.0,we_18,relay,BS_2,we_17,1,1539.641785904485,550.0,optimal_shannon,throughput
36.0,sn_13,none,-1,-1,0,0.0,0.0,optimal_shannon,throughput
36.0,se_3,relay,BS_2,se_5,1,1549.62982704871,550.0,optimal_shannon,throughput
36.0,se_1,relay,BS_3,we_11,1,1278.5385154849118,550.0,optimal_shannon,throughput
36.0,se_8,relay,BS_2,we_17,1,1333.3438694105246,550.0,optimal_shannon,throughput
36.0,ew_10,none,-1,-1,0,0.0,0.0,optimal_shannon,throughput
36.0,ns_2,none,-1,-1,0,0.0,0.0,optimal_shannon,throughput
36.0,wn_7,relay,BS_2,sn_17,1,1544.2755651679956,550.0,optimal_shannon,throughput
36.0,ns_12,relay,BS_3,ns_11,1,912.0366710384916,550.0,optimal_shannon,throughput
36.0,ew_1,none,-1,-1,0,0.0,0.0,optimal_shannon,throughput
36.0,we_3,direct,BS_3,-1,1,1724.772721243986,550.0,optimal_shannon,throughput
36.0,ns_7,direct,BS_3,-1,1,1363.9826481236064,550.0,optimal_shannon,throughput
36.0,ns_10,relay,BS_3,ns_11,1,1359.332319078735,550.0,optimal_shannon,throughput
36.0,wn_5,relay,BS_2,sn_13,1,1699.3948344709818,550.0,optimal_shannon,throughput
36.0,ns_13,relay,BS_3,ns_8,1,900.7632233816925,550.0,optimal_shannon,throughput
36.0,we_17,none,-1,-1,0,0.0,0.0,optimal_shannon,throughput
36.0,sn_3,direct,BS_1,-1,1,1339.4024798725054,550.0,optimal_shannon,throughput
36.0,we_9,relay,BS_3,we_11,1,1357.0071590805744,550.0,optimal_shannon,throughput
36.0,ew_16,relay,BS_2,se_9,1,1143.367769114686,550.0,optimal_shannon,throughput
36.0,wn_4,relay,BS_2,sn_13,1,1699.3948344709818,550.0,optimal_shannon,throughput
36.0,sn_8,relay,BS_2,wn_2,1,1866.8318902134436,550.0,optimal_shannon,throughput
36.0,sn_11,relay,BS_2,wn_2,1,1743.921016206251,550.0,optimal_shannon,throughput
36.0,ns_19,relay,BS_2,se_9,1,1152.9979916439825,550.0,optimal_shannon,throughput
36.0,ew_12,relay,BS_2,ew_10,1,923.9749895453648,550.0,optimal_shannon,throughput
36.0,se_6,relay,BS_2,we_17,1,1188.5319681263504,550.0,optimal_shannon,throughput
36.0,ew_15,none,-1,-1,0,0.0,0.0,optimal_shannon,throughput
36.0,sn_10,relay,BS_2,wn_2,1,1743.5888252681546,550.0,optimal_shannon,throughput
36.0,wn_9,relay,BS_2,se_9,1,1503.4169101031432,550.0,optimal_shannon,throughput
36.0,sn_15,relay,BS_2,sn_13,1,1699.3948344709818,550.0,optimal_shannon,throughput
36.0,ew_18,relay,BS_2,se_9,1,1182.8862127583004,550.0,optimal_shannon,throughput
36.0,we_11,direct,BS_3,-1,1,1357.0071590805744,550.0,optimal_shannon,throughput
36.0,sn_4,direct,BS_1,-1,1,1343.0562655863066,550.0,optimal_shannon,throughput
36.0,ns_16,relay,BS_2,se_9,1,1068.659785549574,550.0,optimal_shannon,throughput
36.0,sn_6,direct,BS_1,-1,1,1358.0036558481945,550.0,optimal_shannon,throughput
36.0,sn_0,direct,BS_2,-1,1,2313.4414365012954,550.0,optimal_shannon,throughput
36.0,ns_9,relay,BS_3,ns_11,1,1359.332319078735,550.0,optimal_shannon,throughput
36.0,ns_15,relay,BS_3,ns_8,1,925.3015729553204,550.0,optimal_shannon,throughput
36.0,ns_4,relay,BS_3,ns_7,1,1363.9826481236064,550.0,optimal_shannon,throughput
36.0,ns_8,relay,BS_3,ns_11,1,1359.332319078735,550.0,optimal_shannon,throughput
36.0,ew_2,none,-1,-1,0,0.0,0.0,optimal_shannon,throughput
36.0,we_15,relay,BS_2,se_5,1,1262.9277891119684,550.0,optimal_shannon,throughput
36.0,wn_1,relay,BS_2,wn_2,1,2258.4868892342815,550.0,optimal_shannon,throughput
36.0,we_4,relay,BS_1,we_6,1,1424.3581594058885,550.0,optimal_shannon,throughput
36.0,ew_14,none,-1,-1,0,0.0,0.0,optimal_shannon,throughput
36.0,sn_12,relay,BS_2,sn_13,1,1699.3948344709818,550.0,optimal_shannon,throughput
36.0,we_13,relay,BS_2,se_5,1,1283.8528612546247,550.0,optimal_shannon,throughput
36.0,sn_9,relay,BS_2,wn_2,1,1816.338728290064,550.0,optimal_shannon,throughput
36.0,se_5,direct,BS_1,-1,1,755.498957416204,440.00000000000006,optimal_shannon,throughput
36.0,wn_6,relay,BS_2,sn_17,1,1422.0329305896976,550.0,optimal_shannon,throughput
36.0,se_0,relay,BS_3,we_11,1,1294.813782753332,550.0,optimal_shannon,throughput
36.0,wn_0,relay,BS_2,wn_2,1,2258.4868892342815,550.0,optimal_shannon,throughput
36.0,ew_19,relay,BS_2,se_9,1,1224.4003948756383,550.0,optimal_shannon,throughput
36.0,we_12,relay,BS_2,se_5,1,1262.9277891119684,550.0,optimal_shannon,throughput
36.0,we_6,relay,BS_3,we_7,1,1499.5214647001806,550.0,optimal_shannon,throughput
36.0,we_19,relay,BS_2,we_17,1,1539.641785904485,550.0,optimal_shannon,throughput
36.0,ns_1,none,-1,-1,0,0.0,0.0,optimal_shannon,throughput
36.0,we_2,direct,BS_1,-1,1,1711.066986477701,550.0,optimal_shannon,throughput
37.0,we_16,none,-1,-1,0,0.0,0.0,optimal_shannon,throughput
37.0,se_7,relay,BS_2,we_16,1,1276.877788071845,550.0,optimal_shannon,throughput
37.0,sn_5,direct,BS_2,-1,1,2329.3787579759105,550.0,optimal_shannon,throughput
37.0,ew_6,none,-1,-1,0,0.0,0.0,optimal_shannon,throughput
37.0,ew_9,relay,BS_2,ew_10,1,1826.3044797747536,550.0,optimal_shannon,throughput
37.0,se_9,relay,BS_2,we_16,1,1020.194609508044,550.0,optimal_shannon,throughput
37.0,sn_19,relay,BS_2,sn_16,1,1490.461794517193,550.0,optimal_shannon,throughput
37.0,we_8,relay,BS_1,we_10,1,1353.0211777094507,550.0,optimal_shannon,throughput
37.0,we_14,relay,BS_2,we_15,1,1546.7566995781967,550.0,optimal_shannon,throughput
37.0,ew_11,relay,BS_2,ew_10,1,1870.76339683426,550.0,optimal_shannon,throughput
37.0,sn_16,none,-1,-1,0,0.0,0.0,optimal_shannon,throughput
37.0,ns_17,relay,BS_3,ns_14,1,931.2714434874636,550.0,optimal_shannon,throughput
37.0,sn_17,relay,BS_2,sn_16,1,1644.345657638841,550.0,optimal_shannon,throughput
37.0,se_4,relay,BS_2,we_15,1,1270.8991922981795,550.0,optimal_shannon,throughput
37.0,we_10,relay,BS_1,se_0,1,1346.6303519728465,550.0,optimal_shannon,throughput
37.0,wn_3,relay,BS_2,sn_14,1,1830.622972773473,550.0,optimal_shannon,throughput
37.0,ns_6,direct,BS_3,-1,1,1362.6539814671096,550.0,optimal_shannon,throughput
37.0,se_2,relay,BS_1,se_0,1,1371.9546678912122,550.0,optimal_shannon,throughput
37.0,ew_0,none,-1,-1,0,0.0,0.0,optimal_shannon,throughput
37.0,ew_3,none,-1,-1,0,0.0,0.0,optimal_shannon,throughput
37.0,ew_4,relay,BS_2,ew_10,1,942.5489146240792,550.0,optimal_shannon,throughput
37.0,ew_13,relay,BS_2,ew_10,1,919.9953613232226,550.0,optimal_shannon,throughput
37.0,sn_18,relay,BS_2,sn_16,1,1644.345657638841,550.0,optimal_shannon,throughput
37.0,ew_17,none,-1,-1,0,0.0,0.0,optimal_shannon,throughput
37.0,wn_8,relay,BS_2,sn_16,1,1623.3360871756308,550.0,optimal_shannon,throughput
37.0,ew_8,relay,BS_2,ew_10,1,1567.5285796331734,550.0,optimal_shannon,throughput
37.0,sn_14,direct,BS_2,-1,1,2270.0829729005363,550.0,optimal_shannon,throughput
37.0,ns_11,relay,BS_3,ns_9,1,1361.989648501154,550.0,optimal_shannon,throughput
37.0,we_5,relay,BS_1,we_6,1,1555.603714402398,550.0,optimal_shannon,throughput
37.0,sn_2,direct,BS_1,-1,1,1332.4270948419396,550.0,optimal_shannon,throughput
37.0,ns_3,none,-1,-1,0,0.0,0.0,optimal_shannon,throughput
37.0,sn_7,direct,BS_1,-1,1,1354.349837144696,550.0,optimal_shannon,throughput
37.0,ew_5,none,-1,-1,0,0.0,0.0,optimal_shannon,throughput
37.0,sn_1,direct,BS_1,-1,1,1328.773334756027,550.0,optimal_shannon,throughput
37.0,wn_2,relay,BS_2,wn_1,1,2305.94374262752,550.0,optimal_shannon,throughput
37.0,ns_14,relay,BS_3,ns_15,1,1038.5302987046537,550.0,optimal_shannon,throughput
37.0,we_7,relay,BS_1,we_6,1,1555.603714402398,550.0,optimal_shannon,throughput
37.0,we_1,direct,BS_1,-1,1,1730.8528036547664,550.0,optimal_shannon,throughput
37.0,ns_5,none,-1,-1,0,0.0,0.0,optimal_shannon,throughput
37.0,we_0,direct,BS_3,-1,1,1728.0164152091509,550.0,optimal_shannon,throughput
37.0,ew_7,none,-1,-1,0,0.0,0.0,optimal_shannon,throughput
37.0,ns_18,relay,BS_3,ns_14,1,924.3066335104012,550.0,optimal_shannon,throughput
37.0,ns_0,none,-1,-1,0,0.0,0.0,optimal_shannon,throughput
37.0,we_18,relay,BS_2,we_16,1,1543.4161835169284,550.0,optimal_shannon,throughput
37.0,sn_13,relay,BS_2,sn_14,1,2270.0829729005363,550.0,optimal_shannon,throughput
37.0,se_3,relay,BS_2,we_15,1,1261.9313685247987,550.0,optimal_shannon,throughput
37.0,se_1,relay,BS_1,se_0,1,1371.9546678912122,550.0,optimal_shannon,throughput
37.0,se_8,relay,BS_2,we_16,1,1377.189656941223,550.0,optimal_shannon,throughput
37.0,ew_10,none,-1,-1,0,0.0,0.0,optimal_shannon,throughput
37.0,ns_2,none,-1,-1,0,0.0,0.0,optimal_shannon,throughput
37.0,wn_7,relay,BS_2,sn_16,1,1644.345657638841,550.0,optimal_shannon,throughput
37.0,ns_12,relay,BS_3,ns_15,1,1038.5302987046537,550.0,optimal_shannon,throughput
37.0,ew_1,none,-1,-1,0,0.0,0.0,optimal_shannon,throughput
37.0,we_3,direct,BS_3,-1,1,1770.8050318147816,550.0,optimal_shannon,throughput
37.0,ns_7,direct,BS_3,-1,1,1358.3358215625049,550.0,optimal_shannon,throughput
37.0,ns_10,relay,BS_3,ns_9,1,1361.989648501154,550.0,optimal_shannon,throughput
37.0,wn_5,relay,BS_2,sn_14,1,1699.4074731553442,550.0,optimal_shannon,throughput
37.0,ns_13,relay,BS_3,ns_15,1,1038.5302987046537,550.0,optimal_shannon,throughput
37.0,we_17,relay,BS_2,we_16,1,1543.4161835169284,550.0,optimal_shannon,throughput
37.0,sn_3,direct,BS_1,-1,1,1318.144267991982,550.0,optimal_shannon,throughput
37.0,we_9,relay,BS_1,we_10,1,1353.0211777094507,550.0,optimal_shannon,throughput
37.0,ew_16,none,-1,-1,0,0.0,0.0,optimal_shannon,throughput
37.0,wn_4,relay,BS_2,sn_14,1,1821.32160374922,550.0,optimal_shannon,throughput
37.0,sn_8,relay,BS_2,wn_1,1,1828.962013879957,550.0,optimal_shannon,throughput
37.0,sn_11,relay,BS_2,wn_1,1,1522.683555519577,550.0,optimal_shannon,throughput
37.0,ns_19,relay,BS_3,ns_15,1,895.4586568726037,550.0,optimal_shannon,throughput
37.0,ew_12,none,-1,-1,0,0.0,0.0,optimal_shannon,throughput
37.0,se_6,relay,BS_2,we_16,1,1226.725269008437,550.0,optimal_shannon,throughput
37.0,ew_15,relay,BS_2,ew_10,1,941.5537904996178,550.0,optimal_shannon,throughput
37.0,sn_10,relay,BS_2,wn_1,1,1549.590532953633,550.0,optimal_shannon,throughput
37.0,wn_9,none,-1,-1,0,0.0,0.0,optimal_shannon,throughput
37.0,sn_15,relay,BS_2,sn_14,1,1963.1676362697176,550.0,optimal_shannon,throughput
37.0,ew_18,none,-1,-1,0,0.0,0.0,optimal_shannon,throughput
37.0,we_11,relay,BS_1,se_0,1,1371.9546678912122,550.0,optimal_shannon,throughput
37.0,sn_4,direct,BS_2,-1,1,2340.2600473266702,550.0,optimal_shannon,throughput
37.0,ns_16,relay,BS_3,ns_15,1,913.3630657022376,550.0,optimal_shannon,throughput
37.0,sn_6,direct,BS_1,-1,1,1367.6364863460574,550.0,optimal_shannon,throughput
37.0,sn_0,direct,BS_2,-1,1,2284.398866022355,550.0,optimal_shannon,throughput
37.0,ns_9,direct,BS_3,-1,1,1361.989648501154,550.0,optimal_shannon,throughput
37.0,ns_15,relay,BS_3,ns_14,1,1015.6275677759644,550.0,optimal_shannon,throughput
37.0,ns_4,direct,BS_3,-1,1,1357.0071590805744,550.0,optimal_shannon,throughput
37.0,ns_8,relay,BS_3,ns_9,1,1361.989648501154,550.0,optimal_shannon,throughput
37.0,ew_2,none,-1,-1,0,0.0,0.0,optimal_shannon,throughput
37.0,we_15,none,-1,-1,0,0.0,0.0,optimal_shannon,throughput
37.0,wn_1,none,-1,-1,0,0.0,0.0,optimal_shannon,throughput
37.0,we_4,relay,BS_1,we_5,1,1528.0401947927317,550.0,optimal_shannon,throughput
37.0,ew_14,none,-1,-1,0,0.0,0.0,optimal_shannon,throughput
37.0,sn_12,relay,BS_2,sn_14,1,2270.0829729005363,550.0,optimal_shannon,throughput
37.0,we_13,relay,BS_2,we_15,1,1546.7566995781967,550.0,optimal_shannon,throughput
37.0,sn_9,relay,BS_2,wn_1,1,1637.6202014580138,550.0,optimal_shannon,throughput
37.0,se_5,relay,BS_2,we_15,1,1320.389663049258,550.0,optimal_shannon,throughput
37.0,wn_6,relay,BS_2,sn_16,1,1627.3223498558243,550.0,optimal_shannon,throughput
37.0,se_0,relay,BS_1,we_10,1,1346.6303519728465,550.0,optimal_shannon,throughput
37.0,wn_0,relay,BS_2,wn_1,1,1918.6538639919895,550.0,optimal_shannon,throughput
37.0,ew_19,none,-1,-1,0,0.0,0.0,optimal_shannon,throughput
37.0,we_12,relay,BS_2,we_15,1,1546.7566995781967,550.0,optimal_shannon,throughput
37.0,we_6,relay,BS_1,we_5,1,1528.0401947927317,550.0,optimal_shannon,throughput
37.0,we_19,relay,BS_2,we_16,1,1543.4161835169284,550.0,optimal_shannon,throughput
37.0,ns_1,none,-1,-1,0,0.0,0.0,optimal_shannon,throughput
37.0,we_2,direct,BS_3,-1,1,1772.4343053574369,550.0,optimal_shannon,throughput
38.0,we_16,relay,BS_2,we_17,1,1545.9497869005395,550.0,optimal_shannon,throughput
38.0,se_7,relay,BS_2,we_17,1,1312.750060000644,550.0,optimal_shannon,throughput
38.0,sn_5,direct,BS_2,-1,1,2333.386479461184,550.0,optimal_shannon,throughput
38.0,ew_6,none,-1,-1,0,0.0,0.0,optimal_shannon,throughput
38.0,ew_9,relay,BS_2,ew_10,1,1756.5442749545796,550.0,optimal_shannon,throughput
38.0,se_9,relay,BS_2,we_17,1,1005.9230662020036,550.0,optimal_shannon,throughput
38.0,sn_19,relay,BS_2,sn_17,1,1383.6451006676675,550.0,optimal_shannon,throughput
38.0,we_8,relay,BS_3,we_11,1,1379.980999575902,550.0,optimal_shannon,throughput
38.0,we_14,relay,BS_1,se_5,1,1314.822701631356,550.0,optimal_shannon,throughput
38.0,ew_11,relay,BS_2,ew_10,1,1810.671796023441,550.0,optimal_shannon,throughput
38.0,sn_16,relay,BS_2,sn_17,1,1383.6451006676675,550.0,optimal_shannon,throughput
38.0,ns_17,relay,BS_3,ns_12,1,940.22697400381,550.0,optimal_shannon,throughput
38.0,sn_17,none,-1,-1,0,0.0,0.0,optimal_shannon,throughput
38.0,se_4,relay,BS_1,se_5,1,1314.822701631356,550.0,optimal_shannon,throughput
38.0,we_10,relay,BS_3,we_11,1,1379.980999575902,550.0,optimal_shannon,throughput
38.0,wn_3,relay,BS_2,sn_15,1,1656.2227936016604,550.0,optimal_shannon,throughput
38.0,ns_6,direct,BS_3,-1,1,1348.0387141184383,550.0,optimal_shannon,throughput
38.0,se_2,relay,BS_3,we_11,1,1379.980999575902,550.0,optimal_shannon,throughput
38.0,ew_0,none,-1,-1,0,0.0,0.0,optimal_shannon,throughput
38.0,ew_3,none,-1,-1,0,0.0,0.0,optimal_shannon,throughput
38.0,ew_4,relay,BS_2,ew_10,1,933.2614876016402,550.0,optimal_shannon,throughput
38.0,ew_13,none,-1,-1,0,0.0,0.0,optimal_shannon,throughput
38.0,sn_18,relay,BS_2,sn_17,1,1383.6451006676675,550.0,optimal_shannon,throughput
38.0,ew_17,none,-1,-1,0,0.0,0.0,optimal_shannon,throughput
38.0,wn_8,relay,BS_2,sn_17,1,1383.6451006676675,550.0,optimal_shannon,throughput
38.0,ew_8,relay,BS_2,ew_10,1,1508.067473040055,550.0,optimal_shannon,throughput
38.0,sn_14,relay,BS_2,sn_15,1,2133.582424440914,550.0,optimal_shannon,throughput
38.0,ns_11,direct,BS_3,-1,1,1363.6504813692566,550.0,optimal_shannon,throughput
38.0,we_5,relay,BS_1,we_6,1,1583.8057331365987,550.0,optimal_shannon,throughput
38.0,sn_2,direct,BS_1,-1,1,1314.4905454554623,550.0,optimal_shannon,throughput
38.0,ns_3,none,-1,-1,0,0.0,0.0,optimal_shannon,throughput
38.0,sn_7,direct,BS_2,-1,1,2308.045087957251,550.0,optimal_shannon,throughput
38.0,ew_5,none,-1,-1,0,0.0,0.0,optimal_shannon,throughput
38.0,sn_1,direct,BS_1,-1,1,1310.504677987032,550.0,optimal_shannon,throughput
38.0,wn_2,direct,BS_1,-1,1,1366.9721515927156,550.0,optimal_shannon,throughput
38.0,ns_14,relay,BS_3,ns_13,1,1324.787425225465,550.0,optimal_shannon,throughput
38.0,we_7,relay,BS_1,we_6,1,1613.3278548874905,550.0,optimal_shannon,throughput
38.0,we_1,direct,BS_3,-1,1,1809.4848505704556,550.0,optimal_shannon,throughput
38.0,ns_5,direct,BS_3,-1,1,1333.4235764410005,550.0,optimal_shannon,throughput
38.0,we_0,direct,BS_3,-1,1,1772.1851391005366,550.0,optimal_shannon,throughput
38.0,ew_7,none,-1,-1,0,0.0,0.0,optimal_shannon,throughput
38.0,ns_18,relay,BS_3,ns_13,1,911.7050757944436,550.0,optimal_shannon,throughput
38.0,ns_0,none,-1,-1,0,0.0,0.0,optimal_shannon,throughput
38.0,we_18,relay,BS_2,we_17,1,1545.9497869005395,550.0,optimal_shannon,throughput
38.0,sn_13,relay,BS_2,sn_15,1,2235.23339658091,550.0,optimal_shannon,throughput
38.0,se_3,relay,BS_1,se_5,1,1314.822701631356,550.0,optimal_shannon,throughput
38.0,se_1,relay,BS_1,se_2,1,1404.0527351957794,550.0,optimal_shannon,throughput
38.0,se_8,relay,BS_2,we_17,1,1409.4102949685148,550.0,optimal_shannon,throughput
38.0,ew_10,none,-1,-1,0,0.0,0.0,optimal_shannon,throughput
38.0,ns_2,direct,BS_3,-1,1,1317.479954055128,550.0,optimal_shannon,throughput
38.0,wn_7,relay,BS_2,sn_17,1,1383.6451006676675,550.0,optimal_shannon,throughput
38.0,ns_12,relay,BS_3,ns_13,1,1324.787425225465,550.0,optimal_shannon,throughput
38.0,ew_1,none,-1,-1,0,0.0,0.0,optimal_shannon,throughput
38.0,we_3,direct,BS_1,-1,1,1813.0422117971736,550.0,optimal_shannon,throughput
38.0,ns_7,none,-1,-1,0,0.0,0.0,optimal_shannon,throughput
38.0,ns_10,relay,BS_3,ns_11,1,1363.6504813692566,550.0,optimal_shannon,throughput
38.0,wn_5,relay,BS_2,sn_15,1,1571.51481820998,550.0,optimal_shannon,throughput
38.0,ns_13,relay,BS_3,ns_12,1,1321.798000490766,550.0,optimal_shannon,throughput
38.0,we_17,none,-1,-1,0,0.0,0.0,optimal_shannon,throughput
38.0,sn_3,direct,BS_1,-1,1,1327.7768563289153,550.0,optimal_shannon,throughput
38.0,we_9,relay,BS_3,we_11,1,1379.980999575902,550.0,optimal_shannon,throughput
38.0,ew_16,relay,BS_2,ew_17,1,1501.3048541619607,550.0,optimal_shannon,throughput
38.0,wn_4,relay,BS_2,sn_15,1,1656.2227936016604,550.0,optimal_shannon,throughput
38.0,sn_8,relay,BS_2,wn_2,1,1695.089000215301,550.0,optimal_shannon,throughput
38.0,sn_11,relay,BS_2,wn_2,1,1396.4555504879204,550.0,optimal_shannon,throughput
38.0,ns_19,relay,BS_3,ns_12,1,917.0107625790808,550.0,optimal_shannon,throughput
38.0,ew_12,relay,BS_2,ew_17,1,959.1357370002808,550.0,optimal_shannon,throughput
38.0,se_6,relay,BS_2,we_17,1,1266.249198873529,550.0,optimal_shannon,throughput
38.0,ew_15,relay,BS_2,ew_17,1,933.2614876016402,550.0,optimal_shannon,throughput
38.0,sn_10,relay,BS_2,wn_2,1,1432.3303869698757,550.0,optimal_shannon,throughput
38.0,wn_9,relay,BS_2,sn_17,1,949.1833276428227,550.0,optimal_shannon,throughput
38.0,sn_15,none,-1,-1,0,0.0,0.0,optimal_shannon,throughput
38.0,ew_18,relay,BS_2,ew_17,1,1501.3048541619607,550.0,optimal_shannon,throughput
38.0,we_11,relay,BS_1,se_2,1,1404.0527351957794,550.0,optimal_shannon,throughput
38.0,sn_4,direct,BS_2,-1,1,2322.708204369485,550.0,optimal_shannon,throughput
38.0,ns_16,relay,BS_3,ns_13,1,935.2515743584628,550.0,optimal_shannon,throughput
38.0,sn_6,direct,BS_2,-1,1,2334.5437337422327,550.0,optimal_shannon,throughput
38.0,sn_0,none,-1,-1,0,0.0,0.0,optimal_shannon,throughput
38.0,ns_9,relay,BS_3,ns_11,1,1363.6504813692566,550.0,optimal_shannon,throughput
38.0,ns_15,relay,BS_3,ns_13,1,1324.787425225465,550.0,optimal_shannon,throughput
38.0,ns_4,relay,BS_3,ns_11,1,913.3630657022376,550.0,optimal_shannon,throughput
38.0,ns_8,relay,BS_3,ns_11,1,1363.6504813692566,550.0,optimal_shannon,throughput
38.0,ew_2,none,-1,-1,0,0.0,0.0,optimal_shannon,throughput
38.0,we_15,relay,BS_1,se_5,1,1314.822701631356,550.0,optimal_shannon,throughput
38.0,wn_1,relay,BS_2,wn_2,1,2141.555048938198,550.0,optimal_shannon,throughput
38.0,we_4,relay,BS_1,we_5,1,1533.6456429526067,550.0,optimal_shannon,throughput
38.0,ew_14,none,-1,-1,0,0.0,0.0,optimal_shannon,throughput
38.0,sn_12,relay,BS_2,sn_15,1,2166.8016941792575,550.0,optimal_shannon,throughput
38.0,we_13,relay,BS_1,se_5,1,1314.822701631356,550.0,optimal_shannon,throughput
38.0,sn_9,relay,BS_2,wn_2,1,1517.3686117565803,550.0,optimal_shannon,throughput
38.0,se_5,none,-1,-1,0,0.0,0.0,optimal_shannon,throughput
38.0,wn_6,relay,BS_2,sn_17,1,1383.6451006676675,550.0,optimal_shannon,throughput
38.0,se_0,relay,BS_1,se_2,1,1404.0527351957794,550.0,optimal_shannon,throughput
38.0,wn_0,relay,BS_2,wn_2,1,1741.595679730522,550.0,optimal_shannon,throughput
38.0,ew_19,relay,BS_2,ew_17,1,1501.3048541619607,550.0,optimal_shannon,throughput
38.0,we_12,relay,BS_1,se_5,1,1295.4780844953154,550.0,optimal_shannon,throughput
38.0,we_6,relay,BS_1,we_5,1,1583.8057331365987,550.0,optimal_shannon,throughput
38.0,we_19,relay,BS_2,we_17,1,1545.9497869005395,550.0,optimal_shannon,throughput
38.0,ns_1,none,-1,-1,0,0.0,0.0,optimal_shannon,throughput
38.0,we_2,direct,BS_1,-1,1,1813.218127916305,550.0,optimal_shannon,throughput
39.0,we_16,relay,BS_2,se_8,1,1428.6764465958183,550.0,optimal_shannon,throughput
39.0,se_7,relay,BS_2,se_8,1,1549.7098126296876,550.0,optimal_shannon,throughput
39.0,sn_5,direct,BS_2,-1,1,2305.5352139228503,550.0,optimal_shannon,throughput
39.0,ew_6,none,-1,-1,0,0.0,0.0,optimal_shannon,throughput
39.0,ew_9,relay,BS_2,ew_10,1,1696.749951226986,550.0,optimal_shannon,throughput
39.0,se_9,none,-1,-1,0,0.0,0.0,optimal_shannon,throughput
39.0,sn_19,relay,BS_2,sn_17,1,1676.3541923642597,550.0,optimal_shannon,throughput
39.0,we_8,relay,BS_1,we_9,1,1432.3879265187463,550.0,optimal_shannon,throughput
39.0,we_14,relay,BS_3,we_15,1,1377.2693659951033,550.0,optimal_shannon,throughput
39.0,ew_11,relay,BS_2,ew_10,1,1749.422172151519,550.0,optimal_shannon,throughput
39.0,sn_16,relay,BS_2,sn_17,1,1676.3541923642597,550.0,optimal_shannon,throughput
39.0,ns_17,none,-1,-1,0,0.0,0.0,optimal_shannon,throughput
39.0,sn_17,none,-1,-1,0,0.0,0.0,optimal_shannon,throughput
39.0,se_4,relay,BS_3,we_15,1,1377.2693659951033,550.0,optimal_shannon,throughput
39.0,we_10,relay,BS_3,se_1,1,1467.1570294423586,550.0,optimal_shannon,throughput
39.0,wn_3,relay,BS_2,sn_15,1,1434.9878009933195,550.0,optimal_shannon,throughput
39.0,ns_6,direct,BS_3,-1,1,1325.4517427027088,550.0,optimal_shannon,throughput
39.0,se_2,relay,BS_3,se_1,1,1467.1570294423586,550.0,optimal_shannon,throughput
39.0,ew_0,none,-1,-1,0,0.0,0.0,optimal_shannon,throughput
39.0,ew_3,none,-1,-1,0,0.0,0.0,optimal_shannon,throughput
39.0,ew_4,relay,BS_2,ew_10,1,919.33210799225,550.0,optimal_shannon,throughput
39.0,ew_13,none,-1,-1,0,0.0,0.0,optimal_shannon,throughput
39.0,sn_18,relay,BS_2,sn_17,1,1676.3541923642597,550.0,optimal_shannon,throughput
39.0,ew_17,relay,BS_2,ew_19,1,1484.2034161046336,550.0,optimal_shannon,throughput
39.0,wn_8,relay,BS_2,sn_17,1,1476.8423550188634,550.0,optimal_shannon,throughput
39.0,ew_8,relay,BS_2,ew_10,1,1461.8942429537587,550.0,optimal_shannon,throughput
39.0,sn_14,relay,BS_2,sn_15,1,2307.274680633169,550.0,optimal_shannon,throughput
39.0,ns_11,none,-1,-1,0,0.0,0.0,optimal_shannon,throughput
39.0,we_5,relay,BS_1,we_6,1,1548.261790603806,550.0,optimal_shannon,throughput
39.0,sn_2,none,-1,-1,0,0.0,0.0,optimal_shannon,throughput
39.0,ns_3,none,-1,-1,0,0.0,0.0,optimal_shannon,throughput
39.0,sn_7,direct,BS_1,-1,1,1331.4306139140028,550.0,optimal_shannon,throughput
39.0,ew_5,relay,BS_2,ew_10,1,917.3423794001764,550.0,optimal_shannon,throughput
39.0,sn_1,direct,BS_1,-1,1,1320.4693693544064,550.0,optimal_shannon,throughput
39.0,wn_2,relay,BS_2,wn_1,1,1966.48956032186,550.0,optimal_shannon,throughput
39.0,ns_14,relay,BS_3,ns_12,1,1360.993149508227,550.0,optimal_shannon,throughput
39.0,we_7,relay,BS_1,we_6,1,1601.7438568878936,550.0,optimal_shannon,throughput
39.0,we_1,direct,BS_1,-1,1,1848.422965549771,550.0,optimal_shannon,throughput
39.0,ns_5,none,-1,-1,0,0.0,0.0,optimal_shannon,throughput
39.0,we_0,direct,BS_3,-1,1,1837.140981226152,550.0,optimal_shannon,throughput
39.0,ew_7,none,-1,-1,0,0.0,0.0,optimal_shannon,throughput
39.0,ns_18,none,-1,-1,0,0.0,0.0,optimal_shannon,throughput
39.0,ns_0,none,-1,-1,0,0.0,0.0,optimal_shannon,throughput
39.0,we_18,relay,BS_2,se_8,1,1450.9323328961132,550.0,optimal_shannon,throughput
39.0,sn_13,relay,BS_2,sn_15,1,2157.832491100221,550.0,optimal_shannon,throughput
39.0,se_3,relay,BS_3,we_15,1,1377.2693659951033,550.0,optimal_shannon,throughput
39.0,se_1,relay,BS_1,we_9,1,1350.948482581707,550.0,optimal_shannon,throughput
39.0,se_8,none,-1,-1,0,0.0,0.0,optimal_shannon,throughput
39.0,ew_10,none,-1,-1,0,0.0,0.0,optimal_shannon,throughput
39.0,ns_2,none,-1,-1,0,0.0,0.0,optimal_shannon,throughput
39.0,wn_7,relay,BS_2,sn_17,1,1610.0485554614406,550.0,optimal_shannon,throughput
39.0,ns_12,direct,BS_3,-1,1,1360.993149508227,550.0,optimal_shannon,throughput
39.0,ew_1,none,-1,-1,0,0.0,0.0,optimal_shannon,throughput
39.0,we_3,direct,BS_3,-1,1,1882.4777769013888,550.0,optimal_shannon,throughput
39.0,ns_7,direct,BS_3,-1,1,1338.0738326421615,550.0,optimal_shannon,throughput
39.0,ns_10,none,-1,-1,0,0.0,0.0,optimal_shannon,throughput
39.0,wn_5,relay,BS_2,wn_3,1,2284.6138187223473,550.0,optimal_shannon,throughput
39.0,ns_13,relay,BS_3,ns_12,1,1360.993149508227,550.0,optimal_shannon,throughput
39.0,we_17,relay,BS_2,se_8,1,1455.2506569843113,550.0,optimal_shannon,throughput
39.0,sn_3,direct,BS_1,-1,1,1314.4905454554623,550.0,optimal_shannon,throughput
39.0,we_9,relay,BS_3,se_1,1,1350.948482581707,550.0,optimal_shannon,throughput
39.0,ew_16,relay,BS_2,ew_19,1,1484.2034161046336,550.0,optimal_shannon,throughput
39.0,wn_4,relay,BS_2,wn_3,1,2194.0414971078535,550.0,optimal_shannon,throughput
39.0,sn_8,relay,BS_2,wn_1,1,1519.6938990123963,550.0,optimal_shannon,throughput
39.0,sn_11,relay,BS_2,wn_1,1,1276.213497871967,550.0,optimal_shannon,throughput
39.0,ns_19,none,-1,-1,0,0.0,0.0,optimal_shannon,throughput
39.0,ew_12,relay,BS_2,ew_13,1,1794.4140835180997,550.0,optimal_shannon,throughput
39.0,se_6,relay,BS_2,se_8,1,1549.7098126296876,550.0,optimal_shannon,throughput
39.0,ew_15,relay,BS_2,ew_13,1,1860.1880503442128,550.0,optimal_shannon,throughput
39.0,sn_10,relay,BS_2,wn_1,1,1314.078683436525,550.0,optimal_shannon,throughput
39.0,wn_9,relay,BS_2,sn_17,1,928.9497800392044,550.0,optimal_shannon,throughput
39.0,sn_15,relay,BS_2,wn_3,1,1434.9878009933195,550.0,optimal_shannon,throughput
39.0,ew_18,relay,BS_2,ew_19,1,1484.2034161046336,550.0,optimal_shannon,throughput
39.0,we_11,relay,BS_3,se_1,1,1467.1570294423586,550.0,optimal_shannon,throughput
39.0,sn_4,direct,BS_2,-1,1,2311.005904447072,550.0,optimal_shannon,throughput
39.0,ns_16,none,-1,-1,0,0.0,0.0,optimal_shannon,throughput
39.0,sn_6,direct,BS_1,-1,1,1325.7839015588145,550.0,optimal_shannon,throughput
39.0,sn_0,direct,BS_1,-1,1,1324.787425225465,550.0,optimal_shannon,throughput
39.0,ns_9,none,-1,-1,0,0.0,0.0,optimal_shannon,throughput
39.0,ns_15,relay,BS_3,ns_12,1,1360.993149508227,550.0,optimal_shannon,throughput
39.0,ns_4,none,-1,-1,0,0.0,0.0,optimal_shannon,throughput
39.0,ns_8,direct,BS_3,-1,1,1355.6784976048689,550.0,optimal_shannon,throughput
39.0,ew_2,none,-1,-1,0,0.0,0.0,optimal_shannon,throughput
39.0,we_15,none,-1,-1,0,0.0,0.0,optimal_shannon,throughput
39.0,wn_1,none,-1,-1,0,0.0,0.0,optimal_shannon,throughput
39.0,we_4,direct,BS_1,-1,1,1648.222173501818,550.0,optimal_shannon,throughput
39.0,ew_14,relay,BS_2,ew_13,1,1884.5646792176804,550.0,optimal_shannon,throughput
39.0,sn_12,relay,BS_2,sn_15,1,1789.4312114795805,550.0,optimal_shannon,throughput
39.0,we_13,relay,BS_3,we_15,1,1377.2693659951033,550.0,optimal_shannon,throughput
39.0,sn_9,relay,BS_2,wn_1,1,1384.8295595545403,550.0,optimal_shannon,throughput
39.0,se_5,relay,BS_3,we_15,1,1377.2693659951033,550.0,optimal_shannon,throughput
39.0,wn_6,relay,BS_2,sn_17,1,1676.3541923642597,550.0,optimal_shannon,throughput
39.0,se_0,relay,BS_3,se_1,1,1467.1570294423586,550.0,optimal_shannon,throughput
39.0,wn_0,relay,BS_2,wn_1,1,1756.5442749545796,550.0,optimal_shannon,throughput
39.0,ew_19,relay,BS_2,ew_13,1,913.694667774396,550.0,optimal_shannon,throughput
39.0,we_12,relay,BS_3,we_15,1,1377.2693659951033,550.0,optimal_shannon,throughput
39.0,we_6,direct,BS_1,-1,1,1686.585381084436,550.0,optimal_shannon,throughput
39.0,we_19,relay,BS_2,se_8,1,1416.053779869866,550.0,optimal_shannon,throughput
39.0,ns_1,none,-1,-1,0,0.0,0.0,optimal_shannon,throughput
39.0,we_2,direct,BS_3,-1,1,1877.274206924117,550.0,optimal_shannon,throughput
40.0,we_16,relay,BS_2,se_8,1,1455.2506569843113,550.0,optimal_shannon,throughput
40.0,se_7,relay,BS_2,se_8,1,1549.113447859875,550.0,optimal_shannon,throughput
40.0,sn_5,direct,BS_1,-1,1,1334.4200587065657,550.0,optimal_shannon,throughput
40.0,ew_6,none,-1,-1,0,0.0,0.0,optimal_shannon,throughput
40.0,ew_9,none,-1,-1,0,0.0,0.0,optimal_shannon,throughput
40.0,se_9,relay,BS_2,se_8,1,972.738793177232,550.0,optimal_shannon,throughput
40.0,sn_19,none,-1,-1,0,0.0,0.0,optimal_shannon,throughput
40.0,we_8,relay,BS_1,we_10,1,1394.794690939538,550.0,optimal_shannon,throughput
40.0,we_14,none,-1,-1,0,0.0,0.0,optimal_shannon,throughput
40.0,ew_11,relay,BS_2,ew_9,1,1489.1330668018163,550.0,optimal_shannon,throughput
40.0,sn_16,relay,BS_2,sn_19,1,1929.616209012788,550.0,optimal_shannon,throughput
40.0,ns_17,relay,BS_3,ns_13,1,875.5701630586161,550.0,optimal_shannon,throughput
40.0,sn_17,relay,BS_2,sn_19,1,1852.215443519588,550.0,optimal_shannon,throughput
40.0,se_4,relay,BS_2,we_14,1,1502.0881786498653,550.0,optimal_shannon,throughput
40.0,we_10,none,-1,-1,0,0.0,0.0,optimal_shannon,throughput
40.0,wn_3,relay,BS_2,wn_5,1,2058.839079305444,550.0,optimal_shannon,throughput
40.0,ns_6,none,-1,-1,0,0.0,0.0,optimal_shannon,throughput
40.0,se_2,relay,BS_1,we_10,1,1503.4169101031432,550.0,optimal_shannon,throughput
40.0,ew_0,none,-1,-1,0,0.0,0.0,optimal_shannon,throughput
40.0,ew_3,none,-1,-1,0,0.0,0.0,optimal_shannon,throughput
40.0,ew_4,none,-1,-1,0,0.0,0.0,optimal_shannon,throughput
40.0,ew_13,none,-1,-1,0,0.0,0.0,optimal_shannon,throughput
40.0,sn_18,relay,BS_2,sn_19,1,1937.588824392013,550.0,optimal_shannon,throughput
40.0,ew_17,relay,BS_2,ew_13,1,911.0418894346474,550.0,optimal_shannon,throughput
40.0,wn_8,relay,BS_2,sn_19,1,1458.9046277288608,550.0,optimal_shannon,throughput
40.0,ew_8,relay,BS_2,ew_9,1,1590.1172910907485,550.0,optimal_shannon,throughput
40.0,sn_14,relay,BS_2,wn_5,1,1337.329802215709,550.0,optimal_shannon,throughput
40.0,ns_11,none,-1,-1,0,0.0,0.0,optimal_shannon,throughput
40.0,we_5,direct,BS_3,-1,1,1733.5724877217272,550.0,optimal_shannon,throughput
40.0,sn_2,direct,BS_1,-1,1,1312.8297658464935,550.0,optimal_shannon,throughput
40.0,ns_3,none,-1,-1,0,0.0,0.0,optimal_shannon,throughput
40.0,sn_7,direct,BS_1,-1,1,1333.75573712236,550.0,optimal_shannon,throughput
40.0,ew_5,none,-1,-1,0,0.0,0.0,optimal_shannon,throughput
40.0,sn_1,direct,BS_1,-1,1,1314.4905454554623,550.0,optimal_shannon,throughput
40.0,wn_2,relay,BS_1,sn_8,1,1344.71708005819,550.0,optimal_shannon,throughput
40.0,ns_14,relay,BS_3,ns_13,1,1358.6679873391272,550.0,optimal_shannon,throughput
40.0,we_7,direct,BS_3,-1,1,1776.392314726106,550.0,optimal_shannon,throughput
40.0,we_1,direct,BS_3,-1,1,1889.5878989158025,550.0,optimal_shannon,throughput
40.0,ns_5,direct,BS_3,-1,1,1332.4270948419396,550.0,optimal_shannon,throughput
40.0,we_0,direct,BS_3,-1,1,1879.4838275135712,550.0,optimal_shannon,throughput
40.0,ew_7,none,-1,-1,0,0.0,0.0,optimal_shannon,throughput
40.0,ns_18,relay,BS_3,ns_17,1,1043.5095288256343,550.0,optimal_shannon,throughput
40.0,ns_0,none,-1,-1,0,0.0,0.0,optimal_shannon,throughput
40.0,we_18,relay,BS_2,se_8,1,1530.988165303237,550.0,optimal_shannon,throughput
40.0,sn_13,relay,BS_2,sn_14,1,1945.8936327669928,550.0,optimal_shannon,throughput
40.0,se_3,relay,BS_2,we_14,1,1541.10445096108,550.0,optimal_shannon,throughput
40.0,se_1,relay,BS_1,we_10,1,1546.4342445873297,550.0,optimal_shannon,throughput
40.0,se_8,none,-1,-1,0,0.0,0.0,optimal_shannon,throughput
40.0,ew_10,relay,BS_2,ew_9,1,1649.911196894522,550.0,optimal_shannon,throughput
40.0,ns_2,none,-1,-1,0,0.0,0.0,optimal_shannon,throughput
40.0,wn_7,relay,BS_2,sn_19,1,1562.5457843792265,550.0,optimal_shannon,throughput
40.0,ns_12,relay,BS_3,ns_13,1,1358.6679873391272,550.0,optimal_shannon,throughput
40.0,ew_1,none,-1,-1,0,0.0,0.0,optimal_shannon,throughput
40.0,we_3,direct,BS_1,-1,1,1921.479013568107,550.0,optimal_shannon,throughput
40.0,ns_7,none,-1,-1,0,0.0,0.0,optimal_shannon,throughput
40.0,ns_10,direct,BS_3,-1,1,1366.6399843040144,550.0,optimal_shannon,throughput
40.0,wn_5,relay,BS_2,sn_14,1,1337.329802215709,550.0,optimal_shannon,throughput
40.0,ns_13,relay,BS_3,ns_17,1,875.5701630586161,550.0,optimal_shannon,throughput
40.0,we_17,relay,BS_2,se_8,1,1511.389306366331,550.0,optimal_shannon,throughput
40.0,we_9,relay,BS_1,we_10,1,1546.4342445873297,550.0,optimal_shannon,throughput
40.0,ew_16,relay,BS_2,ew_13,1,898.7739656893763,550.0,optimal_shannon,throughput
40.0,wn_4,relay,BS_2,wn_5,1,2308.9942456572203,550.0,optimal_shannon,throughput
40.0,sn_8,direct,BS_2,-1,1,2337.2818482485004,550.0,optimal_shannon,throughput
40.0,sn_11,relay,BS_1,sn_8,1,1344.71708005819,550.0,optimal_shannon,throughput
40.0,ns_19,relay,BS_3,ns_17,1,1043.5095288256343,550.0,optimal_shannon,throughput
40.0,ew_12,relay,BS_2,ew_13,1,1730.301191390155,550.0,optimal_shannon,throughput
40.0,se_6,relay,BS_2,se_8,1,1549.113447859875,550.0,optimal_shannon,throughput
40.0,ew_15,relay,BS_2,ew_13,1,1720.335470913052,550.0,optimal_shannon,throughput
40.0,sn_10,relay,BS_1,sn_8,1,1344.71708005819,550.0,optimal_shannon,throughput
40.0,wn_9,relay,BS_2,sn_19,1,944.5391927949306,550.0,optimal_shannon,throughput
40.0,sn_15,relay,BS_2,sn_14,1,2270.778021312526,550.0,optimal_shannon,throughput
40.0,ew_18,relay,BS_2,ew_13,1,942.5489146240792,550.0,optimal_shannon,throughput
40.0,we_11,relay,BS_1,we_10,1,1546.4342445873297,550.0,optimal_shannon,throughput
40.0,sn_4,direct,BS_2,-1,1,2286.8443677368123,550.0,optimal_shannon,throughput
40.0,ns_16,relay,BS_3,ns_17,1,1043.5095288256343,550.0,optimal_shannon,throughput
40.0,sn_6,direct,BS_2,-1,1,2270.16636940172,550.0,optimal_shannon,throughput
40.0,sn_0,none,-1,-1,0,0.0,0.0,optimal_shannon,throughput
40.0,ns_9,direct,BS_3,-1,1,1365.9756499032292,550.0,optimal_shannon,throughput
40.0,ns_15,relay,BS_3,ns_13,1,1358.6679873391272,550.0,optimal_shannon,throughput
40.0,ns_4,none,-1,-1,0,0.0,0.0,optimal_shannon,throughput
40.0,ns_8,direct,BS_3,-1,1,1365.975649903229,550.0,optimal_shannon,throughput
40.0,ew_2,none,-1,-1,0,0.0,0.0,optimal_shannon,throughput
40.0,we_15,relay,BS_2,we_14,1,1541.10445096108,550.0,optimal_shannon,throughput
40.0,wn_1,relay,BS_1,sn_8,1,1344.71708005819,550.0,optimal_shannon,throughput
40.0,we_4,direct,BS_1,-1,1,1709.8873007349923,550.0,optimal_shannon,throughput
40.0,ew_14,relay,BS_2,ew_13,1,1841.2531110605803,550.0,optimal_shannon,throughput
40.0,sn_12,relay,BS_2,sn_14,1,1661.5378246263326,550.0,optimal_shannon,throughput
40.0,we_13,relay,BS_2,we_14,1,1541.10445096108,550.0,optimal_shannon,throughput
40.0,sn_9,relay,BS_1,sn_8,1,1344.71708005819,550.0,optimal_shannon,throughput
40.0,se_5,relay,BS_2,we_14,1,1521.022635036191,550.0,optimal_shannon,throughput
40.0,wn_6,relay,BS_2,sn_19,1,1611.709496005329,550.0,optimal_shannon,throughput
40.0,se_0,relay,BS_1,we_10,1,1546.4342445873297,550.0,optimal_shannon,throughput
40.0,wn_0,relay,BS_1,sn_8,1,1330.022266878111,550.0,optimal_shannon,throughput
40.0,ew_19,relay,BS_2,ew_13,1,930.939773655651,550.0,optimal_shannon,throughput
40.0,we_12,relay,BS_2,we_14,1,1541.10445096108,550.0,optimal_shannon,throughput
40.0,we_6,direct,BS_1,-1,1,1748.6419093382342,550.0,optimal_shannon,throughput
40.0,we_19,relay,BS_2,se_8,1,1511.389306366331,550.0,optimal_shannon,throughput
40.0,ns_1,none,-1,-1,0,0.0,0.0,optimal_shannon,throughput
40.0,we_2,direct,BS_1,-1,1,1903.5168191966304,550.0,optimal_shannon,throughput
41.0,we_16,relay,BS_2,we_17,1,1545.967483539178,550.0,optimal_shannon,throughput
41.0,se_7,relay,BS_2,we_17,1,1492.4548868372476,550.0,optimal_shannon,throughput
41.0,sn_5,none,-1,-1,0,0.0,0.0,optimal_shannon,throughput
41.0,ew_6,none,-1,-1,0,0.0,0.0,optimal_shannon,throughput
41.0,ew_9,relay,BS_2,ew_10,1,1599.9175375478476,550.0,optimal_shannon,throughput
41.0,se_9,relay,BS_2,we_17,1,993.6439569723854,550.0,optimal_shannon,throughput
41.0,sn_19,none,-1,-1,0,0.0,0.0,optimal_shannon,throughput
41.0,we_8,relay,BS_1,we_10,1,1360.249108807884,550.0,optimal_shannon,throughput
41.0,we_14,relay,BS_2,we_13,1,1538.5200460378665,550.0,optimal_shannon,throughput
41.0,ew_11,relay,BS_2,ew_10,1,1599.9175375478476,550.0,optimal_shannon,throughput
41.0,sn_16,relay,BS_2,sn_19,1,2268.4394828304444,550.0,optimal_shannon,throughput
41.0,ns_17,none,-1,-1,0,0.0,0.0,optimal_shannon,throughput
41.0,sn_17,relay,BS_2,sn_19,1,2125.941992787134,550.0,optimal_shannon,throughput
41.0,se_4,relay,BS_2,we_13,1,1484.814704527316,550.0,optimal_shannon,throughput
41.0,we_10,direct,BS_1,-1,1,1618.1893739281168,550.0,optimal_shannon,throughput
41.0,wn_3,relay,BS_2,wn_4,1,1878.4586117321496,550.0,optimal_shannon,throughput
41.0,ns_6,direct,BS_3,-1,1,1315.1548578914949,550.0,optimal_shannon,throughput
41.0,se_2,relay,BS_1,we_10,1,1605.3979233964983,550.0,optimal_shannon,throughput
41.0,ew_0,none,-1,-1,0,0.0,0.0,optimal_shannon,throughput
41.0,ew_3,none,-1,-1,0,0.0,0.0,optimal_shannon,throughput
41.0,ew_4,relay,BS_2,ew_10,1,952.5006945267734,550.0,optimal_shannon,throughput
41.0,ew_13,none,-1,-1,0,0.0,0.0,optimal_shannon,throughput
41.0,sn_18,relay,BS_2,sn_19,1,2090.397378228261,550.0,optimal_shannon,throughput
41.0,ew_17,relay,BS_2,ew_19,1,1615.453758867763,550.0,optimal_shannon,throughput
41.0,wn_8,relay,BS_2,sn_19,1,1353.9379641318988,550.0,optimal_shannon,throughput
41.0,ew_8,relay,BS_2,ew_10,1,1380.8435198923842,550.0,optimal_shannon,throughput
41.0,sn_14,relay,BS_2,wn_4,1,1265.2527746940088,550.0,optimal_shannon,throughput
41.0,ns_11,relay,BS_3,ns_8,1,1355.6784976048689,550.0,optimal_shannon,throughput
41.0,we_5,direct,BS_1,-1,1,1784.5430593900232,550.0,optimal_shannon,throughput
41.0,sn_7,direct,BS_2,-1,1,2250.086142008157,550.0,optimal_shannon,throughput
41.0,ew_5,none,-1,-1,0,0.0,0.0,optimal_shannon,throughput
41.0,wn_2,relay,BS_1,sn_8,1,1341.727615254769,550.0,optimal_shannon,throughput
41.0,ns_14,relay,BS_3,ns_8,1,892.8065204342937,550.0,optimal_shannon,throughput
41.0,we_7,direct,BS_1,-1,1,1823.297570812255,550.0,optimal_shannon,throughput
41.0,we_1,direct,BS_3,-1,1,1935.322372797484,550.0,optimal_shannon,throughput
41.0,ns_5,relay,BS_3,ns_0,1,924.9699252182646,550.0,optimal_shannon,throughput
41.0,we_0,direct,BS_1,-1,1,1897.9474793273469,550.0,optimal_shannon,throughput
41.0,ew_7,none,-1,-1,0,0.0,0.0,optimal_shannon,throughput
41.0,ns_18,none,-1,-1,0,0.0,0.0,optimal_shannon,throughput
41.0,ns_0,none,-1,-1,0,0.0,0.0,optimal_shannon,throughput
41.0,we_18,relay,BS_2,we_17,1,1545.967483539178,550.0,optimal_shannon,throughput
41.0,sn_13,relay,BS_2,sn_14,1,1843.9106459897016,550.0,optimal_shannon,throughput
41.0,se_3,relay,BS_2,we_13,1,1538.5200460378665,550.0,optimal_shannon,throughput
41.0,se_1,relay,BS_1,we_10,1,1618.1893739281168,550.0,optimal_shannon,throughput
41.0,se_8,relay,BS_2,we_17,1,1545.967483539178,550.0,optimal_shannon,throughput
41.0,ew_10,none,-1,-1,0,0.0,0.0,optimal_shannon,throughput
41.0,wn_7,relay,BS_2,sn_19,1,1400.773790877427,550.0,optimal_shannon,throughput
41.0,ns_12,direct,BS_3,-1,1,1357.6714901963403,550.0,optimal_shannon,throughput
41.0,ew_1,none,-1,-1,0,0.0,0.0,optimal_shannon,throughput
41.0,we_3,direct,BS_1,-1,1,1946.2448881169385,550.0,optimal_shannon,throughput
41.0,ns_7,relay,BS_3,ns_0,1,970.7480039066164,550.0,optimal_shannon,throughput
41.0,ns_10,relay,BS_3,ns_8,1,1355.6784976048689,550.0,optimal_shannon,throughput
41.0,wn_5,relay,BS_2,wn_4,1,2341.5350815698544,550.0,optimal_shannon,throughput
41.0,ns_13,direct,BS_3,-1,1,1341.3954528462682,550.0,optimal_shannon,throughput
41.0,we_17,none,-1,-1,0,0.0,0.0,optimal_shannon,throughput
41.0,we_9,relay,BS_1,we_10,1,1590.1172910907485,550.0,optimal_shannon,throughput
41.0,ew_16,relay,BS_2,ew_19,1,1615.453758867763,550.0,optimal_shannon,throughput
41.0,wn_4,relay,BS_2,sn_14,1,1265.2527746940088,550.0,optimal_shannon,throughput
41.0,sn_8,direct,BS_2,-1,1,2310.4952695106545,550.0,optimal_shannon,throughput
41.0,sn_11,relay,BS_1,sn_8,1,1334.3403516229464,550.0,optimal_shannon,throughput
41.0,ns_19,none,-1,-1,0,0.0,0.0,optimal_shannon,throughput
41.0,ew_12,relay,BS_2,ew_13,1,1678.4794986956483,550.0,optimal_shannon,throughput
41.0,se_6,relay,BS_2,we_17,1,1468.2056608978232,550.0,optimal_shannon,throughput
41.0,ew_15,relay,BS_2,ew_13,1,1628.983293051914,550.0,optimal_shannon,throughput
41.0,sn_10,relay,BS_1,sn_8,1,1341.727615254769,550.0,optimal_shannon,throughput
41.0,wn_9,none,-1,-1,0,0.0,0.0,optimal_shannon,throughput
41.0,sn_15,relay,BS_2,sn_14,1,2030.2705177283556,550.0,optimal_shannon,throughput
41.0,ew_18,relay,BS_2,ew_19,1,1615.453758867763,550.0,optimal_shannon,throughput
41.0,we_11,relay,BS_1,we_10,1,1618.1893739281168,550.0,optimal_shannon,throughput
41.0,sn_4,direct,BS_1,-1,1,1325.4517427027088,550.0,optimal_shannon,throughput
41.0,ns_16,none,-1,-1,0,0.0,0.0,optimal_shannon,throughput
41.0,sn_6,direct,BS_1,-1,1,1323.458791215916,550.0,optimal_shannon,throughput
41.0,ns_9,relay,BS_3,ns_8,1,1355.6784976048689,550.0,optimal_shannon,throughput
41.0,ns_15,relay,BS_3,ns_8,1,926.6281763906796,550.0,optimal_shannon,throughput
41.0,ns_4,direct,BS_3,-1,1,1332.759255300619,550.0,optimal_shannon,throughput
41.0,ns_8,direct,BS_3,-1,1,1355.6784976048689,550.0,optimal_shannon,throughput
41.0,ew_2,none,-1,-1,0,0.0,0.0,optimal_shannon,throughput
41.0,we_15,relay,BS_2,we_13,1,1538.5200460378665,550.0,optimal_shannon,throughput
41.0,wn_1,relay,BS_1,sn_8,1,1341.727615254769,550.0,optimal_shannon,throughput
41.0,we_4,direct,BS_3,-1,1,1775.2383489430938,550.0,optimal_shannon,throughput
41.0,ew_14,relay,BS_2,ew_13,1,1767.1743920242343,550.0,optimal_shannon,throughput
41.0,sn_12,relay,BS_2,sn_14,1,1582.1447976080217,550.0,optimal_shannon,throughput
41.0,we_13,none,-1,-1,0,0.0,0.0,optimal_shannon,throughput
41.0,sn_9,relay,BS_1,sn_8,1,1341.727615254769,550.0,optimal_shannon,throughput
41.0,se_5,relay,BS_2,we_13,1,1479.4998031434448,550.0,optimal_shannon,throughput
41.0,wn_6,relay,BS_2,sn_19,1,1411.7355127347469,550.0,optimal_shannon,throughput
41.0,se_0,relay,BS_1,we_10,1,1618.1893739281168,550.0,optimal_shannon,throughput
41.0,wn_0,relay,BS_1,sn_8,1,1266.249198873529,550.0,optimal_shannon,throughput
41.0,ew_19,none,-1,-1,0,0.0,0.0,optimal_shannon,throughput
41.0,we_12,relay,BS_2,we_13,1,1538.5200460378665,550.0,optimal_shannon,throughput
41.0,we_6,direct,BS_1,-1,1,1786.0237257269464,550.0,optimal_shannon,throughput
41.0,we_19,relay,BS_2,we_17,1,1545.967483539178,550.0,optimal_shannon,throughput
41.0,ns_1,relay,BS_3,ns_0,1,1287.5861936808678,550.0,optimal_shannon,throughput
41.0,we_2,direct,BS_3,-1,1,1956.7647009259915,550.0,optimal_shannon,throughput
42.0,we_16,relay,BS_2,se_6,1,1468.2056608978232,550.0,optimal_shannon,throughput
42.0,se_7,relay,BS_2,se_6,1,1545.5170070791,550.0,optimal_shannon,throughput
42.0,sn_5,direct,BS_2,-1,1,2232.0798356755504,550.0,optimal_shannon,throughput
42.0,ew_6,none,-1,-1,0,0.0,0.0,optimal_shannon,throughput
42.0,ew_9,none,-1,-1,0,0.0,0.0,optimal_shannon,throughput
42.0,se_9,relay,BS_2,se_6,1,956.1499177659488,550.0,optimal_shannon,throughput
42.0,sn_19,relay,BS_2,wn_6,1,1290.1636814991314,550.0,optimal_shannon,throughput
42.0,we_8,direct,BS_1,-1,1,1638.2446296109931,550.0,optimal_shannon,throughput
42.0,we_14,none,-1,-1,0,0.0,0.0,optimal_shannon,throughput
42.0,ew_11,relay,BS_2,ew_9,1,1402.434654668149,550.0,optimal_shannon,throughput
42.0,sn_16,relay,BS_2,sn_19,1,1832.616123523507,550.0,optimal_shannon,throughput
42.0,ns_17,direct,BS_3,-1,1,1332.4270948419396,550.0,optimal_shannon,throughput
42.0,sn_17,relay,BS_2,wn_6,1,1299.463902977507,550.0,optimal_shannon,throughput
42.0,se_4,relay,BS_1,we_14,1,1442.979936791541,550.0,optimal_shannon,throughput
42.0,we_10,relay,BS_1,se_1,1,1682.8992814205587,550.0,optimal_shannon,throughput
42.0,wn_3,relay,BS_2,wn_4,1,1794.0818920273707,550.0,optimal_shannon,throughput
42.0,ns_6,none,-1,-1,0,0.0,0.0,optimal_shannon,throughput
42.0,se_2,relay,BS_1,se_1,1,1682.8992814205587,550.0,optimal_shannon,throughput
42.0,ew_0,none,-1,-1,0,0.0,0.0,optimal_shannon,throughput
42.0,ew_4,none,-1,-1,0,0.0,0.0,optimal_shannon,throughput
42.0,ew_13,none,-1,-1,0,0.0,0.0,optimal_shannon,throughput
42.0,sn_18,relay,BS_2,sn_19,1,2308.511239725179,550.0,optimal_shannon,throughput
42.0,ew_17,relay,BS_2,ew_18,1,1903.6580649576708,550.0,optimal_shannon,throughput
42.0,wn_8,relay,BS_2,wn_6,1,2058.839079305444,550.0,optimal_shannon,throughput
42.0,ew_8,relay,BS_2,ew_9,1,1526.5415831154912,550.0,optimal_shannon,throughput
42.0,sn_14,relay,BS_1,sn_12,1,1375.2763525387163,550.0,optimal_shannon,throughput
42.0,ns_11,none,-1,-1,0,0.0,0.0,optimal_shannon,throughput
42.0,we_5,direct,BS_3,-1,1,1831.8067748477904,550.0,optimal_shannon,throughput
42.0,sn_7,direct,BS_2,-1,1,2236.0621764785237,550.0,optimal_shannon,throughput
42.0,ew_5,none,-1,-1,0,0.0,0.0,optimal_shannon,throughput
42.0,wn_2,relay,BS_1,sn_8,1,1335.084380584956,550.0,optimal_shannon,throughput
42.0,ns_14,relay,BS_3,ns_15,1,1353.0211777094507,550.0,optimal_shannon,throughput
42.0,we_7,direct,BS_1,-1,1,1868.036274061446,550.0,optimal_shannon,throughput
42.0,we_1,direct,BS_1,-1,1,1961.3345517133453,550.0,optimal_shannon,throughput
42.0,ns_5,none,-1,-1,0,0.0,0.0,optimal_shannon,throughput
42.0,we_0,direct,BS_3,-1,1,1956.7233565373265,550.0,optimal_shannon,throughput
42.0,ew_7,none,-1,-1,0,0.0,0.0,optimal_shannon,throughput
42.0,ns_18,direct,BS_3,-1,1,1336.4130252188922,550.0,optimal_shannon,throughput
42.0,we_18,relay,BS_2,se_6,1,1545.5170070791,550.0,optimal_shannon,throughput
42.0,sn_13,relay,BS_1,sn_12,1,1375.2763525387163,550.0,optimal_shannon,throughput
42.0,se_3,relay,BS_1,we_14,1,1442.979936791541,550.0,optimal_shannon,throughput
42.0,se_1,direct,BS_1,-1,1,1682.8992814205587,550.0,optimal_shannon,throughput
42.0,se_8,relay,BS_2,se_6,1,1545.5170070791,550.0,optimal_shannon,throughput
42.0,ew_10,relay,BS_2,ew_9,1,1526.5415831154912,550.0,optimal_shannon,throughput
42.0,wn_7,relay,BS_2,wn_6,1,2294.0573774005343,550.0,optimal_shannon,throughput
42.0,ns_12,relay,BS_3,ns_15,1,1353.0211777094507,550.0,optimal_shannon,throughput
42.0,ew_1,none,-1,-1,0,0.0,0.0,optimal_shannon,throughput
42.0,ns_7,none,-1,-1,0,0.0,0.0,optimal_shannon,throughput
42.0,ns_10,direct,BS_3,-1,1,1341.727615254769,550.0,optimal_shannon,throughput
42.0,wn_5,relay,BS_2,wn_4,1,2058.839079305444,550.0,optimal_shannon,throughput
42.0,ns_13,relay,BS_3,ns_15,1,1353.0211777094507,550.0,optimal_shannon,throughput
42.0,we_17,relay,BS_2,se_6,1,1545.5170070791,550.0,optimal_shannon,throughput
42.0,we_9,relay,BS_1,se_1,1,1574.8366852572212,550.0,optimal_shannon,throughput
42.0,ew_16,relay,BS_2,ew_18,1,1678.8116885663817,550.0,optimal_shannon,throughput
42.0,wn_4,relay,BS_1,sn_12,1,1320.0575054867015,550.0,optimal_shannon,throughput
42.0,sn_8,relay,BS_1,wn_2,1,1363.9826481236064,550.0,optimal_shannon,throughput
42.0,sn_11,relay,BS_1,sn_8,1,1293.1530300958884,550.0,optimal_shannon,throughput
42.0,ns_19,relay,BS_3,ns_15,1,868.279263458878,550.0,optimal_shannon,throughput
42.0,ew_12,relay,BS_2,ew_18,1,934.5882074042872,550.0,optimal_shannon,throughput
42.0,se_6,none,-1,-1,0,0.0,0.0,optimal_shannon,throughput
42.0,ew_15,relay,BS_2,ew_9,1,934.5882074042872,550.0,optimal_shannon,throughput
42.0,sn_10,relay,BS_1,sn_8,1,1335.084380584956,550.0,optimal_shannon,throughput
42.0,wn_9,relay,BS_2,wn_6,1,955.486413441806,550.0,optimal_shannon,throughput
42.0,sn_15,relay,BS_1,sn_12,1,1375.2763525387163,550.0,optimal_shannon,throughput
42.0,ew_18,none,-1,-1,0,0.0,0.0,optimal_shannon,throughput
42.0,we_11,relay,BS_1,se_1,1,1578.1585536940513,550.0,optimal_shannon,throughput
42.0,sn_4,direct,BS_2,-1,1,2238.9145210110064,550.0,optimal_shannon,throughput
42.0,ns_16,relay,BS_3,ns_15,1,867.6164982955107,550.0,optimal_shannon,throughput
42.0,sn_6,direct,BS_2,-1,1,2235.509002038781,550.0,optimal_shannon,throughput
42.0,ns_9,direct,BS_3,-1,1,1354.349837144696,550.0,optimal_shannon,throughput
42.0,ns_15,direct,BS_3,-1,1,1353.0211777094507,550.0,optimal_shannon,throughput
42.0,ns_4,direct,BS_3,-1,1,1325.7839015588145,550.0,optimal_shannon,throughput
42.0,ns_8,relay,BS_3,ns_15,1,934.5882074042872,550.0,optimal_shannon,throughput
42.0,ew_2,none,-1,-1,0,0.0,0.0,optimal_shannon,throughput
42.0,we_15,relay,BS_1,we_14,1,1442.979936791541,550.0,optimal_shannon,throughput
42.0,wn_1,relay,BS_1,wn_2,1,1363.9826481236064,550.0,optimal_shannon,throughput
42.0,we_4,direct,BS_1,-1,1,1809.039413449818,550.0,optimal_shannon,throughput
42.0,ew_14,relay,BS_2,ew_9,1,909.7155333169388,550.0,optimal_shannon,throughput
42.0,sn_12,relay,BS_2,wn_4,1,1320.0575054867015,550.0,optimal_shannon,throughput
42.0,we_13,relay,BS_1,we_14,1,1442.979936791541,550.0,optimal_shannon,throughput
42.0,sn_9,relay,BS_1,sn_8,1,1335.084380584956,550.0,optimal_shannon,throughput
42.0,se_5,relay,BS_1,we_14,1,1442.979936791541,550.0,optimal_shannon,throughput
42.0,wn_6,relay,BS_2,sn_19,1,1290.1636814991314,550.0,optimal_shannon,throughput
42.0,se_0,relay,BS_1,se_1,1,1622.6717102002012,550.0,optimal_shannon,throughput
42.0,wn_0,relay,BS_1,wn_2,1,1363.9826481236064,550.0,optimal_shannon,throughput
42.0,ew_19,relay,BS_2,ew_18,1,1903.6580649576708,550.0,optimal_shannon,throughput
42.0,we_12,relay,BS_1,we_14,1,1442.979936791541,550.0,optimal_shannon,throughput
42.0,we_6,direct,BS_3,-1,1,1848.6995316249777,550.0,optimal_shannon,throughput
42.0,we_19,relay,BS_2,se_6,1,1545.5170070791,550.0,optimal_shannon,throughput
43.0,we_16,relay,BS_2,se_8,1,1543.3202971479018,550.0,optimal_shannon,throughput
43.0,se_7,relay,BS_2,se_8,1,1543.3202971479018,550.0,optimal_shannon,throughput
43.0,sn_5,direct,BS_2,-1,1,2226.111040468193,550.0,optimal_shannon,throughput
43.0,ew_6,none,-1,-1,0,0.0,0.0,optimal_shannon,throughput
43.0,ew_9,none,-1,-1,0,0.0,0.0,optimal_shannon,throughput
43.0,se_9,none,-1,-1,0,0.0,0.0,optimal_shannon,throughput
43.0,sn_19,relay,BS_2,sn_18,1,2340.70799887205,550.0,optimal_shannon,throughput
43.0,we_8,direct,BS_1,-1,1,1695.38010838097,550.0,optimal_shannon,throughput
43.0,we_14,relay,BS_1,se_3,1,1512.1666749161006,550.0,optimal_shannon,throughput
43.0,ew_11,relay,BS_2,ew_9,1,1367.2246102936597,550.0,optimal_shannon,throughput
43.0,sn_16,relay,BS_2,sn_18,1,1683.7945374297954,550.0,optimal_shannon,throughput
43.0,ns_17,direct,BS_3,-1,1,1366.6399843040144,550.0,optimal_shannon,throughput
43.0,sn_17,relay,BS_2,sn_18,1,1971.804638995824,550.0,optimal_shannon,throughput
43.0,se_4,relay,BS_1,se_3,1,1512.1666749161006,550.0,optimal_shannon,throughput
43.0,we_10,relay,BS_1,se_1,1,1715.0204218376375,550.0,optimal_shannon,throughput
43.0,wn_3,relay,BS_1,wn_5,1,1367.6364863460574,550.0,optimal_shannon,throughput
43.0,ns_6,none,-1,-1,0,0.0,0.0,optimal_shannon,throughput
43.0,se_2,relay,BS_1,se_1,1,1685.787677389388,550.0,optimal_shannon,throughput
43.0,ew_0,none,-1,-1,0,0.0,0.0,optimal_shannon,throughput
43.0,ew_4,none,-1,-1,0,0.0,0.0,optimal_shannon,throughput
43.0,ew_13,none,-1,-1,0,0.0,0.0,optimal_shannon,throughput
43.0,sn_18,direct,BS_2,-1,1,2340.70799887205,550.0,optimal_shannon,throughput
43.0,ew_17,none,-1,-1,0,0.0,0.0,optimal_shannon,throughput
43.0,wn_8,direct,BS_2,-1,1,2327.417164738598,550.0,optimal_shannon,throughput
43.0,ew_8,relay,BS_2,ew_9,1,1440.374170426709,550.0,optimal_shannon,throughput
43.0,sn_14,relay,BS_1,sn_12,1,1343.7205911683536,550.0,optimal_shannon,throughput
43.0,ns_11,none,-1,-1,0,0.0,0.0,optimal_shannon,throughput
43.0,we_5,direct,BS_3,-1,1,1890.248524883814,550.0,optimal_shannon,throughput
43.0,ew_5,none,-1,-1,0,0.0,0.0,optimal_shannon,throughput
43.0,wn_2,relay,BS_1,sn_8,1,1328.0293089870825,550.0,optimal_shannon,throughput
43.0,ns_14,none,-1,-1,0,0.0,0.0,optimal_shannon,throughput
43.0,we_7,direct,BS_3,-1,1,1921.875801306145,550.0,optimal_shannon,throughput
43.0,ns_5,none,-1,-1,0,0.0,0.0,optimal_shannon,throughput
43.0,ew_7,none,-1,-1,0,0.0,0.0,optimal_shannon,throughput
43.0,ns_18,direct,BS_3,-1,1,1366.6399843040144,550.0,optimal_shannon,throughput
43.0,we_18,relay,BS_2,se_8,1,1543.3202971479018,550.0,optimal_shannon,throughput
43.0,sn_13,relay,BS_1,sn_12,1,1343.7205911683536,550.0,optimal_shannon,throughput
43.0,se_3,direct,BS_1,-1,1,1512.1666749161006,550.0,optimal_shannon,throughput
43.0,se_1,relay,BS_3,we_9,1,1712.0307073211904,550.0,optimal_shannon,throughput
43.0,se_8,direct,BS_1,-1,1,1357.0071590805744,550.0,optimal_shannon,throughput
43.0,ew_10,relay,BS_2,ew_9,1,1440.374170426709,550.0,optimal_shannon,throughput
43.0,wn_7,relay,BS_2,wn_8,1,2194.0414971078535,550.0,optimal_shannon,throughput
43.0,ns_12,direct,BS_3,-1,1,1345.0492431586404,550.0,optimal_shannon,throughput
43.0,ns_7,none,-1,-1,0,0.0,0.0,optimal_shannon,throughput
43.0,ns_10,direct,BS_3,-1,1,1335.416541634048,550.0,optimal_shannon,throughput
43.0,wn_5,relay,BS_1,sn_12,1,1301.456817302373,550.0,optimal_shannon,throughput
43.0,ns_13,none,-1,-1,0,0.0,0.0,optimal_shannon,throughput
43.0,we_17,relay,BS_2,se_8,1,1543.3202971479018,550.0,optimal_shannon,throughput
43.0,we_9,relay,BS_1,se_1,1,1712.0307073211904,550.0,optimal_shannon,throughput
43.0,ew_16,relay,BS_2,ew_17,1,1741.9278706425844,550.0,optimal_shannon,throughput
43.0,wn_4,relay,BS_1,wn_5,1,1367.6364863460574,550.0,optimal_shannon,throughput
43.0,sn_8,relay,BS_1,wn_2,1,1328.0293089870825,550.0,optimal_shannon,throughput
43.0,sn_11,relay,BS_1,sn_8,1,1257.6135587190768,550.0,optimal_shannon,throughput
43.0,ns_19,none,-1,-1,0,0.0,0.0,optimal_shannon,throughput
43.0,ew_12,none,-1,-1,0,0.0,0.0,optimal_shannon,throughput
43.0,se_6,relay,BS_2,se_8,1,1543.3202971479018,550.0,optimal_shannon,throughput
43.0,ew_15,relay,BS_2,ew_9,1,920.3269899377848,550.0,optimal_shannon,throughput
43.0,sn_10,relay,BS_1,sn_8,1,1337.741671013432,550.0,optimal_shannon,throughput
43.0,wn_9,relay,BS_2,wn_8,1,951.5054734659848,550.0,optimal_shannon,throughput
43.0,sn_15,relay,BS_1,sn_12,1,1343.7205911683536,550.0,optimal_shannon,throughput
43.0,ew_18,relay,BS_2,ew_17,1,1857.5790746618409,550.0,optimal_shannon,throughput
43.0,we_11,direct,BS_1,-1,1,1754.3964487585122,550.0,optimal_shannon,throughput
43.0,sn_4,direct,BS_2,-1,1,2235.07835129223,550.0,optimal_shannon,throughput
43.0,ns_16,none,-1,-1,0,0.0,0.0,optimal_shannon,throughput
43.0,sn_6,direct,BS_2,-1,1,2215.6211343615923,550.0,optimal_shannon,throughput
43.0,ns_9,direct,BS_3,-1,1,1316.8156404491087,550.0,optimal_shannon,throughput
43.0,ns_15,none,-1,-1,0,0.0,0.0,optimal_shannon,throughput
43.0,ns_4,none,-1,-1,0,0.0,0.0,optimal_shannon,throughput
43.0,ns_8,none,-1,-1,0,0.0,0.0,optimal_shannon,throughput
43.0,we_15,relay,BS_1,se_3,1,1464.883860641002,550.0,optimal_shannon,throughput
43.0,wn_1,relay,BS_1,wn_2,1,1343.388428342773,550.0,optimal_shannon,throughput
43.0,we_4,direct,BS_3,-1,1,1861.733696256047,550.0,optimal_shannon,throughput
43.0,ew_14,relay,BS_2,ew_9,1,923.9749895453648,550.0,optimal_shannon,throughput
43.0,sn_12,relay,BS_1,wn_5,1,1301.456817302373,550.0,optimal_shannon,throughput
43.0,we_13,relay,BS_1,se_3,1,1512.1666749161006,550.0,optimal_shannon,throughput
43.0,sn_9,relay,BS_1,sn_8,1,1337.741671013432,550.0,optimal_shannon,throughput
43.0,se_5,relay,BS_1,se_3,1,1512.1666749161006,550.0,optimal_shannon,throughput
43.0,wn_6,relay,BS_2,wn_8,1,2327.417164738598,550.0,optimal_shannon,throughput
43.0,se_0,relay,BS_3,we_9,1,1727.5616386453262,550.0,optimal_shannon,throughput
43.0,wn_0,relay,BS_1,wn_2,1,1343.388428342773,550.0,optimal_shannon,throughput
43.0,ew_19,relay,BS_2,ew_17,1,1741.9278706425844,550.0,optimal_shannon,throughput
43.0,we_12,relay,BS_1,se_3,1,1512.1666749161006,550.0,optimal_shannon,throughput
43.0,we_6,direct,BS_3,-1,1,1909.8090317433807,550.0,optimal_shannon,throughput
43.0,we_19,relay,BS_2,se_8,1,1543.3202971479018,550.0,optimal_shannon,throughput
44.0,we_16,relay,BS_2,se_7,1,1540.4322056757926,550.0,optimal_shannon,throughput
44.0,se_7,direct,BS_1,-1,1,1371.622499736167,550.0,optimal_shannon,throughput
44.0,ew_6,relay,BS_2,ew_5,1,1320.1372117723824,550.0,optimal_shannon,throughput
44.0,ew_9,none,-1,-1,0,0.0,0.0,optimal_shannon,throughput
44.0,se_9,relay,BS_2,se_7,1,871.261798117234,550.0,optimal_shannon,throughput
44.0,sn_19,relay,BS_2,sn_18,1,2064.4863535540317,550.0,optimal_shannon,throughput
44.0,we_8,direct,BS_1,-1,1,1753.2179024808688,550.0,optimal_shannon,throughput
44.0,we_14,relay,BS_3,se_4,1,1581.4832644501575,550.0,optimal_shannon,throughput
44.0,ew_11,relay,BS_2,ew_9,1,1335.6689956022717,550.0,optimal_shannon,throughput
44.0,sn_16,relay,BS_2,sn_18,1,1599.0863548469265,550.0,optimal_shannon,throughput
44.0,ns_17,relay,BS_3,ns_16,1,1350.0316977767973,550.0,optimal_shannon,throughput
44.0,sn_17,relay,BS_2,sn_18,1,1861.5168182576565,550.0,optimal_shannon,throughput
44.0,se_4,none,-1,-1,0,0.0,0.0,optimal_shannon,throughput
44.0,we_10,relay,BS_3,se_2,1,1801.2329599159914,550.0,optimal_shannon,throughput
44.0,wn_3,relay,BS_1,wn_5,1,1365.3113157388375,550.0,optimal_shannon,throughput
44.0,se_2,relay,BS_3,se_1,1,1639.945524005977,550.0,optimal_shannon,throughput
44.0,ew_4,relay,BS_2,ew_5,1,1320.1372117723824,550.0,optimal_shannon,throughput
44.0,ew_13,none,-1,-1,0,0.0,0.0,optimal_shannon,throughput
44.0,sn_18,direct,BS_2,-1,1,2338.4303939709807,550.0,optimal_shannon,throughput
44.0,ew_17,relay,BS_2,ew_13,1,901.0947715414565,550.0,optimal_shannon,throughput
44.0,wn_8,relay,BS_2,wn_6,1,1942.239516997978,550.0,optimal_shannon,throughput
44.0,ew_8,relay,BS_2,ew_9,1,1345.9489974736646,550.0,optimal_shannon,throughput
44.0,sn_14,relay,BS_1,sn_12,1,1357.6714901963403,550.0,optimal_shannon,throughput
44.0,ns_11,relay,BS_3,ns_4,1,950.841997974748,550.0,optimal_shannon,throughput
44.0,we_5,direct,BS_1,-1,1,1922.3706443405647,550.0,optimal_shannon,throughput
44.0,ew_5,relay,BS_2,ew_9,1,901.0947715414565,550.0,optimal_shannon,throughput
44.0,wn_2,relay,BS_1,sn_8,1,1288.1707869220102,550.0,optimal_shannon,throughput
44.0,ns_14,direct,BS_3,-1,1,1353.6855072983665,550.0,optimal_shannon,throughput
44.0,we_7,direct,BS_1,-1,1,1943.028734714599,550.0,optimal_shannon,throughput
44.0,ns_5,relay,BS_3,ns_4,1,1311.1689883729807,550.0,optimal_shannon,throughput
44.0,ew_7,relay,BS_2,ew_5,1,1254.2921809310817,550.0,optimal_shannon,throughput
44.0,ns_18,relay,BS_3,ns_16,1,1350.0316977767973,550.0,optimal_shannon,throughput
44.0,we_18,relay,BS_2,se_7,1,1540.4322056757926,550.0,optimal_shannon,throughput
44.0,sn_13,relay,BS_1,sn_12,1,1357.6714901963403,550.0,optimal_shannon,throughput
44.0,se_3,relay,BS_3,se_4,1,1581.4832644501575,550.0,optimal_shannon,throughput
44.0,se_1,relay,BS_3,se_2,1,1639.945524005977,550.0,optimal_shannon,throughput
44.0,se_8,relay,BS_2,se_7,1,1540.4322056757926,550.0,optimal_shannon,throughput
44.0,ew_10,relay,BS_2,ew_9,1,1345.9489974736646,550.0,optimal_shannon,throughput
44.0,wn_7,relay,BS_2,wn_6,1,1942.239516997978,550.0,optimal_shannon,throughput
44.0,ns_12,direct,BS_3,-1,1,1351.3603548711526,550.0,optimal_shannon,throughput
44.0,ns_10,relay,BS_3,ns_4,1,954.1594169995748,550.0,optimal_shannon,throughput
44.0,wn_5,relay,BS_1,sn_12,1,1265.2527746940088,550.0,optimal_shannon,throughput
44.0,ns_13,none,-1,-1,0,0.0,0.0,optimal_shannon,throughput
44.0,we_17,relay,BS_2,se_7,1,1540.4322056757926,550.0,optimal_shannon,throughput
44.0,we_9,relay,BS_3,se_1,1,1777.503099609125,550.0,optimal_shannon,throughput
44.0,ew_16,relay,BS_2,ew_17,1,1689.7739580009074,550.0,optimal_shannon,throughput
44.0,wn_4,relay,BS_1,wn_5,1,1365.3113157388375,550.0,optimal_shannon,throughput
44.0,sn_8,relay,BS_1,wn_2,1,1288.1707869220102,550.0,optimal_shannon,throughput
44.0,sn_11,relay,BS_1,sn_8,1,1226.0610184751602,550.0,optimal_shannon,throughput
44.0,ns_19,relay,BS_3,ns_16,1,1350.0316977767973,550.0,optimal_shannon,throughput
44.0,ew_12,relay,BS_2,ew_13,1,1560.2204810853996,550.0,optimal_shannon,throughput
44.0,se_6,relay,BS_2,se_7,1,1540.4322056757926,550.0,optimal_shannon,throughput
44.0,ew_15,relay,BS_2,ew_13,1,1450.2679758319289,550.0,optimal_shannon,throughput
44.0,sn_10,relay,BS_1,sn_8,1,1319.393190605508,550.0,optimal_shannon,throughput
44.0,wn_9,relay,BS_2,wn_6,1,915.3526984168464,550.0,optimal_shannon,throughput
44.0,sn_15,relay,BS_1,sn_12,1,1343.308720797024,550.0,optimal_shannon,throughput
44.0,ew_18,relay,BS_2,ew_17,1,1779.797660896953,550.0,optimal_shannon,throughput
44.0,we_11,direct,BS_1,-1,1,1795.739667819776,550.0,optimal_shannon,throughput
44.0,sn_4,direct,BS_2,-1,1,2185.175718585691,550.0,optimal_shannon,throughput
44.0,ns_16,direct,BS_3,-1,1,1350.0316977767973,550.0,optimal_shannon,throughput
44.0,ns_9,relay,BS_3,ns_4,1,917.0107625790808,550.0,optimal_shannon,throughput
44.0,ns_15,none,-1,-1,0,0.0,0.0,optimal_shannon,throughput
44.0,ns_4,direct,BS_3,-1,1,1311.1689883729807,550.0,optimal_shannon,throughput
44.0,ns_8,none,-1,-1,0,0.0,0.0,optimal_shannon,throughput
44.0,we_15,relay,BS_3,se_4,1,1453.257583649943,550.0,optimal_shannon,throughput
44.0,wn_1,relay,BS_1,wn_2,1,1320.1372117723824,550.0,optimal_shannon,throughput
44.0,we_4,direct,BS_3,-1,1,1915.6151732284443,550.0,optimal_shannon,throughput
44.0,ew_14,relay,BS_2,ew_13,1,1616.360130949696,550.0,optimal_shannon,throughput
44.0,sn_12,relay,BS_1,wn_5,1,1265.2527746940088,550.0,optimal_shannon,throughput
44.0,we_13,relay,BS_3,se_4,1,1581.4832644501575,550.0,optimal_shannon,throughput
44.0,sn_9,relay,BS_1,sn_8,1,1330.4341336618409,550.0,optimal_shannon,throughput
44.0,se_5,relay,BS_3,se_4,1,1581.4832644501575,550.0,optimal_shannon,throughput
44.0,wn_6,direct,BS_2,-1,1,2325.032877621594,550.0,optimal_shannon,throughput
44.0,se_0,relay,BS_3,se_1,1,1554.5733191044933,550.0,optimal_shannon,throughput
44.0,wn_0,relay,BS_1,wn_2,1,1320.1372117723824,550.0,optimal_shannon,throughput
44.0,ew_19,relay,BS_2,ew_17,1,1641.6064689489626,550.0,optimal_shannon,throughput
44.0,we_12,relay,BS_3,se_4,1,1501.4238130610556,550.0,optimal_shannon,throughput
44.0,we_6,direct,BS_1,-1,1,1932.2267524828912,550.0,optimal_shannon,throughput
44.0,we_19,relay,BS_2,se_7,1,1540.4322056757926,550.0,optimal_shannon,throughput
45.0,se_1,relay,BS_3,we_9,1,1834.770422645613,550.0,optimal_shannon,throughput
45.0,we_16,relay,BS_3,we_18,1,1433.592725435068,550.0,optimal_shannon,throughput
45.0,se_8,relay,BS_3,we_18,1,1433.592725435068,550.0,optimal_shannon,throughput
45.0,sn_15,direct,BS_2,-1,1,2305.2030211515153,550.0,optimal_shannon,throughput
45.0,sn_10,relay,BS_1,wn_2,1,1081.60778671732,550.0,optimal_shannon,throughput
45.0,se_7,relay,BS_3,we_18,1,1433.592725435068,550.0,optimal_shannon,throughput
45.0,ew_18,relay,BS_2,ew_13,1,901.0947715414565,550.0,optimal_shannon,throughput
45.0,ew_4,none,-1,-1,0,0.0,0.0,optimal_shannon,throughput
45.0,ew_6,none,-1,-1,0,0.0,0.0,optimal_shannon,throughput
45.0,sn_18,direct,BS_2,-1,1,2332.2826685123605,550.0,optimal_shannon,throughput
45.0,ew_13,none,-1,-1,0,0.0,0.0,optimal_shannon,throughput
45.0,ew_17,relay,BS_2,ew_13,1,901.0947715414565,550.0,optimal_shannon,throughput
45.0,we_11,direct,BS_3,-1,1,1865.4325585786328,550.0,optimal_shannon,throughput
45.0,ew_8,none,-1,-1,0,0.0,0.0,optimal_shannon,throughput
45.0,wn_8,relay,BS_2,wn_7,1,2194.0414971078535,550.0,optimal_shannon,throughput
45.0,sn_14,direct,BS_2,-1,1,2315.572819932427,550.0,optimal_shannon,throughput
45.0,ew_10,none,-1,-1,0,0.0,0.0,optimal_shannon,throughput
45.0,ns_16,direct,BS_3,-1,1,1355.3463323942542,550.0,optimal_shannon,throughput
45.0,wn_7,relay,BS_2,sn_18,1,1125.1042058880685,550.0,optimal_shannon,throughput
45.0,ns_12,relay,BS_3,ns_14,1,1353.0211777094507,550.0,optimal_shannon,throughput
45.0,ns_11,relay,BS_3,ns_14,1,868.9420360494853,550.0,optimal_shannon,throughput
45.0,ew_9,none,-1,-1,0,0.0,0.0,optimal_shannon,throughput
45.0,we_5,direct,BS_3,-1,1,1967.027189438636,550.0,optimal_shannon,throughput
45.0,ns_9,none,-1,-1,0,0.0,0.0,optimal_shannon,throughput
45.0,se_9,direct,BS_1,-1,1,1304.5259003322496,550.0,optimal_shannon,throughput
45.0,sn_19,relay,BS_2,sn_18,1,1922.640171116215,550.0,optimal_shannon,throughput
45.0,ns_15,relay,BS_3,ns_14,1,1353.0211777094507,550.0,optimal_shannon,throughput
45.0,ns_10,direct,BS_3,-1,1,1318.4764250839958,550.0,optimal_shannon,throughput
45.0,ns_8,none,-1,-1,0,0.0,0.0,optimal_shannon,throughput
45.0,we_8,relay,BS_1,se_0,1,1793.675108293309,550.0,optimal_shannon,throughput
45.0,we_14,relay,BS_1,se_4,1,1500.4272648513231,550.0,optimal_shannon,throughput
45.0,ew_11,none,-1,-1,0,0.0,0.0,optimal_shannon,throughput
45.0,wn_5,relay,BS_1,wn_3,1,1356.6749936169529,550.0,optimal_shannon,throughput
45.0,sn_16,relay,BS_2,sn_18,1,1533.977827742418,550.0,optimal_shannon,throughput
45.0,ns_13,relay,BS_3,ns_14,1,1353.0211777094507,550.0,optimal_shannon,throughput
45.0,we_15,relay,BS_1,se_4,1,1353.605799256266,550.0,optimal_shannon,throughput
45.0,ew_5,none,-1,-1,0,0.0,0.0,optimal_shannon,throughput
45.0,wn_2,direct,BS_2,-1,1,2284.0855968439614,550.0,optimal_shannon,throughput
45.0,ns_17,relay,BS_3,ns_14,1,876.8958742535236,550.0,optimal_shannon,throughput
45.0,sn_17,relay,BS_2,sn_18,1,1782.455191818086,550.0,optimal_shannon,throughput
45.0,ns_14,direct,BS_3,-1,1,1353.0211777094507,550.0,optimal_shannon,throughput
45.0,wn_1,relay,BS_1,wn_2,1,1318.4764250839958,550.0,optimal_shannon,throughput
45.0,we_4,direct,BS_1,-1,1,1934.080799119765,550.0,optimal_shannon,throughput
45.0,we_17,relay,BS_3,we_18,1,1433.592725435068,550.0,optimal_shannon,throughput
45.0,sn_12,direct,BS_2,-1,1,2308.043386501254,550.0,optimal_shannon,throughput
45.0,ew_14,relay,BS_2,ew_13,1,1558.441304451868,550.0,optimal_shannon,throughput
45.0,se_4,direct,BS_1,-1,1,1651.8330271433,550.0,optimal_shannon,throughput
45.0,we_10,direct,BS_3,-1,1,1860.0789634880723,550.0,optimal_shannon,throughput
45.0,we_13,relay,BS_1,se_4,1,1651.8330271433,550.0,optimal_shannon,throughput
45.0,we_9,relay,BS_1,se_1,1,1827.7419268574945,550.0,optimal_shannon,throughput
45.0,ew_7,none,-1,-1,0,0.0,0.0,optimal_shannon,throughput
45.0,sn_9,relay,BS_1,wn_2,1,1149.013044756735,550.0,optimal_shannon,throughput
45.0,wn_3,direct,BS_2,-1,1,2338.5448884384396,550.0,optimal_shannon,throughput
45.0,ew_16,none,-1,-1,0,0.0,0.0,optimal_shannon,throughput
45.0,wn_4,relay,BS_1,wn_3,1,1356.6749936169529,550.0,optimal_shannon,throughput
45.0,se_5,relay,BS_1,se_4,1,1651.8330271433,550.0,optimal_shannon,throughput
45.0,wn_6,relay,BS_2,wn_7,1,1841.2531110605803,550.0,optimal_shannon,throughput
45.0,se_0,relay,BS_1,se_1,1,1522.683555519577,550.0,optimal_shannon,throughput
45.0,ns_18,direct,BS_3,-1,1,1340.7311282396531,550.0,optimal_shannon,throughput
45.0,sn_8,relay,BS_1,wn_2,1,1252.9636333878398,550.0,optimal_shannon,throughput
45.0,sn_11,relay,BS_1,wn_2,1,1040.774267607229,550.0,optimal_shannon,throughput
45.0,ns_19,none,-1,-1,0,0.0,0.0,optimal_shannon,throughput
45.0,wn_0,relay,BS_1,wn_2,1,1318.4764250839958,550.0,optimal_shannon,throughput
45.0,ew_12,relay,BS_2,ew_13,1,1533.6456429526067,550.0,optimal_shannon,throughput
45.0,we_18,direct,BS_1,-1,1,1427.4746258039306,550.0,optimal_shannon,throughput
45.0,ew_19,relay,BS_2,ew_13,1,930.2764376058474,550.0,optimal_shannon,throughput
45.0,we_12,relay,BS_1,se_4,1,1564.8710884144857,550.0,optimal_shannon,throughput
45.0,se_6,relay,BS_3,we_18,1,1433.592725435068,550.0,optimal_shannon,throughput
45.0,we_19,relay,BS_3,we_18,1,1433.592725435068,550.0,optimal_shannon,throughput
45.0,sn_13,direct,BS_1,-1,1,1328.773334756027,550.0,optimal_shannon,throughput
45.0,ew_15,relay,BS_2,ew_13,1,1410.4068166079207,550.0,optimal_shannon,throughput
45.0,se_2,relay,BS_3,we_9,1,1661.2056351293986,550.0,optimal_shannon,throughput
45.0,se_3,relay,BS_1,se_4,1,1649.2468184649504,550.0,optimal_shannon,throughput
45.0,wn_9,direct,BS_2,-1,1,2269.011873364714,550.0,optimal_shannon,throughput
46.0,se_1,relay,BS_1,we_9,1,1736.280625739299,550.0,optimal_shannon,throughput
46.0,we_16,relay,BS_1,se_7,1,1484.6205668994212,550.0,optimal_shannon,throughput
46.0,se_8,relay,BS_1,se_7,1,1484.6205668994212,550.0,optimal_shannon,throughput
46.0,sn_15,direct,BS_2,-1,1,2295.2253089913156,550.0,optimal_shannon,throughput
46.0,sn_10,none,-1,-1,0,0.0,0.0,optimal_shannon,throughput
46.0,se_7,none,-1,-1,0,0.0,0.0,optimal_shannon,throughput
46.0,ew_18,relay,BS_2,ew_13,1,926.2965236644944,550.0,optimal_shannon,throughput
46.0,ew_4,none,-1,-1,0,0.0,0.0,optimal_shannon,throughput
46.0,ew_13,none,-1,-1,0,0.0,0.0,optimal_shannon,throughput
46.0,sn_18,direct,BS_2,-1,1,2351.928900184783,550.0,optimal_shannon,throughput
46.0,ew_17,relay,BS_2,ew_13,1,901.0947715414565,550.0,optimal_shannon,throughput
46.0,wn_8,relay,BS_2,wn_7,1,1994.061533316467,550.0,optimal_shannon,throughput
46.0,we_11,direct,BS_1,-1,1,1906.301352474178,550.0,optimal_shannon,throughput
46.0,ew_8,none,-1,-1,0,0.0,0.0,optimal_shannon,throughput
46.0,sn_14,relay,BS_1,sn_15,1,1339.0703179579352,550.0,optimal_shannon,throughput
46.0,ew_10,none,-1,-1,0,0.0,0.0,optimal_shannon,throughput
46.0,ns_16,relay,BS_3,ns_19,1,1366.3078170741403,550.0,optimal_shannon,throughput
46.0,wn_7,direct,BS_2,-1,1,2350.3869910241738,550.0,optimal_shannon,throughput
46.0,ns_12,relay,BS_3,ns_19,1,935.5832595893398,550.0,optimal_shannon,throughput
46.0,ns_11,none,-1,-1,0,0.0,0.0,optimal_shannon,throughput
46.0,ew_9,none,-1,-1,0,0.0,0.0,optimal_shannon,throughput
46.0,ns_9,none,-1,-1,0,0.0,0.0,optimal_shannon,throughput
46.0,se_9,direct,BS_3,-1,1,1372.2868361029566,550.0,optimal_shannon,throughput
46.0,sn_19,relay,BS_2,sn_18,1,1828.962013879957,550.0,optimal_shannon,throughput
46.0,ns_15,direct,BS_3,-1,1,1334.4200587065657,550.0,optimal_shannon,throughput
46.0,ns_10,none,-1,-1,0,0.0,0.0,optimal_shannon,throughput
46.0,ns_8,none,-1,-1,0,0.0,0.0,optimal_shannon,throughput
46.0,we_8,relay,BS_1,se_0,1,1852.9512548106345,550.0,optimal_shannon,throughput
46.0,we_14,relay,BS_3,se_4,1,1406.0885590286684,550.0,optimal_shannon,throughput
46.0,ew_11,none,-1,-1,0,0.0,0.0,optimal_shannon,throughput
46.0,wn_5,relay,BS_1,wn_3,1,1348.703041738508,550.0,optimal_shannon,throughput
46.0,sn_16,relay,BS_2,sn_18,1,1480.8285278534809,550.0,optimal_shannon,throughput
46.0,ns_13,direct,BS_3,-1,1,1330.76629367052,550.0,optimal_shannon,throughput
46.0,we_15,direct,BS_1,-1,1,1730.0738749041002,550.0,optimal_shannon,throughput
46.0,ew_5,none,-1,-1,0,0.0,0.0,optimal_shannon,throughput
46.0,wn_2,relay,BS_1,sn_15,1,1087.9160246309443,550.0,optimal_shannon,throughput
46.0,ns_17,relay,BS_3,ns_19,1,1366.3078170741403,550.0,optimal_shannon,throughput
46.0,sn_17,relay,BS_2,sn_18,1,1721.996424017484,550.0,optimal_shannon,throughput
46.0,ns_14,direct,BS_3,-1,1,1317.8121109822955,550.0,optimal_shannon,throughput
46.0,wn_1,relay,BS_1,sn_15,1,1144.696062193428,550.0,optimal_shannon,throughput
46.0,we_4,direct,BS_3,-1,1,1978.852318357588,550.0,optimal_shannon,throughput
46.0,we_17,relay,BS_1,se_7,1,1484.6205668994212,550.0,optimal_shannon,throughput
46.0,sn_12,relay,BS_1,sn_15,1,1263.9242107855391,550.0,optimal_shannon,throughput
46.0,ew_14,relay,BS_2,ew_13,1,1465.8753601921542,550.0,optimal_shannon,throughput
46.0,se_4,direct,BS_1,-1,1,1697.5688180920451,550.0,optimal_shannon,throughput
46.0,we_10,direct,BS_3,-1,1,1887.2009966936675,550.0,optimal_shannon,throughput
46.0,we_13,relay,BS_3,se_4,1,1702.397185772686,550.0,optimal_shannon,throughput
46.0,we_9,direct,BS_3,-1,1,1870.0602504818253,550.0,optimal_shannon,throughput
46.0,sn_9,direct,BS_1,-1,1,1310.8368331367035,550.0,optimal_shannon,throughput
46.0,wn_3,direct,BS_2,-1,1,2329.4274869216133,550.0,optimal_shannon,throughput
46.0,ew_16,relay,BS_2,ew_13,1,886.1766222112971,550.0,optimal_shannon,throughput
46.0,wn_4,relay,BS_1,wn_3,1,1348.703041738508,550.0,optimal_shannon,throughput
46.0,se_5,relay,BS_3,se_4,1,1703.2839753873316,550.0,optimal_shannon,throughput
46.0,wn_6,relay,BS_2,wn_7,1,1767.1743920242343,550.0,optimal_shannon,throughput
46.0,se_0,direct,BS_1,-1,1,1852.9512548106345,550.0,optimal_shannon,throughput
46.0,ns_18,relay,BS_3,ns_19,1,1366.3078170741403,550.0,optimal_shannon,throughput
46.0,sn_8,direct,BS_2,-1,1,2220.993111609332,550.0,optimal_shannon,throughput
46.0,sn_11,direct,BS_2,-1,1,2205.689176974172,550.0,optimal_shannon,throughput
46.0,ns_19,direct,BS_3,-1,1,1366.3078170741403,550.0,optimal_shannon,throughput
46.0,wn_0,relay,BS_1,sn_15,1,1249.6422736255872,550.0,optimal_shannon,throughput
46.0,ew_12,relay,BS_2,ew_13,1,1465.8753601921542,550.0,optimal_shannon,throughput
46.0,we_18,relay,BS_1,se_7,1,1462.2264225761207,550.0,optimal_shannon,throughput
46.0,ew_19,relay,BS_2,ew_13,1,904.4103339702942,550.0,optimal_shannon,throughput
46.0,we_12,relay,BS_3,se_4,1,1652.9009002341809,550.0,optimal_shannon,throughput
46.0,se_6,relay,BS_1,se_7,1,1484.6205668994212,550.0,optimal_shannon,throughput
46.0,we_19,relay,BS_1,se_7,1,1362.9064395799032,550.0,optimal_shannon,throughput
46.0,sn_13,relay,BS_1,sn_15,1,1339.0703179579352,550.0,optimal_shannon,throughput
46.0,ew_15,relay,BS_2,ew_13,1,1374.200137622239,550.0,optimal_shannon,throughput
46.0,se_2,relay,BS_1,we_9,1,1788.434637155873,550.0,optimal_shannon,throughput
46.0,se_3,relay,BS_3,se_4,1,1608.0554271682956,550.0,optimal_shannon,throughput
46.0,wn_9,direct,BS_2,-1,1,2306.205606454598,550.0,optimal_shannon,throughput
47.0,se_1,relay,BS_3,we_9,1,1590.7816658781758,550.0,optimal_shannon,throughput
47.0,we_16,relay,BS_3,we_17,1,1548.261790603806,550.0,optimal_shannon,throughput
47.0,se_8,relay,BS_3,we_17,1,1565.2890200010736,550.0,optimal_shannon,throughput
47.0,sn_15,direct,BS_1,-1,1,1314.4905454554623,550.0,optimal_shannon,throughput
47.0,se_7,relay,BS_3,we_17,1,1556.898620547157,550.0,optimal_shannon,throughput
47.0,ew_18,relay,BS_2,ew_13,1,897.4478239235167,550.0,optimal_shannon,throughput
47.0,ew_13,none,-1,-1,0,0.0,0.0,optimal_shannon,throughput
47.0,ew_17,relay,BS_2,ew_13,1,901.0947715414565,550.0,optimal_shannon,throughput
47.0,sn_18,direct,BS_1,-1,1,1342.059777733184,550.0,optimal_shannon,throughput
47.0,wn_8,relay,BS_2,wn_7,1,1878.4586117321496,550.0,optimal_shannon,throughput
47.0,we_11,direct,BS_3,-1,1,1957.1985685515797,550.0,optimal_shannon,throughput
47.0,ew_8,relay,BS_2,ew_9,1,1315.1548578914949,550.0,optimal_shannon,throughput
47.0,sn_14,relay,BS_1,sn_15,1,1314.4905454554623,550.0,optimal_shannon,throughput
47.0,ew_10,relay,BS_2,ew_9,1,1315.1548578914949,550.0,optimal_shannon,throughput
47.0,ns_16,direct,BS_3,-1,1,1348.0387141184383,550.0,optimal_shannon,throughput
47.0,wn_7,direct,BS_2,-1,1,2335.365908116903,550.0,optimal_shannon,throughput
47.0,ns_12,none,-1,-1,0,0.0,0.0,optimal_shannon,throughput
47.0,ew_9,relay,BS_2,ew_13,1,901.0947715414565,550.0,optimal_shannon,throughput
47.0,ns_9,none,-1,-1,0,0.0,0.0,optimal_shannon,throughput
47.0,se_9,direct,BS_1,-1,1,1338.7381561145787,550.0,optimal_shannon,throughput
47.0,sn_19,direct,BS_2,-1,1,2330.772964379238,550.0,optimal_shannon,throughput
47.0,ns_15,direct,BS_3,-1,1,1328.773334756027,550.0,optimal_shannon,throughput
47.0,ns_10,none,-1,-1,0,0.0,0.0,optimal_shannon,throughput
47.0,ns_8,none,-1,-1,0,0.0,0.0,optimal_shannon,throughput
47.0,we_8,direct,BS_1,-1,1,1876.1686748770317,550.0,optimal_shannon,throughput
47.0,we_14,direct,BS_1,-1,1,1778.3032585033675,550.0,optimal_shannon,throughput
47.0,ew_11,relay,BS_2,ew_9,1,1258.2778357888287,550.0,optimal_shannon,throughput
47.0,wn_5,direct,BS_2,-1,1,2295.711840485882,550.0,optimal_shannon,throughput
47.0,sn_16,relay,BS_2,wn_7,1,1144.696062193428,550.0,optimal_shannon,throughput
47.0,ns_13,none,-1,-1,0,0.0,0.0,optimal_shannon,throughput
47.0,we_15,direct,BS_1,-1,1,1788.9857221883744,550.0,optimal_shannon,throughput
47.0,wn_2,relay,BS_1,sn_15,1,1129.4209667851117,550.0,optimal_shannon,throughput
47.0,ns_17,none,-1,-1,0,0.0,0.0,optimal_shannon,throughput
47.0,sn_17,direct,BS_1,-1,1,1361.989648501154,550.0,optimal_shannon,throughput
47.0,ns_14,none,-1,-1,0,0.0,0.0,optimal_shannon,throughput
47.0,wn_1,relay,BS_1,sn_15,1,1204.8053468162193,550.0,optimal_shannon,throughput
47.0,we_17,direct,BS_3,-1,1,1565.2890200010736,550.0,optimal_shannon,throughput
47.0,ew_14,relay,BS_2,ew_13,1,1375.917689114861,550.0,optimal_shannon,throughput
47.0,sn_12,relay,BS_1,sn_15,1,1231.707167592036,550.0,optimal_shannon,throughput
47.0,se_4,relay,BS_1,we_12,1,1730.0738749041002,550.0,optimal_shannon,throughput
47.0,we_10,direct,BS_3,-1,1,1943.812906774333,550.0,optimal_shannon,throughput
47.0,we_13,relay,BS_3,se_4,1,1572.8435648600712,550.0,optimal_shannon,throughput
47.0,we_9,relay,BS_3,se_2,1,1929.1092523948553,550.0,optimal_shannon,throughput
47.0,wn_3,direct,BS_2,-1,1,2297.923431339706,550.0,optimal_shannon,throughput
47.0,ew_16,relay,BS_2,ew_13,1,884.519249034644,550.0,optimal_shannon,throughput
47.0,wn_4,direct,BS_2,-1,1,2313.4563942180325,550.0,optimal_shannon,throughput
47.0,se_5,relay,BS_3,se_4,1,1664.52753043948,550.0,optimal_shannon,throughput
47.0,wn_6,relay,BS_2,wn_7,1,1709.0409932396317,550.0,optimal_shannon,throughput
47.0,se_0,direct,BS_1,-1,1,1889.0195854109795,550.0,optimal_shannon,throughput
47.0,ns_18,direct,BS_3,-1,1,1349.6995336678383,550.0,optimal_shannon,throughput
47.0,sn_8,direct,BS_2,-1,1,2215.840370561412,550.0,optimal_shannon,throughput
47.0,ns_19,none,-1,-1,0,0.0,0.0,optimal_shannon,throughput
47.0,wn_0,relay,BS_1,sn_15,1,1314.4905454554623,550.0,optimal_shannon,throughput
47.0,ew_12,relay,BS_2,ew_13,1,1375.917689114861,550.0,optimal_shannon,throughput
47.0,we_18,relay,BS_3,we_17,1,1565.2890200010736,550.0,optimal_shannon,throughput
47.0,ew_19,relay,BS_2,ew_13,1,919.6637340070504,550.0,optimal_shannon,throughput
47.0,we_12,relay,BS_3,se_4,1,1757.7462841646106,550.0,optimal_shannon,throughput
47.0,se_6,relay,BS_3,we_17,1,1429.008622803869,550.0,optimal_shannon,throughput
47.0,we_19,relay,BS_3,we_17,1,1432.6625635931146,550.0,optimal_shannon,throughput
47.0,sn_13,relay,BS_1,sn_15,1,1314.4905454554623,550.0,optimal_shannon,throughput
47.0,ew_15,relay,BS_2,ew_13,1,1341.6479077924469,550.0,optimal_shannon,throughput
47.0,se_2,relay,BS_3,we_9,1,1918.9453387876213,550.0,optimal_shannon,throughput
47.0,se_3,relay,BS_1,we_12,1,1730.0738749041002,550.0,optimal_shannon,throughput
47.0,wn_9,direct,BS_2,-1,1,2302.8448157274247,550.0,optimal_shannon,throughput
48.0,se_1,direct,BS_1,-1,1,1937.5592968931685,550.0,optimal_shannon,throughput
48.0,we_16,direct,BS_3,-1,1,1614.3216896587908,550.0,optimal_shannon,throughput
48.0,se_8,relay,BS_1,we_16,1,1618.1893739281168,550.0,optimal_shannon,throughput
48.0,sn_15,none,-1,-1,0,0.0,0.0,optimal_shannon,throughput
48.0,se_7,relay,BS_1,we_16,1,1618.1893739281168,550.0,optimal_shannon,throughput
48.0,ew_18,none,-1,-1,0,0.0,0.0,optimal_shannon,throughput
48.0,ew_13,relay,BS_2,ew_14,1,1324.787425225465,550.0,optimal_shannon,throughput
48.0,ew_17,none,-1,-1,0,0.0,0.0,optimal_shannon,throughput
48.0,sn_18,relay,BS_1,sn_17,1,1344.3849170262204,550.0,optimal_shannon,throughput
48.0,wn_8,direct,BS_2,-1,1,2350.731408500132,550.0,optimal_shannon,throughput
48.0,ew_8,relay,BS_2,ew_9,1,1315.8191706637344,550.0,optimal_shannon,throughput
48.0,sn_14,relay,BS_1,sn_15,1,1322.4623165413066,550.0,optimal_shannon,throughput
48.0,ew_10,relay,BS_2,ew_9,1,1315.8191706637344,550.0,optimal_shannon,throughput
48.0,ns_16,none,-1,-1,0,0.0,0.0,optimal_shannon,throughput
48.0,wn_7,direct,BS_2,-1,1,2334.0986787623883,550.0,optimal_shannon,throughput
48.0,ns_12,direct,BS_3,-1,1,1319.8050542715569,550.0,optimal_shannon,throughput
48.0,ew_9,relay,BS_2,ew_14,1,929.2814426072856,550.0,optimal_shannon,throughput
48.0,se_9,direct,BS_1,-1,1,1355.3463323942542,550.0,optimal_shannon,throughput
48.0,sn_19,relay,BS_1,sn_17,1,1344.3849170262204,550.0,optimal_shannon,throughput
48.0,ns_15,none,-1,-1,0,0.0,0.0,optimal_shannon,throughput
48.0,we_8,direct,BS_3,-1,1,1943.812906774333,550.0,optimal_shannon,throughput
48.0,we_14,direct,BS_3,-1,1,1830.139415814882,550.0,optimal_shannon,throughput
48.0,ew_11,relay,BS_2,ew_9,1,1236.6890998995823,550.0,optimal_shannon,throughput
48.0,wn_5,direct,BS_2,-1,1,2294.556032947839,550.0,optimal_shannon,throughput
48.0,sn_16,relay,BS_1,sn_17,1,1344.3849170262204,550.0,optimal_shannon,throughput
48.0,ns_13,none,-1,-1,0,0.0,0.0,optimal_shannon,throughput
48.0,we_15,direct,BS_3,-1,1,1853.7112156049905,550.0,optimal_shannon,throughput
48.0,wn_2,relay,BS_1,sn_15,1,1170.5986055652463,550.0,optimal_shannon,throughput
48.0,ns_17,direct,BS_3,-1,1,1346.710059682595,550.0,optimal_shannon,throughput
48.0,sn_17,direct,BS_2,-1,1,2319.4078420214196,550.0,optimal_shannon,throughput
48.0,ns_14,none,-1,-1,0,0.0,0.0,optimal_shannon,throughput
48.0,wn_1,relay,BS_1,sn_15,1,1277.542078710071,550.0,optimal_shannon,throughput
48.0,we_17,relay,BS_1,we_16,1,1520.3582669837529,550.0,optimal_shannon,throughput
48.0,ew_14,relay,BS_2,ew_9,1,929.2814426072856,550.0,optimal_shannon,throughput
48.0,sn_12,relay,BS_1,sn_15,1,1203.8090045369684,550.0,optimal_shannon,throughput
48.0,se_4,relay,BS_3,we_12,1,1807.7614263151936,550.0,optimal_shannon,throughput
48.0,we_10,direct,BS_3,-1,1,1962.7320587893223,550.0,optimal_shannon,throughput
48.0,we_13,direct,BS_3,-1,1,1823.5367425693728,550.0,optimal_shannon,throughput
48.0,we_9,direct,BS_1,-1,1,1949.633511174342,550.0,optimal_shannon,throughput
48.0,wn_3,direct,BS_2,-1,1,2303.4248486790425,550.0,optimal_shannon,throughput
48.0,ew_16,none,-1,-1,0,0.0,0.0,optimal_shannon,throughput
48.0,wn_4,direct,BS_2,-1,1,2278.024828312494,550.0,optimal_shannon,throughput
48.0,se_5,relay,BS_1,se_4,1,1622.6717102002012,550.0,optimal_shannon,throughput
48.0,wn_6,direct,BS_2,-1,1,2337.1425112650586,550.0,optimal_shannon,throughput
48.0,se_0,direct,BS_1,-1,1,1922.944487023697,550.0,optimal_shannon,throughput
48.0,ns_18,direct,BS_3,-1,1,1348.703041738508,550.0,optimal_shannon,throughput
48.0,ns_19,none,-1,-1,0,0.0,0.0,optimal_shannon,throughput
48.0,wn_0,relay,BS_1,sn_15,1,1322.4623165413066,550.0,optimal_shannon,throughput
48.0,ew_12,relay,BS_2,ew_14,1,1272.2277659919416,550.0,optimal_shannon,throughput
48.0,we_18,relay,BS_1,we_16,1,1341.6479077924469,550.0,optimal_shannon,throughput
48.0,ew_19,none,-1,-1,0,0.0,0.0,optimal_shannon,throughput
48.0,we_12,relay,BS_1,se_4,1,1800.5880161146447,550.0,optimal_shannon,throughput
48.0,se_6,relay,BS_1,we_16,1,1587.1276051693585,550.0,optimal_shannon,throughput
48.0,we_19,direct,BS_1,-1,1,1647.2476554945272,550.0,optimal_shannon,throughput
48.0,sn_13,relay,BS_1,sn_15,1,1322.4623165413066,550.0,optimal_shannon,throughput
48.0,ew_15,relay,BS_2,ew_14,1,1324.787425225465,550.0,optimal_shannon,throughput
48.0,se_2,relay,BS_1,we_9,1,1949.633511174342,550.0,optimal_shannon,throughput
48.0,se_3,relay,BS_3,we_12,1,1594.1035405572402,550.0,optimal_shannon,throughput
48.0,wn_9,direct,BS_2,-1,1,2324.0252005164857,550.0,optimal_shannon,throughput
49.0,se_1,direct,BS_3,-1,1,1970.17011810021,550.0,optimal_shannon,throughput
49.0,we_16,direct,BS_3,-1,1,1690.4006527725687,550.0,optimal_shannon,throughput
49.0,se_8,direct,BS_1,-1,1,1684.466387807939,550.0,optimal_shannon,throughput
49.0,sn_15,relay,BS_1,sn_13,1,1311.5011436956645,550.0,optimal_shannon,throughput
49.0,se_7,direct,BS_3,-1,1,1653.3926641134494,550.0,optimal_shannon,throughput
49.0,ew_18,relay,BS_2,ew_17,1,1488.5697849211642,550.0,optimal_shannon,throughput
49.0,ew_13,relay,BS_2,ew_14,1,1314.1583893640093,550.0,optimal_shannon,throughput
49.0,ew_17,none,-1,-1,0,0.0,0.0,optimal_shannon,throughput
49.0,sn_18,relay,BS_1,wn_3,1,1278.5385154849118,550.0,optimal_shannon,throughput
49.0,wn_8,direct,BS_2,-1,1,2326.8101600819177,550.0,optimal_shannon,throughput
49.0,ew_8,relay,BS_2,ew_14,1,997.626258094572,550.0,optimal_shannon,throughput
49.0,sn_14,relay,BS_1,sn_13,1,1311.5011436956645,550.0,optimal_shannon,throughput
49.0,ns_16,none,-1,-1,0,0.0,0.0,optimal_shannon,throughput
49.0,wn_7,direct,BS_2,-1,1,2328.039740391396,550.0,optimal_shannon,throughput
49.0,ns_12,none,-1,-1,0,0.0,0.0,optimal_shannon,throughput
49.0,ew_9,relay,BS_2,ew_14,1,935.2515743584628,550.0,optimal_shannon,throughput
49.0,se_9,direct,BS_1,-1,1,1421.312190518362,550.0,optimal_shannon,throughput
49.0,sn_19,relay,BS_1,wn_3,1,1330.76629367052,550.0,optimal_shannon,throughput
49.0,ns_15,none,-1,-1,0,0.0,0.0,optimal_shannon,throughput
49.0,we_14,direct,BS_3,-1,1,1893.5869670376992,550.0,optimal_shannon,throughput
49.0,we_8,direct,BS_1,-1,1,1960.35876938235,550.0,optimal_shannon,throughput
49.0,wn_5,relay,BS_1,wn_3,1,1330.76629367052,550.0,optimal_shannon,throughput
49.0,sn_16,direct,BS_2,-1,1,2294.5176007998693,550.0,optimal_shannon,throughput
49.0,ns_13,none,-1,-1,0,0.0,0.0,optimal_shannon,throughput
49.0,we_15,direct,BS_3,-1,1,1901.169307829894,550.0,optimal_shannon,throughput
49.0,ns_17,none,-1,-1,0,0.0,0.0,optimal_shannon,throughput
49.0,sn_17,direct,BS_2,-1,1,2302.855521376573,550.0,optimal_shannon,throughput
49.0,ns_14,none,-1,-1,0,0.0,0.0,optimal_shannon,throughput
49.0,se_4,direct,BS_3,-1,1,1855.0243872488495,550.0,optimal_shannon,throughput
49.0,we_17,direct,BS_1,-1,1,1710.7476779316796,550.0,optimal_shannon,throughput
49.0,ew_14,none,-1,-1,0,0.0,0.0,optimal_shannon,throughput
49.0,sn_12,relay,BS_1,sn_13,1,1311.5011436956645,550.0,optimal_shannon,throughput
49.0,we_13,direct,BS_3,-1,1,1876.6828154132843,550.0,optimal_shannon,throughput
49.0,wn_3,direct,BS_2,-1,1,2267.7880579385587,550.0,optimal_shannon,throughput
49.0,ew_16,relay,BS_2,ew_17,1,1488.5697849211642,550.0,optimal_shannon,throughput
49.0,wn_4,relay,BS_1,wn_3,1,1330.76629367052,550.0,optimal_shannon,throughput
49.0,se_5,direct,BS_1,-1,1,1847.719316271161,550.0,optimal_shannon,throughput
49.0,wn_6,direct,BS_2,-1,1,2332.8884245981803,550.0,optimal_shannon,throughput
49.0,se_0,direct,BS_1,-1,1,1947.4213443813785,550.0,optimal_shannon,throughput
49.0,ns_18,none,-1,-1,0,0.0,0.0,optimal_shannon,throughput
49.0,ns_19,none,-1,-1,0,0.0,0.0,optimal_shannon,throughput
49.0,wn_0,relay,BS_1,sn_13,1,1283.1885665512154,550.0,optimal_shannon,throughput
49.0,ew_12,relay,BS_2,ew_14,1,1249.3101383723044,550.0,optimal_shannon,throughput
49.0,we_18,direct,BS_1,-1,1,1726.0977351421436,550.0,optimal_shannon,throughput
49.0,ew_19,relay,BS_2,ew_17,1,1380.8435198923842,550.0,optimal_shannon,throughput
49.0,we_12,relay,BS_3,se_4,1,1855.0243872488495,550.0,optimal_shannon,throughput
49.0,se_6,direct,BS_3,-1,1,1638.0354976205442,550.0,optimal_shannon,throughput
49.0,we_19,direct,BS_3,-1,1,1733.534364011531,550.0,optimal_shannon,throughput
49.0,sn_13,direct,BS_2,-1,1,2235.5519693033243,550.0,optimal_shannon,throughput
49.0,ew_15,relay,BS_2,ew_14,1,1314.1583893640093,550.0,optimal_shannon,throughput
49.0,se_3,direct,BS_1,-1,1,1828.4256364817536,550.0,optimal_shannon,throughput
49.0,wn_9,direct,BS_2,-1,1,2322.0420009965615,550.0,optimal_shannon,throughput
50.0,we_16,relay,BS_1,se_8,1,1725.4654516387884,550.0,optimal_shannon,throughput
50.0,se_8,relay,BS_3,we_16,1,1733.5724877217272,550.0,optimal_shannon,throughput
50.0,se_7,relay,BS_1,se_8,1,1692.099288775825,550.0,optimal_shannon,throughput
50.0,ew_18,relay,BS_2,ew_13,1,905.0734639175674,550.0,optimal_shannon,throughput
50.0,ew_13,none,-1,-1,0,0.0,0.0,optimal_shannon,throughput
50.0,ew_17,direct,BS_2,-1,1,1399.7954922073625,550.0,optimal_shannon,throughput
50.0,sn_18,relay,BS_1,sn_19,1,1330.1019737287668,550.0,optimal_shannon,throughput
50.0,wn_8,direct,BS_2,-1,1,2297.4021914002005,550.0,optimal_shannon,throughput
50.0,ns_16,direct,BS_3,-1,1,1336.4130252188922,550.0,optimal_shannon,throughput
50.0,wn_7,direct,BS_2,-1,1,2310.0075460475537,550.0,optimal_shannon,throughput
50.0,ns_12,relay,BS_3,ns_13,1,1312.4976101801672,550.0,optimal_shannon,throughput
50.0,se_9,direct,BS_1,-1,1,1491.5948405375616,550.0,optimal_shannon,throughput
50.0,sn_19,direct,BS_2,-1,1,2271.332313313697,550.0,optimal_shannon,throughput
50.0,we_14,direct,BS_1,-1,1,1919.242394929702,550.0,optimal_shannon,throughput
50.0,wn_5,direct,BS_2,-1,1,2255.660243652017,550.0,optimal_shannon,throughput
50.0,sn_16,direct,BS_2,-1,1,2294.7955482582583,550.0,optimal_shannon,throughput
50.0,ns_13,relay,BS_3,ns_12,1,1313.4940774352006,550.0,optimal_shannon,throughput
50.0,we_15,direct,BS_1,-1,1,1934.080799119765,550.0,optimal_shannon,throughput
50.0,ns_17,relay,BS_3,ns_13,1,875.5701630586161,550.0,optimal_shannon,throughput
50.0,sn_17,relay,BS_1,sn_19,1,1330.1019737287668,550.0,optimal_shannon,throughput
50.0,ns_14,relay,BS_3,ns_13,1,1312.4976101801672,550.0,optimal_shannon,throughput
50.0,se_4,direct,BS_3,-1,1,1894.5344372301304,550.0,optimal_shannon,throughput
50.0,we_17,direct,BS_1,-1,1,1753.954635423657,550.0,optimal_shannon,throughput
50.0,ew_14,relay,BS_2,ew_13,1,1325.4517427027088,550.0,optimal_shannon,throughput
50.0,sn_12,relay,BS_1,sn_13,1,1311.8332991045552,550.0,optimal_shannon,throughput
50.0,we_13,direct,BS_1,-1,1,1906.301352474178,550.0,optimal_shannon,throughput
50.0,wn_3,relay,BS_1,sn_19,1,1330.1019737287668,550.0,optimal_shannon,throughput
50.0,ew_16,direct,BS_2,-1,1,1431.5315415323062,550.0,optimal_shannon,throughput
50.0,wn_4,relay,BS_1,sn_19,1,1311.4214379322048,550.0,optimal_shannon,throughput
50.0,se_5,direct,BS_3,-1,1,1889.7039562311595,550.0,optimal_shannon,throughput
50.0,wn_6,direct,BS_2,-1,1,2325.0727627698807,550.0,optimal_shannon,throughput
50.0,ns_18,relay,BS_3,ns_12,1,943.8757623288084,550.0,optimal_shannon,throughput
50.0,ns_19,relay,BS_3,ns_12,1,973.734200007858,550.0,optimal_shannon,throughput
50.0,ew_12,relay,BS_2,ew_13,1,1325.4517427027088,550.0,optimal_shannon,throughput
50.0,we_18,direct,BS_3,-1,1,1773.260879031875,550.0,optimal_shannon,throughput
50.0,ew_19,relay,BS_2,ew_13,1,942.2172054684288,550.0,optimal_shannon,throughput
50.0,we_12,direct,BS_3,-1,1,1899.6055373312488,550.0,optimal_shannon,throughput
50.0,se_6,direct,BS_3,-1,1,1714.4333427833535,550.0,optimal_shannon,throughput
50.0,we_19,direct,BS_1,-1,1,1789.590214694812,550.0,optimal_shannon,throughput
50.0,sn_13,direct,BS_1,-1,1,1311.8332991045552,550.0,optimal_shannon,throughput
50.0,ew_15,relay,BS_2,ew_13,1,1263.2599295494842,550.0,optimal_shannon,throughput
50.0,se_3,direct,BS_3,-1,1,1877.361883614976,550.0,optimal_shannon,throughput
50.0,wn_9,direct,BS_2,-1,1,2339.509397003289,550.0,optimal_shannon,throughput
51.0,we_16,direct,BS_1,-1,1,1780.0142994635692,550.0,optimal_shannon,throughput
51.0,se_8,relay,BS_1,we_16,1,1780.0142994635692,550.0,optimal_shannon,throughput
51.0,se_7,direct,BS_1,-1,1,1768.3497477489643,550.0,optimal_shannon,throughput
51.0,ew_18,relay,BS_2,ew_13,1,920.3269899377848,550.0,optimal_shannon,throughput
51.0,ew_13,relay,BS_2,ew_18,1,920.3269899377848,550.0,optimal_shannon,throughput
51.0,ew_17,relay,BS_2,ew_18,1,1342.059777733184,550.0,optimal_shannon,throughput
51.0,sn_18,relay,BS_2,sn_19,1,1578.1585536940513,550.0,optimal_shannon,throughput
51.0,wn_8,direct,BS_2,-1,1,2303.946245872146,550.0,optimal_shannon,throughput
51.0,ns_16,relay,BS_3,ns_18,1,1318.8085822581488,550.0,optimal_shannon,throughput
51.0,wn_7,direct,BS_2,-1,1,2287.8513937929324,550.0,optimal_shannon,throughput
51.0,ns_12,direct,BS_3,-1,1,1282.2718290283997,550.0,optimal_shannon,throughput
51.0,se_9,direct,BS_1,-1,1,1548.87128652978,550.0,optimal_shannon,throughput
51.0,sn_19,relay,BS_1,sn_17,1,1330.1019737287668,550.0,optimal_shannon,throughput
51.0,we_14,direct,BS_3,-1,1,1964.236886436562,550.0,optimal_shannon,throughput
51.0,wn_5,direct,BS_2,-1,1,2223.0378809821514,550.0,optimal_shannon,throughput
51.0,sn_16,direct,BS_2,-1,1,2273.345811873639,550.0,optimal_shannon,throughput
51.0,ns_17,relay,BS_3,ns_16,1,1326.1160604930028,550.0,optimal_shannon,throughput
51.0,sn_17,direct,BS_2,-1,1,2265.841601785776,550.0,optimal_shannon,throughput
51.0,se_4,direct,BS_3,-1,1,1929.0312654386184,550.0,optimal_shannon,throughput
51.0,we_17,direct,BS_1,-1,1,1787.8389014275724,550.0,optimal_shannon,throughput
51.0,ew_14,relay,BS_2,ew_13,1,1309.1760582583972,550.0,optimal_shannon,throughput
51.0,we_13,direct,BS_3,-1,1,1951.5230276265384,550.0,optimal_shannon,throughput
51.0,wn_3,relay,BS_2,sn_19,1,2103.3528914832596,550.0,optimal_shannon,throughput
51.0,ew_16,relay,BS_2,ew_18,1,1276.877788071845,550.0,optimal_shannon,throughput
51.0,wn_4,relay,BS_2,sn_19,1,1426.3512142159295,550.0,optimal_shannon,throughput
51.0,se_5,direct,BS_3,-1,1,1941.4952751327528,550.0,optimal_shannon,throughput
51.0,wn_6,direct,BS_2,-1,1,2311.6084777631568,550.0,optimal_shannon,throughput
51.0,ns_18,relay,BS_3,ns_16,1,1319.393190605508,550.0,optimal_shannon,throughput
51.0,ns_19,relay,BS_3,ns_18,1,1318.8085822581488,550.0,optimal_shannon,throughput
51.0,ew_12,relay,BS_2,ew_13,1,1309.1760582583972,550.0,optimal_shannon,throughput
51.0,we_18,direct,BS_3,-1,1,1836.010057152267,550.0,optimal_shannon,throughput
51.0,ew_19,relay,BS_2,ew_18,1,1342.059777733184,550.0,optimal_shannon,throughput
51.0,we_12,direct,BS_1,-1,1,1917.8661990879905,550.0,optimal_shannon,throughput
51.0,se_6,direct,BS_3,-1,1,1762.530824096543,550.0,optimal_shannon,throughput
51.0,we_19,direct,BS_1,-1,1,1839.9195485627315,550.0,optimal_shannon,throughput
51.0,ew_15,relay,BS_2,ew_13,1,1241.0068009594406,550.0,optimal_shannon,throughput
51.0,se_3,direct,BS_3,-1,1,1913.599586413258,550.0,optimal_shannon,throughput
51.0,wn_9,direct,BS_2,-1,1,2322.185049102612,550.0,optimal_shannon,throughput
52.0,we_16,direct,BS_3,-1,1,1826.968902083631,550.0,optimal_shannon,throughput
52.0,se_8,direct,BS_1,-1,1,1828.9226865760163,550.0,optimal_shannon,throughput
52.0,se_7,direct,BS_3,-1,1,1827.80447483199,550.0,optimal_shannon,throughput
52.0,ew_18,none,-1,-1,0,0.0,0.0,optimal_shannon,throughput
52.0,ew_13,none,-1,-1,0,0.0,0.0,optimal_shannon,throughput
52.0,ew_17,direct,BS_2,-1,1,1332.4270948419396,550.0,optimal_shannon,throughput
52.0,sn_18,relay,BS_2,wn_3,1,1890.749719591709,550.0,optimal_shannon,throughput
52.0,wn_8,direct,BS_2,-1,1,2271.6905028121178,550.0,optimal_shannon,throughput
52.0,ns_16,direct,BS_3,-1,1,1324.787425225465,550.0,optimal_shannon,throughput
52.0,wn_7,direct,BS_2,-1,1,2288.770403312508,550.0,optimal_shannon,throughput
52.0,se_9,direct,BS_3,-1,1,1631.6689387281758,550.0,optimal_shannon,throughput
52.0,sn_19,relay,BS_2,wn_3,1,1649.5790076755975,550.0,optimal_shannon,throughput
52.0,wn_5,direct,BS_2,-1,1,2187.1367579767825,550.0,optimal_shannon,throughput
52.0,sn_16,direct,BS_2,-1,1,2230.562363487892,550.0,optimal_shannon,throughput
52.0,ns_17,relay,BS_3,ns_16,1,1324.787425225465,550.0,optimal_shannon,throughput
52.0,sn_17,relay,BS_2,wn_3,1,1433.3269169511827,550.0,optimal_shannon,throughput
52.0,se_4,direct,BS_1,-1,1,1948.8242732900844,550.0,optimal_shannon,throughput
52.0,we_17,direct,BS_3,-1,1,1848.6995316249777,550.0,optimal_shannon,throughput
52.0,wn_3,direct,BS_2,-1,1,2205.996546065048,550.0,optimal_shannon,throughput
52.0,ew_16,direct,BS_2,-1,1,1326.1160604930028,550.0,optimal_shannon,throughput
52.0,wn_4,relay,BS_2,wn_3,1,1432.6625635931146,550.0,optimal_shannon,throughput
52.0,se_5,direct,BS_1,-1,1,1957.8328114803617,550.0,optimal_shannon,throughput
52.0,wn_6,direct,BS_2,-1,1,2277.744861755346,550.0,optimal_shannon,throughput
52.0,ns_18,relay,BS_3,ns_17,1,1319.472896852118,550.0,optimal_shannon,throughput
52.0,ns_19,relay,BS_3,ns_17,1,1319.472896852118,550.0,optimal_shannon,throughput
52.0,ew_12,none,-1,-1,0,0.0,0.0,optimal_shannon,throughput
52.0,we_18,direct,BS_3,-1,1,1869.0398823754483,550.0,optimal_shannon,throughput
52.0,ew_19,none,-1,-1,0,0.0,0.0,optimal_shannon,throughput
52.0,we_12,direct,BS_3,-1,1,1968.6171496039772,550.0,optimal_shannon,throughput
52.0,se_6,direct,BS_1,-1,1,1801.7690675525007,550.0,optimal_shannon,throughput
52.0,we_19,direct,BS_1,-1,1,1888.986927583446,550.0,optimal_shannon,throughput
52.0,se_3,direct,BS_3,-1,1,1935.843505092719,550.0,optimal_shannon,throughput
52.0,wn_9,direct,BS_2,-1,1,2330.7743293180824,550.0,optimal_shannon,throughput
53.0,we_16,direct,BS_3,-1,1,1871.8809175777976,550.0,optimal_shannon,throughput
53.0,se_8,direct,BS_1,-1,1,1873.5799010104552,550.0,optimal_shannon,throughput
53.0,se_7,direct,BS_3,-1,1,1860.2634310674168,550.0,optimal_shannon,throughput
53.0,ew_18,relay,BS_2,ew_17,1,1315.1548578914949,550.0,optimal_shannon,throughput
53.0,ew_17,relay,BS_2,ew_18,1,1311.5011436956645,550.0,optimal_shannon,throughput
53.0,wn_8,direct,BS_2,-1,1,2251.204476579592,550.0,optimal_shannon,throughput
53.0,ns_16,direct,BS_3,-1,1,1296.5542426125885,550.0,optimal_shannon,throughput
53.0,wn_7,direct,BS_2,-1,1,2275.2543674023536,550.0,optimal_shannon,throughput
53.0,se_9,direct,BS_3,-1,1,1675.788361064156,550.0,optimal_shannon,throughput
53.0,sn_16,direct,BS_2,-1,1,2225.199969043846,550.0,optimal_shannon,throughput
53.0,ns_17,relay,BS_3,ns_19,1,1300.8722172317484,550.0,optimal_shannon,throughput
53.0,sn_17,direct,BS_2,-1,1,2215.1752082647504,550.0,optimal_shannon,throughput
53.0,we_17,direct,BS_3,-1,1,1903.990257150127,550.0,optimal_shannon,throughput
53.0,wn_3,direct,BS_2,-1,1,2192.822214836055,550.0,optimal_shannon,throughput
53.0,ew_16,relay,BS_2,ew_17,1,1315.1548578914949,550.0,optimal_shannon,throughput
53.0,wn_6,direct,BS_2,-1,1,2274.639984554322,550.0,optimal_shannon,throughput
53.0,ns_18,relay,BS_3,ns_19,1,1300.8722172317484,550.0,optimal_shannon,throughput
53.0,ns_19,direct,BS_3,-1,1,1300.8722172317484,550.0,optimal_shannon,throughput
53.0,ew_12,direct,BS_2,-1,1,1311.1689883729807,550.0,optimal_shannon,throughput
53.0,we_18,direct,BS_3,-1,1,1927.2067914846004,550.0,optimal_shannon,throughput
53.0,ew_19,relay,BS_2,ew_18,1,1311.5011436956645,550.0,optimal_shannon,throughput
53.0,se_6,direct,BS_3,-1,1,1855.0243872488495,550.0,optimal_shannon,throughput
53.0,we_19,direct,BS_3,-1,1,1941.975270648652,550.0,optimal_shannon,throughput
53.0,se_3,direct,BS_1,-1,1,1961.560766479105,550.0,optimal_shannon,throughput
53.0,wn_9,direct,BS_2,-1,1,2328.784113248493,550.0,optimal_shannon,throughput
54.0,ew_16,relay,BS_2,ew_17,1,1317.1477972106695,550.0,optimal_shannon,throughput
54.0,we_16,direct,BS_3,-1,1,1930.074495482629,550.0,optimal_shannon,throughput
54.0,se_9,direct,BS_1,-1,1,1736.8926756474405,550.0,optimal_shannon,throughput
54.0,wn_6,direct,BS_2,-1,1,2261.3401217948835,550.0,optimal_shannon,throughput
54.0,se_8,direct,BS_1,-1,1,1905.1178424762245,550.0,optimal_shannon,throughput
54.0,se_7,direct,BS_3,-1,1,1900.6368725628165,550.0,optimal_shannon,throughput
54.0,ew_18,direct,BS_2,-1,1,1321.798000490766,550.0,optimal_shannon,throughput
54.0,ew_17,relay,BS_2,ew_18,1,1321.798000490766,550.0,optimal_shannon,throughput
54.0,wn_8,direct,BS_2,-1,1,2242.543179175578,550.0,optimal_shannon,throughput
54.0,we_17,direct,BS_1,-1,1,1936.577885202184,550.0,optimal_shannon,throughput
54.0,we_18,direct,BS_1,-1,1,1943.028734714599,550.0,optimal_shannon,throughput
54.0,ew_19,relay,BS_2,ew_18,1,1321.798000490766,550.0,optimal_shannon,throughput
54.0,se_6,direct,BS_3,-1,1,1890.2118603075403,550.0,optimal_shannon,throughput
54.0,we_19,direct,BS_3,-1,1,1965.849018933903,550.0,optimal_shannon,throughput
54.0,ns_16,direct,BS_3,-1,1,1309.1760582583972,550.0,optimal_shannon,throughput
54.0,wn_7,direct,BS_2,-1,1,2254.2230323350996,550.0,optimal_shannon,throughput
54.0,wn_9,direct,BS_2,-1,1,2303.419722295928,550.0,optimal_shannon,throughput
55.0,ew_16,direct,BS_2,-1,1,1321.798000490766,550.0,optimal_shannon,throughput
55.0,we_16,direct,BS_1,-1,1,1947.827592435851,550.0,optimal_shannon,throughput
55.0,se_9,direct,BS_1,-1,1,1767.0724414341796,550.0,optimal_shannon,throughput
55.0,wn_6,direct,BS_2,-1,1,2237.537146875394,550.0,optimal_shannon,throughput
55.0,se_8,direct,BS_3,-1,1,1952.18711358434,550.0,optimal_shannon,throughput
55.0,se_7,direct,BS_3,-1,1,1943.2228860017024,550.0,optimal_shannon,throughput
55.0,ew_18,direct,BS_2,-1,1,1299.875760141213,550.0,optimal_shannon,throughput
55.0,ew_17,relay,BS_2,ew_16,1,1321.798000490766,550.0,optimal_shannon,throughput
55.0,wn_8,direct,BS_2,-1,1,2217.755552514156,550.0,optimal_shannon,throughput
55.0,we_17,direct,BS_3,-1,1,1979.3929027866416,550.0,optimal_shannon,throughput
55.0,se_6,direct,BS_3,-1,1,1927.1156866694464,550.0,optimal_shannon,throughput
55.0,wn_7,direct,BS_2,-1,1,2219.7339588098716,550.0,optimal_shannon,throughput
55.0,wn_9,direct,BS_2,-1,1,2289.384374171013,550.0,optimal_shannon,throughput
56.0,ew_16,direct,BS_2,-1,1,1289.57908719305,550.0,optimal_shannon,throughput
56.0,se_9,direct,BS_3,-1,1,1829.0984832485972,550.0,optimal_shannon,throughput
56.0,wn_6,direct,BS_2,-1,1,2201.503284366336,550.0,optimal_shannon,throughput
56.0,se_7,direct,BS_1,-1,1,1956.6093402493884,550.0,optimal_shannon,throughput
56.0,se_6,direct,BS_3,-1,1,1954.250467726435,550.0,optimal_shannon,throughput
56.0,wn_7,direct,BS_2,-1,1,2185.4338712501453,550.0,optimal_shannon,throughput
56.0,wn_9,direct,BS_2,-1,1,2287.6725773752446,550.0,optimal_shannon,throughput
57.0,se_9,direct,BS_3,-1,1,1857.4857747171675,550.0,optimal_shannon,throughput
57.0,wn_9,direct,BS_2,-1,1,2275.283660120837,550.0,optimal_shannon,throughput
58.0,se_9,direct,BS_3,-1,1,1891.8632381253117,550.0,optimal_shannon,throughput
58.0,wn_9,direct,BS_2,-1,1,2255.4515935787877,550.0,optimal_shannon,throughput
59.0,se_9,direct,BS_3,-1,1,1932.5720060372073,550.0,optimal_shannon,throughput
59.0,wn_9,direct,BS_2,-1,1,2234.9408667388516,550.0,optimal_shannon,throughput
60.0,se_9,direct,BS_3,-1,1,1968.5042214802843,550.0,optimal_shannon,throughput
60.0,wn_9,direct,BS_2,-1,1,2200.2628476182035,550.0,optimal_shannon,throughput
