timestamp,vehicle_id,selected_action_type,selected_bs_id,selected_relay_id,accepted,opt_rate_used,truth_rate_mcs_effective,method,objective
0.0,we_0,direct,BS_2,-1,1,1291.5719843179863,550.0,optimal_shannon,outage
1.0,sn_0,direct,BS_3,-1,1,1305.5223612714306,550.0,optimal_shannon,outage
1.0,ns_0,direct,BS_2,-1,1,2210.4600213114977,550.0,optimal_shannon,outage
1.0,we_1,direct,BS_2,-1,1,1301.2043697811412,550.0,optimal_shannon,outage
1.0,we_0,direct,BS_2,-1,1,1303.197287014338,550.0,optimal_shannon,outage
1.0,ew_0,direct,BS_1,-1,1,1965.8921622754865,550.0,optimal_shannon,outage
2.0,ew_1,direct,BS_3,-1,1,1945.4425032492832,550.0,optimal_shannon,outage
2.0,sn_0,direct,BS_3,-1,1,1305.1902075349055,550.0,optimal_shannon,outage
2.0,sn_2,relay,BS_3,se_0,1,1315.4870142356851,550.0,optimal_shannon,outage
2.0,se_0,direct,BS_3,-1,1,1315.4870142356851,550.0,optimal_shannon,outage
2.0,sn_1,relay,BS_3,se_0,1,1315.4870142356851,550.0,optimal_shannon,outage
2.0,ns_0,direct,BS_2,-1,1,2232.780838636838,550.0,optimal_shannon,outage
2.0,wn_0,direct,BS_2,-1,1,1311.8332991045552,550.0,optimal_shannon,outage
2.0,we_1,relay,BS_2,wn_0,1,1311.8332991045552,550.0,optimal_shannon,outage
2.0,ns_1,direct,BS_2,-1,1,2199.57855732657,550.0,optimal_shannon,outage
2.0,we_0,direct,BS_2,-1,1,1320.4693693544064,550.0,optimal_shannon,outage
2.0,we_2,relay,BS_2,wn_0,1,1311.8332991045552,550.0,optimal_shannon,outage
2.0,ew_0,direct,BS_1,-1,1,1916.4278986506872,550.0,optimal_shannon,outage
3.0,ew_1,direct,BS_1,-1,1,1929.38047855603,550.0,optimal_shannon,outage
3.0,se_1,relay,BS_3,sn_3,1,1300.5400647751535,550.0,optimal_shannon,outage
3.0,ew_2,direct,BS_1,-1,1,1956.3623337885729,550.0,optimal_shannon,outage
3.0,sn_0,direct,BS_3,-1,1,1329.7698138714743,550.0,optimal_shannon,outage
3.0,sn_2,direct,BS_3,-1,1,1321.798000490766,550.0,optimal_shannon,outage
3.0,se_0,relay,BS_3,sn_2,1,1321.798000490766,550.0,optimal_shannon,outage
3.0,sn_1,direct,BS_3,-1,1,1327.112537762271,550.0,optimal_shannon,outage
3.0,ns_0,direct,BS_2,-1,1,2243.947820644298,550.0,optimal_shannon,outage
3.0,wn_0,relay,BS_2,we_2,1,1317.479954055128,550.0,optimal_shannon,outage
3.0,we_1,relay,BS_2,wn_0,1,1309.1760582583972,550.0,optimal_shannon,outage
3.0,wn_1,relay,BS_2,we_3,1,1311.5011436956645,550.0,optimal_shannon,outage
3.0,we_3,direct,BS_2,-1,1,1311.5011436956645,550.0,optimal_shannon,outage
3.0,ns_1,direct,BS_2,-1,1,2222.2303090261676,550.0,optimal_shannon,outage
3.0,sn_3,direct,BS_3,-1,1,1300.5400647751535,550.0,optimal_shannon,outage
3.0,we_0,direct,BS_2,-1,1,1318.4764250839958,550.0,optimal_shannon,outage
3.0,ns_2,direct,BS_2,-1,1,2210.128485884932,550.0,optimal_shannon,outage
3.0,we_2,direct,BS_2,-1,1,1317.479954055128,550.0,optimal_shannon,outage
3.0,ew_0,direct,BS_1,-1,1,1897.1097732440185,550.0,optimal_shannon,outage
4.0,se_1,direct,BS_3,-1,1,1317.8121109822955,550.0,optimal_shannon,outage
4.0,ew_4,direct,BS_1,-1,1,1957.9662167972945,550.0,optimal_shannon,outage
4.0,sn_4,relay,BS_3,se_1,1,1317.8121109822955,550.0,optimal_shannon,outage
4.0,ns_2,direct,BS_2,-1,1,2248.73795049571,550.0,optimal_shannon,outage
4.0,ew_1,direct,BS_1,-1,1,1868.3066728615263,550.0,optimal_shannon,outage
4.0,sn_0,direct,BS_3,-1,1,1339.0703179579352,550.0,optimal_shannon,outage
4.0,we_5,relay,BS_2,we_4,1,1276.877788071845,550.0,optimal_shannon,outage
4.0,sn_2,direct,BS_3,-1,1,1318.4764250839958,550.0,optimal_shannon,outage
4.0,we_3,relay,BS_2,wn_1,1,1317.8121109822955,550.0,optimal_shannon,outage
4.0,ns_3,direct,BS_2,-1,1,2229.2017869194856,550.0,optimal_shannon,outage
4.0,ew_2,direct,BS_3,-1,1,1906.2162452249524,550.0,optimal_shannon,outage
4.0,wn_2,relay,BS_2,we_4,1,1300.20791241157,550.0,optimal_shannon,outage
4.0,sn_1,direct,BS_3,-1,1,1313.8262333571906,550.0,optimal_shannon,outage
4.0,wn_1,relay,BS_2,we_4,1,1300.20791241157,550.0,optimal_shannon,outage
4.0,we_1,direct,BS_2,-1,1,1325.7839015588145,550.0,optimal_shannon,outage
4.0,we_4,relay,BS_2,wn_1,1,1317.8121109822955,550.0,optimal_shannon,outage
4.0,sn_3,relay,BS_3,se_1,1,1317.8121109822955,550.0,optimal_shannon,outage
4.0,we_0,direct,BS_2,-1,1,1330.76629367052,550.0,optimal_shannon,outage
4.0,se_0,relay,BS_3,sn_2,1,1318.4764250839958,550.0,optimal_shannon,outage
4.0,ew_3,direct,BS_3,-1,1,1936.4596734848749,550.0,optimal_shannon,outage
4.0,ns_0,direct,BS_2,-1,1,2278.9414979286307,550.0,optimal_shannon,outage
4.0,wn_0,direct,BS_2,-1,1,1312.4976101801672,550.0,optimal_shannon,outage
4.0,ns_1,direct,BS_2,-1,1,2269.77703791364,550.0,optimal_shannon,outage
4.0,se_2,direct,BS_3,-1,1,1312.4976101801672,550.0,optimal_shannon,outage
4.0,we_2,relay,BS_2,wn_0,1,1312.4976101801672,550.0,optimal_shannon,outage
4.0,ew_0,direct,BS_1,-1,1,1858.6849145794056,550.0,optimal_shannon,outage
5.0,se_1,direct,BS_3,-1,1,1326.1160604930028,550.0,optimal_shannon,outage
5.0,sn_5,direct,BS_3,-1,1,1310.172522924165,550.0,optimal_shannon,outage
5.0,ew_4,direct,BS_1,-1,1,1943.9340559455256,550.0,optimal_shannon,outage
5.0,sn_4,relay,BS_3,se_1,1,1326.1160604930028,550.0,optimal_shannon,outage
5.0,ns_2,direct,BS_2,-1,1,2268.431645440068,550.0,optimal_shannon,outage
5.0,ew_1,direct,BS_1,-1,1,1829.8825344665224,550.0,optimal_shannon,outage
5.0,sn_0,direct,BS_3,-1,1,1340.7311282396531,550.0,optimal_shannon,outage
5.0,we_5,relay,BS_2,we_4,1,1289.1672337576908,550.0,optimal_shannon,outage
5.0,sn_2,direct,BS_3,-1,1,1329.7698138714743,550.0,optimal_shannon,outage
5.0,we_3,relay,BS_2,we_2,1,1289.1672337576908,550.0,optimal_shannon,outage
5.0,ns_3,direct,BS_2,-1,1,2252.1225960241063,550.0,optimal_shannon,outage
5.0,ns_4,direct,BS_2,-1,1,2219.7315811747308,550.0,optimal_shannon,outage
5.0,ew_2,direct,BS_1,-1,1,1872.5826990150524,550.0,optimal_shannon,outage
5.0,ew_5,direct,BS_1,-1,1,1967.087853669868,550.0,optimal_shannon,outage
5.0,sn_1,direct,BS_3,-1,1,1326.4482195050948,550.0,optimal_shannon,outage
5.0,wn_2,relay,BS_2,we_5,1,1309.508213059647,550.0,optimal_shannon,outage
5.0,wn_1,relay,BS_2,we_4,1,1301.2043697811412,550.0,optimal_shannon,outage
5.0,we_1,relay,BS_2,we_2,1,1310.0928172438582,550.0,optimal_shannon,outage
5.0,we_4,relay,BS_2,we_5,1,1289.1672337576908,550.0,optimal_shannon,outage
5.0,sn_3,relay,BS_3,se_1,1,1326.1160604930028,550.0,optimal_shannon,outage
5.0,we_0,relay,BS_2,we_1,1,1322.1301584759942,550.0,optimal_shannon,outage
5.0,ns_5,direct,BS_2,-1,1,2210.186788265371,550.0,optimal_shannon,outage
5.0,wn_3,relay,BS_2,we_5,1,1257.6135587190768,550.0,optimal_shannon,outage
5.0,se_0,relay,BS_3,sn_2,1,1329.7698138714743,550.0,optimal_shannon,outage
5.0,ew_3,direct,BS_1,-1,1,1890.227022421298,550.0,optimal_shannon,outage
5.0,ns_0,direct,BS_2,-1,1,2301.429226359826,550.0,optimal_shannon,outage
5.0,wn_0,relay,BS_2,we_2,1,1310.172522924165,550.0,optimal_shannon,outage
5.0,we_6,relay,BS_2,we_5,1,1269.9027632262855,550.0,optimal_shannon,outage
5.0,ns_1,direct,BS_2,-1,1,2273.7734843047615,550.0,optimal_shannon,outage
5.0,se_2,relay,BS_3,sn_4,1,1321.4658425858086,550.0,optimal_shannon,outage
5.0,we_2,relay,BS_2,we_1,1,1310.0928172438582,550.0,optimal_shannon,outage
5.0,ew_0,direct,BS_1,-1,1,1809.625140007129,550.0,optimal_shannon,outage
6.0,se_1,direct,BS_3,-1,1,1330.1019737287668,550.0,optimal_shannon,outage
6.0,ew_6,direct,BS_3,-1,1,1947.7261436426752,550.0,optimal_shannon,outage
6.0,sn_5,relay,BS_3,se_2,1,1321.4658425858086,550.0,optimal_shannon,outage
6.0,ew_4,direct,BS_1,-1,1,1890.227022421298,550.0,optimal_shannon,outage
6.0,sn_4,relay,BS_3,se_2,1,1321.4658425858086,550.0,optimal_shannon,outage
6.0,ns_2,direct,BS_2,-1,1,2298.8097263660948,550.0,optimal_shannon,outage
6.0,sn_6,relay,BS_3,se_3,1,1314.4905454554623,550.0,optimal_shannon,outage
6.0,ew_1,direct,BS_1,-1,1,1771.3528352535632,550.0,optimal_shannon,outage
6.0,sn_0,direct,BS_3,-1,1,1340.7311282396531,550.0,optimal_shannon,outage
6.0,we_5,relay,BS_2,we_4,1,1302.1211228189882,550.0,optimal_shannon,outage
6.0,sn_2,relay,BS_3,se_0,1,1339.0703179579352,550.0,optimal_shannon,outage
6.0,we_3,relay,BS_2,we_4,1,1173.5874551460254,550.0,optimal_shannon,outage
6.0,ns_3,direct,BS_2,-1,1,2263.4682594652268,550.0,optimal_shannon,outage
6.0,ns_4,direct,BS_2,-1,1,2258.0800095953427,550.0,optimal_shannon,outage
6.0,ew_0,direct,BS_1,-1,1,1735.1997556703388,550.0,optimal_shannon,outage
6.0,we_2,direct,BS_1,-1,1,574.4086562865274,330.0,optimal_shannon,outage
6.0,sn_7,relay,BS_3,se_3,1,1314.4905454554623,550.0,optimal_shannon,outage
6.0,ew_2,direct,BS_1,-1,1,1813.0931452296404,550.0,optimal_shannon,outage
6.0,ew_5,direct,BS_1,-1,1,1913.8425105344163,550.0,optimal_shannon,outage
6.0,sn_1,direct,BS_3,-1,1,1328.1090157278438,550.0,optimal_shannon,outage
6.0,wn_2,relay,BS_2,we_4,1,1321.1336847613063,550.0,optimal_shannon,outage
6.0,we_7,relay,BS_2,we_4,1,969.7526215792,550.0,optimal_shannon,outage
6.0,wn_1,relay,BS_2,we_4,1,1321.1336847613063,550.0,optimal_shannon,outage
6.0,we_1,direct,BS_1,-1,1,579.952567480203,330.0,optimal_shannon,outage
6.0,we_4,direct,BS_2,-1,1,1321.1336847613063,550.0,optimal_shannon,outage
6.0,sn_3,relay,BS_3,se_0,1,1339.0703179579352,550.0,optimal_shannon,outage
6.0,we_0,direct,BS_1,-1,1,584.8474957629601,330.0,optimal_shannon,outage
6.0,ns_5,direct,BS_1,-1,1,1306.518823019307,550.0,optimal_shannon,outage
6.0,wn_3,relay,BS_2,we_4,1,1056.0444629128665,550.0,optimal_shannon,outage
6.0,se_0,direct,BS_3,-1,1,1339.0703179579352,550.0,optimal_shannon,outage
6.0,ns_6,direct,BS_2,-1,1,2201.3978601529543,550.0,optimal_shannon,outage
6.0,ns_0,direct,BS_2,-1,1,2303.1309685457436,550.0,optimal_shannon,outage
6.0,wn_0,relay,BS_2,we_4,1,1110.161991746497,550.0,optimal_shannon,outage
6.0,we_6,relay,BS_2,we_4,1,1096.2165599445368,550.0,optimal_shannon,outage
6.0,ns_1,direct,BS_2,-1,1,2293.8165034415015,550.0,optimal_shannon,outage
6.0,se_2,direct,BS_3,-1,1,1321.4658425858086,550.0,optimal_shannon,outage
6.0,se_3,direct,BS_3,-1,1,1314.4905454554623,550.0,optimal_shannon,outage
6.0,ew_3,direct,BS_1,-1,1,1858.4344583490736,550.0,optimal_shannon,outage
7.0,se_1,direct,BS_3,-1,1,1338.7381561145787,550.0,optimal_shannon,outage
7.0,ew_6,direct,BS_1,-1,1,1921.4226234399823,550.0,optimal_shannon,outage
7.0,sn_5,relay,BS_3,se_2,1,1333.4235764410005,550.0,optimal_shannon,outage
7.0,ew_4,direct,BS_1,-1,1,1849.9832438181008,550.0,optimal_shannon,outage
7.0,ew_8,direct,BS_1,-1,1,1973.1033308138112,550.0,optimal_shannon,outage
7.0,sn_4,relay,BS_3,se_2,1,1302.4532757153984,550.0,optimal_shannon,outage
7.0,ns_2,direct,BS_2,-1,1,2318.236928929045,550.0,optimal_shannon,outage
7.0,sn_6,relay,BS_3,se_3,1,1324.1231080627174,550.0,optimal_shannon,outage
7.0,ew_1,direct,BS_1,-1,1,1731.483945670498,550.0,optimal_shannon,outage
7.0,sn_0,relay,BS_3,sn_1,1,1338.326287050039,550.0,optimal_shannon,outage
7.0,we_5,relay,BS_2,wn_1,1,1177.9047142818265,550.0,optimal_shannon,outage
7.0,sn_2,relay,BS_3,sn_1,1,1315.0751519032754,550.0,optimal_shannon,outage
7.0,we_3,relay,BS_2,wn_1,1,1270.2349061355883,550.0,optimal_shannon,outage
7.0,ns_3,direct,BS_2,-1,1,2294.799143016453,550.0,optimal_shannon,outage
7.0,ns_7,direct,BS_1,-1,1,1297.882848488883,550.0,optimal_shannon,outage
7.0,ns_4,direct,BS_2,-1,1,2267.9117421484775,550.0,optimal_shannon,outage
7.0,we_8,relay,BS_2,we_5,1,970.7480039066164,550.0,optimal_shannon,outage
7.0,ew_0,direct,BS_1,-1,1,1679.0157713582669,550.0,optimal_shannon,outage
7.0,we_2,relay,BS_2,wn_1,1,1099.2048120218717,550.0,optimal_shannon,outage
7.0,sn_7,relay,BS_3,se_3,1,1324.1231080627174,550.0,optimal_shannon,outage
7.0,ew_2,direct,BS_1,-1,1,1769.3816430201805,550.0,optimal_shannon,outage
7.0,ew_5,direct,BS_1,-1,1,1898.2825208781264,550.0,optimal_shannon,outage
7.0,sn_1,direct,BS_3,-1,1,1348.370877895089,550.0,optimal_shannon,outage
7.0,wn_2,relay,BS_2,we_5,1,1307.1831312977504,550.0,optimal_shannon,outage
7.0,we_7,relay,BS_2,we_5,1,1092.896316293829,550.0,optimal_shannon,outage
7.0,wn_1,relay,BS_2,we_5,1,1177.9047142818265,550.0,optimal_shannon,outage
7.0,we_1,relay,BS_2,wn_1,1,1012.228941202579,550.0,optimal_shannon,outage
7.0,we_4,relay,BS_2,wn_1,1,1325.4517427027088,550.0,optimal_shannon,outage
7.0,se_4,relay,BS_3,sn_7,1,1320.1372117723824,550.0,optimal_shannon,outage
7.0,sn_3,direct,BS_3,-1,1,1341.3954528462682,550.0,optimal_shannon,outage
7.0,we_0,relay,BS_2,wn_1,1,937.2417031746425,550.0,optimal_shannon,outage
7.0,ns_5,direct,BS_2,-1,1,2245.3779996789112,550.0,optimal_shannon,outage
7.0,ew_7,direct,BS_1,-1,1,1953.3292200436088,550.0,optimal_shannon,outage
7.0,wn_3,relay,BS_2,we_5,1,1177.240518147402,550.0,optimal_shannon,outage
7.0,wn_4,direct,BS_2,-1,1,1292.2362841538818,550.0,optimal_shannon,outage
7.0,se_0,relay,BS_3,sn_3,1,1341.3954528462682,550.0,optimal_shannon,outage
7.0,sn_8,direct,BS_3,-1,1,1294.5613366710884,550.0,optimal_shannon,outage
7.0,ns_6,direct,BS_2,-1,1,2224.3033930180513,550.0,optimal_shannon,outage
7.0,ns_0,direct,BS_2,-1,1,2325.8141101158694,550.0,optimal_shannon,outage
7.0,wn_0,relay,BS_2,wn_1,1,1239.34614385621,550.0,optimal_shannon,outage
7.0,we_6,relay,BS_2,we_5,1,1294.4816320273956,550.0,optimal_shannon,outage
7.0,ns_1,direct,BS_2,-1,1,2326.6358410378684,550.0,optimal_shannon,outage
7.0,se_2,direct,BS_3,-1,1,1333.4235764410005,550.0,optimal_shannon,outage
7.0,se_3,relay,BS_3,sn_7,1,1320.1372117723824,550.0,optimal_shannon,outage
7.0,ew_3,direct,BS_1,-1,1,1809.625140007129,550.0,optimal_shannon,outage
8.0,se_1,relay,BS_3,sn_4,1,1323.458791215916,550.0,optimal_shannon,outage
8.0,ew_6,direct,BS_1,-1,1,1872.024050282445,550.0,optimal_shannon,outage
8.0,sn_5,relay,BS_3,sn_4,1,1306.7712716449682,550.0,optimal_shannon,outage
8.0,ew_4,direct,BS_1,-1,1,1801.7232636439212,550.0,optimal_shannon,outage
8.0,ew_8,direct,BS_1,-1,1,1929.7094818032283,550.0,optimal_shannon,outage
8.0,sn_4,relay,BS_3,sn_3,1,1129.0889064080188,550.0,optimal_shannon,outage
8.0,ns_2,direct,BS_2,-1,1,2319.5359009601925,550.0,optimal_shannon,outage
8.0,sn_6,relay,BS_3,se_3,1,1325.03987735182,550.0,optimal_shannon,outage
8.0,ew_1,direct,BS_1,-1,1,1672.6743944161651,550.0,optimal_shannon,outage
8.0,ew_9,relay,BS_2,ew_5,1,901.0947715414565,550.0,optimal_shannon,outage
8.0,sn_0,relay,BS_3,sn_1,1,1347.374386766055,550.0,optimal_shannon,outage
8.0,we_5,relay,BS_3,wn_3,1,561.380404123171,330.0,optimal_shannon,outage
8.0,sn_2,relay,BS_3,sn_1,1,1329.3579472759436,550.0,optimal_shannon,outage
8.0,we_3,relay,BS_2,wn_1,1,1214.768857177825,550.0,optimal_shannon,outage
8.0,ns_3,direct,BS_1,-1,1,1328.773334756027,550.0,optimal_shannon,outage
8.0,ns_7,direct,BS_2,-1,1,2242.244653865537,550.0,optimal_shannon,outage
8.0,ns_4,direct,BS_2,-1,1,2283.570134313034,550.0,optimal_shannon,outage
8.0,we_8,relay,BS_2,we_7,1,1201.4842122692269,550.0,optimal_shannon,outage
8.0,ns_8,direct,BS_1,-1,1,1309.8403679483035,550.0,optimal_shannon,outage
8.0,ew_0,direct,BS_1,-1,1,1627.029597217734,550.0,optimal_shannon,outage
8.0,wn_5,relay,BS_2,we_7,1,1033.139608858712,550.0,optimal_shannon,outage
8.0,we_2,relay,BS_3,wn_0,1,586.4797956396328,330.0,optimal_shannon,outage
8.0,sn_7,relay,BS_3,se_3,1,1327.4446970069987,550.0,optimal_shannon,outage
8.0,ew_2,relay,BS_2,ew_5,1,951.8372127787848,550.0,optimal_shannon,outage
8.0,ew_5,direct,BS_1,-1,1,1842.1455060411631,550.0,optimal_shannon,outage
8.0,sn_1,relay,BS_3,sn_2,1,1329.3579472759436,550.0,optimal_shannon,outage
8.0,wn_2,relay,BS_2,wn_1,1,1224.4003948756383,550.0,optimal_shannon,outage
8.0,we_7,relay,BS_3,wn_3,1,561.380404123171,330.0,optimal_shannon,outage
8.0,wn_1,relay,BS_3,wn_0,1,586.4797956396328,330.0,optimal_shannon,outage
8.0,we_1,relay,BS_3,wn_0,1,586.4797956396328,330.0,optimal_shannon,outage
8.0,we_4,relay,BS_2,wn_1,1,1336.7752595463512,550.0,optimal_shannon,outage
8.0,se_4,relay,BS_3,sn_8,1,1304.1937468665335,550.0,optimal_shannon,outage
8.0,sn_3,relay,BS_3,sn_2,1,1306.7712716449682,550.0,optimal_shannon,outage
8.0,we_0,relay,BS_3,wn_0,1,586.4797956396328,330.0,optimal_shannon,outage
8.0,ns_5,direct,BS_2,-1,1,2289.714160997413,550.0,optimal_shannon,outage
8.0,we_10,relay,BS_2,we_7,1,952.5006945267734,550.0,optimal_shannon,outage
8.0,we_9,relay,BS_2,we_7,1,1058.3682850671598,550.0,optimal_shannon,outage
8.0,ew_7,direct,BS_1,-1,1,1913.4775032124396,550.0,optimal_shannon,outage
8.0,sn_9,relay,BS_3,sn_8,1,1267.245624114728,550.0,optimal_shannon,outage
8.0,wn_3,relay,BS_2,we_7,1,1303.197287014338,550.0,optimal_shannon,outage
8.0,wn_4,relay,BS_3,wn_3,1,561.380404123171,330.0,optimal_shannon,outage
8.0,se_5,relay,BS_3,sn_9,1,1305.5223612714306,550.0,optimal_shannon,outage
8.0,se_0,relay,BS_3,sn_3,1,1345.0492431586404,550.0,optimal_shannon,outage
8.0,sn_8,relay,BS_3,sn_9,1,1267.245624114728,550.0,optimal_shannon,outage
8.0,ns_6,direct,BS_2,-1,1,2261.6525701158944,550.0,optimal_shannon,outage
8.0,ns_0,direct,BS_2,-1,1,2353.822428920101,550.0,optimal_shannon,outage
8.0,wn_0,relay,BS_2,wn_1,1,1249.3101383723044,550.0,optimal_shannon,outage
8.0,we_6,relay,BS_3,wn_3,1,561.380404123171,330.0,optimal_shannon,outage
8.0,ns_1,direct,BS_2,-1,1,2348.825271381361,550.0,optimal_shannon,outage
8.0,se_2,relay,BS_3,sn_6,1,1324.4552666046886,550.0,optimal_shannon,outage
8.0,se_3,relay,BS_3,sn_6,1,1324.4552666046886,550.0,optimal_shannon,outage
8.0,ew_3,direct,BS_1,-1,1,1731.590287602782,550.0,optimal_shannon,outage
9.0,se_1,relay,BS_3,sn_5,1,1318.0645618240546,550.0,optimal_shannon,outage
9.0,ew_6,direct,BS_1,-1,1,1837.0809335233896,550.0,optimal_shannon,outage
9.0,sn_5,relay,BS_3,sn_6,1,1299.1317509167532,550.0,optimal_shannon,outage
9.0,ew_4,direct,BS_1,-1,1,1759.2276285458663,550.0,optimal_shannon,outage
9.0,we_11,relay,BS_2,we_8,1,991.3209996465456,550.0,optimal_shannon,outage
9.0,ew_8,direct,BS_1,-1,1,1914.9426085645823,550.0,optimal_shannon,outage
9.0,ew_10,direct,BS_1,-1,1,1968.297744827628,550.0,optimal_shannon,outage
9.0,sn_4,relay,BS_3,sn_5,1,1320.7218206928717,550.0,optimal_shannon,outage
9.0,ns_2,direct,BS_2,-1,1,2339.3904460418594,550.0,optimal_shannon,outage
9.0,sn_6,relay,BS_3,sn_5,1,1299.1317509167532,550.0,optimal_shannon,outage
9.0,ew_1,direct,BS_3,-1,1,1597.8363741319442,550.0,optimal_shannon,outage
9.0,ew_9,direct,BS_1,-1,1,1943.9308543189743,550.0,optimal_shannon,outage
9.0,sn_0,relay,BS_3,sn_1,1,1362.3218149538243,550.0,optimal_shannon,outage
9.0,we_5,relay,BS_2,we_4,1,1344.3052094308744,550.0,optimal_shannon,outage
9.0,sn_2,relay,BS_3,sn_1,1,1343.973046484037,550.0,optimal_shannon,outage
9.0,ns_9,direct,BS_2,-1,1,2215.270590431517,550.0,optimal_shannon,outage
9.0,we_3,relay,BS_2,we_4,1,1111.8222042694017,550.0,optimal_shannon,outage
9.0,ns_3,relay,BS_1,ns_5,1,1006.9187137721508,550.0,optimal_shannon,outage
9.0,ns_7,direct,BS_2,-1,1,2279.304917598399,550.0,optimal_shannon,outage
9.0,ns_4,relay,BS_1,ns_5,1,1312.417904354844,550.0,optimal_shannon,outage
9.0,we_8,direct,BS_2,-1,1,1305.1902075349055,550.0,optimal_shannon,outage
9.0,ns_8,relay,BS_1,ns_9,1,1271.8956223980845,550.0,optimal_shannon,outage
9.0,ns_10,relay,BS_1,ns_9,1,1253.6279069019663,550.0,optimal_shannon,outage
9.0,ew_0,direct,BS_3,-1,1,1561.3558873525274,550.0,optimal_shannon,outage
9.0,wn_5,relay,BS_2,we_8,1,1249.3101383723044,550.0,optimal_shannon,outage
9.0,we_2,relay,BS_2,we_3,1,1344.3052094308744,550.0,optimal_shannon,outage
9.0,sn_7,relay,BS_3,sn_6,1,1278.8706612935243,550.0,optimal_shannon,outage
9.0,ew_2,direct,BS_3,-1,1,1639.253128483907,550.0,optimal_shannon,outage
9.0,se_3,relay,BS_3,sn_6,1,1240.01040627336,550.0,optimal_shannon,outage
9.0,ew_5,direct,BS_1,-1,1,1795.9683696808504,550.0,optimal_shannon,outage
9.0,sn_1,relay,BS_3,sn_2,1,1343.973046484037,550.0,optimal_shannon,outage
9.0,wn_2,relay,BS_2,we_4,1,1341.315745400747,550.0,optimal_shannon,outage
9.0,we_7,relay,BS_2,we_8,1,1176.908420407827,550.0,optimal_shannon,outage
9.0,wn_1,relay,BS_2,we_4,1,1380.8044059089682,550.0,optimal_shannon,outage
9.0,we_1,relay,BS_2,we_3,1,1156.982975768625,550.0,optimal_shannon,outage
9.0,we_4,direct,BS_3,-1,1,584.5210748062475,330.0,optimal_shannon,outage
9.0,se_4,relay,BS_3,sn_9,1,1257.2814203719158,550.0,optimal_shannon,outage
9.0,sn_3,relay,BS_3,sn_2,1,1320.7218206928717,550.0,optimal_shannon,outage
9.0,we_0,relay,BS_2,we_3,1,1064.6759242570788,550.0,optimal_shannon,outage
9.0,ns_5,direct,BS_2,-1,1,2308.6549136888357,550.0,optimal_shannon,outage
9.0,we_10,relay,BS_2,we_8,1,1097.5446681846893,550.0,optimal_shannon,outage
9.0,we_9,relay,BS_2,we_8,1,1299.463902977507,550.0,optimal_shannon,outage
9.0,ew_7,direct,BS_1,-1,1,1855.2421101738337,550.0,optimal_shannon,outage
9.0,sn_9,relay,BS_3,sn_10,1,1260.6028094448818,550.0,optimal_shannon,outage
9.0,wn_3,relay,BS_2,we_8,1,1177.240518147402,550.0,optimal_shannon,outage
9.0,wn_4,relay,BS_2,we_8,1,1305.1902075349055,550.0,optimal_shannon,outage
9.0,se_5,relay,BS_3,sn_9,1,1324.787425225465,550.0,optimal_shannon,outage
9.0,wn_6,relay,BS_2,we_8,1,1024.177585128197,550.0,optimal_shannon,outage
9.0,se_0,relay,BS_3,sn_5,1,1086.5879621496042,550.0,optimal_shannon,outage
9.0,sn_8,relay,BS_3,sn_9,1,1278.8706612935243,550.0,optimal_shannon,outage
9.0,ns_6,relay,BS_1,ns_5,1,1291.49227988591,550.0,optimal_shannon,outage
9.0,ns_0,direct,BS_2,-1,1,2354.0574091210497,550.0,optimal_shannon,outage
9.0,wn_0,relay,BS_2,we_3,1,1511.5719053226865,550.0,optimal_shannon,outage
9.0,se_6,relay,BS_3,sn_10,1,1314.1583893640093,550.0,optimal_shannon,outage
9.0,we_6,relay,BS_2,we_4,1,1134.0698437170454,550.0,optimal_shannon,outage
9.0,ns_1,relay,BS_1,ns_5,1,875.5701630586161,550.0,optimal_shannon,outage
9.0,se_2,relay,BS_3,sn_5,1,1343.388428342773,550.0,optimal_shannon,outage
9.0,sn_10,relay,BS_3,sn_9,1,1260.6028094448818,550.0,optimal_shannon,outage
9.0,ew_3,direct,BS_1,-1,1,1686.09103200982,550.0,optimal_shannon,outage
10.0,se_1,relay,BS_3,sn_5,1,1336.745186559138,550.0,optimal_shannon,outage
10.0,se_7,relay,BS_3,se_5,1,973.734200007858,550.0,optimal_shannon,outage
10.0,sn_5,direct,BS_2,-1,1,1184.7005585330835,550.0,optimal_shannon,outage
10.0,ew_4,direct,BS_3,-1,1,1716.2631724545988,550.0,optimal_shannon,outage
10.0,ew_6,direct,BS_1,-1,1,1774.550007681509,550.0,optimal_shannon,outage
10.0,we_11,relay,BS_3,wn_5,1,560.0788904667886,330.0,optimal_shannon,outage
10.0,ew_8,direct,BS_1,-1,1,1870.272372194198,550.0,optimal_shannon,outage
10.0,ew_10,direct,BS_1,-1,1,1917.5639253701677,550.0,optimal_shannon,outage
10.0,sn_4,relay,BS_3,sn_5,1,1335.0046734661116,550.0,optimal_shannon,outage
10.0,ns_2,direct,BS_2,-1,1,2340.6257534436036,550.0,optimal_shannon,outage
10.0,sn_6,relay,BS_3,sn_5,1,1312.417904354844,550.0,optimal_shannon,outage
10.0,wn_7,relay,BS_3,wn_5,1,560.0788904667886,330.0,optimal_shannon,outage
10.0,ns_11,relay,BS_1,ns_9,1,1062.684019241111,550.0,optimal_shannon,outage
10.0,ew_1,direct,BS_1,-1,1,1522.5279009842693,550.0,optimal_shannon,outage
10.0,ew_9,direct,BS_1,-1,1,1884.97944995602,550.0,optimal_shannon,outage
10.0,sn_0,relay,BS_3,sn_1,1,1339.7346418581265,550.0,optimal_shannon,outage
10.0,we_5,relay,BS_2,wn_2,1,1423.5472902529605,550.0,optimal_shannon,outage
10.0,sn_2,relay,BS_3,sn_1,1,1339.7346418581265,550.0,optimal_shannon,outage
10.0,ns_9,direct,BS_2,-1,1,2260.4505150939267,550.0,optimal_shannon,outage
10.0,we_3,relay,BS_3,wn_1,1,594.3192620702595,330.0,optimal_shannon,outage
10.0,ns_3,direct,BS_2,-1,1,2344.257682759427,550.0,optimal_shannon,outage
10.0,ns_7,relay,BS_1,ns_5,1,1103.1891953148995,550.0,optimal_shannon,outage
10.0,ns_4,relay,BS_1,ns_5,1,1321.4658425858086,550.0,optimal_shannon,outage
10.0,we_8,relay,BS_3,wn_5,1,560.0788904667886,330.0,optimal_shannon,outage
10.0,ew_11,direct,BS_3,-1,1,1949.2435574429976,550.0,optimal_shannon,outage
10.0,ns_8,relay,BS_1,ns_9,1,1283.8528612546247,550.0,optimal_shannon,outage
10.0,ns_10,relay,BS_1,ns_9,1,1264.9206335380345,550.0,optimal_shannon,outage
10.0,ew_0,relay,BS_1,ew_1,1,1407.0850793453644,550.0,optimal_shannon,outage
10.0,wn_5,direct,BS_2,-1,1,1310.8368331367035,550.0,optimal_shannon,outage
10.0,we_2,relay,BS_3,wn_1,1,594.3192620702595,330.0,optimal_shannon,outage
10.0,sn_7,direct,BS_3,-1,1,1323.1266329114517,550.0,optimal_shannon,outage
10.0,ew_2,relay,BS_1,ew_1,1,1376.857487907599,550.0,optimal_shannon,outage
10.0,se_3,direct,BS_3,-1,1,1324.4552666046886,550.0,optimal_shannon,outage
10.0,ew_5,direct,BS_1,-1,1,1732.299475995392,550.0,optimal_shannon,outage
10.0,sn_1,relay,BS_3,sn_2,1,1360.249108807884,550.0,optimal_shannon,outage
10.0,wn_2,relay,BS_3,wn_1,1,594.3192620702595,330.0,optimal_shannon,outage
10.0,we_7,relay,BS_2,wn_2,1,1148.348890635276,550.0,optimal_shannon,outage
10.0,wn_1,relay,BS_2,wn_2,1,1245.6566594092026,550.0,optimal_shannon,outage
10.0,we_1,relay,BS_3,wn_1,1,594.3192620702595,330.0,optimal_shannon,outage
10.0,we_4,relay,BS_2,wn_2,1,1321.3861362225246,550.0,optimal_shannon,outage
10.0,sn_12,relay,BS_3,se_5,1,982.693217434533,550.0,optimal_shannon,outage
10.0,se_4,relay,BS_3,se_5,1,1207.79438336086,550.0,optimal_shannon,outage
10.0,sn_3,relay,BS_3,sn_2,1,1335.0046734661116,550.0,optimal_shannon,outage
10.0,we_0,relay,BS_3,wn_1,1,594.3192620702595,330.0,optimal_shannon,outage
10.0,ns_5,direct,BS_2,-1,1,2310.9190201153224,550.0,optimal_shannon,outage
10.0,we_10,relay,BS_3,wn_5,1,560.0788904667886,330.0,optimal_shannon,outage
10.0,we_9,relay,BS_3,wn_5,1,560.0788904667886,330.0,optimal_shannon,outage
10.0,ew_7,direct,BS_1,-1,1,1801.5039055689044,550.0,optimal_shannon,outage
10.0,sn_9,relay,BS_3,se_5,1,1316.1513271754504,550.0,optimal_shannon,outage
10.0,wn_3,relay,BS_2,wn_2,1,1103.1891953148995,550.0,optimal_shannon,outage
10.0,wn_4,relay,BS_3,wn_5,1,560.0788904667886,330.0,optimal_shannon,outage
10.0,se_5,direct,BS_2,-1,1,1121.434829689454,550.0,optimal_shannon,outage
10.0,wn_6,relay,BS_3,wn_5,1,560.0788904667886,330.0,optimal_shannon,outage
10.0,se_0,relay,BS_3,sn_2,1,1099.5368419188746,550.0,optimal_shannon,outage
10.0,sn_8,relay,BS_3,se_5,1,1186.8714456739945,550.0,optimal_shannon,outage
10.0,sn_11,relay,BS_3,se_5,1,1131.7453979107067,550.0,optimal_shannon,outage
10.0,ns_6,relay,BS_1,ns_5,1,1304.114041570035,550.0,optimal_shannon,outage
10.0,ns_0,direct,BS_2,-1,1,2347.4640184860377,550.0,optimal_shannon,outage
10.0,wn_0,relay,BS_3,wn_1,1,594.3192620702595,330.0,optimal_shannon,outage
10.0,we_12,relay,BS_3,wn_5,1,560.0788904667886,330.0,optimal_shannon,outage
10.0,we_6,relay,BS_2,wn_2,1,1374.200137622239,550.0,optimal_shannon,outage
10.0,ns_1,direct,BS_2,-1,1,2359.5065973164665,550.0,optimal_shannon,outage
10.0,se_6,relay,BS_3,se_5,1,1152.9979916439825,550.0,optimal_shannon,outage
10.0,se_2,relay,BS_3,sn_5,1,1336.745186559138,550.0,optimal_shannon,outage
10.0,sn_10,relay,BS_3,se_5,1,1316.1513271754504,550.0,optimal_shannon,outage
10.0,ew_3,relay,BS_1,ew_1,1,1166.6135016986173,550.0,optimal_shannon,outage
11.0,se_1,relay,BS_2,se_2,1,1194.012365522137,550.0,optimal_shannon,outage
11.0,se_7,relay,BS_3,sn_10,1,1032.8076741740726,550.0,optimal_shannon,outage
11.0,sn_5,relay,BS_2,se_2,1,1194.012365522137,550.0,optimal_shannon,outage
11.0,ew_4,relay,BS_3,ew_2,1,987.3388777796298,550.0,optimal_shannon,outage
11.0,ew_6,direct,BS_3,-1,1,1712.493718223199,550.0,optimal_shannon,outage
11.0,ew_13,relay,BS_2,ew_8,1,831.8392146618872,550.0,optimal_shannon,outage
11.0,wn_8,relay,BS_3,we_11,1,558.4523459832233,330.0,optimal_shannon,outage
11.0,we_11,direct,BS_2,-1,1,1324.787425225465,550.0,optimal_shannon,outage
11.0,ew_8,direct,BS_1,-1,1,1822.112515156702,550.0,optimal_shannon,outage
11.0,ew_10,direct,BS_1,-1,1,1887.2739169912409,550.0,optimal_shannon,outage
11.0,sn_4,relay,BS_2,se_2,1,1177.240518147402,550.0,optimal_shannon,outage
11.0,ns_2,direct,BS_2,-1,1,2343.1488114651665,550.0,optimal_shannon,outage
11.0,sn_6,relay,BS_3,sn_5,1,1326.36851285708,550.0,optimal_shannon,outage
11.0,wn_7,relay,BS_3,we_11,1,558.4523459832233,330.0,optimal_shannon,outage
11.0,ns_12,relay,BS_1,ns_10,1,1042.1020651781034,550.0,optimal_shannon,outage
11.0,ns_11,relay,BS_1,ns_10,1,1257.9456971914772,550.0,optimal_shannon,outage
11.0,ew_1,relay,BS_3,ew_2,1,1394.794690939538,550.0,optimal_shannon,outage
11.0,ew_9,direct,BS_1,-1,1,1859.1668154414804,550.0,optimal_shannon,outage
11.0,sn_0,relay,BS_3,sn_2,1,1190.5246017347883,550.0,optimal_shannon,outage
11.0,we_5,relay,BS_2,wn_1,1,1315.0751519032754,550.0,optimal_shannon,outage
11.0,sn_2,direct,BS_2,-1,1,1260.429717478642,550.0,optimal_shannon,outage
11.0,ns_9,relay,BS_1,ns_10,1,1276.5456429169867,550.0,optimal_shannon,outage
11.0,we_3,relay,BS_3,we_2,1,620.4996757925883,330.0,optimal_shannon,outage
11.0,ns_3,relay,BS_1,ns_2,1,1341.315745400747,550.0,optimal_shannon,outage
11.0,ns_7,direct,BS_3,-1,1,578.6477616318306,330.0,optimal_shannon,outage
11.0,ns_4,relay,BS_1,ns_2,1,997.9581214942436,550.0,optimal_shannon,outage
11.0,we_8,relay,BS_2,we_7,1,1129.4209667851117,550.0,optimal_shannon,outage
11.0,ew_11,direct,BS_1,-1,1,1910.1360158166017,550.0,optimal_shannon,outage
11.0,ns_8,relay,BS_1,ns_10,1,1087.5840083994158,550.0,optimal_shannon,outage
11.0,ns_10,direct,BS_2,-1,1,2256.821910318548,550.0,optimal_shannon,outage
11.0,ew_0,relay,BS_3,ew_1,1,1424.3581594058885,550.0,optimal_shannon,outage
11.0,wn_5,relay,BS_3,we_11,1,558.4523459832233,330.0,optimal_shannon,outage
11.0,we_2,relay,BS_2,wn_1,1,1010.5694759687754,550.0,optimal_shannon,outage
11.0,sn_7,relay,BS_2,se_2,1,1194.012365522137,550.0,optimal_shannon,outage
11.0,ew_2,relay,BS_3,ew_1,1,1394.794690939538,550.0,optimal_shannon,outage
11.0,se_3,relay,BS_3,se_4,1,1240.01040627336,550.0,optimal_shannon,outage
11.0,ew_5,direct,BS_1,-1,1,1680.494194861505,550.0,optimal_shannon,outage
11.0,sn_1,relay,BS_3,sn_2,1,1350.0316977767973,550.0,optimal_shannon,outage
11.0,wn_2,relay,BS_2,we_7,1,1178.236812675672,550.0,optimal_shannon,outage
11.0,we_7,relay,BS_1,wn_2,1,593.9924743508884,330.0,optimal_shannon,outage
11.0,wn_1,relay,BS_2,we_5,1,1315.0751519032754,550.0,optimal_shannon,outage
11.0,we_1,relay,BS_3,we_2,1,620.4996757925883,330.0,optimal_shannon,outage
11.0,we_4,relay,BS_1,wn_2,1,593.9924743508884,330.0,optimal_shannon,outage
11.0,sn_12,relay,BS_3,sn_10,1,1033.4715441365622,550.0,optimal_shannon,outage
11.0,se_4,relay,BS_3,sn_10,1,1136.0622373435444,550.0,optimal_shannon,outage
11.0,sn_3,relay,BS_3,sn_2,1,1350.0316977767973,550.0,optimal_shannon,outage
11.0,we_0,relay,BS_3,we_2,1,620.4996757925883,330.0,optimal_shannon,outage
11.0,ns_5,relay,BS_1,ns_8,1,957.4769385272105,550.0,optimal_shannon,outage
11.0,we_10,relay,BS_3,we_11,1,558.4523459832233,330.0,optimal_shannon,outage
11.0,we_13,relay,BS_3,we_11,1,558.4523459832233,330.0,optimal_shannon,outage
11.0,we_9,relay,BS_3,we_11,1,558.4523459832233,330.0,optimal_shannon,outage
11.0,ew_7,relay,BS_2,ew_8,1,1144.696062193428,550.0,optimal_shannon,outage
11.0,sn_9,relay,BS_3,sn_10,1,1283.8528612546247,550.0,optimal_shannon,outage
11.0,wn_3,relay,BS_1,wn_2,1,593.9924743508884,330.0,optimal_shannon,outage
11.0,wn_4,relay,BS_2,we_7,1,1136.0622373435444,550.0,optimal_shannon,outage
11.0,se_5,relay,BS_3,sn_10,1,1323.458791215916,550.0,optimal_shannon,outage
11.0,wn_6,relay,BS_3,we_11,1,558.4523459832233,330.0,optimal_shannon,outage
11.0,se_0,relay,BS_3,sn_5,1,1171.9269808905149,550.0,optimal_shannon,outage
11.0,sn_8,relay,BS_3,se_4,1,1322.79447468652,550.0,optimal_shannon,outage
11.0,sn_11,relay,BS_3,sn_10,1,1264.9206335380345,550.0,optimal_shannon,outage
11.0,ns_6,direct,BS_2,-1,1,2325.638202836654,550.0,optimal_shannon,outage
11.0,ns_0,relay,BS_1,ns_2,1,1179.5652084169544,550.0,optimal_shannon,outage
11.0,ew_12,direct,BS_1,-1,1,1955.8095279281088,550.0,optimal_shannon,outage
11.0,wn_0,relay,BS_2,we_5,1,1102.5251277417783,550.0,optimal_shannon,outage
11.0,we_12,relay,BS_3,we_11,1,558.4523459832233,330.0,optimal_shannon,outage
11.0,we_6,relay,BS_2,we_5,1,1350.948482581707,550.0,optimal_shannon,outage
11.0,ns_1,relay,BS_1,ns_2,1,1344.0527540628889,550.0,optimal_shannon,outage
11.0,sn_13,relay,BS_3,sn_10,1,928.6181186914996,550.0,optimal_shannon,outage
11.0,se_6,relay,BS_3,sn_10,1,1218.0900615332175,550.0,optimal_shannon,outage
11.0,se_2,relay,BS_3,sn_5,1,1356.6749936169529,550.0,optimal_shannon,outage
11.0,sn_10,relay,BS_3,se_4,1,1136.3943039695791,550.0,optimal_shannon,outage
11.0,ew_3,relay,BS_3,ew_2,1,1367.2246102936597,550.0,optimal_shannon,outage
12.0,se_7,relay,BS_3,se_6,1,1214.768857177825,550.0,optimal_shannon,outage
12.0,ew_6,relay,BS_1,ew_5,1,1357.591781971415,550.0,optimal_shannon,outage
12.0,sn_5,relay,BS_2,sn_4,1,1235.9617328509903,550.0,optimal_shannon,outage
12.0,ew_9,direct,BS_1,-1,1,1808.8238953903576,550.0,optimal_shannon,outage
12.0,we_8,direct,BS_3,-1,1,582.889166712187,330.0,optimal_shannon,outage
12.0,we_14,relay,BS_2,wn_7,1,1125.4362625564163,550.0,optimal_shannon,outage
12.0,ew_11,direct,BS_1,-1,1,1880.5004217712187,550.0,optimal_shannon,outage
12.0,se_4,relay,BS_2,sn_8,1,1174.00606166708,550.0,optimal_shannon,outage
12.0,we_10,direct,BS_2,-1,1,1315.1548578914949,550.0,optimal_shannon,outage
12.0,wn_3,relay,BS_3,we_8,1,582.889166712187,330.0,optimal_shannon,outage
12.0,ns_6,relay,BS_1,ns_5,1,1332.0152274987847,550.0,optimal_shannon,outage
12.0,se_2,relay,BS_2,sn_4,1,1153.330072246281,550.0,optimal_shannon,outage
12.0,ew_3,relay,BS_1,ew_5,1,995.3032356360618,550.0,optimal_shannon,outage
12.0,ew_0,relay,BS_1,ew_5,1,868.6106488279021,550.0,optimal_shannon,outage
12.0,ew_4,relay,BS_1,ew_5,1,1384.1652190866466,550.0,optimal_shannon,outage
12.0,ew_13,direct,BS_3,-1,1,1932.773340519986,550.0,optimal_shannon,outage
12.0,wn_8,relay,BS_2,wn_7,1,1193.845673649923,550.0,optimal_shannon,outage
12.0,ew_8,direct,BS_1,-1,1,1776.2050358765362,550.0,optimal_shannon,outage
12.0,sn_14,relay,BS_3,se_6,1,985.6796947725778,550.0,optimal_shannon,outage
12.0,ns_11,relay,BS_1,ns_10,1,1269.5706204319977,550.0,optimal_shannon,outage
12.0,we_5,relay,BS_3,wn_1,1,610.0189653182993,330.0,optimal_shannon,outage
12.0,sn_2,relay,BS_2,sn_4,1,972.406992700154,550.0,optimal_shannon,outage
12.0,ns_3,relay,BS_1,ns_1,1,1171.262792772206,550.0,optimal_shannon,outage
12.0,sn_7,relay,BS_2,sn_8,1,1105.8454801464106,550.0,optimal_shannon,outage
12.0,ew_5,direct,BS_3,-1,1,1612.375882995373,550.0,optimal_shannon,outage
12.0,sn_1,relay,BS_2,sn_4,1,938.2367831748912,550.0,optimal_shannon,outage
12.0,wn_2,relay,BS_3,wn_1,1,610.0189653182993,330.0,optimal_shannon,outage
12.0,we_7,relay,BS_3,we_8,1,582.889166712187,330.0,optimal_shannon,outage
12.0,we_1,relay,BS_3,wn_1,1,610.0189653182993,330.0,optimal_shannon,outage
12.0,ns_5,direct,BS_2,-1,1,2350.222669997427,550.0,optimal_shannon,outage
12.0,we_0,relay,BS_2,we_4,1,915.3526984168464,550.0,optimal_shannon,outage
12.0,ew_7,direct,BS_3,-1,1,1685.648374073654,550.0,optimal_shannon,outage
12.0,ns_0,relay,BS_1,ns_1,1,1353.6855072983665,550.0,optimal_shannon,outage
12.0,sn_13,relay,BS_3,se_6,1,1099.5368419188746,550.0,optimal_shannon,outage
12.0,se_3,relay,BS_2,sn_8,1,1174.00606166708,550.0,optimal_shannon,outage
12.0,se_1,relay,BS_2,sn_4,1,1235.9617328509903,550.0,optimal_shannon,outage
12.0,se_8,relay,BS_3,se_6,1,1014.5522212836288,550.0,optimal_shannon,outage
12.0,ew_10,direct,BS_1,-1,1,1827.5784491972868,550.0,optimal_shannon,outage
12.0,ns_2,relay,BS_1,ns_1,1,1353.6855072983665,550.0,optimal_shannon,outage
12.0,wn_7,direct,BS_3,-1,1,556.8261917064912,330.0,optimal_shannon,outage
12.0,ns_12,relay,BS_1,ns_10,1,1045.7535542473393,550.0,optimal_shannon,outage
12.0,ew_1,relay,BS_1,ew_5,1,901.0947715414565,550.0,optimal_shannon,outage
12.0,we_3,relay,BS_3,wn_1,1,610.0189653182993,330.0,optimal_shannon,outage
12.0,ns_7,relay,BS_1,ns_5,1,1128.4247865700354,550.0,optimal_shannon,outage
12.0,ns_10,direct,BS_2,-1,1,2284.5113036418124,550.0,optimal_shannon,outage
12.0,wn_5,relay,BS_3,we_8,1,582.889166712187,330.0,optimal_shannon,outage
12.0,ns_13,direct,BS_2,-1,1,2221.0863771784248,550.0,optimal_shannon,outage
12.0,sn_3,relay,BS_2,sn_4,1,1060.360152069154,550.0,optimal_shannon,outage
12.0,we_9,relay,BS_3,we_8,1,582.889166712187,330.0,optimal_shannon,outage
12.0,wn_4,relay,BS_3,we_8,1,582.889166712187,330.0,optimal_shannon,outage
12.0,sn_8,direct,BS_2,-1,1,1174.00606166708,550.0,optimal_shannon,outage
12.0,sn_11,relay,BS_3,se_6,1,1331.7627741484594,550.0,optimal_shannon,outage
12.0,ew_12,direct,BS_1,-1,1,1903.4372094363464,550.0,optimal_shannon,outage
12.0,se_6,direct,BS_3,-1,1,1331.7627741484594,550.0,optimal_shannon,outage
12.0,sn_10,relay,BS_3,se_6,1,1158.9754814769583,550.0,optimal_shannon,outage
12.0,wn_9,relay,BS_2,wn_7,1,1008.9100280745732,550.0,optimal_shannon,outage
12.0,we_11,relay,BS_2,wn_7,1,1137.390505585643,550.0,optimal_shannon,outage
12.0,sn_4,direct,BS_3,-1,1,1350.0316977767973,550.0,optimal_shannon,outage
12.0,sn_6,relay,BS_2,sn_4,1,1153.9942342242318,550.0,optimal_shannon,outage
12.0,sn_0,relay,BS_2,sn_4,1,864.634147890844,550.0,optimal_shannon,outage
12.0,ns_9,relay,BS_1,ns_10,1,1288.8350847115155,550.0,optimal_shannon,outage
12.0,ns_4,relay,BS_1,ns_5,1,1346.710059682595,550.0,optimal_shannon,outage
12.0,ns_8,relay,BS_1,ns_10,1,1105.513443279061,550.0,optimal_shannon,outage
12.0,ew_2,relay,BS_1,ew_5,1,944.20747701283,550.0,optimal_shannon,outage
12.0,we_15,relay,BS_2,wn_7,1,1008.9100280745732,550.0,optimal_shannon,outage
12.0,wn_1,relay,BS_2,we_4,1,1637.5393921588288,550.0,optimal_shannon,outage
12.0,we_4,relay,BS_3,wn_1,1,610.0189653182993,330.0,optimal_shannon,outage
12.0,ew_14,relay,BS_1,ew_9,1,808.995713268461,440.00000000000006,optimal_shannon,outage
12.0,sn_12,relay,BS_3,se_6,1,1308.7641979483706,550.0,optimal_shannon,outage
12.0,we_13,relay,BS_2,wn_7,1,1306.1866690138377,550.0,optimal_shannon,outage
12.0,sn_9,relay,BS_2,sn_8,1,1174.00606166708,550.0,optimal_shannon,outage
12.0,se_5,relay,BS_2,sn_8,1,1144.696062193428,550.0,optimal_shannon,outage
12.0,wn_6,relay,BS_2,wn_7,1,1217.7579403502332,550.0,optimal_shannon,outage
12.0,se_0,relay,BS_2,sn_4,1,1235.9617328509903,550.0,optimal_shannon,outage
12.0,wn_0,relay,BS_3,wn_1,1,610.0189653182993,330.0,optimal_shannon,outage
12.0,we_12,relay,BS_2,wn_7,1,1306.1866690138377,550.0,optimal_shannon,outage
12.0,we_6,relay,BS_3,wn_1,1,610.0189653182993,330.0,optimal_shannon,outage
12.0,ns_1,direct,BS_2,-1,1,2329.9968708456204,550.0,optimal_shannon,outage
12.0,we_2,relay,BS_3,wn_1,1,610.0189653182993,330.0,optimal_shannon,outage
13.0,we_16,relay,BS_3,we_13,1,560.4042458106632,330.0,optimal_shannon,outage
13.0,se_7,direct,BS_3,-1,1,1322.79447468652,550.0,optimal_shannon,outage
13.0,sn_5,relay,BS_2,sn_4,1,1256.7122788824972,550.0,optimal_shannon,outage
13.0,ew_6,relay,BS_2,ew_4,1,1186.8714456739945,550.0,optimal_shannon,outage
13.0,ew_9,relay,BS_3,ew_11,1,1119.7913423542414,550.0,optimal_shannon,outage
13.0,se_9,relay,BS_2,se_7,1,980.702270312914,550.0,optimal_shannon,outage
13.0,we_8,relay,BS_3,we_9,1,586.1533097481177,330.0,optimal_shannon,outage
13.0,we_14,relay,BS_3,we_13,1,560.4042458106632,330.0,optimal_shannon,outage
13.0,ew_11,direct,BS_3,-1,1,1820.2555752618323,550.0,optimal_shannon,outage
13.0,se_4,relay,BS_3,sn_9,1,1342.059777733184,550.0,optimal_shannon,outage
13.0,we_10,relay,BS_3,we_9,1,586.1533097481177,330.0,optimal_shannon,outage
13.0,wn_3,relay,BS_3,we_9,1,586.1533097481177,330.0,optimal_shannon,outage
13.0,ns_6,relay,BS_1,ns_5,1,1346.96251546469,550.0,optimal_shannon,outage
13.0,se_2,relay,BS_2,sn_4,1,1136.7263708857183,550.0,optimal_shannon,outage
13.0,ew_3,relay,BS_3,ew_2,1,1347.7065504087086,550.0,optimal_shannon,outage
13.0,ew_0,relay,BS_3,ew_2,1,1249.3101383723044,550.0,optimal_shannon,outage
13.0,ew_4,relay,BS_3,ew_2,1,997.626258094572,550.0,optimal_shannon,outage
13.0,ew_13,direct,BS_1,-1,1,1913.9488529345144,550.0,optimal_shannon,outage
13.0,wn_8,relay,BS_3,we_13,1,560.4042458106632,330.0,optimal_shannon,outage
13.0,ew_8,direct,BS_3,-1,1,1718.7817571888909,550.0,optimal_shannon,outage
13.0,sn_14,relay,BS_2,se_7,1,1128.732888779018,550.0,optimal_shannon,outage
13.0,ns_11,relay,BS_1,ns_13,1,1029.1564321876738,550.0,optimal_shannon,outage
13.0,we_5,relay,BS_1,we_4,1,616.8957115794433,330.0,optimal_shannon,outage
13.0,sn_2,relay,BS_2,sn_4,1,971.079799846128,550.0,optimal_shannon,outage
13.0,ns_3,relay,BS_1,ns_1,1,1186.8714456739945,550.0,optimal_shannon,outage
13.0,sn_7,relay,BS_2,sn_5,1,1145.0281361494117,550.0,optimal_shannon,outage
13.0,ew_5,relay,BS_2,ew_4,1,1402.434654668149,550.0,optimal_shannon,outage
13.0,sn_1,relay,BS_2,sn_4,1,924.9699252182646,550.0,optimal_shannon,outage
13.0,wn_2,relay,BS_1,we_4,1,616.8957115794433,330.0,optimal_shannon,outage
13.0,ns_14,relay,BS_1,ns_13,1,1262.5956487951637,550.0,optimal_shannon,outage
13.0,we_7,direct,BS_3,-1,1,604.128459881991,330.0,optimal_shannon,outage
13.0,we_1,relay,BS_1,wn_0,1,623.4492957137905,330.0,optimal_shannon,outage
13.0,ns_5,direct,BS_2,-1,1,2337.888170439952,550.0,optimal_shannon,outage
13.0,we_0,relay,BS_1,wn_0,1,623.4492957137905,330.0,optimal_shannon,outage
13.0,ew_7,relay,BS_2,ew_4,1,1066.335858226094,550.0,optimal_shannon,outage
13.0,ns_0,relay,BS_1,ns_1,1,1355.6784976048689,550.0,optimal_shannon,outage
13.0,sn_13,relay,BS_2,se_7,1,1128.732888779018,550.0,optimal_shannon,outage
13.0,se_3,relay,BS_3,sn_9,1,1204.8053468162193,550.0,optimal_shannon,outage
13.0,se_1,relay,BS_2,sn_4,1,1256.7122788824972,550.0,optimal_shannon,outage
13.0,se_8,relay,BS_2,se_7,1,1128.732888779018,550.0,optimal_shannon,outage
13.0,ew_10,direct,BS_1,-1,1,1775.127308200987,550.0,optimal_shannon,outage
13.0,ns_2,relay,BS_1,ns_1,1,1355.6784976048689,550.0,optimal_shannon,outage
13.0,wn_7,relay,BS_3,we_13,1,560.4042458106632,330.0,optimal_shannon,outage
13.0,ns_12,relay,BS_1,ns_13,1,1281.5278316326344,550.0,optimal_shannon,outage
13.0,ew_1,relay,BS_3,ew_2,1,1347.7065504087086,550.0,optimal_shannon,outage
13.0,we_3,relay,BS_1,wn_0,1,623.4492957137905,330.0,optimal_shannon,outage
13.0,ns_7,relay,BS_1,ns_5,1,1139.3829165788864,550.0,optimal_shannon,outage
13.0,ns_10,relay,BS_1,ns_13,1,948.188138155124,550.0,optimal_shannon,outage
13.0,wn_5,relay,BS_3,we_9,1,586.1533097481177,330.0,optimal_shannon,outage
13.0,ns_13,direct,BS_2,-1,1,2233.2641936287005,550.0,optimal_shannon,outage
13.0,sn_3,relay,BS_2,sn_4,1,1032.475740084009,550.0,optimal_shannon,outage
13.0,we_9,direct,BS_2,-1,1,1416.0121085337694,550.0,optimal_shannon,outage
13.0,wn_4,relay,BS_3,we_9,1,586.1533097481177,330.0,optimal_shannon,outage
13.0,sn_8,relay,BS_3,sn_9,1,1332.0152274987847,550.0,optimal_shannon,outage
13.0,sn_11,relay,BS_3,sn_9,1,1105.513443279061,550.0,optimal_shannon,outage
13.0,ew_12,direct,BS_1,-1,1,1875.0428795267003,550.0,optimal_shannon,outage
13.0,se_6,relay,BS_2,se_7,1,1128.732888779018,550.0,optimal_shannon,outage
13.0,ew_15,direct,BS_1,-1,1,1968.7300588576725,550.0,optimal_shannon,outage
13.0,sn_10,relay,BS_3,sn_9,1,1309.4285074212044,550.0,optimal_shannon,outage
13.0,wn_9,relay,BS_3,we_13,1,560.4042458106632,330.0,optimal_shannon,outage
13.0,sn_15,relay,BS_2,se_7,1,1017.5393441795088,550.0,optimal_shannon,outage
13.0,we_11,relay,BS_3,we_9,1,586.1533097481177,330.0,optimal_shannon,outage
13.0,sn_4,relay,BS_2,sn_5,1,1245.6236876469775,550.0,optimal_shannon,outage
13.0,sn_6,relay,BS_2,sn_4,1,1171.262792772206,550.0,optimal_shannon,outage
13.0,sn_0,relay,BS_2,sn_4,1,864.634147890844,550.0,optimal_shannon,outage
13.0,ns_9,direct,BS_2,-1,1,2304.3496167429767,550.0,optimal_shannon,outage
13.0,ns_15,relay,BS_1,ns_13,1,1058.7002616622326,550.0,optimal_shannon,outage
13.0,ns_4,relay,BS_1,ns_5,1,1357.0071590805744,550.0,optimal_shannon,outage
13.0,ns_8,direct,BS_2,-1,1,2322.481791208677,550.0,optimal_shannon,outage
13.0,ew_2,relay,BS_2,ew_4,1,997.626258094572,550.0,optimal_shannon,outage
13.0,we_15,relay,BS_3,we_13,1,560.4042458106632,330.0,optimal_shannon,outage
13.0,wn_1,relay,BS_1,we_4,1,616.8957115794433,330.0,optimal_shannon,outage
13.0,we_4,relay,BS_1,wn_0,1,623.4492957137905,330.0,optimal_shannon,outage
13.0,ew_14,relay,BS_3,ew_11,1,942.2172054684288,550.0,optimal_shannon,outage
13.0,sn_12,relay,BS_2,se_7,1,1128.732888779018,550.0,optimal_shannon,outage
13.0,we_13,direct,BS_2,-1,1,1305.5223612714306,550.0,optimal_shannon,outage
13.0,sn_9,direct,BS_3,-1,1,1342.059777733184,550.0,optimal_shannon,outage
13.0,se_5,relay,BS_3,sn_9,1,1301.456817302373,550.0,optimal_shannon,outage
13.0,wn_6,relay,BS_3,we_13,1,560.4042458106632,330.0,optimal_shannon,outage
13.0,se_0,relay,BS_2,sn_4,1,1256.7122788824972,550.0,optimal_shannon,outage
13.0,wn_0,relay,BS_1,we_4,1,616.8957115794433,330.0,optimal_shannon,outage
13.0,we_12,relay,BS_3,we_13,1,560.4042458106632,330.0,optimal_shannon,outage
13.0,we_6,relay,BS_1,we_4,1,616.8957115794433,330.0,optimal_shannon,outage
13.0,ns_1,relay,BS_1,ns_5,1,875.5701630586161,550.0,optimal_shannon,outage
13.0,we_2,relay,BS_1,wn_0,1,623.4492957137905,330.0,optimal_shannon,outage
14.0,we_16,relay,BS_2,wn_8,1,1049.7370718295329,550.0,optimal_shannon,outage
14.0,se_7,relay,BS_2,sn_13,1,1140.561282263683,550.0,optimal_shannon,outage
14.0,sn_5,relay,BS_3,se_0,1,1354.349837144696,550.0,optimal_shannon,outage
14.0,ew_6,relay,BS_3,ew_5,1,1392.137318184675,550.0,optimal_shannon,outage
14.0,ew_9,relay,BS_3,ew_10,1,1338.9906106311091,550.0,optimal_shannon,outage
14.0,se_9,relay,BS_1,sn_14,1,561.380404123171,330.0,optimal_shannon,outage
14.0,we_8,relay,BS_3,wn_5,1,590.0719856099442,330.0,optimal_shannon,outage
14.0,we_14,relay,BS_2,wn_8,1,1306.518823019307,550.0,optimal_shannon,outage
14.0,ew_11,relay,BS_3,ew_10,1,1315.407308227314,550.0,optimal_shannon,outage
14.0,sn_16,relay,BS_1,sn_14,1,561.380404123171,330.0,optimal_shannon,outage
14.0,sn_17,relay,BS_1,sn_14,1,561.380404123171,330.0,optimal_shannon,outage
14.0,se_4,relay,BS_3,se_5,1,1246.320927099185,550.0,optimal_shannon,outage
14.0,we_10,relay,BS_3,wn_5,1,590.0719856099442,330.0,optimal_shannon,outage
14.0,wn_3,relay,BS_3,wn_5,1,590.0719856099442,330.0,optimal_shannon,outage
14.0,ns_6,relay,BS_1,ns_5,1,1362.5742730206423,550.0,optimal_shannon,outage
14.0,se_2,relay,BS_2,sn_5,1,1239.0140128606838,550.0,optimal_shannon,outage
14.0,ew_3,relay,BS_1,ew_2,1,1332.759255300619,550.0,optimal_shannon,outage
14.0,ew_0,relay,BS_1,ew_2,1,1272.2277659919416,550.0,optimal_shannon,outage
14.0,ew_4,relay,BS_3,ew_5,1,1420.3720540641723,550.0,optimal_shannon,outage
14.0,ew_13,direct,BS_1,-1,1,1852.6671501189344,550.0,optimal_shannon,outage
14.0,wn_8,direct,BS_3,-1,1,563.0076402172299,330.0,optimal_shannon,outage
14.0,ew_8,relay,BS_3,ew_10,1,1156.3188092053058,550.0,optimal_shannon,outage
14.0,sn_14,relay,BS_2,sn_13,1,1140.561282263683,550.0,optimal_shannon,outage
14.0,ns_11,relay,BS_1,ns_9,1,1106.8415928961,550.0,optimal_shannon,outage
14.0,we_5,relay,BS_3,we_4,1,627.383382496411,330.0,optimal_shannon,outage
14.0,sn_2,relay,BS_3,se_0,1,958.140454927352,550.0,optimal_shannon,outage
14.0,ns_3,relay,BS_1,ns_2,1,1330.1019737287668,550.0,optimal_shannon,outage
14.0,sn_7,relay,BS_2,sn_5,1,1162.2963441107818,550.0,optimal_shannon,outage
14.0,ew_5,direct,BS_2,-1,1,1538.375579745276,550.0,optimal_shannon,outage
14.0,sn_1,relay,BS_2,sn_4,1,902.7525344693264,550.0,optimal_shannon,outage
14.0,wn_2,relay,BS_3,we_4,1,627.383382496411,330.0,optimal_shannon,outage
14.0,ns_14,direct,BS_2,-1,1,2254.1892453834507,550.0,optimal_shannon,outage
14.0,we_7,direct,BS_3,-1,1,613.6204804221321,330.0,optimal_shannon,outage
14.0,we_1,relay,BS_3,we_4,1,627.383382496411,330.0,optimal_shannon,outage
14.0,ns_5,direct,BS_2,-1,1,2334.761303107563,550.0,optimal_shannon,outage
14.0,we_0,relay,BS_3,we_4,1,627.383382496411,330.0,optimal_shannon,outage
14.0,ew_7,relay,BS_3,ew_5,1,1177.5726161055693,550.0,optimal_shannon,outage
14.0,ns_0,relay,BS_1,ns_2,1,1236.6890998995823,550.0,optimal_shannon,outage
14.0,sn_13,relay,BS_1,sn_14,1,561.380404123171,330.0,optimal_shannon,outage
14.0,se_3,relay,BS_2,sn_10,1,1102.5251277417783,550.0,optimal_shannon,outage
14.0,se_1,relay,BS_2,sn_5,1,1267.4149460292842,550.0,optimal_shannon,outage
14.0,se_8,relay,BS_2,sn_13,1,1140.561282263683,550.0,optimal_shannon,outage
14.0,ew_10,direct,BS_1,-1,1,1732.4804362373943,550.0,optimal_shannon,outage
14.0,ns_2,relay,BS_1,ns_5,1,933.5931657823344,550.0,optimal_shannon,outage
14.0,wn_7,relay,BS_2,wn_8,1,1214.104618316835,550.0,optimal_shannon,outage
14.0,ns_12,relay,BS_1,ns_14,1,1095.2204827851644,550.0,optimal_shannon,outage
14.0,ew_1,relay,BS_1,ew_2,1,1332.759255300619,550.0,optimal_shannon,outage
14.0,we_3,relay,BS_3,we_4,1,627.383382496411,330.0,optimal_shannon,outage
14.0,ns_7,relay,BS_1,ns_5,1,1154.6583972293756,550.0,optimal_shannon,outage
14.0,ns_10,relay,BS_1,ns_9,1,1315.0751519032754,550.0,optimal_shannon,outage
14.0,wn_5,relay,BS_3,we_10,1,589.418745763055,330.0,optimal_shannon,outage
14.0,ns_13,relay,BS_1,ns_14,1,1274.220629922697,550.0,optimal_shannon,outage
14.0,we_17,relay,BS_2,wn_8,1,957.8086962275734,550.0,optimal_shannon,outage
14.0,sn_3,relay,BS_3,se_0,1,1021.1903447535408,550.0,optimal_shannon,outage
14.0,we_9,relay,BS_3,we_10,1,589.418745763055,330.0,optimal_shannon,outage
14.0,ew_16,direct,BS_3,-1,1,1942.2624106278672,550.0,optimal_shannon,outage
14.0,wn_4,relay,BS_3,wn_5,1,590.0719856099442,330.0,optimal_shannon,outage
14.0,sn_8,relay,BS_3,se_5,1,1100.2009028355346,550.0,optimal_shannon,outage
14.0,sn_11,relay,BS_3,se_5,1,1364.3148149378776,550.0,optimal_shannon,outage
14.0,ew_12,relay,BS_3,ew_10,1,1025.8371852743403,550.0,optimal_shannon,outage
14.0,se_6,relay,BS_3,se_5,1,1095.5525081202634,550.0,optimal_shannon,outage
14.0,ew_15,direct,BS_1,-1,1,1924.150330029682,550.0,optimal_shannon,outage
14.0,sn_10,relay,BS_3,se_5,1,1364.3148149378776,550.0,optimal_shannon,outage
14.0,wn_9,relay,BS_2,wn_8,1,1144.696062193428,550.0,optimal_shannon,outage
14.0,sn_15,relay,BS_1,sn_14,1,561.380404123171,330.0,optimal_shannon,outage
14.0,we_11,relay,BS_3,we_10,1,589.418745763055,330.0,optimal_shannon,outage
14.0,sn_4,relay,BS_3,se_0,1,1354.349837144696,550.0,optimal_shannon,outage
14.0,ns_16,relay,BS_1,ns_14,1,1058.7002616622326,550.0,optimal_shannon,outage
14.0,sn_6,relay,BS_2,sn_4,1,1186.8714456739945,550.0,optimal_shannon,outage
14.0,sn_0,relay,BS_3,se_0,1,893.469545212772,550.0,optimal_shannon,outage
14.0,ns_9,direct,BS_2,-1,1,2332.7088659494607,550.0,optimal_shannon,outage
14.0,ns_15,relay,BS_1,ns_14,1,1255.620730524827,550.0,optimal_shannon,outage
14.0,ns_4,relay,BS_1,ns_5,1,1367.968653810429,550.0,optimal_shannon,outage
14.0,ns_8,relay,BS_1,ns_9,1,1338.326287050039,550.0,optimal_shannon,outage
14.0,ew_2,relay,BS_3,ew_5,1,913.0314649894414,550.0,optimal_shannon,outage
14.0,we_15,relay,BS_2,wn_8,1,1256.9492821502831,550.0,optimal_shannon,outage
14.0,wn_1,relay,BS_3,we_4,1,627.383382496411,330.0,optimal_shannon,outage
14.0,we_4,direct,BS_2,-1,1,1761.8246886841173,550.0,optimal_shannon,outage
14.0,ew_14,direct,BS_1,-1,1,1890.8729391634408,550.0,optimal_shannon,outage
14.0,sn_12,relay,BS_1,sn_14,1,561.380404123171,330.0,optimal_shannon,outage
14.0,we_13,relay,BS_2,wn_8,1,1306.518823019307,550.0,optimal_shannon,outage
14.0,sn_9,relay,BS_3,se_5,1,1253.6279069019663,550.0,optimal_shannon,outage
14.0,se_5,relay,BS_2,sn_10,1,1188.053159665698,550.0,optimal_shannon,outage
14.0,wn_6,relay,BS_3,we_10,1,589.418745763055,330.0,optimal_shannon,outage
14.0,se_0,relay,BS_2,sn_5,1,1267.4149460292842,550.0,optimal_shannon,outage
14.0,wn_0,relay,BS_3,we_4,1,627.383382496411,330.0,optimal_shannon,outage
14.0,we_12,relay,BS_2,wn_8,1,1127.760667958348,550.0,optimal_shannon,outage
14.0,we_6,relay,BS_3,we_4,1,627.383382496411,330.0,optimal_shannon,outage
14.0,ns_1,relay,BS_1,ns_2,1,1330.1019737287668,550.0,optimal_shannon,outage
14.0,we_2,relay,BS_3,we_4,1,627.383382496411,330.0,optimal_shannon,outage
15.0,we_16,relay,BS_2,wn_8,1,1058.3682850671598,550.0,optimal_shannon,outage
15.0,se_7,relay,BS_2,se_6,1,1173.4775070871829,550.0,optimal_shannon,outage
15.0,sn_5,relay,BS_3,se_0,1,1370.2938276856,550.0,optimal_shannon,outage
15.0,ew_6,relay,BS_1,ew_8,1,980.3704487665048,550.0,optimal_shannon,outage
15.0,ew_9,relay,BS_1,ew_8,1,1380.8435198923842,550.0,optimal_shannon,outage
15.0,se_9,relay,BS_2,sn_15,1,1133.033323271654,550.0,optimal_shannon,outage
15.0,we_8,relay,BS_3,wn_5,1,597.9147281752057,330.0,optimal_shannon,outage
15.0,we_14,relay,BS_2,wn_8,1,1318.144267991982,550.0,optimal_shannon,outage
15.0,ew_11,relay,BS_1,ew_8,1,1041.438165272514,550.0,optimal_shannon,outage
15.0,sn_16,relay,BS_2,sn_15,1,1133.033323271654,550.0,optimal_shannon,outage
15.0,ns_17,relay,BS_1,ns_14,1,935.2515743584628,550.0,optimal_shannon,outage
15.0,sn_17,relay,BS_2,sn_15,1,1036.7909292434847,550.0,optimal_shannon,outage
15.0,se_4,relay,BS_3,se_5,1,1257.6135587190768,550.0,optimal_shannon,outage
15.0,we_10,relay,BS_3,wn_5,1,597.9147281752057,330.0,optimal_shannon,outage
15.0,wn_3,relay,BS_3,wn_5,1,597.9147281752057,330.0,optimal_shannon,outage
15.0,ns_6,relay,BS_1,ns_9,1,933.2614876016402,550.0,optimal_shannon,outage
15.0,se_2,relay,BS_3,se_0,1,1125.1042058880685,550.0,optimal_shannon,outage
15.0,ew_3,relay,BS_1,ew_2,1,1327.7768563289153,550.0,optimal_shannon,outage
15.0,ew_0,relay,BS_1,ew_2,1,1297.8031436151457,550.0,optimal_shannon,outage
15.0,ew_4,relay,BS_3,ew_6,1,1224.4003948756383,550.0,optimal_shannon,outage
15.0,ew_13,direct,BS_2,-1,1,1513.1061072132395,550.0,optimal_shannon,outage
15.0,sn_18,relay,BS_2,sn_15,1,919.33210799225,550.0,optimal_shannon,outage
15.0,ew_17,direct,BS_1,-1,1,1957.0832816764344,550.0,optimal_shannon,outage
15.0,wn_8,relay,BS_3,we_14,1,570.8235670333146,330.0,optimal_shannon,outage
15.0,ew_8,relay,BS_3,ew_6,1,980.3704487665048,550.0,optimal_shannon,outage
15.0,sn_14,relay,BS_2,sn_15,1,1133.033323271654,550.0,optimal_shannon,outage
15.0,ns_11,relay,BS_1,ns_9,1,1121.1195505450366,550.0,optimal_shannon,outage
15.0,we_5,relay,BS_2,wn_0,1,1241.671064786612,550.0,optimal_shannon,outage
15.0,sn_2,relay,BS_3,se_0,1,928.6181186914996,550.0,optimal_shannon,outage
15.0,ns_3,relay,BS_1,ns_2,1,1314.822701631356,550.0,optimal_shannon,outage
15.0,sn_7,relay,BS_3,se_0,1,1108.8338279861075,550.0,optimal_shannon,outage
15.0,ew_5,relay,BS_3,ew_6,1,1410.4068166079207,550.0,optimal_shannon,outage
15.0,sn_1,relay,BS_3,se_0,1,900.1001315151121,550.0,optimal_shannon,outage
15.0,wn_2,relay,BS_3,wn_1,1,634.5994975381013,330.0,optimal_shannon,outage
15.0,ns_14,direct,BS_3,-1,1,563.3331329691666,330.0,optimal_shannon,outage
15.0,we_7,relay,BS_3,wn_1,1,634.5994975381013,330.0,optimal_shannon,outage
15.0,we_1,relay,BS_2,wn_0,1,961.1263278225032,550.0,optimal_shannon,outage
15.0,ns_5,relay,BS_1,ns_6,1,1350.6960261925738,550.0,optimal_shannon,outage
15.0,we_0,relay,BS_2,wn_0,1,974.3978090404798,550.0,optimal_shannon,outage
15.0,ew_7,relay,BS_3,ew_6,1,1380.8435198923842,550.0,optimal_shannon,outage
15.0,ns_0,relay,BS_1,ns_2,1,1261.9313685247987,550.0,optimal_shannon,outage
15.0,we_18,relay,BS_3,we_14,1,570.8235670333146,330.0,optimal_shannon,outage
15.0,sn_13,relay,BS_3,sn_14,1,1293.8173308667456,550.0,optimal_shannon,outage
15.0,se_3,relay,BS_3,se_5,1,1071.9797210619477,550.0,optimal_shannon,outage
15.0,se_1,relay,BS_3,se_0,1,1334.3403516229464,550.0,optimal_shannon,outage
15.0,se_8,relay,BS_3,sn_14,1,1338.0738326421615,550.0,optimal_shannon,outage
15.0,ew_10,relay,BS_1,ew_8,1,1170.9306990545454,550.0,optimal_shannon,outage
15.0,ns_2,direct,BS_2,-1,1,2251.791875139301,550.0,optimal_shannon,outage
15.0,wn_7,relay,BS_3,we_14,1,570.8235670333146,330.0,optimal_shannon,outage
15.0,ns_12,relay,BS_1,ns_14,1,1099.8688721903825,550.0,optimal_shannon,outage
15.0,ew_1,relay,BS_1,ew_2,1,1327.7768563289153,550.0,optimal_shannon,outage
15.0,we_3,relay,BS_2,wn_0,1,1088.5800583107762,550.0,optimal_shannon,outage
15.0,ns_7,relay,BS_1,ns_6,1,1350.6960261925738,550.0,optimal_shannon,outage
15.0,ns_10,relay,BS_1,ns_9,1,1329.3579472759436,550.0,optimal_shannon,outage
15.0,wn_5,direct,BS_2,-1,1,1531.1929839381432,550.0,optimal_shannon,outage
15.0,ns_13,relay,BS_1,ns_14,1,1286.5100442257426,550.0,optimal_shannon,outage
15.0,we_17,relay,BS_2,wn_8,1,960.1310279857296,550.0,optimal_shannon,outage
15.0,sn_3,relay,BS_3,se_0,1,1007.5824823783256,550.0,optimal_shannon,outage
15.0,we_9,relay,BS_3,wn_5,1,597.9147281752057,330.0,optimal_shannon,outage
15.0,ew_16,direct,BS_1,-1,1,1930.567369781869,550.0,optimal_shannon,outage
15.0,wn_4,relay,BS_3,wn_5,1,597.9147281752057,330.0,optimal_shannon,outage
15.0,sn_8,relay,BS_3,se_5,1,1089.9081305115053,550.0,optimal_shannon,outage
15.0,sn_11,relay,BS_3,se_5,1,1356.010662878954,550.0,optimal_shannon,outage
15.0,ew_12,direct,BS_2,-1,1,1516.335888399646,550.0,optimal_shannon,outage
15.0,se_6,relay,BS_3,se_5,1,1095.2204827851644,550.0,optimal_shannon,outage
15.0,ew_15,direct,BS_1,-1,1,1872.4833952161616,550.0,optimal_shannon,outage
15.0,sn_10,relay,BS_3,se_5,1,1356.010662878954,550.0,optimal_shannon,outage
15.0,wn_9,relay,BS_3,we_14,1,570.8235670333146,330.0,optimal_shannon,outage
15.0,sn_15,relay,BS_3,sn_14,1,1274.220629922697,550.0,optimal_shannon,outage
15.0,ew_18,direct,BS_1,-1,1,1973.1033308138112,550.0,optimal_shannon,outage
15.0,we_11,relay,BS_3,wn_5,1,597.9147281752057,330.0,optimal_shannon,outage
15.0,sn_4,relay,BS_3,se_0,1,1370.2938276856,550.0,optimal_shannon,outage
15.0,ns_16,relay,BS_1,ns_14,1,1041.7701149459142,550.0,optimal_shannon,outage
15.0,sn_6,relay,BS_3,se_0,1,1244.992392263458,550.0,optimal_shannon,outage
15.0,sn_0,relay,BS_3,se_0,1,874.5758981862754,550.0,optimal_shannon,outage
15.0,ns_9,direct,BS_2,-1,1,2335.922513825296,550.0,optimal_shannon,outage
15.0,ns_15,relay,BS_1,ns_14,1,1267.245624114728,550.0,optimal_shannon,outage
15.0,ns_4,relay,BS_1,ns_6,1,1194.1777819204574,550.0,optimal_shannon,outage
15.0,ns_8,relay,BS_1,ns_9,1,1346.710059682595,550.0,optimal_shannon,outage
15.0,ew_2,direct,BS_2,-1,1,1550.964095354061,550.0,optimal_shannon,outage
15.0,we_15,relay,BS_2,wn_8,1,1309.7606622889043,550.0,optimal_shannon,outage
15.0,wn_1,relay,BS_2,wn_0,1,1338.9906106311091,550.0,optimal_shannon,outage
15.0,we_4,relay,BS_3,wn_1,1,634.5994975381013,330.0,optimal_shannon,outage
15.0,ew_14,direct,BS_3,-1,1,1846.269031718496,550.0,optimal_shannon,outage
15.0,sn_12,relay,BS_2,se_6,1,1173.4775070871829,550.0,optimal_shannon,outage
15.0,we_13,relay,BS_2,wn_8,1,1299.1317509167532,550.0,optimal_shannon,outage
15.0,sn_9,relay,BS_3,se_5,1,1212.7761426297416,550.0,optimal_shannon,outage
15.0,se_5,relay,BS_2,se_6,1,1095.2204827851644,550.0,optimal_shannon,outage
15.0,wn_6,relay,BS_3,wn_5,1,597.9147281752057,330.0,optimal_shannon,outage
15.0,se_0,direct,BS_3,-1,1,1370.2938276856,550.0,optimal_shannon,outage
15.0,wn_0,relay,BS_3,wn_1,1,634.5994975381013,330.0,optimal_shannon,outage
15.0,we_12,relay,BS_2,wn_8,1,1119.4592911183545,550.0,optimal_shannon,outage
15.0,we_6,relay,BS_3,wn_1,1,634.5994975381013,330.0,optimal_shannon,outage
15.0,ns_1,relay,BS_1,ns_2,1,1314.822701631356,550.0,optimal_shannon,outage
15.0,we_2,relay,BS_2,wn_0,1,1017.5393441795088,550.0,optimal_shannon,outage
16.0,we_16,relay,BS_2,wn_9,1,1309.8403679483035,550.0,optimal_shannon,outage
16.0,se_7,relay,BS_1,sn_14,1,578.6477616318306,330.0,optimal_shannon,outage
16.0,sn_5,direct,BS_2,-1,1,1313.9752971008895,550.0,optimal_shannon,outage
16.0,ew_6,relay,BS_3,ew_4,1,1245.6566594092026,550.0,optimal_shannon,outage
16.0,ew_9,relay,BS_3,ew_10,1,1369.8819510581557,550.0,optimal_shannon,outage
16.0,se_9,relay,BS_1,sn_14,1,578.6477616318306,330.0,optimal_shannon,outage
16.0,sn_19,relay,BS_3,sn_15,1,868.279263458878,550.0,optimal_shannon,outage
16.0,we_8,relay,BS_1,we_9,1,610.6736883131524,330.0,optimal_shannon,outage
16.0,we_14,relay,BS_3,wn_8,1,577.6693000140151,330.0,optimal_shannon,outage
16.0,ew_11,relay,BS_3,ew_10,1,1344.3052094308744,550.0,optimal_shannon,outage
16.0,sn_16,relay,BS_3,sn_15,1,1156.6508923609088,550.0,optimal_shannon,outage
16.0,ns_17,relay,BS_3,ns_14,1,572.1270371553512,330.0,optimal_shannon,outage
16.0,sn_17,relay,BS_3,sn_15,1,1017.5393441795088,550.0,optimal_shannon,outage
16.0,se_4,relay,BS_3,se_5,1,1268.9063351895256,550.0,optimal_shannon,outage
16.0,we_10,relay,BS_1,we_9,1,610.6736883131524,330.0,optimal_shannon,outage
16.0,wn_3,relay,BS_1,we_9,1,610.6736883131524,330.0,optimal_shannon,outage
16.0,ns_6,relay,BS_1,ns_5,1,1364.6469818119322,550.0,optimal_shannon,outage
16.0,se_2,relay,BS_2,sn_5,1,1164.28887336438,550.0,optimal_shannon,outage
16.0,ew_0,relay,BS_3,ew_4,1,919.6637340070504,550.0,optimal_shannon,outage
16.0,ew_3,relay,BS_3,ew_4,1,1015.5479228987366,550.0,optimal_shannon,outage
16.0,ew_4,direct,BS_3,-1,1,1333.4235764410005,550.0,optimal_shannon,outage
16.0,ew_13,relay,BS_3,ew_16,1,959.7992633374192,550.0,optimal_shannon,outage
16.0,sn_18,relay,BS_3,sn_15,1,949.8467926098812,550.0,optimal_shannon,outage
16.0,ew_17,direct,BS_1,-1,1,1900.184386717876,550.0,optimal_shannon,outage
16.0,wn_8,relay,BS_2,wn_9,1,1119.7913423542414,550.0,optimal_shannon,outage
16.0,ew_8,relay,BS_3,ew_10,1,1183.5504161646102,550.0,optimal_shannon,outage
16.0,sn_14,relay,BS_3,sn_15,1,1286.5100442257426,550.0,optimal_shannon,outage
16.0,ns_11,relay,BS_1,ns_9,1,1132.0774607040166,550.0,optimal_shannon,outage
16.0,we_5,relay,BS_1,wn_1,1,642.1484214926011,330.0,optimal_shannon,outage
16.0,sn_2,relay,BS_2,sn_5,1,958.8039753159902,550.0,optimal_shannon,outage
16.0,ns_3,relay,BS_2,ns_1,1,1251.3029518712185,550.0,optimal_shannon,outage
16.0,sn_7,relay,BS_2,sn_5,1,1194.1777819204574,550.0,optimal_shannon,outage
16.0,ew_5,relay,BS_3,ew_4,1,1333.4235764410005,550.0,optimal_shannon,outage
16.0,sn_1,relay,BS_2,sn_2,1,1385.7214061743591,550.0,optimal_shannon,outage
16.0,wn_2,relay,BS_2,we_4,1,1226.3931436640526,550.0,optimal_shannon,outage
16.0,ns_14,direct,BS_2,-1,1,2306.3000608499456,550.0,optimal_shannon,outage
16.0,we_7,relay,BS_1,wn_1,1,642.1484214926011,330.0,optimal_shannon,outage
16.0,we_1,relay,BS_3,wn_0,1,648.7165048924501,330.0,optimal_shannon,outage
16.0,ns_5,direct,BS_2,-1,1,2326.7854748170325,550.0,optimal_shannon,outage
16.0,we_0,relay,BS_2,we_4,1,919.9953613232226,550.0,optimal_shannon,outage
16.0,ew_7,relay,BS_3,ew_4,1,1119.4592911183545,550.0,optimal_shannon,outage
16.0,ns_18,relay,BS_3,ns_14,1,572.1270371553512,330.0,optimal_shannon,outage
16.0,ns_0,relay,BS_2,ns_1,1,1505.07782493226,550.0,optimal_shannon,outage
16.0,we_18,relay,BS_2,wn_9,1,1052.7247601041618,550.0,optimal_shannon,outage
16.0,sn_13,relay,BS_1,sn_14,1,578.6477616318306,330.0,optimal_shannon,outage
16.0,se_3,relay,BS_1,se_4,1,610.6736883131524,330.0,optimal_shannon,outage
16.0,se_1,relay,BS_2,sn_5,1,1313.9752971008895,550.0,optimal_shannon,outage
16.0,se_8,relay,BS_3,sn_15,1,1329.7698138714743,550.0,optimal_shannon,outage
16.0,ew_10,direct,BS_2,-1,1,1530.4971023611297,550.0,optimal_shannon,outage
16.0,ns_2,relay,BS_2,ns_1,1,1467.20912051219,550.0,optimal_shannon,outage
16.0,wn_7,relay,BS_3,wn_8,1,577.6693000140151,330.0,optimal_shannon,outage
16.0,ns_12,relay,BS_3,ns_14,1,572.1270371553512,330.0,optimal_shannon,outage
16.0,ew_1,relay,BS_3,ew_4,1,927.9547996684452,550.0,optimal_shannon,outage
16.0,we_3,relay,BS_3,wn_0,1,648.7165048924501,330.0,optimal_shannon,outage
16.0,ns_7,relay,BS_1,ns_5,1,1183.2183143565935,550.0,optimal_shannon,outage
16.0,ns_10,relay,BS_1,ns_9,1,1343.973046484037,550.0,optimal_shannon,outage
16.0,wn_5,relay,BS_1,we_9,1,610.6736883131524,330.0,optimal_shannon,outage
16.0,ns_13,relay,BS_3,ns_14,1,572.1270371553512,330.0,optimal_shannon,outage
16.0,we_17,relay,BS_2,wn_9,1,1193.181457693801,550.0,optimal_shannon,outage
16.0,sn_3,relay,BS_2,sn_2,1,1385.7214061743591,550.0,optimal_shannon,outage
16.0,we_9,relay,BS_1,wn_5,1,605.1099574136563,330.0,optimal_shannon,outage
16.0,ew_16,direct,BS_1,-1,1,1879.3747490012083,550.0,optimal_shannon,outage
16.0,wn_4,relay,BS_1,we_9,1,610.6736883131524,330.0,optimal_shannon,outage
16.0,sn_8,relay,BS_1,se_4,1,610.6736883131524,330.0,optimal_shannon,outage
16.0,sn_11,relay,BS_1,se_4,1,610.6736883131524,330.0,optimal_shannon,outage
16.0,ew_12,relay,BS_3,ew_10,1,1006.2549480113204,550.0,optimal_shannon,outage
16.0,se_6,relay,BS_1,sn_14,1,578.6477616318306,330.0,optimal_shannon,outage
16.0,ew_15,relay,BS_3,ew_16,1,1176.908420407827,550.0,optimal_shannon,outage
16.0,sn_10,relay,BS_3,se_5,1,1365.3113157388375,550.0,optimal_shannon,outage
16.0,wn_9,relay,BS_3,wn_8,1,577.6693000140151,330.0,optimal_shannon,outage
16.0,sn_15,relay,BS_1,sn_14,1,578.6477616318306,330.0,optimal_shannon,outage
16.0,ew_18,relay,BS_3,ew_16,1,1097.5446681846893,550.0,optimal_shannon,outage
16.0,we_11,relay,BS_1,wn_5,1,605.1099574136563,330.0,optimal_shannon,outage
16.0,sn_4,relay,BS_2,sn_5,1,1313.9752971008895,550.0,optimal_shannon,outage
16.0,ns_16,relay,BS_3,ns_14,1,572.1270371553512,330.0,optimal_shannon,outage
16.0,sn_6,relay,BS_2,sn_5,1,1313.9752971008895,550.0,optimal_shannon,outage
16.0,sn_0,relay,BS_2,sn_2,1,1298.7995989499232,550.0,optimal_shannon,outage
16.0,ns_9,direct,BS_2,-1,1,2350.996411065576,550.0,optimal_shannon,outage
16.0,ns_15,relay,BS_3,ns_14,1,572.1270371553512,330.0,optimal_shannon,outage
16.0,ns_4,relay,BS_1,ns_5,1,1364.6469818119322,550.0,optimal_shannon,outage
16.0,ns_8,relay,BS_1,ns_9,1,1346.710059682595,550.0,optimal_shannon,outage
16.0,ew_2,relay,BS_3,ew_4,1,974.7296148942906,550.0,optimal_shannon,outage
16.0,we_15,relay,BS_2,wn_9,1,1261.2670887406236,550.0,optimal_shannon,outage
16.0,wn_1,relay,BS_3,wn_0,1,648.7165048924501,330.0,optimal_shannon,outage
16.0,we_4,relay,BS_1,wn_1,1,642.1484214926011,330.0,optimal_shannon,outage
16.0,ew_14,relay,BS_3,ew_16,1,1038.4506435706346,550.0,optimal_shannon,outage
16.0,sn_12,relay,BS_1,sn_14,1,578.6477616318306,330.0,optimal_shannon,outage
16.0,we_13,relay,BS_3,wn_8,1,577.6693000140151,330.0,optimal_shannon,outage
16.0,sn_9,relay,BS_1,se_4,1,610.6736883131524,330.0,optimal_shannon,outage
16.0,se_5,relay,BS_1,se_4,1,610.6736883131524,330.0,optimal_shannon,outage
16.0,wn_6,relay,BS_1,wn_5,1,605.1099574136563,330.0,optimal_shannon,outage
16.0,se_0,relay,BS_2,sn_5,1,1313.9752971008895,550.0,optimal_shannon,outage
16.0,wn_0,relay,BS_1,wn_1,1,642.1484214926011,330.0,optimal_shannon,outage
16.0,ew_19,direct,BS_3,-1,1,1957.6218437627365,550.0,optimal_shannon,outage
16.0,we_12,relay,BS_3,wn_8,1,577.6693000140151,330.0,optimal_shannon,outage
16.0,we_6,relay,BS_1,wn_1,1,642.1484214926011,330.0,optimal_shannon,outage
16.0,we_19,relay,BS_2,wn_9,1,948.519866919384,550.0,optimal_shannon,outage
16.0,ns_1,relay,BS_1,ns_5,1,895.790180888391,550.0,optimal_shannon,outage
16.0,we_2,relay,BS_3,wn_0,1,648.7165048924501,330.0,optimal_shannon,outage
17.0,we_16,relay,BS_2,we_15,1,1139.0508473657897,550.0,optimal_shannon,outage
17.0,se_7,relay,BS_1,sn_14,1,587.7858679251148,330.0,optimal_shannon,outage
17.0,sn_5,relay,BS_2,se_0,1,1335.6084953756354,550.0,optimal_shannon,outage
17.0,ew_6,relay,BS_2,ew_5,1,1450.2679758319289,550.0,optimal_shannon,outage
17.0,ew_9,relay,BS_3,ew_10,1,1386.8225821990336,550.0,optimal_shannon,outage
17.0,se_9,relay,BS_3,sn_15,1,1151.337592523076,550.0,optimal_shannon,outage
17.0,sn_19,relay,BS_3,sn_15,1,868.279263458878,550.0,optimal_shannon,outage
17.0,we_8,relay,BS_3,we_9,1,621.4827912019393,330.0,optimal_shannon,outage
17.0,we_14,relay,BS_2,we_15,1,1321.3861362225246,550.0,optimal_shannon,outage
17.0,ew_11,relay,BS_3,ew_10,1,1360.249108807884,550.0,optimal_shannon,outage
17.0,sn_16,relay,BS_3,sn_15,1,1140.7111962663323,550.0,optimal_shannon,outage
17.0,ns_17,direct,BS_2,-1,1,2255.5470072007406,550.0,optimal_shannon,outage
17.0,sn_17,relay,BS_3,sn_15,1,1024.177585128197,550.0,optimal_shannon,outage
17.0,se_4,relay,BS_2,sn_10,1,1251.5112214715134,550.0,optimal_shannon,outage
17.0,we_10,relay,BS_3,we_9,1,621.4827912019393,330.0,optimal_shannon,outage
17.0,wn_3,relay,BS_3,we_9,1,621.4827912019393,330.0,optimal_shannon,outage
17.0,ns_6,relay,BS_3,ns_5,1,647.4026134886554,330.0,optimal_shannon,outage
17.0,se_2,relay,BS_2,se_0,1,1150.673434701497,550.0,optimal_shannon,outage
17.0,ew_0,relay,BS_2,ew_5,1,919.9953613232226,550.0,optimal_shannon,outage
17.0,ew_3,relay,BS_2,ew_5,1,996.2988120994918,550.0,optimal_shannon,outage
17.0,ew_4,relay,BS_2,ew_5,1,1489.1330668018163,550.0,optimal_shannon,outage
17.0,ew_13,direct,BS_3,-1,1,1716.2631724545988,550.0,optimal_shannon,outage
17.0,sn_18,relay,BS_3,sn_15,1,919.33210799225,550.0,optimal_shannon,outage
17.0,ew_17,direct,BS_1,-1,1,1881.1326104361865,550.0,optimal_shannon,outage
17.0,wn_8,relay,BS_2,we_15,1,1354.2679162195934,550.0,optimal_shannon,outage
17.0,ew_8,relay,BS_3,ew_10,1,1201.4842122692269,550.0,optimal_shannon,outage
17.0,sn_14,relay,BS_3,sn_15,1,1299.1317509167532,550.0,optimal_shannon,outage
17.0,ns_11,relay,BS_1,ns_10,1,1335.0046734661116,550.0,optimal_shannon,outage
17.0,we_5,relay,BS_2,wn_0,1,1352.941469698315,550.0,optimal_shannon,outage
17.0,sn_2,relay,BS_3,sn_5,1,962.453407935276,550.0,optimal_shannon,outage
17.0,ns_3,relay,BS_3,ns_5,1,647.4026134886554,330.0,optimal_shannon,outage
17.0,sn_7,relay,BS_2,se_0,1,1225.396768565283,550.0,optimal_shannon,outage
17.0,ew_5,direct,BS_2,-1,1,1548.715199404934,550.0,optimal_shannon,outage
17.0,sn_1,relay,BS_3,sn_5,1,898.4424279836711,550.0,optimal_shannon,outage
17.0,wn_2,relay,BS_2,we_4,1,1213.440380133099,550.0,optimal_shannon,outage
17.0,ns_14,relay,BS_1,ns_13,1,1312.417904354844,550.0,optimal_shannon,outage
17.0,we_7,relay,BS_2,we_4,1,1150.673434701497,550.0,optimal_shannon,outage
17.0,we_1,relay,BS_2,wn_0,1,958.8039753159902,550.0,optimal_shannon,outage
17.0,ns_5,direct,BS_2,-1,1,2314.22572280379,550.0,optimal_shannon,outage
17.0,we_0,relay,BS_2,wn_0,1,933.5931657823344,550.0,optimal_shannon,outage
17.0,ew_7,relay,BS_2,ew_5,1,1233.3678080047764,550.0,optimal_shannon,outage
17.0,ns_18,relay,BS_1,ns_17,1,1271.8956223980845,550.0,optimal_shannon,outage
17.0,ns_0,relay,BS_3,ns_5,1,647.4026134886554,330.0,optimal_shannon,outage
17.0,we_18,relay,BS_2,we_15,1,954.1594169995748,550.0,optimal_shannon,outage
17.0,sn_13,relay,BS_1,sn_14,1,587.7858679251148,330.0,optimal_shannon,outage
17.0,se_3,relay,BS_2,sn_10,1,1251.5112214715134,550.0,optimal_shannon,outage
17.0,se_1,relay,BS_2,se_0,1,1335.6084953756354,550.0,optimal_shannon,outage
17.0,se_8,relay,BS_3,sn_15,1,1326.4482195050948,550.0,optimal_shannon,outage
17.0,ew_10,direct,BS_3,-1,1,1509.0571238877533,550.0,optimal_shannon,outage
17.0,ns_2,relay,BS_3,ns_5,1,647.4026134886554,330.0,optimal_shannon,outage
17.0,wn_7,relay,BS_1,we_14,1,586.4797956396328,330.0,optimal_shannon,outage
17.0,ns_12,relay,BS_1,ns_13,1,1335.0046734661116,550.0,optimal_shannon,outage
17.0,ew_1,relay,BS_2,ew_5,1,911.0418894346474,550.0,optimal_shannon,outage
17.0,we_3,relay,BS_2,wn_0,1,1052.7247601041618,550.0,optimal_shannon,outage
17.0,ns_7,relay,BS_3,ns_5,1,647.4026134886554,330.0,optimal_shannon,outage
17.0,ns_10,relay,BS_1,ns_13,1,923.6433468434502,550.0,optimal_shannon,outage
17.0,wn_5,relay,BS_3,we_9,1,621.4827912019393,330.0,optimal_shannon,outage
17.0,ns_13,direct,BS_2,-1,1,2319.768428040094,550.0,optimal_shannon,outage
17.0,we_17,relay,BS_2,we_15,1,1020.8584323586708,550.0,optimal_shannon,outage
17.0,sn_3,relay,BS_2,se_0,1,988.6662388598446,550.0,optimal_shannon,outage
17.0,we_9,direct,BS_3,-1,1,621.4827912019393,330.0,optimal_shannon,outage
17.0,ew_16,direct,BS_3,-1,1,1817.724301251475,550.0,optimal_shannon,outage
17.0,wn_4,relay,BS_3,we_9,1,621.4827912019393,330.0,optimal_shannon,outage
17.0,sn_8,relay,BS_2,sn_10,1,1183.2183143565935,550.0,optimal_shannon,outage
17.0,sn_11,relay,BS_2,sn_10,1,1251.5112214715134,550.0,optimal_shannon,outage
17.0,ns_19,relay,BS_1,ns_17,1,1077.6237149127694,550.0,optimal_shannon,outage
17.0,ew_12,relay,BS_3,ew_10,1,1015.5479228987366,550.0,optimal_shannon,outage
17.0,se_6,relay,BS_1,sn_14,1,587.7858679251148,330.0,optimal_shannon,outage
17.0,ew_15,direct,BS_1,-1,1,1772.140300748128,550.0,optimal_shannon,outage
17.0,sn_10,direct,BS_3,-1,1,1334.4200587065657,550.0,optimal_shannon,outage
17.0,wn_9,relay,BS_2,we_15,1,1197.830985627936,550.0,optimal_shannon,outage
17.0,sn_15,relay,BS_1,sn_14,1,587.7858679251148,330.0,optimal_shannon,outage
17.0,ew_18,direct,BS_1,-1,1,1903.6580649576708,550.0,optimal_shannon,outage
17.0,we_11,relay,BS_3,we_9,1,621.4827912019393,330.0,optimal_shannon,outage
17.0,sn_4,relay,BS_2,se_0,1,1335.6084953756354,550.0,optimal_shannon,outage
17.0,ns_16,relay,BS_1,ns_17,1,1291.49227988591,550.0,optimal_shannon,outage
17.0,sn_6,relay,BS_2,se_0,1,1335.6084953756354,550.0,optimal_shannon,outage
17.0,sn_0,relay,BS_2,se_0,1,899.4370456085394,550.0,optimal_shannon,outage
17.0,ns_9,relay,BS_1,ns_10,1,1357.0071590805744,550.0,optimal_shannon,outage
17.0,ns_15,relay,BS_1,ns_13,1,1107.837708850011,550.0,optimal_shannon,outage
17.0,ns_4,relay,BS_3,ns_5,1,647.4026134886554,330.0,optimal_shannon,outage
17.0,ns_8,relay,BS_1,ns_10,1,1173.2553598444613,550.0,optimal_shannon,outage
17.0,ew_2,relay,BS_2,ew_5,1,934.256525686364,550.0,optimal_shannon,outage
17.0,we_15,relay,BS_1,we_14,1,586.4797956396328,330.0,optimal_shannon,outage
17.0,wn_1,relay,BS_2,we_4,1,1512.7180403036148,550.0,optimal_shannon,outage
17.0,we_4,relay,BS_2,wn_0,1,1592.110415602099,550.0,optimal_shannon,outage
17.0,ew_14,direct,BS_1,-1,1,1732.0810619322235,550.0,optimal_shannon,outage
17.0,sn_12,relay,BS_1,sn_14,1,587.7858679251148,330.0,optimal_shannon,outage
17.0,we_13,relay,BS_1,we_14,1,586.4797956396328,330.0,optimal_shannon,outage
17.0,sn_9,relay,BS_2,sn_10,1,1251.5112214715134,550.0,optimal_shannon,outage
17.0,se_5,relay,BS_2,sn_10,1,1251.5112214715134,550.0,optimal_shannon,outage
17.0,wn_6,relay,BS_1,we_14,1,586.4797956396328,330.0,optimal_shannon,outage
17.0,se_0,relay,BS_3,sn_5,1,1317.479954055128,550.0,optimal_shannon,outage
17.0,wn_0,relay,BS_2,we_4,1,1592.110415602099,550.0,optimal_shannon,outage
17.0,ew_19,direct,BS_1,-1,1,1931.7406399590527,550.0,optimal_shannon,outage
17.0,we_12,relay,BS_1,we_14,1,586.4797956396328,330.0,optimal_shannon,outage
17.0,we_6,relay,BS_2,we_4,1,1281.859978405102,550.0,optimal_shannon,outage
17.0,we_19,relay,BS_2,we_15,1,850.3873260332837,550.0,optimal_shannon,outage
17.0,ns_1,relay,BS_3,ns_5,1,647.4026134886554,330.0,optimal_shannon,outage
17.0,we_2,relay,BS_2,wn_0,1,998.9537162275452,550.0,optimal_shannon,outage
18.0,we_16,relay,BS_2,we_15,1,1120.7874980117429,550.0,optimal_shannon,outage
18.0,se_7,relay,BS_2,sn_14,1,1204.124700103814,550.0,optimal_shannon,outage
18.0,sn_5,relay,BS_2,se_0,1,1356.1292863859408,550.0,optimal_shannon,outage
18.0,ew_6,relay,BS_3,ew_8,1,983.3568732257888,550.0,optimal_shannon,outage
18.0,ew_9,relay,BS_3,ew_8,1,1380.063547436748,550.0,optimal_shannon,outage
18.0,se_9,relay,BS_3,sn_17,1,1341.3954528462682,550.0,optimal_shannon,outage
18.0,sn_19,relay,BS_3,sn_17,1,1083.2678347549308,550.0,optimal_shannon,outage
18.0,we_8,relay,BS_3,we_9,1,630.6628631476166,330.0,optimal_shannon,outage
18.0,we_14,relay,BS_2,we_15,1,1335.6689956022717,550.0,optimal_shannon,outage
18.0,ew_11,relay,BS_3,ew_8,1,1099.8688721903825,550.0,optimal_shannon,outage
18.0,sn_16,relay,BS_3,sn_17,1,1312.417904354844,550.0,optimal_shannon,outage
18.0,ns_17,relay,BS_1,ns_14,1,946.8612338050344,550.0,optimal_shannon,outage
18.0,sn_17,direct,BS_2,-1,1,1154.974754025942,550.0,optimal_shannon,outage
18.0,se_4,direct,BS_2,-1,1,1270.8427297994715,550.0,optimal_shannon,outage
18.0,we_10,relay,BS_3,we_9,1,630.6628631476166,330.0,optimal_shannon,outage
18.0,wn_3,relay,BS_3,we_9,1,630.6628631476166,330.0,optimal_shannon,outage
18.0,ns_6,relay,BS_3,ns_4,1,661.8626426140831,330.0,optimal_shannon,outage
18.0,se_2,relay,BS_2,sn_5,1,1121.4516034008202,550.0,optimal_shannon,outage
18.0,ew_0,relay,BS_2,ew_2,1,1389.8121196103798,550.0,optimal_shannon,outage
18.0,ew_3,relay,BS_2,ew_2,1,1514.711141849744,550.0,optimal_shannon,outage
18.0,ew_4,relay,BS_2,ew_2,1,973.40239683315,550.0,optimal_shannon,outage
18.0,ew_13,relay,BS_3,ew_14,1,1350.948482581707,550.0,optimal_shannon,outage
18.0,sn_18,relay,BS_3,sn_17,1,1291.49227988591,550.0,optimal_shannon,outage
18.0,ew_17,direct,BS_1,-1,1,1832.7604365605296,550.0,optimal_shannon,outage
18.0,wn_8,relay,BS_2,we_15,1,1451.2090776269283,550.0,optimal_shannon,outage
18.0,ew_8,direct,BS_2,-1,1,1543.0731481435469,550.0,optimal_shannon,outage
18.0,sn_14,direct,BS_2,-1,1,1204.124700103814,550.0,optimal_shannon,outage
18.0,ns_11,direct,BS_3,-1,1,614.9304455768456,330.0,optimal_shannon,outage
18.0,we_5,relay,BS_1,we_4,1,663.1779531742097,330.0,optimal_shannon,outage
18.0,sn_2,relay,BS_2,sn_5,1,931.6031145202032,550.0,optimal_shannon,outage
18.0,ns_3,relay,BS_3,ns_4,1,661.8626426140831,330.0,optimal_shannon,outage
18.0,sn_7,relay,BS_2,sn_5,1,1233.0356796245512,550.0,optimal_shannon,outage
18.0,ew_5,relay,BS_2,ew_2,1,961.4580963912052,550.0,optimal_shannon,outage
18.0,sn_1,relay,BS_2,se_0,1,924.9699252182646,550.0,optimal_shannon,outage
18.0,wn_2,relay,BS_1,we_4,1,663.1779531742097,330.0,optimal_shannon,outage
18.0,ns_14,relay,BS_1,ns_17,1,946.8612338050344,550.0,optimal_shannon,outage
18.0,we_7,relay,BS_1,we_4,1,663.1779531742097,330.0,optimal_shannon,outage
18.0,we_1,relay,BS_1,we_4,1,663.1779531742097,330.0,optimal_shannon,outage
18.0,ns_5,relay,BS_1,ns_6,1,1323.1266329114517,550.0,optimal_shannon,outage
18.0,we_0,direct,BS_3,-1,1,698.0749750307614,440.00000000000006,optimal_shannon,outage
18.0,ew_7,relay,BS_3,ew_8,1,1031.8118736930862,550.0,optimal_shannon,outage
18.0,ns_18,relay,BS_1,ns_17,1,1283.8528612546247,550.0,optimal_shannon,outage
18.0,ns_0,relay,BS_3,ns_4,1,661.8626426140831,330.0,optimal_shannon,outage
18.0,we_18,relay,BS_2,we_15,1,934.256525686364,550.0,optimal_shannon,outage
18.0,sn_13,relay,BS_2,sn_14,1,1204.124700103814,550.0,optimal_shannon,outage
18.0,se_3,relay,BS_1,se_4,1,627.0554877391179,330.0,optimal_shannon,outage
18.0,se_1,relay,BS_2,se_0,1,1356.1292863859408,550.0,optimal_shannon,outage
18.0,se_8,relay,BS_2,sn_14,1,1204.124700103814,550.0,optimal_shannon,outage
18.0,ew_10,relay,BS_3,ew_8,1,1221.0791595463654,550.0,optimal_shannon,outage
18.0,ns_2,relay,BS_3,ns_4,1,661.8626426140831,330.0,optimal_shannon,outage
18.0,wn_7,relay,BS_3,we_14,1,596.607117013302,330.0,optimal_shannon,outage
18.0,ns_12,relay,BS_1,ns_14,1,1144.3639885113323,550.0,optimal_shannon,outage
18.0,ew_1,relay,BS_2,ew_2,1,1554.5169940187943,550.0,optimal_shannon,outage
18.0,we_3,relay,BS_3,wn_0,1,665.8089397050751,330.0,optimal_shannon,outage
18.0,ns_7,relay,BS_1,ns_6,1,1323.1266329114517,550.0,optimal_shannon,outage
18.0,ns_10,direct,BS_3,-1,1,620.4996757925883,330.0,optimal_shannon,outage
18.0,wn_5,relay,BS_3,we_9,1,630.6628631476166,330.0,optimal_shannon,outage
18.0,ns_13,relay,BS_1,ns_14,1,1324.4552666046886,550.0,optimal_shannon,outage
18.0,we_17,relay,BS_2,we_15,1,1021.8541714749784,550.0,optimal_shannon,outage
18.0,sn_3,relay,BS_2,sn_5,1,974.066004077653,550.0,optimal_shannon,outage
18.0,we_9,direct,BS_2,-1,1,1789.0029568307534,550.0,optimal_shannon,outage
18.0,ew_16,relay,BS_3,ew_14,1,1032.1438065898897,550.0,optimal_shannon,outage
18.0,wn_4,relay,BS_3,we_9,1,630.6628631476166,330.0,optimal_shannon,outage
18.0,sn_8,relay,BS_1,se_4,1,627.0554877391179,330.0,optimal_shannon,outage
18.0,sn_11,relay,BS_1,se_4,1,627.0554877391179,330.0,optimal_shannon,outage
18.0,ns_19,relay,BS_1,ns_17,1,1083.5998456238783,550.0,optimal_shannon,outage
18.0,ew_12,relay,BS_3,ew_14,1,1166.6135016986173,550.0,optimal_shannon,outage
18.0,se_6,relay,BS_2,sn_14,1,1204.124700103814,550.0,optimal_shannon,outage
18.0,ew_15,relay,BS_3,ew_14,1,1327.0328310770294,550.0,optimal_shannon,outage
18.0,sn_10,relay,BS_1,se_4,1,627.0554877391179,330.0,optimal_shannon,outage
18.0,wn_9,relay,BS_2,we_15,1,1144.3639885113323,550.0,optimal_shannon,outage
18.0,sn_15,relay,BS_2,sn_14,1,1204.124700103814,550.0,optimal_shannon,outage
18.0,ew_18,direct,BS_1,-1,1,1849.9832438181008,550.0,optimal_shannon,outage
18.0,we_11,relay,BS_3,we_9,1,630.6628631476166,330.0,optimal_shannon,outage
18.0,sn_4,relay,BS_2,sn_5,1,1363.903506735537,550.0,optimal_shannon,outage
18.0,ns_16,relay,BS_1,ns_17,1,1304.114041570035,550.0,optimal_shannon,outage
18.0,sn_6,relay,BS_2,sn_5,1,1363.903506735537,550.0,optimal_shannon,outage
18.0,sn_0,relay,BS_2,sn_5,1,896.1217064392714,550.0,optimal_shannon,outage
18.0,ns_9,relay,BS_1,ns_6,1,919.6637340070504,550.0,optimal_shannon,outage
18.0,ns_15,relay,BS_1,ns_14,1,1304.114041570035,550.0,optimal_shannon,outage
18.0,ns_4,relay,BS_1,ns_6,1,1255.620730524827,550.0,optimal_shannon,outage
18.0,ns_8,relay,BS_1,ns_6,1,978.047721989022,550.0,optimal_shannon,outage
18.0,ew_2,direct,BS_1,-1,1,443.3262474663102,240.0,optimal_shannon,outage
18.0,we_15,relay,BS_3,we_14,1,596.607117013302,330.0,optimal_shannon,outage
18.0,wn_1,relay,BS_3,wn_0,1,665.8089397050751,330.0,optimal_shannon,outage
18.0,we_4,relay,BS_3,wn_0,1,665.8089397050751,330.0,optimal_shannon,outage
18.0,ew_14,direct,BS_1,-1,1,1680.1620049566995,550.0,optimal_shannon,outage
18.0,sn_12,relay,BS_2,sn_14,1,1152.3338312157118,550.0,optimal_shannon,outage
18.0,we_13,relay,BS_3,we_14,1,596.607117013302,330.0,optimal_shannon,outage
18.0,sn_9,relay,BS_1,se_4,1,627.0554877391179,330.0,optimal_shannon,outage
18.0,se_5,relay,BS_1,se_4,1,627.0554877391179,330.0,optimal_shannon,outage
18.0,wn_6,relay,BS_3,we_14,1,596.607117013302,330.0,optimal_shannon,outage
18.0,se_0,relay,BS_2,sn_5,1,1363.903506735537,550.0,optimal_shannon,outage
18.0,wn_0,relay,BS_1,we_4,1,663.1779531742097,330.0,optimal_shannon,outage
18.0,ew_19,direct,BS_1,-1,1,1898.745750081623,550.0,optimal_shannon,outage
18.0,we_12,relay,BS_3,we_14,1,596.607117013302,330.0,optimal_shannon,outage
18.0,we_6,relay,BS_1,we_4,1,663.1779531742097,330.0,optimal_shannon,outage
18.0,we_19,relay,BS_2,we_15,1,850.3873260332837,550.0,optimal_shannon,outage
18.0,ns_1,relay,BS_3,ns_4,1,661.8626426140831,330.0,optimal_shannon,outage
18.0,we_2,relay,BS_3,wn_0,1,665.8089397050751,330.0,optimal_shannon,outage
19.0,we_16,relay,BS_1,we_15,1,598.8955619408893,330.0,optimal_shannon,outage
19.0,se_7,relay,BS_1,sn_15,1,600.5305216093778,330.0,optimal_shannon,outage
19.0,sn_5,direct,BS_3,-1,1,758.1424966385479,440.00000000000006,optimal_shannon,outage
19.0,ew_6,relay,BS_3,ew_7,1,1323.1266329114517,550.0,optimal_shannon,outage
19.0,ew_9,relay,BS_3,ew_7,1,976.7204686136467,550.0,optimal_shannon,outage
19.0,se_9,relay,BS_3,se_8,1,1091.2362091177056,550.0,optimal_shannon,outage
19.0,sn_19,relay,BS_1,sn_15,1,600.5305216093778,330.0,optimal_shannon,outage
19.0,we_8,relay,BS_2,wn_5,1,1134.7339737538307,550.0,optimal_shannon,outage
19.0,we_14,relay,BS_3,wn_8,1,601.1845877169293,330.0,optimal_shannon,outage
19.0,ew_11,relay,BS_3,ew_13,1,973.40239683315,550.0,optimal_shannon,outage
19.0,sn_16,relay,BS_1,sn_15,1,600.5305216093778,330.0,optimal_shannon,outage
19.0,ns_17,relay,BS_1,ns_18,1,1296.4745378302327,550.0,optimal_shannon,outage
19.0,sn_17,relay,BS_3,se_8,1,1013.8884235778556,550.0,optimal_shannon,outage
19.0,se_4,direct,BS_2,-1,1,1290.288539290312,550.0,optimal_shannon,outage
19.0,we_10,relay,BS_2,wn_5,1,1432.3303869698757,550.0,optimal_shannon,outage
19.0,wn_3,relay,BS_1,wn_4,1,636.8964875579861,330.0,optimal_shannon,outage
19.0,ns_6,relay,BS_3,ns_5,1,668.4404061805128,440.00000000000006,optimal_shannon,outage
19.0,se_2,direct,BS_1,-1,1,660.8762405334851,330.0,optimal_shannon,outage
19.0,ew_0,relay,BS_2,ew_4,1,920.6586198477607,550.0,optimal_shannon,outage
19.0,ew_3,relay,BS_2,ew_4,1,988.3343973743882,550.0,optimal_shannon,outage
19.0,ew_4,relay,BS_3,ew_7,1,1188.8640732251097,550.0,optimal_shannon,outage
19.0,ew_13,direct,BS_3,-1,1,1566.8289716618929,550.0,optimal_shannon,outage
19.0,sn_18,relay,BS_3,se_8,1,951.8372127787848,550.0,optimal_shannon,outage
19.0,ew_17,direct,BS_1,-1,1,1776.02444331191,550.0,optimal_shannon,outage
19.0,wn_8,relay,BS_2,we_14,1,1421.3685798586248,550.0,optimal_shannon,outage
19.0,ew_8,relay,BS_3,ew_7,1,1004.2636679322876,550.0,optimal_shannon,outage
19.0,sn_14,relay,BS_1,sn_15,1,600.5305216093778,330.0,optimal_shannon,outage
19.0,ns_11,relay,BS_1,ns_13,1,972.406992700154,550.0,optimal_shannon,outage
19.0,we_5,relay,BS_2,we_4,1,1305.8248673187777,550.0,optimal_shannon,outage
19.0,sn_2,relay,BS_2,sn_5,1,925.6332219439552,550.0,optimal_shannon,outage
19.0,ns_3,relay,BS_3,ns_5,1,668.4404061805128,440.00000000000006,optimal_shannon,outage
19.0,sn_7,relay,BS_2,sn_5,1,1255.620730524827,550.0,optimal_shannon,outage
19.0,ew_5,relay,BS_3,ew_7,1,1278.8706612935243,550.0,optimal_shannon,outage
19.0,sn_1,relay,BS_2,we_0,1,912.0366710384916,550.0,optimal_shannon,outage
19.0,wn_2,relay,BS_2,we_4,1,1195.50621694198,550.0,optimal_shannon,outage
19.0,ns_14,relay,BS_1,ns_13,1,1341.315745400747,550.0,optimal_shannon,outage
19.0,we_7,relay,BS_2,we_4,1,1204.8053468162193,550.0,optimal_shannon,outage
19.0,we_1,relay,BS_2,we_0,1,1501.5015849848787,550.0,optimal_shannon,outage
19.0,ns_5,relay,BS_3,ns_7,1,659.5611464404772,330.0,optimal_shannon,outage
19.0,we_0,relay,BS_2,we_4,1,920.6586198477607,550.0,optimal_shannon,outage
19.0,ew_7,relay,BS_2,ew_4,1,1188.8640732251097,550.0,optimal_shannon,outage
19.0,ns_18,relay,BS_1,ns_17,1,1296.4745378302327,550.0,optimal_shannon,outage
19.0,ns_0,relay,BS_3,ns_5,1,668.4404061805128,440.00000000000006,optimal_shannon,outage
19.0,we_18,relay,BS_1,we_15,1,598.8955619408893,330.0,optimal_shannon,outage
19.0,sn_13,relay,BS_1,sn_15,1,600.5305216093778,330.0,optimal_shannon,outage
19.0,se_3,relay,BS_2,se_4,1,1290.288539290312,550.0,optimal_shannon,outage
19.0,se_1,relay,BS_2,sn_5,1,1221.743405333437,550.0,optimal_shannon,outage
19.0,se_8,relay,BS_1,sn_15,1,600.5305216093778,330.0,optimal_shannon,outage
19.0,ew_10,relay,BS_3,ew_13,1,947.5246838337688,550.0,optimal_shannon,outage
19.0,ns_2,relay,BS_3,ns_5,1,668.4404061805128,440.00000000000006,optimal_shannon,outage
19.0,wn_7,relay,BS_3,wn_8,1,601.1845877169293,330.0,optimal_shannon,outage
19.0,ns_12,relay,BS_1,ns_13,1,1365.643482791416,550.0,optimal_shannon,outage
19.0,ew_1,relay,BS_2,ew_4,1,957.4769385272105,550.0,optimal_shannon,outage
19.0,we_3,relay,BS_2,we_0,1,1301.1246646825937,550.0,optimal_shannon,outage
19.0,ns_7,relay,BS_3,ns_5,1,668.4404061805128,440.00000000000006,optimal_shannon,outage
19.0,ns_10,relay,BS_3,ns_7,1,659.5611464404772,330.0,optimal_shannon,outage
19.0,wn_5,relay,BS_1,wn_4,1,636.8964875579861,330.0,optimal_shannon,outage
19.0,ns_13,relay,BS_1,ns_14,1,1341.315745400747,550.0,optimal_shannon,outage
19.0,we_17,relay,BS_1,we_15,1,598.8955619408893,330.0,optimal_shannon,outage
19.0,sn_3,relay,BS_2,sn_5,1,975.7250377812028,550.0,optimal_shannon,outage
19.0,we_9,relay,BS_1,wn_4,1,636.8964875579861,330.0,optimal_shannon,outage
19.0,ew_16,direct,BS_1,-1,1,1732.614611437797,550.0,optimal_shannon,outage
19.0,wn_4,relay,BS_2,wn_5,1,1310.0928172438582,550.0,optimal_shannon,outage
19.0,sn_8,relay,BS_2,se_4,1,1149.013044756735,550.0,optimal_shannon,outage
19.0,sn_11,relay,BS_2,se_4,1,1290.288539290312,550.0,optimal_shannon,outage
19.0,ns_19,relay,BS_1,ns_18,1,1276.5456429169867,550.0,optimal_shannon,outage
19.0,ew_12,relay,BS_3,ew_13,1,1394.794690939538,550.0,optimal_shannon,outage
19.0,se_6,relay,BS_3,se_7,1,1290.4958309464796,550.0,optimal_shannon,outage
19.0,ew_15,relay,BS_3,ew_13,1,1156.6508923609088,550.0,optimal_shannon,outage
19.0,sn_10,relay,BS_2,se_4,1,1290.288539290312,550.0,optimal_shannon,outage
19.0,wn_9,relay,BS_3,wn_8,1,601.1845877169293,330.0,optimal_shannon,outage
19.0,sn_15,relay,BS_3,se_8,1,1367.304318940108,550.0,optimal_shannon,outage
19.0,ew_18,direct,BS_3,-1,1,1785.7106024952616,550.0,optimal_shannon,outage
19.0,we_11,relay,BS_2,wn_5,1,1785.29504323036,550.0,optimal_shannon,outage
19.0,sn_4,relay,BS_2,sn_5,1,1390.4549271709675,550.0,optimal_shannon,outage
19.0,ns_16,relay,BS_1,ns_17,1,1317.732404834153,550.0,optimal_shannon,outage
19.0,sn_6,relay,BS_2,sn_5,1,1390.4549271709675,550.0,optimal_shannon,outage
19.0,sn_0,relay,BS_2,we_0,1,942.8806248904868,550.0,optimal_shannon,outage
19.0,ns_9,relay,BS_3,ns_7,1,659.5611464404772,330.0,optimal_shannon,outage
19.0,ns_15,relay,BS_1,ns_14,1,1317.732404834153,550.0,optimal_shannon,outage
19.0,ns_4,relay,BS_3,ns_5,1,668.4404061805128,440.00000000000006,optimal_shannon,outage
19.0,ns_8,relay,BS_3,ns_7,1,659.5611464404772,330.0,optimal_shannon,outage
19.0,ew_2,relay,BS_2,ew_4,1,966.7665245121314,550.0,optimal_shannon,outage
19.0,we_15,relay,BS_3,wn_8,1,601.1845877169293,330.0,optimal_shannon,outage
19.0,wn_1,relay,BS_2,we_4,1,1305.8248673187777,550.0,optimal_shannon,outage
19.0,we_4,direct,BS_2,-1,1,1305.8248673187777,550.0,optimal_shannon,outage
19.0,ew_14,relay,BS_3,ew_13,1,1367.2246102936597,550.0,optimal_shannon,outage
19.0,sn_12,relay,BS_3,se_7,1,1156.6508923609088,550.0,optimal_shannon,outage
19.0,we_13,relay,BS_2,we_14,1,1376.857487907599,550.0,optimal_shannon,outage
19.0,sn_9,relay,BS_2,se_4,1,1271.5634789176636,550.0,optimal_shannon,outage
19.0,se_5,relay,BS_2,se_4,1,1290.288539290312,550.0,optimal_shannon,outage
19.0,wn_6,relay,BS_2,we_14,1,1184.546722842178,550.0,optimal_shannon,outage
19.0,se_0,relay,BS_2,sn_5,1,1390.4549271709675,550.0,optimal_shannon,outage
19.0,wn_0,relay,BS_2,we_4,1,1305.8248673187777,550.0,optimal_shannon,outage
19.0,ew_19,direct,BS_2,-1,1,1509.9458656129475,550.0,optimal_shannon,outage
19.0,we_12,relay,BS_3,wn_8,1,601.1845877169293,330.0,optimal_shannon,outage
19.0,we_6,relay,BS_2,we_4,1,1305.8248673187777,550.0,optimal_shannon,outage
19.0,we_19,relay,BS_1,we_15,1,598.8955619408893,330.0,optimal_shannon,outage
19.0,ns_1,relay,BS_3,ns_5,1,668.4404061805128,440.00000000000006,optimal_shannon,outage
19.0,we_2,relay,BS_2,we_0,1,1450.600154347584,550.0,optimal_shannon,outage
20.0,we_16,relay,BS_2,we_15,1,1083.5998456238783,550.0,optimal_shannon,outage
20.0,se_7,relay,BS_3,sn_14,1,1357.6714901963403,550.0,optimal_shannon,outage
20.0,sn_5,relay,BS_2,se_0,1,1330.3544267930156,550.0,optimal_shannon,outage
20.0,ew_6,relay,BS_2,ew_7,1,1482.8216157171023,550.0,optimal_shannon,outage
20.0,ew_9,relay,BS_2,ew_7,1,979.3749892644944,550.0,optimal_shannon,outage
20.0,se_9,relay,BS_3,sn_17,1,1354.0176721894288,550.0,optimal_shannon,outage
20.0,sn_19,relay,BS_3,sn_18,1,1296.4745378302327,550.0,optimal_shannon,outage
20.0,we_8,relay,BS_3,we_11,1,641.4918045950486,330.0,optimal_shannon,outage
20.0,we_14,relay,BS_2,we_15,1,1367.2246102936597,550.0,optimal_shannon,outage
20.0,ew_11,relay,BS_3,ew_13,1,969.7526215792,550.0,optimal_shannon,outage
20.0,sn_16,relay,BS_3,sn_17,1,1341.315745400747,550.0,optimal_shannon,outage
20.0,ns_17,relay,BS_1,ns_18,1,1309.4285074212044,550.0,optimal_shannon,outage
20.0,sn_17,relay,BS_3,sn_18,1,1317.732404834153,550.0,optimal_shannon,outage
20.0,se_4,relay,BS_2,sn_9,1,1217.7579403502332,550.0,optimal_shannon,outage
20.0,we_10,relay,BS_3,we_11,1,641.4918045950486,330.0,optimal_shannon,outage
20.0,wn_3,relay,BS_3,we_11,1,641.4918045950486,330.0,optimal_shannon,outage
20.0,ns_6,relay,BS_1,ns_9,1,936.5783222649974,550.0,optimal_shannon,outage
20.0,se_2,relay,BS_2,se_0,1,1203.1447772592796,550.0,optimal_shannon,outage
20.0,ew_0,relay,BS_2,sn_0,1,1042.7659673137189,550.0,optimal_shannon,outage
20.0,ew_3,relay,BS_1,ew_5,1,745.9183335908332,440.00000000000006,optimal_shannon,outage
20.0,ew_4,relay,BS_2,ew_7,1,1212.1119058099014,550.0,optimal_shannon,outage
20.0,ew_13,direct,BS_1,-1,1,1509.9546682750952,550.0,optimal_shannon,outage
20.0,sn_18,relay,BS_3,sn_17,1,1317.732404834153,550.0,optimal_shannon,outage
20.0,ew_17,direct,BS_3,-1,1,1715.2551153056834,550.0,optimal_shannon,outage
20.0,wn_8,relay,BS_2,we_15,1,1637.5393921588288,550.0,optimal_shannon,outage
20.0,ew_8,relay,BS_2,ew_7,1,1014.884121149354,550.0,optimal_shannon,outage
20.0,sn_14,direct,BS_2,-1,1,1246.9803570540575,550.0,optimal_shannon,outage
20.0,ns_11,relay,BS_1,ns_10,1,1345.0492431586404,550.0,optimal_shannon,outage
20.0,we_5,relay,BS_1,we_6,1,676.9958840497202,440.00000000000006,optimal_shannon,outage
20.0,sn_2,relay,BS_2,sn_0,1,1425.35468663469,550.0,optimal_shannon,outage
20.0,ns_3,relay,BS_2,ns_2,1,1524.344476501624,550.0,optimal_shannon,outage
20.0,sn_7,relay,BS_2,se_0,1,1399.3437156296557,550.0,optimal_shannon,outage
20.0,ew_5,relay,BS_2,ew_7,1,1305.7748096930975,550.0,optimal_shannon,outage
20.0,sn_1,relay,BS_2,sn_0,1,1517.1862537264412,550.0,optimal_shannon,outage
20.0,wn_2,relay,BS_2,wn_0,1,1014.1008647431888,550.0,optimal_shannon,outage
20.0,ns_14,relay,BS_1,ns_13,1,1332.094934457829,550.0,optimal_shannon,outage
20.0,we_7,relay,BS_2,wn_0,1,1014.1008647431888,550.0,optimal_shannon,outage
20.0,we_1,relay,BS_3,we_0,1,719.178717736725,440.00000000000006,optimal_shannon,outage
20.0,ns_5,relay,BS_2,ns_2,1,939.8952726952748,550.0,optimal_shannon,outage
20.0,we_0,relay,BS_2,sn_0,1,1068.3277945318848,550.0,optimal_shannon,outage
20.0,ew_7,relay,BS_1,ew_5,1,745.9183335908332,440.00000000000006,optimal_shannon,outage
20.0,ns_18,relay,BS_1,ns_17,1,1309.4285074212044,550.0,optimal_shannon,outage
20.0,ns_0,relay,BS_2,ns_2,1,1401.7703090134123,550.0,optimal_shannon,outage
20.0,we_18,relay,BS_2,wn_8,1,950.1785266786884,550.0,optimal_shannon,outage
20.0,sn_13,relay,BS_3,sn_14,1,1357.6714901963403,550.0,optimal_shannon,outage
20.0,se_3,relay,BS_3,se_4,1,1329.437654090137,550.0,optimal_shannon,outage
20.0,se_1,relay,BS_2,se_0,1,1399.3437156296557,550.0,optimal_shannon,outage
20.0,se_8,relay,BS_3,sn_14,1,1203.8090045369684,550.0,optimal_shannon,outage
20.0,ew_10,relay,BS_2,ew_7,1,943.5440487453895,550.0,optimal_shannon,outage
20.0,ns_2,relay,BS_3,we_0,1,719.178717736725,440.00000000000006,optimal_shannon,outage
20.0,wn_7,relay,BS_2,we_15,1,1278.8706612935243,550.0,optimal_shannon,outage
20.0,ns_12,relay,BS_1,ns_13,1,1332.094934457829,550.0,optimal_shannon,outage
20.0,ew_1,relay,BS_2,sn_0,1,1005.9230662020036,550.0,optimal_shannon,outage
20.0,we_3,relay,BS_3,we_0,1,719.178717736725,440.00000000000006,optimal_shannon,outage
20.0,ns_7,relay,BS_1,ns_9,1,975.3932292666894,550.0,optimal_shannon,outage
20.0,ns_10,relay,BS_1,ns_9,1,1326.1160604930028,550.0,optimal_shannon,outage
20.0,wn_5,relay,BS_3,we_11,1,641.4918045950486,330.0,optimal_shannon,outage
20.0,ns_13,relay,BS_1,ns_14,1,1347.7065504087086,550.0,optimal_shannon,outage
20.0,we_17,relay,BS_2,wn_8,1,990.9891517553608,550.0,optimal_shannon,outage
20.0,sn_3,relay,BS_2,sn_0,1,1275.8813529370402,550.0,optimal_shannon,outage
20.0,we_9,relay,BS_2,wn_3,1,1554.9055049771953,550.0,optimal_shannon,outage
20.0,ew_16,direct,BS_1,-1,1,1686.09103200982,550.0,optimal_shannon,outage
20.0,wn_4,relay,BS_2,wn_3,1,1360.249108807884,550.0,optimal_shannon,outage
20.0,sn_8,relay,BS_2,sn_9,1,1333.5355629323683,550.0,optimal_shannon,outage
20.0,sn_11,relay,BS_3,se_4,1,1329.437654090137,550.0,optimal_shannon,outage
20.0,ns_19,relay,BS_1,ns_18,1,1288.8350847115155,550.0,optimal_shannon,outage
20.0,ew_12,relay,BS_3,ew_13,1,1413.3963838608606,550.0,optimal_shannon,outage
20.0,se_6,relay,BS_3,sn_14,1,1357.6714901963403,550.0,optimal_shannon,outage
20.0,ew_15,relay,BS_3,ew_13,1,1173.5874551460254,550.0,optimal_shannon,outage
20.0,sn_10,relay,BS_2,sn_9,1,1333.5355629323683,550.0,optimal_shannon,outage
20.0,wn_9,relay,BS_2,wn_8,1,1077.9557185227573,550.0,optimal_shannon,outage
20.0,sn_15,relay,BS_3,sn_14,1,1341.315745400747,550.0,optimal_shannon,outage
20.0,ew_18,direct,BS_3,-1,1,1744.5615977690757,550.0,optimal_shannon,outage
20.0,we_11,relay,BS_2,wn_3,1,1161.300082749455,550.0,optimal_shannon,outage
20.0,sn_4,relay,BS_2,se_0,1,1225.728893442117,550.0,optimal_shannon,outage
20.0,ns_16,relay,BS_1,ns_17,1,1332.0152274987847,550.0,optimal_shannon,outage
20.0,sn_6,relay,BS_2,se_0,1,1399.3437156296557,550.0,optimal_shannon,outage
20.0,sn_0,relay,BS_3,we_0,1,719.178717736725,440.00000000000006,optimal_shannon,outage
20.0,ns_9,relay,BS_1,ns_10,1,1345.0492431586404,550.0,optimal_shannon,outage
20.0,ns_15,relay,BS_1,ns_14,1,1332.0152274987847,550.0,optimal_shannon,outage
20.0,ns_4,relay,BS_2,ns_2,1,936.2466335452764,550.0,optimal_shannon,outage
20.0,ns_8,relay,BS_1,ns_9,1,1326.1160604930028,550.0,optimal_shannon,outage
20.0,ew_2,relay,BS_2,sn_0,1,989.6617681518294,550.0,optimal_shannon,outage
20.0,we_15,relay,BS_2,wn_8,1,1614.54047943684,550.0,optimal_shannon,outage
20.0,wn_1,relay,BS_2,wn_0,1,1014.1008647431888,550.0,optimal_shannon,outage
20.0,we_4,relay,BS_2,wn_0,1,1014.1008647431888,550.0,optimal_shannon,outage
20.0,ew_14,relay,BS_3,ew_13,1,1384.1652190866466,550.0,optimal_shannon,outage
20.0,sn_12,relay,BS_3,sn_14,1,1179.5652084169544,550.0,optimal_shannon,outage
20.0,we_13,relay,BS_2,we_15,1,1180.229407580177,550.0,optimal_shannon,outage
20.0,sn_9,relay,BS_3,se_4,1,1217.7579403502332,550.0,optimal_shannon,outage
20.0,se_5,relay,BS_3,se_4,1,1319.7253480053892,550.0,optimal_shannon,outage
20.0,wn_6,relay,BS_2,we_15,1,1104.517334836213,550.0,optimal_shannon,outage
20.0,se_0,direct,BS_3,-1,1,442.69268160605,240.0,optimal_shannon,outage
20.0,wn_0,relay,BS_1,we_6,1,676.9958840497202,440.00000000000006,optimal_shannon,outage
20.0,ew_19,relay,BS_3,ew_13,1,821.9057498023737,440.00000000000006,optimal_shannon,outage
20.0,we_12,relay,BS_2,we_15,1,1083.5998456238783,550.0,optimal_shannon,outage
20.0,we_6,relay,BS_2,wn_0,1,1014.1008647431888,550.0,optimal_shannon,outage
20.0,we_19,relay,BS_2,wn_8,1,851.0498856453169,550.0,optimal_shannon,outage
20.0,ns_1,relay,BS_2,ns_2,1,1572.1791915067183,550.0,optimal_shannon,outage
20.0,we_2,relay,BS_3,we_0,1,719.178717736725,440.00000000000006,optimal_shannon,outage
21.0,we_16,relay,BS_2,we_15,1,1060.6921316288956,550.0,optimal_shannon,outage
21.0,se_7,relay,BS_3,se_6,1,1317.0680911022314,550.0,optimal_shannon,outage
21.0,sn_5,relay,BS_3,se_0,1,775.6621530953345,440.00000000000006,optimal_shannon,outage
21.0,ew_6,direct,BS_1,-1,1,441.7425872980643,240.0,optimal_shannon,outage
21.0,ew_9,relay,BS_2,ew_6,1,954.4911645785284,550.0,optimal_shannon,outage
21.0,se_9,relay,BS_2,se_8,1,1056.0444629128665,550.0,optimal_shannon,outage
21.0,sn_19,relay,BS_2,se_8,1,926.2965236644944,550.0,optimal_shannon,outage
21.0,we_8,relay,BS_2,we_9,1,1528.6628733479056,550.0,optimal_shannon,outage
21.0,we_14,relay,BS_2,we_15,1,1384.1652190866466,550.0,optimal_shannon,outage
21.0,ew_11,relay,BS_3,ew_13,1,968.0936694638924,550.0,optimal_shannon,outage
21.0,sn_16,relay,BS_2,se_8,1,1179.8973078912632,550.0,optimal_shannon,outage
21.0,ns_17,relay,BS_1,ns_18,1,1323.71124310235,550.0,optimal_shannon,outage
21.0,sn_17,relay,BS_2,se_8,1,1054.7165756495851,550.0,optimal_shannon,outage
21.0,se_4,relay,BS_3,sn_11,1,1328.773334756027,550.0,optimal_shannon,outage
21.0,we_10,relay,BS_2,we_9,1,1482.8216157171023,550.0,optimal_shannon,outage
21.0,wn_3,relay,BS_2,we_9,1,1567.4260298162164,550.0,optimal_shannon,outage
21.0,ns_6,relay,BS_2,ns_5,1,1511.0571229358122,550.0,optimal_shannon,outage
21.0,se_2,relay,BS_3,se_0,1,775.6621530953345,440.00000000000006,optimal_shannon,outage
21.0,ew_0,relay,BS_2,sn_1,1,1260.6028094448818,550.0,optimal_shannon,outage
21.0,ew_3,relay,BS_2,sn_1,1,1110.826075717464,550.0,optimal_shannon,outage
21.0,ew_4,relay,BS_2,ew_6,1,1382.8365387770011,550.0,optimal_shannon,outage
21.0,ew_13,relay,BS_3,ew_14,1,1402.434654668149,550.0,optimal_shannon,outage
21.0,sn_18,relay,BS_2,se_8,1,985.6796947725778,550.0,optimal_shannon,outage
21.0,ew_17,direct,BS_1,-1,1,1672.6776620625255,550.0,optimal_shannon,outage
21.0,wn_8,relay,BS_2,we_15,1,1702.1750462519728,550.0,optimal_shannon,outage
21.0,ew_8,relay,BS_2,ew_6,1,969.7526215792,550.0,optimal_shannon,outage
21.0,sn_14,relay,BS_3,se_6,1,1364.6469818119322,550.0,optimal_shannon,outage
21.0,ns_11,relay,BS_1,ns_8,1,1036.2067017181785,550.0,optimal_shannon,outage
21.0,we_5,direct,BS_2,-1,1,1476.6138659370165,550.0,optimal_shannon,outage
21.0,sn_2,relay,BS_2,sn_1,1,1541.969925122515,550.0,optimal_shannon,outage
21.0,ns_3,relay,BS_2,ns_0,1,1290.4958309464796,550.0,optimal_shannon,outage
21.0,sn_7,relay,BS_3,se_0,1,775.6621530953345,440.00000000000006,optimal_shannon,outage
21.0,ew_5,relay,BS_2,ew_6,1,1554.4143206767253,550.0,optimal_shannon,outage
21.0,sn_1,relay,BS_2,ns_0,1,1509.0640228084717,550.0,optimal_shannon,outage
21.0,wn_2,relay,BS_3,we_5,1,693.461692415125,440.00000000000006,optimal_shannon,outage
21.0,ns_14,relay,BS_1,ns_13,1,1352.356848379136,550.0,optimal_shannon,outage
21.0,we_7,relay,BS_3,we_5,1,693.461692415125,440.00000000000006,optimal_shannon,outage
21.0,we_1,relay,BS_2,ns_0,1,1394.462519174611,550.0,optimal_shannon,outage
21.0,ns_5,relay,BS_1,ns_8,1,942.5489146240792,550.0,optimal_shannon,outage
21.0,we_0,relay,BS_2,ns_0,1,1439.9704585725406,550.0,optimal_shannon,outage
21.0,ew_7,relay,BS_2,ew_6,1,1508.3996562741886,550.0,optimal_shannon,outage
21.0,ns_18,relay,BS_1,ns_17,1,1323.71124310235,550.0,optimal_shannon,outage
21.0,ns_0,relay,BS_2,sn_1,1,1509.0640228084717,550.0,optimal_shannon,outage
21.0,we_18,relay,BS_2,wn_8,1,932.5981347964744,550.0,optimal_shannon,outage
21.0,sn_13,relay,BS_3,se_6,1,1364.6469818119322,550.0,optimal_shannon,outage
21.0,se_3,relay,BS_3,sn_11,1,1328.773334756027,550.0,optimal_shannon,outage
21.0,se_1,relay,BS_3,se_0,1,775.6621530953345,440.00000000000006,optimal_shannon,outage
21.0,se_8,relay,BS_3,se_7,1,1285.5135998362252,550.0,optimal_shannon,outage
21.0,ew_10,relay,BS_3,ew_13,1,935.2515743584628,550.0,optimal_shannon,outage
21.0,ns_2,relay,BS_2,ns_0,1,1441.9635238491733,550.0,optimal_shannon,outage
21.0,wn_7,relay,BS_2,we_15,1,1350.948482581707,550.0,optimal_shannon,outage
21.0,ns_12,relay,BS_1,ns_13,1,1352.356848379136,550.0,optimal_shannon,outage
21.0,ew_1,relay,BS_2,sn_1,1,1214.436737662868,550.0,optimal_shannon,outage
21.0,we_3,relay,BS_2,ns_0,1,1251.967224087454,550.0,optimal_shannon,outage
21.0,ns_7,relay,BS_2,ns_5,1,1287.174340998366,550.0,optimal_shannon,outage
21.0,ns_10,relay,BS_1,ns_8,1,1036.2067017181785,550.0,optimal_shannon,outage
21.0,wn_5,relay,BS_2,we_9,1,1200.1557636008429,550.0,optimal_shannon,outage
21.0,ns_13,relay,BS_1,ns_14,1,1353.353342471658,550.0,optimal_shannon,outage
21.0,we_17,relay,BS_2,wn_8,1,1017.2074389715864,550.0,optimal_shannon,outage
21.0,sn_3,relay,BS_2,sn_1,1,1400.4416182581565,550.0,optimal_shannon,outage
21.0,we_9,direct,BS_2,-1,1,1567.4260298162164,550.0,optimal_shannon,outage
21.0,ew_16,relay,BS_1,ew_15,1,1072.64371363736,550.0,optimal_shannon,outage
21.0,wn_4,relay,BS_2,we_9,1,1450.600154347584,550.0,optimal_shannon,outage
21.0,sn_8,relay,BS_3,sn_11,1,1137.7225733680998,550.0,optimal_shannon,outage
21.0,sn_11,relay,BS_3,se_4,1,1318.8085822581488,550.0,optimal_shannon,outage
21.0,ns_19,relay,BS_1,ns_18,1,1301.7889700145754,550.0,optimal_shannon,outage
21.0,ew_12,relay,BS_3,ew_13,1,1413.5875160698686,550.0,optimal_shannon,outage
21.0,se_6,relay,BS_3,se_7,1,1317.0680911022314,550.0,optimal_shannon,outage
21.0,ew_15,relay,BS_3,ew_14,1,1374.200137622239,550.0,optimal_shannon,outage
21.0,sn_10,relay,BS_3,sn_11,1,1328.773334756027,550.0,optimal_shannon,outage
21.0,wn_9,relay,BS_2,wn_8,1,1068.3277945318848,550.0,optimal_shannon,outage
21.0,sn_15,relay,BS_3,se_7,1,1362.3218149538243,550.0,optimal_shannon,outage
21.0,ew_18,direct,BS_3,-1,1,1689.7130153462872,550.0,optimal_shannon,outage
21.0,we_11,relay,BS_2,we_9,1,1268.574192741874,550.0,optimal_shannon,outage
21.0,sn_4,relay,BS_3,se_0,1,775.6621530953345,440.00000000000006,optimal_shannon,outage
21.0,ns_16,relay,BS_1,ns_17,1,1346.96251546469,550.0,optimal_shannon,outage
21.0,sn_6,relay,BS_3,se_0,1,775.6621530953345,440.00000000000006,optimal_shannon,outage
21.0,sn_0,relay,BS_2,sn_1,1,1541.969925122515,550.0,optimal_shannon,outage
21.0,ns_9,relay,BS_1,ns_8,1,1036.2067017181785,550.0,optimal_shannon,outage
21.0,ns_15,relay,BS_1,ns_14,1,1346.96251546469,550.0,optimal_shannon,outage
21.0,ns_4,relay,BS_2,ns_5,1,1554.5733191044933,550.0,optimal_shannon,outage
21.0,ns_8,relay,BS_2,ns_5,1,942.5489146240792,550.0,optimal_shannon,outage
21.0,ew_2,relay,BS_2,sn_1,1,1164.620962413445,550.0,optimal_shannon,outage
21.0,we_15,relay,BS_2,wn_8,1,1683.2245398137788,550.0,optimal_shannon,outage
21.0,wn_1,relay,BS_3,we_5,1,693.461692415125,440.00000000000006,optimal_shannon,outage
21.0,we_4,relay,BS_3,we_5,1,693.461692415125,440.00000000000006,optimal_shannon,outage
21.0,ew_14,relay,BS_3,ew_13,1,1402.434654668149,550.0,optimal_shannon,outage
21.0,sn_12,relay,BS_3,se_6,1,1281.1956849662786,550.0,optimal_shannon,outage
21.0,we_13,relay,BS_2,we_15,1,1197.498875243576,550.0,optimal_shannon,outage
21.0,sn_9,relay,BS_3,sn_11,1,1233.6999365331562,550.0,optimal_shannon,outage
21.0,se_5,relay,BS_3,se_4,1,1318.8085822581488,550.0,optimal_shannon,outage
21.0,wn_6,relay,BS_2,we_15,1,1136.0622373435444,550.0,optimal_shannon,outage
21.0,se_0,direct,BS_1,-1,1,690.1672325565255,440.00000000000006,optimal_shannon,outage
21.0,wn_0,relay,BS_3,we_5,1,693.461692415125,440.00000000000006,optimal_shannon,outage
21.0,ew_19,direct,BS_1,-1,1,1733.3982955149463,550.0,optimal_shannon,outage
21.0,we_12,relay,BS_2,we_15,1,1095.5525081202634,550.0,optimal_shannon,outage
21.0,we_6,relay,BS_3,we_5,1,693.461692415125,440.00000000000006,optimal_shannon,outage
21.0,we_19,relay,BS_2,wn_8,1,874.2444801121302,550.0,optimal_shannon,outage
21.0,ns_1,relay,BS_2,ns_0,1,1538.0690260323886,550.0,optimal_shannon,outage
21.0,we_2,relay,BS_2,ns_0,1,1327.6971496066185,550.0,optimal_shannon,outage
22.0,we_16,relay,BS_2,wn_8,1,1098.5407533548334,550.0,optimal_shannon,outage
22.0,se_7,relay,BS_2,se_8,1,1263.3076550698308,550.0,optimal_shannon,outage
22.0,sn_5,relay,BS_3,sn_7,1,764.7524470821438,440.00000000000006,optimal_shannon,outage
22.0,ew_6,direct,BS_3,-1,1,769.0497335031304,440.00000000000006,optimal_shannon,outage
22.0,ew_9,relay,BS_3,ew_11,1,1276.877788071845,550.0,optimal_shannon,outage
22.0,se_9,relay,BS_2,se_8,1,1046.7494263882895,550.0,optimal_shannon,outage
22.0,sn_19,relay,BS_2,se_8,1,942.5489146240792,550.0,optimal_shannon,outage
22.0,we_8,relay,BS_2,wn_3,1,1283.8394757863205,550.0,optimal_shannon,outage
22.0,we_14,relay,BS_2,we_15,1,1402.434654668149,550.0,optimal_shannon,outage
22.0,ew_11,relay,BS_3,ew_13,1,962.121636449825,550.0,optimal_shannon,outage
22.0,sn_16,relay,BS_2,se_8,1,1206.7980362393096,550.0,optimal_shannon,outage
22.0,ns_17,relay,BS_1,ns_18,1,1338.326287050039,550.0,optimal_shannon,outage
22.0,sn_17,relay,BS_2,se_8,1,1086.9199771578085,550.0,optimal_shannon,outage
22.0,se_4,relay,BS_3,se_5,1,1327.4446970069987,550.0,optimal_shannon,outage
22.0,we_10,relay,BS_2,wn_3,1,1283.8394757863205,550.0,optimal_shannon,outage
22.0,wn_3,relay,BS_1,we_10,1,664.4933859037639,330.0,optimal_shannon,outage
22.0,ns_6,relay,BS_2,sn_1,1,1049.4051090935,550.0,optimal_shannon,outage
22.0,se_2,relay,BS_3,sn_7,1,764.7524470821438,440.00000000000006,optimal_shannon,outage
22.0,ew_0,relay,BS_2,we_3,1,1496.773256552089,550.0,optimal_shannon,outage
22.0,ew_3,relay,BS_1,we_1,1,736.0111727946858,440.00000000000006,optimal_shannon,outage
22.0,ew_4,relay,BS_3,we_1,1,739.9735529701512,440.00000000000006,optimal_shannon,outage
22.0,ew_13,relay,BS_1,ew_14,1,1364.2244970062177,550.0,optimal_shannon,outage
22.0,sn_18,relay,BS_2,se_8,1,994.6395218454066,550.0,optimal_shannon,outage
22.0,ew_17,relay,BS_1,ew_14,1,950.1785266786884,550.0,optimal_shannon,outage
22.0,wn_8,relay,BS_2,we_15,1,1551.9158327016455,550.0,optimal_shannon,outage
22.0,ew_8,relay,BS_3,ew_11,1,1182.2220101928142,550.0,optimal_shannon,outage
22.0,sn_14,relay,BS_2,se_7,1,1278.465474351788,550.0,optimal_shannon,outage
22.0,ns_11,relay,BS_1,ns_13,1,954.1594169995748,550.0,optimal_shannon,outage
22.0,we_5,relay,BS_3,wn_1,1,697.7454153451617,440.00000000000006,optimal_shannon,outage
22.0,sn_2,relay,BS_2,sn_1,1,1573.4271703868442,550.0,optimal_shannon,outage
22.0,ns_3,relay,BS_2,we_3,1,1529.7600001043218,550.0,optimal_shannon,outage
22.0,sn_7,direct,BS_3,-1,1,764.7524470821438,440.00000000000006,optimal_shannon,outage
22.0,ew_5,direct,BS_1,-1,1,771.0333076361511,440.00000000000006,optimal_shannon,outage
22.0,sn_1,direct,BS_2,-1,1,1573.4271703868442,550.0,optimal_shannon,outage
22.0,wn_2,relay,BS_2,we_7,1,1426.6833901542427,550.0,optimal_shannon,outage
22.0,ns_14,relay,BS_1,ns_13,1,1351.3603548711526,550.0,optimal_shannon,outage
22.0,we_7,relay,BS_3,wn_1,1,697.7454153451617,440.00000000000006,optimal_shannon,outage
22.0,we_1,relay,BS_2,we_3,1,1518.3651633144243,550.0,optimal_shannon,outage
22.0,ns_5,relay,BS_2,sn_1,1,1122.4477638957114,550.0,optimal_shannon,outage
22.0,we_0,relay,BS_3,we_1,1,739.9735529701512,440.00000000000006,optimal_shannon,outage
22.0,ew_7,direct,BS_2,-1,1,1554.381638305901,550.0,optimal_shannon,outage
22.0,ns_18,relay,BS_1,ns_17,1,1338.326287050039,550.0,optimal_shannon,outage
22.0,ns_0,relay,BS_2,we_3,1,1298.4674470772345,550.0,optimal_shannon,outage
22.0,we_18,relay,BS_2,wn_8,1,960.7945602305248,550.0,optimal_shannon,outage
22.0,sn_13,relay,BS_2,se_7,1,1172.9232647676097,550.0,optimal_shannon,outage
22.0,se_3,relay,BS_3,sn_11,1,1046.8290848548825,550.0,optimal_shannon,outage
22.0,se_1,relay,BS_3,sn_7,1,764.7524470821438,440.00000000000006,optimal_shannon,outage
22.0,se_8,relay,BS_2,se_7,1,1278.465474351788,550.0,optimal_shannon,outage
22.0,ew_10,relay,BS_3,ew_11,1,1316.1513271754504,550.0,optimal_shannon,outage
22.0,ns_2,relay,BS_2,we_3,1,1463.2229616248994,550.0,optimal_shannon,outage
22.0,wn_7,relay,BS_2,we_15,1,1445.9496581546164,550.0,optimal_shannon,outage
22.0,ns_12,relay,BS_1,ns_13,1,1351.3603548711526,550.0,optimal_shannon,outage
22.0,ew_1,relay,BS_2,we_3,1,1511.7214898184204,550.0,optimal_shannon,outage
22.0,we_3,relay,BS_3,we_1,1,739.9735529701512,440.00000000000006,optimal_shannon,outage
22.0,ns_7,relay,BS_2,sn_1,1,1031.8118736930862,550.0,optimal_shannon,outage
22.0,ns_10,relay,BS_1,ns_11,1,1336.4130252188922,550.0,optimal_shannon,outage
22.0,wn_5,relay,BS_1,we_10,1,664.4933859037639,330.0,optimal_shannon,outage
22.0,ns_13,relay,BS_1,ns_14,1,1365.9756499032292,550.0,optimal_shannon,outage
22.0,we_17,relay,BS_2,wn_8,1,1025.8371852743403,550.0,optimal_shannon,outage
22.0,sn_3,relay,BS_2,sn_1,1,1441.9635238491733,550.0,optimal_shannon,outage
22.0,we_9,relay,BS_1,we_10,1,664.4933859037639,330.0,optimal_shannon,outage
22.0,ew_16,direct,BS_3,-1,1,1546.9891586555657,550.0,optimal_shannon,outage
22.0,wn_4,relay,BS_2,wn_3,1,1283.8394757863205,550.0,optimal_shannon,outage
22.0,sn_8,relay,BS_3,sn_11,1,1046.8290848548825,550.0,optimal_shannon,outage
22.0,sn_11,relay,BS_3,se_5,1,1207.1301517689317,550.0,optimal_shannon,outage
22.0,ns_19,relay,BS_1,ns_18,1,1315.0751519032754,550.0,optimal_shannon,outage
22.0,ew_12,relay,BS_3,ew_13,1,1360.3288171519162,550.0,optimal_shannon,outage
22.0,se_6,relay,BS_2,se_7,1,1278.465474351788,550.0,optimal_shannon,outage
22.0,ew_15,relay,BS_1,ew_14,1,1364.2244970062177,550.0,optimal_shannon,outage
22.0,sn_10,relay,BS_3,sn_11,1,1046.8290848548825,550.0,optimal_shannon,outage
22.0,wn_9,relay,BS_2,wn_8,1,1058.3682850671598,550.0,optimal_shannon,outage
22.0,sn_15,relay,BS_2,se_7,1,1278.465474351788,550.0,optimal_shannon,outage
22.0,ew_18,relay,BS_1,ew_14,1,876.5644438206458,550.0,optimal_shannon,outage
22.0,we_11,relay,BS_1,we_10,1,664.4933859037639,330.0,optimal_shannon,outage
22.0,sn_4,relay,BS_3,sn_7,1,764.7524470821438,440.00000000000006,optimal_shannon,outage
22.0,ns_16,relay,BS_1,ns_17,1,1345.713569564351,550.0,optimal_shannon,outage
22.0,sn_6,relay,BS_3,sn_7,1,764.7524470821438,440.00000000000006,optimal_shannon,outage
22.0,sn_0,relay,BS_2,sn_1,1,1573.4271703868442,550.0,optimal_shannon,outage
22.0,ns_9,relay,BS_1,ns_11,1,1242.3353291732635,550.0,optimal_shannon,outage
22.0,ns_15,relay,BS_1,ns_14,1,1362.5742730206423,550.0,optimal_shannon,outage
22.0,ns_4,relay,BS_2,sn_1,1,1167.6097745250554,550.0,optimal_shannon,outage
22.0,ns_8,relay,BS_1,ns_11,1,1144.696062193428,550.0,optimal_shannon,outage
22.0,ew_2,relay,BS_2,we_3,1,1486.1434309202552,550.0,optimal_shannon,outage
22.0,we_15,relay,BS_2,wn_8,1,1551.9158327016455,550.0,optimal_shannon,outage
22.0,wn_1,relay,BS_2,we_7,1,1485.64512650981,550.0,optimal_shannon,outage
22.0,we_4,relay,BS_3,wn_1,1,697.7454153451617,440.00000000000006,optimal_shannon,outage
22.0,ew_14,relay,BS_3,ew_13,1,1360.3288171519162,550.0,optimal_shannon,outage
22.0,sn_12,relay,BS_3,se_5,1,1189.8603897295895,550.0,optimal_shannon,outage
22.0,we_13,relay,BS_2,we_15,1,1218.0900615332175,550.0,optimal_shannon,outage
22.0,sn_9,relay,BS_3,sn_11,1,1046.8290848548825,550.0,optimal_shannon,outage
22.0,se_5,relay,BS_3,sn_11,1,1046.8290848548825,550.0,optimal_shannon,outage
22.0,wn_6,relay,BS_2,we_15,1,1186.8714456739945,550.0,optimal_shannon,outage
22.0,se_0,relay,BS_3,sn_7,1,764.7524470821438,440.00000000000006,optimal_shannon,outage
22.0,wn_0,relay,BS_3,wn_1,1,697.7454153451617,440.00000000000006,optimal_shannon,outage
22.0,ew_19,direct,BS_1,-1,1,1672.6743944161651,550.0,optimal_shannon,outage
22.0,we_12,relay,BS_2,we_15,1,1120.7874980117429,550.0,optimal_shannon,outage
22.0,we_6,relay,BS_3,wn_1,1,697.7454153451617,440.00000000000006,optimal_shannon,outage
22.0,we_19,relay,BS_2,wn_8,1,913.0314649894414,550.0,optimal_shannon,outage
22.0,ns_1,relay,BS_2,we_3,1,1362.5742730206423,550.0,optimal_shannon,outage
22.0,we_2,relay,BS_2,we_3,1,1529.7600001043218,550.0,optimal_shannon,outage
23.0,we_16,relay,BS_2,wn_8,1,1112.4862916917546,550.0,optimal_shannon,outage
23.0,se_7,relay,BS_3,sn_15,1,1353.6855072983665,550.0,optimal_shannon,outage
23.0,sn_5,relay,BS_3,ns_2,1,747.2395881647359,440.00000000000006,optimal_shannon,outage
23.0,ew_6,relay,BS_2,ew_4,1,1462.890781911761,550.0,optimal_shannon,outage
23.0,ew_9,relay,BS_1,ew_11,1,1051.144588174708,550.0,optimal_shannon,outage
23.0,se_9,relay,BS_3,sn_18,1,1363.3183146749634,550.0,optimal_shannon,outage
23.0,sn_19,relay,BS_3,sn_18,1,1338.326287050039,550.0,optimal_shannon,outage
23.0,we_8,relay,BS_2,wn_3,1,1334.384073695997,550.0,optimal_shannon,outage
23.0,we_14,relay,BS_2,we_15,1,1420.3720540641723,550.0,optimal_shannon,outage
23.0,ew_11,relay,BS_1,ew_12,1,1033.4715441365622,550.0,optimal_shannon,outage
23.0,sn_16,relay,BS_3,sn_17,1,1351.3603548711526,550.0,optimal_shannon,outage
23.0,ns_17,relay,BS_1,ns_18,1,1353.605799256266,550.0,optimal_shannon,outage
23.0,sn_17,relay,BS_3,sn_18,1,1362.5742730206423,550.0,optimal_shannon,outage
23.0,se_4,relay,BS_2,se_3,1,1386.2444791335097,550.0,optimal_shannon,outage
23.0,we_10,relay,BS_2,we_11,1,1286.3100299283485,550.0,optimal_shannon,outage
23.0,wn_3,relay,BS_2,we_11,1,1286.3100299283485,550.0,optimal_shannon,outage
23.0,ns_6,relay,BS_3,ns_7,1,706.3158848994435,440.00000000000006,optimal_shannon,outage
23.0,se_2,relay,BS_2,ns_1,1,1130.749211331142,550.0,optimal_shannon,outage
23.0,ew_0,relay,BS_2,we_5,1,1253.960043852299,550.0,optimal_shannon,outage
23.0,ew_3,relay,BS_2,we_5,1,1151.005513481201,550.0,optimal_shannon,outage
23.0,ew_4,direct,BS_2,-1,1,1550.7087723279603,550.0,optimal_shannon,outage
23.0,ew_13,relay,BS_1,ew_12,1,1361.325315778215,550.0,optimal_shannon,outage
23.0,sn_18,relay,BS_3,sn_17,1,1351.3603548711526,550.0,optimal_shannon,outage
23.0,ew_17,direct,BS_3,-1,1,1507.0997446593246,550.0,optimal_shannon,outage
23.0,wn_8,relay,BS_2,we_15,1,1444.2887682587386,550.0,optimal_shannon,outage
23.0,ew_8,relay,BS_1,ew_11,1,1051.144588174708,550.0,optimal_shannon,outage
23.0,sn_14,relay,BS_3,sn_15,1,1353.6855072983665,550.0,optimal_shannon,outage
23.0,ns_11,relay,BS_1,ns_13,1,970.0844147710492,550.0,optimal_shannon,outage
23.0,we_5,direct,BS_2,-1,1,1510.1336714667427,550.0,optimal_shannon,outage
23.0,sn_2,relay,BS_1,sn_0,1,761.7777772975835,440.00000000000006,optimal_shannon,outage
23.0,ns_3,relay,BS_3,ns_2,1,747.2395881647359,440.00000000000006,optimal_shannon,outage
23.0,sn_7,relay,BS_2,ns_1,1,1481.8041055960086,550.0,optimal_shannon,outage
23.0,ew_5,relay,BS_2,ew_4,1,1550.7087723279603,550.0,optimal_shannon,outage
23.0,sn_1,relay,BS_1,sn_0,1,761.7777772975835,440.00000000000006,optimal_shannon,outage
23.0,wn_2,relay,BS_2,we_5,1,1189.528284027192,550.0,optimal_shannon,outage
23.0,ns_14,relay,BS_1,ns_13,1,1338.7381561145787,550.0,optimal_shannon,outage
23.0,we_7,relay,BS_2,we_5,1,1417.714653736084,550.0,optimal_shannon,outage
23.0,we_1,relay,BS_2,ew_4,1,1281.1956849662786,550.0,optimal_shannon,outage
23.0,ns_5,relay,BS_3,ns_7,1,706.3158848994435,440.00000000000006,optimal_shannon,outage
23.0,we_0,relay,BS_2,ew_4,1,1301.456817302373,550.0,optimal_shannon,outage
23.0,ew_7,relay,BS_2,ew_4,1,1312.0857487947064,550.0,optimal_shannon,outage
23.0,ns_18,relay,BS_1,ns_17,1,1347.374386766055,550.0,optimal_shannon,outage
23.0,ns_0,relay,BS_3,sn_7,1,752.5252855447667,440.00000000000006,optimal_shannon,outage
23.0,we_18,relay,BS_2,wn_8,1,953.8276704456058,550.0,optimal_shannon,outage
23.0,sn_13,relay,BS_3,sn_15,1,1204.473232541997,550.0,optimal_shannon,outage
23.0,se_3,relay,BS_3,se_5,1,1015.9594698170988,550.0,optimal_shannon,outage
23.0,se_1,relay,BS_3,sn_7,1,752.5252855447667,440.00000000000006,optimal_shannon,outage
23.0,se_8,relay,BS_3,sn_15,1,1214.768857177825,550.0,optimal_shannon,outage
23.0,ew_10,relay,BS_1,ew_11,1,1051.144588174708,550.0,optimal_shannon,outage
23.0,ns_2,relay,BS_2,ns_1,1,1481.8041055960086,550.0,optimal_shannon,outage
23.0,wn_7,relay,BS_2,wn_8,1,1315.407308227314,550.0,optimal_shannon,outage
23.0,ns_12,relay,BS_1,ns_13,1,1338.7381561145787,550.0,optimal_shannon,outage
23.0,ew_1,relay,BS_2,we_5,1,1232.371423309931,550.0,optimal_shannon,outage
23.0,we_3,relay,BS_2,ew_4,1,1203.1447772592796,550.0,optimal_shannon,outage
23.0,ns_7,relay,BS_1,sn_0,1,761.7777772975835,440.00000000000006,optimal_shannon,outage
23.0,ns_10,relay,BS_1,ns_13,1,958.8039753159902,550.0,optimal_shannon,outage
23.0,wn_5,relay,BS_2,we_11,1,1286.3100299283485,550.0,optimal_shannon,outage
23.0,ns_13,relay,BS_1,ns_14,1,1369.6294920039256,550.0,optimal_shannon,outage
23.0,we_17,relay,BS_2,wn_8,1,1023.1818326033376,550.0,optimal_shannon,outage
23.0,sn_3,relay,BS_3,ns_7,1,706.3158848994435,440.00000000000006,optimal_shannon,outage
23.0,we_9,relay,BS_2,wn_3,1,1334.384073695997,550.0,optimal_shannon,outage
23.0,ew_16,direct,BS_3,-1,1,1467.1785814432617,550.0,optimal_shannon,outage
23.0,wn_4,relay,BS_2,wn_3,1,1334.384073695997,550.0,optimal_shannon,outage
23.0,sn_8,relay,BS_2,se_3,1,1151.005513481201,550.0,optimal_shannon,outage
23.0,sn_11,relay,BS_2,se_3,1,1386.2444791335097,550.0,optimal_shannon,outage
23.0,ns_19,relay,BS_1,ns_18,1,1329.3579472759436,550.0,optimal_shannon,outage
23.0,ew_12,relay,BS_1,ew_13,1,1371.9546678912122,550.0,optimal_shannon,outage
23.0,se_6,relay,BS_3,sn_15,1,1353.6855072983665,550.0,optimal_shannon,outage
23.0,ew_15,relay,BS_1,ew_13,1,1224.4003948756383,550.0,optimal_shannon,outage
23.0,sn_10,relay,BS_2,se_3,1,1360.9134411347593,550.0,optimal_shannon,outage
23.0,wn_9,relay,BS_2,wn_8,1,1038.4506435706346,550.0,optimal_shannon,outage
23.0,sn_15,direct,BS_1,-1,1,641.8201086240829,330.0,optimal_shannon,outage
23.0,ew_18,direct,BS_3,-1,1,1537.724682654058,550.0,optimal_shannon,outage
23.0,we_11,relay,BS_2,wn_3,1,1334.384073695997,550.0,optimal_shannon,outage
23.0,sn_4,relay,BS_3,ns_2,1,747.2395881647359,440.00000000000006,optimal_shannon,outage
23.0,ns_16,relay,BS_1,ns_17,1,1347.374386766055,550.0,optimal_shannon,outage
23.0,sn_6,relay,BS_3,sn_7,1,752.5252855447667,440.00000000000006,optimal_shannon,outage
23.0,sn_0,relay,BS_3,ns_7,1,706.3158848994435,440.00000000000006,optimal_shannon,outage
23.0,ns_9,relay,BS_1,sn_0,1,761.7777772975835,440.00000000000006,optimal_shannon,outage
23.0,ns_15,relay,BS_1,ns_14,1,1369.6294920039256,550.0,optimal_shannon,outage
23.0,ns_4,relay,BS_3,ns_7,1,706.3158848994435,440.00000000000006,optimal_shannon,outage
23.0,ns_8,relay,BS_1,sn_0,1,761.7777772975835,440.00000000000006,optimal_shannon,outage
23.0,ew_2,relay,BS_2,we_5,1,1197.830985627936,550.0,optimal_shannon,outage
23.0,we_15,relay,BS_2,wn_8,1,1444.2887682587386,550.0,optimal_shannon,outage
23.0,wn_1,relay,BS_2,we_5,1,1338.326287050039,550.0,optimal_shannon,outage
23.0,we_4,relay,BS_2,we_5,1,1510.1336714667427,550.0,optimal_shannon,outage
23.0,ew_14,relay,BS_1,ew_13,1,1371.9546678912122,550.0,optimal_shannon,outage
23.0,sn_12,relay,BS_3,se_5,1,1015.9594698170988,550.0,optimal_shannon,outage
23.0,we_13,relay,BS_2,we_15,1,1236.6890998995823,550.0,optimal_shannon,outage
23.0,sn_9,relay,BS_2,se_3,1,1223.071898831635,550.0,optimal_shannon,outage
23.0,se_5,relay,BS_2,se_3,1,1192.517242520606,550.0,optimal_shannon,outage
23.0,wn_6,relay,BS_2,we_15,1,1248.6458682640166,550.0,optimal_shannon,outage
23.0,se_0,relay,BS_2,ns_1,1,1374.200137622239,550.0,optimal_shannon,outage
23.0,wn_0,relay,BS_2,we_5,1,1510.1336714667427,550.0,optimal_shannon,outage
23.0,ew_19,direct,BS_1,-1,1,1599.3946764218724,550.0,optimal_shannon,outage
23.0,we_12,relay,BS_2,we_15,1,1139.0508473657897,550.0,optimal_shannon,outage
23.0,we_6,relay,BS_2,we_5,1,1510.1336714667427,550.0,optimal_shannon,outage
23.0,we_19,relay,BS_2,wn_8,1,911.3734819254436,550.0,optimal_shannon,outage
23.0,ns_1,relay,BS_3,ns_2,1,747.2395881647359,440.00000000000006,optimal_shannon,outage
23.0,we_2,relay,BS_2,ew_4,1,1250.638680178337,550.0,optimal_shannon,outage
24.0,we_16,relay,BS_1,wn_8,1,642.8050736687071,330.0,optimal_shannon,outage
24.0,se_7,relay,BS_3,se_6,1,1311.5011436956645,550.0,optimal_shannon,outage
24.0,sn_5,relay,BS_2,ns_4,1,1398.1164112324188,550.0,optimal_shannon,outage
24.0,ew_6,relay,BS_2,we_3,1,1270.567049159641,550.0,optimal_shannon,outage
24.0,ew_9,relay,BS_1,ew_11,1,762.1082807818889,440.00000000000006,optimal_shannon,outage
24.0,se_9,relay,BS_3,sn_18,1,1367.304318940108,550.0,optimal_shannon,outage
24.0,sn_19,relay,BS_3,sn_18,1,1353.605799256266,550.0,optimal_shannon,outage
24.0,we_8,relay,BS_2,we_9,1,1472.3893198032574,550.0,optimal_shannon,outage
24.0,we_14,relay,BS_2,we_15,1,1443.6244125402395,550.0,optimal_shannon,outage
24.0,ew_11,relay,BS_1,ew_12,1,1016.5436305445104,550.0,optimal_shannon,outage
24.0,sn_16,relay,BS_3,sn_17,1,1352.0246838113264,550.0,optimal_shannon,outage
24.0,ns_17,relay,BS_1,ns_18,1,1354.0176721894288,550.0,optimal_shannon,outage
24.0,sn_17,relay,BS_3,sn_18,1,1367.304318940108,550.0,optimal_shannon,outage
24.0,se_4,relay,BS_3,sn_12,1,1041.1858723805435,550.0,optimal_shannon,outage
24.0,we_10,relay,BS_2,we_9,1,1472.3893198032574,550.0,optimal_shannon,outage
24.0,wn_3,relay,BS_2,we_9,1,1472.3893198032574,550.0,optimal_shannon,outage
24.0,ns_6,relay,BS_1,sn_5,1,735.0206811627271,440.00000000000006,optimal_shannon,outage
24.0,se_2,relay,BS_2,ns_0,1,1291.160130140098,550.0,optimal_shannon,outage
24.0,ew_0,relay,BS_2,wn_1,1,1407.749426445563,550.0,optimal_shannon,outage
24.0,ew_3,relay,BS_2,wn_1,1,1518.784459858315,550.0,optimal_shannon,outage
24.0,ew_4,relay,BS_2,ew_6,1,1508.3996562741886,550.0,optimal_shannon,outage
24.0,ew_13,relay,BS_1,ew_12,1,1322.1301584759942,550.0,optimal_shannon,outage
24.0,sn_18,relay,BS_3,sn_17,1,1352.0246838113264,550.0,optimal_shannon,outage
24.0,ew_17,direct,BS_3,-1,1,1415.815231566064,550.0,optimal_shannon,outage
24.0,wn_8,relay,BS_2,we_15,1,1362.9064395799032,550.0,optimal_shannon,outage
24.0,ew_8,relay,BS_1,ew_11,1,762.1082807818889,440.00000000000006,optimal_shannon,outage
24.0,sn_14,relay,BS_3,se_6,1,1311.5011436956645,550.0,optimal_shannon,outage
24.0,ns_11,relay,BS_2,sn_0,1,1149.013044756735,550.0,optimal_shannon,outage
24.0,we_5,relay,BS_2,wn_1,1,1291.8244297307529,550.0,optimal_shannon,outage
24.0,sn_2,relay,BS_2,ns_8,1,1388.4834358104338,550.0,optimal_shannon,outage
24.0,ns_3,relay,BS_2,ns_0,1,1435.6521548671797,550.0,optimal_shannon,outage
24.0,sn_7,relay,BS_1,sn_5,1,735.0206811627271,440.00000000000006,optimal_shannon,outage
24.0,ew_5,relay,BS_2,we_3,1,1208.4586156603148,550.0,optimal_shannon,outage
24.0,sn_1,relay,BS_2,ns_8,1,1444.6209461695423,550.0,optimal_shannon,outage
24.0,wn_2,relay,BS_2,wn_1,1,1463.2229616248994,550.0,optimal_shannon,outage
24.0,ns_14,relay,BS_1,ns_13,1,1320.801527017443,550.0,optimal_shannon,outage
24.0,we_7,relay,BS_2,wn_1,1,1511.0571229358122,550.0,optimal_shannon,outage
24.0,we_1,relay,BS_2,we_3,1,1541.9525241201095,550.0,optimal_shannon,outage
24.0,ns_5,relay,BS_1,sn_5,1,735.0206811627271,440.00000000000006,optimal_shannon,outage
24.0,we_0,relay,BS_2,we_3,1,1541.9525241201095,550.0,optimal_shannon,outage
24.0,ew_7,relay,BS_2,we_3,1,1357.259616397204,550.0,optimal_shannon,outage
24.0,ns_18,relay,BS_1,ns_17,1,1361.325315778215,550.0,optimal_shannon,outage
24.0,ns_0,relay,BS_3,ns_3,1,756.8206949538178,440.00000000000006,optimal_shannon,outage
24.0,we_18,relay,BS_1,wn_8,1,642.8050736687071,330.0,optimal_shannon,outage
24.0,sn_13,relay,BS_3,sn_14,1,1317.1477972106695,550.0,optimal_shannon,outage
24.0,se_3,relay,BS_3,sn_10,1,775.0008466928666,440.00000000000006,optimal_shannon,outage
24.0,se_1,relay,BS_3,ns_3,1,756.8206949538178,440.00000000000006,optimal_shannon,outage
24.0,se_8,relay,BS_3,se_7,1,1325.3720361108562,550.0,optimal_shannon,outage
24.0,ew_10,relay,BS_1,ew_11,1,762.1082807818889,440.00000000000006,optimal_shannon,outage
24.0,ns_2,relay,BS_2,ns_0,1,1449.349878099109,550.0,optimal_shannon,outage
24.0,wn_7,relay,BS_1,wn_8,1,642.8050736687071,330.0,optimal_shannon,outage
24.0,ns_12,relay,BS_1,ns_13,1,1320.801527017443,550.0,optimal_shannon,outage
24.0,ew_1,relay,BS_2,wn_1,1,1434.6556241112933,550.0,optimal_shannon,outage
24.0,we_3,relay,BS_2,ew_6,1,1270.567049159641,550.0,optimal_shannon,outage
24.0,ns_7,relay,BS_1,sn_5,1,735.0206811627271,440.00000000000006,optimal_shannon,outage
24.0,ns_10,relay,BS_2,sn_0,1,1228.053771933751,550.0,optimal_shannon,outage
24.0,wn_5,relay,BS_2,we_9,1,1151.005513481201,550.0,optimal_shannon,outage
24.0,ns_13,relay,BS_1,ns_14,1,1324.1231080627174,550.0,optimal_shannon,outage
24.0,we_17,relay,BS_1,wn_8,1,642.8050736687071,330.0,optimal_shannon,outage
24.0,sn_3,relay,BS_2,ns_8,1,1319.393190605508,550.0,optimal_shannon,outage
24.0,we_9,relay,BS_1,we_8,1,691.1555045540649,440.00000000000006,optimal_shannon,outage
24.0,ew_16,relay,BS_3,ew_17,1,1415.815231566064,550.0,optimal_shannon,outage
24.0,wn_4,relay,BS_2,we_9,1,1289.8315321517305,550.0,optimal_shannon,outage
24.0,sn_8,relay,BS_2,ns_0,1,1449.349878099109,550.0,optimal_shannon,outage
24.0,sn_11,relay,BS_3,sn_10,1,775.0008466928666,440.00000000000006,optimal_shannon,outage
24.0,ns_19,relay,BS_1,ns_18,1,1343.973046484037,550.0,optimal_shannon,outage
24.0,ew_12,relay,BS_1,ew_13,1,1314.1583893640093,550.0,optimal_shannon,outage
24.0,se_6,relay,BS_3,se_7,1,1362.5742730206423,550.0,optimal_shannon,outage
24.0,ew_15,relay,BS_1,ew_12,1,1150.673434701497,550.0,optimal_shannon,outage
24.0,sn_10,relay,BS_2,ns_0,1,1241.3389328029305,550.0,optimal_shannon,outage
24.0,wn_9,relay,BS_1,wn_8,1,642.8050736687071,330.0,optimal_shannon,outage
24.0,sn_15,relay,BS_3,se_7,1,1362.6539814671096,550.0,optimal_shannon,outage
24.0,ew_18,relay,BS_3,ew_17,1,1397.4520667919653,550.0,optimal_shannon,outage
24.0,we_11,relay,BS_2,we_9,1,1342.312232785544,550.0,optimal_shannon,outage
24.0,sn_4,relay,BS_1,sn_5,1,735.0206811627271,440.00000000000006,optimal_shannon,outage
24.0,ns_16,relay,BS_1,ns_17,1,1361.325315778215,550.0,optimal_shannon,outage
24.0,sn_6,relay,BS_1,sn_5,1,735.0206811627271,440.00000000000006,optimal_shannon,outage
24.0,sn_0,relay,BS_2,ns_8,1,1475.5136316123208,550.0,optimal_shannon,outage
24.0,ns_9,relay,BS_2,ns_8,1,1549.9227185825666,550.0,optimal_shannon,outage
24.0,ns_15,relay,BS_1,ns_14,1,1324.1231080627174,550.0,optimal_shannon,outage
24.0,ns_4,relay,BS_1,sn_5,1,735.0206811627271,440.00000000000006,optimal_shannon,outage
24.0,ns_8,relay,BS_2,sn_0,1,1475.5136316123208,550.0,optimal_shannon,outage
24.0,ew_2,relay,BS_2,wn_1,1,1493.7836155432872,550.0,optimal_shannon,outage
24.0,we_15,relay,BS_1,wn_8,1,642.8050736687071,330.0,optimal_shannon,outage
24.0,wn_1,direct,BS_2,-1,1,1518.784459858315,550.0,optimal_shannon,outage
24.0,we_4,relay,BS_2,ns_4,1,1298.4674470772345,550.0,optimal_shannon,outage
24.0,ew_14,relay,BS_1,ew_13,1,1314.1583893640093,550.0,optimal_shannon,outage
24.0,sn_12,relay,BS_3,sn_14,1,1261.9313685247987,550.0,optimal_shannon,outage
24.0,we_13,relay,BS_2,we_15,1,1258.2778357888287,550.0,optimal_shannon,outage
24.0,sn_9,relay,BS_3,sn_10,1,775.0008466928666,440.00000000000006,optimal_shannon,outage
24.0,se_5,relay,BS_3,sn_12,1,1041.1858723805435,550.0,optimal_shannon,outage
24.0,wn_6,relay,BS_2,we_15,1,1325.3720361108562,550.0,optimal_shannon,outage
24.0,se_0,relay,BS_3,ns_3,1,756.8206949538178,440.00000000000006,optimal_shannon,outage
24.0,wn_0,relay,BS_2,wn_1,1,1518.784459858315,550.0,optimal_shannon,outage
24.0,ew_19,relay,BS_1,ew_13,1,831.8392146618872,550.0,optimal_shannon,outage
24.0,we_12,relay,BS_2,we_15,1,1167.2776833485132,550.0,optimal_shannon,outage
24.0,we_6,relay,BS_2,wn_1,1,1369.8819510581557,550.0,optimal_shannon,outage
24.0,we_19,relay,BS_1,wn_8,1,642.8050736687071,330.0,optimal_shannon,outage
24.0,ns_1,relay,BS_2,ns_0,1,1449.349878099109,550.0,optimal_shannon,outage
24.0,we_2,relay,BS_2,ew_6,1,1231.707167592036,550.0,optimal_shannon,outage
25.0,we_16,relay,BS_2,wn_8,1,1129.4209667851117,550.0,optimal_shannon,outage
25.0,se_7,direct,BS_3,-1,1,1325.1195839248655,550.0,optimal_shannon,outage
25.0,sn_5,relay,BS_2,ew_5,1,1227.3895201622506,550.0,optimal_shannon,outage
25.0,ew_6,relay,BS_2,ew_5,1,1541.3750926548666,550.0,optimal_shannon,outage
25.0,ew_9,direct,BS_3,-1,1,768.3885715155396,440.00000000000006,optimal_shannon,outage
25.0,se_9,relay,BS_3,sn_17,1,1275.8813529370402,550.0,optimal_shannon,outage
25.0,sn_19,relay,BS_3,se_9,1,1364.9791487456307,550.0,optimal_shannon,outage
25.0,we_8,relay,BS_2,we_9,1,1491.723863984079,550.0,optimal_shannon,outage
25.0,we_14,relay,BS_2,we_15,1,1463.8873211414657,550.0,optimal_shannon,outage
25.0,ew_11,relay,BS_2,ew_9,1,1355.5987894707246,550.0,optimal_shannon,outage
25.0,sn_16,relay,BS_3,sn_17,1,1363.9826481236064,550.0,optimal_shannon,outage
25.0,ns_17,relay,BS_1,ns_18,1,1356.010662878954,550.0,optimal_shannon,outage
25.0,sn_17,relay,BS_3,se_9,1,1275.8813529370402,550.0,optimal_shannon,outage
25.0,se_4,relay,BS_2,ns_2,1,1426.0623503911677,550.0,optimal_shannon,outage
25.0,we_10,relay,BS_2,we_9,1,1491.723863984079,550.0,optimal_shannon,outage
25.0,wn_3,relay,BS_2,we_9,1,1435.9843318588448,550.0,optimal_shannon,outage
25.0,ns_6,relay,BS_3,we_7,1,733.7000909308573,440.00000000000006,optimal_shannon,outage
25.0,se_2,direct,BS_2,-1,1,1498.036859350353,550.0,optimal_shannon,outage
25.0,ew_0,relay,BS_2,we_9,1,1491.723863984079,550.0,optimal_shannon,outage
25.0,ew_3,relay,BS_2,we_9,1,1457.5759106549567,550.0,optimal_shannon,outage
25.0,ew_4,relay,BS_2,ew_5,1,1541.3750926548666,550.0,optimal_shannon,outage
25.0,ew_13,relay,BS_3,ew_14,1,1323.1266329114517,550.0,optimal_shannon,outage
25.0,sn_18,relay,BS_3,se_9,1,1364.9791487456307,550.0,optimal_shannon,outage
25.0,ew_17,relay,BS_1,ew_18,1,1381.5583375906203,550.0,optimal_shannon,outage
25.0,wn_8,relay,BS_2,we_15,1,1305.1105021733297,550.0,optimal_shannon,outage
25.0,ew_8,relay,BS_2,ew_9,1,1553.8344633589818,550.0,optimal_shannon,outage
25.0,sn_14,relay,BS_3,se_7,1,1158.6433965686813,550.0,optimal_shannon,outage
25.0,ns_11,relay,BS_2,ns_10,1,1488.8008849357486,550.0,optimal_shannon,outage
25.0,we_5,relay,BS_2,ew_5,1,1510.724939526914,550.0,optimal_shannon,outage
25.0,sn_2,relay,BS_2,ns_10,1,1167.9418659352757,550.0,optimal_shannon,outage
25.0,ns_3,relay,BS_2,ns_2,1,1426.0623503911677,550.0,optimal_shannon,outage
25.0,sn_7,relay,BS_2,ew_5,1,1415.389430615079,550.0,optimal_shannon,outage
25.0,ew_5,relay,BS_1,ew_7,1,742.6155010890677,440.00000000000006,optimal_shannon,outage
25.0,sn_1,relay,BS_2,ns_10,1,1148.016813974803,550.0,optimal_shannon,outage
25.0,wn_2,relay,BS_3,we_7,1,733.7000909308573,440.00000000000006,optimal_shannon,outage
25.0,ns_14,relay,BS_1,ns_15,1,1300.20791241157,550.0,optimal_shannon,outage
25.0,we_7,relay,BS_2,ns_6,1,1525.3953906757342,550.0,optimal_shannon,outage
25.0,we_1,relay,BS_2,ew_9,1,1512.05367329203,550.0,optimal_shannon,outage
25.0,ns_5,relay,BS_2,ns_6,1,1525.3953906757342,550.0,optimal_shannon,outage
25.0,we_0,relay,BS_2,ew_9,1,1506.0743741005676,550.0,optimal_shannon,outage
25.0,ew_7,relay,BS_2,ew_5,1,1480.4963466358286,550.0,optimal_shannon,outage
25.0,ns_18,relay,BS_1,ns_17,1,1364.6469818119322,550.0,optimal_shannon,outage
25.0,ns_0,relay,BS_2,ns_2,1,1426.0623503911677,550.0,optimal_shannon,outage
25.0,we_18,relay,BS_2,wn_8,1,1003.9317904453076,550.0,optimal_shannon,outage
25.0,sn_13,relay,BS_3,sn_14,1,1012.9723756860672,550.0,optimal_shannon,outage
25.0,se_3,relay,BS_2,ns_2,1,1426.0623503911677,550.0,optimal_shannon,outage
25.0,se_1,relay,BS_2,ns_6,1,1337.9941253667937,550.0,optimal_shannon,outage
25.0,se_8,relay,BS_3,se_7,1,1325.1195839248655,550.0,optimal_shannon,outage
25.0,ew_10,relay,BS_2,ew_9,1,1553.8344633589818,550.0,optimal_shannon,outage
25.0,ns_2,direct,BS_2,-1,1,1426.0623503911677,550.0,optimal_shannon,outage
25.0,wn_7,relay,BS_2,we_15,1,1570.9605071161136,550.0,optimal_shannon,outage
25.0,ns_12,relay,BS_1,ns_15,1,1142.7036242312977,550.0,optimal_shannon,outage
25.0,ew_1,relay,BS_2,we_9,1,1491.723863984079,550.0,optimal_shannon,outage
25.0,we_3,relay,BS_2,ew_9,1,1469.8665621215991,550.0,optimal_shannon,outage
25.0,ns_7,relay,BS_3,we_7,1,733.7000909308573,440.00000000000006,optimal_shannon,outage
25.0,ns_10,direct,BS_3,-1,1,695.7681841675891,440.00000000000006,optimal_shannon,outage
25.0,wn_5,relay,BS_2,we_9,1,1138.7187784375055,550.0,optimal_shannon,outage
25.0,ns_13,relay,BS_1,ns_15,1,1233.0356796245512,550.0,optimal_shannon,outage
25.0,we_17,relay,BS_2,wn_8,1,1048.4092240703192,550.0,optimal_shannon,outage
25.0,sn_3,relay,BS_2,ns_10,1,1198.1630962018216,550.0,optimal_shannon,outage
25.0,we_9,relay,BS_1,ew_2,1,703.6783979233726,440.00000000000006,optimal_shannon,outage
25.0,ew_16,relay,BS_1,ew_17,1,1347.0422231906325,550.0,optimal_shannon,outage
25.0,wn_4,relay,BS_2,we_9,1,1250.638680178337,550.0,optimal_shannon,outage
25.0,sn_8,relay,BS_3,sn_11,1,767.0662920292712,440.00000000000006,optimal_shannon,outage
25.0,sn_11,relay,BS_2,ns_2,1,1260.270669980877,550.0,optimal_shannon,outage
25.0,ns_19,relay,BS_1,ns_18,1,1356.010662878954,550.0,optimal_shannon,outage
25.0,ew_12,relay,BS_3,ew_14,1,1312.0857487947064,550.0,optimal_shannon,outage
25.0,se_6,relay,BS_3,se_7,1,1325.1195839248655,550.0,optimal_shannon,outage
25.0,ew_15,relay,BS_3,ew_14,1,1323.1266329114517,550.0,optimal_shannon,outage
25.0,sn_10,relay,BS_3,sn_11,1,767.0662920292712,440.00000000000006,optimal_shannon,outage
25.0,wn_9,relay,BS_2,wn_8,1,1032.1438065898897,550.0,optimal_shannon,outage
25.0,sn_15,relay,BS_3,se_7,1,1294.4816320273956,550.0,optimal_shannon,outage
25.0,ew_18,relay,BS_1,ew_19,1,1386.8225821990336,550.0,optimal_shannon,outage
25.0,we_11,relay,BS_2,we_9,1,1376.857487907599,550.0,optimal_shannon,outage
25.0,sn_4,relay,BS_2,ew_5,1,1183.2183143565935,550.0,optimal_shannon,outage
25.0,ns_16,relay,BS_1,ns_17,1,1364.6469818119322,550.0,optimal_shannon,outage
25.0,sn_6,relay,BS_2,ew_5,1,1295.4780844953154,550.0,optimal_shannon,outage
25.0,sn_0,relay,BS_2,ns_10,1,1144.696062193428,550.0,optimal_shannon,outage
25.0,ns_9,relay,BS_2,ns_10,1,1529.9916114942412,550.0,optimal_shannon,outage
25.0,ns_15,direct,BS_1,-1,1,1300.20791241157,550.0,optimal_shannon,outage
25.0,ns_4,relay,BS_2,ns_6,1,1479.1676220330469,550.0,optimal_shannon,outage
25.0,ns_8,relay,BS_2,ns_10,1,1353.9379641318988,550.0,optimal_shannon,outage
25.0,ew_2,relay,BS_2,we_9,1,1491.723863984079,550.0,optimal_shannon,outage
25.0,we_15,relay,BS_2,wn_8,1,1305.1105021733297,550.0,optimal_shannon,outage
25.0,wn_1,relay,BS_2,ns_6,1,1436.3165088868882,550.0,optimal_shannon,outage
25.0,we_4,relay,BS_2,ew_5,1,1512.7180403036148,550.0,optimal_shannon,outage
25.0,ew_14,relay,BS_1,ew_15,1,1326.4482195050948,550.0,optimal_shannon,outage
25.0,sn_12,relay,BS_3,sn_14,1,1012.9723756860672,550.0,optimal_shannon,outage
25.0,we_13,relay,BS_2,we_15,1,1285.5135998362252,550.0,optimal_shannon,outage
25.0,sn_9,relay,BS_3,sn_11,1,767.0662920292712,440.00000000000006,optimal_shannon,outage
25.0,se_5,relay,BS_2,ns_2,1,1247.981598688809,550.0,optimal_shannon,outage
25.0,wn_6,relay,BS_2,we_15,1,1432.9947402535784,550.0,optimal_shannon,outage
25.0,se_0,relay,BS_2,ns_6,1,1516.7042441547455,550.0,optimal_shannon,outage
25.0,wn_0,relay,BS_2,ns_6,1,1525.3953906757342,550.0,optimal_shannon,outage
25.0,ew_19,relay,BS_1,ew_18,1,1381.5583375906203,550.0,optimal_shannon,outage
25.0,we_12,relay,BS_2,we_15,1,1192.1851352287345,550.0,optimal_shannon,outage
25.0,we_6,relay,BS_2,ns_6,1,1525.3953906757342,550.0,optimal_shannon,outage
25.0,we_19,relay,BS_2,wn_8,1,925.964872181301,550.0,optimal_shannon,outage
25.0,ns_1,relay,BS_2,ns_2,1,1426.0623503911677,550.0,optimal_shannon,outage
25.0,we_2,relay,BS_2,ew_9,1,1501.7559958439304,550.0,optimal_shannon,outage
26.0,we_16,relay,BS_2,wn_8,1,1145.360210378652,550.0,optimal_shannon,outage
26.0,se_7,relay,BS_3,sn_16,1,1167.2776833485132,550.0,optimal_shannon,outage
26.0,sn_5,relay,BS_2,sn_6,1,1593.1889370090223,550.0,optimal_shannon,outage
26.0,ew_6,relay,BS_2,wn_2,1,1380.8435198923842,550.0,optimal_shannon,outage
26.0,ew_9,relay,BS_1,ew_11,1,768.3885715155396,440.00000000000006,optimal_shannon,outage
26.0,se_9,relay,BS_3,sn_18,1,1368.300821333088,550.0,optimal_shannon,outage
26.0,sn_19,relay,BS_3,sn_18,1,1368.300821333088,550.0,optimal_shannon,outage
26.0,we_8,relay,BS_3,we_10,1,710.9323574631625,440.00000000000006,optimal_shannon,outage
26.0,we_14,relay,BS_2,wn_6,1,1322.6102428666056,550.0,optimal_shannon,outage
26.0,ew_11,relay,BS_2,we_0,1,1126.4324344365116,550.0,optimal_shannon,outage
26.0,sn_16,relay,BS_3,sn_17,1,1365.9756499032292,550.0,optimal_shannon,outage
26.0,ns_17,relay,BS_1,ns_16,1,1326.1160604930028,550.0,optimal_shannon,outage
26.0,sn_17,relay,BS_3,sn_18,1,1368.300821333088,550.0,optimal_shannon,outage
26.0,se_4,relay,BS_2,sn_13,1,1119.127240208689,550.0,optimal_shannon,outage
26.0,we_10,relay,BS_2,wn_4,1,1289.1672337576908,550.0,optimal_shannon,outage
26.0,wn_3,relay,BS_2,wn_4,1,1482.157252990072,550.0,optimal_shannon,outage
26.0,ns_6,relay,BS_2,sn_10,1,1475.5136316123208,550.0,optimal_shannon,outage
26.0,se_2,relay,BS_2,wn_2,1,1533.660695714711,550.0,optimal_shannon,outage
26.0,ew_0,relay,BS_2,wn_4,1,1217.7579403502332,550.0,optimal_shannon,outage
26.0,ew_3,relay,BS_2,wn_4,1,1241.3389328029305,550.0,optimal_shannon,outage
26.0,ew_4,relay,BS_2,wn_2,1,1284.5171563756958,550.0,optimal_shannon,outage
26.0,ew_13,relay,BS_3,ew_15,1,1022.5976489349564,550.0,optimal_shannon,outage
26.0,sn_18,relay,BS_3,sn_17,1,1365.9756499032292,550.0,optimal_shannon,outage
26.0,ew_17,relay,BS_1,ew_18,1,1377.2693659951033,550.0,optimal_shannon,outage
26.0,wn_8,relay,BS_2,wn_6,1,1191.1888145374633,550.0,optimal_shannon,outage
26.0,ew_8,relay,BS_1,ew_11,1,768.3885715155396,440.00000000000006,optimal_shannon,outage
26.0,sn_14,relay,BS_2,sn_13,1,1406.8170490252862,550.0,optimal_shannon,outage
26.0,ns_11,relay,BS_2,sn_6,1,1336.665479352935,550.0,optimal_shannon,outage
26.0,we_5,relay,BS_1,se_0,1,736.3413459409298,440.00000000000006,optimal_shannon,outage
26.0,sn_2,relay,BS_2,sn_1,1,1683.112735287112,550.0,optimal_shannon,outage
26.0,ns_3,relay,BS_2,sn_13,1,1406.8170490252862,550.0,optimal_shannon,outage
26.0,sn_7,relay,BS_2,sn_6,1,1593.1889370090223,550.0,optimal_shannon,outage
26.0,ew_5,relay,BS_2,wn_2,1,1317.4002479268154,550.0,optimal_shannon,outage
26.0,sn_1,relay,BS_1,sn_3,1,762.7692993385795,440.00000000000006,optimal_shannon,outage
26.0,wn_2,relay,BS_1,se_0,1,736.3413459409298,440.00000000000006,optimal_shannon,outage
26.0,ns_14,relay,BS_2,sn_1,1,1495.4445269737464,550.0,optimal_shannon,outage
26.0,we_7,relay,BS_1,se_0,1,736.3413459409298,440.00000000000006,optimal_shannon,outage
26.0,we_1,relay,BS_2,we_0,1,1546.937002782033,550.0,optimal_shannon,outage
26.0,ns_5,relay,BS_2,sn_10,1,1491.5073268789297,550.0,optimal_shannon,outage
26.0,we_0,relay,BS_1,ew_11,1,768.3885715155396,440.00000000000006,optimal_shannon,outage
26.0,ew_7,relay,BS_2,wn_2,1,1493.119251141302,550.0,optimal_shannon,outage
26.0,ns_18,relay,BS_1,ns_19,1,1354.349837144696,550.0,optimal_shannon,outage
26.0,ns_0,relay,BS_2,sn_13,1,1406.8170490252862,550.0,optimal_shannon,outage
26.0,we_18,relay,BS_2,wn_8,1,1014.5522212836288,550.0,optimal_shannon,outage
26.0,sn_13,relay,BS_1,sn_12,1,687.5321207483731,440.00000000000006,optimal_shannon,outage
26.0,se_3,relay,BS_2,sn_10,1,1155.6546436527667,550.0,optimal_shannon,outage
26.0,se_1,relay,BS_2,wn_2,1,1533.660695714711,550.0,optimal_shannon,outage
26.0,se_8,relay,BS_3,sn_16,1,1323.1266329114517,550.0,optimal_shannon,outage
26.0,ew_10,relay,BS_1,ew_11,1,768.3885715155396,440.00000000000006,optimal_shannon,outage
26.0,ns_2,relay,BS_2,sn_13,1,1406.8170490252862,550.0,optimal_shannon,outage
26.0,wn_7,relay,BS_2,wn_6,1,1322.6102428666056,550.0,optimal_shannon,outage
26.0,ns_12,relay,BS_2,sn_1,1,1311.4214379322048,550.0,optimal_shannon,outage
26.0,ew_1,relay,BS_2,wn_4,1,1209.1228486640473,550.0,optimal_shannon,outage
26.0,we_3,relay,BS_2,we_0,1,1546.937002782033,550.0,optimal_shannon,outage
26.0,ns_7,relay,BS_2,sn_10,1,1375.8609811360636,550.0,optimal_shannon,outage
26.0,ns_10,relay,BS_2,sn_6,1,1475.5136316123208,550.0,optimal_shannon,outage
26.0,wn_5,relay,BS_2,wn_4,1,1425.0225108524764,550.0,optimal_shannon,outage
26.0,ns_13,relay,BS_2,sn_1,1,1446.9461925001765,550.0,optimal_shannon,outage
26.0,we_17,relay,BS_2,wn_8,1,1083.2678347549308,550.0,optimal_shannon,outage
26.0,sn_3,relay,BS_2,sn_1,1,1683.112735287112,550.0,optimal_shannon,outage
26.0,we_9,relay,BS_2,wn_4,1,1221.743405333437,550.0,optimal_shannon,outage
26.0,ew_16,relay,BS_3,ew_17,1,1361.657482109238,550.0,optimal_shannon,outage
26.0,wn_4,relay,BS_3,we_10,1,710.9323574631625,440.00000000000006,optimal_shannon,outage
26.0,sn_8,relay,BS_2,sn_10,1,1410.4068166079207,550.0,optimal_shannon,outage
26.0,sn_11,relay,BS_2,sn_10,1,1491.5073268789297,550.0,optimal_shannon,outage
26.0,ns_19,relay,BS_1,ns_16,1,1095.884533840349,550.0,optimal_shannon,outage
26.0,ew_12,relay,BS_2,we_0,1,1196.8346550451813,550.0,optimal_shannon,outage
26.0,se_6,relay,BS_3,se_7,1,1011.6447959624207,550.0,optimal_shannon,outage
26.0,ew_15,relay,BS_2,we_0,1,1016.211727328409,550.0,optimal_shannon,outage
26.0,sn_10,relay,BS_3,sn_11,1,754.8381128858697,440.00000000000006,optimal_shannon,outage
26.0,wn_9,relay,BS_2,wn_8,1,1004.2636679322876,550.0,optimal_shannon,outage
26.0,sn_15,direct,BS_3,-1,1,734.0302314629556,440.00000000000006,optimal_shannon,outage
26.0,ew_18,relay,BS_3,ew_17,1,1361.657482109238,550.0,optimal_shannon,outage
26.0,we_11,relay,BS_2,wn_4,1,1413.3963838608606,550.0,optimal_shannon,outage
26.0,sn_4,relay,BS_2,sn_6,1,1569.189512121019,550.0,optimal_shannon,outage
26.0,ns_16,direct,BS_1,-1,1,1326.1160604930028,550.0,optimal_shannon,outage
26.0,sn_6,relay,BS_1,sn_4,1,759.4643618884329,440.00000000000006,optimal_shannon,outage
26.0,sn_0,relay,BS_2,sn_1,1,1683.112735287112,550.0,optimal_shannon,outage
26.0,ns_9,relay,BS_2,sn_6,1,1500.759447564699,550.0,optimal_shannon,outage
26.0,ns_15,relay,BS_2,sn_1,1,1323.3790847375587,550.0,optimal_shannon,outage
26.0,ns_4,relay,BS_2,sn_10,1,1491.5073268789297,550.0,optimal_shannon,outage
26.0,ns_8,relay,BS_2,sn_6,1,1416.053779869866,550.0,optimal_shannon,outage
26.0,ew_2,relay,BS_2,wn_4,1,1215.4330967129583,550.0,optimal_shannon,outage
26.0,we_15,relay,BS_2,wn_6,1,1322.6102428666056,550.0,optimal_shannon,outage
26.0,wn_1,relay,BS_2,wn_2,1,1527.001951095891,550.0,optimal_shannon,outage
26.0,we_4,relay,BS_1,se_0,1,736.3413459409298,440.00000000000006,optimal_shannon,outage
26.0,ew_14,relay,BS_3,ew_15,1,1022.5976489349564,550.0,optimal_shannon,outage
26.0,sn_12,relay,BS_2,sn_13,1,1406.8170490252862,550.0,optimal_shannon,outage
26.0,we_13,relay,BS_2,wn_6,1,1322.6102428666056,550.0,optimal_shannon,outage
26.0,sn_9,relay,BS_2,sn_10,1,1491.5073268789297,550.0,optimal_shannon,outage
26.0,se_5,relay,BS_2,sn_13,1,1213.7724991401158,550.0,optimal_shannon,outage
26.0,wn_6,relay,BS_3,we_12,1,681.6046423118573,440.00000000000006,optimal_shannon,outage
26.0,se_0,relay,BS_2,wn_2,1,1499.4307168510506,550.0,optimal_shannon,outage
26.0,wn_0,relay,BS_2,wn_2,1,1350.2841540659183,550.0,optimal_shannon,outage
26.0,ew_19,relay,BS_1,ew_18,1,1377.2693659951033,550.0,optimal_shannon,outage
26.0,we_12,relay,BS_2,wn_6,1,1294.1494813984582,550.0,optimal_shannon,outage
26.0,we_6,relay,BS_1,se_0,1,736.3413459409298,440.00000000000006,optimal_shannon,outage
26.0,we_19,relay,BS_2,wn_8,1,960.462793617517,550.0,optimal_shannon,outage
26.0,ns_1,relay,BS_2,sn_13,1,1406.8170490252862,550.0,optimal_shannon,outage
26.0,we_2,relay,BS_2,we_0,1,1546.937002782033,550.0,optimal_shannon,outage
27.0,we_16,relay,BS_2,we_18,1,1292.488729716622,550.0,optimal_shannon,outage
27.0,se_7,relay,BS_3,ns_2,1,749.5519481880136,440.00000000000006,optimal_shannon,outage
27.0,sn_5,relay,BS_2,sn_4,1,1632.2062778107302,550.0,optimal_shannon,outage
27.0,ew_6,relay,BS_2,we_11,1,1469.5343818190502,550.0,optimal_shannon,outage
27.0,ew_9,relay,BS_2,ew_11,1,1425.35468663469,550.0,optimal_shannon,outage
27.0,se_9,relay,BS_3,sn_19,1,1333.0914158336964,550.0,optimal_shannon,outage
27.0,sn_19,relay,BS_3,sn_18,1,1321.798000490766,550.0,optimal_shannon,outage
27.0,we_8,relay,BS_2,we_11,1,1372.871463815247,550.0,optimal_shannon,outage
27.0,we_14,relay,BS_3,we_13,1,689.1790176532087,440.00000000000006,optimal_shannon,outage
27.0,ew_11,relay,BS_3,we_4,1,760.1253181698744,440.00000000000006,optimal_shannon,outage
27.0,sn_16,relay,BS_3,ns_2,1,749.5519481880136,440.00000000000006,optimal_shannon,outage
27.0,ns_17,relay,BS_1,ns_16,1,1323.1266329114517,550.0,optimal_shannon,outage
27.0,sn_17,relay,BS_3,sn_18,1,1321.798000490766,550.0,optimal_shannon,outage
27.0,se_4,relay,BS_2,ns_5,1,1457.8804221721578,550.0,optimal_shannon,outage
27.0,we_10,relay,BS_2,we_11,1,1514.9536739330565,550.0,optimal_shannon,outage
27.0,wn_3,relay,BS_2,we_11,1,1514.9536739330565,550.0,optimal_shannon,outage
27.0,ns_6,relay,BS_2,se_5,1,1456.240653766441,550.0,optimal_shannon,outage
27.0,se_2,relay,BS_3,se_0,1,745.9183335908332,440.00000000000006,optimal_shannon,outage
27.0,ew_0,relay,BS_1,ew_2,1,681.6046423118573,440.00000000000006,optimal_shannon,outage
27.0,ew_3,relay,BS_1,we_15,1,679.958503646353,440.00000000000006,optimal_shannon,outage
27.0,ew_4,relay,BS_1,wn_3,1,714.5603438665249,440.00000000000006,optimal_shannon,outage
27.0,ew_13,relay,BS_2,ew_15,1,1322.7147682463444,550.0,optimal_shannon,outage
27.0,sn_18,relay,BS_3,sn_19,1,1333.0914158336964,550.0,optimal_shannon,outage
27.0,ew_17,relay,BS_1,ew_18,1,1361.325315778215,550.0,optimal_shannon,outage
27.0,wn_8,relay,BS_1,ew_2,1,681.6046423118573,440.00000000000006,optimal_shannon,outage
27.0,ew_8,relay,BS_2,ew_11,1,1342.312232785544,550.0,optimal_shannon,outage
27.0,sn_14,relay,BS_3,sn_13,1,773.6782763931452,440.00000000000006,optimal_shannon,outage
27.0,ns_11,relay,BS_2,ns_10,1,1542.2824533732437,550.0,optimal_shannon,outage
27.0,we_5,relay,BS_2,ew_11,1,1442.6278792214566,550.0,optimal_shannon,outage
27.0,sn_2,relay,BS_1,ns_16,1,1307.1034258073598,550.0,optimal_shannon,outage
27.0,ns_3,relay,BS_3,ns_2,1,749.5519481880136,440.00000000000006,optimal_shannon,outage
27.0,sn_7,relay,BS_2,sn_4,1,1464.883860641002,550.0,optimal_shannon,outage
27.0,ew_5,relay,BS_1,wn_3,1,714.5603438665249,440.00000000000006,optimal_shannon,outage
27.0,sn_1,relay,BS_1,ns_16,1,1319.7253480053892,550.0,optimal_shannon,outage
27.0,wn_2,relay,BS_2,ns_10,1,1564.6747465098406,550.0,optimal_shannon,outage
27.0,ns_14,relay,BS_2,sn_4,1,1135.066039212753,550.0,optimal_shannon,outage
27.0,we_7,relay,BS_2,ew_11,1,1510.0605727741763,550.0,optimal_shannon,outage
27.0,we_1,relay,BS_2,ew_15,1,1507.7352898279942,550.0,optimal_shannon,outage
27.0,ns_5,relay,BS_2,se_5,1,1456.240653766441,550.0,optimal_shannon,outage
27.0,we_0,relay,BS_2,ew_15,1,1512.7180403036148,550.0,optimal_shannon,outage
27.0,ew_7,relay,BS_2,we_11,1,1510.0605727741763,550.0,optimal_shannon,outage
27.0,ns_18,relay,BS_1,ns_19,1,1348.703041738508,550.0,optimal_shannon,outage
27.0,ns_0,relay,BS_3,ns_2,1,749.5519481880136,440.00000000000006,optimal_shannon,outage
27.0,we_18,relay,BS_3,wn_8,1,671.4013689599469,440.00000000000006,optimal_shannon,outage
27.0,sn_13,relay,BS_2,se_5,1,1246.653061147484,550.0,optimal_shannon,outage
27.0,se_3,relay,BS_2,ns_5,1,1312.750060000644,550.0,optimal_shannon,outage
27.0,se_1,relay,BS_2,se_2,1,1526.669766703384,550.0,optimal_shannon,outage
27.0,se_8,relay,BS_3,ns_2,1,749.5519481880136,440.00000000000006,optimal_shannon,outage
27.0,ew_10,relay,BS_2,ew_11,1,1550.1172129569643,550.0,optimal_shannon,outage
27.0,ns_2,direct,BS_1,-1,1,668.4404061805128,440.00000000000006,optimal_shannon,outage
27.0,wn_7,relay,BS_1,ew_2,1,681.6046423118573,440.00000000000006,optimal_shannon,outage
27.0,ns_12,relay,BS_2,sn_4,1,1313.0822157319078,550.0,optimal_shannon,outage
27.0,ew_1,relay,BS_1,we_15,1,679.958503646353,440.00000000000006,optimal_shannon,outage
27.0,we_3,relay,BS_2,ew_15,1,1510.0605727741763,550.0,optimal_shannon,outage
27.0,ns_7,relay,BS_2,ns_5,1,1457.8804221721578,550.0,optimal_shannon,outage
27.0,ns_10,relay,BS_1,wn_0,1,748.8912526751561,440.00000000000006,optimal_shannon,outage
27.0,wn_5,relay,BS_1,wn_3,1,714.5603438665249,440.00000000000006,optimal_shannon,outage
27.0,ns_13,relay,BS_2,sn_4,1,1218.0900615332175,550.0,optimal_shannon,outage
27.0,we_17,relay,BS_2,we_18,1,1473.188366718249,550.0,optimal_shannon,outage
27.0,sn_3,relay,BS_1,ns_16,1,1275.8813529370402,550.0,optimal_shannon,outage
27.0,we_9,relay,BS_2,we_11,1,1450.600154347584,550.0,optimal_shannon,outage
27.0,ew_16,relay,BS_1,ew_17,1,1332.4270948419396,550.0,optimal_shannon,outage
27.0,wn_4,relay,BS_1,wn_3,1,714.5603438665249,440.00000000000006,optimal_shannon,outage
27.0,sn_8,relay,BS_2,se_2,1,1431.333857324372,550.0,optimal_shannon,outage
27.0,sn_11,relay,BS_2,se_2,1,1252.2993603910777,550.0,optimal_shannon,outage
27.0,ns_19,relay,BS_1,ns_16,1,1114.8106084134374,550.0,optimal_shannon,outage
27.0,ew_12,relay,BS_2,ew_15,1,1230.0465309260696,550.0,optimal_shannon,outage
27.0,se_6,relay,BS_3,ns_2,1,749.5519481880136,440.00000000000006,optimal_shannon,outage
27.0,ew_15,relay,BS_3,ew_14,1,761.7777772975835,440.00000000000006,optimal_shannon,outage
27.0,sn_10,relay,BS_2,se_2,1,1341.6479077924469,550.0,optimal_shannon,outage
27.0,wn_9,relay,BS_2,we_18,1,1752.55798207891,550.0,optimal_shannon,outage
27.0,sn_15,relay,BS_3,sn_13,1,773.6782763931452,440.00000000000006,optimal_shannon,outage
27.0,ew_18,direct,BS_3,-1,1,1358.0036558481945,550.0,optimal_shannon,outage
27.0,we_11,relay,BS_1,wn_3,1,714.5603438665249,440.00000000000006,optimal_shannon,outage
27.0,sn_4,direct,BS_2,-1,1,1632.2062778107302,550.0,optimal_shannon,outage
27.0,ns_16,relay,BS_1,sn_3,1,1021.933819340714,550.0,optimal_shannon,outage
27.0,sn_6,relay,BS_2,sn_4,1,1632.2062778107302,550.0,optimal_shannon,outage
27.0,sn_0,relay,BS_1,ns_16,1,1313.0822157319078,550.0,optimal_shannon,outage
27.0,ns_9,relay,BS_2,ns_10,1,1564.6747465098406,550.0,optimal_shannon,outage
27.0,ns_15,relay,BS_1,sn_3,1,1021.933819340714,550.0,optimal_shannon,outage
27.0,ns_4,relay,BS_2,se_5,1,1456.240653766441,550.0,optimal_shannon,outage
27.0,ns_8,relay,BS_2,ns_10,1,1425.35468663469,550.0,optimal_shannon,outage
27.0,ew_2,relay,BS_1,we_15,1,679.958503646353,440.00000000000006,optimal_shannon,outage
27.0,we_15,relay,BS_1,ew_2,1,681.6046423118573,440.00000000000006,optimal_shannon,outage
27.0,wn_1,relay,BS_2,ns_10,1,1564.6747465098406,550.0,optimal_shannon,outage
27.0,we_4,relay,BS_2,ew_11,1,1431.0016808508956,550.0,optimal_shannon,outage
27.0,ew_14,relay,BS_2,ew_15,1,1500.095082161221,550.0,optimal_shannon,outage
27.0,sn_12,relay,BS_3,sn_13,1,773.6782763931452,440.00000000000006,optimal_shannon,outage
27.0,we_13,relay,BS_1,we_15,1,679.958503646353,440.00000000000006,optimal_shannon,outage
27.0,sn_9,relay,BS_2,se_2,1,1410.7389905747252,550.0,optimal_shannon,outage
27.0,se_5,relay,BS_2,ns_5,1,1457.8804221721578,550.0,optimal_shannon,outage
27.0,wn_6,relay,BS_1,ew_2,1,681.6046423118573,440.00000000000006,optimal_shannon,outage
27.0,se_0,relay,BS_2,se_2,1,1363.5707728793918,550.0,optimal_shannon,outage
27.0,wn_0,relay,BS_2,ns_10,1,1449.6036188995422,550.0,optimal_shannon,outage
27.0,ew_19,relay,BS_1,ew_18,1,1361.325315778215,550.0,optimal_shannon,outage
27.0,we_12,relay,BS_3,we_13,1,689.1790176532087,440.00000000000006,optimal_shannon,outage
27.0,we_6,relay,BS_2,ew_11,1,1475.181450829676,550.0,optimal_shannon,outage
27.0,we_19,relay,BS_2,we_18,1,1437.9773945698576,550.0,optimal_shannon,outage
27.0,ns_1,relay,BS_3,ns_2,1,749.5519481880136,440.00000000000006,optimal_shannon,outage
27.0,we_2,relay,BS_2,ew_15,1,1505.07782493226,550.0,optimal_shannon,outage
28.0,we_16,relay,BS_2,we_17,1,1546.6008630426918,550.0,optimal_shannon,outage
28.0,se_7,relay,BS_3,ns_4,1,770.041504100491,440.00000000000006,optimal_shannon,outage
28.0,sn_5,relay,BS_2,ns_14,1,1250.638680178337,550.0,optimal_shannon,outage
28.0,ew_6,relay,BS_2,we_13,1,1335.3368344976514,550.0,optimal_shannon,outage
28.0,ew_9,relay,BS_2,sn_11,1,1448.2749054325966,550.0,optimal_shannon,outage
28.0,se_9,relay,BS_3,ns_2,1,1336.0808639511838,550.0,optimal_shannon,outage
28.0,sn_19,relay,BS_3,ns_2,1,1336.0808639511838,550.0,optimal_shannon,outage
28.0,we_8,relay,BS_2,ns_9,1,1505.7421910220162,550.0,optimal_shannon,outage
28.0,we_14,relay,BS_1,wn_6,1,690.4966502310425,440.00000000000006,optimal_shannon,outage
28.0,ew_11,relay,BS_2,sn_11,1,1269.9027632262855,550.0,optimal_shannon,outage
28.0,sn_16,relay,BS_3,sn_18,1,1050.8126232049574,550.0,optimal_shannon,outage
28.0,ns_17,relay,BS_1,ns_19,1,1233.6999365331562,550.0,optimal_shannon,outage
28.0,sn_17,relay,BS_3,sn_18,1,1050.8126232049574,550.0,optimal_shannon,outage
28.0,se_4,relay,BS_3,sn_13,1,762.1082807818889,440.00000000000006,optimal_shannon,outage
28.0,we_10,relay,BS_2,ns_9,1,1525.233875984478,550.0,optimal_shannon,outage
28.0,wn_3,relay,BS_2,ns_9,1,1329.3579472759436,550.0,optimal_shannon,outage
28.0,ns_6,relay,BS_3,ns_4,1,770.041504100491,440.00000000000006,optimal_shannon,outage
28.0,se_2,relay,BS_1,se_0,1,755.168533123488,440.00000000000006,optimal_shannon,outage
28.0,ew_0,relay,BS_2,we_17,1,1333.3438694105246,550.0,optimal_shannon,outage
28.0,ew_3,relay,BS_2,we_17,1,1368.8854478364108,550.0,optimal_shannon,outage
28.0,ew_4,relay,BS_2,we_13,1,1373.53580060658,550.0,optimal_shannon,outage
28.0,ew_13,relay,BS_2,ew_12,1,1553.8101528600084,550.0,optimal_shannon,outage
28.0,sn_18,relay,BS_3,ns_2,1,1288.1707869220102,550.0,optimal_shannon,outage
28.0,ew_17,relay,BS_3,ew_18,1,1315.1548578914949,550.0,optimal_shannon,outage
28.0,wn_8,relay,BS_1,wn_6,1,690.4966502310425,440.00000000000006,optimal_shannon,outage
28.0,ew_8,relay,BS_2,sn_11,1,1523.0157396762772,550.0,optimal_shannon,outage
28.0,sn_14,relay,BS_3,sn_13,1,762.1082807818889,440.00000000000006,optimal_shannon,outage
28.0,ns_11,relay,BS_2,sn_11,1,1491.7905226315745,550.0,optimal_shannon,outage
28.0,we_5,relay,BS_2,ew_12,1,1458.2402691295529,550.0,optimal_shannon,outage
28.0,sn_2,relay,BS_1,ns_19,1,1324.787425225465,550.0,optimal_shannon,outage
28.0,ns_3,relay,BS_3,ns_2,1,1336.0808639511838,550.0,optimal_shannon,outage
28.0,sn_7,relay,BS_2,ns_14,1,1343.640883606034,550.0,optimal_shannon,outage
28.0,ew_5,relay,BS_2,we_13,1,1366.5602756857418,550.0,optimal_shannon,outage
28.0,sn_1,relay,BS_1,ns_19,1,1324.787425225465,550.0,optimal_shannon,outage
28.0,wn_2,relay,BS_1,ns_12,1,761.4472776877257,440.00000000000006,optimal_shannon,outage
28.0,ns_14,relay,BS_1,ns_13,1,764.4219129181323,440.00000000000006,optimal_shannon,outage
28.0,we_7,relay,BS_2,ew_12,1,1394.462519174611,550.0,optimal_shannon,outage
28.0,we_1,relay,BS_3,ew_16,1,1040.5219755693186,550.0,optimal_shannon,outage
28.0,ns_5,relay,BS_3,ns_4,1,770.041504100491,440.00000000000006,optimal_shannon,outage
28.0,we_0,relay,BS_3,ew_16,1,1040.5219755693186,550.0,optimal_shannon,outage
28.0,ew_7,relay,BS_2,we_13,1,1295.4780844953154,550.0,optimal_shannon,outage
28.0,ns_18,relay,BS_1,ns_19,1,1324.787425225465,550.0,optimal_shannon,outage
28.0,ns_0,relay,BS_3,ns_2,1,1336.0808639511838,550.0,optimal_shannon,outage
28.0,we_18,relay,BS_2,we_17,1,1500.095082161221,550.0,optimal_shannon,outage
28.0,sn_13,direct,BS_2,-1,1,1463.3125670835084,550.0,optimal_shannon,outage
28.0,se_3,relay,BS_2,ns_9,1,1262.263508599347,550.0,optimal_shannon,outage
28.0,se_1,relay,BS_3,we_7,1,768.7191506626683,440.00000000000006,optimal_shannon,outage
28.0,se_8,relay,BS_3,sn_18,1,1050.8126232049574,550.0,optimal_shannon,outage
28.0,ew_10,relay,BS_2,sn_11,1,1360.249108807884,550.0,optimal_shannon,outage
28.0,ns_2,direct,BS_3,-1,1,1336.0808639511838,550.0,optimal_shannon,outage
28.0,wn_7,relay,BS_1,wn_6,1,690.4966502310425,440.00000000000006,optimal_shannon,outage
28.0,ns_12,relay,BS_2,ns_14,1,1347.9590063441392,550.0,optimal_shannon,outage
28.0,ew_1,relay,BS_2,we_17,1,1366.5602756857418,550.0,optimal_shannon,outage
28.0,we_3,relay,BS_3,ew_16,1,1040.5219755693186,550.0,optimal_shannon,outage
28.0,ns_7,relay,BS_3,ns_4,1,770.041504100491,440.00000000000006,optimal_shannon,outage
28.0,ns_10,relay,BS_2,ns_9,1,1525.233875984478,550.0,optimal_shannon,outage
28.0,wn_5,relay,BS_1,wn_3,1,724.1281048622965,440.00000000000006,optimal_shannon,outage
28.0,ns_13,relay,BS_2,ns_14,1,1524.344476501624,550.0,optimal_shannon,outage
28.0,we_17,relay,BS_1,ew_1,1,671.0723440109205,440.00000000000006,optimal_shannon,outage
28.0,sn_3,relay,BS_1,ns_19,1,1324.787425225465,550.0,optimal_shannon,outage
28.0,we_9,relay,BS_2,ns_9,1,1525.233875984478,550.0,optimal_shannon,outage
28.0,ew_16,direct,BS_3,-1,1,1040.5219755693186,550.0,optimal_shannon,outage
28.0,wn_4,relay,BS_2,ns_9,1,1218.0900615332175,550.0,optimal_shannon,outage
28.0,sn_8,relay,BS_2,sn_11,1,1339.987096536703,550.0,optimal_shannon,outage
28.0,sn_11,relay,BS_1,sn_9,1,744.2668626949499,440.00000000000006,optimal_shannon,outage
28.0,ns_19,direct,BS_2,-1,1,2267.861506740613,550.0,optimal_shannon,outage
28.0,ew_12,relay,BS_1,ew_14,1,778.3075188900223,440.00000000000006,optimal_shannon,outage
28.0,se_6,relay,BS_3,ns_4,1,770.041504100491,440.00000000000006,optimal_shannon,outage
28.0,ew_15,relay,BS_2,ew_12,1,1257.2814203719158,550.0,optimal_shannon,outage
28.0,sn_10,relay,BS_2,sn_11,1,1547.063631104747,550.0,optimal_shannon,outage
28.0,wn_9,relay,BS_2,we_17,1,1331.018746849595,550.0,optimal_shannon,outage
28.0,sn_15,relay,BS_3,ns_4,1,770.041504100491,440.00000000000006,optimal_shannon,outage
28.0,ew_18,relay,BS_1,ew_19,1,1316.1513271754504,550.0,optimal_shannon,outage
28.0,we_11,relay,BS_2,ns_9,1,1525.233875984478,550.0,optimal_shannon,outage
28.0,sn_4,relay,BS_2,ns_14,1,1234.3641940330172,550.0,optimal_shannon,outage
28.0,ns_16,relay,BS_1,ns_19,1,1137.7225733680998,550.0,optimal_shannon,outage
28.0,sn_6,relay,BS_2,ns_14,1,1288.1707869220102,550.0,optimal_shannon,outage
28.0,sn_0,relay,BS_1,ns_19,1,1324.787425225465,550.0,optimal_shannon,outage
28.0,ns_9,relay,BS_3,we_9,1,735.3508403950351,440.00000000000006,optimal_shannon,outage
28.0,ns_15,relay,BS_2,ns_14,1,1485.479067672158,550.0,optimal_shannon,outage
28.0,ns_4,direct,BS_2,-1,1,1426.7908542631028,550.0,optimal_shannon,outage
28.0,ns_8,relay,BS_2,ns_9,1,1525.233875984478,550.0,optimal_shannon,outage
28.0,ew_2,relay,BS_2,we_17,1,1379.847011168135,550.0,optimal_shannon,outage
28.0,we_15,relay,BS_2,we_13,1,1369.2176155192517,550.0,optimal_shannon,outage
28.0,wn_1,relay,BS_1,ns_13,1,764.4219129181323,440.00000000000006,optimal_shannon,outage
28.0,we_4,relay,BS_2,ew_12,1,1458.2402691295529,550.0,optimal_shannon,outage
28.0,ew_14,relay,BS_2,ew_12,1,1403.0990005064937,550.0,optimal_shannon,outage
28.0,sn_12,relay,BS_3,sn_13,1,762.1082807818889,440.00000000000006,optimal_shannon,outage
28.0,we_13,direct,BS_2,-1,1,1488.3886157034267,550.0,optimal_shannon,outage
28.0,sn_9,relay,BS_2,sn_11,1,1425.35468663469,550.0,optimal_shannon,outage
28.0,se_5,relay,BS_3,sn_13,1,762.1082807818889,440.00000000000006,optimal_shannon,outage
28.0,wn_6,relay,BS_2,we_13,1,1290.1636814991314,550.0,optimal_shannon,outage
28.0,se_0,relay,BS_3,we_7,1,768.7191506626683,440.00000000000006,optimal_shannon,outage
28.0,wn_0,relay,BS_2,ns_14,1,1167.2776833485132,550.0,optimal_shannon,outage
28.0,ew_19,relay,BS_3,ew_18,1,1315.1548578914949,550.0,optimal_shannon,outage
28.0,we_12,relay,BS_2,we_13,1,1488.3886157034267,550.0,optimal_shannon,outage
28.0,we_6,relay,BS_2,ew_12,1,1434.9878009933195,550.0,optimal_shannon,outage
28.0,we_19,relay,BS_2,we_17,1,1278.8706612935243,550.0,optimal_shannon,outage
28.0,ns_1,relay,BS_3,ns_2,1,1336.0808639511838,550.0,optimal_shannon,outage
28.0,we_2,relay,BS_3,ew_16,1,1040.5219755693186,550.0,optimal_shannon,outage
29.0,we_16,relay,BS_2,wn_9,1,1197.830985627936,550.0,optimal_shannon,outage
29.0,se_7,relay,BS_3,se_8,1,447.76495887671047,240.0,optimal_shannon,outage
29.0,sn_5,direct,BS_1,-1,1,762.7692993385795,440.00000000000006,optimal_shannon,outage
29.0,ew_6,relay,BS_2,wn_7,1,1488.0655132676854,550.0,optimal_shannon,outage
29.0,ew_9,relay,BS_1,ew_8,1,728.4184891839593,440.00000000000006,optimal_shannon,outage
29.0,se_9,relay,BS_3,ns_0,1,1092.2322722406354,550.0,optimal_shannon,outage
29.0,sn_19,relay,BS_3,se_9,1,1011.9766898646326,550.0,optimal_shannon,outage
29.0,we_8,relay,BS_2,se_3,1,1168.9381415626383,550.0,optimal_shannon,outage
29.0,we_14,relay,BS_2,wn_7,1,1191.5209212367083,550.0,optimal_shannon,outage
29.0,ew_11,relay,BS_2,se_3,1,1492.7870689770052,550.0,optimal_shannon,outage
29.0,sn_16,relay,BS_3,ns_6,1,448.0822578729316,240.0,optimal_shannon,outage
29.0,ns_17,relay,BS_1,sn_5,1,762.7692993385795,440.00000000000006,optimal_shannon,outage
29.0,sn_17,relay,BS_1,sn_16,1,685.5560577965773,440.00000000000006,optimal_shannon,outage
29.0,se_4,relay,BS_2,se_3,1,1528.4934154976768,550.0,optimal_shannon,outage
29.0,we_10,relay,BS_2,se_3,1,1220.7470368946306,550.0,optimal_shannon,outage
29.0,wn_3,relay,BS_2,se_3,1,1528.4934154976768,550.0,optimal_shannon,outage
29.0,ns_6,relay,BS_1,sn_16,1,685.5560577965773,440.00000000000006,optimal_shannon,outage
29.0,se_2,relay,BS_2,ew_14,1,1385.826070645027,550.0,optimal_shannon,outage
29.0,ew_0,relay,BS_2,wn_9,1,1315.7394646352582,550.0,optimal_shannon,outage
29.0,ew_3,relay,BS_2,wn_9,1,1249.3101383723044,550.0,optimal_shannon,outage
29.0,ew_4,relay,BS_2,wn_7,1,1488.0655132676854,550.0,optimal_shannon,outage
29.0,ew_13,relay,BS_2,ew_14,1,1552.771975126112,550.0,optimal_shannon,outage
29.0,sn_18,relay,BS_3,ns_6,1,448.0822578729316,240.0,optimal_shannon,outage
29.0,ew_17,relay,BS_1,we_0,1,1119.127240208689,550.0,optimal_shannon,outage
29.0,wn_8,relay,BS_2,wn_7,1,1414.7250815281316,550.0,optimal_shannon,outage
29.0,ew_8,direct,BS_2,-1,1,1534.224908251064,550.0,optimal_shannon,outage
29.0,sn_14,relay,BS_2,sn_12,1,1401.7703090134123,550.0,optimal_shannon,outage
29.0,ns_11,relay,BS_2,sn_12,1,1402.434654668149,550.0,optimal_shannon,outage
29.0,we_5,relay,BS_2,se_0,1,1140.3791259205154,550.0,optimal_shannon,outage
29.0,sn_2,direct,BS_1,-1,1,1360.3288171519162,550.0,optimal_shannon,outage
29.0,ns_3,relay,BS_3,ns_0,1,1319.1407395142528,550.0,optimal_shannon,outage
29.0,sn_7,relay,BS_1,sn_5,1,762.7692993385795,440.00000000000006,optimal_shannon,outage
29.0,ew_5,relay,BS_2,wn_7,1,1488.0655132676854,550.0,optimal_shannon,outage
29.0,sn_1,relay,BS_1,sn_2,1,1360.3288171519162,550.0,optimal_shannon,outage
29.0,wn_2,relay,BS_2,ns_13,1,1308.7641979483706,550.0,optimal_shannon,outage
29.0,ns_14,relay,BS_2,ns_13,1,1554.5733191044933,550.0,optimal_shannon,outage
29.0,we_7,relay,BS_2,ew_14,1,1154.3263155987,550.0,optimal_shannon,outage
29.0,we_1,direct,BS_3,-1,1,1330.76629367052,550.0,optimal_shannon,outage
29.0,ns_5,relay,BS_1,sn_16,1,685.5560577965773,440.00000000000006,optimal_shannon,outage
29.0,we_0,relay,BS_3,we_1,1,1330.76629367052,550.0,optimal_shannon,outage
29.0,ew_7,relay,BS_2,wn_7,1,1488.0655132676854,550.0,optimal_shannon,outage
29.0,ns_18,relay,BS_1,sn_5,1,762.7692993385795,440.00000000000006,optimal_shannon,outage
29.0,ns_0,direct,BS_3,-1,1,1319.1407395142528,550.0,optimal_shannon,outage
29.0,we_18,relay,BS_2,wn_9,1,1429.3407990501,550.0,optimal_shannon,outage
29.0,sn_13,relay,BS_2,sn_12,1,1499.5388970160748,550.0,optimal_shannon,outage
29.0,se_3,direct,BS_2,-1,1,1528.4934154976768,550.0,optimal_shannon,outage
29.0,se_1,relay,BS_2,ew_14,1,1545.9364921362685,550.0,optimal_shannon,outage
29.0,se_8,relay,BS_1,sn_16,1,685.5560577965773,440.00000000000006,optimal_shannon,outage
29.0,ew_10,relay,BS_1,ew_8,1,728.4184891839593,440.00000000000006,optimal_shannon,outage
29.0,ns_2,relay,BS_3,ns_0,1,1319.1407395142528,550.0,optimal_shannon,outage
29.0,wn_7,relay,BS_2,ew_7,1,1492.6267168668849,550.0,optimal_shannon,outage
29.0,ns_12,relay,BS_2,ns_13,1,1595.1869557767388,550.0,optimal_shannon,outage
29.0,ew_1,relay,BS_2,wn_9,1,1275.2170633984804,550.0,optimal_shannon,outage
29.0,we_3,relay,BS_3,we_1,1,1330.76629367052,550.0,optimal_shannon,outage
29.0,ns_7,relay,BS_1,sn_16,1,685.5560577965773,440.00000000000006,optimal_shannon,outage
29.0,ns_10,relay,BS_2,sn_12,1,1498.1019865123576,550.0,optimal_shannon,outage
29.0,wn_5,relay,BS_1,ew_8,1,728.4184891839593,440.00000000000006,optimal_shannon,outage
29.0,ns_13,relay,BS_1,sn_8,1,757.1511393840304,440.00000000000006,optimal_shannon,outage
29.0,we_17,relay,BS_2,wn_9,1,1273.22419745153,550.0,optimal_shannon,outage
29.0,sn_3,relay,BS_1,sn_2,1,1360.3288171519162,550.0,optimal_shannon,outage
29.0,we_9,relay,BS_2,se_3,1,1186.2072381211296,550.0,optimal_shannon,outage
29.0,ew_16,relay,BS_1,ew_18,1,1043.1775762384195,550.0,optimal_shannon,outage
29.0,wn_4,relay,BS_2,se_3,1,1528.4934154976768,550.0,optimal_shannon,outage
29.0,sn_8,relay,BS_2,ns_13,1,1515.3755092009426,550.0,optimal_shannon,outage
29.0,sn_11,relay,BS_2,ns_13,1,1329.0257875890304,550.0,optimal_shannon,outage
29.0,ns_19,relay,BS_1,sn_5,1,762.7692993385795,440.00000000000006,optimal_shannon,outage
29.0,ew_12,relay,BS_2,ew_14,1,1444.6209461695423,550.0,optimal_shannon,outage
29.0,se_6,relay,BS_1,sn_16,1,685.5560577965773,440.00000000000006,optimal_shannon,outage
29.0,ew_15,relay,BS_2,ew_14,1,1552.771975126112,550.0,optimal_shannon,outage
29.0,sn_10,relay,BS_2,ns_13,1,1419.0433535728407,550.0,optimal_shannon,outage
29.0,wn_9,relay,BS_3,we_17,1,676.6667386093096,440.00000000000006,optimal_shannon,outage
29.0,sn_15,relay,BS_2,sn_12,1,1260.934949031558,550.0,optimal_shannon,outage
29.0,ew_18,relay,BS_1,we_0,1,1180.229407580177,550.0,optimal_shannon,outage
29.0,we_11,relay,BS_2,se_3,1,1278.206369784633,550.0,optimal_shannon,outage
29.0,sn_4,relay,BS_1,sn_5,1,762.7692993385795,440.00000000000006,optimal_shannon,outage
29.0,ns_16,relay,BS_1,sn_5,1,762.7692993385795,440.00000000000006,optimal_shannon,outage
29.0,sn_6,relay,BS_1,sn_5,1,762.7692993385795,440.00000000000006,optimal_shannon,outage
29.0,sn_0,relay,BS_1,sn_2,1,1360.3288171519162,550.0,optimal_shannon,outage
29.0,ns_9,relay,BS_2,sn_12,1,1499.5388970160748,550.0,optimal_shannon,outage
29.0,ns_15,relay,BS_2,ns_13,1,1332.0152274987847,550.0,optimal_shannon,outage
29.0,ns_4,relay,BS_1,sn_16,1,685.5560577965773,440.00000000000006,optimal_shannon,outage
29.0,ns_8,relay,BS_2,sn_12,1,1464.5516807779568,550.0,optimal_shannon,outage
29.0,ew_2,relay,BS_2,wn_9,1,1255.288592935187,550.0,optimal_shannon,outage
29.0,we_15,relay,BS_2,wn_7,1,1273.22419745153,550.0,optimal_shannon,outage
29.0,wn_1,relay,BS_2,ns_13,1,1223.4040226048812,550.0,optimal_shannon,outage
29.0,we_4,relay,BS_2,ew_14,1,1142.7036242312977,550.0,optimal_shannon,outage
29.0,ew_14,relay,BS_2,se_0,1,1547.971622671554,550.0,optimal_shannon,outage
29.0,sn_12,relay,BS_3,sn_13,1,750.543023047269,440.00000000000006,optimal_shannon,outage
29.0,we_13,relay,BS_2,wn_7,1,1140.3791259205154,550.0,optimal_shannon,outage
29.0,sn_9,relay,BS_2,ns_13,1,1489.4652486930524,550.0,optimal_shannon,outage
29.0,se_5,relay,BS_2,sn_12,1,1467.8734807400922,550.0,optimal_shannon,outage
29.0,wn_6,relay,BS_2,wn_7,1,1465.216040533822,550.0,optimal_shannon,outage
29.0,se_0,relay,BS_2,ew_14,1,1552.771975126112,550.0,optimal_shannon,outage
29.0,wn_0,relay,BS_2,ns_13,1,1178.9010101141296,550.0,optimal_shannon,outage
29.0,ew_19,relay,BS_1,we_0,1,1292.1565796743994,550.0,optimal_shannon,outage
29.0,we_12,relay,BS_1,ew_8,1,728.4184891839593,440.00000000000006,optimal_shannon,outage
29.0,we_6,relay,BS_2,se_0,1,1132.7415871866867,550.0,optimal_shannon,outage
29.0,we_19,relay,BS_2,wn_9,1,1603.8640450527428,550.0,optimal_shannon,outage
29.0,ns_1,relay,BS_3,ns_0,1,1319.1407395142528,550.0,optimal_shannon,outage
29.0,we_2,relay,BS_3,we_1,1,1330.76629367052,550.0,optimal_shannon,outage
30.0,we_16,relay,BS_3,we_17,1,687.2027606882217,440.00000000000006,optimal_shannon,outage
30.0,se_7,relay,BS_3,se_8,1,768.3885715155396,440.00000000000006,optimal_shannon,outage
30.0,sn_5,relay,BS_1,sn_7,1,1047.824962241648,550.0,optimal_shannon,outage
30.0,ew_6,relay,BS_1,ew_4,1,683.9095186071697,440.00000000000006,optimal_shannon,outage
30.0,ew_9,relay,BS_2,we_15,1,1504.7456419211585,550.0,optimal_shannon,outage
30.0,se_9,direct,BS_3,-1,1,756.1598181300435,440.00000000000006,optimal_shannon,outage
30.0,sn_19,relay,BS_2,se_9,1,1211.7797876572854,550.0,optimal_shannon,outage
30.0,we_8,relay,BS_2,ew_14,1,1483.1537971200892,550.0,optimal_shannon,outage
30.0,we_14,relay,BS_2,we_15,1,1512.3353690963097,550.0,optimal_shannon,outage
30.0,ew_11,direct,BS_3,-1,1,717.859076994304,440.00000000000006,optimal_shannon,outage
30.0,sn_16,relay,BS_2,se_7,1,1313.0822157319078,550.0,optimal_shannon,outage
30.0,ns_17,relay,BS_2,wn_1,1,1385.161729866336,550.0,optimal_shannon,outage
30.0,sn_17,relay,BS_2,se_7,1,1210.4513167714215,550.0,optimal_shannon,outage
30.0,se_4,relay,BS_2,se_5,1,1510.0605727741763,550.0,optimal_shannon,outage
30.0,we_10,relay,BS_2,ew_14,1,1513.0502238414908,550.0,optimal_shannon,outage
30.0,wn_3,relay,BS_2,wn_5,1,1353.605799256266,550.0,optimal_shannon,outage
30.0,ns_6,relay,BS_2,se_9,1,1382.0293913282617,550.0,optimal_shannon,outage
30.0,se_2,relay,BS_3,se_0,1,774.008913634697,440.00000000000006,optimal_shannon,outage
30.0,ew_0,relay,BS_2,ew_1,1,1756.5442749545796,550.0,optimal_shannon,outage
30.0,ew_3,relay,BS_2,ew_1,1,1767.1743920242343,550.0,optimal_shannon,outage
30.0,ew_4,relay,BS_3,we_17,1,687.2027606882217,440.00000000000006,optimal_shannon,outage
30.0,ew_13,relay,BS_2,ew_14,1,1549.673089017369,550.0,optimal_shannon,outage
30.0,sn_18,relay,BS_2,se_7,1,1145.0281361494117,550.0,optimal_shannon,outage
30.0,ew_17,relay,BS_3,we_5,1,759.7948380652592,440.00000000000006,optimal_shannon,outage
30.0,wn_8,relay,BS_2,we_15,1,1124.4400934932223,550.0,optimal_shannon,outage
30.0,ew_8,relay,BS_2,we_15,1,1510.0605727741763,550.0,optimal_shannon,outage
30.0,sn_14,relay,BS_2,se_5,1,1329.3579472759436,550.0,optimal_shannon,outage
30.0,ns_11,relay,BS_2,se_7,1,1254.2921809310817,550.0,optimal_shannon,outage
30.0,we_5,direct,BS_2,-1,1,1546.970713515729,550.0,optimal_shannon,outage
30.0,sn_2,relay,BS_1,sn_1,1,1362.6539814671096,550.0,optimal_shannon,outage
30.0,ns_3,relay,BS_3,ns_2,1,1354.6820021640206,550.0,optimal_shannon,outage
30.0,sn_7,relay,BS_1,sn_5,1,1050.1486948412555,550.0,optimal_shannon,outage
30.0,ew_5,relay,BS_1,ew_4,1,683.9095186071697,440.00000000000006,optimal_shannon,outage
30.0,sn_1,relay,BS_1,sn_5,1,875.5701630586161,550.0,optimal_shannon,outage
30.0,wn_2,relay,BS_2,wn_1,1,1641.6064689489626,550.0,optimal_shannon,outage
30.0,ns_14,relay,BS_1,ns_12,1,739.6433296108686,440.00000000000006,optimal_shannon,outage
30.0,we_7,relay,BS_3,we_5,1,759.7948380652592,440.00000000000006,optimal_shannon,outage
30.0,we_1,direct,BS_1,-1,1,1364.3148149378776,550.0,optimal_shannon,outage
30.0,ns_5,relay,BS_2,se_9,1,1382.0293913282617,550.0,optimal_shannon,outage
30.0,we_0,relay,BS_1,we_1,1,1364.3148149378776,550.0,optimal_shannon,outage
30.0,ew_7,relay,BS_3,we_17,1,687.2027606882217,440.00000000000006,optimal_shannon,outage
30.0,ns_18,relay,BS_2,wn_1,1,1243.9959925707851,550.0,optimal_shannon,outage
30.0,ns_0,relay,BS_3,ns_2,1,1354.6820021640206,550.0,optimal_shannon,outage
30.0,we_18,relay,BS_3,we_17,1,687.2027606882217,440.00000000000006,optimal_shannon,outage
30.0,sn_13,relay,BS_2,se_5,1,1467.5413006115257,550.0,optimal_shannon,outage
30.0,se_3,relay,BS_2,se_5,1,1344.3052094308744,550.0,optimal_shannon,outage
30.0,se_1,relay,BS_3,se_0,1,774.008913634697,440.00000000000006,optimal_shannon,outage
30.0,se_8,relay,BS_2,se_7,1,1427.015566131356,550.0,optimal_shannon,outage
30.0,ew_10,relay,BS_2,we_15,1,1466.212580390247,550.0,optimal_shannon,outage
30.0,ns_2,direct,BS_3,-1,1,1354.6820021640206,550.0,optimal_shannon,outage
30.0,wn_7,relay,BS_2,we_15,1,1221.0791595463654,550.0,optimal_shannon,outage
30.0,ns_12,relay,BS_2,wn_5,1,1408.7459474274203,550.0,optimal_shannon,outage
30.0,ew_1,relay,BS_3,we_19,1,680.2877178313728,440.00000000000006,optimal_shannon,outage
30.0,we_3,relay,BS_1,we_1,1,1364.3148149378776,550.0,optimal_shannon,outage
30.0,ns_7,relay,BS_2,se_9,1,1382.0293913282617,550.0,optimal_shannon,outage
30.0,ns_10,relay,BS_2,se_7,1,1332.347387864976,550.0,optimal_shannon,outage
30.0,wn_5,relay,BS_2,se_5,1,1498.1019865123576,550.0,optimal_shannon,outage
30.0,ns_13,relay,BS_1,ns_12,1,739.6433296108686,440.00000000000006,optimal_shannon,outage
30.0,we_17,relay,BS_1,ew_4,1,683.9095186071697,440.00000000000006,optimal_shannon,outage
30.0,sn_3,relay,BS_1,sn_1,1,1362.6539814671096,550.0,optimal_shannon,outage
30.0,we_9,relay,BS_2,ew_14,1,1495.4445269737464,550.0,optimal_shannon,outage
30.0,ew_16,relay,BS_3,we_5,1,759.7948380652592,440.00000000000006,optimal_shannon,outage
30.0,wn_4,relay,BS_1,ns_12,1,739.6433296108686,440.00000000000006,optimal_shannon,outage
30.0,sn_8,relay,BS_2,wn_1,1,1256.6171440544674,550.0,optimal_shannon,outage
30.0,sn_11,relay,BS_1,wn_2,1,772.6863861158545,440.00000000000006,optimal_shannon,outage
30.0,ns_19,relay,BS_1,sn_7,1,1047.824962241648,550.0,optimal_shannon,outage
30.0,ew_12,relay,BS_2,ew_14,1,1490.1296125507984,550.0,optimal_shannon,outage
30.0,se_6,relay,BS_2,se_7,1,1453.6470822499673,550.0,optimal_shannon,outage
30.0,ew_15,relay,BS_2,ew_14,1,1549.673089017369,550.0,optimal_shannon,outage
30.0,sn_10,relay,BS_2,wn_1,1,1188.5319681263504,550.0,optimal_shannon,outage
30.0,wn_9,relay,BS_1,ew_4,1,683.9095186071697,440.00000000000006,optimal_shannon,outage
30.0,sn_15,relay,BS_2,se_5,1,1221.0791595463654,550.0,optimal_shannon,outage
30.0,ew_18,relay,BS_3,we_5,1,759.7948380652592,440.00000000000006,optimal_shannon,outage
30.0,we_11,relay,BS_2,ew_14,1,1501.7559958439304,550.0,optimal_shannon,outage
30.0,sn_4,relay,BS_1,sn_5,1,1050.1486948412555,550.0,optimal_shannon,outage
30.0,ns_16,relay,BS_2,wn_1,1,1582.8091717800378,550.0,optimal_shannon,outage
30.0,sn_6,relay,BS_1,sn_5,1,1050.1486948412555,550.0,optimal_shannon,outage
30.0,sn_0,relay,BS_1,sn_1,1,1362.6539814671096,550.0,optimal_shannon,outage
30.0,ns_9,relay,BS_2,se_7,1,1410.7389905747252,550.0,optimal_shannon,outage
30.0,ns_15,relay,BS_1,ns_12,1,739.6433296108686,440.00000000000006,optimal_shannon,outage
30.0,ns_4,relay,BS_2,se_9,1,1382.0293913282617,550.0,optimal_shannon,outage
30.0,ns_8,relay,BS_2,se_7,1,1453.6470822499673,550.0,optimal_shannon,outage
30.0,ew_2,relay,BS_2,ew_1,1,1878.4586117321496,550.0,optimal_shannon,outage
30.0,we_15,direct,BS_2,-1,1,1512.3353690963097,550.0,optimal_shannon,outage
30.0,wn_1,relay,BS_1,wn_0,1,776.6541390835753,440.00000000000006,optimal_shannon,outage
30.0,we_4,relay,BS_3,we_5,1,759.7948380652592,440.00000000000006,optimal_shannon,outage
30.0,ew_14,relay,BS_1,ew_15,1,759.1338896483576,440.00000000000006,optimal_shannon,outage
30.0,sn_12,relay,BS_2,se_5,1,1534.06314486363,550.0,optimal_shannon,outage
30.0,we_13,relay,BS_2,we_15,1,1444.6209461695423,550.0,optimal_shannon,outage
30.0,sn_9,relay,BS_2,wn_1,1,1228.3858980502466,550.0,optimal_shannon,outage
30.0,se_5,relay,BS_2,wn_5,1,1498.1019865123576,550.0,optimal_shannon,outage
30.0,wn_6,relay,BS_2,we_15,1,1353.2736344450218,550.0,optimal_shannon,outage
30.0,se_0,relay,BS_3,we_5,1,759.7948380652592,440.00000000000006,optimal_shannon,outage
30.0,wn_0,relay,BS_2,wn_1,1,1650.841941080754,550.0,optimal_shannon,outage
30.0,ew_19,relay,BS_3,we_5,1,759.7948380652592,440.00000000000006,optimal_shannon,outage
30.0,we_12,relay,BS_2,we_15,1,1361.5777737064695,550.0,optimal_shannon,outage
30.0,we_6,relay,BS_3,we_5,1,759.7948380652592,440.00000000000006,optimal_shannon,outage
30.0,we_19,relay,BS_1,ew_4,1,683.9095186071697,440.00000000000006,optimal_shannon,outage
30.0,ns_1,relay,BS_3,ns_2,1,1354.6820021640206,550.0,optimal_shannon,outage
30.0,we_2,relay,BS_1,we_1,1,1364.3148149378776,550.0,optimal_shannon,outage
31.0,we_16,relay,BS_2,we_19,1,1275.8813529370402,550.0,optimal_shannon,outage
31.0,se_7,relay,BS_2,sn_18,1,1176.908420407827,550.0,optimal_shannon,outage
31.0,sn_5,relay,BS_2,sn_4,1,2104.3494694490364,550.0,optimal_shannon,outage
31.0,ew_6,relay,BS_2,we_19,1,1038.4506435706346,550.0,optimal_shannon,outage
31.0,ew_9,relay,BS_2,ew_11,1,1514.3008548321068,550.0,optimal_shannon,outage
31.0,se_9,relay,BS_3,sn_19,1,772.0251438855303,440.00000000000006,optimal_shannon,outage
31.0,sn_19,relay,BS_2,sn_18,1,1448.8858347235173,550.0,optimal_shannon,outage
31.0,we_8,relay,BS_2,ew_17,1,1229.382277318478,550.0,optimal_shannon,outage
31.0,we_14,relay,BS_2,ns_13,1,1531.4536745893288,550.0,optimal_shannon,outage
31.0,ew_11,relay,BS_1,wn_7,1,714.5603438665249,440.00000000000006,optimal_shannon,outage
31.0,sn_16,relay,BS_2,sn_18,1,1362.9064395799032,550.0,optimal_shannon,outage
31.0,ns_17,relay,BS_1,ns_19,1,773.6782763931452,440.00000000000006,optimal_shannon,outage
31.0,sn_17,relay,BS_2,sn_18,1,1448.8858347235173,550.0,optimal_shannon,outage
31.0,se_4,relay,BS_2,se_5,1,1540.5605510115636,550.0,optimal_shannon,outage
31.0,we_10,relay,BS_2,ew_17,1,1212.7761426297416,550.0,optimal_shannon,outage
31.0,wn_3,relay,BS_2,sn_12,1,1207.462267476251,550.0,optimal_shannon,outage
31.0,ns_6,relay,BS_3,ns_7,1,1041.849771435992,550.0,optimal_shannon,outage
31.0,se_2,relay,BS_2,ew_17,1,1438.9739264108537,550.0,optimal_shannon,outage
31.0,ew_0,relay,BS_2,ew_2,1,1545.6043067085027,550.0,optimal_shannon,outage
31.0,ew_3,relay,BS_2,ew_2,1,1835.017799796428,550.0,optimal_shannon,outage
31.0,ew_4,relay,BS_2,we_19,1,1084.263868615482,550.0,optimal_shannon,outage
31.0,ew_13,relay,BS_2,se_5,1,1533.977827742418,550.0,optimal_shannon,outage
31.0,sn_18,relay,BS_3,sn_19,1,772.0251438855303,440.00000000000006,optimal_shannon,outage
31.0,ew_17,direct,BS_1,-1,1,777.646156541265,440.00000000000006,optimal_shannon,outage
31.0,wn_8,relay,BS_2,ew_11,1,1514.3008548321068,550.0,optimal_shannon,outage
31.0,ew_8,relay,BS_2,ew_11,1,1514.3008548321068,550.0,optimal_shannon,outage
31.0,sn_14,relay,BS_2,sn_12,1,1486.1434309202552,550.0,optimal_shannon,outage
31.0,ns_11,relay,BS_2,sn_18,1,1448.8858347235173,550.0,optimal_shannon,outage
31.0,we_5,direct,BS_3,-1,1,1051.8085196839818,550.0,optimal_shannon,outage
31.0,sn_2,relay,BS_1,sn_0,1,1377.2693659951033,550.0,optimal_shannon,outage
31.0,ns_3,relay,BS_3,ns_0,1,1367.968653810429,550.0,optimal_shannon,outage
31.0,sn_7,relay,BS_2,sn_4,1,2262.5867134489936,550.0,optimal_shannon,outage
31.0,ew_5,relay,BS_2,we_19,1,1076.627706702228,550.0,optimal_shannon,outage
31.0,sn_1,relay,BS_1,sn_0,1,1377.2693659951033,550.0,optimal_shannon,outage
31.0,wn_2,relay,BS_1,ns_19,1,773.6782763931452,440.00000000000006,optimal_shannon,outage
31.0,ns_14,relay,BS_2,ns_13,1,1531.4536745893288,550.0,optimal_shannon,outage
31.0,we_7,relay,BS_3,we_5,1,1051.8085196839818,550.0,optimal_shannon,outage
31.0,we_1,relay,BS_3,we_0,1,1371.9546678912122,550.0,optimal_shannon,outage
31.0,ns_5,relay,BS_3,ns_7,1,1041.849771435992,550.0,optimal_shannon,outage
31.0,we_0,direct,BS_3,-1,1,1371.9546678912122,550.0,optimal_shannon,outage
31.0,ew_7,relay,BS_2,we_19,1,1076.627706702228,550.0,optimal_shannon,outage
31.0,ns_18,relay,BS_1,ns_19,1,773.6782763931452,440.00000000000006,optimal_shannon,outage
31.0,ns_0,direct,BS_3,-1,1,1367.968653810429,550.0,optimal_shannon,outage
31.0,we_18,relay,BS_2,we_19,1,1472.9130879514933,550.0,optimal_shannon,outage
31.0,sn_13,relay,BS_2,sn_12,1,1559.1743467155002,550.0,optimal_shannon,outage
31.0,se_3,relay,BS_2,se_5,1,1378.5183336212535,550.0,optimal_shannon,outage
31.0,se_1,relay,BS_2,ew_17,1,1337.329802215709,550.0,optimal_shannon,outage
31.0,se_8,relay,BS_2,sn_18,1,1303.7818882167974,550.0,optimal_shannon,outage
31.0,ew_10,relay,BS_2,ew_11,1,1514.3008548321068,550.0,optimal_shannon,outage
31.0,ns_2,relay,BS_3,ns_0,1,1367.968653810429,550.0,optimal_shannon,outage
31.0,wn_7,relay,BS_2,ew_11,1,1328.361468444424,550.0,optimal_shannon,outage
31.0,ns_12,relay,BS_2,ns_13,1,1531.4536745893288,550.0,optimal_shannon,outage
31.0,ew_1,relay,BS_2,ew_2,1,1794.0818920273707,550.0,optimal_shannon,outage
31.0,we_3,relay,BS_3,we_0,1,1371.9546678912122,550.0,optimal_shannon,outage
31.0,ns_7,direct,BS_3,-1,1,1041.849771435992,550.0,optimal_shannon,outage
31.0,ns_10,relay,BS_2,sn_18,1,1448.8858347235173,550.0,optimal_shannon,outage
31.0,wn_5,relay,BS_2,sn_12,1,1414.3929070478405,550.0,optimal_shannon,outage
31.0,ns_13,relay,BS_1,ns_14,1,733.0398239824447,440.00000000000006,optimal_shannon,outage
31.0,we_17,relay,BS_2,we_19,1,1361.5777737064695,550.0,optimal_shannon,outage
31.0,sn_3,relay,BS_1,sn_0,1,1377.2693659951033,550.0,optimal_shannon,outage
31.0,we_9,relay,BS_2,ew_17,1,1232.371423309931,550.0,optimal_shannon,outage
31.0,ew_16,relay,BS_2,ew_17,1,1554.269718798749,550.0,optimal_shannon,outage
31.0,wn_4,relay,BS_2,sn_12,1,1280.5313919528803,550.0,optimal_shannon,outage
31.0,sn_8,relay,BS_1,ns_19,1,773.6782763931452,440.00000000000006,optimal_shannon,outage
31.0,sn_11,relay,BS_1,ns_19,1,773.6782763931452,440.00000000000006,optimal_shannon,outage
31.0,ns_19,direct,BS_2,-1,1,1377.5204999823156,550.0,optimal_shannon,outage
31.0,ew_12,relay,BS_2,se_5,1,1444.953124114611,550.0,optimal_shannon,outage
31.0,se_6,relay,BS_3,sn_17,1,764.4219129181323,440.00000000000006,optimal_shannon,outage
31.0,ew_15,relay,BS_2,se_5,1,1540.5605510115636,550.0,optimal_shannon,outage
31.0,sn_10,relay,BS_1,ns_19,1,773.6782763931452,440.00000000000006,optimal_shannon,outage
31.0,wn_9,relay,BS_2,we_19,1,1407.417252873292,550.0,optimal_shannon,outage
31.0,sn_15,relay,BS_2,ns_13,1,1465.8804004085123,550.0,optimal_shannon,outage
31.0,ew_18,relay,BS_2,ew_17,1,1554.269718798749,550.0,optimal_shannon,outage
31.0,we_11,relay,BS_2,ew_17,1,1183.8825181818663,550.0,optimal_shannon,outage
31.0,sn_4,relay,BS_1,sn_5,1,1326.4482195050948,550.0,optimal_shannon,outage
31.0,ns_16,relay,BS_1,ns_19,1,773.6782763931452,440.00000000000006,optimal_shannon,outage
31.0,sn_6,relay,BS_2,sn_4,1,2157.832491100221,550.0,optimal_shannon,outage
31.0,sn_0,relay,BS_1,sn_5,1,908.3891995050702,550.0,optimal_shannon,outage
31.0,ns_9,relay,BS_2,sn_18,1,1402.1024818177766,550.0,optimal_shannon,outage
31.0,ns_15,relay,BS_2,sn_12,1,1416.3859545599585,550.0,optimal_shannon,outage
31.0,ns_4,relay,BS_3,ns_7,1,1041.849771435992,550.0,optimal_shannon,outage
31.0,ns_8,relay,BS_2,sn_18,1,1368.8854478364108,550.0,optimal_shannon,outage
31.0,ew_2,relay,BS_1,ew_7,1,673.0466016283062,440.00000000000006,optimal_shannon,outage
31.0,we_15,relay,BS_2,ns_13,1,1499.7628994944455,550.0,optimal_shannon,outage
31.0,wn_1,relay,BS_1,ns_19,1,773.6782763931452,440.00000000000006,optimal_shannon,outage
31.0,we_4,relay,BS_3,we_5,1,1051.8085196839818,550.0,optimal_shannon,outage
31.0,ew_14,relay,BS_2,se_5,1,1540.5605510115636,550.0,optimal_shannon,outage
31.0,sn_12,relay,BS_1,wn_5,1,746.909268072472,440.00000000000006,optimal_shannon,outage
31.0,we_13,relay,BS_2,ns_13,1,1531.4536745893288,550.0,optimal_shannon,outage
31.0,sn_9,relay,BS_1,ns_19,1,773.6782763931452,440.00000000000006,optimal_shannon,outage
31.0,se_5,relay,BS_1,ew_15,1,747.2395881647359,440.00000000000006,optimal_shannon,outage
31.0,wn_6,relay,BS_2,ew_11,1,1214.104618316835,550.0,optimal_shannon,outage
31.0,se_0,relay,BS_2,ew_17,1,1292.488729716622,550.0,optimal_shannon,outage
31.0,wn_0,relay,BS_1,ns_19,1,773.6782763931452,440.00000000000006,optimal_shannon,outage
31.0,ew_19,relay,BS_2,ew_17,1,1342.312232785544,550.0,optimal_shannon,outage
31.0,we_12,relay,BS_2,ns_13,1,1531.4536745893288,550.0,optimal_shannon,outage
31.0,we_6,relay,BS_3,we_5,1,1051.8085196839818,550.0,optimal_shannon,outage
31.0,we_19,relay,BS_1,ew_9,1,707.3050365429962,440.00000000000006,optimal_shannon,outage
31.0,ns_1,relay,BS_3,ns_0,1,1367.968653810429,550.0,optimal_shannon,outage
31.0,we_2,relay,BS_3,we_0,1,1371.9546678912122,550.0,optimal_shannon,outage
32.0,we_16,relay,BS_2,ew_11,1,1158.311311909061,550.0,optimal_shannon,outage
32.0,se_7,relay,BS_2,ns_12,1,1495.7764462157936,550.0,optimal_shannon,outage
32.0,sn_5,relay,BS_1,sn_4,1,1374.6120151618366,550.0,optimal_shannon,outage
32.0,ew_6,relay,BS_2,ew_5,1,1571.4616568257552,550.0,optimal_shannon,outage
32.0,ew_9,relay,BS_2,ew_11,1,1496.611495376445,550.0,optimal_shannon,outage
32.0,se_9,relay,BS_2,ns_11,1,1412.657830578846,550.0,optimal_shannon,outage
32.0,sn_19,relay,BS_2,ns_12,1,1181.557808472031,550.0,optimal_shannon,outage
32.0,we_8,relay,BS_3,we_9,1,446.17895713904846,240.0,optimal_shannon,outage
32.0,we_14,relay,BS_2,ew_15,1,1288.1707869220102,550.0,optimal_shannon,outage
32.0,ew_11,relay,BS_3,we_19,1,703.0190837284123,440.00000000000006,optimal_shannon,outage
32.0,sn_16,relay,BS_2,ns_12,1,1475.5136316123208,550.0,optimal_shannon,outage
32.0,ns_17,relay,BS_2,wn_5,1,1599.8142157614525,550.0,optimal_shannon,outage
32.0,sn_17,relay,BS_2,ns_12,1,1377.8539951723822,550.0,optimal_shannon,outage
32.0,se_4,relay,BS_2,ew_17,1,1289.4993829045068,550.0,optimal_shannon,outage
32.0,we_10,relay,BS_3,we_9,1,446.17895713904846,240.0,optimal_shannon,outage
32.0,wn_3,relay,BS_2,wn_5,1,1425.0225108524764,550.0,optimal_shannon,outage
32.0,ns_6,direct,BS_3,-1,1,1326.4482195050948,550.0,optimal_shannon,outage
32.0,se_2,relay,BS_3,we_9,1,446.17895713904846,240.0,optimal_shannon,outage
32.0,ew_0,relay,BS_2,ew_5,1,919.0004832818124,550.0,optimal_shannon,outage
32.0,ew_3,relay,BS_2,ew_5,1,890.4859832629187,550.0,optimal_shannon,outage
32.0,ew_4,relay,BS_2,ew_5,1,1571.4616568257552,550.0,optimal_shannon,outage
32.0,ew_13,relay,BS_2,ew_15,1,1508.067473040055,550.0,optimal_shannon,outage
32.0,sn_18,relay,BS_2,ns_12,1,1274.552774303343,550.0,optimal_shannon,outage
32.0,ew_17,direct,BS_3,-1,1,762.1082807818889,440.00000000000006,optimal_shannon,outage
32.0,wn_8,relay,BS_1,wn_6,1,728.088430052895,440.00000000000006,optimal_shannon,outage
32.0,ew_8,relay,BS_2,ew_11,1,1496.611495376445,550.0,optimal_shannon,outage
32.0,sn_14,relay,BS_2,wn_5,1,1316.4037777020892,550.0,optimal_shannon,outage
32.0,ns_11,relay,BS_3,se_9,1,774.008913634697,440.00000000000006,optimal_shannon,outage
32.0,we_5,relay,BS_1,we_7,1,1323.1266329114517,550.0,optimal_shannon,outage
32.0,sn_2,relay,BS_1,sn_3,1,1375.608521310333,550.0,optimal_shannon,outage
32.0,ns_3,relay,BS_3,ns_0,1,1362.6539814671096,550.0,optimal_shannon,outage
32.0,sn_7,relay,BS_1,sn_4,1,1374.6120151618366,550.0,optimal_shannon,outage
32.0,ew_5,relay,BS_2,ew_11,1,943.212336265104,550.0,optimal_shannon,outage
32.0,sn_1,relay,BS_1,sn_3,1,1375.608521310333,550.0,optimal_shannon,outage
32.0,wn_2,relay,BS_2,sn_8,1,1446.614014351169,550.0,optimal_shannon,outage
32.0,ns_14,relay,BS_2,ns_12,1,1495.7764462157936,550.0,optimal_shannon,outage
32.0,we_7,direct,BS_1,-1,1,1323.1266329114517,550.0,optimal_shannon,outage
32.0,we_1,relay,BS_1,we_3,1,1421.654325614272,550.0,optimal_shannon,outage
32.0,ns_5,relay,BS_3,ns_6,1,1326.4482195050948,550.0,optimal_shannon,outage
32.0,we_0,relay,BS_3,we_2,1,1408.4088153675527,550.0,optimal_shannon,outage
32.0,ew_7,relay,BS_2,ew_5,1,1571.4616568257552,550.0,optimal_shannon,outage
32.0,ns_18,relay,BS_2,wn_5,1,1443.292234732704,550.0,optimal_shannon,outage
32.0,ns_0,direct,BS_3,-1,1,1362.6539814671096,550.0,optimal_shannon,outage
32.0,we_18,relay,BS_2,ew_11,1,1257.2814203719158,550.0,optimal_shannon,outage
32.0,sn_13,relay,BS_2,wn_5,1,1399.1129282475524,550.0,optimal_shannon,outage
32.0,se_3,relay,BS_2,ew_17,1,1372.5392955040256,550.0,optimal_shannon,outage
32.0,se_1,relay,BS_3,we_9,1,446.17895713904846,240.0,optimal_shannon,outage
32.0,se_8,relay,BS_2,ns_12,1,1495.7764462157936,550.0,optimal_shannon,outage
32.0,ew_10,relay,BS_2,ew_11,1,1496.611495376445,550.0,optimal_shannon,outage
32.0,ns_2,relay,BS_3,ns_0,1,1362.6539814671096,550.0,optimal_shannon,outage
32.0,wn_7,relay,BS_1,wn_6,1,728.088430052895,440.00000000000006,optimal_shannon,outage
32.0,ns_12,relay,BS_3,sn_16,1,750.543023047269,440.00000000000006,optimal_shannon,outage
32.0,ew_1,relay,BS_2,ew_5,1,901.0947715414565,550.0,optimal_shannon,outage
32.0,we_3,direct,BS_1,-1,1,1421.654325614272,550.0,optimal_shannon,outage
32.0,ns_7,relay,BS_3,ns_6,1,1326.4482195050948,550.0,optimal_shannon,outage
32.0,ns_10,relay,BS_2,ns_11,1,1412.657830578846,550.0,optimal_shannon,outage
32.0,wn_5,relay,BS_1,wn_4,1,759.7948380652592,440.00000000000006,optimal_shannon,outage
32.0,ns_13,relay,BS_2,ns_12,1,1495.7764462157936,550.0,optimal_shannon,outage
32.0,we_17,relay,BS_2,ew_11,1,1199.4915403839202,550.0,optimal_shannon,outage
32.0,sn_3,direct,BS_1,-1,1,1375.608521310333,550.0,optimal_shannon,outage
32.0,we_9,direct,BS_2,-1,1,1546.4370373039217,550.0,optimal_shannon,outage
32.0,ew_16,relay,BS_2,ew_17,1,1552.8406955186304,550.0,optimal_shannon,outage
32.0,wn_4,relay,BS_2,wn_5,1,1584.470107439645,550.0,optimal_shannon,outage
32.0,sn_8,direct,BS_2,-1,1,1704.5570860315606,550.0,optimal_shannon,outage
32.0,sn_11,relay,BS_2,sn_8,1,1623.0038986829406,550.0,optimal_shannon,outage
32.0,ns_19,relay,BS_2,wn_5,1,1282.5242722673956,550.0,optimal_shannon,outage
32.0,ew_12,relay,BS_1,wn_6,1,728.088430052895,440.00000000000006,optimal_shannon,outage
32.0,se_6,relay,BS_2,ns_12,1,1365.2316071773073,550.0,optimal_shannon,outage
32.0,ew_15,relay,BS_1,wn_6,1,728.088430052895,440.00000000000006,optimal_shannon,outage
32.0,sn_10,relay,BS_2,sn_8,1,1704.5570860315606,550.0,optimal_shannon,outage
32.0,wn_9,relay,BS_2,ew_11,1,1496.611495376445,550.0,optimal_shannon,outage
32.0,sn_15,relay,BS_2,wn_5,1,1234.6963230038202,550.0,optimal_shannon,outage
32.0,ew_18,relay,BS_2,ew_17,1,1552.8406955186304,550.0,optimal_shannon,outage
32.0,we_11,relay,BS_3,we_9,1,446.17895713904846,240.0,optimal_shannon,outage
32.0,sn_4,direct,BS_1,-1,1,1374.6120151618366,550.0,optimal_shannon,outage
32.0,ns_16,relay,BS_2,wn_5,1,1599.8142157614525,550.0,optimal_shannon,outage
32.0,sn_6,relay,BS_1,sn_4,1,1374.6120151618366,550.0,optimal_shannon,outage
32.0,sn_0,relay,BS_1,sn_3,1,1375.608521310333,550.0,optimal_shannon,outage
32.0,ns_9,relay,BS_2,ns_11,1,1412.657830578846,550.0,optimal_shannon,outage
32.0,ns_15,relay,BS_2,ns_12,1,1348.9554978262188,550.0,optimal_shannon,outage
32.0,ns_4,relay,BS_3,ns_6,1,1326.4482195050948,550.0,optimal_shannon,outage
32.0,ns_8,relay,BS_2,ns_11,1,1412.657830578846,550.0,optimal_shannon,outage
32.0,ew_2,relay,BS_2,ew_5,1,887.502550307023,550.0,optimal_shannon,outage
32.0,we_15,relay,BS_2,ew_15,1,1355.9309547295925,550.0,optimal_shannon,outage
32.0,wn_1,relay,BS_2,sn_8,1,1361.2456073900803,550.0,optimal_shannon,outage
32.0,we_4,relay,BS_1,we_7,1,1323.1266329114517,550.0,optimal_shannon,outage
32.0,ew_14,relay,BS_2,ew_15,1,1539.378676435277,550.0,optimal_shannon,outage
32.0,sn_12,relay,BS_2,wn_5,1,1478.8354409496171,550.0,optimal_shannon,outage
32.0,we_13,relay,BS_2,ew_15,1,1246.320927099185,550.0,optimal_shannon,outage
32.0,sn_9,relay,BS_2,sn_8,1,1704.5570860315606,550.0,optimal_shannon,outage
32.0,se_5,relay,BS_2,ew_17,1,1202.8126638942354,550.0,optimal_shannon,outage
32.0,wn_6,relay,BS_2,ew_15,1,1381.1756895739209,550.0,optimal_shannon,outage
32.0,se_0,relay,BS_3,we_9,1,446.17895713904846,240.0,optimal_shannon,outage
32.0,wn_0,relay,BS_2,sn_8,1,1324.7077186712704,550.0,optimal_shannon,outage
32.0,ew_19,relay,BS_2,ew_17,1,1376.857487907599,550.0,optimal_shannon,outage
32.0,we_12,relay,BS_2,ew_15,1,1224.4003948756383,550.0,optimal_shannon,outage
32.0,we_6,relay,BS_1,we_7,1,1323.1266329114517,550.0,optimal_shannon,outage
32.0,we_19,relay,BS_2,ew_11,1,1357.259616397204,550.0,optimal_shannon,outage
32.0,ns_1,relay,BS_3,ns_0,1,1362.6539814671096,550.0,optimal_shannon,outage
32.0,we_2,relay,BS_1,we_3,1,1421.654325614272,550.0,optimal_shannon,outage
33.0,we_16,relay,BS_3,we_18,1,717.5291798879116,440.00000000000006,optimal_shannon,outage
33.0,se_7,relay,BS_3,wn_7,1,731.0591368372105,440.00000000000006,optimal_shannon,outage
33.0,sn_5,direct,BS_1,-1,1,1373.947678007617,550.0,optimal_shannon,outage
33.0,ew_6,relay,BS_2,ew_1,1,918.005617006672,550.0,optimal_shannon,outage
33.0,ew_9,relay,BS_3,we_19,1,714.8901932411935,440.00000000000006,optimal_shannon,outage
33.0,se_9,direct,BS_2,-1,1,1450.151962075814,550.0,optimal_shannon,outage
33.0,sn_19,direct,BS_1,-1,1,721.8182478864496,440.00000000000006,optimal_shannon,outage
33.0,we_8,relay,BS_1,se_1,1,1038.5302987046537,550.0,optimal_shannon,outage
33.0,we_14,relay,BS_2,ew_17,1,1486.1434309202552,550.0,optimal_shannon,outage
33.0,ew_11,relay,BS_3,we_19,1,714.8901932411935,440.00000000000006,optimal_shannon,outage
33.0,sn_16,relay,BS_3,se_7,1,734.0302314629556,440.00000000000006,optimal_shannon,outage
33.0,ns_17,relay,BS_3,wn_7,1,731.0591368372105,440.00000000000006,optimal_shannon,outage
33.0,sn_17,relay,BS_3,se_7,1,734.0302314629556,440.00000000000006,optimal_shannon,outage
33.0,se_4,relay,BS_2,ew_17,1,1168.273957578636,550.0,optimal_shannon,outage
33.0,we_10,relay,BS_1,se_1,1,1038.5302987046537,550.0,optimal_shannon,outage
33.0,wn_3,relay,BS_2,sn_14,1,1231.042912473619,550.0,optimal_shannon,outage
33.0,ns_6,relay,BS_3,ns_5,1,1375.9406901372315,550.0,optimal_shannon,outage
33.0,se_2,relay,BS_1,se_0,1,1040.19002800852,550.0,optimal_shannon,outage
33.0,ew_0,relay,BS_2,ew_1,1,1613.7026250128542,550.0,optimal_shannon,outage
33.0,ew_3,relay,BS_2,ew_1,1,1520.3582669837529,550.0,optimal_shannon,outage
33.0,ew_4,relay,BS_2,ew_6,1,1628.983293051914,550.0,optimal_shannon,outage
33.0,ew_13,relay,BS_2,we_16,1,1505.07782493226,550.0,optimal_shannon,outage
33.0,sn_18,relay,BS_3,se_7,1,734.0302314629556,440.00000000000006,optimal_shannon,outage
33.0,ew_17,relay,BS_1,ew_18,1,758.472957014404,440.00000000000006,optimal_shannon,outage
33.0,wn_8,relay,BS_3,se_7,1,734.0302314629556,440.00000000000006,optimal_shannon,outage
33.0,ew_8,relay,BS_3,we_18,1,717.5291798879116,440.00000000000006,optimal_shannon,outage
33.0,sn_14,direct,BS_2,-1,1,1612.6355071100118,550.0,optimal_shannon,outage
33.0,ns_11,relay,BS_3,se_9,1,764.7524470821438,440.00000000000006,optimal_shannon,outage
33.0,we_5,relay,BS_3,we_7,1,1367.304318940108,550.0,optimal_shannon,outage
33.0,sn_2,direct,BS_1,-1,1,1359.000153177918,550.0,optimal_shannon,outage
33.0,ns_3,relay,BS_3,ns_5,1,880.8731747625113,550.0,optimal_shannon,outage
33.0,sn_7,relay,BS_1,sn_5,1,1373.947678007617,550.0,optimal_shannon,outage
33.0,ew_5,relay,BS_2,ew_6,1,1872.024050282445,550.0,optimal_shannon,outage
33.0,sn_1,relay,BS_1,sn_2,1,1359.000153177918,550.0,optimal_shannon,outage
33.0,wn_2,relay,BS_2,sn_9,1,1520.3582669837529,550.0,optimal_shannon,outage
33.0,ns_14,relay,BS_3,se_9,1,764.7524470821438,440.00000000000006,optimal_shannon,outage
33.0,we_7,relay,BS_1,se_0,1,1020.194609508044,550.0,optimal_shannon,outage
33.0,we_1,relay,BS_3,we_3,1,1489.1330668018163,550.0,optimal_shannon,outage
33.0,ns_5,relay,BS_3,ns_6,1,1353.6855072983665,550.0,optimal_shannon,outage
33.0,we_0,direct,BS_1,-1,1,1463.178710838687,550.0,optimal_shannon,outage
33.0,ew_7,relay,BS_2,ew_6,1,1872.024050282445,550.0,optimal_shannon,outage
33.0,ns_18,direct,BS_2,-1,1,1577.742447607511,550.0,optimal_shannon,outage
33.0,ns_0,relay,BS_3,ns_6,1,887.502550307023,550.0,optimal_shannon,outage
33.0,we_18,relay,BS_2,we_16,1,1508.3996562741886,550.0,optimal_shannon,outage
33.0,sn_13,relay,BS_2,sn_14,1,1612.6355071100118,550.0,optimal_shannon,outage
33.0,se_3,relay,BS_2,ew_17,1,1134.7339737538307,550.0,optimal_shannon,outage
33.0,se_1,relay,BS_1,se_0,1,1040.19002800852,550.0,optimal_shannon,outage
33.0,se_8,relay,BS_3,se_7,1,734.0302314629556,440.00000000000006,optimal_shannon,outage
33.0,ew_10,relay,BS_3,we_19,1,714.8901932411935,440.00000000000006,optimal_shannon,outage
33.0,ns_2,relay,BS_3,ns_6,1,889.4914911466104,550.0,optimal_shannon,outage
33.0,wn_7,relay,BS_3,se_7,1,734.0302314629556,440.00000000000006,optimal_shannon,outage
33.0,ns_12,relay,BS_3,se_9,1,764.7524470821438,440.00000000000006,optimal_shannon,outage
33.0,ew_1,relay,BS_2,ew_6,1,918.005617006672,550.0,optimal_shannon,outage
33.0,we_3,direct,BS_3,-1,1,1516.2445123146426,550.0,optimal_shannon,outage
33.0,ns_7,relay,BS_3,ns_5,1,1375.9406901372315,550.0,optimal_shannon,outage
33.0,ns_10,relay,BS_3,se_9,1,764.7524470821438,440.00000000000006,optimal_shannon,outage
33.0,wn_5,relay,BS_2,sn_14,1,1388.4834358104338,550.0,optimal_shannon,outage
33.0,ns_13,relay,BS_3,se_9,1,764.7524470821438,440.00000000000006,optimal_shannon,outage
33.0,we_17,relay,BS_2,we_16,1,1516.8528150973548,550.0,optimal_shannon,outage
33.0,sn_3,relay,BS_1,sn_2,1,1359.000153177918,550.0,optimal_shannon,outage
33.0,we_9,relay,BS_1,se_1,1,1038.5302987046537,550.0,optimal_shannon,outage
33.0,ew_16,relay,BS_2,ew_17,1,1549.7752999796212,550.0,optimal_shannon,outage
33.0,wn_4,relay,BS_2,sn_14,1,1286.1778959930782,550.0,optimal_shannon,outage
33.0,sn_8,relay,BS_2,sn_9,1,1979.414889602041,550.0,optimal_shannon,outage
33.0,sn_11,relay,BS_2,sn_9,1,1762.1915241635447,550.0,optimal_shannon,outage
33.0,ns_19,relay,BS_2,sn_14,1,1254.6243181380205,550.0,optimal_shannon,outage
33.0,ew_12,relay,BS_2,we_16,1,1486.8077942711343,550.0,optimal_shannon,outage
33.0,se_6,relay,BS_3,se_7,1,734.0302314629556,440.00000000000006,optimal_shannon,outage
33.0,ew_15,relay,BS_2,we_16,1,1474.1849086483408,550.0,optimal_shannon,outage
33.0,sn_10,relay,BS_2,sn_9,1,1979.414889602041,550.0,optimal_shannon,outage
33.0,wn_9,relay,BS_3,we_19,1,714.8901932411935,440.00000000000006,optimal_shannon,outage
33.0,sn_15,relay,BS_2,sn_14,1,1612.6355071100118,550.0,optimal_shannon,outage
33.0,ew_18,relay,BS_2,ew_17,1,1549.7752999796212,550.0,optimal_shannon,outage
33.0,we_11,relay,BS_1,se_1,1,1038.5302987046537,550.0,optimal_shannon,outage
33.0,sn_4,relay,BS_1,sn_5,1,1373.947678007617,550.0,optimal_shannon,outage
33.0,ns_16,relay,BS_3,wn_7,1,731.0591368372105,440.00000000000006,optimal_shannon,outage
33.0,sn_6,relay,BS_1,sn_5,1,1373.947678007617,550.0,optimal_shannon,outage
33.0,sn_0,relay,BS_1,sn_2,1,1359.000153177918,550.0,optimal_shannon,outage
33.0,ns_9,relay,BS_3,ns_6,1,910.378708600342,550.0,optimal_shannon,outage
33.0,ns_15,direct,BS_2,-1,1,1480.9284364462158,550.0,optimal_shannon,outage
33.0,ns_4,relay,BS_3,ns_5,1,1375.9406901372315,550.0,optimal_shannon,outage
33.0,ns_8,relay,BS_3,se_9,1,764.7524470821438,440.00000000000006,optimal_shannon,outage
33.0,ew_2,relay,BS_2,ew_1,1,1678.4794986956483,550.0,optimal_shannon,outage
33.0,we_15,relay,BS_2,ew_17,1,1427.3477421471812,550.0,optimal_shannon,outage
33.0,wn_1,relay,BS_2,sn_9,1,1434.9878009933195,550.0,optimal_shannon,outage
33.0,we_4,relay,BS_3,we_7,1,1367.304318940108,550.0,optimal_shannon,outage
33.0,ew_14,relay,BS_2,we_16,1,1515.043325514828,550.0,optimal_shannon,outage
33.0,sn_12,relay,BS_2,sn_14,1,1606.7266751932796,550.0,optimal_shannon,outage
33.0,we_13,relay,BS_2,ew_17,1,1512.05367329203,550.0,optimal_shannon,outage
33.0,sn_9,direct,BS_1,-1,1,1040.19002800852,550.0,optimal_shannon,outage
33.0,se_5,relay,BS_2,ew_17,1,1223.4040226048812,550.0,optimal_shannon,outage
33.0,wn_6,relay,BS_3,wn_7,1,731.0591368372105,440.00000000000006,optimal_shannon,outage
33.0,se_0,relay,BS_1,se_1,1,1038.5302987046537,550.0,optimal_shannon,outage
33.0,wn_0,relay,BS_2,sn_9,1,1407.749426445563,550.0,optimal_shannon,outage
33.0,ew_19,relay,BS_2,ew_17,1,1412.732035282096,550.0,optimal_shannon,outage
33.0,we_12,relay,BS_2,ew_17,1,1511.0571229358122,550.0,optimal_shannon,outage
33.0,we_6,relay,BS_3,we_7,1,1367.304318940108,550.0,optimal_shannon,outage
33.0,we_19,relay,BS_3,we_18,1,717.5291798879116,440.00000000000006,optimal_shannon,outage
33.0,ns_1,relay,BS_3,ns_6,1,900.1001315151121,550.0,optimal_shannon,outage
33.0,we_2,relay,BS_3,we_3,1,1516.2445123146426,550.0,optimal_shannon,outage
34.0,we_16,direct,BS_3,-1,1,732.0494590102074,440.00000000000006,optimal_shannon,outage
34.0,se_7,direct,BS_2,-1,1,1539.0871240721242,550.0,optimal_shannon,outage
34.0,sn_5,relay,BS_1,sn_7,1,1359.332319078735,550.0,optimal_shannon,outage
34.0,ew_6,relay,BS_3,ew_4,1,642.4767431807467,330.0,optimal_shannon,outage
34.0,ew_9,relay,BS_3,ew_6,1,639.8504177401414,330.0,optimal_shannon,outage
34.0,se_9,relay,BS_2,we_16,1,1038.782588156695,550.0,optimal_shannon,outage
34.0,sn_19,relay,BS_2,we_16,1,1463.8873211414657,550.0,optimal_shannon,outage
34.0,we_8,relay,BS_1,se_2,1,1179.8973078912632,550.0,optimal_shannon,outage
34.0,we_14,relay,BS_2,se_4,1,1160.6359097282443,550.0,optimal_shannon,outage
34.0,ew_11,relay,BS_2,ew_14,1,922.980065240602,550.0,optimal_shannon,outage
34.0,sn_16,relay,BS_1,sn_17,1,739.6433296108686,440.00000000000006,optimal_shannon,outage
34.0,ns_17,relay,BS_2,we_16,1,1500.095082161221,550.0,optimal_shannon,outage
34.0,sn_17,direct,BS_2,-1,1,1548.2078085599906,550.0,optimal_shannon,outage
34.0,se_4,relay,BS_2,we_14,1,1160.6359097282443,550.0,optimal_shannon,outage
34.0,we_10,relay,BS_1,se_2,1,1210.119199483095,550.0,optimal_shannon,outage
34.0,wn_3,relay,BS_2,wn_5,1,1520.69045099986,550.0,optimal_shannon,outage
34.0,ns_6,relay,BS_3,ns_7,1,1366.9721515927156,550.0,optimal_shannon,outage
34.0,se_2,direct,BS_1,-1,1,1337.409509456574,550.0,optimal_shannon,outage
34.0,ew_0,relay,BS_3,ew_6,1,639.8504177401414,330.0,optimal_shannon,outage
34.0,ew_3,relay,BS_3,ew_6,1,639.8504177401414,330.0,optimal_shannon,outage
34.0,ew_4,relay,BS_3,ew_6,1,639.8504177401414,330.0,optimal_shannon,outage
34.0,ew_13,relay,BS_2,ew_14,1,1515.2174175525738,550.0,optimal_shannon,outage
34.0,sn_18,relay,BS_1,sn_17,1,739.6433296108686,440.00000000000006,optimal_shannon,outage
34.0,ew_17,relay,BS_2,se_7,1,1539.0871240721242,550.0,optimal_shannon,outage
34.0,wn_8,relay,BS_1,sn_17,1,739.6433296108686,440.00000000000006,optimal_shannon,outage
34.0,ew_8,relay,BS_2,ew_14,1,942.5489146240792,550.0,optimal_shannon,outage
34.0,sn_14,relay,BS_1,wn_4,1,447.13045932619576,240.0,optimal_shannon,outage
34.0,ns_11,relay,BS_3,ns_13,1,764.7524470821438,440.00000000000006,optimal_shannon,outage
34.0,we_5,relay,BS_2,se_0,1,1017.2074389715864,550.0,optimal_shannon,outage
34.0,sn_2,relay,BS_1,sn_0,1,1364.9791487456307,550.0,optimal_shannon,outage
34.0,ns_3,relay,BS_3,ns_2,1,1363.3183146749634,550.0,optimal_shannon,outage
34.0,sn_7,direct,BS_1,-1,1,1359.332319078735,550.0,optimal_shannon,outage
34.0,ew_5,relay,BS_3,ew_6,1,639.8504177401414,330.0,optimal_shannon,outage
34.0,sn_1,relay,BS_1,sn_0,1,1364.9791487456307,550.0,optimal_shannon,outage
34.0,wn_2,relay,BS_2,sn_10,1,1630.9764252020386,550.0,optimal_shannon,outage
34.0,ns_14,relay,BS_3,ns_13,1,764.7524470821438,440.00000000000006,optimal_shannon,outage
34.0,we_7,relay,BS_2,se_0,1,966.10295766358,550.0,optimal_shannon,outage
34.0,we_1,relay,BS_3,we_2,1,1571.0467356844897,550.0,optimal_shannon,outage
34.0,ns_5,relay,BS_3,ns_7,1,1366.9721515927156,550.0,optimal_shannon,outage
34.0,we_0,relay,BS_1,we_1,1,1543.025042996535,550.0,optimal_shannon,outage
34.0,ew_7,relay,BS_3,ew_4,1,642.4767431807467,330.0,optimal_shannon,outage
34.0,ns_18,relay,BS_1,sn_17,1,739.6433296108686,440.00000000000006,optimal_shannon,outage
34.0,ns_0,relay,BS_3,ns_2,1,1363.3183146749634,550.0,optimal_shannon,outage
34.0,we_18,relay,BS_2,we_16,1,1526.6281633372412,550.0,optimal_shannon,outage
34.0,sn_13,relay,BS_1,wn_4,1,447.13045932619576,240.0,optimal_shannon,outage
34.0,se_3,relay,BS_2,we_14,1,1142.7036242312977,550.0,optimal_shannon,outage
34.0,se_1,relay,BS_1,se_2,1,1337.409509456574,550.0,optimal_shannon,outage
34.0,se_8,relay,BS_2,se_7,1,1522.683555519577,550.0,optimal_shannon,outage
34.0,ew_10,relay,BS_3,ew_4,1,642.4767431807467,330.0,optimal_shannon,outage
34.0,ns_2,relay,BS_3,ns_7,1,889.1599969765228,550.0,optimal_shannon,outage
34.0,wn_7,relay,BS_1,sn_17,1,739.6433296108686,440.00000000000006,optimal_shannon,outage
34.0,ns_12,relay,BS_3,ns_13,1,764.7524470821438,440.00000000000006,optimal_shannon,outage
34.0,ew_1,direct,BS_3,-1,1,611.3284550609746,330.0,optimal_shannon,outage
34.0,we_3,relay,BS_3,we_2,1,1571.0467356844897,550.0,optimal_shannon,outage
34.0,ns_7,relay,BS_3,ns_2,1,889.1599969765228,550.0,optimal_shannon,outage
34.0,ns_10,relay,BS_3,ns_13,1,764.7524470821438,440.00000000000006,optimal_shannon,outage
34.0,wn_5,relay,BS_1,wn_4,1,447.13045932619576,240.0,optimal_shannon,outage
34.0,ns_13,relay,BS_2,we_16,1,970.0844147710492,550.0,optimal_shannon,outage
34.0,we_17,relay,BS_2,we_16,1,1526.6281633372412,550.0,optimal_shannon,outage
34.0,sn_3,relay,BS_1,sn_0,1,1362.5742730206423,550.0,optimal_shannon,outage
34.0,we_9,relay,BS_1,se_2,1,1202.8126638942354,550.0,optimal_shannon,outage
34.0,ew_16,relay,BS_2,se_7,1,1539.0871240721242,550.0,optimal_shannon,outage
34.0,wn_4,relay,BS_2,wn_5,1,1655.120482634885,550.0,optimal_shannon,outage
34.0,sn_8,relay,BS_3,sn_9,1,657.588740477347,330.0,optimal_shannon,outage
34.0,sn_11,relay,BS_2,sn_10,1,1990.0752236192332,550.0,optimal_shannon,outage
34.0,ns_19,relay,BS_1,sn_17,1,739.6433296108686,440.00000000000006,optimal_shannon,outage
34.0,ew_12,relay,BS_2,ew_14,1,1515.2174175525738,550.0,optimal_shannon,outage
34.0,se_6,relay,BS_2,se_7,1,1539.0871240721242,550.0,optimal_shannon,outage
34.0,ew_15,relay,BS_2,ew_14,1,1515.2174175525738,550.0,optimal_shannon,outage
34.0,sn_10,relay,BS_3,sn_9,1,657.588740477347,330.0,optimal_shannon,outage
34.0,wn_9,relay,BS_2,ew_14,1,1457.5759106549567,550.0,optimal_shannon,outage
34.0,sn_15,relay,BS_1,wn_4,1,447.13045932619576,240.0,optimal_shannon,outage
34.0,ew_18,relay,BS_2,se_7,1,1478.1710788639116,550.0,optimal_shannon,outage
34.0,we_11,relay,BS_1,se_2,1,1205.8016907207273,550.0,optimal_shannon,outage
34.0,sn_4,relay,BS_1,sn_7,1,1359.332319078735,550.0,optimal_shannon,outage
34.0,ns_16,relay,BS_2,we_16,1,1526.6281633372412,550.0,optimal_shannon,outage
34.0,sn_6,relay,BS_1,sn_7,1,1359.332319078735,550.0,optimal_shannon,outage
34.0,sn_0,direct,BS_1,-1,1,1364.9791487456307,550.0,optimal_shannon,outage
34.0,ns_9,relay,BS_3,ns_13,1,764.7524470821438,440.00000000000006,optimal_shannon,outage
34.0,ns_15,relay,BS_3,ns_13,1,764.7524470821438,440.00000000000006,optimal_shannon,outage
34.0,ns_4,relay,BS_3,ns_7,1,1366.9721515927156,550.0,optimal_shannon,outage
34.0,ns_8,relay,BS_3,ns_13,1,764.7524470821438,440.00000000000006,optimal_shannon,outage
34.0,ew_2,relay,BS_3,ew_4,1,642.4767431807467,330.0,optimal_shannon,outage
34.0,we_15,relay,BS_2,se_4,1,1140.0470558569016,550.0,optimal_shannon,outage
34.0,wn_1,relay,BS_2,sn_10,1,1540.953712524463,550.0,optimal_shannon,outage
34.0,we_4,relay,BS_2,se_0,1,1028.160651646561,550.0,optimal_shannon,outage
34.0,ew_14,relay,BS_3,we_19,1,726.768242509686,440.00000000000006,optimal_shannon,outage
34.0,sn_12,relay,BS_2,wn_5,1,1647.9180617055133,550.0,optimal_shannon,outage
34.0,we_13,relay,BS_2,we_14,1,1544.0207497956835,550.0,optimal_shannon,outage
34.0,sn_9,relay,BS_2,sn_10,1,2237.775551979355,550.0,optimal_shannon,outage
34.0,se_5,relay,BS_2,we_14,1,1217.7579403502332,550.0,optimal_shannon,outage
34.0,wn_6,relay,BS_1,sn_17,1,739.6433296108686,440.00000000000006,optimal_shannon,outage
34.0,se_0,relay,BS_1,se_2,1,1337.409509456574,550.0,optimal_shannon,outage
34.0,wn_0,relay,BS_3,sn_9,1,657.588740477347,330.0,optimal_shannon,outage
34.0,ew_19,relay,BS_2,se_7,1,1347.2946790239569,550.0,optimal_shannon,outage
34.0,we_12,relay,BS_2,we_14,1,1544.0207497956835,550.0,optimal_shannon,outage
34.0,we_6,relay,BS_2,se_0,1,1003.2680376516236,550.0,optimal_shannon,outage
34.0,we_19,relay,BS_2,we_16,1,1402.434654668149,550.0,optimal_shannon,outage
34.0,ns_1,relay,BS_3,ns_2,1,1363.3183146749634,550.0,optimal_shannon,outage
34.0,we_2,relay,BS_1,we_3,1,1590.588751361497,550.0,optimal_shannon,outage
35.0,we_16,relay,BS_2,we_19,1,1463.5551413681574,550.0,optimal_shannon,outage
35.0,se_7,relay,BS_2,we_18,1,1166.6135016986173,550.0,optimal_shannon,outage
35.0,sn_5,relay,BS_1,sn_10,1,894.1325762309967,550.0,optimal_shannon,outage
35.0,ew_6,relay,BS_2,ew_0,1,947.5246838337688,550.0,optimal_shannon,outage
35.0,ew_9,direct,BS_3,-1,1,662.5202825539842,330.0,optimal_shannon,outage
35.0,se_9,relay,BS_3,ns_16,1,741.9549873276213,440.00000000000006,optimal_shannon,outage
35.0,sn_19,relay,BS_1,sn_16,1,752.8556771365795,440.00000000000006,optimal_shannon,outage
35.0,we_8,relay,BS_3,we_9,1,807.4202991485878,440.00000000000006,optimal_shannon,outage
35.0,we_14,direct,BS_2,-1,1,1546.0016502857457,550.0,optimal_shannon,outage
35.0,ew_11,relay,BS_1,ew_12,1,698.7341124127306,440.00000000000006,optimal_shannon,outage
35.0,sn_16,relay,BS_2,sn_17,1,1579.4152230468962,550.0,optimal_shannon,outage
35.0,ns_17,relay,BS_1,ns_19,1,726.4382079249352,440.00000000000006,optimal_shannon,outage
35.0,sn_17,relay,BS_1,sn_16,1,752.8556771365795,440.00000000000006,optimal_shannon,outage
35.0,se_4,relay,BS_3,we_14,1,776.6541390835753,440.00000000000006,optimal_shannon,outage
35.0,we_10,relay,BS_3,we_9,1,807.4202991485878,440.00000000000006,optimal_shannon,outage
35.0,wn_3,relay,BS_2,wn_4,1,1671.672227123494,550.0,optimal_shannon,outage
35.0,ns_6,relay,BS_2,ns_0,1,922.980065240602,550.0,optimal_shannon,outage
35.0,se_2,relay,BS_2,we_10,1,1236.3569700530463,550.0,optimal_shannon,outage
35.0,ew_0,direct,BS_3,-1,1,605.1099574136563,330.0,optimal_shannon,outage
35.0,ew_3,relay,BS_2,ew_0,1,1276.877788071845,550.0,optimal_shannon,outage
35.0,ew_4,relay,BS_2,ew_0,1,915.3526984168464,550.0,optimal_shannon,outage
35.0,ew_13,relay,BS_1,ew_12,1,698.7341124127306,440.00000000000006,optimal_shannon,outage
35.0,sn_18,relay,BS_2,sn_17,1,1579.4152230468962,550.0,optimal_shannon,outage
35.0,ew_17,relay,BS_1,ns_19,1,726.4382079249352,440.00000000000006,optimal_shannon,outage
35.0,wn_8,relay,BS_1,sn_16,1,752.8556771365795,440.00000000000006,optimal_shannon,outage
35.0,ew_8,relay,BS_1,ew_12,1,698.7341124127306,440.00000000000006,optimal_shannon,outage
35.0,sn_14,relay,BS_2,wn_4,1,1485.1468860868,550.0,optimal_shannon,outage
35.0,ns_11,relay,BS_3,ns_8,1,1308.1795943811044,550.0,optimal_shannon,outage
35.0,we_5,relay,BS_3,we_7,1,1395.9705977289295,550.0,optimal_shannon,outage
35.0,sn_2,relay,BS_2,sn_5,1,879.8788263938477,550.0,optimal_shannon,outage
35.0,ns_3,relay,BS_2,ns_0,1,1190.5120574306648,550.0,optimal_shannon,outage
35.0,sn_7,relay,BS_2,sn_5,1,1683.7945374297954,550.0,optimal_shannon,outage
35.0,ew_5,relay,BS_2,ew_0,1,926.959830357007,550.0,optimal_shannon,outage
35.0,sn_1,direct,BS_1,-1,1,1345.0492431586404,550.0,optimal_shannon,outage
35.0,wn_2,relay,BS_2,sn_9,1,1821.653795466851,550.0,optimal_shannon,outage
35.0,ns_14,relay,BS_3,ns_16,1,741.9549873276213,440.00000000000006,optimal_shannon,outage
35.0,we_7,direct,BS_1,-1,1,1384.639444430897,550.0,optimal_shannon,outage
35.0,we_1,direct,BS_1,-1,1,1618.5151370832966,550.0,optimal_shannon,outage
35.0,ns_5,relay,BS_2,ns_0,1,916.0159200808766,550.0,optimal_shannon,outage
35.0,we_0,direct,BS_1,-1,1,1586.2170530623036,550.0,optimal_shannon,outage
35.0,ew_7,relay,BS_2,ew_0,1,947.5246838337688,550.0,optimal_shannon,outage
35.0,ns_18,relay,BS_2,we_19,1,1300.128207379923,550.0,optimal_shannon,outage
35.0,ns_0,direct,BS_3,-1,1,1342.3919402813517,550.0,optimal_shannon,outage
35.0,we_18,relay,BS_2,we_19,1,1531.3854953594914,550.0,optimal_shannon,outage
35.0,sn_13,relay,BS_2,wn_4,1,1547.5974195289732,550.0,optimal_shannon,outage
35.0,se_3,relay,BS_3,we_14,1,776.6541390835753,440.00000000000006,optimal_shannon,outage
35.0,se_1,relay,BS_2,we_10,1,1214.768857177825,550.0,optimal_shannon,outage
35.0,se_8,relay,BS_2,we_18,1,1249.974409011223,550.0,optimal_shannon,outage
35.0,ew_10,relay,BS_1,ew_12,1,698.7341124127306,440.00000000000006,optimal_shannon,outage
35.0,ns_2,relay,BS_2,ns_0,1,1190.5120574306648,550.0,optimal_shannon,outage
35.0,wn_7,relay,BS_1,sn_16,1,752.8556771365795,440.00000000000006,optimal_shannon,outage
35.0,ns_12,relay,BS_3,ns_10,1,924.9699252182646,550.0,optimal_shannon,outage
35.0,ew_1,relay,BS_2,ew_0,1,1545.6043067085027,550.0,optimal_shannon,outage
35.0,we_3,direct,BS_3,-1,1,1667.602061456481,550.0,optimal_shannon,outage
35.0,ns_7,relay,BS_2,ns_0,1,893.1380320417753,550.0,optimal_shannon,outage
35.0,ns_10,relay,BS_3,ns_8,1,1308.1795943811044,550.0,optimal_shannon,outage
35.0,wn_5,relay,BS_2,wn_4,1,1671.672227123494,550.0,optimal_shannon,outage
35.0,ns_13,relay,BS_3,ns_8,1,932.5981347964744,550.0,optimal_shannon,outage
35.0,we_17,relay,BS_2,we_18,1,1532.791039951628,550.0,optimal_shannon,outage
35.0,sn_3,relay,BS_2,sn_5,1,867.9478799466608,550.0,optimal_shannon,outage
35.0,we_9,relay,BS_2,we_10,1,1545.3639203170198,550.0,optimal_shannon,outage
35.0,ew_16,relay,BS_2,we_19,1,1339.987096536703,550.0,optimal_shannon,outage
35.0,wn_4,relay,BS_1,wn_3,1,755.8293857547917,440.00000000000006,optimal_shannon,outage
35.0,sn_8,relay,BS_2,sn_9,1,1971.804638995824,550.0,optimal_shannon,outage
35.0,sn_11,relay,BS_2,sn_9,1,2286.4633485310655,550.0,optimal_shannon,outage
35.0,ns_19,relay,BS_2,we_19,1,1367.2246102936597,550.0,optimal_shannon,outage
35.0,ew_12,relay,BS_1,ns_19,1,726.4382079249352,440.00000000000006,optimal_shannon,outage
35.0,se_6,relay,BS_2,we_18,1,1130.085088451992,550.0,optimal_shannon,outage
35.0,ew_15,relay,BS_1,ns_19,1,726.4382079249352,440.00000000000006,optimal_shannon,outage
35.0,sn_10,relay,BS_2,sn_9,1,2286.4633485310655,550.0,optimal_shannon,outage
35.0,wn_9,relay,BS_1,ns_19,1,726.4382079249352,440.00000000000006,optimal_shannon,outage
35.0,sn_15,relay,BS_2,wn_4,1,1400.4416182581565,550.0,optimal_shannon,outage
35.0,ew_18,relay,BS_2,we_19,1,1446.281836235957,550.0,optimal_shannon,outage
35.0,we_11,relay,BS_2,we_10,1,1545.3639203170198,550.0,optimal_shannon,outage
35.0,sn_4,relay,BS_2,sn_5,1,1711.034135911904,550.0,optimal_shannon,outage
35.0,ns_16,relay,BS_2,we_19,1,1205.137461271025,550.0,optimal_shannon,outage
35.0,sn_6,relay,BS_1,sn_10,1,889.4914911466104,550.0,optimal_shannon,outage
35.0,sn_0,relay,BS_2,sn_5,1,914.6894821159324,550.0,optimal_shannon,outage
35.0,ns_9,relay,BS_3,ns_8,1,1308.1795943811044,550.0,optimal_shannon,outage
35.0,ns_15,relay,BS_3,ns_16,1,741.9549873276213,440.00000000000006,optimal_shannon,outage
35.0,ns_4,relay,BS_3,ns_10,1,909.3839477647988,550.0,optimal_shannon,outage
35.0,ns_8,relay,BS_3,ns_10,1,1303.8615934915035,550.0,optimal_shannon,outage
35.0,ew_2,relay,BS_2,ew_0,1,1367.2246102936597,550.0,optimal_shannon,outage
35.0,we_15,relay,BS_3,we_14,1,776.6541390835753,440.00000000000006,optimal_shannon,outage
35.0,wn_1,relay,BS_2,sn_9,1,1743.5888252681546,550.0,optimal_shannon,outage
35.0,we_4,relay,BS_3,we_7,1,1392.137318184675,550.0,optimal_shannon,outage
35.0,ew_14,relay,BS_1,ns_19,1,726.4382079249352,440.00000000000006,optimal_shannon,outage
35.0,sn_12,relay,BS_2,wn_4,1,1580.1516754099644,550.0,optimal_shannon,outage
35.0,we_13,relay,BS_3,we_14,1,776.6541390835753,440.00000000000006,optimal_shannon,outage
35.0,sn_9,relay,BS_1,sn_10,1,1369.297324249453,550.0,optimal_shannon,outage
35.0,se_5,relay,BS_3,we_14,1,776.6541390835753,440.00000000000006,optimal_shannon,outage
35.0,wn_6,relay,BS_1,sn_16,1,752.8556771365795,440.00000000000006,optimal_shannon,outage
35.0,se_0,relay,BS_2,we_10,1,1217.7579403502332,550.0,optimal_shannon,outage
35.0,wn_0,relay,BS_2,sn_9,1,1771.492878171311,550.0,optimal_shannon,outage
35.0,ew_19,relay,BS_2,we_18,1,1453.921941299761,550.0,optimal_shannon,outage
35.0,we_12,relay,BS_3,we_14,1,776.6541390835753,440.00000000000006,optimal_shannon,outage
35.0,we_6,relay,BS_3,we_7,1,1395.9705977289295,550.0,optimal_shannon,outage
35.0,we_19,relay,BS_2,we_18,1,1532.791039951628,550.0,optimal_shannon,outage
35.0,ns_1,relay,BS_2,ns_0,1,1190.5120574306648,550.0,optimal_shannon,outage
35.0,we_2,relay,BS_1,we_3,1,1635.2948793506846,550.0,optimal_shannon,outage
36.0,we_16,relay,BS_2,se_8,1,1356.26312005182,550.0,optimal_shannon,outage
36.0,se_7,relay,BS_2,se_8,1,1545.9136325452976,550.0,optimal_shannon,outage
36.0,sn_5,relay,BS_3,sn_7,1,603.4741853422017,330.0,optimal_shannon,outage
36.0,ew_6,relay,BS_1,ew_7,1,620.8273707315864,330.0,optimal_shannon,outage
36.0,ew_9,relay,BS_2,ew_12,1,922.980065240602,550.0,optimal_shannon,outage
36.0,se_9,direct,BS_2,-1,1,1523.3655617279662,550.0,optimal_shannon,outage
36.0,sn_19,relay,BS_2,wn_7,1,1330.3544267930156,550.0,optimal_shannon,outage
36.0,we_8,relay,BS_3,we_11,1,1357.0071590805744,550.0,optimal_shannon,outage
36.0,we_14,relay,BS_2,se_5,1,1283.8528612546247,550.0,optimal_shannon,outage
36.0,ew_11,direct,BS_1,-1,1,653.6447893207176,330.0,optimal_shannon,outage
36.0,sn_16,relay,BS_2,wn_7,1,1618.6916049718052,550.0,optimal_shannon,outage
36.0,ns_17,relay,BS_2,se_9,1,1078.951731958124,550.0,optimal_shannon,outage
36.0,sn_17,relay,BS_2,wn_7,1,1544.2755651679956,550.0,optimal_shannon,outage
36.0,se_4,relay,BS_2,se_5,1,1549.62982704871,550.0,optimal_shannon,outage
36.0,we_10,relay,BS_3,we_11,1,1357.0071590805744,550.0,optimal_shannon,outage
36.0,wn_3,relay,BS_1,wn_4,1,1041.1858723805435,550.0,optimal_shannon,outage
36.0,ns_6,relay,BS_1,ns_5,1,609.6916202894747,330.0,optimal_shannon,outage
36.0,se_2,relay,BS_3,we_11,1,1292.1565796743994,550.0,optimal_shannon,outage
36.0,ew_0,relay,BS_1,ew_1,1,595.2996984968696,330.0,optimal_shannon,outage
36.0,ew_3,relay,BS_1,ew_7,1,620.8273707315864,330.0,optimal_shannon,outage
36.0,ew_4,relay,BS_1,ew_7,1,620.8273707315864,330.0,optimal_shannon,outage
36.0,ew_13,relay,BS_2,ew_12,1,1020.3169328882128,550.0,optimal_shannon,outage
36.0,sn_18,relay,BS_2,wn_7,1,1434.3234472659817,550.0,optimal_shannon,outage
36.0,ew_17,relay,BS_2,se_9,1,1152.9979916439825,550.0,optimal_shannon,outage
36.0,wn_8,relay,BS_2,wn_7,1,1595.1001031993264,550.0,optimal_shannon,outage
36.0,ew_8,relay,BS_2,ew_12,1,920.6586198477607,550.0,optimal_shannon,outage
36.0,sn_14,relay,BS_1,wn_4,1,1041.1858723805435,550.0,optimal_shannon,outage
36.0,ns_11,relay,BS_3,ns_8,1,1313.4940774352006,550.0,optimal_shannon,outage
36.0,we_5,relay,BS_3,we_7,1,1499.5214647001806,550.0,optimal_shannon,outage
36.0,sn_2,relay,BS_3,sn_7,1,603.4741853422017,330.0,optimal_shannon,outage
36.0,ns_3,relay,BS_1,ns_5,1,609.6916202894747,330.0,optimal_shannon,outage
36.0,sn_7,direct,BS_3,-1,1,603.4741853422017,330.0,optimal_shannon,outage
36.0,ew_5,relay,BS_1,ew_7,1,620.8273707315864,330.0,optimal_shannon,outage
36.0,sn_1,relay,BS_3,sn_7,1,603.4741853422017,330.0,optimal_shannon,outage
36.0,wn_2,direct,BS_1,-1,1,1372.9511726960225,550.0,optimal_shannon,outage
36.0,ns_14,relay,BS_3,ns_11,1,934.5882074042872,550.0,optimal_shannon,outage
36.0,we_7,relay,BS_1,we_6,1,1466.9147872250192,550.0,optimal_shannon,outage
36.0,we_1,direct,BS_1,-1,1,1671.3772772452264,550.0,optimal_shannon,outage
36.0,ns_5,direct,BS_2,-1,1,1230.2787929199849,550.0,optimal_shannon,outage
36.0,we_0,direct,BS_3,-1,1,1676.566724662991,550.0,optimal_shannon,outage
36.0,ew_7,relay,BS_1,ew_1,1,595.2996984968696,330.0,optimal_shannon,outage
36.0,ns_18,relay,BS_2,se_9,1,1124.1080377681706,550.0,optimal_shannon,outage
36.0,ns_0,relay,BS_1,ns_5,1,609.6916202894747,330.0,optimal_shannon,outage
36.0,we_18,relay,BS_2,se_8,1,1290.8279804935448,550.0,optimal_shannon,outage
36.0,sn_13,relay,BS_1,wn_4,1,1041.1858723805435,550.0,optimal_shannon,outage
36.0,se_3,relay,BS_2,se_5,1,1549.62982704871,550.0,optimal_shannon,outage
36.0,se_1,relay,BS_3,we_11,1,1278.5385154849118,550.0,optimal_shannon,outage
36.0,se_8,relay,BS_3,we_18,1,751.8645147595671,440.00000000000006,optimal_shannon,outage
36.0,ew_10,relay,BS_2,ew_12,1,923.9749895453648,550.0,optimal_shannon,outage
36.0,ns_2,relay,BS_1,ns_5,1,609.6916202894747,330.0,optimal_shannon,outage
36.0,wn_7,direct,BS_3,-1,1,702.0301560235583,440.00000000000006,optimal_shannon,outage
36.0,ns_12,relay,BS_3,ns_11,1,912.0366710384916,550.0,optimal_shannon,outage
36.0,ew_1,relay,BS_1,ew_7,1,620.8273707315864,330.0,optimal_shannon,outage
36.0,we_3,direct,BS_3,-1,1,1724.772721243986,550.0,optimal_shannon,outage
36.0,ns_7,relay,BS_1,ns_5,1,609.6916202894747,330.0,optimal_shannon,outage
36.0,ns_10,relay,BS_3,ns_11,1,1359.332319078735,550.0,optimal_shannon,outage
36.0,wn_5,relay,BS_1,wn_4,1,1041.1858723805435,550.0,optimal_shannon,outage
36.0,ns_13,relay,BS_3,ns_8,1,900.7632233816925,550.0,optimal_shannon,outage
36.0,we_17,relay,BS_3,we_18,1,751.8645147595671,440.00000000000006,optimal_shannon,outage
36.0,sn_3,relay,BS_3,sn_7,1,603.4741853422017,330.0,optimal_shannon,outage
36.0,we_9,relay,BS_3,we_11,1,1357.0071590805744,550.0,optimal_shannon,outage
36.0,ew_16,relay,BS_2,se_9,1,1143.367769114686,550.0,optimal_shannon,outage
36.0,wn_4,direct,BS_2,-1,1,1667.5225843980852,550.0,optimal_shannon,outage
36.0,sn_8,relay,BS_2,wn_2,1,1866.8318902134436,550.0,optimal_shannon,outage
36.0,sn_11,relay,BS_2,wn_2,1,1743.921016206251,550.0,optimal_shannon,outage
36.0,ns_19,relay,BS_2,se_9,1,1152.9979916439825,550.0,optimal_shannon,outage
36.0,ew_12,direct,BS_1,-1,1,688.1908602332079,440.00000000000006,optimal_shannon,outage
36.0,se_6,relay,BS_2,se_8,1,1429.6729753344243,550.0,optimal_shannon,outage
36.0,ew_15,relay,BS_2,ew_12,1,1020.3169328882128,550.0,optimal_shannon,outage
36.0,sn_10,relay,BS_2,wn_2,1,1743.5888252681546,550.0,optimal_shannon,outage
36.0,wn_9,relay,BS_2,se_9,1,1503.4169101031432,550.0,optimal_shannon,outage
36.0,sn_15,relay,BS_1,wn_4,1,1041.1858723805435,550.0,optimal_shannon,outage
36.0,ew_18,relay,BS_2,se_9,1,1182.8862127583004,550.0,optimal_shannon,outage
36.0,we_11,direct,BS_2,-1,1,1542.9363805821786,550.0,optimal_shannon,outage
36.0,sn_4,relay,BS_3,sn_7,1,603.4741853422017,330.0,optimal_shannon,outage
36.0,ns_16,relay,BS_2,se_9,1,1068.659785549574,550.0,optimal_shannon,outage
36.0,sn_6,relay,BS_3,sn_7,1,603.4741853422017,330.0,optimal_shannon,outage
36.0,sn_0,relay,BS_3,sn_7,1,603.4741853422017,330.0,optimal_shannon,outage
36.0,ns_9,relay,BS_3,ns_11,1,1359.332319078735,550.0,optimal_shannon,outage
36.0,ns_15,relay,BS_3,ns_8,1,925.3015729553204,550.0,optimal_shannon,outage
36.0,ns_4,relay,BS_3,ns_11,1,875.9015882191636,550.0,optimal_shannon,outage
36.0,ns_8,relay,BS_3,ns_11,1,1359.332319078735,550.0,optimal_shannon,outage
36.0,ew_2,relay,BS_1,ew_1,1,595.2996984968696,330.0,optimal_shannon,outage
36.0,we_15,relay,BS_2,se_5,1,1262.9277891119684,550.0,optimal_shannon,outage
36.0,wn_1,relay,BS_2,wn_2,1,2258.4868892342815,550.0,optimal_shannon,outage
36.0,we_4,relay,BS_1,we_6,1,1424.3581594058885,550.0,optimal_shannon,outage
36.0,ew_14,relay,BS_2,ew_12,1,1020.3169328882128,550.0,optimal_shannon,outage
36.0,sn_12,relay,BS_1,wn_4,1,1041.1858723805435,550.0,optimal_shannon,outage
36.0,we_13,relay,BS_2,se_5,1,1283.8528612546247,550.0,optimal_shannon,outage
36.0,sn_9,relay,BS_2,wn_2,1,1816.338728290064,550.0,optimal_shannon,outage
36.0,se_5,direct,BS_1,-1,1,755.498957416204,440.00000000000006,optimal_shannon,outage
36.0,wn_6,relay,BS_2,wn_7,1,1618.6916049718052,550.0,optimal_shannon,outage
36.0,se_0,relay,BS_3,we_11,1,1294.813782753332,550.0,optimal_shannon,outage
36.0,wn_0,relay,BS_2,wn_2,1,2258.4868892342815,550.0,optimal_shannon,outage
36.0,ew_19,relay,BS_2,se_9,1,1224.4003948756383,550.0,optimal_shannon,outage
36.0,we_12,relay,BS_2,se_5,1,1262.9277891119684,550.0,optimal_shannon,outage
36.0,we_6,relay,BS_3,we_7,1,1499.5214647001806,550.0,optimal_shannon,outage
36.0,we_19,relay,BS_2,se_8,1,1236.3569700530463,550.0,optimal_shannon,outage
36.0,ns_1,relay,BS_1,ns_5,1,609.6916202894747,330.0,optimal_shannon,outage
36.0,we_2,relay,BS_1,we_6,1,876.5644438206458,550.0,optimal_shannon,outage
37.0,we_16,relay,BS_1,we_18,1,758.8034213540146,440.00000000000006,optimal_shannon,outage
37.0,se_7,relay,BS_1,we_18,1,758.8034213540146,440.00000000000006,optimal_shannon,outage
37.0,sn_5,relay,BS_2,sn_7,1,1533.977827742418,550.0,optimal_shannon,outage
37.0,ew_6,relay,BS_3,ew_0,1,588.4389808998469,330.0,optimal_shannon,outage
37.0,ew_9,relay,BS_1,ew_10,1,643.7901177340078,330.0,optimal_shannon,outage
37.0,se_9,relay,BS_1,we_18,1,758.8034213540146,440.00000000000006,optimal_shannon,outage
37.0,sn_19,relay,BS_3,wn_7,1,692.4732886963598,440.00000000000006,optimal_shannon,outage
37.0,we_8,relay,BS_1,we_10,1,1353.0211777094507,550.0,optimal_shannon,outage
37.0,we_14,relay,BS_3,se_5,1,1035.5428220716346,550.0,optimal_shannon,outage
37.0,ew_11,relay,BS_1,ew_10,1,643.7901177340078,330.0,optimal_shannon,outage
37.0,sn_16,relay,BS_3,wn_7,1,692.4732886963598,440.00000000000006,optimal_shannon,outage
37.0,ns_17,relay,BS_3,ns_14,1,931.2714434874636,550.0,optimal_shannon,outage
37.0,sn_17,relay,BS_1,sn_16,1,775.0008466928666,440.00000000000006,optimal_shannon,outage
37.0,se_4,relay,BS_3,se_5,1,1035.5428220716346,550.0,optimal_shannon,outage
37.0,we_10,relay,BS_1,se_0,1,1346.6303519728465,550.0,optimal_shannon,outage
37.0,wn_3,relay,BS_2,sn_14,1,1830.622972773473,550.0,optimal_shannon,outage
37.0,ns_6,relay,BS_1,ns_7,1,597.9147281752057,330.0,optimal_shannon,outage
37.0,se_2,relay,BS_1,se_0,1,1371.9546678912122,550.0,optimal_shannon,outage
37.0,ew_0,direct,BS_2,-1,1,1450.4834204012132,550.0,optimal_shannon,outage
37.0,ew_3,relay,BS_3,ew_0,1,588.4389808998469,330.0,optimal_shannon,outage
37.0,ew_4,relay,BS_1,ew_10,1,643.7901177340078,330.0,optimal_shannon,outage
37.0,ew_13,relay,BS_1,ew_10,1,643.7901177340078,330.0,optimal_shannon,outage
37.0,sn_18,relay,BS_1,sn_16,1,775.0008466928666,440.00000000000006,optimal_shannon,outage
37.0,ew_17,direct,BS_2,-1,1,1516.8376627991747,550.0,optimal_shannon,outage
37.0,wn_8,relay,BS_1,sn_18,1,773.0170126255646,440.00000000000006,optimal_shannon,outage
37.0,ew_8,relay,BS_1,ew_10,1,643.7901177340078,330.0,optimal_shannon,outage
37.0,sn_14,direct,BS_2,-1,1,2270.0829729005363,550.0,optimal_shannon,outage
37.0,ns_11,relay,BS_3,ns_9,1,1361.989648501154,550.0,optimal_shannon,outage
37.0,we_5,relay,BS_1,we_6,1,1555.603714402398,550.0,optimal_shannon,outage
37.0,sn_2,relay,BS_2,sn_7,1,900.1001315151121,550.0,optimal_shannon,outage
37.0,ns_3,relay,BS_1,ns_7,1,597.9147281752057,330.0,optimal_shannon,outage
37.0,sn_7,direct,BS_2,-1,1,2323.276160451614,550.0,optimal_shannon,outage
37.0,ew_5,relay,BS_3,ew_0,1,588.4389808998469,330.0,optimal_shannon,outage
37.0,sn_1,relay,BS_2,sn_7,1,881.8675384486822,550.0,optimal_shannon,outage
37.0,wn_2,relay,BS_3,sn_10,1,626.0718622324058,330.0,optimal_shannon,outage
37.0,ns_14,relay,BS_3,ns_15,1,1038.5302987046537,550.0,optimal_shannon,outage
37.0,we_7,relay,BS_1,we_6,1,1555.603714402398,550.0,optimal_shannon,outage
37.0,we_1,relay,BS_1,we_5,1,901.0947715414565,550.0,optimal_shannon,outage
37.0,ns_5,relay,BS_1,ns_7,1,597.9147281752057,330.0,optimal_shannon,outage
37.0,we_0,relay,BS_1,we_6,1,964.1122798350874,550.0,optimal_shannon,outage
37.0,ew_7,relay,BS_3,ew_0,1,588.4389808998469,330.0,optimal_shannon,outage
37.0,ns_18,relay,BS_3,ns_14,1,924.3066335104012,550.0,optimal_shannon,outage
37.0,ns_0,relay,BS_1,ns_7,1,597.9147281752057,330.0,optimal_shannon,outage
37.0,we_18,direct,BS_2,-1,1,1543.1064185641465,550.0,optimal_shannon,outage
37.0,sn_13,relay,BS_2,sn_14,1,2270.0829729005363,550.0,optimal_shannon,outage
37.0,se_3,relay,BS_3,se_5,1,1035.5428220716346,550.0,optimal_shannon,outage
37.0,se_1,relay,BS_1,se_0,1,1371.9546678912122,550.0,optimal_shannon,outage
37.0,se_8,relay,BS_1,we_18,1,758.8034213540146,440.00000000000006,optimal_shannon,outage
37.0,ew_10,relay,BS_2,ew_15,1,941.5537904996178,550.0,optimal_shannon,outage
37.0,ns_2,relay,BS_1,ns_7,1,597.9147281752057,330.0,optimal_shannon,outage
37.0,wn_7,relay,BS_1,sn_16,1,775.0008466928666,440.00000000000006,optimal_shannon,outage
37.0,ns_12,relay,BS_3,ns_15,1,1038.5302987046537,550.0,optimal_shannon,outage
37.0,ew_1,relay,BS_3,ew_0,1,588.4389808998469,330.0,optimal_shannon,outage
37.0,we_3,direct,BS_3,-1,1,1770.8050318147816,550.0,optimal_shannon,outage
37.0,ns_7,direct,BS_1,-1,1,597.9147281752057,330.0,optimal_shannon,outage
37.0,ns_10,relay,BS_3,ns_9,1,1361.989648501154,550.0,optimal_shannon,outage
37.0,wn_5,relay,BS_2,sn_14,1,1699.4074731553442,550.0,optimal_shannon,outage
37.0,ns_13,relay,BS_3,ns_15,1,1038.5302987046537,550.0,optimal_shannon,outage
37.0,we_17,relay,BS_1,we_18,1,758.8034213540146,440.00000000000006,optimal_shannon,outage
37.0,sn_3,relay,BS_2,sn_7,1,868.279263458878,550.0,optimal_shannon,outage
37.0,we_9,relay,BS_1,we_10,1,1353.0211777094507,550.0,optimal_shannon,outage
37.0,ew_16,relay,BS_2,ew_17,1,1516.8376627991747,550.0,optimal_shannon,outage
37.0,wn_4,relay,BS_2,sn_14,1,1821.32160374922,550.0,optimal_shannon,outage
37.0,sn_8,relay,BS_3,sn_10,1,626.0718622324058,330.0,optimal_shannon,outage
37.0,sn_11,relay,BS_3,sn_10,1,626.0718622324058,330.0,optimal_shannon,outage
37.0,ns_19,relay,BS_3,ns_15,1,895.4586568726037,550.0,optimal_shannon,outage
37.0,ew_12,relay,BS_2,ew_15,1,1347.8818888126648,550.0,optimal_shannon,outage
37.0,se_6,relay,BS_1,we_18,1,758.8034213540146,440.00000000000006,optimal_shannon,outage
37.0,ew_15,relay,BS_1,ew_10,1,643.7901177340078,330.0,optimal_shannon,outage
37.0,sn_10,direct,BS_3,-1,1,626.0718622324058,330.0,optimal_shannon,outage
37.0,wn_9,relay,BS_2,ew_17,1,992.6483991177992,550.0,optimal_shannon,outage
37.0,sn_15,relay,BS_2,sn_14,1,1963.1676362697176,550.0,optimal_shannon,outage
37.0,ew_18,relay,BS_2,ew_17,1,1516.8376627991747,550.0,optimal_shannon,outage
37.0,we_11,relay,BS_1,se_0,1,1371.9546678912122,550.0,optimal_shannon,outage
37.0,sn_4,relay,BS_2,sn_7,1,1371.542790909705,550.0,optimal_shannon,outage
37.0,ns_16,relay,BS_3,ns_15,1,913.3630657022376,550.0,optimal_shannon,outage
37.0,sn_6,relay,BS_2,sn_7,1,1782.455191818086,550.0,optimal_shannon,outage
37.0,sn_0,relay,BS_2,sn_7,1,938.2367831748912,550.0,optimal_shannon,outage
37.0,ns_9,direct,BS_3,-1,1,1361.989648501154,550.0,optimal_shannon,outage
37.0,ns_15,relay,BS_3,ns_14,1,1015.6275677759644,550.0,optimal_shannon,outage
37.0,ns_4,relay,BS_1,ns_7,1,597.9147281752057,330.0,optimal_shannon,outage
37.0,ns_8,relay,BS_3,ns_9,1,1361.989648501154,550.0,optimal_shannon,outage
37.0,ew_2,relay,BS_3,ew_0,1,588.4389808998469,330.0,optimal_shannon,outage
37.0,we_15,relay,BS_3,se_5,1,1035.5428220716346,550.0,optimal_shannon,outage
37.0,wn_1,relay,BS_3,sn_10,1,626.0718622324058,330.0,optimal_shannon,outage
37.0,we_4,relay,BS_1,we_5,1,1528.0401947927317,550.0,optimal_shannon,outage
37.0,ew_14,relay,BS_2,ew_15,1,1347.8818888126648,550.0,optimal_shannon,outage
37.0,sn_12,relay,BS_2,sn_14,1,2270.0829729005363,550.0,optimal_shannon,outage
37.0,we_13,relay,BS_3,se_5,1,1035.5428220716346,550.0,optimal_shannon,outage
37.0,sn_9,relay,BS_3,sn_10,1,626.0718622324058,330.0,optimal_shannon,outage
37.0,se_5,direct,BS_2,-1,1,1548.44204773154,550.0,optimal_shannon,outage
37.0,wn_6,relay,BS_1,sn_18,1,773.0170126255646,440.00000000000006,optimal_shannon,outage
37.0,se_0,relay,BS_1,we_10,1,1346.6303519728465,550.0,optimal_shannon,outage
37.0,wn_0,relay,BS_3,sn_10,1,626.0718622324058,330.0,optimal_shannon,outage
37.0,ew_19,relay,BS_2,ew_17,1,1516.8376627991747,550.0,optimal_shannon,outage
37.0,we_12,relay,BS_3,se_5,1,1035.5428220716346,550.0,optimal_shannon,outage
37.0,we_6,relay,BS_1,we_5,1,1528.0401947927317,550.0,optimal_shannon,outage
37.0,we_19,relay,BS_1,we_18,1,758.8034213540146,440.00000000000006,optimal_shannon,outage
37.0,ns_1,relay,BS_1,ns_7,1,597.9147281752057,330.0,optimal_shannon,outage
37.0,we_2,relay,BS_1,we_6,1,876.5644438206458,550.0,optimal_shannon,outage
38.0,we_16,relay,BS_1,we_17,1,769.7109102304257,440.00000000000006,optimal_shannon,outage
38.0,se_7,relay,BS_1,we_17,1,769.7109102304257,440.00000000000006,optimal_shannon,outage
38.0,sn_5,relay,BS_1,sn_7,1,1346.045732869299,550.0,optimal_shannon,outage
38.0,ew_6,relay,BS_3,ew_7,1,600.2035061260767,330.0,optimal_shannon,outage
38.0,ew_9,relay,BS_2,ew_10,1,1756.5442749545796,550.0,optimal_shannon,outage
38.0,se_9,relay,BS_1,we_17,1,769.7109102304257,440.00000000000006,optimal_shannon,outage
38.0,sn_19,relay,BS_2,sn_17,1,1383.6451006676675,550.0,optimal_shannon,outage
38.0,we_8,relay,BS_3,we_11,1,1379.980999575902,550.0,optimal_shannon,outage
38.0,we_14,relay,BS_1,se_4,1,1326.4482195050948,550.0,optimal_shannon,outage
38.0,ew_11,relay,BS_2,ew_10,1,1810.671796023441,550.0,optimal_shannon,outage
38.0,sn_16,relay,BS_2,sn_17,1,1383.6451006676675,550.0,optimal_shannon,outage
38.0,ns_17,relay,BS_3,ns_12,1,940.22697400381,550.0,optimal_shannon,outage
38.0,sn_17,direct,BS_1,-1,1,441.4259573412977,240.0,optimal_shannon,outage
38.0,se_4,relay,BS_2,we_14,1,1337.329802215709,550.0,optimal_shannon,outage
38.0,we_10,relay,BS_3,we_11,1,1379.980999575902,550.0,optimal_shannon,outage
38.0,wn_3,relay,BS_3,sn_14,1,649.0449988697848,330.0,optimal_shannon,outage
38.0,ns_6,relay,BS_2,ns_7,1,1182.9684083514312,550.0,optimal_shannon,outage
38.0,se_2,relay,BS_3,we_11,1,1379.980999575902,550.0,optimal_shannon,outage
38.0,ew_0,relay,BS_3,ew_7,1,600.2035061260767,330.0,optimal_shannon,outage
38.0,ew_3,relay,BS_3,ew_7,1,600.2035061260767,330.0,optimal_shannon,outage
38.0,ew_4,relay,BS_3,ew_7,1,600.2035061260767,330.0,optimal_shannon,outage
38.0,ew_13,relay,BS_2,ew_12,1,1623.744976506531,550.0,optimal_shannon,outage
38.0,sn_18,relay,BS_2,sn_17,1,1383.6451006676675,550.0,optimal_shannon,outage
38.0,ew_17,relay,BS_2,ew_12,1,959.1357370002808,550.0,optimal_shannon,outage
38.0,wn_8,relay,BS_2,sn_17,1,1383.6451006676675,550.0,optimal_shannon,outage
38.0,ew_8,relay,BS_2,ew_10,1,1508.067473040055,550.0,optimal_shannon,outage
38.0,sn_14,relay,BS_1,sn_15,1,1367.968653810429,550.0,optimal_shannon,outage
38.0,ns_11,direct,BS_3,-1,1,1363.6504813692566,550.0,optimal_shannon,outage
38.0,we_5,relay,BS_1,we_6,1,1583.8057331365987,550.0,optimal_shannon,outage
38.0,sn_2,relay,BS_1,sn_7,1,882.1989963964644,550.0,optimal_shannon,outage
38.0,ns_3,relay,BS_2,ns_7,1,868.279263458878,550.0,optimal_shannon,outage
38.0,sn_7,relay,BS_2,sn_0,1,927.2914855606338,550.0,optimal_shannon,outage
38.0,ew_5,relay,BS_3,ew_7,1,600.2035061260767,330.0,optimal_shannon,outage
38.0,sn_1,relay,BS_2,sn_0,1,1488.8008849357486,550.0,optimal_shannon,outage
38.0,wn_2,relay,BS_2,wn_1,1,2141.555048938198,550.0,optimal_shannon,outage
38.0,ns_14,relay,BS_3,ns_13,1,1324.787425225465,550.0,optimal_shannon,outage
38.0,we_7,relay,BS_1,we_6,1,1613.3278548874905,550.0,optimal_shannon,outage
38.0,we_1,direct,BS_3,-1,1,1809.4848505704556,550.0,optimal_shannon,outage
38.0,ns_5,relay,BS_3,ns_11,1,904.0787711643404,550.0,optimal_shannon,outage
38.0,we_0,direct,BS_3,-1,1,1772.1851391005366,550.0,optimal_shannon,outage
38.0,ew_7,direct,BS_2,-1,1,1571.1418330468466,550.0,optimal_shannon,outage
38.0,ns_18,relay,BS_3,ns_13,1,911.7050757944436,550.0,optimal_shannon,outage
38.0,ns_0,relay,BS_2,ns_7,1,932.929810605446,550.0,optimal_shannon,outage
38.0,we_18,relay,BS_1,we_17,1,769.7109102304257,440.00000000000006,optimal_shannon,outage
38.0,sn_13,relay,BS_3,sn_14,1,649.0449988697848,330.0,optimal_shannon,outage
38.0,se_3,relay,BS_2,we_14,1,1331.683067207376,550.0,optimal_shannon,outage
38.0,se_1,relay,BS_1,se_2,1,1404.0527351957794,550.0,optimal_shannon,outage
38.0,se_8,relay,BS_1,we_17,1,769.7109102304257,440.00000000000006,optimal_shannon,outage
38.0,ew_10,direct,BS_1,-1,1,633.6152121413746,330.0,optimal_shannon,outage
38.0,ns_2,relay,BS_2,ns_7,1,898.1108917851509,550.0,optimal_shannon,outage
38.0,wn_7,relay,BS_2,sn_17,1,1383.6451006676675,550.0,optimal_shannon,outage
38.0,ns_12,relay,BS_3,ns_13,1,1324.787425225465,550.0,optimal_shannon,outage
38.0,ew_1,relay,BS_3,ew_7,1,600.2035061260767,330.0,optimal_shannon,outage
38.0,we_3,relay,BS_1,we_6,1,873.9130638197599,550.0,optimal_shannon,outage
38.0,ns_7,direct,BS_2,-1,1,1182.9684083514312,550.0,optimal_shannon,outage
38.0,ns_10,relay,BS_3,ns_11,1,1363.6504813692566,550.0,optimal_shannon,outage
38.0,wn_5,relay,BS_1,sn_15,1,1367.968653810429,550.0,optimal_shannon,outage
38.0,ns_13,relay,BS_3,ns_12,1,1321.798000490766,550.0,optimal_shannon,outage
38.0,we_17,direct,BS_3,-1,1,774.6701987926615,440.00000000000006,optimal_shannon,outage
38.0,sn_3,relay,BS_2,sn_0,1,1214.768857177825,550.0,optimal_shannon,outage
38.0,we_9,relay,BS_3,we_11,1,1379.980999575902,550.0,optimal_shannon,outage
38.0,ew_16,relay,BS_2,ew_17,1,1501.3048541619607,550.0,optimal_shannon,outage
38.0,wn_4,relay,BS_1,sn_15,1,1367.968653810429,550.0,optimal_shannon,outage
38.0,sn_8,relay,BS_2,wn_1,1,1647.5858725365376,550.0,optimal_shannon,outage
38.0,sn_11,relay,BS_1,sn_10,1,1363.6504813692566,550.0,optimal_shannon,outage
38.0,ns_19,relay,BS_3,ns_12,1,917.0107625790808,550.0,optimal_shannon,outage
38.0,ew_12,relay,BS_2,ew_17,1,959.1357370002808,550.0,optimal_shannon,outage
38.0,se_6,relay,BS_1,we_17,1,769.7109102304257,440.00000000000006,optimal_shannon,outage
38.0,ew_15,relay,BS_2,ew_12,1,1623.744976506531,550.0,optimal_shannon,outage
38.0,sn_10,relay,BS_2,wn_1,1,1410.0746426845503,550.0,optimal_shannon,outage
38.0,wn_9,relay,BS_2,sn_17,1,949.1833276428227,550.0,optimal_shannon,outage
38.0,sn_15,relay,BS_3,sn_14,1,649.0449988697848,330.0,optimal_shannon,outage
38.0,ew_18,relay,BS_2,ew_17,1,1501.3048541619607,550.0,optimal_shannon,outage
38.0,we_11,relay,BS_1,se_2,1,1404.0527351957794,550.0,optimal_shannon,outage
38.0,sn_4,relay,BS_1,sn_10,1,919.0004832818124,550.0,optimal_shannon,outage
38.0,ns_16,relay,BS_3,ns_13,1,935.2515743584628,550.0,optimal_shannon,outage
38.0,sn_6,relay,BS_1,sn_10,1,889.4914911466104,550.0,optimal_shannon,outage
38.0,sn_0,relay,BS_1,sn_7,1,927.2914855606338,550.0,optimal_shannon,outage
38.0,ns_9,relay,BS_3,ns_11,1,1363.6504813692566,550.0,optimal_shannon,outage
38.0,ns_15,relay,BS_3,ns_13,1,1324.787425225465,550.0,optimal_shannon,outage
38.0,ns_4,relay,BS_2,ns_7,1,1182.9684083514312,550.0,optimal_shannon,outage
38.0,ns_8,relay,BS_3,ns_11,1,1363.6504813692566,550.0,optimal_shannon,outage
38.0,ew_2,relay,BS_3,ew_7,1,600.2035061260767,330.0,optimal_shannon,outage
38.0,we_15,relay,BS_1,se_4,1,1326.4482195050948,550.0,optimal_shannon,outage
38.0,wn_1,relay,BS_1,sn_10,1,1363.6504813692566,550.0,optimal_shannon,outage
38.0,we_4,relay,BS_1,we_5,1,1533.6456429526067,550.0,optimal_shannon,outage
38.0,ew_14,relay,BS_2,ew_12,1,1623.744976506531,550.0,optimal_shannon,outage
38.0,sn_12,relay,BS_1,sn_15,1,1367.968653810429,550.0,optimal_shannon,outage
38.0,we_13,relay,BS_2,we_14,1,1545.626746988798,550.0,optimal_shannon,outage
38.0,sn_9,relay,BS_2,wn_1,1,1487.1399759849692,550.0,optimal_shannon,outage
38.0,se_5,relay,BS_1,se_4,1,1326.4482195050948,550.0,optimal_shannon,outage
38.0,wn_6,relay,BS_2,sn_17,1,1383.6451006676675,550.0,optimal_shannon,outage
38.0,se_0,relay,BS_1,se_2,1,1404.0527351957794,550.0,optimal_shannon,outage
38.0,wn_0,relay,BS_1,sn_10,1,1348.6233339321564,550.0,optimal_shannon,outage
38.0,ew_19,relay,BS_2,ew_17,1,1501.3048541619607,550.0,optimal_shannon,outage
38.0,we_12,relay,BS_2,we_14,1,1545.626746988798,550.0,optimal_shannon,outage
38.0,we_6,relay,BS_1,we_5,1,1583.8057331365987,550.0,optimal_shannon,outage
38.0,we_19,relay,BS_1,we_17,1,769.7109102304257,440.00000000000006,optimal_shannon,outage
38.0,ns_1,relay,BS_2,ns_7,1,909.7155333169388,550.0,optimal_shannon,outage
38.0,we_2,relay,BS_1,we_6,1,876.5644438206458,550.0,optimal_shannon,outage
39.0,we_16,relay,BS_3,se_7,1,742.6155010890677,440.00000000000006,optimal_shannon,outage
39.0,se_7,direct,BS_1,-1,1,730.0688577563857,440.00000000000006,optimal_shannon,outage
39.0,sn_5,relay,BS_1,sn_10,1,908.0576195614466,550.0,optimal_shannon,outage
39.0,ew_6,direct,BS_1,-1,1,594.3192620702595,330.0,optimal_shannon,outage
39.0,ew_9,relay,BS_1,ew_14,1,655.9452868641923,330.0,optimal_shannon,outage
39.0,se_9,relay,BS_3,se_7,1,742.6155010890677,440.00000000000006,optimal_shannon,outage
39.0,sn_19,relay,BS_1,wn_7,1,755.8293857547917,440.00000000000006,optimal_shannon,outage
39.0,we_8,relay,BS_2,we_11,1,1350.948482581707,550.0,optimal_shannon,outage
39.0,we_14,direct,BS_3,-1,1,1350.3638619517596,550.0,optimal_shannon,outage
39.0,ew_11,direct,BS_2,-1,1,1735.1273262771092,550.0,optimal_shannon,outage
39.0,sn_16,relay,BS_1,wn_7,1,755.8293857547917,440.00000000000006,optimal_shannon,outage
39.0,ns_17,relay,BS_1,ns_15,1,642.8050736687071,330.0,optimal_shannon,outage
39.0,sn_17,relay,BS_1,wn_7,1,755.8293857547917,440.00000000000006,optimal_shannon,outage
39.0,se_4,relay,BS_3,we_14,1,1350.3638619517596,550.0,optimal_shannon,outage
39.0,we_10,relay,BS_2,we_11,1,1532.8449757451874,550.0,optimal_shannon,outage
39.0,wn_3,relay,BS_2,sn_15,1,1434.9878009933195,550.0,optimal_shannon,outage
39.0,ns_6,relay,BS_3,ns_7,1,1338.0738326421615,550.0,optimal_shannon,outage
39.0,se_2,relay,BS_2,we_11,1,1532.8449757451874,550.0,optimal_shannon,outage
39.0,ew_0,relay,BS_3,ew_6,1,593.0121848431052,330.0,optimal_shannon,outage
39.0,ew_3,relay,BS_3,ew_6,1,593.0121848431052,330.0,optimal_shannon,outage
39.0,ew_4,relay,BS_3,ew_6,1,593.0121848431052,330.0,optimal_shannon,outage
39.0,ew_13,relay,BS_1,ew_14,1,655.9452868641923,330.0,optimal_shannon,outage
39.0,sn_18,relay,BS_1,wn_7,1,755.8293857547917,440.00000000000006,optimal_shannon,outage
39.0,ew_17,relay,BS_2,ew_19,1,1484.2034161046336,550.0,optimal_shannon,outage
39.0,wn_8,relay,BS_1,wn_7,1,755.8293857547917,440.00000000000006,optimal_shannon,outage
39.0,ew_8,relay,BS_1,ew_14,1,655.9452868641923,330.0,optimal_shannon,outage
39.0,sn_14,relay,BS_2,sn_15,1,2307.274680633169,550.0,optimal_shannon,outage
39.0,ns_11,relay,BS_2,ns_4,1,920.9902510501804,550.0,optimal_shannon,outage
39.0,we_5,relay,BS_1,we_6,1,1548.261790603806,550.0,optimal_shannon,outage
39.0,sn_2,relay,BS_2,sn_0,1,1282.5242722673956,550.0,optimal_shannon,outage
39.0,ns_3,relay,BS_3,ns_7,1,868.279263458878,550.0,optimal_shannon,outage
39.0,sn_7,relay,BS_2,sn_0,1,954.8229131801144,550.0,optimal_shannon,outage
39.0,ew_5,relay,BS_3,ew_6,1,593.0121848431052,330.0,optimal_shannon,outage
39.0,sn_1,relay,BS_2,sn_0,1,1465.8804004085123,550.0,optimal_shannon,outage
39.0,wn_2,relay,BS_1,sn_10,1,1345.9660251920484,550.0,optimal_shannon,outage
39.0,ns_14,relay,BS_1,ns_15,1,642.8050736687071,330.0,optimal_shannon,outage
39.0,we_7,relay,BS_1,we_6,1,1601.7438568878936,550.0,optimal_shannon,outage
39.0,we_1,direct,BS_1,-1,1,1848.422965549771,550.0,optimal_shannon,outage
39.0,ns_5,relay,BS_3,ns_7,1,1338.0738326421615,550.0,optimal_shannon,outage
39.0,we_0,direct,BS_3,-1,1,1837.140981226152,550.0,optimal_shannon,outage
39.0,ew_7,relay,BS_3,ew_6,1,593.0121848431052,330.0,optimal_shannon,outage
39.0,ns_18,relay,BS_3,ns_16,1,737.6620845903237,440.00000000000006,optimal_shannon,outage
39.0,ns_0,relay,BS_3,ns_7,1,963.7805035328266,550.0,optimal_shannon,outage
39.0,we_18,relay,BS_3,se_7,1,742.6155010890677,440.00000000000006,optimal_shannon,outage
39.0,sn_13,relay,BS_2,sn_15,1,2157.832491100221,550.0,optimal_shannon,outage
39.0,se_3,relay,BS_3,we_14,1,1350.3638619517596,550.0,optimal_shannon,outage
39.0,se_1,relay,BS_2,we_11,1,1532.8449757451874,550.0,optimal_shannon,outage
39.0,se_8,relay,BS_3,se_7,1,742.6155010890677,440.00000000000006,optimal_shannon,outage
39.0,ew_10,direct,BS_2,-1,1,1749.422172151519,550.0,optimal_shannon,outage
39.0,ns_2,relay,BS_3,ns_7,1,868.9420360494853,550.0,optimal_shannon,outage
39.0,wn_7,direct,BS_2,-1,1,1688.3918061778136,550.0,optimal_shannon,outage
39.0,ns_12,relay,BS_1,ns_15,1,642.8050736687071,330.0,optimal_shannon,outage
39.0,ew_1,relay,BS_3,ew_6,1,593.0121848431052,330.0,optimal_shannon,outage
39.0,we_3,direct,BS_3,-1,1,1882.4777769013888,550.0,optimal_shannon,outage
39.0,ns_7,relay,BS_2,ns_4,1,1175.2888912305175,550.0,optimal_shannon,outage
39.0,ns_10,relay,BS_2,ns_4,1,892.4750103939177,550.0,optimal_shannon,outage
39.0,wn_5,relay,BS_2,wn_3,1,2284.6138187223473,550.0,optimal_shannon,outage
39.0,ns_13,relay,BS_1,ns_15,1,642.8050736687071,330.0,optimal_shannon,outage
39.0,we_17,relay,BS_3,se_7,1,742.6155010890677,440.00000000000006,optimal_shannon,outage
39.0,sn_3,relay,BS_2,sn_0,1,1187.5356540447808,550.0,optimal_shannon,outage
39.0,we_9,relay,BS_2,we_11,1,1508.067473040055,550.0,optimal_shannon,outage
39.0,ew_16,relay,BS_2,ew_19,1,1484.2034161046336,550.0,optimal_shannon,outage
39.0,wn_4,relay,BS_2,wn_3,1,2194.0414971078535,550.0,optimal_shannon,outage
39.0,sn_8,relay,BS_1,sn_10,1,1358.3358215625049,550.0,optimal_shannon,outage
39.0,sn_11,relay,BS_1,sn_10,1,1358.3358215625049,550.0,optimal_shannon,outage
39.0,ns_19,relay,BS_3,ns_16,1,737.6620845903237,440.00000000000006,optimal_shannon,outage
39.0,ew_12,relay,BS_1,ew_14,1,655.9452868641923,330.0,optimal_shannon,outage
39.0,se_6,relay,BS_3,se_7,1,742.6155010890677,440.00000000000006,optimal_shannon,outage
39.0,ew_15,relay,BS_1,ew_14,1,655.9452868641923,330.0,optimal_shannon,outage
39.0,sn_10,direct,BS_3,-1,1,606.0915572011148,330.0,optimal_shannon,outage
39.0,wn_9,relay,BS_1,wn_7,1,755.8293857547917,440.00000000000006,optimal_shannon,outage
39.0,sn_15,relay,BS_2,wn_3,1,1434.9878009933195,550.0,optimal_shannon,outage
39.0,ew_18,relay,BS_2,ew_19,1,1484.2034161046336,550.0,optimal_shannon,outage
39.0,we_11,direct,BS_2,-1,1,1532.8449757451874,550.0,optimal_shannon,outage
39.0,sn_4,relay,BS_1,sn_10,1,923.6433468434502,550.0,optimal_shannon,outage
39.0,ns_16,relay,BS_1,ns_15,1,642.8050736687071,330.0,optimal_shannon,outage
39.0,sn_6,relay,BS_2,sn_0,1,944.20747701283,550.0,optimal_shannon,outage
39.0,sn_0,direct,BS_1,-1,1,1324.787425225465,550.0,optimal_shannon,outage
39.0,ns_9,relay,BS_2,ns_4,1,909.7155333169388,550.0,optimal_shannon,outage
39.0,ns_15,relay,BS_3,ns_16,1,737.6620845903237,440.00000000000006,optimal_shannon,outage
39.0,ns_4,relay,BS_3,ns_7,1,1308.7641979483706,550.0,optimal_shannon,outage
39.0,ns_8,relay,BS_1,ns_15,1,642.8050736687071,330.0,optimal_shannon,outage
39.0,ew_2,relay,BS_3,ew_6,1,593.0121848431052,330.0,optimal_shannon,outage
39.0,we_15,relay,BS_3,we_14,1,1350.3638619517596,550.0,optimal_shannon,outage
39.0,wn_1,relay,BS_1,sn_10,1,1314.078683436525,550.0,optimal_shannon,outage
39.0,we_4,relay,BS_1,we_6,1,1324.0434015463538,550.0,optimal_shannon,outage
39.0,ew_14,relay,BS_2,ew_19,1,916.347532916382,550.0,optimal_shannon,outage
39.0,sn_12,relay,BS_2,sn_15,1,1789.4312114795805,550.0,optimal_shannon,outage
39.0,we_13,relay,BS_3,we_14,1,1350.3638619517596,550.0,optimal_shannon,outage
39.0,sn_9,relay,BS_1,sn_10,1,1358.3358215625049,550.0,optimal_shannon,outage
39.0,se_5,relay,BS_3,we_14,1,1350.3638619517596,550.0,optimal_shannon,outage
39.0,wn_6,relay,BS_1,wn_7,1,755.8293857547917,440.00000000000006,optimal_shannon,outage
39.0,se_0,relay,BS_2,we_11,1,1532.8449757451874,550.0,optimal_shannon,outage
39.0,wn_0,relay,BS_1,sn_10,1,1257.6135587190768,550.0,optimal_shannon,outage
39.0,ew_19,relay,BS_1,ew_14,1,655.9452868641923,330.0,optimal_shannon,outage
39.0,we_12,relay,BS_3,we_14,1,1350.3638619517596,550.0,optimal_shannon,outage
39.0,we_6,direct,BS_1,-1,1,1686.585381084436,550.0,optimal_shannon,outage
39.0,we_19,relay,BS_3,se_7,1,742.6155010890677,440.00000000000006,optimal_shannon,outage
39.0,ns_1,relay,BS_3,ns_7,1,892.4750103939177,550.0,optimal_shannon,outage
39.0,we_2,direct,BS_3,-1,1,1877.274206924117,550.0,optimal_shannon,outage
40.0,we_16,relay,BS_3,we_18,1,742.2852419925142,440.00000000000006,optimal_shannon,outage
40.0,se_7,relay,BS_3,we_18,1,742.2852419925142,440.00000000000006,optimal_shannon,outage
40.0,sn_5,relay,BS_3,sn_10,1,596.607117013302,330.0,optimal_shannon,outage
40.0,ew_6,relay,BS_2,ew_7,1,1378.9363098104873,550.0,optimal_shannon,outage
40.0,ew_9,direct,BS_3,-1,1,614.9304455768456,330.0,optimal_shannon,outage
40.0,se_9,relay,BS_3,we_18,1,742.2852419925142,440.00000000000006,optimal_shannon,outage
40.0,sn_19,relay,BS_3,sn_18,1,662.1914587403367,330.0,optimal_shannon,outage
40.0,we_8,relay,BS_2,we_10,1,1394.794690939538,550.0,optimal_shannon,outage
40.0,we_14,relay,BS_1,se_5,1,1332.4270948419396,550.0,optimal_shannon,outage
40.0,ew_11,relay,BS_2,ew_9,1,1489.1330668018163,550.0,optimal_shannon,outage
40.0,sn_16,relay,BS_3,sn_18,1,662.1914587403367,330.0,optimal_shannon,outage
40.0,ns_17,relay,BS_1,ns_15,1,632.3029626151564,330.0,optimal_shannon,outage
40.0,sn_17,relay,BS_3,sn_18,1,662.1914587403367,330.0,optimal_shannon,outage
40.0,se_4,relay,BS_1,we_13,1,1366.9721515927156,550.0,optimal_shannon,outage
40.0,we_10,relay,BS_2,se_0,1,1530.0761140176553,550.0,optimal_shannon,outage
40.0,wn_3,relay,BS_2,wn_5,1,2058.839079305444,550.0,optimal_shannon,outage
40.0,ns_6,relay,BS_3,ns_0,1,918.005617006672,550.0,optimal_shannon,outage
40.0,se_2,relay,BS_2,se_0,1,1530.0761140176553,550.0,optimal_shannon,outage
40.0,ew_0,relay,BS_2,ew_7,1,1002.27241393691,550.0,optimal_shannon,outage
40.0,ew_3,relay,BS_2,ew_7,1,850.3873260332837,550.0,optimal_shannon,outage
40.0,ew_4,relay,BS_2,ew_7,1,1218.7543043929104,550.0,optimal_shannon,outage
40.0,ew_13,direct,BS_2,-1,1,1866.0748740341296,550.0,optimal_shannon,outage
40.0,sn_18,relay,BS_2,sn_19,1,1937.588824392013,550.0,optimal_shannon,outage
40.0,ew_17,relay,BS_1,ew_13,1,646.7457187571441,330.0,optimal_shannon,outage
40.0,wn_8,relay,BS_2,sn_19,1,1458.9046277288608,550.0,optimal_shannon,outage
40.0,ew_8,relay,BS_2,ew_9,1,1590.1172910907485,550.0,optimal_shannon,outage
40.0,sn_14,relay,BS_2,wn_5,1,1337.329802215709,550.0,optimal_shannon,outage
40.0,ns_11,relay,BS_2,ns_8,1,1217.772282749946,550.0,optimal_shannon,outage
40.0,we_5,relay,BS_3,we_7,1,1341.6479077924469,550.0,optimal_shannon,outage
40.0,sn_2,relay,BS_1,sn_5,1,870.9303980459295,550.0,optimal_shannon,outage
40.0,ns_3,relay,BS_3,ns_0,1,1175.5800316455395,550.0,optimal_shannon,outage
40.0,sn_7,relay,BS_1,sn_5,1,1334.4200587065657,550.0,optimal_shannon,outage
40.0,ew_5,relay,BS_2,ew_7,1,1360.249108807884,550.0,optimal_shannon,outage
40.0,sn_1,relay,BS_1,sn_5,1,875.5701630586161,550.0,optimal_shannon,outage
40.0,wn_2,relay,BS_3,sn_10,1,596.607117013302,330.0,optimal_shannon,outage
40.0,ns_14,relay,BS_2,ns_8,1,918.005617006672,550.0,optimal_shannon,outage
40.0,we_7,direct,BS_3,-1,1,1776.392314726106,550.0,optimal_shannon,outage
40.0,we_1,direct,BS_3,-1,1,1889.5878989158025,550.0,optimal_shannon,outage
40.0,ns_5,relay,BS_1,ns_6,1,571.8011482099361,330.0,optimal_shannon,outage
40.0,we_0,relay,BS_3,we_7,1,1015.5479228987366,550.0,optimal_shannon,outage
40.0,ew_7,direct,BS_2,-1,1,1378.9363098104873,550.0,optimal_shannon,outage
40.0,ns_18,relay,BS_3,ns_17,1,1043.5095288256343,550.0,optimal_shannon,outage
40.0,ns_0,relay,BS_1,ns_6,1,571.8011482099361,330.0,optimal_shannon,outage
40.0,we_18,direct,BS_1,-1,1,728.7485531909,440.00000000000006,optimal_shannon,outage
40.0,sn_13,relay,BS_2,sn_14,1,1945.8936327669928,550.0,optimal_shannon,outage
40.0,se_3,relay,BS_1,we_13,1,1366.9721515927156,550.0,optimal_shannon,outage
40.0,se_1,relay,BS_2,we_10,1,1529.3697033068158,550.0,optimal_shannon,outage
40.0,se_8,relay,BS_3,we_18,1,742.2852419925142,440.00000000000006,optimal_shannon,outage
40.0,ew_10,relay,BS_2,ew_9,1,1649.911196894522,550.0,optimal_shannon,outage
40.0,ns_2,relay,BS_1,ns_6,1,571.8011482099361,330.0,optimal_shannon,outage
40.0,wn_7,relay,BS_3,sn_18,1,662.1914587403367,330.0,optimal_shannon,outage
40.0,ns_12,relay,BS_1,ns_15,1,632.3029626151564,330.0,optimal_shannon,outage
40.0,ew_1,relay,BS_2,ew_7,1,931.6031145202032,550.0,optimal_shannon,outage
40.0,we_3,relay,BS_3,we_7,1,850.3873260332837,550.0,optimal_shannon,outage
40.0,ns_7,relay,BS_1,ns_6,1,571.8011482099361,330.0,optimal_shannon,outage
40.0,ns_10,relay,BS_2,ns_8,1,1217.772282749946,550.0,optimal_shannon,outage
40.0,wn_5,relay,BS_2,sn_14,1,1337.329802215709,550.0,optimal_shannon,outage
40.0,ns_13,relay,BS_3,ns_17,1,875.5701630586161,550.0,optimal_shannon,outage
40.0,we_17,relay,BS_3,we_18,1,742.2852419925142,440.00000000000006,optimal_shannon,outage
40.0,we_9,relay,BS_2,we_10,1,1529.3697033068158,550.0,optimal_shannon,outage
40.0,ew_16,relay,BS_1,ew_13,1,646.7457187571441,330.0,optimal_shannon,outage
40.0,wn_4,relay,BS_2,wn_5,1,2308.9942456572203,550.0,optimal_shannon,outage
40.0,sn_8,relay,BS_3,sn_10,1,596.607117013302,330.0,optimal_shannon,outage
40.0,sn_11,relay,BS_3,sn_10,1,596.607117013302,330.0,optimal_shannon,outage
40.0,ns_19,relay,BS_3,ns_17,1,1043.5095288256343,550.0,optimal_shannon,outage
40.0,ew_12,relay,BS_1,ew_13,1,646.7457187571441,330.0,optimal_shannon,outage
40.0,se_6,relay,BS_3,we_18,1,742.2852419925142,440.00000000000006,optimal_shannon,outage
40.0,ew_15,relay,BS_1,ew_13,1,646.7457187571441,330.0,optimal_shannon,outage
40.0,sn_10,direct,BS_1,-1,1,1354.349837144696,550.0,optimal_shannon,outage
40.0,wn_9,relay,BS_2,sn_19,1,944.5391927949306,550.0,optimal_shannon,outage
40.0,sn_15,relay,BS_2,sn_14,1,2270.778021312526,550.0,optimal_shannon,outage
40.0,ew_18,relay,BS_1,ew_13,1,646.7457187571441,330.0,optimal_shannon,outage
40.0,we_11,relay,BS_2,se_0,1,1530.0761140176553,550.0,optimal_shannon,outage
40.0,sn_4,relay,BS_1,sn_5,1,1334.4200587065657,550.0,optimal_shannon,outage
40.0,ns_16,relay,BS_3,ns_17,1,1043.5095288256343,550.0,optimal_shannon,outage
40.0,sn_6,relay,BS_1,sn_5,1,1334.4200587065657,550.0,optimal_shannon,outage
40.0,sn_0,relay,BS_1,sn_5,1,908.0576195614466,550.0,optimal_shannon,outage
40.0,ns_9,relay,BS_2,ns_8,1,1217.772282749946,550.0,optimal_shannon,outage
40.0,ns_15,relay,BS_2,ns_8,1,916.0159200808766,550.0,optimal_shannon,outage
40.0,ns_4,relay,BS_1,ns_6,1,571.8011482099361,330.0,optimal_shannon,outage
40.0,ns_8,relay,BS_1,ns_15,1,632.3029626151564,330.0,optimal_shannon,outage
40.0,ew_2,relay,BS_2,ew_7,1,892.8065204342937,550.0,optimal_shannon,outage
40.0,we_15,relay,BS_1,se_5,1,1332.4270948419396,550.0,optimal_shannon,outage
40.0,wn_1,relay,BS_3,sn_10,1,596.607117013302,330.0,optimal_shannon,outage
40.0,we_4,relay,BS_2,se_0,1,971.4115966973266,550.0,optimal_shannon,outage
40.0,ew_14,relay,BS_1,ew_13,1,646.7457187571441,330.0,optimal_shannon,outage
40.0,sn_12,relay,BS_2,sn_14,1,1661.5378246263326,550.0,optimal_shannon,outage
40.0,we_13,relay,BS_1,se_5,1,1332.4270948419396,550.0,optimal_shannon,outage
40.0,sn_9,relay,BS_3,sn_10,1,596.607117013302,330.0,optimal_shannon,outage
40.0,se_5,relay,BS_1,we_13,1,1366.9721515927156,550.0,optimal_shannon,outage
40.0,wn_6,relay,BS_2,sn_19,1,1611.709496005329,550.0,optimal_shannon,outage
40.0,se_0,relay,BS_2,we_10,1,1529.3697033068158,550.0,optimal_shannon,outage
40.0,wn_0,relay,BS_3,sn_10,1,596.607117013302,330.0,optimal_shannon,outage
40.0,ew_19,relay,BS_1,ew_13,1,646.7457187571441,330.0,optimal_shannon,outage
40.0,we_12,relay,BS_1,se_5,1,1332.0152274987847,550.0,optimal_shannon,outage
40.0,we_6,relay,BS_3,we_7,1,1567.5285796331734,550.0,optimal_shannon,outage
40.0,we_19,relay,BS_3,we_18,1,742.2852419925142,440.00000000000006,optimal_shannon,outage
40.0,ns_1,relay,BS_1,ns_6,1,571.8011482099361,330.0,optimal_shannon,outage
40.0,we_2,relay,BS_3,we_7,1,917.3423794001764,550.0,optimal_shannon,outage
41.0,we_16,relay,BS_2,we_17,1,1545.967483539178,550.0,optimal_shannon,outage
41.0,se_7,relay,BS_2,we_17,1,1492.4548868372476,550.0,optimal_shannon,outage
41.0,sn_5,relay,BS_2,sn_9,1,875.5701630586161,550.0,optimal_shannon,outage
41.0,ew_6,relay,BS_3,ew_7,1,573.4307348623272,330.0,optimal_shannon,outage
41.0,ew_9,relay,BS_2,ew_10,1,1599.9175375478476,550.0,optimal_shannon,outage
41.0,se_9,relay,BS_2,we_17,1,993.6439569723854,550.0,optimal_shannon,outage
41.0,sn_19,relay,BS_1,sn_17,1,1328.773334756027,550.0,optimal_shannon,outage
41.0,we_8,relay,BS_3,we_11,1,1269.9027632262855,550.0,optimal_shannon,outage
41.0,we_14,relay,BS_2,we_13,1,1538.5200460378665,550.0,optimal_shannon,outage
41.0,ew_11,relay,BS_2,ew_10,1,1599.9175375478476,550.0,optimal_shannon,outage
41.0,sn_16,relay,BS_1,sn_17,1,1328.773334756027,550.0,optimal_shannon,outage
41.0,ns_17,relay,BS_2,ns_12,1,904.7418982224748,550.0,optimal_shannon,outage
41.0,sn_17,direct,BS_1,-1,1,1328.773334756027,550.0,optimal_shannon,outage
41.0,se_4,relay,BS_2,we_13,1,1484.814704527316,550.0,optimal_shannon,outage
41.0,we_10,relay,BS_3,we_11,1,1635.188268625732,550.0,optimal_shannon,outage
41.0,wn_3,relay,BS_2,wn_4,1,1878.4586117321496,550.0,optimal_shannon,outage
41.0,ns_6,relay,BS_2,ns_11,1,900.1001315151121,550.0,optimal_shannon,outage
41.0,se_2,relay,BS_3,we_11,1,1635.188268625732,550.0,optimal_shannon,outage
41.0,ew_0,relay,BS_3,ew_7,1,573.4307348623272,330.0,optimal_shannon,outage
41.0,ew_3,relay,BS_3,ew_7,1,573.4307348623272,330.0,optimal_shannon,outage
41.0,ew_4,relay,BS_3,ew_7,1,573.4307348623272,330.0,optimal_shannon,outage
41.0,ew_13,relay,BS_3,ew_15,1,632.959068593482,330.0,optimal_shannon,outage
41.0,sn_18,relay,BS_1,sn_17,1,1328.773334756027,550.0,optimal_shannon,outage
41.0,ew_17,relay,BS_2,ew_19,1,1615.453758867763,550.0,optimal_shannon,outage
41.0,wn_8,relay,BS_1,sn_17,1,1328.773334756027,550.0,optimal_shannon,outage
41.0,ew_8,relay,BS_2,ew_10,1,1380.8435198923842,550.0,optimal_shannon,outage
41.0,sn_14,relay,BS_2,wn_4,1,1265.2527746940088,550.0,optimal_shannon,outage
41.0,ns_11,direct,BS_1,-1,1,590.3986244304949,330.0,optimal_shannon,outage
41.0,we_5,relay,BS_3,we_11,1,948.8515967494322,550.0,optimal_shannon,outage
41.0,sn_7,relay,BS_2,sn_10,1,865.9596181055377,550.0,optimal_shannon,outage
41.0,ew_5,relay,BS_3,ew_7,1,573.4307348623272,330.0,optimal_shannon,outage
41.0,wn_2,relay,BS_2,sn_10,1,1224.0682706272476,550.0,optimal_shannon,outage
41.0,ns_14,relay,BS_2,ns_12,1,1263.584326195308,550.0,optimal_shannon,outage
41.0,we_7,direct,BS_1,-1,1,1823.297570812255,550.0,optimal_shannon,outage
41.0,we_1,direct,BS_3,-1,1,1935.322372797484,550.0,optimal_shannon,outage
41.0,ns_5,relay,BS_3,ns_0,1,924.9699252182646,550.0,optimal_shannon,outage
41.0,we_0,direct,BS_1,-1,1,1897.9474793273469,550.0,optimal_shannon,outage
41.0,ew_7,direct,BS_3,-1,1,573.4307348623272,330.0,optimal_shannon,outage
41.0,ns_18,relay,BS_2,ns_12,1,891.1489859755436,550.0,optimal_shannon,outage
41.0,ns_0,direct,BS_1,-1,1,543.5070109918373,330.0,optimal_shannon,outage
41.0,we_18,relay,BS_2,we_17,1,1545.967483539178,550.0,optimal_shannon,outage
41.0,sn_13,relay,BS_2,sn_14,1,1843.9106459897016,550.0,optimal_shannon,outage
41.0,se_3,relay,BS_2,we_13,1,1538.5200460378665,550.0,optimal_shannon,outage
41.0,se_1,relay,BS_3,we_11,1,1635.188268625732,550.0,optimal_shannon,outage
41.0,se_8,relay,BS_2,we_17,1,1545.967483539178,550.0,optimal_shannon,outage
41.0,ew_10,relay,BS_3,ew_15,1,632.959068593482,330.0,optimal_shannon,outage
41.0,wn_7,relay,BS_1,sn_17,1,1328.773334756027,550.0,optimal_shannon,outage
41.0,ns_12,direct,BS_3,-1,1,1357.6714901963403,550.0,optimal_shannon,outage
41.0,ew_1,relay,BS_3,ew_7,1,573.4307348623272,330.0,optimal_shannon,outage
41.0,we_3,direct,BS_1,-1,1,1946.2448881169385,550.0,optimal_shannon,outage
41.0,ns_7,relay,BS_3,ns_0,1,970.7480039066164,550.0,optimal_shannon,outage
41.0,ns_10,relay,BS_2,ns_11,1,1187.1536306444746,550.0,optimal_shannon,outage
41.0,wn_5,relay,BS_2,wn_4,1,2341.5350815698544,550.0,optimal_shannon,outage
41.0,ns_13,relay,BS_2,ns_12,1,1263.584326195308,550.0,optimal_shannon,outage
41.0,we_17,direct,BS_1,-1,1,1041.849771435992,550.0,optimal_shannon,outage
41.0,we_9,relay,BS_3,we_11,1,1416.7181292917226,550.0,optimal_shannon,outage
41.0,ew_16,relay,BS_2,ew_19,1,1615.453758867763,550.0,optimal_shannon,outage
41.0,wn_4,relay,BS_2,sn_14,1,1265.2527746940088,550.0,optimal_shannon,outage
41.0,sn_8,relay,BS_2,sn_10,1,1419.0433535728407,550.0,optimal_shannon,outage
41.0,sn_11,relay,BS_2,sn_9,1,1491.7905226315745,550.0,optimal_shannon,outage
41.0,ns_19,relay,BS_2,ns_12,1,884.519249034644,550.0,optimal_shannon,outage
41.0,ew_12,relay,BS_3,ew_15,1,632.959068593482,330.0,optimal_shannon,outage
41.0,se_6,relay,BS_2,we_17,1,1468.2056608978232,550.0,optimal_shannon,outage
41.0,ew_15,relay,BS_2,ew_10,1,908.7207808556516,550.0,optimal_shannon,outage
41.0,sn_10,relay,BS_2,sn_9,1,1651.2399538526097,550.0,optimal_shannon,outage
41.0,wn_9,relay,BS_1,sn_17,1,919.0004832818124,550.0,optimal_shannon,outage
41.0,sn_15,relay,BS_2,sn_14,1,2030.2705177283556,550.0,optimal_shannon,outage
41.0,ew_18,relay,BS_2,ew_19,1,1615.453758867763,550.0,optimal_shannon,outage
41.0,we_11,direct,BS_3,-1,1,1635.188268625732,550.0,optimal_shannon,outage
41.0,sn_4,relay,BS_2,sn_10,1,927.9547996684452,550.0,optimal_shannon,outage
41.0,ns_16,relay,BS_2,ns_12,1,864.634147890844,550.0,optimal_shannon,outage
41.0,sn_6,relay,BS_2,sn_10,1,889.4914911466104,550.0,optimal_shannon,outage
41.0,ns_9,relay,BS_2,ns_11,1,1187.1536306444746,550.0,optimal_shannon,outage
41.0,ns_15,relay,BS_2,ns_12,1,1263.584326195308,550.0,optimal_shannon,outage
41.0,ns_4,relay,BS_2,ns_11,1,918.337237786016,550.0,optimal_shannon,outage
41.0,ns_8,relay,BS_2,ns_11,1,1187.1536306444746,550.0,optimal_shannon,outage
41.0,ew_2,relay,BS_3,ew_7,1,573.4307348623272,330.0,optimal_shannon,outage
41.0,we_15,relay,BS_2,we_13,1,1538.5200460378665,550.0,optimal_shannon,outage
41.0,wn_1,relay,BS_2,sn_10,1,1187.5356540447808,550.0,optimal_shannon,outage
41.0,we_4,relay,BS_3,we_11,1,991.3209996465456,550.0,optimal_shannon,outage
41.0,ew_14,relay,BS_3,ew_15,1,632.959068593482,330.0,optimal_shannon,outage
41.0,sn_12,relay,BS_2,sn_14,1,1582.1447976080217,550.0,optimal_shannon,outage
41.0,we_13,direct,BS_1,-1,1,1343.0562655863066,550.0,optimal_shannon,outage
41.0,sn_9,relay,BS_2,sn_10,1,1651.2399538526097,550.0,optimal_shannon,outage
41.0,se_5,relay,BS_2,we_13,1,1479.4998031434448,550.0,optimal_shannon,outage
41.0,wn_6,relay,BS_1,sn_17,1,1328.773334756027,550.0,optimal_shannon,outage
41.0,se_0,relay,BS_3,we_11,1,1544.93993590406,550.0,optimal_shannon,outage
41.0,wn_0,relay,BS_2,sn_10,1,1132.4095237962397,550.0,optimal_shannon,outage
41.0,ew_19,direct,BS_3,-1,1,666.4667616672617,440.00000000000006,optimal_shannon,outage
41.0,we_12,relay,BS_2,we_13,1,1538.5200460378665,550.0,optimal_shannon,outage
41.0,we_6,direct,BS_1,-1,1,1786.0237257269464,550.0,optimal_shannon,outage
41.0,we_19,relay,BS_2,we_17,1,1545.967483539178,550.0,optimal_shannon,outage
41.0,ns_1,relay,BS_3,ns_0,1,1287.5861936808678,550.0,optimal_shannon,outage
41.0,we_2,direct,BS_3,-1,1,1956.7647009259915,550.0,optimal_shannon,outage
42.0,we_16,relay,BS_2,se_6,1,1468.2056608978232,550.0,optimal_shannon,outage
42.0,se_7,relay,BS_2,se_6,1,1545.5170070791,550.0,optimal_shannon,outage
42.0,sn_5,relay,BS_3,sn_10,1,578.3215941119018,330.0,optimal_shannon,outage
42.0,ew_6,relay,BS_1,ew_7,1,566.2632432336972,330.0,optimal_shannon,outage
42.0,ew_9,direct,BS_2,-1,1,1526.5415831154912,550.0,optimal_shannon,outage
42.0,se_9,relay,BS_2,se_6,1,956.1499177659488,550.0,optimal_shannon,outage
42.0,sn_19,relay,BS_2,sn_16,1,1832.616123523507,550.0,optimal_shannon,outage
42.0,we_8,relay,BS_3,se_0,1,1477.5067168868263,550.0,optimal_shannon,outage
42.0,we_14,relay,BS_1,we_13,1,1407.3347899804612,550.0,optimal_shannon,outage
42.0,ew_11,relay,BS_2,ew_9,1,1402.434654668149,550.0,optimal_shannon,outage
42.0,sn_16,direct,BS_3,-1,1,641.8201086240829,330.0,optimal_shannon,outage
42.0,ns_17,relay,BS_2,ns_12,1,900.1001315151121,550.0,optimal_shannon,outage
42.0,sn_17,relay,BS_2,sn_16,1,1900.3832921153148,550.0,optimal_shannon,outage
42.0,se_4,relay,BS_1,we_14,1,1442.979936791541,550.0,optimal_shannon,outage
42.0,we_10,relay,BS_3,se_0,1,1591.4460407153688,550.0,optimal_shannon,outage
42.0,wn_3,relay,BS_2,wn_4,1,1794.0818920273707,550.0,optimal_shannon,outage
42.0,ns_6,relay,BS_1,ns_11,1,580.9313135825834,330.0,optimal_shannon,outage
42.0,se_2,relay,BS_3,se_0,1,1473.188366718249,550.0,optimal_shannon,outage
42.0,ew_0,relay,BS_1,ew_7,1,566.2632432336972,330.0,optimal_shannon,outage
42.0,ew_4,relay,BS_1,ew_7,1,566.2632432336972,330.0,optimal_shannon,outage
42.0,ew_13,direct,BS_3,-1,1,625.7440067252471,330.0,optimal_shannon,outage
42.0,sn_18,relay,BS_2,sn_16,1,1800.393530863175,550.0,optimal_shannon,outage
42.0,ew_17,relay,BS_2,ew_18,1,1903.6580649576708,550.0,optimal_shannon,outage
42.0,wn_8,relay,BS_2,sn_16,1,1314.742995663335,550.0,optimal_shannon,outage
42.0,ew_8,relay,BS_2,ew_9,1,1526.5415831154912,550.0,optimal_shannon,outage
42.0,sn_14,relay,BS_1,sn_12,1,1375.2763525387163,550.0,optimal_shannon,outage
42.0,ns_11,direct,BS_2,-1,1,1166.884259238963,550.0,optimal_shannon,outage
42.0,we_5,relay,BS_3,we_4,1,1432.6625635931146,550.0,optimal_shannon,outage
42.0,sn_7,relay,BS_3,sn_10,1,578.3215941119018,330.0,optimal_shannon,outage
42.0,ew_5,relay,BS_1,ew_7,1,566.2632432336972,330.0,optimal_shannon,outage
42.0,wn_2,relay,BS_1,sn_8,1,1335.084380584956,550.0,optimal_shannon,outage
42.0,ns_14,relay,BS_2,ns_12,1,1242.1532918603068,550.0,optimal_shannon,outage
42.0,we_7,relay,BS_3,we_4,1,1156.3188092053058,550.0,optimal_shannon,outage
42.0,we_1,direct,BS_1,-1,1,1961.3345517133453,550.0,optimal_shannon,outage
42.0,ns_5,relay,BS_1,ns_11,1,580.9313135825834,330.0,optimal_shannon,outage
42.0,we_0,direct,BS_3,-1,1,1956.7233565373265,550.0,optimal_shannon,outage
42.0,ew_7,direct,BS_3,-1,1,564.9608225573254,330.0,optimal_shannon,outage
42.0,ns_18,relay,BS_1,ns_14,1,612.3106867927164,330.0,optimal_shannon,outage
42.0,we_18,relay,BS_2,se_6,1,1545.5170070791,550.0,optimal_shannon,outage
42.0,sn_13,relay,BS_1,sn_12,1,1375.2763525387163,550.0,optimal_shannon,outage
42.0,se_3,relay,BS_1,we_14,1,1442.979936791541,550.0,optimal_shannon,outage
42.0,se_1,relay,BS_3,se_0,1,1622.6717102002012,550.0,optimal_shannon,outage
42.0,se_8,relay,BS_2,se_6,1,1545.5170070791,550.0,optimal_shannon,outage
42.0,ew_10,relay,BS_2,ew_9,1,1526.5415831154912,550.0,optimal_shannon,outage
42.0,wn_7,relay,BS_2,sn_16,1,1343.640883606034,550.0,optimal_shannon,outage
42.0,ns_12,relay,BS_1,ns_14,1,612.3106867927164,330.0,optimal_shannon,outage
42.0,ew_1,relay,BS_1,ew_7,1,566.2632432336972,330.0,optimal_shannon,outage
42.0,ns_7,relay,BS_1,ns_11,1,580.9313135825834,330.0,optimal_shannon,outage
42.0,ns_10,relay,BS_1,ns_11,1,580.9313135825834,330.0,optimal_shannon,outage
42.0,wn_5,relay,BS_2,wn_4,1,2058.839079305444,550.0,optimal_shannon,outage
42.0,ns_13,relay,BS_1,ns_14,1,612.3106867927164,330.0,optimal_shannon,outage
42.0,we_17,relay,BS_2,se_6,1,1545.5170070791,550.0,optimal_shannon,outage
42.0,we_9,relay,BS_3,se_0,1,1647.081304601102,550.0,optimal_shannon,outage
42.0,ew_16,relay,BS_2,ew_18,1,1678.8116885663817,550.0,optimal_shannon,outage
42.0,wn_4,relay,BS_1,sn_12,1,1320.0575054867015,550.0,optimal_shannon,outage
42.0,sn_8,relay,BS_1,wn_2,1,1363.9826481236064,550.0,optimal_shannon,outage
42.0,sn_11,relay,BS_1,sn_8,1,1293.1530300958884,550.0,optimal_shannon,outage
42.0,ns_19,relay,BS_2,ns_12,1,909.0523636099662,550.0,optimal_shannon,outage
42.0,ew_12,relay,BS_2,ew_18,1,934.5882074042872,550.0,optimal_shannon,outage
42.0,se_6,direct,BS_2,-1,1,1545.5170070791,550.0,optimal_shannon,outage
42.0,ew_15,relay,BS_2,ew_9,1,934.5882074042872,550.0,optimal_shannon,outage
42.0,sn_10,relay,BS_1,sn_8,1,1335.084380584956,550.0,optimal_shannon,outage
42.0,wn_9,relay,BS_2,sn_16,1,906.3997410610558,550.0,optimal_shannon,outage
42.0,sn_15,relay,BS_1,sn_12,1,1375.2763525387163,550.0,optimal_shannon,outage
42.0,ew_18,direct,BS_3,-1,1,655.9452868641923,330.0,optimal_shannon,outage
42.0,we_11,relay,BS_3,se_0,1,1400.773790877427,550.0,optimal_shannon,outage
42.0,sn_4,relay,BS_3,sn_10,1,578.3215941119018,330.0,optimal_shannon,outage
42.0,ns_16,direct,BS_2,-1,1,1313.6945062046275,550.0,optimal_shannon,outage
42.0,sn_6,relay,BS_3,sn_10,1,578.3215941119018,330.0,optimal_shannon,outage
42.0,ns_9,relay,BS_1,ns_11,1,580.9313135825834,330.0,optimal_shannon,outage
42.0,ns_15,relay,BS_1,ns_14,1,612.3106867927164,330.0,optimal_shannon,outage
42.0,ns_4,relay,BS_1,ns_11,1,580.9313135825834,330.0,optimal_shannon,outage
42.0,ns_8,relay,BS_1,ns_11,1,580.9313135825834,330.0,optimal_shannon,outage
42.0,ew_2,relay,BS_1,ew_7,1,566.2632432336972,330.0,optimal_shannon,outage
42.0,we_15,relay,BS_1,we_13,1,1407.3347899804612,550.0,optimal_shannon,outage
42.0,wn_1,relay,BS_1,wn_2,1,1363.9826481236064,550.0,optimal_shannon,outage
42.0,we_4,direct,BS_1,-1,1,1809.039413449818,550.0,optimal_shannon,outage
42.0,ew_14,relay,BS_2,ew_9,1,909.7155333169388,550.0,optimal_shannon,outage
42.0,sn_12,relay,BS_2,wn_4,1,1320.0575054867015,550.0,optimal_shannon,outage
42.0,we_13,relay,BS_1,we_14,1,1442.979936791541,550.0,optimal_shannon,outage
42.0,sn_9,relay,BS_1,sn_8,1,1335.084380584956,550.0,optimal_shannon,outage
42.0,se_5,relay,BS_1,we_13,1,1407.3347899804612,550.0,optimal_shannon,outage
42.0,wn_6,relay,BS_2,sn_16,1,1337.329802215709,550.0,optimal_shannon,outage
42.0,se_0,direct,BS_3,-1,1,1647.081304601102,550.0,optimal_shannon,outage
42.0,wn_0,relay,BS_1,wn_2,1,1363.9826481236064,550.0,optimal_shannon,outage
42.0,ew_19,relay,BS_2,ew_18,1,1903.6580649576708,550.0,optimal_shannon,outage
42.0,we_12,relay,BS_1,we_13,1,1407.3347899804612,550.0,optimal_shannon,outage
42.0,we_6,direct,BS_3,-1,1,1848.6995316249777,550.0,optimal_shannon,outage
42.0,we_19,relay,BS_2,se_6,1,1545.5170070791,550.0,optimal_shannon,outage
43.0,we_16,relay,BS_2,we_17,1,1541.826801643282,550.0,optimal_shannon,outage
43.0,se_7,relay,BS_2,we_17,1,1541.826801643282,550.0,optimal_shannon,outage
43.0,sn_5,direct,BS_2,-1,1,2226.111040468193,550.0,optimal_shannon,outage
43.0,ew_6,relay,BS_2,ew_11,1,886.1766222112971,550.0,optimal_shannon,outage
43.0,ew_9,relay,BS_2,ew_11,1,1367.2246102936597,550.0,optimal_shannon,outage
43.0,se_9,relay,BS_2,we_17,1,965.1076144735448,550.0,optimal_shannon,outage
43.0,sn_19,relay,BS_2,wn_8,1,1208.4586156603148,550.0,optimal_shannon,outage
43.0,we_8,direct,BS_1,-1,1,1695.38010838097,550.0,optimal_shannon,outage
43.0,we_14,direct,BS_2,-1,1,1530.3611622019257,550.0,optimal_shannon,outage
43.0,ew_11,relay,BS_2,ew_9,1,1367.2246102936597,550.0,optimal_shannon,outage
43.0,sn_16,relay,BS_2,wn_8,1,1277.209933336291,550.0,optimal_shannon,outage
43.0,ns_17,relay,BS_3,ns_13,1,875.5701630586161,550.0,optimal_shannon,outage
43.0,sn_17,relay,BS_2,wn_8,1,1236.0248403516268,550.0,optimal_shannon,outage
43.0,se_4,relay,BS_1,se_3,1,1512.1666749161006,550.0,optimal_shannon,outage
43.0,we_10,relay,BS_1,se_1,1,1715.0204218376375,550.0,optimal_shannon,outage
43.0,wn_3,relay,BS_1,wn_5,1,1367.6364863460574,550.0,optimal_shannon,outage
43.0,ns_6,relay,BS_3,ns_10,1,889.4914911466104,550.0,optimal_shannon,outage
43.0,se_2,relay,BS_1,se_1,1,1685.787677389388,550.0,optimal_shannon,outage
43.0,ew_0,relay,BS_2,ew_11,1,775.5828070520595,440.00000000000006,optimal_shannon,outage
43.0,ew_4,relay,BS_2,ew_11,1,980.3704487665048,550.0,optimal_shannon,outage
43.0,ew_13,relay,BS_1,ew_12,1,620.8273707315864,330.0,optimal_shannon,outage
43.0,sn_18,relay,BS_2,wn_8,1,1214.768857177825,550.0,optimal_shannon,outage
43.0,ew_17,relay,BS_1,ew_12,1,620.8273707315864,330.0,optimal_shannon,outage
43.0,wn_8,direct,BS_3,-1,1,638.5374694083735,330.0,optimal_shannon,outage
43.0,ew_8,relay,BS_2,ew_9,1,1440.374170426709,550.0,optimal_shannon,outage
43.0,sn_14,relay,BS_1,sn_12,1,1343.7205911683536,550.0,optimal_shannon,outage
43.0,ns_11,relay,BS_3,ns_10,1,1335.416541634048,550.0,optimal_shannon,outage
43.0,we_5,direct,BS_3,-1,1,1890.248524883814,550.0,optimal_shannon,outage
43.0,ew_5,relay,BS_2,ew_11,1,947.5246838337688,550.0,optimal_shannon,outage
43.0,wn_2,relay,BS_1,sn_8,1,1328.0293089870825,550.0,optimal_shannon,outage
43.0,ns_14,relay,BS_3,ns_13,1,1353.6855072983662,550.0,optimal_shannon,outage
43.0,we_7,direct,BS_3,-1,1,1921.875801306145,550.0,optimal_shannon,outage
43.0,ns_5,relay,BS_3,ns_10,1,916.0159200808766,550.0,optimal_shannon,outage
43.0,ew_7,relay,BS_2,ew_11,1,850.3873260332837,550.0,optimal_shannon,outage
43.0,ns_18,relay,BS_3,ns_13,1,894.1325762309967,550.0,optimal_shannon,outage
43.0,we_18,relay,BS_2,we_17,1,1541.826801643282,550.0,optimal_shannon,outage
43.0,sn_13,relay,BS_1,sn_12,1,1343.7205911683536,550.0,optimal_shannon,outage
43.0,se_3,direct,BS_2,-1,1,1532.2384890032615,550.0,optimal_shannon,outage
43.0,se_1,relay,BS_3,we_9,1,1712.0307073211904,550.0,optimal_shannon,outage
43.0,se_8,relay,BS_2,we_17,1,1541.826801643282,550.0,optimal_shannon,outage
43.0,ew_10,relay,BS_2,ew_9,1,1440.374170426709,550.0,optimal_shannon,outage
43.0,wn_7,relay,BS_2,wn_8,1,2194.0414971078535,550.0,optimal_shannon,outage
43.0,ns_12,relay,BS_3,ns_13,1,1353.6855072983662,550.0,optimal_shannon,outage
43.0,ns_7,relay,BS_3,ns_10,1,859.0012427879644,550.0,optimal_shannon,outage
43.0,ns_10,direct,BS_3,-1,1,1335.416541634048,550.0,optimal_shannon,outage
43.0,wn_5,relay,BS_1,sn_12,1,1301.456817302373,550.0,optimal_shannon,outage
43.0,ns_13,direct,BS_2,-1,1,1217.772282749946,550.0,optimal_shannon,outage
43.0,we_17,direct,BS_3,-1,1,1330.1019737287668,550.0,optimal_shannon,outage
43.0,we_9,relay,BS_1,se_1,1,1712.0307073211904,550.0,optimal_shannon,outage
43.0,ew_16,relay,BS_1,ew_12,1,620.8273707315864,330.0,optimal_shannon,outage
43.0,wn_4,relay,BS_1,wn_5,1,1367.6364863460574,550.0,optimal_shannon,outage
43.0,sn_8,relay,BS_1,wn_2,1,1328.0293089870825,550.0,optimal_shannon,outage
43.0,sn_11,relay,BS_1,sn_8,1,1257.6135587190768,550.0,optimal_shannon,outage
43.0,ns_19,relay,BS_3,ns_13,1,895.1271343954337,550.0,optimal_shannon,outage
43.0,ew_12,direct,BS_1,-1,1,620.8273707315864,330.0,optimal_shannon,outage
43.0,se_6,relay,BS_2,we_17,1,1541.826801643282,550.0,optimal_shannon,outage
43.0,ew_15,relay,BS_1,ew_12,1,620.8273707315864,330.0,optimal_shannon,outage
43.0,sn_10,relay,BS_1,sn_8,1,1337.741671013432,550.0,optimal_shannon,outage
43.0,wn_9,relay,BS_2,wn_8,1,951.5054734659848,550.0,optimal_shannon,outage
43.0,sn_15,relay,BS_1,sn_12,1,1343.7205911683536,550.0,optimal_shannon,outage
43.0,ew_18,relay,BS_1,ew_12,1,620.8273707315864,330.0,optimal_shannon,outage
43.0,we_11,direct,BS_1,-1,1,1754.3964487585122,550.0,optimal_shannon,outage
43.0,sn_4,direct,BS_2,-1,1,2235.07835129223,550.0,optimal_shannon,outage
43.0,ns_16,relay,BS_3,ns_13,1,889.8229869201522,550.0,optimal_shannon,outage
43.0,sn_6,direct,BS_2,-1,1,2215.6211343615923,550.0,optimal_shannon,outage
43.0,ns_9,relay,BS_3,ns_10,1,1335.416541634048,550.0,optimal_shannon,outage
43.0,ns_15,relay,BS_3,ns_13,1,1353.6855072983662,550.0,optimal_shannon,outage
43.0,ns_4,relay,BS_3,ns_10,1,928.6181186914996,550.0,optimal_shannon,outage
43.0,ns_8,relay,BS_3,ns_10,1,1335.416541634048,550.0,optimal_shannon,outage
43.0,we_15,relay,BS_1,se_3,1,1464.883860641002,550.0,optimal_shannon,outage
43.0,wn_1,relay,BS_1,wn_2,1,1343.388428342773,550.0,optimal_shannon,outage
43.0,we_4,direct,BS_3,-1,1,1861.733696256047,550.0,optimal_shannon,outage
43.0,ew_14,relay,BS_1,ew_12,1,620.8273707315864,330.0,optimal_shannon,outage
43.0,sn_12,relay,BS_1,wn_5,1,1301.456817302373,550.0,optimal_shannon,outage
43.0,we_13,relay,BS_1,se_3,1,1512.1666749161006,550.0,optimal_shannon,outage
43.0,sn_9,relay,BS_1,sn_8,1,1337.741671013432,550.0,optimal_shannon,outage
43.0,se_5,relay,BS_1,se_3,1,1512.1666749161006,550.0,optimal_shannon,outage
43.0,wn_6,relay,BS_2,wn_8,1,2327.417164738598,550.0,optimal_shannon,outage
43.0,se_0,relay,BS_3,we_9,1,1727.5616386453262,550.0,optimal_shannon,outage
43.0,wn_0,relay,BS_1,wn_2,1,1343.388428342773,550.0,optimal_shannon,outage
43.0,ew_19,relay,BS_1,ew_12,1,620.8273707315864,330.0,optimal_shannon,outage
43.0,we_12,relay,BS_1,se_3,1,1512.1666749161006,550.0,optimal_shannon,outage
43.0,we_6,direct,BS_3,-1,1,1909.8090317433807,550.0,optimal_shannon,outage
43.0,we_19,relay,BS_2,we_17,1,1541.826801643282,550.0,optimal_shannon,outage
44.0,we_16,relay,BS_3,se_6,1,1351.3603548711526,550.0,optimal_shannon,outage
44.0,se_7,relay,BS_3,se_6,1,1351.3603548711526,550.0,optimal_shannon,outage
44.0,ew_6,relay,BS_2,ew_5,1,1320.1372117723824,550.0,optimal_shannon,outage
44.0,ew_9,direct,BS_2,-1,1,1345.9489974736646,550.0,optimal_shannon,outage
44.0,se_9,relay,BS_3,se_6,1,915.3526984168464,550.0,optimal_shannon,outage
44.0,sn_19,relay,BS_2,wn_7,1,1156.982975768625,550.0,optimal_shannon,outage
44.0,we_8,direct,BS_1,-1,1,1753.2179024808688,550.0,optimal_shannon,outage
44.0,we_14,relay,BS_3,se_4,1,1581.4832644501575,550.0,optimal_shannon,outage
44.0,ew_11,relay,BS_2,ew_9,1,1335.6689956022717,550.0,optimal_shannon,outage
44.0,sn_16,relay,BS_2,wn_7,1,1243.663859614741,550.0,optimal_shannon,outage
44.0,ns_17,relay,BS_1,ns_12,1,596.9340018103211,330.0,optimal_shannon,outage
44.0,sn_17,relay,BS_2,wn_7,1,1197.830985627936,550.0,optimal_shannon,outage
44.0,se_4,direct,BS_2,-1,1,1527.531522516927,550.0,optimal_shannon,outage
44.0,we_10,relay,BS_3,se_2,1,1801.2329599159914,550.0,optimal_shannon,outage
44.0,wn_3,relay,BS_1,wn_5,1,1365.3113157388375,550.0,optimal_shannon,outage
44.0,se_2,relay,BS_3,se_1,1,1639.945524005977,550.0,optimal_shannon,outage
44.0,ew_4,relay,BS_2,ew_5,1,1320.1372117723824,550.0,optimal_shannon,outage
44.0,ew_13,relay,BS_3,ew_12,1,610.3463213343705,330.0,optimal_shannon,outage
44.0,sn_18,relay,BS_2,wn_7,1,1172.259075290117,550.0,optimal_shannon,outage
44.0,ew_17,relay,BS_3,ew_12,1,610.3463213343705,330.0,optimal_shannon,outage
44.0,wn_8,relay,BS_2,wn_6,1,1942.239516997978,550.0,optimal_shannon,outage
44.0,ew_8,relay,BS_2,ew_9,1,1345.9489974736646,550.0,optimal_shannon,outage
44.0,sn_14,relay,BS_1,sn_12,1,1357.6714901963403,550.0,optimal_shannon,outage
44.0,ns_11,relay,BS_3,ns_4,1,950.841997974748,550.0,optimal_shannon,outage
44.0,we_5,direct,BS_1,-1,1,1922.3706443405647,550.0,optimal_shannon,outage
44.0,ew_5,relay,BS_2,ew_9,1,901.0947715414565,550.0,optimal_shannon,outage
44.0,wn_2,relay,BS_1,sn_8,1,1288.1707869220102,550.0,optimal_shannon,outage
44.0,ns_14,relay,BS_1,ns_12,1,596.9340018103211,330.0,optimal_shannon,outage
44.0,we_7,direct,BS_1,-1,1,1943.028734714599,550.0,optimal_shannon,outage
44.0,ns_5,relay,BS_3,ns_4,1,1311.1689883729807,550.0,optimal_shannon,outage
44.0,ew_7,relay,BS_2,ew_5,1,1254.2921809310817,550.0,optimal_shannon,outage
44.0,ns_18,relay,BS_1,ns_12,1,596.9340018103211,330.0,optimal_shannon,outage
44.0,we_18,relay,BS_3,se_6,1,1351.3603548711526,550.0,optimal_shannon,outage
44.0,sn_13,relay,BS_1,sn_12,1,1357.6714901963403,550.0,optimal_shannon,outage
44.0,se_3,relay,BS_3,se_4,1,1581.4832644501575,550.0,optimal_shannon,outage
44.0,se_1,relay,BS_3,se_2,1,1639.945524005977,550.0,optimal_shannon,outage
44.0,se_8,relay,BS_3,se_6,1,1351.3603548711526,550.0,optimal_shannon,outage
44.0,ew_10,relay,BS_2,ew_9,1,1345.9489974736646,550.0,optimal_shannon,outage
44.0,wn_7,relay,BS_2,wn_6,1,1942.239516997978,550.0,optimal_shannon,outage
44.0,ns_12,direct,BS_2,-1,1,1201.98128656449,550.0,optimal_shannon,outage
44.0,ns_10,relay,BS_3,ns_4,1,954.1594169995748,550.0,optimal_shannon,outage
44.0,wn_5,relay,BS_1,sn_12,1,1265.2527746940088,550.0,optimal_shannon,outage
44.0,ns_13,relay,BS_1,ns_12,1,596.9340018103211,330.0,optimal_shannon,outage
44.0,we_17,relay,BS_3,se_6,1,1351.3603548711526,550.0,optimal_shannon,outage
44.0,we_9,relay,BS_3,se_1,1,1777.503099609125,550.0,optimal_shannon,outage
44.0,ew_16,relay,BS_3,ew_12,1,610.3463213343705,330.0,optimal_shannon,outage
44.0,wn_4,relay,BS_1,wn_5,1,1365.3113157388375,550.0,optimal_shannon,outage
44.0,sn_8,relay,BS_1,wn_2,1,1288.1707869220102,550.0,optimal_shannon,outage
44.0,sn_11,relay,BS_1,sn_8,1,1226.0610184751602,550.0,optimal_shannon,outage
44.0,ns_19,relay,BS_1,ns_12,1,596.9340018103211,330.0,optimal_shannon,outage
44.0,ew_12,direct,BS_3,-1,1,610.3463213343705,330.0,optimal_shannon,outage
44.0,se_6,direct,BS_3,-1,1,1351.3603548711526,550.0,optimal_shannon,outage
44.0,ew_15,relay,BS_3,ew_12,1,610.3463213343705,330.0,optimal_shannon,outage
44.0,sn_10,relay,BS_1,sn_8,1,1319.393190605508,550.0,optimal_shannon,outage
44.0,wn_9,relay,BS_2,wn_6,1,915.3526984168464,550.0,optimal_shannon,outage
44.0,sn_15,relay,BS_1,sn_12,1,1343.308720797024,550.0,optimal_shannon,outage
44.0,ew_18,relay,BS_3,ew_12,1,610.3463213343705,330.0,optimal_shannon,outage
44.0,we_11,direct,BS_1,-1,1,1795.739667819776,550.0,optimal_shannon,outage
44.0,sn_4,direct,BS_2,-1,1,2185.175718585691,550.0,optimal_shannon,outage
44.0,ns_16,relay,BS_1,ns_12,1,596.9340018103211,330.0,optimal_shannon,outage
44.0,ns_9,relay,BS_3,ns_4,1,917.0107625790808,550.0,optimal_shannon,outage
44.0,ns_15,relay,BS_1,ns_12,1,596.9340018103211,330.0,optimal_shannon,outage
44.0,ns_4,direct,BS_3,-1,1,1311.1689883729807,550.0,optimal_shannon,outage
44.0,ns_8,direct,BS_2,-1,1,1143.1874904874949,550.0,optimal_shannon,outage
44.0,we_15,relay,BS_3,se_4,1,1453.257583649943,550.0,optimal_shannon,outage
44.0,wn_1,relay,BS_1,wn_2,1,1320.1372117723824,550.0,optimal_shannon,outage
44.0,we_4,direct,BS_3,-1,1,1915.6151732284443,550.0,optimal_shannon,outage
44.0,ew_14,relay,BS_3,ew_12,1,610.3463213343705,330.0,optimal_shannon,outage
44.0,sn_12,relay,BS_1,wn_5,1,1265.2527746940088,550.0,optimal_shannon,outage
44.0,we_13,relay,BS_3,se_4,1,1581.4832644501575,550.0,optimal_shannon,outage
44.0,sn_9,relay,BS_1,sn_8,1,1330.4341336618409,550.0,optimal_shannon,outage
44.0,se_5,relay,BS_3,se_4,1,1581.4832644501575,550.0,optimal_shannon,outage
44.0,wn_6,direct,BS_2,-1,1,2325.032877621594,550.0,optimal_shannon,outage
44.0,se_0,relay,BS_3,se_1,1,1554.5733191044933,550.0,optimal_shannon,outage
44.0,wn_0,relay,BS_1,wn_2,1,1320.1372117723824,550.0,optimal_shannon,outage
44.0,ew_19,relay,BS_3,ew_12,1,610.3463213343705,330.0,optimal_shannon,outage
44.0,we_12,relay,BS_3,se_4,1,1501.4238130610556,550.0,optimal_shannon,outage
44.0,we_6,direct,BS_1,-1,1,1932.2267524828912,550.0,optimal_shannon,outage
44.0,we_19,relay,BS_3,se_6,1,1351.3603548711526,550.0,optimal_shannon,outage
45.0,se_1,relay,BS_3,we_9,1,1834.770422645613,550.0,optimal_shannon,outage
45.0,we_16,relay,BS_3,se_8,1,1379.426571383904,550.0,optimal_shannon,outage
45.0,se_8,direct,BS_1,-1,1,1393.2103848523395,550.0,optimal_shannon,outage
45.0,sn_15,direct,BS_2,-1,1,2305.2030211515153,550.0,optimal_shannon,outage
45.0,sn_10,relay,BS_1,wn_2,1,1081.60778671732,550.0,optimal_shannon,outage
45.0,se_7,relay,BS_3,se_8,1,1379.426571383904,550.0,optimal_shannon,outage
45.0,ew_18,relay,BS_2,ew_13,1,901.0947715414565,550.0,optimal_shannon,outage
45.0,ew_4,relay,BS_2,ew_11,1,1007.2505977203872,550.0,optimal_shannon,outage
45.0,ew_6,relay,BS_2,ew_11,1,912.0366710384916,550.0,optimal_shannon,outage
45.0,sn_18,direct,BS_2,-1,1,2332.2826685123605,550.0,optimal_shannon,outage
45.0,ew_13,relay,BS_2,ew_12,1,1533.6456429526067,550.0,optimal_shannon,outage
45.0,ew_17,relay,BS_2,ew_13,1,901.0947715414565,550.0,optimal_shannon,outage
45.0,we_11,direct,BS_3,-1,1,1865.4325585786328,550.0,optimal_shannon,outage
45.0,ew_8,relay,BS_2,ew_11,1,1173.5874551460254,550.0,optimal_shannon,outage
45.0,wn_8,relay,BS_2,wn_7,1,2194.0414971078535,550.0,optimal_shannon,outage
45.0,sn_14,direct,BS_3,-1,1,580.2788027341238,330.0,optimal_shannon,outage
45.0,ew_10,relay,BS_2,ew_11,1,1319.8050542715569,550.0,optimal_shannon,outage
45.0,ns_16,relay,BS_3,ns_12,1,864.634147890844,550.0,optimal_shannon,outage
45.0,wn_7,relay,BS_2,sn_18,1,1125.1042058880685,550.0,optimal_shannon,outage
45.0,ns_12,relay,BS_1,ns_15,1,582.889166712187,330.0,optimal_shannon,outage
45.0,ns_11,relay,BS_1,ns_15,1,582.889166712187,330.0,optimal_shannon,outage
45.0,ew_9,relay,BS_2,ew_11,1,1307.4355800586272,550.0,optimal_shannon,outage
45.0,we_5,direct,BS_3,-1,1,1967.027189438636,550.0,optimal_shannon,outage
45.0,ns_9,relay,BS_1,ns_15,1,582.889166712187,330.0,optimal_shannon,outage
45.0,se_9,direct,BS_3,-1,1,1318.8085822581488,550.0,optimal_shannon,outage
45.0,sn_19,relay,BS_2,sn_18,1,1922.640171116215,550.0,optimal_shannon,outage
45.0,ns_15,relay,BS_3,ns_12,1,1325.3720361108562,550.0,optimal_shannon,outage
45.0,ns_10,relay,BS_1,ns_15,1,582.889166712187,330.0,optimal_shannon,outage
45.0,ns_8,relay,BS_1,ns_15,1,582.889166712187,330.0,optimal_shannon,outage
45.0,we_8,relay,BS_1,se_0,1,1793.675108293309,550.0,optimal_shannon,outage
45.0,we_14,relay,BS_1,we_13,1,1560.2204810853996,550.0,optimal_shannon,outage
45.0,ew_11,direct,BS_3,-1,1,566.5888854901596,330.0,optimal_shannon,outage
45.0,wn_5,relay,BS_1,wn_3,1,1356.6749936169529,550.0,optimal_shannon,outage
45.0,sn_16,relay,BS_2,sn_18,1,1533.977827742418,550.0,optimal_shannon,outage
45.0,ns_13,relay,BS_3,ns_12,1,1337.741671013432,550.0,optimal_shannon,outage
45.0,we_15,relay,BS_1,se_4,1,1353.605799256266,550.0,optimal_shannon,outage
45.0,ew_5,relay,BS_2,ew_11,1,970.7480039066164,550.0,optimal_shannon,outage
45.0,wn_2,direct,BS_1,-1,1,1318.4764250839958,550.0,optimal_shannon,outage
45.0,ns_17,relay,BS_3,ns_12,1,917.6739975437172,550.0,optimal_shannon,outage
45.0,sn_17,relay,BS_2,sn_18,1,1782.455191818086,550.0,optimal_shannon,outage
45.0,ns_14,relay,BS_3,ns_12,1,1337.741671013432,550.0,optimal_shannon,outage
45.0,wn_1,relay,BS_1,wn_2,1,1318.4764250839958,550.0,optimal_shannon,outage
45.0,we_4,relay,BS_3,we_9,1,956.4816714456188,550.0,optimal_shannon,outage
45.0,we_17,relay,BS_3,se_8,1,1379.426571383904,550.0,optimal_shannon,outage
45.0,sn_12,direct,BS_2,-1,1,2308.043386501254,550.0,optimal_shannon,outage
45.0,ew_14,relay,BS_2,ew_13,1,1558.441304451868,550.0,optimal_shannon,outage
45.0,se_4,relay,BS_1,we_13,1,1648.9748945508088,550.0,optimal_shannon,outage
45.0,we_10,direct,BS_3,-1,1,1860.0789634880723,550.0,optimal_shannon,outage
45.0,we_13,relay,BS_1,se_4,1,1651.8330271433,550.0,optimal_shannon,outage
45.0,we_9,relay,BS_1,se_1,1,1827.7419268574945,550.0,optimal_shannon,outage
45.0,ew_7,relay,BS_2,ew_11,1,850.3873260332837,550.0,optimal_shannon,outage
45.0,sn_9,relay,BS_1,wn_2,1,1149.013044756735,550.0,optimal_shannon,outage
45.0,wn_3,direct,BS_2,-1,1,2338.5448884384396,550.0,optimal_shannon,outage
45.0,ew_16,direct,BS_3,-1,1,629.678917790281,330.0,optimal_shannon,outage
45.0,wn_4,relay,BS_1,wn_3,1,1356.6749936169529,550.0,optimal_shannon,outage
45.0,se_5,relay,BS_1,we_13,1,1648.9748945508088,550.0,optimal_shannon,outage
45.0,wn_6,relay,BS_2,wn_7,1,1841.2531110605803,550.0,optimal_shannon,outage
45.0,se_0,relay,BS_1,se_1,1,1522.683555519577,550.0,optimal_shannon,outage
45.0,ns_18,relay,BS_3,ns_12,1,919.0004832818124,550.0,optimal_shannon,outage
45.0,sn_8,relay,BS_1,wn_2,1,1252.9636333878398,550.0,optimal_shannon,outage
45.0,sn_11,relay,BS_1,wn_2,1,1040.774267607229,550.0,optimal_shannon,outage
45.0,ns_19,relay,BS_3,ns_12,1,922.6484263454932,550.0,optimal_shannon,outage
45.0,wn_0,relay,BS_1,wn_2,1,1318.4764250839958,550.0,optimal_shannon,outage
45.0,ew_12,relay,BS_2,ew_13,1,1533.6456429526067,550.0,optimal_shannon,outage
45.0,we_18,relay,BS_3,se_8,1,1379.426571383904,550.0,optimal_shannon,outage
45.0,ew_19,relay,BS_2,ew_13,1,930.2764376058474,550.0,optimal_shannon,outage
45.0,we_12,relay,BS_1,se_4,1,1564.8710884144857,550.0,optimal_shannon,outage
45.0,se_6,relay,BS_3,se_8,1,1379.426571383904,550.0,optimal_shannon,outage
45.0,we_19,relay,BS_3,se_8,1,1379.426571383904,550.0,optimal_shannon,outage
45.0,sn_13,direct,BS_1,-1,1,1328.773334756027,550.0,optimal_shannon,outage
45.0,ew_15,relay,BS_2,ew_13,1,1410.4068166079207,550.0,optimal_shannon,outage
45.0,se_2,relay,BS_3,we_9,1,1661.2056351293986,550.0,optimal_shannon,outage
45.0,se_3,relay,BS_1,se_4,1,1649.2468184649504,550.0,optimal_shannon,outage
45.0,wn_9,direct,BS_2,-1,1,2269.011873364714,550.0,optimal_shannon,outage
46.0,se_1,relay,BS_1,we_9,1,1736.280625739299,550.0,optimal_shannon,outage
46.0,we_16,relay,BS_1,se_7,1,1484.6205668994212,550.0,optimal_shannon,outage
46.0,se_8,relay,BS_1,se_7,1,1484.6205668994212,550.0,optimal_shannon,outage
46.0,sn_15,relay,BS_1,wn_1,1,1144.696062193428,550.0,optimal_shannon,outage
46.0,sn_10,relay,BS_1,wn_1,1,1015.5479228987366,550.0,optimal_shannon,outage
46.0,se_7,direct,BS_3,-1,1,1462.1767688707712,550.0,optimal_shannon,outage
46.0,ew_18,relay,BS_2,ew_13,1,926.2965236644944,550.0,optimal_shannon,outage
46.0,ew_4,relay,BS_3,ew_8,1,567.8916018844,330.0,optimal_shannon,outage
46.0,ew_13,relay,BS_3,ew_8,1,567.8916018844,330.0,optimal_shannon,outage
46.0,sn_18,direct,BS_1,-1,1,1352.6890130118936,550.0,optimal_shannon,outage
46.0,ew_17,relay,BS_2,ew_13,1,901.0947715414565,550.0,optimal_shannon,outage
46.0,wn_8,relay,BS_2,wn_7,1,1994.061533316467,550.0,optimal_shannon,outage
46.0,we_11,direct,BS_1,-1,1,1906.301352474178,550.0,optimal_shannon,outage
46.0,ew_8,direct,BS_3,-1,1,567.8916018844,330.0,optimal_shannon,outage
46.0,sn_14,relay,BS_1,sn_15,1,1339.0703179579352,550.0,optimal_shannon,outage
46.0,ew_10,relay,BS_3,ew_8,1,567.8916018844,330.0,optimal_shannon,outage
46.0,ns_16,direct,BS_2,-1,1,1225.810340189532,550.0,optimal_shannon,outage
46.0,wn_7,direct,BS_2,-1,1,2350.3869910241738,550.0,optimal_shannon,outage
46.0,ns_12,relay,BS_1,ns_14,1,575.3867037564575,330.0,optimal_shannon,outage
46.0,ns_11,relay,BS_1,ns_14,1,575.3867037564575,330.0,optimal_shannon,outage
46.0,ew_9,relay,BS_3,ew_8,1,567.8916018844,330.0,optimal_shannon,outage
46.0,ns_9,relay,BS_1,ns_14,1,575.3867037564575,330.0,optimal_shannon,outage
46.0,se_9,direct,BS_3,-1,1,1372.2868361029566,550.0,optimal_shannon,outage
46.0,sn_19,relay,BS_2,sn_18,1,1828.962013879957,550.0,optimal_shannon,outage
46.0,ns_15,relay,BS_1,ns_14,1,575.3867037564575,330.0,optimal_shannon,outage
46.0,ns_10,relay,BS_1,ns_14,1,575.3867037564575,330.0,optimal_shannon,outage
46.0,ns_8,relay,BS_1,ns_14,1,575.3867037564575,330.0,optimal_shannon,outage
46.0,we_8,relay,BS_1,se_0,1,1852.9512548106345,550.0,optimal_shannon,outage
46.0,we_14,relay,BS_3,se_4,1,1406.0885590286684,550.0,optimal_shannon,outage
46.0,ew_11,relay,BS_3,ew_8,1,567.8916018844,330.0,optimal_shannon,outage
46.0,wn_5,relay,BS_1,wn_3,1,1348.703041738508,550.0,optimal_shannon,outage
46.0,sn_16,relay,BS_2,sn_18,1,1480.8285278534809,550.0,optimal_shannon,outage
46.0,ns_13,relay,BS_1,ns_14,1,575.3867037564575,330.0,optimal_shannon,outage
46.0,we_15,relay,BS_3,se_4,1,1280.5313919528803,550.0,optimal_shannon,outage
46.0,ew_5,relay,BS_3,ew_8,1,567.8916018844,330.0,optimal_shannon,outage
46.0,wn_2,relay,BS_1,wn_1,1,1319.8050542715569,550.0,optimal_shannon,outage
46.0,ns_17,relay,BS_1,ns_14,1,575.3867037564575,330.0,optimal_shannon,outage
46.0,sn_17,relay,BS_2,sn_18,1,1721.996424017484,550.0,optimal_shannon,outage
46.0,ns_14,direct,BS_3,-1,1,1317.8121109822955,550.0,optimal_shannon,outage
46.0,wn_1,relay,BS_1,sn_15,1,1144.696062193428,550.0,optimal_shannon,outage
46.0,we_4,direct,BS_3,-1,1,1978.852318357588,550.0,optimal_shannon,outage
46.0,we_17,relay,BS_1,se_7,1,1484.6205668994212,550.0,optimal_shannon,outage
46.0,sn_12,relay,BS_1,sn_15,1,1263.9242107855391,550.0,optimal_shannon,outage
46.0,ew_14,relay,BS_2,ew_13,1,1465.8753601921542,550.0,optimal_shannon,outage
46.0,se_4,direct,BS_2,-1,1,1519.7145182759805,550.0,optimal_shannon,outage
46.0,we_10,direct,BS_3,-1,1,1887.2009966936675,550.0,optimal_shannon,outage
46.0,we_13,relay,BS_3,se_4,1,1702.397185772686,550.0,optimal_shannon,outage
46.0,we_9,direct,BS_3,-1,1,1870.0602504818253,550.0,optimal_shannon,outage
46.0,sn_9,relay,BS_1,wn_1,1,1072.64371363736,550.0,optimal_shannon,outage
46.0,wn_3,direct,BS_2,-1,1,2329.4274869216133,550.0,optimal_shannon,outage
46.0,ew_16,relay,BS_2,ew_13,1,886.1766222112971,550.0,optimal_shannon,outage
46.0,wn_4,relay,BS_1,wn_3,1,1348.703041738508,550.0,optimal_shannon,outage
46.0,se_5,relay,BS_3,se_4,1,1703.2839753873316,550.0,optimal_shannon,outage
46.0,wn_6,relay,BS_2,wn_7,1,1767.1743920242343,550.0,optimal_shannon,outage
46.0,se_0,direct,BS_1,-1,1,1852.9512548106345,550.0,optimal_shannon,outage
46.0,ns_18,direct,BS_2,-1,1,1218.8157962916475,550.0,optimal_shannon,outage
46.0,sn_8,relay,BS_1,wn_1,1,1148.6809675627917,550.0,optimal_shannon,outage
46.0,sn_11,relay,BS_1,wn_1,1,975.7250377812028,550.0,optimal_shannon,outage
46.0,ns_19,direct,BS_3,-1,1,1366.3078170741403,550.0,optimal_shannon,outage
46.0,wn_0,relay,BS_1,sn_15,1,1249.6422736255872,550.0,optimal_shannon,outage
46.0,ew_12,relay,BS_2,ew_13,1,1465.8753601921542,550.0,optimal_shannon,outage
46.0,we_18,relay,BS_1,se_7,1,1462.2264225761207,550.0,optimal_shannon,outage
46.0,ew_19,relay,BS_2,ew_13,1,904.4103339702942,550.0,optimal_shannon,outage
46.0,we_12,relay,BS_3,se_4,1,1652.9009002341809,550.0,optimal_shannon,outage
46.0,se_6,relay,BS_1,se_7,1,1484.6205668994212,550.0,optimal_shannon,outage
46.0,we_19,relay,BS_1,se_7,1,1362.9064395799032,550.0,optimal_shannon,outage
46.0,sn_13,relay,BS_1,sn_15,1,1339.0703179579352,550.0,optimal_shannon,outage
46.0,ew_15,relay,BS_2,ew_13,1,1374.200137622239,550.0,optimal_shannon,outage
46.0,se_2,relay,BS_1,we_9,1,1788.434637155873,550.0,optimal_shannon,outage
46.0,se_3,relay,BS_3,se_4,1,1608.0554271682956,550.0,optimal_shannon,outage
46.0,wn_9,direct,BS_2,-1,1,2306.205606454598,550.0,optimal_shannon,outage
47.0,se_1,relay,BS_3,we_9,1,1590.7816658781758,550.0,optimal_shannon,outage
47.0,we_16,relay,BS_3,we_17,1,1548.261790603806,550.0,optimal_shannon,outage
47.0,se_8,relay,BS_3,we_17,1,1565.2890200010736,550.0,optimal_shannon,outage
47.0,sn_15,relay,BS_1,sn_14,1,1326.4482195050948,550.0,optimal_shannon,outage
47.0,se_7,relay,BS_3,we_17,1,1556.898620547157,550.0,optimal_shannon,outage
47.0,ew_18,relay,BS_2,ew_13,1,897.4478239235167,550.0,optimal_shannon,outage
47.0,ew_13,direct,BS_3,-1,1,581.9101802601205,330.0,optimal_shannon,outage
47.0,ew_17,relay,BS_2,ew_13,1,901.0947715414565,550.0,optimal_shannon,outage
47.0,sn_18,direct,BS_1,-1,1,1342.059777733184,550.0,optimal_shannon,outage
47.0,wn_8,relay,BS_2,wn_7,1,1878.4586117321496,550.0,optimal_shannon,outage
47.0,we_11,direct,BS_3,-1,1,1957.1985685515797,550.0,optimal_shannon,outage
47.0,ew_8,relay,BS_2,ew_9,1,1315.1548578914949,550.0,optimal_shannon,outage
47.0,sn_14,direct,BS_2,-1,1,2268.068238354301,550.0,optimal_shannon,outage
47.0,ew_10,relay,BS_2,ew_9,1,1315.1548578914949,550.0,optimal_shannon,outage
47.0,ns_16,relay,BS_1,ns_13,1,568.868793007012,330.0,optimal_shannon,outage
47.0,wn_7,direct,BS_2,-1,1,2335.365908116903,550.0,optimal_shannon,outage
47.0,ns_12,relay,BS_1,ns_13,1,568.868793007012,330.0,optimal_shannon,outage
47.0,ew_9,relay,BS_2,ew_13,1,901.0947715414565,550.0,optimal_shannon,outage
47.0,ns_9,relay,BS_1,ns_13,1,568.868793007012,330.0,optimal_shannon,outage
47.0,se_9,direct,BS_1,-1,1,1338.7381561145787,550.0,optimal_shannon,outage
47.0,sn_19,direct,BS_3,-1,1,589.7453593781158,330.0,optimal_shannon,outage
47.0,ns_15,relay,BS_1,ns_13,1,568.868793007012,330.0,optimal_shannon,outage
47.0,ns_10,relay,BS_1,ns_13,1,568.868793007012,330.0,optimal_shannon,outage
47.0,ns_8,relay,BS_1,ns_13,1,568.868793007012,330.0,optimal_shannon,outage
47.0,we_8,direct,BS_1,-1,1,1876.1686748770317,550.0,optimal_shannon,outage
47.0,we_14,direct,BS_1,-1,1,1778.3032585033675,550.0,optimal_shannon,outage
47.0,ew_11,relay,BS_2,ew_9,1,1258.2778357888287,550.0,optimal_shannon,outage
47.0,wn_5,direct,BS_2,-1,1,2295.711840485882,550.0,optimal_shannon,outage
47.0,sn_16,relay,BS_2,wn_7,1,1144.696062193428,550.0,optimal_shannon,outage
47.0,ns_13,relay,BS_3,ns_12,1,1319.472896852118,550.0,optimal_shannon,outage
47.0,we_15,direct,BS_1,-1,1,1788.9857221883744,550.0,optimal_shannon,outage
47.0,wn_2,relay,BS_1,sn_14,1,1074.9677018099014,550.0,optimal_shannon,outage
47.0,ns_17,relay,BS_1,ns_13,1,568.868793007012,330.0,optimal_shannon,outage
47.0,sn_17,direct,BS_1,-1,1,1361.989648501154,550.0,optimal_shannon,outage
47.0,ns_14,relay,BS_1,ns_13,1,568.868793007012,330.0,optimal_shannon,outage
47.0,wn_1,relay,BS_1,sn_14,1,1144.3639885113323,550.0,optimal_shannon,outage
47.0,we_17,direct,BS_3,-1,1,1565.2890200010736,550.0,optimal_shannon,outage
47.0,ew_14,relay,BS_2,ew_13,1,1375.917689114861,550.0,optimal_shannon,outage
47.0,sn_12,relay,BS_1,sn_14,1,1324.7077186712704,550.0,optimal_shannon,outage
47.0,se_4,relay,BS_1,we_12,1,1730.0738749041002,550.0,optimal_shannon,outage
47.0,we_10,direct,BS_3,-1,1,1943.812906774333,550.0,optimal_shannon,outage
47.0,we_13,relay,BS_3,se_4,1,1572.8435648600712,550.0,optimal_shannon,outage
47.0,we_9,relay,BS_3,se_2,1,1929.1092523948553,550.0,optimal_shannon,outage
47.0,wn_3,direct,BS_2,-1,1,2297.923431339706,550.0,optimal_shannon,outage
47.0,ew_16,relay,BS_2,ew_13,1,884.519249034644,550.0,optimal_shannon,outage
47.0,wn_4,direct,BS_2,-1,1,2313.4563942180325,550.0,optimal_shannon,outage
47.0,se_5,relay,BS_3,se_4,1,1664.52753043948,550.0,optimal_shannon,outage
47.0,wn_6,relay,BS_2,wn_7,1,1709.0409932396317,550.0,optimal_shannon,outage
47.0,se_0,direct,BS_1,-1,1,1889.0195854109795,550.0,optimal_shannon,outage
47.0,ns_18,relay,BS_1,ns_13,1,568.868793007012,330.0,optimal_shannon,outage
47.0,sn_8,direct,BS_2,-1,1,2215.840370561412,550.0,optimal_shannon,outage
47.0,ns_19,relay,BS_3,ns_12,1,949.8467926098812,550.0,optimal_shannon,outage
47.0,wn_0,relay,BS_1,sn_14,1,1252.2993603910777,550.0,optimal_shannon,outage
47.0,ew_12,relay,BS_2,ew_13,1,1375.917689114861,550.0,optimal_shannon,outage
47.0,we_18,relay,BS_3,we_17,1,1565.2890200010736,550.0,optimal_shannon,outage
47.0,ew_19,relay,BS_2,ew_13,1,919.6637340070504,550.0,optimal_shannon,outage
47.0,we_12,relay,BS_3,se_4,1,1757.7462841646106,550.0,optimal_shannon,outage
47.0,se_6,relay,BS_3,we_17,1,1429.008622803869,550.0,optimal_shannon,outage
47.0,we_19,relay,BS_3,we_17,1,1432.6625635931146,550.0,optimal_shannon,outage
47.0,sn_13,relay,BS_1,sn_14,1,1326.4482195050948,550.0,optimal_shannon,outage
47.0,ew_15,relay,BS_2,ew_13,1,1341.6479077924469,550.0,optimal_shannon,outage
47.0,se_2,relay,BS_3,we_9,1,1918.9453387876213,550.0,optimal_shannon,outage
47.0,se_3,relay,BS_1,we_12,1,1730.0738749041002,550.0,optimal_shannon,outage
47.0,wn_9,direct,BS_2,-1,1,2302.8448157274247,550.0,optimal_shannon,outage
48.0,se_1,direct,BS_1,-1,1,1937.5592968931685,550.0,optimal_shannon,outage
48.0,we_16,relay,BS_1,we_18,1,1341.6479077924469,550.0,optimal_shannon,outage
48.0,se_8,relay,BS_1,we_18,1,1367.5567776855696,550.0,optimal_shannon,outage
48.0,sn_15,relay,BS_3,wn_0,1,549.6758592249918,330.0,optimal_shannon,outage
48.0,se_7,relay,BS_1,we_18,1,1312.417904354844,550.0,optimal_shannon,outage
48.0,ew_18,relay,BS_1,ew_13,1,575.0606739797519,330.0,optimal_shannon,outage
48.0,ew_13,relay,BS_2,ew_14,1,1324.787425225465,550.0,optimal_shannon,outage
48.0,ew_17,relay,BS_1,ew_13,1,575.0606739797519,330.0,optimal_shannon,outage
48.0,sn_18,relay,BS_1,sn_17,1,1344.3849170262204,550.0,optimal_shannon,outage
48.0,wn_8,direct,BS_2,-1,1,2350.731408500132,550.0,optimal_shannon,outage
48.0,ew_8,relay,BS_2,ew_9,1,1315.8191706637344,550.0,optimal_shannon,outage
48.0,sn_14,relay,BS_3,wn_0,1,549.6758592249918,330.0,optimal_shannon,outage
48.0,ew_10,relay,BS_2,ew_9,1,1315.8191706637344,550.0,optimal_shannon,outage
48.0,ns_16,relay,BS_3,ns_19,1,1334.3403516229464,550.0,optimal_shannon,outage
48.0,wn_7,direct,BS_2,-1,1,2334.0986787623883,550.0,optimal_shannon,outage
48.0,ns_12,relay,BS_3,ns_19,1,948.8515967494322,550.0,optimal_shannon,outage
48.0,ew_9,relay,BS_2,ew_14,1,929.2814426072856,550.0,optimal_shannon,outage
48.0,se_9,direct,BS_1,-1,1,1355.3463323942542,550.0,optimal_shannon,outage
48.0,sn_19,relay,BS_1,sn_17,1,1344.3849170262204,550.0,optimal_shannon,outage
48.0,ns_15,relay,BS_3,ns_19,1,868.279263458878,550.0,optimal_shannon,outage
48.0,we_8,direct,BS_3,-1,1,1943.812906774333,550.0,optimal_shannon,outage
48.0,we_14,direct,BS_3,-1,1,1830.139415814882,550.0,optimal_shannon,outage
48.0,ew_11,relay,BS_2,ew_9,1,1236.6890998995823,550.0,optimal_shannon,outage
48.0,wn_5,direct,BS_2,-1,1,2294.556032947839,550.0,optimal_shannon,outage
48.0,sn_16,relay,BS_1,sn_17,1,1344.3849170262204,550.0,optimal_shannon,outage
48.0,ns_13,relay,BS_3,ns_19,1,926.2965236644944,550.0,optimal_shannon,outage
48.0,we_15,direct,BS_3,-1,1,1853.7112156049905,550.0,optimal_shannon,outage
48.0,wn_2,relay,BS_3,wn_0,1,549.6758592249918,330.0,optimal_shannon,outage
48.0,ns_17,relay,BS_3,ns_19,1,1343.0562655863066,550.0,optimal_shannon,outage
48.0,sn_17,direct,BS_2,-1,1,2319.4078420214196,550.0,optimal_shannon,outage
48.0,ns_14,relay,BS_3,ns_19,1,888.8285044135698,550.0,optimal_shannon,outage
48.0,wn_1,relay,BS_3,wn_0,1,549.6758592249918,330.0,optimal_shannon,outage
48.0,we_17,relay,BS_1,we_18,1,1567.5285796331734,550.0,optimal_shannon,outage
48.0,ew_14,relay,BS_1,ew_13,1,575.0606739797519,330.0,optimal_shannon,outage
48.0,sn_12,relay,BS_3,wn_0,1,549.6758592249918,330.0,optimal_shannon,outage
48.0,se_4,relay,BS_3,we_12,1,1807.7614263151936,550.0,optimal_shannon,outage
48.0,we_10,direct,BS_3,-1,1,1962.7320587893223,550.0,optimal_shannon,outage
48.0,we_13,direct,BS_3,-1,1,1823.5367425693728,550.0,optimal_shannon,outage
48.0,we_9,direct,BS_1,-1,1,1949.633511174342,550.0,optimal_shannon,outage
48.0,wn_3,direct,BS_2,-1,1,2303.4248486790425,550.0,optimal_shannon,outage
48.0,ew_16,relay,BS_1,ew_13,1,575.0606739797519,330.0,optimal_shannon,outage
48.0,wn_4,direct,BS_2,-1,1,2278.024828312494,550.0,optimal_shannon,outage
48.0,se_5,relay,BS_1,se_4,1,1622.6717102002012,550.0,optimal_shannon,outage
48.0,wn_6,direct,BS_2,-1,1,2337.1425112650586,550.0,optimal_shannon,outage
48.0,se_0,direct,BS_1,-1,1,1922.944487023697,550.0,optimal_shannon,outage
48.0,ns_18,relay,BS_3,ns_19,1,1343.0562655863066,550.0,optimal_shannon,outage
48.0,ns_19,direct,BS_3,-1,1,1343.0562655863066,550.0,optimal_shannon,outage
48.0,wn_0,direct,BS_1,-1,1,1321.798000490766,550.0,optimal_shannon,outage
48.0,ew_12,relay,BS_2,ew_14,1,1272.2277659919416,550.0,optimal_shannon,outage
48.0,we_18,direct,BS_3,-1,1,1663.496833395115,550.0,optimal_shannon,outage
48.0,ew_19,relay,BS_1,ew_13,1,575.0606739797519,330.0,optimal_shannon,outage
48.0,we_12,relay,BS_1,se_4,1,1800.5880161146447,550.0,optimal_shannon,outage
48.0,se_6,relay,BS_1,we_18,1,1240.01040627336,550.0,optimal_shannon,outage
48.0,we_19,relay,BS_1,we_18,1,1628.983293051914,550.0,optimal_shannon,outage
48.0,sn_13,relay,BS_3,wn_0,1,549.6758592249918,330.0,optimal_shannon,outage
48.0,ew_15,relay,BS_2,ew_14,1,1324.787425225465,550.0,optimal_shannon,outage
48.0,se_2,relay,BS_1,we_9,1,1949.633511174342,550.0,optimal_shannon,outage
48.0,se_3,relay,BS_3,we_12,1,1594.1035405572402,550.0,optimal_shannon,outage
48.0,wn_9,direct,BS_2,-1,1,2324.0252005164857,550.0,optimal_shannon,outage
49.0,se_1,direct,BS_3,-1,1,1970.17011810021,550.0,optimal_shannon,outage
49.0,we_16,relay,BS_1,we_18,1,1312.750060000644,550.0,optimal_shannon,outage
49.0,se_8,relay,BS_1,we_18,1,1317.732404834153,550.0,optimal_shannon,outage
49.0,sn_15,relay,BS_2,wn_5,1,960.462793617517,550.0,optimal_shannon,outage
49.0,se_7,relay,BS_1,we_18,1,1259.2742523277227,550.0,optimal_shannon,outage
49.0,ew_18,relay,BS_2,ew_17,1,1488.5697849211642,550.0,optimal_shannon,outage
49.0,ew_13,relay,BS_3,ew_12,1,569.5203265214825,330.0,optimal_shannon,outage
49.0,ew_17,relay,BS_3,ew_12,1,569.5203265214825,330.0,optimal_shannon,outage
49.0,sn_18,relay,BS_1,wn_3,1,1278.5385154849118,550.0,optimal_shannon,outage
49.0,wn_8,direct,BS_2,-1,1,2326.8101600819177,550.0,optimal_shannon,outage
49.0,ew_8,relay,BS_3,ew_12,1,569.5203265214825,330.0,optimal_shannon,outage
49.0,sn_14,relay,BS_2,wn_5,1,999.9493177259188,550.0,optimal_shannon,outage
49.0,ns_16,relay,BS_2,ns_19,1,1155.0597544508782,550.0,optimal_shannon,outage
49.0,wn_7,direct,BS_2,-1,1,2328.039740391396,550.0,optimal_shannon,outage
49.0,ns_12,relay,BS_2,ns_19,1,934.9198902958834,550.0,optimal_shannon,outage
49.0,ew_9,relay,BS_3,ew_12,1,569.5203265214825,330.0,optimal_shannon,outage
49.0,se_9,direct,BS_1,-1,1,1421.312190518362,550.0,optimal_shannon,outage
49.0,sn_19,relay,BS_1,wn_3,1,1330.76629367052,550.0,optimal_shannon,outage
49.0,ns_15,relay,BS_2,ns_19,1,868.279263458878,550.0,optimal_shannon,outage
49.0,we_14,direct,BS_3,-1,1,1893.5869670376992,550.0,optimal_shannon,outage
49.0,we_8,direct,BS_1,-1,1,1960.35876938235,550.0,optimal_shannon,outage
49.0,wn_5,relay,BS_1,wn_3,1,1330.76629367052,550.0,optimal_shannon,outage
49.0,sn_16,direct,BS_2,-1,1,2294.5176007998693,550.0,optimal_shannon,outage
49.0,ns_13,relay,BS_2,ns_19,1,906.731313921271,550.0,optimal_shannon,outage
49.0,we_15,direct,BS_3,-1,1,1901.169307829894,550.0,optimal_shannon,outage
49.0,ns_17,relay,BS_2,ns_19,1,1155.0597544508782,550.0,optimal_shannon,outage
49.0,sn_17,direct,BS_2,-1,1,2302.855521376573,550.0,optimal_shannon,outage
49.0,ns_14,relay,BS_2,ns_19,1,861.3206062633127,550.0,optimal_shannon,outage
49.0,se_4,direct,BS_3,-1,1,1855.0243872488495,550.0,optimal_shannon,outage
49.0,we_17,direct,BS_1,-1,1,1710.7476779316796,550.0,optimal_shannon,outage
49.0,ew_14,relay,BS_3,ew_12,1,569.5203265214825,330.0,optimal_shannon,outage
49.0,sn_12,relay,BS_2,wn_5,1,1137.390505585643,550.0,optimal_shannon,outage
49.0,we_13,direct,BS_3,-1,1,1876.6828154132843,550.0,optimal_shannon,outage
49.0,wn_3,direct,BS_2,-1,1,2267.7880579385587,550.0,optimal_shannon,outage
49.0,ew_16,relay,BS_2,ew_17,1,1488.5697849211642,550.0,optimal_shannon,outage
49.0,wn_4,relay,BS_1,wn_3,1,1330.76629367052,550.0,optimal_shannon,outage
49.0,se_5,relay,BS_3,we_13,1,1631.9729914045129,550.0,optimal_shannon,outage
49.0,wn_6,direct,BS_2,-1,1,2332.8884245981803,550.0,optimal_shannon,outage
49.0,se_0,direct,BS_1,-1,1,1947.4213443813785,550.0,optimal_shannon,outage
49.0,ns_18,relay,BS_2,ns_19,1,1155.0597544508782,550.0,optimal_shannon,outage
49.0,ns_19,direct,BS_3,-1,1,1316.8156404491087,550.0,optimal_shannon,outage
49.0,wn_0,relay,BS_2,wn_5,1,943.212336265104,550.0,optimal_shannon,outage
49.0,ew_12,direct,BS_1,-1,1,570.8235670333146,330.0,optimal_shannon,outage
49.0,we_18,direct,BS_1,-1,1,1726.0977351421436,550.0,optimal_shannon,outage
49.0,ew_19,relay,BS_2,ew_17,1,1380.8435198923842,550.0,optimal_shannon,outage
49.0,we_12,relay,BS_3,se_4,1,1855.0243872488495,550.0,optimal_shannon,outage
49.0,se_6,relay,BS_1,we_18,1,1191.5209212367083,550.0,optimal_shannon,outage
49.0,we_19,direct,BS_3,-1,1,1733.534364011531,550.0,optimal_shannon,outage
49.0,sn_13,relay,BS_2,wn_5,1,1049.0731468874726,550.0,optimal_shannon,outage
49.0,ew_15,relay,BS_3,ew_12,1,569.5203265214825,330.0,optimal_shannon,outage
49.0,se_3,direct,BS_1,-1,1,1828.4256364817536,550.0,optimal_shannon,outage
49.0,wn_9,direct,BS_2,-1,1,2322.0420009965615,550.0,optimal_shannon,outage
50.0,we_16,relay,BS_1,se_8,1,1725.4654516387884,550.0,optimal_shannon,outage
50.0,se_8,relay,BS_3,we_16,1,1733.5724877217272,550.0,optimal_shannon,outage
50.0,se_7,relay,BS_1,se_8,1,1692.099288775825,550.0,optimal_shannon,outage
50.0,ew_18,direct,BS_2,-1,1,1354.98493671737,550.0,optimal_shannon,outage
50.0,ew_13,direct,BS_2,-1,1,1325.4517427027088,550.0,optimal_shannon,outage
50.0,ew_17,relay,BS_2,ew_13,1,901.0947715414565,550.0,optimal_shannon,outage
50.0,sn_18,direct,BS_3,-1,1,564.3097016893429,330.0,optimal_shannon,outage
50.0,wn_8,direct,BS_2,-1,1,2297.4021914002005,550.0,optimal_shannon,outage
50.0,ns_16,relay,BS_3,ns_12,1,864.634147890844,550.0,optimal_shannon,outage
50.0,wn_7,direct,BS_2,-1,1,2310.0075460475537,550.0,optimal_shannon,outage
50.0,ns_12,relay,BS_3,ns_13,1,1312.4976101801672,550.0,optimal_shannon,outage
50.0,se_9,relay,BS_1,se_8,1,839.4563351962731,550.0,optimal_shannon,outage
50.0,sn_19,direct,BS_2,-1,1,2271.332313313697,550.0,optimal_shannon,outage
50.0,we_14,direct,BS_1,-1,1,1919.242394929702,550.0,optimal_shannon,outage
50.0,wn_5,relay,BS_1,sn_19,1,1204.473232541997,550.0,optimal_shannon,outage
50.0,sn_16,direct,BS_2,-1,1,2294.7955482582583,550.0,optimal_shannon,outage
50.0,ns_13,relay,BS_3,ns_12,1,1313.4940774352006,550.0,optimal_shannon,outage
50.0,we_15,direct,BS_1,-1,1,1934.080799119765,550.0,optimal_shannon,outage
50.0,ns_17,relay,BS_3,ns_13,1,875.5701630586161,550.0,optimal_shannon,outage
50.0,sn_17,relay,BS_1,sn_19,1,1330.1019737287668,550.0,optimal_shannon,outage
50.0,ns_14,relay,BS_3,ns_13,1,1312.4976101801672,550.0,optimal_shannon,outage
50.0,se_4,direct,BS_3,-1,1,1894.5344372301304,550.0,optimal_shannon,outage
50.0,we_17,direct,BS_1,-1,1,1753.954635423657,550.0,optimal_shannon,outage
50.0,ew_14,relay,BS_2,ew_13,1,1325.4517427027088,550.0,optimal_shannon,outage
50.0,sn_12,relay,BS_1,sn_13,1,1311.8332991045552,550.0,optimal_shannon,outage
50.0,we_13,direct,BS_1,-1,1,1906.301352474178,550.0,optimal_shannon,outage
50.0,wn_3,relay,BS_1,sn_19,1,1330.1019737287668,550.0,optimal_shannon,outage
50.0,ew_16,direct,BS_3,-1,1,586.8062944317138,330.0,optimal_shannon,outage
50.0,wn_4,relay,BS_1,sn_19,1,1311.4214379322048,550.0,optimal_shannon,outage
50.0,se_5,direct,BS_3,-1,1,1889.7039562311595,550.0,optimal_shannon,outage
50.0,wn_6,direct,BS_2,-1,1,2325.0727627698807,550.0,optimal_shannon,outage
50.0,ns_18,relay,BS_3,ns_13,1,914.6894821159324,550.0,optimal_shannon,outage
50.0,ns_19,relay,BS_3,ns_13,1,905.0734639175674,550.0,optimal_shannon,outage
50.0,ew_12,relay,BS_2,ew_13,1,1325.4517427027088,550.0,optimal_shannon,outage
50.0,we_18,relay,BS_3,we_16,1,1286.842192560917,550.0,optimal_shannon,outage
50.0,ew_19,relay,BS_2,ew_13,1,942.2172054684288,550.0,optimal_shannon,outage
50.0,we_12,direct,BS_3,-1,1,1899.6055373312488,550.0,optimal_shannon,outage
50.0,se_6,direct,BS_3,-1,1,1714.4333427833535,550.0,optimal_shannon,outage
50.0,we_19,direct,BS_1,-1,1,1789.590214694812,550.0,optimal_shannon,outage
50.0,sn_13,direct,BS_1,-1,1,1311.8332991045552,550.0,optimal_shannon,outage
50.0,ew_15,relay,BS_2,ew_13,1,1263.2599295494842,550.0,optimal_shannon,outage
50.0,se_3,direct,BS_1,-1,1,1858.936034408522,550.0,optimal_shannon,outage
50.0,wn_9,direct,BS_2,-1,1,2339.509397003289,550.0,optimal_shannon,outage
51.0,we_16,direct,BS_1,-1,1,1780.0142994635692,550.0,optimal_shannon,outage
51.0,se_8,relay,BS_1,we_16,1,1780.0142994635692,550.0,optimal_shannon,outage
51.0,se_7,direct,BS_1,-1,1,1768.3497477489643,550.0,optimal_shannon,outage
51.0,ew_18,relay,BS_2,ew_13,1,920.3269899377848,550.0,optimal_shannon,outage
51.0,ew_13,relay,BS_2,ew_18,1,920.3269899377848,550.0,optimal_shannon,outage
51.0,ew_17,relay,BS_2,ew_18,1,1342.059777733184,550.0,optimal_shannon,outage
51.0,sn_18,relay,BS_2,sn_19,1,1578.1585536940513,550.0,optimal_shannon,outage
51.0,wn_8,direct,BS_2,-1,1,2303.946245872146,550.0,optimal_shannon,outage
51.0,ns_16,relay,BS_3,ns_18,1,1318.8085822581488,550.0,optimal_shannon,outage
51.0,wn_7,direct,BS_2,-1,1,2287.8513937929324,550.0,optimal_shannon,outage
51.0,ns_12,direct,BS_3,-1,1,1282.2718290283997,550.0,optimal_shannon,outage
51.0,se_9,direct,BS_1,-1,1,1548.87128652978,550.0,optimal_shannon,outage
51.0,sn_19,relay,BS_1,sn_17,1,1330.1019737287668,550.0,optimal_shannon,outage
51.0,we_14,direct,BS_3,-1,1,1964.236886436562,550.0,optimal_shannon,outage
51.0,wn_5,direct,BS_2,-1,1,2223.0378809821514,550.0,optimal_shannon,outage
51.0,sn_16,direct,BS_2,-1,1,2273.345811873639,550.0,optimal_shannon,outage
51.0,ns_17,relay,BS_3,ns_16,1,1326.1160604930028,550.0,optimal_shannon,outage
51.0,sn_17,direct,BS_2,-1,1,2265.841601785776,550.0,optimal_shannon,outage
51.0,se_4,direct,BS_3,-1,1,1929.0312654386184,550.0,optimal_shannon,outage
51.0,we_17,direct,BS_1,-1,1,1787.8389014275724,550.0,optimal_shannon,outage
51.0,ew_14,relay,BS_2,ew_13,1,1309.1760582583972,550.0,optimal_shannon,outage
51.0,we_13,direct,BS_3,-1,1,1951.5230276265384,550.0,optimal_shannon,outage
51.0,wn_3,relay,BS_2,sn_19,1,2103.3528914832596,550.0,optimal_shannon,outage
51.0,ew_16,relay,BS_2,ew_18,1,1276.877788071845,550.0,optimal_shannon,outage
51.0,wn_4,relay,BS_2,sn_19,1,1426.3512142159295,550.0,optimal_shannon,outage
51.0,se_5,direct,BS_3,-1,1,1941.4952751327528,550.0,optimal_shannon,outage
51.0,wn_6,direct,BS_2,-1,1,2311.6084777631568,550.0,optimal_shannon,outage
51.0,ns_18,relay,BS_3,ns_16,1,1319.393190605508,550.0,optimal_shannon,outage
51.0,ns_19,relay,BS_3,ns_18,1,1318.8085822581488,550.0,optimal_shannon,outage
51.0,ew_12,relay,BS_2,ew_13,1,1309.1760582583972,550.0,optimal_shannon,outage
51.0,we_18,direct,BS_3,-1,1,1836.010057152267,550.0,optimal_shannon,outage
51.0,ew_19,relay,BS_2,ew_18,1,1342.059777733184,550.0,optimal_shannon,outage
51.0,we_12,direct,BS_1,-1,1,1917.8661990879905,550.0,optimal_shannon,outage
51.0,se_6,direct,BS_3,-1,1,1762.530824096543,550.0,optimal_shannon,outage
51.0,we_19,direct,BS_1,-1,1,1839.9195485627315,550.0,optimal_shannon,outage
51.0,ew_15,relay,BS_2,ew_13,1,1241.0068009594406,550.0,optimal_shannon,outage
51.0,se_3,direct,BS_3,-1,1,1913.599586413258,550.0,optimal_shannon,outage
51.0,wn_9,direct,BS_2,-1,1,2322.185049102612,550.0,optimal_shannon,outage
52.0,we_16,direct,BS_3,-1,1,1826.968902083631,550.0,optimal_shannon,outage
52.0,se_8,direct,BS_1,-1,1,1828.9226865760163,550.0,optimal_shannon,outage
52.0,se_7,direct,BS_3,-1,1,1827.80447483199,550.0,optimal_shannon,outage
52.0,ew_18,direct,BS_1,-1,1,565.6120031599667,330.0,optimal_shannon,outage
52.0,ew_13,direct,BS_2,-1,1,1315.1548578914949,550.0,optimal_shannon,outage
52.0,ew_17,direct,BS_1,-1,1,568.5430480473743,330.0,optimal_shannon,outage
52.0,sn_18,relay,BS_2,wn_3,1,1890.749719591709,550.0,optimal_shannon,outage
52.0,wn_8,direct,BS_2,-1,1,2271.6905028121178,550.0,optimal_shannon,outage
52.0,ns_16,direct,BS_3,-1,1,1324.787425225465,550.0,optimal_shannon,outage
52.0,wn_7,direct,BS_2,-1,1,2288.770403312508,550.0,optimal_shannon,outage
52.0,se_9,direct,BS_3,-1,1,1631.6689387281758,550.0,optimal_shannon,outage
52.0,sn_19,relay,BS_2,wn_3,1,1649.5790076755975,550.0,optimal_shannon,outage
52.0,wn_5,direct,BS_2,-1,1,2187.1367579767825,550.0,optimal_shannon,outage
52.0,sn_16,direct,BS_2,-1,1,2230.562363487892,550.0,optimal_shannon,outage
52.0,ns_17,relay,BS_3,ns_16,1,1324.787425225465,550.0,optimal_shannon,outage
52.0,sn_17,relay,BS_2,wn_3,1,1433.3269169511827,550.0,optimal_shannon,outage
52.0,se_4,direct,BS_1,-1,1,1948.8242732900844,550.0,optimal_shannon,outage
52.0,we_17,direct,BS_3,-1,1,1848.6995316249777,550.0,optimal_shannon,outage
52.0,wn_3,direct,BS_2,-1,1,2205.996546065048,550.0,optimal_shannon,outage
52.0,ew_16,direct,BS_1,-1,1,572.1270371553512,330.0,optimal_shannon,outage
52.0,wn_4,relay,BS_2,wn_3,1,1432.6625635931146,550.0,optimal_shannon,outage
52.0,se_5,direct,BS_1,-1,1,1957.8328114803617,550.0,optimal_shannon,outage
52.0,wn_6,direct,BS_2,-1,1,2277.744861755346,550.0,optimal_shannon,outage
52.0,ns_18,relay,BS_3,ns_17,1,1319.472896852118,550.0,optimal_shannon,outage
52.0,ns_19,relay,BS_3,ns_17,1,1319.472896852118,550.0,optimal_shannon,outage
52.0,ew_12,direct,BS_2,-1,1,1296.5542426125885,550.0,optimal_shannon,outage
52.0,we_18,direct,BS_3,-1,1,1869.0398823754483,550.0,optimal_shannon,outage
52.0,ew_19,direct,BS_1,-1,1,563.0076402172299,330.0,optimal_shannon,outage
52.0,we_12,direct,BS_3,-1,1,1968.6171496039772,550.0,optimal_shannon,outage
52.0,se_6,direct,BS_1,-1,1,1801.7690675525007,550.0,optimal_shannon,outage
52.0,we_19,direct,BS_1,-1,1,1888.986927583446,550.0,optimal_shannon,outage
52.0,se_3,direct,BS_3,-1,1,1935.843505092719,550.0,optimal_shannon,outage
52.0,wn_9,direct,BS_2,-1,1,2330.7743293180824,550.0,optimal_shannon,outage
53.0,we_16,direct,BS_3,-1,1,1871.8809175777976,550.0,optimal_shannon,outage
53.0,se_8,direct,BS_1,-1,1,1873.5799010104552,550.0,optimal_shannon,outage
53.0,se_7,direct,BS_3,-1,1,1860.2634310674168,550.0,optimal_shannon,outage
53.0,ew_18,relay,BS_2,ew_17,1,1315.1548578914949,550.0,optimal_shannon,outage
53.0,ew_17,relay,BS_2,ew_18,1,1311.5011436956645,550.0,optimal_shannon,outage
53.0,wn_8,direct,BS_2,-1,1,2251.204476579592,550.0,optimal_shannon,outage
53.0,ns_16,direct,BS_3,-1,1,1296.5542426125885,550.0,optimal_shannon,outage
53.0,wn_7,direct,BS_2,-1,1,2275.2543674023536,550.0,optimal_shannon,outage
53.0,se_9,direct,BS_3,-1,1,1675.788361064156,550.0,optimal_shannon,outage
53.0,sn_16,direct,BS_2,-1,1,2225.199969043846,550.0,optimal_shannon,outage
53.0,ns_17,relay,BS_3,ns_19,1,1300.8722172317484,550.0,optimal_shannon,outage
53.0,sn_17,direct,BS_2,-1,1,2215.1752082647504,550.0,optimal_shannon,outage
53.0,we_17,direct,BS_3,-1,1,1903.990257150127,550.0,optimal_shannon,outage
53.0,wn_3,direct,BS_2,-1,1,2192.822214836055,550.0,optimal_shannon,outage
53.0,ew_16,relay,BS_2,ew_17,1,1315.1548578914949,550.0,optimal_shannon,outage
53.0,wn_6,direct,BS_2,-1,1,2274.639984554322,550.0,optimal_shannon,outage
53.0,ns_18,relay,BS_3,ns_19,1,1300.8722172317484,550.0,optimal_shannon,outage
53.0,ns_19,direct,BS_3,-1,1,1300.8722172317484,550.0,optimal_shannon,outage
53.0,ew_12,direct,BS_2,-1,1,1311.1689883729807,550.0,optimal_shannon,outage
53.0,we_18,direct,BS_3,-1,1,1927.2067914846004,550.0,optimal_shannon,outage
53.0,ew_19,relay,BS_2,ew_18,1,1311.5011436956645,550.0,optimal_shannon,outage
53.0,se_6,direct,BS_3,-1,1,1855.0243872488495,550.0,optimal_shannon,outage
53.0,we_19,direct,BS_3,-1,1,1941.975270648652,550.0,optimal_shannon,outage
53.0,se_3,direct,BS_1,-1,1,1961.560766479105,550.0,optimal_shannon,outage
53.0,wn_9,direct,BS_2,-1,1,2328.784113248493,550.0,optimal_shannon,outage
54.0,ew_16,relay,BS_2,ew_17,1,1317.1477972106695,550.0,optimal_shannon,outage
54.0,we_16,direct,BS_3,-1,1,1930.074495482629,550.0,optimal_shannon,outage
54.0,se_9,direct,BS_1,-1,1,1736.8926756474405,550.0,optimal_shannon,outage
54.0,wn_6,direct,BS_2,-1,1,2261.3401217948835,550.0,optimal_shannon,outage
54.0,se_8,direct,BS_1,-1,1,1905.1178424762245,550.0,optimal_shannon,outage
54.0,se_7,direct,BS_3,-1,1,1900.6368725628165,550.0,optimal_shannon,outage
54.0,ew_18,direct,BS_2,-1,1,1321.798000490766,550.0,optimal_shannon,outage
54.0,ew_17,relay,BS_2,ew_18,1,1321.798000490766,550.0,optimal_shannon,outage
54.0,wn_8,direct,BS_2,-1,1,2242.543179175578,550.0,optimal_shannon,outage
54.0,we_17,direct,BS_1,-1,1,1936.577885202184,550.0,optimal_shannon,outage
54.0,we_18,direct,BS_1,-1,1,1943.028734714599,550.0,optimal_shannon,outage
54.0,ew_19,relay,BS_2,ew_18,1,1321.798000490766,550.0,optimal_shannon,outage
54.0,se_6,direct,BS_3,-1,1,1890.2118603075403,550.0,optimal_shannon,outage
54.0,we_19,direct,BS_3,-1,1,1965.849018933903,550.0,optimal_shannon,outage
54.0,ns_16,direct,BS_3,-1,1,1309.1760582583972,550.0,optimal_shannon,outage
54.0,wn_7,direct,BS_2,-1,1,2254.2230323350996,550.0,optimal_shannon,outage
54.0,wn_9,direct,BS_2,-1,1,2303.419722295928,550.0,optimal_shannon,outage
55.0,ew_16,direct,BS_2,-1,1,1321.798000490766,550.0,optimal_shannon,outage
55.0,we_16,direct,BS_1,-1,1,1947.827592435851,550.0,optimal_shannon,outage
55.0,se_9,direct,BS_1,-1,1,1767.0724414341796,550.0,optimal_shannon,outage
55.0,wn_6,direct,BS_2,-1,1,2237.537146875394,550.0,optimal_shannon,outage
55.0,se_8,direct,BS_3,-1,1,1952.18711358434,550.0,optimal_shannon,outage
55.0,se_7,direct,BS_3,-1,1,1943.2228860017024,550.0,optimal_shannon,outage
55.0,ew_18,direct,BS_2,-1,1,1299.875760141213,550.0,optimal_shannon,outage
55.0,ew_17,relay,BS_2,ew_16,1,1321.798000490766,550.0,optimal_shannon,outage
55.0,wn_8,direct,BS_2,-1,1,2217.755552514156,550.0,optimal_shannon,outage
55.0,we_17,direct,BS_3,-1,1,1979.3929027866416,550.0,optimal_shannon,outage
55.0,se_6,direct,BS_3,-1,1,1927.1156866694464,550.0,optimal_shannon,outage
55.0,wn_7,direct,BS_2,-1,1,2219.7339588098716,550.0,optimal_shannon,outage
55.0,wn_9,direct,BS_2,-1,1,2289.384374171013,550.0,optimal_shannon,outage
56.0,ew_16,direct,BS_2,-1,1,1289.57908719305,550.0,optimal_shannon,outage
56.0,se_9,direct,BS_3,-1,1,1829.0984832485972,550.0,optimal_shannon,outage
56.0,wn_6,direct,BS_2,-1,1,2201.503284366336,550.0,optimal_shannon,outage
56.0,se_7,direct,BS_1,-1,1,1956.6093402493884,550.0,optimal_shannon,outage
56.0,se_6,direct,BS_3,-1,1,1954.250467726435,550.0,optimal_shannon,outage
56.0,wn_7,direct,BS_2,-1,1,2185.4338712501453,550.0,optimal_shannon,outage
56.0,wn_9,direct,BS_2,-1,1,2287.6725773752446,550.0,optimal_shannon,outage
57.0,se_9,direct,BS_3,-1,1,1857.4857747171675,550.0,optimal_shannon,outage
57.0,wn_9,direct,BS_2,-1,1,2275.283660120837,550.0,optimal_shannon,outage
58.0,se_9,direct,BS_3,-1,1,1891.8632381253117,550.0,optimal_shannon,outage
58.0,wn_9,direct,BS_2,-1,1,2255.4515935787877,550.0,optimal_shannon,outage
59.0,se_9,direct,BS_3,-1,1,1932.5720060372073,550.0,optimal_shannon,outage
59.0,wn_9,direct,BS_2,-1,1,2234.9408667388516,550.0,optimal_shannon,outage
60.0,se_9,direct,BS_3,-1,1,1968.5042214802843,550.0,optimal_shannon,outage
60.0,wn_9,direct,BS_2,-1,1,2200.2628476182035,550.0,optimal_shannon,outage
