timestamp,link_type,tx_id,rx_id,received_power,path_loss,delay_spread,is_line_of_sight,num_paths,p_tot_watts,p_max_watts,dominance,k_factor,k_factor_db,prop_mode
0.0,V2I,BS_1,vehicle_0,-96.67,126.67,1089.43,False,1,2.152126351842e-13,2.152126351842e-13,1.000000,inf,inf,D
1.0,V2I,BS_1,vehicle_0,-96.31,126.31,1045.42,False,1,2.337133488399e-13,2.337133488399e-13,1.000000,inf,inf,D
2.0,V2I,BS_1,vehicle_0,-95.90,125.90,996.33,False,1,2.573082092152e-13,2.573082092152e-13,1.000000,inf,inf,D
3.0,V2I,BS_1,vehicle_0,-95.45,125.45,946.42,False,1,2.851663618138e-13,2.851663618138e-13,1.000000,inf,inf,D
4.0,V2I,BS_1,vehicle_0,-94.99,124.99,897.28,False,1,3.172535200773e-13,3.172535200773e-13,1.000000,inf,inf,D
5.0,V2I,BS_1,vehicle_0,-94.51,124.51,849.58,False,1,3.538814038481e-13,3.538814038481e-13,1.000000,inf,inf,D
5.0,V2I,BS_1,vehicle_1,-96.67,126.67,1089.43,False,1,2.152126351842e-13,2.152126351842e-13,1.000000,inf,inf,D
5.0,V2V,vehicle_0,vehicle_1,-76.31,99.31,0.03,True,2,2.339779879044e-11,2.287740708414e-11,0.977759,43.961898,16.43,D
5.0,V2V,vehicle_1,vehicle_0,-76.31,99.31,0.03,True,2,2.339776136590e-11,2.287740708414e-11,0.977761,43.965060,16.43,D
6.0,V2I,BS_1,vehicle_0,-94.01,124.01,801.53,False,1,3.975793930072e-13,3.975793930072e-13,1.000000,inf,inf,D
6.0,V2I,BS_1,vehicle_1,-96.35,126.35,1049.71,False,1,2.318050080462e-13,2.318050080462e-13,1.000000,inf,inf,D
6.0,V2V,vehicle_0,vehicle_1,-74.66,97.66,0.09,True,2,3.422368613706e-11,2.088450377734e-11,0.610235,1.565651,1.95,D
6.0,V2V,vehicle_1,vehicle_0,-74.65,97.65,0.09,True,2,3.426092756992e-11,2.088450377734e-11,0.609572,1.561292,1.93,D
7.0,V2I,BS_1,vehicle_0,-93.49,123.49,755.02,False,1,4.480725063623e-13,4.480725063623e-13,1.000000,inf,inf,D
7.0,V2I,BS_1,vehicle_1,-95.96,125.96,1003.78,False,1,2.535035603287e-13,2.535035603287e-13,1.000000,inf,inf,D
7.0,V2V,vehicle_0,vehicle_1,-74.76,97.76,0.09,True,2,3.343500925424e-11,2.020442224266e-11,0.604289,1.527099,1.84,D
7.0,V2V,vehicle_1,vehicle_0,-74.76,97.76,0.09,True,2,3.343418548189e-11,2.020442224266e-11,0.604304,1.527195,1.84,D
8.0,V2I,BS_1,vehicle_0,-92.95,122.95,709.44,False,1,5.075011475873e-13,5.075011475873e-13,1.000000,inf,inf,D
8.0,V2I,BS_1,vehicle_1,-95.55,125.55,957.94,False,1,2.783474392656e-13,2.783474392656e-13,1.000000,inf,inf,D
8.0,V2I,BS_1,vehicle_3,-96.64,126.64,1085.50,False,1,2.167711963146e-13,2.167711963146e-13,1.000000,inf,inf,D
8.0,V2V,vehicle_0,vehicle_1,-75.67,98.67,0.08,True,2,2.710296260382e-11,1.956611911899e-11,0.721918,2.596063,4.14,D
8.0,V2V,vehicle_0,vehicle_3,-98.93,121.93,631.49,False,1,1.277991980199e-13,1.277991980199e-13,1.000000,inf,inf,D
8.0,V2V,vehicle_1,vehicle_0,-75.67,98.67,0.08,True,2,2.710248703104e-11,1.956611911899e-11,0.721931,2.596227,4.14,D
8.0,V2V,vehicle_1,vehicle_3,-84.84,107.84,0.02,True,2,3.280573673501e-12,2.742893866965e-12,0.836102,5.101352,7.08,D
8.0,V2V,vehicle_3,vehicle_0,-98.93,121.93,631.49,False,1,1.277991980199e-13,1.277991980199e-13,1.000000,inf,inf,D
8.0,V2V,vehicle_3,vehicle_1,-84.84,107.84,0.02,True,2,3.280566880840e-12,2.742893866965e-12,0.836104,5.101416,7.08,D
9.0,V2I,BS_1,vehicle_0,-92.39,122.39,665.60,False,1,5.765508395104e-13,5.765508395104e-13,1.000000,inf,inf,D
9.0,V2I,BS_1,vehicle_1,-95.12,125.12,911.10,False,1,3.077055417169e-13,3.077055417169e-13,1.000000,inf,inf,D
9.0,V2I,BS_1,vehicle_3,-96.27,126.27,1040.81,False,1,2.357894557404e-13,2.357894557404e-13,1.000000,inf,inf,D
9.0,V2V,vehicle_0,vehicle_1,-76.35,99.35,0.06,True,2,2.317198842408e-11,1.922942189826e-11,0.829856,4.877387,6.88,D
9.0,V2V,vehicle_0,vehicle_3,-98.06,121.06,570.69,False,1,1.564803259671e-13,1.564803259671e-13,1.000000,inf,inf,D
9.0,V2V,vehicle_1,vehicle_0,-76.35,99.35,0.06,True,2,2.317173610053e-11,1.922942189826e-11,0.829865,4.877699,6.88,D
9.0,V2V,vehicle_1,vehicle_3,-82.10,105.10,0.04,True,2,6.172539574888e-12,3.322387086193e-12,0.538253,1.165687,0.67,D
9.0,V2V,vehicle_3,vehicle_0,-98.06,121.06,570.69,False,1,1.564803259671e-13,1.564803259671e-13,1.000000,inf,inf,D
9.0,V2V,vehicle_3,vehicle_1,-82.10,105.10,0.04,True,2,6.172504443420e-12,3.322387086193e-12,0.538256,1.165702,0.67,D
10.0,V2I,BS_1,vehicle_0,-91.92,121.92,630.71,False,1,6.421042066788e-13,6.421042066788e-13,1.000000,inf,inf,D
10.0,V2I,BS_1,vehicle_1,-94.68,124.68,866.30,False,1,3.403538418466e-13,3.403538418466e-13,1.000000,inf,inf,D
10.0,V2I,BS_1,vehicle_3,-95.85,125.85,991.04,False,1,2.600668646840e-13,2.600668646840e-13,1.000000,inf,inf,D
10.0,V2I,BS_1,vehicle_4,-96.67,126.67,1089.43,False,1,2.152126351842e-13,2.152126351842e-13,1.000000,inf,inf,D
10.0,V2V,vehicle_0,vehicle_1,-74.19,97.19,3.67,True,4,3.813354327594e-11,1.997258085892e-11,0.523754,1.099753,0.41,D
10.0,V2V,vehicle_0,vehicle_3,-97.06,120.06,508.72,False,1,1.969297882045e-13,1.969297882045e-13,1.000000,inf,inf,D
10.0,V2V,vehicle_0,vehicle_4,-81.19,104.19,0.04,True,2,7.600160081686e-12,5.727986497471e-12,0.753667,3.059538,4.86,D
10.0,V2V,vehicle_1,vehicle_0,-74.19,97.19,3.66,True,4,3.807674702763e-11,1.997258085892e-11,0.524535,1.103204,0.43,D
10.0,V2V,vehicle_1,vehicle_3,-98.81,121.81,622.42,False,1,1.315529105855e-13,1.315529105855e-13,1.000000,inf,inf,D
10.0,V2V,vehicle_1,vehicle_4,-75.35,98.35,0.06,True,2,2.918092819394e-11,2.655136532777e-11,0.909888,10.097254,10.04,D
10.0,V2V,vehicle_3,vehicle_0,-97.06,120.06,508.72,False,1,1.969297882045e-13,1.969297882045e-13,1.000000,inf,inf,D
10.0,V2V,vehicle_3,vehicle_1,-98.81,121.81,622.42,False,1,1.315529105855e-13,1.315529105855e-13,1.000000,inf,inf,D
10.0,V2V,vehicle_3,vehicle_4,-85.89,108.89,0.01,True,2,2.576217165111e-12,2.556824805670e-12,0.992473,131.847020,21.20,D
10.0,V2V,vehicle_4,vehicle_0,-81.22,104.22,0.04,True,2,7.553933646077e-12,5.727986497471e-12,0.758279,3.136995,4.97,D
10.0,V2V,vehicle_4,vehicle_1,-75.35,98.35,0.06,True,2,2.918077988030e-11,2.655136532777e-11,0.909892,10.097824,10.04,D
10.0,V2V,vehicle_4,vehicle_3,-85.89,108.89,0.01,True,2,2.576216943376e-12,2.556824805670e-12,0.992473,131.848528,21.20,D
11.0,V2I,BS_1,vehicle_0,-91.60,121.60,607.63,False,1,6.917970552103e-13,6.917970552103e-13,1.000000,inf,inf,D
11.0,V2I,BS_1,vehicle_1,-94.23,124.23,822.39,False,1,3.776671563859e-13,3.776671563859e-13,1.000000,inf,inf,D
11.0,V2I,BS_1,vehicle_3,-95.40,125.40,941.42,False,1,2.882047363331e-13,2.882047363331e-13,1.000000,inf,inf,D
11.0,V2I,BS_1,vehicle_4,-96.37,126.37,1052.48,False,1,2.305898003133e-13,2.305898003133e-13,1.000000,inf,inf,D
11.0,V2V,vehicle_0,vehicle_1,-75.06,98.06,3.90,True,4,3.121587253246e-11,2.301603758765e-11,0.737318,2.806890,4.48,D
11.0,V2V,vehicle_0,vehicle_3,-108.65,131.65,0.00,True,1,1.364314958837e-14,1.364314958837e-14,1.000000,inf,inf,D
11.0,V2V,vehicle_0,vehicle_4,-81.78,104.78,0.03,True,2,6.640156850463e-12,5.932118325181e-12,0.893370,8.378242,9.23,D
11.0,V2V,vehicle_1,vehicle_0,-75.06,98.06,3.88,True,4,3.115784166400e-11,2.301603758765e-11,0.738692,2.826897,4.51,D
11.0,V2V,vehicle_1,vehicle_3,-97.72,120.72,548.82,False,1,1.692030832148e-13,1.692030832148e-13,1.000000,inf,inf,D
11.0,V2V,vehicle_1,vehicle_4,-74.00,97.00,0.09,True,2,3.982716290444e-11,2.447450923441e-11,0.614518,1.594155,2.03,D
11.0,V2V,vehicle_3,vehicle_0,-108.65,131.65,0.00,True,1,1.364313877203e-14,1.364313877203e-14,1.000000,inf,inf,D
11.0,V2V,vehicle_3,vehicle_1,-97.72,120.72,548.82,False,1,1.692030832148e-13,1.692030832148e-13,1.000000,inf,inf,D
11.0,V2V,vehicle_3,vehicle_4,-82.91,105.91,0.03,True,2,5.116202267270e-12,3.035622930542e-12,0.593335,1.459028,1.64,D
11.0,V2V,vehicle_4,vehicle_0,-81.78,104.78,0.03,True,2,6.640116786745e-12,5.932118325181e-12,0.893376,8.378716,9.23,D
11.0,V2V,vehicle_4,vehicle_1,-74.00,97.00,0.09,True,2,3.982620483643e-11,2.447450923441e-11,0.614533,1.594254,2.03,D
11.0,V2V,vehicle_4,vehicle_3,-82.91,105.91,0.03,True,2,5.116182019084e-12,3.035622930542e-12,0.593338,1.459042,1.64,D
12.0,V2I,BS_1,vehicle_0,-91.42,121.42,594.93,False,1,7.216528087488e-13,7.216528087488e-13,1.000000,inf,inf,D
12.0,V2I,BS_1,vehicle_1,-93.75,123.75,778.54,False,1,4.214098660227e-13,4.214098660227e-13,1.000000,inf,inf,D
12.0,V2I,BS_1,vehicle_3,-94.95,124.95,893.35,False,1,3.200531341588e-13,3.200531341588e-13,1.000000,inf,inf,D
12.0,V2I,BS_1,vehicle_4,-96.00,126.00,1008.08,False,1,2.513495667228e-13,2.513495667228e-13,1.000000,inf,inf,D
12.0,V2V,vehicle_0,vehicle_1,-71.67,94.67,11.66,True,10,6.801217359905e-11,3.023028281943e-11,0.444483,0.800126,-0.97,K
12.0,V2V,vehicle_0,vehicle_3,-77.52,100.52,0.06,True,2,1.769350872775e-11,1.029333046095e-11,0.581757,1.390957,1.43,D
12.0,V2V,vehicle_0,vehicle_4,-80.50,103.50,0.04,True,2,8.908382919646e-12,6.707587852753e-12,0.752952,3.047802,4.84,D
12.0,V2V,vehicle_1,vehicle_0,-71.67,94.67,11.66,True,10,6.808212124968e-11,3.023028281943e-11,0.444027,0.798648,-0.98,K
12.0,V2V,vehicle_1,vehicle_3,-96.48,119.48,475.82,False,1,2.251024282252e-13,2.251024282252e-13,1.000000,inf,inf,D
12.0,V2V,vehicle_1,vehicle_4,-74.57,97.57,0.09,True,2,3.494114755375e-11,2.397332059622e-11,0.686106,2.185786,3.40,D
12.0,V2V,vehicle_3,vehicle_0,-77.52,100.52,0.06,True,2,1.769309268810e-11,1.029333046095e-11,0.581771,1.391035,1.43,D
12.0,V2V,vehicle_3,vehicle_1,-96.48,119.48,475.82,False,1,2.251024282252e-13,2.251024282252e-13,1.000000,inf,inf,D
12.0,V2V,vehicle_3,vehicle_4,-99.28,122.28,657.25,False,1,1.179771806152e-13,1.179771806152e-13,1.000000,inf,inf,D
12.0,V2V,vehicle_4,vehicle_0,-80.50,103.50,0.04,True,2,8.908244470511e-12,6.707587852753e-12,0.752964,3.047994,4.84,D
12.0,V2V,vehicle_4,vehicle_1,-74.56,97.56,0.09,True,2,3.501566226277e-11,2.397332059622e-11,0.684646,2.171036,3.37,D
12.0,V2V,vehicle_4,vehicle_3,-99.28,122.28,657.25,False,1,1.179771806152e-13,1.179771806152e-13,1.000000,inf,inf,D
13.0,V2I,BS_1,vehicle_0,-91.15,121.15,576.82,False,1,7.676949095063e-13,7.676949095063e-13,1.000000,inf,inf,D
13.0,V2I,BS_1,vehicle_1,-93.27,123.27,736.25,False,1,4.712030688508e-13,4.712030688508e-13,1.000000,inf,inf,D
13.0,V2I,BS_1,vehicle_3,-94.47,124.47,845.80,False,1,3.570464168230e-13,3.570464168230e-13,1.000000,inf,inf,D
13.0,V2I,BS_1,vehicle_4,-95.56,125.56,958.36,False,1,2.781024863792e-13,2.781024863792e-13,1.000000,inf,inf,D
13.0,V2V,vehicle_0,vehicle_1,-72.50,95.50,15.44,True,10,5.627161027295e-11,3.799900437702e-11,0.675278,2.079561,3.18,D
13.0,V2V,vehicle_0,vehicle_3,-73.87,96.87,3.17,True,6,4.103026789042e-11,1.389104891934e-11,0.338556,0.511844,-2.91,K
13.0,V2V,vehicle_0,vehicle_4,-78.77,101.77,0.05,True,2,1.327359415868e-11,7.589335782178e-12,0.571762,1.335150,1.26,D
13.0,V2V,vehicle_1,vehicle_0,-72.50,95.50,15.44,True,10,5.627128048278e-11,3.799900437702e-11,0.675282,2.079599,3.18,D
13.0,V2V,vehicle_1,vehicle_3,-95.04,118.04,403.44,False,1,3.131102899698e-13,3.131102899698e-13,1.000000,inf,inf,D
13.0,V2V,vehicle_1,vehicle_4,-73.83,96.83,0.10,True,2,4.139569607568e-11,2.480876698138e-11,0.599308,1.495682,1.75,D
13.0,V2V,vehicle_3,vehicle_0,-73.87,96.87,3.17,True,6,4.102828304901e-11,1.389104891934e-11,0.338573,0.511882,-2.91,K
13.0,V2V,vehicle_3,vehicle_1,-95.04,118.04,403.44,False,1,3.131102899698e-13,3.131102899698e-13,1.000000,inf,inf,D
13.0,V2V,vehicle_3,vehicle_4,-98.22,121.22,581.47,False,1,1.507317363878e-13,1.507317363878e-13,1.000000,inf,inf,D
13.0,V2V,vehicle_4,vehicle_0,-78.77,101.77,0.05,True,2,1.327325011258e-11,7.589335782178e-12,0.571777,1.335231,1.26,D
13.0,V2V,vehicle_4,vehicle_1,-73.83,96.83,0.10,True,2,4.139467709004e-11,2.480876698138e-11,0.599323,1.495774,1.75,D
13.0,V2V,vehicle_4,vehicle_3,-98.22,121.22,581.47,False,1,1.507317363878e-13,1.507317363878e-13,1.000000,inf,inf,D
14.0,V2I,BS_1,vehicle_0,-90.81,120.81,554.71,False,1,8.301126966205e-13,8.301126966205e-13,1.000000,inf,inf,D
14.0,V2I,BS_1,vehicle_1,-92.77,122.77,695.26,False,1,5.284153282408e-13,5.284153282408e-13,1.000000,inf,inf,D
14.0,V2I,BS_1,vehicle_3,-93.98,123.98,798.70,False,1,4.004028482096e-13,4.004028482096e-13,1.000000,inf,inf,D
14.0,V2I,BS_1,vehicle_4,-95.11,125.11,909.67,False,1,3.086727519573e-13,3.086727519573e-13,1.000000,inf,inf,D
14.0,V2V,vehicle_0,vehicle_1,-69.96,92.96,5.95,True,4,1.009180805331e-10,4.559986466521e-11,0.451850,0.824319,-0.84,K
14.0,V2V,vehicle_0,vehicle_3,-73.17,96.17,3.72,True,6,4.815794126739e-11,1.952911858762e-11,0.405522,0.682149,-1.66,K
14.0,V2V,vehicle_0,vehicle_4,-79.20,102.20,2.55,True,4,1.203556087877e-11,8.373785812900e-12,0.695754,2.286811,3.59,D
14.0,V2V,vehicle_1,vehicle_0,-69.96,92.96,5.95,True,4,1.009168677187e-10,4.559986466521e-11,0.451856,0.824337,-0.84,K
14.0,V2V,vehicle_1,vehicle_3,-93.33,116.33,331.36,False,1,4.641493126947e-13,4.641493126947e-13,1.000000,inf,inf,D
14.0,V2V,vehicle_1,vehicle_4,-74.20,97.20,0.09,True,2,3.797589583188e-11,2.564081859375e-11,0.675187,2.078691,3.18,D
14.0,V2V,vehicle_3,vehicle_0,-73.17,96.17,3.72,True,6,4.815745338562e-11,1.952911858762e-11,0.405526,0.682160,-1.66,K
14.0,V2V,vehicle_3,vehicle_1,-93.33,116.33,331.36,False,1,4.641493126947e-13,4.641493126947e-13,1.000000,inf,inf,D
14.0,V2V,vehicle_3,vehicle_4,-97.01,120.01,506.13,False,1,1.989520622570e-13,1.989520622570e-13,1.000000,inf,inf,D
14.0,V2V,vehicle_4,vehicle_0,-79.20,102.20,2.55,True,4,1.203549736522e-11,8.373785812900e-12,0.695757,2.286850,3.59,D
14.0,V2V,vehicle_4,vehicle_1,-74.21,97.21,0.09,True,2,3.797516066697e-11,2.564081859375e-11,0.675200,2.078815,3.18,D
14.0,V2V,vehicle_4,vehicle_3,-97.01,120.01,506.13,False,1,1.989520622570e-13,1.989520622570e-13,1.000000,inf,inf,D
15.0,V2I,BS_1,vehicle_0,-90.39,120.39,528.55,False,1,9.143086332805e-13,9.143086332805e-13,1.000000,inf,inf,D
15.0,V2I,BS_1,vehicle_1,-92.24,122.24,654.24,False,1,5.967495689188e-13,5.967495689188e-13,1.000000,inf,inf,D
15.0,V2I,BS_1,vehicle_3,-93.46,123.46,753.10,False,1,4.503574293969e-13,4.503574293969e-13,1.000000,inf,inf,D
15.0,V2I,BS_1,vehicle_4,-94.62,124.62,860.58,False,1,3.448936967917e-13,3.448936967917e-13,1.000000,inf,inf,D
15.0,V2I,BS_1,vehicle_5,-96.64,126.64,1085.50,False,1,2.167711963146e-13,2.167711963146e-13,1.000000,inf,inf,D
15.0,V2V,vehicle_0,vehicle_1,-71.15,94.15,0.13,True,2,7.677629502928e-11,5.179914344075e-11,0.674676,2.073861,3.17,D
15.0,V2V,vehicle_0,vehicle_3,-87.58,110.58,8.44,False,3,1.745515880690e-12,1.140904808345e-12,0.653620,1.887006,2.76,D
15.0,V2V,vehicle_0,vehicle_4,-77.25,100.25,2.92,True,4,1.884842337714e-11,8.991773602724e-12,0.477057,0.912255,-0.40,K
15.0,V2V,vehicle_0,vehicle_5,-98.59,121.59,607.08,False,1,1.382829782931e-13,1.382829782931e-13,1.000000,inf,inf,D
15.0,V2V,vehicle_1,vehicle_0,-71.15,94.15,0.13,True,2,7.677587691289e-11,5.179914344075e-11,0.674680,2.073896,3.17,D
15.0,V2V,vehicle_1,vehicle_3,-96.73,119.73,0.00,True,1,2.122564123490e-13,2.122564123490e-13,1.000000,inf,inf,D
15.0,V2V,vehicle_1,vehicle_4,-73.60,96.60,5.37,True,4,4.361654900429e-11,2.642243041720e-11,0.605789,1.536713,1.87,D
15.0,V2V,vehicle_1,vehicle_5,-98.70,121.70,614.88,False,1,1.347973141316e-13,1.347973141316e-13,1.000000,inf,inf,D
15.0,V2V,vehicle_3,vehicle_0,-87.57,110.57,8.46,False,3,1.751348786019e-12,1.140892261392e-12,0.651436,1.868916,2.72,D
15.0,V2V,vehicle_3,vehicle_1,-96.73,119.73,0.00,True,1,2.122557633687e-13,2.122557633687e-13,1.000000,inf,inf,D
15.0,V2V,vehicle_3,vehicle_4,-95.61,118.61,430.53,False,1,2.749532035275e-13,2.749532035275e-13,1.000000,inf,inf,D
15.0,V2V,vehicle_3,vehicle_5,-79.23,102.23,0.02,True,2,1.193862387802e-11,1.169901560596e-11,0.979930,48.825591,16.89,D
15.0,V2V,vehicle_4,vehicle_0,-77.25,100.25,2.92,True,4,1.882400674726e-11,8.991773602724e-12,0.477676,0.914520,-0.39,K
15.0,V2V,vehicle_4,vehicle_1,-73.60,96.60,5.37,True,4,4.364720562322e-11,2.642243041720e-11,0.605364,1.533978,1.86,D
15.0,V2V,vehicle_4,vehicle_3,-95.61,118.61,430.53,False,1,2.749532035275e-13,2.749532035275e-13,1.000000,inf,inf,D
15.0,V2V,vehicle_4,vehicle_5,-99.88,122.88,704.16,False,1,1.027841786331e-13,1.027841786331e-13,1.000000,inf,inf,D
15.0,V2V,vehicle_5,vehicle_0,-98.59,121.59,607.08,False,1,1.382829782931e-13,1.382829782931e-13,1.000000,inf,inf,D
15.0,V2V,vehicle_5,vehicle_1,-98.70,121.70,614.88,False,1,1.347973141316e-13,1.347973141316e-13,1.000000,inf,inf,D
15.0,V2V,vehicle_5,vehicle_3,-79.23,102.23,0.02,True,2,1.193860687473e-11,1.169901560596e-11,0.979931,48.829057,16.89,D
15.0,V2V,vehicle_5,vehicle_4,-99.88,122.88,704.16,False,1,1.027841786331e-13,1.027841786331e-13,1.000000,inf,inf,D
16.0,V2I,BS_1,vehicle_0,-89.90,119.90,499.38,False,1,1.024242434511e-12,1.024242434511e-12,1.000000,inf,inf,D
16.0,V2I,BS_1,vehicle_1,-91.81,121.81,622.82,False,1,6.584784059985e-13,6.584784059985e-13,1.000000,inf,inf,D
16.0,V2I,BS_1,vehicle_3,-92.93,122.93,708.07,False,1,5.094645030029e-13,5.094645030029e-13,1.000000,inf,inf,D
16.0,V2I,BS_1,vehicle_4,-94.12,124.12,812.44,False,1,3.869732043026e-13,3.869732043026e-13,1.000000,inf,inf,D
16.0,V2I,BS_1,vehicle_5,-96.32,126.32,1045.64,False,1,2.336141660172e-13,2.336141660172e-13,1.000000,inf,inf,D
16.0,V2V,vehicle_0,vehicle_1,-72.04,95.04,0.12,True,2,6.253424017109e-11,4.767459971782e-11,0.762376,3.208328,5.06,D
16.0,V2V,vehicle_0,vehicle_3,-93.89,116.89,5.38,True,2,4.079421397542e-13,2.355326756429e-13,0.577368,1.366124,1.35,D
16.0,V2V,vehicle_0,vehicle_4,-76.09,99.09,7.61,True,5,2.460375396819e-11,9.286461202379e-12,0.377441,0.606273,-2.17,K
16.0,V2V,vehicle_0,vehicle_5,-98.07,121.07,571.60,False,1,1.559842348351e-13,1.559842348351e-13,1.000000,inf,inf,D
16.0,V2V,vehicle_1,vehicle_0,-72.03,95.03,0.12,True,2,6.260234606965e-11,4.767459971782e-11,0.761547,3.193690,5.04,D
16.0,V2V,vehicle_1,vehicle_3,-85.62,108.62,15.14,False,7,2.739023760830e-12,1.518039906344e-12,0.554227,1.243292,0.95,D
16.0,V2V,vehicle_1,vehicle_4,-72.92,95.92,2.68,True,4,5.109443674740e-11,2.975555181096e-11,0.582364,1.394429,1.44,D
16.0,V2V,vehicle_1,vehicle_5,-97.98,120.98,565.88,False,1,1.591524974434e-13,1.591524974434e-13,1.000000,inf,inf,D
16.0,V2V,vehicle_3,vehicle_0,-93.89,116.89,5.38,True,2,4.079400197518e-13,2.355313127842e-13,0.577368,1.366122,1.35,D
16.0,V2V,vehicle_3,vehicle_1,-85.63,108.63,15.14,False,7,2.737221609194e-12,1.518017062237e-12,0.554583,1.245088,0.95,D
16.0,V2V,vehicle_3,vehicle_4,-93.94,116.94,355.29,False,1,4.037276164682e-13,4.037276164682e-13,1.000000,inf,inf,D
16.0,V2V,vehicle_3,vehicle_5,-78.85,101.85,0.05,True,2,1.302397469456e-11,1.104634907677e-11,0.848155,5.585662,7.47,D
16.0,V2V,vehicle_4,vehicle_0,-76.09,99.09,7.61,True,5,2.460360465945e-11,9.286461202379e-12,0.377443,0.606279,-2.17,K
16.0,V2V,vehicle_4,vehicle_1,-72.92,95.92,2.68,True,4,5.109327207576e-11,2.975555181096e-11,0.582377,1.394505,1.44,D
16.0,V2V,vehicle_4,vehicle_3,-93.94,116.94,355.29,False,1,4.037276164682e-13,4.037276164682e-13,1.000000,inf,inf,D
16.0,V2V,vehicle_4,vehicle_5,-99.04,122.04,639.38,False,1,1.246655878268e-13,1.246655878268e-13,1.000000,inf,inf,D
16.0,V2V,vehicle_5,vehicle_0,-98.07,121.07,571.60,False,1,1.559842348351e-13,1.559842348351e-13,1.000000,inf,inf,D
16.0,V2V,vehicle_5,vehicle_1,-97.98,120.98,565.88,False,1,1.591524974434e-13,1.591524974434e-13,1.000000,inf,inf,D
16.0,V2V,vehicle_5,vehicle_3,-78.85,101.85,0.05,True,2,1.302385960872e-11,1.104634907677e-11,0.848162,5.585987,7.47,D
16.0,V2V,vehicle_5,vehicle_4,-99.04,122.04,639.38,False,1,1.246655878268e-13,1.246655878268e-13,1.000000,inf,inf,D
17.0,V2I,BS_1,vehicle_0,-90.51,120.51,16.26,True,3,8.896022685319e-13,7.230298174413e-13,0.812756,4.340633,6.38,D
17.0,V2I,BS_1,vehicle_1,-91.51,121.51,601.34,False,1,7.063564231535e-13,7.063564231535e-13,1.000000,inf,inf,D
17.0,V2I,BS_1,vehicle_3,-92.37,122.37,663.97,False,1,5.793887488741e-13,5.793887488741e-13,1.000000,inf,inf,D
17.0,V2I,BS_1,vehicle_4,-93.60,123.60,765.12,False,1,4.363160485325e-13,4.363160485325e-13,1.000000,inf,inf,D
17.0,V2I,BS_1,vehicle_5,-95.92,125.92,998.70,False,1,2.560913977540e-13,2.560913977540e-13,1.000000,inf,inf,D
17.0,V2V,vehicle_0,vehicle_1,-72.68,95.68,6.06,True,4,5.393746506603e-11,3.725912112290e-11,0.690784,2.233982,3.49,D
17.0,V2V,vehicle_0,vehicle_3,-96.25,119.25,1.62,False,2,2.370749895441e-13,2.178081361374e-13,0.918731,11.304811,10.53,D
17.0,V2V,vehicle_0,vehicle_4,-76.51,99.51,9.45,True,10,2.231934171327e-11,9.392952815900e-12,0.420844,0.726649,-1.39,K
17.0,V2V,vehicle_0,vehicle_5,-97.50,120.50,535.29,False,1,1.778610419281e-13,1.778610419281e-13,1.000000,inf,inf,D
17.0,V2V,vehicle_1,vehicle_0,-72.68,95.68,6.06,True,4,5.394782084501e-11,3.725912112290e-11,0.690651,2.232596,3.49,D
17.0,V2V,vehicle_1,vehicle_3,-68.40,91.40,9.86,True,7,1.445702414983e-10,9.103234986400e-11,0.629676,1.700335,2.31,D
17.0,V2V,vehicle_1,vehicle_4,-72.06,95.06,12.80,True,10,6.229289450300e-11,3.788846104956e-11,0.608231,1.552524,1.91,D
17.0,V2V,vehicle_1,vehicle_5,-89.76,112.76,0.04,True,2,1.055743382461e-12,7.188290778132e-13,0.680875,2.133567,3.29,D
17.0,V2V,vehicle_3,vehicle_0,-96.25,119.25,1.62,False,2,2.370755100804e-13,2.178085471583e-13,0.918731,11.304768,10.53,D
17.0,V2V,vehicle_3,vehicle_1,-68.40,91.40,9.85,True,7,1.445474087871e-10,9.103234986400e-11,0.629775,1.701060,2.31,D
17.0,V2V,vehicle_3,vehicle_4,-91.89,114.89,280.72,False,1,6.467377148711e-13,6.467377148711e-13,1.000000,inf,inf,D
17.0,V2V,vehicle_3,vehicle_5,-78.43,101.43,0.06,True,2,1.435598949721e-11,1.085967256989e-11,0.756456,3.106032,4.92,D
17.0,V2V,vehicle_4,vehicle_0,-76.53,99.53,9.45,True,10,2.223396821144e-11,9.392952815900e-12,0.422460,0.731481,-1.36,K
17.0,V2V,vehicle_4,vehicle_1,-72.06,95.06,12.80,True,10,6.230002351938e-11,3.788846104956e-11,0.608161,1.552070,1.91,D
17.0,V2V,vehicle_4,vehicle_3,-91.89,114.89,280.72,False,1,6.467377148711e-13,6.467377148711e-13,1.000000,inf,inf,D
17.0,V2V,vehicle_4,vehicle_5,-98.02,121.02,568.57,False,1,1.576525122765e-13,1.576525122765e-13,1.000000,inf,inf,D
17.0,V2V,vehicle_5,vehicle_0,-97.50,120.50,535.29,False,1,1.778610419281e-13,1.778610419281e-13,1.000000,inf,inf,D
17.0,V2V,vehicle_5,vehicle_1,-89.76,112.76,0.04,True,2,1.055731376325e-12,7.188291643439e-13,0.680883,2.133643,3.29,D
17.0,V2V,vehicle_5,vehicle_3,-78.43,101.43,0.06,True,2,1.435578424637e-11,1.085967256989e-11,0.756467,3.106214,4.92,D
17.0,V2V,vehicle_5,vehicle_4,-98.02,121.02,568.57,False,1,1.576525122765e-13,1.576525122765e-13,1.000000,inf,inf,D
18.0,V2I,BS_1,vehicle_0,-73.34,103.34,15.86,True,4,4.633999878701e-11,4.031208353239e-11,0.869920,6.687566,8.25,D
18.0,V2I,BS_1,vehicle_1,-91.36,121.36,591.18,False,1,7.308547474299e-13,7.308547474299e-13,1.000000,inf,inf,D
18.0,V2I,BS_1,vehicle_3,-91.80,121.80,621.61,False,1,6.610484340824e-13,6.610484340824e-13,1.000000,inf,inf,D
18.0,V2I,BS_1,vehicle_4,-93.08,123.08,720.36,False,1,4.922278258410e-13,4.922278258410e-13,1.000000,inf,inf,D
18.0,V2I,BS_1,vehicle_5,-95.47,125.47,948.30,False,1,2.840335539639e-13,2.840335539639e-13,1.000000,inf,inf,D
18.0,V2V,vehicle_0,vehicle_1,-73.82,96.82,7.68,True,6,4.147223453249e-11,2.637253888686e-11,0.635908,1.746561,2.42,D
18.0,V2V,vehicle_0,vehicle_3,-88.65,111.65,10.90,True,4,1.363173676917e-12,1.166001050418e-12,0.855358,5.913605,7.72,D
18.0,V2V,vehicle_0,vehicle_4,-77.28,100.28,9.31,True,6,1.872291000527e-11,9.415687548382e-12,0.502897,1.011654,0.05,D
18.0,V2V,vehicle_0,vehicle_5,-96.96,119.96,503.34,False,1,2.011591519545e-13,2.011591519545e-13,1.000000,inf,inf,D
18.0,V2V,vehicle_1,vehicle_0,-73.83,96.83,7.71,True,6,4.140659890181e-11,2.637253888686e-11,0.636916,1.754186,2.44,D
18.0,V2V,vehicle_1,vehicle_3,-64.53,87.53,7.30,True,4,3.522630909143e-10,2.679175068454e-10,0.760561,3.176426,5.02,D
18.0,V2V,vehicle_1,vehicle_4,-69.02,92.02,9.69,True,10,1.253180950681e-10,5.812411464812e-11,0.463813,0.865020,-0.63,K
18.0,V2V,vehicle_1,vehicle_5,-78.25,101.25,0.47,True,4,1.495015906027e-11,7.746497010178e-12,0.518155,1.075355,0.32,D
18.0,V2V,vehicle_3,vehicle_0,-88.66,111.66,10.87,True,4,1.361725116336e-12,1.166013770432e-12,0.856277,5.957824,7.75,D
18.0,V2V,vehicle_3,vehicle_1,-64.53,87.53,7.30,True,4,3.522852427760e-10,2.679175068454e-10,0.760513,3.175592,5.02,D
18.0,V2V,vehicle_3,vehicle_4,-87.61,110.61,12.40,True,4,1.734426535591e-12,1.388161291853e-12,0.800358,4.008954,6.03,D
18.0,V2V,vehicle_3,vehicle_5,-78.58,101.58,0.05,True,2,1.387064809315e-11,1.092579310785e-11,0.787692,3.710129,5.69,D
18.0,V2V,vehicle_4,vehicle_0,-77.28,100.28,9.31,True,6,1.872275073036e-11,9.415687548382e-12,0.502901,1.011671,0.05,D
18.0,V2V,vehicle_4,vehicle_1,-69.02,92.02,9.69,True,10,1.253165343835e-10,5.812411464812e-11,0.463818,0.865040,-0.63,K
18.0,V2V,vehicle_4,vehicle_3,-87.61,110.61,12.40,False,4,1.732796311897e-12,1.388150215922e-12,0.801104,4.027756,6.05,D
18.0,V2V,vehicle_4,vehicle_5,-96.83,119.83,495.82,False,1,2.073047707791e-13,2.073047707791e-13,1.000000,inf,inf,D
18.0,V2V,vehicle_5,vehicle_0,-96.96,119.96,503.34,False,1,2.011591519545e-13,2.011591519545e-13,1.000000,inf,inf,D
18.0,V2V,vehicle_5,vehicle_1,-78.25,101.25,0.47,True,4,1.494984780931e-11,7.746497010178e-12,0.518166,1.075402,0.32,D
18.0,V2V,vehicle_5,vehicle_3,-78.57,101.57,0.05,True,2,1.391050898365e-11,1.092579310785e-11,0.785434,3.660581,5.64,D
18.0,V2V,vehicle_5,vehicle_4,-96.83,119.83,495.82,False,1,2.073047707791e-13,2.073047707791e-13,1.000000,inf,inf,D
19.0,V2I,BS_1,vehicle_0,-71.74,101.74,13.23,True,4,6.695542818097e-11,4.387762375657e-11,0.655326,1.901291,2.79,D
19.0,V2I,BS_1,vehicle_1,-91.35,121.35,590.34,False,1,7.329359871031e-13,7.329359871031e-13,1.000000,inf,inf,D
19.0,V2I,BS_1,vehicle_3,-91.21,121.21,580.76,False,1,7.573031169167e-13,7.573031169167e-13,1.000000,inf,inf,D
19.0,V2I,BS_1,vehicle_4,-92.53,122.53,676.44,False,1,5.582121749465e-13,5.582121749465e-13,1.000000,inf,inf,D
19.0,V2I,BS_1,vehicle_5,-95.02,125.02,900.36,False,1,3.150864027866e-13,3.150864027866e-13,1.000000,inf,inf,D
19.0,V2V,vehicle_0,vehicle_1,-73.35,96.35,9.37,True,8,4.619019424417e-11,1.796592401504e-11,0.388955,0.636542,-1.96,K
19.0,V2V,vehicle_0,vehicle_3,-74.28,97.28,9.63,True,9,3.730582012266e-11,2.212225150592e-11,0.592997,1.456986,1.63,D
19.0,V2V,vehicle_0,vehicle_4,-76.08,99.08,7.92,True,8,2.467082635004e-11,9.453760368300e-12,0.383196,0.621260,-2.07,K
19.0,V2V,vehicle_0,vehicle_5,-96.61,119.61,483.47,False,1,2.180352718896e-13,2.180352718896e-13,1.000000,inf,inf,D
19.0,V2V,vehicle_1,vehicle_0,-73.35,96.35,9.36,True,8,4.623913894466e-11,1.796592401504e-11,0.388544,0.635440,-1.97,K
19.0,V2V,vehicle_1,vehicle_3,-58.56,81.56,0.14,True,2,1.392402466512e-09,1.378467551369e-09,0.989992,98.921848,19.95,D
19.0,V2V,vehicle_1,vehicle_4,-66.90,89.90,14.52,True,10,2.040986729187e-10,1.253727804653e-10,0.614275,1.592523,2.02,D
19.0,V2V,vehicle_1,vehicle_5,-76.76,99.76,0.63,True,4,2.109749686889e-11,9.924755326853e-12,0.470423,0.888301,-0.51,K
19.0,V2V,vehicle_3,vehicle_0,-74.28,97.28,9.63,True,9,3.730659514747e-11,2.212225150592e-11,0.592985,1.456912,1.63,D
19.0,V2V,vehicle_3,vehicle_1,-58.56,81.56,0.14,True,2,1.392380586011e-09,1.378467551369e-09,0.990008,99.077418,19.96,D
19.0,V2V,vehicle_3,vehicle_4,-68.22,91.22,9.29,True,8,1.506944145290e-10,7.730969801223e-11,0.513023,1.053485,0.23,D
19.0,V2V,vehicle_3,vehicle_5,-76.75,99.75,2.03,True,4,2.115840336915e-11,1.083901526668e-11,0.512279,1.050354,0.21,D
19.0,V2V,vehicle_4,vehicle_0,-76.08,99.08,7.93,True,8,2.466898977967e-11,9.453760368300e-12,0.383224,0.621335,-2.07,K
19.0,V2V,vehicle_4,vehicle_1,-66.90,89.90,14.52,True,10,2.039817694729e-10,1.253727804653e-10,0.614627,1.594891,2.03,D
19.0,V2V,vehicle_4,vehicle_3,-68.22,91.22,9.29,True,8,1.506948427262e-10,7.730969801223e-11,0.513022,1.053479,0.23,D
19.0,V2V,vehicle_4,vehicle_5,-95.52,118.52,426.39,False,1,2.803153929051e-13,2.803153929051e-13,1.000000,inf,inf,D
19.0,V2V,vehicle_5,vehicle_0,-96.61,119.61,483.47,False,1,2.180352718896e-13,2.180352718896e-13,1.000000,inf,inf,D
19.0,V2V,vehicle_5,vehicle_1,-76.76,99.76,0.63,True,4,2.106740494937e-11,9.924755326853e-12,0.471095,0.890700,-0.50,K
19.0,V2V,vehicle_5,vehicle_3,-76.75,99.75,2.03,True,4,2.115812145210e-11,1.083901526668e-11,0.512286,1.050383,0.21,D
19.0,V2V,vehicle_5,vehicle_4,-95.52,118.52,426.39,False,1,2.803153929051e-13,2.803153929051e-13,1.000000,inf,inf,D
20.0,V2I,BS_1,flow_west_east.0,-96.67,126.67,1089.43,False,1,2.152126351842e-13,2.152126351842e-13,1.000000,inf,inf,D
20.0,V2I,BS_1,vehicle_0,-73.16,103.16,12.51,True,4,4.830739134447e-11,4.653601462512e-11,0.963331,26.271100,14.19,D
20.0,V2I,BS_1,vehicle_1,-91.35,121.35,590.12,False,1,7.334721535838e-13,7.334721535838e-13,1.000000,inf,inf,D
20.0,V2I,BS_1,vehicle_3,-90.61,120.61,542.07,False,1,8.692732866915e-13,8.692732866915e-13,1.000000,inf,inf,D
20.0,V2I,BS_1,vehicle_4,-92.08,122.08,641.80,False,1,6.201101242547e-13,6.201101242547e-13,1.000000,inf,inf,D
20.0,V2I,BS_1,vehicle_5,-94.55,124.55,853.16,False,1,3.509172499247e-13,3.509172499247e-13,1.000000,inf,inf,D
20.0,V2V,flow_west_east.0,vehicle_0,-83.94,106.94,0.60,True,4,4.036712834125e-12,1.833090085611e-12,0.454105,0.831853,-0.80,K
20.0,V2V,flow_west_east.0,vehicle_1,-81.47,104.47,0.04,True,2,7.132192832657e-12,4.704351740880e-12,0.659594,1.937669,2.87,D
20.0,V2V,flow_west_east.0,vehicle_3,-83.64,106.64,0.01,True,2,4.324098708867e-12,4.242751594514e-12,0.981187,52.156141,17.17,D
20.0,V2V,flow_west_east.0,vehicle_4,-82.04,105.04,0.02,True,2,6.252591859929e-12,6.054710188628e-12,0.968352,30.597630,14.86,D
20.0,V2V,flow_west_east.0,vehicle_5,-99.91,122.91,706.60,False,1,1.020729868738e-13,1.020729868738e-13,1.000000,inf,inf,D
20.0,V2V,vehicle_0,flow_west_east.0,-83.98,106.98,0.58,True,4,3.999957590279e-12,1.833090085611e-12,0.458277,0.845963,-0.73,K
20.0,V2V,vehicle_0,vehicle_1,-74.39,97.39,5.74,True,6,3.642491619383e-11,1.298168177194e-11,0.356396,0.553750,-2.57,K
20.0,V2V,vehicle_0,vehicle_3,-76.52,99.52,4.89,True,4,2.230821946690e-11,1.526767635986e-11,0.684397,2.168537,3.36,D
20.0,V2V,vehicle_0,vehicle_4,-78.96,101.96,2.44,True,4,1.269216507442e-11,9.061607346489e-12,0.713953,2.495927,3.97,D
20.0,V2V,vehicle_0,vehicle_5,-96.46,119.46,474.74,False,1,2.261308895872e-13,2.261308895872e-13,1.000000,inf,inf,D
20.0,V2V,vehicle_1,flow_west_east.0,-81.47,104.47,0.04,True,2,7.132343223030e-12,4.704351740880e-12,0.659580,1.937549,2.87,D
20.0,V2V,vehicle_1,vehicle_0,-74.39,97.39,5.75,True,6,3.639885924456e-11,1.298168177194e-11,0.356651,0.554366,-2.56,K
20.0,V2V,vehicle_1,vehicle_3,-61.69,84.69,0.10,True,2,6.781707144124e-10,6.707872559554e-10,0.989113,90.850007,19.58,D
20.0,V2V,vehicle_1,vehicle_4,-63.17,86.17,12.89,True,10,4.816489223061e-10,3.347949517655e-10,0.695102,2.279781,3.58,D
20.0,V2V,vehicle_1,vehicle_5,-74.01,97.01,0.97,True,4,3.976371443479e-11,1.315279382704e-11,0.330774,0.494263,-3.06,K
20.0,V2V,vehicle_3,flow_west_east.0,-83.64,106.64,0.01,True,2,4.324104273873e-12,4.242751594514e-12,0.981186,52.152574,17.17,D
20.0,V2V,vehicle_3,vehicle_0,-76.51,99.51,4.90,True,4,2.233048950784e-11,1.526767635986e-11,0.683714,2.161699,3.35,D
20.0,V2V,vehicle_3,vehicle_1,-61.69,84.69,0.11,True,2,6.781972738023e-10,6.707872559554e-10,0.989074,90.524378,19.57,D
20.0,V2V,vehicle_3,vehicle_4,-67.33,90.33,8.91,True,4,1.847437201297e-10,1.419969662219e-10,0.768616,3.321819,5.21,D
20.0,V2V,vehicle_3,vehicle_5,-77.14,100.14,2.73,True,4,1.930022764148e-11,1.072183261095e-11,0.555529,1.249865,0.97,D
20.0,V2V,vehicle_4,flow_west_east.0,-82.04,105.04,0.02,True,2,6.252602113818e-12,6.054710188628e-12,0.968350,30.596045,14.86,D
20.0,V2V,vehicle_4,vehicle_0,-78.96,101.96,2.44,True,4,1.269222949654e-11,9.061607346489e-12,0.713949,2.495883,3.97,D
20.0,V2V,vehicle_4,vehicle_1,-63.17,86.17,12.89,True,10,4.816479823392e-10,3.347949517655e-10,0.695103,2.279796,3.58,D
20.0,V2V,vehicle_4,vehicle_3,-67.33,90.33,8.91,True,4,1.848761497561e-10,1.419969662219e-10,0.768065,3.311559,5.20,D
20.0,V2V,vehicle_4,vehicle_5,-94.11,117.11,362.35,False,1,3.881608587814e-13,3.881608587814e-13,1.000000,inf,inf,D
20.0,V2V,vehicle_5,flow_west_east.0,-99.91,122.91,706.60,False,1,1.020729868738e-13,1.020729868738e-13,1.000000,inf,inf,D
20.0,V2V,vehicle_5,vehicle_0,-96.46,119.46,474.74,False,1,2.261308895872e-13,2.261308895872e-13,1.000000,inf,inf,D
20.0,V2V,vehicle_5,vehicle_1,-74.01,97.01,0.97,True,4,3.974862832478e-11,1.315279382704e-11,0.330899,0.494543,-3.06,K
20.0,V2V,vehicle_5,vehicle_3,-77.14,100.14,2.73,True,4,1.929996701098e-11,1.072183261095e-11,0.555536,1.249903,0.97,D
20.0,V2V,vehicle_5,vehicle_4,-94.11,117.11,362.35,False,1,3.881608587814e-13,3.881608587814e-13,1.000000,inf,inf,D
21.0,V2I,BS_1,flow_west_east.0,-96.33,126.33,1047.81,False,1,2.326474103862e-13,2.326474103862e-13,1.000000,inf,inf,D
21.0,V2I,BS_1,vehicle_0,-72.37,102.37,28.35,True,4,5.790480334805e-11,4.789722785059e-11,0.827172,4.786097,6.80,D
21.0,V2I,BS_1,vehicle_1,-91.26,121.26,584.20,False,1,7.484061688694e-13,7.484061688694e-13,1.000000,inf,inf,D
21.0,V2I,BS_1,vehicle_3,-90.03,120.03,507.21,False,1,9.928594253837e-13,9.928594253837e-13,1.000000,inf,inf,D
21.0,V2I,BS_1,vehicle_4,-91.76,121.76,618.79,False,1,6.670827415485e-13,6.670827415485e-13,1.000000,inf,inf,D
21.0,V2I,BS_1,vehicle_5,-94.04,124.04,804.94,False,1,3.942161288478e-13,3.942161288478e-13,1.000000,inf,inf,D
21.0,V2V,flow_west_east.0,vehicle_0,-83.36,106.36,1.08,True,4,4.609304030011e-12,1.795465667830e-12,0.389531,0.638084,-1.95,K
21.0,V2V,flow_west_east.0,vehicle_1,-80.32,103.32,0.05,True,2,9.281347929695e-12,5.357268516885e-12,0.577208,1.365229,1.35,D
21.0,V2V,flow_west_east.0,vehicle_3,-98.15,121.15,577.10,False,1,1.530224014428e-13,1.530224014428e-13,1.000000,inf,inf,D
21.0,V2V,flow_west_east.0,vehicle_4,-81.63,104.63,0.02,True,2,6.871081571133e-12,6.417034344273e-12,0.933919,14.132967,11.50,D
21.0,V2V,flow_west_east.0,vehicle_5,-99.06,122.06,640.77,False,1,1.241251078095e-13,1.241251078095e-13,1.000000,inf,inf,D
21.0,V2V,vehicle_0,flow_west_east.0,-83.38,106.38,1.07,True,4,4.596216909185e-12,1.795465667830e-12,0.390640,0.641066,-1.93,K
21.0,V2V,vehicle_0,vehicle_1,-76.99,99.99,1.34,True,4,2.001284448497e-11,1.012612267146e-11,0.505981,1.024214,0.10,D
21.0,V2V,vehicle_0,vehicle_3,-94.71,117.71,388.41,False,1,3.378229122611e-13,3.378229122611e-13,1.000000,inf,inf,D
21.0,V2V,vehicle_0,vehicle_4,-77.17,100.17,2.93,True,4,1.917227372956e-11,8.092042515135e-12,0.422070,0.730314,-1.36,K
21.0,V2V,vehicle_0,vehicle_5,-96.51,119.51,477.91,False,1,2.231381970995e-13,2.231381970995e-13,1.000000,inf,inf,D
21.0,V2V,vehicle_1,flow_west_east.0,-80.32,103.32,0.05,True,2,9.281583985471e-12,5.357268516885e-12,0.577193,1.365147,1.35,D
21.0,V2V,vehicle_1,vehicle_0,-76.99,99.99,1.34,True,4,2.001329362262e-11,1.012612267146e-11,0.505970,1.024168,0.10,D
21.0,V2V,vehicle_1,vehicle_3,-66.88,89.88,6.42,True,4,2.049977166379e-10,1.774826979107e-10,0.865779,6.450393,8.10,D
21.0,V2V,vehicle_1,vehicle_4,-61.08,84.08,7.23,True,4,7.797487940871e-10,7.193506492792e-10,0.922542,11.910145,10.76,D
21.0,V2V,vehicle_1,vehicle_5,-73.42,96.42,7.53,True,10,4.549163984158e-11,1.858328393803e-11,0.408499,0.690614,-1.61,K
21.0,V2V,vehicle_3,flow_west_east.0,-98.15,121.15,577.10,False,1,1.530224014428e-13,1.530224014428e-13,1.000000,inf,inf,D
21.0,V2V,vehicle_3,vehicle_0,-94.71,117.71,388.41,False,1,3.378229122611e-13,3.378229122611e-13,1.000000,inf,inf,D
21.0,V2V,vehicle_3,vehicle_1,-66.88,89.88,6.42,True,4,2.049958686881e-10,1.774826979107e-10,0.865787,6.450827,8.10,D
21.0,V2V,vehicle_3,vehicle_4,-73.79,96.79,13.30,True,8,4.174845627323e-11,1.457782031623e-11,0.349182,0.536528,-2.70,K
21.0,V2V,vehicle_3,vehicle_5,-77.47,100.47,1.63,True,4,1.790283927722e-11,1.078669672301e-11,0.602513,1.515807,1.81,D
21.0,V2V,vehicle_4,flow_west_east.0,-81.63,104.63,0.02,True,2,6.871112029943e-12,6.417034344273e-12,0.933915,14.132019,11.50,D
21.0,V2V,vehicle_4,vehicle_0,-77.18,100.18,2.93,True,4,1.915874828743e-11,8.092042515135e-12,0.422368,0.731206,-1.36,K
21.0,V2V,vehicle_4,vehicle_1,-61.08,84.08,7.23,True,4,7.797854983373e-10,7.193506492792e-10,0.922498,11.902911,10.76,D
21.0,V2V,vehicle_4,vehicle_3,-73.79,96.79,13.30,False,8,4.174463949017e-11,1.457792553758e-11,0.349217,0.536610,-2.70,K
21.0,V2V,vehicle_4,vehicle_5,-88.15,111.15,6.29,True,5,1.531127430649e-12,9.590932310168e-13,0.626397,1.676636,2.24,D
21.0,V2V,vehicle_5,flow_west_east.0,-99.06,122.06,640.77,False,1,1.241251078095e-13,1.241251078095e-13,1.000000,inf,inf,D
21.0,V2V,vehicle_5,vehicle_0,-96.51,119.51,477.91,False,1,2.231381970995e-13,2.231381970995e-13,1.000000,inf,inf,D
21.0,V2V,vehicle_5,vehicle_1,-73.42,96.42,7.54,True,10,4.549170872543e-11,1.858328393803e-11,0.408498,0.690612,-1.61,K
21.0,V2V,vehicle_5,vehicle_3,-77.47,100.47,1.64,True,4,1.791477558288e-11,1.078669672301e-11,0.602112,1.513268,1.80,D
21.0,V2V,vehicle_5,vehicle_4,-88.15,111.15,6.29,False,5,1.531074208157e-12,9.590709926245e-13,0.626404,1.676688,2.24,D
22.0,V2I,BS_1,flow_west_east.0,-95.98,125.98,1006.28,False,1,2.522477525823e-13,2.522477525823e-13,1.000000,inf,inf,D
22.0,V2I,BS_1,vehicle_0,-73.04,103.04,25.93,True,4,4.970089665751e-11,4.760648125712e-11,0.957860,22.730200,13.57,D
22.0,V2I,BS_1,vehicle_1,-91.10,121.10,573.59,False,1,7.763554432834e-13,7.763554432834e-13,1.000000,inf,inf,D
22.0,V2I,BS_1,vehicle_3,-99.96,129.96,0.00,True,1,1.009913927117e-13,1.009913927117e-13,1.000000,inf,inf,D
22.0,V2I,BS_1,vehicle_4,-91.57,121.57,605.77,False,1,6.960686564712e-13,6.960686564712e-13,1.000000,inf,inf,D
22.0,V2I,BS_1,vehicle_5,-93.53,123.53,759.02,False,1,4.433656321388e-13,4.433656321388e-13,1.000000,inf,inf,D
22.0,V2V,flow_west_east.0,vehicle_0,-82.20,105.20,1.28,True,4,6.022405419273e-12,1.762793748673e-12,0.292706,0.413839,-3.83,K
22.0,V2V,flow_west_east.0,vehicle_1,-81.95,104.95,0.02,True,2,6.380630918068e-12,6.001819850022e-12,0.940631,15.843834,12.00,D
22.0,V2V,flow_west_east.0,vehicle_3,-97.65,120.65,544.67,False,1,1.717891898024e-13,1.717891898024e-13,1.000000,inf,inf,D
22.0,V2V,flow_west_east.0,vehicle_4,-78.98,101.98,0.05,True,2,1.264199578051e-11,7.192493488160e-12,0.568937,1.319844,1.21,D
22.0,V2V,flow_west_east.0,vehicle_5,-98.15,121.15,576.65,False,1,1.532650670491e-13,1.532650670491e-13,1.000000,inf,inf,D
22.0,V2V,vehicle_0,flow_west_east.0,-82.20,105.20,1.28,True,4,6.022416581734e-12,1.762793748673e-12,0.292705,0.413838,-3.83,K
22.0,V2V,vehicle_0,vehicle_1,-76.80,99.80,2.78,True,4,2.089473763456e-11,8.401870912209e-12,0.402105,0.672533,-1.72,K
22.0,V2V,vehicle_0,vehicle_3,-96.10,119.10,455.75,False,1,2.453624725133e-13,2.453624725133e-13,1.000000,inf,inf,D
22.0,V2V,vehicle_0,vehicle_4,-78.24,101.24,2.77,True,4,1.498085180307e-11,6.913982977700e-12,0.461521,0.857084,-0.67,K
22.0,V2V,vehicle_0,vehicle_5,-96.79,119.79,493.52,False,1,2.092418426703e-13,2.092418426703e-13,1.000000,inf,inf,D
22.0,V2V,vehicle_1,flow_west_east.0,-81.95,104.95,0.02,True,2,6.380651252785e-12,6.001819850022e-12,0.940628,15.842984,12.00,D
22.0,V2V,vehicle_1,vehicle_0,-76.80,99.80,2.78,True,4,2.089487911227e-11,8.401870912209e-12,0.402102,0.672526,-1.72,K
22.0,V2V,vehicle_1,vehicle_3,-68.40,91.40,6.31,True,6,1.445481654930e-10,7.376549983602e-11,0.510318,1.042141,0.18,D
22.0,V2V,vehicle_1,vehicle_4,-60.77,83.77,0.22,True,2,8.374611163575e-10,8.018755933010e-10,0.957508,22.533759,13.53,D
22.0,V2V,vehicle_1,vehicle_5,-71.15,94.15,10.72,True,12,7.665322617340e-11,2.790514035405e-11,0.364044,0.572436,-2.42,K
22.0,V2V,vehicle_3,flow_west_east.0,-97.65,120.65,544.67,False,1,1.717891898024e-13,1.717891898024e-13,1.000000,inf,inf,D
22.0,V2V,vehicle_3,vehicle_0,-96.10,119.10,455.75,False,1,2.453624725133e-13,2.453624725133e-13,1.000000,inf,inf,D
22.0,V2V,vehicle_3,vehicle_1,-68.40,91.40,6.31,True,6,1.446038095417e-10,7.376549983602e-11,0.510121,1.041322,0.18,D
22.0,V2V,vehicle_3,vehicle_4,-69.34,92.34,12.59,True,9,1.164178118068e-10,6.594753192105e-11,0.566473,1.306661,1.16,D
22.0,V2V,vehicle_3,vehicle_5,-75.68,98.68,9.76,True,8,2.700953781765e-11,1.071077190954e-11,0.396555,0.657152,-1.82,K
22.0,V2V,vehicle_4,flow_west_east.0,-78.98,101.98,0.05,True,2,1.264232563557e-11,7.192493488160e-12,0.568922,1.319764,1.20,D
22.0,V2V,vehicle_4,vehicle_0,-78.24,101.24,2.77,True,4,1.498107955596e-11,6.913982977700e-12,0.461514,0.857060,-0.67,K
22.0,V2V,vehicle_4,vehicle_1,-60.77,83.77,0.22,True,2,8.374188201467e-10,8.018755933010e-10,0.957556,22.560574,13.53,D
22.0,V2V,vehicle_4,vehicle_3,-69.34,92.34,12.60,True,9,1.163946107921e-10,6.594753192105e-11,0.566586,1.307262,1.16,D
22.0,V2V,vehicle_4,vehicle_5,-84.45,107.45,11.14,False,5,3.590660326885e-12,1.706617319845e-12,0.475293,0.905827,-0.43,K
22.0,V2V,vehicle_5,flow_west_east.0,-98.15,121.15,576.65,False,1,1.532650670491e-13,1.532650670491e-13,1.000000,inf,inf,D
22.0,V2V,vehicle_5,vehicle_0,-96.79,119.79,493.52,False,1,2.092418426703e-13,2.092418426703e-13,1.000000,inf,inf,D
22.0,V2V,vehicle_5,vehicle_1,-71.15,94.15,10.72,True,12,7.667758460192e-11,2.790514035405e-11,0.363928,0.572150,-2.42,K
22.0,V2V,vehicle_5,vehicle_3,-75.68,98.68,9.78,True,8,2.701450691732e-11,1.071077190954e-11,0.396482,0.656952,-1.82,K
22.0,V2V,vehicle_5,vehicle_4,-84.43,107.43,11.14,False,5,3.602679647940e-12,1.706598456150e-12,0.473703,0.900066,-0.46,K
23.0,V2I,BS_1,flow_west_east.0,-95.63,125.63,966.11,False,1,2.736585418865e-13,2.736585418865e-13,1.000000,inf,inf,D
23.0,V2I,BS_1,vehicle_0,-73.01,103.01,0.44,True,2,4.998702667069e-11,4.573315337542e-11,0.914900,10.750944,10.31,D
23.0,V2I,BS_1,vehicle_1,-90.87,120.87,558.47,False,1,8.189587406389e-13,8.189587406389e-13,1.000000,inf,inf,D
23.0,V2I,BS_1,vehicle_3,-81.55,111.55,13.31,True,4,6.993221187681e-12,5.304008968143e-12,0.758450,3.139930,4.97,D
23.0,V2I,BS_1,vehicle_4,-91.39,121.39,592.86,False,1,7.267106415857e-13,7.267106415857e-13,1.000000,inf,inf,D
23.0,V2I,BS_1,vehicle_5,-93.01,123.01,714.36,False,1,5.005350456858e-13,5.005350456858e-13,1.000000,inf,inf,D
23.0,V2V,flow_west_east.0,vehicle_0,-85.06,108.06,0.03,True,2,3.118946465789e-12,1.725514761484e-12,0.553236,1.238320,0.93,D
23.0,V2V,flow_west_east.0,vehicle_1,-78.39,101.39,2.66,True,4,1.448046478808e-11,6.552399524928e-12,0.452499,0.826482,-0.83,K
23.0,V2V,flow_west_east.0,vehicle_3,-97.26,120.26,520.62,False,1,1.880248564893e-13,1.880248564893e-13,1.000000,inf,inf,D
23.0,V2V,flow_west_east.0,vehicle_4,-79.63,102.63,0.05,True,2,1.088011406551e-11,8.070312923375e-12,0.741749,2.872201,4.58,D
23.0,V2V,flow_west_east.0,vehicle_5,-97.17,120.17,515.23,False,1,1.919843059866e-13,1.919843059866e-13,1.000000,inf,inf,D
23.0,V2V,vehicle_0,flow_west_east.0,-85.06,108.06,0.03,True,2,3.118945513951e-12,1.725514761484e-12,0.553237,1.238321,0.93,D
23.0,V2V,vehicle_0,vehicle_1,-78.85,101.85,0.05,True,2,1.304551270733e-11,7.280469606593e-12,0.558082,1.262865,1.01,D
23.0,V2V,vehicle_0,vehicle_3,-97.34,120.34,525.70,False,1,1.844109846692e-13,1.844109846692e-13,1.000000,inf,inf,D
23.0,V2V,vehicle_0,vehicle_4,-78.77,101.77,2.55,True,4,1.326378901787e-11,5.970265215387e-12,0.450118,0.818571,-0.87,K
23.0,V2V,vehicle_0,vehicle_5,-97.25,120.25,520.36,False,1,1.882181532575e-13,1.882181532575e-13,1.000000,inf,inf,D
23.0,V2V,vehicle_1,flow_west_east.0,-78.39,101.39,2.66,True,4,1.448059242088e-11,6.552399524928e-12,0.452495,0.826468,-0.83,K
23.0,V2V,vehicle_1,vehicle_0,-78.84,101.84,0.05,True,2,1.306001213913e-11,7.280469606593e-12,0.557463,1.259697,1.00,D
23.0,V2V,vehicle_1,vehicle_3,-69.96,92.96,10.39,True,9,1.008850617340e-10,3.948382427870e-11,0.391374,0.643046,-1.92,K
23.0,V2V,vehicle_1,vehicle_4,-61.73,84.73,0.05,True,2,6.709873660088e-10,6.693914671546e-10,0.997622,419.444795,26.23,D
23.0,V2V,vehicle_1,vehicle_5,-70.05,93.05,11.77,True,9,9.887143687494e-11,4.575941621753e-11,0.462817,0.861564,-0.65,K
23.0,V2V,vehicle_3,flow_west_east.0,-97.26,120.26,520.62,False,1,1.880248564893e-13,1.880248564893e-13,1.000000,inf,inf,D
23.0,V2V,vehicle_3,vehicle_0,-97.34,120.34,525.70,False,1,1.844109846692e-13,1.844109846692e-13,1.000000,inf,inf,D
23.0,V2V,vehicle_3,vehicle_1,-69.96,92.96,10.38,True,9,1.009194965649e-10,3.948382427870e-11,0.391241,0.642686,-1.92,K
23.0,V2V,vehicle_3,vehicle_4,-72.46,95.46,12.19,True,7,5.676513993574e-11,3.864244673259e-11,0.680743,2.132268,3.29,D
23.0,V2V,vehicle_3,vehicle_5,-77.32,100.32,8.06,True,6,1.852651858119e-11,1.067952324749e-11,0.576445,1.360970,1.34,D
23.0,V2V,vehicle_4,flow_west_east.0,-79.65,102.65,0.05,True,2,1.084843932625e-11,8.070312923375e-12,0.743915,2.904948,4.63,D
23.0,V2V,vehicle_4,vehicle_0,-78.77,101.77,2.55,True,4,1.326387641389e-11,5.970265215387e-12,0.450115,0.818561,-0.87,K
23.0,V2V,vehicle_4,vehicle_1,-61.73,84.73,0.05,True,2,6.709744173804e-10,6.693914671546e-10,0.997641,422.875878,26.26,D
23.0,V2V,vehicle_4,vehicle_3,-72.45,95.45,12.18,True,7,5.682313003641e-11,3.864244673259e-11,0.680048,2.125467,3.27,D
23.0,V2V,vehicle_4,vehicle_5,-71.26,94.26,11.46,True,7,7.483102282081e-11,4.463313804113e-11,0.596452,1.478022,1.70,D
23.0,V2V,vehicle_5,flow_west_east.0,-97.17,120.17,515.23,False,1,1.919843059866e-13,1.919843059866e-13,1.000000,inf,inf,D
23.0,V2V,vehicle_5,vehicle_0,-97.25,120.25,520.36,False,1,1.882181532575e-13,1.882181532575e-13,1.000000,inf,inf,D
23.0,V2V,vehicle_5,vehicle_1,-70.05,93.05,11.77,True,9,9.879243107067e-11,4.575941621753e-11,0.463187,0.862848,-0.64,K
23.0,V2V,vehicle_5,vehicle_3,-77.32,100.32,8.06,True,6,1.852652414079e-11,1.067952324749e-11,0.576445,1.360969,1.34,D
23.0,V2V,vehicle_5,vehicle_4,-71.26,94.26,11.45,True,7,7.488797576939e-11,4.463313804113e-11,0.595999,1.475240,1.69,D
24.0,V2I,BS_1,flow_west_east.0,-95.26,125.26,925.89,False,1,2.979505980020e-13,2.979505980020e-13,1.000000,inf,inf,D
24.0,V2I,BS_1,vehicle_0,-73.41,103.41,0.38,True,2,4.560849788116e-11,4.262598954363e-11,0.934606,14.291993,11.55,D
24.0,V2I,BS_1,vehicle_1,-90.56,120.56,539.22,False,1,8.784714308737e-13,8.784714308737e-13,1.000000,inf,inf,D
24.0,V2I,BS_1,vehicle_3,-71.94,101.94,6.10,True,4,6.396971396604e-11,4.433749201116e-11,0.693101,2.258404,3.54,D
24.0,V2I,BS_1,vehicle_4,-91.07,121.07,571.81,False,1,7.811900930877e-13,7.811900930877e-13,1.000000,inf,inf,D
24.0,V2I,BS_1,vehicle_5,-92.44,122.44,669.28,False,1,5.702307219187e-13,5.702307219187e-13,1.000000,inf,inf,D
24.0,V2V,flow_west_east.0,vehicle_0,-83.46,106.46,0.75,True,4,4.507813613906e-12,1.691136802860e-12,0.375157,0.600401,-2.22,K
24.0,V2V,flow_west_east.0,vehicle_1,-77.98,100.98,2.80,True,4,1.593842921346e-11,6.987166498290e-12,0.438385,0.780579,-1.08,K
24.0,V2V,flow_west_east.0,vehicle_3,-96.99,119.99,505.07,False,1,1.997855864222e-13,1.997855864222e-13,1.000000,inf,inf,D
24.0,V2V,flow_west_east.0,vehicle_4,-78.42,101.42,2.88,True,4,1.440143289480e-11,8.879186073782e-12,0.616549,1.607894,2.06,D
24.0,V2V,flow_west_east.0,vehicle_5,-96.09,119.09,454.97,False,1,2.462076247757e-13,2.462076247757e-13,1.000000,inf,inf,D
24.0,V2V,vehicle_0,flow_west_east.0,-83.46,106.46,0.75,True,4,4.507736861504e-12,1.691136802860e-12,0.375163,0.600418,-2.22,K
24.0,V2V,vehicle_0,vehicle_1,-81.14,104.14,0.04,True,2,7.684932227540e-12,6.552400217174e-12,0.852630,5.785620,7.62,D
24.0,V2V,vehicle_0,vehicle_3,-98.45,121.45,597.55,False,1,1.427286908173e-13,1.427286908173e-13,1.000000,inf,inf,D
24.0,V2V,vehicle_0,vehicle_4,-80.29,103.29,0.05,True,2,9.357909609182e-12,5.322938323213e-12,0.568817,1.319201,1.20,D
24.0,V2V,vehicle_0,vehicle_5,-97.83,120.83,555.85,False,1,1.649471922881e-13,1.649471922881e-13,1.000000,inf,inf,D
24.0,V2V,vehicle_1,flow_west_east.0,-77.98,100.98,2.79,True,4,1.592414466445e-11,6.987166498290e-12,0.438778,0.781827,-1.07,K
24.0,V2V,vehicle_1,vehicle_0,-81.14,104.14,0.04,True,2,7.685005086398e-12,6.552400217174e-12,0.852621,5.785248,7.62,D
24.0,V2V,vehicle_1,vehicle_3,-77.82,100.82,18.94,False,11,1.651551943280e-11,8.772977588742e-12,0.531196,1.133088,0.54,D
24.0,V2V,vehicle_1,vehicle_4,-62.15,85.15,0.29,True,2,6.099554306538e-10,5.408513027552e-10,0.886706,7.826614,8.94,D
24.0,V2V,vehicle_1,vehicle_5,-76.33,99.33,19.79,False,9,2.330547245010e-11,1.373381915901e-11,0.589296,1.434843,1.57,D
24.0,V2V,vehicle_3,flow_west_east.0,-96.99,119.99,505.07,False,1,1.997855864222e-13,1.997855864222e-13,1.000000,inf,inf,D
24.0,V2V,vehicle_3,vehicle_0,-98.45,121.45,597.55,False,1,1.427286908173e-13,1.427286908173e-13,1.000000,inf,inf,D
24.0,V2V,vehicle_3,vehicle_1,-77.82,100.82,18.95,True,11,1.651948631437e-11,8.772835678378e-12,0.531060,1.132468,0.54,D
24.0,V2V,vehicle_3,vehicle_4,-73.33,96.33,12.18,True,12,4.645592355366e-11,2.572453047882e-11,0.553741,1.240849,0.94,D
24.0,V2V,vehicle_3,vehicle_5,-76.81,99.81,9.09,True,8,2.085045039000e-11,1.071998916071e-11,0.514137,1.058194,0.25,D
24.0,V2V,vehicle_4,flow_west_east.0,-78.42,101.42,2.88,True,4,1.439876887384e-11,8.879186073782e-12,0.616663,1.608670,2.06,D
24.0,V2V,vehicle_4,vehicle_0,-80.29,103.29,0.05,True,2,9.358153625783e-12,5.322938323213e-12,0.568802,1.319121,1.20,D
24.0,V2V,vehicle_4,vehicle_1,-62.15,85.15,0.29,True,2,6.099598887159e-10,5.408513027552e-10,0.886700,7.826109,8.94,D
24.0,V2V,vehicle_4,vehicle_3,-73.34,96.34,12.18,True,12,4.637390698298e-11,2.572453047882e-11,0.554720,1.245778,0.95,D
24.0,V2V,vehicle_4,vehicle_5,-68.62,91.62,11.46,True,8,1.372927795951e-10,8.465403143588e-11,0.616595,1.608208,2.06,D
24.0,V2V,vehicle_5,flow_west_east.0,-96.09,119.09,454.97,False,1,2.462076247757e-13,2.462076247757e-13,1.000000,inf,inf,D
24.0,V2V,vehicle_5,vehicle_0,-97.83,120.83,555.85,False,1,1.649471922881e-13,1.649471922881e-13,1.000000,inf,inf,D
24.0,V2V,vehicle_5,vehicle_1,-76.32,99.32,19.79,True,9,2.331875336186e-11,1.373369040132e-11,0.588955,1.432822,1.56,D
24.0,V2V,vehicle_5,vehicle_3,-76.81,99.81,9.09,True,8,2.084874181546e-11,1.071998916071e-11,0.514179,1.058372,0.25,D
24.0,V2V,vehicle_5,vehicle_4,-68.62,91.62,11.46,True,8,1.373525667368e-10,8.465403143588e-11,0.616327,1.606383,2.06,D
25.0,V2I,BS_1,flow_south_north.0,-96.64,126.64,1085.50,False,1,2.167711963146e-13,2.167711963146e-13,1.000000,inf,inf,D
25.0,V2I,BS_1,flow_west_east.0,-94.87,124.87,885.74,False,1,3.255767726716e-13,3.255767726716e-13,1.000000,inf,inf,D
25.0,V2I,BS_1,vehicle_0,-73.54,103.54,0.48,True,2,4.427374612759e-11,3.883549384853e-11,0.877168,7.141172,8.54,D
25.0,V2I,BS_1,vehicle_1,-90.19,120.19,516.51,False,1,9.574470887292e-13,9.574470887292e-13,1.000000,inf,inf,D
25.0,V2I,BS_1,vehicle_3,-72.37,102.37,16.59,True,4,5.787750670796e-11,4.781207721405e-11,0.826091,4.750128,6.77,D
25.0,V2I,BS_1,vehicle_4,-90.70,120.70,547.69,False,1,8.515185990768e-13,8.515185990768e-13,1.000000,inf,inf,D
25.0,V2I,BS_1,vehicle_5,-91.91,121.91,629.48,False,1,6.446120730183e-13,6.446120730183e-13,1.000000,inf,inf,D
25.0,V2V,flow_south_north.0,flow_west_east.0,-82.57,105.57,0.03,True,2,5.530979089193e-12,3.111265653894e-12,0.562516,1.285799,1.09,D
25.0,V2V,flow_south_north.0,vehicle_0,-85.42,108.42,0.02,True,2,2.872302187050e-12,2.243823327481e-12,0.781193,3.570245,5.53,D
25.0,V2V,flow_south_north.0,vehicle_1,-98.62,121.62,609.35,False,1,1.372579056116e-13,1.372579056116e-13,1.000000,inf,inf,D
25.0,V2V,flow_south_north.0,vehicle_3,-81.72,104.72,1.34,True,4,6.730864440537e-12,1.927631981217e-12,0.286387,0.401320,-3.97,K
25.0,V2V,flow_south_north.0,vehicle_4,-83.73,106.73,0.02,True,2,4.236144001376e-12,3.995924130263e-12,0.943293,16.634445,12.21,D
25.0,V2V,flow_south_north.0,vehicle_5,-81.65,104.65,0.03,True,2,6.845649676438e-12,5.887575084933e-12,0.860046,6.145216,7.89,D
25.0,V2V,flow_west_east.0,flow_south_north.0,-82.57,105.57,0.03,True,2,5.531028757820e-12,3.111265653894e-12,0.562511,1.285773,1.09,D
25.0,V2V,flow_west_east.0,vehicle_0,-82.87,105.87,1.31,True,4,5.159898804527e-12,1.661709612248e-12,0.322043,0.475020,-3.23,K
25.0,V2V,flow_west_east.0,vehicle_1,-77.31,100.31,1.68,True,4,1.858956771162e-11,7.254728451142e-12,0.390258,0.640038,-1.94,K
25.0,V2V,flow_west_east.0,vehicle_3,-96.88,119.88,498.40,False,1,2.051702765513e-13,2.051702765513e-13,1.000000,inf,inf,D
25.0,V2V,flow_west_east.0,vehicle_4,-76.07,99.07,0.75,True,4,2.470922551444e-11,1.049132172339e-11,0.424591,0.737895,-1.32,K
25.0,V2V,flow_west_east.0,vehicle_5,-94.94,117.94,398.81,False,1,3.204235327100e-13,3.204235327100e-13,1.000000,inf,inf,D
25.0,V2V,vehicle_0,flow_south_north.0,-85.42,108.42,0.02,True,2,2.872302922561e-12,2.243823327481e-12,0.781193,3.570241,5.53,D
25.0,V2V,vehicle_0,flow_west_east.0,-82.87,105.87,1.31,True,4,5.158451145757e-12,1.661709612248e-12,0.322133,0.475217,-3.23,K
25.0,V2V,vehicle_0,vehicle_1,-82.07,105.07,0.01,True,2,6.211147933367e-12,6.112269724317e-12,0.984081,61.816145,17.91,D
25.0,V2V,vehicle_0,vehicle_3,-99.44,122.44,669.61,False,1,1.136640079895e-13,1.136640079895e-13,1.000000,inf,inf,D
25.0,V2V,vehicle_0,vehicle_4,-80.95,103.95,0.48,True,4,8.032035885913e-12,4.554313374760e-12,0.567019,1.309568,1.17,D
25.0,V2V,vehicle_0,vehicle_5,-98.48,121.48,599.19,False,1,1.419501060950e-13,1.419501060950e-13,1.000000,inf,inf,D
25.0,V2V,vehicle_1,flow_south_north.0,-98.62,121.62,609.35,False,1,1.372579056116e-13,1.372579056116e-13,1.000000,inf,inf,D
25.0,V2V,vehicle_1,flow_west_east.0,-77.31,100.31,1.68,True,4,1.858982812579e-11,7.254728451142e-12,0.390253,0.640023,-1.94,K
25.0,V2V,vehicle_1,vehicle_0,-82.07,105.07,0.01,True,2,6.211152735821e-12,6.112269724317e-12,0.984080,61.813143,17.91,D
25.0,V2V,vehicle_1,vehicle_3,-99.57,122.57,0.00,True,1,1.103972744402e-13,1.103972744402e-13,1.000000,inf,inf,D
25.0,V2V,vehicle_1,vehicle_4,-65.95,88.95,11.72,True,6,2.542661822331e-10,2.167823931466e-10,0.852581,5.783364,7.62,D
25.0,V2V,vehicle_1,vehicle_5,-77.18,100.18,19.40,True,12,1.916360068608e-11,9.573036374960e-12,0.499543,0.998172,-0.01,K
25.0,V2V,vehicle_3,flow_south_north.0,-81.72,104.72,1.34,True,4,6.724234803701e-12,1.927631981217e-12,0.286669,0.401874,-3.96,K
25.0,V2V,vehicle_3,flow_west_east.0,-96.88,119.88,498.40,False,1,2.051702765513e-13,2.051702765513e-13,1.000000,inf,inf,D
25.0,V2V,vehicle_3,vehicle_0,-99.44,122.44,669.61,False,1,1.136640079895e-13,1.136640079895e-13,1.000000,inf,inf,D
25.0,V2V,vehicle_3,vehicle_1,-99.57,122.57,0.00,True,1,1.103960738266e-13,1.103960738266e-13,1.000000,inf,inf,D
25.0,V2V,vehicle_3,vehicle_4,-73.07,96.07,8.81,True,6,4.936413102990e-11,2.066062183438e-11,0.418535,0.719794,-1.43,K
25.0,V2V,vehicle_3,vehicle_5,-77.34,100.34,1.37,True,4,1.845713585712e-11,1.053250411089e-11,0.570647,1.329084,1.24,D
25.0,V2V,vehicle_4,flow_south_north.0,-83.73,106.73,0.02,True,2,4.236155834450e-12,3.995924130263e-12,0.943290,16.633625,12.21,D
25.0,V2V,vehicle_4,flow_west_east.0,-76.07,99.07,0.75,True,4,2.473733691909e-11,1.049132172339e-11,0.424109,0.736439,-1.33,K
25.0,V2V,vehicle_4,vehicle_0,-80.97,103.97,0.48,True,4,7.997422286929e-12,4.554313374760e-12,0.569473,1.322733,1.21,D
25.0,V2V,vehicle_4,vehicle_1,-65.95,88.95,11.72,True,6,2.542668780360e-10,2.167823931466e-10,0.852578,5.783257,7.62,D
25.0,V2V,vehicle_4,vehicle_3,-73.07,96.07,8.82,True,6,4.932025269162e-11,2.066062183438e-11,0.418907,0.720896,-1.42,K
25.0,V2V,vehicle_4,vehicle_5,-67.46,90.46,0.20,True,2,1.795194009859e-10,1.287595342850e-10,0.717246,2.536641,4.04,D
25.0,V2V,vehicle_5,flow_south_north.0,-81.67,104.67,0.03,True,2,6.807410804088e-12,5.887575084933e-12,0.864877,6.400681,8.06,D
25.0,V2V,vehicle_5,flow_west_east.0,-94.94,117.94,398.81,False,1,3.204235327100e-13,3.204235327100e-13,1.000000,inf,inf,D
25.0,V2V,vehicle_5,vehicle_0,-98.48,121.48,599.19,False,1,1.419501060950e-13,1.419501060950e-13,1.000000,inf,inf,D
25.0,V2V,vehicle_5,vehicle_1,-77.18,100.18,19.40,True,12,1.914986936254e-11,9.573001070431e-12,0.499899,0.999596,-0.00,K
25.0,V2V,vehicle_5,vehicle_3,-77.34,100.34,1.37,True,4,1.845734748960e-11,1.053250411089e-11,0.570640,1.329049,1.24,D
25.0,V2V,vehicle_5,vehicle_4,-67.46,90.46,0.20,True,2,1.795239144277e-10,1.287595342850e-10,0.717228,2.536415,4.04,D
26.0,V2I,BS_1,flow_south_north.0,-96.28,126.28,1040.87,False,1,2.357615652884e-13,2.357615652884e-13,1.000000,inf,inf,D
26.0,V2I,BS_1,flow_west_east.0,-94.47,124.47,845.26,False,1,3.575058055742e-13,3.575058055742e-13,1.000000,inf,inf,D
26.0,V2I,BS_1,vehicle_1,-99.67,129.67,0.00,True,1,1.078549819985e-13,1.078549819985e-13,1.000000,inf,inf,D
26.0,V2I,BS_1,vehicle_3,-71.85,101.85,34.09,True,4,6.534312858338e-11,4.999004682427e-11,0.765039,3.256027,5.13,D
26.0,V2I,BS_1,vehicle_4,-90.32,120.32,524.45,False,1,9.286468422014e-13,9.286468422014e-13,1.000000,inf,inf,D
26.0,V2I,BS_1,vehicle_5,-91.50,121.50,600.50,False,1,7.083401042163e-13,7.083401042163e-13,1.000000,inf,inf,D
26.0,V2V,flow_south_north.0,flow_west_east.0,-99.24,122.24,653.93,False,1,1.191777233815e-13,1.191777233815e-13,1.000000,inf,inf,D
26.0,V2V,flow_south_north.0,vehicle_1,-98.04,121.04,569.69,False,1,1.570296465497e-13,1.570296465497e-13,1.000000,inf,inf,D
26.0,V2V,flow_south_north.0,vehicle_3,-82.86,105.86,1.48,True,4,5.172240914873e-12,1.906153847699e-12,0.368535,0.583620,-2.34,K
26.0,V2V,flow_south_north.0,vehicle_4,-83.80,106.80,0.00,True,2,4.172226595444e-12,4.168824255946e-12,0.999185,1225.281680,30.88,D
26.0,V2V,flow_south_north.0,vehicle_5,-82.07,105.07,0.01,True,2,6.205744669235e-12,6.120218089166e-12,0.986218,71.559252,18.55,D
26.0,V2V,flow_west_east.0,flow_south_north.0,-99.24,122.24,653.93,False,1,1.191777233815e-13,1.191777233815e-13,1.000000,inf,inf,D
26.0,V2V,flow_west_east.0,vehicle_1,-78.66,101.66,1.14,True,4,1.361201686666e-11,7.304269012924e-12,0.536604,1.157984,0.64,D
26.0,V2V,flow_west_east.0,vehicle_3,-96.91,119.91,500.47,False,1,2.034709953502e-13,2.034709953502e-13,1.000000,inf,inf,D
26.0,V2V,flow_west_east.0,vehicle_4,-99.64,122.64,1.52,True,2,1.085205844563e-13,1.083958191303e-13,0.998850,868.797627,29.39,D
26.0,V2V,flow_west_east.0,vehicle_5,-88.95,111.95,20.69,False,5,1.273719854629e-12,8.758569187248e-13,0.687637,2.201404,3.43,D
26.0,V2V,vehicle_1,flow_south_north.0,-98.04,121.04,569.69,False,1,1.570296465497e-13,1.570296465497e-13,1.000000,inf,inf,D
26.0,V2V,vehicle_1,flow_west_east.0,-78.66,101.66,1.14,True,4,1.361884596760e-11,7.304269012924e-12,0.536335,1.156731,0.63,D
26.0,V2V,vehicle_1,vehicle_3,-94.61,117.61,383.92,False,1,3.457695372954e-13,3.457695372954e-13,1.000000,inf,inf,D
26.0,V2V,vehicle_1,vehicle_4,-74.81,97.81,23.48,True,11,3.302271430613e-11,1.406605970208e-11,0.425951,0.742012,-1.30,K
26.0,V2V,vehicle_1,vehicle_5,-75.66,98.66,15.97,True,7,2.713770012999e-11,1.428235047897e-11,0.526292,1.111004,0.46,D
26.0,V2V,vehicle_3,flow_south_north.0,-82.86,105.86,1.48,True,4,5.172267085004e-12,1.906153847699e-12,0.368534,0.583615,-2.34,K
26.0,V2V,vehicle_3,flow_west_east.0,-96.91,119.91,500.47,False,1,2.034709953502e-13,2.034709953502e-13,1.000000,inf,inf,D
26.0,V2V,vehicle_3,vehicle_1,-94.61,117.61,383.92,False,1,3.457695372954e-13,3.457695372954e-13,1.000000,inf,inf,D
26.0,V2V,vehicle_3,vehicle_4,-74.43,97.43,4.33,True,4,3.604558200438e-11,1.817991238280e-11,0.504359,1.017589,0.08,D
26.0,V2V,vehicle_3,vehicle_5,-76.15,99.15,3.21,True,4,2.429071030628e-11,9.760416203442e-12,0.401817,0.671729,-1.73,K
26.0,V2V,vehicle_4,flow_south_north.0,-83.80,106.80,0.00,True,2,4.170386733361e-12,4.168824255946e-12,0.999625,2668.086088,34.26,D
26.0,V2V,vehicle_4,flow_west_east.0,-99.64,122.64,1.52,True,2,1.085224230015e-13,1.083976579079e-13,0.998850,868.813983,29.39,D
26.0,V2V,vehicle_4,vehicle_1,-74.81,97.81,23.48,False,11,3.302093842556e-11,1.406624522393e-11,0.425980,0.742098,-1.30,K
26.0,V2V,vehicle_4,vehicle_3,-74.43,97.43,4.33,True,4,3.604580689770e-11,1.817991238280e-11,0.504356,1.017576,0.08,D
26.0,V2V,vehicle_4,vehicle_5,-67.85,90.85,0.17,True,2,1.640668216526e-10,1.366270891422e-10,0.832753,4.979170,6.97,D
26.0,V2V,vehicle_5,flow_south_north.0,-82.08,105.08,0.01,True,2,6.193246514275e-12,6.120218089166e-12,0.988208,83.805971,19.23,D
26.0,V2V,vehicle_5,flow_west_east.0,-88.96,111.96,20.78,False,5,1.270716508908e-12,8.758694656777e-13,0.689272,2.218250,3.46,D
26.0,V2V,vehicle_5,vehicle_1,-75.67,98.67,15.96,False,7,2.713165851259e-11,1.428245846929e-11,0.526413,1.111545,0.46,D
26.0,V2V,vehicle_5,vehicle_3,-76.15,99.15,3.21,True,4,2.429109519488e-11,9.760416203442e-12,0.401810,0.671711,-1.73,K
26.0,V2V,vehicle_5,vehicle_4,-67.85,90.85,0.17,True,2,1.640669324119e-10,1.366270891422e-10,0.832752,4.979150,6.97,D
27.0,V2I,BS_1,flow_south_north.0,-95.84,125.84,990.30,False,1,2.604515161853e-13,2.604515161853e-13,1.000000,inf,inf,D
27.0,V2I,BS_1,flow_west_east.0,-94.07,124.07,807.09,False,1,3.921171484845e-13,3.921171484845e-13,1.000000,inf,inf,D
27.0,V2I,BS_1,vehicle_1,-90.55,120.55,0.45,True,2,8.820541817561e-13,7.138574670620e-13,0.809312,4.244182,6.28,D
27.0,V2I,BS_1,vehicle_3,-72.10,102.10,43.74,True,4,6.170381621016e-11,5.050527010497e-11,0.818511,4.509985,6.54,D
27.0,V2I,BS_1,vehicle_4,-89.88,119.88,498.45,False,1,1.028084080502e-12,1.028084080502e-12,1.000000,inf,inf,D
27.0,V2I,BS_1,vehicle_5,-91.23,121.23,582.55,False,1,7.526486147054e-13,7.526486147054e-13,1.000000,inf,inf,D
27.0,V2V,flow_south_north.0,flow_west_east.0,-98.26,121.26,584.08,False,1,1.493871851550e-13,1.493871851550e-13,1.000000,inf,inf,D
27.0,V2V,flow_south_north.0,vehicle_1,-97.43,120.43,531.05,False,1,1.807174062576e-13,1.807174062576e-13,1.000000,inf,inf,D
27.0,V2V,flow_south_north.0,vehicle_3,-83.12,106.12,1.35,True,4,4.869877286849e-12,1.909199901733e-12,0.392043,0.644852,-1.91,K
27.0,V2V,flow_south_north.0,vehicle_4,-81.53,104.53,1.21,True,4,7.029918911144e-12,4.353196276967e-12,0.619238,1.626316,2.11,D
27.0,V2V,flow_south_north.0,vehicle_5,-79.67,102.67,0.05,True,2,1.078164506019e-11,6.923547736202e-12,0.642161,1.794550,2.54,D
27.0,V2V,flow_west_east.0,flow_south_north.0,-98.26,121.26,584.08,False,1,1.493871851550e-13,1.493871851550e-13,1.000000,inf,inf,D
27.0,V2V,flow_west_east.0,vehicle_1,-76.85,99.85,7.60,True,10,2.065134207289e-11,7.070401426091e-12,0.342370,0.520612,-2.83,K
27.0,V2V,flow_west_east.0,vehicle_3,-97.15,120.15,514.26,False,1,1.927102942423e-13,1.927102942423e-13,1.000000,inf,inf,D
27.0,V2V,flow_west_east.0,vehicle_4,-93.01,116.01,319.08,False,1,5.005698749974e-13,5.005698749974e-13,1.000000,inf,inf,D
27.0,V2V,flow_west_east.0,vehicle_5,-74.12,97.12,4.71,True,6,3.871616657052e-11,1.775004997005e-11,0.458466,0.846606,-0.72,K
27.0,V2V,vehicle_1,flow_south_north.0,-97.43,120.43,531.05,False,1,1.807174062576e-13,1.807174062576e-13,1.000000,inf,inf,D
27.0,V2V,vehicle_1,flow_west_east.0,-76.85,99.85,7.60,True,10,2.065147567360e-11,7.070401426091e-12,0.342368,0.520607,-2.83,K
27.0,V2V,vehicle_1,vehicle_3,-96.05,119.05,453.12,False,1,2.482237688434e-13,2.482237688434e-13,1.000000,inf,inf,D
27.0,V2V,vehicle_1,vehicle_4,-93.87,116.87,0.25,True,2,4.103595698171e-13,2.402670087170e-13,0.585504,1.412566,1.50,D
27.0,V2V,vehicle_1,vehicle_5,-69.89,92.89,9.11,True,9,1.026770733623e-10,5.105064865043e-11,0.497196,0.988847,-0.05,K
27.0,V2V,vehicle_3,flow_south_north.0,-83.12,106.12,1.35,True,4,4.869888773800e-12,1.909199901733e-12,0.392042,0.644850,-1.91,K
27.0,V2V,vehicle_3,flow_west_east.0,-97.15,120.15,514.26,False,1,1.927102942423e-13,1.927102942423e-13,1.000000,inf,inf,D
27.0,V2V,vehicle_3,vehicle_1,-96.05,119.05,453.12,False,1,2.482237688434e-13,2.482237688434e-13,1.000000,inf,inf,D
27.0,V2V,vehicle_3,vehicle_4,-75.43,98.43,0.08,True,2,2.865577695250e-11,1.673629632823e-11,0.584046,1.404113,1.47,D
27.0,V2V,vehicle_3,vehicle_5,-79.05,102.05,2.23,True,4,1.243216525660e-11,8.466228300434e-12,0.680994,2.134736,3.29,D
27.0,V2V,vehicle_4,flow_south_north.0,-81.53,104.53,1.21,True,4,7.026568947061e-12,4.353196276967e-12,0.619534,1.628354,2.12,D
27.0,V2V,vehicle_4,flow_west_east.0,-93.01,116.01,319.08,False,1,5.005698749974e-13,5.005698749974e-13,1.000000,inf,inf,D
27.0,V2V,vehicle_4,vehicle_1,-93.87,116.87,0.25,True,2,4.103616032888e-13,2.402671168804e-13,0.585501,1.412551,1.50,D
27.0,V2V,vehicle_4,vehicle_3,-75.43,98.43,0.08,True,2,2.865651903987e-11,1.673629632823e-11,0.584031,1.404025,1.47,D
27.0,V2V,vehicle_4,vehicle_5,-68.63,91.63,5.10,True,4,1.371673834309e-10,1.015340213525e-10,0.740220,2.849409,4.55,D
27.0,V2V,vehicle_5,flow_south_north.0,-79.67,102.67,0.05,True,2,1.078188284658e-11,6.923547736202e-12,0.642146,1.794439,2.54,D
27.0,V2V,vehicle_5,flow_west_east.0,-74.11,97.11,4.71,True,6,3.877683792358e-11,1.775004997005e-11,0.457749,0.844164,-0.74,K
27.0,V2V,vehicle_5,vehicle_1,-69.88,92.88,9.11,True,9,1.026937607095e-10,5.105064865043e-11,0.497115,0.988528,-0.05,K
27.0,V2V,vehicle_5,vehicle_3,-79.07,102.07,2.21,True,4,1.238632258468e-11,8.466228300434e-12,0.683514,2.159700,3.34,D
27.0,V2V,vehicle_5,vehicle_4,-68.63,91.63,5.10,True,4,1.371414358997e-10,1.015340213525e-10,0.740360,2.851485,4.55,D
28.0,V2I,BS_1,flow_south_north.0,-95.40,125.40,941.45,False,1,2.881862562122e-13,2.881862562122e-13,1.000000,inf,inf,D
28.0,V2I,BS_1,flow_west_east.0,-93.64,123.64,768.14,False,1,4.328990413565e-13,4.328990413565e-13,1.000000,inf,inf,D
28.0,V2I,BS_1,vehicle_1,-73.34,103.34,0.48,True,2,4.635701674957e-11,4.109542220410e-11,0.886498,7.810450,8.93,D
28.0,V2I,BS_1,vehicle_3,-72.52,102.52,0.53,True,2,5.592328900308e-11,4.920598650759e-11,0.879884,7.325260,8.65,D
28.0,V2I,BS_1,vehicle_4,-100.03,130.03,0.00,True,1,9.923514782259e-14,9.923514782259e-14,1.000000,inf,inf,D
28.0,V2I,BS_1,vehicle_5,-90.94,120.94,562.88,False,1,8.061694395102e-13,8.061694395102e-13,1.000000,inf,inf,D
28.0,V2V,flow_south_north.0,flow_west_east.0,-97.16,120.16,514.72,False,1,1.923666266785e-13,1.923666266785e-13,1.000000,inf,inf,D
28.0,V2V,flow_south_north.0,vehicle_1,-96.93,119.93,501.39,False,1,2.027241011049e-13,2.027241011049e-13,1.000000,inf,inf,D
28.0,V2V,flow_south_north.0,vehicle_3,-84.47,107.47,0.03,True,2,3.569138576481e-12,1.907537646804e-12,0.534453,1.148012,0.60,D
28.0,V2V,flow_south_north.0,vehicle_4,-79.28,102.28,2.03,True,4,1.179942411061e-11,4.404234166145e-12,0.373258,0.595554,-2.25,K
28.0,V2V,flow_south_north.0,vehicle_5,-76.98,99.98,1.11,True,4,2.004048635235e-11,8.090118072157e-12,0.403689,0.676976,-1.69,K
28.0,V2V,flow_west_east.0,flow_south_north.0,-97.16,120.16,514.72,False,1,1.923666266785e-13,1.923666266785e-13,1.000000,inf,inf,D
28.0,V2V,flow_west_east.0,vehicle_1,-77.97,100.97,8.44,True,6,1.595457926181e-11,6.936008850610e-12,0.434735,0.769081,-1.14,K
28.0,V2V,flow_west_east.0,vehicle_3,-97.51,120.51,535.87,False,1,1.774759220664e-13,1.774759220664e-13,1.000000,inf,inf,D
28.0,V2V,flow_west_east.0,vehicle_4,-92.46,115.46,299.55,False,1,5.679855000170e-13,5.679855000170e-13,1.000000,inf,inf,D
28.0,V2V,flow_west_east.0,vehicle_5,-72.35,95.35,10.11,True,11,5.827615902323e-11,2.287688651539e-11,0.392560,0.646253,-1.90,K
28.0,V2V,vehicle_1,flow_south_north.0,-96.93,119.93,501.39,False,1,2.027241011049e-13,2.027241011049e-13,1.000000,inf,inf,D
28.0,V2V,vehicle_1,flow_west_east.0,-77.97,100.97,8.44,True,6,1.595459044590e-11,6.936008850610e-12,0.434734,0.769080,-1.14,K
28.0,V2V,vehicle_1,vehicle_3,-97.30,120.30,523.09,False,1,1.862553656183e-13,1.862553656183e-13,1.000000,inf,inf,D
28.0,V2V,vehicle_1,vehicle_4,-91.75,114.75,276.03,False,1,6.688900477084e-13,6.688900477084e-13,1.000000,inf,inf,D
28.0,V2V,vehicle_1,vehicle_5,-70.63,93.63,9.89,True,12,8.653535526135e-11,3.434519602052e-11,0.396892,0.658078,-1.82,K
28.0,V2V,vehicle_3,flow_south_north.0,-84.47,107.47,0.03,True,2,3.569136845867e-12,1.907537646804e-12,0.534453,1.148013,0.60,D
28.0,V2V,vehicle_3,flow_west_east.0,-97.51,120.51,535.87,False,1,1.774759220664e-13,1.774759220664e-13,1.000000,inf,inf,D
28.0,V2V,vehicle_3,vehicle_1,-97.30,120.30,523.09,False,1,1.862553656183e-13,1.862553656183e-13,1.000000,inf,inf,D
28.0,V2V,vehicle_3,vehicle_4,-75.63,98.63,0.08,True,2,2.736340342541e-11,1.631967380628e-11,0.596405,1.477732,1.70,D
28.0,V2V,vehicle_3,vehicle_5,-76.36,99.36,1.04,True,4,2.309442195000e-11,7.201232397570e-12,0.311817,0.453102,-3.44,K
28.0,V2V,vehicle_4,flow_south_north.0,-79.28,102.28,2.03,True,4,1.181499405708e-11,4.404234166145e-12,0.372767,0.594303,-2.26,K
28.0,V2V,vehicle_4,flow_west_east.0,-92.46,115.46,299.55,False,1,5.679855000170e-13,5.679855000170e-13,1.000000,inf,inf,D
28.0,V2V,vehicle_4,vehicle_1,-91.75,114.75,276.03,False,1,6.688900477084e-13,6.688900477084e-13,1.000000,inf,inf,D
28.0,V2V,vehicle_4,vehicle_3,-75.63,98.63,0.08,True,2,2.736407144249e-11,1.631967380628e-11,0.596391,1.477643,1.70,D
28.0,V2V,vehicle_4,vehicle_5,-69.69,92.69,7.10,True,8,1.074559857992e-10,6.371136240788e-11,0.592907,1.456439,1.63,D
28.0,V2V,vehicle_5,flow_south_north.0,-76.98,99.98,1.11,True,4,2.003740655134e-11,8.090118072157e-12,0.403751,0.677151,-1.69,K
28.0,V2V,vehicle_5,flow_west_east.0,-72.35,95.35,10.12,True,11,5.826904570136e-11,2.287688651539e-11,0.392608,0.646383,-1.90,K
28.0,V2V,vehicle_5,vehicle_1,-70.63,93.63,9.88,True,12,8.651861329698e-11,3.434519602052e-11,0.396969,0.658289,-1.82,K
28.0,V2V,vehicle_5,vehicle_3,-76.36,99.36,1.04,True,4,2.309410663209e-11,7.201232397570e-12,0.311821,0.453111,-3.44,K
28.0,V2V,vehicle_5,vehicle_4,-69.69,92.69,7.10,True,8,1.074582998250e-10,6.371136240788e-11,0.592894,1.456362,1.63,D
29.0,V2I,BS_1,flow_south_north.0,-94.93,124.93,891.50,False,1,3.213814462882e-13,3.213814462882e-13,1.000000,inf,inf,D
29.0,V2I,BS_1,flow_west_east.0,-93.19,123.19,729.60,False,1,4.798433396163e-13,4.798433396163e-13,1.000000,inf,inf,D
29.0,V2I,BS_1,vehicle_1,-72.43,102.43,15.83,True,4,5.719342697517e-11,4.441482251427e-11,0.776572,3.475718,5.41,D
29.0,V2I,BS_1,vehicle_3,-73.24,103.24,0.24,True,2,4.742296735426e-11,4.634919531510e-11,0.977358,43.164837,16.35,D
29.0,V2I,BS_1,vehicle_4,-82.48,112.48,0.30,True,2,5.644777939344e-12,5.317579276215e-12,0.942035,16.251837,12.11,D
29.0,V2I,BS_1,vehicle_5,-90.70,120.70,548.07,False,1,8.503536662364e-13,8.503536662364e-13,1.000000,inf,inf,D
29.0,V2V,flow_south_north.0,flow_west_east.0,-95.87,118.87,443.86,False,1,2.586823600266e-13,2.586823600266e-13,1.000000,inf,inf,D
29.0,V2V,flow_south_north.0,vehicle_1,-96.56,119.56,480.55,False,1,2.206926172697e-13,2.206926172697e-13,1.000000,inf,inf,D
29.0,V2V,flow_south_north.0,vehicle_3,-83.52,106.52,0.93,True,4,4.450275447668e-12,1.912809616809e-12,0.429818,0.753827,-1.23,K
29.0,V2V,flow_south_north.0,vehicle_4,-78.64,101.64,4.65,True,6,1.369105948975e-11,4.403748209680e-12,0.321651,0.474168,-3.24,K
29.0,V2V,flow_south_north.0,vehicle_5,-86.93,109.93,0.05,True,2,2.027774750055e-12,1.127550091300e-12,0.556053,1.252521,0.98,D
29.0,V2V,flow_west_east.0,flow_south_north.0,-95.87,118.87,443.86,False,1,2.586823600266e-13,2.586823600266e-13,1.000000,inf,inf,D
29.0,V2V,flow_west_east.0,vehicle_1,-77.11,100.11,10.02,True,10,1.945943560199e-11,6.778438505415e-12,0.348337,0.534535,-2.72,K
29.0,V2V,flow_west_east.0,vehicle_3,-97.98,120.98,565.57,False,1,1.593291175442e-13,1.593291175442e-13,1.000000,inf,inf,D
29.0,V2V,flow_west_east.0,vehicle_4,-92.42,115.42,298.20,False,1,5.731222589462e-13,5.731222589462e-13,1.000000,inf,inf,D
29.0,V2V,flow_west_east.0,vehicle_5,-74.72,97.72,0.93,True,4,3.370022330716e-11,2.798753697234e-11,0.830485,4.899190,6.90,D
29.0,V2V,vehicle_1,flow_south_north.0,-96.56,119.56,480.55,False,1,2.206926172697e-13,2.206926172697e-13,1.000000,inf,inf,D
29.0,V2V,vehicle_1,flow_west_east.0,-77.10,100.10,10.00,True,10,1.947941175708e-11,6.778438505415e-12,0.347980,0.533694,-2.73,K
29.0,V2V,vehicle_1,vehicle_3,-98.41,121.41,594.79,False,1,1.440556648188e-13,1.440556648188e-13,1.000000,inf,inf,D
29.0,V2V,vehicle_1,vehicle_4,-93.82,116.82,350.48,False,1,4.148908049244e-13,4.148908049244e-13,1.000000,inf,inf,D
29.0,V2V,vehicle_1,vehicle_5,-73.56,96.56,12.41,True,8,4.407006281259e-11,2.628025976931e-11,0.596329,1.477265,1.69,D
29.0,V2V,vehicle_3,flow_south_north.0,-83.52,106.52,0.93,True,4,4.450260066835e-12,1.912809616809e-12,0.429820,0.753831,-1.23,K
29.0,V2V,vehicle_3,flow_west_east.0,-97.98,120.98,565.57,False,1,1.593291175442e-13,1.593291175442e-13,1.000000,inf,inf,D
29.0,V2V,vehicle_3,vehicle_1,-98.41,121.41,594.79,False,1,1.440556648188e-13,1.440556648188e-13,1.000000,inf,inf,D
29.0,V2V,vehicle_3,vehicle_4,-75.52,98.52,0.08,True,2,2.807825576814e-11,1.645563224148e-11,0.586063,1.415828,1.51,D
29.0,V2V,vehicle_3,vehicle_5,-89.29,112.29,0.04,True,2,1.176523574077e-12,7.333578002588e-13,0.623326,1.654816,2.19,D
29.0,V2V,vehicle_4,flow_south_north.0,-78.63,101.63,4.65,True,6,1.371540905833e-11,4.403748209680e-12,0.321080,0.472928,-3.25,K
29.0,V2V,vehicle_4,flow_west_east.0,-92.42,115.42,298.20,False,1,5.731222589462e-13,5.731222589462e-13,1.000000,inf,inf,D
29.0,V2V,vehicle_4,vehicle_1,-93.82,116.82,350.48,False,1,4.148908049244e-13,4.148908049244e-13,1.000000,inf,inf,D
29.0,V2V,vehicle_4,vehicle_3,-75.52,98.52,0.08,True,2,2.807898124161e-11,1.645563224148e-11,0.586048,1.415739,1.51,D
29.0,V2V,vehicle_4,vehicle_5,-72.14,95.14,9.32,True,7,6.105451611326e-11,3.478184797886e-11,0.569685,1.323880,1.22,D
29.0,V2V,vehicle_5,flow_south_north.0,-86.92,109.92,0.05,True,2,2.030194321753e-12,1.127550264361e-12,0.555390,1.249164,0.97,D
29.0,V2V,vehicle_5,flow_west_east.0,-74.72,97.72,0.93,True,4,3.370044460742e-11,2.798753697234e-11,0.830480,4.899000,6.90,D
29.0,V2V,vehicle_5,vehicle_1,-73.56,96.56,12.41,True,8,4.407436970559e-11,2.628025976931e-11,0.596271,1.476908,1.69,D
29.0,V2V,vehicle_5,vehicle_3,-89.29,112.29,0.04,True,2,1.176541918587e-12,7.333579733202e-13,0.623316,1.654749,2.19,D
29.0,V2V,vehicle_5,vehicle_4,-72.14,95.14,9.33,True,7,6.105772029980e-11,3.478184797886e-11,0.569655,1.323718,1.22,D
30.0,V2I,BS_1,flow_south_north.0,-94.44,124.44,842.49,False,1,3.598645093882e-13,3.598645093882e-13,1.000000,inf,inf,D
30.0,V2I,BS_1,flow_west_east.0,-92.74,122.74,692.62,False,1,5.324443989438e-13,5.324443989438e-13,1.000000,inf,inf,D
30.0,V2I,BS_1,vehicle_1,-72.09,102.09,28.10,True,4,6.181966489280e-11,4.677720016888e-11,0.756672,3.109677,4.93,D
30.0,V2I,BS_1,vehicle_3,-73.72,103.72,0.08,True,2,4.247759434505e-11,4.236651654499e-11,0.997385,381.412996,25.81,D
30.0,V2I,BS_1,vehicle_4,-71.75,101.75,10.38,True,4,6.678993187507e-11,4.523728613925e-11,0.677307,2.098920,3.22,D
30.0,V2I,BS_1,vehicle_5,-90.42,120.42,530.47,False,1,9.077035906495e-13,9.077035906495e-13,1.000000,inf,inf,D
30.0,V2V,flow_south_north.0,flow_west_east.0,-94.39,117.39,374.09,False,1,3.641814861780e-13,3.641814861780e-13,1.000000,inf,inf,D
30.0,V2V,flow_south_north.0,vehicle_1,-96.38,119.38,470.42,False,1,2.302973925029e-13,2.302973925029e-13,1.000000,inf,inf,D
30.0,V2V,flow_south_north.0,vehicle_3,-83.46,106.46,1.00,True,4,4.508479658775e-12,1.912531507109e-12,0.424208,0.736737,-1.33,K
30.0,V2V,flow_south_north.0,vehicle_4,-78.09,101.09,7.88,True,9,1.554131925832e-11,4.398896951985e-12,0.283045,0.394788,-4.04,K
30.0,V2V,flow_south_north.0,vehicle_5,-90.45,113.45,17.24,True,3,9.025646046239e-13,7.829301188107e-13,0.867451,6.544351,8.16,D
30.0,V2V,flow_west_east.0,flow_south_north.0,-94.39,117.39,374.09,False,1,3.641814861780e-13,3.641814861780e-13,1.000000,inf,inf,D
30.0,V2V,flow_west_east.0,vehicle_1,-77.59,100.59,5.67,True,6,1.740829308241e-11,6.638741251322e-12,0.381355,0.616436,-2.10,K
30.0,V2V,flow_west_east.0,vehicle_3,-98.54,121.54,603.49,False,1,1.399347647174e-13,1.399347647174e-13,1.000000,inf,inf,D
30.0,V2V,flow_west_east.0,vehicle_4,-92.88,115.88,314.34,False,1,5.157759329393e-13,5.157759329393e-13,1.000000,inf,inf,D
30.0,V2V,flow_west_east.0,vehicle_5,-73.56,96.56,3.76,True,4,4.407961286087e-11,3.276368878083e-11,0.743284,2.895361,4.62,D
30.0,V2V,vehicle_1,flow_south_north.0,-96.38,119.38,470.42,False,1,2.302973925029e-13,2.302973925029e-13,1.000000,inf,inf,D
30.0,V2V,vehicle_1,flow_west_east.0,-77.60,100.60,5.63,True,6,1.736895527005e-11,6.638741251322e-12,0.382219,0.618696,-2.09,K
30.0,V2V,vehicle_1,vehicle_3,-99.42,122.42,667.50,False,1,1.143835625098e-13,1.143835625098e-13,1.000000,inf,inf,D
30.0,V2V,vehicle_1,vehicle_4,-95.48,118.48,424.46,False,1,2.828730851837e-13,2.828730851837e-13,1.000000,inf,inf,D
30.0,V2V,vehicle_1,vehicle_5,-73.52,96.52,4.25,True,4,4.445992121305e-11,2.195732951165e-11,0.493868,0.975769,-0.11,K
30.0,V2V,vehicle_3,flow_south_north.0,-83.47,106.47,0.97,True,4,4.502257343621e-12,1.912531507109e-12,0.424794,0.738507,-1.32,K
30.0,V2V,vehicle_3,flow_west_east.0,-98.54,121.54,603.49,False,1,1.399347647174e-13,1.399347647174e-13,1.000000,inf,inf,D
30.0,V2V,vehicle_3,vehicle_1,-99.42,122.42,667.50,False,1,1.143835625098e-13,1.143835625098e-13,1.000000,inf,inf,D
30.0,V2V,vehicle_3,vehicle_4,-75.50,98.50,0.08,True,2,2.821301108036e-11,1.648373326244e-11,0.584260,1.405349,1.48,D
30.0,V2V,vehicle_3,vehicle_5,-98.25,121.25,583.79,False,1,1.495352345380e-13,1.495352345380e-13,1.000000,inf,inf,D
30.0,V2V,vehicle_4,flow_south_north.0,-78.07,101.07,7.88,True,9,1.558271425177e-11,4.398896951985e-12,0.282293,0.393327,-4.05,K
30.0,V2V,vehicle_4,flow_west_east.0,-92.88,115.88,314.34,False,1,5.157759329393e-13,5.157759329393e-13,1.000000,inf,inf,D
30.0,V2V,vehicle_4,vehicle_1,-95.48,118.48,424.46,False,1,2.828730851837e-13,2.828730851837e-13,1.000000,inf,inf,D
30.0,V2V,vehicle_4,vehicle_3,-75.50,98.50,0.08,True,2,2.820012700384e-11,1.648373326244e-11,0.584527,1.406895,1.48,D
30.0,V2V,vehicle_4,vehicle_5,-86.63,109.63,8.72,False,4,2.171369931385e-12,1.093788490919e-12,0.503732,1.015040,0.06,D
30.0,V2V,vehicle_5,flow_south_north.0,-90.43,113.43,17.24,False,3,9.047425677086e-13,7.829426657636e-13,0.865376,6.428106,8.08,D
30.0,V2V,vehicle_5,flow_west_east.0,-73.56,96.56,3.76,True,4,4.407973642673e-11,3.276368878083e-11,0.743282,2.895330,4.62,D
30.0,V2V,vehicle_5,vehicle_1,-73.52,96.52,4.25,True,4,4.446031648533e-11,2.195732951165e-11,0.493864,0.975752,-0.11,K
30.0,V2V,vehicle_5,vehicle_3,-98.25,121.25,583.79,False,1,1.495352345380e-13,1.495352345380e-13,1.000000,inf,inf,D
30.0,V2V,vehicle_5,vehicle_4,-86.63,109.63,8.74,False,4,2.172943578867e-12,1.093803374201e-12,0.503374,1.013588,0.06,D
31.0,V2I,BS_1,flow_south_north.0,-93.94,123.94,795.27,False,1,4.038666689162e-13,4.038666689162e-13,1.000000,inf,inf,D
31.0,V2I,BS_1,flow_west_east.0,-92.28,122.28,656.92,False,1,5.918921613209e-13,5.918921613209e-13,1.000000,inf,inf,D
31.0,V2I,BS_1,vehicle_1,-72.43,102.43,24.81,True,4,5.709966256328e-11,4.792479954552e-11,0.839318,5.223489,7.18,D
31.0,V2I,BS_1,vehicle_3,-73.46,103.46,0.53,True,2,4.511968403065e-11,3.808493798108e-11,0.844087,5.413833,7.34,D
31.0,V2I,BS_1,vehicle_4,-73.04,103.04,6.61,True,4,4.965475787984e-11,4.848903223387e-11,0.976523,41.595578,16.19,D
31.0,V2I,BS_1,vehicle_5,-90.06,120.06,508.64,False,1,9.872700402280e-13,9.872700402280e-13,1.000000,inf,inf,D
31.0,V2V,flow_south_north.0,flow_west_east.0,-92.65,115.65,306.23,False,1,5.434541551403e-13,5.434541551403e-13,1.000000,inf,inf,D
31.0,V2V,flow_south_north.0,vehicle_1,-96.43,119.43,473.57,False,1,2.272502410835e-13,2.272502410835e-13,1.000000,inf,inf,D
31.0,V2V,flow_south_north.0,vehicle_3,-83.15,106.15,0.80,True,4,4.840978512238e-12,1.917266467531e-12,0.396049,0.655764,-1.83,K
31.0,V2V,flow_south_north.0,vehicle_4,-80.66,103.66,7.18,True,6,8.589815483366e-12,4.392599939196e-12,0.511373,1.046551,0.20,D
31.0,V2V,flow_south_north.0,vehicle_5,-99.28,122.28,0.00,True,1,1.179154302338e-13,1.179154302338e-13,1.000000,inf,inf,D
31.0,V2V,flow_west_east.0,flow_south_north.0,-92.65,115.65,306.23,False,1,5.434541551403e-13,5.434541551403e-13,1.000000,inf,inf,D
31.0,V2V,flow_west_east.0,vehicle_1,-79.09,102.09,2.84,True,4,1.233048098644e-11,6.468597647919e-12,0.524602,1.103502,0.43,D
31.0,V2V,flow_west_east.0,vehicle_3,-99.12,122.12,644.87,False,1,1.225531457029e-13,1.225531457029e-13,1.000000,inf,inf,D
31.0,V2V,flow_west_east.0,vehicle_4,-93.66,116.66,344.05,False,1,4.305365094441e-13,4.305365094441e-13,1.000000,inf,inf,D
31.0,V2V,flow_west_east.0,vehicle_5,-72.79,95.79,7.32,True,6,5.259478270851e-11,3.573023009253e-11,0.679349,2.118659,3.26,D
31.0,V2V,vehicle_1,flow_south_north.0,-96.43,119.43,473.57,False,1,2.272502410835e-13,2.272502410835e-13,1.000000,inf,inf,D
31.0,V2V,vehicle_1,flow_west_east.0,-79.09,102.09,2.84,True,4,1.233042629903e-11,6.468597647919e-12,0.524605,1.103512,0.43,D
31.0,V2V,vehicle_1,vehicle_3,-83.44,106.44,0.03,True,2,4.527566559403e-12,2.945782940627e-12,0.650633,1.862317,2.70,D
31.0,V2V,vehicle_1,vehicle_4,-96.89,119.89,498.86,False,1,2.047905778705e-13,2.047905778705e-13,1.000000,inf,inf,D
31.0,V2V,vehicle_1,vehicle_5,-75.62,98.62,0.08,True,2,2.741669526651e-11,1.959799426337e-11,0.714820,2.506554,3.99,D
31.0,V2V,vehicle_3,flow_south_north.0,-83.12,106.12,0.81,True,4,4.872980207784e-12,1.917266467531e-12,0.393448,0.648664,-1.88,K
31.0,V2V,vehicle_3,flow_west_east.0,-99.12,122.12,644.87,False,1,1.225531457029e-13,1.225531457029e-13,1.000000,inf,inf,D
31.0,V2V,vehicle_3,vehicle_1,-83.44,106.44,0.03,True,2,4.527534369979e-12,2.945782940627e-12,0.650637,1.862355,2.70,D
31.0,V2V,vehicle_3,vehicle_4,-75.43,98.43,0.08,True,2,2.862177384491e-11,1.665028341854e-11,0.581735,1.390828,1.43,D
31.0,V2V,vehicle_3,vehicle_5,-99.06,122.06,640.74,False,1,1.241348604819e-13,1.241348604819e-13,1.000000,inf,inf,D
31.0,V2V,vehicle_4,flow_south_north.0,-80.65,103.65,7.18,True,6,8.606904260117e-12,4.392599939196e-12,0.510358,1.042307,0.18,D
31.0,V2V,vehicle_4,flow_west_east.0,-93.66,116.66,344.05,False,1,4.305365094441e-13,4.305365094441e-13,1.000000,inf,inf,D
31.0,V2V,vehicle_4,vehicle_1,-96.89,119.89,498.86,False,1,2.047905778705e-13,2.047905778705e-13,1.000000,inf,inf,D
31.0,V2V,vehicle_4,vehicle_3,-75.43,98.43,0.08,True,2,2.862250208736e-11,1.665028341854e-11,0.581720,1.390743,1.43,D
31.0,V2V,vehicle_4,vehicle_5,-93.46,116.46,336.27,False,1,4.507117545173e-13,4.507117545173e-13,1.000000,inf,inf,D
31.0,V2V,vehicle_5,flow_south_north.0,-99.28,122.28,0.00,True,1,1.179167714598e-13,1.179167714598e-13,1.000000,inf,inf,D
31.0,V2V,vehicle_5,flow_west_east.0,-72.79,95.79,7.29,True,6,5.257849972600e-11,3.573023009253e-11,0.679560,2.120706,3.26,D
31.0,V2V,vehicle_5,vehicle_1,-75.62,98.62,0.08,True,2,2.741718399195e-11,1.959799426337e-11,0.714807,2.506397,3.99,D
31.0,V2V,vehicle_5,vehicle_3,-99.06,122.06,640.74,False,1,1.241348604819e-13,1.241348604819e-13,1.000000,inf,inf,D
31.0,V2V,vehicle_5,vehicle_4,-93.46,116.46,336.27,False,1,4.507117545173e-13,4.507117545173e-13,1.000000,inf,inf,D
32.0,V2I,BS_1,flow_south_north.0,-93.40,123.40,747.80,False,1,4.567700596094e-13,4.567700596094e-13,1.000000,inf,inf,D
32.0,V2I,BS_1,flow_west_east.0,-91.83,121.83,623.75,False,1,6.565185501096e-13,6.565185501096e-13,1.000000,inf,inf,D
32.0,V2I,BS_1,vehicle_1,-72.64,102.64,44.40,True,4,5.448044302476e-11,4.763471908587e-11,0.874345,6.958317,8.43,D
32.0,V2I,BS_1,vehicle_4,-71.72,101.72,36.50,True,4,6.732453917274e-11,5.027949584457e-11,0.746823,2.949802,4.70,D
32.0,V2I,BS_1,vehicle_5,-99.78,129.78,0.00,True,1,1.052919551678e-13,1.052919551678e-13,1.000000,inf,inf,D
32.0,V2V,flow_south_north.0,flow_west_east.0,-87.75,110.75,22.19,True,5,1.680382201135e-12,1.215191941603e-12,0.723164,2.612247,4.17,D
32.0,V2V,flow_south_north.0,vehicle_1,-96.66,119.66,485.98,False,1,2.157836398913e-13,2.157836398913e-13,1.000000,inf,inf,D
32.0,V2V,flow_south_north.0,vehicle_4,-80.25,103.25,5.32,True,6,9.445657913890e-12,4.428620942931e-12,0.468853,0.882716,-0.54,K
32.0,V2V,flow_south_north.0,vehicle_5,-91.40,114.40,265.36,False,1,7.237709993899e-13,7.237709993899e-13,1.000000,inf,inf,D
32.0,V2V,flow_west_east.0,flow_south_north.0,-87.75,110.75,22.22,True,5,1.678652152775e-12,1.215216516324e-12,0.723924,2.622190,4.19,D
32.0,V2V,flow_west_east.0,vehicle_1,-80.27,103.27,2.60,True,4,9.396853328242e-12,6.305743391482e-12,0.671048,2.039961,3.10,D
32.0,V2V,flow_west_east.0,vehicle_4,-94.60,117.60,383.49,False,1,3.465502543729e-13,3.465502543729e-13,1.000000,inf,inf,D
32.0,V2V,flow_west_east.0,vehicle_5,-71.55,94.55,5.72,True,5,6.991156654824e-11,3.544019299933e-11,0.506929,1.028105,0.12,D
32.0,V2V,vehicle_1,flow_south_north.0,-96.66,119.66,485.98,False,1,2.157836398913e-13,2.157836398913e-13,1.000000,inf,inf,D
32.0,V2V,vehicle_1,flow_west_east.0,-80.25,103.25,2.60,True,4,9.442942628901e-12,6.305743391482e-12,0.667773,2.009991,3.03,D
32.0,V2V,vehicle_1,vehicle_4,-98.06,121.06,571.06,False,1,1.562816652206e-13,1.562816652206e-13,1.000000,inf,inf,D
32.0,V2V,vehicle_1,vehicle_5,-77.01,100.01,0.04,True,2,1.988414214731e-11,1.886253030564e-11,0.948622,18.463500,12.66,D
32.0,V2V,vehicle_4,flow_south_north.0,-80.26,103.26,5.33,True,6,9.418176160769e-12,4.428620942931e-12,0.470221,0.887578,-0.52,K
32.0,V2V,vehicle_4,flow_west_east.0,-94.60,117.60,383.49,False,1,3.465502543729e-13,3.465502543729e-13,1.000000,inf,inf,D
32.0,V2V,vehicle_4,vehicle_1,-98.06,121.06,571.06,False,1,1.562816652206e-13,1.562816652206e-13,1.000000,inf,inf,D
32.0,V2V,vehicle_4,vehicle_5,-94.98,117.98,400.42,False,1,3.178554558729e-13,3.178554558729e-13,1.000000,inf,inf,D
32.0,V2V,vehicle_5,flow_south_north.0,-91.40,114.40,265.36,False,1,7.237709993899e-13,7.237709993899e-13,1.000000,inf,inf,D
32.0,V2V,vehicle_5,flow_west_east.0,-71.55,94.55,5.72,True,5,6.991113267312e-11,3.544019299933e-11,0.506932,1.028118,0.12,D
32.0,V2V,vehicle_5,vehicle_1,-77.01,100.01,0.04,True,2,1.988421050657e-11,1.886253030564e-11,0.948619,18.462265,12.66,D
32.0,V2V,vehicle_5,vehicle_4,-94.98,117.98,400.42,False,1,3.178554558729e-13,3.178554558729e-13,1.000000,inf,inf,D
33.0,V2I,BS_1,flow_south_north.0,-92.86,122.86,702.79,False,1,5.171410987335e-13,5.171410987335e-13,1.000000,inf,inf,D
33.0,V2I,BS_1,flow_west_east.0,-91.51,121.51,601.51,False,1,7.059555444819e-13,7.059555444819e-13,1.000000,inf,inf,D
33.0,V2I,BS_1,vehicle_1,-72.75,102.75,0.54,True,2,5.312677207880e-11,4.595921906936e-11,0.865086,6.412121,8.07,D
33.0,V2I,BS_1,vehicle_4,-72.33,102.33,26.10,True,4,5.853352795949e-11,5.034385061609e-11,0.860086,6.147232,7.89,D
33.0,V2I,BS_1,vehicle_5,-82.21,112.21,0.35,True,2,6.005274131703e-12,5.536543445928e-12,0.921947,11.811779,10.72,D
33.0,V2V,flow_south_north.0,flow_west_east.0,-71.23,94.23,14.47,True,7,7.534878722873e-11,5.035401690612e-11,0.668279,2.014582,3.04,D
33.0,V2V,flow_south_north.0,vehicle_1,-97.09,120.09,510.88,False,1,1.952654707626e-13,1.952654707626e-13,1.000000,inf,inf,D
33.0,V2V,flow_south_north.0,vehicle_4,-81.08,104.08,1.51,True,4,7.803971356384e-12,4.413964025240e-12,0.565605,1.302051,1.15,D
33.0,V2V,flow_south_north.0,vehicle_5,-91.08,114.08,255.59,False,1,7.801476917384e-13,7.801476917384e-13,1.000000,inf,inf,D
33.0,V2V,flow_west_east.0,flow_south_north.0,-71.23,94.23,14.48,True,7,7.536946177318e-11,5.035401690612e-11,0.668096,2.012917,3.04,D
33.0,V2V,flow_west_east.0,vehicle_1,-80.32,103.32,2.38,True,4,9.283440493730e-12,5.812477505050e-12,0.626112,1.674601,2.24,D
33.0,V2V,flow_west_east.0,vehicle_4,-88.39,111.39,0.05,True,2,1.448704968854e-12,1.045447763955e-12,0.721643,2.592509,4.14,D
33.0,V2V,flow_west_east.0,vehicle_5,-72.35,95.35,2.84,True,4,5.824171663168e-11,2.946765237240e-11,0.505954,1.024105,0.10,D
33.0,V2V,vehicle_1,flow_south_north.0,-97.09,120.09,510.88,False,1,1.952654707626e-13,1.952654707626e-13,1.000000,inf,inf,D
33.0,V2V,vehicle_1,flow_west_east.0,-80.31,103.31,2.37,True,4,9.320993875207e-12,5.812477505050e-12,0.623590,1.656677,2.19,D
33.0,V2V,vehicle_1,vehicle_4,-99.13,122.13,645.61,False,1,1.222723008388e-13,1.222723008388e-13,1.000000,inf,inf,D
33.0,V2V,vehicle_1,vehicle_5,-77.10,100.10,0.03,True,2,1.950574447973e-11,1.881097046323e-11,0.964381,27.074948,14.33,D
33.0,V2V,vehicle_4,flow_south_north.0,-81.06,104.06,1.51,True,4,7.839379463104e-12,4.413964025240e-12,0.563050,1.288592,1.10,D
33.0,V2V,vehicle_4,flow_west_east.0,-88.39,111.39,0.05,True,2,1.448690388429e-12,1.045447763955e-12,0.721650,2.592602,4.14,D
33.0,V2V,vehicle_4,vehicle_1,-99.13,122.13,645.61,False,1,1.222723008388e-13,1.222723008388e-13,1.000000,inf,inf,D
33.0,V2V,vehicle_4,vehicle_5,-96.37,119.37,470.25,False,1,2.304655860765e-13,2.304655860765e-13,1.000000,inf,inf,D
33.0,V2V,vehicle_5,flow_south_north.0,-91.08,114.08,255.59,False,1,7.801476917384e-13,7.801476917384e-13,1.000000,inf,inf,D
33.0,V2V,vehicle_5,flow_west_east.0,-72.35,95.35,2.84,True,4,5.824088983075e-11,2.946765237240e-11,0.505962,1.024134,0.10,D
33.0,V2V,vehicle_5,vehicle_1,-77.10,100.10,0.03,True,2,1.950579233121e-11,1.881097046323e-11,0.964379,27.073084,14.33,D
33.0,V2V,vehicle_5,vehicle_4,-96.37,119.37,470.25,False,1,2.304655860765e-13,2.304655860765e-13,1.000000,inf,inf,D
34.0,V2I,BS_1,flow_south_north.0,-92.30,122.30,658.26,False,1,5.894849453453e-13,5.894849453453e-13,1.000000,inf,inf,D
34.0,V2I,BS_1,flow_west_east.0,-91.35,121.35,590.67,False,1,7.321027559071e-13,7.321027559071e-13,1.000000,inf,inf,D
34.0,V2I,BS_1,vehicle_1,-73.42,103.42,0.34,True,2,4.554526851150e-11,4.321122279438e-11,0.948753,18.513443,12.67,D
34.0,V2I,BS_1,vehicle_4,-73.13,103.13,0.06,True,2,4.862173958267e-11,4.856206756165e-11,0.998773,813.816370,29.11,D
34.0,V2I,BS_1,vehicle_5,-73.39,103.39,0.41,True,2,4.584576728667e-11,4.215267718211e-11,0.919445,11.413931,10.57,D
34.0,V2V,flow_south_north.0,flow_west_east.0,-67.23,90.23,10.02,True,7,1.891303913538e-10,1.085608133778e-10,0.574000,1.347417,1.30,D
34.0,V2V,flow_south_north.0,vehicle_1,-97.64,120.64,543.86,False,1,1.723024126631e-13,1.723024126631e-13,1.000000,inf,inf,D
34.0,V2V,flow_south_north.0,vehicle_4,-80.41,103.41,1.79,True,4,9.106662848537e-12,4.411042056242e-12,0.484375,0.939395,-0.27,K
34.0,V2V,flow_south_north.0,vehicle_5,-91.53,114.53,269.33,False,1,7.025919169669e-13,7.025919169669e-13,1.000000,inf,inf,D
34.0,V2V,flow_west_east.0,flow_south_north.0,-67.23,90.23,10.02,True,7,1.891361816100e-10,1.085608133778e-10,0.573982,1.347320,1.29,D
34.0,V2V,flow_west_east.0,vehicle_1,-80.29,103.29,0.04,True,2,9.355221273100e-12,5.105226365959e-12,0.545709,1.201231,0.80,D
34.0,V2V,flow_west_east.0,vehicle_4,-77.78,100.78,0.66,True,4,1.665648213244e-11,6.782393997206e-12,0.407192,0.686888,-1.63,K
34.0,V2V,flow_west_east.0,vehicle_5,-73.31,96.31,9.18,True,6,4.662823083447e-11,2.164176655140e-11,0.464134,0.866140,-0.62,K
34.0,V2V,vehicle_1,flow_south_north.0,-97.64,120.64,543.86,False,1,1.723024126631e-13,1.723024126631e-13,1.000000,inf,inf,D
34.0,V2V,vehicle_1,flow_west_east.0,-80.29,103.29,0.04,True,2,9.354986601816e-12,5.105226365959e-12,0.545722,1.201298,0.80,D
34.0,V2V,vehicle_1,vehicle_4,-82.58,105.58,0.03,True,2,5.520989118785e-12,3.105454597570e-12,0.562482,1.285618,1.09,D
34.0,V2V,vehicle_1,vehicle_5,-76.22,99.22,0.07,True,2,2.388327673995e-11,1.930051137568e-11,0.808118,4.211543,6.24,D
34.0,V2V,vehicle_4,flow_south_north.0,-80.41,103.41,1.79,True,4,9.106609156232e-12,4.411042056242e-12,0.484378,0.939406,-0.27,K
34.0,V2V,vehicle_4,flow_west_east.0,-77.77,100.77,0.66,True,4,1.671220271749e-11,6.782393997206e-12,0.405835,0.683034,-1.66,K
34.0,V2V,vehicle_4,vehicle_1,-82.59,105.59,0.03,True,2,5.504354628260e-12,3.105454597570e-12,0.564181,1.294533,1.12,D
34.0,V2V,vehicle_4,vehicle_5,-97.63,120.63,543.14,False,1,1.727580071888e-13,1.727580071888e-13,1.000000,inf,inf,D
34.0,V2V,vehicle_5,flow_south_north.0,-91.53,114.53,269.33,False,1,7.025919169669e-13,7.025919169669e-13,1.000000,inf,inf,D
34.0,V2V,vehicle_5,flow_west_east.0,-73.32,96.32,9.19,True,6,4.659248785390e-11,2.164176655140e-11,0.464490,0.867380,-0.62,K
34.0,V2V,vehicle_5,vehicle_1,-76.22,99.22,0.07,True,2,2.388356540640e-11,1.930051137568e-11,0.808108,4.211277,6.24,D
34.0,V2V,vehicle_5,vehicle_4,-97.63,120.63,543.14,False,1,1.727580071888e-13,1.727580071888e-13,1.000000,inf,inf,D
35.0,V2I,BS_1,flow_south_north.0,-91.72,121.72,615.90,False,1,6.733453483402e-13,6.733453483402e-13,1.000000,inf,inf,D
35.0,V2I,BS_1,flow_west_east.0,-91.35,121.35,590.14,False,1,7.334125595143e-13,7.334125595143e-13,1.000000,inf,inf,D
35.0,V2I,BS_1,vehicle_1,-73.56,103.56,0.44,True,2,4.400575953981e-11,3.973840700944e-11,0.903027,9.312192,9.69,D
35.0,V2I,BS_1,vehicle_4,-73.39,103.39,0.15,True,2,4.578801579428e-11,4.536414299761e-11,0.990743,107.023011,20.29,D
35.0,V2I,BS_1,vehicle_5,-72.21,102.21,21.77,True,4,6.006272603300e-11,4.536601649896e-11,0.755311,3.086815,4.90,D
35.0,V2V,flow_south_north.0,flow_west_east.0,-64.36,87.36,3.31,True,4,3.668210944002e-10,3.273753850818e-10,0.892466,8.299392,9.19,D
35.0,V2V,flow_south_north.0,vehicle_1,-98.27,121.27,584.89,False,1,1.489773871609e-13,1.489773871609e-13,1.000000,inf,inf,D
35.0,V2V,flow_south_north.0,vehicle_4,-80.95,103.95,1.56,True,4,8.028492501696e-12,4.413476684284e-12,0.549727,1.220873,0.87,D
35.0,V2V,flow_south_north.0,vehicle_5,-87.97,110.97,7.77,True,3,1.594941846213e-12,8.823603072559e-13,0.553224,1.238259,0.93,D
35.0,V2V,flow_west_east.0,flow_south_north.0,-64.36,87.36,3.31,True,4,3.668234974012e-10,3.273753850818e-10,0.892460,8.298886,9.19,D
35.0,V2V,flow_west_east.0,vehicle_1,-83.42,106.42,0.02,True,2,4.550461784718e-12,4.307734772829e-12,0.946659,17.747241,12.49,D
35.0,V2V,flow_west_east.0,vehicle_4,-77.76,100.76,0.64,True,4,1.673731773673e-11,5.494315508409e-12,0.328267,0.488688,-3.11,K
35.0,V2V,flow_west_east.0,vehicle_5,-74.38,97.38,10.91,True,8,3.643478908819e-11,1.514664966389e-11,0.415719,0.711507,-1.48,K
35.0,V2V,vehicle_1,flow_south_north.0,-98.27,121.27,584.89,False,1,1.489773871609e-13,1.489773871609e-13,1.000000,inf,inf,D
35.0,V2V,vehicle_1,flow_west_east.0,-83.42,106.42,0.02,True,2,4.550446620211e-12,4.307734772829e-12,0.946662,17.748350,12.49,D
35.0,V2V,vehicle_1,vehicle_4,-85.89,108.89,0.01,True,2,2.573578330003e-12,2.554204309665e-12,0.992472,131.836566,21.20,D
35.0,V2V,vehicle_1,vehicle_5,-75.30,98.30,0.08,True,2,2.950549329002e-11,1.977702284002e-11,0.670283,2.032902,3.08,D
35.0,V2V,vehicle_4,flow_south_north.0,-80.95,103.95,1.56,True,4,8.028429939993e-12,4.413476684284e-12,0.549731,1.220895,0.87,D
35.0,V2V,vehicle_4,flow_west_east.0,-77.76,100.76,0.64,True,4,1.673710037159e-11,5.494315508409e-12,0.328272,0.488697,-3.11,K
35.0,V2V,vehicle_4,vehicle_1,-85.89,108.89,0.01,True,2,2.573578417886e-12,2.554204309665e-12,0.992472,131.835968,21.20,D
35.0,V2V,vehicle_4,vehicle_5,-98.72,121.72,616.24,False,1,1.342054102882e-13,1.342054102882e-13,1.000000,inf,inf,D
35.0,V2V,vehicle_5,flow_south_north.0,-87.98,110.98,7.83,True,3,1.593925191500e-12,8.823475872416e-13,0.553569,1.239988,0.93,D
35.0,V2V,vehicle_5,flow_west_east.0,-74.39,97.39,10.91,True,8,3.642056093016e-11,1.514664966389e-11,0.415882,0.711982,-1.48,K
35.0,V2V,vehicle_5,vehicle_1,-75.30,98.30,0.08,True,2,2.950609415927e-11,1.977702284002e-11,0.670269,2.032776,3.08,D
35.0,V2V,vehicle_5,vehicle_4,-98.72,121.72,616.24,False,1,1.342054102882e-13,1.342054102882e-13,1.000000,inf,inf,D
36.0,V2I,BS_1,flow_south_north.0,-91.12,121.12,575.03,False,1,7.724784451349e-13,7.724784451349e-13,1.000000,inf,inf,D
36.0,V2I,BS_1,flow_west_east.0,-91.35,121.35,590.07,False,1,7.335913567356e-13,7.335913567356e-13,1.000000,inf,inf,D
36.0,V2I,BS_1,vehicle_1,-74.07,104.07,0.39,True,2,3.920577577865e-11,3.594366471127e-11,0.916795,11.018529,10.42,D
36.0,V2I,BS_1,vehicle_4,-73.57,103.57,0.36,True,2,4.392826358744e-11,4.121070498742e-11,0.938136,15.164606,11.81,D
36.0,V2I,BS_1,vehicle_5,-73.08,103.08,15.00,True,4,4.922581132728e-11,4.745115758653e-11,0.963949,26.738263,14.27,D
36.0,V2V,flow_south_north.0,flow_west_east.0,-57.71,80.71,0.03,True,2,1.692995319216e-09,1.692355620439e-09,0.999622,2645.550812,34.23,D
36.0,V2V,flow_south_north.0,vehicle_1,-83.79,106.79,0.01,True,2,4.176545694009e-12,4.029023511124e-12,0.964678,27.311306,14.36,D
36.0,V2V,flow_south_north.0,vehicle_4,-82.95,105.95,0.03,True,2,5.065061406548e-12,4.414451366195e-12,0.871549,6.785096,8.32,D
36.0,V2V,flow_south_north.0,vehicle_5,-73.25,96.25,4.12,True,6,4.733976844531e-11,1.304101691779e-11,0.275477,0.380218,-4.20,K
36.0,V2V,flow_west_east.0,flow_south_north.0,-57.71,80.71,0.03,True,2,1.692995320601e-09,1.692355620439e-09,0.999622,2645.545087,34.23,D
36.0,V2V,flow_west_east.0,vehicle_1,-82.69,105.69,0.04,True,2,5.388318677484e-12,3.676076169279e-12,0.682231,2.146937,3.32,D
36.0,V2V,flow_west_east.0,vehicle_4,-79.46,102.46,0.59,True,4,1.132423042244e-11,4.527103966231e-12,0.399771,0.666032,-1.77,K
36.0,V2V,flow_west_east.0,vehicle_5,-78.90,101.90,0.47,True,4,1.288404560577e-11,1.109279737712e-11,0.860972,6.192775,7.92,D
36.0,V2V,vehicle_1,flow_south_north.0,-83.81,106.81,0.01,True,2,4.162938523619e-12,4.029023511124e-12,0.967832,30.086422,14.78,D
36.0,V2V,vehicle_1,flow_west_east.0,-82.69,105.69,0.04,True,2,5.388225051257e-12,3.676076169279e-12,0.682243,2.147054,3.32,D
36.0,V2V,vehicle_1,vehicle_4,-84.92,107.92,0.03,True,2,3.218627247169e-12,2.134471874011e-12,0.663162,1.968788,2.94,D
36.0,V2V,vehicle_1,vehicle_5,-74.62,97.62,0.09,True,2,3.450181383566e-11,2.041605559063e-11,0.591739,1.449411,1.61,D
36.0,V2V,vehicle_4,flow_south_north.0,-82.95,105.95,0.03,True,2,5.065021515890e-12,4.414451366195e-12,0.871556,6.785512,8.32,D
36.0,V2V,vehicle_4,flow_west_east.0,-79.45,102.45,0.59,True,4,1.135526094057e-11,4.527103966231e-12,0.398679,0.663005,-1.78,K
36.0,V2V,vehicle_4,vehicle_1,-84.92,107.92,0.03,True,2,3.218630448805e-12,2.134471874011e-12,0.663162,1.968782,2.94,D
36.0,V2V,vehicle_4,vehicle_5,-99.72,122.72,691.35,False,1,1.066279651124e-13,1.066279651124e-13,1.000000,inf,inf,D
36.0,V2V,vehicle_5,flow_south_north.0,-73.25,96.25,4.12,True,6,4.736123532984e-11,1.304101691779e-11,0.275352,0.379981,-4.20,K
36.0,V2V,vehicle_5,flow_west_east.0,-78.90,101.90,0.47,True,4,1.288396193057e-11,1.109279737712e-11,0.860977,6.193064,7.92,D
36.0,V2V,vehicle_5,vehicle_1,-74.62,97.62,0.09,True,2,3.450268883420e-11,2.041605559063e-11,0.591724,1.449321,1.61,D
36.0,V2V,vehicle_5,vehicle_4,-99.72,122.72,691.35,False,1,1.066279651124e-13,1.066279651124e-13,1.000000,inf,inf,D
37.0,V2I,BS_1,flow_south_north.0,-90.55,120.55,538.14,False,1,8.820034366251e-13,8.820034366251e-13,1.000000,inf,inf,D
37.0,V2I,BS_1,flow_west_east.0,-91.27,121.27,584.82,False,1,7.468260347415e-13,7.468260347415e-13,1.000000,inf,inf,D
37.0,V2I,BS_1,vehicle_5,-72.19,102.19,37.10,True,4,6.034611092082e-11,4.795577476790e-11,0.794679,3.870418,5.88,D
37.0,V2V,flow_south_north.0,flow_west_east.0,-61.91,84.91,0.04,True,2,6.444012040869e-10,6.434138461188e-10,0.998468,651.652052,28.14,D
37.0,V2V,flow_south_north.0,vehicle_5,-87.88,110.88,0.05,True,2,1.631013924700e-12,1.066824483482e-12,0.654087,1.890898,2.77,D
37.0,V2V,flow_west_east.0,flow_south_north.0,-61.91,84.91,0.04,True,2,6.443909360933e-10,6.434138461188e-10,0.998484,658.500100,28.19,D
37.0,V2V,flow_west_east.0,vehicle_5,-77.30,100.30,2.74,True,4,1.862726211111e-11,8.824126237228e-12,0.473721,0.900133,-0.46,K
37.0,V2V,vehicle_5,flow_south_north.0,-87.88,110.88,0.05,True,2,1.630996575292e-12,1.066824310421e-12,0.654094,1.890955,2.77,D
37.0,V2V,vehicle_5,flow_west_east.0,-77.30,100.30,2.74,True,4,1.862716530488e-11,8.824126237228e-12,0.473724,0.900142,-0.46,K
38.0,V2I,BS_1,flow_south_north.0,-89.97,119.97,503.43,False,1,1.007812169003e-12,1.007812169003e-12,1.000000,inf,inf,D
38.0,V2I,BS_1,flow_west_east.0,-91.11,121.11,574.41,False,1,7.741498873115e-13,7.741498873115e-13,1.000000,inf,inf,D
38.0,V2I,BS_1,vehicle_5,-72.28,102.28,50.88,True,4,5.914700023160e-11,4.681855944599e-11,0.791563,3.797606,5.80,D
38.0,V2V,flow_south_north.0,flow_west_east.0,-65.91,88.91,7.87,True,6,2.562421499469e-10,1.634556628663e-10,0.637895,1.761632,2.46,D
38.0,V2V,flow_south_north.0,vehicle_5,-96.37,119.37,469.90,False,1,2.308098006184e-13,2.308098006184e-13,1.000000,inf,inf,D
38.0,V2V,flow_west_east.0,flow_south_north.0,-65.91,88.91,7.87,True,6,2.563423005900e-10,1.634556628663e-10,0.637646,1.759733,2.45,D
38.0,V2V,flow_west_east.0,vehicle_5,-78.58,101.58,1.23,True,4,1.386392240858e-11,7.379537577489e-12,0.532284,1.138047,0.56,D
38.0,V2V,vehicle_5,flow_south_north.0,-96.37,119.37,469.90,False,1,2.308098006184e-13,2.308098006184e-13,1.000000,inf,inf,D
38.0,V2V,vehicle_5,flow_west_east.0,-78.58,101.58,1.23,True,4,1.386273540802e-11,7.379537577489e-12,0.532329,1.138256,0.56,D
39.0,V2I,BS_1,flow_south_north.0,-100.01,130.01,0.00,True,1,9.984546555427e-14,9.984546555427e-14,1.000000,inf,inf,D
39.0,V2I,BS_1,flow_west_east.0,-90.88,120.88,559.11,False,1,8.171020337607e-13,8.171020337607e-13,1.000000,inf,inf,D
39.0,V2I,BS_1,vehicle_5,-73.30,103.30,0.36,True,2,4.679273873757e-11,4.420795673976e-11,0.944761,17.103166,12.33,D
39.0,V2V,flow_south_north.0,flow_west_east.0,-68.21,91.21,8.76,True,8,1.510441595748e-10,6.734883653542e-11,0.445888,0.804691,-0.94,K
39.0,V2V,flow_south_north.0,vehicle_5,-97.53,120.53,537.02,False,1,1.767159663553e-13,1.767159663553e-13,1.000000,inf,inf,D
39.0,V2V,flow_west_east.0,flow_south_north.0,-68.21,91.21,8.76,True,8,1.511433415283e-10,6.734883653542e-11,0.445596,0.803738,-0.95,K
39.0,V2V,flow_west_east.0,vehicle_5,-81.58,104.58,0.03,True,2,6.954700132834e-12,6.438444118531e-12,0.925769,12.471417,10.96,D
39.0,V2V,vehicle_5,flow_south_north.0,-97.53,120.53,537.02,False,1,1.767159663553e-13,1.767159663553e-13,1.000000,inf,inf,D
39.0,V2V,vehicle_5,flow_west_east.0,-81.56,104.56,0.03,True,2,6.986347701452e-12,6.438444118531e-12,0.921575,11.751053,10.70,D
40.0,V2I,BS_1,flow_south_north.0,-82.74,112.74,0.06,True,2,5.323277937701e-12,5.313325734252e-12,0.998130,533.884356,27.27,D
40.0,V2I,BS_1,flow_west_east.0,-90.57,120.57,539.70,False,1,8.769205907302e-13,8.769205907302e-13,1.000000,inf,inf,D
40.0,V2I,BS_1,flow_west_east.1,-96.67,126.67,1089.43,False,1,2.152126351842e-13,2.152126351842e-13,1.000000,inf,inf,D
40.0,V2I,BS_1,vehicle_5,-73.65,103.65,0.35,True,2,4.315193645119e-11,4.063252512232e-11,0.941615,16.127785,12.08,D
40.0,V2V,flow_south_north.0,flow_west_east.0,-78.17,101.17,20.90,True,9,1.523422290345e-11,1.054301655372e-11,0.692061,2.247400,3.52,D
40.0,V2V,flow_south_north.0,flow_west_east.1,-99.18,122.18,649.27,False,1,1.208963522014e-13,1.208963522014e-13,1.000000,inf,inf,D
40.0,V2V,flow_south_north.0,vehicle_5,-98.58,121.58,606.28,False,1,1.386499991438e-13,1.386499991438e-13,1.000000,inf,inf,D
40.0,V2V,flow_west_east.0,flow_south_north.0,-78.17,101.17,20.92,False,9,1.523189771377e-11,1.054315361836e-11,0.692176,2.248609,3.52,D
40.0,V2V,flow_west_east.0,flow_west_east.1,-82.77,105.77,0.03,True,2,5.282328595955e-12,3.713019936500e-12,0.702913,2.366023,3.74,D
40.0,V2V,flow_west_east.0,vehicle_5,-81.54,104.54,0.04,True,2,7.020100692026e-12,5.830932082518e-12,0.830605,4.903369,6.90,D
40.0,V2V,flow_west_east.1,flow_south_north.0,-99.18,122.18,649.27,False,1,1.208963522014e-13,1.208963522014e-13,1.000000,inf,inf,D
40.0,V2V,flow_west_east.1,flow_west_east.0,-82.77,105.77,0.03,True,2,5.282250372193e-12,3.713019936500e-12,0.702924,2.366141,3.74,D
40.0,V2V,flow_west_east.1,vehicle_5,-88.85,111.85,0.01,True,2,1.304555082411e-12,1.148564247154e-12,0.880426,7.363024,8.67,D
40.0,V2V,vehicle_5,flow_south_north.0,-98.58,121.58,606.28,False,1,1.386499991438e-13,1.386499991438e-13,1.000000,inf,inf,D
40.0,V2V,vehicle_5,flow_west_east.0,-81.54,104.54,0.04,True,2,7.020032246235e-12,5.830932082518e-12,0.830613,4.903651,6.91,D
40.0,V2V,vehicle_5,flow_west_east.1,-88.85,111.85,0.01,True,2,1.304555460983e-12,1.148564247154e-12,0.880426,7.363006,8.67,D
41.0,V2I,BS_1,flow_south_north.0,-71.87,101.87,7.68,True,4,6.497683792926e-11,4.487217888927e-11,0.690587,2.231929,3.49,D
41.0,V2I,BS_1,flow_west_east.0,-90.19,120.19,516.36,False,1,9.579733040161e-13,9.579733040161e-13,1.000000,inf,inf,D
41.0,V2I,BS_1,flow_west_east.1,-96.34,126.34,1048.27,False,1,2.324432080949e-13,2.324432080949e-13,1.000000,inf,inf,D
41.0,V2I,BS_1,vehicle_5,-74.25,104.25,0.24,True,2,3.760224304237e-11,3.653140637216e-11,0.971522,34.114826,15.33,D
41.0,V2V,flow_south_north.0,flow_west_east.0,-94.22,117.22,19.38,False,2,3.784568005048e-13,2.675526724339e-13,0.706957,2.412468,3.82,D
41.0,V2V,flow_south_north.0,flow_west_east.1,-98.89,121.89,627.94,False,1,1.292501472045e-13,1.292501472045e-13,1.000000,inf,inf,D
41.0,V2V,flow_south_north.0,vehicle_5,-99.55,122.55,677.47,False,1,1.110427679115e-13,1.110427679115e-13,1.000000,inf,inf,D
41.0,V2V,flow_west_east.0,flow_south_north.0,-94.22,117.22,19.38,False,2,3.784611594893e-13,2.675559822335e-13,0.706958,2.412475,3.82,D
41.0,V2V,flow_west_east.0,flow_west_east.1,-83.10,106.10,0.03,True,2,4.892221419708e-12,3.799084418500e-12,0.776556,3.475396,5.41,D
41.0,V2V,flow_west_east.0,vehicle_5,-80.47,103.47,0.04,True,2,8.964957389739e-12,5.449005259952e-12,0.607812,1.549795,1.90,D
41.0,V2V,flow_west_east.1,flow_south_north.0,-98.89,121.89,627.94,False,1,1.292501472045e-13,1.292501472045e-13,1.000000,inf,inf,D
41.0,V2V,flow_west_east.1,flow_west_east.0,-83.13,106.13,0.03,True,2,4.861586866106e-12,3.799084418500e-12,0.781449,3.575601,5.53,D
41.0,V2V,flow_west_east.1,vehicle_5,-88.66,111.66,0.02,True,2,1.361971063653e-12,1.128266911697e-12,0.828407,4.827757,6.84,D
41.0,V2V,vehicle_5,flow_south_north.0,-99.55,122.55,677.47,False,1,1.110427679115e-13,1.110427679115e-13,1.000000,inf,inf,D
41.0,V2V,vehicle_5,flow_west_east.0,-80.47,103.47,0.04,True,2,8.964745562562e-12,5.449005259952e-12,0.607826,1.549888,1.90,D
41.0,V2V,vehicle_5,flow_west_east.1,-88.71,111.71,0.02,True,2,1.344881443228e-12,1.128266911697e-12,0.838934,5.208639,7.17,D
42.0,V2I,BS_1,flow_south_north.0,-72.37,102.37,16.49,True,4,5.797674818529e-11,4.824791607905e-11,0.832194,4.959271,6.95,D
42.0,V2I,BS_1,flow_west_east.0,-89.75,119.75,491.15,False,1,1.058837109416e-12,1.058837109416e-12,1.000000,inf,inf,D
42.0,V2I,BS_1,flow_west_east.1,-95.97,125.97,1004.54,False,1,2.531197663056e-13,2.531197663056e-13,1.000000,inf,inf,D
42.0,V2V,flow_south_north.0,flow_west_east.0,-93.59,116.59,341.47,False,1,4.370835344031e-13,4.370835344031e-13,1.000000,inf,inf,D
42.0,V2V,flow_south_north.0,flow_west_east.1,-98.66,121.66,611.61,False,1,1.362427686998e-13,1.362427686998e-13,1.000000,inf,inf,D
42.0,V2V,flow_west_east.0,flow_south_north.0,-93.59,116.59,341.47,False,1,4.370835344031e-13,4.370835344031e-13,1.000000,inf,inf,D
42.0,V2V,flow_west_east.0,flow_west_east.1,-81.54,104.54,1.99,True,4,7.006866555525e-12,3.848990832121e-12,0.549317,1.218854,0.86,D
42.0,V2V,flow_west_east.1,flow_south_north.0,-98.66,121.66,611.61,False,1,1.362427686998e-13,1.362427686998e-13,1.000000,inf,inf,D
42.0,V2V,flow_west_east.1,flow_west_east.0,-81.54,104.54,1.99,True,4,7.006821386495e-12,3.848990832121e-12,0.549321,1.218872,0.86,D
43.0,V2I,BS_1,flow_south_north.0,-71.69,101.69,35.76,True,4,6.776962747489e-11,5.021071405875e-11,0.740903,2.859557,4.56,D
43.0,V2I,BS_1,flow_west_east.0,-91.38,121.38,0.12,True,2,7.270502000331e-13,7.189406947376e-13,0.988846,88.654076,19.48,D
43.0,V2I,BS_1,flow_west_east.1,-95.59,125.59,961.38,False,1,2.763614949822e-13,2.763614949822e-13,1.000000,inf,inf,D
43.0,V2V,flow_south_north.0,flow_west_east.0,-95.16,118.16,408.92,False,1,3.047843041064e-13,3.047843041064e-13,1.000000,inf,inf,D
43.0,V2V,flow_south_north.0,flow_west_east.1,-98.54,121.54,603.54,False,1,1.399107303710e-13,1.399107303710e-13,1.000000,inf,inf,D
43.0,V2V,flow_west_east.0,flow_south_north.0,-95.16,118.16,408.92,False,1,3.047843041064e-13,3.047843041064e-13,1.000000,inf,inf,D
43.0,V2V,flow_west_east.0,flow_west_east.1,-81.96,104.96,1.31,True,4,6.366750289003e-12,3.884552184728e-12,0.610131,1.564965,1.95,D
43.0,V2V,flow_west_east.1,flow_south_north.0,-98.54,121.54,603.54,False,1,1.399107303710e-13,1.399107303710e-13,1.000000,inf,inf,D
43.0,V2V,flow_west_east.1,flow_west_east.0,-81.94,104.94,1.31,True,4,6.399213301394e-12,3.884552184728e-12,0.607036,1.544762,1.89,D
44.0,V2I,BS_1,flow_south_north.0,-71.99,101.99,44.13,True,4,6.330285677158e-11,5.039032038856e-11,0.796020,3.902434,5.91,D
44.0,V2I,BS_1,flow_west_east.0,-73.14,103.14,15.68,True,4,4.855173156419e-11,4.020860033815e-11,0.828160,4.819366,6.83,D
44.0,V2I,BS_1,flow_west_east.1,-95.18,125.18,917.56,False,1,3.033845054712e-13,3.033845054712e-13,1.000000,inf,inf,D
44.0,V2V,flow_south_north.0,flow_west_east.0,-96.53,119.53,478.56,False,1,2.225282746199e-13,2.225282746199e-13,1.000000,inf,inf,D
44.0,V2V,flow_south_north.0,flow_west_east.1,-98.55,121.55,603.92,False,1,1.397362250895e-13,1.397362250895e-13,1.000000,inf,inf,D
44.0,V2V,flow_west_east.0,flow_south_north.0,-96.53,119.53,478.56,False,1,2.225282746199e-13,2.225282746199e-13,1.000000,inf,inf,D
44.0,V2V,flow_west_east.0,flow_west_east.1,-80.91,103.91,1.50,True,4,8.103508829242e-12,3.922240808296e-12,0.484018,0.938051,-0.28,K
44.0,V2V,flow_west_east.1,flow_south_north.0,-98.55,121.55,603.92,False,1,1.397362250895e-13,1.397362250895e-13,1.000000,inf,inf,D
44.0,V2V,flow_west_east.1,flow_west_east.0,-80.90,103.90,1.51,True,4,8.128256871741e-12,3.922240808296e-12,0.482544,0.932531,-0.30,K
45.0,V2I,BS_1,flow_south_north.0,-72.91,102.91,0.35,True,2,5.119712358052e-11,4.879959283888e-11,0.953171,20.354105,13.09,D
45.0,V2I,BS_1,flow_south_north.1,-96.64,126.64,1085.50,False,1,2.167711963146e-13,2.167711963146e-13,1.000000,inf,inf,D
45.0,V2I,BS_1,flow_west_east.0,-72.31,102.31,10.12,True,4,5.880447094975e-11,4.326580066438e-11,0.735757,2.784395,4.45,D
45.0,V2I,BS_1,flow_west_east.1,-94.76,124.76,874.47,False,1,3.340206512808e-13,3.340206512808e-13,1.000000,inf,inf,D
45.0,V2V,flow_south_north.0,flow_south_north.1,-84.91,107.91,1.04,True,4,3.228706565942e-12,1.367110100855e-12,0.423423,0.734375,-1.34,K
45.0,V2V,flow_south_north.0,flow_west_east.0,-97.68,120.68,546.42,False,1,1.706880819551e-13,1.706880819551e-13,1.000000,inf,inf,D
45.0,V2V,flow_south_north.0,flow_west_east.1,-98.66,121.66,611.59,False,1,1.362517630771e-13,1.362517630771e-13,1.000000,inf,inf,D
45.0,V2V,flow_south_north.1,flow_south_north.0,-84.92,107.92,1.04,True,4,3.218816565545e-12,1.367110100855e-12,0.424724,0.738297,-1.32,K
45.0,V2V,flow_south_north.1,flow_west_east.0,-99.28,122.28,657.29,False,1,1.179627999804e-13,1.179627999804e-13,1.000000,inf,inf,D
45.0,V2V,flow_south_north.1,flow_west_east.1,-99.98,122.98,712.39,False,1,1.004221397846e-13,1.004221397846e-13,1.000000,inf,inf,D
45.0,V2V,flow_west_east.0,flow_south_north.0,-97.68,120.68,546.42,False,1,1.706880819551e-13,1.706880819551e-13,1.000000,inf,inf,D
45.0,V2V,flow_west_east.0,flow_south_north.1,-99.28,122.28,657.29,False,1,1.179627999804e-13,1.179627999804e-13,1.000000,inf,inf,D
45.0,V2V,flow_west_east.0,flow_west_east.1,-80.19,103.19,4.80,True,6,9.566183964812e-12,3.966286323903e-12,0.414615,0.708278,-1.50,K
45.0,V2V,flow_west_east.1,flow_south_north.0,-98.66,121.66,611.59,False,1,1.362517630771e-13,1.362517630771e-13,1.000000,inf,inf,D
45.0,V2V,flow_west_east.1,flow_south_north.1,-99.98,122.98,712.39,False,1,1.004221397846e-13,1.004221397846e-13,1.000000,inf,inf,D
45.0,V2V,flow_west_east.1,flow_west_east.0,-80.19,103.19,4.80,True,6,9.566157216007e-12,3.966286323903e-12,0.414616,0.708282,-1.50,K
46.0,V2I,BS_1,flow_south_north.0,-73.03,103.03,0.43,True,2,4.980222744616e-11,4.572509038070e-11,0.918133,11.215000,10.50,D
46.0,V2I,BS_1,flow_south_north.1,-96.28,126.28,1041.27,False,1,2.355803909778e-13,2.355803909778e-13,1.000000,inf,inf,D
46.0,V2I,BS_1,flow_west_east.0,-72.37,102.37,19.96,True,4,5.790143971923e-11,4.570319470099e-11,0.789327,3.746702,5.74,D
46.0,V2I,BS_1,flow_west_east.1,-94.34,124.34,833.31,False,1,3.678363452366e-13,3.678363452366e-13,1.000000,inf,inf,D
46.0,V2V,flow_south_north.0,flow_south_north.1,-88.53,111.53,0.01,True,2,1.402199033645e-12,1.351206362171e-12,0.963634,26.498050,14.23,D
46.0,V2V,flow_south_north.0,flow_west_east.0,-98.70,121.70,614.96,False,1,1.347609386919e-13,1.347609386919e-13,1.000000,inf,inf,D
46.0,V2V,flow_south_north.0,flow_west_east.1,-98.90,121.90,629.10,False,1,1.287750118825e-13,1.287750118825e-13,1.000000,inf,inf,D
46.0,V2V,flow_south_north.1,flow_south_north.0,-88.53,111.53,0.01,True,2,1.402198920073e-12,1.351206362171e-12,0.963634,26.498109,14.23,D
46.0,V2V,flow_south_north.1,flow_west_east.0,-98.96,121.96,633.47,False,1,1.270031580720e-13,1.270031580720e-13,1.000000,inf,inf,D
46.0,V2V,flow_south_north.1,flow_west_east.1,-99.15,122.15,647.19,False,1,1.216729479806e-13,1.216729479806e-13,1.000000,inf,inf,D
46.0,V2V,flow_west_east.0,flow_south_north.0,-98.70,121.70,614.96,False,1,1.347609386919e-13,1.347609386919e-13,1.000000,inf,inf,D
46.0,V2V,flow_west_east.0,flow_south_north.1,-98.96,121.96,633.47,False,1,1.270031580720e-13,1.270031580720e-13,1.000000,inf,inf,D
46.0,V2V,flow_west_east.0,flow_west_east.1,-82.40,105.40,6.14,True,6,5.755983140762e-12,4.005595494598e-12,0.695901,2.288405,3.60,D
46.0,V2V,flow_west_east.1,flow_south_north.0,-98.90,121.90,629.10,False,1,1.287750118825e-13,1.287750118825e-13,1.000000,inf,inf,D
46.0,V2V,flow_west_east.1,flow_south_north.1,-99.15,122.15,647.19,False,1,1.216729479806e-13,1.216729479806e-13,1.000000,inf,inf,D
46.0,V2V,flow_west_east.1,flow_west_east.0,-82.40,105.40,6.14,True,6,5.755980588106e-12,4.005595494598e-12,0.695901,2.288408,3.60,D
47.0,V2I,BS_1,flow_south_north.0,-73.24,103.24,0.49,True,2,4.744783125427e-11,4.176046314308e-11,0.880134,7.342669,8.66,D
47.0,V2I,BS_1,flow_south_north.1,-95.89,125.89,995.61,False,1,2.576807594652e-13,2.576807594652e-13,1.000000,inf,inf,D
47.0,V2I,BS_1,flow_west_east.0,-72.90,102.90,19.08,True,4,5.130225936992e-11,4.737338646366e-11,0.923417,12.057755,10.81,D
47.0,V2I,BS_1,flow_west_east.1,-93.90,123.90,792.18,False,1,4.070162800994e-13,4.070162800994e-13,1.000000,inf,inf,D
47.0,V2V,flow_south_north.0,flow_south_north.1,-85.18,108.18,1.12,True,4,3.031742125570e-12,1.341682273103e-12,0.442545,0.793867,-1.00,K
47.0,V2V,flow_south_north.0,flow_west_east.0,-99.63,122.63,683.83,False,1,1.089852729330e-13,1.089852729330e-13,1.000000,inf,inf,D
47.0,V2V,flow_south_north.0,flow_west_east.1,-99.23,122.23,653.17,False,1,1.194564040934e-13,1.194564040934e-13,1.000000,inf,inf,D
47.0,V2V,flow_south_north.1,flow_south_north.0,-85.21,108.21,1.12,True,4,3.009569980608e-12,1.341682273103e-12,0.445805,0.804420,-0.95,K
47.0,V2V,flow_south_north.1,flow_west_east.0,-98.70,121.70,614.70,False,1,1.348788011667e-13,1.348788011667e-13,1.000000,inf,inf,D
47.0,V2V,flow_south_north.1,flow_west_east.1,-98.20,121.20,580.40,False,1,1.512912698893e-13,1.512912698893e-13,1.000000,inf,inf,D
47.0,V2V,flow_west_east.0,flow_south_north.0,-99.63,122.63,683.83,False,1,1.089852729330e-13,1.089852729330e-13,1.000000,inf,inf,D
47.0,V2V,flow_west_east.0,flow_south_north.1,-98.70,121.70,614.70,False,1,1.348788011667e-13,1.348788011667e-13,1.000000,inf,inf,D
47.0,V2V,flow_west_east.0,flow_west_east.1,-80.18,103.18,5.52,True,8,9.583215235146e-12,4.038659917052e-12,0.421431,0.728401,-1.38,K
47.0,V2V,flow_west_east.1,flow_south_north.0,-99.23,122.23,653.17,False,1,1.194564040934e-13,1.194564040934e-13,1.000000,inf,inf,D
47.0,V2V,flow_west_east.1,flow_south_north.1,-98.20,121.20,580.40,False,1,1.512912698893e-13,1.512912698893e-13,1.000000,inf,inf,D
47.0,V2V,flow_west_east.1,flow_west_east.0,-80.19,103.19,5.51,True,8,9.567924681800e-12,4.038659917052e-12,0.422104,0.730415,-1.36,K
48.0,V2I,BS_1,flow_south_north.0,-74.05,104.05,0.31,True,2,3.939403729440e-11,3.741102219679e-11,0.949662,18.865727,12.76,D
48.0,V2I,BS_1,flow_south_north.1,-95.48,125.48,949.75,False,1,2.831661276139e-13,2.831661276139e-13,1.000000,inf,inf,D
48.0,V2I,BS_1,flow_west_east.0,-72.44,102.44,22.52,True,4,5.699296982081e-11,4.798269073736e-11,0.841905,5.325328,7.26,D
48.0,V2I,BS_1,flow_west_east.1,-93.44,123.44,751.02,False,1,4.528559707511e-13,4.528559707511e-13,1.000000,inf,inf,D
48.0,V2V,flow_south_north.0,flow_south_north.1,-85.65,108.65,0.87,True,4,2.723158782369e-12,1.333957070954e-12,0.489857,0.960233,-0.18,K
48.0,V2V,flow_south_north.0,flow_west_east.0,-84.14,107.14,0.03,True,2,3.856314012594e-12,2.843233493167e-12,0.737293,2.806523,4.48,D
48.0,V2V,flow_south_north.0,flow_west_east.1,-99.62,122.62,683.57,False,1,1.090674762875e-13,1.090674762875e-13,1.000000,inf,inf,D
48.0,V2V,flow_south_north.1,flow_south_north.0,-85.65,108.65,0.87,True,4,2.723161051096e-12,1.333957070954e-12,0.489856,0.960231,-0.18,K
48.0,V2V,flow_south_north.1,flow_west_east.0,-98.51,121.51,601.69,False,1,1.407712231651e-13,1.407712231651e-13,1.000000,inf,inf,D
48.0,V2V,flow_south_north.1,flow_west_east.1,-97.13,120.13,513.09,False,1,1.935872005965e-13,1.935872005965e-13,1.000000,inf,inf,D
48.0,V2V,flow_west_east.0,flow_south_north.0,-84.11,107.11,0.03,True,2,3.880782301308e-12,2.843233493167e-12,0.732644,2.740337,4.38,D
48.0,V2V,flow_west_east.0,flow_south_north.1,-98.51,121.51,601.69,False,1,1.407712231651e-13,1.407712231651e-13,1.000000,inf,inf,D
48.0,V2V,flow_west_east.0,flow_west_east.1,-80.03,103.03,5.24,True,6,9.929631010545e-12,4.097297279258e-12,0.412633,0.702514,-1.53,K
48.0,V2V,flow_west_east.1,flow_south_north.0,-99.62,122.62,683.57,False,1,1.090674762875e-13,1.090674762875e-13,1.000000,inf,inf,D
48.0,V2V,flow_west_east.1,flow_south_north.1,-97.13,120.13,513.09,False,1,1.935872005965e-13,1.935872005965e-13,1.000000,inf,inf,D
48.0,V2V,flow_west_east.1,flow_west_east.0,-80.04,103.04,5.24,True,6,9.905649476000e-12,4.097297279258e-12,0.413632,0.705415,-1.52,K
49.0,V2I,BS_1,flow_south_north.1,-95.05,125.05,904.10,False,1,3.124876994272e-13,3.124876994272e-13,1.000000,inf,inf,D
49.0,V2I,BS_1,flow_west_east.0,-72.69,102.69,46.26,True,4,5.387452125177e-11,4.749242318858e-11,0.881538,7.441506,8.72,D
49.0,V2I,BS_1,flow_west_east.1,-92.96,122.96,710.42,False,1,5.061024433375e-13,5.061024433375e-13,1.000000,inf,inf,D
49.0,V2V,flow_south_north.1,flow_west_east.0,-98.43,121.43,595.87,False,1,1.435347175664e-13,1.435347175664e-13,1.000000,inf,inf,D
49.0,V2V,flow_south_north.1,flow_west_east.1,-95.92,118.92,446.13,False,1,2.560625872911e-13,2.560625872911e-13,1.000000,inf,inf,D
49.0,V2V,flow_west_east.0,flow_south_north.1,-98.43,121.43,595.87,False,1,1.435347175664e-13,1.435347175664e-13,1.000000,inf,inf,D
49.0,V2V,flow_west_east.0,flow_west_east.1,-81.04,104.04,1.39,True,4,7.872101299791e-12,4.161231359252e-12,0.528605,1.121363,0.50,D
49.0,V2V,flow_west_east.1,flow_south_north.1,-95.92,118.92,446.13,False,1,2.560625872911e-13,2.560625872911e-13,1.000000,inf,inf,D
49.0,V2V,flow_west_east.1,flow_west_east.0,-81.04,104.04,1.39,True,4,7.872545066745e-12,4.161231359252e-12,0.528575,1.121229,0.50,D
50.0,V2I,BS_1,flow_south_north.1,-94.60,124.60,858.32,False,1,3.467116563610e-13,3.467116563610e-13,1.000000,inf,inf,D
50.0,V2I,BS_1,flow_west_east.0,-72.75,102.75,0.54,True,2,5.306771385175e-11,4.593662603081e-11,0.865623,6.441742,8.09,D
50.0,V2I,BS_1,flow_west_east.1,-92.48,122.48,672.32,False,1,5.650890435451e-13,5.650890435451e-13,1.000000,inf,inf,D
50.0,V2V,flow_south_north.1,flow_west_east.0,-98.46,121.46,597.63,False,1,1.426920798761e-13,1.426920798761e-13,1.000000,inf,inf,D
50.0,V2V,flow_south_north.1,flow_west_east.1,-94.53,117.53,380.35,False,1,3.522884863945e-13,3.522884863945e-13,1.000000,inf,inf,D
50.0,V2V,flow_west_east.0,flow_south_north.1,-98.46,121.46,597.63,False,1,1.426920798761e-13,1.426920798761e-13,1.000000,inf,inf,D
50.0,V2V,flow_west_east.0,flow_west_east.1,-83.57,106.57,0.52,True,4,4.390365971814e-12,4.194890074619e-12,0.955476,21.459884,13.32,D
50.0,V2V,flow_west_east.1,flow_south_north.1,-94.53,117.53,380.35,False,1,3.522884863945e-13,3.522884863945e-13,1.000000,inf,inf,D
50.0,V2V,flow_west_east.1,flow_west_east.0,-83.57,106.57,0.52,True,4,4.390367680119e-12,4.194890074619e-12,0.955476,21.459696,13.32,D
51.0,V2I,BS_1,flow_south_north.1,-94.13,124.13,812.80,False,1,3.866335105246e-13,3.866335105246e-13,1.000000,inf,inf,D
51.0,V2I,BS_1,flow_west_east.0,-73.60,103.60,0.11,True,2,4.368722931699e-11,4.346130746957e-11,0.994829,192.373194,22.84,D
51.0,V2I,BS_1,flow_west_east.1,-91.99,121.99,635.38,False,1,6.326937928973e-13,6.326937928973e-13,1.000000,inf,inf,D
51.0,V2V,flow_south_north.1,flow_west_east.0,-98.60,121.60,607.61,False,1,1.380447768266e-13,1.380447768266e-13,1.000000,inf,inf,D
51.0,V2V,flow_south_north.1,flow_west_east.1,-99.33,122.33,0.00,True,1,1.168104438903e-13,1.168104438903e-13,1.000000,inf,inf,D
51.0,V2V,flow_west_east.0,flow_south_north.1,-98.60,121.60,607.61,False,1,1.380447768266e-13,1.380447768266e-13,1.000000,inf,inf,D
51.0,V2V,flow_west_east.0,flow_west_east.1,-80.24,103.24,1.82,True,4,9.465602177012e-12,4.218467270087e-12,0.445663,0.803956,-0.95,K
51.0,V2V,flow_west_east.1,flow_south_north.1,-99.33,122.33,0.00,True,1,1.168128234849e-13,1.168128234849e-13,1.000000,inf,inf,D
51.0,V2V,flow_west_east.1,flow_west_east.0,-80.24,103.24,1.82,True,4,9.465648606146e-12,4.218467270087e-12,0.445661,0.803949,-0.95,K
52.0,V2I,BS_1,flow_south_north.1,-93.65,123.65,769.79,False,1,4.310451595422e-13,4.310451595422e-13,1.000000,inf,inf,D
52.0,V2I,BS_1,flow_west_east.0,-73.89,103.89,0.16,True,2,4.083220973795e-11,4.035527120805e-11,0.988320,84.613150,19.27,D
52.0,V2I,BS_1,flow_west_east.1,-91.64,121.64,610.17,False,1,6.860531450635e-13,6.860531450635e-13,1.000000,inf,inf,D
52.0,V2V,flow_south_north.1,flow_west_east.0,-98.86,121.86,626.19,False,1,1.299739770112e-13,1.299739770112e-13,1.000000,inf,inf,D
52.0,V2V,flow_south_north.1,flow_west_east.1,-84.55,107.55,24.95,False,7,3.509257800429e-12,1.606466503651e-12,0.457780,0.844268,-0.74,K
52.0,V2V,flow_west_east.0,flow_south_north.1,-98.86,121.86,626.19,False,1,1.299739770112e-13,1.299739770112e-13,1.000000,inf,inf,D
52.0,V2V,flow_west_east.0,flow_west_east.1,-83.82,106.82,0.01,True,2,4.150233890162e-12,4.052772037397e-12,0.976517,41.583162,16.19,D
52.0,V2V,flow_west_east.1,flow_south_north.1,-84.55,107.55,24.97,False,7,3.509893530735e-12,1.606485886530e-12,0.457702,0.844005,-0.74,K
52.0,V2V,flow_west_east.1,flow_west_east.0,-83.82,106.82,0.01,True,2,4.150238043636e-12,4.052772037397e-12,0.976516,41.581390,16.19,D
53.0,V2I,BS_1,flow_south_north.1,-93.17,123.17,727.82,False,1,4.821940459225e-13,4.821940459225e-13,1.000000,inf,inf,D
53.0,V2I,BS_1,flow_west_east.0,-73.57,103.57,0.52,True,2,4.398106098064e-11,3.705761045247e-11,0.842581,5.352477,7.29,D
53.0,V2I,BS_1,flow_west_east.1,-91.42,121.42,594.91,False,1,7.217114087522e-13,7.217114087522e-13,1.000000,inf,inf,D
53.0,V2V,flow_south_north.1,flow_west_east.0,-99.18,122.18,649.84,False,1,1.206835004587e-13,1.206835004587e-13,1.000000,inf,inf,D
53.0,V2V,flow_south_north.1,flow_west_east.1,-72.74,95.74,13.42,True,7,5.316675461931e-11,3.781384804165e-11,0.711231,2.462976,3.91,D
53.0,V2V,flow_west_east.0,flow_south_north.1,-99.18,122.18,649.84,False,1,1.206835004587e-13,1.206835004587e-13,1.000000,inf,inf,D
53.0,V2V,flow_west_east.0,flow_west_east.1,-83.01,106.01,0.03,True,2,5.005189078056e-12,3.766223516274e-12,0.752464,3.039813,4.83,D
53.0,V2V,flow_west_east.1,flow_south_north.1,-72.74,95.74,13.42,True,7,5.326436480735e-11,3.781384804165e-11,0.709928,2.447416,3.89,D
53.0,V2V,flow_west_east.1,flow_west_east.0,-83.01,106.01,0.03,True,2,5.005254408742e-12,3.766223516274e-12,0.752454,3.039653,4.83,D
54.0,V2I,BS_1,flow_south_north.1,-92.66,122.66,686.65,False,1,5.417446930568e-13,5.417446930568e-13,1.000000,inf,inf,D
54.0,V2I,BS_1,flow_west_east.1,-91.13,121.13,575.41,False,1,7.714486169494e-13,7.714486169494e-13,1.000000,inf,inf,D
54.0,V2V,flow_south_north.1,flow_west_east.1,-68.78,91.78,9.43,True,11,1.323952686302e-10,6.836210145179e-11,0.516349,1.067605,0.28,D
54.0,V2V,flow_west_east.1,flow_south_north.1,-68.78,91.78,9.44,True,11,1.324407625313e-10,6.836210145179e-11,0.516171,1.066847,0.28,D
55.0,V2I,BS_1,flow_south_north.1,-92.14,122.14,646.32,False,1,6.114604493940e-13,6.114604493940e-13,1.000000,inf,inf,D
55.0,V2I,BS_1,flow_west_east.1,-90.77,120.77,552.47,False,1,8.368569963404e-13,8.368569963404e-13,1.000000,inf,inf,D
55.0,V2V,flow_south_north.1,flow_west_east.1,-68.04,91.04,10.65,True,6,1.569419191485e-10,1.442793500563e-10,0.919317,11.394161,10.57,D
55.0,V2V,flow_west_east.1,flow_south_north.1,-68.04,91.04,10.66,True,6,1.569438579583e-10,1.442793500563e-10,0.919305,11.392417,10.57,D
56.0,V2I,BS_1,flow_south_north.1,-91.59,121.59,606.69,False,1,6.939428285885e-13,6.939428285885e-13,1.000000,inf,inf,D
56.0,V2I,BS_1,flow_west_east.1,-90.34,120.34,525.78,False,1,9.239529162212e-13,9.239529162212e-13,1.000000,inf,inf,D
56.0,V2V,flow_south_north.1,flow_west_east.1,-76.25,99.25,8.33,False,6,2.371122151499e-11,1.443057966101e-11,0.608597,1.554912,1.92,D
56.0,V2V,flow_west_east.1,flow_south_north.1,-76.25,99.25,8.33,False,6,2.373594849402e-11,1.443054227975e-11,0.607961,1.550770,1.91,D
57.0,V2I,BS_1,flow_south_north.1,-91.03,121.03,569.02,False,1,7.888892807219e-13,7.888892807219e-13,1.000000,inf,inf,D
57.0,V2I,BS_1,flow_west_east.1,-89.86,119.86,497.41,False,1,1.032375741940e-12,1.032375741940e-12,1.000000,inf,inf,D
57.0,V2V,flow_south_north.1,flow_west_east.1,-67.25,90.25,11.31,True,8,1.884034898897e-10,1.259649218783e-10,0.668591,2.017422,3.05,D
57.0,V2V,flow_west_east.1,flow_south_north.1,-67.24,90.24,11.35,True,8,1.887501813208e-10,1.259649218783e-10,0.667363,2.006282,3.02,D
58.0,V2I,BS_1,flow_south_north.1,-90.48,120.48,534.25,False,1,8.948985560673e-13,8.948985560673e-13,1.000000,inf,inf,D
58.0,V2I,BS_1,flow_west_east.1,-90.32,120.32,15.58,True,3,9.295686169051e-13,7.241455156869e-13,0.779012,3.525142,5.47,D
58.0,V2V,flow_south_north.1,flow_west_east.1,-76.76,99.76,23.93,False,7,2.107118412267e-11,1.500713031693e-11,0.712211,2.474769,3.94,D
58.0,V2V,flow_west_east.1,flow_south_north.1,-76.77,99.77,23.92,True,7,2.105949407124e-11,1.500687280154e-11,0.712594,2.479401,3.94,D
59.0,V2I,BS_1,flow_south_north.1,-89.95,119.95,502.30,False,1,1.012367439290e-12,1.012367439290e-12,1.000000,inf,inf,D
59.0,V2I,BS_1,flow_west_east.1,-82.54,112.54,0.05,True,2,5.571631288559e-12,5.563003183107e-12,0.998451,644.753731,28.09,D
59.0,V2V,flow_south_north.1,flow_west_east.1,-94.38,117.38,3.17,True,2,3.650067590670e-13,2.408456395712e-13,0.659839,1.939783,2.88,D
59.0,V2V,flow_west_east.1,flow_south_north.1,-94.38,117.38,3.17,True,2,3.650041739621e-13,2.408447958968e-13,0.659841,1.939803,2.88,D
60.0,V2I,BS_1,flow_south_north.1,-100.00,130.00,0.00,True,1,1.000307150480e-13,1.000307150480e-13,1.000000,inf,inf,D
60.0,V2I,BS_1,flow_west_east.1,-73.35,103.35,0.79,True,4,4.621188329022e-11,4.317963694933e-11,0.934384,14.240148,11.54,D
60.0,V2I,BS_1,flow_west_east.2,-96.67,126.67,1089.43,False,1,2.152126351842e-13,2.152126351842e-13,1.000000,inf,inf,D
60.0,V2V,flow_south_north.1,flow_west_east.1,-92.46,115.46,299.80,False,1,5.670196533605e-13,5.670196533605e-13,1.000000,inf,inf,D
60.0,V2V,flow_south_north.1,flow_west_east.2,-98.96,121.96,633.39,False,1,1.270343973353e-13,1.270343973353e-13,1.000000,inf,inf,D
60.0,V2V,flow_west_east.1,flow_south_north.1,-92.46,115.46,299.80,False,1,5.670196533605e-13,5.670196533605e-13,1.000000,inf,inf,D
60.0,V2V,flow_west_east.1,flow_west_east.2,-84.08,107.08,1.09,True,4,3.910321300414e-12,2.113808340592e-12,0.540572,1.176617,0.71,D
60.0,V2V,flow_west_east.2,flow_south_north.1,-98.96,121.96,633.39,False,1,1.270343973353e-13,1.270343973353e-13,1.000000,inf,inf,D
60.0,V2V,flow_west_east.2,flow_west_east.1,-84.08,107.08,1.09,True,4,3.910290744257e-12,2.113808340592e-12,0.540576,1.176637,0.71,D
61.0,V2I,BS_1,flow_south_north.1,-81.98,111.98,0.48,True,2,6.335463620735e-12,5.305669098510e-12,0.837456,5.152163,7.12,D
61.0,V2I,BS_1,flow_west_east.1,-72.39,102.39,16.64,True,4,5.767138958231e-11,4.587890484187e-11,0.795523,3.890521,5.90,D
61.0,V2I,BS_1,flow_west_east.2,-96.35,126.35,1049.77,False,1,2.317779054236e-13,2.317779054236e-13,1.000000,inf,inf,D
61.0,V2V,flow_south_north.1,flow_west_east.1,-94.24,117.24,367.72,False,1,3.768962019495e-13,3.768962019495e-13,1.000000,inf,inf,D
61.0,V2V,flow_south_north.1,flow_west_east.2,-98.59,121.59,606.59,False,1,1.385071261008e-13,1.385071261008e-13,1.000000,inf,inf,D
61.0,V2V,flow_west_east.1,flow_south_north.1,-94.24,117.24,367.72,False,1,3.768962019495e-13,3.768962019495e-13,1.000000,inf,inf,D
61.0,V2V,flow_west_east.1,flow_west_east.2,-82.67,105.67,1.03,True,4,5.413122445760e-12,2.085035495204e-12,0.385182,0.626497,-2.03,K
61.0,V2V,flow_west_east.2,flow_south_north.1,-98.59,121.59,606.59,False,1,1.385071261008e-13,1.385071261008e-13,1.000000,inf,inf,D
61.0,V2V,flow_west_east.2,flow_west_east.1,-82.69,105.69,1.03,True,4,5.385102785300e-12,2.085035495204e-12,0.387186,0.631816,-1.99,K
62.0,V2I,BS_1,flow_south_north.1,-71.55,101.55,4.96,True,4,6.996249976923e-11,4.410299209168e-11,0.630380,1.705485,2.32,D
62.0,V2I,BS_1,flow_west_east.1,-72.21,102.21,37.72,True,4,6.008032433171e-11,4.754392712858e-11,0.791339,3.792471,5.79,D
62.0,V2I,BS_1,flow_west_east.2,-96.00,126.00,1008.32,False,1,2.512281238645e-13,2.512281238645e-13,1.000000,inf,inf,D
62.0,V2V,flow_south_north.1,flow_west_east.1,-95.71,118.71,435.86,False,1,2.682690055491e-13,2.682690055491e-13,1.000000,inf,inf,D
62.0,V2V,flow_south_north.1,flow_west_east.2,-98.26,121.26,583.99,False,1,1.494354564292e-13,1.494354564292e-13,1.000000,inf,inf,D
62.0,V2V,flow_west_east.1,flow_south_north.1,-95.71,118.71,435.86,False,1,2.682690055491e-13,2.682690055491e-13,1.000000,inf,inf,D
62.0,V2V,flow_west_east.1,flow_west_east.2,-83.99,106.99,1.12,True,4,3.993736666377e-12,2.070086276776e-12,0.518333,1.076124,0.32,D
62.0,V2V,flow_west_east.2,flow_south_north.1,-98.26,121.26,583.99,False,1,1.494354564292e-13,1.494354564292e-13,1.000000,inf,inf,D
62.0,V2V,flow_west_east.2,flow_west_east.1,-83.99,106.99,1.12,True,4,3.993720139011e-12,2.070086276776e-12,0.518335,1.076133,0.32,D
63.0,V2I,BS_1,flow_south_north.1,-72.93,102.93,10.89,True,4,5.087574280046e-11,4.741254264196e-11,0.931928,13.690385,11.36,D
63.0,V2I,BS_1,flow_west_east.1,-72.46,102.46,23.65,True,4,5.675240984625e-11,4.796560718057e-11,0.845173,5.458824,7.37,D
63.0,V2I,BS_1,flow_west_east.2,-95.63,125.63,966.57,False,1,2.734022235294e-13,2.734022235294e-13,1.000000,inf,inf,D
63.0,V2V,flow_south_north.1,flow_west_east.1,-96.97,119.97,503.78,False,1,2.008085159813e-13,2.008085159813e-13,1.000000,inf,inf,D
63.0,V2V,flow_south_north.1,flow_west_east.2,-98.01,121.01,567.94,False,1,1.580012219992e-13,1.580012219992e-13,1.000000,inf,inf,D
63.0,V2V,flow_west_east.1,flow_south_north.1,-96.97,119.97,503.78,False,1,2.008085159813e-13,2.008085159813e-13,1.000000,inf,inf,D
63.0,V2V,flow_west_east.1,flow_west_east.2,-82.84,105.84,3.89,True,6,5.199819228153e-12,2.062127009058e-12,0.396577,0.657211,-1.82,K
63.0,V2V,flow_west_east.2,flow_south_north.1,-98.01,121.01,567.94,False,1,1.580012219992e-13,1.580012219992e-13,1.000000,inf,inf,D
63.0,V2V,flow_west_east.2,flow_west_east.1,-82.81,105.81,3.89,True,6,5.232357673690e-12,2.062127009058e-12,0.394110,0.650466,-1.87,K
64.0,V2I,BS_1,flow_south_north.1,-72.56,102.56,25.85,True,4,5.545318152963e-11,4.971674807952e-11,0.896554,8.666840,9.38,D
64.0,V2I,BS_1,flow_west_east.1,-72.62,102.62,18.29,True,4,5.474884312725e-11,4.706937964394e-11,0.859733,6.129254,7.87,D
64.0,V2I,BS_1,flow_west_east.2,-95.24,125.24,923.74,False,1,2.993399845477e-13,2.993399845477e-13,1.000000,inf,inf,D
64.0,V2V,flow_south_north.1,flow_west_east.1,-98.10,121.10,573.75,False,1,1.548183479628e-13,1.548183479628e-13,1.000000,inf,inf,D
64.0,V2V,flow_south_north.1,flow_west_east.2,-97.88,120.88,559.11,False,1,1.630284237133e-13,1.630284237133e-13,1.000000,inf,inf,D
64.0,V2V,flow_west_east.1,flow_south_north.1,-98.10,121.10,573.75,False,1,1.548183479628e-13,1.548183479628e-13,1.000000,inf,inf,D
64.0,V2V,flow_west_east.1,flow_west_east.2,-84.65,107.65,0.03,True,2,3.428173907086e-12,2.055142596313e-12,0.599486,1.496792,1.75,D
64.0,V2V,flow_west_east.2,flow_south_north.1,-97.88,120.88,559.11,False,1,1.630284237133e-13,1.630284237133e-13,1.000000,inf,inf,D
64.0,V2V,flow_west_east.2,flow_west_east.1,-84.65,107.65,0.03,True,2,3.428177281783e-12,2.055142596313e-12,0.599486,1.496789,1.75,D
65.0,V2I,BS_1,flow_south_north.1,-72.62,102.62,23.38,True,4,5.468257986176e-11,5.055060883774e-11,0.924437,12.234018,10.88,D
65.0,V2I,BS_1,flow_south_north.2,-96.64,126.64,1085.50,False,1,2.167711963146e-13,2.167711963146e-13,1.000000,inf,inf,D
65.0,V2I,BS_1,flow_west_east.1,-72.87,102.87,0.52,True,2,5.159421067463e-11,4.502749215152e-11,0.872724,6.856924,8.36,D
65.0,V2I,BS_1,flow_west_east.2,-94.85,124.85,882.96,False,1,3.276273773176e-13,3.276273773176e-13,1.000000,inf,inf,D
65.0,V2V,flow_south_north.1,flow_south_north.2,-83.42,106.42,1.11,True,4,4.554953528948e-12,1.579560990974e-12,0.346779,0.530875,-2.75,K
65.0,V2V,flow_south_north.1,flow_west_east.1,-99.10,122.10,643.49,False,1,1.230771029318e-13,1.230771029318e-13,1.000000,inf,inf,D
65.0,V2V,flow_south_north.1,flow_west_east.2,-97.90,120.90,560.69,False,1,1.621117338985e-13,1.621117338985e-13,1.000000,inf,inf,D
65.0,V2V,flow_south_north.2,flow_south_north.1,-83.41,106.41,1.11,True,4,4.558020956068e-12,1.579560990974e-12,0.346545,0.530328,-2.75,K
65.0,V2V,flow_south_north.2,flow_west_east.1,-85.60,108.60,0.01,True,2,2.751930809771e-12,2.618823193693e-12,0.951631,19.674480,12.94,D
65.0,V2V,flow_south_north.2,flow_west_east.2,-82.53,105.53,0.03,True,2,5.588547797137e-12,3.125993872891e-12,0.559357,1.269411,1.04,D
65.0,V2V,flow_west_east.1,flow_south_north.1,-99.10,122.10,643.49,False,1,1.230771029318e-13,1.230771029318e-13,1.000000,inf,inf,D
65.0,V2V,flow_west_east.1,flow_south_north.2,-85.62,108.62,0.01,True,2,2.741396420589e-12,2.618823193693e-12,0.955288,21.365377,13.30,D
65.0,V2V,flow_west_east.1,flow_west_east.2,-82.78,105.78,0.86,True,4,5.272765213833e-12,2.045269269302e-12,0.387893,0.633702,-1.98,K
65.0,V2V,flow_west_east.2,flow_south_north.1,-97.90,120.90,560.69,False,1,1.621117338985e-13,1.621117338985e-13,1.000000,inf,inf,D
65.0,V2V,flow_west_east.2,flow_south_north.2,-82.53,105.53,0.03,True,2,5.588596254334e-12,3.125993872891e-12,0.559352,1.269386,1.04,D
65.0,V2V,flow_west_east.2,flow_west_east.1,-82.78,105.78,0.86,True,4,5.272779713135e-12,2.045269269302e-12,0.387892,0.633699,-1.98,K
66.0,V2I,BS_1,flow_south_north.1,-72.71,102.71,38.37,True,4,5.355896766211e-11,4.971779932195e-11,0.928282,12.943405,11.12,D
66.0,V2I,BS_1,flow_south_north.2,-96.29,126.29,1042.41,False,1,2.350658170850e-13,2.350658170850e-13,1.000000,inf,inf,D
66.0,V2I,BS_1,flow_west_east.1,-73.29,103.29,0.46,True,2,4.691597067438e-11,4.209885218209e-11,0.897325,8.739426,9.41,D
66.0,V2I,BS_1,flow_west_east.2,-94.44,124.44,842.41,False,1,3.599332951960e-13,3.599332951960e-13,1.000000,inf,inf,D
66.0,V2V,flow_south_north.1,flow_south_north.2,-84.43,107.43,1.40,True,4,3.607232171881e-12,1.563617188571e-12,0.433467,0.765123,-1.16,K
66.0,V2V,flow_south_north.1,flow_west_east.1,-82.40,105.40,0.03,True,2,5.760914547527e-12,3.160966470550e-12,0.548692,1.215781,0.85,D
66.0,V2V,flow_south_north.1,flow_west_east.2,-98.05,121.05,570.37,False,1,1.566584789331e-13,1.566584789331e-13,1.000000,inf,inf,D
66.0,V2V,flow_south_north.2,flow_south_north.1,-84.43,107.43,1.40,True,4,3.607225127741e-12,1.563617188571e-12,0.433468,0.765126,-1.16,K
66.0,V2V,flow_south_north.2,flow_west_east.1,-85.54,108.54,0.01,True,2,2.789933875121e-12,2.633719109205e-12,0.944008,16.859604,12.27,D
66.0,V2V,flow_south_north.2,flow_west_east.2,-99.23,122.23,653.64,False,1,1.192849791129e-13,1.192849791129e-13,1.000000,inf,inf,D
66.0,V2V,flow_west_east.1,flow_south_north.1,-82.40,105.40,0.03,True,2,5.760892568727e-12,3.160966470550e-12,0.548694,1.215791,0.85,D
66.0,V2V,flow_west_east.1,flow_south_north.2,-85.54,108.54,0.01,True,2,2.789934037366e-12,2.633719109205e-12,0.944008,16.859587,12.27,D
66.0,V2V,flow_west_east.1,flow_west_east.2,-82.39,105.39,1.46,True,4,5.768434931486e-12,2.035466897472e-12,0.352863,0.545268,-2.63,K
66.0,V2V,flow_west_east.2,flow_south_north.1,-98.05,121.05,570.37,False,1,1.566584789331e-13,1.566584789331e-13,1.000000,inf,inf,D
66.0,V2V,flow_west_east.2,flow_south_north.2,-99.23,122.23,653.64,False,1,1.192849791129e-13,1.192849791129e-13,1.000000,inf,inf,D
66.0,V2V,flow_west_east.2,flow_west_east.1,-82.37,105.37,1.46,True,4,5.797942076474e-12,2.035466897472e-12,0.351067,0.540991,-2.67,K
67.0,V2I,BS_1,flow_south_north.1,-73.15,103.15,0.23,True,2,4.840749513475e-11,4.740108999757e-11,0.979210,47.099412,16.73,D
67.0,V2I,BS_1,flow_south_north.2,-95.86,125.86,992.41,False,1,2.593477884653e-13,2.593477884653e-13,1.000000,inf,inf,D
67.0,V2I,BS_1,flow_west_east.1,-73.96,103.96,0.28,True,2,4.017687105316e-11,3.866161904509e-11,0.962285,25.514976,14.07,D
67.0,V2I,BS_1,flow_west_east.2,-94.02,124.02,802.76,False,1,3.963600398897e-13,3.963600398897e-13,1.000000,inf,inf,D
67.0,V2V,flow_south_north.1,flow_south_north.2,-86.25,109.25,0.02,True,2,2.368833897319e-12,1.573216386294e-12,0.664131,1.977353,2.96,D
67.0,V2V,flow_south_north.1,flow_west_east.1,-85.60,108.60,0.01,True,2,2.756242570126e-12,2.622939632604e-12,0.951636,19.676533,12.94,D
67.0,V2V,flow_south_north.1,flow_west_east.2,-98.31,121.31,587.95,False,1,1.474274905089e-13,1.474274905089e-13,1.000000,inf,inf,D
67.0,V2V,flow_south_north.2,flow_south_north.1,-86.25,109.25,0.02,True,2,2.368833291604e-12,1.573216386294e-12,0.664131,1.977354,2.96,D
67.0,V2V,flow_south_north.2,flow_west_east.1,-85.47,108.47,0.02,True,2,2.839079889316e-12,2.645470671795e-12,0.931806,13.663971,11.36,D
67.0,V2V,flow_south_north.2,flow_west_east.2,-98.25,121.25,583.49,False,1,1.496903404009e-13,1.496903404009e-13,1.000000,inf,inf,D
67.0,V2V,flow_west_east.1,flow_south_north.1,-85.60,108.60,0.01,True,2,2.756241423594e-12,2.622939632604e-12,0.951636,19.676702,12.94,D
67.0,V2V,flow_west_east.1,flow_south_north.2,-85.47,108.47,0.02,True,2,2.839078245233e-12,2.645470671795e-12,0.931806,13.664087,11.36,D
67.0,V2V,flow_west_east.1,flow_west_east.2,-84.30,107.30,0.72,True,4,3.712154225145e-12,2.024977644871e-12,0.545499,1.200217,0.79,D
67.0,V2V,flow_west_east.2,flow_south_north.1,-98.31,121.31,587.95,False,1,1.474274905089e-13,1.474274905089e-13,1.000000,inf,inf,D
67.0,V2V,flow_west_east.2,flow_south_north.2,-98.25,121.25,583.49,False,1,1.496903404009e-13,1.496903404009e-13,1.000000,inf,inf,D
67.0,V2V,flow_west_east.2,flow_west_east.1,-84.29,107.29,0.72,True,4,3.725850094920e-12,2.024977644871e-12,0.543494,1.190552,0.76,D
68.0,V2I,BS_1,flow_south_north.1,-72.99,102.99,0.51,True,2,5.019197210632e-11,4.403662157149e-11,0.877364,7.154202,8.55,D
68.0,V2I,BS_1,flow_south_north.2,-95.41,125.41,942.20,False,1,2.877247881116e-13,2.877247881116e-13,1.000000,inf,inf,D
68.0,V2I,BS_1,flow_west_east.2,-93.58,123.58,763.49,False,1,4.381829066080e-13,4.381829066080e-13,1.000000,inf,inf,D
68.0,V2V,flow_south_north.1,flow_south_north.2,-83.52,106.52,1.22,True,4,4.443827244097e-12,1.587204248540e-12,0.357171,0.555623,-2.55,K
68.0,V2V,flow_south_north.1,flow_west_east.2,-98.66,121.66,612.08,False,1,1.360333264613e-13,1.360333264613e-13,1.000000,inf,inf,D
68.0,V2V,flow_south_north.2,flow_south_north.1,-83.52,106.52,1.22,True,4,4.443834772269e-12,1.587204248540e-12,0.357170,0.555621,-2.55,K
68.0,V2V,flow_south_north.2,flow_west_east.2,-97.13,120.13,512.74,False,1,1.938502747021e-13,1.938502747021e-13,1.000000,inf,inf,D
68.0,V2V,flow_west_east.2,flow_south_north.1,-98.66,121.66,612.08,False,1,1.360333264613e-13,1.360333264613e-13,1.000000,inf,inf,D
68.0,V2V,flow_west_east.2,flow_south_north.2,-97.13,120.13,512.74,False,1,1.938502747021e-13,1.938502747021e-13,1.000000,inf,inf,D
69.0,V2I,BS_1,flow_south_north.1,-73.29,103.29,0.52,True,2,4.686698425183e-11,4.002057019115e-11,0.853918,5.845479,7.67,D
69.0,V2I,BS_1,flow_south_north.2,-94.96,124.96,894.30,False,1,3.193705060204e-13,3.193705060204e-13,1.000000,inf,inf,D
69.0,V2I,BS_1,flow_west_east.2,-93.13,123.13,724.92,False,1,4.860594083779e-13,4.860594083779e-13,1.000000,inf,inf,D
69.0,V2V,flow_south_north.1,flow_south_north.2,-85.63,108.63,0.48,True,4,2.737902935184e-12,1.593316258673e-12,0.581948,1.392045,1.44,D
69.0,V2V,flow_south_north.1,flow_west_east.2,-99.09,122.09,643.17,False,1,1.232024077903e-13,1.232024077903e-13,1.000000,inf,inf,D
69.0,V2V,flow_south_north.2,flow_south_north.1,-85.58,108.58,0.48,True,4,2.766018820497e-12,1.593316258673e-12,0.576032,1.358670,1.33,D
69.0,V2V,flow_south_north.2,flow_west_east.2,-95.88,118.88,444.01,False,1,2.585123110810e-13,2.585123110810e-13,1.000000,inf,inf,D
69.0,V2V,flow_west_east.2,flow_south_north.1,-99.09,122.09,643.17,False,1,1.232024077903e-13,1.232024077903e-13,1.000000,inf,inf,D
69.0,V2V,flow_west_east.2,flow_south_north.2,-95.88,118.88,444.01,False,1,2.585123110810e-13,2.585123110810e-13,1.000000,inf,inf,D
70.0,V2I,BS_1,flow_south_north.2,-94.48,124.48,846.80,False,1,3.562043541979e-13,3.562043541979e-13,1.000000,inf,inf,D
70.0,V2I,BS_1,flow_west_east.2,-92.67,122.67,687.02,False,1,5.411638913242e-13,5.411638913242e-13,1.000000,inf,inf,D
70.0,V2V,flow_south_north.2,flow_west_east.2,-94.42,117.42,375.54,False,1,3.613653695637e-13,3.613653695637e-13,1.000000,inf,inf,D
70.0,V2V,flow_west_east.2,flow_south_north.2,-94.42,117.42,375.54,False,1,3.613653695637e-13,3.613653695637e-13,1.000000,inf,inf,D
71.0,V2I,BS_1,flow_south_north.2,-93.98,123.98,799.16,False,1,3.999401476704e-13,3.999401476704e-13,1.000000,inf,inf,D
71.0,V2I,BS_1,flow_west_east.2,-92.19,122.19,650.30,False,1,6.040036880972e-13,6.040036880972e-13,1.000000,inf,inf,D
71.0,V2V,flow_south_north.2,flow_west_east.2,-92.68,115.68,307.24,False,1,5.399002282261e-13,5.399002282261e-13,1.000000,inf,inf,D
71.0,V2V,flow_west_east.2,flow_south_north.2,-92.68,115.68,307.24,False,1,5.399002282261e-13,5.399002282261e-13,1.000000,inf,inf,D
72.0,V2I,BS_1,flow_south_north.2,-93.46,123.46,752.88,False,1,4.506279091619e-13,4.506279091619e-13,1.000000,inf,inf,D
72.0,V2I,BS_1,flow_west_east.2,-91.78,121.78,620.36,False,1,6.637010143662e-13,6.637010143662e-13,1.000000,inf,inf,D
72.0,V2V,flow_south_north.2,flow_west_east.2,-88.12,111.12,19.20,True,4,1.543068210994e-12,1.212888234524e-12,0.786024,3.673415,5.65,D
72.0,V2V,flow_west_east.2,flow_south_north.2,-88.12,111.12,19.20,True,4,1.543098380467e-12,1.212912376592e-12,0.786024,3.673422,5.65,D
73.0,V2I,BS_1,flow_south_north.2,-92.92,122.92,707.68,False,1,5.100193629408e-13,5.100193629408e-13,1.000000,inf,inf,D
73.0,V2I,BS_1,flow_west_east.2,-91.51,121.51,601.10,False,1,7.069295278143e-13,7.069295278143e-13,1.000000,inf,inf,D
73.0,V2V,flow_south_north.2,flow_west_east.2,-70.73,93.73,11.23,True,7,8.459943554454e-11,4.733884395121e-11,0.559565,1.270480,1.04,D
73.0,V2V,flow_west_east.2,flow_south_north.2,-70.73,93.73,11.23,True,7,8.460095140033e-11,4.733884395121e-11,0.559555,1.270429,1.04,D
74.0,V2I,BS_1,flow_south_north.2,-92.36,122.36,663.33,False,1,5.805053050508e-13,5.805053050508e-13,1.000000,inf,inf,D
74.0,V2I,BS_1,flow_west_east.2,-91.36,121.36,591.30,False,1,7.305579276260e-13,7.305579276260e-13,1.000000,inf,inf,D
74.0,V2V,flow_south_north.2,flow_west_east.2,-68.42,91.42,9.33,True,7,1.437982380131e-10,9.801508737446e-11,0.681615,2.140855,3.31,D
74.0,V2V,flow_west_east.2,flow_south_north.2,-68.42,91.42,9.33,True,7,1.438007407090e-10,9.801508737446e-11,0.681603,2.140738,3.31,D
75.0,V2I,BS_1,flow_south_north.2,-91.79,121.79,620.71,False,1,6.629527824135e-13,6.629527824135e-13,1.000000,inf,inf,D
75.0,V2I,BS_1,flow_west_east.2,-91.35,121.35,590.24,False,1,7.331742332777e-13,7.331742332777e-13,1.000000,inf,inf,D
75.0,V2V,flow_south_north.2,flow_west_east.2,-64.93,87.93,5.86,True,4,3.213183151142e-10,2.792445733119e-10,0.869059,6.637027,8.22,D
75.0,V2V,flow_west_east.2,flow_south_north.2,-64.93,87.93,5.85,True,4,3.212683225160e-10,2.792445733119e-10,0.869194,6.644923,8.22,D
76.0,V2I,BS_1,flow_south_north.2,-91.20,121.20,580.11,False,1,7.590089139174e-13,7.590089139174e-13,1.000000,inf,inf,D
76.0,V2I,BS_1,flow_west_east.2,-91.35,121.35,590.05,False,1,7.336509658182e-13,7.336509658182e-13,1.000000,inf,inf,D
76.0,V2V,flow_south_north.2,flow_west_east.2,-58.31,81.31,0.22,True,2,1.475702984590e-09,1.443117227869e-09,0.977918,44.286749,16.46,D
76.0,V2V,flow_west_east.2,flow_south_north.2,-58.31,81.31,0.22,True,2,1.475703795902e-09,1.443117227869e-09,0.977918,44.285646,16.46,D
77.0,V2I,BS_1,flow_south_north.2,-90.61,120.61,541.87,False,1,8.699239282647e-13,8.699239282647e-13,1.000000,inf,inf,D
77.0,V2I,BS_1,flow_west_east.2,-91.26,121.26,583.99,False,1,7.489539287660e-13,7.489539287660e-13,1.000000,inf,inf,D
77.0,V2V,flow_south_north.2,flow_west_east.2,-60.61,83.61,0.28,True,2,8.694520512905e-10,8.103379588705e-10,0.932010,13.708033,11.37,D
77.0,V2V,flow_west_east.2,flow_south_north.2,-60.61,83.61,0.28,True,2,8.694542609387e-10,8.103379588705e-10,0.932008,13.707521,11.37,D
78.0,V2I,BS_1,flow_south_north.2,-90.03,120.03,507.33,False,1,9.923769870450e-13,9.923769870450e-13,1.000000,inf,inf,D
78.0,V2I,BS_1,flow_west_east.2,-91.08,121.08,572.24,False,1,7.800238876744e-13,7.800238876744e-13,1.000000,inf,inf,D
78.0,V2V,flow_south_north.2,flow_west_east.2,-65.61,88.61,8.08,True,6,2.745866758582e-10,1.873757303872e-10,0.682392,2.148535,3.32,D
78.0,V2V,flow_west_east.2,flow_south_north.2,-65.61,88.61,8.08,True,6,2.745944659151e-10,1.873757303872e-10,0.682373,2.148343,3.32,D
79.0,V2I,BS_1,flow_south_north.2,-99.95,129.95,0.00,True,1,1.011440077200e-13,1.011440077200e-13,1.000000,inf,inf,D
79.0,V2I,BS_1,flow_west_east.2,-90.82,120.82,555.13,False,1,8.288367933564e-13,8.288367933564e-13,1.000000,inf,inf,D
79.0,V2V,flow_south_north.2,flow_west_east.2,-68.88,91.88,11.41,True,6,1.295539617379e-10,7.333162239835e-11,0.566031,1.304315,1.15,D
79.0,V2V,flow_west_east.2,flow_south_north.2,-68.87,91.87,11.42,True,6,1.296034042232e-10,7.333162239835e-11,0.565816,1.303169,1.15,D
80.0,V2I,BS_1,flow_south_north.2,-81.73,111.73,8.81,True,4,6.713875185780e-12,5.302942980567e-12,0.789848,3.758468,5.75,D
80.0,V2I,BS_1,flow_west_east.2,-90.48,120.48,533.89,False,1,8.961068278601e-13,8.961068278601e-13,1.000000,inf,inf,D
80.0,V2V,flow_south_north.2,flow_west_east.2,-77.82,100.82,24.92,True,11,1.653023577428e-11,9.939774289033e-12,0.601309,1.508206,1.78,D
80.0,V2V,flow_west_east.2,flow_south_north.2,-77.81,100.81,24.90,False,11,1.656929065014e-11,9.939918968379e-12,0.599900,1.499376,1.76,D
81.0,V2I,BS_1,flow_south_north.2,-71.97,101.97,5.97,True,4,6.349984372957e-11,4.431073563627e-11,0.697809,2.309161,3.63,D
81.0,V2I,BS_1,flow_west_east.2,-90.08,120.08,510.17,False,1,9.813833391118e-13,9.813833391118e-13,1.000000,inf,inf,D
81.0,V2V,flow_south_north.2,flow_west_east.2,-94.88,117.88,16.76,True,2,3.251207800712e-13,2.504555454701e-13,0.770346,3.354380,5.26,D
81.0,V2V,flow_west_east.2,flow_south_north.2,-94.89,117.89,16.72,True,2,3.244796037386e-13,2.504582711874e-13,0.771877,3.383596,5.29,D
82.0,V2I,BS_1,flow_south_north.2,-72.73,102.73,10.13,True,4,5.333959961001e-11,4.779944148825e-11,0.896134,8.627812,9.36,D
82.0,V2I,BS_1,flow_west_east.2,-99.77,129.77,0.00,True,1,1.053440104246e-13,1.053440104246e-13,1.000000,inf,inf,D
82.0,V2V,flow_south_north.2,flow_west_east.2,-93.52,116.52,338.64,False,1,4.444096196564e-13,4.444096196564e-13,1.000000,inf,inf,D
82.0,V2V,flow_west_east.2,flow_south_north.2,-93.52,116.52,338.64,False,1,4.444096196564e-13,4.444096196564e-13,1.000000,inf,inf,D
83.0,V2I,BS_1,flow_south_north.2,-72.30,102.30,22.93,True,4,5.881741903420e-11,5.000651628895e-11,0.850199,5.675527,7.54,D
83.0,V2I,BS_1,flow_west_east.2,-90.81,120.81,0.40,True,2,8.293790323575e-13,7.086704812385e-13,0.854459,5.870922,7.69,D
83.0,V2V,flow_south_north.2,flow_west_east.2,-95.14,118.14,407.88,False,1,3.063343011998e-13,3.063343011998e-13,1.000000,inf,inf,D
83.0,V2V,flow_west_east.2,flow_south_north.2,-95.14,118.14,407.88,False,1,3.063343011998e-13,3.063343011998e-13,1.000000,inf,inf,D
84.0,V2I,BS_1,flow_south_north.2,-72.59,102.59,22.67,True,4,5.513173131997e-11,5.050897547432e-11,0.916151,10.926161,10.38,D
84.0,V2I,BS_1,flow_west_east.2,-73.81,103.81,0.09,True,2,4.160275081247e-11,4.145844431647e-11,0.996531,287.294373,24.58,D
84.0,V2V,flow_south_north.2,flow_west_east.2,-96.50,119.50,477.02,False,1,2.239724216334e-13,2.239724216334e-13,1.000000,inf,inf,D
84.0,V2V,flow_west_east.2,flow_south_north.2,-96.50,119.50,477.02,False,1,2.239724216334e-13,2.239724216334e-13,1.000000,inf,inf,D
85.0,V2I,BS_1,flow_south_north.2,-72.56,102.56,0.52,True,2,5.543569813263e-11,4.925191504634e-11,0.888451,7.964690,9.01,D
85.0,V2I,BS_1,flow_west_east.2,-72.63,102.63,14.24,True,4,5.454690190742e-11,4.434252964813e-11,0.812925,4.345444,6.38,D
85.0,V2V,flow_south_north.2,flow_west_east.2,-97.67,120.67,545.81,False,1,1.710724207302e-13,1.710724207302e-13,1.000000,inf,inf,D
85.0,V2V,flow_west_east.2,flow_south_north.2,-97.67,120.67,545.81,False,1,1.710724207302e-13,1.710724207302e-13,1.000000,inf,inf,D
86.0,V2I,BS_1,flow_south_north.2,-73.32,103.32,0.05,True,2,4.650600867948e-11,4.645123174996e-11,0.998822,848.007221,29.28,D
86.0,V2I,BS_1,flow_west_east.2,-72.35,102.35,27.81,True,4,5.827730426055e-11,4.654117369274e-11,0.798616,3.965632,5.98,D
86.0,V2V,flow_south_north.2,flow_west_east.2,-98.71,121.71,615.27,False,1,1.346259015410e-13,1.346259015410e-13,1.000000,inf,inf,D
86.0,V2V,flow_west_east.2,flow_south_north.2,-98.71,121.71,615.27,False,1,1.346259015410e-13,1.346259015410e-13,1.000000,inf,inf,D
87.0,V2I,BS_1,flow_south_north.2,-73.34,103.34,0.41,True,2,4.635997098365e-11,4.266227301986e-11,0.920239,11.537522,10.62,D
87.0,V2I,BS_1,flow_west_east.2,-72.14,102.14,37.40,True,4,6.110523675593e-11,4.778584125620e-11,0.782025,3.587688,5.55,D
87.0,V2V,flow_south_north.2,flow_west_east.2,-99.64,122.64,684.57,False,1,1.087488496464e-13,1.087488496464e-13,1.000000,inf,inf,D
87.0,V2V,flow_west_east.2,flow_south_north.2,-99.64,122.64,684.57,False,1,1.087488496464e-13,1.087488496464e-13,1.000000,inf,inf,D
88.0,V2I,BS_1,flow_south_north.2,-74.01,104.01,0.26,True,2,3.972010730307e-11,3.838353593300e-11,0.966350,28.717910,14.58,D
88.0,V2I,BS_1,flow_west_east.2,-72.06,102.06,47.16,True,4,6.223069065267e-11,4.785971272070e-11,0.769069,3.330303,5.22,D
88.0,V2V,flow_south_north.2,flow_west_east.2,-84.25,107.25,0.03,True,2,3.758290467362e-12,2.823911531867e-12,0.751382,3.022234,4.80,D
88.0,V2V,flow_west_east.2,flow_south_north.2,-84.25,107.25,0.03,True,2,3.758306908196e-12,2.823911531867e-12,0.751379,3.022181,4.80,D
89.0,V2I,BS_1,flow_west_east.2,-72.82,102.82,25.60,True,4,5.228269528331e-11,4.676410300664e-11,0.894447,8.473919,9.28,D
90.0,V2I,BS_1,flow_west_east.2,-73.33,103.33,0.30,True,2,4.639861650273e-11,4.458753158354e-11,0.960967,24.619239,13.91,D
91.0,V2I,BS_1,flow_west_east.2,-73.39,103.39,0.43,True,2,4.578812936445e-11,4.168385081549e-11,0.910364,10.156194,10.07,D
92.0,V2I,BS_1,flow_west_east.2,-74.03,104.03,0.24,True,2,3.953955348898e-11,3.839247322834e-11,0.970989,33.469736,15.25,D
