timestamp,link_type,tx_id,rx_id,received_power,path_loss,delay_spread,is_line_of_sight
0.0,V2I,BS_1,vehicle_0,-84.93,114.93,1585.68,True
1.0,V2I,BS_1,vehicle_0,-84.66,114.66,1537.09,True
2.0,V2I,BS_1,vehicle_0,-84.38,114.38,1487.71,True
3.0,V2I,BS_1,vehicle_0,-84.07,114.07,1435.89,True
4.0,V2I,BS_1,vehicle_0,-83.76,113.76,1386.13,True
5.0,V2I,BS_1,vehicle_0,-83.45,113.45,1337.06,True
5.0,V2I,BS_1,vehicle_1,-84.03,114.03,1429.04,True
5.0,V2I,BS_1,vehicle_2,-81.95,111.95,1124.45,True
5.0,V2V,vehicle_0,vehicle_1,-67.85,90.85,99.10,True
5.0,V2V,vehicle_0,vehicle_2,-75.32,98.32,234.23,True
5.0,V2V,vehicle_1,vehicle_0,-67.85,90.85,99.10,True
5.0,V2V,vehicle_1,vehicle_2,-78.38,101.38,333.33,True
5.0,V2V,vehicle_2,vehicle_0,-75.32,98.32,234.23,True
5.0,V2V,vehicle_2,vehicle_1,-78.38,101.38,333.33,True
6.0,V2I,BS_1,vehicle_0,-83.13,113.13,1288.90,True
6.0,V2I,BS_1,vehicle_1,-83.73,113.73,1381.52,True
6.0,V2I,BS_1,vehicle_2,-81.56,111.56,1075.51,True
6.0,V2V,vehicle_0,vehicle_1,-67.96,90.96,100.37,True
6.0,V2V,vehicle_0,vehicle_2,-75.43,98.43,237.27,True
6.0,V2V,vehicle_1,vehicle_0,-67.96,90.96,100.37,True
6.0,V2V,vehicle_1,vehicle_2,-78.50,101.50,337.63,True
6.0,V2V,vehicle_2,vehicle_0,-75.43,98.43,237.27,True
6.0,V2V,vehicle_2,vehicle_1,-78.50,101.50,337.63,True
7.0,V2I,BS_1,vehicle_0,-82.80,112.80,1241.06,True
7.0,V2I,BS_1,vehicle_1,-83.43,113.43,1333.30,True
7.0,V2I,BS_1,vehicle_2,-81.18,111.18,1029.10,True
7.0,V2V,vehicle_0,vehicle_1,-67.98,90.98,100.63,True
7.0,V2V,vehicle_0,vehicle_2,-75.46,98.46,238.10,True
7.0,V2V,vehicle_1,vehicle_0,-67.98,90.98,100.63,True
7.0,V2V,vehicle_1,vehicle_2,-78.52,101.52,338.73,True
7.0,V2V,vehicle_2,vehicle_0,-75.46,98.46,238.10,True
7.0,V2V,vehicle_2,vehicle_1,-78.52,101.52,338.73,True
8.0,V2I,BS_1,vehicle_0,-82.46,112.46,1192.54,True
8.0,V2I,BS_1,vehicle_1,-83.12,113.12,1287.13,True
8.0,V2I,BS_1,vehicle_2,-80.79,110.79,983.83,True
8.0,V2V,vehicle_0,vehicle_1,-68.27,91.27,103.97,True
8.0,V2V,vehicle_0,vehicle_2,-75.43,98.43,237.23,True
8.0,V2V,vehicle_1,vehicle_0,-68.27,91.27,103.97,True
8.0,V2V,vehicle_1,vehicle_2,-78.59,101.59,341.20,True
8.0,V2V,vehicle_2,vehicle_0,-75.43,98.43,237.23,True
8.0,V2V,vehicle_2,vehicle_1,-78.59,101.59,341.20,True
9.0,V2I,BS_1,vehicle_0,-82.09,112.09,1143.67,True
9.0,V2I,BS_1,vehicle_1,-82.79,112.79,1239.76,True
9.0,V2I,BS_1,vehicle_2,-80.38,110.38,938.97,True
9.0,V2V,vehicle_0,vehicle_1,-68.48,91.48,106.53,True
9.0,V2V,vehicle_0,vehicle_2,-75.38,98.38,235.90,True
9.0,V2V,vehicle_1,vehicle_0,-68.48,91.48,106.53,True
9.0,V2V,vehicle_1,vehicle_2,-78.62,101.62,342.43,True
9.0,V2V,vehicle_2,vehicle_0,-75.38,98.38,235.90,True
9.0,V2V,vehicle_2,vehicle_1,-78.62,101.62,342.43,True
10.0,V2I,BS_1,flow_east.0,-83.86,113.86,1401.13,True
10.0,V2I,BS_1,flow_west.0,-79.71,109.71,869.14,True
10.0,V2I,BS_1,vehicle_0,-81.72,111.72,1095.56,True
10.0,V2I,BS_1,vehicle_1,-82.48,112.48,1195.19,True
10.0,V2I,BS_1,vehicle_2,-79.97,109.97,896.07,True
10.0,V2V,flow_east.0,flow_west.0,-94.00,117.00,2011.69,True
10.0,V2V,flow_east.0,vehicle_0,-95.05,118.05,2270.77,True
10.0,V2V,flow_east.0,vehicle_1,-95.47,118.47,2382.30,True
10.0,V2V,flow_east.0,vehicle_2,-94.11,117.11,2037.23,True
10.0,V2V,flow_west.0,flow_east.0,-94.00,117.00,2011.69,True
10.0,V2V,flow_west.0,vehicle_0,-76.20,99.20,259.32,True
10.0,V2V,flow_west.0,vehicle_1,-79.31,102.31,370.79,True
10.0,V2V,flow_west.0,vehicle_2,-56.78,79.78,27.70,True
10.0,V2V,vehicle_0,flow_east.0,-95.05,118.05,2270.77,True
10.0,V2V,vehicle_0,flow_west.0,-76.20,99.20,259.32,True
10.0,V2V,vehicle_0,vehicle_1,-68.88,91.88,111.53,True
10.0,V2V,vehicle_0,vehicle_2,-75.29,98.29,233.53,True
10.0,V2V,vehicle_1,flow_east.0,-95.47,118.47,2382.30,True
10.0,V2V,vehicle_1,flow_west.0,-79.31,102.31,370.79,True
10.0,V2V,vehicle_1,vehicle_0,-68.88,91.88,111.53,True
10.0,V2V,vehicle_1,vehicle_2,-78.69,101.69,345.07,True
10.0,V2V,vehicle_2,flow_east.0,-94.11,117.11,2037.23,True
10.0,V2V,vehicle_2,flow_west.0,-56.78,79.78,27.70,True
10.0,V2V,vehicle_2,vehicle_0,-75.29,98.29,233.53,True
10.0,V2V,vehicle_2,vehicle_1,-78.69,101.69,345.07,True
11.0,V2I,BS_1,flow_east.0,-84.17,114.17,1452.77,True
11.0,V2I,BS_1,flow_west.0,-80.16,110.16,914.99,True
11.0,V2I,BS_1,vehicle_0,-81.33,111.33,1047.98,True
11.0,V2I,BS_1,vehicle_1,-82.15,112.15,1150.79,True
11.0,V2I,BS_1,vehicle_2,-79.55,109.55,852.94,True
11.0,V2V,flow_east.0,flow_west.0,-94.46,117.46,2122.63,True
11.0,V2V,flow_east.0,vehicle_0,-95.06,118.06,2271.90,True
11.0,V2V,flow_east.0,vehicle_1,-95.49,118.49,2388.27,True
11.0,V2V,flow_east.0,vehicle_2,-94.12,117.12,2039.27,True
11.0,V2V,flow_west.0,flow_east.0,-94.46,117.46,2122.63,True
11.0,V2V,flow_west.0,vehicle_0,-71.43,94.43,149.68,True
11.0,V2V,flow_west.0,vehicle_1,-76.42,99.42,265.88,True
11.0,V2V,flow_west.0,vehicle_2,-66.41,89.41,84.01,True
11.0,V2V,vehicle_0,flow_east.0,-95.06,118.06,2271.90,True
11.0,V2V,vehicle_0,flow_west.0,-71.43,94.43,149.68,True
11.0,V2V,vehicle_0,vehicle_1,-69.24,92.24,116.37,True
11.0,V2V,vehicle_0,vehicle_2,-75.26,98.26,232.63,True
11.0,V2V,vehicle_1,flow_east.0,-95.49,118.49,2388.27,True
11.0,V2V,vehicle_1,flow_west.0,-76.42,99.42,265.88,True
11.0,V2V,vehicle_1,vehicle_0,-69.24,92.24,116.37,True
11.0,V2V,vehicle_1,vehicle_2,-78.78,101.78,349.00,True
11.0,V2V,vehicle_2,flow_east.0,-94.12,117.12,2039.27,True
11.0,V2V,vehicle_2,flow_west.0,-66.41,89.41,84.01,True
11.0,V2V,vehicle_2,vehicle_0,-75.26,98.26,232.63,True
11.0,V2V,vehicle_2,vehicle_1,-78.78,101.78,349.00,True
12.0,V2I,BS_1,flow_east.0,-84.46,114.46,1501.05,True
12.0,V2I,BS_1,flow_west.0,-80.58,110.58,960.70,True
12.0,V2I,BS_1,vehicle_0,-80.96,110.96,1003.25,True
12.0,V2I,BS_1,vehicle_1,-81.80,111.80,1105.90,True
12.0,V2I,BS_1,vehicle_2,-79.12,109.12,812.06,True
12.0,V2V,flow_east.0,flow_west.0,-94.89,117.89,2228.33,True
12.0,V2V,flow_east.0,vehicle_0,-95.05,118.05,2271.70,True
12.0,V2V,flow_east.0,vehicle_1,-95.49,118.49,2389.33,True
12.0,V2V,flow_east.0,vehicle_2,-94.11,117.11,2038.77,True
12.0,V2V,flow_west.0,flow_east.0,-94.89,117.89,2228.33,True
12.0,V2V,flow_west.0,vehicle_0,-60.93,83.93,44.69,True
12.0,V2V,flow_west.0,vehicle_1,-72.08,95.08,161.39,True
12.0,V2V,flow_west.0,vehicle_2,-73.49,96.49,189.83,True
12.0,V2V,vehicle_0,flow_east.0,-95.05,118.05,2271.70,True
12.0,V2V,vehicle_0,flow_west.0,-60.93,83.93,44.69,True
12.0,V2V,vehicle_0,vehicle_1,-69.34,92.34,117.63,True
12.0,V2V,vehicle_0,vehicle_2,-75.27,98.27,232.93,True
12.0,V2V,vehicle_1,flow_east.0,-95.49,118.49,2389.33,True
12.0,V2V,vehicle_1,flow_west.0,-72.08,95.08,161.39,True
12.0,V2V,vehicle_1,vehicle_0,-69.34,92.34,117.63,True
12.0,V2V,vehicle_1,vehicle_2,-78.82,101.82,350.57,True
12.0,V2V,vehicle_2,flow_east.0,-94.11,117.11,2038.77,True
12.0,V2V,vehicle_2,flow_west.0,-73.49,96.49,189.83,True
12.0,V2V,vehicle_2,vehicle_0,-75.27,98.27,232.93,True
12.0,V2V,vehicle_2,vehicle_1,-78.82,101.82,350.57,True
13.0,V2I,BS_1,flow_east.0,-84.74,114.74,1551.14,True
13.0,V2I,BS_1,flow_west.0,-80.98,110.98,1005.82,True
13.0,V2I,BS_1,vehicle_0,-80.54,110.54,956.07,True
13.0,V2I,BS_1,vehicle_1,-81.44,111.44,1061.16,True
13.0,V2I,BS_1,vehicle_2,-78.66,108.66,770.62,True
13.0,V2V,flow_east.0,flow_west.0,-95.29,118.29,2334.06,True
13.0,V2V,flow_east.0,vehicle_0,-95.05,118.05,2269.47,True
13.0,V2V,flow_east.0,vehicle_1,-95.50,118.50,2391.70,True
13.0,V2V,flow_east.0,vehicle_2,-94.11,117.11,2037.43,True
13.0,V2V,flow_west.0,flow_east.0,-95.29,118.29,2334.06,True
13.0,V2V,flow_west.0,vehicle_0,-64.24,87.24,65.44,True
13.0,V2V,flow_west.0,vehicle_1,-63.29,86.29,58.64,True
13.0,V2V,flow_west.0,vehicle_2,-77.38,100.38,296.79,True
13.0,V2V,vehicle_0,flow_east.0,-95.05,118.05,2269.47,True
13.0,V2V,vehicle_0,flow_west.0,-64.24,87.24,65.44,True
13.0,V2V,vehicle_0,vehicle_1,-69.67,92.67,122.23,True
13.0,V2V,vehicle_0,vehicle_2,-75.24,98.24,232.03,True
13.0,V2V,vehicle_1,flow_east.0,-95.50,118.50,2391.70,True
13.0,V2V,vehicle_1,flow_west.0,-63.29,86.29,58.64,True
13.0,V2V,vehicle_1,vehicle_0,-69.67,92.67,122.23,True
13.0,V2V,vehicle_1,vehicle_2,-78.91,101.91,354.27,True
13.0,V2V,vehicle_2,flow_east.0,-94.11,117.11,2037.43,True
13.0,V2V,vehicle_2,flow_west.0,-77.38,100.38,296.79,True
13.0,V2V,vehicle_2,vehicle_0,-75.24,98.24,232.03,True
13.0,V2V,vehicle_2,vehicle_1,-78.91,101.91,354.27,True
14.0,V2I,BS_1,flow_east.0,-85.01,115.01,1600.54,True
14.0,V2I,BS_1,flow_west.0,-81.37,111.37,1051.76,True
14.0,V2I,BS_1,vehicle_0,-80.14,110.14,913.13,True
14.0,V2I,BS_1,vehicle_1,-81.07,111.07,1015.99,True
14.0,V2I,BS_1,vehicle_2,-78.20,108.20,730.68,True
14.0,V2V,flow_east.0,flow_west.0,-95.67,118.67,2439.02,True
14.0,V2V,flow_east.0,vehicle_0,-95.05,118.05,2270.30,True
14.0,V2V,flow_east.0,vehicle_1,-95.50,118.50,2391.97,True
14.0,V2V,flow_east.0,vehicle_2,-94.10,117.10,2034.83,True
14.0,V2V,flow_west.0,flow_east.0,-95.67,118.67,2439.02,True
14.0,V2V,flow_west.0,vehicle_0,-72.49,95.49,169.04,True
14.0,V2V,flow_west.0,vehicle_1,-61.59,84.59,48.23,True
14.0,V2V,flow_west.0,vehicle_2,-80.06,103.06,404.31,True
14.0,V2V,vehicle_0,flow_east.0,-95.05,118.05,2270.30,True
14.0,V2V,vehicle_0,flow_west.0,-72.49,95.49,169.04,True
14.0,V2V,vehicle_0,vehicle_1,-69.63,92.63,121.67,True
14.0,V2V,vehicle_0,vehicle_2,-75.37,98.37,235.47,True
14.0,V2V,vehicle_1,flow_east.0,-95.50,118.50,2391.97,True
14.0,V2V,vehicle_1,flow_west.0,-61.59,84.59,48.23,True
14.0,V2V,vehicle_1,vehicle_0,-69.63,92.63,121.67,True
14.0,V2V,vehicle_1,vehicle_2,-78.98,101.98,357.13,True
14.0,V2V,vehicle_2,flow_east.0,-94.10,117.10,2034.83,True
14.0,V2V,vehicle_2,flow_west.0,-80.06,103.06,404.31,True
14.0,V2V,vehicle_2,vehicle_0,-75.37,98.37,235.47,True
14.0,V2V,vehicle_2,vehicle_1,-78.98,101.98,357.13,True
15.0,V2I,BS_1,flow_east.0,-85.28,115.28,1650.44,True
15.0,V2I,BS_1,flow_west.0,-81.74,111.74,1098.26,True
15.0,V2I,BS_1,vehicle_0,-79.70,109.70,868.23,True
15.0,V2I,BS_1,vehicle_1,-80.68,110.68,971.83,True
15.0,V2I,BS_1,vehicle_2,-77.75,107.75,693.26,True
15.0,V2V,flow_east.0,flow_west.0,-96.04,119.04,2544.26,True
15.0,V2V,flow_east.0,vehicle_0,-95.04,118.04,2267.90,True
15.0,V2V,flow_east.0,vehicle_1,-95.51,118.51,2392.97,True
15.0,V2V,flow_east.0,vehicle_2,-94.09,117.09,2033.30,True
15.0,V2V,flow_west.0,flow_east.0,-96.04,119.04,2544.26,True
15.0,V2V,flow_west.0,vehicle_0,-76.76,99.76,276.54,True
15.0,V2V,flow_west.0,vehicle_1,-71.54,94.54,151.64,True
15.0,V2V,flow_west.0,vehicle_2,-82.10,105.10,511.04,True
15.0,V2V,vehicle_0,flow_east.0,-95.04,118.04,2267.90,True
15.0,V2V,vehicle_0,flow_west.0,-76.76,99.76,276.54,True
15.0,V2V,vehicle_0,vehicle_1,-69.87,92.87,125.07,True
15.0,V2V,vehicle_0,vehicle_2,-75.33,98.33,234.60,True
15.0,V2V,vehicle_1,flow_east.0,-95.51,118.51,2392.97,True
15.0,V2V,vehicle_1,flow_west.0,-71.54,94.54,151.64,True
15.0,V2V,vehicle_1,vehicle_0,-69.87,92.87,125.07,True
15.0,V2V,vehicle_1,vehicle_2,-79.05,102.05,359.67,True
15.0,V2V,vehicle_2,flow_east.0,-94.09,117.09,2033.30,True
15.0,V2V,vehicle_2,flow_west.0,-82.10,105.10,511.04,True
15.0,V2V,vehicle_2,vehicle_0,-75.33,98.33,234.60,True
15.0,V2V,vehicle_2,vehicle_1,-79.05,102.05,359.67,True
16.0,V2I,BS_1,flow_east.0,-85.54,115.54,1701.61,True
16.0,V2I,BS_1,flow_west.0,-82.10,112.10,1144.20,True
16.0,V2I,BS_1,vehicle_0,-79.26,109.26,825.00,True
16.0,V2I,BS_1,vehicle_1,-80.29,110.29,928.81,True
16.0,V2I,BS_1,vehicle_2,-77.32,107.32,659.89,True
16.0,V2V,flow_east.0,flow_west.0,-96.39,119.39,2649.45,True
16.0,V2V,flow_east.0,vehicle_0,-95.04,118.04,2267.23,True
16.0,V2V,flow_east.0,vehicle_1,-95.52,118.52,2395.57,True
16.0,V2V,flow_east.0,vehicle_2,-94.10,117.10,2035.67,True
16.0,V2V,flow_west.0,flow_east.0,-96.39,119.39,2649.45,True
16.0,V2V,flow_west.0,vehicle_0,-79.58,102.58,382.35,True
16.0,V2V,flow_west.0,vehicle_1,-76.03,99.03,254.09,True
16.0,V2V,flow_west.0,vehicle_2,-83.69,106.69,613.86,True
16.0,V2V,vehicle_0,flow_east.0,-95.04,118.04,2267.23,True
16.0,V2V,vehicle_0,flow_west.0,-79.58,102.58,382.35,True
16.0,V2V,vehicle_0,vehicle_1,-70.09,93.09,128.33,True
16.0,V2V,vehicle_0,vehicle_2,-75.22,98.22,231.57,True
16.0,V2V,vehicle_1,flow_east.0,-95.52,118.52,2395.57,True
16.0,V2V,vehicle_1,flow_west.0,-76.03,99.03,254.09,True
16.0,V2V,vehicle_1,vehicle_0,-70.09,93.09,128.33,True
16.0,V2V,vehicle_1,vehicle_2,-79.05,102.05,359.90,True
16.0,V2V,vehicle_2,flow_east.0,-94.10,117.10,2035.67,True
16.0,V2V,vehicle_2,flow_west.0,-83.69,106.69,613.86,True
16.0,V2V,vehicle_2,vehicle_0,-75.22,98.22,231.57,True
16.0,V2V,vehicle_2,vehicle_1,-79.05,102.05,359.90,True
17.0,V2I,BS_1,flow_west.0,-82.46,112.46,1193.17,True
17.0,V2I,BS_1,vehicle_0,-78.80,108.80,783.12,True
17.0,V2I,BS_1,vehicle_1,-79.90,109.90,888.72,True
17.0,V2I,BS_1,vehicle_2,-76.89,106.89,627.99,True
17.0,V2V,flow_west.0,vehicle_0,-81.75,104.75,491.08,True
17.0,V2V,flow_west.0,vehicle_1,-78.98,101.98,356.93,True
17.0,V2V,flow_west.0,vehicle_2,-85.09,108.09,721.18,True
17.0,V2V,vehicle_0,flow_west.0,-81.75,104.75,491.08,True
17.0,V2V,vehicle_0,vehicle_1,-70.48,93.48,134.20,True
17.0,V2V,vehicle_0,vehicle_2,-75.17,98.17,230.13,True
17.0,V2V,vehicle_1,flow_west.0,-78.98,101.98,356.93,True
17.0,V2V,vehicle_1,vehicle_0,-70.48,93.48,134.20,True
17.0,V2V,vehicle_1,vehicle_2,-79.16,102.16,364.33,True
17.0,V2V,vehicle_2,flow_west.0,-85.09,108.09,721.18,True
17.0,V2V,vehicle_2,vehicle_0,-75.17,98.17,230.13,True
17.0,V2V,vehicle_2,vehicle_1,-79.16,102.16,364.33,True
18.0,V2I,BS_1,flow_west.0,-82.80,112.80,1240.68,True
18.0,V2I,BS_1,vehicle_0,-78.36,108.36,744.20,True
18.0,V2I,BS_1,vehicle_1,-79.51,109.51,849.20,True
18.0,V2I,BS_1,vehicle_2,-76.46,106.46,598.01,True
18.0,V2V,flow_west.0,vehicle_0,-83.43,106.43,595.93,True
18.0,V2V,flow_west.0,vehicle_1,-81.15,104.15,458.12,True
18.0,V2V,flow_west.0,vehicle_2,-86.29,109.29,828.57,True
18.0,V2V,vehicle_0,flow_west.0,-83.43,106.43,595.93,True
18.0,V2V,vehicle_0,vehicle_1,-70.71,93.71,137.83,True
18.0,V2V,vehicle_0,vehicle_2,-75.26,98.26,232.67,True
18.0,V2V,vehicle_1,flow_west.0,-81.15,104.15,458.12,True
18.0,V2V,vehicle_1,vehicle_0,-70.71,93.71,137.83,True
18.0,V2V,vehicle_1,vehicle_2,-79.30,102.30,370.50,True
18.0,V2V,vehicle_2,flow_west.0,-86.29,109.29,828.57,True
18.0,V2V,vehicle_2,vehicle_0,-75.26,98.26,232.67,True
18.0,V2V,vehicle_2,vehicle_1,-79.30,102.30,370.50,True
19.0,V2I,BS_1,flow_west.0,-83.15,113.15,1291.36,True
19.0,V2I,BS_1,vehicle_0,-77.92,107.92,707.11,True
19.0,V2I,BS_1,vehicle_1,-79.11,109.11,811.47,True
19.0,V2I,BS_1,vehicle_2,-76.09,106.09,572.78,True
19.0,V2V,flow_west.0,vehicle_0,-84.88,107.88,703.75,True
19.0,V2V,flow_west.0,vehicle_1,-82.91,105.91,561.40,True
19.0,V2V,flow_west.0,vehicle_2,-87.36,110.36,936.76,True
19.0,V2V,vehicle_0,flow_west.0,-84.88,107.88,703.75,True
19.0,V2V,vehicle_0,vehicle_1,-71.00,94.00,142.37,True
19.0,V2V,vehicle_0,vehicle_2,-75.28,98.28,233.03,True
19.0,V2V,vehicle_1,flow_west.0,-82.91,105.91,561.40,True
19.0,V2V,vehicle_1,vehicle_0,-71.00,94.00,142.37,True
19.0,V2V,vehicle_1,vehicle_2,-79.42,102.42,375.40,True
19.0,V2V,vehicle_2,flow_west.0,-87.36,110.36,936.76,True
19.0,V2V,vehicle_2,vehicle_0,-75.28,98.28,233.03,True
19.0,V2V,vehicle_2,vehicle_1,-79.42,102.42,375.40,True
20.0,V2I,BS_1,flow_east.1,-85.01,115.01,1599.94,True
20.0,V2I,BS_1,flow_west.0,-83.47,113.47,1339.98,True
20.0,V2I,BS_1,flow_west.1,-89.98,119.98,504.51,False
20.0,V2I,BS_1,vehicle_0,-77.46,107.46,671.04,True
20.0,V2I,BS_1,vehicle_1,-78.70,108.70,773.43,True
20.0,V2I,BS_1,vehicle_2,-75.77,105.77,552.05,True
20.0,V2V,flow_east.1,flow_west.0,-76.67,99.67,273.57,True
20.0,V2V,flow_east.1,flow_west.1,-91.70,114.70,1543.60,True
20.0,V2V,flow_east.1,vehicle_0,-88.63,111.63,1083.90,True
20.0,V2V,flow_east.1,vehicle_1,-87.36,110.36,937.30,True
20.0,V2V,flow_east.1,vehicle_2,-90.30,113.30,1314.13,True
20.0,V2V,flow_west.0,flow_east.1,-76.67,99.67,273.57,True
20.0,V2V,flow_west.0,flow_west.1,-90.00,113.00,1270.20,True
20.0,V2V,flow_west.0,vehicle_0,-86.10,109.10,810.60,True
20.0,V2V,flow_west.0,vehicle_1,-84.37,107.37,664.02,True
20.0,V2V,flow_west.0,vehicle_2,-88.27,111.27,1040.82,True
20.0,V2V,flow_west.1,flow_east.1,-91.70,114.70,1543.60,True
20.0,V2V,flow_west.1,flow_west.0,-90.00,113.00,1270.20,True
20.0,V2V,flow_west.1,vehicle_0,-81.18,104.18,459.79,True
20.0,V2V,flow_west.1,vehicle_1,-83.58,106.58,606.36,True
20.0,V2V,flow_west.1,vehicle_2,-75.15,98.15,229.68,True
20.0,V2V,vehicle_0,flow_east.1,-88.63,111.63,1083.90,True
20.0,V2V,vehicle_0,flow_west.0,-86.10,109.10,810.60,True
20.0,V2V,vehicle_0,flow_west.1,-81.18,104.18,459.79,True
20.0,V2V,vehicle_0,vehicle_1,-71.25,94.25,146.60,True
20.0,V2V,vehicle_0,vehicle_2,-75.17,98.17,230.23,True
20.0,V2V,vehicle_1,flow_east.1,-87.36,110.36,937.30,True
20.0,V2V,vehicle_1,flow_west.0,-84.37,107.37,664.02,True
20.0,V2V,vehicle_1,flow_west.1,-83.58,106.58,606.36,True
20.0,V2V,vehicle_1,vehicle_0,-71.25,94.25,146.60,True
20.0,V2V,vehicle_1,vehicle_2,-79.45,102.45,376.83,True
20.0,V2V,vehicle_2,flow_east.1,-90.30,113.30,1314.13,True
20.0,V2V,vehicle_2,flow_west.0,-88.27,111.27,1040.82,True
20.0,V2V,vehicle_2,flow_west.1,-75.15,98.15,229.68,True
20.0,V2V,vehicle_2,vehicle_0,-75.17,98.17,230.23,True
20.0,V2V,vehicle_2,vehicle_1,-79.45,102.45,376.83,True
21.0,V2I,BS_1,flow_east.1,-84.77,114.77,1557.05,True
21.0,V2I,BS_1,flow_west.0,-83.79,113.79,1389.82,True
21.0,V2I,BS_1,flow_west.1,-89.98,119.98,504.26,False
21.0,V2I,BS_1,vehicle_0,-77.01,107.01,637.19,True
21.0,V2I,BS_1,vehicle_1,-78.29,108.29,738.27,True
21.0,V2I,BS_1,vehicle_2,-75.49,105.49,535.03,True
21.0,V2V,flow_east.1,flow_west.0,-72.77,95.77,174.69,True
21.0,V2V,flow_east.1,flow_west.1,-91.13,114.13,1446.04,True
21.0,V2V,flow_east.1,vehicle_0,-88.70,111.70,1093.37,True
21.0,V2V,flow_east.1,vehicle_1,-87.39,110.39,939.93,True
21.0,V2V,flow_east.1,vehicle_2,-90.35,113.35,1321.80,True
21.0,V2V,flow_west.0,flow_east.1,-72.77,95.77,174.69,True
21.0,V2V,flow_west.0,flow_west.1,-90.01,113.01,1271.63,True
21.0,V2V,flow_west.0,vehicle_0,-87.19,110.19,919.06,True
21.0,V2V,flow_west.0,vehicle_1,-85.61,108.61,765.64,True
21.0,V2V,flow_west.0,vehicle_2,-89.12,112.12,1147.48,True
21.0,V2V,flow_west.1,flow_east.1,-91.13,114.13,1446.04,True
21.0,V2V,flow_west.1,flow_west.0,-90.01,113.01,1271.63,True
21.0,V2V,flow_west.1,vehicle_0,-78.88,101.88,352.79,True
21.0,V2V,flow_west.1,vehicle_1,-82.01,105.01,506.18,True
21.0,V2V,flow_west.1,vehicle_2,-69.84,92.84,124.66,True
21.0,V2V,vehicle_0,flow_east.1,-88.70,111.70,1093.37,True
21.0,V2V,vehicle_0,flow_west.0,-87.19,110.19,919.06,True
21.0,V2V,vehicle_0,flow_west.1,-78.88,101.88,352.79,True
21.0,V2V,vehicle_0,vehicle_1,-71.65,94.65,153.43,True
21.0,V2V,vehicle_0,vehicle_2,-75.10,98.10,228.43,True
21.0,V2V,vehicle_1,flow_east.1,-87.39,110.39,939.93,True
21.0,V2V,vehicle_1,flow_west.0,-85.61,108.61,765.64,True
21.0,V2V,vehicle_1,flow_west.1,-82.01,105.01,506.18,True
21.0,V2V,vehicle_1,vehicle_0,-71.65,94.65,153.43,True
21.0,V2V,vehicle_1,vehicle_2,-79.57,102.57,381.87,True
21.0,V2V,vehicle_2,flow_east.1,-90.35,113.35,1321.80,True
21.0,V2V,vehicle_2,flow_west.0,-89.12,112.12,1147.48,True
21.0,V2V,vehicle_2,flow_west.1,-69.84,92.84,124.66,True
21.0,V2V,vehicle_2,vehicle_0,-75.10,98.10,228.43,True
21.0,V2V,vehicle_2,vehicle_1,-79.57,102.57,381.87,True
22.0,V2I,BS_1,flow_east.1,-84.53,114.53,1514.65,True
22.0,V2I,BS_1,flow_west.0,-84.10,114.10,1440.57,True
22.0,V2I,BS_1,flow_west.1,-75.07,105.07,509.36,True
22.0,V2I,BS_1,vehicle_0,-76.58,106.58,606.39,True
22.0,V2I,BS_1,vehicle_1,-77.85,107.85,701.87,True
22.0,V2I,BS_1,vehicle_2,-75.30,105.30,522.91,True
22.0,V2V,flow_east.1,flow_west.0,-65.52,88.52,75.82,True
22.0,V2V,flow_east.1,flow_west.1,-90.53,113.53,1349.04,True
22.0,V2V,flow_east.1,vehicle_0,-88.78,111.78,1103.27,True
22.0,V2V,flow_east.1,vehicle_1,-87.45,110.45,946.97,True
22.0,V2V,flow_east.1,vehicle_2,-90.40,113.40,1329.60,True
22.0,V2V,flow_west.0,flow_east.1,-65.52,88.52,75.82,True
22.0,V2V,flow_west.0,flow_west.1,-90.03,113.03,1273.93,True
22.0,V2V,flow_west.0,vehicle_0,-88.17,111.17,1028.26,True
22.0,V2V,flow_west.0,vehicle_1,-86.74,109.74,871.97,True
22.0,V2V,flow_west.0,vehicle_2,-89.90,112.90,1254.58,True
22.0,V2V,flow_west.1,flow_east.1,-90.53,113.53,1349.04,True
22.0,V2V,flow_west.1,flow_west.0,-90.03,113.03,1273.93,True
22.0,V2V,flow_west.1,vehicle_0,-75.74,98.74,245.96,True
22.0,V2V,flow_west.1,vehicle_1,-80.02,103.02,402.17,True
22.0,V2V,flow_west.1,vehicle_2,-54.83,77.83,22.14,True
22.0,V2V,vehicle_0,flow_east.1,-88.78,111.78,1103.27,True
22.0,V2V,vehicle_0,flow_west.0,-88.17,111.17,1028.26,True
22.0,V2V,vehicle_0,flow_west.1,-75.74,98.74,245.96,True
22.0,V2V,vehicle_0,vehicle_1,-71.81,94.81,156.30,True
22.0,V2V,vehicle_0,vehicle_2,-75.02,98.02,226.33,True
22.0,V2V,vehicle_1,flow_east.1,-87.45,110.45,946.97,True
22.0,V2V,vehicle_1,flow_west.0,-86.74,109.74,871.97,True
22.0,V2V,vehicle_1,flow_west.1,-80.02,103.02,402.17,True
22.0,V2V,vehicle_1,vehicle_0,-71.81,94.81,156.30,True
22.0,V2V,vehicle_1,vehicle_2,-79.58,102.58,382.63,True
22.0,V2V,vehicle_2,flow_east.1,-90.40,113.40,1329.60,True
22.0,V2V,vehicle_2,flow_west.0,-89.90,112.90,1254.58,True
22.0,V2V,vehicle_2,flow_west.1,-54.83,77.83,22.14,True
22.0,V2V,vehicle_2,vehicle_0,-75.02,98.02,226.33,True
22.0,V2V,vehicle_2,vehicle_1,-79.58,102.58,382.63,True
23.0,V2I,BS_1,flow_east.1,-84.29,114.29,1472.02,True
23.0,V2I,BS_1,flow_west.0,-84.40,114.40,1490.87,True
23.0,V2I,BS_1,flow_west.1,-75.24,105.24,519.79,True
23.0,V2I,BS_1,vehicle_0,-76.21,106.21,580.72,True
23.0,V2I,BS_1,vehicle_1,-77.42,107.42,667.67,True
23.0,V2I,BS_1,vehicle_2,-90.18,120.18,515.89,False
23.0,V2V,flow_east.1,flow_west.0,-56.28,79.28,26.17,True
23.0,V2V,flow_east.1,flow_west.1,-89.87,112.87,1251.05,True
23.0,V2V,flow_east.1,vehicle_0,-88.83,111.83,1109.40,True
23.0,V2V,flow_east.1,vehicle_1,-87.51,110.51,953.40,True
23.0,V2V,flow_east.1,vehicle_2,-90.45,113.45,1337.40,True
23.0,V2V,flow_west.0,flow_east.1,-56.28,79.28,26.17,True
23.0,V2V,flow_west.0,flow_west.1,-90.04,113.04,1274.90,True
23.0,V2V,flow_west.0,vehicle_0,-89.01,112.01,1133.35,True
23.0,V2V,flow_west.0,vehicle_1,-87.73,110.73,977.36,True
23.0,V2V,flow_west.0,vehicle_2,-90.61,113.61,1361.34,True
23.0,V2V,flow_west.1,flow_east.1,-89.87,112.87,1251.05,True
23.0,V2V,flow_west.1,flow_west.0,-90.04,113.04,1274.90,True
23.0,V2V,flow_west.1,vehicle_0,-70.97,93.97,142.00,True
23.0,V2V,flow_west.1,vehicle_1,-77.41,100.41,297.79,True
23.0,V2V,flow_west.1,vehicle_2,-66.72,89.72,87.06,True
23.0,V2V,vehicle_0,flow_east.1,-88.83,111.83,1109.40,True
23.0,V2V,vehicle_0,flow_west.0,-89.01,112.01,1133.35,True
23.0,V2V,vehicle_0,flow_west.1,-70.97,93.97,142.00,True
23.0,V2V,vehicle_0,vehicle_1,-71.79,94.79,156.00,True
23.0,V2V,vehicle_0,vehicle_2,-75.09,98.09,228.00,True
23.0,V2V,vehicle_1,flow_east.1,-87.51,110.51,953.40,True
23.0,V2V,vehicle_1,flow_west.0,-87.73,110.73,977.36,True
23.0,V2V,vehicle_1,flow_west.1,-77.41,100.41,297.79,True
23.0,V2V,vehicle_1,vehicle_0,-71.79,94.79,156.00,True
23.0,V2V,vehicle_1,vehicle_2,-79.61,102.61,384.00,True
23.0,V2V,vehicle_2,flow_east.1,-90.45,113.45,1337.40,True
23.0,V2V,vehicle_2,flow_west.0,-90.61,113.61,1361.34,True
23.0,V2V,vehicle_2,flow_west.1,-66.72,89.72,87.06,True
23.0,V2V,vehicle_2,vehicle_0,-75.09,98.09,228.00,True
23.0,V2V,vehicle_2,vehicle_1,-79.61,102.61,384.00,True
24.0,V2I,BS_1,flow_east.1,-84.03,114.03,1429.20,True
24.0,V2I,BS_1,flow_west.0,-84.69,114.69,1541.86,True
24.0,V2I,BS_1,flow_west.1,-75.50,105.50,535.43,True
24.0,V2I,BS_1,vehicle_0,-75.85,105.85,557.60,True
24.0,V2I,BS_1,vehicle_1,-77.00,107.00,636.52,True
24.0,V2I,BS_1,vehicle_2,-90.15,120.15,514.27,False
24.0,V2V,flow_east.1,flow_west.0,-69.81,92.81,124.23,True
24.0,V2V,flow_east.1,flow_west.1,-89.16,112.16,1151.98,True
24.0,V2V,flow_east.1,vehicle_0,-88.89,111.89,1117.80,True
24.0,V2V,flow_east.1,vehicle_1,-87.56,110.56,958.30,True
24.0,V2V,flow_east.1,vehicle_2,-90.49,113.49,1342.87,True
24.0,V2V,flow_west.0,flow_east.1,-69.81,92.81,124.23,True
24.0,V2V,flow_west.0,flow_west.1,-90.04,113.04,1275.70,True
24.0,V2V,flow_west.0,vehicle_0,-89.81,112.81,1241.61,True
24.0,V2V,flow_west.0,vehicle_1,-88.61,111.61,1082.12,True
24.0,V2V,flow_west.0,vehicle_2,-91.25,114.25,1466.67,True
24.0,V2V,flow_west.1,flow_east.1,-89.16,112.16,1151.98,True
24.0,V2V,flow_west.1,flow_west.0,-90.04,113.04,1275.70,True
24.0,V2V,flow_west.1,vehicle_0,-59.00,82.00,35.76,True
24.0,V2V,flow_west.1,vehicle_1,-73.68,96.68,193.93,True
24.0,V2V,flow_west.1,vehicle_2,-73.56,96.56,191.23,True
24.0,V2V,vehicle_0,flow_east.1,-88.89,111.89,1117.80,True
24.0,V2V,vehicle_0,flow_west.0,-89.81,112.81,1241.61,True
24.0,V2V,vehicle_0,flow_west.1,-59.00,82.00,35.76,True
24.0,V2V,vehicle_0,vehicle_1,-71.98,94.98,159.50,True
24.0,V2V,vehicle_0,vehicle_2,-74.97,97.97,225.07,True
24.0,V2V,vehicle_1,flow_east.1,-87.56,110.56,958.30,True
24.0,V2V,vehicle_1,flow_west.0,-88.61,111.61,1082.12,True
24.0,V2V,vehicle_1,flow_west.1,-73.68,96.68,193.93,True
24.0,V2V,vehicle_1,vehicle_0,-71.98,94.98,159.50,True
24.0,V2V,vehicle_1,vehicle_2,-79.63,102.63,384.57,True
24.0,V2V,vehicle_2,flow_east.1,-90.49,113.49,1342.87,True
24.0,V2V,vehicle_2,flow_west.0,-91.25,114.25,1466.67,True
24.0,V2V,vehicle_2,flow_west.1,-73.56,96.56,191.23,True
24.0,V2V,vehicle_2,vehicle_0,-74.97,97.97,225.07,True
24.0,V2V,vehicle_2,vehicle_1,-79.63,102.63,384.57,True
25.0,V2I,BS_1,flow_east.1,-83.77,113.77,1386.41,True
25.0,V2I,BS_1,flow_west.0,-84.96,114.96,1591.13,True
25.0,V2I,BS_1,flow_west.1,-75.83,105.83,555.77,True
25.0,V2I,BS_1,vehicle_0,-75.56,105.56,538.80,True
25.0,V2I,BS_1,vehicle_1,-76.60,106.60,607.68,True
25.0,V2I,BS_1,vehicle_2,-75.21,105.21,517.97,True
25.0,V2V,flow_east.1,flow_west.0,-74.86,97.86,222.02,True
25.0,V2V,flow_east.1,flow_west.1,-88.37,111.37,1052.72,True
25.0,V2V,flow_east.1,vehicle_0,-88.96,111.96,1126.53,True
25.0,V2V,flow_east.1,vehicle_1,-87.61,110.61,963.67,True
25.0,V2V,flow_east.1,vehicle_2,-90.53,113.53,1350.00,True
25.0,V2V,flow_west.0,flow_east.1,-74.86,97.86,222.02,True
25.0,V2V,flow_west.0,flow_west.1,-90.03,113.03,1274.43,True
25.0,V2V,flow_west.0,vehicle_0,-90.52,113.52,1348.34,True
25.0,V2V,flow_west.0,vehicle_1,-89.41,112.41,1185.48,True
25.0,V2V,flow_west.0,vehicle_2,-91.86,114.86,1571.80,True
25.0,V2V,flow_west.1,flow_east.1,-88.37,111.37,1052.72,True
25.0,V2V,flow_west.1,flow_west.0,-90.03,113.03,1274.43,True
25.0,V2V,flow_west.1,vehicle_0,-65.39,88.39,74.63,True
25.0,V2V,flow_west.1,vehicle_1,-66.98,89.98,89.64,True
25.0,V2V,flow_west.1,vehicle_2,-77.40,100.40,297.52,True
25.0,V2V,vehicle_0,flow_east.1,-88.96,111.96,1126.53,True
25.0,V2V,vehicle_0,flow_west.0,-90.52,113.52,1348.34,True
25.0,V2V,vehicle_0,flow_west.1,-65.39,88.39,74.63,True
25.0,V2V,vehicle_0,vehicle_1,-72.16,95.16,162.87,True
25.0,V2V,vehicle_0,vehicle_2,-74.91,97.91,223.47,True
25.0,V2V,vehicle_1,flow_east.1,-87.61,110.61,963.67,True
25.0,V2V,vehicle_1,flow_west.0,-89.41,112.41,1185.48,True
25.0,V2V,vehicle_1,flow_west.1,-66.98,89.98,89.64,True
25.0,V2V,vehicle_1,vehicle_0,-72.16,95.16,162.87,True
25.0,V2V,vehicle_1,vehicle_2,-79.67,102.67,386.33,True
25.0,V2V,vehicle_2,flow_east.1,-90.53,113.53,1350.00,True
25.0,V2V,vehicle_2,flow_west.0,-91.86,114.86,1571.80,True
25.0,V2V,vehicle_2,flow_west.1,-77.40,100.40,297.52,True
25.0,V2V,vehicle_2,vehicle_0,-74.91,97.91,223.47,True
25.0,V2V,vehicle_2,vehicle_1,-79.67,102.67,386.33,True
26.0,V2I,BS_1,flow_east.1,-83.50,113.50,1344.78,True
26.0,V2I,BS_1,flow_west.0,-85.24,115.24,1643.56,True
26.0,V2I,BS_1,flow_west.1,-76.20,106.20,579.95,True
26.0,V2I,BS_1,vehicle_0,-75.34,105.34,525.52,True
26.0,V2I,BS_1,vehicle_1,-76.23,106.23,582.27,True
26.0,V2I,BS_1,vehicle_2,-75.37,105.37,527.48,True
26.0,V2V,flow_east.1,flow_west.0,-78.09,101.09,322.04,True
26.0,V2V,flow_east.1,flow_west.1,-87.53,110.53,955.23,True
26.0,V2V,flow_east.1,vehicle_0,-89.02,112.02,1134.03,True
26.0,V2V,flow_east.1,vehicle_1,-87.66,110.66,969.37,True
26.0,V2V,flow_east.1,vehicle_2,-90.60,113.60,1360.30,True
26.0,V2V,flow_west.0,flow_east.1,-78.09,101.09,322.04,True
26.0,V2V,flow_west.0,flow_west.1,-90.05,113.05,1277.03,True
26.0,V2V,flow_west.0,vehicle_0,-91.19,114.19,1455.94,True
26.0,V2V,flow_west.0,vehicle_1,-90.15,113.15,1291.28,True
26.0,V2V,flow_west.0,vehicle_2,-92.44,115.44,1682.20,True
26.0,V2V,flow_west.1,flow_east.1,-87.53,110.53,955.23,True
26.0,V2V,flow_west.1,flow_west.0,-90.05,113.05,1277.03,True
26.0,V2V,flow_west.1,vehicle_0,-72.99,95.99,179.18,True
26.0,V2V,flow_west.1,vehicle_1,-52.92,75.92,17.76,True
26.0,V2V,flow_west.1,vehicle_2,-80.08,103.08,405.27,True
26.0,V2V,vehicle_0,flow_east.1,-89.02,112.02,1134.03,True
26.0,V2V,vehicle_0,flow_west.0,-91.19,114.19,1455.94,True
26.0,V2V,vehicle_0,flow_west.1,-72.99,95.99,179.18,True
26.0,V2V,vehicle_0,vehicle_1,-72.26,95.26,164.67,True
26.0,V2V,vehicle_0,vehicle_2,-75.02,98.02,226.27,True
26.0,V2V,vehicle_1,flow_east.1,-87.66,110.66,969.37,True
26.0,V2V,vehicle_1,flow_west.0,-90.15,113.15,1291.28,True
26.0,V2V,vehicle_1,flow_west.1,-52.92,75.92,17.76,True
26.0,V2V,vehicle_1,vehicle_0,-72.26,95.26,164.67,True
26.0,V2V,vehicle_1,vehicle_2,-79.77,102.77,390.93,True
26.0,V2V,vehicle_2,flow_east.1,-90.60,113.60,1360.30,True
26.0,V2V,vehicle_2,flow_west.0,-92.44,115.44,1682.20,True
26.0,V2V,vehicle_2,flow_west.1,-80.08,103.08,405.27,True
26.0,V2V,vehicle_2,vehicle_0,-75.02,98.02,226.27,True
26.0,V2V,vehicle_2,vehicle_1,-79.77,102.77,390.93,True
27.0,V2I,BS_1,flow_east.1,-83.24,113.24,1304.69,True
27.0,V2I,BS_1,flow_west.0,-85.51,115.51,1695.61,True
27.0,V2I,BS_1,flow_west.1,-76.59,106.59,607.08,True
27.0,V2I,BS_1,vehicle_0,-90.20,120.20,517.22,False
27.0,V2I,BS_1,vehicle_1,-75.90,105.90,560.43,True
27.0,V2I,BS_1,vehicle_2,-75.61,105.61,542.30,True
27.0,V2V,flow_east.1,flow_west.0,-80.39,103.39,420.10,True
27.0,V2V,flow_east.1,flow_west.1,-86.62,109.62,860.30,True
27.0,V2V,flow_east.1,vehicle_0,-89.09,112.09,1143.13,True
27.0,V2V,flow_east.1,vehicle_1,-87.72,110.72,976.17,True
27.0,V2V,flow_east.1,vehicle_2,-90.67,113.67,1371.43,True
27.0,V2V,flow_west.0,flow_east.1,-80.39,103.39,420.10,True
27.0,V2V,flow_west.0,flow_west.1,-90.07,113.07,1280.20,True
27.0,V2V,flow_west.0,vehicle_0,-91.81,114.81,1563.14,True
27.0,V2V,flow_west.0,vehicle_1,-90.83,113.83,1396.17,True
27.0,V2V,flow_west.0,vehicle_2,-92.99,115.99,1791.43,True
27.0,V2V,flow_west.1,flow_east.1,-86.62,109.62,860.30,True
27.0,V2V,flow_west.1,flow_west.0,-90.07,113.07,1280.20,True
27.0,V2V,flow_west.1,vehicle_0,-76.97,99.97,283.10,True
27.0,V2V,flow_west.1,vehicle_1,-69.25,92.25,116.42,True
27.0,V2V,flow_west.1,vehicle_2,-82.10,105.10,511.31,True
27.0,V2V,vehicle_0,flow_east.1,-89.09,112.09,1143.13,True
27.0,V2V,vehicle_0,flow_west.0,-91.81,114.81,1563.14,True
27.0,V2V,vehicle_0,flow_west.1,-76.97,99.97,283.10,True
27.0,V2V,vehicle_0,vehicle_1,-72.38,95.38,166.97,True
27.0,V2V,vehicle_0,vehicle_2,-75.10,98.10,228.30,True
27.0,V2V,vehicle_1,flow_east.1,-87.72,110.72,976.17,True
27.0,V2V,vehicle_1,flow_west.0,-90.83,113.83,1396.17,True
27.0,V2V,vehicle_1,flow_west.1,-69.25,92.25,116.42,True
27.0,V2V,vehicle_1,vehicle_0,-72.38,95.38,166.97,True
27.0,V2V,vehicle_1,vehicle_2,-79.87,102.87,395.27,True
27.0,V2V,vehicle_2,flow_east.1,-90.67,113.67,1371.43,True
27.0,V2V,vehicle_2,flow_west.0,-92.99,115.99,1791.43,True
27.0,V2V,vehicle_2,flow_west.1,-82.10,105.10,511.31,True
27.0,V2V,vehicle_2,vehicle_0,-75.10,98.10,228.30,True
27.0,V2V,vehicle_2,vehicle_1,-79.87,102.87,395.27,True
28.0,V2I,BS_1,flow_east.1,-82.97,112.97,1264.71,True
28.0,V2I,BS_1,flow_west.1,-77.04,107.04,639.37,True
28.0,V2I,BS_1,vehicle_0,-90.15,120.15,514.19,False
28.0,V2I,BS_1,vehicle_1,-75.62,105.62,542.95,True
28.0,V2I,BS_1,vehicle_2,-75.92,105.92,561.74,True
28.0,V2V,flow_east.1,flow_west.1,-85.56,108.56,761.74,True
28.0,V2V,flow_east.1,vehicle_0,-89.16,112.16,1152.87,True
28.0,V2V,flow_east.1,vehicle_1,-87.76,110.76,981.10,True
28.0,V2V,flow_east.1,vehicle_2,-90.74,113.74,1381.67,True
28.0,V2V,flow_west.1,flow_east.1,-85.56,108.56,761.74,True
28.0,V2V,flow_west.1,vehicle_0,-79.78,102.78,391.35,True
28.0,V2V,flow_west.1,vehicle_1,-74.76,97.76,219.69,True
28.0,V2V,flow_west.1,vehicle_2,-83.78,106.78,620.09,True
28.0,V2V,vehicle_0,flow_east.1,-89.16,112.16,1152.87,True
28.0,V2V,vehicle_0,flow_west.1,-79.78,102.78,391.35,True
28.0,V2V,vehicle_0,vehicle_1,-72.63,95.63,171.77,True
28.0,V2V,vehicle_0,vehicle_2,-75.12,98.12,228.80,True
28.0,V2V,vehicle_1,flow_east.1,-87.76,110.76,981.10,True
28.0,V2V,vehicle_1,flow_west.1,-74.76,97.76,219.69,True
28.0,V2V,vehicle_1,vehicle_0,-72.63,95.63,171.77,True
28.0,V2V,vehicle_1,vehicle_2,-79.98,102.98,400.57,True
28.0,V2V,vehicle_2,flow_east.1,-90.74,113.74,1381.67,True
28.0,V2V,vehicle_2,flow_west.1,-83.78,106.78,620.09,True
28.0,V2V,vehicle_2,vehicle_0,-75.12,98.12,228.80,True
28.0,V2V,vehicle_2,vehicle_1,-79.98,102.98,400.57,True
29.0,V2I,BS_1,flow_east.1,-82.67,112.67,1222.74,True
29.0,V2I,BS_1,flow_west.1,-77.51,107.51,674.38,True
29.0,V2I,BS_1,vehicle_0,-90.19,120.19,516.74,False
29.0,V2I,BS_1,vehicle_1,-75.40,105.40,529.51,True
29.0,V2I,BS_1,vehicle_2,-76.28,106.28,585.46,True
29.0,V2V,flow_east.1,flow_west.1,-84.33,107.33,661.05,True
29.0,V2V,flow_east.1,vehicle_0,-89.22,112.22,1160.73,True
29.0,V2V,flow_east.1,vehicle_1,-87.78,110.78,982.90,True
29.0,V2V,flow_east.1,vehicle_2,-90.78,113.78,1389.33,True
29.0,V2V,flow_west.1,flow_east.1,-84.33,107.33,661.05,True
29.0,V2V,flow_west.1,vehicle_0,-81.90,104.90,499.88,True
29.0,V2V,flow_west.1,vehicle_1,-78.09,101.09,322.11,True
29.0,V2V,flow_west.1,vehicle_2,-85.18,108.18,728.44,True
29.0,V2V,vehicle_0,flow_east.1,-89.22,112.22,1160.73,True
29.0,V2V,vehicle_0,flow_west.1,-81.90,104.90,499.88,True
29.0,V2V,vehicle_0,vehicle_1,-72.93,95.93,177.83,True
29.0,V2V,vehicle_0,vehicle_2,-75.11,98.11,228.60,True
29.0,V2V,vehicle_1,flow_east.1,-87.78,110.78,982.90,True
29.0,V2V,vehicle_1,flow_west.1,-78.09,101.09,322.11,True
29.0,V2V,vehicle_1,vehicle_0,-72.93,95.93,177.83,True
29.0,V2V,vehicle_1,vehicle_2,-80.11,103.11,406.43,True
29.0,V2V,vehicle_2,flow_east.1,-90.78,113.78,1389.33,True
29.0,V2V,vehicle_2,flow_west.1,-85.18,108.18,728.44,True
29.0,V2V,vehicle_2,vehicle_0,-75.11,98.11,228.60,True
29.0,V2V,vehicle_2,vehicle_1,-80.11,103.11,406.43,True
30.0,V2I,BS_1,flow_east.1,-82.39,112.39,1183.44,True
30.0,V2I,BS_1,flow_east.2,-76.42,106.42,595.22,True
30.0,V2I,BS_1,flow_west.1,-77.98,107.98,712.04,True
30.0,V2I,BS_1,flow_west.2,-85.02,115.02,1602.52,True
30.0,V2I,BS_1,vehicle_0,-75.33,105.33,525.10,True
30.0,V2I,BS_1,vehicle_1,-75.25,105.25,520.09,True
30.0,V2I,BS_1,vehicle_2,-76.68,106.68,613.27,True
30.0,V2V,flow_east.1,flow_east.2,-90.63,113.63,1365.73,True
30.0,V2V,flow_east.1,flow_west.1,-82.93,105.93,562.73,True
30.0,V2V,flow_east.1,flow_west.2,-96.18,119.18,2587.22,True
30.0,V2V,flow_east.1,vehicle_0,-89.31,112.31,1172.40,True
30.0,V2V,flow_east.1,vehicle_1,-87.82,110.82,987.77,True
30.0,V2V,flow_east.1,vehicle_2,-90.85,113.85,1400.13,True
30.0,V2V,flow_east.2,flow_east.1,-90.63,113.63,1365.73,True
30.0,V2V,flow_east.2,flow_west.1,-86.02,109.02,803.17,True
30.0,V2V,flow_east.2,flow_west.2,-89.67,112.67,1221.51,True
30.0,V2V,flow_east.2,vehicle_0,-73.65,96.65,193.33,True
30.0,V2V,flow_east.2,vehicle_1,-79.48,102.48,377.97,True
30.0,V2V,flow_east.2,vehicle_2,-58.66,81.66,34.40,True
30.0,V2V,flow_west.1,flow_east.1,-82.93,105.93,562.73,True
30.0,V2V,flow_west.1,flow_east.2,-86.02,109.02,803.17,True
30.0,V2V,flow_west.1,flow_west.2,-94.05,117.05,2024.57,True
30.0,V2V,flow_west.1,vehicle_0,-83.63,106.63,609.86,True
30.0,V2V,flow_west.1,vehicle_1,-80.50,103.50,425.27,True
30.0,V2V,flow_west.1,vehicle_2,-86.39,109.39,837.57,True
30.0,V2V,flow_west.2,flow_east.1,-96.18,119.18,2587.22,True
30.0,V2V,flow_west.2,flow_east.2,-89.67,112.67,1221.51,True
30.0,V2V,flow_west.2,flow_west.1,-94.05,117.05,2024.57,True
30.0,V2V,flow_west.2,vehicle_0,-90.94,113.94,1414.84,True
30.0,V2V,flow_west.2,vehicle_1,-92.01,115.01,1599.47,True
30.0,V2V,flow_west.2,vehicle_2,-89.42,112.42,1187.11,True
30.0,V2V,vehicle_0,flow_east.1,-89.31,112.31,1172.40,True
30.0,V2V,vehicle_0,flow_east.2,-73.65,96.65,193.33,True
30.0,V2V,vehicle_0,flow_west.1,-83.63,106.63,609.86,True
30.0,V2V,vehicle_0,flow_west.2,-90.94,113.94,1414.84,True
30.0,V2V,vehicle_0,vehicle_1,-73.25,96.25,184.63,True
30.0,V2V,vehicle_0,vehicle_2,-75.08,98.08,227.73,True
30.0,V2V,vehicle_1,flow_east.1,-87.82,110.82,987.77,True
30.0,V2V,vehicle_1,flow_east.2,-79.48,102.48,377.97,True
30.0,V2V,vehicle_1,flow_west.1,-80.50,103.50,425.27,True
30.0,V2V,vehicle_1,flow_west.2,-92.01,115.01,1599.47,True
30.0,V2V,vehicle_1,vehicle_0,-73.25,96.25,184.63,True
30.0,V2V,vehicle_1,vehicle_2,-80.23,103.23,412.37,True
30.0,V2V,vehicle_2,flow_east.1,-90.85,113.85,1400.13,True
30.0,V2V,vehicle_2,flow_east.2,-58.66,81.66,34.40,True
30.0,V2V,vehicle_2,flow_west.1,-86.39,109.39,837.57,True
30.0,V2V,vehicle_2,flow_west.2,-89.42,112.42,1187.11,True
30.0,V2V,vehicle_2,vehicle_0,-75.08,98.08,227.73,True
30.0,V2V,vehicle_2,vehicle_1,-80.23,103.23,412.37,True
31.0,V2I,BS_1,flow_east.1,-82.09,112.09,1143.79,True
31.0,V2I,BS_1,flow_east.2,-76.73,106.73,616.78,True
31.0,V2I,BS_1,flow_west.1,-78.44,108.44,751.23,True
31.0,V2I,BS_1,flow_west.2,-84.76,114.76,1555.45,True
31.0,V2I,BS_1,vehicle_0,-75.55,105.55,538.56,True
31.0,V2I,BS_1,vehicle_1,-90.16,120.16,515.01,False
31.0,V2I,BS_1,vehicle_2,-77.09,107.09,642.81,True
31.0,V2V,flow_east.1,flow_east.2,-90.61,113.61,1362.33,True
31.0,V2V,flow_east.1,flow_west.1,-81.27,104.27,464.49,True
31.0,V2V,flow_east.1,flow_west.2,-95.86,118.86,2493.36,True
31.0,V2V,flow_east.1,vehicle_0,-89.38,112.38,1181.90,True
31.0,V2V,flow_east.1,vehicle_1,-87.86,110.86,992.63,True
31.0,V2V,flow_east.1,vehicle_2,-90.90,113.90,1407.47,True
31.0,V2V,flow_east.2,flow_east.1,-90.61,113.61,1362.33,True
31.0,V2V,flow_east.2,flow_west.1,-86.99,109.99,898.03,True
31.0,V2V,flow_east.2,flow_west.2,-89.00,112.00,1131.05,True
31.0,V2V,flow_east.2,vehicle_0,-73.05,96.05,180.43,True
31.0,V2V,flow_east.2,vehicle_1,-79.28,102.28,369.70,True
31.0,V2V,flow_east.2,vehicle_2,-61.02,84.02,45.13,True
31.0,V2V,flow_west.1,flow_east.1,-81.27,104.27,464.49,True
31.0,V2V,flow_west.1,flow_east.2,-86.99,109.99,898.03,True
31.0,V2V,flow_west.1,flow_west.2,-94.07,117.07,2028.97,True
31.0,V2V,flow_west.1,vehicle_0,-85.05,108.05,717.61,True
31.0,V2V,flow_west.1,vehicle_1,-82.39,105.39,528.37,True
31.0,V2V,flow_west.1,vehicle_2,-87.42,110.42,943.16,True
31.0,V2V,flow_west.2,flow_east.1,-95.86,118.86,2493.36,True
31.0,V2V,flow_west.2,flow_east.2,-89.00,112.00,1131.05,True
31.0,V2V,flow_west.2,flow_west.1,-94.07,117.07,2028.97,True
31.0,V2V,flow_west.2,vehicle_0,-90.28,113.28,1311.48,True
31.0,V2V,flow_west.2,vehicle_1,-91.45,114.45,1500.74,True
31.0,V2V,flow_west.2,vehicle_2,-88.64,111.64,1085.92,True
31.0,V2V,vehicle_0,flow_east.1,-89.38,112.38,1181.90,True
31.0,V2V,vehicle_0,flow_east.2,-73.05,96.05,180.43,True
31.0,V2V,vehicle_0,flow_west.1,-85.05,108.05,717.61,True
31.0,V2V,vehicle_0,flow_west.2,-90.28,113.28,1311.48,True
31.0,V2V,vehicle_0,vehicle_1,-73.47,96.47,189.27,True
31.0,V2V,vehicle_0,vehicle_2,-74.99,97.99,225.57,True
31.0,V2V,vehicle_1,flow_east.1,-87.86,110.86,992.63,True
31.0,V2V,vehicle_1,flow_east.2,-79.28,102.28,369.70,True
31.0,V2V,vehicle_1,flow_west.1,-82.39,105.39,528.37,True
31.0,V2V,vehicle_1,flow_west.2,-91.45,114.45,1500.74,True
31.0,V2V,vehicle_1,vehicle_0,-73.47,96.47,189.27,True
31.0,V2V,vehicle_1,vehicle_2,-80.28,103.28,414.83,True
31.0,V2V,vehicle_2,flow_east.1,-90.90,113.90,1407.47,True
31.0,V2V,vehicle_2,flow_east.2,-61.02,84.02,45.13,True
31.0,V2V,vehicle_2,flow_west.1,-87.42,110.42,943.16,True
31.0,V2V,vehicle_2,flow_west.2,-88.64,111.64,1085.92,True
31.0,V2V,vehicle_2,vehicle_0,-74.99,97.99,225.57,True
31.0,V2V,vehicle_2,vehicle_1,-80.28,103.28,414.83,True
32.0,V2I,BS_1,flow_east.1,-81.79,111.79,1104.31,True
32.0,V2I,BS_1,flow_east.2,-77.06,107.06,640.56,True
32.0,V2I,BS_1,flow_west.1,-78.91,108.91,792.91,True
32.0,V2I,BS_1,flow_west.2,-84.50,114.50,1509.52,True
32.0,V2I,BS_1,vehicle_0,-75.83,105.83,556.01,True
32.0,V2I,BS_1,vehicle_1,-90.16,120.16,514.65,False
32.0,V2I,BS_1,vehicle_2,-77.52,107.52,675.17,True
32.0,V2V,flow_east.1,flow_east.2,-90.59,113.59,1359.30,True
32.0,V2V,flow_east.1,flow_west.1,-79.18,102.18,365.09,True
32.0,V2V,flow_east.1,flow_west.2,-95.53,118.53,2400.32,True
32.0,V2V,flow_east.1,vehicle_0,-89.43,112.43,1188.87,True
32.0,V2V,flow_east.1,vehicle_1,-87.92,110.92,999.07,True
32.0,V2V,flow_east.1,vehicle_2,-90.94,113.94,1414.87,True
32.0,V2V,flow_east.2,flow_east.1,-90.59,113.59,1359.30,True
32.0,V2V,flow_east.2,flow_west.1,-87.88,110.88,994.42,True
32.0,V2V,flow_east.2,flow_west.2,-88.28,111.28,1041.05,True
32.0,V2V,flow_east.2,vehicle_0,-72.56,95.56,170.43,True
32.0,V2V,flow_east.2,vehicle_1,-79.06,102.06,360.23,True
32.0,V2V,flow_east.2,vehicle_2,-62.82,85.82,55.57,True
32.0,V2V,flow_west.1,flow_east.1,-79.18,102.18,365.09,True
32.0,V2V,flow_west.1,flow_east.2,-87.88,110.88,994.42,True
32.0,V2V,flow_west.1,flow_west.2,-94.10,117.10,2035.37,True
32.0,V2V,flow_west.1,vehicle_0,-86.25,109.25,824.00,True
32.0,V2V,flow_west.1,vehicle_1,-83.97,106.97,634.22,True
32.0,V2V,flow_west.1,vehicle_2,-88.35,111.35,1049.99,True
32.0,V2V,flow_west.2,flow_east.1,-95.53,118.53,2400.32,True
32.0,V2V,flow_west.2,flow_east.2,-88.28,111.28,1041.05,True
32.0,V2V,flow_west.2,flow_west.1,-94.10,117.10,2035.37,True
32.0,V2V,flow_west.2,vehicle_0,-89.59,112.59,1211.48,True
32.0,V2V,flow_west.2,vehicle_1,-90.86,113.86,1401.27,True
32.0,V2V,flow_west.2,vehicle_2,-87.80,110.80,985.49,True
32.0,V2V,vehicle_0,flow_east.1,-89.43,112.43,1188.87,True
32.0,V2V,vehicle_0,flow_east.2,-72.56,95.56,170.43,True
32.0,V2V,vehicle_0,flow_west.1,-86.25,109.25,824.00,True
32.0,V2V,vehicle_0,flow_west.2,-89.59,112.59,1211.48,True
32.0,V2V,vehicle_0,vehicle_1,-73.49,96.49,189.80,True
32.0,V2V,vehicle_0,vehicle_2,-75.01,98.01,226.00,True
32.0,V2V,vehicle_1,flow_east.1,-87.92,110.92,999.07,True
32.0,V2V,vehicle_1,flow_east.2,-79.06,102.06,360.23,True
32.0,V2V,vehicle_1,flow_west.1,-83.97,106.97,634.22,True
32.0,V2V,vehicle_1,flow_west.2,-90.86,113.86,1401.27,True
32.0,V2V,vehicle_1,vehicle_0,-73.49,96.49,189.80,True
32.0,V2V,vehicle_1,vehicle_2,-80.31,103.31,415.80,True
32.0,V2V,vehicle_2,flow_east.1,-90.94,113.94,1414.87,True
32.0,V2V,vehicle_2,flow_east.2,-62.82,85.82,55.57,True
32.0,V2V,vehicle_2,flow_west.1,-88.35,111.35,1049.99,True
32.0,V2V,vehicle_2,flow_west.2,-87.80,110.80,985.49,True
32.0,V2V,vehicle_2,vehicle_0,-75.01,98.01,226.00,True
32.0,V2V,vehicle_2,vehicle_1,-80.31,103.31,415.80,True
33.0,V2I,BS_1,flow_east.1,-81.48,111.48,1066.18,True
33.0,V2I,BS_1,flow_east.2,-77.42,107.42,667.62,True
33.0,V2I,BS_1,flow_west.1,-79.36,109.36,835.27,True
33.0,V2I,BS_1,flow_west.2,-84.24,114.24,1463.92,True
33.0,V2I,BS_1,vehicle_0,-76.18,106.18,579.24,True
33.0,V2I,BS_1,vehicle_1,-75.23,105.23,519.19,True
33.0,V2I,BS_1,vehicle_2,-77.97,107.97,711.40,True
33.0,V2V,flow_east.1,flow_east.2,-90.60,113.60,1359.83,True
33.0,V2V,flow_east.1,flow_west.1,-76.49,99.49,267.91,True
33.0,V2V,flow_east.1,flow_west.2,-95.19,118.19,2308.56,True
33.0,V2V,flow_east.1,vehicle_0,-89.52,112.52,1200.70,True
33.0,V2V,flow_east.1,vehicle_1,-87.98,110.98,1005.90,True
33.0,V2V,flow_east.1,vehicle_2,-91.01,114.01,1425.63,True
33.0,V2V,flow_east.2,flow_east.1,-90.60,113.60,1359.83,True
33.0,V2V,flow_east.2,flow_west.1,-88.69,111.69,1092.19,True
33.0,V2V,flow_east.2,flow_west.2,-87.47,110.47,948.76,True
33.0,V2V,flow_east.2,vehicle_0,-71.96,94.96,159.13,True
33.0,V2V,flow_east.2,vehicle_1,-78.91,101.91,353.93,True
33.0,V2V,flow_east.2,vehicle_2,-64.29,87.29,65.80,True
33.0,V2V,flow_west.1,flow_east.1,-76.49,99.49,267.91,True
33.0,V2V,flow_west.1,flow_east.2,-88.69,111.69,1092.19,True
33.0,V2V,flow_west.1,flow_west.2,-94.12,117.12,2040.83,True
33.0,V2V,flow_west.1,vehicle_0,-87.33,110.33,933.06,True
33.0,V2V,flow_west.1,vehicle_1,-85.29,108.29,738.28,True
33.0,V2V,flow_west.1,vehicle_2,-89.20,112.20,1157.98,True
33.0,V2V,flow_west.2,flow_east.1,-95.19,118.19,2308.56,True
33.0,V2V,flow_west.2,flow_east.2,-87.47,110.47,948.76,True
33.0,V2V,flow_west.2,flow_west.1,-94.12,117.12,2040.83,True
33.0,V2V,flow_west.2,vehicle_0,-88.82,111.82,1107.88,True
33.0,V2V,flow_west.2,vehicle_1,-90.22,113.22,1302.68,True
33.0,V2V,flow_west.2,vehicle_2,-86.85,109.85,882.96,True
33.0,V2V,vehicle_0,flow_east.1,-89.52,112.52,1200.70,True
33.0,V2V,vehicle_0,flow_east.2,-71.96,94.96,159.13,True
33.0,V2V,vehicle_0,flow_west.1,-87.33,110.33,933.06,True
33.0,V2V,vehicle_0,flow_west.2,-88.82,111.82,1107.88,True
33.0,V2V,vehicle_0,vehicle_1,-73.72,96.72,194.80,True
33.0,V2V,vehicle_0,vehicle_2,-74.97,97.97,224.93,True
33.0,V2V,vehicle_1,flow_east.1,-87.98,110.98,1005.90,True
33.0,V2V,vehicle_1,flow_east.2,-78.91,101.91,353.93,True
33.0,V2V,vehicle_1,flow_west.1,-85.29,108.29,738.28,True
33.0,V2V,vehicle_1,flow_west.2,-90.22,113.22,1302.68,True
33.0,V2V,vehicle_1,vehicle_0,-73.72,96.72,194.80,True
33.0,V2V,vehicle_1,vehicle_2,-80.39,103.39,419.73,True
33.0,V2V,vehicle_2,flow_east.1,-91.01,114.01,1425.63,True
33.0,V2V,vehicle_2,flow_east.2,-64.29,87.29,65.80,True
33.0,V2V,vehicle_2,flow_west.1,-89.20,112.20,1157.98,True
33.0,V2V,vehicle_2,flow_west.2,-86.85,109.85,882.96,True
33.0,V2V,vehicle_2,vehicle_0,-74.97,97.97,224.93,True
33.0,V2V,vehicle_2,vehicle_1,-80.39,103.39,419.73,True
34.0,V2I,BS_1,flow_east.1,-81.17,111.17,1028.63,True
34.0,V2I,BS_1,flow_east.2,-77.82,107.82,699.24,True
34.0,V2I,BS_1,flow_west.1,-79.79,109.79,876.79,True
34.0,V2I,BS_1,flow_west.2,-83.96,113.96,1417.14,True
34.0,V2I,BS_1,vehicle_0,-76.57,106.57,605.19,True
34.0,V2I,BS_1,vehicle_1,-75.39,105.39,528.81,True
34.0,V2I,BS_1,vehicle_2,-78.41,108.41,748.43,True
34.0,V2V,flow_east.1,flow_east.2,-90.63,113.63,1364.77,True
34.0,V2V,flow_east.1,flow_west.1,-72.72,95.72,173.56,True
34.0,V2V,flow_east.1,flow_west.2,-94.84,117.84,2215.53,True
34.0,V2V,flow_east.1,vehicle_0,-89.58,112.58,1210.07,True
34.0,V2V,flow_east.1,vehicle_1,-88.05,111.05,1014.40,True
34.0,V2V,flow_east.1,vehicle_2,-91.06,114.06,1434.73,True
34.0,V2V,flow_east.2,flow_east.1,-90.63,113.63,1364.77,True
34.0,V2V,flow_east.2,flow_west.1,-89.45,112.45,1191.58,True
34.0,V2V,flow_east.2,flow_west.2,-86.52,109.52,850.80,True
34.0,V2V,flow_east.2,vehicle_0,-71.72,94.72,154.70,True
34.0,V2V,flow_east.2,vehicle_1,-78.82,101.82,350.37,True
34.0,V2V,flow_east.2,vehicle_2,-64.83,87.83,69.97,True
34.0,V2V,flow_west.1,flow_east.1,-72.72,95.72,173.56,True
34.0,V2V,flow_west.1,flow_east.2,-89.45,112.45,1191.58,True
34.0,V2V,flow_west.1,flow_west.2,-94.13,117.13,2042.27,True
34.0,V2V,flow_west.1,vehicle_0,-88.24,111.24,1036.89,True
34.0,V2V,flow_west.1,vehicle_1,-86.43,109.43,841.23,True
34.0,V2V,flow_west.1,vehicle_2,-89.95,112.95,1261.55,True
34.0,V2V,flow_west.2,flow_east.1,-94.84,117.84,2215.53,True
34.0,V2V,flow_west.2,flow_east.2,-86.52,109.52,850.80,True
34.0,V2V,flow_west.2,flow_west.1,-94.13,117.13,2042.27,True
34.0,V2V,flow_west.2,vehicle_0,-87.97,110.97,1005.49,True
34.0,V2V,flow_west.2,vehicle_1,-89.52,112.52,1201.15,True
34.0,V2V,flow_west.2,vehicle_2,-85.78,108.78,780.84,True
34.0,V2V,vehicle_0,flow_east.1,-89.58,112.58,1210.07,True
34.0,V2V,vehicle_0,flow_east.2,-71.72,94.72,154.70,True
34.0,V2V,vehicle_0,flow_west.1,-88.24,111.24,1036.89,True
34.0,V2V,vehicle_0,flow_west.2,-87.97,110.97,1005.49,True
34.0,V2V,vehicle_0,vehicle_1,-73.76,96.76,195.67,True
34.0,V2V,vehicle_0,vehicle_2,-74.96,97.96,224.67,True
34.0,V2V,vehicle_1,flow_east.1,-88.05,111.05,1014.40,True
34.0,V2V,vehicle_1,flow_east.2,-78.82,101.82,350.37,True
34.0,V2V,vehicle_1,flow_west.1,-86.43,109.43,841.23,True
34.0,V2V,vehicle_1,flow_west.2,-89.52,112.52,1201.15,True
34.0,V2V,vehicle_1,vehicle_0,-73.76,96.76,195.67,True
34.0,V2V,vehicle_1,vehicle_2,-80.40,103.40,420.33,True
34.0,V2V,vehicle_2,flow_east.1,-91.06,114.06,1434.73,True
34.0,V2V,vehicle_2,flow_east.2,-64.83,87.83,69.97,True
34.0,V2V,vehicle_2,flow_west.1,-89.95,112.95,1261.55,True
34.0,V2V,vehicle_2,flow_west.2,-85.78,108.78,780.84,True
34.0,V2V,vehicle_2,vehicle_0,-74.96,97.96,224.67,True
34.0,V2V,vehicle_2,vehicle_1,-80.40,103.40,420.33,True
35.0,V2I,BS_1,flow_east.1,-80.83,110.83,989.09,True
35.0,V2I,BS_1,flow_east.2,-78.20,108.20,730.77,True
35.0,V2I,BS_1,flow_west.1,-80.23,110.23,922.55,True
35.0,V2I,BS_1,flow_west.2,-83.66,113.66,1369.31,True
35.0,V2I,BS_1,vehicle_0,-76.99,106.99,635.31,True
35.0,V2I,BS_1,vehicle_1,-75.62,105.62,542.69,True
35.0,V2I,BS_1,vehicle_2,-78.87,108.87,789.25,True
35.0,V2V,flow_east.1,flow_east.2,-90.62,113.62,1364.20,True
35.0,V2V,flow_east.1,flow_west.1,-65.17,88.17,72.82,True
35.0,V2V,flow_east.1,flow_west.2,-94.45,117.45,2118.26,True
35.0,V2V,flow_east.1,vehicle_0,-89.64,112.64,1218.07,True
35.0,V2V,flow_east.1,vehicle_1,-88.09,111.09,1018.50,True
35.0,V2V,flow_east.1,vehicle_2,-91.12,114.12,1443.70,True
35.0,V2V,flow_east.2,flow_east.1,-90.62,113.62,1364.20,True
35.0,V2V,flow_east.2,flow_west.1,-90.15,113.15,1292.21,True
35.0,V2V,flow_east.2,flow_west.2,-85.48,108.48,754.11,True
35.0,V2V,flow_east.2,vehicle_0,-71.22,94.22,146.13,True
35.0,V2V,flow_east.2,vehicle_1,-78.70,101.70,345.70,True
35.0,V2V,flow_east.2,vehicle_2,-65.93,88.93,79.50,True
35.0,V2V,flow_west.1,flow_east.1,-65.17,88.17,72.82,True
35.0,V2V,flow_west.1,flow_east.2,-90.15,113.15,1292.21,True
35.0,V2V,flow_west.1,flow_west.2,-94.15,117.15,2046.20,True
35.0,V2V,flow_west.1,vehicle_0,-89.11,112.11,1146.08,True
35.0,V2V,flow_west.1,vehicle_1,-87.45,110.45,946.53,True
35.0,V2V,flow_west.1,vehicle_2,-90.67,113.67,1371.71,True
35.0,V2V,flow_west.2,flow_east.1,-94.45,117.45,2118.26,True
35.0,V2V,flow_west.2,flow_east.2,-85.48,108.48,754.11,True
35.0,V2V,flow_west.2,flow_west.1,-94.15,117.15,2046.20,True
35.0,V2V,flow_west.2,vehicle_0,-87.01,110.01,900.23,True
35.0,V2V,flow_west.2,vehicle_1,-88.75,111.75,1099.79,True
35.0,V2V,flow_west.2,vehicle_2,-84.51,107.51,674.62,True
35.0,V2V,vehicle_0,flow_east.1,-89.64,112.64,1218.07,True
35.0,V2V,vehicle_0,flow_east.2,-71.22,94.22,146.13,True
35.0,V2V,vehicle_0,flow_west.1,-89.11,112.11,1146.08,True
35.0,V2V,vehicle_0,flow_west.2,-87.01,110.01,900.23,True
35.0,V2V,vehicle_0,vehicle_1,-73.93,96.93,199.57,True
35.0,V2V,vehicle_0,vehicle_2,-75.00,98.00,225.63,True
35.0,V2V,vehicle_1,flow_east.1,-88.09,111.09,1018.50,True
35.0,V2V,vehicle_1,flow_east.2,-78.70,101.70,345.70,True
35.0,V2V,vehicle_1,flow_west.1,-87.45,110.45,946.53,True
35.0,V2V,vehicle_1,flow_west.2,-88.75,111.75,1099.79,True
35.0,V2V,vehicle_1,vehicle_0,-73.93,96.93,199.57,True
35.0,V2V,vehicle_1,vehicle_2,-80.50,103.50,425.20,True
35.0,V2V,vehicle_2,flow_east.1,-91.12,114.12,1443.70,True
35.0,V2V,vehicle_2,flow_east.2,-65.93,88.93,79.50,True
35.0,V2V,vehicle_2,flow_west.1,-90.67,113.67,1371.71,True
35.0,V2V,vehicle_2,flow_west.2,-84.51,107.51,674.62,True
35.0,V2V,vehicle_2,vehicle_0,-75.00,98.00,225.63,True
35.0,V2V,vehicle_2,vehicle_1,-80.50,103.50,425.20,True
36.0,V2I,BS_1,flow_east.1,-80.49,110.49,950.49,True
36.0,V2I,BS_1,flow_east.2,-78.59,108.59,764.36,True
36.0,V2I,BS_1,flow_west.1,-80.63,110.63,966.84,True
36.0,V2I,BS_1,flow_west.2,-83.37,113.37,1324.39,True
36.0,V2I,BS_1,vehicle_0,-77.41,107.41,666.75,True
36.0,V2I,BS_1,vehicle_1,-75.89,105.89,560.08,True
36.0,V2I,BS_1,vehicle_2,-79.32,109.32,830.88,True
36.0,V2V,flow_east.1,flow_east.2,-90.63,113.63,1364.97,True
36.0,V2V,flow_east.1,flow_west.1,-56.86,79.86,27.98,True
36.0,V2V,flow_east.1,flow_west.2,-94.05,117.05,2024.29,True
36.0,V2V,flow_east.1,vehicle_0,-89.68,112.68,1223.87,True
36.0,V2V,flow_east.1,vehicle_1,-88.11,111.11,1021.43,True
36.0,V2V,flow_east.1,vehicle_2,-91.17,114.17,1452.07,True
36.0,V2V,flow_east.2,flow_east.1,-90.63,113.63,1364.97,True
36.0,V2V,flow_east.2,flow_west.1,-90.79,113.79,1390.87,True
36.0,V2V,flow_east.2,flow_west.2,-84.31,107.31,659.39,True
36.0,V2V,flow_east.2,vehicle_0,-70.92,93.92,141.10,True
36.0,V2V,flow_east.2,vehicle_1,-78.65,101.65,343.53,True
36.0,V2V,flow_east.2,vehicle_2,-66.73,89.73,87.10,True
36.0,V2V,flow_west.1,flow_east.1,-56.86,79.86,27.98,True
36.0,V2V,flow_west.1,flow_east.2,-90.79,113.79,1390.87,True
36.0,V2V,flow_west.1,flow_west.2,-94.16,117.16,2050.13,True
36.0,V2V,flow_west.1,vehicle_0,-89.86,112.86,1249.78,True
36.0,V2V,flow_west.1,vehicle_1,-88.33,111.33,1047.35,True
36.0,V2V,flow_west.1,vehicle_2,-91.32,114.32,1477.97,True
36.0,V2V,flow_west.2,flow_east.1,-94.05,117.05,2024.29,True
36.0,V2V,flow_west.2,flow_east.2,-84.31,107.31,659.39,True
36.0,V2V,flow_west.2,flow_west.1,-94.16,117.16,2050.13,True
36.0,V2V,flow_west.2,vehicle_0,-85.99,108.99,800.47,True
36.0,V2V,flow_west.2,vehicle_1,-87.95,110.95,1002.89,True
36.0,V2V,flow_west.2,vehicle_2,-83.08,106.08,572.30,True
36.0,V2V,vehicle_0,flow_east.1,-89.68,112.68,1223.87,True
36.0,V2V,vehicle_0,flow_east.2,-70.92,93.92,141.10,True
36.0,V2V,vehicle_0,flow_west.1,-89.86,112.86,1249.78,True
36.0,V2V,vehicle_0,flow_west.2,-85.99,108.99,800.47,True
36.0,V2V,vehicle_0,vehicle_1,-74.05,97.05,202.43,True
36.0,V2V,vehicle_0,vehicle_2,-75.09,98.09,228.20,True
36.0,V2V,vehicle_1,flow_east.1,-88.11,111.11,1021.43,True
36.0,V2V,vehicle_1,flow_east.2,-78.65,101.65,343.53,True
36.0,V2V,vehicle_1,flow_west.1,-88.33,111.33,1047.35,True
36.0,V2V,vehicle_1,flow_west.2,-87.95,110.95,1002.89,True
36.0,V2V,vehicle_1,vehicle_0,-74.05,97.05,202.43,True
36.0,V2V,vehicle_1,vehicle_2,-80.61,103.61,430.63,True
36.0,V2V,vehicle_2,flow_east.1,-91.17,114.17,1452.07,True
36.0,V2V,vehicle_2,flow_east.2,-66.73,89.73,87.10,True
36.0,V2V,vehicle_2,flow_west.1,-91.32,114.32,1477.97,True
36.0,V2V,vehicle_2,flow_west.2,-83.08,106.08,572.30,True
36.0,V2V,vehicle_2,vehicle_0,-75.09,98.09,228.20,True
36.0,V2V,vehicle_2,vehicle_1,-80.61,103.61,430.63,True
37.0,V2I,BS_1,flow_east.1,-80.15,110.15,914.10,True
37.0,V2I,BS_1,flow_east.2,-78.99,108.99,800.35,True
37.0,V2I,BS_1,flow_west.1,-81.03,111.03,1012.26,True
37.0,V2I,BS_1,flow_west.2,-83.07,113.07,1280.16,True
37.0,V2I,BS_1,vehicle_0,-77.85,107.85,701.48,True
37.0,V2I,BS_1,vehicle_1,-76.22,106.22,581.84,True
37.0,V2I,BS_1,vehicle_2,-79.74,109.74,872.02,True
37.0,V2V,flow_east.1,flow_east.2,-90.66,113.66,1369.10,True
37.0,V2V,flow_east.1,flow_west.1,-69.71,92.71,122.73,True
37.0,V2V,flow_east.1,flow_west.2,-93.65,116.65,1932.70,True
37.0,V2V,flow_east.1,vehicle_0,-89.75,112.75,1232.93,True
37.0,V2V,flow_east.1,vehicle_1,-88.17,111.17,1028.07,True
37.0,V2V,flow_east.1,vehicle_2,-91.21,114.21,1460.07,True
37.0,V2V,flow_east.2,flow_east.1,-90.66,113.66,1369.10,True
37.0,V2V,flow_east.2,flow_west.1,-91.40,114.40,1491.40,True
37.0,V2V,flow_east.2,flow_west.2,-82.95,105.95,563.67,True
37.0,V2V,flow_east.2,vehicle_0,-70.61,93.61,136.17,True
37.0,V2V,flow_east.2,vehicle_1,-78.58,101.58,341.03,True
37.0,V2V,flow_east.2,vehicle_2,-67.11,90.11,90.97,True
37.0,V2V,flow_west.1,flow_east.1,-69.71,92.71,122.73,True
37.0,V2V,flow_west.1,flow_east.2,-91.40,114.40,1491.40,True
37.0,V2V,flow_west.1,flow_west.2,-94.18,117.18,2054.93,True
37.0,V2V,flow_west.1,vehicle_0,-90.57,113.57,1355.24,True
37.0,V2V,flow_west.1,vehicle_1,-89.14,112.14,1150.38,True
37.0,V2V,flow_west.1,vehicle_2,-91.91,114.91,1582.37,True
37.0,V2V,flow_west.2,flow_east.1,-93.65,116.65,1932.70,True
37.0,V2V,flow_west.2,flow_east.2,-82.95,105.95,563.67,True
37.0,V2V,flow_west.2,flow_west.1,-94.18,117.18,2054.93,True
37.0,V2V,flow_west.2,vehicle_0,-84.83,107.83,699.81,True
37.0,V2V,flow_west.2,vehicle_1,-87.06,110.06,904.66,True
37.0,V2V,flow_west.2,vehicle_2,-81.42,104.42,472.72,True
37.0,V2V,vehicle_0,flow_east.1,-89.75,112.75,1232.93,True
37.0,V2V,vehicle_0,flow_east.2,-70.61,93.61,136.17,True
37.0,V2V,vehicle_0,flow_west.1,-90.57,113.57,1355.24,True
37.0,V2V,vehicle_0,flow_west.2,-84.83,107.83,699.81,True
37.0,V2V,vehicle_0,vehicle_1,-74.16,97.16,204.87,True
37.0,V2V,vehicle_0,vehicle_2,-75.05,98.05,227.13,True
37.0,V2V,vehicle_1,flow_east.1,-88.17,111.17,1028.07,True
37.0,V2V,vehicle_1,flow_east.2,-78.58,101.58,341.03,True
37.0,V2V,vehicle_1,flow_west.1,-89.14,112.14,1150.38,True
37.0,V2V,vehicle_1,flow_west.2,-87.06,110.06,904.66,True
37.0,V2V,vehicle_1,vehicle_0,-74.16,97.16,204.87,True
37.0,V2V,vehicle_1,vehicle_2,-80.64,103.64,432.00,True
37.0,V2V,vehicle_2,flow_east.1,-91.21,114.21,1460.07,True
37.0,V2V,vehicle_2,flow_east.2,-67.11,90.11,90.97,True
37.0,V2V,vehicle_2,flow_west.1,-91.91,114.91,1582.37,True
37.0,V2V,vehicle_2,flow_west.2,-81.42,104.42,472.72,True
37.0,V2V,vehicle_2,vehicle_0,-75.05,98.05,227.13,True
37.0,V2V,vehicle_2,vehicle_1,-80.64,103.64,432.00,True
38.0,V2I,BS_1,flow_east.1,-79.80,109.80,878.34,True
38.0,V2I,BS_1,flow_east.2,-79.39,109.39,837.36,True
38.0,V2I,BS_1,flow_west.1,-81.42,111.42,1058.12,True
38.0,V2I,BS_1,flow_west.2,-82.76,112.76,1234.87,True
38.0,V2I,BS_1,vehicle_0,-78.29,108.29,738.27,True
38.0,V2I,BS_1,vehicle_1,-76.59,106.59,606.62,True
38.0,V2I,BS_1,vehicle_2,-80.17,110.17,916.49,True
38.0,V2V,flow_east.1,flow_east.2,-90.68,113.68,1373.00,True
38.0,V2V,flow_east.1,flow_west.1,-74.72,97.72,218.69,True
38.0,V2V,flow_east.1,flow_west.2,-93.22,116.22,1839.60,True
38.0,V2V,flow_east.1,vehicle_0,-89.81,112.81,1241.87,True
38.0,V2V,flow_east.1,vehicle_1,-88.22,111.22,1033.97,True
38.0,V2V,flow_east.1,vehicle_2,-91.28,114.28,1470.77,True
38.0,V2V,flow_east.2,flow_east.1,-90.68,113.68,1373.00,True
38.0,V2V,flow_east.2,flow_west.1,-91.96,114.96,1591.47,True
38.0,V2V,flow_east.2,flow_west.2,-81.31,104.31,466.69,True
38.0,V2V,flow_east.2,vehicle_0,-70.28,93.28,131.13,True
38.0,V2V,flow_east.2,vehicle_1,-78.53,101.53,339.03,True
38.0,V2V,flow_east.2,vehicle_2,-67.73,90.73,97.77,True
38.0,V2V,flow_west.1,flow_east.1,-74.72,97.72,218.69,True
38.0,V2V,flow_west.1,flow_east.2,-91.96,114.96,1591.47,True
38.0,V2V,flow_west.1,flow_west.2,-94.20,117.20,2058.00,True
38.0,V2V,flow_west.1,vehicle_0,-91.22,114.22,1460.34,True
38.0,V2V,flow_west.1,vehicle_1,-89.88,112.88,1252.45,True
38.0,V2V,flow_west.1,vehicle_2,-92.48,115.48,1689.23,True
38.0,V2V,flow_west.2,flow_east.1,-93.22,116.22,1839.60,True
38.0,V2V,flow_west.2,flow_east.2,-81.31,104.31,466.69,True
38.0,V2V,flow_west.2,flow_west.1,-94.20,117.20,2058.00,True
38.0,V2V,flow_west.2,vehicle_0,-83.46,106.46,597.80,True
38.0,V2V,flow_west.2,vehicle_1,-86.05,109.05,805.67,True
38.0,V2V,flow_west.2,vehicle_2,-79.27,102.27,368.95,True
38.0,V2V,vehicle_0,flow_east.1,-89.81,112.81,1241.87,True
38.0,V2V,vehicle_0,flow_east.2,-70.28,93.28,131.13,True
38.0,V2V,vehicle_0,flow_west.1,-91.22,114.22,1460.34,True
38.0,V2V,vehicle_0,flow_west.2,-83.46,106.46,597.80,True
38.0,V2V,vehicle_0,vehicle_1,-74.28,97.28,207.90,True
38.0,V2V,vehicle_0,vehicle_2,-75.12,98.12,228.90,True
38.0,V2V,vehicle_1,flow_east.1,-88.22,111.22,1033.97,True
38.0,V2V,vehicle_1,flow_east.2,-78.53,101.53,339.03,True
38.0,V2V,vehicle_1,flow_west.1,-89.88,112.88,1252.45,True
38.0,V2V,vehicle_1,flow_west.2,-86.05,109.05,805.67,True
38.0,V2V,vehicle_1,vehicle_0,-74.28,97.28,207.90,True
38.0,V2V,vehicle_1,vehicle_2,-80.73,103.73,436.80,True
38.0,V2V,vehicle_2,flow_east.1,-91.28,114.28,1470.77,True
38.0,V2V,vehicle_2,flow_east.2,-67.73,90.73,97.77,True
38.0,V2V,vehicle_2,flow_west.1,-92.48,115.48,1689.23,True
38.0,V2V,vehicle_2,flow_west.2,-79.27,102.27,368.95,True
38.0,V2V,vehicle_2,vehicle_0,-75.12,98.12,228.90,True
38.0,V2V,vehicle_2,vehicle_1,-80.73,103.73,436.80,True
39.0,V2I,BS_1,flow_east.1,-79.46,109.46,844.56,True
39.0,V2I,BS_1,flow_east.2,-79.76,109.76,873.75,True
39.0,V2I,BS_1,flow_west.1,-81.81,111.81,1106.71,True
39.0,V2I,BS_1,flow_west.2,-82.44,112.44,1189.85,True
39.0,V2I,BS_1,vehicle_0,-78.74,108.74,777.03,True
39.0,V2I,BS_1,vehicle_1,-76.97,106.97,633.74,True
39.0,V2I,BS_1,vehicle_2,-80.60,110.60,962.63,True
39.0,V2V,flow_east.1,flow_east.2,-90.70,113.70,1376.43,True
39.0,V2V,flow_east.1,flow_west.1,-77.91,100.91,315.61,True
39.0,V2V,flow_east.1,flow_west.2,-92.78,115.78,1748.00,True
39.0,V2V,flow_east.1,vehicle_0,-89.88,112.88,1252.57,True
39.0,V2V,flow_east.1,vehicle_1,-88.27,111.27,1040.47,True
39.0,V2V,flow_east.1,vehicle_2,-91.35,114.35,1483.80,True
39.0,V2V,flow_east.2,flow_east.1,-90.70,113.70,1376.43,True
39.0,V2V,flow_east.2,flow_west.1,-92.49,115.49,1691.90,True
39.0,V2V,flow_east.2,flow_west.2,-79.33,102.33,371.69,True
39.0,V2V,flow_east.2,vehicle_0,-69.79,92.79,123.87,True
39.0,V2V,flow_east.2,vehicle_1,-78.45,101.45,335.97,True
39.0,V2V,flow_east.2,vehicle_2,-68.54,91.54,107.37,True
39.0,V2V,flow_west.1,flow_east.1,-77.91,100.91,315.61,True
39.0,V2V,flow_west.1,flow_east.2,-92.49,115.49,1691.90,True
39.0,V2V,flow_west.1,flow_west.2,-94.22,117.22,2063.40,True
39.0,V2V,flow_west.1,vehicle_0,-91.83,114.83,1568.04,True
39.0,V2V,flow_west.1,vehicle_1,-90.57,113.57,1355.94,True
39.0,V2V,flow_west.1,vehicle_2,-93.03,116.03,1799.26,True
39.0,V2V,flow_west.2,flow_east.1,-92.78,115.78,1748.00,True
39.0,V2V,flow_west.2,flow_east.2,-79.33,102.33,371.69,True
39.0,V2V,flow_west.2,flow_west.1,-94.22,117.22,2063.40,True
39.0,V2V,flow_west.2,vehicle_0,-81.83,104.83,495.51,True
39.0,V2V,flow_west.2,vehicle_1,-84.92,107.92,707.58,True
39.0,V2V,flow_west.2,vehicle_2,-76.37,99.37,264.38,True
39.0,V2V,vehicle_0,flow_east.1,-89.88,112.88,1252.57,True
39.0,V2V,vehicle_0,flow_east.2,-69.79,92.79,123.87,True
39.0,V2V,vehicle_0,flow_west.1,-91.83,114.83,1568.04,True
39.0,V2V,vehicle_0,flow_west.2,-81.83,104.83,495.51,True
39.0,V2V,vehicle_0,vehicle_1,-74.46,97.46,212.10,True
39.0,V2V,vehicle_0,vehicle_2,-75.21,98.21,231.23,True
39.0,V2V,vehicle_1,flow_east.1,-88.27,111.27,1040.47,True
39.0,V2V,vehicle_1,flow_east.2,-78.45,101.45,335.97,True
39.0,V2V,vehicle_1,flow_west.1,-90.57,113.57,1355.94,True
39.0,V2V,vehicle_1,flow_west.2,-84.92,107.92,707.58,True
39.0,V2V,vehicle_1,vehicle_0,-74.46,97.46,212.10,True
39.0,V2V,vehicle_1,vehicle_2,-80.86,103.86,443.33,True
39.0,V2V,vehicle_2,flow_east.1,-91.35,114.35,1483.80,True
39.0,V2V,vehicle_2,flow_east.2,-68.54,91.54,107.37,True
39.0,V2V,vehicle_2,flow_west.1,-93.03,116.03,1799.26,True
39.0,V2V,vehicle_2,flow_west.2,-76.37,99.37,264.38,True
39.0,V2V,vehicle_2,vehicle_0,-75.21,98.21,231.23,True
39.0,V2V,vehicle_2,vehicle_1,-80.86,103.86,443.33,True
40.0,V2I,BS_1,flow_east.1,-79.10,109.10,810.02,True
40.0,V2I,BS_1,flow_east.2,-80.15,110.15,913.96,True
40.0,V2I,BS_1,flow_west.1,-82.18,112.18,1154.51,True
40.0,V2I,BS_1,flow_west.2,-82.11,112.11,1145.76,True
40.0,V2I,BS_1,flow_west.3,-80.76,110.76,980.88,True
40.0,V2I,BS_1,vehicle_0,-79.16,109.16,816.19,True
40.0,V2I,BS_1,vehicle_1,-77.36,107.36,663.14,True
40.0,V2I,BS_1,vehicle_2,-81.00,111.00,1007.98,True
40.0,V2V,flow_east.1,flow_east.2,-90.73,113.73,1381.50,True
40.0,V2V,flow_east.1,flow_west.1,-80.25,103.25,413.07,True
40.0,V2V,flow_east.1,flow_west.2,-92.30,115.30,1655.03,True
40.0,V2V,flow_east.1,flow_west.3,-91.26,114.26,1467.61,True
40.0,V2V,flow_east.1,vehicle_0,-89.93,112.93,1259.77,True
40.0,V2V,flow_east.1,vehicle_1,-88.31,111.31,1044.67,True
40.0,V2V,flow_east.1,vehicle_2,-91.41,114.41,1492.87,True
40.0,V2V,flow_east.2,flow_east.1,-90.73,113.73,1381.50,True
40.0,V2V,flow_east.2,flow_west.1,-93.01,116.01,1794.47,True
40.0,V2V,flow_east.2,flow_west.2,-76.67,99.67,273.71,True
40.0,V2V,flow_east.2,flow_west.3,-66.69,89.69,86.73,True
40.0,V2V,flow_east.2,vehicle_0,-69.64,92.64,121.73,True
40.0,V2V,flow_east.2,vehicle_1,-78.48,101.48,336.83,True
40.0,V2V,flow_east.2,vehicle_2,-68.86,91.86,111.37,True
40.0,V2V,flow_west.1,flow_east.1,-80.25,103.25,413.07,True
40.0,V2V,flow_west.1,flow_east.2,-93.01,116.01,1794.47,True
40.0,V2V,flow_west.1,flow_west.2,-94.24,117.24,2067.93,True
40.0,V2V,flow_west.1,flow_west.3,-93.41,116.41,1880.50,True
40.0,V2V,flow_west.1,vehicle_0,-92.40,115.40,1672.73,True
40.0,V2V,flow_west.1,vehicle_1,-91.20,114.20,1457.64,True
40.0,V2V,flow_west.1,vehicle_2,-93.53,116.53,1905.83,True
40.0,V2V,flow_west.2,flow_east.1,-92.30,115.30,1655.03,True
40.0,V2V,flow_west.2,flow_east.2,-76.67,99.67,273.71,True
40.0,V2V,flow_west.2,flow_west.1,-94.24,117.24,2067.93,True
40.0,V2V,flow_west.2,flow_west.3,-73.38,96.38,187.43,True
40.0,V2V,flow_west.2,vehicle_0,-79.87,102.87,395.38,True
40.0,V2V,flow_west.2,vehicle_1,-83.64,106.64,610.43,True
40.0,V2V,flow_west.2,vehicle_2,-72.14,95.14,162.48,True
40.0,V2V,flow_west.3,flow_east.1,-91.26,114.26,1467.61,True
40.0,V2V,flow_west.3,flow_east.2,-66.69,89.69,86.73,True
40.0,V2V,flow_west.3,flow_west.1,-93.41,116.41,1880.50,True
40.0,V2V,flow_west.3,flow_west.2,-73.38,96.38,187.43,True
40.0,V2V,flow_west.3,vehicle_0,-74.29,97.29,208.07,True
40.0,V2V,flow_west.3,vehicle_1,-80.45,103.45,423.03,True
40.0,V2V,flow_west.3,vehicle_2,-56.70,79.70,27.46,True
40.0,V2V,vehicle_0,flow_east.1,-89.93,112.93,1259.77,True
40.0,V2V,vehicle_0,flow_east.2,-69.64,92.64,121.73,True
40.0,V2V,vehicle_0,flow_west.1,-92.40,115.40,1672.73,True
40.0,V2V,vehicle_0,flow_west.2,-79.87,102.87,395.38,True
40.0,V2V,vehicle_0,flow_west.3,-74.29,97.29,208.07,True
40.0,V2V,vehicle_0,vehicle_1,-74.58,97.58,215.10,True
40.0,V2V,vehicle_0,vehicle_2,-75.28,98.28,233.10,True
40.0,V2V,vehicle_1,flow_east.1,-88.31,111.31,1044.67,True
40.0,V2V,vehicle_1,flow_east.2,-78.48,101.48,336.83,True
40.0,V2V,vehicle_1,flow_west.1,-91.20,114.20,1457.64,True
40.0,V2V,vehicle_1,flow_west.2,-83.64,106.64,610.43,True
40.0,V2V,vehicle_1,flow_west.3,-80.45,103.45,423.03,True
40.0,V2V,vehicle_1,vehicle_0,-74.58,97.58,215.10,True
40.0,V2V,vehicle_1,vehicle_2,-80.96,103.96,448.20,True
40.0,V2V,vehicle_2,flow_east.1,-91.41,114.41,1492.87,True
40.0,V2V,vehicle_2,flow_east.2,-68.86,91.86,111.37,True
40.0,V2V,vehicle_2,flow_west.1,-93.53,116.53,1905.83,True
40.0,V2V,vehicle_2,flow_west.2,-72.14,95.14,162.48,True
40.0,V2V,vehicle_2,flow_west.3,-56.70,79.70,27.46,True
40.0,V2V,vehicle_2,vehicle_0,-75.28,98.28,233.10,True
40.0,V2V,vehicle_2,vehicle_1,-80.96,103.96,448.20,True
41.0,V2I,BS_1,flow_east.1,-78.73,108.73,776.43,True
41.0,V2I,BS_1,flow_east.2,-80.52,110.52,954.44,True
41.0,V2I,BS_1,flow_east.3,-75.51,105.51,535.88,True
41.0,V2I,BS_1,flow_west.1,-82.54,112.54,1204.15,True
41.0,V2I,BS_1,flow_west.2,-81.77,111.77,1101.57,True
41.0,V2I,BS_1,flow_west.3,-80.35,110.35,935.49,True
41.0,V2I,BS_1,vehicle_0,-79.61,109.61,858.86,True
41.0,V2I,BS_1,vehicle_1,-77.77,107.77,694.90,True
41.0,V2I,BS_1,vehicle_2,-81.37,111.37,1052.75,True
41.0,V2V,flow_east.1,flow_east.2,-90.76,113.76,1385.87,True
41.0,V2V,flow_east.1,flow_east.3,-85.23,108.23,732.70,True
41.0,V2V,flow_east.1,flow_west.1,-82.11,105.11,512.08,True
41.0,V2V,flow_east.1,flow_west.2,-91.80,114.80,1561.47,True
41.0,V2V,flow_east.1,flow_west.3,-90.66,113.66,1370.11,True
41.0,V2V,flow_east.1,vehicle_0,-90.00,113.00,1269.70,True
41.0,V2V,flow_east.1,vehicle_1,-88.34,111.34,1049.20,True
41.0,V2V,flow_east.1,vehicle_2,-91.45,114.45,1500.40,True
41.0,V2V,flow_east.2,flow_east.1,-90.76,113.76,1385.87,True
41.0,V2V,flow_east.2,flow_east.3,-84.23,107.23,653.17,True
41.0,V2V,flow_east.2,flow_west.1,-93.49,116.49,1897.86,True
41.0,V2V,flow_east.2,flow_west.2,-72.83,95.83,175.89,True
41.0,V2V,flow_east.2,flow_west.3,-53.53,76.53,19.06,True
41.0,V2V,flow_east.2,vehicle_0,-69.23,92.23,116.17,True
41.0,V2V,flow_east.2,vehicle_1,-78.47,101.47,336.67,True
41.0,V2V,flow_east.2,vehicle_2,-69.11,92.11,114.53,True
41.0,V2V,flow_east.3,flow_east.1,-85.23,108.23,732.70,True
41.0,V2V,flow_east.3,flow_east.2,-84.23,107.23,653.17,True
41.0,V2V,flow_east.3,flow_west.1,-89.83,112.83,1244.71,True
41.0,V2V,flow_east.3,flow_west.2,-86.30,109.30,828.80,True
41.0,V2V,flow_east.3,flow_west.3,-84.02,107.02,637.46,True
41.0,V2V,flow_east.3,vehicle_0,-82.53,105.53,537.00,True
41.0,V2V,flow_east.3,vehicle_1,-77.93,100.93,316.50,True
41.0,V2V,flow_east.3,vehicle_2,-85.63,108.63,767.70,True
41.0,V2V,flow_west.1,flow_east.1,-82.11,105.11,512.08,True
41.0,V2V,flow_west.1,flow_east.2,-93.49,116.49,1897.86,True
41.0,V2V,flow_west.1,flow_east.3,-89.83,112.83,1244.71,True
41.0,V2V,flow_west.1,flow_west.2,-94.26,117.26,2073.40,True
41.0,V2V,flow_west.1,flow_west.3,-93.42,116.42,1882.03,True
41.0,V2V,flow_west.1,vehicle_0,-92.94,115.94,1781.70,True
41.0,V2V,flow_west.1,vehicle_1,-91.80,114.80,1561.20,True
41.0,V2V,flow_west.1,vehicle_2,-94.00,117.00,2012.39,True
41.0,V2V,flow_west.2,flow_east.1,-91.80,114.80,1561.47,True
41.0,V2V,flow_west.2,flow_east.2,-72.83,95.83,175.89,True
41.0,V2V,flow_west.2,flow_east.3,-86.30,109.30,828.80,True
41.0,V2V,flow_west.2,flow_west.1,-94.26,117.26,2073.40,True
41.0,V2V,flow_west.2,flow_west.3,-73.56,96.56,191.37,True
41.0,V2V,flow_west.2,vehicle_0,-77.23,100.23,291.93,True
41.0,V2V,flow_west.2,vehicle_1,-82.12,105.12,512.34,True
41.0,V2V,flow_west.2,vehicle_2,-63.77,86.77,61.96,True
41.0,V2V,flow_west.3,flow_east.1,-90.66,113.66,1370.11,True
41.0,V2V,flow_west.3,flow_east.2,-53.53,76.53,19.06,True
41.0,V2V,flow_west.3,flow_east.3,-84.02,107.02,637.46,True
41.0,V2V,flow_west.3,flow_west.1,-93.42,116.42,1882.03,True
41.0,V2V,flow_west.3,flow_west.2,-73.56,96.56,191.37,True
41.0,V2V,flow_west.3,vehicle_0,-68.01,91.01,100.93,True
41.0,V2V,flow_west.3,vehicle_1,-78.06,101.06,321.04,True
41.0,V2V,flow_west.3,vehicle_2,-70.26,93.26,130.77,True
41.0,V2V,vehicle_0,flow_east.1,-90.00,113.00,1269.70,True
41.0,V2V,vehicle_0,flow_east.2,-69.23,92.23,116.17,True
41.0,V2V,vehicle_0,flow_east.3,-82.53,105.53,537.00,True
41.0,V2V,vehicle_0,flow_west.1,-92.94,115.94,1781.70,True
41.0,V2V,vehicle_0,flow_west.2,-77.23,100.23,291.93,True
41.0,V2V,vehicle_0,flow_west.3,-68.01,91.01,100.93,True
41.0,V2V,vehicle_0,vehicle_1,-74.80,97.80,220.50,True
41.0,V2V,vehicle_0,vehicle_2,-75.19,98.19,230.70,True
41.0,V2V,vehicle_1,flow_east.1,-88.34,111.34,1049.20,True
41.0,V2V,vehicle_1,flow_east.2,-78.47,101.47,336.67,True
41.0,V2V,vehicle_1,flow_east.3,-77.93,100.93,316.50,True
41.0,V2V,vehicle_1,flow_west.1,-91.80,114.80,1561.20,True
41.0,V2V,vehicle_1,flow_west.2,-82.12,105.12,512.34,True
41.0,V2V,vehicle_1,flow_west.3,-78.06,101.06,321.04,True
41.0,V2V,vehicle_1,vehicle_0,-74.80,97.80,220.50,True
41.0,V2V,vehicle_1,vehicle_2,-81.01,104.01,451.20,True
41.0,V2V,vehicle_2,flow_east.1,-91.45,114.45,1500.40,True
41.0,V2V,vehicle_2,flow_east.2,-69.11,92.11,114.53,True
41.0,V2V,vehicle_2,flow_east.3,-85.63,108.63,767.70,True
41.0,V2V,vehicle_2,flow_west.1,-94.00,117.00,2012.39,True
41.0,V2V,vehicle_2,flow_west.2,-63.77,86.77,61.96,True
41.0,V2V,vehicle_2,flow_west.3,-70.26,93.26,130.77,True
41.0,V2V,vehicle_2,vehicle_0,-75.19,98.19,230.70,True
41.0,V2V,vehicle_2,vehicle_1,-81.01,104.01,451.20,True
42.0,V2I,BS_1,flow_east.1,-78.36,108.36,743.98,True
42.0,V2I,BS_1,flow_east.2,-80.89,110.89,996.28,True
42.0,V2I,BS_1,flow_east.3,-75.75,105.75,551.17,True
42.0,V2I,BS_1,flow_west.1,-82.89,112.89,1253.55,True
42.0,V2I,BS_1,flow_west.2,-81.41,111.41,1057.62,True
42.0,V2I,BS_1,flow_west.3,-79.93,109.93,891.12,True
42.0,V2I,BS_1,vehicle_0,-80.03,110.03,901.65,True
42.0,V2I,BS_1,vehicle_1,-78.17,108.17,728.17,True
42.0,V2I,BS_1,vehicle_2,-81.76,111.76,1100.27,True
42.0,V2V,flow_east.1,flow_east.2,-90.79,113.79,1391.03,True
42.0,V2V,flow_east.1,flow_east.3,-85.27,108.27,736.20,True
42.0,V2V,flow_east.1,flow_west.1,-83.64,106.64,610.29,True
42.0,V2V,flow_east.1,flow_west.2,-91.26,114.26,1467.71,True
42.0,V2V,flow_east.1,flow_west.3,-90.02,113.02,1272.84,True
42.0,V2V,flow_east.1,vehicle_0,-90.06,113.06,1278.37,True
42.0,V2V,flow_east.1,vehicle_1,-88.38,111.38,1053.30,True
42.0,V2V,flow_east.1,vehicle_2,-91.51,114.51,1510.43,True
42.0,V2V,flow_east.2,flow_east.1,-90.79,113.79,1391.03,True
42.0,V2V,flow_east.2,flow_east.3,-84.25,107.25,654.83,True
42.0,V2V,flow_east.2,flow_west.1,-93.95,116.95,2001.26,True
42.0,V2V,flow_east.2,flow_west.2,-65.70,88.70,77.37,True
42.0,V2V,flow_east.2,flow_west.3,-69.42,92.42,118.71,True
42.0,V2V,flow_east.2,vehicle_0,-68.96,91.96,112.67,True
42.0,V2V,flow_east.2,vehicle_1,-78.50,101.50,337.73,True
42.0,V2V,flow_east.2,vehicle_2,-69.47,92.47,119.40,True
42.0,V2V,flow_east.3,flow_east.1,-85.27,108.27,736.20,True
42.0,V2V,flow_east.3,flow_east.2,-84.25,107.25,654.83,True
42.0,V2V,flow_east.3,flow_west.1,-90.51,113.51,1346.44,True
42.0,V2V,flow_east.3,flow_west.2,-85.21,108.21,731.54,True
42.0,V2V,flow_east.3,flow_west.3,-82.52,105.52,536.71,True
42.0,V2V,flow_east.3,vehicle_0,-82.61,105.61,542.17,True
42.0,V2V,flow_east.3,vehicle_1,-77.95,100.95,317.10,True
42.0,V2V,flow_east.3,vehicle_2,-85.70,108.70,774.23,True
42.0,V2V,flow_west.1,flow_east.1,-83.64,106.64,610.29,True
42.0,V2V,flow_west.1,flow_east.2,-93.95,116.95,2001.26,True
42.0,V2V,flow_west.1,flow_east.3,-90.51,113.51,1346.44,True
42.0,V2V,flow_west.1,flow_west.2,-94.28,117.28,2077.87,True
42.0,V2V,flow_west.1,flow_west.3,-93.42,116.42,1883.00,True
42.0,V2V,flow_west.1,vehicle_0,-93.45,116.45,1888.60,True
42.0,V2V,flow_west.1,vehicle_1,-92.35,115.35,1663.53,True
42.0,V2V,flow_west.1,vehicle_2,-94.46,117.46,2120.66,True
42.0,V2V,flow_west.2,flow_east.1,-91.26,114.26,1467.71,True
42.0,V2V,flow_west.2,flow_east.2,-65.70,88.70,77.37,True
42.0,V2V,flow_west.2,flow_east.3,-85.21,108.21,731.54,True
42.0,V2V,flow_west.2,flow_west.1,-94.28,117.28,2077.87,True
42.0,V2V,flow_west.2,flow_west.3,-73.72,96.72,194.87,True
42.0,V2V,flow_west.2,vehicle_0,-73.48,96.48,189.60,True
42.0,V2V,flow_west.2,vehicle_1,-80.28,103.28,414.50,True
42.0,V2V,flow_west.2,vehicle_2,-60.81,83.81,44.08,True
42.0,V2V,flow_west.3,flow_east.1,-90.02,113.02,1272.84,True
42.0,V2V,flow_west.3,flow_east.2,-69.42,92.42,118.71,True
42.0,V2V,flow_west.3,flow_east.3,-82.52,105.52,536.71,True
42.0,V2V,flow_west.3,flow_west.1,-93.42,116.42,1883.00,True
42.0,V2V,flow_west.3,flow_west.2,-73.72,96.72,194.87,True
42.0,V2V,flow_west.3,vehicle_0,-49.53,72.53,12.03,True
42.0,V2V,flow_west.3,vehicle_1,-74.77,97.77,219.76,True
42.0,V2V,flow_west.3,vehicle_2,-75.45,98.45,237.87,True
42.0,V2V,vehicle_0,flow_east.1,-90.06,113.06,1278.37,True
42.0,V2V,vehicle_0,flow_east.2,-68.96,91.96,112.67,True
42.0,V2V,vehicle_0,flow_east.3,-82.61,105.61,542.17,True
42.0,V2V,vehicle_0,flow_west.1,-93.45,116.45,1888.60,True
42.0,V2V,vehicle_0,flow_west.2,-73.48,96.48,189.60,True
42.0,V2V,vehicle_0,flow_west.3,-49.53,72.53,12.03,True
42.0,V2V,vehicle_0,vehicle_1,-74.97,97.97,225.07,True
42.0,V2V,vehicle_0,vehicle_2,-75.24,98.24,232.07,True
42.0,V2V,vehicle_1,flow_east.1,-88.38,111.38,1053.30,True
42.0,V2V,vehicle_1,flow_east.2,-78.50,101.50,337.73,True
42.0,V2V,vehicle_1,flow_east.3,-77.95,100.95,317.10,True
42.0,V2V,vehicle_1,flow_west.1,-92.35,115.35,1663.53,True
42.0,V2V,vehicle_1,flow_west.2,-80.28,103.28,414.50,True
42.0,V2V,vehicle_1,flow_west.3,-74.77,97.77,219.76,True
42.0,V2V,vehicle_1,vehicle_0,-74.97,97.97,225.07,True
42.0,V2V,vehicle_1,vehicle_2,-81.13,104.13,457.13,True
42.0,V2V,vehicle_2,flow_east.1,-91.51,114.51,1510.43,True
42.0,V2V,vehicle_2,flow_east.2,-69.47,92.47,119.40,True
42.0,V2V,vehicle_2,flow_east.3,-85.70,108.70,774.23,True
42.0,V2V,vehicle_2,flow_west.1,-94.46,117.46,2120.66,True
42.0,V2V,vehicle_2,flow_west.2,-60.81,83.81,44.08,True
42.0,V2V,vehicle_2,flow_west.3,-75.45,98.45,237.87,True
42.0,V2V,vehicle_2,vehicle_0,-75.24,98.24,232.07,True
42.0,V2V,vehicle_2,vehicle_1,-81.13,104.13,457.13,True
43.0,V2I,BS_1,flow_east.1,-77.98,107.98,712.51,True
43.0,V2I,BS_1,flow_east.2,-81.24,111.24,1037.19,True
43.0,V2I,BS_1,flow_east.3,-76.02,106.02,568.51,True
43.0,V2I,BS_1,flow_west.1,-83.21,113.21,1301.12,True
43.0,V2I,BS_1,flow_west.2,-81.05,111.05,1013.88,True
43.0,V2I,BS_1,flow_west.3,-79.50,109.50,848.20,True
43.0,V2I,BS_1,vehicle_0,-80.46,110.46,947.41,True
43.0,V2I,BS_1,vehicle_1,-78.58,108.58,763.23,True
43.0,V2I,BS_1,vehicle_2,-82.11,112.11,1146.17,True
43.0,V2V,flow_east.1,flow_east.2,-90.81,113.81,1394.00,True
43.0,V2V,flow_east.1,flow_east.3,-85.26,108.26,735.77,True
43.0,V2V,flow_east.1,flow_west.1,-84.91,107.91,706.51,True
43.0,V2V,flow_east.1,flow_west.2,-90.68,113.68,1373.17,True
43.0,V2V,flow_east.1,flow_west.3,-89.33,112.33,1175.72,True
43.0,V2V,flow_east.1,vehicle_0,-90.13,113.13,1288.97,True
43.0,V2V,flow_east.1,vehicle_1,-88.41,111.41,1057.27,True
43.0,V2V,flow_east.1,vehicle_2,-91.55,114.55,1517.60,True
43.0,V2V,flow_east.2,flow_east.1,-90.81,113.81,1394.00,True
43.0,V2V,flow_east.2,flow_east.3,-84.29,107.29,658.23,True
43.0,V2V,flow_east.2,flow_west.1,-94.37,117.37,2100.46,True
43.0,V2V,flow_east.2,flow_west.2,-55.32,78.32,23.43,True
43.0,V2V,flow_east.2,flow_west.3,-74.72,97.72,218.59,True
43.0,V2V,flow_east.2,vehicle_0,-68.35,91.35,105.03,True
43.0,V2V,flow_east.2,vehicle_1,-78.47,101.47,336.73,True
43.0,V2V,flow_east.2,vehicle_2,-69.77,92.77,123.60,True
43.0,V2V,flow_east.3,flow_east.1,-85.26,108.26,735.77,True
43.0,V2V,flow_east.3,flow_east.2,-84.29,107.29,658.23,True
43.0,V2V,flow_east.3,flow_west.1,-91.11,114.11,1442.24,True
43.0,V2V,flow_east.3,flow_west.2,-84.02,107.02,637.46,True
43.0,V2V,flow_east.3,flow_west.3,-80.80,103.80,440.03,True
43.0,V2V,flow_east.3,vehicle_0,-82.79,105.79,553.20,True
43.0,V2V,flow_east.3,vehicle_1,-78.07,101.07,321.50,True
43.0,V2V,flow_east.3,vehicle_2,-85.79,108.79,781.83,True
43.0,V2V,flow_west.1,flow_east.1,-84.91,107.91,706.51,True
43.0,V2V,flow_west.1,flow_east.2,-94.37,117.37,2100.46,True
43.0,V2V,flow_west.1,flow_east.3,-91.11,114.11,1442.24,True
43.0,V2V,flow_west.1,flow_west.2,-94.29,117.29,2079.57,True
43.0,V2V,flow_west.1,flow_west.3,-93.42,116.42,1882.10,True
43.0,V2V,flow_west.1,vehicle_0,-93.93,116.93,1995.43,True
43.0,V2V,flow_west.1,vehicle_1,-92.86,115.86,1763.73,True
43.0,V2V,flow_west.1,vehicle_2,-94.87,117.87,2224.06,True
43.0,V2V,flow_west.2,flow_east.1,-90.68,113.68,1373.17,True
43.0,V2V,flow_west.2,flow_east.2,-55.32,78.32,23.43,True
43.0,V2V,flow_west.2,flow_east.3,-84.02,107.02,637.46,True
43.0,V2V,flow_west.2,flow_west.1,-94.29,117.29,2079.57,True
43.0,V2V,flow_west.2,flow_west.3,-73.84,96.84,197.47,True
43.0,V2V,flow_west.2,vehicle_0,-66.50,89.50,84.84,True
43.0,V2V,flow_west.2,vehicle_1,-77.92,100.92,316.05,True
43.0,V2V,flow_west.2,vehicle_2,-71.15,94.15,144.86,True
43.0,V2V,flow_west.3,flow_east.1,-89.33,112.33,1175.72,True
43.0,V2V,flow_west.3,flow_east.2,-74.72,97.72,218.59,True
43.0,V2V,flow_west.3,flow_east.3,-80.80,103.80,440.03,True
43.0,V2V,flow_west.3,flow_west.1,-93.42,116.42,1882.10,True
43.0,V2V,flow_west.3,flow_west.2,-73.84,96.84,197.47,True
43.0,V2V,flow_west.3,vehicle_0,-69.05,92.05,113.80,True
43.0,V2V,flow_west.3,vehicle_1,-69.43,92.43,118.88,True
43.0,V2V,flow_west.3,vehicle_2,-78.61,101.61,342.10,True
43.0,V2V,vehicle_0,flow_east.1,-90.13,113.13,1288.97,True
43.0,V2V,vehicle_0,flow_east.2,-68.35,91.35,105.03,True
43.0,V2V,vehicle_0,flow_east.3,-82.79,105.79,553.20,True
43.0,V2V,vehicle_0,flow_west.1,-93.93,116.93,1995.43,True
43.0,V2V,vehicle_0,flow_west.2,-66.50,89.50,84.84,True
43.0,V2V,vehicle_0,flow_west.3,-69.05,92.05,113.80,True
43.0,V2V,vehicle_0,vehicle_1,-75.23,98.23,231.70,True
43.0,V2V,vehicle_0,vehicle_2,-75.11,98.11,228.63,True
43.0,V2V,vehicle_1,flow_east.1,-88.41,111.41,1057.27,True
43.0,V2V,vehicle_1,flow_east.2,-78.47,101.47,336.73,True
43.0,V2V,vehicle_1,flow_east.3,-78.07,101.07,321.50,True
43.0,V2V,vehicle_1,flow_west.1,-92.86,115.86,1763.73,True
43.0,V2V,vehicle_1,flow_west.2,-77.92,100.92,316.05,True
43.0,V2V,vehicle_1,flow_west.3,-69.43,92.43,118.88,True
43.0,V2V,vehicle_1,vehicle_0,-75.23,98.23,231.70,True
43.0,V2V,vehicle_1,vehicle_2,-81.19,104.19,460.33,True
43.0,V2V,vehicle_2,flow_east.1,-91.55,114.55,1517.60,True
43.0,V2V,vehicle_2,flow_east.2,-69.77,92.77,123.60,True
43.0,V2V,vehicle_2,flow_east.3,-85.79,108.79,781.83,True
43.0,V2V,vehicle_2,flow_west.1,-94.87,117.87,2224.06,True
43.0,V2V,vehicle_2,flow_west.2,-71.15,94.15,144.86,True
43.0,V2V,vehicle_2,flow_west.3,-78.61,101.61,342.10,True
43.0,V2V,vehicle_2,vehicle_0,-75.11,98.11,228.63,True
43.0,V2V,vehicle_2,vehicle_1,-81.19,104.19,460.33,True
44.0,V2I,BS_1,flow_east.1,-77.63,107.63,683.75,True
44.0,V2I,BS_1,flow_east.2,-81.58,111.58,1078.38,True
44.0,V2I,BS_1,flow_east.3,-76.34,106.34,589.43,True
44.0,V2I,BS_1,flow_west.1,-83.53,113.53,1348.97,True
44.0,V2I,BS_1,flow_west.2,-80.66,110.66,969.23,True
44.0,V2I,BS_1,flow_west.3,-79.05,109.05,805.73,True
44.0,V2I,BS_1,vehicle_0,-80.85,110.85,991.06,True
44.0,V2I,BS_1,vehicle_1,-78.99,108.99,799.92,True
44.0,V2I,BS_1,vehicle_2,-82.45,112.45,1192.18,True
44.0,V2V,flow_east.1,flow_east.2,-90.84,113.84,1398.60,True
44.0,V2V,flow_east.1,flow_east.3,-85.30,108.30,738.87,True
44.0,V2V,flow_east.1,flow_west.1,-86.00,109.00,800.77,True
44.0,V2V,flow_east.1,flow_west.2,-90.06,113.06,1278.81,True
44.0,V2V,flow_east.1,flow_west.3,-88.59,111.59,1079.62,True
44.0,V2V,flow_east.1,vehicle_0,-90.19,113.19,1297.93,True
44.0,V2V,flow_east.1,vehicle_1,-88.46,111.46,1063.47,True
44.0,V2V,flow_east.1,vehicle_2,-91.60,114.60,1526.30,True
44.0,V2V,flow_east.2,flow_east.1,-90.84,113.84,1398.60,True
44.0,V2V,flow_east.2,flow_east.3,-84.31,107.31,659.73,True
44.0,V2V,flow_east.2,flow_west.1,-94.77,117.77,2199.33,True
44.0,V2V,flow_east.2,flow_west.2,-69.53,92.53,120.31,True
44.0,V2V,flow_east.2,flow_west.3,-78.01,101.01,319.21,True
44.0,V2V,flow_east.2,vehicle_0,-67.99,90.99,100.67,True
44.0,V2V,flow_east.2,vehicle_1,-78.43,101.43,335.13,True
44.0,V2V,flow_east.2,vehicle_2,-70.05,93.05,127.70,True
44.0,V2V,flow_east.3,flow_east.1,-85.30,108.30,738.87,True
44.0,V2V,flow_east.3,flow_east.2,-84.31,107.31,659.73,True
44.0,V2V,flow_east.3,flow_west.1,-91.68,114.68,1539.60,True
44.0,V2V,flow_east.3,flow_west.2,-82.58,105.58,540.01,True
44.0,V2V,flow_east.3,flow_west.3,-78.58,101.58,340.87,True
44.0,V2V,flow_east.3,vehicle_0,-82.88,105.88,559.07,True
44.0,V2V,flow_east.3,vehicle_1,-78.15,101.15,324.60,True
44.0,V2V,flow_east.3,vehicle_2,-85.85,108.85,787.43,True
44.0,V2V,flow_west.1,flow_east.1,-86.00,109.00,800.77,True
44.0,V2V,flow_west.1,flow_east.2,-94.77,117.77,2199.33,True
44.0,V2V,flow_west.1,flow_east.3,-91.68,114.68,1539.60,True
44.0,V2V,flow_west.1,flow_west.2,-94.29,117.29,2079.47,True
44.0,V2V,flow_west.1,flow_west.3,-93.41,116.41,1880.27,True
44.0,V2V,flow_west.1,vehicle_0,-94.37,117.37,2098.66,True
44.0,V2V,flow_west.1,vehicle_1,-93.34,116.34,1864.20,True
44.0,V2V,flow_west.1,vehicle_2,-95.26,118.26,2327.02,True
44.0,V2V,flow_west.2,flow_east.1,-90.06,113.06,1278.81,True
44.0,V2V,flow_west.2,flow_east.2,-69.53,92.53,120.31,True
44.0,V2V,flow_west.2,flow_east.3,-82.58,105.58,540.01,True
44.0,V2V,flow_west.2,flow_west.1,-94.29,117.29,2079.47,True
44.0,V2V,flow_west.2,flow_west.3,-73.91,96.91,199.20,True
44.0,V2V,flow_west.2,vehicle_0,-54.75,77.75,21.93,True
44.0,V2V,flow_west.2,vehicle_1,-74.60,97.60,215.56,True
44.0,V2V,flow_west.2,vehicle_2,-75.81,98.81,247.76,True
44.0,V2V,flow_west.3,flow_east.1,-88.59,111.59,1079.62,True
44.0,V2V,flow_west.3,flow_east.2,-78.01,101.01,319.21,True
44.0,V2V,flow_west.3,flow_east.3,-78.58,101.58,340.87,True
44.0,V2V,flow_west.3,flow_west.1,-93.41,116.41,1880.27,True
44.0,V2V,flow_west.3,flow_west.2,-73.91,96.91,199.20,True
44.0,V2V,flow_west.3,vehicle_0,-74.72,97.72,218.63,True
44.0,V2V,flow_west.3,vehicle_1,-53.64,76.64,19.31,True
44.0,V2V,flow_west.3,vehicle_2,-80.93,103.93,446.86,True
44.0,V2V,vehicle_0,flow_east.1,-90.19,113.19,1297.93,True
44.0,V2V,vehicle_0,flow_east.2,-67.99,90.99,100.67,True
44.0,V2V,vehicle_0,flow_east.3,-82.88,105.88,559.07,True
44.0,V2V,vehicle_0,flow_west.1,-94.37,117.37,2098.66,True
44.0,V2V,vehicle_0,flow_west.2,-54.75,77.75,21.93,True
44.0,V2V,vehicle_0,flow_west.3,-74.72,97.72,218.63,True
44.0,V2V,vehicle_0,vehicle_1,-75.33,98.33,234.47,True
44.0,V2V,vehicle_0,vehicle_2,-75.10,98.10,228.37,True
44.0,V2V,vehicle_1,flow_east.1,-88.46,111.46,1063.47,True
44.0,V2V,vehicle_1,flow_east.2,-78.43,101.43,335.13,True
44.0,V2V,vehicle_1,flow_east.3,-78.15,101.15,324.60,True
44.0,V2V,vehicle_1,flow_west.1,-93.34,116.34,1864.20,True
44.0,V2V,vehicle_1,flow_west.2,-74.60,97.60,215.56,True
44.0,V2V,vehicle_1,flow_west.3,-53.64,76.64,19.31,True
44.0,V2V,vehicle_1,vehicle_0,-75.33,98.33,234.47,True
44.0,V2V,vehicle_1,vehicle_2,-81.24,104.24,462.83,True
44.0,V2V,vehicle_2,flow_east.1,-91.60,114.60,1526.30,True
44.0,V2V,vehicle_2,flow_east.2,-70.05,93.05,127.70,True
44.0,V2V,vehicle_2,flow_east.3,-85.85,108.85,787.43,True
44.0,V2V,vehicle_2,flow_west.1,-95.26,118.26,2327.02,True
44.0,V2V,vehicle_2,flow_west.2,-75.81,98.81,247.76,True
44.0,V2V,vehicle_2,flow_west.3,-80.93,103.93,446.86,True
44.0,V2V,vehicle_2,vehicle_0,-75.10,98.10,228.37,True
44.0,V2V,vehicle_2,vehicle_1,-81.24,104.24,462.83,True
45.0,V2I,BS_1,flow_east.1,-77.27,107.27,656.19,True
45.0,V2I,BS_1,flow_east.2,-81.92,111.92,1121.10,True
45.0,V2I,BS_1,flow_east.3,-76.68,106.68,613.34,True
45.0,V2I,BS_1,flow_west.1,-83.85,113.85,1399.55,True
45.0,V2I,BS_1,flow_west.2,-80.26,110.26,925.68,True
45.0,V2I,BS_1,flow_west.3,-78.60,108.60,764.75,True
45.0,V2I,BS_1,vehicle_0,-81.25,111.25,1037.60,True
45.0,V2I,BS_1,vehicle_1,-79.40,109.40,838.99,True
45.0,V2I,BS_1,vehicle_2,-82.80,112.80,1241.24,True
45.0,V2V,flow_east.1,flow_east.2,-90.87,113.87,1403.90,True
45.0,V2V,flow_east.1,flow_east.3,-85.34,108.34,742.03,True
45.0,V2V,flow_east.1,flow_west.1,-86.99,109.99,898.16,True
45.0,V2V,flow_east.1,flow_west.2,-89.40,112.40,1184.35,True
45.0,V2V,flow_east.1,flow_west.3,-87.78,110.78,983.16,True
45.0,V2V,flow_east.1,vehicle_0,-90.27,113.27,1308.90,True
45.0,V2V,flow_east.1,vehicle_1,-88.52,111.52,1070.63,True
45.0,V2V,flow_east.1,vehicle_2,-91.66,114.66,1537.40,True
45.0,V2V,flow_east.2,flow_east.1,-90.87,113.87,1403.90,True
45.0,V2V,flow_east.2,flow_east.3,-84.34,107.34,661.87,True
45.0,V2V,flow_east.2,flow_west.1,-95.17,118.17,2302.02,True
45.0,V2V,flow_east.2,flow_west.2,-74.77,97.77,219.86,True
45.0,V2V,flow_east.2,flow_west.3,-80.41,103.41,420.94,True
45.0,V2V,flow_east.2,vehicle_0,-67.48,90.48,95.00,True
45.0,V2V,flow_east.2,vehicle_1,-78.38,101.38,333.27,True
45.0,V2V,flow_east.2,vehicle_2,-70.44,93.44,133.50,True
45.0,V2V,flow_east.3,flow_east.1,-85.34,108.34,742.03,True
45.0,V2V,flow_east.3,flow_east.2,-84.34,107.34,661.87,True
45.0,V2V,flow_east.3,flow_west.1,-92.23,115.23,1640.17,True
45.0,V2V,flow_east.3,flow_west.2,-80.84,103.84,442.40,True
45.0,V2V,flow_east.3,flow_west.3,-75.58,98.58,241.30,True
45.0,V2V,flow_east.3,vehicle_0,-83.00,106.00,566.87,True
45.0,V2V,flow_east.3,vehicle_1,-78.26,101.26,328.60,True
45.0,V2V,flow_east.3,vehicle_2,-85.94,108.94,795.37,True
45.0,V2V,flow_west.1,flow_east.1,-86.99,109.99,898.16,True
45.0,V2V,flow_west.1,flow_east.2,-95.17,118.17,2302.02,True
45.0,V2V,flow_west.1,flow_east.3,-92.23,115.23,1640.17,True
45.0,V2V,flow_west.1,flow_west.2,-94.30,117.30,2082.40,True
45.0,V2V,flow_west.1,flow_west.3,-93.42,116.42,1881.20,True
45.0,V2V,flow_west.1,vehicle_0,-94.80,117.80,2207.03,True
45.0,V2V,flow_west.1,vehicle_1,-93.81,116.81,1968.76,True
45.0,V2V,flow_west.1,vehicle_2,-95.66,118.66,2435.52,True
45.0,V2V,flow_west.2,flow_east.1,-89.40,112.40,1184.35,True
45.0,V2V,flow_west.2,flow_east.2,-74.77,97.77,219.86,True
45.0,V2V,flow_west.2,flow_east.3,-80.84,103.84,442.40,True
45.0,V2V,flow_west.2,flow_west.1,-94.30,117.30,2082.40,True
45.0,V2V,flow_west.2,flow_west.3,-74.00,97.00,201.20,True
45.0,V2V,flow_west.2,vehicle_0,-69.87,92.87,125.06,True
45.0,V2V,flow_west.2,vehicle_1,-69.08,92.08,114.17,True
45.0,V2V,flow_west.2,vehicle_2,-78.89,101.89,353.26,True
45.0,V2V,flow_west.3,flow_east.1,-87.78,110.78,983.16,True
45.0,V2V,flow_west.3,flow_east.2,-80.41,103.41,420.94,True
45.0,V2V,flow_west.3,flow_east.3,-75.58,98.58,241.30,True
45.0,V2V,flow_west.3,flow_west.1,-93.42,116.42,1881.20,True
45.0,V2V,flow_west.3,flow_west.2,-74.00,97.00,201.20,True
45.0,V2V,flow_west.3,vehicle_0,-78.19,101.19,325.97,True
45.0,V2V,flow_west.3,vehicle_1,-66.83,89.83,88.18,True
45.0,V2V,flow_west.3,vehicle_2,-82.80,105.80,554.40,True
45.0,V2V,vehicle_0,flow_east.1,-90.27,113.27,1308.90,True
45.0,V2V,vehicle_0,flow_east.2,-67.48,90.48,95.00,True
45.0,V2V,vehicle_0,flow_east.3,-83.00,106.00,566.87,True
45.0,V2V,vehicle_0,flow_west.1,-94.80,117.80,2207.03,True
45.0,V2V,vehicle_0,flow_west.2,-69.87,92.87,125.06,True
45.0,V2V,vehicle_0,flow_west.3,-78.19,101.19,325.97,True
45.0,V2V,vehicle_0,vehicle_1,-75.47,98.47,238.27,True
45.0,V2V,vehicle_0,vehicle_2,-75.11,98.11,228.50,True
45.0,V2V,vehicle_1,flow_east.1,-88.52,111.52,1070.63,True
45.0,V2V,vehicle_1,flow_east.2,-78.38,101.38,333.27,True
45.0,V2V,vehicle_1,flow_east.3,-78.26,101.26,328.60,True
45.0,V2V,vehicle_1,flow_west.1,-93.81,116.81,1968.76,True
45.0,V2V,vehicle_1,flow_west.2,-69.08,92.08,114.17,True
45.0,V2V,vehicle_1,flow_west.3,-66.83,89.83,88.18,True
45.0,V2V,vehicle_1,vehicle_0,-75.47,98.47,238.27,True
45.0,V2V,vehicle_1,vehicle_2,-81.31,104.31,466.77,True
45.0,V2V,vehicle_2,flow_east.1,-91.66,114.66,1537.40,True
45.0,V2V,vehicle_2,flow_east.2,-70.44,93.44,133.50,True
45.0,V2V,vehicle_2,flow_east.3,-85.94,108.94,795.37,True
45.0,V2V,vehicle_2,flow_west.1,-95.66,118.66,2435.52,True
45.0,V2V,vehicle_2,flow_west.2,-78.89,101.89,353.26,True
45.0,V2V,vehicle_2,flow_west.3,-82.80,105.80,554.40,True
45.0,V2V,vehicle_2,vehicle_0,-75.11,98.11,228.50,True
45.0,V2V,vehicle_2,vehicle_1,-81.31,104.31,466.77,True
46.0,V2I,BS_1,flow_east.1,-76.90,106.90,628.85,True
46.0,V2I,BS_1,flow_east.2,-82.24,112.24,1163.63,True
46.0,V2I,BS_1,flow_east.3,-77.04,107.04,639.05,True
46.0,V2I,BS_1,flow_west.1,-84.14,114.14,1448.19,True
46.0,V2I,BS_1,flow_west.2,-79.85,109.85,883.11,True
46.0,V2I,BS_1,flow_west.3,-78.14,108.14,725.50,True
46.0,V2I,BS_1,vehicle_0,-81.61,111.61,1081.93,True
46.0,V2I,BS_1,vehicle_1,-79.82,109.82,880.23,True
46.0,V2I,BS_1,vehicle_2,-83.14,113.14,1290.25,True
46.0,V2V,flow_east.1,flow_east.2,-90.89,113.89,1405.90,True
46.0,V2V,flow_east.1,flow_east.3,-85.33,108.33,741.50,True
46.0,V2V,flow_east.1,flow_west.1,-87.89,110.89,995.79,True
46.0,V2V,flow_east.1,flow_west.2,-88.66,111.66,1087.45,True
46.0,V2V,flow_east.1,flow_west.3,-86.86,109.86,884.23,True
46.0,V2V,flow_east.1,vehicle_0,-90.30,113.30,1313.97,True
46.0,V2V,flow_east.1,vehicle_1,-88.57,111.57,1076.47,True
46.0,V2V,flow_east.1,vehicle_2,-91.71,114.71,1545.40,True
46.0,V2V,flow_east.2,flow_east.1,-90.89,113.89,1405.90,True
46.0,V2V,flow_east.2,flow_east.3,-84.38,107.38,664.40,True
46.0,V2V,flow_east.2,flow_west.1,-95.54,118.54,2401.66,True
46.0,V2V,flow_east.2,flow_west.2,-77.99,100.99,318.68,True
46.0,V2V,flow_east.2,flow_west.3,-82.28,105.28,521.84,True
46.0,V2V,flow_east.2,vehicle_0,-67.20,90.20,91.93,True
46.0,V2V,flow_east.2,vehicle_1,-78.28,101.28,329.43,True
46.0,V2V,flow_east.2,vehicle_2,-70.82,93.82,139.50,True
46.0,V2V,flow_east.3,flow_east.1,-85.33,108.33,741.50,True
46.0,V2V,flow_east.3,flow_east.2,-84.38,107.38,664.40,True
46.0,V2V,flow_east.3,flow_west.1,-92.72,115.72,1737.27,True
46.0,V2V,flow_east.3,flow_west.2,-78.71,101.71,346.06,True
46.0,V2V,flow_east.3,flow_west.3,-71.04,94.04,143.06,True
46.0,V2V,flow_east.3,vehicle_0,-83.08,106.08,572.47,True
46.0,V2V,flow_east.3,vehicle_1,-78.43,101.43,334.97,True
46.0,V2V,flow_east.3,vehicle_2,-86.03,109.03,803.90,True
46.0,V2V,flow_west.1,flow_east.1,-87.89,110.89,995.79,True
46.0,V2V,flow_west.1,flow_east.2,-95.54,118.54,2401.66,True
46.0,V2V,flow_west.1,flow_east.3,-92.72,115.72,1737.27,True
46.0,V2V,flow_west.1,flow_west.2,-94.30,117.30,2083.13,True
46.0,V2V,flow_west.1,flow_west.3,-93.41,116.41,1879.90,True
46.0,V2V,flow_west.1,vehicle_0,-95.20,118.20,2309.72,True
46.0,V2V,flow_west.1,vehicle_1,-94.26,117.26,2072.23,True
46.0,V2V,flow_west.1,vehicle_2,-96.03,119.03,2541.16,True
46.0,V2V,flow_west.2,flow_east.1,-88.66,111.66,1087.45,True
46.0,V2V,flow_west.2,flow_east.2,-77.99,100.99,318.68,True
46.0,V2V,flow_west.2,flow_east.3,-78.71,101.71,346.06,True
46.0,V2V,flow_west.2,flow_west.1,-94.30,117.30,2083.13,True
46.0,V2V,flow_west.2,flow_west.3,-74.09,97.09,203.23,True
46.0,V2V,flow_west.2,vehicle_0,-75.04,98.04,226.82,True
46.0,V2V,flow_west.2,vehicle_1,-51.61,74.61,15.27,True
46.0,V2V,flow_west.2,vehicle_2,-81.15,104.15,458.12,True
46.0,V2V,flow_west.3,flow_east.1,-86.86,109.86,884.23,True
46.0,V2V,flow_west.3,flow_east.2,-82.28,105.28,521.84,True
46.0,V2V,flow_west.3,flow_east.3,-71.04,94.04,143.06,True
46.0,V2V,flow_west.3,flow_west.1,-93.41,116.41,1879.90,True
46.0,V2V,flow_west.3,flow_west.2,-74.09,97.09,203.23,True
46.0,V2V,flow_west.3,vehicle_0,-80.60,103.60,429.93,True
46.0,V2V,flow_west.3,vehicle_1,-73.62,96.62,192.60,True
46.0,V2V,flow_west.3,vehicle_2,-84.34,107.34,661.32,True
46.0,V2V,vehicle_0,flow_east.1,-90.30,113.30,1313.97,True
46.0,V2V,vehicle_0,flow_east.2,-67.20,90.20,91.93,True
46.0,V2V,vehicle_0,flow_east.3,-83.08,106.08,572.47,True
46.0,V2V,vehicle_0,flow_west.1,-95.20,118.20,2309.72,True
46.0,V2V,vehicle_0,flow_west.2,-75.04,98.04,226.82,True
46.0,V2V,vehicle_0,flow_west.3,-80.60,103.60,429.93,True
46.0,V2V,vehicle_0,vehicle_1,-75.44,98.44,237.50,True
46.0,V2V,vehicle_0,vehicle_2,-75.22,98.22,231.43,True
46.0,V2V,vehicle_1,flow_east.1,-88.57,111.57,1076.47,True
46.0,V2V,vehicle_1,flow_east.2,-78.28,101.28,329.43,True
46.0,V2V,vehicle_1,flow_east.3,-78.43,101.43,334.97,True
46.0,V2V,vehicle_1,flow_west.1,-94.26,117.26,2072.23,True
46.0,V2V,vehicle_1,flow_west.2,-51.61,74.61,15.27,True
46.0,V2V,vehicle_1,flow_west.3,-73.62,96.62,192.60,True
46.0,V2V,vehicle_1,vehicle_0,-75.44,98.44,237.50,True
46.0,V2V,vehicle_1,vehicle_2,-81.35,104.35,468.93,True
46.0,V2V,vehicle_2,flow_east.1,-91.71,114.71,1545.40,True
46.0,V2V,vehicle_2,flow_east.2,-70.82,93.82,139.50,True
46.0,V2V,vehicle_2,flow_east.3,-86.03,109.03,803.90,True
46.0,V2V,vehicle_2,flow_west.1,-96.03,119.03,2541.16,True
46.0,V2V,vehicle_2,flow_west.2,-81.15,104.15,458.12,True
46.0,V2V,vehicle_2,flow_west.3,-84.34,107.34,661.32,True
46.0,V2V,vehicle_2,vehicle_0,-75.22,98.22,231.43,True
46.0,V2V,vehicle_2,vehicle_1,-81.35,104.35,468.93,True
47.0,V2I,BS_1,flow_east.1,-76.55,106.55,603.89,True
47.0,V2I,BS_1,flow_east.2,-82.57,112.57,1207.54,True
47.0,V2I,BS_1,flow_east.3,-77.42,107.42,667.79,True
47.0,V2I,BS_1,flow_west.1,-84.43,114.43,1497.37,True
47.0,V2I,BS_1,flow_west.2,-79.45,109.45,843.70,True
47.0,V2I,BS_1,flow_west.3,-77.68,107.68,688.09,True
47.0,V2I,BS_1,vehicle_0,-81.98,111.98,1128.36,True
47.0,V2I,BS_1,vehicle_1,-80.22,110.22,922.24,True
47.0,V2I,BS_1,vehicle_2,-83.46,113.46,1338.23,True
47.0,V2V,flow_east.1,flow_east.2,-90.91,113.91,1409.30,True
47.0,V2V,flow_east.1,flow_east.3,-85.34,108.34,742.80,True
47.0,V2V,flow_east.1,flow_west.1,-88.70,111.70,1093.45,True
47.0,V2V,flow_east.1,flow_west.2,-87.87,110.87,993.59,True
47.0,V2V,flow_east.1,flow_west.3,-85.83,108.83,785.54,True
47.0,V2V,flow_east.1,vehicle_0,-90.35,113.35,1321.10,True
47.0,V2V,flow_east.1,vehicle_1,-88.61,111.61,1082.30,True
47.0,V2V,flow_east.1,vehicle_2,-91.75,114.75,1552.20,True
47.0,V2V,flow_east.2,flow_east.1,-90.91,113.91,1409.30,True
47.0,V2V,flow_east.2,flow_east.3,-84.40,107.40,666.50,True
47.0,V2V,flow_east.2,flow_west.1,-95.90,118.90,2502.72,True
47.0,V2V,flow_east.2,flow_west.2,-80.31,103.31,415.90,True
47.0,V2V,flow_east.2,flow_west.3,-83.83,106.83,623.92,True
47.0,V2V,flow_east.2,vehicle_0,-66.84,89.84,88.20,True
47.0,V2V,flow_east.2,vehicle_1,-78.22,101.22,327.00,True
47.0,V2V,flow_east.2,vehicle_2,-71.03,94.03,142.90,True
47.0,V2V,flow_east.3,flow_east.1,-85.34,108.34,742.80,True
47.0,V2V,flow_east.3,flow_east.2,-84.40,107.40,666.50,True
47.0,V2V,flow_east.3,flow_west.1,-93.21,116.21,1836.23,True
47.0,V2V,flow_east.3,flow_west.2,-75.92,98.92,250.96,True
47.0,V2V,flow_east.3,flow_west.3,-60.79,83.79,43.98,True
47.0,V2V,flow_east.3,vehicle_0,-83.17,106.17,578.30,True
47.0,V2V,flow_east.3,vehicle_1,-78.54,101.54,339.50,True
47.0,V2V,flow_east.3,vehicle_2,-86.09,109.09,809.40,True
47.0,V2V,flow_west.1,flow_east.1,-88.70,111.70,1093.45,True
47.0,V2V,flow_west.1,flow_east.2,-95.90,118.90,2502.72,True
47.0,V2V,flow_west.1,flow_east.3,-93.21,116.21,1836.23,True
47.0,V2V,flow_west.1,flow_west.2,-94.32,117.32,2086.93,True
47.0,V2V,flow_west.1,flow_west.3,-93.41,116.41,1878.87,True
47.0,V2V,flow_west.1,vehicle_0,-95.58,118.58,2414.52,True
47.0,V2V,flow_west.1,vehicle_1,-94.68,117.68,2175.73,True
47.0,V2V,flow_west.1,vehicle_2,-96.38,119.38,2645.62,True
47.0,V2V,flow_west.2,flow_east.1,-87.87,110.87,993.59,True
47.0,V2V,flow_west.2,flow_east.2,-80.31,103.31,415.90,True
47.0,V2V,flow_west.2,flow_east.3,-75.92,98.92,250.96,True
47.0,V2V,flow_west.2,flow_west.1,-94.32,117.32,2086.93,True
47.0,V2V,flow_west.2,flow_west.3,-74.29,97.29,208.07,True
47.0,V2V,flow_west.2,vehicle_0,-78.24,101.24,327.74,True
47.0,V2V,flow_west.2,vehicle_1,-66.95,89.95,89.41,True
47.0,V2V,flow_west.2,vehicle_2,-82.87,105.87,558.77,True
47.0,V2V,flow_west.3,flow_east.1,-85.83,108.83,785.54,True
47.0,V2V,flow_west.3,flow_east.2,-83.83,106.83,623.92,True
47.0,V2V,flow_west.3,flow_east.3,-60.79,83.79,43.98,True
47.0,V2V,flow_west.3,flow_west.1,-93.41,116.41,1878.87,True
47.0,V2V,flow_west.3,flow_west.2,-74.29,97.29,208.07,True
47.0,V2V,flow_west.3,vehicle_0,-82.51,105.51,535.74,True
47.0,V2V,flow_west.3,vehicle_1,-77.38,100.38,297.02,True
47.0,V2V,flow_west.3,vehicle_2,-85.62,108.62,766.81,True
47.0,V2V,vehicle_0,flow_east.1,-90.35,113.35,1321.10,True
47.0,V2V,vehicle_0,flow_east.2,-66.84,89.84,88.20,True
47.0,V2V,vehicle_0,flow_east.3,-83.17,106.17,578.30,True
47.0,V2V,vehicle_0,flow_west.1,-95.58,118.58,2414.52,True
47.0,V2V,vehicle_0,flow_west.2,-78.24,101.24,327.74,True
47.0,V2V,vehicle_0,flow_west.3,-82.51,105.51,535.74,True
47.0,V2V,vehicle_0,vehicle_1,-75.49,98.49,238.80,True
47.0,V2V,vehicle_0,vehicle_2,-75.20,98.20,231.10,True
47.0,V2V,vehicle_1,flow_east.1,-88.61,111.61,1082.30,True
47.0,V2V,vehicle_1,flow_east.2,-78.22,101.22,327.00,True
47.0,V2V,vehicle_1,flow_east.3,-78.54,101.54,339.50,True
47.0,V2V,vehicle_1,flow_west.1,-94.68,117.68,2175.73,True
47.0,V2V,vehicle_1,flow_west.2,-66.95,89.95,89.41,True
47.0,V2V,vehicle_1,flow_west.3,-77.38,100.38,297.02,True
47.0,V2V,vehicle_1,vehicle_0,-75.49,98.49,238.80,True
47.0,V2V,vehicle_1,vehicle_2,-81.37,104.37,469.90,True
47.0,V2V,vehicle_2,flow_east.1,-91.75,114.75,1552.20,True
47.0,V2V,vehicle_2,flow_east.2,-71.03,94.03,142.90,True
47.0,V2V,vehicle_2,flow_east.3,-86.09,109.09,809.40,True
47.0,V2V,vehicle_2,flow_west.1,-96.38,119.38,2645.62,True
47.0,V2V,vehicle_2,flow_west.2,-82.87,105.87,558.77,True
47.0,V2V,vehicle_2,flow_west.3,-85.62,108.62,766.81,True
47.0,V2V,vehicle_2,vehicle_0,-75.20,98.20,231.10,True
47.0,V2V,vehicle_2,vehicle_1,-81.37,104.37,469.90,True
48.0,V2I,BS_1,flow_east.1,-76.22,106.22,581.40,True
48.0,V2I,BS_1,flow_east.2,-82.87,112.87,1251.02,True
48.0,V2I,BS_1,flow_east.3,-77.80,107.80,697.77,True
48.0,V2I,BS_1,flow_west.1,-84.73,114.73,1549.65,True
48.0,V2I,BS_1,flow_west.2,-79.05,109.05,805.28,True
48.0,V2I,BS_1,flow_west.3,-77.22,107.22,652.71,True
48.0,V2I,BS_1,vehicle_0,-82.33,112.33,1174.59,True
48.0,V2I,BS_1,vehicle_1,-80.60,110.60,962.83,True
48.0,V2I,BS_1,vehicle_2,-83.76,113.76,1386.01,True
48.0,V2V,flow_east.1,flow_east.2,-90.92,113.92,1411.83,True
48.0,V2V,flow_east.1,flow_east.3,-85.35,108.35,743.07,True
48.0,V2V,flow_east.1,flow_west.1,-89.47,112.47,1194.18,True
48.0,V2V,flow_east.1,flow_west.2,-87.01,110.01,899.73,True
48.0,V2V,flow_east.1,flow_west.3,-84.66,107.66,686.55,True
48.0,V2V,flow_east.1,vehicle_0,-90.39,113.39,1327.43,True
48.0,V2V,flow_east.1,vehicle_1,-88.64,111.64,1085.40,True
48.0,V2V,flow_east.1,vehicle_2,-91.78,114.78,1558.47,True
48.0,V2V,flow_east.2,flow_east.1,-90.92,113.92,1411.83,True
48.0,V2V,flow_east.2,flow_east.3,-84.43,107.43,668.77,True
48.0,V2V,flow_east.2,flow_west.1,-96.25,119.25,2605.99,True
48.0,V2V,flow_east.2,flow_west.2,-82.12,105.12,512.28,True
48.0,V2V,flow_east.2,flow_west.3,-85.14,108.14,725.45,True
48.0,V2V,flow_east.2,vehicle_0,-66.45,89.45,84.40,True
48.0,V2V,flow_east.2,vehicle_1,-78.20,101.20,326.43,True
48.0,V2V,flow_east.2,vehicle_2,-71.25,94.25,146.63,True
48.0,V2V,flow_east.3,flow_east.1,-85.35,108.35,743.07,True
48.0,V2V,flow_east.3,flow_east.2,-84.43,107.43,668.77,True
48.0,V2V,flow_east.3,flow_west.1,-93.67,116.67,1937.23,True
48.0,V2V,flow_east.3,flow_west.2,-71.84,94.84,156.96,True
48.0,V2V,flow_east.3,flow_west.3,-63.14,86.14,57.60,True
48.0,V2V,flow_east.3,vehicle_0,-83.26,106.26,584.37,True
48.0,V2V,flow_east.3,vehicle_1,-78.62,101.62,342.33,True
48.0,V2V,flow_east.3,vehicle_2,-86.15,109.15,815.40,True
48.0,V2V,flow_west.1,flow_east.1,-89.47,112.47,1194.18,True
48.0,V2V,flow_west.1,flow_east.2,-96.25,119.25,2605.99,True
48.0,V2V,flow_west.1,flow_east.3,-93.67,116.67,1937.23,True
48.0,V2V,flow_west.1,flow_west.2,-94.35,117.35,2093.80,True
48.0,V2V,flow_west.1,flow_west.3,-93.41,116.41,1880.60,True
48.0,V2V,flow_west.1,vehicle_0,-95.96,118.96,2521.59,True
48.0,V2V,flow_west.1,vehicle_1,-95.08,118.08,2279.56,True
48.0,V2V,flow_west.1,vehicle_2,-96.72,119.72,2752.62,True
48.0,V2V,flow_west.2,flow_east.1,-87.01,110.01,899.73,True
48.0,V2V,flow_west.2,flow_east.2,-82.12,105.12,512.28,True
48.0,V2V,flow_west.2,flow_east.3,-71.84,94.84,156.96,True
48.0,V2V,flow_west.2,flow_west.1,-94.35,117.35,2093.80,True
48.0,V2V,flow_west.2,flow_west.3,-74.50,97.50,213.20,True
48.0,V2V,flow_west.2,vehicle_0,-80.55,103.55,427.90,True
48.0,V2V,flow_west.2,vehicle_1,-73.32,96.32,186.04,True
48.0,V2V,flow_west.2,vehicle_2,-84.30,107.30,658.89,True
48.0,V2V,flow_west.3,flow_east.1,-84.66,107.66,686.55,True
48.0,V2V,flow_west.3,flow_east.2,-85.14,108.14,725.45,True
48.0,V2V,flow_west.3,flow_east.3,-63.14,86.14,57.60,True
48.0,V2V,flow_west.3,flow_west.1,-93.41,116.41,1880.60,True
48.0,V2V,flow_west.3,flow_west.2,-74.50,97.50,213.20,True
48.0,V2V,flow_west.3,vehicle_0,-84.07,107.07,641.06,True
48.0,V2V,flow_west.3,vehicle_1,-79.95,102.95,399.08,True
48.0,V2V,flow_west.3,vehicle_2,-86.74,109.74,872.07,True
48.0,V2V,vehicle_0,flow_east.1,-90.39,113.39,1327.43,True
48.0,V2V,vehicle_0,flow_east.2,-66.45,89.45,84.40,True
48.0,V2V,vehicle_0,flow_east.3,-83.26,106.26,584.37,True
48.0,V2V,vehicle_0,flow_west.1,-95.96,118.96,2521.59,True
48.0,V2V,vehicle_0,flow_west.2,-80.55,103.55,427.90,True
48.0,V2V,vehicle_0,flow_west.3,-84.07,107.07,641.06,True
48.0,V2V,vehicle_0,vehicle_1,-75.60,98.60,242.03,True
48.0,V2V,vehicle_0,vehicle_2,-75.20,98.20,231.03,True
48.0,V2V,vehicle_1,flow_east.1,-88.64,111.64,1085.40,True
48.0,V2V,vehicle_1,flow_east.2,-78.20,101.20,326.43,True
48.0,V2V,vehicle_1,flow_east.3,-78.62,101.62,342.33,True
48.0,V2V,vehicle_1,flow_west.1,-95.08,118.08,2279.56,True
48.0,V2V,vehicle_1,flow_west.2,-73.32,96.32,186.04,True
48.0,V2V,vehicle_1,flow_west.3,-79.95,102.95,399.08,True
48.0,V2V,vehicle_1,vehicle_0,-75.60,98.60,242.03,True
48.0,V2V,vehicle_1,vehicle_2,-81.43,104.43,473.07,True
48.0,V2V,vehicle_2,flow_east.1,-91.78,114.78,1558.47,True
48.0,V2V,vehicle_2,flow_east.2,-71.25,94.25,146.63,True
48.0,V2V,vehicle_2,flow_east.3,-86.15,109.15,815.40,True
48.0,V2V,vehicle_2,flow_west.1,-96.72,119.72,2752.62,True
48.0,V2V,vehicle_2,flow_west.2,-84.30,107.30,658.89,True
48.0,V2V,vehicle_2,flow_west.3,-86.74,109.74,872.07,True
48.0,V2V,vehicle_2,vehicle_0,-75.20,98.20,231.03,True
48.0,V2V,vehicle_2,vehicle_1,-81.43,104.43,473.07,True
49.0,V2I,BS_1,flow_east.1,-75.93,105.93,562.73,True
49.0,V2I,BS_1,flow_east.2,-83.15,113.15,1292.30,True
49.0,V2I,BS_1,flow_east.3,-78.18,108.18,729.07,True
49.0,V2I,BS_1,flow_west.1,-85.00,115.00,1598.60,True
49.0,V2I,BS_1,flow_west.2,-78.63,108.63,767.99,True
49.0,V2I,BS_1,flow_west.3,-76.79,106.79,620.94,True
49.0,V2I,BS_1,vehicle_0,-82.65,112.65,1219.92,True
49.0,V2I,BS_1,vehicle_1,-80.96,110.96,1003.88,True
49.0,V2I,BS_1,vehicle_2,-84.08,114.08,1436.79,True
49.0,V2V,flow_east.1,flow_east.2,-90.94,113.94,1414.23,True
49.0,V2V,flow_east.1,flow_east.3,-85.38,108.38,745.50,True
49.0,V2V,flow_east.1,flow_west.1,-90.13,113.13,1288.58,True
49.0,V2V,flow_east.1,flow_west.2,-86.08,109.08,808.44,True
49.0,V2V,flow_east.1,flow_west.3,-83.37,106.37,591.83,True
49.0,V2V,flow_east.1,vehicle_0,-90.44,113.44,1334.90,True
49.0,V2V,flow_east.1,vehicle_1,-88.68,111.68,1090.83,True
49.0,V2V,flow_east.1,vehicle_2,-91.85,114.85,1570.27,True
49.0,V2V,flow_east.2,flow_east.1,-90.94,113.94,1414.23,True
49.0,V2V,flow_east.2,flow_east.3,-84.43,107.43,668.73,True
49.0,V2V,flow_east.2,flow_west.1,-96.56,119.56,2702.79,True
49.0,V2V,flow_east.2,flow_west.2,-83.58,106.58,605.96,True
49.0,V2V,flow_east.2,flow_west.3,-86.23,109.23,822.57,True
49.0,V2V,flow_east.2,vehicle_0,-65.92,88.92,79.33,True
49.0,V2V,flow_east.2,vehicle_1,-78.12,101.12,323.40,True
49.0,V2V,flow_east.2,vehicle_2,-71.79,94.79,156.03,True
49.0,V2V,flow_east.3,flow_east.1,-85.38,108.38,745.50,True
49.0,V2V,flow_east.3,flow_east.2,-84.43,107.43,668.73,True
49.0,V2V,flow_east.3,flow_west.1,-94.09,117.09,2034.06,True
49.0,V2V,flow_east.3,flow_west.2,-64.02,87.02,63.77,True
49.0,V2V,flow_east.3,flow_west.3,-71.69,94.69,154.14,True
49.0,V2V,flow_east.3,vehicle_0,-83.34,106.34,589.40,True
49.0,V2V,flow_east.3,vehicle_1,-78.69,101.69,345.33,True
49.0,V2V,flow_east.3,vehicle_2,-86.25,109.25,824.77,True
49.0,V2V,flow_west.1,flow_east.1,-90.13,113.13,1288.58,True
49.0,V2V,flow_west.1,flow_east.2,-96.56,119.56,2702.79,True
49.0,V2V,flow_west.1,flow_east.3,-94.09,117.09,2034.06,True
49.0,V2V,flow_west.1,flow_west.2,-94.36,117.36,2096.90,True
49.0,V2V,flow_west.1,flow_west.3,-93.41,116.41,1880.27,True
49.0,V2V,flow_west.1,vehicle_0,-96.30,119.30,2623.46,True
49.0,V2V,flow_west.1,vehicle_1,-95.46,118.46,2379.39,True
49.0,V2V,flow_west.1,vehicle_2,-97.05,120.05,2858.82,True
49.0,V2V,flow_west.2,flow_east.1,-86.08,109.08,808.44,True
49.0,V2V,flow_west.2,flow_east.2,-83.58,106.58,605.96,True
49.0,V2V,flow_west.2,flow_east.3,-64.02,87.02,63.77,True
49.0,V2V,flow_west.2,flow_west.1,-94.36,117.36,2096.90,True
49.0,V2V,flow_west.2,flow_west.3,-74.64,97.64,216.63,True
49.0,V2V,flow_west.2,vehicle_0,-82.36,105.36,526.64,True
49.0,V2V,flow_west.2,vehicle_1,-76.95,99.95,282.67,True
49.0,V2V,flow_west.2,vehicle_2,-85.57,108.57,761.97,True
49.0,V2V,flow_west.3,flow_east.1,-83.37,106.37,591.83,True
49.0,V2V,flow_west.3,flow_east.2,-86.23,109.23,822.57,True
49.0,V2V,flow_west.3,flow_east.3,-71.69,94.69,154.14,True
49.0,V2V,flow_west.3,flow_west.1,-93.41,116.41,1880.27,True
49.0,V2V,flow_west.3,flow_west.2,-74.64,97.64,216.63,True
49.0,V2V,flow_west.3,vehicle_0,-85.35,108.35,743.24,True
49.0,V2V,flow_west.3,vehicle_1,-81.89,104.89,499.21,True
49.0,V2V,flow_west.3,vehicle_2,-87.74,110.74,978.59,True
49.0,V2V,vehicle_0,flow_east.1,-90.44,113.44,1334.90,True
49.0,V2V,vehicle_0,flow_east.2,-65.92,88.92,79.33,True
49.0,V2V,vehicle_0,flow_east.3,-83.34,106.34,589.40,True
49.0,V2V,vehicle_0,flow_west.1,-96.30,119.30,2623.46,True
49.0,V2V,vehicle_0,flow_west.2,-82.36,105.36,526.64,True
49.0,V2V,vehicle_0,flow_west.3,-85.35,108.35,743.24,True
49.0,V2V,vehicle_0,vehicle_1,-75.68,98.68,244.07,True
49.0,V2V,vehicle_0,vehicle_2,-75.36,98.36,235.37,True
49.0,V2V,vehicle_1,flow_east.1,-88.68,111.68,1090.83,True
49.0,V2V,vehicle_1,flow_east.2,-78.12,101.12,323.40,True
49.0,V2V,vehicle_1,flow_east.3,-78.69,101.69,345.33,True
49.0,V2V,vehicle_1,flow_west.1,-95.46,118.46,2379.39,True
49.0,V2V,vehicle_1,flow_west.2,-76.95,99.95,282.67,True
49.0,V2V,vehicle_1,flow_west.3,-81.89,104.89,499.21,True
49.0,V2V,vehicle_1,vehicle_0,-75.68,98.68,244.07,True
49.0,V2V,vehicle_1,vehicle_2,-81.54,104.54,479.43,True
49.0,V2V,vehicle_2,flow_east.1,-91.85,114.85,1570.27,True
49.0,V2V,vehicle_2,flow_east.2,-71.79,94.79,156.03,True
49.0,V2V,vehicle_2,flow_east.3,-86.25,109.25,824.77,True
49.0,V2V,vehicle_2,flow_west.1,-97.05,120.05,2858.82,True
49.0,V2V,vehicle_2,flow_west.2,-85.57,108.57,761.97,True
49.0,V2V,vehicle_2,flow_west.3,-87.74,110.74,978.59,True
49.0,V2V,vehicle_2,vehicle_0,-75.36,98.36,235.37,True
49.0,V2V,vehicle_2,vehicle_1,-81.54,104.54,479.43,True
50.0,V2I,BS_1,flow_east.1,-75.68,105.68,546.68,True
50.0,V2I,BS_1,flow_east.2,-83.45,113.45,1337.27,True
50.0,V2I,BS_1,flow_east.3,-78.56,108.56,761.16,True
50.0,V2I,BS_1,flow_east.4,-80.62,110.62,965.39,True
50.0,V2I,BS_1,flow_west.1,-85.27,115.27,1648.60,True
50.0,V2I,BS_1,flow_west.2,-78.21,108.21,731.49,True
50.0,V2I,BS_1,flow_west.3,-76.36,106.36,590.81,True
50.0,V2I,BS_1,flow_west.4,-85.65,115.65,1721.86,True
50.0,V2I,BS_1,vehicle_0,-82.94,112.94,1261.24,True
50.0,V2I,BS_1,vehicle_1,-81.34,111.34,1048.88,True
50.0,V2I,BS_1,vehicle_2,-84.37,114.37,1487.15,True
50.0,V2V,flow_east.1,flow_east.2,-90.97,113.97,1420.13,True
50.0,V2V,flow_east.1,flow_east.3,-85.39,108.39,746.90,True
50.0,V2V,flow_east.1,flow_east.4,-87.95,110.95,1002.73,True
50.0,V2V,flow_east.1,flow_west.1,-90.75,113.75,1384.14,True
50.0,V2V,flow_east.1,flow_west.2,-85.03,108.03,716.18,True
50.0,V2V,flow_east.1,flow_west.3,-81.81,104.81,494.55,True
50.0,V2V,flow_east.1,flow_west.4,-93.19,116.19,1832.23,True
50.0,V2V,flow_east.1,vehicle_0,-90.45,113.45,1337.33,True
50.0,V2V,flow_east.1,vehicle_1,-88.75,111.75,1099.87,True
50.0,V2V,flow_east.1,vehicle_2,-91.91,114.91,1581.10,True
50.0,V2V,flow_east.2,flow_east.1,-90.97,113.97,1420.13,True
50.0,V2V,flow_east.2,flow_east.3,-84.49,107.49,673.23,True
50.0,V2V,flow_east.2,flow_east.4,-80.34,103.34,417.40,True
50.0,V2V,flow_east.2,flow_west.1,-96.88,119.88,2804.25,True
50.0,V2V,flow_east.2,flow_west.2,-84.88,107.88,704.11,True
50.0,V2V,flow_east.2,flow_west.3,-87.26,110.26,925.76,True
50.0,V2V,flow_east.2,flow_west.4,-80.23,103.23,412.20,True
50.0,V2V,flow_east.2,vehicle_0,-66.29,89.29,82.80,True
50.0,V2V,flow_east.2,vehicle_1,-78.04,101.04,320.27,True
50.0,V2V,flow_east.2,vehicle_2,-72.06,95.06,160.97,True
50.0,V2V,flow_east.3,flow_east.1,-85.39,108.39,746.90,True
50.0,V2V,flow_east.3,flow_east.2,-84.49,107.49,673.23,True
50.0,V2V,flow_east.3,flow_east.4,-76.09,99.09,255.83,True
50.0,V2V,flow_east.3,flow_west.1,-94.50,117.50,2131.03,True
50.0,V2V,flow_east.3,flow_west.2,-58.19,81.19,32.59,True
50.0,V2V,flow_east.3,flow_west.3,-75.98,98.98,252.69,True
50.0,V2V,flow_east.3,flow_west.4,-88.64,111.64,1085.35,True
50.0,V2V,flow_east.3,vehicle_0,-83.35,106.35,590.43,True
50.0,V2V,flow_east.3,vehicle_1,-78.88,101.88,352.97,True
50.0,V2V,flow_east.3,vehicle_2,-86.35,109.35,834.20,True
50.0,V2V,flow_east.4,flow_east.1,-87.95,110.95,1002.73,True
50.0,V2V,flow_east.4,flow_east.2,-80.34,103.34,417.40,True
50.0,V2V,flow_east.4,flow_east.3,-76.09,99.09,255.83,True
50.0,V2V,flow_east.4,flow_west.1,-95.48,118.48,2386.86,True
50.0,V2V,flow_east.4,flow_west.2,-77.08,100.08,286.83,True
50.0,V2V,flow_east.4,flow_west.3,-82.05,105.05,508.41,True
50.0,V2V,flow_east.4,flow_west.4,-86.30,109.30,829.54,True
50.0,V2V,flow_east.4,vehicle_0,-78.42,101.42,334.60,True
50.0,V2V,flow_east.4,vehicle_1,-67.67,90.67,97.13,True
50.0,V2V,flow_east.4,vehicle_2,-83.17,106.17,578.37,True
50.0,V2V,flow_west.1,flow_east.1,-90.75,113.75,1384.14,True
50.0,V2V,flow_west.1,flow_east.2,-96.88,119.88,2804.25,True
50.0,V2V,flow_west.1,flow_east.3,-94.50,117.50,2131.03,True
50.0,V2V,flow_west.1,flow_east.4,-95.48,118.48,2386.86,True
50.0,V2V,flow_west.1,flow_west.2,-94.37,117.37,2100.20,True
50.0,V2V,flow_west.1,flow_west.3,-93.40,116.40,1878.53,True
50.0,V2V,flow_west.1,flow_west.4,-98.07,121.07,3216.30,True
50.0,V2V,flow_west.1,vehicle_0,-96.62,119.62,2721.45,True
50.0,V2V,flow_west.1,vehicle_1,-95.83,118.83,2483.99,True
50.0,V2V,flow_west.1,vehicle_2,-97.37,120.37,2965.22,True
50.0,V2V,flow_west.2,flow_east.1,-85.03,108.03,716.18,True
50.0,V2V,flow_west.2,flow_east.2,-84.88,107.88,704.11,True
50.0,V2V,flow_west.2,flow_east.3,-58.19,81.19,32.59,True
50.0,V2V,flow_west.2,flow_east.4,-77.08,100.08,286.83,True
50.0,V2V,flow_west.2,flow_west.1,-94.37,117.37,2100.20,True
50.0,V2V,flow_west.2,flow_west.3,-74.84,97.84,221.67,True
50.0,V2V,flow_west.2,flow_west.4,-88.88,111.88,1116.10,True
50.0,V2V,flow_west.2,vehicle_0,-83.79,106.79,621.32,True
50.0,V2V,flow_west.2,vehicle_1,-79.61,102.61,383.91,True
50.0,V2V,flow_west.2,vehicle_2,-86.67,109.67,865.07,True
50.0,V2V,flow_west.3,flow_east.1,-81.81,104.81,494.55,True
50.0,V2V,flow_west.3,flow_east.2,-87.26,110.26,925.76,True
50.0,V2V,flow_west.3,flow_east.3,-75.98,98.98,252.69,True
50.0,V2V,flow_west.3,flow_east.4,-82.05,105.05,508.41,True
50.0,V2V,flow_west.3,flow_west.1,-93.40,116.40,1878.53,True
50.0,V2V,flow_west.3,flow_west.2,-74.84,97.84,221.67,True
50.0,V2V,flow_west.3,flow_west.4,-90.45,113.45,1337.77,True
50.0,V2V,flow_west.3,vehicle_0,-86.44,109.44,842.97,True
50.0,V2V,flow_west.3,vehicle_1,-83.57,106.57,605.53,True
50.0,V2V,flow_west.3,vehicle_2,-88.65,111.65,1086.72,True
50.0,V2V,flow_west.4,flow_east.1,-93.19,116.19,1832.23,True
50.0,V2V,flow_west.4,flow_east.2,-80.23,103.23,412.20,True
50.0,V2V,flow_west.4,flow_east.3,-88.64,111.64,1085.35,True
50.0,V2V,flow_west.4,flow_east.4,-86.30,109.30,829.54,True
50.0,V2V,flow_west.4,flow_west.1,-98.07,121.07,3216.30,True
50.0,V2V,flow_west.4,flow_west.2,-88.88,111.88,1116.10,True
50.0,V2V,flow_west.4,flow_west.3,-90.45,113.45,1337.77,True
50.0,V2V,flow_west.4,vehicle_0,-81.82,104.82,494.98,True
50.0,V2V,flow_west.4,vehicle_1,-85.22,108.22,732.41,True
50.0,V2V,flow_west.4,vehicle_2,-75.93,98.93,251.33,True
50.0,V2V,vehicle_0,flow_east.1,-90.45,113.45,1337.33,True
50.0,V2V,vehicle_0,flow_east.2,-66.29,89.29,82.80,True
50.0,V2V,vehicle_0,flow_east.3,-83.35,106.35,590.43,True
50.0,V2V,vehicle_0,flow_east.4,-78.42,101.42,334.60,True
50.0,V2V,vehicle_0,flow_west.1,-96.62,119.62,2721.45,True
50.0,V2V,vehicle_0,flow_west.2,-83.79,106.79,621.32,True
50.0,V2V,vehicle_0,flow_west.3,-86.44,109.44,842.97,True
50.0,V2V,vehicle_0,flow_west.4,-81.82,104.82,494.98,True
50.0,V2V,vehicle_0,vehicle_1,-75.44,98.44,237.47,True
50.0,V2V,vehicle_0,vehicle_2,-75.67,98.67,243.77,True
50.0,V2V,vehicle_1,flow_east.1,-88.75,111.75,1099.87,True
50.0,V2V,vehicle_1,flow_east.2,-78.04,101.04,320.27,True
50.0,V2V,vehicle_1,flow_east.3,-78.88,101.88,352.97,True
50.0,V2V,vehicle_1,flow_east.4,-67.67,90.67,97.13,True
50.0,V2V,vehicle_1,flow_west.1,-95.83,118.83,2483.99,True
50.0,V2V,vehicle_1,flow_west.2,-79.61,102.61,383.91,True
50.0,V2V,vehicle_1,flow_west.3,-83.57,106.57,605.53,True
50.0,V2V,vehicle_1,flow_west.4,-85.22,108.22,732.41,True
50.0,V2V,vehicle_1,vehicle_0,-75.44,98.44,237.47,True
50.0,V2V,vehicle_1,vehicle_2,-81.57,104.57,481.23,True
50.0,V2V,vehicle_2,flow_east.1,-91.91,114.91,1581.10,True
50.0,V2V,vehicle_2,flow_east.2,-72.06,95.06,160.97,True
50.0,V2V,vehicle_2,flow_east.3,-86.35,109.35,834.20,True
50.0,V2V,vehicle_2,flow_east.4,-83.17,106.17,578.37,True
50.0,V2V,vehicle_2,flow_west.1,-97.37,120.37,2965.22,True
50.0,V2V,vehicle_2,flow_west.2,-86.67,109.67,865.07,True
50.0,V2V,vehicle_2,flow_west.3,-88.65,111.65,1086.72,True
50.0,V2V,vehicle_2,flow_west.4,-75.93,98.93,251.33,True
50.0,V2V,vehicle_2,vehicle_0,-75.67,98.67,243.77,True
50.0,V2V,vehicle_2,vehicle_1,-81.57,104.57,481.23,True
51.0,V2I,BS_1,flow_east.1,-75.47,105.47,533.26,True
51.0,V2I,BS_1,flow_east.2,-83.74,113.74,1382.39,True
51.0,V2I,BS_1,flow_east.3,-78.95,108.95,796.63,True
51.0,V2I,BS_1,flow_east.4,-81.02,111.02,1010.64,True
51.0,V2I,BS_1,flow_west.1,-85.54,115.54,1701.12,True
51.0,V2I,BS_1,flow_west.2,-77.78,107.78,696.27,True
51.0,V2I,BS_1,flow_west.3,-75.96,105.96,564.70,True
51.0,V2I,BS_1,flow_west.4,-85.39,115.39,1670.90,True
51.0,V2I,BS_1,vehicle_0,-83.25,113.25,1306.62,True
51.0,V2I,BS_1,vehicle_1,-81.71,111.71,1094.59,True
51.0,V2I,BS_1,vehicle_2,-84.66,114.66,1536.71,True
51.0,V2V,flow_east.1,flow_east.2,-91.00,114.00,1424.53,True
51.0,V2V,flow_east.1,flow_east.3,-85.43,108.43,749.80,True
51.0,V2V,flow_east.1,flow_east.4,-88.03,111.03,1011.40,True
51.0,V2V,flow_east.1,flow_west.1,-91.35,114.35,1483.54,True
51.0,V2V,flow_east.1,flow_west.2,-83.80,106.80,622.12,True
51.0,V2V,flow_east.1,flow_west.3,-79.90,102.90,396.74,True
51.0,V2V,flow_east.1,flow_west.4,-92.71,115.71,1734.53,True
51.0,V2V,flow_east.1,vehicle_0,-90.49,113.49,1342.53,True
51.0,V2V,flow_east.1,vehicle_1,-88.82,111.82,1107.63,True
51.0,V2V,flow_east.1,vehicle_2,-91.95,114.95,1589.47,True
51.0,V2V,flow_east.2,flow_east.1,-91.00,114.00,1424.53,True
51.0,V2V,flow_east.2,flow_east.3,-84.51,107.51,674.73,True
51.0,V2V,flow_east.2,flow_east.4,-80.25,103.25,413.13,True
51.0,V2V,flow_east.2,flow_west.1,-97.20,120.20,2908.05,True
51.0,V2V,flow_east.2,flow_west.2,-86.02,109.02,802.57,True
51.0,V2V,flow_east.2,flow_west.3,-88.17,111.17,1027.99,True
51.0,V2V,flow_east.2,flow_west.4,-77.76,100.76,310.15,True
51.0,V2V,flow_east.2,vehicle_0,-66.20,89.20,82.00,True
51.0,V2V,flow_east.2,vehicle_1,-77.95,100.95,316.90,True
51.0,V2V,flow_east.2,vehicle_2,-72.27,95.27,164.93,True
51.0,V2V,flow_east.3,flow_east.1,-85.43,108.43,749.80,True
51.0,V2V,flow_east.3,flow_east.2,-84.51,107.51,674.73,True
51.0,V2V,flow_east.3,flow_east.4,-76.28,99.28,261.60,True
51.0,V2V,flow_east.3,flow_west.1,-94.91,117.91,2233.33,True
51.0,V2V,flow_east.3,flow_west.2,-70.09,93.09,128.21,True
51.0,V2V,flow_east.3,flow_west.3,-78.89,101.89,353.36,True
51.0,V2V,flow_east.3,flow_west.4,-87.79,110.79,984.76,True
51.0,V2V,flow_east.3,vehicle_0,-83.38,106.38,592.73,True
51.0,V2V,flow_east.3,vehicle_1,-79.00,102.00,357.83,True
51.0,V2V,flow_east.3,vehicle_2,-86.41,109.41,839.67,True
51.0,V2V,flow_east.4,flow_east.1,-88.03,111.03,1011.40,True
51.0,V2V,flow_east.4,flow_east.2,-80.25,103.25,413.13,True
51.0,V2V,flow_east.4,flow_east.3,-76.28,99.28,261.60,True
51.0,V2V,flow_east.4,flow_west.1,-95.87,118.87,2494.92,True
51.0,V2V,flow_east.4,flow_west.2,-79.74,102.74,389.51,True
51.0,V2V,flow_east.4,flow_west.3,-83.70,106.70,614.89,True
51.0,V2V,flow_east.4,flow_west.4,-85.11,108.11,723.18,True
51.0,V2V,flow_east.4,vehicle_0,-78.33,101.33,331.13,True
51.0,V2V,flow_east.4,vehicle_1,-67.59,90.59,96.23,True
51.0,V2V,flow_east.4,vehicle_2,-83.17,106.17,578.07,True
51.0,V2V,flow_west.1,flow_east.1,-91.35,114.35,1483.54,True
51.0,V2V,flow_west.1,flow_east.2,-97.20,120.20,2908.05,True
51.0,V2V,flow_west.1,flow_east.3,-94.91,117.91,2233.33,True
51.0,V2V,flow_west.1,flow_east.4,-95.87,118.87,2494.92,True
51.0,V2V,flow_west.1,flow_west.2,-94.39,117.39,2105.53,True
51.0,V2V,flow_west.1,flow_west.3,-93.41,116.41,1880.10,True
51.0,V2V,flow_west.1,flow_west.4,-98.08,121.08,3218.00,True
51.0,V2V,flow_west.1,vehicle_0,-96.95,119.95,2826.05,True
51.0,V2V,flow_west.1,vehicle_1,-96.20,119.20,2591.16,True
51.0,V2V,flow_west.1,vehicle_2,-97.68,120.68,3072.99,True
51.0,V2V,flow_west.2,flow_east.1,-83.80,106.80,622.12,True
51.0,V2V,flow_west.2,flow_east.2,-86.02,109.02,802.57,True
51.0,V2V,flow_west.2,flow_east.3,-70.09,93.09,128.21,True
51.0,V2V,flow_west.2,flow_east.4,-79.74,102.74,389.51,True
51.0,V2V,flow_west.2,flow_west.1,-94.39,117.39,2105.53,True
51.0,V2V,flow_west.2,flow_west.3,-74.99,97.99,225.43,True
51.0,V2V,flow_west.2,flow_west.4,-88.85,111.85,1112.47,True
51.0,V2V,flow_west.2,vehicle_0,-85.08,108.08,720.58,True
51.0,V2V,flow_west.2,vehicle_1,-81.66,104.66,485.72,True
51.0,V2V,flow_west.2,vehicle_2,-87.64,110.64,967.49,True
51.0,V2V,flow_west.3,flow_east.1,-79.90,102.90,396.74,True
51.0,V2V,flow_west.3,flow_east.2,-88.17,111.17,1027.99,True
51.0,V2V,flow_west.3,flow_east.3,-78.89,101.89,353.36,True
51.0,V2V,flow_west.3,flow_east.4,-83.70,106.70,614.89,True
51.0,V2V,flow_west.3,flow_west.1,-93.41,116.41,1880.10,True
51.0,V2V,flow_west.3,flow_west.2,-74.99,97.99,225.43,True
51.0,V2V,flow_west.3,flow_west.4,-90.46,113.46,1337.90,True
51.0,V2V,flow_west.3,vehicle_0,-87.45,110.45,945.99,True
51.0,V2V,flow_west.3,vehicle_1,-84.97,107.97,711.11,True
51.0,V2V,flow_west.3,vehicle_2,-89.46,112.46,1192.91,True
51.0,V2V,flow_west.4,flow_east.1,-92.71,115.71,1734.53,True
51.0,V2V,flow_west.4,flow_east.2,-77.76,100.76,310.15,True
51.0,V2V,flow_west.4,flow_east.3,-87.79,110.79,984.76,True
51.0,V2V,flow_west.4,flow_east.4,-85.11,108.11,723.18,True
51.0,V2V,flow_west.4,flow_west.1,-98.08,121.08,3218.00,True
51.0,V2V,flow_west.4,flow_west.2,-88.85,111.85,1112.47,True
51.0,V2V,flow_west.4,flow_west.3,-90.46,113.46,1337.90,True
51.0,V2V,flow_west.4,vehicle_0,-79.80,102.80,392.11,True
51.0,V2V,flow_west.4,vehicle_1,-83.87,106.87,626.96,True
51.0,V2V,flow_west.4,vehicle_2,-71.18,94.18,145.43,True
51.0,V2V,vehicle_0,flow_east.1,-90.49,113.49,1342.53,True
51.0,V2V,vehicle_0,flow_east.2,-66.20,89.20,82.00,True
51.0,V2V,vehicle_0,flow_east.3,-83.38,106.38,592.73,True
51.0,V2V,vehicle_0,flow_east.4,-78.33,101.33,331.13,True
51.0,V2V,vehicle_0,flow_west.1,-96.95,119.95,2826.05,True
51.0,V2V,vehicle_0,flow_west.2,-85.08,108.08,720.58,True
51.0,V2V,vehicle_0,flow_west.3,-87.45,110.45,945.99,True
51.0,V2V,vehicle_0,flow_west.4,-79.80,102.80,392.11,True
51.0,V2V,vehicle_0,vehicle_1,-75.35,98.35,234.90,True
51.0,V2V,vehicle_0,vehicle_2,-75.78,98.78,246.93,True
51.0,V2V,vehicle_1,flow_east.1,-88.82,111.82,1107.63,True
51.0,V2V,vehicle_1,flow_east.2,-77.95,100.95,316.90,True
51.0,V2V,vehicle_1,flow_east.3,-79.00,102.00,357.83,True
51.0,V2V,vehicle_1,flow_east.4,-67.59,90.59,96.23,True
51.0,V2V,vehicle_1,flow_west.1,-96.20,119.20,2591.16,True
51.0,V2V,vehicle_1,flow_west.2,-81.66,104.66,485.72,True
51.0,V2V,vehicle_1,flow_west.3,-84.97,107.97,711.11,True
51.0,V2V,vehicle_1,flow_west.4,-83.87,106.87,626.96,True
51.0,V2V,vehicle_1,vehicle_0,-75.35,98.35,234.90,True
51.0,V2V,vehicle_1,vehicle_2,-81.59,104.59,481.83,True
51.0,V2V,vehicle_2,flow_east.1,-91.95,114.95,1589.47,True
51.0,V2V,vehicle_2,flow_east.2,-72.27,95.27,164.93,True
51.0,V2V,vehicle_2,flow_east.3,-86.41,109.41,839.67,True
51.0,V2V,vehicle_2,flow_east.4,-83.17,106.17,578.07,True
51.0,V2V,vehicle_2,flow_west.1,-97.68,120.68,3072.99,True
51.0,V2V,vehicle_2,flow_west.2,-87.64,110.64,967.49,True
51.0,V2V,vehicle_2,flow_west.3,-89.46,112.46,1192.91,True
51.0,V2V,vehicle_2,flow_west.4,-71.18,94.18,145.43,True
51.0,V2V,vehicle_2,vehicle_0,-75.78,98.78,246.93,True
51.0,V2V,vehicle_2,vehicle_1,-81.59,104.59,481.83,True
52.0,V2I,BS_1,flow_east.1,-75.30,105.30,523.00,True
52.0,V2I,BS_1,flow_east.2,-84.00,114.00,1425.22,True
52.0,V2I,BS_1,flow_east.3,-79.33,109.33,832.22,True
52.0,V2I,BS_1,flow_east.4,-81.39,111.39,1055.16,True
52.0,V2I,BS_1,flow_west.2,-77.35,107.35,662.46,True
52.0,V2I,BS_1,flow_west.3,-75.62,105.62,542.76,True
52.0,V2I,BS_1,flow_west.4,-85.12,115.12,1620.66,True
52.0,V2I,BS_1,vehicle_0,-83.54,113.54,1351.44,True
52.0,V2I,BS_1,vehicle_1,-82.07,112.07,1140.16,True
52.0,V2I,BS_1,vehicle_2,-84.93,114.93,1585.93,True
52.0,V2V,flow_east.1,flow_east.2,-91.00,114.00,1424.87,True
52.0,V2V,flow_east.1,flow_east.3,-85.43,108.43,750.00,True
52.0,V2V,flow_east.1,flow_east.4,-88.07,111.07,1017.03,True
52.0,V2V,flow_east.1,flow_west.2,-82.35,105.35,526.01,True
52.0,V2V,flow_east.1,flow_west.3,-77.41,100.41,297.99,True
52.0,V2V,flow_east.1,flow_west.4,-92.20,115.20,1636.07,True
52.0,V2V,flow_east.1,vehicle_0,-90.50,113.50,1345.43,True
52.0,V2V,flow_east.1,vehicle_1,-88.86,111.86,1113.27,True
52.0,V2V,flow_east.1,vehicle_2,-91.99,114.99,1595.90,True
52.0,V2V,flow_east.2,flow_east.1,-91.00,114.00,1424.87,True
52.0,V2V,flow_east.2,flow_east.3,-84.51,107.51,674.87,True
52.0,V2V,flow_east.2,flow_east.4,-80.14,103.14,407.83,True
52.0,V2V,flow_east.2,flow_west.2,-87.00,110.00,899.03,True
52.0,V2V,flow_east.2,flow_west.3,-88.97,111.97,1127.12,True
52.0,V2V,flow_east.2,flow_west.4,-74.43,97.43,211.44,True
52.0,V2V,flow_east.2,vehicle_0,-65.93,88.93,79.43,True
52.0,V2V,flow_east.2,vehicle_1,-77.80,100.80,311.60,True
52.0,V2V,flow_east.2,vehicle_2,-72.59,95.59,171.03,True
52.0,V2V,flow_east.3,flow_east.1,-85.43,108.43,750.00,True
52.0,V2V,flow_east.3,flow_east.2,-84.51,107.51,674.87,True
52.0,V2V,flow_east.3,flow_east.4,-76.46,99.46,267.03,True
52.0,V2V,flow_east.3,flow_west.2,-74.95,97.95,224.35,True
52.0,V2V,flow_east.3,flow_west.3,-81.04,104.04,452.33,True
52.0,V2V,flow_east.3,flow_west.4,-86.88,109.88,886.10,True
52.0,V2V,flow_east.3,vehicle_0,-83.42,106.42,595.43,True
52.0,V2V,flow_east.3,vehicle_1,-79.13,102.13,363.27,True
52.0,V2V,flow_east.3,vehicle_2,-86.47,109.47,845.90,True
52.0,V2V,flow_east.4,flow_east.1,-88.07,111.07,1017.03,True
52.0,V2V,flow_east.4,flow_east.2,-80.14,103.14,407.83,True
52.0,V2V,flow_east.4,flow_east.3,-76.46,99.46,267.03,True
52.0,V2V,flow_east.4,flow_west.2,-81.75,104.75,491.25,True
52.0,V2V,flow_east.4,flow_west.3,-85.07,108.07,719.31,True
52.0,V2V,flow_east.4,flow_west.4,-83.76,106.76,619.09,True
52.0,V2V,flow_east.4,vehicle_0,-78.26,101.26,328.40,True
52.0,V2V,flow_east.4,vehicle_1,-67.59,90.59,96.23,True
52.0,V2V,flow_east.4,vehicle_2,-83.18,106.18,578.87,True
52.0,V2V,flow_west.2,flow_east.1,-82.35,105.35,526.01,True
52.0,V2V,flow_west.2,flow_east.2,-87.00,110.00,899.03,True
52.0,V2V,flow_west.2,flow_east.3,-74.95,97.95,224.35,True
52.0,V2V,flow_west.2,flow_east.4,-81.75,104.75,491.25,True
52.0,V2V,flow_west.2,flow_west.3,-75.09,98.09,228.10,True
52.0,V2V,flow_west.2,flow_west.4,-88.83,111.83,1110.13,True
52.0,V2V,flow_west.2,vehicle_0,-86.20,109.20,819.60,True
52.0,V2V,flow_west.2,vehicle_1,-83.31,106.31,587.46,True
52.0,V2V,flow_west.2,vehicle_2,-88.52,111.52,1070.05,True
52.0,V2V,flow_west.3,flow_east.1,-77.41,100.41,297.99,True
52.0,V2V,flow_west.3,flow_east.2,-88.97,111.97,1127.12,True
52.0,V2V,flow_west.3,flow_east.3,-81.04,104.04,452.33,True
52.0,V2V,flow_west.3,flow_east.4,-85.07,108.07,719.31,True
52.0,V2V,flow_west.3,flow_west.2,-75.09,98.09,228.10,True
52.0,V2V,flow_west.3,flow_west.4,-90.46,113.46,1338.23,True
52.0,V2V,flow_west.3,vehicle_0,-88.33,111.33,1047.69,True
52.0,V2V,flow_west.3,vehicle_1,-86.16,109.16,815.54,True
52.0,V2V,flow_west.3,vehicle_2,-90.19,113.19,1298.14,True
52.0,V2V,flow_west.4,flow_east.1,-92.20,115.20,1636.07,True
52.0,V2V,flow_west.4,flow_east.2,-74.43,97.43,211.44,True
52.0,V2V,flow_west.4,flow_east.3,-86.88,109.88,886.10,True
52.0,V2V,flow_west.4,flow_east.4,-83.76,106.76,619.09,True
52.0,V2V,flow_west.4,flow_west.2,-88.83,111.83,1110.13,True
52.0,V2V,flow_west.4,flow_west.3,-90.46,113.46,1338.23,True
52.0,V2V,flow_west.4,vehicle_0,-77.20,100.20,290.80,True
52.0,V2V,flow_west.4,vehicle_1,-82.30,105.30,522.88,True
52.0,V2V,flow_west.4,vehicle_2,-60.29,83.29,41.53,True
52.0,V2V,vehicle_0,flow_east.1,-90.50,113.50,1345.43,True
52.0,V2V,vehicle_0,flow_east.2,-65.93,88.93,79.43,True
52.0,V2V,vehicle_0,flow_east.3,-83.42,106.42,595.43,True
52.0,V2V,vehicle_0,flow_east.4,-78.26,101.26,328.40,True
52.0,V2V,vehicle_0,flow_west.2,-86.20,109.20,819.60,True
52.0,V2V,vehicle_0,flow_west.3,-88.33,111.33,1047.69,True
52.0,V2V,vehicle_0,flow_west.4,-77.20,100.20,290.80,True
52.0,V2V,vehicle_0,vehicle_1,-75.24,98.24,232.17,True
52.0,V2V,vehicle_0,vehicle_2,-75.90,98.90,250.47,True
52.0,V2V,vehicle_1,flow_east.1,-88.86,111.86,1113.27,True
52.0,V2V,vehicle_1,flow_east.2,-77.80,100.80,311.60,True
52.0,V2V,vehicle_1,flow_east.3,-79.13,102.13,363.27,True
52.0,V2V,vehicle_1,flow_east.4,-67.59,90.59,96.23,True
52.0,V2V,vehicle_1,flow_west.2,-83.31,106.31,587.46,True
52.0,V2V,vehicle_1,flow_west.3,-86.16,109.16,815.54,True
52.0,V2V,vehicle_1,flow_west.4,-82.30,105.30,522.88,True
52.0,V2V,vehicle_1,vehicle_0,-75.24,98.24,232.17,True
52.0,V2V,vehicle_1,vehicle_2,-81.60,104.60,482.63,True
52.0,V2V,vehicle_2,flow_east.1,-91.99,114.99,1595.90,True
52.0,V2V,vehicle_2,flow_east.2,-72.59,95.59,171.03,True
52.0,V2V,vehicle_2,flow_east.3,-86.47,109.47,845.90,True
52.0,V2V,vehicle_2,flow_east.4,-83.18,106.18,578.87,True
52.0,V2V,vehicle_2,flow_west.2,-88.52,111.52,1070.05,True
52.0,V2V,vehicle_2,flow_west.3,-90.19,113.19,1298.14,True
52.0,V2V,vehicle_2,flow_west.4,-60.29,83.29,41.53,True
52.0,V2V,vehicle_2,vehicle_0,-75.90,98.90,250.47,True
52.0,V2V,vehicle_2,vehicle_1,-81.60,104.60,482.63,True
53.0,V2I,BS_1,flow_east.1,-90.20,120.20,516.95,False
53.0,V2I,BS_1,flow_east.2,-84.28,114.28,1471.18,True
53.0,V2I,BS_1,flow_east.3,-79.69,109.69,866.89,True
53.0,V2I,BS_1,flow_east.4,-81.77,111.77,1101.92,True
53.0,V2I,BS_1,flow_west.2,-76.93,106.93,630.87,True
53.0,V2I,BS_1,flow_west.3,-75.34,105.34,525.73,True
53.0,V2I,BS_1,flow_west.4,-84.84,114.84,1569.37,True
53.0,V2I,BS_1,vehicle_0,-83.81,113.81,1394.12,True
53.0,V2I,BS_1,vehicle_1,-82.41,112.41,1186.02,True
53.0,V2I,BS_1,vehicle_2,-85.21,115.21,1636.41,True
53.0,V2V,flow_east.1,flow_east.2,-91.04,114.04,1431.77,True
53.0,V2V,flow_east.1,flow_east.3,-85.44,108.44,751.30,True
53.0,V2V,flow_east.1,flow_east.4,-88.17,111.17,1027.97,True
53.0,V2V,flow_east.1,flow_west.2,-80.66,103.66,433.33,True
53.0,V2V,flow_east.1,flow_west.3,-74.13,97.13,204.21,True
53.0,V2V,flow_east.1,flow_west.4,-91.68,114.68,1539.74,True
53.0,V2V,flow_east.1,vehicle_0,-90.53,113.53,1349.20,True
53.0,V2V,flow_east.1,vehicle_1,-88.93,111.93,1122.13,True
53.0,V2V,flow_east.1,vehicle_2,-92.05,115.05,1606.90,True
53.0,V2V,flow_east.2,flow_east.1,-91.04,114.04,1431.77,True
53.0,V2V,flow_east.2,flow_east.3,-84.58,107.58,680.47,True
53.0,V2V,flow_east.2,flow_east.4,-80.05,103.05,403.80,True
53.0,V2V,flow_east.2,flow_west.2,-87.92,110.92,998.62,True
53.0,V2V,flow_east.2,flow_west.3,-89.71,112.71,1227.88,True
53.0,V2V,flow_east.2,flow_west.4,-68.63,91.63,108.46,True
53.0,V2V,flow_east.2,vehicle_0,-66.26,89.26,82.57,True
53.0,V2V,flow_east.2,vehicle_1,-77.74,100.74,309.63,True
53.0,V2V,flow_east.2,vehicle_2,-72.79,95.79,175.13,True
53.0,V2V,flow_east.3,flow_east.1,-85.44,108.44,751.30,True
53.0,V2V,flow_east.3,flow_east.2,-84.58,107.58,680.47,True
53.0,V2V,flow_east.3,flow_east.4,-76.77,99.77,276.67,True
53.0,V2V,flow_east.3,flow_west.2,-77.98,100.98,318.28,True
53.0,V2V,flow_east.3,flow_west.3,-82.69,105.69,547.47,True
53.0,V2V,flow_east.3,flow_west.4,-85.86,108.86,788.47,True
53.0,V2V,flow_east.3,vehicle_0,-83.46,106.46,597.90,True
53.0,V2V,flow_east.3,vehicle_1,-79.31,102.31,370.83,True
53.0,V2V,flow_east.3,vehicle_2,-86.57,109.57,855.60,True
53.0,V2V,flow_east.4,flow_east.1,-88.17,111.17,1027.97,True
53.0,V2V,flow_east.4,flow_east.2,-80.05,103.05,403.80,True
53.0,V2V,flow_east.4,flow_east.3,-76.77,99.77,276.67,True
53.0,V2V,flow_east.4,flow_west.2,-83.42,106.42,594.86,True
53.0,V2V,flow_east.4,flow_west.3,-86.25,109.25,824.10,True
53.0,V2V,flow_east.4,flow_west.4,-82.11,105.11,511.84,True
53.0,V2V,flow_east.4,vehicle_0,-78.06,101.06,321.23,True
53.0,V2V,flow_east.4,vehicle_1,-67.41,90.41,94.17,True
53.0,V2V,flow_east.4,vehicle_2,-83.18,106.18,578.93,True
53.0,V2V,flow_west.2,flow_east.1,-80.66,103.66,433.33,True
53.0,V2V,flow_west.2,flow_east.2,-87.92,110.92,998.62,True
53.0,V2V,flow_west.2,flow_east.3,-77.98,100.98,318.28,True
53.0,V2V,flow_west.2,flow_east.4,-83.42,106.42,594.86,True
53.0,V2V,flow_west.2,flow_west.3,-75.13,98.13,229.27,True
53.0,V2V,flow_west.2,flow_west.4,-88.81,111.81,1106.50,True
53.0,V2V,flow_west.2,vehicle_0,-87.17,110.17,916.06,True
53.0,V2V,flow_west.2,vehicle_1,-84.69,107.69,689.02,True
53.0,V2V,flow_west.2,vehicle_2,-89.32,112.32,1173.75,True
53.0,V2V,flow_west.3,flow_east.1,-74.13,97.13,204.21,True
53.0,V2V,flow_west.3,flow_east.2,-89.71,112.71,1227.88,True
53.0,V2V,flow_west.3,flow_east.3,-82.69,105.69,547.47,True
53.0,V2V,flow_west.3,flow_east.4,-86.25,109.25,824.10,True
53.0,V2V,flow_west.3,flow_west.2,-75.13,98.13,229.27,True
53.0,V2V,flow_west.3,flow_west.4,-90.44,113.44,1335.77,True
53.0,V2V,flow_west.3,vehicle_0,-89.11,112.11,1145.32,True
53.0,V2V,flow_west.3,vehicle_1,-87.19,110.19,918.26,True
53.0,V2V,flow_west.3,vehicle_2,-90.87,113.87,1403.01,True
53.0,V2V,flow_west.4,flow_east.1,-91.68,114.68,1539.74,True
53.0,V2V,flow_west.4,flow_east.2,-68.63,91.63,108.46,True
53.0,V2V,flow_west.4,flow_east.3,-85.86,108.86,788.47,True
53.0,V2V,flow_west.4,flow_east.4,-82.11,105.11,511.84,True
53.0,V2V,flow_west.4,flow_west.2,-88.81,111.81,1106.50,True
53.0,V2V,flow_west.4,flow_west.3,-90.44,113.44,1335.77,True
53.0,V2V,flow_west.4,vehicle_0,-73.54,96.54,190.80,True
53.0,V2V,flow_west.4,vehicle_1,-80.34,103.34,417.70,True
53.0,V2V,flow_west.4,vehicle_2,-64.58,87.58,68.04,True
53.0,V2V,vehicle_0,flow_east.1,-90.53,113.53,1349.20,True
53.0,V2V,vehicle_0,flow_east.2,-66.26,89.26,82.57,True
53.0,V2V,vehicle_0,flow_east.3,-83.46,106.46,597.90,True
53.0,V2V,vehicle_0,flow_east.4,-78.06,101.06,321.23,True
53.0,V2V,vehicle_0,flow_west.2,-87.17,110.17,916.06,True
53.0,V2V,vehicle_0,flow_west.3,-89.11,112.11,1145.32,True
53.0,V2V,vehicle_0,flow_west.4,-73.54,96.54,190.80,True
53.0,V2V,vehicle_0,vehicle_1,-75.05,98.05,227.07,True
53.0,V2V,vehicle_0,vehicle_2,-76.15,99.15,257.70,True
53.0,V2V,vehicle_1,flow_east.1,-88.93,111.93,1122.13,True
53.0,V2V,vehicle_1,flow_east.2,-77.74,100.74,309.63,True
53.0,V2V,vehicle_1,flow_east.3,-79.31,102.31,370.83,True
53.0,V2V,vehicle_1,flow_east.4,-67.41,90.41,94.17,True
53.0,V2V,vehicle_1,flow_west.2,-84.69,107.69,689.02,True
53.0,V2V,vehicle_1,flow_west.3,-87.19,110.19,918.26,True
53.0,V2V,vehicle_1,flow_west.4,-80.34,103.34,417.70,True
53.0,V2V,vehicle_1,vehicle_0,-75.05,98.05,227.07,True
53.0,V2V,vehicle_1,vehicle_2,-81.64,104.64,484.77,True
53.0,V2V,vehicle_2,flow_east.1,-92.05,115.05,1606.90,True
53.0,V2V,vehicle_2,flow_east.2,-72.79,95.79,175.13,True
53.0,V2V,vehicle_2,flow_east.3,-86.57,109.57,855.60,True
53.0,V2V,vehicle_2,flow_east.4,-83.18,106.18,578.93,True
53.0,V2V,vehicle_2,flow_west.2,-89.32,112.32,1173.75,True
53.0,V2V,vehicle_2,flow_west.3,-90.87,113.87,1403.01,True
53.0,V2V,vehicle_2,flow_west.4,-64.58,87.58,68.04,True
53.0,V2V,vehicle_2,vehicle_0,-76.15,99.15,257.70,True
53.0,V2V,vehicle_2,vehicle_1,-81.64,104.64,484.77,True
54.0,V2I,BS_1,flow_east.1,-90.15,120.15,514.27,False
54.0,V2I,BS_1,flow_east.2,-84.53,114.53,1513.68,True
54.0,V2I,BS_1,flow_east.3,-80.06,110.06,904.72,True
54.0,V2I,BS_1,flow_east.4,-82.14,112.14,1150.02,True
54.0,V2I,BS_1,flow_west.2,-76.53,106.53,602.89,True
54.0,V2I,BS_1,flow_west.3,-75.14,105.14,513.38,True
54.0,V2I,BS_1,flow_west.4,-84.56,114.56,1519.08,True
54.0,V2I,BS_1,vehicle_0,-84.10,114.10,1441.37,True
54.0,V2I,BS_1,vehicle_1,-82.74,112.74,1232.45,True
54.0,V2I,BS_1,vehicle_2,-85.48,115.48,1688.34,True
54.0,V2V,flow_east.1,flow_east.2,-91.05,114.05,1432.80,True
54.0,V2V,flow_east.1,flow_east.3,-85.47,108.47,753.53,True
54.0,V2V,flow_east.1,flow_east.4,-88.25,111.25,1037.80,True
54.0,V2V,flow_east.1,flow_west.2,-78.57,101.57,340.60,True
54.0,V2V,flow_east.1,flow_west.3,-68.66,91.66,108.86,True
54.0,V2V,flow_east.1,flow_west.4,-91.11,114.11,1442.31,True
54.0,V2V,flow_east.1,vehicle_0,-90.57,113.57,1355.67,True
54.0,V2V,flow_east.1,vehicle_1,-88.98,111.98,1129.20,True
54.0,V2V,flow_east.1,vehicle_2,-92.10,115.10,1617.27,True
54.0,V2V,flow_east.2,flow_east.1,-91.05,114.05,1432.80,True
54.0,V2V,flow_east.2,flow_east.3,-84.57,107.57,679.27,True
54.0,V2V,flow_east.2,flow_east.4,-79.86,102.86,395.00,True
54.0,V2V,flow_east.2,flow_west.2,-88.70,111.70,1092.42,True
54.0,V2V,flow_east.2,flow_west.3,-90.37,113.37,1324.51,True
54.0,V2V,flow_east.2,flow_west.4,-51.01,74.01,14.26,True
54.0,V2V,flow_east.2,vehicle_0,-65.67,88.67,77.13,True
54.0,V2V,flow_east.2,vehicle_1,-77.57,100.57,303.60,True
54.0,V2V,flow_east.2,vehicle_2,-73.25,96.25,184.47,True
54.0,V2V,flow_east.3,flow_east.1,-85.47,108.47,753.53,True
54.0,V2V,flow_east.3,flow_east.2,-84.57,107.57,679.27,True
54.0,V2V,flow_east.3,flow_east.4,-77.00,100.00,284.27,True
54.0,V2V,flow_east.3,flow_west.2,-80.25,103.25,413.24,True
54.0,V2V,flow_east.3,flow_west.3,-84.12,107.12,645.29,True
54.0,V2V,flow_east.3,flow_west.4,-84.69,107.69,688.82,True
54.0,V2V,flow_east.3,vehicle_0,-83.52,106.52,602.13,True
54.0,V2V,flow_east.3,vehicle_1,-79.42,102.42,375.67,True
54.0,V2V,flow_east.3,vehicle_2,-86.65,109.65,863.73,True
54.0,V2V,flow_east.4,flow_east.1,-88.25,111.25,1037.80,True
54.0,V2V,flow_east.4,flow_east.2,-79.86,102.86,395.00,True
54.0,V2V,flow_east.4,flow_east.3,-77.00,100.00,284.27,True
54.0,V2V,flow_east.4,flow_west.2,-84.80,107.80,697.45,True
54.0,V2V,flow_east.4,flow_west.3,-87.29,110.29,929.53,True
54.0,V2V,flow_east.4,flow_west.4,-80.07,103.07,404.61,True
54.0,V2V,flow_east.4,vehicle_0,-77.97,100.97,317.87,True
54.0,V2V,flow_east.4,vehicle_1,-67.15,90.15,91.40,True
54.0,V2V,flow_east.4,vehicle_2,-83.19,106.19,579.47,True
54.0,V2V,flow_west.2,flow_east.1,-78.57,101.57,340.60,True
54.0,V2V,flow_west.2,flow_east.2,-88.70,111.70,1092.42,True
54.0,V2V,flow_west.2,flow_east.3,-80.25,103.25,413.24,True
54.0,V2V,flow_west.2,flow_east.4,-84.80,107.80,697.45,True
54.0,V2V,flow_west.2,flow_west.3,-75.24,98.24,232.10,True
54.0,V2V,flow_west.2,flow_west.4,-88.77,111.77,1101.83,True
54.0,V2V,flow_west.2,vehicle_0,-88.06,111.06,1015.29,True
54.0,V2V,flow_west.2,vehicle_1,-85.87,108.87,788.84,True
54.0,V2V,flow_west.2,vehicle_2,-90.05,113.05,1276.88,True
54.0,V2V,flow_west.3,flow_east.1,-68.66,91.66,108.86,True
54.0,V2V,flow_west.3,flow_east.2,-90.37,113.37,1324.51,True
54.0,V2V,flow_west.3,flow_east.3,-84.12,107.12,645.29,True
54.0,V2V,flow_west.3,flow_east.4,-87.29,110.29,929.53,True
54.0,V2V,flow_west.3,flow_west.2,-75.24,98.24,232.10,True
54.0,V2V,flow_west.3,flow_west.4,-90.43,113.43,1333.93,True
54.0,V2V,flow_west.3,vehicle_0,-89.85,112.85,1247.38,True
54.0,V2V,flow_west.3,vehicle_1,-88.11,111.11,1020.92,True
54.0,V2V,flow_west.3,vehicle_2,-91.50,114.50,1508.97,True
54.0,V2V,flow_west.4,flow_east.1,-91.11,114.11,1442.31,True
54.0,V2V,flow_west.4,flow_east.2,-51.01,74.01,14.26,True
54.0,V2V,flow_west.4,flow_east.3,-84.69,107.69,688.82,True
54.0,V2V,flow_west.4,flow_east.4,-80.07,103.07,404.61,True
54.0,V2V,flow_west.4,flow_west.2,-88.77,111.77,1101.83,True
54.0,V2V,flow_west.4,flow_west.3,-90.43,113.43,1333.93,True
54.0,V2V,flow_west.4,vehicle_0,-66.74,89.74,87.25,True
54.0,V2V,flow_west.4,vehicle_1,-77.85,100.85,313.25,True
54.0,V2V,flow_west.4,vehicle_2,-72.80,95.80,175.32,True
54.0,V2V,vehicle_0,flow_east.1,-90.57,113.57,1355.67,True
54.0,V2V,vehicle_0,flow_east.2,-65.67,88.67,77.13,True
54.0,V2V,vehicle_0,flow_east.3,-83.52,106.52,602.13,True
54.0,V2V,vehicle_0,flow_east.4,-77.97,100.97,317.87,True
54.0,V2V,vehicle_0,flow_west.2,-88.06,111.06,1015.29,True
54.0,V2V,vehicle_0,flow_west.3,-89.85,112.85,1247.38,True
54.0,V2V,vehicle_0,flow_west.4,-66.74,89.74,87.25,True
54.0,V2V,vehicle_0,vehicle_1,-75.03,98.03,226.47,True
54.0,V2V,vehicle_0,vehicle_2,-76.28,99.28,261.60,True
54.0,V2V,vehicle_1,flow_east.1,-88.98,111.98,1129.20,True
54.0,V2V,vehicle_1,flow_east.2,-77.57,100.57,303.60,True
54.0,V2V,vehicle_1,flow_east.3,-79.42,102.42,375.67,True
54.0,V2V,vehicle_1,flow_east.4,-67.15,90.15,91.40,True
54.0,V2V,vehicle_1,flow_west.2,-85.87,108.87,788.84,True
54.0,V2V,vehicle_1,flow_west.3,-88.11,111.11,1020.92,True
54.0,V2V,vehicle_1,flow_west.4,-77.85,100.85,313.25,True
54.0,V2V,vehicle_1,vehicle_0,-75.03,98.03,226.47,True
54.0,V2V,vehicle_1,vehicle_2,-81.70,104.70,488.07,True
54.0,V2V,vehicle_2,flow_east.1,-92.10,115.10,1617.27,True
54.0,V2V,vehicle_2,flow_east.2,-73.25,96.25,184.47,True
54.0,V2V,vehicle_2,flow_east.3,-86.65,109.65,863.73,True
54.0,V2V,vehicle_2,flow_east.4,-83.19,106.19,579.47,True
54.0,V2V,vehicle_2,flow_west.2,-90.05,113.05,1276.88,True
54.0,V2V,vehicle_2,flow_west.3,-91.50,114.50,1508.97,True
54.0,V2V,vehicle_2,flow_west.4,-72.80,95.80,175.32,True
54.0,V2V,vehicle_2,vehicle_0,-76.28,99.28,261.60,True
54.0,V2V,vehicle_2,vehicle_1,-81.70,104.70,488.07,True
55.0,V2I,BS_1,flow_east.1,-90.17,120.17,515.51,False
55.0,V2I,BS_1,flow_east.2,-84.77,114.77,1556.96,True
55.0,V2I,BS_1,flow_east.3,-80.42,110.42,942.96,True
55.0,V2I,BS_1,flow_east.4,-82.48,112.48,1196.25,True
55.0,V2I,BS_1,flow_west.2,-76.15,106.15,576.96,True
55.0,V2I,BS_1,flow_west.3,-90.00,120.00,505.68,False
55.0,V2I,BS_1,flow_west.4,-84.27,114.27,1469.52,True
55.0,V2I,BS_1,vehicle_0,-84.35,114.35,1482.37,True
55.0,V2I,BS_1,vehicle_1,-83.06,113.06,1278.79,True
55.0,V2I,BS_1,vehicle_2,-85.74,115.74,1740.10,True
55.0,V2V,flow_east.1,flow_east.2,-91.05,114.05,1432.63,True
55.0,V2V,flow_east.1,flow_east.3,-85.47,108.47,753.47,True
55.0,V2V,flow_east.1,flow_east.4,-88.29,111.29,1043.13,True
55.0,V2V,flow_east.1,flow_west.2,-75.70,98.70,244.63,True
55.0,V2V,flow_east.1,flow_west.3,-50.31,73.31,13.16,True
55.0,V2V,flow_east.1,flow_west.4,-90.49,113.49,1343.58,True
55.0,V2V,flow_east.1,vehicle_0,-90.56,113.56,1353.37,True
55.0,V2V,flow_east.1,vehicle_1,-89.02,112.02,1133.90,True
55.0,V2V,flow_east.1,vehicle_2,-92.15,115.15,1625.43,True
55.0,V2V,flow_east.2,flow_east.1,-91.05,114.05,1432.63,True
55.0,V2V,flow_east.2,flow_east.3,-84.57,107.57,679.17,True
55.0,V2V,flow_east.2,flow_east.4,-79.74,102.74,389.50,True
55.0,V2V,flow_east.2,flow_west.2,-89.43,112.43,1188.28,True
55.0,V2V,flow_east.2,flow_west.3,-91.00,114.00,1424.97,True
55.0,V2V,flow_east.2,flow_west.4,-66.99,89.99,89.74,True
55.0,V2V,flow_east.2,vehicle_0,-65.91,88.91,79.27,True
55.0,V2V,flow_east.2,vehicle_1,-77.43,100.43,298.73,True
55.0,V2V,flow_east.2,vehicle_2,-73.63,96.63,192.80,True
55.0,V2V,flow_east.3,flow_east.1,-85.47,108.47,753.47,True
55.0,V2V,flow_east.3,flow_east.2,-84.57,107.57,679.17,True
55.0,V2V,flow_east.3,flow_east.4,-77.17,100.17,289.67,True
55.0,V2V,flow_east.3,flow_west.2,-82.06,105.06,509.18,True
55.0,V2V,flow_east.3,flow_west.3,-85.38,108.38,745.84,True
55.0,V2V,flow_east.3,flow_west.4,-83.35,106.35,590.16,True
55.0,V2V,flow_east.3,vehicle_0,-83.49,106.49,599.90,True
55.0,V2V,flow_east.3,vehicle_1,-79.53,102.53,380.43,True
55.0,V2V,flow_east.3,vehicle_2,-86.74,109.74,871.97,True
55.0,V2V,flow_east.4,flow_east.1,-88.29,111.29,1043.13,True
55.0,V2V,flow_east.4,flow_east.2,-79.74,102.74,389.50,True
55.0,V2V,flow_east.4,flow_east.3,-77.17,100.17,289.67,True
55.0,V2V,flow_east.4,flow_west.2,-85.98,108.98,798.80,True
55.0,V2V,flow_east.4,flow_west.3,-88.23,111.23,1035.49,True
55.0,V2V,flow_east.4,flow_west.4,-77.49,100.49,300.59,True
55.0,V2V,flow_east.4,vehicle_0,-77.76,100.76,310.23,True
55.0,V2V,flow_east.4,vehicle_1,-67.09,90.09,90.77,True
55.0,V2V,flow_east.4,vehicle_2,-83.23,106.23,582.30,True
55.0,V2V,flow_west.2,flow_east.1,-75.70,98.70,244.63,True
55.0,V2V,flow_west.2,flow_east.2,-89.43,112.43,1188.28,True
55.0,V2V,flow_west.2,flow_east.3,-82.06,105.06,509.18,True
55.0,V2V,flow_west.2,flow_east.4,-85.98,108.98,798.80,True
55.0,V2V,flow_west.2,flow_west.3,-75.41,98.41,236.70,True
55.0,V2V,flow_west.2,flow_west.4,-88.75,111.75,1099.13,True
55.0,V2V,flow_west.2,vehicle_0,-88.83,111.83,1109.02,True
55.0,V2V,flow_west.2,vehicle_1,-86.91,109.91,889.56,True
55.0,V2V,flow_west.2,vehicle_2,-90.73,113.73,1381.07,True
55.0,V2V,flow_west.3,flow_east.1,-50.31,73.31,13.16,True
55.0,V2V,flow_west.3,flow_east.2,-91.00,114.00,1424.97,True
55.0,V2V,flow_west.3,flow_east.3,-85.38,108.38,745.84,True
55.0,V2V,flow_west.3,flow_east.4,-88.23,111.23,1035.49,True
55.0,V2V,flow_west.3,flow_west.2,-75.41,98.41,236.70,True
55.0,V2V,flow_west.3,flow_west.4,-90.44,113.44,1335.83,True
55.0,V2V,flow_west.3,vehicle_0,-90.51,113.51,1345.71,True
55.0,V2V,flow_west.3,vehicle_1,-88.96,111.96,1126.25,True
55.0,V2V,flow_west.3,vehicle_2,-92.11,115.11,1617.77,True
55.0,V2V,flow_west.4,flow_east.1,-90.49,113.49,1343.58,True
55.0,V2V,flow_west.4,flow_east.2,-66.99,89.99,89.74,True
55.0,V2V,flow_west.4,flow_east.3,-83.35,106.35,590.16,True
55.0,V2V,flow_west.4,flow_east.4,-77.49,100.49,300.59,True
55.0,V2V,flow_west.4,flow_west.2,-88.75,111.75,1099.13,True
55.0,V2V,flow_west.4,flow_west.3,-90.44,113.44,1335.83,True
55.0,V2V,flow_west.4,vehicle_0,-51.16,74.16,14.51,True
55.0,V2V,flow_west.4,vehicle_1,-74.37,97.37,209.90,True
55.0,V2V,flow_west.4,vehicle_2,-76.94,99.94,282.10,True
55.0,V2V,vehicle_0,flow_east.1,-90.56,113.56,1353.37,True
55.0,V2V,vehicle_0,flow_east.2,-65.91,88.91,79.27,True
55.0,V2V,vehicle_0,flow_east.3,-83.49,106.49,599.90,True
55.0,V2V,vehicle_0,flow_east.4,-77.76,100.76,310.23,True
55.0,V2V,vehicle_0,flow_west.2,-88.83,111.83,1109.02,True
55.0,V2V,vehicle_0,flow_west.3,-90.51,113.51,1345.71,True
55.0,V2V,vehicle_0,flow_west.4,-51.16,74.16,14.51,True
55.0,V2V,vehicle_0,vehicle_1,-74.75,97.75,219.47,True
55.0,V2V,vehicle_0,vehicle_2,-76.62,99.62,272.07,True
55.0,V2V,vehicle_1,flow_east.1,-89.02,112.02,1133.90,True
55.0,V2V,vehicle_1,flow_east.2,-77.43,100.43,298.73,True
55.0,V2V,vehicle_1,flow_east.3,-79.53,102.53,380.43,True
55.0,V2V,vehicle_1,flow_east.4,-67.09,90.09,90.77,True
55.0,V2V,vehicle_1,flow_west.2,-86.91,109.91,889.56,True
55.0,V2V,vehicle_1,flow_west.3,-88.96,111.96,1126.25,True
55.0,V2V,vehicle_1,flow_west.4,-74.37,97.37,209.90,True
55.0,V2V,vehicle_1,vehicle_0,-74.75,97.75,219.47,True
55.0,V2V,vehicle_1,vehicle_2,-81.76,104.76,491.53,True
55.0,V2V,vehicle_2,flow_east.1,-92.15,115.15,1625.43,True
55.0,V2V,vehicle_2,flow_east.2,-73.63,96.63,192.80,True
55.0,V2V,vehicle_2,flow_east.3,-86.74,109.74,871.97,True
55.0,V2V,vehicle_2,flow_east.4,-83.23,106.23,582.30,True
55.0,V2V,vehicle_2,flow_west.2,-90.73,113.73,1381.07,True
55.0,V2V,vehicle_2,flow_west.3,-92.11,115.11,1617.77,True
55.0,V2V,vehicle_2,flow_west.4,-76.94,99.94,282.10,True
55.0,V2V,vehicle_2,vehicle_0,-76.62,99.62,272.07,True
55.0,V2V,vehicle_2,vehicle_1,-81.76,104.76,491.53,True
56.0,V2I,BS_1,flow_east.1,-75.26,105.26,520.73,True
56.0,V2I,BS_1,flow_east.2,-85.02,115.02,1601.14,True
56.0,V2I,BS_1,flow_east.3,-80.75,110.75,979.82,True
56.0,V2I,BS_1,flow_east.4,-82.84,112.84,1245.98,True
56.0,V2I,BS_1,flow_west.2,-75.81,105.81,554.73,True
56.0,V2I,BS_1,flow_west.3,-89.97,119.97,503.75,False
56.0,V2I,BS_1,flow_west.4,-83.97,113.97,1418.92,True
56.0,V2I,BS_1,vehicle_0,-84.61,114.61,1527.70,True
56.0,V2I,BS_1,vehicle_1,-83.38,113.38,1326.57,True
56.0,V2V,flow_east.1,flow_east.2,-91.06,114.06,1434.03,True
56.0,V2V,flow_east.1,flow_east.3,-85.45,108.45,751.77,True
56.0,V2V,flow_east.1,flow_east.4,-88.37,111.37,1052.63,True
56.0,V2V,flow_east.1,flow_west.2,-71.48,94.48,150.48,True
56.0,V2V,flow_east.1,flow_west.3,-66.99,89.99,89.74,True
56.0,V2V,flow_east.1,flow_west.4,-89.83,112.83,1244.25,True
56.0,V2V,flow_east.1,vehicle_0,-90.57,113.57,1356.27,True
56.0,V2V,flow_east.1,vehicle_1,-89.07,112.07,1140.57,True
56.0,V2V,flow_east.2,flow_east.1,-91.06,114.06,1434.03,True
56.0,V2V,flow_east.2,flow_east.3,-84.61,107.61,682.27,True
56.0,V2V,flow_east.2,flow_east.4,-79.55,102.55,381.40,True
56.0,V2V,flow_east.2,flow_west.2,-90.10,113.10,1283.98,True
56.0,V2V,flow_east.2,flow_west.3,-91.58,114.58,1523.17,True
56.0,V2V,flow_east.2,flow_west.4,-73.51,96.51,190.13,True
56.0,V2V,flow_east.2,vehicle_0,-65.74,88.74,77.77,True
56.0,V2V,flow_east.2,vehicle_1,-77.28,100.28,293.47,True
56.0,V2V,flow_east.3,flow_east.1,-85.45,108.45,751.77,True
56.0,V2V,flow_east.3,flow_east.2,-84.61,107.61,682.27,True
56.0,V2V,flow_east.3,flow_east.4,-77.49,100.49,300.87,True
56.0,V2V,flow_east.3,flow_west.2,-83.52,106.52,601.76,True
56.0,V2V,flow_east.3,flow_west.3,-86.42,109.42,840.93,True
56.0,V2V,flow_east.3,flow_west.4,-81.78,104.78,492.55,True
56.0,V2V,flow_east.3,vehicle_0,-83.56,106.56,604.50,True
56.0,V2V,flow_east.3,vehicle_1,-79.72,102.72,388.80,True
56.0,V2V,flow_east.4,flow_east.1,-88.37,111.37,1052.63,True
56.0,V2V,flow_east.4,flow_east.2,-79.55,102.55,381.40,True
56.0,V2V,flow_east.4,flow_east.3,-77.49,100.49,300.87,True
56.0,V2V,flow_east.4,flow_west.2,-87.04,110.04,902.60,True
56.0,V2V,flow_east.4,flow_west.3,-89.08,112.08,1141.78,True
56.0,V2V,flow_east.4,flow_west.4,-73.59,96.59,191.86,True
56.0,V2V,flow_east.4,vehicle_0,-77.57,100.57,303.63,True
56.0,V2V,flow_east.4,vehicle_1,-66.81,89.81,87.93,True
56.0,V2V,flow_west.2,flow_east.1,-71.48,94.48,150.48,True
56.0,V2V,flow_west.2,flow_east.2,-90.10,113.10,1283.98,True
56.0,V2V,flow_west.2,flow_east.3,-83.52,106.52,601.76,True
56.0,V2V,flow_west.2,flow_east.4,-87.04,110.04,902.60,True
56.0,V2V,flow_west.2,flow_west.3,-75.50,98.50,239.20,True
56.0,V2V,flow_west.2,flow_west.4,-88.71,111.71,1094.10,True
56.0,V2V,flow_west.2,vehicle_0,-89.56,112.56,1206.21,True
56.0,V2V,flow_west.2,vehicle_1,-87.84,110.84,990.52,True
56.0,V2V,flow_west.3,flow_east.1,-66.99,89.99,89.74,True
56.0,V2V,flow_west.3,flow_east.2,-91.58,114.58,1523.17,True
56.0,V2V,flow_west.3,flow_east.3,-86.42,109.42,840.93,True
56.0,V2V,flow_west.3,flow_east.4,-89.08,112.08,1141.78,True
56.0,V2V,flow_west.3,flow_west.2,-75.50,98.50,239.20,True
56.0,V2V,flow_west.3,flow_west.4,-90.43,113.43,1333.30,True
56.0,V2V,flow_west.3,vehicle_0,-91.13,114.13,1445.41,True
56.0,V2V,flow_west.3,vehicle_1,-89.72,112.72,1229.71,True
56.0,V2V,flow_west.4,flow_east.1,-89.83,112.83,1244.25,True
56.0,V2V,flow_west.4,flow_east.2,-73.51,96.51,190.13,True
56.0,V2V,flow_west.4,flow_east.3,-81.78,104.78,492.55,True
56.0,V2V,flow_west.4,flow_east.4,-73.59,96.59,191.86,True
56.0,V2V,flow_west.4,flow_west.2,-88.71,111.71,1094.10,True
56.0,V2V,flow_west.4,flow_west.3,-90.43,113.43,1333.30,True
56.0,V2V,flow_west.4,vehicle_0,-68.96,91.96,112.57,True
56.0,V2V,flow_west.4,vehicle_1,-68.28,91.28,104.18,True
56.0,V2V,vehicle_0,flow_east.1,-90.57,113.57,1356.27,True
56.0,V2V,vehicle_0,flow_east.2,-65.74,88.74,77.77,True
56.0,V2V,vehicle_0,flow_east.3,-83.56,106.56,604.50,True
56.0,V2V,vehicle_0,flow_east.4,-77.57,100.57,303.63,True
56.0,V2V,vehicle_0,flow_west.2,-89.56,112.56,1206.21,True
56.0,V2V,vehicle_0,flow_west.3,-91.13,114.13,1445.41,True
56.0,V2V,vehicle_0,flow_west.4,-68.96,91.96,112.57,True
56.0,V2V,vehicle_0,vehicle_1,-74.60,97.60,215.70,True
56.0,V2V,vehicle_1,flow_east.1,-89.07,112.07,1140.57,True
56.0,V2V,vehicle_1,flow_east.2,-77.28,100.28,293.47,True
56.0,V2V,vehicle_1,flow_east.3,-79.72,102.72,388.80,True
56.0,V2V,vehicle_1,flow_east.4,-66.81,89.81,87.93,True
56.0,V2V,vehicle_1,flow_west.2,-87.84,110.84,990.52,True
56.0,V2V,vehicle_1,flow_west.3,-89.72,112.72,1229.71,True
56.0,V2V,vehicle_1,flow_west.4,-68.28,91.28,104.18,True
56.0,V2V,vehicle_1,vehicle_0,-74.60,97.60,215.70,True
57.0,V2I,BS_1,flow_east.1,-75.40,105.40,529.38,True
57.0,V2I,BS_1,flow_east.2,-85.26,115.26,1646.45,True
57.0,V2I,BS_1,flow_east.3,-81.09,111.09,1018.60,True
57.0,V2I,BS_1,flow_east.4,-83.16,113.16,1293.25,True
57.0,V2I,BS_1,flow_west.2,-75.50,105.50,535.26,True
57.0,V2I,BS_1,flow_west.3,-75.04,105.04,507.48,True
57.0,V2I,BS_1,flow_west.4,-83.65,113.65,1368.91,True
57.0,V2I,BS_1,vehicle_0,-84.86,114.86,1572.44,True
57.0,V2I,BS_1,vehicle_1,-83.69,113.69,1374.62,True
57.0,V2V,flow_east.1,flow_east.2,-91.08,114.08,1438.17,True
57.0,V2V,flow_east.1,flow_east.3,-85.47,108.47,753.37,True
57.0,V2V,flow_east.1,flow_east.4,-88.44,111.44,1060.70,True
57.0,V2V,flow_east.1,flow_west.2,-62.92,85.92,56.16,True
57.0,V2V,flow_east.1,flow_west.3,-73.41,96.41,188.04,True
57.0,V2V,flow_east.1,flow_west.4,-89.12,112.12,1146.98,True
57.0,V2V,flow_east.1,vehicle_0,-90.60,113.60,1360.07,True
57.0,V2V,flow_east.1,vehicle_1,-89.13,112.13,1148.90,True
57.0,V2V,flow_east.2,flow_east.1,-91.08,114.08,1438.17,True
57.0,V2V,flow_east.2,flow_east.3,-84.64,107.64,684.80,True
57.0,V2V,flow_east.2,flow_east.4,-79.46,102.46,377.47,True
57.0,V2V,flow_east.2,flow_west.2,-90.74,113.74,1383.07,True
57.0,V2V,flow_east.2,flow_west.3,-92.15,115.15,1625.93,True
57.0,V2V,flow_east.2,flow_west.4,-77.22,100.22,291.43,True
57.0,V2V,flow_east.2,vehicle_0,-65.78,88.78,78.10,True
57.0,V2V,flow_east.2,vehicle_1,-77.15,100.15,289.27,True
57.0,V2V,flow_east.3,flow_east.1,-85.47,108.47,753.37,True
57.0,V2V,flow_east.3,flow_east.2,-84.64,107.64,684.80,True
57.0,V2V,flow_east.3,flow_east.4,-77.68,100.68,307.33,True
57.0,V2V,flow_east.3,flow_west.2,-84.81,107.81,698.31,True
57.0,V2V,flow_east.3,flow_west.3,-87.40,110.40,941.16,True
57.0,V2V,flow_east.3,flow_west.4,-79.83,102.83,393.71,True
57.0,V2V,flow_east.3,vehicle_0,-83.59,106.59,606.70,True
57.0,V2V,flow_east.3,vehicle_1,-79.87,102.87,395.53,True
57.0,V2V,flow_east.4,flow_east.1,-88.44,111.44,1060.70,True
57.0,V2V,flow_east.4,flow_east.2,-79.46,102.46,377.47,True
57.0,V2V,flow_east.4,flow_east.3,-77.68,100.68,307.33,True
57.0,V2V,flow_east.4,flow_west.2,-87.98,110.98,1005.62,True
57.0,V2V,flow_east.4,flow_west.3,-89.85,112.85,1248.48,True
57.0,V2V,flow_east.4,flow_west.4,-66.71,89.71,86.89,True
57.0,V2V,flow_east.4,vehicle_0,-77.45,100.45,299.37,True
57.0,V2V,flow_east.4,vehicle_1,-66.84,89.84,88.20,True
57.0,V2V,flow_west.2,flow_east.1,-62.92,85.92,56.16,True
57.0,V2V,flow_west.2,flow_east.2,-90.74,113.74,1383.07,True
57.0,V2V,flow_west.2,flow_east.3,-84.81,107.81,698.31,True
57.0,V2V,flow_west.2,flow_east.4,-87.98,110.98,1005.62,True
57.0,V2V,flow_west.2,flow_west.3,-75.63,98.63,242.87,True
57.0,V2V,flow_west.2,flow_west.4,-88.69,111.69,1091.80,True
57.0,V2V,flow_west.2,vehicle_0,-90.24,113.24,1304.98,True
57.0,V2V,flow_west.2,vehicle_1,-88.71,111.71,1093.82,True
57.0,V2V,flow_west.3,flow_east.1,-73.41,96.41,188.04,True
57.0,V2V,flow_west.3,flow_east.2,-92.15,115.15,1625.93,True
57.0,V2V,flow_west.3,flow_east.3,-87.40,110.40,941.16,True
57.0,V2V,flow_west.3,flow_east.4,-89.85,112.85,1248.48,True
57.0,V2V,flow_west.3,flow_west.2,-75.63,98.63,242.87,True
57.0,V2V,flow_west.3,flow_west.4,-90.43,113.43,1334.67,True
57.0,V2V,flow_west.3,vehicle_0,-91.72,114.72,1547.84,True
57.0,V2V,flow_west.3,vehicle_1,-90.45,113.45,1336.68,True
57.0,V2V,flow_west.4,flow_east.1,-89.12,112.12,1146.98,True
57.0,V2V,flow_west.4,flow_east.2,-77.22,100.22,291.43,True
57.0,V2V,flow_west.4,flow_east.3,-79.83,102.83,393.71,True
57.0,V2V,flow_west.4,flow_east.4,-66.71,89.71,86.89,True
57.0,V2V,flow_west.4,flow_west.2,-88.69,111.69,1091.80,True
57.0,V2V,flow_west.4,flow_west.3,-90.43,113.43,1334.67,True
57.0,V2V,flow_west.4,vehicle_0,-74.51,97.51,213.40,True
57.0,V2V,flow_west.4,vehicle_1,-48.63,71.63,10.85,True
57.0,V2V,vehicle_0,flow_east.1,-90.60,113.60,1360.07,True
57.0,V2V,vehicle_0,flow_east.2,-65.78,88.78,78.10,True
57.0,V2V,vehicle_0,flow_east.3,-83.59,106.59,606.70,True
57.0,V2V,vehicle_0,flow_east.4,-77.45,100.45,299.37,True
57.0,V2V,vehicle_0,flow_west.2,-90.24,113.24,1304.98,True
57.0,V2V,vehicle_0,flow_west.3,-91.72,114.72,1547.84,True
57.0,V2V,vehicle_0,flow_west.4,-74.51,97.51,213.40,True
57.0,V2V,vehicle_0,vehicle_1,-74.42,97.42,211.17,True
57.0,V2V,vehicle_1,flow_east.1,-89.13,112.13,1148.90,True
57.0,V2V,vehicle_1,flow_east.2,-77.15,100.15,289.27,True
57.0,V2V,vehicle_1,flow_east.3,-79.87,102.87,395.53,True
57.0,V2V,vehicle_1,flow_east.4,-66.84,89.84,88.20,True
57.0,V2V,vehicle_1,flow_west.2,-88.71,111.71,1093.82,True
57.0,V2V,vehicle_1,flow_west.3,-90.45,113.45,1336.68,True
57.0,V2V,vehicle_1,flow_west.4,-48.63,71.63,10.85,True
57.0,V2V,vehicle_1,vehicle_0,-74.42,97.42,211.17,True
58.0,V2I,BS_1,flow_east.1,-75.60,105.60,541.70,True
58.0,V2I,BS_1,flow_east.2,-85.49,115.49,1691.19,True
58.0,V2I,BS_1,flow_east.3,-81.42,111.42,1058.19,True
58.0,V2I,BS_1,flow_east.4,-83.48,113.48,1340.87,True
58.0,V2I,BS_1,flow_west.2,-75.25,105.25,520.05,True
58.0,V2I,BS_1,flow_west.3,-75.20,105.20,516.88,True
58.0,V2I,BS_1,flow_west.4,-83.35,113.35,1320.97,True
58.0,V2I,BS_1,vehicle_0,-85.10,115.10,1617.34,True
58.0,V2I,BS_1,vehicle_1,-83.97,113.97,1420.28,True
58.0,V2V,flow_east.1,flow_east.2,-91.10,114.10,1440.70,True
58.0,V2V,flow_east.1,flow_east.3,-85.48,108.48,754.43,True
58.0,V2V,flow_east.1,flow_east.4,-88.50,111.50,1067.93,True
58.0,V2V,flow_east.1,flow_west.2,-60.48,83.48,42.43,True
58.0,V2V,flow_east.1,flow_west.3,-77.07,100.07,286.57,True
58.0,V2V,flow_east.1,flow_west.4,-88.36,111.36,1050.79,True
58.0,V2V,flow_east.1,vehicle_0,-90.62,113.62,1363.00,True
58.0,V2V,flow_east.1,vehicle_1,-89.17,112.17,1153.50,True
58.0,V2V,flow_east.2,flow_east.1,-91.10,114.10,1440.70,True
58.0,V2V,flow_east.2,flow_east.3,-84.66,107.66,686.27,True
58.0,V2V,flow_east.2,flow_east.4,-79.36,102.36,372.77,True
58.0,V2V,flow_east.2,flow_west.2,-91.34,114.34,1481.81,True
58.0,V2V,flow_east.2,flow_west.3,-92.67,115.67,1727.10,True
58.0,V2V,flow_east.2,flow_west.4,-79.75,102.75,390.11,True
58.0,V2V,flow_east.2,vehicle_0,-65.74,88.74,77.70,True
58.0,V2V,flow_east.2,vehicle_1,-77.09,100.09,287.20,True
58.0,V2V,flow_east.3,flow_east.1,-85.48,108.48,754.43,True
58.0,V2V,flow_east.3,flow_east.2,-84.66,107.66,686.27,True
58.0,V2V,flow_east.3,flow_east.4,-77.85,100.85,313.50,True
58.0,V2V,flow_east.3,flow_west.2,-85.94,108.94,795.57,True
58.0,V2V,flow_east.3,flow_west.3,-88.28,111.28,1040.85,True
58.0,V2V,flow_east.3,flow_west.4,-77.37,100.37,296.49,True
58.0,V2V,flow_east.3,vehicle_0,-83.61,106.61,608.57,True
58.0,V2V,flow_east.3,vehicle_1,-79.95,102.95,399.07,True
58.0,V2V,flow_east.4,flow_east.1,-88.50,111.50,1067.93,True
58.0,V2V,flow_east.4,flow_east.2,-79.36,102.36,372.77,True
58.0,V2V,flow_east.4,flow_east.3,-77.85,100.85,313.50,True
58.0,V2V,flow_east.4,flow_west.2,-88.83,111.83,1109.05,True
58.0,V2V,flow_east.4,flow_west.3,-90.56,113.56,1354.34,True
58.0,V2V,flow_east.4,flow_west.4,-54.05,77.05,20.24,True
58.0,V2V,flow_east.4,vehicle_0,-77.33,100.33,295.07,True
58.0,V2V,flow_east.4,vehicle_1,-66.57,89.57,85.57,True
58.0,V2V,flow_west.2,flow_east.1,-60.48,83.48,42.43,True
58.0,V2V,flow_west.2,flow_east.2,-91.34,114.34,1481.81,True
58.0,V2V,flow_west.2,flow_east.3,-85.94,108.94,795.57,True
58.0,V2V,flow_west.2,flow_east.4,-88.83,111.83,1109.05,True
58.0,V2V,flow_west.2,flow_west.3,-75.72,98.72,245.30,True
58.0,V2V,flow_west.2,flow_west.4,-88.69,111.69,1091.80,True
58.0,V2V,flow_west.2,vehicle_0,-90.88,113.88,1404.11,True
58.0,V2V,flow_west.2,vehicle_1,-89.47,112.47,1194.61,True
58.0,V2V,flow_west.3,flow_east.1,-77.07,100.07,286.57,True
58.0,V2V,flow_west.3,flow_east.2,-92.67,115.67,1727.10,True
58.0,V2V,flow_west.3,flow_east.3,-88.28,111.28,1040.85,True
58.0,V2V,flow_west.3,flow_east.4,-90.56,113.56,1354.34,True
58.0,V2V,flow_west.3,flow_west.2,-75.72,98.72,245.30,True
58.0,V2V,flow_west.3,flow_west.4,-90.45,113.45,1337.10,True
58.0,V2V,flow_west.3,vehicle_0,-92.27,115.27,1649.40,True
58.0,V2V,flow_west.3,vehicle_1,-91.09,114.09,1439.91,True
58.0,V2V,flow_west.4,flow_east.1,-88.36,111.36,1050.79,True
58.0,V2V,flow_west.4,flow_east.2,-79.75,102.75,390.11,True
58.0,V2V,flow_west.4,flow_east.3,-77.37,100.37,296.49,True
58.0,V2V,flow_west.4,flow_east.4,-54.05,77.05,20.24,True
58.0,V2V,flow_west.4,flow_west.2,-88.69,111.69,1091.80,True
58.0,V2V,flow_west.4,flow_west.3,-90.45,113.45,1337.10,True
58.0,V2V,flow_west.4,vehicle_0,-77.82,100.82,312.45,True
58.0,V2V,flow_west.4,vehicle_1,-68.21,91.21,103.32,True
58.0,V2V,vehicle_0,flow_east.1,-90.62,113.62,1363.00,True
58.0,V2V,vehicle_0,flow_east.2,-65.74,88.74,77.70,True
58.0,V2V,vehicle_0,flow_east.3,-83.61,106.61,608.57,True
58.0,V2V,vehicle_0,flow_east.4,-77.33,100.33,295.07,True
58.0,V2V,vehicle_0,flow_west.2,-90.88,113.88,1404.11,True
58.0,V2V,vehicle_0,flow_west.3,-92.27,115.27,1649.40,True
58.0,V2V,vehicle_0,flow_west.4,-77.82,100.82,312.45,True
58.0,V2V,vehicle_0,vehicle_1,-74.35,97.35,209.50,True
58.0,V2V,vehicle_1,flow_east.1,-89.17,112.17,1153.50,True
58.0,V2V,vehicle_1,flow_east.2,-77.09,100.09,287.20,True
58.0,V2V,vehicle_1,flow_east.3,-79.95,102.95,399.07,True
58.0,V2V,vehicle_1,flow_east.4,-66.57,89.57,85.57,True
58.0,V2V,vehicle_1,flow_west.2,-89.47,112.47,1194.61,True
58.0,V2V,vehicle_1,flow_west.3,-91.09,114.09,1439.91,True
58.0,V2V,vehicle_1,flow_west.4,-68.21,91.21,103.32,True
58.0,V2V,vehicle_1,vehicle_0,-74.35,97.35,209.50,True
59.0,V2I,BS_1,flow_east.1,-75.85,105.85,557.42,True
59.0,V2I,BS_1,flow_east.2,-85.72,115.72,1736.73,True
59.0,V2I,BS_1,flow_east.3,-81.75,111.75,1099.21,True
59.0,V2I,BS_1,flow_east.4,-83.78,113.78,1388.79,True
59.0,V2I,BS_1,flow_west.2,-75.08,105.08,510.05,True
59.0,V2I,BS_1,flow_west.3,-75.43,105.43,531.28,True
59.0,V2I,BS_1,flow_west.4,-83.01,113.01,1270.79,True
59.0,V2I,BS_1,vehicle_0,-85.33,115.33,1660.07,True
59.0,V2I,BS_1,vehicle_1,-84.26,114.26,1467.81,True
59.0,V2V,flow_east.1,flow_east.2,-91.12,114.12,1443.63,True
59.0,V2V,flow_east.1,flow_east.3,-85.50,108.50,756.30,True
59.0,V2V,flow_east.1,flow_east.4,-88.55,111.55,1074.87,True
59.0,V2V,flow_east.1,flow_west.2,-70.57,93.57,135.49,True
59.0,V2V,flow_east.1,flow_west.3,-79.62,102.62,384.31,True
59.0,V2V,flow_east.1,flow_west.4,-87.50,110.50,951.53,True
59.0,V2V,flow_east.1,vehicle_0,-90.62,113.62,1363.20,True
59.0,V2V,flow_east.1,vehicle_1,-89.21,112.21,1159.57,True
59.0,V2V,flow_east.2,flow_east.1,-91.12,114.12,1443.63,True
59.0,V2V,flow_east.2,flow_east.3,-84.67,107.67,687.33,True
59.0,V2V,flow_east.2,flow_east.4,-79.26,102.26,368.77,True
59.0,V2V,flow_east.2,flow_west.2,-91.89,114.89,1578.74,True
59.0,V2V,flow_east.2,flow_west.3,-93.17,116.17,1827.83,True
59.0,V2V,flow_east.2,flow_west.4,-81.77,104.77,492.28,True
59.0,V2V,flow_east.2,vehicle_0,-66.04,89.04,80.43,True
59.0,V2V,flow_east.2,vehicle_1,-77.00,100.00,284.07,True
59.0,V2V,flow_east.3,flow_east.1,-85.50,108.50,756.30,True
59.0,V2V,flow_east.3,flow_east.2,-84.67,107.67,687.33,True
59.0,V2V,flow_east.3,flow_east.4,-77.99,100.99,318.57,True
59.0,V2V,flow_east.3,flow_west.2,-86.93,109.93,891.43,True
59.0,V2V,flow_east.3,flow_west.3,-89.07,112.07,1140.52,True
59.0,V2V,flow_east.3,flow_west.4,-73.75,96.75,195.46,True
59.0,V2V,flow_east.3,vehicle_0,-83.59,106.59,606.90,True
59.0,V2V,flow_east.3,vehicle_1,-80.04,103.04,403.27,True
59.0,V2V,flow_east.4,flow_east.1,-88.55,111.55,1074.87,True
59.0,V2V,flow_east.4,flow_east.2,-79.26,102.26,368.77,True
59.0,V2V,flow_east.4,flow_east.3,-77.99,100.99,318.57,True
59.0,V2V,flow_east.4,flow_west.2,-89.58,112.58,1209.98,True
59.0,V2V,flow_east.4,flow_west.3,-91.21,114.21,1459.07,True
59.0,V2V,flow_east.4,flow_west.4,-69.79,92.79,123.86,True
59.0,V2V,flow_east.4,vehicle_0,-77.13,100.13,288.33,True
59.0,V2V,flow_east.4,vehicle_1,-66.49,89.49,84.70,True
59.0,V2V,flow_west.2,flow_east.1,-70.57,93.57,135.49,True
59.0,V2V,flow_west.2,flow_east.2,-91.89,114.89,1578.74,True
59.0,V2V,flow_west.2,flow_east.3,-86.93,109.93,891.43,True
59.0,V2V,flow_west.2,flow_east.4,-89.58,112.58,1209.98,True
59.0,V2V,flow_west.2,flow_west.3,-75.85,98.85,249.10,True
59.0,V2V,flow_west.2,flow_west.4,-88.65,111.65,1086.53,True
59.0,V2V,flow_west.2,vehicle_0,-91.44,114.44,1498.30,True
59.0,V2V,flow_west.2,vehicle_1,-90.17,113.17,1294.68,True
59.0,V2V,flow_west.3,flow_east.1,-79.62,102.62,384.31,True
59.0,V2V,flow_west.3,flow_east.2,-93.17,116.17,1827.83,True
59.0,V2V,flow_west.3,flow_east.3,-89.07,112.07,1140.52,True
59.0,V2V,flow_west.3,flow_east.4,-91.21,114.21,1459.07,True
59.0,V2V,flow_west.3,flow_west.2,-75.85,98.85,249.10,True
59.0,V2V,flow_west.3,flow_west.4,-90.44,113.44,1335.63,True
59.0,V2V,flow_west.3,vehicle_0,-92.78,115.78,1747.40,True
59.0,V2V,flow_west.3,vehicle_1,-91.70,114.70,1543.77,True
59.0,V2V,flow_west.4,flow_east.1,-87.50,110.50,951.53,True
59.0,V2V,flow_west.4,flow_east.2,-81.77,104.77,492.28,True
59.0,V2V,flow_west.4,flow_east.3,-73.75,96.75,195.46,True
59.0,V2V,flow_west.4,flow_east.4,-69.79,92.79,123.86,True
59.0,V2V,flow_west.4,flow_west.2,-88.65,111.65,1086.53,True
59.0,V2V,flow_west.4,flow_west.3,-90.44,113.44,1335.63,True
59.0,V2V,flow_west.4,vehicle_0,-80.22,103.22,411.87,True
59.0,V2V,flow_west.4,vehicle_1,-74.30,97.30,208.37,True
59.0,V2V,vehicle_0,flow_east.1,-90.62,113.62,1363.20,True
59.0,V2V,vehicle_0,flow_east.2,-66.04,89.04,80.43,True
59.0,V2V,vehicle_0,flow_east.3,-83.59,106.59,606.90,True
59.0,V2V,vehicle_0,flow_east.4,-77.13,100.13,288.33,True
59.0,V2V,vehicle_0,flow_west.2,-91.44,114.44,1498.30,True
59.0,V2V,vehicle_0,flow_west.3,-92.78,115.78,1747.40,True
59.0,V2V,vehicle_0,flow_west.4,-80.22,103.22,411.87,True
59.0,V2V,vehicle_0,vehicle_1,-74.10,97.10,203.63,True
59.0,V2V,vehicle_1,flow_east.1,-89.21,112.21,1159.57,True
59.0,V2V,vehicle_1,flow_east.2,-77.00,100.00,284.07,True
59.0,V2V,vehicle_1,flow_east.3,-80.04,103.04,403.27,True
59.0,V2V,vehicle_1,flow_east.4,-66.49,89.49,84.70,True
59.0,V2V,vehicle_1,flow_west.2,-90.17,113.17,1294.68,True
59.0,V2V,vehicle_1,flow_west.3,-91.70,114.70,1543.77,True
59.0,V2V,vehicle_1,flow_west.4,-74.30,97.30,208.37,True
59.0,V2V,vehicle_1,vehicle_0,-74.10,97.10,203.63,True
60.0,V2I,BS_1,flow_east.1,-76.15,106.15,576.73,True
60.0,V2I,BS_1,flow_east.3,-82.06,112.06,1138.97,True
60.0,V2I,BS_1,flow_east.4,-84.06,114.06,1434.99,True
60.0,V2I,BS_1,flow_east.5,-78.69,108.69,772.61,True
60.0,V2I,BS_1,flow_west.2,-89.98,119.98,504.49,False
60.0,V2I,BS_1,flow_west.3,-75.74,105.74,550.14,True
60.0,V2I,BS_1,flow_west.4,-82.66,112.66,1220.19,True
60.0,V2I,BS_1,flow_west.5,-75.18,105.18,516.18,True
60.0,V2I,BS_1,vehicle_0,-85.57,115.57,1706.79,True
60.0,V2I,BS_1,vehicle_1,-84.52,114.52,1512.70,True
60.0,V2V,flow_east.1,flow_east.3,-85.49,108.49,755.10,True
60.0,V2V,flow_east.1,flow_east.4,-88.58,111.58,1078.50,True
60.0,V2V,flow_east.1,flow_east.5,-77.91,100.91,315.47,True
60.0,V2V,flow_east.1,flow_west.2,-75.29,98.29,233.31,True
60.0,V2V,flow_east.1,flow_west.3,-81.60,104.60,482.52,True
60.0,V2V,flow_east.1,flow_west.4,-86.52,109.52,850.23,True
60.0,V2V,flow_east.1,flow_west.5,-71.38,94.38,148.78,True
60.0,V2V,flow_east.1,vehicle_0,-90.64,113.64,1366.30,True
60.0,V2V,flow_east.1,vehicle_1,-89.23,112.23,1161.43,True
60.0,V2V,flow_east.3,flow_east.1,-85.49,108.49,755.10,True
60.0,V2V,flow_east.3,flow_east.4,-78.12,101.12,323.40,True
60.0,V2V,flow_east.3,flow_east.5,-80.79,103.79,439.63,True
60.0,V2V,flow_east.3,flow_west.2,-87.82,110.82,988.22,True
60.0,V2V,flow_east.3,flow_west.3,-89.78,112.78,1237.55,True
60.0,V2V,flow_east.3,flow_west.4,-67.54,90.54,95.66,True
60.0,V2V,flow_east.3,flow_west.5,-87.05,110.05,903.56,True
60.0,V2V,flow_east.3,vehicle_0,-83.65,106.65,611.20,True
60.0,V2V,flow_east.3,vehicle_1,-80.11,103.11,406.33,True
60.0,V2V,flow_east.4,flow_east.1,-88.58,111.58,1078.50,True
60.0,V2V,flow_east.4,flow_east.3,-78.12,101.12,323.40,True
60.0,V2V,flow_east.4,flow_east.5,-85.58,108.58,763.03,True
60.0,V2V,flow_east.4,flow_west.2,-90.28,113.28,1311.61,True
60.0,V2V,flow_east.4,flow_west.3,-91.80,114.80,1560.94,True
60.0,V2V,flow_east.4,flow_west.4,-75.11,98.11,228.58,True
60.0,V2V,flow_east.4,flow_west.5,-89.70,112.70,1226.95,True
60.0,V2V,flow_east.4,vehicle_0,-77.11,100.11,287.80,True
60.0,V2V,flow_east.4,vehicle_1,-66.30,89.30,82.93,True
60.0,V2V,flow_east.5,flow_east.1,-77.91,100.91,315.47,True
60.0,V2V,flow_east.5,flow_east.3,-80.79,103.79,439.63,True
60.0,V2V,flow_east.5,flow_east.4,-85.58,108.58,763.03,True
60.0,V2V,flow_east.5,flow_west.2,-82.71,105.71,548.64,True
60.0,V2V,flow_east.5,flow_west.3,-85.97,108.97,797.94,True
60.0,V2V,flow_east.5,flow_west.4,-82.49,105.49,534.81,True
60.0,V2V,flow_east.5,flow_west.5,-81.26,104.26,463.99,True
60.0,V2V,flow_east.5,vehicle_0,-88.36,111.36,1050.83,True
60.0,V2V,flow_east.5,vehicle_1,-86.47,109.47,845.97,True
60.0,V2V,flow_west.2,flow_east.1,-75.29,98.29,233.31,True
60.0,V2V,flow_west.2,flow_east.3,-87.82,110.82,988.22,True
60.0,V2V,flow_west.2,flow_east.4,-90.28,113.28,1311.61,True
60.0,V2V,flow_west.2,flow_east.5,-82.71,105.71,548.64,True
60.0,V2V,flow_west.2,flow_west.3,-75.86,98.86,249.33,True
60.0,V2V,flow_west.2,flow_west.4,-88.62,111.62,1083.23,True
60.0,V2V,flow_west.2,flow_west.5,-66.48,89.48,84.67,True
60.0,V2V,flow_west.2,vehicle_0,-92.01,115.01,1599.40,True
60.0,V2V,flow_west.2,vehicle_1,-90.82,113.82,1394.54,True
60.0,V2V,flow_west.3,flow_east.1,-81.60,104.60,482.52,True
60.0,V2V,flow_west.3,flow_east.3,-89.78,112.78,1237.55,True
60.0,V2V,flow_west.3,flow_east.4,-91.80,114.80,1560.94,True
60.0,V2V,flow_west.3,flow_east.5,-85.97,108.97,797.94,True
60.0,V2V,flow_west.3,flow_west.2,-75.86,98.86,249.33,True
60.0,V2V,flow_west.3,flow_west.4,-90.42,113.42,1332.57,True
60.0,V2V,flow_west.3,flow_west.5,-78.40,101.40,334.00,True
60.0,V2V,flow_west.3,vehicle_0,-93.26,116.26,1848.73,True
60.0,V2V,flow_west.3,vehicle_1,-92.24,115.24,1643.87,True
60.0,V2V,flow_west.4,flow_east.1,-86.52,109.52,850.23,True
60.0,V2V,flow_west.4,flow_east.3,-67.54,90.54,95.66,True
60.0,V2V,flow_west.4,flow_east.4,-75.11,98.11,228.58,True
60.0,V2V,flow_west.4,flow_east.5,-82.49,105.49,534.81,True
60.0,V2V,flow_west.4,flow_west.2,-88.62,111.62,1083.23,True
60.0,V2V,flow_west.4,flow_west.3,-90.42,113.42,1332.57,True
60.0,V2V,flow_west.4,flow_west.5,-87.91,110.91,998.57,True
60.0,V2V,flow_west.4,vehicle_0,-82.18,105.18,516.24,True
60.0,V2V,flow_west.4,vehicle_1,-77.80,100.80,311.45,True
60.0,V2V,flow_west.5,flow_east.1,-71.38,94.38,148.78,True
60.0,V2V,flow_west.5,flow_east.3,-87.05,110.05,903.56,True
60.0,V2V,flow_west.5,flow_east.4,-89.70,112.70,1226.95,True
60.0,V2V,flow_west.5,flow_east.5,-81.26,104.26,463.99,True
60.0,V2V,flow_west.5,flow_west.2,-66.48,89.48,84.67,True
60.0,V2V,flow_west.5,flow_west.3,-78.40,101.40,334.00,True
60.0,V2V,flow_west.5,flow_west.4,-87.91,110.91,998.57,True
60.0,V2V,flow_west.5,vehicle_0,-91.53,114.53,1514.74,True
60.0,V2V,flow_west.5,vehicle_1,-90.27,113.27,1309.88,True
60.0,V2V,vehicle_0,flow_east.1,-90.64,113.64,1366.30,True
60.0,V2V,vehicle_0,flow_east.3,-83.65,106.65,611.20,True
60.0,V2V,vehicle_0,flow_east.4,-77.11,100.11,287.80,True
60.0,V2V,vehicle_0,flow_east.5,-88.36,111.36,1050.83,True
60.0,V2V,vehicle_0,flow_west.2,-92.01,115.01,1599.40,True
60.0,V2V,vehicle_0,flow_west.3,-93.26,116.26,1848.73,True
60.0,V2V,vehicle_0,flow_west.4,-82.18,105.18,516.24,True
60.0,V2V,vehicle_0,flow_west.5,-91.53,114.53,1514.74,True
60.0,V2V,vehicle_0,vehicle_1,-74.16,97.16,204.87,True
60.0,V2V,vehicle_1,flow_east.1,-89.23,112.23,1161.43,True
60.0,V2V,vehicle_1,flow_east.3,-80.11,103.11,406.33,True
60.0,V2V,vehicle_1,flow_east.4,-66.30,89.30,82.93,True
60.0,V2V,vehicle_1,flow_east.5,-86.47,109.47,845.97,True
60.0,V2V,vehicle_1,flow_west.2,-90.82,113.82,1394.54,True
60.0,V2V,vehicle_1,flow_west.3,-92.24,115.24,1643.87,True
60.0,V2V,vehicle_1,flow_west.4,-77.80,100.80,311.45,True
60.0,V2V,vehicle_1,flow_west.5,-90.27,113.27,1309.88,True
60.0,V2V,vehicle_1,vehicle_0,-74.16,97.16,204.87,True
61.0,V2I,BS_1,flow_east.1,-76.45,106.45,597.35,True
61.0,V2I,BS_1,flow_east.3,-82.37,112.37,1180.26,True
61.0,V2I,BS_1,flow_east.4,-84.35,114.35,1482.46,True
61.0,V2I,BS_1,flow_east.5,-79.12,109.12,811.85,True
61.0,V2I,BS_1,flow_west.2,-89.98,119.98,504.18,False
61.0,V2I,BS_1,flow_west.3,-76.11,106.11,574.06,True
61.0,V2I,BS_1,flow_west.4,-82.29,112.29,1170.52,True
61.0,V2I,BS_1,flow_west.5,-75.03,105.03,507.40,True
61.0,V2I,BS_1,vehicle_1,-84.78,114.78,1558.81,True
61.0,V2V,flow_east.1,flow_east.3,-85.52,108.52,758.33,True
61.0,V2V,flow_east.1,flow_east.4,-88.65,111.65,1086.40,True
61.0,V2V,flow_east.1,flow_east.5,-78.14,101.14,324.23,True
61.0,V2V,flow_east.1,flow_west.2,-78.20,101.20,326.14,True
61.0,V2V,flow_east.1,flow_west.3,-83.19,106.19,579.50,True
61.0,V2V,flow_east.1,flow_west.4,-85.46,108.46,752.64,True
61.0,V2V,flow_east.1,flow_west.5,-75.65,98.65,243.17,True
61.0,V2V,flow_east.1,vehicle_1,-89.27,112.27,1167.53,True
61.0,V2V,flow_east.3,flow_east.1,-85.52,108.52,758.33,True
61.0,V2V,flow_east.3,flow_east.4,-78.25,101.25,328.07,True
61.0,V2V,flow_east.3,flow_east.5,-80.68,103.68,434.10,True
61.0,V2V,flow_east.3,flow_west.2,-88.63,111.63,1084.35,True
61.0,V2V,flow_east.3,flow_west.3,-90.46,113.46,1337.78,True
61.0,V2V,flow_east.3,flow_west.4,-49.60,72.60,12.13,True
61.0,V2V,flow_east.3,flow_west.5,-87.94,110.94,1001.32,True
61.0,V2V,flow_east.3,vehicle_1,-80.17,103.17,409.20,True
61.0,V2V,flow_east.4,flow_east.1,-88.65,111.65,1086.40,True
61.0,V2V,flow_east.4,flow_east.3,-78.25,101.25,328.07,True
61.0,V2V,flow_east.4,flow_east.5,-85.57,108.57,762.17,True
61.0,V2V,flow_east.4,flow_west.2,-90.93,113.93,1412.41,True
61.0,V2V,flow_east.4,flow_west.3,-92.36,115.36,1665.83,True
61.0,V2V,flow_east.4,flow_west.4,-78.40,101.40,334.00,True
61.0,V2V,flow_east.4,flow_west.5,-90.40,113.40,1329.38,True
61.0,V2V,flow_east.4,vehicle_1,-66.11,89.11,81.13,True
61.0,V2V,flow_east.5,flow_east.1,-78.14,101.14,324.23,True
61.0,V2V,flow_east.5,flow_east.3,-80.68,103.68,434.10,True
61.0,V2V,flow_east.5,flow_east.4,-85.57,108.57,762.17,True
61.0,V2V,flow_east.5,flow_west.2,-84.19,107.19,650.29,True
61.0,V2V,flow_east.5,flow_west.3,-87.05,110.05,903.70,True
61.0,V2V,flow_east.5,flow_west.4,-80.57,103.57,428.47,True
61.0,V2V,flow_east.5,flow_west.5,-83.00,106.00,567.27,True
61.0,V2V,flow_east.5,vehicle_1,-86.45,109.45,843.30,True
61.0,V2V,flow_west.2,flow_east.1,-78.20,101.20,326.14,True
61.0,V2V,flow_west.2,flow_east.3,-88.63,111.63,1084.35,True
61.0,V2V,flow_west.2,flow_east.4,-90.93,113.93,1412.41,True
61.0,V2V,flow_west.2,flow_east.5,-84.19,107.19,650.29,True
61.0,V2V,flow_west.2,flow_west.3,-76.00,99.00,253.43,True
61.0,V2V,flow_west.2,flow_west.4,-88.58,111.58,1078.53,True
61.0,V2V,flow_west.2,flow_west.5,-66.31,89.31,83.03,True
61.0,V2V,flow_west.2,vehicle_1,-91.41,114.41,1493.54,True
61.0,V2V,flow_west.3,flow_east.1,-83.19,106.19,579.50,True
61.0,V2V,flow_west.3,flow_east.3,-90.46,113.46,1337.78,True
61.0,V2V,flow_west.3,flow_east.4,-92.36,115.36,1665.83,True
61.0,V2V,flow_west.3,flow_east.5,-87.05,110.05,903.70,True
61.0,V2V,flow_west.3,flow_west.2,-76.00,99.00,253.43,True
61.0,V2V,flow_west.3,flow_west.4,-90.42,113.42,1331.97,True
61.0,V2V,flow_west.3,flow_west.5,-78.47,101.47,336.47,True
61.0,V2V,flow_west.3,vehicle_1,-92.77,115.77,1746.97,True
61.0,V2V,flow_west.4,flow_east.1,-85.46,108.46,752.64,True
61.0,V2V,flow_west.4,flow_east.3,-49.60,72.60,12.13,True
61.0,V2V,flow_west.4,flow_east.4,-78.40,101.40,334.00,True
61.0,V2V,flow_west.4,flow_east.5,-80.57,103.57,428.47,True
61.0,V2V,flow_west.4,flow_west.2,-88.58,111.58,1078.53,True
61.0,V2V,flow_west.4,flow_west.3,-90.42,113.42,1331.97,True
61.0,V2V,flow_west.4,flow_west.5,-87.89,110.89,995.50,True
61.0,V2V,flow_west.4,vehicle_1,-80.29,103.29,415.10,True
61.0,V2V,flow_west.5,flow_east.1,-75.65,98.65,243.17,True
61.0,V2V,flow_west.5,flow_east.3,-87.94,110.94,1001.32,True
61.0,V2V,flow_west.5,flow_east.4,-90.40,113.40,1329.38,True
61.0,V2V,flow_west.5,flow_east.5,-83.00,106.00,567.27,True
61.0,V2V,flow_west.5,flow_west.2,-66.31,89.31,83.03,True
61.0,V2V,flow_west.5,flow_west.3,-78.47,101.47,336.47,True
61.0,V2V,flow_west.5,flow_west.4,-87.89,110.89,995.50,True
61.0,V2V,flow_west.5,vehicle_1,-90.91,113.91,1410.51,True
61.0,V2V,vehicle_1,flow_east.1,-89.27,112.27,1167.53,True
61.0,V2V,vehicle_1,flow_east.3,-80.17,103.17,409.20,True
61.0,V2V,vehicle_1,flow_east.4,-66.11,89.11,81.13,True
61.0,V2V,vehicle_1,flow_east.5,-86.45,109.45,843.30,True
61.0,V2V,vehicle_1,flow_west.2,-91.41,114.41,1493.54,True
61.0,V2V,vehicle_1,flow_west.3,-92.77,115.77,1746.97,True
61.0,V2V,vehicle_1,flow_west.4,-80.29,103.29,415.10,True
61.0,V2V,vehicle_1,flow_west.5,-90.91,113.91,1410.51,True
62.0,V2I,BS_1,flow_east.1,-76.79,106.79,620.97,True
62.0,V2I,BS_1,flow_east.3,-82.68,112.68,1223.19,True
62.0,V2I,BS_1,flow_east.4,-84.61,114.61,1527.29,True
62.0,V2I,BS_1,flow_east.5,-79.55,109.55,853.58,True
62.0,V2I,BS_1,flow_west.2,-75.06,105.06,508.91,True
62.0,V2I,BS_1,flow_west.3,-76.52,106.52,601.74,True
62.0,V2I,BS_1,flow_west.4,-81.93,111.93,1121.87,True
62.0,V2I,BS_1,flow_west.5,-89.97,119.97,503.80,False
62.0,V2I,BS_1,vehicle_1,-85.04,115.04,1605.09,True
62.0,V2V,flow_east.1,flow_east.3,-85.56,108.56,761.70,True
62.0,V2V,flow_east.1,flow_east.4,-88.68,111.68,1089.97,True
62.0,V2V,flow_east.1,flow_east.5,-78.38,101.38,333.17,True
62.0,V2V,flow_east.1,flow_west.2,-80.41,103.41,420.90,True
62.0,V2V,flow_east.1,flow_west.3,-84.54,107.54,677.45,True
62.0,V2V,flow_east.1,flow_west.4,-84.24,107.24,654.35,True
62.0,V2V,flow_east.1,flow_west.5,-78.53,101.53,338.77,True
62.0,V2V,flow_east.1,vehicle_1,-89.31,112.31,1172.33,True
62.0,V2V,flow_east.3,flow_east.1,-85.56,108.56,761.70,True
62.0,V2V,flow_east.3,flow_east.4,-78.25,101.25,328.27,True
62.0,V2V,flow_east.3,flow_east.5,-80.57,103.57,428.53,True
62.0,V2V,flow_east.3,flow_west.2,-89.38,112.38,1182.51,True
62.0,V2V,flow_east.3,flow_west.3,-91.09,114.09,1439.11,True
62.0,V2V,flow_east.3,flow_west.4,-68.59,91.59,107.96,True
62.0,V2V,flow_east.3,flow_west.5,-88.76,111.76,1100.35,True
62.0,V2V,flow_east.3,vehicle_1,-80.20,103.20,410.63,True
62.0,V2V,flow_east.4,flow_east.1,-88.68,111.68,1089.97,True
62.0,V2V,flow_east.4,flow_east.3,-78.25,101.25,328.27,True
62.0,V2V,flow_east.4,flow_east.5,-85.51,108.51,756.80,True
62.0,V2V,flow_east.4,flow_west.2,-91.51,114.51,1510.77,True
62.0,V2V,flow_east.4,flow_west.3,-92.87,115.87,1767.37,True
62.0,V2V,flow_east.4,flow_west.4,-80.71,103.71,435.83,True
62.0,V2V,flow_east.4,flow_west.5,-91.03,114.03,1428.61,True
62.0,V2V,flow_east.4,vehicle_1,-66.24,89.24,82.37,True
62.0,V2V,flow_east.5,flow_east.1,-78.38,101.38,333.17,True
62.0,V2V,flow_east.5,flow_east.3,-80.57,103.57,428.53,True
62.0,V2V,flow_east.5,flow_east.4,-85.51,108.51,756.80,True
62.0,V2V,flow_east.5,flow_west.2,-85.47,108.47,754.01,True
62.0,V2V,flow_east.5,flow_west.3,-88.02,111.02,1010.59,True
62.0,V2V,flow_east.5,flow_west.4,-78.06,101.06,321.28,True
62.0,V2V,flow_east.5,flow_west.5,-84.47,107.47,671.85,True
62.0,V2V,flow_east.5,vehicle_1,-86.40,109.40,839.17,True
62.0,V2V,flow_west.2,flow_east.1,-80.41,103.41,420.90,True
62.0,V2V,flow_west.2,flow_east.3,-89.38,112.38,1182.51,True
62.0,V2V,flow_west.2,flow_east.4,-91.51,114.51,1510.77,True
62.0,V2V,flow_west.2,flow_east.5,-85.47,108.47,754.01,True
62.0,V2V,flow_west.2,flow_west.3,-76.11,99.11,256.60,True
62.0,V2V,flow_west.2,flow_west.4,-88.56,111.56,1075.03,True
62.0,V2V,flow_west.2,flow_west.5,-66.22,89.22,82.17,True
62.0,V2V,flow_west.2,vehicle_1,-91.97,114.97,1593.14,True
62.0,V2V,flow_west.3,flow_east.1,-84.54,107.54,677.45,True
62.0,V2V,flow_west.3,flow_east.3,-91.09,114.09,1439.11,True
62.0,V2V,flow_west.3,flow_east.4,-92.87,115.87,1767.37,True
62.0,V2V,flow_west.3,flow_east.5,-88.02,111.02,1010.59,True
62.0,V2V,flow_west.3,flow_west.2,-76.11,99.11,256.60,True
62.0,V2V,flow_west.3,flow_west.4,-90.42,113.42,1331.63,True
62.0,V2V,flow_west.3,flow_west.5,-78.53,101.53,338.77,True
62.0,V2V,flow_west.3,vehicle_1,-93.27,116.27,1849.73,True
62.0,V2V,flow_west.4,flow_east.1,-84.24,107.24,654.35,True
62.0,V2V,flow_west.4,flow_east.3,-68.59,91.59,107.96,True
62.0,V2V,flow_west.4,flow_east.4,-80.71,103.71,435.83,True
62.0,V2V,flow_west.4,flow_east.5,-78.06,101.06,321.28,True
62.0,V2V,flow_west.4,flow_west.2,-88.56,111.56,1075.03,True
62.0,V2V,flow_west.4,flow_west.3,-90.42,113.42,1331.63,True
62.0,V2V,flow_west.4,flow_west.5,-87.87,110.87,992.87,True
62.0,V2V,flow_west.4,vehicle_1,-82.22,105.22,518.18,True
62.0,V2V,flow_west.5,flow_east.1,-78.53,101.53,338.77,True
62.0,V2V,flow_west.5,flow_east.3,-88.76,111.76,1100.35,True
62.0,V2V,flow_west.5,flow_east.4,-91.03,114.03,1428.61,True
62.0,V2V,flow_west.5,flow_east.5,-84.47,107.47,671.85,True
62.0,V2V,flow_west.5,flow_west.2,-66.22,89.22,82.17,True
62.0,V2V,flow_west.5,flow_west.3,-78.53,101.53,338.77,True
62.0,V2V,flow_west.5,flow_west.4,-87.87,110.87,992.87,True
62.0,V2V,flow_west.5,vehicle_1,-91.51,114.51,1510.97,True
62.0,V2V,vehicle_1,flow_east.1,-89.31,112.31,1172.33,True
62.0,V2V,vehicle_1,flow_east.3,-80.20,103.20,410.63,True
62.0,V2V,vehicle_1,flow_east.4,-66.24,89.24,82.37,True
62.0,V2V,vehicle_1,flow_east.5,-86.40,109.40,839.17,True
62.0,V2V,vehicle_1,flow_west.2,-91.97,114.97,1593.14,True
62.0,V2V,vehicle_1,flow_west.3,-93.27,116.27,1849.73,True
62.0,V2V,vehicle_1,flow_west.4,-82.22,105.22,518.18,True
62.0,V2V,vehicle_1,flow_west.5,-91.51,114.51,1510.97,True
63.0,V2I,BS_1,flow_east.1,-77.14,107.14,646.29,True
63.0,V2I,BS_1,flow_east.3,-82.97,112.97,1264.47,True
63.0,V2I,BS_1,flow_east.4,-84.87,114.87,1575.06,True
63.0,V2I,BS_1,flow_east.5,-79.97,109.97,895.55,True
63.0,V2I,BS_1,flow_west.2,-75.23,105.23,518.74,True
63.0,V2I,BS_1,flow_west.3,-76.95,106.95,632.96,True
63.0,V2I,BS_1,flow_west.4,-81.54,111.54,1072.66,True
63.0,V2I,BS_1,flow_west.5,-90.00,120.00,505.52,False
63.0,V2I,BS_1,vehicle_1,-85.29,115.29,1652.91,True
63.0,V2V,flow_east.1,flow_east.3,-85.59,108.59,763.67,True
63.0,V2V,flow_east.1,flow_east.4,-88.73,111.73,1097.23,True
63.0,V2V,flow_east.1,flow_east.5,-78.60,101.60,341.70,True
63.0,V2V,flow_east.1,flow_west.2,-82.17,105.17,515.64,True
63.0,V2V,flow_east.1,flow_west.3,-85.71,108.71,774.91,True
63.0,V2V,flow_east.1,flow_west.4,-82.82,105.82,555.60,True
63.0,V2V,flow_east.1,flow_west.5,-80.69,103.69,434.50,True
63.0,V2V,flow_east.1,vehicle_1,-89.36,112.36,1179.37,True
63.0,V2V,flow_east.3,flow_east.1,-85.59,108.59,763.67,True
63.0,V2V,flow_east.3,flow_east.4,-78.39,101.39,333.57,True
63.0,V2V,flow_east.3,flow_east.5,-80.43,103.43,421.97,True
63.0,V2V,flow_east.3,flow_west.2,-90.07,113.07,1279.24,True
63.0,V2V,flow_east.3,flow_west.3,-91.67,114.67,1538.54,True
63.0,V2V,flow_east.3,flow_west.4,-74.31,97.31,208.44,True
63.0,V2V,flow_east.3,flow_west.5,-89.50,112.50,1198.08,True
63.0,V2V,flow_east.3,vehicle_1,-80.30,103.30,415.70,True
63.0,V2V,flow_east.4,flow_east.1,-88.73,111.73,1097.23,True
63.0,V2V,flow_east.4,flow_east.3,-78.39,101.39,333.57,True
63.0,V2V,flow_east.4,flow_east.5,-85.49,108.49,755.53,True
63.0,V2V,flow_east.4,flow_west.2,-92.08,115.08,1612.80,True
63.0,V2V,flow_east.4,flow_west.3,-93.37,116.37,1872.10,True
63.0,V2V,flow_east.4,flow_west.4,-82.60,105.60,541.84,True
63.0,V2V,flow_east.4,flow_west.5,-91.63,114.63,1531.64,True
63.0,V2V,flow_east.4,vehicle_1,-66.22,89.22,82.13,True
63.0,V2V,flow_east.5,flow_east.1,-78.60,101.60,341.70,True
63.0,V2V,flow_east.5,flow_east.3,-80.43,103.43,421.97,True
63.0,V2V,flow_east.5,flow_east.4,-85.49,108.49,755.53,True
63.0,V2V,flow_east.5,flow_west.2,-86.59,109.59,857.30,True
63.0,V2V,flow_east.5,flow_west.3,-88.89,111.89,1116.58,True
63.0,V2V,flow_east.5,flow_west.4,-74.54,97.54,214.07,True
63.0,V2V,flow_east.5,flow_west.5,-85.73,108.73,776.14,True
63.0,V2V,flow_east.5,vehicle_1,-86.39,109.39,837.67,True
63.0,V2V,flow_west.2,flow_east.1,-82.17,105.17,515.64,True
63.0,V2V,flow_west.2,flow_east.3,-90.07,113.07,1279.24,True
63.0,V2V,flow_west.2,flow_east.4,-92.08,115.08,1612.80,True
63.0,V2V,flow_west.2,flow_east.5,-86.59,109.59,857.30,True
63.0,V2V,flow_west.2,flow_west.3,-76.20,99.20,259.30,True
63.0,V2V,flow_west.2,flow_west.4,-88.52,111.52,1071.03,True
63.0,V2V,flow_west.2,flow_west.5,-66.11,89.11,81.17,True
63.0,V2V,flow_west.2,vehicle_1,-92.51,115.51,1694.93,True
63.0,V2V,flow_west.3,flow_east.1,-85.71,108.71,774.91,True
63.0,V2V,flow_west.3,flow_east.3,-91.67,114.67,1538.54,True
63.0,V2V,flow_west.3,flow_east.4,-93.37,116.37,1872.10,True
63.0,V2V,flow_west.3,flow_east.5,-88.89,111.89,1116.58,True
63.0,V2V,flow_west.3,flow_west.2,-76.20,99.20,259.30,True
63.0,V2V,flow_west.3,flow_west.4,-90.41,113.41,1330.33,True
63.0,V2V,flow_west.3,flow_west.5,-78.57,101.57,340.47,True
63.0,V2V,flow_west.3,vehicle_1,-93.75,116.75,1954.23,True
63.0,V2V,flow_west.4,flow_east.1,-82.82,105.82,555.60,True
63.0,V2V,flow_west.4,flow_east.3,-74.31,97.31,208.44,True
63.0,V2V,flow_west.4,flow_east.4,-82.60,105.60,541.84,True
63.0,V2V,flow_west.4,flow_east.5,-74.54,97.54,214.07,True
63.0,V2V,flow_west.4,flow_west.2,-88.52,111.52,1071.03,True
63.0,V2V,flow_west.4,flow_west.3,-90.41,113.41,1330.33,True
63.0,V2V,flow_west.4,flow_west.5,-87.84,110.84,989.87,True
63.0,V2V,flow_west.4,vehicle_1,-83.83,106.83,623.96,True
63.0,V2V,flow_west.5,flow_east.1,-80.69,103.69,434.50,True
63.0,V2V,flow_west.5,flow_east.3,-89.50,112.50,1198.08,True
63.0,V2V,flow_west.5,flow_east.4,-91.63,114.63,1531.64,True
63.0,V2V,flow_west.5,flow_east.5,-85.73,108.73,776.14,True
63.0,V2V,flow_west.5,flow_west.2,-66.11,89.11,81.17,True
63.0,V2V,flow_west.5,flow_west.3,-78.57,101.57,340.47,True
63.0,V2V,flow_west.5,flow_west.4,-87.84,110.84,989.87,True
63.0,V2V,flow_west.5,vehicle_1,-92.08,115.08,1613.77,True
63.0,V2V,vehicle_1,flow_east.1,-89.36,112.36,1179.37,True
63.0,V2V,vehicle_1,flow_east.3,-80.30,103.30,415.70,True
63.0,V2V,vehicle_1,flow_east.4,-66.22,89.22,82.13,True
63.0,V2V,vehicle_1,flow_east.5,-86.39,109.39,837.67,True
63.0,V2V,vehicle_1,flow_west.2,-92.51,115.51,1694.93,True
63.0,V2V,vehicle_1,flow_west.3,-93.75,116.75,1954.23,True
63.0,V2V,vehicle_1,flow_west.4,-83.83,106.83,623.96,True
63.0,V2V,vehicle_1,flow_west.5,-92.08,115.08,1613.77,True
64.0,V2I,BS_1,flow_east.1,-77.50,107.50,674.13,True
64.0,V2I,BS_1,flow_east.3,-83.24,113.24,1304.54,True
64.0,V2I,BS_1,flow_east.4,-85.14,115.14,1623.83,True
64.0,V2I,BS_1,flow_east.5,-80.39,110.39,939.78,True
64.0,V2I,BS_1,flow_west.2,-75.47,105.47,533.38,True
64.0,V2I,BS_1,flow_west.3,-77.41,107.41,667.37,True
64.0,V2I,BS_1,flow_west.4,-81.14,111.14,1024.54,True
64.0,V2I,BS_1,flow_west.5,-75.12,105.12,512.15,True
64.0,V2I,BS_1,vehicle_1,-85.53,115.53,1698.72,True
64.0,V2V,flow_east.1,flow_east.3,-85.58,108.58,762.97,True
64.0,V2V,flow_east.1,flow_east.4,-88.79,111.79,1104.30,True
64.0,V2V,flow_east.1,flow_east.5,-78.83,101.83,350.67,True
64.0,V2V,flow_east.1,flow_west.2,-83.66,106.66,611.49,True
64.0,V2V,flow_east.1,flow_west.3,-86.76,109.76,873.83,True
64.0,V2V,flow_east.1,flow_west.4,-81.11,104.11,456.32,True
64.0,V2V,flow_east.1,flow_west.5,-82.39,105.39,528.67,True
64.0,V2V,flow_east.1,vehicle_1,-89.39,112.39,1183.07,True
64.0,V2V,flow_east.3,flow_east.1,-85.58,108.58,762.97,True
64.0,V2V,flow_east.3,flow_east.4,-78.59,101.59,341.33,True
64.0,V2V,flow_east.3,flow_east.5,-80.23,103.23,412.30,True
64.0,V2V,flow_east.3,flow_west.2,-90.69,113.69,1374.41,True
64.0,V2V,flow_east.3,flow_west.3,-92.21,115.21,1636.77,True
64.0,V2V,flow_east.3,flow_west.4,-77.67,100.67,306.95,True
64.0,V2V,flow_east.3,flow_west.5,-90.15,113.15,1291.58,True
64.0,V2V,flow_east.3,vehicle_1,-80.39,103.39,420.10,True
64.0,V2V,flow_east.4,flow_east.1,-88.79,111.79,1104.30,True
64.0,V2V,flow_east.4,flow_east.3,-78.59,101.59,341.33,True
64.0,V2V,flow_east.4,flow_east.5,-85.47,108.47,753.63,True
64.0,V2V,flow_east.4,flow_west.2,-92.62,115.62,1715.73,True
64.0,V2V,flow_east.4,flow_west.3,-93.85,116.85,1978.10,True
64.0,V2V,flow_east.4,flow_west.4,-84.16,107.16,648.19,True
64.0,V2V,flow_east.4,flow_west.5,-92.19,115.19,1632.90,True
64.0,V2V,flow_east.4,vehicle_1,-65.85,88.85,78.77,True
64.0,V2V,flow_east.5,flow_east.1,-78.83,101.83,350.67,True
64.0,V2V,flow_east.5,flow_east.3,-80.23,103.23,412.30,True
64.0,V2V,flow_east.5,flow_east.4,-85.47,108.47,753.63,True
64.0,V2V,flow_east.5,flow_west.2,-87.59,110.59,962.13,True
64.0,V2V,flow_east.5,flow_west.3,-89.69,112.69,1224.48,True
64.0,V2V,flow_east.5,flow_west.4,-68.44,91.44,106.07,True
64.0,V2V,flow_east.5,flow_west.5,-86.81,109.81,879.30,True
64.0,V2V,flow_east.5,vehicle_1,-86.33,109.33,832.40,True
64.0,V2V,flow_west.2,flow_east.1,-83.66,106.66,611.49,True
64.0,V2V,flow_west.2,flow_east.3,-90.69,113.69,1374.41,True
64.0,V2V,flow_west.2,flow_east.4,-92.62,115.62,1715.73,True
64.0,V2V,flow_west.2,flow_east.5,-87.59,110.59,962.13,True
64.0,V2V,flow_west.2,flow_west.3,-76.31,99.31,262.37,True
64.0,V2V,flow_west.2,flow_west.4,-88.50,111.50,1067.60,True
64.0,V2V,flow_west.2,flow_west.5,-66.29,89.29,82.83,True
64.0,V2V,flow_west.2,vehicle_1,-93.01,116.01,1794.50,True
64.0,V2V,flow_west.3,flow_east.1,-86.76,109.76,873.83,True
64.0,V2V,flow_west.3,flow_east.3,-92.21,115.21,1636.77,True
64.0,V2V,flow_west.3,flow_east.4,-93.85,116.85,1978.10,True
64.0,V2V,flow_west.3,flow_east.5,-89.69,112.69,1224.48,True
64.0,V2V,flow_west.3,flow_west.2,-76.31,99.31,262.37,True
64.0,V2V,flow_west.3,flow_west.4,-90.40,113.40,1329.97,True
64.0,V2V,flow_west.3,flow_west.5,-78.69,101.69,345.20,True
64.0,V2V,flow_west.3,vehicle_1,-94.19,117.19,2056.86,True
64.0,V2V,flow_west.4,flow_east.1,-81.11,104.11,456.32,True
64.0,V2V,flow_west.4,flow_east.3,-77.67,100.67,306.95,True
64.0,V2V,flow_west.4,flow_east.4,-84.16,107.16,648.19,True
64.0,V2V,flow_west.4,flow_east.5,-68.44,91.44,106.07,True
64.0,V2V,flow_west.4,flow_west.2,-88.50,111.50,1067.60,True
64.0,V2V,flow_west.4,flow_west.3,-90.40,113.40,1329.97,True
64.0,V2V,flow_west.4,flow_west.5,-87.79,110.79,984.77,True
64.0,V2V,flow_west.4,vehicle_1,-85.16,108.16,726.94,True
64.0,V2V,flow_west.5,flow_east.1,-82.39,105.39,528.67,True
64.0,V2V,flow_west.5,flow_east.3,-90.15,113.15,1291.58,True
64.0,V2V,flow_west.5,flow_east.4,-92.19,115.19,1632.90,True
64.0,V2V,flow_west.5,flow_east.5,-86.81,109.81,879.30,True
64.0,V2V,flow_west.5,flow_west.2,-66.29,89.29,82.83,True
64.0,V2V,flow_west.5,flow_west.3,-78.69,101.69,345.20,True
64.0,V2V,flow_west.5,flow_west.4,-87.79,110.79,984.77,True
64.0,V2V,flow_west.5,vehicle_1,-92.60,115.60,1711.67,True
64.0,V2V,vehicle_1,flow_east.1,-89.39,112.39,1183.07,True
64.0,V2V,vehicle_1,flow_east.3,-80.39,103.39,420.10,True
64.0,V2V,vehicle_1,flow_east.4,-65.85,88.85,78.77,True
64.0,V2V,vehicle_1,flow_east.5,-86.33,109.33,832.40,True
64.0,V2V,vehicle_1,flow_west.2,-93.01,116.01,1794.50,True
64.0,V2V,vehicle_1,flow_west.3,-94.19,117.19,2056.86,True
64.0,V2V,vehicle_1,flow_west.4,-85.16,108.16,726.94,True
64.0,V2V,vehicle_1,flow_west.5,-92.60,115.60,1711.67,True
65.0,V2I,BS_1,flow_east.1,-77.87,107.87,703.18,True
65.0,V2I,BS_1,flow_east.3,-83.50,113.50,1344.63,True
65.0,V2I,BS_1,flow_east.4,-85.37,115.37,1667.55,True
65.0,V2I,BS_1,flow_east.5,-80.79,110.79,984.17,True
65.0,V2I,BS_1,flow_west.2,-75.75,105.75,551.01,True
65.0,V2I,BS_1,flow_west.3,-77.87,107.87,703.47,True
65.0,V2I,BS_1,flow_west.4,-80.75,110.75,979.28,True
65.0,V2I,BS_1,flow_west.5,-75.31,105.31,523.71,True
65.0,V2V,flow_east.1,flow_east.3,-85.58,108.58,762.77,True
65.0,V2V,flow_east.1,flow_east.4,-88.81,111.81,1106.63,True
65.0,V2V,flow_east.1,flow_east.5,-79.04,102.04,359.50,True
65.0,V2V,flow_east.1,flow_west.2,-84.87,107.87,703.11,True
65.0,V2V,flow_east.1,flow_west.3,-87.67,110.67,970.79,True
65.0,V2V,flow_east.1,flow_west.4,-79.06,102.06,360.29,True
65.0,V2V,flow_east.1,flow_west.5,-83.82,106.82,623.12,True
65.0,V2V,flow_east.3,flow_east.1,-85.58,108.58,762.77,True
65.0,V2V,flow_east.3,flow_east.4,-78.66,101.66,343.87,True
65.0,V2V,flow_east.3,flow_east.5,-80.04,103.04,403.27,True
65.0,V2V,flow_east.3,flow_west.2,-91.25,114.25,1465.84,True
65.0,V2V,flow_east.3,flow_west.3,-92.71,115.71,1733.53,True
65.0,V2V,flow_east.3,flow_west.4,-80.03,103.03,402.77,True
65.0,V2V,flow_east.3,flow_west.5,-90.76,113.76,1385.84,True
65.0,V2V,flow_east.4,flow_east.1,-88.81,111.81,1106.63,True
65.0,V2V,flow_east.4,flow_east.3,-78.66,101.66,343.87,True
65.0,V2V,flow_east.4,flow_east.5,-85.40,108.40,747.13,True
65.0,V2V,flow_east.4,flow_west.2,-93.08,116.08,1809.70,True
65.0,V2V,flow_east.4,flow_west.3,-94.28,117.28,2077.39,True
65.0,V2V,flow_east.4,flow_west.4,-85.39,108.39,746.58,True
65.0,V2V,flow_east.4,flow_west.5,-92.69,115.69,1729.70,True
65.0,V2V,flow_east.5,flow_east.1,-79.04,102.04,359.50,True
65.0,V2V,flow_east.5,flow_east.3,-80.04,103.04,403.27,True
65.0,V2V,flow_east.5,flow_east.4,-85.40,108.40,747.13,True
65.0,V2V,flow_east.5,flow_west.2,-88.45,111.45,1062.59,True
65.0,V2V,flow_east.5,flow_west.3,-90.41,113.41,1330.28,True
65.0,V2V,flow_east.5,flow_west.4,-48.50,71.50,10.69,True
65.0,V2V,flow_east.5,flow_west.5,-87.77,110.77,982.59,True
65.0,V2V,flow_west.2,flow_east.1,-84.87,107.87,703.11,True
65.0,V2V,flow_west.2,flow_east.3,-91.25,114.25,1465.84,True
65.0,V2V,flow_west.2,flow_east.4,-93.08,116.08,1809.70,True
65.0,V2V,flow_west.2,flow_east.5,-88.45,111.45,1062.59,True
65.0,V2V,flow_west.2,flow_west.3,-76.48,99.48,267.70,True
65.0,V2V,flow_west.2,flow_west.4,-88.46,111.46,1063.17,True
65.0,V2V,flow_west.2,flow_west.5,-65.99,88.99,80.00,True
65.0,V2V,flow_west.3,flow_east.1,-87.67,110.67,970.79,True
65.0,V2V,flow_west.3,flow_east.3,-92.71,115.71,1733.53,True
65.0,V2V,flow_west.3,flow_east.4,-94.28,117.28,2077.39,True
65.0,V2V,flow_west.3,flow_east.5,-90.41,113.41,1330.28,True
65.0,V2V,flow_west.3,flow_west.2,-76.48,99.48,267.70,True
65.0,V2V,flow_west.3,flow_west.4,-90.41,113.41,1330.87,True
65.0,V2V,flow_west.3,flow_west.5,-78.75,101.75,347.70,True
65.0,V2V,flow_west.4,flow_east.1,-79.06,102.06,360.29,True
65.0,V2V,flow_west.4,flow_east.3,-80.03,103.03,402.77,True
65.0,V2V,flow_west.4,flow_east.4,-85.39,108.39,746.58,True
65.0,V2V,flow_west.4,flow_east.5,-48.50,71.50,10.69,True
65.0,V2V,flow_west.4,flow_west.2,-88.46,111.46,1063.17,True
65.0,V2V,flow_west.4,flow_west.3,-90.41,113.41,1330.87,True
65.0,V2V,flow_west.4,flow_west.5,-87.78,110.78,983.17,True
65.0,V2V,flow_west.5,flow_east.1,-83.82,106.82,623.12,True
65.0,V2V,flow_west.5,flow_east.3,-90.76,113.76,1385.84,True
65.0,V2V,flow_west.5,flow_east.4,-92.69,115.69,1729.70,True
65.0,V2V,flow_west.5,flow_east.5,-87.77,110.77,982.59,True
65.0,V2V,flow_west.5,flow_west.2,-65.99,88.99,80.00,True
65.0,V2V,flow_west.5,flow_west.3,-78.75,101.75,347.70,True
65.0,V2V,flow_west.5,flow_west.4,-87.78,110.78,983.17,True
66.0,V2I,BS_1,flow_east.1,-78.23,108.23,733.02,True
66.0,V2I,BS_1,flow_east.3,-83.76,113.76,1384.80,True
66.0,V2I,BS_1,flow_east.4,-85.63,115.63,1718.33,True
66.0,V2I,BS_1,flow_east.5,-81.17,111.17,1028.55,True
66.0,V2I,BS_1,flow_west.2,-76.08,106.08,572.61,True
66.0,V2I,BS_1,flow_west.3,-78.35,108.35,742.83,True
66.0,V2I,BS_1,flow_west.4,-80.33,110.33,933.21,True
66.0,V2I,BS_1,flow_west.5,-75.55,105.55,538.31,True
66.0,V2V,flow_east.1,flow_east.3,-85.58,108.58,763.37,True
66.0,V2V,flow_east.1,flow_east.4,-88.89,111.89,1117.17,True
66.0,V2V,flow_east.1,flow_east.5,-79.25,102.25,368.37,True
66.0,V2V,flow_east.1,flow_west.2,-85.93,108.93,794.84,True
66.0,V2V,flow_east.1,flow_west.3,-88.50,111.50,1068.45,True
66.0,V2V,flow_east.1,flow_west.4,-76.34,99.34,263.38,True
66.0,V2V,flow_east.1,flow_west.5,-84.98,107.98,712.41,True
66.0,V2V,flow_east.3,flow_east.1,-85.58,108.58,763.37,True
66.0,V2V,flow_east.3,flow_east.4,-78.90,101.90,353.80,True
66.0,V2V,flow_east.3,flow_east.5,-79.86,102.86,395.00,True
66.0,V2V,flow_east.3,flow_west.2,-91.78,114.78,1558.17,True
66.0,V2V,flow_east.3,flow_west.3,-93.18,116.18,1831.80,True
66.0,V2V,flow_east.3,flow_west.4,-81.91,104.91,500.31,True
66.0,V2V,flow_east.3,flow_west.5,-91.31,114.31,1475.74,True
66.0,V2V,flow_east.4,flow_east.1,-88.89,111.89,1117.17,True
66.0,V2V,flow_east.4,flow_east.3,-78.90,101.90,353.80,True
66.0,V2V,flow_east.4,flow_east.5,-85.41,108.41,748.80,True
66.0,V2V,flow_east.4,flow_west.2,-93.56,116.56,1911.96,True
66.0,V2V,flow_east.4,flow_west.3,-94.72,117.72,2185.59,True
66.0,V2V,flow_east.4,flow_west.4,-86.56,109.56,854.07,True
66.0,V2V,flow_east.4,flow_west.5,-93.17,116.17,1829.53,True
66.0,V2V,flow_east.5,flow_east.1,-79.25,102.25,368.37,True
66.0,V2V,flow_east.5,flow_east.3,-79.86,102.86,395.00,True
66.0,V2V,flow_east.5,flow_east.4,-85.41,108.41,748.80,True
66.0,V2V,flow_east.5,flow_west.2,-89.24,112.24,1163.18,True
66.0,V2V,flow_east.5,flow_west.3,-91.08,114.08,1436.81,True
66.0,V2V,flow_east.5,flow_west.4,-68.41,91.41,105.74,True
66.0,V2V,flow_east.5,flow_west.5,-88.60,111.60,1080.75,True
66.0,V2V,flow_west.2,flow_east.1,-85.93,108.93,794.84,True
66.0,V2V,flow_west.2,flow_east.3,-91.78,114.78,1558.17,True
66.0,V2V,flow_west.2,flow_east.4,-93.56,116.56,1911.96,True
66.0,V2V,flow_west.2,flow_east.5,-89.24,112.24,1163.18,True
66.0,V2V,flow_west.2,flow_west.3,-76.67,99.67,273.63,True
66.0,V2V,flow_west.2,flow_west.4,-88.42,111.42,1057.93,True
66.0,V2V,flow_west.2,flow_west.5,-66.25,89.25,82.43,True
66.0,V2V,flow_west.3,flow_east.1,-88.50,111.50,1068.45,True
66.0,V2V,flow_west.3,flow_east.3,-93.18,116.18,1831.80,True
66.0,V2V,flow_west.3,flow_east.4,-94.72,117.72,2185.59,True
66.0,V2V,flow_west.3,flow_east.5,-91.08,114.08,1436.81,True
66.0,V2V,flow_west.3,flow_west.2,-76.67,99.67,273.63,True
66.0,V2V,flow_west.3,flow_west.4,-90.41,113.41,1331.57,True
66.0,V2V,flow_west.3,flow_west.5,-78.96,101.96,356.07,True
66.0,V2V,flow_west.4,flow_east.1,-76.34,99.34,263.38,True
66.0,V2V,flow_west.4,flow_east.3,-81.91,104.91,500.31,True
66.0,V2V,flow_west.4,flow_east.4,-86.56,109.56,854.07,True
66.0,V2V,flow_west.4,flow_east.5,-68.41,91.41,105.74,True
66.0,V2V,flow_west.4,flow_west.2,-88.42,111.42,1057.93,True
66.0,V2V,flow_west.4,flow_west.3,-90.41,113.41,1331.57,True
66.0,V2V,flow_west.4,flow_west.5,-87.71,110.71,975.50,True
66.0,V2V,flow_west.5,flow_east.1,-84.98,107.98,712.41,True
66.0,V2V,flow_west.5,flow_east.3,-91.31,114.31,1475.74,True
66.0,V2V,flow_west.5,flow_east.4,-93.17,116.17,1829.53,True
66.0,V2V,flow_west.5,flow_east.5,-88.60,111.60,1080.75,True
66.0,V2V,flow_west.5,flow_west.2,-66.25,89.25,82.43,True
66.0,V2V,flow_west.5,flow_west.3,-78.96,101.96,356.07,True
66.0,V2V,flow_west.5,flow_west.4,-87.71,110.71,975.50,True
67.0,V2I,BS_1,flow_east.1,-78.58,108.58,763.53,True
67.0,V2I,BS_1,flow_east.3,-84.03,114.03,1429.07,True
67.0,V2I,BS_1,flow_east.5,-81.56,111.56,1075.42,True
67.0,V2I,BS_1,flow_west.2,-76.46,106.46,597.74,True
67.0,V2I,BS_1,flow_west.3,-78.80,108.80,782.92,True
67.0,V2I,BS_1,flow_west.4,-79.90,109.90,888.18,True
67.0,V2I,BS_1,flow_west.5,-75.87,105.87,558.38,True
67.0,V2V,flow_east.1,flow_east.3,-85.65,108.65,768.93,True
67.0,V2V,flow_east.1,flow_east.5,-79.53,102.53,380.10,True
67.0,V2V,flow_east.1,flow_west.2,-86.88,109.88,886.33,True
67.0,V2V,flow_east.1,flow_west.3,-89.25,112.25,1163.85,True
67.0,V2V,flow_east.1,flow_west.4,-72.40,95.40,167.44,True
67.0,V2V,flow_east.1,flow_west.5,-86.05,109.05,805.47,True
67.0,V2V,flow_east.3,flow_east.1,-85.65,108.65,768.93,True
67.0,V2V,flow_east.3,flow_east.5,-79.72,102.72,388.83,True
67.0,V2V,flow_east.3,flow_west.2,-92.30,115.30,1655.23,True
67.0,V2V,flow_east.3,flow_west.3,-93.65,116.65,1932.76,True
67.0,V2V,flow_east.3,flow_west.4,-83.52,106.52,601.93,True
67.0,V2V,flow_east.3,flow_west.5,-91.87,114.87,1574.37,True
67.0,V2V,flow_east.5,flow_east.1,-79.53,102.53,380.10,True
67.0,V2V,flow_east.5,flow_east.3,-79.72,102.72,388.83,True
67.0,V2V,flow_east.5,flow_west.2,-89.98,112.98,1266.41,True
67.0,V2V,flow_east.5,flow_west.3,-91.70,114.70,1543.94,True
67.0,V2V,flow_east.5,flow_west.4,-74.51,97.51,213.27,True
67.0,V2V,flow_east.5,flow_west.5,-89.41,112.41,1185.55,True
67.0,V2V,flow_west.2,flow_east.1,-86.88,109.88,886.33,True
67.0,V2V,flow_west.2,flow_east.3,-92.30,115.30,1655.23,True
67.0,V2V,flow_west.2,flow_east.5,-89.98,112.98,1266.41,True
67.0,V2V,flow_west.2,flow_west.3,-76.79,99.79,277.53,True
67.0,V2V,flow_west.2,flow_west.4,-88.38,111.38,1053.37,True
67.0,V2V,flow_west.2,flow_west.5,-66.08,89.08,80.87,True
67.0,V2V,flow_west.3,flow_east.1,-89.25,112.25,1163.85,True
67.0,V2V,flow_west.3,flow_east.3,-93.65,116.65,1932.76,True
67.0,V2V,flow_west.3,flow_east.5,-91.70,114.70,1543.94,True
67.0,V2V,flow_west.3,flow_west.2,-76.79,99.79,277.53,True
67.0,V2V,flow_west.3,flow_west.4,-90.41,113.41,1330.90,True
67.0,V2V,flow_west.3,flow_west.5,-79.01,102.01,358.40,True
67.0,V2V,flow_west.4,flow_east.1,-72.40,95.40,167.44,True
67.0,V2V,flow_west.4,flow_east.3,-83.52,106.52,601.93,True
67.0,V2V,flow_west.4,flow_east.5,-74.51,97.51,213.27,True
67.0,V2V,flow_west.4,flow_west.2,-88.38,111.38,1053.37,True
67.0,V2V,flow_west.4,flow_west.3,-90.41,113.41,1330.90,True
67.0,V2V,flow_west.4,flow_west.5,-87.69,110.69,972.50,True
67.0,V2V,flow_west.5,flow_east.1,-86.05,109.05,805.47,True
67.0,V2V,flow_west.5,flow_east.3,-91.87,114.87,1574.37,True
67.0,V2V,flow_west.5,flow_east.5,-89.41,112.41,1185.55,True
67.0,V2V,flow_west.5,flow_west.2,-66.08,89.08,80.87,True
67.0,V2V,flow_west.5,flow_west.3,-79.01,102.01,358.40,True
67.0,V2V,flow_west.5,flow_west.4,-87.69,110.69,972.50,True
68.0,V2I,BS_1,flow_east.1,-78.97,108.97,798.03,True
68.0,V2I,BS_1,flow_east.3,-84.27,114.27,1469.96,True
68.0,V2I,BS_1,flow_east.5,-81.94,111.94,1123.29,True
68.0,V2I,BS_1,flow_west.2,-76.87,106.87,626.98,True
68.0,V2I,BS_1,flow_west.3,-79.26,109.26,825.02,True
68.0,V2I,BS_1,flow_west.4,-79.47,109.47,845.73,True
68.0,V2I,BS_1,flow_west.5,-76.22,106.22,581.52,True
68.0,V2V,flow_east.1,flow_east.3,-85.62,108.62,766.80,True
68.0,V2V,flow_east.1,flow_east.5,-79.71,102.71,388.40,True
68.0,V2V,flow_east.1,flow_west.2,-87.78,110.78,983.69,True
68.0,V2V,flow_east.1,flow_west.3,-89.96,112.96,1263.75,True
68.0,V2V,flow_east.1,flow_west.4,-64.82,87.82,69.89,True
68.0,V2V,flow_east.1,flow_west.5,-87.02,110.02,900.96,True
68.0,V2V,flow_east.3,flow_east.1,-85.62,108.62,766.80,True
68.0,V2V,flow_east.3,flow_east.5,-79.49,102.49,378.40,True
68.0,V2V,flow_east.3,flow_west.2,-92.79,115.79,1750.47,True
68.0,V2V,flow_east.3,flow_west.3,-94.08,117.08,2030.53,True
68.0,V2V,flow_east.3,flow_west.4,-84.80,107.80,697.81,True
68.0,V2V,flow_east.3,flow_west.5,-92.37,115.37,1667.73,True
68.0,V2V,flow_east.5,flow_east.1,-79.71,102.71,388.40,True
68.0,V2V,flow_east.5,flow_east.3,-79.49,102.49,378.40,True
68.0,V2V,flow_east.5,flow_west.2,-90.67,113.67,1372.07,True
68.0,V2V,flow_east.5,flow_west.3,-92.29,115.29,1652.13,True
68.0,V2V,flow_east.5,flow_west.4,-78.02,101.02,319.51,True
68.0,V2V,flow_east.5,flow_west.5,-90.13,113.13,1289.34,True
68.0,V2V,flow_west.2,flow_east.1,-87.78,110.78,983.69,True
68.0,V2V,flow_west.2,flow_east.3,-92.79,115.79,1750.47,True
68.0,V2V,flow_west.2,flow_east.5,-90.67,113.67,1372.07,True
68.0,V2V,flow_west.2,flow_west.3,-76.87,99.87,280.07,True
68.0,V2V,flow_west.2,flow_west.4,-88.37,111.37,1052.70,True
68.0,V2V,flow_west.2,flow_west.5,-66.28,89.28,82.73,True
68.0,V2V,flow_west.3,flow_east.1,-89.96,112.96,1263.75,True
68.0,V2V,flow_west.3,flow_east.3,-94.08,117.08,2030.53,True
68.0,V2V,flow_west.3,flow_east.5,-92.29,115.29,1652.13,True
68.0,V2V,flow_west.3,flow_west.2,-76.87,99.87,280.07,True
68.0,V2V,flow_west.3,flow_west.4,-90.42,113.42,1332.77,True
68.0,V2V,flow_west.3,flow_west.5,-79.12,102.12,362.80,True
68.0,V2V,flow_west.4,flow_east.1,-64.82,87.82,69.89,True
68.0,V2V,flow_west.4,flow_east.3,-84.80,107.80,697.81,True
68.0,V2V,flow_west.4,flow_east.5,-78.02,101.02,319.51,True
68.0,V2V,flow_west.4,flow_west.2,-88.37,111.37,1052.70,True
68.0,V2V,flow_west.4,flow_west.3,-90.42,113.42,1332.77,True
68.0,V2V,flow_west.4,flow_west.5,-87.66,110.66,969.97,True
68.0,V2V,flow_west.5,flow_east.1,-87.02,110.02,900.96,True
68.0,V2V,flow_west.5,flow_east.3,-92.37,115.37,1667.73,True
68.0,V2V,flow_west.5,flow_east.5,-90.13,113.13,1289.34,True
68.0,V2V,flow_west.5,flow_west.2,-66.28,89.28,82.73,True
68.0,V2V,flow_west.5,flow_west.3,-79.12,102.12,362.80,True
68.0,V2V,flow_west.5,flow_west.4,-87.66,110.66,969.97,True
69.0,V2I,BS_1,flow_east.1,-79.35,109.35,833.84,True
69.0,V2I,BS_1,flow_east.3,-84.51,114.51,1511.20,True
69.0,V2I,BS_1,flow_east.5,-82.30,112.30,1171.62,True
69.0,V2I,BS_1,flow_west.2,-77.28,107.28,657.18,True
69.0,V2I,BS_1,flow_west.3,-79.71,109.71,868.79,True
69.0,V2I,BS_1,flow_west.4,-79.03,109.03,803.41,True
69.0,V2I,BS_1,flow_west.5,-76.62,106.62,609.36,True
69.0,V2V,flow_east.1,flow_east.3,-85.60,108.60,764.60,True
69.0,V2V,flow_east.1,flow_east.5,-79.89,102.89,396.33,True
69.0,V2V,flow_east.1,flow_west.2,-88.58,111.58,1078.59,True
69.0,V2V,flow_east.1,flow_west.3,-90.63,113.63,1364.34,True
69.0,V2V,flow_east.1,flow_west.4,-58.12,81.12,32.34,True
69.0,V2V,flow_east.1,flow_west.5,-87.92,110.92,999.42,True
69.0,V2V,flow_east.3,flow_east.1,-85.60,108.60,764.60,True
69.0,V2V,flow_east.3,flow_east.5,-79.25,102.25,368.27,True
69.0,V2V,flow_east.3,flow_west.2,-93.24,116.24,1843.16,True
69.0,V2V,flow_east.3,flow_west.3,-94.49,117.49,2128.93,True
69.0,V2V,flow_east.3,flow_west.4,-85.94,108.94,795.20,True
69.0,V2V,flow_east.3,flow_west.5,-92.86,115.86,1764.00,True
69.0,V2V,flow_east.5,flow_east.1,-79.89,102.89,396.33,True
69.0,V2V,flow_east.5,flow_east.3,-79.25,102.25,368.27,True
69.0,V2V,flow_east.5,flow_west.2,-91.30,114.30,1474.91,True
69.0,V2V,flow_east.5,flow_west.3,-92.84,115.84,1760.67,True
69.0,V2V,flow_east.5,flow_west.4,-80.54,103.54,427.00,True
69.0,V2V,flow_east.5,flow_west.5,-90.82,113.82,1395.74,True
69.0,V2V,flow_west.2,flow_east.1,-88.58,111.58,1078.59,True
69.0,V2V,flow_west.2,flow_east.3,-93.24,116.24,1843.16,True
69.0,V2V,flow_west.2,flow_east.5,-91.30,114.30,1474.91,True
69.0,V2V,flow_west.2,flow_west.3,-77.05,100.05,285.77,True
69.0,V2V,flow_west.2,flow_west.4,-88.33,111.33,1048.00,True
69.0,V2V,flow_west.2,flow_west.5,-65.90,88.90,79.17,True
69.0,V2V,flow_west.3,flow_east.1,-90.63,113.63,1364.34,True
69.0,V2V,flow_west.3,flow_east.3,-94.49,117.49,2128.93,True
69.0,V2V,flow_west.3,flow_east.5,-92.84,115.84,1760.67,True
69.0,V2V,flow_west.3,flow_west.2,-77.05,100.05,285.77,True
69.0,V2V,flow_west.3,flow_west.4,-90.43,113.43,1333.77,True
69.0,V2V,flow_west.3,flow_west.5,-79.17,102.17,364.93,True
69.0,V2V,flow_west.4,flow_east.1,-58.12,81.12,32.34,True
69.0,V2V,flow_west.4,flow_east.3,-85.94,108.94,795.20,True
69.0,V2V,flow_west.4,flow_east.5,-80.54,103.54,427.00,True
69.0,V2V,flow_west.4,flow_west.2,-88.33,111.33,1048.00,True
69.0,V2V,flow_west.4,flow_west.3,-90.43,113.43,1333.77,True
69.0,V2V,flow_west.4,flow_west.5,-87.65,110.65,968.83,True
69.0,V2V,flow_west.5,flow_east.1,-87.92,110.92,999.42,True
69.0,V2V,flow_west.5,flow_east.3,-92.86,115.86,1764.00,True
69.0,V2V,flow_west.5,flow_east.5,-90.82,113.82,1395.74,True
69.0,V2V,flow_west.5,flow_west.2,-65.90,88.90,79.17,True
69.0,V2V,flow_west.5,flow_west.3,-79.17,102.17,364.93,True
69.0,V2V,flow_west.5,flow_west.4,-87.65,110.65,968.83,True
70.0,V2I,BS_1,flow_east.1,-79.72,109.72,870.17,True
70.0,V2I,BS_1,flow_east.3,-84.75,114.75,1552.02,True
70.0,V2I,BS_1,flow_east.5,-82.64,112.64,1218.41,True
70.0,V2I,BS_1,flow_east.6,-75.55,105.55,538.40,True
70.0,V2I,BS_1,flow_west.2,-77.72,107.72,691.36,True
70.0,V2I,BS_1,flow_west.3,-80.14,110.14,913.69,True
70.0,V2I,BS_1,flow_west.4,-78.56,108.56,761.07,True
70.0,V2I,BS_1,flow_west.5,-77.04,107.04,638.92,True
70.0,V2I,BS_1,flow_west.6,-75.74,105.74,550.03,True
70.0,V2V,flow_east.1,flow_east.3,-85.57,108.57,762.37,True
70.0,V2V,flow_east.1,flow_east.5,-80.02,103.02,402.60,True
70.0,V2V,flow_east.1,flow_east.6,-86.63,109.63,861.63,True
70.0,V2V,flow_east.1,flow_west.2,-89.33,112.33,1175.62,True
70.0,V2V,flow_east.1,flow_west.3,-91.24,114.24,1464.34,True
70.0,V2V,flow_east.1,flow_west.4,-70.33,93.33,131.90,True
70.0,V2V,flow_east.1,flow_west.5,-88.72,111.72,1095.12,True
70.0,V2V,flow_east.1,flow_west.6,-87.23,110.23,922.99,True
70.0,V2V,flow_east.3,flow_east.1,-85.57,108.57,762.37,True
70.0,V2V,flow_east.3,flow_east.5,-79.05,102.05,359.77,True
70.0,V2V,flow_east.3,flow_east.6,-92.14,115.14,1624.00,True
70.0,V2V,flow_east.3,flow_west.2,-93.67,116.67,1937.96,True
70.0,V2V,flow_east.3,flow_west.3,-94.88,117.88,2226.69,True
70.0,V2V,flow_east.3,flow_west.4,-86.95,109.95,893.90,True
70.0,V2V,flow_east.3,flow_west.5,-93.31,116.31,1857.46,True
70.0,V2V,flow_east.3,flow_west.6,-92.46,115.46,1685.33,True
70.0,V2V,flow_east.5,flow_east.1,-80.02,103.02,402.60,True
70.0,V2V,flow_east.5,flow_east.3,-79.05,102.05,359.77,True
70.0,V2V,flow_east.5,flow_east.6,-89.96,112.96,1264.23,True
70.0,V2V,flow_east.5,flow_west.2,-91.89,114.89,1578.20,True
70.0,V2V,flow_east.5,flow_west.3,-93.35,116.35,1866.93,True
70.0,V2V,flow_east.5,flow_west.4,-82.48,105.48,534.17,True
70.0,V2V,flow_east.5,flow_west.5,-91.44,114.44,1497.70,True
70.0,V2V,flow_east.5,flow_west.6,-90.38,113.38,1325.58,True
70.0,V2V,flow_east.6,flow_east.1,-86.63,109.63,861.63,True
70.0,V2V,flow_east.6,flow_east.3,-92.14,115.14,1624.00,True
70.0,V2V,flow_east.6,flow_east.5,-89.96,112.96,1264.23,True
70.0,V2V,flow_east.6,flow_west.2,-77.87,100.87,314.11,True
70.0,V2V,flow_east.6,flow_west.3,-83.53,106.53,602.76,True
70.0,V2V,flow_east.6,flow_west.4,-85.20,108.20,730.24,True
70.0,V2V,flow_east.6,flow_west.5,-75.30,98.30,233.68,True
70.0,V2V,flow_east.6,flow_west.6,-63.81,86.81,62.22,True
70.0,V2V,flow_west.2,flow_east.1,-89.33,112.33,1175.62,True
70.0,V2V,flow_west.2,flow_east.3,-93.67,116.67,1937.96,True
70.0,V2V,flow_west.2,flow_east.5,-91.89,114.89,1578.20,True
70.0,V2V,flow_west.2,flow_east.6,-77.87,100.87,314.11,True
70.0,V2V,flow_west.2,flow_west.3,-77.14,100.14,288.73,True
70.0,V2V,flow_west.2,flow_west.4,-88.30,111.30,1044.10,True
70.0,V2V,flow_west.2,flow_west.5,-66.04,89.04,80.50,True
70.0,V2V,flow_west.2,flow_west.6,-75.98,98.98,252.63,True
70.0,V2V,flow_west.3,flow_east.1,-91.24,114.24,1464.34,True
70.0,V2V,flow_west.3,flow_east.3,-94.88,117.88,2226.69,True
70.0,V2V,flow_west.3,flow_east.5,-93.35,116.35,1866.93,True
70.0,V2V,flow_west.3,flow_east.6,-83.53,106.53,602.76,True
70.0,V2V,flow_west.3,flow_west.2,-77.14,100.14,288.73,True
70.0,V2V,flow_west.3,flow_west.4,-90.42,113.42,1332.83,True
70.0,V2V,flow_west.3,flow_west.5,-79.27,102.27,369.23,True
70.0,V2V,flow_west.3,flow_west.6,-82.60,105.60,541.37,True
70.0,V2V,flow_west.4,flow_east.1,-70.33,93.33,131.90,True
70.0,V2V,flow_west.4,flow_east.3,-86.95,109.95,893.90,True
70.0,V2V,flow_west.4,flow_east.5,-82.48,105.48,534.17,True
70.0,V2V,flow_west.4,flow_east.6,-85.20,108.20,730.24,True
70.0,V2V,flow_west.4,flow_west.2,-88.30,111.30,1044.10,True
70.0,V2V,flow_west.4,flow_west.3,-90.42,113.42,1332.83,True
70.0,V2V,flow_west.4,flow_west.5,-87.61,110.61,963.60,True
70.0,V2V,flow_west.4,flow_west.6,-85.90,108.90,791.47,True
70.0,V2V,flow_west.5,flow_east.1,-88.72,111.72,1095.12,True
70.0,V2V,flow_west.5,flow_east.3,-93.31,116.31,1857.46,True
70.0,V2V,flow_west.5,flow_east.5,-91.44,114.44,1497.70,True
70.0,V2V,flow_west.5,flow_east.6,-75.30,98.30,233.68,True
70.0,V2V,flow_west.5,flow_west.2,-66.04,89.04,80.50,True
70.0,V2V,flow_west.5,flow_west.3,-79.27,102.27,369.23,True
70.0,V2V,flow_west.5,flow_west.4,-87.61,110.61,963.60,True
70.0,V2V,flow_west.5,flow_west.6,-72.64,95.64,172.13,True
70.0,V2V,flow_west.6,flow_east.1,-87.23,110.23,922.99,True
70.0,V2V,flow_west.6,flow_east.3,-92.46,115.46,1685.33,True
70.0,V2V,flow_west.6,flow_east.5,-90.38,113.38,1325.58,True
70.0,V2V,flow_west.6,flow_east.6,-63.81,86.81,62.22,True
70.0,V2V,flow_west.6,flow_west.2,-75.98,98.98,252.63,True
70.0,V2V,flow_west.6,flow_west.3,-82.60,105.60,541.37,True
70.0,V2V,flow_west.6,flow_west.4,-85.90,108.90,791.47,True
70.0,V2V,flow_west.6,flow_west.5,-72.64,95.64,172.13,True
71.0,V2I,BS_1,flow_east.1,-80.08,110.08,906.92,True
71.0,V2I,BS_1,flow_east.3,-84.99,114.99,1596.79,True
71.0,V2I,BS_1,flow_east.5,-82.99,112.99,1268.76,True
71.0,V2I,BS_1,flow_east.6,-75.34,105.34,525.47,True
71.0,V2I,BS_1,flow_west.2,-78.15,108.15,726.34,True
71.0,V2I,BS_1,flow_west.3,-80.56,110.56,958.89,True
71.0,V2I,BS_1,flow_west.4,-78.08,108.08,720.74,True
71.0,V2I,BS_1,flow_west.5,-77.48,107.48,672.38,True
71.0,V2I,BS_1,flow_west.6,-76.04,106.04,569.74,True
71.0,V2V,flow_east.1,flow_east.3,-85.60,108.60,764.67,True
71.0,V2V,flow_east.1,flow_east.5,-80.24,103.24,412.83,True
71.0,V2V,flow_east.1,flow_east.6,-86.57,109.57,855.37,True
71.0,V2V,flow_east.1,flow_west.2,-90.01,113.01,1270.41,True
71.0,V2V,flow_east.1,flow_west.3,-91.81,114.81,1563.04,True
71.0,V2V,flow_east.1,flow_west.4,-75.23,98.23,231.81,True
71.0,V2V,flow_east.1,flow_west.5,-89.46,112.46,1192.51,True
71.0,V2V,flow_east.1,flow_west.6,-88.04,111.04,1013.36,True
71.0,V2V,flow_east.3,flow_east.1,-85.60,108.60,764.67,True
71.0,V2V,flow_east.3,flow_east.5,-78.85,101.85,351.83,True
71.0,V2V,flow_east.3,flow_east.6,-92.12,115.12,1620.03,True
71.0,V2V,flow_east.3,flow_west.2,-94.10,117.10,2035.06,True
71.0,V2V,flow_east.3,flow_west.3,-95.27,118.27,2327.69,True
71.0,V2V,flow_east.3,flow_west.4,-87.90,110.90,996.29,True
71.0,V2V,flow_east.3,flow_west.5,-93.76,116.76,1957.16,True
71.0,V2V,flow_east.3,flow_west.6,-92.93,115.93,1778.00,True
71.0,V2V,flow_east.5,flow_east.1,-80.24,103.24,412.83,True
71.0,V2V,flow_east.5,flow_east.3,-78.85,101.85,351.83,True
71.0,V2V,flow_east.5,flow_east.6,-89.99,112.99,1268.20,True
71.0,V2V,flow_east.5,flow_west.2,-92.45,115.45,1683.23,True
71.0,V2V,flow_east.5,flow_west.3,-93.84,116.84,1975.86,True
71.0,V2V,flow_east.5,flow_west.4,-84.11,107.11,644.49,True
71.0,V2V,flow_east.5,flow_west.5,-92.04,115.04,1605.34,True
71.0,V2V,flow_east.5,flow_west.6,-91.01,114.01,1426.17,True
71.0,V2V,flow_east.6,flow_east.1,-86.57,109.57,855.37,True
71.0,V2V,flow_east.6,flow_east.3,-92.12,115.12,1620.03,True
71.0,V2V,flow_east.6,flow_east.5,-89.99,112.99,1268.20,True
71.0,V2V,flow_east.6,flow_west.2,-80.29,103.29,415.14,True
71.0,V2V,flow_east.6,flow_west.3,-84.92,107.92,707.71,True
71.0,V2V,flow_east.6,flow_west.4,-83.83,106.83,623.89,True
71.0,V2V,flow_east.6,flow_west.5,-78.49,101.49,337.27,True
71.0,V2V,flow_east.6,flow_west.6,-71.92,94.92,158.29,True
71.0,V2V,flow_west.2,flow_east.1,-90.01,113.01,1270.41,True
71.0,V2V,flow_west.2,flow_east.3,-94.10,117.10,2035.06,True
71.0,V2V,flow_west.2,flow_east.5,-92.45,115.45,1683.23,True
71.0,V2V,flow_west.2,flow_east.6,-80.29,103.29,415.14,True
71.0,V2V,flow_west.2,flow_west.3,-77.25,100.25,292.63,True
71.0,V2V,flow_west.2,flow_west.4,-88.26,111.26,1038.80,True
71.0,V2V,flow_west.2,flow_west.5,-65.76,88.76,77.90,True
71.0,V2V,flow_west.2,flow_west.6,-76.13,99.13,257.07,True
71.0,V2V,flow_west.3,flow_east.1,-91.81,114.81,1563.04,True
71.0,V2V,flow_west.3,flow_east.3,-95.27,118.27,2327.69,True
71.0,V2V,flow_west.3,flow_east.5,-93.84,116.84,1975.86,True
71.0,V2V,flow_west.3,flow_east.6,-84.92,107.92,707.71,True
71.0,V2V,flow_west.3,flow_west.2,-77.25,100.25,292.63,True
71.0,V2V,flow_west.3,flow_west.4,-90.41,113.41,1331.43,True
71.0,V2V,flow_west.3,flow_west.5,-79.30,102.30,370.53,True
71.0,V2V,flow_west.3,flow_west.6,-82.73,105.73,549.70,True
71.0,V2V,flow_west.4,flow_east.1,-75.23,98.23,231.81,True
71.0,V2V,flow_west.4,flow_east.3,-87.90,110.90,996.29,True
71.0,V2V,flow_west.4,flow_east.5,-84.11,107.11,644.49,True
71.0,V2V,flow_west.4,flow_east.6,-83.83,106.83,623.89,True
71.0,V2V,flow_west.4,flow_west.2,-88.26,111.26,1038.80,True
71.0,V2V,flow_west.4,flow_west.3,-90.41,113.41,1331.43,True
71.0,V2V,flow_west.4,flow_west.5,-87.58,110.58,960.90,True
71.0,V2V,flow_west.4,flow_west.6,-85.79,108.79,781.73,True
71.0,V2V,flow_west.5,flow_east.1,-89.46,112.46,1192.51,True
71.0,V2V,flow_west.5,flow_east.3,-93.76,116.76,1957.16,True
71.0,V2V,flow_west.5,flow_east.5,-92.04,115.04,1605.34,True
71.0,V2V,flow_west.5,flow_east.6,-78.49,101.49,337.27,True
71.0,V2V,flow_west.5,flow_west.2,-65.76,88.76,77.90,True
71.0,V2V,flow_west.5,flow_west.3,-79.30,102.30,370.53,True
71.0,V2V,flow_west.5,flow_west.4,-87.58,110.58,960.90,True
71.0,V2V,flow_west.5,flow_west.6,-72.99,95.99,179.17,True
71.0,V2V,flow_west.6,flow_east.1,-88.04,111.04,1013.36,True
71.0,V2V,flow_west.6,flow_east.3,-92.93,115.93,1778.00,True
71.0,V2V,flow_west.6,flow_east.5,-91.01,114.01,1426.17,True
71.0,V2V,flow_west.6,flow_east.6,-71.92,94.92,158.29,True
71.0,V2V,flow_west.6,flow_west.2,-76.13,99.13,257.07,True
71.0,V2V,flow_west.6,flow_west.3,-82.73,105.73,549.70,True
71.0,V2V,flow_west.6,flow_west.4,-85.79,108.79,781.73,True
71.0,V2V,flow_west.6,flow_west.5,-72.99,95.99,179.17,True
72.0,V2I,BS_1,flow_east.1,-80.42,110.42,942.76,True
72.0,V2I,BS_1,flow_east.3,-85.22,115.22,1639.71,True
72.0,V2I,BS_1,flow_east.5,-83.32,113.32,1317.05,True
72.0,V2I,BS_1,flow_east.6,-75.21,105.21,517.75,True
72.0,V2I,BS_1,flow_west.2,-78.58,108.58,763.22,True
72.0,V2I,BS_1,flow_west.3,-80.96,110.96,1004.20,True
72.0,V2I,BS_1,flow_west.4,-77.61,107.61,682.23,True
72.0,V2I,BS_1,flow_west.5,-77.90,107.90,705.35,True
72.0,V2I,BS_1,flow_west.6,-76.39,106.39,592.84,True
72.0,V2V,flow_east.1,flow_east.3,-85.62,108.62,766.80,True
72.0,V2V,flow_east.1,flow_east.5,-80.44,103.44,422.33,True
72.0,V2V,flow_east.1,flow_east.6,-86.52,109.52,850.87,True
72.0,V2V,flow_east.1,flow_west.2,-90.62,113.62,1363.64,True
72.0,V2V,flow_east.1,flow_west.3,-92.32,115.32,1658.97,True
72.0,V2V,flow_east.1,flow_west.4,-78.30,101.30,330.24,True
72.0,V2V,flow_east.1,flow_west.5,-90.10,113.10,1284.01,True
72.0,V2V,flow_east.1,flow_west.6,-88.78,111.78,1102.88,True
72.0,V2V,flow_east.3,flow_east.1,-85.62,108.62,766.80,True
72.0,V2V,flow_east.3,flow_east.5,-78.67,101.67,344.47,True
72.0,V2V,flow_east.3,flow_east.6,-92.11,115.11,1617.67,True
72.0,V2V,flow_east.3,flow_west.2,-94.50,117.50,2130.43,True
72.0,V2V,flow_east.3,flow_west.3,-95.62,118.62,2425.76,True
72.0,V2V,flow_east.3,flow_west.4,-88.73,111.73,1096.92,True
72.0,V2V,flow_east.3,flow_west.5,-94.17,117.17,2050.79,True
72.0,V2V,flow_east.3,flow_west.6,-93.36,116.36,1869.66,True
72.0,V2V,flow_east.5,flow_east.1,-80.44,103.44,422.33,True
72.0,V2V,flow_east.5,flow_east.3,-78.67,101.67,344.47,True
72.0,V2V,flow_east.5,flow_east.6,-90.03,113.03,1273.20,True
72.0,V2V,flow_east.5,flow_west.2,-92.96,115.96,1785.97,True
72.0,V2V,flow_east.5,flow_west.3,-94.29,117.29,2081.29,True
72.0,V2V,flow_east.5,flow_west.4,-85.46,108.46,752.48,True
72.0,V2V,flow_east.5,flow_west.5,-92.57,115.57,1706.33,True
72.0,V2V,flow_east.5,flow_west.6,-91.59,114.59,1525.20,True
72.0,V2V,flow_east.6,flow_east.1,-86.52,109.52,850.87,True
72.0,V2V,flow_east.6,flow_east.3,-92.11,115.11,1617.67,True
72.0,V2V,flow_east.6,flow_east.5,-90.03,113.03,1273.20,True
72.0,V2V,flow_east.6,flow_west.2,-82.13,105.13,512.84,True
72.0,V2V,flow_east.6,flow_west.3,-86.08,109.08,808.14,True
72.0,V2V,flow_east.6,flow_west.4,-82.26,105.26,520.91,True
72.0,V2V,flow_east.6,flow_west.5,-80.66,103.66,433.23,True
72.0,V2V,flow_east.6,flow_west.6,-75.96,98.96,252.19,True
72.0,V2V,flow_west.2,flow_east.1,-90.62,113.62,1363.64,True
72.0,V2V,flow_west.2,flow_east.3,-94.50,117.50,2130.43,True
72.0,V2V,flow_west.2,flow_east.5,-92.96,115.96,1785.97,True
72.0,V2V,flow_west.2,flow_east.6,-82.13,105.13,512.84,True
72.0,V2V,flow_west.2,flow_west.3,-77.33,100.33,295.33,True
72.0,V2V,flow_west.2,flow_west.4,-88.21,111.21,1033.53,True
72.0,V2V,flow_west.2,flow_west.5,-65.95,88.95,79.63,True
72.0,V2V,flow_west.2,flow_west.6,-76.25,99.25,260.77,True
72.0,V2V,flow_west.3,flow_east.1,-92.32,115.32,1658.97,True
72.0,V2V,flow_west.3,flow_east.3,-95.62,118.62,2425.76,True
72.0,V2V,flow_west.3,flow_east.5,-94.29,117.29,2081.29,True
72.0,V2V,flow_west.3,flow_east.6,-86.08,109.08,808.14,True
72.0,V2V,flow_west.3,flow_west.2,-77.33,100.33,295.33,True
72.0,V2V,flow_west.3,flow_west.4,-90.40,113.40,1328.87,True
72.0,V2V,flow_west.3,flow_west.5,-79.41,102.41,374.97,True
72.0,V2V,flow_west.3,flow_west.6,-82.83,105.83,556.10,True
72.0,V2V,flow_west.4,flow_east.1,-78.30,101.30,330.24,True
72.0,V2V,flow_west.4,flow_east.3,-88.73,111.73,1096.92,True
72.0,V2V,flow_west.4,flow_east.5,-85.46,108.46,752.48,True
72.0,V2V,flow_west.4,flow_east.6,-82.26,105.26,520.91,True
72.0,V2V,flow_west.4,flow_west.2,-88.21,111.21,1033.53,True
72.0,V2V,flow_west.4,flow_west.3,-90.40,113.40,1328.87,True
72.0,V2V,flow_west.4,flow_west.5,-87.52,110.52,953.90,True
72.0,V2V,flow_west.4,flow_west.6,-85.69,108.69,772.77,True
72.0,V2V,flow_west.5,flow_east.1,-90.10,113.10,1284.01,True
72.0,V2V,flow_west.5,flow_east.3,-94.17,117.17,2050.79,True
72.0,V2V,flow_west.5,flow_east.5,-92.57,115.57,1706.33,True
72.0,V2V,flow_west.5,flow_east.6,-80.66,103.66,433.23,True
72.0,V2V,flow_west.5,flow_west.2,-65.95,88.95,79.63,True
72.0,V2V,flow_west.5,flow_west.3,-79.41,102.41,374.97,True
72.0,V2V,flow_west.5,flow_west.4,-87.52,110.52,953.90,True
72.0,V2V,flow_west.5,flow_west.6,-73.09,96.09,181.13,True
72.0,V2V,flow_west.6,flow_east.1,-88.78,111.78,1102.88,True
72.0,V2V,flow_west.6,flow_east.3,-93.36,116.36,1869.66,True
72.0,V2V,flow_west.6,flow_east.5,-91.59,114.59,1525.20,True
72.0,V2V,flow_west.6,flow_east.6,-75.96,98.96,252.19,True
72.0,V2V,flow_west.6,flow_west.2,-76.25,99.25,260.77,True
72.0,V2V,flow_west.6,flow_west.3,-82.83,105.83,556.10,True
72.0,V2V,flow_west.6,flow_west.4,-85.69,108.69,772.77,True
72.0,V2V,flow_west.6,flow_west.5,-73.09,96.09,181.13,True
73.0,V2I,BS_1,flow_east.1,-80.74,110.74,978.49,True
73.0,V2I,BS_1,flow_east.3,-85.45,115.45,1684.08,True
73.0,V2I,BS_1,flow_east.5,-83.63,113.63,1365.32,True
73.0,V2I,BS_1,flow_east.6,-90.15,120.15,514.32,False
73.0,V2I,BS_1,flow_west.2,-78.99,108.99,799.86,True
73.0,V2I,BS_1,flow_west.3,-81.37,111.37,1051.79,True
73.0,V2I,BS_1,flow_west.4,-77.15,107.15,647.11,True
73.0,V2I,BS_1,flow_west.5,-78.32,108.32,740.80,True
73.0,V2I,BS_1,flow_west.6,-76.75,106.75,618.35,True
73.0,V2V,flow_east.1,flow_east.3,-85.67,108.67,771.17,True
73.0,V2V,flow_east.1,flow_east.5,-80.64,103.64,432.30,True
73.0,V2V,flow_east.1,flow_east.6,-86.46,109.46,844.27,True
73.0,V2V,flow_east.1,flow_west.2,-91.18,114.18,1453.87,True
73.0,V2V,flow_east.1,flow_west.3,-92.82,115.82,1755.87,True
73.0,V2V,flow_east.1,flow_west.4,-80.52,103.52,426.40,True
73.0,V2V,flow_east.1,flow_west.5,-90.70,113.70,1375.74,True
73.0,V2V,flow_east.1,flow_west.6,-89.45,112.45,1191.21,True
73.0,V2V,flow_east.3,flow_east.1,-85.67,108.67,771.17,True
73.0,V2V,flow_east.3,flow_east.5,-78.53,101.53,338.87,True
73.0,V2V,flow_east.3,flow_east.6,-92.09,115.09,1615.43,True
73.0,V2V,flow_east.3,flow_west.2,-94.87,117.87,2225.03,True
73.0,V2V,flow_east.3,flow_west.3,-95.98,118.98,2527.02,True
73.0,V2V,flow_east.3,flow_west.4,-89.49,112.49,1197.48,True
73.0,V2V,flow_east.3,flow_west.5,-94.56,117.56,2146.89,True
73.0,V2V,flow_east.3,flow_west.6,-93.78,116.78,1962.36,True
73.0,V2V,flow_east.5,flow_east.1,-80.64,103.64,432.30,True
73.0,V2V,flow_east.5,flow_east.3,-78.53,101.53,338.87,True
73.0,V2V,flow_east.5,flow_east.6,-90.05,113.05,1276.57,True
73.0,V2V,flow_east.5,flow_west.2,-93.44,116.44,1886.16,True
73.0,V2V,flow_east.5,flow_west.3,-94.73,117.73,2188.16,True
73.0,V2V,flow_east.5,flow_west.4,-86.60,109.60,858.63,True
73.0,V2V,flow_east.5,flow_west.5,-93.07,116.07,1808.03,True
73.0,V2V,flow_east.5,flow_west.6,-92.14,115.14,1623.50,True
73.0,V2V,flow_east.6,flow_east.1,-86.46,109.46,844.27,True
73.0,V2V,flow_east.6,flow_east.3,-92.09,115.09,1615.43,True
73.0,V2V,flow_east.6,flow_east.5,-90.05,113.05,1276.57,True
73.0,V2V,flow_east.6,flow_west.2,-83.63,106.63,609.66,True
73.0,V2V,flow_east.6,flow_west.3,-87.12,110.12,911.63,True
73.0,V2V,flow_east.6,flow_west.4,-80.35,103.35,418.14,True
73.0,V2V,flow_east.6,flow_west.5,-82.44,105.44,531.54,True
73.0,V2V,flow_east.6,flow_west.6,-78.74,101.74,347.06,True
73.0,V2V,flow_west.2,flow_east.1,-91.18,114.18,1453.87,True
73.0,V2V,flow_west.2,flow_east.3,-94.87,117.87,2225.03,True
73.0,V2V,flow_west.2,flow_east.5,-93.44,116.44,1886.16,True
73.0,V2V,flow_west.2,flow_east.6,-83.63,106.63,609.66,True
73.0,V2V,flow_west.2,flow_west.3,-77.53,100.53,302.00,True
73.0,V2V,flow_west.2,flow_west.4,-88.16,111.16,1027.57,True
73.0,V2V,flow_west.2,flow_west.5,-65.78,88.78,78.13,True
73.0,V2V,flow_west.2,flow_west.6,-76.32,99.32,262.67,True
73.0,V2V,flow_west.3,flow_east.1,-92.82,115.82,1755.87,True
73.0,V2V,flow_west.3,flow_east.3,-95.98,118.98,2527.02,True
73.0,V2V,flow_west.3,flow_east.5,-94.73,117.73,2188.16,True
73.0,V2V,flow_west.3,flow_east.6,-87.12,110.12,911.63,True
73.0,V2V,flow_west.3,flow_west.2,-77.53,100.53,302.00,True
73.0,V2V,flow_west.3,flow_west.4,-90.40,113.40,1329.57,True
73.0,V2V,flow_west.3,flow_west.5,-79.53,102.53,380.13,True
73.0,V2V,flow_west.3,flow_west.6,-82.96,105.96,564.67,True
73.0,V2V,flow_west.4,flow_east.1,-80.52,103.52,426.40,True
73.0,V2V,flow_west.4,flow_east.3,-89.49,112.49,1197.48,True
73.0,V2V,flow_west.4,flow_east.5,-86.60,109.60,858.63,True
73.0,V2V,flow_west.4,flow_east.6,-80.35,103.35,418.14,True
73.0,V2V,flow_west.4,flow_west.2,-88.16,111.16,1027.57,True
73.0,V2V,flow_west.4,flow_west.3,-90.40,113.40,1329.57,True
73.0,V2V,flow_west.4,flow_west.5,-87.48,110.48,949.43,True
73.0,V2V,flow_west.4,flow_west.6,-85.60,108.60,764.90,True
73.0,V2V,flow_west.5,flow_east.1,-90.70,113.70,1375.74,True
73.0,V2V,flow_west.5,flow_east.3,-94.56,117.56,2146.89,True
73.0,V2V,flow_west.5,flow_east.5,-93.07,116.07,1808.03,True
73.0,V2V,flow_west.5,flow_east.6,-82.44,105.44,531.54,True
73.0,V2V,flow_west.5,flow_west.2,-65.78,88.78,78.13,True
73.0,V2V,flow_west.5,flow_west.3,-79.53,102.53,380.13,True
73.0,V2V,flow_west.5,flow_west.4,-87.48,110.48,949.43,True
73.0,V2V,flow_west.5,flow_west.6,-73.25,96.25,184.53,True
73.0,V2V,flow_west.6,flow_east.1,-89.45,112.45,1191.21,True
73.0,V2V,flow_west.6,flow_east.3,-93.78,116.78,1962.36,True
73.0,V2V,flow_west.6,flow_east.5,-92.14,115.14,1623.50,True
73.0,V2V,flow_west.6,flow_east.6,-78.74,101.74,347.06,True
73.0,V2V,flow_west.6,flow_west.2,-76.32,99.32,262.67,True
73.0,V2V,flow_west.6,flow_west.3,-82.96,105.96,564.67,True
73.0,V2V,flow_west.6,flow_west.4,-85.60,108.60,764.90,True
73.0,V2V,flow_west.6,flow_west.5,-73.25,96.25,184.53,True
74.0,V2I,BS_1,flow_east.1,-81.07,111.07,1016.62,True
74.0,V2I,BS_1,flow_east.3,-85.68,115.68,1728.42,True
74.0,V2I,BS_1,flow_east.5,-83.94,113.94,1414.19,True
74.0,V2I,BS_1,flow_east.6,-90.17,120.17,515.46,False
74.0,V2I,BS_1,flow_west.2,-79.41,109.41,839.96,True
74.0,V2I,BS_1,flow_west.3,-81.73,111.73,1097.22,True
74.0,V2I,BS_1,flow_west.4,-76.72,106.72,615.75,True
74.0,V2I,BS_1,flow_west.5,-78.72,108.72,775.64,True
74.0,V2I,BS_1,flow_west.6,-77.13,107.13,646.10,True
74.0,V2V,flow_east.1,flow_east.3,-85.69,108.69,773.17,True
74.0,V2V,flow_east.1,flow_east.5,-80.80,103.80,440.40,True
74.0,V2V,flow_east.1,flow_east.6,-86.42,109.42,840.80,True
74.0,V2V,flow_east.1,flow_west.2,-91.73,114.73,1549.20,True
74.0,V2V,flow_east.1,flow_west.3,-93.28,116.28,1851.80,True
74.0,V2V,flow_east.1,flow_west.4,-82.30,105.30,522.94,True
74.0,V2V,flow_east.1,flow_west.5,-91.26,114.26,1466.87,True
74.0,V2V,flow_east.1,flow_west.6,-90.08,113.08,1281.68,True
74.0,V2V,flow_east.3,flow_east.1,-85.69,108.69,773.17,True
74.0,V2V,flow_east.3,flow_east.5,-78.37,101.37,332.77,True
74.0,V2V,flow_east.3,flow_east.6,-92.09,115.09,1613.97,True
74.0,V2V,flow_east.3,flow_west.2,-95.25,118.25,2322.36,True
74.0,V2V,flow_east.3,flow_west.3,-96.31,119.31,2624.96,True
74.0,V2V,flow_east.3,flow_west.4,-90.18,113.18,1296.04,True
74.0,V2V,flow_east.3,flow_west.5,-94.93,117.93,2240.03,True
74.0,V2V,flow_east.3,flow_west.6,-94.18,117.18,2054.83,True
74.0,V2V,flow_east.5,flow_east.1,-80.80,103.80,440.40,True
74.0,V2V,flow_east.5,flow_east.3,-78.37,101.37,332.77,True
74.0,V2V,flow_east.5,flow_east.6,-90.08,113.08,1281.20,True
74.0,V2V,flow_east.5,flow_west.2,-93.90,116.90,1989.60,True
74.0,V2V,flow_east.5,flow_west.3,-95.13,118.13,2292.19,True
74.0,V2V,flow_east.5,flow_west.4,-87.60,110.60,963.29,True
74.0,V2V,flow_east.5,flow_west.5,-93.54,116.54,1907.26,True
74.0,V2V,flow_east.5,flow_west.6,-92.65,115.65,1722.07,True
74.0,V2V,flow_east.6,flow_east.1,-86.42,109.42,840.80,True
74.0,V2V,flow_east.6,flow_east.3,-92.09,115.09,1613.97,True
74.0,V2V,flow_east.6,flow_east.5,-90.08,113.08,1281.20,True
74.0,V2V,flow_east.6,flow_west.2,-84.93,107.93,708.45,True
74.0,V2V,flow_east.6,flow_west.3,-88.02,111.02,1011.02,True
74.0,V2V,flow_east.6,flow_west.4,-77.98,100.98,318.15,True
74.0,V2V,flow_east.6,flow_west.5,-83.86,106.86,626.12,True
74.0,V2V,flow_east.6,flow_west.6,-80.82,103.82,440.96,True
74.0,V2V,flow_west.2,flow_east.1,-91.73,114.73,1549.20,True
74.0,V2V,flow_west.2,flow_east.3,-95.25,118.25,2322.36,True
74.0,V2V,flow_west.2,flow_east.5,-93.90,116.90,1989.60,True
74.0,V2V,flow_west.2,flow_east.6,-84.93,107.93,708.45,True
74.0,V2V,flow_west.2,flow_west.3,-77.54,100.54,302.60,True
74.0,V2V,flow_west.2,flow_west.4,-88.15,111.15,1026.33,True
74.0,V2V,flow_west.2,flow_west.5,-66.24,89.24,82.33,True
74.0,V2V,flow_west.2,flow_west.6,-76.47,99.47,267.53,True
74.0,V2V,flow_west.3,flow_east.1,-93.28,116.28,1851.80,True
74.0,V2V,flow_west.3,flow_east.3,-96.31,119.31,2624.96,True
74.0,V2V,flow_west.3,flow_east.5,-95.13,118.13,2292.19,True
74.0,V2V,flow_west.3,flow_east.6,-88.02,111.02,1011.02,True
74.0,V2V,flow_west.3,flow_west.2,-77.54,100.54,302.60,True
74.0,V2V,flow_west.3,flow_west.4,-90.40,113.40,1328.93,True
74.0,V2V,flow_west.3,flow_west.5,-79.64,102.64,384.93,True
74.0,V2V,flow_west.3,flow_west.6,-83.05,106.05,570.13,True
74.0,V2V,flow_west.4,flow_east.1,-82.30,105.30,522.94,True
74.0,V2V,flow_west.4,flow_east.3,-90.18,113.18,1296.04,True
74.0,V2V,flow_west.4,flow_east.5,-87.60,110.60,963.29,True
74.0,V2V,flow_west.4,flow_east.6,-77.98,100.98,318.15,True
74.0,V2V,flow_west.4,flow_west.2,-88.15,111.15,1026.33,True
74.0,V2V,flow_west.4,flow_west.3,-90.40,113.40,1328.93,True
74.0,V2V,flow_west.4,flow_west.5,-87.43,110.43,944.00,True
74.0,V2V,flow_west.4,flow_west.6,-85.53,108.53,758.80,True
74.0,V2V,flow_west.5,flow_east.1,-91.26,114.26,1466.87,True
74.0,V2V,flow_west.5,flow_east.3,-94.93,117.93,2240.03,True
74.0,V2V,flow_west.5,flow_east.5,-93.54,116.54,1907.26,True
74.0,V2V,flow_west.5,flow_east.6,-83.86,106.86,626.12,True
74.0,V2V,flow_west.5,flow_west.2,-66.24,89.24,82.33,True
74.0,V2V,flow_west.5,flow_west.3,-79.64,102.64,384.93,True
74.0,V2V,flow_west.5,flow_west.4,-87.43,110.43,944.00,True
74.0,V2V,flow_west.5,flow_west.6,-73.28,96.28,185.20,True
74.0,V2V,flow_west.6,flow_east.1,-90.08,113.08,1281.68,True
74.0,V2V,flow_west.6,flow_east.3,-94.18,117.18,2054.83,True
74.0,V2V,flow_west.6,flow_east.5,-92.65,115.65,1722.07,True
74.0,V2V,flow_west.6,flow_east.6,-80.82,103.82,440.96,True
74.0,V2V,flow_west.6,flow_west.2,-76.47,99.47,267.53,True
74.0,V2V,flow_west.6,flow_west.3,-83.05,106.05,570.13,True
74.0,V2V,flow_west.6,flow_west.4,-85.53,108.53,758.80,True
74.0,V2V,flow_west.6,flow_west.5,-73.28,96.28,185.20,True
75.0,V2I,BS_1,flow_east.1,-81.39,111.39,1054.78,True
75.0,V2I,BS_1,flow_east.5,-84.24,114.24,1465.00,True
75.0,V2I,BS_1,flow_east.6,-75.27,105.27,521.53,True
75.0,V2I,BS_1,flow_west.2,-79.81,109.81,879.14,True
75.0,V2I,BS_1,flow_west.3,-82.10,112.10,1144.89,True
75.0,V2I,BS_1,flow_west.4,-76.30,106.30,587.03,True
75.0,V2I,BS_1,flow_west.5,-79.13,109.13,813.45,True
75.0,V2I,BS_1,flow_west.6,-77.53,107.53,676.06,True
75.0,V2V,flow_east.1,flow_east.5,-81.01,104.01,450.83,True
75.0,V2V,flow_east.1,flow_east.6,-86.35,109.35,833.73,True
75.0,V2V,flow_east.1,flow_west.2,-92.23,115.23,1641.53,True
75.0,V2V,flow_east.1,flow_west.3,-93.72,116.72,1949.13,True
75.0,V2V,flow_east.1,flow_west.4,-83.77,106.77,619.59,True
75.0,V2V,flow_east.1,flow_west.5,-91.79,114.79,1559.74,True
75.0,V2V,flow_east.1,flow_west.6,-90.67,113.67,1371.94,True
75.0,V2V,flow_east.5,flow_east.1,-81.01,104.01,450.83,True
75.0,V2V,flow_east.5,flow_east.6,-90.10,113.10,1284.57,True
75.0,V2V,flow_east.5,flow_west.2,-94.34,117.34,2092.36,True
75.0,V2V,flow_east.5,flow_west.3,-95.53,118.53,2399.96,True
75.0,V2V,flow_east.5,flow_west.4,-88.52,111.52,1070.39,True
75.0,V2V,flow_east.5,flow_west.5,-93.99,116.99,2010.56,True
75.0,V2V,flow_east.5,flow_west.6,-93.14,116.14,1822.76,True
75.0,V2V,flow_east.6,flow_east.1,-86.35,109.35,833.73,True
75.0,V2V,flow_east.6,flow_east.5,-90.10,113.10,1284.57,True
75.0,V2V,flow_east.6,flow_west.2,-86.07,109.07,807.84,True
75.0,V2V,flow_east.6,flow_west.3,-88.88,111.88,1115.42,True
75.0,V2V,flow_east.6,flow_west.4,-74.56,97.56,214.50,True
75.0,V2V,flow_east.6,flow_west.5,-85.15,108.15,726.05,True
75.0,V2V,flow_east.6,flow_west.6,-82.55,105.55,538.27,True
75.0,V2V,flow_west.2,flow_east.1,-92.23,115.23,1641.53,True
75.0,V2V,flow_west.2,flow_east.5,-94.34,117.34,2092.36,True
75.0,V2V,flow_west.2,flow_east.6,-86.07,109.07,807.84,True
75.0,V2V,flow_west.2,flow_west.3,-77.69,100.69,307.60,True
75.0,V2V,flow_west.2,flow_west.4,-88.12,111.12,1022.00,True
75.0,V2V,flow_west.2,flow_west.5,-66.18,89.18,81.80,True
75.0,V2V,flow_west.2,flow_west.6,-76.54,99.54,269.60,True
75.0,V2V,flow_west.3,flow_east.1,-93.72,116.72,1949.13,True
75.0,V2V,flow_west.3,flow_east.5,-95.53,118.53,2399.96,True
75.0,V2V,flow_west.3,flow_east.6,-88.88,111.88,1115.42,True
75.0,V2V,flow_west.3,flow_west.2,-77.69,100.69,307.60,True
75.0,V2V,flow_west.3,flow_west.4,-90.40,113.40,1329.60,True
75.0,V2V,flow_west.3,flow_west.5,-79.74,102.74,389.40,True
75.0,V2V,flow_west.3,flow_west.6,-83.15,106.15,577.20,True
75.0,V2V,flow_west.4,flow_east.1,-83.77,106.77,619.59,True
75.0,V2V,flow_west.4,flow_east.5,-88.52,111.52,1070.39,True
75.0,V2V,flow_west.4,flow_east.6,-74.56,97.56,214.50,True
75.0,V2V,flow_west.4,flow_west.2,-88.12,111.12,1022.00,True
75.0,V2V,flow_west.4,flow_west.3,-90.40,113.40,1329.60,True
75.0,V2V,flow_west.4,flow_west.5,-87.39,110.39,940.20,True
75.0,V2V,flow_west.4,flow_west.6,-85.46,108.46,752.40,True
75.0,V2V,flow_west.5,flow_east.1,-91.79,114.79,1559.74,True
75.0,V2V,flow_west.5,flow_east.5,-93.99,116.99,2010.56,True
75.0,V2V,flow_west.5,flow_east.6,-85.15,108.15,726.05,True
75.0,V2V,flow_west.5,flow_west.2,-66.18,89.18,81.80,True
75.0,V2V,flow_west.5,flow_west.3,-79.74,102.74,389.40,True
75.0,V2V,flow_west.5,flow_west.4,-87.39,110.39,940.20,True
75.0,V2V,flow_west.5,flow_west.6,-73.40,96.40,187.80,True
75.0,V2V,flow_west.6,flow_east.1,-90.67,113.67,1371.94,True
75.0,V2V,flow_west.6,flow_east.5,-93.14,116.14,1822.76,True
75.0,V2V,flow_west.6,flow_east.6,-82.55,105.55,538.27,True
75.0,V2V,flow_west.6,flow_west.2,-76.54,99.54,269.60,True
75.0,V2V,flow_west.6,flow_west.3,-83.15,106.15,577.20,True
75.0,V2V,flow_west.6,flow_west.4,-85.46,108.46,752.40,True
75.0,V2V,flow_west.6,flow_west.5,-73.40,96.40,187.80,True
76.0,V2I,BS_1,flow_east.1,-81.72,111.72,1095.03,True
76.0,V2I,BS_1,flow_east.5,-84.55,114.55,1516.81,True
76.0,V2I,BS_1,flow_east.6,-75.45,105.45,532.34,True
76.0,V2I,BS_1,flow_west.2,-80.21,110.21,920.87,True
76.0,V2I,BS_1,flow_west.3,-82.45,112.45,1191.54,True
76.0,V2I,BS_1,flow_west.4,-75.92,105.92,561.70,True
76.0,V2I,BS_1,flow_west.5,-79.53,109.53,851.31,True
76.0,V2I,BS_1,flow_west.6,-77.93,107.93,708.32,True
76.0,V2V,flow_east.1,flow_east.5,-81.19,104.19,460.20,True
76.0,V2V,flow_east.1,flow_east.6,-86.30,109.30,828.97,True
76.0,V2V,flow_east.1,flow_west.2,-92.73,115.73,1737.73,True
76.0,V2V,flow_east.1,flow_west.3,-94.15,117.15,2046.66,True
76.0,V2V,flow_east.1,flow_west.4,-85.05,108.05,718.31,True
76.0,V2V,flow_east.1,flow_west.5,-92.29,115.29,1653.13,True
76.0,V2V,flow_east.1,flow_west.6,-91.24,114.24,1464.84,True
76.0,V2V,flow_east.5,flow_east.1,-81.19,104.19,460.20,True
76.0,V2V,flow_east.5,flow_east.6,-90.13,113.13,1289.17,True
76.0,V2V,flow_east.5,flow_west.2,-94.77,117.77,2197.93,True
76.0,V2V,flow_east.5,flow_west.3,-95.91,118.91,2506.86,True
76.0,V2V,flow_east.5,flow_west.4,-89.35,112.35,1178.48,True
76.0,V2V,flow_east.5,flow_west.5,-94.43,117.43,2113.33,True
76.0,V2V,flow_east.5,flow_west.6,-93.62,116.62,1925.03,True
76.0,V2V,flow_east.6,flow_east.1,-86.30,109.30,828.97,True
76.0,V2V,flow_east.6,flow_east.5,-90.13,113.13,1289.17,True
76.0,V2V,flow_east.6,flow_west.2,-87.10,110.10,908.80,True
76.0,V2V,flow_east.6,flow_west.3,-89.64,112.64,1217.71,True
76.0,V2V,flow_east.6,flow_west.4,-68.85,91.85,111.25,True
76.0,V2V,flow_east.6,flow_west.5,-86.25,109.25,824.20,True
76.0,V2V,flow_east.6,flow_west.6,-84.00,107.00,635.92,True
76.0,V2V,flow_west.2,flow_east.1,-92.73,115.73,1737.73,True
76.0,V2V,flow_west.2,flow_east.5,-94.77,117.77,2197.93,True
76.0,V2V,flow_west.2,flow_east.6,-87.10,110.10,908.80,True
76.0,V2V,flow_west.2,flow_west.3,-77.72,100.72,308.93,True
76.0,V2V,flow_west.2,flow_west.4,-88.09,111.09,1019.47,True
76.0,V2V,flow_west.2,flow_west.5,-66.47,89.47,84.60,True
76.0,V2V,flow_west.2,flow_west.6,-76.65,99.65,272.90,True
76.0,V2V,flow_west.3,flow_east.1,-94.15,117.15,2046.66,True
76.0,V2V,flow_west.3,flow_east.5,-95.91,118.91,2506.86,True
76.0,V2V,flow_west.3,flow_east.6,-89.64,112.64,1217.71,True
76.0,V2V,flow_west.3,flow_west.2,-77.72,100.72,308.93,True
76.0,V2V,flow_west.3,flow_west.4,-90.39,113.39,1328.40,True
76.0,V2V,flow_west.3,flow_west.5,-79.83,102.83,393.53,True
76.0,V2V,flow_west.3,flow_west.6,-83.22,106.22,581.83,True
76.0,V2V,flow_west.4,flow_east.1,-85.05,108.05,718.31,True
76.0,V2V,flow_west.4,flow_east.5,-89.35,112.35,1178.48,True
76.0,V2V,flow_west.4,flow_east.6,-68.85,91.85,111.25,True
76.0,V2V,flow_west.4,flow_west.2,-88.09,111.09,1019.47,True
76.0,V2V,flow_west.4,flow_west.3,-90.39,113.39,1328.40,True
76.0,V2V,flow_west.4,flow_west.5,-87.34,110.34,934.87,True
76.0,V2V,flow_west.4,flow_west.6,-85.39,108.39,746.57,True
76.0,V2V,flow_west.5,flow_east.1,-92.29,115.29,1653.13,True
76.0,V2V,flow_west.5,flow_east.5,-94.43,117.43,2113.33,True
76.0,V2V,flow_west.5,flow_east.6,-86.25,109.25,824.20,True
76.0,V2V,flow_west.5,flow_west.2,-66.47,89.47,84.60,True
76.0,V2V,flow_west.5,flow_west.3,-79.83,102.83,393.53,True
76.0,V2V,flow_west.5,flow_west.4,-87.34,110.34,934.87,True
76.0,V2V,flow_west.5,flow_west.6,-73.42,96.42,188.30,True
76.0,V2V,flow_west.6,flow_east.1,-91.24,114.24,1464.84,True
76.0,V2V,flow_west.6,flow_east.5,-93.62,116.62,1925.03,True
76.0,V2V,flow_west.6,flow_east.6,-84.00,107.00,635.92,True
76.0,V2V,flow_west.6,flow_west.2,-76.65,99.65,272.90,True
76.0,V2V,flow_west.6,flow_west.3,-83.22,106.22,581.83,True
76.0,V2V,flow_west.6,flow_west.4,-85.39,108.39,746.57,True
76.0,V2V,flow_west.6,flow_west.5,-73.42,96.42,188.30,True
77.0,V2I,BS_1,flow_east.1,-82.02,112.02,1134.36,True
77.0,V2I,BS_1,flow_east.5,-84.82,114.82,1565.77,True
77.0,V2I,BS_1,flow_east.6,-75.68,105.68,546.60,True
77.0,V2I,BS_1,flow_west.2,-80.59,110.59,962.10,True
77.0,V2I,BS_1,flow_west.3,-82.79,112.79,1239.01,True
77.0,V2I,BS_1,flow_west.4,-75.58,105.58,540.03,True
77.0,V2I,BS_1,flow_west.5,-79.94,109.94,892.80,True
77.0,V2I,BS_1,flow_west.6,-78.34,108.34,742.00,True
77.0,V2V,flow_east.1,flow_east.5,-81.33,104.33,467.80,True
77.0,V2V,flow_east.1,flow_east.6,-86.26,109.26,825.70,True
77.0,V2V,flow_east.1,flow_west.2,-93.18,116.18,1830.86,True
77.0,V2V,flow_east.1,flow_west.3,-94.55,117.55,2143.16,True
77.0,V2V,flow_east.1,flow_west.4,-86.17,109.17,816.50,True
77.0,V2V,flow_east.1,flow_west.5,-92.78,115.78,1748.30,True
77.0,V2V,flow_east.1,flow_west.6,-91.77,114.77,1556.00,True
77.0,V2V,flow_east.5,flow_east.1,-81.33,104.33,467.80,True
77.0,V2V,flow_east.5,flow_east.6,-90.16,113.16,1293.50,True
77.0,V2V,flow_east.5,flow_west.2,-95.16,118.16,2298.66,True
77.0,V2V,flow_east.5,flow_west.3,-96.26,119.26,2610.96,True
77.0,V2V,flow_east.5,flow_west.4,-90.10,113.10,1284.28,True
77.0,V2V,flow_east.5,flow_west.5,-94.84,117.84,2216.09,True
77.0,V2V,flow_east.5,flow_west.6,-94.05,117.05,2023.79,True
77.0,V2V,flow_east.6,flow_east.1,-86.26,109.26,825.70,True
77.0,V2V,flow_east.6,flow_east.5,-90.16,113.16,1293.50,True
77.0,V2V,flow_east.6,flow_west.2,-87.97,110.97,1005.19,True
77.0,V2V,flow_east.6,flow_west.3,-90.32,113.32,1317.48,True
77.0,V2V,flow_east.6,flow_west.4,-50.93,73.93,14.13,True
77.0,V2V,flow_east.6,flow_west.5,-87.23,110.23,922.63,True
77.0,V2V,flow_east.6,flow_west.6,-85.20,108.20,730.34,True
77.0,V2V,flow_west.2,flow_east.1,-93.18,116.18,1830.86,True
77.0,V2V,flow_west.2,flow_east.5,-95.16,118.16,2298.66,True
77.0,V2V,flow_west.2,flow_east.6,-87.97,110.97,1005.19,True
77.0,V2V,flow_west.2,flow_west.3,-77.82,100.82,312.30,True
77.0,V2V,flow_west.2,flow_west.4,-88.05,111.05,1014.40,True
77.0,V2V,flow_west.2,flow_west.5,-66.26,89.26,82.57,True
77.0,V2V,flow_west.2,flow_west.6,-76.71,99.71,274.87,True
77.0,V2V,flow_west.3,flow_east.1,-94.55,117.55,2143.16,True
77.0,V2V,flow_west.3,flow_east.5,-96.26,119.26,2610.96,True
77.0,V2V,flow_west.3,flow_east.6,-90.32,113.32,1317.48,True
77.0,V2V,flow_west.3,flow_west.2,-77.82,100.82,312.30,True
77.0,V2V,flow_west.3,flow_west.4,-90.38,113.38,1326.70,True
77.0,V2V,flow_west.3,flow_west.5,-79.86,102.86,394.87,True
77.0,V2V,flow_west.3,flow_west.6,-83.30,106.30,587.17,True
77.0,V2V,flow_west.4,flow_east.1,-86.17,109.17,816.50,True
77.0,V2V,flow_west.4,flow_east.5,-90.10,113.10,1284.28,True
77.0,V2V,flow_west.4,flow_east.6,-50.93,73.93,14.13,True
77.0,V2V,flow_west.4,flow_west.2,-88.05,111.05,1014.40,True
77.0,V2V,flow_west.4,flow_west.3,-90.38,113.38,1326.70,True
77.0,V2V,flow_west.4,flow_west.5,-87.31,110.31,931.83,True
77.0,V2V,flow_west.4,flow_west.6,-85.31,108.31,739.53,True
77.0,V2V,flow_west.5,flow_east.1,-92.78,115.78,1748.30,True
77.0,V2V,flow_west.5,flow_east.5,-94.84,117.84,2216.09,True
77.0,V2V,flow_west.5,flow_east.6,-87.23,110.23,922.63,True
77.0,V2V,flow_west.5,flow_west.2,-66.26,89.26,82.57,True
77.0,V2V,flow_west.5,flow_west.3,-79.86,102.86,394.87,True
77.0,V2V,flow_west.5,flow_west.4,-87.31,110.31,931.83,True
77.0,V2V,flow_west.5,flow_west.6,-73.61,96.61,192.30,True
77.0,V2V,flow_west.6,flow_east.1,-91.77,114.77,1556.00,True
77.0,V2V,flow_west.6,flow_east.5,-94.05,117.05,2023.79,True
77.0,V2V,flow_west.6,flow_east.6,-85.20,108.20,730.34,True
77.0,V2V,flow_west.6,flow_west.2,-76.71,99.71,274.87,True
77.0,V2V,flow_west.6,flow_west.3,-83.30,106.30,587.17,True
77.0,V2V,flow_west.6,flow_west.4,-85.31,108.31,739.53,True
77.0,V2V,flow_west.6,flow_west.5,-73.61,96.61,192.30,True
78.0,V2I,BS_1,flow_east.1,-82.33,112.33,1175.49,True
78.0,V2I,BS_1,flow_east.5,-85.09,115.09,1614.34,True
78.0,V2I,BS_1,flow_east.6,-75.96,105.96,564.57,True
78.0,V2I,BS_1,flow_west.2,-80.97,110.97,1005.04,True
78.0,V2I,BS_1,flow_west.3,-83.13,113.13,1288.16,True
78.0,V2I,BS_1,flow_west.4,-75.29,105.29,522.57,True
78.0,V2I,BS_1,flow_west.5,-80.33,110.33,933.55,True
78.0,V2I,BS_1,flow_west.6,-78.72,108.72,775.90,True
78.0,V2V,flow_east.1,flow_east.5,-81.43,104.43,473.20,True
78.0,V2V,flow_east.1,flow_east.6,-86.25,109.25,823.93,True
78.0,V2V,flow_east.1,flow_west.2,-93.62,116.62,1926.80,True
78.0,V2V,flow_east.1,flow_west.3,-94.94,117.94,2242.69,True
78.0,V2V,flow_east.1,flow_west.4,-87.18,110.18,918.00,True
78.0,V2V,flow_east.1,flow_west.5,-93.24,116.24,1843.10,True
78.0,V2V,flow_east.1,flow_west.6,-92.26,115.26,1647.27,True
78.0,V2V,flow_east.5,flow_east.1,-81.43,104.43,473.20,True
78.0,V2V,flow_east.5,flow_east.6,-90.19,113.19,1297.13,True
78.0,V2V,flow_east.5,flow_west.2,-95.53,118.53,2399.99,True
78.0,V2V,flow_east.5,flow_west.3,-96.61,119.61,2715.89,True
78.0,V2V,flow_east.5,flow_west.4,-90.79,113.79,1391.17,True
78.0,V2V,flow_east.5,flow_west.5,-95.22,118.22,2316.29,True
78.0,V2V,flow_east.5,flow_west.6,-94.46,117.46,2120.46,True
78.0,V2V,flow_east.6,flow_east.1,-86.25,109.25,823.93,True
78.0,V2V,flow_east.6,flow_east.5,-90.19,113.19,1297.13,True
78.0,V2V,flow_east.6,flow_west.2,-88.78,111.78,1102.88,True
78.0,V2V,flow_east.6,flow_west.3,-90.97,113.97,1418.77,True
78.0,V2V,flow_east.6,flow_west.4,-67.45,90.45,94.60,True
78.0,V2V,flow_east.6,flow_west.5,-88.09,111.09,1019.19,True
78.0,V2V,flow_east.6,flow_west.6,-86.24,109.24,823.37,True
78.0,V2V,flow_west.2,flow_east.1,-93.62,116.62,1926.80,True
78.0,V2V,flow_west.2,flow_east.5,-95.53,118.53,2399.99,True
78.0,V2V,flow_west.2,flow_east.6,-88.78,111.78,1102.88,True
78.0,V2V,flow_west.2,flow_west.3,-77.92,100.92,315.90,True
78.0,V2V,flow_west.2,flow_west.4,-88.00,111.00,1008.83,True
78.0,V2V,flow_west.2,flow_west.5,-66.38,89.38,83.70,True
78.0,V2V,flow_west.2,flow_west.6,-76.86,99.86,279.53,True
78.0,V2V,flow_west.3,flow_east.1,-94.94,117.94,2242.69,True
78.0,V2V,flow_west.3,flow_east.5,-96.61,119.61,2715.89,True
78.0,V2V,flow_west.3,flow_east.6,-90.97,113.97,1418.77,True
78.0,V2V,flow_west.3,flow_west.2,-77.92,100.92,315.90,True
78.0,V2V,flow_west.3,flow_west.4,-90.37,113.37,1324.73,True
78.0,V2V,flow_west.3,flow_west.5,-79.96,102.96,399.60,True
78.0,V2V,flow_west.3,flow_west.6,-83.42,106.42,595.43,True
78.0,V2V,flow_west.4,flow_east.1,-87.18,110.18,918.00,True
78.0,V2V,flow_west.4,flow_east.5,-90.79,113.79,1391.17,True
78.0,V2V,flow_west.4,flow_east.6,-67.45,90.45,94.60,True
78.0,V2V,flow_west.4,flow_west.2,-88.00,111.00,1008.83,True
78.0,V2V,flow_west.4,flow_west.3,-90.37,113.37,1324.73,True
78.0,V2V,flow_west.4,flow_west.5,-87.25,110.25,925.13,True
78.0,V2V,flow_west.4,flow_west.6,-85.19,108.19,729.30,True
78.0,V2V,flow_west.5,flow_east.1,-93.24,116.24,1843.10,True
78.0,V2V,flow_west.5,flow_east.5,-95.22,118.22,2316.29,True
78.0,V2V,flow_west.5,flow_east.6,-88.09,111.09,1019.19,True
78.0,V2V,flow_west.5,flow_west.2,-66.38,89.38,83.70,True
78.0,V2V,flow_west.5,flow_west.3,-79.96,102.96,399.60,True
78.0,V2V,flow_west.5,flow_west.4,-87.25,110.25,925.13,True
78.0,V2V,flow_west.5,flow_west.6,-73.77,96.77,195.83,True
78.0,V2V,flow_west.6,flow_east.1,-92.26,115.26,1647.27,True
78.0,V2V,flow_west.6,flow_east.5,-94.46,117.46,2120.46,True
78.0,V2V,flow_west.6,flow_east.6,-86.24,109.24,823.37,True
78.0,V2V,flow_west.6,flow_west.2,-76.86,99.86,279.53,True
78.0,V2V,flow_west.6,flow_west.3,-83.42,106.42,595.43,True
78.0,V2V,flow_west.6,flow_west.4,-85.19,108.19,729.30,True
78.0,V2V,flow_west.6,flow_west.5,-73.77,96.77,195.83,True
79.0,V2I,BS_1,flow_east.1,-82.63,112.63,1216.72,True
79.0,V2I,BS_1,flow_east.5,-85.36,115.36,1664.92,True
79.0,V2I,BS_1,flow_east.6,-76.29,106.29,586.62,True
79.0,V2I,BS_1,flow_west.2,-81.35,111.35,1049.60,True
79.0,V2I,BS_1,flow_west.3,-83.45,113.45,1336.98,True
79.0,V2I,BS_1,flow_west.4,-75.09,105.09,510.61,True
79.0,V2I,BS_1,flow_west.5,-80.71,110.71,975.62,True
79.0,V2I,BS_1,flow_west.6,-79.10,109.10,810.36,True
79.0,V2V,flow_east.1,flow_east.5,-81.57,104.57,480.80,True
79.0,V2V,flow_east.1,flow_east.6,-86.21,109.21,820.37,True
79.0,V2V,flow_east.1,flow_west.2,-94.05,117.05,2023.59,True
79.0,V2V,flow_east.1,flow_west.3,-95.32,118.32,2341.22,True
79.0,V2V,flow_east.1,flow_west.4,-88.09,111.09,1019.09,True
79.0,V2V,flow_east.1,flow_west.5,-93.68,116.68,1938.30,True
79.0,V2V,flow_east.1,flow_west.6,-92.73,115.73,1737.57,True
79.0,V2V,flow_east.5,flow_east.1,-81.57,104.57,480.80,True
79.0,V2V,flow_east.5,flow_east.6,-90.21,113.21,1301.17,True
79.0,V2V,flow_east.5,flow_west.2,-95.90,118.90,2504.39,True
79.0,V2V,flow_east.5,flow_west.3,-96.94,119.94,2822.02,True
79.0,V2V,flow_east.5,flow_west.4,-91.45,114.45,1499.87,True
79.0,V2V,flow_east.5,flow_west.5,-95.60,118.60,2419.09,True
79.0,V2V,flow_east.5,flow_west.6,-94.85,117.85,2218.36,True
79.0,V2V,flow_east.6,flow_east.1,-86.21,109.21,820.37,True
79.0,V2V,flow_east.6,flow_east.5,-90.21,113.21,1301.17,True
79.0,V2V,flow_east.6,flow_west.2,-89.53,112.53,1203.25,True
79.0,V2V,flow_east.6,flow_west.3,-91.57,114.57,1520.87,True
79.0,V2V,flow_east.6,flow_west.4,-73.90,96.90,198.95,True
79.0,V2V,flow_east.6,flow_west.5,-88.90,111.90,1117.95,True
79.0,V2V,flow_east.6,flow_west.6,-87.18,110.18,917.23,True
79.0,V2V,flow_west.2,flow_east.1,-94.05,117.05,2023.59,True
79.0,V2V,flow_west.2,flow_east.5,-95.90,118.90,2504.39,True
79.0,V2V,flow_west.2,flow_east.6,-89.53,112.53,1203.25,True
79.0,V2V,flow_west.2,flow_west.3,-77.97,100.97,317.63,True
79.0,V2V,flow_west.2,flow_west.4,-87.97,110.97,1004.53,True
79.0,V2V,flow_west.2,flow_west.5,-66.55,89.55,85.30,True
79.0,V2V,flow_west.2,flow_west.6,-77.06,100.06,286.03,True
79.0,V2V,flow_west.3,flow_east.1,-95.32,118.32,2341.22,True
79.0,V2V,flow_west.3,flow_east.5,-96.94,119.94,2822.02,True
79.0,V2V,flow_west.3,flow_east.6,-91.57,114.57,1520.87,True
79.0,V2V,flow_west.3,flow_west.2,-77.97,100.97,317.63,True
79.0,V2V,flow_west.3,flow_west.4,-90.35,113.35,1322.17,True
79.0,V2V,flow_west.3,flow_west.5,-80.03,103.03,402.93,True
79.0,V2V,flow_west.3,flow_west.6,-83.54,106.54,603.67,True
79.0,V2V,flow_west.4,flow_east.1,-88.09,111.09,1019.09,True
79.0,V2V,flow_west.4,flow_east.5,-91.45,114.45,1499.87,True
79.0,V2V,flow_west.4,flow_east.6,-73.90,96.90,198.95,True
79.0,V2V,flow_west.4,flow_west.2,-87.97,110.97,1004.53,True
79.0,V2V,flow_west.4,flow_west.3,-90.35,113.35,1322.17,True
79.0,V2V,flow_west.4,flow_west.5,-87.20,110.20,919.23,True
79.0,V2V,flow_west.4,flow_west.6,-85.06,108.06,718.50,True
79.0,V2V,flow_west.5,flow_east.1,-93.68,116.68,1938.30,True
79.0,V2V,flow_west.5,flow_east.5,-95.60,118.60,2419.09,True
79.0,V2V,flow_west.5,flow_east.6,-88.90,111.90,1117.95,True
79.0,V2V,flow_west.5,flow_west.2,-66.55,89.55,85.30,True
79.0,V2V,flow_west.5,flow_west.3,-80.03,103.03,402.93,True
79.0,V2V,flow_west.5,flow_west.4,-87.20,110.20,919.23,True
79.0,V2V,flow_west.5,flow_west.6,-73.98,96.98,200.73,True
79.0,V2V,flow_west.6,flow_east.1,-92.73,115.73,1737.57,True
79.0,V2V,flow_west.6,flow_east.5,-94.85,117.85,2218.36,True
79.0,V2V,flow_west.6,flow_east.6,-87.18,110.18,917.23,True
79.0,V2V,flow_west.6,flow_west.2,-77.06,100.06,286.03,True
79.0,V2V,flow_west.6,flow_west.3,-83.54,106.54,603.67,True
79.0,V2V,flow_west.6,flow_west.4,-85.06,108.06,718.50,True
79.0,V2V,flow_west.6,flow_west.5,-73.98,96.98,200.73,True
80.0,V2I,BS_1,flow_east.1,-82.90,112.90,1255.34,True
80.0,V2I,BS_1,flow_east.5,-85.62,115.62,1716.39,True
80.0,V2I,BS_1,flow_east.6,-76.67,106.67,612.43,True
80.0,V2I,BS_1,flow_east.7,-80.37,110.37,938.35,True
80.0,V2I,BS_1,flow_west.2,-81.70,111.70,1092.45,True
80.0,V2I,BS_1,flow_west.3,-83.78,113.78,1388.58,True
80.0,V2I,BS_1,flow_west.4,-89.99,119.99,504.66,False
80.0,V2I,BS_1,flow_west.5,-81.09,111.09,1018.80,True
80.0,V2I,BS_1,flow_west.6,-79.48,109.48,846.77,True
80.0,V2I,BS_1,flow_west.7,-84.73,114.73,1549.93,True
80.0,V2V,flow_east.1,flow_east.5,-81.77,104.77,492.37,True
80.0,V2V,flow_east.1,flow_east.6,-86.12,109.12,812.50,True
80.0,V2V,flow_east.1,flow_east.7,-93.64,116.64,1930.13,True
80.0,V2V,flow_east.1,flow_west.2,-94.43,117.43,2114.63,True
80.0,V2V,flow_east.1,flow_west.3,-95.67,118.67,2439.22,True
80.0,V2V,flow_east.1,flow_west.4,-88.87,111.87,1114.32,True
80.0,V2V,flow_east.1,flow_west.5,-94.08,117.08,2030.79,True
80.0,V2V,flow_east.1,flow_west.6,-93.16,116.16,1825.90,True
80.0,V2V,flow_east.1,flow_west.7,-78.05,101.05,320.78,True
80.0,V2V,flow_east.5,flow_east.1,-81.77,104.77,492.37,True
80.0,V2V,flow_east.5,flow_east.6,-90.24,113.24,1304.87,True
80.0,V2V,flow_east.5,flow_east.7,-95.61,118.61,2422.50,True
80.0,V2V,flow_east.5,flow_west.2,-96.25,119.25,2606.99,True
80.0,V2V,flow_east.5,flow_west.3,-97.27,120.27,2931.59,True
80.0,V2V,flow_east.5,flow_west.4,-92.05,115.05,1606.67,True
80.0,V2V,flow_east.5,flow_west.5,-95.97,118.97,2523.16,True
80.0,V2V,flow_east.5,flow_west.6,-95.23,118.23,2318.26,True
80.0,V2V,flow_east.5,flow_west.7,-72.64,95.64,172.10,True
80.0,V2V,flow_east.6,flow_east.1,-86.12,109.12,812.50,True
80.0,V2V,flow_east.6,flow_east.5,-90.24,113.24,1304.87,True
80.0,V2V,flow_east.6,flow_east.7,-88.89,111.89,1117.63,True
80.0,V2V,flow_east.6,flow_west.2,-90.22,113.22,1302.14,True
80.0,V2V,flow_east.6,flow_west.3,-92.15,115.15,1626.73,True
80.0,V2V,flow_east.6,flow_west.4,-77.53,100.53,301.96,True
80.0,V2V,flow_east.6,flow_west.5,-89.64,112.64,1218.31,True
80.0,V2V,flow_east.6,flow_west.6,-88.04,111.04,1013.42,True
80.0,V2V,flow_east.6,flow_west.7,-89.01,112.01,1133.15,True
80.0,V2V,flow_east.7,flow_east.1,-93.64,116.64,1930.13,True
80.0,V2V,flow_east.7,flow_east.5,-95.61,118.61,2422.50,True
80.0,V2V,flow_east.7,flow_east.6,-88.89,111.89,1117.63,True
80.0,V2V,flow_east.7,flow_west.2,-73.26,96.26,184.77,True
80.0,V2V,flow_east.7,flow_west.3,-82.06,105.06,509.18,True
80.0,V2V,flow_east.7,flow_west.4,-86.16,109.16,815.94,True
80.0,V2V,flow_east.7,flow_west.5,-68.03,91.03,101.20,True
80.0,V2V,flow_east.7,flow_west.6,-68.34,91.34,104.81,True
80.0,V2V,flow_east.7,flow_west.7,-94.97,117.97,2250.76,True
80.0,V2V,flow_west.2,flow_east.1,-94.43,117.43,2114.63,True
80.0,V2V,flow_west.2,flow_east.5,-96.25,119.25,2606.99,True
80.0,V2V,flow_west.2,flow_east.6,-90.22,113.22,1302.14,True
80.0,V2V,flow_west.2,flow_east.7,-73.26,96.26,184.77,True
80.0,V2V,flow_west.2,flow_west.3,-78.15,101.15,324.60,True
80.0,V2V,flow_west.2,flow_west.4,-87.93,110.93,1000.33,True
80.0,V2V,flow_west.2,flow_west.5,-66.40,89.40,83.83,True
80.0,V2V,flow_west.2,flow_west.6,-77.14,100.14,288.73,True
80.0,V2V,flow_west.2,flow_west.7,-95.66,118.66,2435.20,True
80.0,V2V,flow_west.3,flow_east.1,-95.67,118.67,2439.22,True
80.0,V2V,flow_west.3,flow_east.5,-97.27,120.27,2931.59,True
80.0,V2V,flow_west.3,flow_east.6,-92.15,115.15,1626.73,True
80.0,V2V,flow_west.3,flow_east.7,-82.06,105.06,509.18,True
80.0,V2V,flow_west.3,flow_west.2,-78.15,101.15,324.60,True
80.0,V2V,flow_west.3,flow_west.4,-90.37,113.37,1324.93,True
80.0,V2V,flow_west.3,flow_west.5,-80.15,103.15,408.43,True
80.0,V2V,flow_west.3,flow_west.6,-83.68,106.68,613.33,True
80.0,V2V,flow_west.3,flow_west.7,-96.74,119.74,2759.80,True
80.0,V2V,flow_west.4,flow_east.1,-88.87,111.87,1114.32,True
80.0,V2V,flow_west.4,flow_east.5,-92.05,115.05,1606.67,True
80.0,V2V,flow_west.4,flow_east.6,-77.53,100.53,301.96,True
80.0,V2V,flow_west.4,flow_east.7,-86.16,109.16,815.94,True
80.0,V2V,flow_west.4,flow_west.2,-87.93,110.93,1000.33,True
80.0,V2V,flow_west.4,flow_west.3,-90.37,113.37,1324.93,True
80.0,V2V,flow_west.4,flow_west.5,-87.17,110.17,916.50,True
80.0,V2V,flow_west.4,flow_west.6,-84.97,107.97,711.60,True
80.0,V2V,flow_west.4,flow_west.7,-91.06,114.06,1434.87,True
80.0,V2V,flow_west.5,flow_east.1,-94.08,117.08,2030.79,True
80.0,V2V,flow_west.5,flow_east.5,-95.97,118.97,2523.16,True
80.0,V2V,flow_west.5,flow_east.6,-89.64,112.64,1218.31,True
80.0,V2V,flow_west.5,flow_east.7,-68.03,91.03,101.20,True
80.0,V2V,flow_west.5,flow_west.2,-66.40,89.40,83.83,True
80.0,V2V,flow_west.5,flow_west.3,-80.15,103.15,408.43,True
80.0,V2V,flow_west.5,flow_west.4,-87.17,110.17,916.50,True
80.0,V2V,flow_west.5,flow_west.6,-74.16,97.16,204.90,True
80.0,V2V,flow_west.5,flow_west.7,-95.35,118.35,2351.37,True
80.0,V2V,flow_west.6,flow_east.1,-93.16,116.16,1825.90,True
80.0,V2V,flow_west.6,flow_east.5,-95.23,118.23,2318.26,True
80.0,V2V,flow_west.6,flow_east.6,-88.04,111.04,1013.42,True
80.0,V2V,flow_west.6,flow_east.7,-68.34,91.34,104.81,True
80.0,V2V,flow_west.6,flow_west.2,-77.14,100.14,288.73,True
80.0,V2V,flow_west.6,flow_west.3,-83.68,106.68,613.33,True
80.0,V2V,flow_west.6,flow_west.4,-84.97,107.97,711.60,True
80.0,V2V,flow_west.6,flow_west.5,-74.16,97.16,204.90,True
80.0,V2V,flow_west.6,flow_west.7,-94.56,117.56,2146.47,True
80.0,V2V,flow_west.7,flow_east.1,-78.05,101.05,320.78,True
80.0,V2V,flow_west.7,flow_east.5,-72.64,95.64,172.10,True
80.0,V2V,flow_west.7,flow_east.6,-89.01,112.01,1133.15,True
80.0,V2V,flow_west.7,flow_east.7,-94.97,117.97,2250.76,True
80.0,V2V,flow_west.7,flow_west.2,-95.66,118.66,2435.20,True
80.0,V2V,flow_west.7,flow_west.3,-96.74,119.74,2759.80,True
80.0,V2V,flow_west.7,flow_west.4,-91.06,114.06,1434.87,True
80.0,V2V,flow_west.7,flow_west.5,-95.35,118.35,2351.37,True
80.0,V2V,flow_west.7,flow_west.6,-94.56,117.56,2146.47,True
81.0,V2I,BS_1,flow_east.1,-83.18,113.18,1296.64,True
81.0,V2I,BS_1,flow_east.6,-77.07,107.07,641.29,True
81.0,V2I,BS_1,flow_east.7,-80.00,110.00,898.40,True
81.0,V2I,BS_1,flow_west.2,-82.03,112.03,1135.92,True
81.0,V2I,BS_1,flow_west.3,-84.09,114.09,1438.72,True
81.0,V2I,BS_1,flow_west.4,-89.98,119.98,504.18,False
81.0,V2I,BS_1,flow_west.5,-81.44,111.44,1060.79,True
81.0,V2I,BS_1,flow_west.6,-79.85,109.85,883.43,True
81.0,V2I,BS_1,flow_west.7,-84.47,114.47,1502.92,True
81.0,V2V,flow_east.1,flow_east.6,-86.07,109.07,807.10,True
81.0,V2V,flow_east.1,flow_east.7,-93.63,116.63,1927.03,True
81.0,V2V,flow_east.1,flow_west.2,-94.81,117.81,2208.49,True
81.0,V2V,flow_east.1,flow_west.3,-96.02,119.02,2538.02,True
81.0,V2V,flow_east.1,flow_west.4,-89.60,112.60,1212.25,True
81.0,V2V,flow_east.1,flow_west.5,-94.47,117.47,2123.93,True
81.0,V2V,flow_east.1,flow_west.6,-93.58,116.58,1916.13,True
81.0,V2V,flow_east.1,flow_west.7,-75.01,98.01,225.92,True
81.0,V2V,flow_east.6,flow_east.1,-86.07,109.07,807.10,True
81.0,V2V,flow_east.6,flow_east.7,-88.91,111.91,1119.93,True
81.0,V2V,flow_east.6,flow_west.2,-90.86,113.86,1401.41,True
81.0,V2V,flow_east.6,flow_west.3,-92.69,115.69,1730.93,True
81.0,V2V,flow_east.6,flow_west.4,-80.08,103.08,405.24,True
81.0,V2V,flow_east.6,flow_west.5,-90.32,113.32,1316.84,True
81.0,V2V,flow_east.6,flow_west.6,-88.83,111.83,1109.05,True
81.0,V2V,flow_east.6,flow_west.7,-88.21,111.21,1032.82,True
81.0,V2V,flow_east.7,flow_east.1,-93.63,116.63,1927.03,True
81.0,V2V,flow_east.7,flow_east.6,-88.91,111.91,1119.93,True
81.0,V2V,flow_east.7,flow_west.2,-76.92,99.92,281.64,True
81.0,V2V,flow_east.7,flow_west.3,-83.65,106.65,611.06,True
81.0,V2V,flow_east.7,flow_west.4,-85.01,108.01,714.91,True
81.0,V2V,flow_east.7,flow_west.5,-73.82,96.82,197.16,True
81.0,V2V,flow_east.7,flow_west.6,-51.61,74.61,15.27,True
81.0,V2V,flow_east.7,flow_west.7,-94.59,117.59,2152.73,True
81.0,V2V,flow_west.2,flow_east.1,-94.81,117.81,2208.49,True
81.0,V2V,flow_west.2,flow_east.6,-90.86,113.86,1401.41,True
81.0,V2V,flow_west.2,flow_east.7,-76.92,99.92,281.64,True
81.0,V2V,flow_west.2,flow_west.3,-78.29,101.29,329.53,True
81.0,V2V,flow_west.2,flow_west.4,-87.89,110.89,996.27,True
81.0,V2V,flow_west.2,flow_west.5,-66.47,89.47,84.57,True
81.0,V2V,flow_west.2,flow_west.6,-77.25,100.25,292.37,True
81.0,V2V,flow_west.2,flow_west.7,-95.65,118.65,2434.13,True
81.0,V2V,flow_west.3,flow_east.1,-96.02,119.02,2538.02,True
81.0,V2V,flow_west.3,flow_east.6,-92.69,115.69,1730.93,True
81.0,V2V,flow_west.3,flow_east.7,-83.65,106.65,611.06,True
81.0,V2V,flow_west.3,flow_west.2,-78.29,101.29,329.53,True
81.0,V2V,flow_west.3,flow_west.4,-90.38,113.38,1325.80,True
81.0,V2V,flow_west.3,flow_west.5,-80.27,103.27,414.10,True
81.0,V2V,flow_west.3,flow_west.6,-83.80,106.80,621.90,True
81.0,V2V,flow_west.3,flow_west.7,-96.76,119.76,2763.67,True
81.0,V2V,flow_west.4,flow_east.1,-89.60,112.60,1212.25,True
81.0,V2V,flow_west.4,flow_east.6,-80.08,103.08,405.24,True
81.0,V2V,flow_west.4,flow_east.7,-85.01,108.01,714.91,True
81.0,V2V,flow_west.4,flow_west.2,-87.89,110.89,996.27,True
81.0,V2V,flow_west.4,flow_west.3,-90.38,113.38,1325.80,True
81.0,V2V,flow_west.4,flow_west.5,-87.12,110.12,911.70,True
81.0,V2V,flow_west.4,flow_west.6,-84.88,107.88,703.90,True
81.0,V2V,flow_west.4,flow_west.7,-91.08,114.08,1437.87,True
81.0,V2V,flow_west.5,flow_east.1,-94.47,117.47,2123.93,True
81.0,V2V,flow_west.5,flow_east.6,-90.32,113.32,1316.84,True
81.0,V2V,flow_west.5,flow_east.7,-73.82,96.82,197.16,True
81.0,V2V,flow_west.5,flow_west.2,-66.47,89.47,84.57,True
81.0,V2V,flow_west.5,flow_west.3,-80.27,103.27,414.10,True
81.0,V2V,flow_west.5,flow_west.4,-87.12,110.12,911.70,True
81.0,V2V,flow_west.5,flow_west.6,-74.28,97.28,207.80,True
81.0,V2V,flow_west.5,flow_west.7,-95.35,118.35,2349.57,True
81.0,V2V,flow_west.6,flow_east.1,-93.58,116.58,1916.13,True
81.0,V2V,flow_west.6,flow_east.6,-88.83,111.83,1109.05,True
81.0,V2V,flow_west.6,flow_east.7,-51.61,74.61,15.27,True
81.0,V2V,flow_west.6,flow_west.2,-77.25,100.25,292.37,True
81.0,V2V,flow_west.6,flow_west.3,-83.80,106.80,621.90,True
81.0,V2V,flow_west.6,flow_west.4,-84.88,107.88,703.90,True
81.0,V2V,flow_west.6,flow_west.5,-74.28,97.28,207.80,True
81.0,V2V,flow_west.6,flow_west.7,-94.54,117.54,2141.77,True
81.0,V2V,flow_west.7,flow_east.1,-75.01,98.01,225.92,True
81.0,V2V,flow_west.7,flow_east.6,-88.21,111.21,1032.82,True
81.0,V2V,flow_west.7,flow_east.7,-94.59,117.59,2152.73,True
81.0,V2V,flow_west.7,flow_west.2,-95.65,118.65,2434.13,True
81.0,V2V,flow_west.7,flow_west.3,-96.76,119.76,2763.67,True
81.0,V2V,flow_west.7,flow_west.4,-91.08,114.08,1437.87,True
81.0,V2V,flow_west.7,flow_west.5,-95.35,118.35,2349.57,True
81.0,V2V,flow_west.7,flow_west.6,-94.54,117.54,2141.77,True
82.0,V2I,BS_1,flow_east.1,-83.44,113.44,1335.30,True
82.0,V2I,BS_1,flow_east.6,-77.47,107.47,671.64,True
82.0,V2I,BS_1,flow_east.7,-79.61,109.61,858.99,True
82.0,V2I,BS_1,flow_west.2,-82.38,112.38,1182.63,True
82.0,V2I,BS_1,flow_west.3,-84.37,114.37,1486.92,True
82.0,V2I,BS_1,flow_west.4,-75.07,105.07,509.46,True
82.0,V2I,BS_1,flow_west.5,-81.79,111.79,1103.92,True
82.0,V2I,BS_1,flow_west.6,-80.22,110.22,922.16,True
82.0,V2I,BS_1,flow_west.7,-84.18,114.18,1454.72,True
82.0,V2V,flow_east.1,flow_east.6,-85.99,108.99,800.23,True
82.0,V2V,flow_east.1,flow_east.7,-93.60,116.60,1920.43,True
82.0,V2V,flow_east.1,flow_west.2,-95.17,118.17,2302.36,True
82.0,V2V,flow_east.1,flow_west.3,-96.33,119.33,2631.35,True
82.0,V2V,flow_east.1,flow_west.4,-90.26,113.26,1308.74,True
82.0,V2V,flow_east.1,flow_west.5,-94.83,117.83,2214.66,True
82.0,V2V,flow_east.1,flow_west.6,-93.97,116.97,2004.80,True
82.0,V2V,flow_east.1,flow_west.7,-70.39,93.39,132.83,True
82.0,V2V,flow_east.6,flow_east.1,-85.99,108.99,800.23,True
82.0,V2V,flow_east.6,flow_east.7,-88.91,111.91,1120.20,True
82.0,V2V,flow_east.6,flow_west.2,-91.46,114.46,1502.14,True
82.0,V2V,flow_east.6,flow_west.3,-93.18,116.18,1831.13,True
82.0,V2V,flow_east.6,flow_west.4,-82.05,105.05,508.58,True
82.0,V2V,flow_east.6,flow_west.5,-90.94,113.94,1414.44,True
82.0,V2V,flow_east.6,flow_west.6,-89.54,112.54,1204.58,True
82.0,V2V,flow_east.6,flow_west.7,-87.32,110.32,932.69,True
82.0,V2V,flow_east.7,flow_east.1,-93.60,116.60,1920.43,True
82.0,V2V,flow_east.7,flow_east.6,-88.91,111.91,1120.20,True
82.0,V2V,flow_east.7,flow_west.2,-79.57,102.57,382.05,True
82.0,V2V,flow_east.7,flow_west.3,-84.96,107.96,710.98,True
82.0,V2V,flow_east.7,flow_west.4,-83.66,106.66,611.83,True
82.0,V2V,flow_east.7,flow_west.5,-77.31,100.31,294.39,True
82.0,V2V,flow_east.7,flow_west.6,-66.52,89.52,85.01,True
82.0,V2V,flow_east.7,flow_west.7,-94.17,117.17,2052.86,True
82.0,V2V,flow_west.2,flow_east.1,-95.17,118.17,2302.36,True
82.0,V2V,flow_west.2,flow_east.6,-91.46,114.46,1502.14,True
82.0,V2V,flow_west.2,flow_east.7,-79.57,102.57,382.05,True
82.0,V2V,flow_west.2,flow_west.3,-78.27,101.27,329.00,True
82.0,V2V,flow_west.2,flow_west.4,-87.87,110.87,993.63,True
82.0,V2V,flow_west.2,flow_west.5,-66.79,89.79,87.70,True
82.0,V2V,flow_west.2,flow_west.6,-77.40,100.40,297.57,True
82.0,V2V,flow_west.2,flow_west.7,-95.66,118.66,2434.73,True
82.0,V2V,flow_west.3,flow_east.1,-96.33,119.33,2631.35,True
82.0,V2V,flow_west.3,flow_east.6,-93.18,116.18,1831.13,True
82.0,V2V,flow_west.3,flow_east.7,-84.96,107.96,710.98,True
82.0,V2V,flow_west.3,flow_west.2,-78.27,101.27,329.00,True
82.0,V2V,flow_west.3,flow_west.4,-90.36,113.36,1322.63,True
82.0,V2V,flow_west.3,flow_west.5,-80.32,103.32,416.70,True
82.0,V2V,flow_west.3,flow_west.6,-83.87,106.87,626.57,True
82.0,V2V,flow_west.3,flow_west.7,-96.76,119.76,2763.73,True
82.0,V2V,flow_west.4,flow_east.1,-90.26,113.26,1308.74,True
82.0,V2V,flow_west.4,flow_east.6,-82.05,105.05,508.58,True
82.0,V2V,flow_west.4,flow_east.7,-83.66,106.66,611.83,True
82.0,V2V,flow_west.4,flow_west.2,-87.87,110.87,993.63,True
82.0,V2V,flow_west.4,flow_west.3,-90.36,113.36,1322.63,True
82.0,V2V,flow_west.4,flow_west.5,-87.07,110.07,905.93,True
82.0,V2V,flow_west.4,flow_west.6,-84.78,107.78,696.07,True
82.0,V2V,flow_west.4,flow_west.7,-91.10,114.10,1441.10,True
82.0,V2V,flow_west.5,flow_east.1,-94.83,117.83,2214.66,True
82.0,V2V,flow_west.5,flow_east.6,-90.94,113.94,1414.44,True
82.0,V2V,flow_west.5,flow_east.7,-77.31,100.31,294.39,True
82.0,V2V,flow_west.5,flow_west.2,-66.79,89.79,87.70,True
82.0,V2V,flow_west.5,flow_west.3,-80.32,103.32,416.70,True
82.0,V2V,flow_west.5,flow_west.4,-87.07,110.07,905.93,True
82.0,V2V,flow_west.5,flow_west.6,-74.37,97.37,209.87,True
82.0,V2V,flow_west.5,flow_west.7,-95.34,118.34,2347.03,True
82.0,V2V,flow_west.6,flow_east.1,-93.97,116.97,2004.80,True
82.0,V2V,flow_west.6,flow_east.6,-89.54,112.54,1204.58,True
82.0,V2V,flow_west.6,flow_east.7,-66.52,89.52,85.01,True
82.0,V2V,flow_west.6,flow_west.2,-77.40,100.40,297.57,True
82.0,V2V,flow_west.6,flow_west.3,-83.87,106.87,626.57,True
82.0,V2V,flow_west.6,flow_west.4,-84.78,107.78,696.07,True
82.0,V2V,flow_west.6,flow_west.5,-74.37,97.37,209.87,True
82.0,V2V,flow_west.6,flow_west.7,-94.52,117.52,2137.17,True
82.0,V2V,flow_west.7,flow_east.1,-70.39,93.39,132.83,True
82.0,V2V,flow_west.7,flow_east.6,-87.32,110.32,932.69,True
82.0,V2V,flow_west.7,flow_east.7,-94.17,117.17,2052.86,True
82.0,V2V,flow_west.7,flow_west.2,-95.66,118.66,2434.73,True
82.0,V2V,flow_west.7,flow_west.3,-96.76,119.76,2763.73,True
82.0,V2V,flow_west.7,flow_west.4,-91.10,114.10,1441.10,True
82.0,V2V,flow_west.7,flow_west.5,-95.34,118.34,2347.03,True
82.0,V2V,flow_west.7,flow_west.6,-94.52,117.52,2137.17,True
83.0,V2I,BS_1,flow_east.1,-83.69,113.69,1374.04,True
83.0,V2I,BS_1,flow_east.6,-77.88,107.88,704.00,True
83.0,V2I,BS_1,flow_east.7,-79.20,109.20,819.43,True
83.0,V2I,BS_1,flow_west.2,-82.71,112.71,1227.42,True
83.0,V2I,BS_1,flow_west.3,-84.66,114.66,1536.29,True
83.0,V2I,BS_1,flow_west.4,-75.26,105.26,520.50,True
83.0,V2I,BS_1,flow_west.5,-82.14,112.14,1149.77,True
83.0,V2I,BS_1,flow_west.6,-80.58,110.58,960.53,True
83.0,V2I,BS_1,flow_west.7,-83.90,113.90,1408.36,True
83.0,V2V,flow_east.1,flow_east.6,-85.92,108.92,793.33,True
83.0,V2V,flow_east.1,flow_east.7,-93.56,116.56,1912.23,True
83.0,V2V,flow_east.1,flow_west.2,-95.51,118.51,2393.52,True
83.0,V2V,flow_east.1,flow_west.3,-96.64,119.64,2725.59,True
83.0,V2V,flow_east.1,flow_west.4,-90.88,113.88,1405.37,True
83.0,V2V,flow_east.1,flow_west.5,-95.19,118.19,2307.79,True
83.0,V2V,flow_east.1,flow_west.6,-94.34,117.34,2092.09,True
83.0,V2V,flow_east.1,flow_west.7,-60.47,83.47,42.36,True
83.0,V2V,flow_east.6,flow_east.1,-85.92,108.92,793.33,True
83.0,V2V,flow_east.6,flow_east.7,-88.90,111.90,1118.90,True
83.0,V2V,flow_east.6,flow_west.2,-92.01,115.01,1600.20,True
83.0,V2V,flow_east.6,flow_west.3,-93.65,116.65,1932.26,True
83.0,V2V,flow_east.6,flow_west.4,-83.66,106.66,612.09,True
83.0,V2V,flow_east.6,flow_west.5,-91.53,114.53,1514.47,True
83.0,V2V,flow_east.6,flow_west.6,-90.20,113.20,1298.78,True
83.0,V2V,flow_east.6,flow_west.7,-86.35,109.35,834.40,True
83.0,V2V,flow_east.7,flow_east.1,-93.56,116.56,1912.23,True
83.0,V2V,flow_east.7,flow_east.6,-88.90,111.90,1118.90,True
83.0,V2V,flow_east.7,flow_west.2,-81.58,104.58,481.38,True
83.0,V2V,flow_east.7,flow_west.3,-86.13,109.13,813.40,True
83.0,V2V,flow_east.7,flow_west.4,-82.03,105.03,507.01,True
83.0,V2V,flow_east.7,flow_west.5,-79.87,102.87,395.68,True
83.0,V2V,flow_east.7,flow_west.6,-73.04,96.04,180.15,True
83.0,V2V,flow_east.7,flow_west.7,-93.74,116.74,1953.26,True
83.0,V2V,flow_west.2,flow_east.1,-95.51,118.51,2393.52,True
83.0,V2V,flow_west.2,flow_east.6,-92.01,115.01,1600.20,True
83.0,V2V,flow_west.2,flow_east.7,-81.58,104.58,481.38,True
83.0,V2V,flow_west.2,flow_west.3,-78.35,101.35,332.07,True
83.0,V2V,flow_west.2,flow_west.4,-87.82,110.82,988.17,True
83.0,V2V,flow_west.2,flow_west.5,-66.59,89.59,85.73,True
83.0,V2V,flow_west.2,flow_west.6,-77.51,100.51,301.43,True
83.0,V2V,flow_west.2,flow_west.7,-95.66,118.66,2434.50,True
83.0,V2V,flow_west.3,flow_east.1,-96.64,119.64,2725.59,True
83.0,V2V,flow_west.3,flow_east.6,-93.65,116.65,1932.26,True
83.0,V2V,flow_west.3,flow_east.7,-86.13,109.13,813.40,True
83.0,V2V,flow_west.3,flow_west.2,-78.35,101.35,332.07,True
83.0,V2V,flow_west.3,flow_west.4,-90.34,113.34,1320.23,True
83.0,V2V,flow_west.3,flow_west.5,-80.35,103.35,417.80,True
83.0,V2V,flow_west.3,flow_west.6,-83.96,106.96,633.50,True
83.0,V2V,flow_west.3,flow_west.7,-96.77,119.77,2766.57,True
83.0,V2V,flow_west.4,flow_east.1,-90.88,113.88,1405.37,True
83.0,V2V,flow_west.4,flow_east.6,-83.66,106.66,612.09,True
83.0,V2V,flow_west.4,flow_east.7,-82.03,105.03,507.01,True
83.0,V2V,flow_west.4,flow_west.2,-87.82,110.82,988.17,True
83.0,V2V,flow_west.4,flow_west.3,-90.34,113.34,1320.23,True
83.0,V2V,flow_west.4,flow_west.5,-87.04,110.04,902.43,True
83.0,V2V,flow_west.4,flow_west.6,-84.66,107.66,686.73,True
83.0,V2V,flow_west.4,flow_west.7,-91.13,114.13,1446.33,True
83.0,V2V,flow_west.5,flow_east.1,-95.19,118.19,2307.79,True
83.0,V2V,flow_west.5,flow_east.6,-91.53,114.53,1514.47,True
83.0,V2V,flow_west.5,flow_east.7,-79.87,102.87,395.68,True
83.0,V2V,flow_west.5,flow_west.2,-66.59,89.59,85.73,True
83.0,V2V,flow_west.5,flow_west.3,-80.35,103.35,417.80,True
83.0,V2V,flow_west.5,flow_west.4,-87.04,110.04,902.43,True
83.0,V2V,flow_west.5,flow_west.6,-74.60,97.60,215.70,True
83.0,V2V,flow_west.5,flow_west.7,-95.34,118.34,2348.77,True
83.0,V2V,flow_west.6,flow_east.1,-94.34,117.34,2092.09,True
83.0,V2V,flow_west.6,flow_east.6,-90.20,113.20,1298.78,True
83.0,V2V,flow_west.6,flow_east.7,-73.04,96.04,180.15,True
83.0,V2V,flow_west.6,flow_west.2,-77.51,100.51,301.43,True
83.0,V2V,flow_west.6,flow_west.3,-83.96,106.96,633.50,True
83.0,V2V,flow_west.6,flow_west.4,-84.66,107.66,686.73,True
83.0,V2V,flow_west.6,flow_west.5,-74.60,97.60,215.70,True
83.0,V2V,flow_west.6,flow_west.7,-94.51,117.51,2133.07,True
83.0,V2V,flow_west.7,flow_east.1,-60.47,83.47,42.36,True
83.0,V2V,flow_west.7,flow_east.6,-86.35,109.35,834.40,True
83.0,V2V,flow_west.7,flow_east.7,-93.74,116.74,1953.26,True
83.0,V2V,flow_west.7,flow_west.2,-95.66,118.66,2434.50,True
83.0,V2V,flow_west.7,flow_west.3,-96.77,119.77,2766.57,True
83.0,V2V,flow_west.7,flow_west.4,-91.13,114.13,1446.33,True
83.0,V2V,flow_west.7,flow_west.5,-95.34,118.34,2348.77,True
83.0,V2V,flow_west.7,flow_west.6,-94.51,117.51,2133.07,True
84.0,V2I,BS_1,flow_east.1,-83.94,113.94,1414.47,True
84.0,V2I,BS_1,flow_east.6,-78.31,108.31,740.11,True
84.0,V2I,BS_1,flow_east.7,-78.78,108.78,781.16,True
84.0,V2I,BS_1,flow_west.2,-83.02,113.02,1272.11,True
84.0,V2I,BS_1,flow_west.3,-84.95,114.95,1588.23,True
84.0,V2I,BS_1,flow_west.4,-75.52,105.52,536.40,True
84.0,V2I,BS_1,flow_west.5,-82.47,112.47,1194.92,True
84.0,V2I,BS_1,flow_west.6,-80.92,110.92,999.65,True
84.0,V2I,BS_1,flow_west.7,-83.60,113.60,1359.89,True
84.0,V2V,flow_east.1,flow_east.6,-85.83,108.83,785.37,True
84.0,V2V,flow_east.1,flow_east.7,-93.53,116.53,1905.77,True
84.0,V2V,flow_east.1,flow_west.2,-95.84,118.84,2485.86,True
84.0,V2V,flow_east.1,flow_west.3,-96.94,119.94,2823.95,True
84.0,V2V,flow_east.1,flow_west.4,-91.46,114.46,1502.14,True
84.0,V2V,flow_east.1,flow_west.5,-95.54,118.54,2401.29,True
84.0,V2V,flow_east.1,flow_west.6,-94.70,117.70,2181.19,True
84.0,V2V,flow_east.1,flow_west.7,-62.82,85.82,55.57,True
84.0,V2V,flow_east.6,flow_east.1,-85.83,108.83,785.37,True
84.0,V2V,flow_east.6,flow_east.7,-88.91,111.91,1120.40,True
84.0,V2V,flow_east.6,flow_west.2,-92.54,115.54,1700.50,True
84.0,V2V,flow_east.6,flow_west.3,-94.11,117.11,2038.59,True
84.0,V2V,flow_east.6,flow_west.4,-85.04,108.04,716.81,True
84.0,V2V,flow_east.6,flow_west.5,-92.10,115.10,1615.94,True
84.0,V2V,flow_east.6,flow_west.6,-90.82,113.82,1395.84,True
84.0,V2V,flow_east.6,flow_west.7,-85.20,108.20,730.91,True
84.0,V2V,flow_east.7,flow_east.1,-93.53,116.53,1905.77,True
84.0,V2V,flow_east.7,flow_east.6,-88.91,111.91,1120.40,True
84.0,V2V,flow_east.7,flow_west.2,-83.20,106.20,580.16,True
84.0,V2V,flow_east.7,flow_west.3,-87.19,110.19,918.23,True
84.0,V2V,flow_east.7,flow_west.4,-80.05,103.05,403.81,True
84.0,V2V,flow_east.7,flow_west.5,-81.83,104.83,495.61,True
84.0,V2V,flow_east.7,flow_west.6,-76.73,99.73,275.61,True
84.0,V2V,flow_east.7,flow_west.7,-93.28,116.28,1851.26,True
84.0,V2V,flow_west.2,flow_east.1,-95.84,118.84,2485.86,True
84.0,V2V,flow_west.2,flow_east.6,-92.54,115.54,1700.50,True
84.0,V2V,flow_west.2,flow_east.7,-83.20,106.20,580.16,True
84.0,V2V,flow_west.2,flow_west.3,-78.51,101.51,338.10,True
84.0,V2V,flow_west.2,flow_west.4,-87.78,110.78,983.73,True
84.0,V2V,flow_west.2,flow_west.5,-66.47,89.47,84.57,True
84.0,V2V,flow_west.2,flow_west.6,-77.60,100.60,304.67,True
84.0,V2V,flow_west.2,flow_west.7,-95.64,118.64,2431.30,True
84.0,V2V,flow_west.3,flow_east.1,-96.94,119.94,2823.95,True
84.0,V2V,flow_west.3,flow_east.6,-94.11,117.11,2038.59,True
84.0,V2V,flow_west.3,flow_east.7,-87.19,110.19,918.23,True
84.0,V2V,flow_west.3,flow_west.2,-78.51,101.51,338.10,True
84.0,V2V,flow_west.3,flow_west.4,-90.35,113.35,1321.83,True
84.0,V2V,flow_west.3,flow_west.5,-80.45,103.45,422.67,True
84.0,V2V,flow_west.3,flow_west.6,-84.09,107.09,642.77,True
84.0,V2V,flow_west.3,flow_west.7,-96.78,119.78,2769.40,True
84.0,V2V,flow_west.4,flow_east.1,-91.46,114.46,1502.14,True
84.0,V2V,flow_west.4,flow_east.6,-85.04,108.04,716.81,True
84.0,V2V,flow_west.4,flow_east.7,-80.05,103.05,403.81,True
84.0,V2V,flow_west.4,flow_west.2,-87.78,110.78,983.73,True
84.0,V2V,flow_west.4,flow_west.3,-90.35,113.35,1321.83,True
84.0,V2V,flow_west.4,flow_west.5,-87.00,110.00,899.17,True
84.0,V2V,flow_west.4,flow_west.6,-84.57,107.57,679.07,True
84.0,V2V,flow_west.4,flow_west.7,-91.14,114.14,1447.57,True
84.0,V2V,flow_west.5,flow_east.1,-95.54,118.54,2401.29,True
84.0,V2V,flow_west.5,flow_east.6,-92.10,115.10,1615.94,True
84.0,V2V,flow_west.5,flow_east.7,-81.83,104.83,495.61,True
84.0,V2V,flow_west.5,flow_west.2,-66.47,89.47,84.57,True
84.0,V2V,flow_west.5,flow_west.3,-80.45,103.45,422.67,True
84.0,V2V,flow_west.5,flow_west.4,-87.00,110.00,899.17,True
84.0,V2V,flow_west.5,flow_west.6,-74.78,97.78,220.10,True
84.0,V2V,flow_west.5,flow_west.7,-95.34,118.34,2346.73,True
84.0,V2V,flow_west.6,flow_east.1,-94.70,117.70,2181.19,True
84.0,V2V,flow_west.6,flow_east.6,-90.82,113.82,1395.84,True
84.0,V2V,flow_west.6,flow_east.7,-76.73,99.73,275.61,True
84.0,V2V,flow_west.6,flow_west.2,-77.60,100.60,304.67,True
84.0,V2V,flow_west.6,flow_west.3,-84.09,107.09,642.77,True
84.0,V2V,flow_west.6,flow_west.4,-84.57,107.57,679.07,True
84.0,V2V,flow_west.6,flow_west.5,-74.78,97.78,220.10,True
84.0,V2V,flow_west.6,flow_west.7,-94.48,117.48,2126.63,True
84.0,V2V,flow_west.7,flow_east.1,-62.82,85.82,55.57,True
84.0,V2V,flow_west.7,flow_east.6,-85.20,108.20,730.91,True
84.0,V2V,flow_west.7,flow_east.7,-93.28,116.28,1851.26,True
84.0,V2V,flow_west.7,flow_west.2,-95.64,118.64,2431.30,True
84.0,V2V,flow_west.7,flow_west.3,-96.78,119.78,2769.40,True
84.0,V2V,flow_west.7,flow_west.4,-91.14,114.14,1447.57,True
84.0,V2V,flow_west.7,flow_west.5,-95.34,118.34,2346.73,True
84.0,V2V,flow_west.7,flow_west.6,-94.48,117.48,2126.63,True
85.0,V2I,BS_1,flow_east.1,-84.18,114.18,1454.05,True
85.0,V2I,BS_1,flow_east.6,-78.72,108.72,775.60,True
85.0,V2I,BS_1,flow_east.7,-78.35,108.35,743.60,True
85.0,V2I,BS_1,flow_west.2,-83.32,113.32,1317.80,True
85.0,V2I,BS_1,flow_west.3,-85.23,115.23,1640.38,True
85.0,V2I,BS_1,flow_west.4,-75.83,105.83,556.28,True
85.0,V2I,BS_1,flow_west.5,-82.78,112.78,1238.43,True
85.0,V2I,BS_1,flow_west.6,-81.26,111.26,1039.44,True
85.0,V2I,BS_1,flow_west.7,-83.30,113.30,1314.69,True
85.0,V2V,flow_east.1,flow_east.6,-85.76,108.76,779.43,True
85.0,V2V,flow_east.1,flow_east.7,-93.49,116.49,1897.27,True
85.0,V2V,flow_east.1,flow_west.2,-96.15,119.15,2577.86,True
85.0,V2V,flow_east.1,flow_west.3,-97.24,120.24,2921.25,True
85.0,V2V,flow_east.1,flow_west.4,-91.99,114.99,1596.20,True
85.0,V2V,flow_east.1,flow_west.5,-95.86,118.86,2491.49,True
85.0,V2V,flow_east.1,flow_west.6,-95.05,118.05,2269.36,True
85.0,V2V,flow_east.1,flow_west.7,-71.22,94.22,146.12,True
85.0,V2V,flow_east.6,flow_east.1,-85.76,108.76,779.43,True
85.0,V2V,flow_east.6,flow_east.7,-88.89,111.89,1117.83,True
85.0,V2V,flow_east.6,flow_west.2,-93.03,116.03,1798.43,True
85.0,V2V,flow_east.6,flow_west.3,-94.54,117.54,2141.83,True
85.0,V2V,flow_east.6,flow_west.4,-86.17,109.17,816.80,True
85.0,V2V,flow_east.6,flow_west.5,-92.60,115.60,1712.07,True
85.0,V2V,flow_east.6,flow_west.6,-91.39,114.39,1489.94,True
85.0,V2V,flow_east.6,flow_west.7,-83.97,106.97,633.79,True
85.0,V2V,flow_east.7,flow_east.1,-93.49,116.49,1897.27,True
85.0,V2V,flow_east.7,flow_east.6,-88.89,111.89,1117.83,True
85.0,V2V,flow_east.7,flow_west.2,-84.59,107.59,680.65,True
85.0,V2V,flow_east.7,flow_west.3,-88.13,111.13,1024.02,True
85.0,V2V,flow_east.7,flow_west.4,-77.51,100.51,301.29,True
85.0,V2V,flow_east.7,flow_west.5,-83.41,106.41,594.30,True
85.0,V2V,flow_east.7,flow_west.6,-79.34,102.34,372.22,True
85.0,V2V,flow_east.7,flow_west.7,-92.80,115.80,1751.57,True
85.0,V2V,flow_west.2,flow_east.1,-96.15,119.15,2577.86,True
85.0,V2V,flow_west.2,flow_east.6,-93.03,116.03,1798.43,True
85.0,V2V,flow_west.2,flow_east.7,-84.59,107.59,680.65,True
85.0,V2V,flow_west.2,flow_west.3,-78.64,101.64,343.40,True
85.0,V2V,flow_west.2,flow_west.4,-87.77,110.77,981.67,True
85.0,V2V,flow_west.2,flow_west.5,-66.65,89.65,86.37,True
85.0,V2V,flow_west.2,flow_west.6,-77.71,100.71,308.50,True
85.0,V2V,flow_west.2,flow_west.7,-95.65,118.65,2432.10,True
85.0,V2V,flow_west.3,flow_east.1,-97.24,120.24,2921.25,True
85.0,V2V,flow_west.3,flow_east.6,-94.54,117.54,2141.83,True
85.0,V2V,flow_west.3,flow_east.7,-88.13,111.13,1024.02,True
85.0,V2V,flow_west.3,flow_west.2,-78.64,101.64,343.40,True
85.0,V2V,flow_west.3,flow_west.4,-90.37,113.37,1325.07,True
85.0,V2V,flow_west.3,flow_west.5,-80.59,103.59,429.77,True
85.0,V2V,flow_west.3,flow_west.6,-84.21,107.21,651.90,True
85.0,V2V,flow_west.3,flow_west.7,-96.79,119.79,2775.50,True
85.0,V2V,flow_west.4,flow_east.1,-91.99,114.99,1596.20,True
85.0,V2V,flow_west.4,flow_east.6,-86.17,109.17,816.80,True
85.0,V2V,flow_west.4,flow_east.7,-77.51,100.51,301.29,True
85.0,V2V,flow_west.4,flow_west.2,-87.77,110.77,981.67,True
85.0,V2V,flow_west.4,flow_west.3,-90.37,113.37,1325.07,True
85.0,V2V,flow_west.4,flow_west.5,-86.97,109.97,895.30,True
85.0,V2V,flow_west.4,flow_west.6,-84.49,107.49,673.17,True
85.0,V2V,flow_west.4,flow_west.7,-91.16,114.16,1450.43,True
85.0,V2V,flow_west.5,flow_east.1,-95.86,118.86,2491.49,True
85.0,V2V,flow_west.5,flow_east.6,-92.60,115.60,1712.07,True
85.0,V2V,flow_west.5,flow_east.7,-83.41,106.41,594.30,True
85.0,V2V,flow_west.5,flow_west.2,-66.65,89.65,86.37,True
85.0,V2V,flow_west.5,flow_west.3,-80.59,103.59,429.77,True
85.0,V2V,flow_west.5,flow_west.4,-86.97,109.97,895.30,True
85.0,V2V,flow_west.5,flow_west.6,-74.86,97.86,222.13,True
85.0,V2V,flow_west.5,flow_west.7,-95.33,118.33,2345.73,True
85.0,V2V,flow_west.6,flow_east.1,-95.05,118.05,2269.36,True
85.0,V2V,flow_west.6,flow_east.6,-91.39,114.39,1489.94,True
85.0,V2V,flow_west.6,flow_east.7,-79.34,102.34,372.22,True
85.0,V2V,flow_west.6,flow_west.2,-77.71,100.71,308.50,True
85.0,V2V,flow_west.6,flow_west.3,-84.21,107.21,651.90,True
85.0,V2V,flow_west.6,flow_west.4,-84.49,107.49,673.17,True
85.0,V2V,flow_west.6,flow_west.5,-74.86,97.86,222.13,True
85.0,V2V,flow_west.6,flow_west.7,-94.47,117.47,2123.60,True
85.0,V2V,flow_west.7,flow_east.1,-71.22,94.22,146.12,True
85.0,V2V,flow_west.7,flow_east.6,-83.97,106.97,633.79,True
85.0,V2V,flow_west.7,flow_east.7,-92.80,115.80,1751.57,True
85.0,V2V,flow_west.7,flow_west.2,-95.65,118.65,2432.10,True
85.0,V2V,flow_west.7,flow_west.3,-96.79,119.79,2775.50,True
85.0,V2V,flow_west.7,flow_west.4,-91.16,114.16,1450.43,True
85.0,V2V,flow_west.7,flow_west.5,-95.33,118.33,2345.73,True
85.0,V2V,flow_west.7,flow_west.6,-94.47,117.47,2123.60,True
86.0,V2I,BS_1,flow_east.1,-84.41,114.41,1493.91,True
86.0,V2I,BS_1,flow_east.6,-79.14,109.14,814.38,True
86.0,V2I,BS_1,flow_east.7,-77.93,107.93,708.44,True
86.0,V2I,BS_1,flow_west.2,-83.62,113.62,1363.49,True
86.0,V2I,BS_1,flow_west.3,-85.48,115.48,1689.56,True
86.0,V2I,BS_1,flow_west.4,-76.22,106.22,581.34,True
86.0,V2I,BS_1,flow_west.5,-83.11,113.11,1285.10,True
86.0,V2I,BS_1,flow_west.6,-81.59,111.59,1079.11,True
86.0,V2I,BS_1,flow_west.7,-83.01,113.01,1270.30,True
86.0,V2V,flow_east.1,flow_east.6,-85.67,108.67,771.10,True
86.0,V2V,flow_east.1,flow_east.7,-93.46,116.46,1889.97,True
86.0,V2V,flow_east.1,flow_west.2,-96.46,119.46,2669.69,True
86.0,V2V,flow_east.1,flow_west.3,-97.51,120.51,3015.39,True
86.0,V2V,flow_east.1,flow_west.4,-92.50,115.50,1692.90,True
86.0,V2V,flow_east.1,flow_west.5,-96.18,119.18,2584.92,True
86.0,V2V,flow_east.1,flow_west.6,-95.37,118.37,2356.99,True
86.0,V2V,flow_east.1,flow_west.7,-75.41,98.41,236.71,True
86.0,V2V,flow_east.6,flow_east.1,-85.67,108.67,771.10,True
86.0,V2V,flow_east.6,flow_east.7,-88.90,111.90,1118.87,True
86.0,V2V,flow_east.6,flow_west.2,-93.50,116.50,1898.60,True
86.0,V2V,flow_east.6,flow_west.3,-94.95,117.95,2244.29,True
86.0,V2V,flow_east.6,flow_west.4,-87.22,110.22,921.83,True
86.0,V2V,flow_east.6,flow_west.5,-93.10,116.10,1813.83,True
86.0,V2V,flow_east.6,flow_west.6,-91.93,114.93,1585.90,True
86.0,V2V,flow_east.6,flow_west.7,-82.49,105.49,534.74,True
86.0,V2V,flow_east.7,flow_east.1,-93.46,116.46,1889.97,True
86.0,V2V,flow_east.7,flow_east.6,-88.90,111.90,1118.87,True
86.0,V2V,flow_east.7,flow_west.2,-85.77,108.77,779.77,True
86.0,V2V,flow_east.7,flow_west.3,-88.95,111.95,1125.45,True
86.0,V2V,flow_east.7,flow_west.4,-73.83,96.83,197.39,True
86.0,V2V,flow_east.7,flow_west.5,-84.77,107.77,695.02,True
86.0,V2V,flow_east.7,flow_west.6,-81.32,104.32,467.12,True
86.0,V2V,flow_east.7,flow_west.7,-92.30,115.30,1653.53,True
86.0,V2V,flow_west.2,flow_east.1,-96.46,119.46,2669.69,True
86.0,V2V,flow_west.2,flow_east.6,-93.50,116.50,1898.60,True
86.0,V2V,flow_west.2,flow_east.7,-85.77,108.77,779.77,True
86.0,V2V,flow_west.2,flow_west.3,-78.70,101.70,345.70,True
86.0,V2V,flow_west.2,flow_west.4,-87.72,110.72,976.80,True
86.0,V2V,flow_west.2,flow_west.5,-66.49,89.49,84.77,True
86.0,V2V,flow_west.2,flow_west.6,-77.83,100.83,312.70,True
86.0,V2V,flow_west.2,flow_west.7,-95.65,118.65,2433.20,True
86.0,V2V,flow_west.3,flow_east.1,-97.51,120.51,3015.39,True
86.0,V2V,flow_west.3,flow_east.6,-94.95,117.95,2244.29,True
86.0,V2V,flow_west.3,flow_east.7,-88.95,111.95,1125.45,True
86.0,V2V,flow_west.3,flow_west.2,-78.70,101.70,345.70,True
86.0,V2V,flow_west.3,flow_west.4,-90.36,113.36,1322.50,True
86.0,V2V,flow_west.3,flow_west.5,-80.61,103.61,430.47,True
86.0,V2V,flow_west.3,flow_west.6,-84.30,107.30,658.40,True
86.0,V2V,flow_west.3,flow_west.7,-96.80,119.80,2778.90,True
86.0,V2V,flow_west.4,flow_east.1,-92.50,115.50,1692.90,True
86.0,V2V,flow_west.4,flow_east.6,-87.22,110.22,921.83,True
86.0,V2V,flow_west.4,flow_east.7,-73.83,96.83,197.39,True
86.0,V2V,flow_west.4,flow_west.2,-87.72,110.72,976.80,True
86.0,V2V,flow_west.4,flow_west.3,-90.36,113.36,1322.50,True
86.0,V2V,flow_west.4,flow_west.5,-86.93,109.93,892.03,True
86.0,V2V,flow_west.4,flow_west.6,-84.37,107.37,664.10,True
86.0,V2V,flow_west.4,flow_west.7,-91.19,114.19,1456.40,True
86.0,V2V,flow_west.5,flow_east.1,-96.18,119.18,2584.92,True
86.0,V2V,flow_west.5,flow_east.6,-93.10,116.10,1813.83,True
86.0,V2V,flow_west.5,flow_east.7,-84.77,107.77,695.02,True
86.0,V2V,flow_west.5,flow_west.2,-66.49,89.49,84.77,True
86.0,V2V,flow_west.5,flow_west.3,-80.61,103.61,430.47,True
86.0,V2V,flow_west.5,flow_west.4,-86.93,109.93,892.03,True
86.0,V2V,flow_west.5,flow_west.6,-75.08,98.08,227.93,True
86.0,V2V,flow_west.5,flow_west.7,-95.34,118.34,2348.43,True
86.0,V2V,flow_west.6,flow_east.1,-95.37,118.37,2356.99,True
86.0,V2V,flow_west.6,flow_east.6,-91.93,114.93,1585.90,True
86.0,V2V,flow_west.6,flow_east.7,-81.32,104.32,467.12,True
86.0,V2V,flow_west.6,flow_west.2,-77.83,100.83,312.70,True
86.0,V2V,flow_west.6,flow_west.3,-84.30,107.30,658.40,True
86.0,V2V,flow_west.6,flow_west.4,-84.37,107.37,664.10,True
86.0,V2V,flow_west.6,flow_west.5,-75.08,98.08,227.93,True
86.0,V2V,flow_west.6,flow_west.7,-94.46,117.46,2120.50,True
86.0,V2V,flow_west.7,flow_east.1,-75.41,98.41,236.71,True
86.0,V2V,flow_west.7,flow_east.6,-82.49,105.49,534.74,True
86.0,V2V,flow_west.7,flow_east.7,-92.30,115.30,1653.53,True
86.0,V2V,flow_west.7,flow_west.2,-95.65,118.65,2433.20,True
86.0,V2V,flow_west.7,flow_west.3,-96.80,119.80,2778.90,True
86.0,V2V,flow_west.7,flow_west.4,-91.19,114.19,1456.40,True
86.0,V2V,flow_west.7,flow_west.5,-95.34,118.34,2348.43,True
86.0,V2V,flow_west.7,flow_west.6,-94.46,117.46,2120.50,True
87.0,V2I,BS_1,flow_east.1,-84.66,114.66,1537.28,True
87.0,V2I,BS_1,flow_east.6,-79.56,109.56,854.51,True
87.0,V2I,BS_1,flow_east.7,-77.52,107.52,675.66,True
87.0,V2I,BS_1,flow_west.2,-83.92,113.92,1411.10,True
87.0,V2I,BS_1,flow_west.4,-76.64,106.64,610.38,True
87.0,V2I,BS_1,flow_west.5,-83.40,113.40,1329.88,True
87.0,V2I,BS_1,flow_west.6,-81.92,111.92,1121.30,True
87.0,V2I,BS_1,flow_west.7,-82.67,112.67,1222.83,True
87.0,V2V,flow_east.1,flow_east.6,-85.61,108.61,766.23,True
87.0,V2V,flow_east.1,flow_east.7,-93.44,116.44,1887.07,True
87.0,V2V,flow_east.1,flow_west.2,-96.77,119.77,2766.89,True
87.0,V2V,flow_east.1,flow_west.4,-93.00,116.00,1793.50,True
87.0,V2V,flow_east.1,flow_west.5,-96.49,119.49,2679.55,True
87.0,V2V,flow_east.1,flow_west.6,-95.71,118.71,2450.56,True
87.0,V2V,flow_east.1,flow_west.7,-78.42,101.42,334.64,True
87.0,V2V,flow_east.6,flow_east.1,-85.61,108.61,766.23,True
87.0,V2V,flow_east.6,flow_east.7,-88.92,111.92,1120.83,True
87.0,V2V,flow_east.6,flow_west.2,-93.95,116.95,2000.66,True
87.0,V2V,flow_east.6,flow_west.4,-88.16,111.16,1027.29,True
87.0,V2V,flow_east.6,flow_west.5,-93.56,116.56,1913.33,True
87.0,V2V,flow_east.6,flow_west.6,-92.46,115.46,1684.33,True
87.0,V2V,flow_east.6,flow_west.7,-80.63,103.63,431.90,True
87.0,V2V,flow_east.7,flow_east.1,-93.44,116.44,1887.07,True
87.0,V2V,flow_east.7,flow_east.6,-88.92,111.92,1120.83,True
87.0,V2V,flow_east.7,flow_west.2,-86.82,109.82,879.86,True
87.0,V2V,flow_east.7,flow_west.4,-67.41,90.41,94.21,True
87.0,V2V,flow_east.7,flow_west.5,-85.91,108.91,792.54,True
87.0,V2V,flow_east.7,flow_west.6,-82.95,105.95,563.57,True
87.0,V2V,flow_east.7,flow_west.7,-91.75,114.75,1552.64,True
87.0,V2V,flow_west.2,flow_east.1,-96.77,119.77,2766.89,True
87.0,V2V,flow_west.2,flow_east.6,-93.95,116.95,2000.66,True
87.0,V2V,flow_west.2,flow_east.7,-86.82,109.82,879.86,True
87.0,V2V,flow_west.2,flow_west.4,-87.69,110.69,973.40,True
87.0,V2V,flow_west.2,flow_west.5,-66.75,89.75,87.33,True
87.0,V2V,flow_west.2,flow_west.6,-77.93,100.93,316.33,True
87.0,V2V,flow_west.2,flow_west.7,-95.65,118.65,2432.40,True
87.0,V2V,flow_west.4,flow_east.1,-93.00,116.00,1793.50,True
87.0,V2V,flow_west.4,flow_east.6,-88.16,111.16,1027.29,True
87.0,V2V,flow_west.4,flow_east.7,-67.41,90.41,94.21,True
87.0,V2V,flow_west.4,flow_west.2,-87.69,110.69,973.40,True
87.0,V2V,flow_west.4,flow_west.5,-86.88,109.88,886.07,True
87.0,V2V,flow_west.4,flow_west.6,-84.28,107.28,657.07,True
87.0,V2V,flow_west.4,flow_west.7,-91.21,114.21,1459.00,True
87.0,V2V,flow_west.5,flow_east.1,-96.49,119.49,2679.55,True
87.0,V2V,flow_west.5,flow_east.6,-93.56,116.56,1913.33,True
87.0,V2V,flow_west.5,flow_east.7,-85.91,108.91,792.54,True
87.0,V2V,flow_west.5,flow_west.2,-66.75,89.75,87.33,True
87.0,V2V,flow_west.5,flow_west.4,-86.88,109.88,886.07,True
87.0,V2V,flow_west.5,flow_west.6,-75.12,98.12,229.00,True
87.0,V2V,flow_west.5,flow_west.7,-95.33,118.33,2345.07,True
87.0,V2V,flow_west.6,flow_east.1,-95.71,118.71,2450.56,True
87.0,V2V,flow_west.6,flow_east.6,-92.46,115.46,1684.33,True
87.0,V2V,flow_west.6,flow_east.7,-82.95,105.95,563.57,True
87.0,V2V,flow_west.6,flow_west.2,-77.93,100.93,316.33,True
87.0,V2V,flow_west.6,flow_west.4,-84.28,107.28,657.07,True
87.0,V2V,flow_west.6,flow_west.5,-75.12,98.12,229.00,True
87.0,V2V,flow_west.6,flow_west.7,-94.44,117.44,2116.07,True
87.0,V2V,flow_west.7,flow_east.1,-78.42,101.42,334.64,True
87.0,V2V,flow_west.7,flow_east.6,-80.63,103.63,431.90,True
87.0,V2V,flow_west.7,flow_east.7,-91.75,114.75,1552.64,True
87.0,V2V,flow_west.7,flow_west.2,-95.65,118.65,2432.40,True
87.0,V2V,flow_west.7,flow_west.4,-91.21,114.21,1459.00,True
87.0,V2V,flow_west.7,flow_west.5,-95.33,118.33,2345.07,True
87.0,V2V,flow_west.7,flow_west.6,-94.44,117.44,2116.07,True
88.0,V2I,BS_1,flow_east.1,-84.89,114.89,1577.55,True
88.0,V2I,BS_1,flow_east.6,-79.97,109.97,896.05,True
88.0,V2I,BS_1,flow_east.7,-77.10,107.10,643.33,True
88.0,V2I,BS_1,flow_west.2,-84.20,114.20,1457.69,True
88.0,V2I,BS_1,flow_west.4,-77.09,107.09,642.88,True
88.0,V2I,BS_1,flow_west.5,-83.72,113.72,1378.52,True
88.0,V2I,BS_1,flow_west.6,-82.25,112.25,1163.85,True
88.0,V2I,BS_1,flow_west.7,-82.36,112.36,1179.23,True
88.0,V2V,flow_east.1,flow_east.6,-85.52,108.52,757.57,True
88.0,V2V,flow_east.1,flow_east.7,-93.40,116.40,1878.03,True
88.0,V2V,flow_east.1,flow_west.2,-97.05,120.05,2859.32,True
88.0,V2V,flow_east.1,flow_west.4,-93.46,116.46,1890.90,True
88.0,V2V,flow_east.1,flow_west.5,-96.79,119.79,2774.62,True
88.0,V2V,flow_east.1,flow_west.6,-96.03,119.03,2540.62,True
88.0,V2V,flow_east.1,flow_west.7,-80.50,103.50,425.30,True
88.0,V2V,flow_east.6,flow_east.1,-85.52,108.52,757.57,True
88.0,V2V,flow_east.6,flow_east.7,-88.92,111.92,1120.47,True
88.0,V2V,flow_east.6,flow_west.2,-94.38,117.38,2101.76,True
88.0,V2V,flow_east.6,flow_west.4,-89.01,112.01,1133.35,True
88.0,V2V,flow_east.6,flow_west.5,-94.02,117.02,2017.06,True
88.0,V2V,flow_east.6,flow_west.6,-92.95,115.95,1783.07,True
88.0,V2V,flow_east.6,flow_west.7,-78.37,101.37,332.57,True
88.0,V2V,flow_east.7,flow_east.1,-93.40,116.40,1878.03,True
88.0,V2V,flow_east.7,flow_east.6,-88.92,111.92,1120.47,True
88.0,V2V,flow_east.7,flow_west.2,-87.76,110.76,981.32,True
88.0,V2V,flow_east.7,flow_west.4,-52.38,75.38,16.69,True
88.0,V2V,flow_east.7,flow_west.5,-86.98,109.98,896.63,True
88.0,V2V,flow_east.7,flow_west.6,-84.35,107.35,662.65,True
88.0,V2V,flow_east.7,flow_west.7,-91.17,114.17,1452.91,True
88.0,V2V,flow_west.2,flow_east.1,-97.05,120.05,2859.32,True
88.0,V2V,flow_west.2,flow_east.6,-94.38,117.38,2101.76,True
88.0,V2V,flow_west.2,flow_east.7,-87.76,110.76,981.32,True
88.0,V2V,flow_west.2,flow_west.4,-87.65,110.65,968.43,True
88.0,V2V,flow_west.2,flow_west.5,-66.49,89.49,84.70,True
88.0,V2V,flow_west.2,flow_west.6,-77.99,100.99,318.70,True
88.0,V2V,flow_west.2,flow_west.7,-95.65,118.65,2434.13,True
88.0,V2V,flow_west.4,flow_east.1,-93.46,116.46,1890.90,True
88.0,V2V,flow_west.4,flow_east.6,-89.01,112.01,1133.35,True
88.0,V2V,flow_west.4,flow_east.7,-52.38,75.38,16.69,True
88.0,V2V,flow_west.4,flow_west.2,-87.65,110.65,968.43,True
88.0,V2V,flow_west.4,flow_west.5,-86.85,109.85,883.73,True
88.0,V2V,flow_west.4,flow_west.6,-84.18,107.18,649.73,True
88.0,V2V,flow_west.4,flow_west.7,-91.25,114.25,1465.70,True
88.0,V2V,flow_west.5,flow_east.1,-96.79,119.79,2774.62,True
88.0,V2V,flow_west.5,flow_east.6,-94.02,117.02,2017.06,True
88.0,V2V,flow_west.5,flow_east.7,-86.98,109.98,896.63,True
88.0,V2V,flow_west.5,flow_west.2,-66.49,89.49,84.70,True
88.0,V2V,flow_west.5,flow_west.4,-86.85,109.85,883.73,True
88.0,V2V,flow_west.5,flow_west.6,-75.31,98.31,234.00,True
88.0,V2V,flow_west.5,flow_west.7,-95.35,118.35,2349.43,True
88.0,V2V,flow_west.6,flow_east.1,-96.03,119.03,2540.62,True
88.0,V2V,flow_west.6,flow_east.6,-92.95,115.95,1783.07,True
88.0,V2V,flow_west.6,flow_east.7,-84.35,107.35,662.65,True
88.0,V2V,flow_west.6,flow_west.2,-77.99,100.99,318.70,True
88.0,V2V,flow_west.6,flow_west.4,-84.18,107.18,649.73,True
88.0,V2V,flow_west.6,flow_west.5,-75.31,98.31,234.00,True
88.0,V2V,flow_west.6,flow_west.7,-94.44,117.44,2115.43,True
88.0,V2V,flow_west.7,flow_east.1,-80.50,103.50,425.30,True
88.0,V2V,flow_west.7,flow_east.6,-78.37,101.37,332.57,True
88.0,V2V,flow_west.7,flow_east.7,-91.17,114.17,1452.91,True
88.0,V2V,flow_west.7,flow_west.2,-95.65,118.65,2434.13,True
88.0,V2V,flow_west.7,flow_west.4,-91.25,114.25,1465.70,True
88.0,V2V,flow_west.7,flow_west.5,-95.35,118.35,2349.43,True
88.0,V2V,flow_west.7,flow_west.6,-94.44,117.44,2115.43,True
89.0,V2I,BS_1,flow_east.1,-85.12,115.12,1621.07,True
89.0,V2I,BS_1,flow_east.6,-80.35,110.35,935.18,True
89.0,V2I,BS_1,flow_east.7,-76.71,106.71,615.57,True
89.0,V2I,BS_1,flow_west.2,-84.47,114.47,1502.80,True
89.0,V2I,BS_1,flow_west.4,-77.54,107.54,676.84,True
89.0,V2I,BS_1,flow_west.5,-84.01,114.01,1425.28,True
89.0,V2I,BS_1,flow_west.6,-82.57,112.57,1207.72,True
89.0,V2I,BS_1,flow_west.7,-82.02,112.02,1133.62,True
89.0,V2V,flow_east.1,flow_east.6,-85.50,108.50,756.23,True
89.0,V2V,flow_east.1,flow_east.7,-93.39,116.39,1875.80,True
89.0,V2V,flow_east.1,flow_west.2,-97.33,120.33,2953.25,True
89.0,V2V,flow_east.1,flow_west.4,-93.90,116.90,1989.50,True
89.0,V2V,flow_east.1,flow_west.5,-97.09,120.09,2870.69,True
89.0,V2V,flow_east.1,flow_west.6,-96.34,119.34,2635.05,True
89.0,V2V,flow_east.1,flow_west.7,-82.28,105.28,521.91,True
89.0,V2V,flow_east.6,flow_east.1,-85.50,108.50,756.23,True
89.0,V2V,flow_east.6,flow_east.7,-88.91,111.91,1119.57,True
89.0,V2V,flow_east.6,flow_west.2,-94.76,117.76,2197.03,True
89.0,V2V,flow_east.6,flow_west.4,-89.75,112.75,1233.28,True
89.0,V2V,flow_east.6,flow_west.5,-94.43,117.43,2114.46,True
89.0,V2V,flow_east.6,flow_west.6,-93.41,116.41,1878.83,True
89.0,V2V,flow_east.6,flow_west.7,-75.34,98.34,234.68,True
89.0,V2V,flow_east.7,flow_east.1,-93.39,116.39,1875.80,True
89.0,V2V,flow_east.7,flow_east.6,-88.91,111.91,1119.57,True
89.0,V2V,flow_east.7,flow_west.2,-88.58,111.58,1077.49,True
89.0,V2V,flow_east.7,flow_west.4,-69.08,92.08,114.17,True
89.0,V2V,flow_east.7,flow_west.5,-87.88,110.88,994.92,True
89.0,V2V,flow_east.7,flow_west.6,-85.54,108.54,759.31,True
89.0,V2V,flow_east.7,flow_west.7,-90.56,113.56,1354.04,True
89.0,V2V,flow_west.2,flow_east.1,-97.33,120.33,2953.25,True
89.0,V2V,flow_west.2,flow_east.6,-94.76,117.76,2197.03,True
89.0,V2V,flow_west.2,flow_east.7,-88.58,111.58,1077.49,True
89.0,V2V,flow_west.2,flow_west.4,-87.61,110.61,963.77,True
89.0,V2V,flow_west.2,flow_west.5,-66.26,89.26,82.57,True
89.0,V2V,flow_west.2,flow_west.6,-77.98,100.98,318.20,True
89.0,V2V,flow_west.2,flow_west.7,-95.64,118.64,2431.43,True
89.0,V2V,flow_west.4,flow_east.1,-93.90,116.90,1989.50,True
89.0,V2V,flow_west.4,flow_east.6,-89.75,112.75,1233.28,True
89.0,V2V,flow_west.4,flow_east.7,-69.08,92.08,114.17,True
89.0,V2V,flow_west.4,flow_west.2,-87.61,110.61,963.77,True
89.0,V2V,flow_west.4,flow_west.5,-86.83,109.83,881.20,True
89.0,V2V,flow_west.4,flow_west.6,-84.13,107.13,645.57,True
89.0,V2V,flow_west.4,flow_west.7,-91.26,114.26,1467.67,True
89.0,V2V,flow_west.5,flow_east.1,-97.09,120.09,2870.69,True
89.0,V2V,flow_west.5,flow_east.6,-94.43,117.43,2114.46,True
89.0,V2V,flow_west.5,flow_east.7,-87.88,110.88,994.92,True
89.0,V2V,flow_west.5,flow_west.2,-66.26,89.26,82.57,True
89.0,V2V,flow_west.5,flow_west.4,-86.83,109.83,881.20,True
89.0,V2V,flow_west.5,flow_west.6,-75.37,98.37,235.63,True
89.0,V2V,flow_west.5,flow_west.7,-95.34,118.34,2348.87,True
89.0,V2V,flow_west.6,flow_east.1,-96.34,119.34,2635.05,True
89.0,V2V,flow_west.6,flow_east.6,-93.41,116.41,1878.83,True
89.0,V2V,flow_west.6,flow_east.7,-85.54,108.54,759.31,True
89.0,V2V,flow_west.6,flow_west.2,-77.98,100.98,318.20,True
89.0,V2V,flow_west.6,flow_west.4,-84.13,107.13,645.57,True
89.0,V2V,flow_west.6,flow_west.5,-75.37,98.37,235.63,True
89.0,V2V,flow_west.6,flow_west.7,-94.43,117.43,2113.23,True
89.0,V2V,flow_west.7,flow_east.1,-82.28,105.28,521.91,True
89.0,V2V,flow_west.7,flow_east.6,-75.34,98.34,234.68,True
89.0,V2V,flow_west.7,flow_east.7,-90.56,113.56,1354.04,True
89.0,V2V,flow_west.7,flow_west.2,-95.64,118.64,2431.43,True
89.0,V2V,flow_west.7,flow_west.4,-91.26,114.26,1467.67,True
89.0,V2V,flow_west.7,flow_west.5,-95.34,118.34,2348.87,True
89.0,V2V,flow_west.7,flow_west.6,-94.43,117.43,2113.23,True
90.0,V2I,BS_1,flow_east.1,-85.34,115.34,1662.26,True
90.0,V2I,BS_1,flow_east.6,-80.72,110.72,976.11,True
90.0,V2I,BS_1,flow_east.7,-76.34,106.34,590.02,True
90.0,V2I,BS_1,flow_west.2,-84.74,114.74,1551.16,True
90.0,V2I,BS_1,flow_west.4,-78.00,108.00,713.81,True
90.0,V2I,BS_1,flow_west.5,-84.28,114.28,1470.96,True
90.0,V2I,BS_1,flow_west.6,-82.86,112.86,1249.83,True
90.0,V2I,BS_1,flow_west.7,-81.67,111.67,1088.67,True
90.0,V2V,flow_east.1,flow_east.6,-85.44,108.44,751.03,True
90.0,V2V,flow_east.1,flow_east.7,-93.36,116.36,1870.10,True
90.0,V2V,flow_east.1,flow_west.2,-97.61,120.61,3047.85,True
90.0,V2V,flow_east.1,flow_west.4,-94.32,117.32,2086.53,True
90.0,V2V,flow_east.1,flow_west.5,-97.36,120.36,2962.79,True
90.0,V2V,flow_east.1,flow_west.6,-96.63,119.63,2724.59,True
90.0,V2V,flow_east.1,flow_west.7,-83.71,106.71,615.69,True
90.0,V2V,flow_east.6,flow_east.1,-85.44,108.44,751.03,True
90.0,V2V,flow_east.6,flow_east.7,-88.90,111.90,1119.07,True
90.0,V2V,flow_east.6,flow_west.2,-95.15,118.15,2296.82,True
90.0,V2V,flow_east.6,flow_west.4,-90.44,113.44,1335.51,True
90.0,V2V,flow_east.6,flow_west.5,-94.82,117.82,2211.76,True
90.0,V2V,flow_east.6,flow_west.6,-93.83,116.83,1973.56,True
90.0,V2V,flow_east.6,flow_west.7,-70.59,93.59,135.85,True
90.0,V2V,flow_east.7,flow_east.1,-93.36,116.36,1870.10,True
90.0,V2V,flow_east.7,flow_east.6,-88.90,111.90,1119.07,True
90.0,V2V,flow_east.7,flow_west.2,-89.35,112.35,1177.78,True
90.0,V2V,flow_east.7,flow_west.4,-74.64,97.64,216.66,True
90.0,V2V,flow_east.7,flow_west.5,-88.70,111.70,1092.72,True
90.0,V2V,flow_east.7,flow_west.6,-86.56,109.56,854.53,True
90.0,V2V,flow_east.7,flow_west.7,-89.90,112.90,1254.55,True
90.0,V2V,flow_west.2,flow_east.1,-97.61,120.61,3047.85,True
90.0,V2V,flow_west.2,flow_east.6,-95.15,118.15,2296.82,True
90.0,V2V,flow_west.2,flow_east.7,-89.35,112.35,1177.78,True
90.0,V2V,flow_west.2,flow_west.4,-87.58,110.58,961.33,True
90.0,V2V,flow_west.2,flow_west.5,-66.52,89.52,85.07,True
90.0,V2V,flow_west.2,flow_west.6,-78.12,101.12,323.27,True
90.0,V2V,flow_west.2,flow_west.7,-95.65,118.65,2432.23,True
90.0,V2V,flow_west.4,flow_east.1,-94.32,117.32,2086.53,True
90.0,V2V,flow_west.4,flow_east.6,-90.44,113.44,1335.51,True
90.0,V2V,flow_west.4,flow_east.7,-74.64,97.64,216.66,True
90.0,V2V,flow_west.4,flow_west.2,-87.58,110.58,961.33,True
90.0,V2V,flow_west.4,flow_west.5,-86.78,109.78,876.27,True
90.0,V2V,flow_west.4,flow_west.6,-84.02,107.02,638.07,True
90.0,V2V,flow_west.4,flow_west.7,-91.28,114.28,1470.90,True
90.0,V2V,flow_west.5,flow_east.1,-97.36,120.36,2962.79,True
90.0,V2V,flow_west.5,flow_east.6,-94.82,117.82,2211.76,True
90.0,V2V,flow_west.5,flow_east.7,-88.70,111.70,1092.72,True
90.0,V2V,flow_west.5,flow_west.2,-66.52,89.52,85.07,True
90.0,V2V,flow_west.5,flow_west.4,-86.78,109.78,876.27,True
90.0,V2V,flow_west.5,flow_west.6,-75.47,98.47,238.20,True
90.0,V2V,flow_west.5,flow_west.7,-95.34,118.34,2347.17,True
90.0,V2V,flow_west.6,flow_east.1,-96.63,119.63,2724.59,True
90.0,V2V,flow_west.6,flow_east.6,-93.83,116.83,1973.56,True
90.0,V2V,flow_west.6,flow_east.7,-86.56,109.56,854.53,True
90.0,V2V,flow_west.6,flow_west.2,-78.12,101.12,323.27,True
90.0,V2V,flow_west.6,flow_west.4,-84.02,107.02,638.07,True
90.0,V2V,flow_west.6,flow_west.5,-75.47,98.47,238.20,True
90.0,V2V,flow_west.6,flow_west.7,-94.41,117.41,2108.97,True
90.0,V2V,flow_west.7,flow_east.1,-83.71,106.71,615.69,True
90.0,V2V,flow_west.7,flow_east.6,-70.59,93.59,135.85,True
90.0,V2V,flow_west.7,flow_east.7,-89.90,112.90,1254.55,True
90.0,V2V,flow_west.7,flow_west.2,-95.65,118.65,2432.23,True
90.0,V2V,flow_west.7,flow_west.4,-91.28,114.28,1470.90,True
90.0,V2V,flow_west.7,flow_west.5,-95.34,118.34,2347.17,True
90.0,V2V,flow_west.7,flow_west.6,-94.41,117.41,2108.97,True
91.0,V2I,BS_1,flow_east.1,-85.56,115.56,1704.06,True
91.0,V2I,BS_1,flow_east.6,-81.09,111.09,1019.47,True
91.0,V2I,BS_1,flow_east.7,-76.01,106.01,567.64,True
91.0,V2I,BS_1,flow_west.2,-85.01,115.01,1600.37,True
91.0,V2I,BS_1,flow_west.4,-78.45,108.45,751.87,True
91.0,V2I,BS_1,flow_west.5,-84.55,114.55,1518.26,True
91.0,V2I,BS_1,flow_west.6,-83.16,113.16,1292.77,True
91.0,V2I,BS_1,flow_west.7,-81.30,111.30,1043.72,True
91.0,V2V,flow_east.1,flow_east.6,-85.36,108.36,744.33,True
91.0,V2V,flow_east.1,flow_east.7,-93.34,116.34,1865.10,True
91.0,V2V,flow_east.1,flow_west.2,-97.88,120.88,3143.68,True
91.0,V2V,flow_east.1,flow_west.4,-94.71,117.71,2182.86,True
91.0,V2V,flow_east.1,flow_west.5,-97.63,120.63,3056.92,True
91.0,V2V,flow_east.1,flow_west.6,-96.92,119.92,2815.25,True
91.0,V2V,flow_east.1,flow_west.7,-84.96,107.96,710.58,True
91.0,V2V,flow_east.6,flow_east.1,-85.36,108.36,744.33,True
91.0,V2V,flow_east.6,flow_east.7,-88.92,111.92,1120.77,True
91.0,V2V,flow_east.6,flow_west.2,-95.53,118.53,2399.36,True
91.0,V2V,flow_east.6,flow_west.4,-91.09,114.09,1438.54,True
91.0,V2V,flow_east.6,flow_west.5,-95.21,118.21,2312.59,True
91.0,V2V,flow_east.6,flow_west.6,-94.25,117.25,2070.93,True
91.0,V2V,flow_east.6,flow_west.7,-58.93,81.93,35.47,True
91.0,V2V,flow_east.7,flow_east.1,-93.34,116.34,1865.10,True
91.0,V2V,flow_east.7,flow_east.6,-88.92,111.92,1120.77,True
91.0,V2V,flow_east.7,flow_west.2,-90.06,113.06,1278.61,True
91.0,V2V,flow_east.7,flow_west.4,-77.97,100.97,317.91,True
91.0,V2V,flow_east.7,flow_west.5,-89.45,112.45,1191.85,True
91.0,V2V,flow_east.7,flow_west.6,-87.48,110.48,950.19,True
91.0,V2V,flow_east.7,flow_west.7,-89.18,112.18,1154.65,True
91.0,V2V,flow_west.2,flow_east.1,-97.88,120.88,3143.68,True
91.0,V2V,flow_west.2,flow_east.6,-95.53,118.53,2399.36,True
91.0,V2V,flow_west.2,flow_east.7,-90.06,113.06,1278.61,True
91.0,V2V,flow_west.2,flow_west.4,-87.58,110.58,960.83,True
91.0,V2V,flow_west.2,flow_west.5,-66.69,89.69,86.77,True
91.0,V2V,flow_west.2,flow_west.6,-78.26,101.26,328.43,True
91.0,V2V,flow_west.2,flow_west.7,-95.65,118.65,2433.17,True
91.0,V2V,flow_west.4,flow_east.1,-94.71,117.71,2182.86,True
91.0,V2V,flow_west.4,flow_east.6,-91.09,114.09,1438.54,True
91.0,V2V,flow_west.4,flow_east.7,-77.97,100.97,317.91,True
91.0,V2V,flow_west.4,flow_west.2,-87.58,110.58,960.83,True
91.0,V2V,flow_west.4,flow_west.5,-86.76,109.76,874.07,True
91.0,V2V,flow_west.4,flow_west.6,-83.95,106.95,632.40,True
91.0,V2V,flow_west.4,flow_west.7,-91.29,114.29,1472.33,True
91.0,V2V,flow_west.5,flow_east.1,-97.63,120.63,3056.92,True
91.0,V2V,flow_west.5,flow_east.6,-95.21,118.21,2312.59,True
91.0,V2V,flow_west.5,flow_east.7,-89.45,112.45,1191.85,True
91.0,V2V,flow_west.5,flow_west.2,-66.69,89.69,86.77,True
91.0,V2V,flow_west.5,flow_west.4,-86.76,109.76,874.07,True
91.0,V2V,flow_west.5,flow_west.6,-75.59,98.59,241.67,True
91.0,V2V,flow_west.5,flow_west.7,-95.34,118.34,2346.40,True
91.0,V2V,flow_west.6,flow_east.1,-96.92,119.92,2815.25,True
91.0,V2V,flow_west.6,flow_east.6,-94.25,117.25,2070.93,True
91.0,V2V,flow_west.6,flow_east.7,-87.48,110.48,950.19,True
91.0,V2V,flow_west.6,flow_west.2,-78.26,101.26,328.43,True
91.0,V2V,flow_west.6,flow_west.4,-83.95,106.95,632.40,True
91.0,V2V,flow_west.6,flow_west.5,-75.59,98.59,241.67,True
91.0,V2V,flow_west.6,flow_west.7,-94.39,117.39,2104.73,True
91.0,V2V,flow_west.7,flow_east.1,-84.96,107.96,710.58,True
91.0,V2V,flow_west.7,flow_east.6,-58.93,81.93,35.47,True
91.0,V2V,flow_west.7,flow_east.7,-89.18,112.18,1154.65,True
91.0,V2V,flow_west.7,flow_west.2,-95.65,118.65,2433.17,True
91.0,V2V,flow_west.7,flow_west.4,-91.29,114.29,1472.33,True
91.0,V2V,flow_west.7,flow_west.5,-95.34,118.34,2346.40,True
91.0,V2V,flow_west.7,flow_west.6,-94.39,117.39,2104.73,True
92.0,V2I,BS_1,flow_east.6,-81.46,111.46,1062.65,True
92.0,V2I,BS_1,flow_east.7,-75.71,105.71,548.18,True
92.0,V2I,BS_1,flow_west.2,-85.27,115.27,1648.35,True
92.0,V2I,BS_1,flow_west.4,-78.91,108.91,792.45,True
92.0,V2I,BS_1,flow_west.5,-84.83,114.83,1568.04,True
92.0,V2I,BS_1,flow_west.6,-83.44,113.44,1335.25,True
92.0,V2I,BS_1,flow_west.7,-80.94,110.94,1001.89,True
92.0,V2V,flow_east.6,flow_east.7,-88.91,111.91,1120.00,True
92.0,V2V,flow_east.6,flow_west.2,-95.88,118.88,2499.49,True
92.0,V2V,flow_east.6,flow_west.4,-91.69,114.69,1541.77,True
92.0,V2V,flow_east.6,flow_west.5,-95.59,118.59,2414.92,True
92.0,V2V,flow_east.6,flow_west.6,-94.64,117.64,2166.59,True
92.0,V2V,flow_east.6,flow_west.7,-64.16,87.16,64.78,True
92.0,V2V,flow_east.7,flow_east.6,-88.91,111.91,1120.00,True
92.0,V2V,flow_east.7,flow_west.2,-90.72,113.72,1379.51,True
92.0,V2V,flow_east.7,flow_west.4,-80.43,103.43,421.87,True
92.0,V2V,flow_east.7,flow_west.5,-90.17,113.17,1294.94,True
92.0,V2V,flow_east.7,flow_west.6,-88.32,111.32,1046.62,True
92.0,V2V,flow_east.7,flow_west.7,-88.40,111.40,1056.15,True
92.0,V2V,flow_west.2,flow_east.6,-95.88,118.88,2499.49,True
92.0,V2V,flow_west.2,flow_east.7,-90.72,113.72,1379.51,True
92.0,V2V,flow_west.2,flow_west.4,-87.55,110.55,957.73,True
92.0,V2V,flow_west.2,flow_west.5,-66.47,89.47,84.57,True
92.0,V2V,flow_west.2,flow_west.6,-78.37,101.37,332.90,True
92.0,V2V,flow_west.2,flow_west.7,-95.66,118.66,2435.57,True
92.0,V2V,flow_west.4,flow_east.6,-91.69,114.69,1541.77,True
92.0,V2V,flow_west.4,flow_east.7,-80.43,103.43,421.87,True
92.0,V2V,flow_west.4,flow_west.2,-87.55,110.55,957.73,True
92.0,V2V,flow_west.4,flow_west.5,-86.75,109.75,873.17,True
92.0,V2V,flow_west.4,flow_west.6,-83.84,106.84,624.83,True
92.0,V2V,flow_west.4,flow_west.7,-91.32,114.32,1477.83,True
92.0,V2V,flow_west.5,flow_east.6,-95.59,118.59,2414.92,True
92.0,V2V,flow_west.5,flow_east.7,-90.17,113.17,1294.94,True
92.0,V2V,flow_west.5,flow_west.2,-66.47,89.47,84.57,True
92.0,V2V,flow_west.5,flow_west.4,-86.75,109.75,873.17,True
92.0,V2V,flow_west.5,flow_west.6,-75.83,98.83,248.33,True
92.0,V2V,flow_west.5,flow_west.7,-95.35,118.35,2351.00,True
92.0,V2V,flow_west.6,flow_east.6,-94.64,117.64,2166.59,True
92.0,V2V,flow_west.6,flow_east.7,-88.32,111.32,1046.62,True
92.0,V2V,flow_west.6,flow_west.2,-78.37,101.37,332.90,True
92.0,V2V,flow_west.6,flow_west.4,-83.84,106.84,624.83,True
92.0,V2V,flow_west.6,flow_west.5,-75.83,98.83,248.33,True
92.0,V2V,flow_west.6,flow_west.7,-94.38,117.38,2102.67,True
92.0,V2V,flow_west.7,flow_east.6,-64.16,87.16,64.78,True
92.0,V2V,flow_west.7,flow_east.7,-88.40,111.40,1056.15,True
92.0,V2V,flow_west.7,flow_west.2,-95.66,118.66,2435.57,True
92.0,V2V,flow_west.7,flow_west.4,-91.32,114.32,1477.83,True
92.0,V2V,flow_west.7,flow_west.5,-95.35,118.35,2351.00,True
92.0,V2V,flow_west.7,flow_west.6,-94.38,117.38,2102.67,True
93.0,V2I,BS_1,flow_east.6,-81.80,111.80,1106.02,True
93.0,V2I,BS_1,flow_east.7,-75.46,105.46,532.90,True
93.0,V2I,BS_1,flow_west.2,-85.51,115.51,1695.58,True
93.0,V2I,BS_1,flow_west.4,-79.36,109.36,834.79,True
93.0,V2I,BS_1,flow_west.5,-85.11,115.11,1618.48,True
93.0,V2I,BS_1,flow_west.6,-83.72,113.72,1378.71,True
93.0,V2I,BS_1,flow_west.7,-80.55,110.55,957.58,True
93.0,V2V,flow_east.6,flow_east.7,-88.91,111.91,1119.20,True
93.0,V2V,flow_east.6,flow_west.2,-96.22,119.22,2598.29,True
93.0,V2V,flow_east.6,flow_west.4,-92.25,115.25,1644.97,True
93.0,V2V,flow_east.6,flow_west.5,-95.95,118.95,2517.36,True
93.0,V2V,flow_east.6,flow_west.6,-95.02,118.02,2262.66,True
93.0,V2V,flow_east.6,flow_west.7,-72.29,95.29,165.18,True
93.0,V2V,flow_east.7,flow_east.6,-88.91,111.91,1119.20,True
93.0,V2V,flow_east.7,flow_west.2,-91.33,114.33,1479.11,True
93.0,V2V,flow_east.7,flow_west.4,-82.34,105.34,525.84,True
93.0,V2V,flow_east.7,flow_west.5,-90.84,113.84,1398.17,True
93.0,V2V,flow_east.7,flow_west.6,-89.09,112.09,1143.48,True
93.0,V2V,flow_east.7,flow_west.7,-87.52,110.52,954.43,True
93.0,V2V,flow_west.2,flow_east.6,-96.22,119.22,2598.29,True
93.0,V2V,flow_west.2,flow_east.7,-91.33,114.33,1479.11,True
93.0,V2V,flow_west.2,flow_west.4,-87.51,110.51,953.33,True
93.0,V2V,flow_west.2,flow_west.5,-66.09,89.09,80.93,True
93.0,V2V,flow_west.2,flow_west.6,-78.44,101.44,335.63,True
93.0,V2V,flow_west.2,flow_west.7,-95.65,118.65,2433.43,True
93.0,V2V,flow_west.4,flow_east.6,-92.25,115.25,1644.97,True
93.0,V2V,flow_west.4,flow_east.7,-82.34,105.34,525.84,True
93.0,V2V,flow_west.4,flow_west.2,-87.51,110.51,953.33,True
93.0,V2V,flow_west.4,flow_west.5,-86.74,109.74,872.40,True
93.0,V2V,flow_west.4,flow_west.6,-83.74,106.74,617.70,True
93.0,V2V,flow_west.4,flow_west.7,-91.33,114.33,1480.10,True
93.0,V2V,flow_west.5,flow_east.6,-95.95,118.95,2517.36,True
93.0,V2V,flow_west.5,flow_east.7,-90.84,113.84,1398.17,True
93.0,V2V,flow_west.5,flow_west.2,-66.09,89.09,80.93,True
93.0,V2V,flow_west.5,flow_west.4,-86.74,109.74,872.40,True
93.0,V2V,flow_west.5,flow_west.6,-76.05,99.05,254.70,True
93.0,V2V,flow_west.5,flow_west.7,-95.36,118.36,2352.50,True
93.0,V2V,flow_west.6,flow_east.6,-95.02,118.02,2262.66,True
93.0,V2V,flow_west.6,flow_east.7,-89.09,112.09,1143.48,True
93.0,V2V,flow_west.6,flow_west.2,-78.44,101.44,335.63,True
93.0,V2V,flow_west.6,flow_west.4,-83.74,106.74,617.70,True
93.0,V2V,flow_west.6,flow_west.5,-76.05,99.05,254.70,True
93.0,V2V,flow_west.6,flow_west.7,-94.36,117.36,2097.80,True
93.0,V2V,flow_west.7,flow_east.6,-72.29,95.29,165.18,True
93.0,V2V,flow_west.7,flow_east.7,-87.52,110.52,954.43,True
93.0,V2V,flow_west.7,flow_west.2,-95.65,118.65,2433.43,True
93.0,V2V,flow_west.7,flow_west.4,-91.33,114.33,1480.10,True
93.0,V2V,flow_west.7,flow_west.5,-95.36,118.36,2352.50,True
93.0,V2V,flow_west.7,flow_west.6,-94.36,117.36,2097.80,True
94.0,V2I,BS_1,flow_east.6,-82.14,112.14,1149.75,True
94.0,V2I,BS_1,flow_east.7,-75.28,105.28,521.72,True
94.0,V2I,BS_1,flow_west.4,-79.79,109.79,877.17,True
94.0,V2I,BS_1,flow_west.5,-85.36,115.36,1666.10,True
94.0,V2I,BS_1,flow_west.6,-83.99,113.99,1422.97,True
94.0,V2I,BS_1,flow_west.7,-80.15,110.15,914.44,True
94.0,V2V,flow_east.6,flow_east.7,-88.89,111.89,1116.70,True
94.0,V2V,flow_east.6,flow_west.4,-92.77,115.77,1746.53,True
94.0,V2V,flow_east.6,flow_west.5,-96.28,119.28,2616.52,True
94.0,V2V,flow_east.6,flow_west.6,-95.38,118.38,2359.22,True
94.0,V2V,flow_east.6,flow_west.7,-76.40,99.40,265.38,True
94.0,V2V,flow_east.7,flow_east.6,-88.89,111.89,1116.70,True
94.0,V2V,flow_east.7,flow_west.4,-83.91,106.91,629.89,True
94.0,V2V,flow_east.7,flow_west.5,-91.45,114.45,1499.84,True
94.0,V2V,flow_east.7,flow_west.6,-89.81,112.81,1242.55,True
94.0,V2V,flow_east.7,flow_west.7,-86.53,109.53,851.60,True
94.0,V2V,flow_west.4,flow_east.6,-92.77,115.77,1746.53,True
94.0,V2V,flow_west.4,flow_east.7,-83.91,106.91,629.89,True
94.0,V2V,flow_west.4,flow_west.5,-86.72,109.72,870.00,True
94.0,V2V,flow_west.4,flow_west.6,-83.67,106.67,612.70,True
94.0,V2V,flow_west.4,flow_west.7,-91.34,114.34,1481.33,True
94.0,V2V,flow_west.5,flow_east.6,-96.28,119.28,2616.52,True
94.0,V2V,flow_west.5,flow_east.7,-91.45,114.45,1499.84,True
94.0,V2V,flow_west.5,flow_west.4,-86.72,109.72,870.00,True
94.0,V2V,flow_west.5,flow_west.6,-76.14,99.14,257.30,True
94.0,V2V,flow_west.5,flow_west.7,-95.35,118.35,2351.33,True
94.0,V2V,flow_west.6,flow_east.6,-95.38,118.38,2359.22,True
94.0,V2V,flow_west.6,flow_east.7,-89.81,112.81,1242.55,True
94.0,V2V,flow_west.6,flow_west.4,-83.67,106.67,612.70,True
94.0,V2V,flow_west.6,flow_west.5,-76.14,99.14,257.30,True
94.0,V2V,flow_west.6,flow_west.7,-94.35,117.35,2094.03,True
94.0,V2V,flow_west.7,flow_east.6,-76.40,99.40,265.38,True
94.0,V2V,flow_west.7,flow_east.7,-86.53,109.53,851.60,True
94.0,V2V,flow_west.7,flow_west.4,-91.34,114.34,1481.33,True
94.0,V2V,flow_west.7,flow_west.5,-95.35,118.35,2351.33,True
94.0,V2V,flow_west.7,flow_west.6,-94.35,117.35,2094.03,True
95.0,V2I,BS_1,flow_east.6,-82.47,112.47,1194.38,True
95.0,V2I,BS_1,flow_east.7,-90.17,120.17,515.62,False
95.0,V2I,BS_1,flow_west.4,-80.21,110.21,920.31,True
95.0,V2I,BS_1,flow_west.5,-85.62,115.62,1715.74,True
95.0,V2I,BS_1,flow_west.6,-84.24,114.24,1464.77,True
95.0,V2I,BS_1,flow_west.7,-79.75,109.75,873.49,True
95.0,V2V,flow_east.6,flow_east.7,-88.88,111.88,1116.47,True
95.0,V2V,flow_east.6,flow_west.4,-93.26,116.26,1848.30,True
95.0,V2V,flow_east.6,flow_west.5,-96.61,119.61,2718.19,True
95.0,V2V,flow_east.6,flow_west.6,-95.72,118.72,2453.49,True
95.0,V2V,flow_east.6,flow_west.7,-79.16,102.16,364.56,True
95.0,V2V,flow_east.7,flow_east.6,-88.88,111.88,1116.47,True
95.0,V2V,flow_east.7,flow_west.4,-85.22,108.22,731.88,True
95.0,V2V,flow_east.7,flow_west.5,-92.02,115.02,1601.74,True
95.0,V2V,flow_east.7,flow_west.6,-90.45,113.45,1337.04,True
95.0,V2V,flow_east.7,flow_west.7,-85.45,108.45,752.14,True
95.0,V2V,flow_west.4,flow_east.6,-93.26,116.26,1848.30,True
95.0,V2V,flow_west.4,flow_east.7,-85.22,108.22,731.88,True
95.0,V2V,flow_west.4,flow_west.5,-86.72,109.72,869.90,True
95.0,V2V,flow_west.4,flow_west.6,-83.57,106.57,605.20,True
95.0,V2V,flow_west.4,flow_west.7,-91.36,114.36,1483.87,True
95.0,V2V,flow_west.5,flow_east.6,-96.61,119.61,2718.19,True
95.0,V2V,flow_west.5,flow_east.7,-92.02,115.02,1601.74,True
95.0,V2V,flow_west.5,flow_west.4,-86.72,109.72,869.90,True
95.0,V2V,flow_west.5,flow_west.6,-76.38,99.38,264.70,True
95.0,V2V,flow_west.5,flow_west.7,-95.36,118.36,2353.77,True
95.0,V2V,flow_west.6,flow_east.6,-95.72,118.72,2453.49,True
95.0,V2V,flow_west.6,flow_east.7,-90.45,113.45,1337.04,True
95.0,V2V,flow_west.6,flow_west.4,-83.57,106.57,605.20,True
95.0,V2V,flow_west.6,flow_west.5,-76.38,99.38,264.70,True
95.0,V2V,flow_west.6,flow_west.7,-94.33,117.33,2089.07,True
95.0,V2V,flow_west.7,flow_east.6,-79.16,102.16,364.56,True
95.0,V2V,flow_west.7,flow_east.7,-85.45,108.45,752.14,True
95.0,V2V,flow_west.7,flow_west.4,-91.36,114.36,1483.87,True
95.0,V2V,flow_west.7,flow_west.5,-95.36,118.36,2353.77,True
95.0,V2V,flow_west.7,flow_west.6,-94.33,117.33,2089.07,True
96.0,V2I,BS_1,flow_east.6,-82.78,112.78,1237.15,True
96.0,V2I,BS_1,flow_east.7,-90.15,120.15,514.36,False
96.0,V2I,BS_1,flow_west.4,-80.62,110.62,965.36,True
96.0,V2I,BS_1,flow_west.6,-84.51,114.51,1510.49,True
96.0,V2I,BS_1,flow_west.7,-79.33,109.33,832.37,True
96.0,V2V,flow_east.6,flow_east.7,-88.85,111.85,1111.70,True
96.0,V2V,flow_east.6,flow_west.4,-93.72,116.72,1948.80,True
96.0,V2V,flow_east.6,flow_west.6,-96.06,119.06,2549.29,True
96.0,V2V,flow_east.6,flow_west.7,-81.23,104.23,462.69,True
96.0,V2V,flow_east.7,flow_east.6,-88.85,111.85,1111.70,True
96.0,V2V,flow_east.7,flow_west.4,-86.38,109.38,837.13,True
96.0,V2V,flow_east.7,flow_west.6,-91.08,114.08,1437.61,True
96.0,V2V,flow_east.7,flow_west.7,-84.18,107.18,649.22,True
96.0,V2V,flow_west.4,flow_east.6,-93.72,116.72,1948.80,True
96.0,V2V,flow_west.4,flow_east.7,-86.38,109.38,837.13,True
96.0,V2V,flow_west.4,flow_west.6,-83.50,106.50,600.50,True
96.0,V2V,flow_west.4,flow_west.7,-91.37,114.37,1486.20,True
96.0,V2V,flow_west.6,flow_east.6,-96.06,119.06,2549.29,True
96.0,V2V,flow_west.6,flow_east.7,-91.08,114.08,1437.61,True
96.0,V2V,flow_west.6,flow_west.4,-83.50,106.50,600.50,True
96.0,V2V,flow_west.6,flow_west.7,-94.32,117.32,2086.70,True
96.0,V2V,flow_west.7,flow_east.6,-81.23,104.23,462.69,True
96.0,V2V,flow_west.7,flow_east.7,-84.18,107.18,649.22,True
96.0,V2V,flow_west.7,flow_west.4,-91.37,114.37,1486.20,True
96.0,V2V,flow_west.7,flow_west.6,-94.32,117.32,2086.70,True
97.0,V2I,BS_1,flow_east.6,-83.09,113.09,1283.13,True
97.0,V2I,BS_1,flow_east.7,-75.22,105.22,518.32,True
97.0,V2I,BS_1,flow_west.4,-81.03,111.03,1011.68,True
97.0,V2I,BS_1,flow_west.6,-84.75,114.75,1552.61,True
97.0,V2I,BS_1,flow_west.7,-78.93,108.93,794.18,True
97.0,V2V,flow_east.6,flow_east.7,-88.84,111.84,1110.27,True
97.0,V2V,flow_east.6,flow_west.4,-94.18,117.18,2052.99,True
97.0,V2V,flow_east.6,flow_west.6,-96.37,119.37,2644.25,True
97.0,V2V,flow_east.6,flow_west.7,-82.92,105.92,561.70,True
97.0,V2V,flow_east.7,flow_east.6,-88.84,111.84,1110.27,True
97.0,V2V,flow_east.7,flow_west.4,-87.42,110.42,942.76,True
97.0,V2V,flow_east.7,flow_west.6,-91.64,114.64,1534.00,True
97.0,V2V,flow_east.7,flow_west.7,-82.72,105.72,548.77,True
97.0,V2V,flow_west.4,flow_east.6,-94.18,117.18,2052.99,True
97.0,V2V,flow_west.4,flow_east.7,-87.42,110.42,942.76,True
97.0,V2V,flow_west.4,flow_west.6,-83.36,106.36,591.27,True
97.0,V2V,flow_west.4,flow_west.7,-91.40,114.40,1491.37,True
97.0,V2V,flow_west.6,flow_east.6,-96.37,119.37,2644.25,True
97.0,V2V,flow_west.6,flow_east.7,-91.64,114.64,1534.00,True
97.0,V2V,flow_west.6,flow_west.4,-83.36,106.36,591.27,True
97.0,V2V,flow_west.6,flow_west.7,-94.30,117.30,2082.63,True
97.0,V2V,flow_west.7,flow_east.6,-82.92,105.92,561.70,True
97.0,V2V,flow_west.7,flow_east.7,-82.72,105.72,548.77,True
97.0,V2V,flow_west.7,flow_west.4,-91.40,114.40,1491.37,True
97.0,V2V,flow_west.7,flow_west.6,-94.30,117.30,2082.63,True
98.0,V2I,BS_1,flow_east.6,-83.38,113.38,1326.79,True
98.0,V2I,BS_1,flow_east.7,-75.36,105.36,526.58,True
98.0,V2I,BS_1,flow_west.4,-81.41,111.41,1057.41,True
98.0,V2I,BS_1,flow_west.6,-84.98,114.98,1595.12,True
98.0,V2I,BS_1,flow_west.7,-78.51,108.51,756.73,True
98.0,V2V,flow_east.6,flow_east.7,-88.83,111.83,1109.50,True
98.0,V2V,flow_east.6,flow_west.4,-94.59,117.59,2152.86,True
98.0,V2V,flow_east.6,flow_west.6,-96.67,119.67,2736.62,True
98.0,V2V,flow_east.6,flow_west.7,-84.30,107.30,658.45,True
98.0,V2V,flow_east.7,flow_east.6,-88.83,111.83,1109.50,True
98.0,V2V,flow_east.7,flow_west.4,-88.30,111.30,1043.39,True
98.0,V2V,flow_east.7,flow_west.6,-92.16,115.16,1627.13,True
98.0,V2V,flow_east.7,flow_west.7,-81.02,104.02,451.26,True
98.0,V2V,flow_west.4,flow_east.6,-94.59,117.59,2152.86,True
98.0,V2V,flow_west.4,flow_east.7,-88.30,111.30,1043.39,True
98.0,V2V,flow_west.4,flow_west.6,-83.25,106.25,583.77,True
98.0,V2V,flow_west.4,flow_west.7,-91.42,114.42,1494.47,True
98.0,V2V,flow_west.6,flow_east.6,-96.67,119.67,2736.62,True
98.0,V2V,flow_west.6,flow_east.7,-92.16,115.16,1627.13,True
98.0,V2V,flow_west.6,flow_west.4,-83.25,106.25,583.77,True
98.0,V2V,flow_west.6,flow_west.7,-94.28,117.28,2078.23,True
98.0,V2V,flow_west.7,flow_east.6,-84.30,107.30,658.45,True
98.0,V2V,flow_west.7,flow_east.7,-81.02,104.02,451.26,True
98.0,V2V,flow_west.7,flow_west.4,-91.42,114.42,1494.47,True
98.0,V2V,flow_west.7,flow_west.6,-94.28,117.28,2078.23,True
99.0,V2I,BS_1,flow_east.6,-83.69,113.69,1373.88,True
99.0,V2I,BS_1,flow_east.7,-75.57,105.57,539.47,True
99.0,V2I,BS_1,flow_west.4,-81.78,111.78,1102.94,True
99.0,V2I,BS_1,flow_west.6,-85.21,115.21,1637.75,True
99.0,V2I,BS_1,flow_west.7,-78.07,108.07,719.45,True
99.0,V2V,flow_east.6,flow_east.7,-88.84,111.84,1110.80,True
99.0,V2V,flow_east.6,flow_west.4,-94.99,117.99,2255.26,True
99.0,V2V,flow_east.6,flow_west.6,-96.97,119.97,2832.42,True
99.0,V2V,flow_east.6,flow_west.7,-85.55,108.55,760.41,True
99.0,V2V,flow_east.7,flow_east.6,-88.84,111.84,1110.80,True
99.0,V2V,flow_east.7,flow_west.4,-89.10,112.10,1144.48,True
99.0,V2V,flow_east.7,flow_west.6,-92.65,115.65,1721.63,True
99.0,V2V,flow_east.7,flow_west.7,-78.82,101.82,350.63,True
99.0,V2V,flow_west.4,flow_east.6,-94.99,117.99,2255.26,True
99.0,V2V,flow_west.4,flow_east.7,-89.10,112.10,1144.48,True
99.0,V2V,flow_west.4,flow_west.6,-83.15,106.15,577.17,True
99.0,V2V,flow_west.4,flow_west.7,-91.42,114.42,1494.90,True
99.0,V2V,flow_west.6,flow_east.6,-96.97,119.97,2832.42,True
99.0,V2V,flow_west.6,flow_east.7,-92.65,115.65,1721.63,True
99.0,V2V,flow_west.6,flow_west.4,-83.15,106.15,577.17,True
99.0,V2V,flow_west.6,flow_west.7,-94.26,117.26,2072.07,True
99.0,V2V,flow_west.7,flow_east.6,-85.55,108.55,760.41,True
99.0,V2V,flow_west.7,flow_east.7,-78.82,101.82,350.63,True
99.0,V2V,flow_west.7,flow_west.4,-91.42,114.42,1494.90,True
99.0,V2V,flow_west.7,flow_west.6,-94.26,117.26,2072.07,True
