timestamp,tx_id,rx_id,link_type,throughput_mbps,is_active
0.0,BS_1,vehicle_0,V2I,317.4747760328183,True
1.0,BS_1,vehicle_0,V2I,325.4777460451084,True
2.0,BS_1,vehicle_0,V2I,333.8323362313231,True
3.0,BS_1,vehicle_0,V2I,343.1442792274149,True
4.0,BS_1,vehicle_0,V2I,352.51805362976535,True
5.0,BS_1,vehicle_0,V2I,361.9501428162096,False
5.0,BS_1,vehicle_1,V2I,344.3504000172214,False
5.0,BS_1,vehicle_2,V2I,408.3095296348424,True
5.0,vehicle_0,vehicle_1,V2V,868.279263458878,True
5.0,vehicle_0,vehicle_2,V2V,621.7318730140526,False
5.0,vehicle_1,vehicle_0,V2V,868.279263458878,False
5.0,vehicle_1,vehicle_2,V2V,522.0509820635123,False
5.0,vehicle_2,vehicle_0,V2V,621.7318730140526,False
5.0,vehicle_2,vehicle_1,V2V,522.0509820635123,False
6.0,BS_1,vehicle_0,V2I,371.7440976940903,False
6.0,BS_1,vehicle_1,V2I,353.42834272041955,False
6.0,BS_1,vehicle_2,V2I,420.53210770653345,True
6.0,vehicle_0,vehicle_1,V2V,864.634147890844,True
6.0,vehicle_0,vehicle_2,V2V,618.1274823133216,False
6.0,vehicle_1,vehicle_0,V2V,864.634147890844,False
6.0,vehicle_1,vehicle_2,V2V,518.1730341202119,False
6.0,vehicle_2,vehicle_0,V2V,618.1274823133216,False
6.0,vehicle_2,vehicle_1,V2V,518.1730341202119,False
7.0,BS_1,vehicle_0,V2I,381.90171575472925,False
7.0,BS_1,vehicle_1,V2I,362.56058690086655,False
7.0,BS_1,vehicle_2,V2I,432.49872596558606,True
7.0,vehicle_0,vehicle_1,V2V,863.9714241913057,True
7.0,vehicle_0,vehicle_2,V2V,617.1446836708177,False
7.0,vehicle_1,vehicle_0,V2V,863.9714241913057,False
7.0,vehicle_1,vehicle_2,V2V,517.5269943044786,False
7.0,vehicle_2,vehicle_0,V2V,617.1446836708177,False
7.0,vehicle_2,vehicle_1,V2V,517.5269943044786,False
8.0,BS_1,vehicle_0,V2I,392.42447535585467,False
8.0,BS_1,vehicle_1,V2I,372.0510634196294,False
8.0,BS_1,vehicle_2,V2I,444.83468742124137,True
8.0,vehicle_0,vehicle_1,V2V,854.3628084452482,True
8.0,vehicle_0,vehicle_2,V2V,618.1274823133216,False
8.0,vehicle_1,vehicle_0,V2V,854.3628084452482,False
8.0,vehicle_1,vehicle_2,V2V,515.2665056695485,False
8.0,vehicle_2,vehicle_0,V2V,618.1274823133216,False
8.0,vehicle_2,vehicle_1,V2V,515.2665056695485,False
9.0,BS_1,vehicle_0,V2I,403.9374318362137,False
9.0,BS_1,vehicle_1,V2I,382.2103967038647,False
9.0,BS_1,vehicle_2,V2I,457.8580422705454,True
9.0,vehicle_0,vehicle_1,V2V,847.4059123520208,True
9.0,vehicle_0,vehicle_2,V2V,619.7656876449897,False
9.0,vehicle_1,vehicle_0,V2V,847.4059123520208,False
9.0,vehicle_1,vehicle_2,V2V,514.2980373996521,False
9.0,vehicle_2,vehicle_0,V2V,619.7656876449897,False
9.0,vehicle_2,vehicle_1,V2V,514.2980373996521,False
10.0,BS_1,flow_east.0,V2I,349.4877176501538,True
10.0,BS_1,flow_west.0,V2I,479.24917949165024,False
10.0,BS_1,vehicle_0,V2I,415.51022385718545,False
10.0,BS_1,vehicle_1,V2I,391.80394676636746,False
10.0,BS_1,vehicle_2,V2I,470.9329866216002,False
10.0,flow_east.0,flow_west.0,V2V,99.62228024691149,False
10.0,flow_east.0,vehicle_0,V2V,83.27922332972535,False
10.0,flow_east.0,vehicle_1,V2V,77.32580792187953,False
10.0,flow_east.0,vehicle_2,V2V,97.81157808865277,False
10.0,flow_west.0,flow_east.0,V2V,99.62228024691149,False
10.0,flow_west.0,vehicle_0,V2V,592.9337778041358,False
10.0,flow_west.0,vehicle_1,V2V,492.0781057320576,False
10.0,flow_west.0,vehicle_2,V2V,1235.6927107956592,True
10.0,vehicle_0,flow_east.0,V2V,83.27922332972535,False
10.0,vehicle_0,flow_west.0,V2V,592.9337778041358,False
10.0,vehicle_0,vehicle_1,V2V,834.157337989934,True
10.0,vehicle_0,vehicle_2,V2V,622.7151029258898,False
10.0,vehicle_1,flow_east.0,V2V,77.32580792187953,False
10.0,vehicle_1,flow_west.0,V2V,492.0781057320576,False
10.0,vehicle_1,vehicle_0,V2V,834.157337989934,False
10.0,vehicle_1,vehicle_2,V2V,512.0390164767683,False
10.0,vehicle_2,flow_east.0,V2V,97.81157808865277,False
10.0,vehicle_2,flow_west.0,V2V,1235.6927107956592,False
10.0,vehicle_2,vehicle_0,V2V,622.7151029258898,False
10.0,vehicle_2,vehicle_1,V2V,512.0390164767683,False
11.0,BS_1,flow_east.0,V2I,340.1334971218473,True
11.0,BS_1,flow_west.0,V2I,464.867733041794,True
11.0,BS_1,vehicle_0,V2I,427.7685725027452,True
11.0,BS_1,vehicle_1,V2I,402.0662830177585,True
11.0,BS_1,vehicle_2,V2I,484.375841162788,True
11.0,flow_east.0,flow_west.0,V2V,92.20407771076891,False
11.0,flow_east.0,vehicle_0,V2V,83.13363152952836,False
11.0,flow_east.0,vehicle_1,V2V,77.0505220475112,False
11.0,flow_east.0,vehicle_2,V2V,97.64811599326376,False
11.0,flow_west.0,flow_east.0,V2V,92.20407771076891,False
11.0,flow_west.0,vehicle_0,V2V,749.8030283673594,False
11.0,flow_west.0,vehicle_1,V2V,585.7484965264321,False
11.0,flow_west.0,vehicle_2,V2V,916.0159200808766,False
11.0,vehicle_0,flow_east.0,V2V,83.13363152952836,False
11.0,vehicle_0,flow_west.0,V2V,749.8030283673594,False
11.0,vehicle_0,vehicle_1,V2V,822.2368290633128,False
11.0,vehicle_0,vehicle_2,V2V,623.6984235058114,False
11.0,vehicle_1,flow_east.0,V2V,77.0505220475112,False
11.0,vehicle_1,flow_west.0,V2V,585.7484965264321,False
11.0,vehicle_1,vehicle_0,V2V,822.2368290633128,False
11.0,vehicle_1,vehicle_2,V2V,509.1361009943205,False
11.0,vehicle_2,flow_east.0,V2V,97.64811599326376,False
11.0,vehicle_2,flow_west.0,V2V,916.0159200808766,False
11.0,vehicle_2,vehicle_0,V2V,623.6984235058114,False
11.0,vehicle_2,vehicle_1,V2V,509.1361009943205,False
12.0,BS_1,flow_east.0,V2I,331.43973651039096,True
12.0,BS_1,flow_west.0,V2I,451.4984623489202,False
12.0,BS_1,vehicle_0,V2I,439.4509725574016,False
12.0,BS_1,vehicle_1,V2I,413.0031512169344,True
12.0,BS_1,vehicle_2,V2I,498.1857443812832,True
12.0,flow_east.0,flow_west.0,V2V,85.63434103105182,False
12.0,flow_east.0,vehicle_0,V2V,83.27922332972535,False
12.0,flow_east.0,vehicle_1,V2V,77.0505220475112,False
12.0,flow_east.0,vehicle_2,V2V,97.81157808865277,False
12.0,flow_west.0,flow_east.0,V2V,85.63434103105182,False
12.0,flow_west.0,vehicle_0,V2V,1097.87669619619,True
12.0,flow_west.0,vehicle_1,V2V,728.3392859965907,False
12.0,flow_west.0,vehicle_2,V2V,681.8548815840076,False
12.0,vehicle_0,flow_east.0,V2V,83.27922332972535,False
12.0,vehicle_0,flow_west.0,V2V,1097.87669619619,False
12.0,vehicle_0,vehicle_1,V2V,818.9261522863301,False
12.0,vehicle_0,vehicle_2,V2V,623.370639942528,False
12.0,vehicle_1,flow_east.0,V2V,77.0505220475112,False
12.0,vehicle_1,flow_west.0,V2V,728.3392859965907,False
12.0,vehicle_1,vehicle_0,V2V,818.9261522863301,False
12.0,vehicle_1,vehicle_2,V2V,507.8464805384609,False
12.0,vehicle_2,flow_east.0,V2V,97.81157808865277,False
12.0,vehicle_2,flow_west.0,V2V,681.8548815840076,False
12.0,vehicle_2,vehicle_0,V2V,623.370639942528,False
12.0,vehicle_2,vehicle_1,V2V,507.8464805384609,False
13.0,BS_1,flow_east.0,V2I,323.1009266434054,True
13.0,BS_1,flow_west.0,V2I,438.8182456846362,False
13.0,BS_1,vehicle_0,V2I,452.7693716402421,True
13.0,BS_1,vehicle_1,V2I,424.30512748694633,False
13.0,BS_1,vehicle_2,V2I,513.007041080213,True
13.0,flow_east.0,flow_west.0,V2V,79.83687229418416,False
13.0,flow_east.0,vehicle_0,V2V,83.27922332972535,False
13.0,flow_east.0,vehicle_1,V2V,76.91315745757582,False
13.0,flow_east.0,vehicle_2,V2V,97.81157808865277,False
13.0,flow_west.0,flow_east.0,V2V,79.83687229418416,False
13.0,flow_west.0,vehicle_0,V2V,988.0025566979592,False
13.0,flow_west.0,vehicle_1,V2V,1019.5307892528276,True
13.0,flow_west.0,vehicle_2,V2V,554.4722320005012,False
13.0,vehicle_0,flow_east.0,V2V,83.27922332972535,False
13.0,vehicle_0,flow_west.0,V2V,988.0025566979592,False
13.0,vehicle_0,vehicle_1,V2V,808.0028050174326,False
13.0,vehicle_0,vehicle_2,V2V,624.3540206300363,False
13.0,vehicle_1,flow_east.0,V2V,76.91315745757582,False
13.0,vehicle_1,flow_west.0,V2V,1019.5307892528276,False
13.0,vehicle_1,vehicle_0,V2V,808.0028050174326,False
13.0,vehicle_1,vehicle_2,V2V,504.9461243030301,False
13.0,vehicle_2,flow_east.0,V2V,97.81157808865277,False
13.0,vehicle_2,flow_west.0,V2V,554.4722320005012,False
13.0,vehicle_2,vehicle_0,V2V,624.3540206300363,False
13.0,vehicle_2,vehicle_1,V2V,504.9461243030301,False
14.0,BS_1,flow_east.0,V2I,315.1139525640893,True
14.0,BS_1,flow_west.0,V2I,426.5086088741244,False
14.0,BS_1,vehicle_0,V2I,465.5056903704867,True
14.0,BS_1,vehicle_1,V2I,435.9727049704109,False
14.0,BS_1,vehicle_2,V2I,527.8732715327078,True
14.0,flow_east.0,flow_west.0,V2V,74.60627378117968,False
14.0,flow_east.0,vehicle_0,V2V,83.27922332972535,False
14.0,flow_east.0,vehicle_1,V2V,76.91315745757582,False
14.0,flow_east.0,vehicle_2,V2V,97.97523136487798,False
14.0,flow_west.0,flow_east.0,V2V,74.60627378117968,False
14.0,flow_west.0,vehicle_0,V2V,714.8110403446422,False
14.0,flow_west.0,vehicle_1,V2V,1075.9637034214518,True
14.0,flow_west.0,vehicle_2,V2V,468.0586809409692,False
14.0,vehicle_0,flow_east.0,V2V,83.27922332972535,False
14.0,vehicle_0,flow_west.0,V2V,714.8110403446422,False
14.0,vehicle_0,vehicle_1,V2V,809.3266882879713,False
14.0,vehicle_0,vehicle_2,V2V,620.0933596418705,False
14.0,vehicle_1,flow_east.0,V2V,76.91315745757582,False
14.0,vehicle_1,flow_west.0,V2V,1075.9637034214518,False
14.0,vehicle_1,vehicle_0,V2V,809.3266882879713,False
14.0,vehicle_1,vehicle_2,V2V,502.69154430316553,False
14.0,vehicle_2,flow_east.0,V2V,97.97523136487798,False
14.0,vehicle_2,flow_west.0,V2V,468.0586809409692,False
14.0,vehicle_2,vehicle_0,V2V,620.0933596418705,False
14.0,vehicle_2,vehicle_1,V2V,502.69154430316553,False
15.0,BS_1,flow_east.0,V2I,307.18268902207217,True
15.0,BS_1,flow_west.0,V2I,414.8832108926739,True
15.0,BS_1,vehicle_0,V2I,479.56939870622153,True
15.0,BS_1,vehicle_1,V2I,448.3234380064039,True
15.0,BS_1,vehicle_2,V2I,542.4556864508997,True
15.0,flow_east.0,flow_west.0,V2V,69.76878760268013,False
15.0,flow_east.0,vehicle_0,V2V,83.42500346787911,False
15.0,flow_east.0,vehicle_1,V2V,76.77597833410626,False
15.0,flow_east.0,vehicle_2,V2V,98.139075828415,False
15.0,flow_west.0,flow_east.0,V2V,69.76878760268013,False
15.0,flow_west.0,vehicle_0,V2V,574.6564277327512,False
15.0,flow_west.0,vehicle_1,V2V,746.1693781154876,False
15.0,flow_west.0,vehicle_2,V2V,403.6254639577022,False
15.0,vehicle_0,flow_east.0,V2V,83.42500346787911,False
15.0,vehicle_0,flow_west.0,V2V,574.6564277327512,False
15.0,vehicle_0,vehicle_1,V2V,801.3840728964636,False
15.0,vehicle_0,vehicle_2,V2V,621.4041499641611,False
15.0,vehicle_1,flow_east.0,V2V,76.77597833410626,False
15.0,vehicle_1,flow_west.0,V2V,746.1693781154876,False
15.0,vehicle_1,vehicle_0,V2V,801.3840728964636,False
15.0,vehicle_1,vehicle_2,V2V,500.4380786695991,False
15.0,vehicle_2,flow_east.0,V2V,98.139075828415,False
15.0,vehicle_2,flow_west.0,V2V,403.6254639577022,False
15.0,vehicle_2,vehicle_0,V2V,621.4041499641611,False
15.0,vehicle_2,vehicle_1,V2V,500.4380786695991,False
16.0,BS_1,flow_east.0,V2I,299.6003735546603,True
16.0,BS_1,flow_west.0,V2I,403.6254639577022,True
16.0,BS_1,vehicle_0,V2I,493.6845389624826,True
16.0,BS_1,vehicle_1,V2I,460.7238873646651,True
16.0,BS_1,vehicle_2,V2I,556.4229776116389,True
16.0,flow_east.0,flow_west.0,V2V,65.42066409384284,False
16.0,flow_east.0,vehicle_0,V2V,83.42500346787911,False
16.0,flow_east.0,vehicle_1,V2V,76.63898460276764,False
16.0,flow_east.0,vehicle_2,V2V,97.97523136487798,False
16.0,flow_west.0,flow_east.0,V2V,65.42066409384284,False
16.0,flow_west.0,vehicle_0,V2V,483.414083904372,False
16.0,flow_west.0,vehicle_1,V2V,598.4901490165557,False
16.0,flow_west.0,vehicle_2,V2V,354.6429054869848,False
16.0,vehicle_0,flow_east.0,V2V,83.42500346787911,False
16.0,vehicle_0,flow_west.0,V2V,483.414083904372,False
16.0,vehicle_0,vehicle_1,V2V,794.104831839203,False
16.0,vehicle_0,vehicle_2,V2V,625.009657602007,False
16.0,vehicle_1,flow_east.0,V2V,76.63898460276764,False
16.0,vehicle_1,flow_west.0,V2V,598.4901490165557,False
16.0,vehicle_1,vehicle_0,V2V,794.104831839203,False
16.0,vehicle_1,vehicle_2,V2V,500.4380786695991,False
16.0,vehicle_2,flow_east.0,V2V,97.97523136487798,False
16.0,vehicle_2,flow_west.0,V2V,354.6429054869848,False
16.0,vehicle_2,vehicle_0,V2V,625.009657602007,False
16.0,vehicle_2,vehicle_1,V2V,500.4380786695991,False
17.0,BS_1,flow_west.0,V2I,392.42447535585467,True
17.0,BS_1,vehicle_0,V2I,508.49124702051586,True
17.0,BS_1,vehicle_1,V2I,473.170134747745,True
17.0,BS_1,vehicle_2,V2I,570.419549124918,True
17.0,flow_west.0,vehicle_0,V2V,414.5697654032509,False
17.0,flow_west.0,vehicle_1,V2V,502.69154430316553,False
17.0,flow_west.0,vehicle_2,V2V,312.7580194312605,False
17.0,vehicle_0,flow_west.0,V2V,414.5697654032509,False
17.0,vehicle_0,vehicle_1,V2V,781.2044595372025,False
17.0,vehicle_0,vehicle_2,V2V,626.6489231978197,False
17.0,vehicle_1,flow_west.0,V2V,502.69154430316553,False
17.0,vehicle_1,vehicle_0,V2V,781.2044595372025,False
17.0,vehicle_1,vehicle_2,V2V,496.8992107842531,False
17.0,vehicle_2,flow_west.0,V2V,312.7580194312605,False
17.0,vehicle_2,vehicle_0,V2V,626.6489231978197,False
17.0,vehicle_2,vehicle_1,V2V,496.8992107842531,False
18.0,BS_1,flow_west.0,V2I,381.90171575472925,True
18.0,BS_1,vehicle_0,V2I,522.6975882735633,True
18.0,BS_1,vehicle_1,V2I,485.6585438533421,True
18.0,BS_1,vehicle_2,V2I,584.4427470435247,True
18.0,flow_west.0,vehicle_0,V2V,362.56058690086655,False
18.0,flow_west.0,vehicle_1,V2V,433.4457438524507,False
18.0,flow_west.0,vehicle_2,V2V,278.0550838693874,False
18.0,vehicle_0,flow_west.0,V2V,362.56058690086655,False
18.0,vehicle_0,vehicle_1,V2V,773.5989354550545,False
18.0,vehicle_0,vehicle_2,V2V,623.6984235058114,False
18.0,vehicle_1,flow_west.0,V2V,433.4457438524507,False
18.0,vehicle_1,vehicle_0,V2V,773.5989354550545,False
18.0,vehicle_1,vehicle_2,V2V,492.3993437501574,False
18.0,vehicle_2,flow_west.0,V2V,278.0550838693874,False
18.0,vehicle_2,vehicle_0,V2V,623.6984235058114,False
18.0,vehicle_2,vehicle_1,V2V,492.3993437501574,False
19.0,BS_1,flow_west.0,V2I,371.1303275341448,True
19.0,BS_1,vehicle_0,V2I,536.942441397319,True
19.0,BS_1,vehicle_1,V2I,498.50743650642033,True
19.0,BS_1,vehicle_2,V2I,596.5286777913177,True
19.0,flow_west.0,vehicle_0,V2V,318.9527431794668,False
19.0,flow_west.0,vehicle_1,V2V,378.5095708043106,False
19.0,flow_west.0,vehicle_2,V2V,248.2603425510303,False
19.0,vehicle_0,flow_west.0,V2V,318.9527431794668,False
19.0,vehicle_0,vehicle_1,V2V,764.012067304714,False
19.0,vehicle_0,vehicle_2,V2V,623.0428664083857,False
19.0,vehicle_1,flow_west.0,V2V,378.5095708043106,False
19.0,vehicle_1,vehicle_0,V2V,764.012067304714,False
19.0,vehicle_1,vehicle_2,V2V,488.54611078762537,False
19.0,vehicle_2,flow_west.0,V2V,248.2603425510303,False
19.0,vehicle_2,vehicle_0,V2V,623.0428664083857,False
19.0,vehicle_2,vehicle_1,V2V,488.54611078762537,False
20.0,BS_1,flow_east.1,V2I,315.1139525640893,True
20.0,BS_1,flow_west.0,V2I,361.3399274136934,True
20.0,BS_1,flow_west.1,V2I,181.15878937659377,True
20.0,BS_1,vehicle_0,V2I,551.8721371588431,True
20.0,BS_1,vehicle_1,V2I,511.71638426190566,True
20.0,BS_1,vehicle_2,V2I,606.9947300824459,True
20.0,flow_east.1,flow_west.0,V2V,577.5910397123184,False
20.0,flow_east.1,flow_west.1,V2V,142.72643675475405,False
20.0,flow_east.1,vehicle_0,V2V,214.58377466886296,False
20.0,flow_east.1,vehicle_1,V2V,248.2603425510303,False
20.0,flow_east.1,vehicle_2,V2V,173.63753103553503,False
20.0,flow_west.0,flow_east.1,V2V,577.5910397123184,False
20.0,flow_west.0,flow_west.1,V2V,180.68398393855293,False
20.0,flow_west.0,vehicle_0,V2V,283.46516455660765,False
20.0,flow_west.0,vehicle_1,V2V,334.1317191912465,False
20.0,flow_west.0,vehicle_2,V2V,223.92580803175304,False
20.0,flow_west.1,flow_east.1,V2V,142.72643675475405,False
20.0,flow_west.1,flow_west.0,V2V,180.68398393855293,False
20.0,flow_west.1,vehicle_0,V2V,432.49872596558606,False
20.0,flow_west.1,vehicle_1,V2V,357.98786999080045,False
20.0,flow_west.1,vehicle_2,V2V,627.3046982380895,False
20.0,vehicle_0,flow_east.1,V2V,214.58377466886296,False
20.0,vehicle_0,flow_west.0,V2V,283.46516455660765,False
20.0,vehicle_0,flow_west.1,V2V,432.49872596558606,False
20.0,vehicle_0,vehicle_1,V2V,755.7500940470244,False
20.0,vehicle_0,vehicle_2,V2V,626.6489231978197,False
20.0,vehicle_1,flow_east.1,V2V,248.2603425510303,False
20.0,vehicle_1,flow_west.0,V2V,334.1317191912465,False
20.0,vehicle_1,flow_west.1,V2V,357.98786999080045,False
20.0,vehicle_1,vehicle_0,V2V,755.7500940470244,False
20.0,vehicle_1,vehicle_2,V2V,487.5833615095528,False
20.0,vehicle_2,flow_east.1,V2V,173.63753103553503,False
20.0,vehicle_2,flow_west.0,V2V,223.92580803175304,False
20.0,vehicle_2,flow_west.1,V2V,627.3046982380895,False
20.0,vehicle_2,vehicle_0,V2V,626.6489231978197,False
20.0,vehicle_2,vehicle_1,V2V,487.5833615095528,False
21.0,BS_1,flow_east.1,V2I,322.2108167747308,False
21.0,BS_1,flow_west.0,V2I,351.6083105509803,False
21.0,BS_1,flow_west.1,V2I,181.15878937659377,False
21.0,BS_1,vehicle_0,V2I,566.5107412964649,True
21.0,BS_1,vehicle_1,V2I,524.9613339046247,True
21.0,BS_1,vehicle_2,V2I,616.1619792154722,False
21.0,flow_east.1,flow_west.0,V2V,705.5773630739525,True
21.0,flow_east.1,flow_west.1,V2V,154.90754737745706,False
21.0,flow_east.1,vehicle_0,V2V,212.78715673696632,False
21.0,flow_east.1,vehicle_1,V2V,247.4425795872103,False
21.0,flow_east.1,vehicle_2,V2V,172.47707153375836,False
21.0,flow_west.0,flow_east.1,V2V,705.5773630739525,False
21.0,flow_west.0,flow_west.1,V2V,180.44681534635475,False
21.0,flow_west.0,vehicle_0,V2V,252.91330411827303,False
21.0,flow_west.0,vehicle_1,V2V,297.56856172129415,False
21.0,flow_west.0,vehicle_2,V2V,202.14834559963,False
21.0,flow_west.1,flow_east.1,V2V,154.90754737745706,False
21.0,flow_west.1,flow_west.0,V2V,180.44681534635475,False
21.0,flow_west.1,vehicle_0,V2V,505.91270984992025,False
21.0,flow_west.1,vehicle_1,V2V,406.4347403118046,False
21.0,flow_west.1,vehicle_2,V2V,802.3768088442774,False
21.0,vehicle_0,flow_east.1,V2V,212.78715673696632,False
21.0,vehicle_0,flow_west.0,V2V,252.91330411827303,False
21.0,vehicle_0,flow_west.1,V2V,505.91270984992025,False
21.0,vehicle_0,vehicle_1,V2V,742.5362499583837,False
21.0,vehicle_0,vehicle_2,V2V,628.9443063073678,False
21.0,vehicle_1,flow_east.1,V2V,247.4425795872103,False
21.0,vehicle_1,flow_west.0,V2V,297.56856172129415,False
21.0,vehicle_1,flow_west.1,V2V,406.4347403118046,False
21.0,vehicle_1,vehicle_0,V2V,742.5362499583837,False
21.0,vehicle_1,vehicle_2,V2V,483.73464385559106,False
21.0,vehicle_2,flow_east.1,V2V,172.47707153375836,False
21.0,vehicle_2,flow_west.0,V2V,202.14834559963,False
21.0,vehicle_2,flow_west.1,V2V,802.3768088442774,True
21.0,vehicle_2,vehicle_0,V2V,628.9443063073678,False
21.0,vehicle_2,vehicle_1,V2V,483.73464385559106,False
22.0,BS_1,flow_east.1,V2I,329.3498405350366,False
22.0,BS_1,flow_west.0,V2I,342.24036364990644,False
22.0,BS_1,flow_west.1,V2I,629.9281871709879,False
22.0,BS_1,vehicle_0,V2I,580.5267618457086,True
22.0,BS_1,vehicle_1,V2I,539.2119801462821,True
22.0,BS_1,vehicle_2,V2I,622.3873495175933,False
22.0,flow_east.1,flow_west.0,V2V,945.534346704552,True
22.0,flow_east.1,flow_west.1,V2V,168.3329584985145,False
22.0,flow_east.1,vehicle_0,V2V,210.74198038462131,False
22.0,flow_east.1,vehicle_1,V2V,245.8101056281785,False
22.0,flow_east.1,vehicle_2,V2V,171.32064711173012,False
22.0,flow_west.0,flow_east.1,V2V,945.534346704552,False
22.0,flow_west.0,flow_west.1,V2V,179.97294718516198,False
22.0,flow_west.0,vehicle_0,V2V,226.55052395897073,False
22.0,flow_west.0,vehicle_1,V2V,265.3806678869849,False
22.0,flow_west.0,vehicle_2,V2V,183.06423184922815,False
22.0,flow_west.1,flow_east.1,V2V,168.3329584985145,False
22.0,flow_west.1,flow_west.0,V2V,179.97294718516198,False
22.0,flow_west.1,vehicle_0,V2V,607.9765242918677,False
22.0,flow_west.1,vehicle_1,V2V,469.3358661176646,False
22.0,flow_west.1,vehicle_2,V2V,1300.4603597211546,False
22.0,vehicle_0,flow_east.1,V2V,210.74198038462131,False
22.0,vehicle_0,flow_west.0,V2V,226.55052395897073,False
22.0,vehicle_0,flow_west.1,V2V,607.9765242918677,False
22.0,vehicle_0,vehicle_1,V2V,737.2526592025351,False
22.0,vehicle_0,vehicle_2,V2V,631.5681801093004,False
22.0,vehicle_1,flow_east.1,V2V,245.8101056281785,False
22.0,vehicle_1,flow_west.0,V2V,265.3806678869849,False
22.0,vehicle_1,flow_west.1,V2V,469.3358661176646,False
22.0,vehicle_1,vehicle_0,V2V,737.2526592025351,False
22.0,vehicle_1,vehicle_2,V2V,483.414083904372,False
22.0,vehicle_2,flow_east.1,V2V,171.32064711173012,False
22.0,vehicle_2,flow_west.0,V2V,183.06423184922815,False
22.0,vehicle_2,flow_west.1,V2V,1300.4603597211546,True
22.0,vehicle_2,vehicle_0,V2V,631.5681801093004,False
22.0,vehicle_2,vehicle_1,V2V,483.414083904372,False
23.0,BS_1,flow_east.1,V2I,336.52922116487616,False
23.0,BS_1,flow_west.0,V2I,333.2337748837411,False
23.0,BS_1,flow_west.1,V2I,624.3540206300363,False
23.0,BS_1,vehicle_0,V2I,592.6070422413102,True
23.0,BS_1,vehicle_1,V2I,553.1720551619138,True
23.0,BS_1,vehicle_2,V2I,176.43898647482362,False
23.0,flow_east.1,flow_west.0,V2V,1252.2993603910777,True
23.0,flow_east.1,flow_west.1,V2V,183.7813277310543,False
23.0,flow_east.1,vehicle_0,V2V,209.4681698477862,False
23.0,flow_east.1,vehicle_1,V2V,244.1817309509043,False
23.0,flow_east.1,vehicle_2,V2V,170.16827604304115,False
23.0,flow_west.0,flow_east.1,V2V,1252.2993603910777,False
23.0,flow_west.0,flow_west.1,V2V,179.73624792342704,False
23.0,flow_west.0,vehicle_0,V2V,204.91099292542208,False
23.0,flow_west.0,vehicle_1,V2V,238.24667901772617,False
23.0,flow_west.0,vehicle_2,V2V,166.50813734238267,False
23.0,flow_west.1,flow_east.1,V2V,183.7813277310543,False
23.0,flow_west.1,flow_west.0,V2V,179.73624792342704,False
23.0,flow_west.1,vehicle_0,V2V,765.0036670516544,False
23.0,flow_west.1,vehicle_1,V2V,553.4970751947817,False
23.0,flow_west.1,vehicle_2,V2V,905.7365996232738,False
23.0,vehicle_0,flow_east.1,V2V,209.4681698477862,False
23.0,vehicle_0,flow_west.0,V2V,204.91099292542208,False
23.0,vehicle_0,flow_west.1,V2V,765.0036670516544,False
23.0,vehicle_0,vehicle_1,V2V,737.9130446834608,False
23.0,vehicle_0,vehicle_2,V2V,629.2722569700819,False
23.0,vehicle_1,flow_east.1,V2V,244.1817309509043,False
23.0,vehicle_1,flow_west.0,V2V,238.24667901772617,False
23.0,vehicle_1,flow_west.1,V2V,553.4970751947817,False
23.0,vehicle_1,vehicle_0,V2V,737.9130446834608,False
23.0,vehicle_1,vehicle_2,V2V,482.4525595247408,False
23.0,vehicle_2,flow_east.1,V2V,170.16827604304115,False
23.0,vehicle_2,flow_west.0,V2V,166.50813734238267,False
23.0,vehicle_2,flow_west.1,V2V,905.7365996232738,True
23.0,vehicle_2,vehicle_0,V2V,629.2722569700819,False
23.0,vehicle_2,vehicle_1,V2V,482.4525595247408,False
24.0,BS_1,flow_east.1,V2I,344.3504000172214,False
24.0,BS_1,flow_west.0,V2I,324.5858971233357,False
24.0,BS_1,flow_west.1,V2I,615.8344321037408,True
24.0,BS_1,vehicle_0,V2I,604.3771075629377,True
24.0,BS_1,vehicle_1,V2I,566.8363947811912,True
24.0,BS_1,vehicle_2,V2I,177.1429351712039,True
24.0,flow_east.1,flow_west.0,V2V,803.3695711422525,True
24.0,flow_east.1,flow_west.1,V2V,201.14799480443173,False
24.0,flow_east.1,vehicle_0,V2V,207.9441250896446,False
24.0,flow_east.1,vehicle_1,V2V,242.8279094627821,False
24.0,flow_east.1,vehicle_2,V2V,169.24930978921546,False
24.0,flow_west.0,flow_east.1,V2V,803.3695711422525,False
24.0,flow_west.0,flow_west.1,V2V,179.73624792342704,False
24.0,flow_west.0,vehicle_0,V2V,185.219676465199,False
24.0,flow_west.0,vehicle_1,V2V,215.09830066985649,False
24.0,flow_west.0,vehicle_2,V2V,152.29589712219436,False
24.0,flow_west.1,flow_east.1,V2V,201.14799480443173,False
24.0,flow_west.1,flow_west.0,V2V,179.73624792342704,False
24.0,flow_west.1,vehicle_0,V2V,1161.9642567471524,False
24.0,flow_west.1,vehicle_1,V2V,675.6003666888053,False
24.0,flow_west.1,vehicle_2,V2V,679.5502989284676,False
24.0,vehicle_0,flow_east.1,V2V,207.9441250896446,False
24.0,vehicle_0,flow_west.0,V2V,185.219676465199,False
24.0,vehicle_0,flow_west.1,V2V,1161.9642567471524,False
24.0,vehicle_0,vehicle_1,V2V,731.6401320903686,False
24.0,vehicle_0,vehicle_2,V2V,633.2084101052498,False
24.0,vehicle_1,flow_east.1,V2V,242.8279094627821,False
24.0,vehicle_1,flow_west.0,V2V,215.09830066985649,False
24.0,vehicle_1,flow_west.1,V2V,675.6003666888053,False
24.0,vehicle_1,vehicle_0,V2V,731.6401320903686,False
24.0,vehicle_1,vehicle_2,V2V,481.8116733892857,False
24.0,vehicle_2,flow_east.1,V2V,169.24930978921546,False
24.0,vehicle_2,flow_west.0,V2V,152.29589712219436,False
24.0,vehicle_2,flow_west.1,V2V,679.5502989284676,False
24.0,vehicle_2,vehicle_0,V2V,633.2084101052498,False
24.0,vehicle_2,vehicle_1,V2V,481.8116733892857,False
25.0,BS_1,flow_east.1,V2I,352.21474511489504,True
25.0,BS_1,flow_west.0,V2I,316.58889856996154,True
25.0,BS_1,flow_west.1,V2I,605.0314451883087,True
25.0,BS_1,vehicle_0,V2I,613.8693720090947,True
25.0,BS_1,vehicle_1,V2I,579.8742843411101,True
25.0,BS_1,vehicle_2,V2I,625.3374909751575,True
25.0,flow_east.1,flow_west.0,V2V,636.8177375412565,False
25.0,flow_east.1,flow_west.1,V2V,221.31386122841135,False
25.0,flow_east.1,vehicle_0,V2V,206.17236165630615,False
25.0,flow_east.1,vehicle_1,V2V,241.47698064933337,False
25.0,flow_east.1,vehicle_2,V2V,168.3329584985145,False
25.0,flow_west.0,flow_east.1,V2V,636.8177375412565,False
25.0,flow_west.0,flow_west.1,V2V,179.97294718516198,False
25.0,flow_west.0,vehicle_0,V2V,168.56180066693028,False
25.0,flow_west.0,vehicle_1,V2V,194.94793449621417,False
25.0,flow_west.0,vehicle_2,V2V,139.4106275589265,False
25.0,flow_west.1,flow_east.1,V2V,221.31386122841135,False
25.0,flow_west.1,flow_west.0,V2V,179.97294718516198,False
25.0,flow_west.1,vehicle_0,V2V,949.8467926098812,False
25.0,flow_west.1,vehicle_1,V2V,897.1162922673478,False
25.0,flow_west.1,vehicle_2,V2V,553.8221113691739,False
25.0,vehicle_0,flow_east.1,V2V,206.17236165630615,False
25.0,vehicle_0,flow_west.0,V2V,168.56180066693028,False
25.0,vehicle_0,flow_west.1,V2V,949.8467926098812,False
25.0,vehicle_0,vehicle_1,V2V,725.6989598563031,False
25.0,vehicle_0,vehicle_2,V2V,635.1769952926417,False
25.0,vehicle_1,flow_east.1,V2V,241.47698064933337,False
25.0,vehicle_1,flow_west.0,V2V,194.94793449621417,False
25.0,vehicle_1,flow_west.1,V2V,897.1162922673478,False
25.0,vehicle_1,vehicle_0,V2V,725.6989598563031,False
25.0,vehicle_1,vehicle_2,V2V,480.53021541198274,False
25.0,vehicle_2,flow_east.1,V2V,168.3329584985145,False
25.0,vehicle_2,flow_west.0,V2V,139.4106275589265,False
25.0,vehicle_2,flow_west.1,V2V,553.8221113691739,False
25.0,vehicle_2,vehicle_0,V2V,635.1769952926417,False
25.0,vehicle_2,vehicle_1,V2V,480.53021541198274,False
26.0,BS_1,flow_east.1,V2I,360.42503502142154,True
26.0,BS_1,flow_west.0,V2I,308.35407045683394,True
26.0,BS_1,flow_west.1,V2I,592.9337778041358,False
26.0,BS_1,vehicle_0,V2I,621.0764370791719,True
26.0,BS_1,vehicle_1,V2I,591.9536082625906,False
26.0,BS_1,vehicle_2,V2I,620.0933596418705,True
26.0,flow_east.1,flow_west.0,V2V,531.4344149995793,False
26.0,flow_east.1,flow_west.1,V2V,243.639856573772,False
26.0,flow_east.1,vehicle_0,V2V,204.6591390088494,False
26.0,flow_east.1,vehicle_1,V2V,240.1289654562463,False
26.0,flow_east.1,vehicle_2,V2V,166.7356634801116,False
26.0,flow_west.0,flow_east.1,V2V,531.4344149995793,False
26.0,flow_west.0,flow_west.1,V2V,179.49970541212596,False
26.0,flow_west.0,vehicle_0,V2V,153.59861165752267,False
26.0,flow_west.0,vehicle_1,V2V,177.1429351712039,False
26.0,flow_west.0,vehicle_2,V2V,127.780526578662,False
26.0,flow_west.1,flow_east.1,V2V,243.639856573772,False
26.0,flow_west.1,flow_west.0,V2V,179.49970541212596,False
26.0,flow_west.1,vehicle_0,V2V,698.3254558428566,False
26.0,flow_west.1,vehicle_1,V2V,1363.9029396193434,False
26.0,flow_west.1,vehicle_2,V2V,467.42026009311496,False
26.0,vehicle_0,flow_east.1,V2V,204.6591390088494,False
26.0,vehicle_0,flow_west.0,V2V,153.59861165752267,False
26.0,vehicle_0,flow_west.1,V2V,698.3254558428566,False
26.0,vehicle_0,vehicle_1,V2V,722.398999998577,False
26.0,vehicle_0,vehicle_2,V2V,631.5681801093004,False
26.0,vehicle_1,flow_east.1,V2V,240.1289654562463,False
26.0,vehicle_1,flow_west.0,V2V,177.1429351712039,False
26.0,vehicle_1,flow_west.1,V2V,1363.9029396193434,True
26.0,vehicle_1,vehicle_0,V2V,722.398999998577,False
26.0,vehicle_1,vehicle_2,V2V,477.3284249020775,False
26.0,vehicle_2,flow_east.1,V2V,166.7356634801116,False
26.0,vehicle_2,flow_west.0,V2V,127.780526578662,False
26.0,vehicle_2,flow_west.1,V2V,467.42026009311496,False
26.0,vehicle_2,vehicle_0,V2V,631.5681801093004,False
26.0,vehicle_2,vehicle_1,V2V,477.3284249020775,False
27.0,BS_1,flow_east.1,V2I,368.3710439872822,True
27.0,BS_1,flow_west.0,V2I,300.4724108554143,True
27.0,BS_1,flow_west.1,V2I,580.2005163614133,True
27.0,BS_1,vehicle_0,V2I,175.9704814761637,True
27.0,BS_1,vehicle_1,V2I,602.7414637741863,True
27.0,BS_1,vehicle_2,V2I,612.2321160207898,True
27.0,flow_east.1,flow_west.0,V2V,457.539767541101,False
27.0,flow_east.1,flow_west.1,V2V,268.7408697450083,False
27.0,flow_east.1,vehicle_0,V2V,202.9001002282203,False
27.0,flow_east.1,vehicle_1,V2V,238.5152227437939,False
27.0,flow_east.1,vehicle_2,V2V,165.1464533388395,False
27.0,flow_west.0,flow_east.1,V2V,457.539767541101,False
27.0,flow_west.0,flow_west.1,V2V,179.0270912532525,False
27.0,flow_west.0,vehicle_0,V2V,140.4418791395819,False
27.0,flow_west.0,vehicle_1,V2V,161.54458865790124,False
27.0,flow_west.0,vehicle_2,V2V,117.32738448038062,False
27.0,flow_west.1,flow_east.1,V2V,268.7408697450083,False
27.0,flow_west.1,flow_west.0,V2V,179.0270912532525,False
27.0,flow_west.1,vehicle_0,V2V,567.8134435728895,False
27.0,flow_west.1,vehicle_1,V2V,821.9057498023737,False
27.0,flow_west.1,vehicle_2,V2V,403.6254639577022,False
27.0,vehicle_0,flow_east.1,V2V,202.9001002282203,False
27.0,vehicle_0,flow_west.0,V2V,140.4418791395819,False
27.0,vehicle_0,flow_west.1,V2V,567.8134435728895,False
27.0,vehicle_0,vehicle_1,V2V,718.4397200737393,False
27.0,vehicle_0,vehicle_2,V2V,628.9443063073678,False
27.0,vehicle_1,flow_east.1,V2V,238.5152227437939,False
27.0,vehicle_1,flow_west.0,V2V,161.54458865790124,False
27.0,vehicle_1,flow_west.1,V2V,821.9057498023737,False
27.0,vehicle_1,vehicle_0,V2V,718.4397200737393,False
27.0,vehicle_1,vehicle_2,V2V,474.1293292787434,False
27.0,vehicle_2,flow_east.1,V2V,165.1464533388395,False
27.0,vehicle_2,flow_west.0,V2V,117.32738448038062,False
27.0,vehicle_2,flow_west.1,V2V,403.6254639577022,False
27.0,vehicle_2,vehicle_0,V2V,628.9443063073678,False
27.0,vehicle_2,vehicle_1,V2V,474.1293292787434,False
28.0,BS_1,flow_east.1,V2I,376.661925860841,True
28.0,BS_1,flow_west.1,V2I,565.5338696369089,True
28.0,BS_1,vehicle_0,V2I,177.1429351712039,True
28.0,BS_1,vehicle_1,V2I,611.9046971938343,True
28.0,BS_1,vehicle_2,V2I,602.0872869068644,True
28.0,flow_east.1,flow_west.1,V2V,299.01943441344736,False
28.0,flow_east.1,vehicle_0,V2V,201.14799480443173,False
28.0,flow_east.1,vehicle_1,V2V,237.4417598772482,False
28.0,flow_east.1,vehicle_2,V2V,163.56537602112758,False
28.0,flow_west.1,flow_east.1,V2V,299.01943441344736,False
28.0,flow_west.1,vehicle_0,V2V,477.0083931204234,False
28.0,flow_west.1,vehicle_1,V2V,640.0999055554146,False
28.0,flow_west.1,vehicle_2,V2V,351.9114973834068,False
28.0,vehicle_0,flow_east.1,V2V,201.14799480443173,False
28.0,vehicle_0,flow_west.1,V2V,477.0083931204234,False
28.0,vehicle_0,vehicle_1,V2V,710.1936599592,False
28.0,vehicle_0,vehicle_2,V2V,628.2884339656022,False
28.0,vehicle_1,flow_east.1,V2V,237.4417598772482,False
28.0,vehicle_1,flow_west.1,V2V,640.0999055554146,False
28.0,vehicle_1,vehicle_0,V2V,710.1936599592,False
28.0,vehicle_1,vehicle_2,V2V,470.6135060391421,False
28.0,vehicle_2,flow_east.1,V2V,163.56537602112758,False
28.0,vehicle_2,flow_west.1,V2V,351.9114973834068,False
28.0,vehicle_2,vehicle_0,V2V,628.2884339656022,False
28.0,vehicle_2,vehicle_1,V2V,470.6135060391421,False
29.0,BS_1,flow_east.1,V2I,385.9184598301828,True
29.0,BS_1,flow_west.1,V2I,550.2476071337262,True
29.0,BS_1,vehicle_0,V2I,176.2046544619587,True
29.0,BS_1,vehicle_1,V2I,619.1103745124757,True
29.0,BS_1,vehicle_2,V2I,590.3202412975794,True
29.0,flow_east.1,flow_west.1,V2V,335.32993000500824,False
29.0,flow_east.1,vehicle_0,V2V,199.65175166698856,False
29.0,flow_east.1,vehicle_1,V2V,236.905742165306,False
29.0,flow_east.1,vehicle_2,V2V,162.66557297301446,False
29.0,flow_west.1,flow_east.1,V2V,335.32993000500824,False
29.0,flow_west.1,vehicle_0,V2V,409.87302273849053,False
29.0,flow_west.1,vehicle_1,V2V,531.4344149995793,False
29.0,flow_west.1,vehicle_2,V2V,310.1135274857473,False
29.0,vehicle_0,flow_east.1,V2V,199.65175166698856,False
29.0,vehicle_0,flow_west.1,V2V,409.87302273849053,False
29.0,vehicle_0,vehicle_1,V2V,700.3029668415257,False
29.0,vehicle_0,vehicle_2,V2V,628.6163652986463,False
29.0,vehicle_1,flow_east.1,V2V,236.905742165306,False
29.0,vehicle_1,flow_west.1,V2V,531.4344149995793,False
29.0,vehicle_1,vehicle_0,V2V,700.3029668415257,False
29.0,vehicle_1,vehicle_2,V2V,466.4628448681492,False
29.0,vehicle_2,flow_east.1,V2V,162.66557297301446,False
29.0,vehicle_2,flow_west.1,V2V,310.1135274857473,False
29.0,vehicle_2,vehicle_0,V2V,628.6163652986463,False
29.0,vehicle_2,vehicle_1,V2V,466.4628448681492,False
30.0,BS_1,flow_east.1,V2I,394.5978030427178,True
30.0,BS_1,flow_east.2,V2I,585.7484965264321,False
30.0,BS_1,flow_west.1,V2I,534.9978261372823,True
30.0,BS_1,flow_west.2,V2I,314.8191920503417,True
30.0,BS_1,vehicle_0,V2I,621.4041499641611,True
30.0,BS_1,vehicle_1,V2I,624.026217075783,True
30.0,BS_1,vehicle_2,V2I,577.2649164865487,False
30.0,flow_east.1,flow_east.2,V2V,166.05358062452154,False
30.0,flow_east.1,flow_west.1,V2V,377.8934822310478,False
30.0,flow_east.1,flow_west.2,V2V,68.0031979619512,False
30.0,flow_east.1,vehicle_0,V2V,197.41709443493204,False
30.0,flow_east.1,vehicle_1,V2V,235.8351409222408,False
30.0,flow_east.1,vehicle_2,V2V,161.09737113670366,False
30.0,flow_east.2,flow_east.1,V2V,166.05358062452154,False
30.0,flow_east.2,flow_west.1,V2V,285.75311094852805,False
30.0,flow_east.2,flow_west.2,V2V,188.59720936267092,False
30.0,flow_east.2,vehicle_0,V2V,676.5877561559817,False
30.0,flow_east.2,vehicle_1,V2V,486.62083871071206,False
30.0,flow_east.2,vehicle_2,V2V,1173.2553598444613,True
30.0,flow_west.1,flow_east.1,V2V,377.8934822310478,False
30.0,flow_west.1,flow_east.2,V2V,285.75311094852805,False
30.0,flow_west.1,flow_west.2,V2V,98.79636566745543,False
30.0,flow_west.1,vehicle_0,V2V,356.4665432839086,False
30.0,flow_west.1,vehicle_1,V2V,454.040788515514,False
30.0,flow_west.1,vehicle_2,V2V,275.2213982168627,False
30.0,flow_west.2,flow_east.1,V2V,68.0031979619512,False
30.0,flow_west.2,flow_east.2,V2V,188.59720936267092,False
30.0,flow_west.2,flow_west.1,V2V,98.79636566745543,False
30.0,flow_west.2,vehicle_0,V2V,159.0932450875486,False
30.0,flow_west.2,vehicle_1,V2V,136.34396640760497,False
30.0,flow_west.2,vehicle_2,V2V,194.70182302160697,False
30.0,vehicle_0,flow_east.1,V2V,197.41709443493204,False
30.0,vehicle_0,flow_east.2,V2V,676.5877561559817,False
30.0,vehicle_0,flow_west.1,V2V,356.4665432839086,False
30.0,vehicle_0,flow_west.2,V2V,159.0932450875486,False
30.0,vehicle_0,vehicle_1,V2V,689.758774878471,False
30.0,vehicle_0,vehicle_2,V2V,629.600217265152,False
30.0,vehicle_1,flow_east.1,V2V,235.8351409222408,False
30.0,vehicle_1,flow_east.2,V2V,486.62083871071206,False
30.0,vehicle_1,flow_west.1,V2V,454.040788515514,False
30.0,vehicle_1,flow_west.2,V2V,136.34396640760497,False
30.0,vehicle_1,vehicle_0,V2V,689.758774878471,False
30.0,vehicle_1,vehicle_2,V2V,462.63580792794306,False
30.0,vehicle_2,flow_east.1,V2V,161.09737113670366,False
30.0,vehicle_2,flow_east.2,V2V,1173.2553598444613,False
30.0,vehicle_2,flow_west.1,V2V,275.2213982168627,False
30.0,vehicle_2,flow_west.2,V2V,194.70182302160697,False
30.0,vehicle_2,vehicle_0,V2V,629.600217265152,False
30.0,vehicle_2,vehicle_1,V2V,462.63580792794306,False
31.0,BS_1,flow_east.1,V2I,403.9374318362137,True
31.0,BS_1,flow_east.2,V2I,575.6345070028605,True
31.0,BS_1,flow_west.1,V2I,520.1116439898908,True
31.0,BS_1,flow_west.2,V2I,322.5074470549099,True
31.0,BS_1,vehicle_0,V2I,614.1968554089484,True
31.0,BS_1,vehicle_1,V2I,176.90812698011686,True
31.0,BS_1,vehicle_2,V2I,563.9060481579048,True
31.0,flow_east.1,flow_east.2,V2V,166.50813734238267,False
31.0,flow_east.1,flow_west.1,V2V,429.65963849794304,False
31.0,flow_east.1,flow_west.2,V2V,72.09094615682874,False
31.0,flow_east.1,vehicle_0,V2V,195.6871488635396,False
31.0,flow_east.1,vehicle_1,V2V,234.7664609118501,False
31.0,flow_east.1,vehicle_2,V2V,159.98227723847648,False
31.0,flow_east.2,flow_east.1,V2V,166.50813734238267,False
31.0,flow_east.2,flow_west.1,V2V,258.42785242532756,False
31.0,flow_east.2,flow_west.2,V2V,205.1629870076807,False
31.0,flow_east.2,vehicle_0,V2V,696.3481607676002,False
31.0,flow_east.2,vehicle_1,V2V,493.0418928328923,False
31.0,flow_east.2,vehicle_2,V2V,1094.8884578359384,False
31.0,flow_west.1,flow_east.1,V2V,429.65963849794304,False
31.0,flow_west.1,flow_east.2,V2V,258.42785242532756,False
31.0,flow_west.1,flow_west.2,V2V,98.46733834079264,False
31.0,flow_west.1,vehicle_0,V2V,313.9353703379102,False
31.0,flow_west.1,vehicle_1,V2V,394.5978030427178,False
31.0,flow_west.1,vehicle_2,V2V,246.62583244808485,False
31.0,flow_west.2,flow_east.1,V2V,72.09094615682874,False
31.0,flow_west.2,flow_east.2,V2V,205.1629870076807,False
31.0,flow_west.2,flow_west.1,V2V,98.46733834079264,False
31.0,flow_west.2,vehicle_0,V2V,174.10284053811034,False
31.0,flow_west.2,vehicle_1,V2V,147.99878257786776,False
31.0,flow_west.2,vehicle_2,V2V,214.32671226067512,False
31.0,vehicle_0,flow_east.1,V2V,195.6871488635396,False
31.0,vehicle_0,flow_east.2,V2V,696.3481607676002,False
31.0,vehicle_0,flow_west.1,V2V,313.9353703379102,False
31.0,vehicle_0,flow_west.2,V2V,174.10284053811034,False
31.0,vehicle_0,vehicle_1,V2V,682.5133944501123,False
31.0,vehicle_0,vehicle_2,V2V,632.5522898299589,False
31.0,vehicle_1,flow_east.1,V2V,234.7664609118501,False
31.0,vehicle_1,flow_east.2,V2V,493.0418928328923,False
31.0,vehicle_1,flow_west.1,V2V,394.5978030427178,False
31.0,vehicle_1,flow_west.2,V2V,147.99878257786776,False
31.0,vehicle_1,vehicle_0,V2V,682.5133944501123,False
31.0,vehicle_1,vehicle_2,V2V,461.04246592429706,False
31.0,vehicle_2,flow_east.1,V2V,159.98227723847648,False
31.0,vehicle_2,flow_east.2,V2V,1094.8884578359384,False
31.0,vehicle_2,flow_west.1,V2V,246.62583244808485,False
31.0,vehicle_2,flow_west.2,V2V,214.32671226067512,False
31.0,vehicle_2,vehicle_0,V2V,632.5522898299589,False
31.0,vehicle_2,vehicle_1,V2V,461.04246592429706,False
32.0,BS_1,flow_east.1,V2I,413.3163920075275,True
32.0,BS_1,flow_east.2,V2I,564.8826961874538,True
32.0,BS_1,flow_west.1,V2I,504.9461243030301,True
32.0,BS_1,flow_west.2,V2I,330.24509246438555,True
32.0,BS_1,vehicle_0,V2I,605.0314451883087,True
32.0,BS_1,vehicle_1,V2I,176.90812698011686,True
32.0,BS_1,vehicle_2,V2I,549.9227504865856,True
32.0,flow_east.1,flow_east.2,V2V,166.96335461636193,False
32.0,flow_east.1,flow_west.1,V2V,496.256085638833,False
32.0,flow_east.1,flow_west.2,V2V,76.50217618877863,False
32.0,flow_east.1,vehicle_0,V2V,194.45585847583104,False
32.0,flow_east.1,vehicle_1,V2V,233.16706683078783,False
32.0,flow_east.1,vehicle_2,V2V,159.0932450875486,False
32.0,flow_east.2,flow_east.1,V2V,166.96335461636193,False
32.0,flow_east.2,flow_west.1,V2V,234.23284474296992,False
32.0,flow_east.2,flow_west.2,V2V,223.6640359445716,False
32.0,flow_east.2,vehicle_0,V2V,712.502216857144,False
32.0,flow_east.2,vehicle_1,V2V,500.11624696337026,False
32.0,flow_east.2,vehicle_2,V2V,1035.1312293763997,False
32.0,flow_west.1,flow_east.1,V2V,496.256085638833,False
32.0,flow_west.1,flow_east.2,V2V,234.23284474296992,False
32.0,flow_west.1,flow_west.2,V2V,97.97523136487798,False
32.0,flow_west.1,vehicle_0,V2V,279.19123019937047,False
32.0,flow_west.1,vehicle_1,V2V,346.1614941903182,False
32.0,flow_west.1,vehicle_2,V2V,221.8352209247875,False
32.0,flow_west.2,flow_east.1,V2V,76.50217618877863,False
32.0,flow_west.2,flow_east.2,V2V,223.6640359445716,False
32.0,flow_west.2,flow_west.1,V2V,97.97523136487798,False
32.0,flow_west.2,vehicle_0,V2V,190.54054050863795,False
32.0,flow_west.2,vehicle_1,V2V,160.87401495786773,False
32.0,flow_west.2,vehicle_2,V2V,236.370202064211,False
32.0,vehicle_0,flow_east.1,V2V,194.45585847583104,False
32.0,vehicle_0,flow_east.2,V2V,712.502216857144,False
32.0,vehicle_0,flow_west.1,V2V,279.19123019937047,False
32.0,vehicle_0,flow_west.2,V2V,190.54054050863795,False
32.0,vehicle_0,vehicle_1,V2V,681.8548815840076,False
32.0,vehicle_0,vehicle_2,V2V,631.8962072289747,False
32.0,vehicle_1,flow_east.1,V2V,233.16706683078783,False
32.0,vehicle_1,flow_east.2,V2V,500.11624696337026,False
32.0,vehicle_1,flow_west.1,V2V,346.1614941903182,False
32.0,vehicle_1,flow_west.2,V2V,160.87401495786773,False
32.0,vehicle_1,vehicle_0,V2V,681.8548815840076,False
32.0,vehicle_1,vehicle_2,V2V,460.086820594162,False
32.0,vehicle_2,flow_east.1,V2V,159.0932450875486,False
32.0,vehicle_2,flow_east.2,V2V,1035.1312293763997,False
32.0,vehicle_2,flow_west.1,V2V,221.8352209247875,False
32.0,vehicle_2,flow_west.2,V2V,236.370202064211,False
32.0,vehicle_2,vehicle_0,V2V,631.8962072289747,False
32.0,vehicle_2,vehicle_1,V2V,460.086820594162,False
33.0,BS_1,flow_east.1,V2I,423.0468352859786,True
33.0,BS_1,flow_east.2,V2I,553.1720551619138,True
33.0,BS_1,flow_west.1,V2I,490.472282975838,True
33.0,BS_1,flow_west.2,V2I,338.02984219621237,True
33.0,BS_1,vehicle_0,V2I,593.5872859391015,True
33.0,BS_1,vehicle_1,V2I,624.6818341462133,True
33.0,BS_1,vehicle_2,V2I,535.3218831772624,True
33.0,flow_east.1,flow_east.2,V2V,166.7356634801116,False
33.0,flow_east.1,flow_west.1,V2V,583.4635721782514,False
33.0,flow_east.1,flow_west.2,V2V,81.25805187757089,False
33.0,flow_east.1,vehicle_0,V2V,192.24881617831997,False
33.0,flow_east.1,vehicle_1,V2V,231.57205630028776,False
33.0,flow_east.1,vehicle_2,V2V,157.5439744372922,False
33.0,flow_east.2,flow_east.1,V2V,166.7356634801116,False
33.0,flow_east.2,flow_west.1,V2V,213.04341289437096,False
33.0,flow_east.2,flow_west.2,V2V,245.2668568142152,False
33.0,flow_east.2,vehicle_0,V2V,732.3003588847022,False
33.0,flow_east.2,vehicle_1,V2V,504.9461243030301,False
33.0,flow_east.2,vehicle_2,V2V,986.343365516504,False
33.0,flow_west.1,flow_east.1,V2V,583.4635721782514,False
33.0,flow_west.1,flow_east.2,V2V,213.04341289437096,False
33.0,flow_west.1,flow_west.2,V2V,97.64811599326376,False
33.0,flow_west.1,vehicle_0,V2V,249.07911685057672,False
33.0,flow_west.1,vehicle_1,V2V,306.89004368774096,False
33.0,flow_west.1,vehicle_2,V2V,200.1499265410987,False
33.0,flow_west.2,flow_east.1,V2V,81.25805187757089,False
33.0,flow_west.2,flow_east.2,V2V,245.2668568142152,False
33.0,flow_west.2,flow_west.1,V2V,97.64811599326376,False
33.0,flow_west.2,vehicle_0,V2V,209.72265832149705,False
33.0,flow_west.2,vehicle_1,V2V,175.50261318617837,False
33.0,flow_west.2,vehicle_2,V2V,262.3134083143704,False
33.0,vehicle_0,flow_east.1,V2V,192.24881617831997,False
33.0,vehicle_0,flow_east.2,V2V,732.3003588847022,False
33.0,vehicle_0,flow_west.1,V2V,249.07911685057672,False
33.0,vehicle_0,flow_west.2,V2V,209.72265832149705,False
33.0,vehicle_0,vehicle_1,V2V,674.283945634352,False
33.0,vehicle_0,vehicle_2,V2V,633.2084101052498,False
33.0,vehicle_1,flow_east.1,V2V,231.57205630028776,False
33.0,vehicle_1,flow_east.2,V2V,504.9461243030301,False
33.0,vehicle_1,flow_west.1,V2V,306.89004368774096,False
33.0,vehicle_1,flow_west.2,V2V,175.50261318617837,False
33.0,vehicle_1,vehicle_0,V2V,674.283945634352,False
33.0,vehicle_1,vehicle_2,V2V,457.539767541101,False
33.0,vehicle_2,flow_east.1,V2V,157.5439744372922,False
33.0,vehicle_2,flow_east.2,V2V,986.343365516504,False
33.0,vehicle_2,flow_west.1,V2V,200.1499265410987,False
33.0,vehicle_2,flow_west.2,V2V,262.3134083143704,False
33.0,vehicle_2,vehicle_0,V2V,633.2084101052498,False
33.0,vehicle_2,vehicle_1,V2V,457.539767541101,False
34.0,BS_1,flow_east.1,V2I,432.81436243466874,True
34.0,BS_1,flow_east.2,V2I,540.1849071044502,True
34.0,BS_1,flow_west.1,V2I,476.6883883442734,True
34.0,BS_1,flow_west.2,V2I,346.4635648662227,True
34.0,BS_1,vehicle_0,V2I,580.8530207641363,True
34.0,BS_1,vehicle_1,V2I,619.4380259275082,True
34.0,BS_1,vehicle_2,V2I,521.0812225948887,True
34.0,flow_east.1,flow_east.2,V2V,166.05358062452154,False
34.0,flow_east.1,flow_west.1,V2V,707.2259139769654,False
34.0,flow_east.1,flow_west.2,V2V,86.38023539661101,False
34.0,flow_east.1,vehicle_0,V2V,190.78413214055556,False
34.0,flow_east.1,vehicle_1,V2V,229.7167997212197,False
34.0,flow_east.1,vehicle_2,V2V,156.44246605287168,False
34.0,flow_east.2,flow_east.1,V2V,166.05358062452154,False
34.0,flow_east.2,flow_west.1,V2V,193.96437082173665,False
34.0,flow_east.2,flow_west.2,V2V,271.55208395250065,False
34.0,flow_east.2,vehicle_0,V2V,740.2245371902726,False
34.0,flow_east.2,vehicle_1,V2V,507.8464805384609,False
34.0,flow_east.2,vehicle_2,V2V,968.4254580340184,False
34.0,flow_west.1,flow_east.1,V2V,707.2259139769654,False
34.0,flow_west.1,flow_east.2,V2V,193.96437082173665,False
34.0,flow_west.1,flow_west.2,V2V,97.48484507172998,False
34.0,flow_west.1,vehicle_0,V2V,224.71188976288005,False
34.0,flow_west.1,vehicle_1,V2V,274.09062221653113,False
34.0,flow_west.1,vehicle_2,V2V,181.87216585353607,False
34.0,flow_west.2,flow_east.1,V2V,86.38023539661101,False
34.0,flow_west.2,flow_east.2,V2V,271.55208395250065,False
34.0,flow_west.2,flow_west.1,V2V,97.48484507172998,False
34.0,flow_west.2,vehicle_0,V2V,231.83758542618173,False
34.0,flow_west.2,vehicle_1,V2V,192.24881617831997,False
34.0,flow_west.2,vehicle_2,V2V,292.65157602933976,False
34.0,vehicle_0,flow_east.1,V2V,190.78413214055556,False
34.0,vehicle_0,flow_east.2,V2V,740.2245371902726,False
34.0,vehicle_0,flow_west.1,V2V,224.71188976288005,False
34.0,vehicle_0,flow_west.2,V2V,231.83758542618173,False
34.0,vehicle_0,vehicle_1,V2V,672.9676377828757,False
34.0,vehicle_0,vehicle_2,V2V,633.5364843179816,False
34.0,vehicle_1,flow_east.1,V2V,229.7167997212197,False
34.0,vehicle_1,flow_east.2,V2V,507.8464805384609,False
34.0,vehicle_1,flow_west.1,V2V,274.09062221653113,False
34.0,vehicle_1,flow_west.2,V2V,192.24881617831997,False
34.0,vehicle_1,vehicle_0,V2V,672.9676377828757,False
34.0,vehicle_1,vehicle_2,V2V,457.2215235489121,False
34.0,vehicle_2,flow_east.1,V2V,156.44246605287168,False
34.0,vehicle_2,flow_east.2,V2V,968.4254580340184,False
34.0,vehicle_2,flow_west.1,V2V,181.87216585353607,False
34.0,vehicle_2,flow_west.2,V2V,292.65157602933976,False
34.0,vehicle_2,vehicle_0,V2V,633.5364843179816,False
34.0,vehicle_2,vehicle_1,V2V,457.2215235489121,False
35.0,BS_1,flow_east.1,V2I,443.5670489282218,False
35.0,BS_1,flow_east.2,V2I,527.8732715327078,True
35.0,BS_1,flow_west.1,V2I,462.63580792794306,False
35.0,BS_1,flow_west.2,V2I,355.55445653576396,True
35.0,BS_1,vehicle_0,V2I,567.1620630105467,True
35.0,BS_1,vehicle_1,V2I,611.9046971938343,True
35.0,BS_1,vehicle_2,V2I,506.23494960688714,True
35.0,flow_east.1,flow_east.2,V2V,166.28077634374787,False
35.0,flow_east.1,flow_west.1,V2V,957.1451818285605,True
35.0,flow_east.1,flow_west.2,V2V,92.36104712016876,False
35.0,flow_east.1,vehicle_0,V2V,189.3248307412419,False
35.0,flow_east.1,vehicle_1,V2V,228.65937659152485,False
35.0,flow_east.1,vehicle_2,V2V,155.1263062868521,False
35.0,flow_east.2,flow_east.1,V2V,166.28077634374787,False
35.0,flow_east.2,flow_west.1,V2V,177.1429351712039,False
35.0,flow_east.2,flow_west.2,V2V,301.34519899680197,False
35.0,flow_east.2,vehicle_0,V2V,756.7414003491897,False
35.0,flow_east.2,vehicle_1,V2V,511.71638426190566,False
35.0,flow_east.2,vehicle_2,V2V,931.9347867511144,False
35.0,flow_west.1,flow_east.1,V2V,957.1451818285605,False
35.0,flow_west.1,flow_east.2,V2V,177.1429351712039,False
35.0,flow_west.1,flow_west.2,V2V,97.15887671976836,False
35.0,flow_west.1,vehicle_0,V2V,202.3987887016321,False
35.0,flow_west.1,vehicle_1,V2V,245.8101056281785,False
35.0,flow_west.1,vehicle_2,V2V,165.1464533388395,False
35.0,flow_west.2,flow_east.1,V2V,92.36104712016876,False
35.0,flow_west.2,flow_east.2,V2V,301.34519899680197,False
35.0,flow_west.2,flow_west.1,V2V,97.15887671976836,False
35.0,flow_west.2,vehicle_0,V2V,257.8744630233903,False
35.0,flow_west.2,vehicle_1,V2V,211.50790380132855,False
35.0,flow_west.2,vehicle_2,V2V,329.94660531236724,False
35.0,vehicle_0,flow_east.1,V2V,189.3248307412419,False
35.0,vehicle_0,flow_east.2,V2V,756.7414003491897,False
35.0,vehicle_0,flow_west.1,V2V,202.3987887016321,False
35.0,vehicle_0,flow_west.2,V2V,257.8744630233903,False
35.0,vehicle_0,vehicle_1,V2V,667.3746163945855,False
35.0,vehicle_0,vehicle_2,V2V,632.2242438095996,False
35.0,vehicle_1,flow_east.1,V2V,228.65937659152485,False
35.0,vehicle_1,flow_east.2,V2V,511.71638426190566,False
35.0,vehicle_1,flow_west.1,V2V,245.8101056281785,False
35.0,vehicle_1,flow_west.2,V2V,211.50790380132855,False
35.0,vehicle_1,vehicle_0,V2V,667.3746163945855,False
35.0,vehicle_1,vehicle_2,V2V,454.040788515514,False
35.0,vehicle_2,flow_east.1,V2V,155.1263062868521,False
35.0,vehicle_2,flow_east.2,V2V,931.9347867511144,False
35.0,vehicle_2,flow_west.1,V2V,165.1464533388395,False
35.0,vehicle_2,flow_west.2,V2V,329.94660531236724,False
35.0,vehicle_2,vehicle_0,V2V,632.2242438095996,False
35.0,vehicle_2,vehicle_1,V2V,454.040788515514,False
36.0,BS_1,flow_east.1,V2I,454.35872154515835,False
36.0,BS_1,flow_east.2,V2I,515.2665056695485,True
36.0,BS_1,flow_west.1,V2I,449.9105460570236,False
36.0,BS_1,flow_west.2,V2I,364.3932824568967,True
36.0,BS_1,vehicle_0,V2I,553.4970751947817,True
36.0,BS_1,vehicle_1,V2I,603.0685695410335,True
36.0,BS_1,vehicle_2,V2I,491.7568921327168,True
36.0,flow_east.1,flow_east.2,V2V,166.05358062452154,False
36.0,flow_east.1,flow_west.1,V2V,1233.0356796245512,True
36.0,flow_east.1,flow_west.2,V2V,98.79636566745543,False
36.0,flow_east.1,vehicle_0,V2V,188.3549706093322,False
36.0,flow_east.1,vehicle_1,V2V,228.1314121975733,False
36.0,flow_east.1,vehicle_2,V2V,154.03423364024235,False
36.0,flow_east.2,flow_east.1,V2V,166.05358062452154,False
36.0,flow_east.2,flow_west.1,V2V,162.44104059131612,False
36.0,flow_east.2,flow_west.2,V2V,335.92944104153315,False
36.0,flow_east.2,vehicle_0,V2V,766.6564089660474,False
36.0,flow_east.2,vehicle_1,V2V,513.329758446952,False
36.0,flow_east.2,vehicle_2,V2V,905.4050310522666,False
36.0,flow_west.1,flow_east.1,V2V,1233.0356796245512,False
36.0,flow_west.1,flow_east.2,V2V,162.44104059131612,False
36.0,flow_west.1,flow_west.2,V2V,96.99617927284592,False
36.0,flow_west.1,vehicle_0,V2V,184.02066813704585,False
36.0,flow_west.1,vehicle_1,V2V,222.3570968089231,False
36.0,flow_west.1,vehicle_2,V2V,150.78396165750576,False
36.0,flow_west.2,flow_east.1,V2V,98.79636566745543,False
36.0,flow_west.2,flow_east.2,V2V,335.92944104153315,False
36.0,flow_west.2,flow_west.1,V2V,96.99617927284592,False
36.0,flow_west.2,vehicle_0,V2V,286.6125961188596,False
36.0,flow_west.2,vehicle_1,V2V,232.3690113402238,False
36.0,flow_west.2,vehicle_2,V2V,373.2794615149688,False
36.0,vehicle_0,flow_east.1,V2V,188.3549706093322,False
36.0,vehicle_0,flow_east.2,V2V,766.6564089660474,False
36.0,vehicle_0,flow_west.1,V2V,184.02066813704585,False
36.0,vehicle_0,flow_west.2,V2V,286.6125961188596,False
36.0,vehicle_0,vehicle_1,V2V,663.4278874326816,False
36.0,vehicle_0,vehicle_2,V2V,629.2722569700819,False
36.0,vehicle_1,flow_east.1,V2V,228.1314121975733,False
36.0,vehicle_1,flow_east.2,V2V,513.329758446952,False
36.0,vehicle_1,flow_west.1,V2V,222.3570968089231,False
36.0,vehicle_1,flow_west.2,V2V,232.3690113402238,False
36.0,vehicle_1,vehicle_0,V2V,663.4278874326816,False
36.0,vehicle_1,vehicle_2,V2V,450.5456160593841,False
36.0,vehicle_2,flow_east.1,V2V,154.03423364024235,False
36.0,vehicle_2,flow_east.2,V2V,905.4050310522666,False
36.0,vehicle_2,flow_west.1,V2V,150.78396165750576,False
36.0,vehicle_2,flow_west.2,V2V,373.2794615149688,False
36.0,vehicle_2,vehicle_0,V2V,629.2722569700819,False
36.0,vehicle_2,vehicle_1,V2V,450.5456160593841,False
37.0,BS_1,flow_east.1,V2I,465.186697097964,True
37.0,BS_1,flow_east.2,V2I,502.3695520212981,True
37.0,BS_1,flow_west.1,V2I,437.2370384945075,True
37.0,BS_1,flow_west.2,V2I,373.58669431504455,True
37.0,BS_1,vehicle_0,V2I,539.2119801462821,True
37.0,BS_1,vehicle_1,V2I,592.2803190516009,True
37.0,BS_1,vehicle_2,V2I,478.2886817049466,True
37.0,flow_east.1,flow_east.2,V2V,165.3729865425162,False
37.0,flow_east.1,flow_west.1,V2V,806.6789668067922,False
37.0,flow_east.1,flow_west.2,V2V,105.53751557081084,False
37.0,flow_east.1,vehicle_0,V2V,186.66353957530796,False
37.0,flow_east.1,vehicle_1,V2V,226.55052395897073,False
37.0,flow_east.1,vehicle_2,V2V,153.16368092101192,False
37.0,flow_east.2,flow_east.1,V2V,165.3729865425162,False
37.0,flow_east.2,flow_west.1,V2V,149.06650103414734,False
37.0,flow_east.2,flow_west.2,V2V,377.27760031178457,False
37.0,flow_east.2,vehicle_0,V2V,776.9054586753805,False
37.0,flow_east.2,vehicle_1,V2V,515.5893702838652,False
37.0,flow_east.2,vehicle_2,V2V,892.8065204342937,False
37.0,flow_west.1,flow_east.1,V2V,806.6789668067922,False
37.0,flow_west.1,flow_east.2,V2V,149.06650103414734,False
37.0,flow_west.1,flow_west.2,V2V,96.67135779208394,False
37.0,flow_west.1,vehicle_0,V2V,167.41923132085685,False
37.0,flow_west.1,vehicle_1,V2V,201.64788554789664,False
37.0,flow_west.1,vehicle_2,V2V,138.38388343162617,False
37.0,flow_west.2,flow_east.1,V2V,105.53751557081084,False
37.0,flow_west.2,flow_east.2,V2V,377.27760031178457,False
37.0,flow_west.2,flow_west.1,V2V,96.67135779208394,False
37.0,flow_west.2,vehicle_0,V2V,320.43257663692134,False
37.0,flow_west.2,vehicle_1,V2V,256.4928579330168,False
37.0,flow_west.2,vehicle_2,V2V,424.934503470043,False
37.0,vehicle_0,flow_east.1,V2V,186.66353957530796,False
37.0,vehicle_0,flow_east.2,V2V,776.9054586753805,False
37.0,vehicle_0,flow_west.1,V2V,167.41923132085685,False
37.0,vehicle_0,flow_west.2,V2V,320.43257663692134,False
37.0,vehicle_0,vehicle_1,V2V,659.8110161197217,False
37.0,vehicle_0,vehicle_2,V2V,630.5841557288329,False
37.0,vehicle_1,flow_east.1,V2V,226.55052395897073,False
37.0,vehicle_1,flow_east.2,V2V,515.5893702838652,False
37.0,vehicle_1,flow_west.1,V2V,201.64788554789664,False
37.0,vehicle_1,flow_west.2,V2V,256.4928579330168,False
37.0,vehicle_1,vehicle_0,V2V,659.8110161197217,False
37.0,vehicle_1,vehicle_2,V2V,449.59305951603903,False
37.0,vehicle_2,flow_east.1,V2V,153.16368092101192,False
37.0,vehicle_2,flow_east.2,V2V,892.8065204342937,False
37.0,vehicle_2,flow_west.1,V2V,138.38388343162617,False
37.0,vehicle_2,flow_west.2,V2V,424.934503470043,False
37.0,vehicle_2,vehicle_0,V2V,630.5841557288329,False
37.0,vehicle_2,vehicle_1,V2V,449.59305951603903,False
38.0,BS_1,flow_east.1,V2I,476.3684106313096,True
38.0,BS_1,flow_east.2,V2I,489.5090850913649,True
38.0,BS_1,flow_west.1,V2I,424.934503470043,True
38.0,BS_1,flow_west.2,V2I,383.1367406939028,True
38.0,BS_1,vehicle_0,V2I,524.9613339046247,True
38.0,BS_1,vehicle_1,V2I,580.2005163614133,True
38.0,BS_1,vehicle_2,V2I,464.5487982639571,True
38.0,flow_east.1,flow_east.2,V2V,164.9200861122167,False
38.0,flow_east.1,flow_west.1,V2V,641.4130243336377,False
38.0,flow_east.1,flow_west.2,V2V,113.12485083339482,False
38.0,flow_east.1,vehicle_0,V2V,185.219676465199,False
38.0,flow_east.1,vehicle_1,V2V,225.2365804468573,False
38.0,flow_east.1,vehicle_2,V2V,151.6468810835847,False
38.0,flow_east.2,flow_east.1,V2V,164.9200861122167,False
38.0,flow_east.2,flow_west.1,V2V,137.36165903793284,False
38.0,flow_east.2,flow_west.2,V2V,428.39877904433274,False
38.0,flow_east.2,vehicle_0,V2V,787.8194194200935,False
38.0,flow_east.2,vehicle_1,V2V,517.2040052485606,False
38.0,flow_east.2,vehicle_2,V2V,872.2560092279421,False
38.0,flow_west.1,flow_east.1,V2V,641.4130243336377,False
38.0,flow_west.1,flow_east.2,V2V,137.36165903793284,False
38.0,flow_west.1,flow_west.2,V2V,96.34730079615215,False
38.0,flow_west.1,vehicle_0,V2V,152.94647507816617,False
38.0,flow_west.1,vehicle_1,V2V,183.542141443624,False
38.0,flow_west.1,vehicle_2,V2V,127.00125407939515,False
38.0,flow_west.2,flow_east.1,V2V,113.12485083339482,False
38.0,flow_west.2,flow_east.2,V2V,428.39877904433274,False
38.0,flow_west.2,flow_west.1,V2V,96.34730079615215,False
38.0,flow_west.2,vehicle_0,V2V,361.6450064745535,False
38.0,flow_west.2,vehicle_1,V2V,284.89444455716944,False
38.0,flow_west.2,vehicle_2,V2V,493.3632037929179,False
38.0,vehicle_0,flow_east.1,V2V,185.219676465199,False
38.0,vehicle_0,flow_east.2,V2V,787.8194194200935,False
38.0,vehicle_0,flow_west.1,V2V,152.94647507816617,False
38.0,vehicle_0,flow_west.2,V2V,361.6450064745535,False
38.0,vehicle_0,vehicle_1,V2V,655.8664175191001,False
38.0,vehicle_0,vehicle_2,V2V,628.2884339656022,False
38.0,vehicle_1,flow_east.1,V2V,225.2365804468573,False
38.0,vehicle_1,flow_east.2,V2V,517.2040052485606,False
38.0,vehicle_1,flow_west.1,V2V,183.542141443624,False
38.0,vehicle_1,flow_west.2,V2V,284.89444455716944,False
38.0,vehicle_1,vehicle_0,V2V,655.8664175191001,False
38.0,vehicle_1,vehicle_2,V2V,446.73714671935096,False
38.0,vehicle_2,flow_east.1,V2V,151.6468810835847,False
38.0,vehicle_2,flow_east.2,V2V,872.2560092279421,False
38.0,vehicle_2,flow_west.1,V2V,127.00125407939515,False
38.0,vehicle_2,flow_west.2,V2V,493.3632037929179,False
38.0,vehicle_2,vehicle_0,V2V,628.2884339656022,False
38.0,vehicle_2,vehicle_1,V2V,446.73714671935096,False
39.0,BS_1,flow_east.1,V2I,487.2624953402165,True
39.0,BS_1,flow_east.2,V2I,477.6484836316672,True
39.0,BS_1,flow_west.1,V2I,412.68995161733034,True
39.0,BS_1,flow_west.2,V2I,393.0451922055537,True
39.0,BS_1,vehicle_0,V2I,510.4260699050956,True
39.0,BS_1,vehicle_1,V2I,567.8134435728895,True
39.0,BS_1,vehicle_2,V2I,450.8631993853019,True
39.0,flow_east.1,flow_east.2,V2V,164.4678501448139,False
39.0,flow_east.1,flow_west.1,V2V,537.2666073669767,False
39.0,flow_east.1,flow_west.2,V2V,121.25170121677829,False
39.0,flow_east.1,vehicle_0,V2V,183.542141443624,False
39.0,flow_east.1,vehicle_1,V2V,223.92580803175304,False
39.0,flow_east.1,vehicle_2,V2V,150.13860275087953,False
39.0,flow_east.2,flow_east.1,V2V,164.4678501448139,False
39.0,flow_east.2,flow_west.1,V2V,126.80689990678384,False
39.0,flow_east.2,flow_west.2,V2V,491.4357030047008,False
39.0,flow_east.2,vehicle_0,V2V,804.0314272242707,False
39.0,flow_east.2,vehicle_1,V2V,519.7884915181713,False
39.0,flow_east.2,vehicle_2,V2V,845.41839953993,False
39.0,flow_west.1,flow_east.1,V2V,537.2666073669767,False
39.0,flow_west.1,flow_east.2,V2V,126.80689990678384,False
39.0,flow_west.1,flow_west.2,V2V,96.0240081988317,False
39.0,flow_west.1,vehicle_0,V2V,140.028838409185,False
39.0,flow_west.1,vehicle_1,V2V,167.41923132085685,False
39.0,flow_west.1,vehicle_2,V2V,116.58931971340505,False
39.0,flow_west.2,flow_east.1,V2V,121.25170121677829,False
39.0,flow_west.2,flow_east.2,V2V,491.4357030047008,False
39.0,flow_west.2,flow_west.1,V2V,96.0240081988317,False
39.0,flow_west.2,vehicle_0,V2V,412.0636763275831,False
39.0,flow_west.2,vehicle_1,V2V,317.7702193510412,False
39.0,flow_west.2,vehicle_2,V2V,587.3809748781263,False
39.0,vehicle_0,flow_east.1,V2V,183.542141443624,False
39.0,vehicle_0,flow_east.2,V2V,804.0314272242707,False
39.0,vehicle_0,flow_west.1,V2V,140.028838409185,False
39.0,vehicle_0,flow_west.2,V2V,412.0636763275831,False
39.0,vehicle_0,vehicle_1,V2V,649.9516972366034,False
39.0,vehicle_0,vehicle_2,V2V,625.3374909751575,False
39.0,vehicle_1,flow_east.1,V2V,223.92580803175304,False
39.0,vehicle_1,flow_east.2,V2V,519.7884915181713,False
39.0,vehicle_1,flow_west.1,V2V,167.41923132085685,False
39.0,vehicle_1,flow_west.2,V2V,317.7702193510412,False
39.0,vehicle_1,vehicle_0,V2V,649.9516972366034,False
39.0,vehicle_1,vehicle_2,V2V,442.6166737931025,False
39.0,vehicle_2,flow_east.1,V2V,150.13860275087953,False
39.0,vehicle_2,flow_east.2,V2V,845.41839953993,False
39.0,vehicle_2,flow_west.1,V2V,116.58931971340505,False
39.0,vehicle_2,flow_west.2,V2V,587.3809748781263,False
39.0,vehicle_2,vehicle_0,V2V,625.3374909751575,False
39.0,vehicle_2,vehicle_1,V2V,442.6166737931025,False
40.0,BS_1,flow_east.1,V2I,498.8291520207459,True
40.0,BS_1,flow_east.2,V2I,465.186697097964,True
40.0,BS_1,flow_west.1,V2I,401.1313044189525,True
40.0,BS_1,flow_west.2,V2I,403.31353985775553,True
40.0,BS_1,flow_west.3,V2I,445.7857675690306,False
40.0,BS_1,vehicle_0,V2I,496.8992107842531,True
40.0,BS_1,vehicle_1,V2I,555.1224167725766,True
40.0,BS_1,vehicle_2,V2I,438.18565794811985,False
40.0,flow_east.1,flow_east.2,V2V,163.79074448133562,False
40.0,flow_east.1,flow_west.1,V2V,461.9983815384903,False
40.0,flow_east.1,flow_west.2,V2V,130.53130342008222,False
40.0,flow_east.1,flow_west.3,V2V,152.07938473439157,False
40.0,flow_east.1,vehicle_0,V2V,182.3485272471901,False
40.0,flow_east.1,vehicle_1,V2V,222.8794875252549,False
40.0,flow_east.1,vehicle_2,V2V,148.8526062168409,False
40.0,flow_east.2,flow_east.1,V2V,163.79074448133562,False
40.0,flow_east.2,flow_west.1,V2V,116.9579743496632,False
40.0,flow_east.2,flow_west.2,V2V,577.5910397123184,False
40.0,flow_east.2,flow_west.3,V2V,906.731313921271,False
40.0,flow_east.2,vehicle_0,V2V,808.995713268461,False
40.0,flow_east.2,vehicle_1,V2V,518.8191559100986,False
40.0,flow_east.2,vehicle_2,V2V,834.8196801783502,False
40.0,flow_west.1,flow_east.1,V2V,461.9983815384903,False
40.0,flow_west.1,flow_east.2,V2V,116.9579743496632,False
40.0,flow_west.1,flow_west.2,V2V,95.70147990581528,False
40.0,flow_west.1,flow_west.3,V2V,109.72888702437034,False
40.0,flow_west.1,vehicle_0,V2V,128.56276481054655,False
40.0,flow_west.1,vehicle_1,V2V,153.3810598217928,False
40.0,flow_west.1,vehicle_2,V2V,107.61946992815378,False
40.0,flow_west.2,flow_east.1,V2V,130.53130342008222,False
40.0,flow_west.2,flow_east.2,V2V,577.5910397123184,False
40.0,flow_west.2,flow_west.1,V2V,95.70147990581528,False
40.0,flow_west.2,flow_west.3,V2V,685.4770315840274,False
40.0,flow_west.2,vehicle_0,V2V,474.1293292787434,False
40.0,flow_west.2,vehicle_1,V2V,356.16245503513744,False
40.0,flow_west.2,vehicle_2,V2V,726.359011807826,False
40.0,flow_west.3,flow_east.1,V2V,152.07938473439157,False
40.0,flow_west.3,flow_east.2,V2V,906.731313921271,False
40.0,flow_west.3,flow_west.1,V2V,109.72888702437034,False
40.0,flow_west.3,flow_west.2,V2V,685.4770315840274,False
40.0,flow_west.3,vehicle_0,V2V,655.5377527241419,False
40.0,flow_west.3,vehicle_1,V2V,455.6307669226409,False
40.0,flow_west.3,vehicle_2,V2V,1238.3497512973688,False
40.0,vehicle_0,flow_east.1,V2V,182.3485272471901,False
40.0,vehicle_0,flow_east.2,V2V,808.995713268461,False
40.0,vehicle_0,flow_west.1,V2V,128.56276481054655,False
40.0,vehicle_0,flow_west.2,V2V,474.1293292787434,False
40.0,vehicle_0,flow_west.3,V2V,655.5377527241419,False
40.0,vehicle_0,vehicle_1,V2V,646.0100486415608,False
40.0,vehicle_0,vehicle_2,V2V,623.0428664083857,False
40.0,vehicle_1,flow_east.1,V2V,222.8794875252549,False
40.0,vehicle_1,flow_east.2,V2V,518.8191559100986,False
40.0,vehicle_1,flow_west.1,V2V,153.3810598217928,False
40.0,vehicle_1,flow_west.2,V2V,356.16245503513744,False
40.0,vehicle_1,flow_west.3,V2V,455.6307669226409,False
40.0,vehicle_1,vehicle_0,V2V,646.0100486415608,False
40.0,vehicle_1,vehicle_2,V2V,439.4509725574016,False
40.0,vehicle_2,flow_east.1,V2V,148.8526062168409,False
40.0,vehicle_2,flow_east.2,V2V,834.8196801783502,False
40.0,vehicle_2,flow_west.1,V2V,107.61946992815378,False
40.0,vehicle_2,flow_west.2,V2V,726.359011807826,False
40.0,vehicle_2,flow_west.3,V2V,1238.3497512973688,True
40.0,vehicle_2,vehicle_0,V2V,623.0428664083857,False
40.0,vehicle_2,vehicle_1,V2V,439.4509725574016,False
41.0,BS_1,flow_east.1,V2I,510.7486162257304,True
41.0,BS_1,flow_east.2,V2I,453.405016896485,False
41.0,BS_1,flow_east.3,V2I,615.5068955513373,True
41.0,BS_1,flow_west.1,V2I,389.9434981119616,True
41.0,BS_1,flow_west.2,V2I,413.9429968260788,False
41.0,BS_1,flow_west.3,V2I,458.81305023527017,False
41.0,BS_1,vehicle_0,V2I,482.4525595247408,True
41.0,BS_1,vehicle_1,V2I,541.8068048027193,True
41.0,BS_1,vehicle_2,V2I,426.5086088741244,False
41.0,flow_east.1,flow_east.2,V2V,163.1151400652523,False
41.0,flow_east.1,flow_east.3,V2V,308.6471151381865,False
41.0,flow_east.1,flow_west.1,V2V,403.31353985775553,False
41.0,flow_east.1,flow_west.2,V2V,140.64866925199493,False
41.0,flow_east.1,flow_west.3,V2V,165.3729865425162,False
41.0,flow_east.1,vehicle_0,V2V,180.68398393855293,False
41.0,flow_east.1,vehicle_1,V2V,222.0960944281053,False
41.0,flow_east.1,vehicle_2,V2V,147.99878257786776,False
41.0,flow_east.2,flow_east.1,V2V,163.1151400652523,False
41.0,flow_east.2,flow_east.3,V2V,338.33016610588925,False
41.0,flow_east.2,flow_west.1,V2V,108.31955951522995,False
41.0,flow_east.2,flow_west.2,V2V,703.5992904323093,False
41.0,flow_east.2,flow_west.3,V2V,1343.640883606034,False
41.0,flow_east.2,vehicle_0,V2V,822.5679108767769,False
41.0,flow_east.2,vehicle_1,V2V,519.1422474340515,False
41.0,flow_east.2,vehicle_2,V2V,826.5410896258616,False
41.0,flow_east.3,flow_east.1,V2V,308.6471151381865,False
41.0,flow_east.3,flow_east.2,V2V,338.33016610588925,False
41.0,flow_east.3,flow_west.1,V2V,184.739612501452,False
41.0,flow_east.3,flow_west.2,V2V,277.7712846982851,False
41.0,flow_east.3,flow_west.3,V2V,344.6520901297803,False
41.0,flow_east.3,vehicle_0,V2V,390.25345388552125,False
41.0,flow_east.3,vehicle_1,V2V,536.6182934833215,False
41.0,flow_east.3,vehicle_2,V2V,296.9888057615337,False
41.0,flow_west.1,flow_east.1,V2V,403.31353985775553,False
41.0,flow_west.1,flow_east.2,V2V,108.31955951522995,False
41.0,flow_west.1,flow_east.3,V2V,184.739612501452,False
41.0,flow_west.1,flow_west.2,V2V,95.37971581470896,False
41.0,flow_west.1,flow_west.3,V2V,109.55205435292454,False
41.0,flow_west.1,vehicle_0,V2V,118.2542125191518,False
41.0,flow_west.1,vehicle_1,V2V,140.64866925199493,False
41.0,flow_west.1,vehicle_2,V2V,99.62228024691149,False
41.0,flow_west.2,flow_east.1,V2V,140.64866925199493,False
41.0,flow_west.2,flow_east.2,V2V,703.5992904323093,False
41.0,flow_west.2,flow_east.3,V2V,277.7712846982851,False
41.0,flow_west.2,flow_west.1,V2V,95.37971581470896,False
41.0,flow_west.2,flow_west.3,V2V,679.5502989284676,False
41.0,flow_west.2,vehicle_0,V2V,559.3501618493508,False
41.0,flow_west.2,vehicle_1,V2V,403.001659624967,False
41.0,flow_west.2,vehicle_2,V2V,1003.5999136845288,True
41.0,flow_west.3,flow_east.1,V2V,165.3729865425162,False
41.0,flow_west.3,flow_east.2,V2V,1343.640883606034,True
41.0,flow_west.3,flow_east.3,V2V,344.6520901297803,False
41.0,flow_west.3,flow_west.1,V2V,109.55205435292454,False
41.0,flow_west.3,flow_west.2,V2V,679.5502989284676,False
41.0,flow_west.3,vehicle_0,V2V,862.9773530000882,False
41.0,flow_west.3,vehicle_1,V2V,532.4060317992868,False
41.0,flow_west.3,vehicle_2,V2V,788.4809876158897,False
41.0,vehicle_0,flow_east.1,V2V,180.68398393855293,False
41.0,vehicle_0,flow_east.2,V2V,822.5679108767769,False
41.0,vehicle_0,flow_east.3,V2V,390.25345388552125,False
41.0,vehicle_0,flow_west.1,V2V,118.2542125191518,False
41.0,vehicle_0,flow_west.2,V2V,559.3501618493508,False
41.0,vehicle_0,flow_west.3,V2V,862.9773530000882,False
41.0,vehicle_0,vehicle_1,V2V,638.7869298859572,False
41.0,vehicle_0,vehicle_2,V2V,625.9931873847293,False
41.0,vehicle_1,flow_east.1,V2V,222.0960944281053,False
41.0,vehicle_1,flow_east.2,V2V,519.1422474340515,False
41.0,vehicle_1,flow_east.3,V2V,536.6182934833215,False
41.0,vehicle_1,flow_west.1,V2V,140.64866925199493,False
41.0,vehicle_1,flow_west.2,V2V,403.001659624967,False
41.0,vehicle_1,flow_west.3,V2V,532.4060317992868,False
41.0,vehicle_1,vehicle_0,V2V,638.7869298859572,False
41.0,vehicle_1,vehicle_2,V2V,437.86941643731456,False
41.0,vehicle_2,flow_east.1,V2V,147.99878257786776,False
41.0,vehicle_2,flow_east.2,V2V,826.5410896258616,False
41.0,vehicle_2,flow_east.3,V2V,296.9888057615337,False
41.0,vehicle_2,flow_west.1,V2V,99.62228024691149,False
41.0,vehicle_2,flow_west.2,V2V,1003.5999136845288,False
41.0,vehicle_2,flow_west.3,V2V,788.4809876158897,False
41.0,vehicle_2,vehicle_0,V2V,625.9931873847293,False
41.0,vehicle_2,vehicle_1,V2V,437.86941643731456,False
42.0,BS_1,flow_east.1,V2I,522.6975882735633,True
42.0,BS_1,flow_east.2,V2I,441.66660397759455,True
42.0,BS_1,flow_east.3,V2I,607.6492483805958,True
42.0,BS_1,flow_west.1,V2I,379.1258652198573,True
42.0,BS_1,flow_west.2,V2I,425.2492486565875,False
42.0,BS_1,flow_west.3,V2I,472.21118956401847,False
42.0,BS_1,vehicle_0,V2I,469.01652704013384,False
42.0,BS_1,vehicle_1,V2I,528.8442644576172,True
42.0,BS_1,vehicle_2,V2I,414.2563606866034,False
42.0,flow_east.1,flow_east.2,V2V,162.44104059131612,False
42.0,flow_east.1,flow_east.3,V2V,307.47541450664505,False
42.0,flow_east.1,flow_west.1,V2V,356.16245503513744,False
42.0,flow_east.1,flow_west.2,V2V,152.07938473439157,False
42.0,flow_east.1,flow_west.3,V2V,180.20980304398353,False
42.0,flow_east.1,vehicle_0,V2V,179.26331980441284,False
42.0,flow_east.1,vehicle_1,V2V,221.0533753742114,False
42.0,flow_east.1,vehicle_2,V2V,146.72332664891255,False
42.0,flow_east.2,flow_east.1,V2V,162.44104059131612,False
42.0,flow_east.2,flow_east.3,V2V,337.72958468934917,False
42.0,flow_east.2,flow_west.1,V2V,100.45297540592982,False
42.0,flow_east.2,flow_west.2,V2V,939.5635725180862,False
42.0,flow_east.2,flow_west.3,V2V,816.2777986181343,False
42.0,flow_east.2,vehicle_0,V2V,831.5080636976193,False
42.0,flow_east.2,vehicle_1,V2V,518.1730341202119,False
42.0,flow_east.2,vehicle_2,V2V,814.6226638227499,False
42.0,flow_east.3,flow_east.1,V2V,307.47541450664505,False
42.0,flow_east.3,flow_east.2,V2V,337.72958468934917,False
42.0,flow_east.3,flow_west.1,V2V,168.790806700124,False
42.0,flow_east.3,flow_west.2,V2V,309.2334427079288,False
42.0,flow_east.3,flow_west.3,V2V,390.5634573866199,False
42.0,flow_east.3,vehicle_0,V2V,387.7751520915279,False
42.0,flow_east.3,vehicle_1,V2V,535.9700519808092,False
42.0,flow_east.3,vehicle_2,V2V,294.9623503870303,False
42.0,flow_west.1,flow_east.1,V2V,356.16245503513744,False
42.0,flow_west.1,flow_east.2,V2V,100.45297540592982,False
42.0,flow_west.1,flow_east.3,V2V,168.790806700124,False
42.0,flow_west.1,flow_west.2,V2V,95.05871581503864,False
42.0,flow_west.1,flow_west.3,V2V,109.55205435292454,False
42.0,flow_west.1,vehicle_0,V2V,109.02269909334596,False
42.0,flow_west.1,vehicle_1,V2V,129.54472577557377,False
42.0,flow_west.1,vehicle_2,V2V,92.20407771076891,False
42.0,flow_west.2,flow_east.1,V2V,152.07938473439157,False
42.0,flow_west.2,flow_east.2,V2V,939.5635725180862,False
42.0,flow_west.2,flow_east.3,V2V,309.2334427079288,False
42.0,flow_west.2,flow_west.1,V2V,95.05871581503864,False
42.0,flow_west.2,flow_west.3,V2V,674.283945634352,False
42.0,flow_west.2,vehicle_0,V2V,682.1841346663152,False
42.0,flow_west.2,vehicle_1,V2V,461.04246592429706,False
42.0,flow_west.2,vehicle_2,V2V,1101.861061635984,True
42.0,flow_west.3,flow_east.1,V2V,180.20980304398353,False
42.0,flow_west.3,flow_east.2,V2V,816.2777986181343,False
42.0,flow_west.3,flow_east.3,V2V,390.5634573866199,False
42.0,flow_west.3,flow_west.1,V2V,109.55205435292454,False
42.0,flow_west.3,flow_west.2,V2V,674.283945634352,False
42.0,flow_west.3,vehicle_0,V2V,1476.5101741259598,True
42.0,flow_west.3,vehicle_1,V2V,639.7716481713074,False
42.0,flow_west.3,vehicle_2,V2V,617.4722727843,False
42.0,vehicle_0,flow_east.1,V2V,179.26331980441284,False
42.0,vehicle_0,flow_east.2,V2V,831.5080636976193,False
42.0,vehicle_0,flow_east.3,V2V,387.7751520915279,False
42.0,vehicle_0,flow_west.1,V2V,109.02269909334596,False
42.0,vehicle_0,flow_west.2,V2V,682.1841346663152,False
42.0,vehicle_0,flow_west.3,V2V,1476.5101741259598,False
42.0,vehicle_0,vehicle_1,V2V,633.2084101052498,False
42.0,vehicle_0,vehicle_2,V2V,624.3540206300363,False
42.0,vehicle_1,flow_east.1,V2V,221.0533753742114,False
42.0,vehicle_1,flow_east.2,V2V,518.1730341202119,False
42.0,vehicle_1,flow_east.3,V2V,535.9700519808092,False
42.0,vehicle_1,flow_west.1,V2V,129.54472577557377,False
42.0,vehicle_1,flow_west.2,V2V,461.04246592429706,False
42.0,vehicle_1,flow_west.3,V2V,639.7716481713074,False
42.0,vehicle_1,vehicle_0,V2V,633.2084101052498,False
42.0,vehicle_1,vehicle_2,V2V,434.07726941071337,False
42.0,vehicle_2,flow_east.1,V2V,146.72332664891255,False
42.0,vehicle_2,flow_east.2,V2V,814.6226638227499,False
42.0,vehicle_2,flow_east.3,V2V,294.9623503870303,False
42.0,vehicle_2,flow_west.1,V2V,92.20407771076891,False
42.0,vehicle_2,flow_west.2,V2V,1101.861061635984,False
42.0,vehicle_2,flow_west.3,V2V,617.4722727843,False
42.0,vehicle_2,vehicle_0,V2V,624.3540206300363,False
42.0,vehicle_2,vehicle_1,V2V,434.07726941071337,False
43.0,BS_1,flow_east.1,V2I,534.9978261372823,True
43.0,BS_1,flow_east.2,V2I,430.6056712478352,False
43.0,BS_1,flow_east.3,V2I,598.8171026458018,True
43.0,BS_1,flow_west.1,V2I,369.29031496325825,True
43.0,BS_1,flow_west.2,V2I,436.6048011435362,False
43.0,BS_1,flow_west.3,V2I,485.9792833883489,True
43.0,BS_1,vehicle_0,V2I,455.3127087212257,True
43.0,BS_1,vehicle_1,V2I,515.5893702838652,True
43.0,BS_1,vehicle_2,V2I,403.31353985775553,True
43.0,flow_east.1,flow_east.2,V2V,161.99247883544243,False
43.0,flow_east.1,flow_east.3,V2V,307.7682200008818,False
43.0,flow_east.1,flow_west.1,V2V,318.0657378595193,False
43.0,flow_east.1,flow_west.2,V2V,164.9200861122167,False
43.0,flow_east.1,flow_west.3,V2V,196.922096159816,False
43.0,flow_east.1,vehicle_0,V2V,177.61302667536782,False
43.0,flow_east.1,vehicle_1,V2V,220.27269582049507,False
43.0,flow_east.1,vehicle_2,V2V,145.8765529818815,False
43.0,flow_east.2,flow_east.1,V2V,161.99247883544243,False
43.0,flow_east.2,flow_east.3,V2V,336.52922116487616,False
43.0,flow_east.2,flow_west.1,V2V,93.62366808009484,False
43.0,flow_east.2,flow_west.2,V2V,1284.1850087630726,False
43.0,flow_east.2,flow_west.3,V2V,641.4130243336377,False
43.0,flow_east.2,vehicle_0,V2V,851.7124536241374,False
43.0,flow_east.2,vehicle_1,V2V,519.1422474340515,False
43.0,flow_east.2,vehicle_2,V2V,804.6932948844094,False
43.0,flow_east.3,flow_east.1,V2V,307.7682200008818,False
43.0,flow_east.3,flow_east.2,V2V,336.52922116487616,False
43.0,flow_east.3,flow_west.1,V2V,155.34523713562018,False
43.0,flow_east.3,flow_west.2,V2V,344.6520901297803,False
43.0,flow_east.3,flow_west.3,V2V,444.5177274754267,False
43.0,flow_east.3,vehicle_0,V2V,382.2103967038647,False
43.0,flow_east.3,vehicle_1,V2V,532.0821408606605,False
43.0,flow_east.3,vehicle_2,V2V,292.363120871729,False
43.0,flow_west.1,flow_east.1,V2V,318.0657378595193,False
43.0,flow_west.1,flow_east.2,V2V,93.62366808009484,False
43.0,flow_west.1,flow_east.3,V2V,155.34523713562018,False
43.0,flow_west.1,flow_west.2,V2V,94.8985023127603,False
43.0,flow_west.1,flow_west.3,V2V,109.55205435292454,False
43.0,flow_west.1,vehicle_0,V2V,100.78659203929546,False
43.0,flow_west.1,vehicle_1,V2V,119.74693786485228,False
43.0,flow_west.1,vehicle_2,V2V,85.9321310750522,False
43.0,flow_west.2,flow_east.1,V2V,164.9200861122167,False
43.0,flow_west.2,flow_east.2,V2V,1284.1850087630726,True
43.0,flow_west.2,flow_east.3,V2V,344.6520901297803,False
43.0,flow_west.2,flow_west.1,V2V,94.8985023127603,False
43.0,flow_west.2,flow_west.3,V2V,670.3353658088656,False
43.0,flow_west.2,vehicle_0,V2V,913.0314649894414,False
43.0,flow_west.2,vehicle_1,V2V,536.942441397319,False
43.0,flow_west.2,vehicle_2,V2V,759.0545883608951,False
43.0,flow_west.3,flow_east.1,V2V,196.922096159816,False
43.0,flow_west.3,flow_east.2,V2V,641.4130243336377,False
43.0,flow_west.3,flow_east.3,V2V,444.5177274754267,False
43.0,flow_west.3,flow_west.1,V2V,109.55205435292454,False
43.0,flow_west.3,flow_west.2,V2V,670.3353658088656,False
43.0,flow_west.3,vehicle_0,V2V,828.5278134167751,False
43.0,flow_west.3,vehicle_1,V2V,815.9467663150862,False
43.0,flow_west.3,vehicle_2,V2V,514.6208391819343,False
43.0,vehicle_0,flow_east.1,V2V,177.61302667536782,False
43.0,vehicle_0,flow_east.2,V2V,851.7124536241374,False
43.0,vehicle_0,flow_east.3,V2V,382.2103967038647,False
43.0,vehicle_0,flow_west.1,V2V,100.78659203929546,False
43.0,vehicle_0,flow_west.2,V2V,913.0314649894414,False
43.0,vehicle_0,flow_west.3,V2V,828.5278134167751,False
43.0,vehicle_0,vehicle_1,V2V,624.6818341462133,False
43.0,vehicle_0,vehicle_2,V2V,628.6163652986463,False
43.0,vehicle_1,flow_east.1,V2V,220.27269582049507,False
43.0,vehicle_1,flow_east.2,V2V,519.1422474340515,False
43.0,vehicle_1,flow_east.3,V2V,532.0821408606605,False
43.0,vehicle_1,flow_west.1,V2V,119.74693786485228,False
43.0,vehicle_1,flow_west.2,V2V,536.942441397319,False
43.0,vehicle_1,flow_west.3,V2V,815.9467663150862,False
43.0,vehicle_1,vehicle_0,V2V,624.6818341462133,False
43.0,vehicle_1,vehicle_2,V2V,432.1831257564513,False
43.0,vehicle_2,flow_east.1,V2V,145.8765529818815,False
43.0,vehicle_2,flow_east.2,V2V,804.6932948844094,False
43.0,vehicle_2,flow_east.3,V2V,292.363120871729,False
43.0,vehicle_2,flow_west.1,V2V,85.9321310750522,False
43.0,vehicle_2,flow_west.2,V2V,759.0545883608951,False
43.0,vehicle_2,flow_west.3,V2V,514.6208391819343,False
43.0,vehicle_2,vehicle_0,V2V,628.6163652986463,False
43.0,vehicle_2,vehicle_1,V2V,432.1831257564513,False
44.0,BS_1,flow_east.1,V2I,546.3504268818554,True
44.0,BS_1,flow_east.2,V2I,419.9038163766986,True
44.0,BS_1,flow_east.3,V2I,588.3606159779036,True
44.0,BS_1,flow_west.1,V2I,359.51066214326494,True
44.0,BS_1,flow_west.2,V2I,448.9581836940701,False
44.0,BS_1,flow_west.3,V2I,500.4380786695991,False
44.0,BS_1,vehicle_0,V2I,442.9334316748264,False
44.0,BS_1,vehicle_1,V2I,502.3695520212981,False
44.0,BS_1,vehicle_2,V2I,392.7348102952046,True
44.0,flow_east.1,flow_east.2,V2V,161.32089574806133,False
44.0,flow_east.1,flow_east.3,V2V,306.59747864438486,False
44.0,flow_east.1,flow_west.1,V2V,286.3260103393144,False
44.0,flow_east.1,flow_west.2,V2V,179.26331980441284,False
44.0,flow_east.1,flow_west.3,V2V,215.61336045783145,False
44.0,flow_east.1,vehicle_0,V2V,176.2046544619587,False
44.0,flow_east.1,vehicle_1,V2V,218.9741667565216,False
44.0,flow_east.1,vehicle_2,V2V,144.82207005292682,False
44.0,flow_east.2,flow_east.1,V2V,161.32089574806133,False
44.0,flow_east.2,flow_east.3,V2V,335.92944104153315,False
44.0,flow_east.2,flow_west.1,V2V,87.43244139965229,False
44.0,flow_east.2,flow_west.2,V2V,812.6365909192866,False
44.0,flow_east.2,flow_west.3,V2V,534.0257649449762,False
44.0,flow_east.2,vehicle_0,V2V,863.640065208767,False
44.0,flow_east.2,vehicle_1,V2V,520.4348166892335,False
44.0,flow_east.2,vehicle_2,V2V,795.4282207993001,False
44.0,flow_east.3,flow_east.1,V2V,306.59747864438486,False
44.0,flow_east.3,flow_east.2,V2V,335.92944104153315,False
44.0,flow_east.3,flow_west.1,V2V,143.1441375310529,False
44.0,flow_east.3,flow_west.2,V2V,388.70415420106633,False
44.0,flow_east.3,flow_west.3,V2V,515.5893702838652,False
44.0,flow_east.3,vehicle_0,V2V,379.4340893655378,False
44.0,flow_east.3,vehicle_1,V2V,529.4916884979573,False
44.0,flow_east.3,vehicle_2,V2V,290.63423313352916,False
44.0,flow_west.1,flow_east.1,V2V,286.3260103393144,False
44.0,flow_west.1,flow_east.2,V2V,87.43244139965229,False
44.0,flow_west.1,flow_east.3,V2V,143.1441375310529,False
44.0,flow_west.1,flow_west.2,V2V,94.8985023127603,False
44.0,flow_west.1,flow_west.3,V2V,109.72888702437034,False
44.0,flow_west.1,vehicle_0,V2V,93.62366808009484,False
44.0,flow_west.1,vehicle_1,V2V,110.97204561909804,False
44.0,flow_west.1,vehicle_2,V2V,80.26126059557144,False
44.0,flow_west.2,flow_east.1,V2V,179.26331980441284,False
44.0,flow_west.2,flow_east.2,V2V,812.6365909192866,False
44.0,flow_west.2,flow_east.3,V2V,388.70415420106633,False
44.0,flow_west.2,flow_west.1,V2V,94.8985023127603,False
44.0,flow_west.2,flow_west.3,V2V,668.0325092049586,False
44.0,flow_west.2,vehicle_0,V2V,1303.1175817833678,False
44.0,flow_west.2,vehicle_1,V2V,645.3532265642091,False
44.0,flow_west.2,vehicle_2,V2V,605.6858282849678,False
44.0,flow_west.3,flow_east.1,V2V,215.61336045783145,False
44.0,flow_west.3,flow_east.2,V2V,534.0257649449762,False
44.0,flow_west.3,flow_east.3,V2V,515.5893702838652,False
44.0,flow_west.3,flow_west.1,V2V,109.72888702437034,False
44.0,flow_west.3,flow_west.2,V2V,668.0325092049586,False
44.0,flow_west.3,vehicle_0,V2V,641.4130243336377,False
44.0,flow_west.3,vehicle_1,V2V,1339.987096536703,False
44.0,flow_west.3,vehicle_2,V2V,440.4003224821859,False
44.0,vehicle_0,flow_east.1,V2V,176.2046544619587,False
44.0,vehicle_0,flow_east.2,V2V,863.640065208767,False
44.0,vehicle_0,flow_east.3,V2V,379.4340893655378,False
44.0,vehicle_0,flow_west.1,V2V,93.62366808009484,False
44.0,vehicle_0,flow_west.2,V2V,1303.1175817833678,True
44.0,vehicle_0,flow_west.3,V2V,641.4130243336377,False
44.0,vehicle_0,vehicle_1,V2V,621.4041499641611,False
44.0,vehicle_0,vehicle_2,V2V,628.9443063073678,False
44.0,vehicle_1,flow_east.1,V2V,218.9741667565216,False
44.0,vehicle_1,flow_east.2,V2V,520.4348166892335,False
44.0,vehicle_1,flow_east.3,V2V,529.4916884979573,False
44.0,vehicle_1,flow_west.1,V2V,110.97204561909804,False
44.0,vehicle_1,flow_west.2,V2V,645.3532265642091,False
44.0,vehicle_1,flow_west.3,V2V,1339.987096536703,True
44.0,vehicle_1,vehicle_0,V2V,621.4041499641611,False
44.0,vehicle_1,vehicle_2,V2V,430.6056712478352,False
44.0,vehicle_2,flow_east.1,V2V,144.82207005292682,False
44.0,vehicle_2,flow_east.2,V2V,795.4282207993001,False
44.0,vehicle_2,flow_east.3,V2V,290.63423313352916,False
44.0,vehicle_2,flow_west.1,V2V,80.26126059557144,False
44.0,vehicle_2,flow_west.2,V2V,605.6858282849678,False
44.0,vehicle_2,flow_west.3,V2V,440.4003224821859,False
44.0,vehicle_2,vehicle_0,V2V,628.9443063073678,False
44.0,vehicle_2,vehicle_1,V2V,430.6056712478352,False
45.0,BS_1,flow_east.1,V2I,558.0490344518188,True
45.0,BS_1,flow_east.2,V2I,409.2474987815486,False
45.0,BS_1,flow_east.3,V2I,577.2649164865487,True
45.0,BS_1,flow_west.1,V2I,349.7904749359766,True
45.0,BS_1,flow_west.2,V2I,461.67971307457674,True
45.0,BS_1,flow_west.3,V2I,514.9436619537512,True
45.0,BS_1,vehicle_0,V2I,430.2902901830227,False
45.0,BS_1,vehicle_1,V2I,489.1880687433037,True
45.0,BS_1,vehicle_2,V2I,381.90171575472925,True
45.0,flow_east.1,flow_east.2,V2V,160.65082734530716,False
45.0,flow_east.1,flow_east.3,V2V,305.4280242009065,False
45.0,flow_east.1,flow_west.1,V2V,258.42785242532756,False
45.0,flow_east.1,flow_west.2,V2V,195.1941927367622,False
45.0,flow_east.1,flow_west.3,V2V,236.905742165306,False
45.0,flow_east.1,vehicle_0,V2V,174.33573591967533,False
45.0,flow_east.1,vehicle_1,V2V,217.42025377190623,False
45.0,flow_east.1,vehicle_2,V2V,143.56255210470755,False
45.0,flow_east.2,flow_east.1,V2V,160.65082734530716,False
45.0,flow_east.2,flow_east.3,V2V,335.0302757063952,False
45.0,flow_east.2,flow_west.1,V2V,81.54453638379094,False
45.0,flow_east.2,flow_west.2,V2V,639.7716481713074,False
45.0,flow_east.2,flow_west.3,V2V,456.90331035887937,False
45.0,flow_east.2,vehicle_0,V2V,880.5417235991399,True
45.0,flow_east.2,vehicle_1,V2V,522.0509820635123,False
45.0,flow_east.2,vehicle_2,V2V,782.5273450380195,False
45.0,flow_east.3,flow_east.1,V2V,305.4280242009065,False
45.0,flow_east.3,flow_east.2,V2V,335.0302757063952,False
45.0,flow_east.3,flow_west.1,V2V,131.9202490915342,False
45.0,flow_east.3,flow_west.2,V2V,443.2502234100824,False
45.0,flow_east.3,flow_west.3,V2V,613.214437339517,False
45.0,flow_east.3,vehicle_0,V2V,375.7388049752782,False
45.0,flow_east.3,vehicle_1,V2V,525.9318051172421,False
45.0,flow_east.3,vehicle_2,V2V,288.0468798092183,False
45.0,flow_west.1,flow_east.1,V2V,258.42785242532756,False
45.0,flow_west.1,flow_east.2,V2V,81.54453638379094,False
45.0,flow_west.1,flow_east.3,V2V,131.9202490915342,False
45.0,flow_west.1,flow_west.2,V2V,94.7384797882536,False
45.0,flow_west.1,flow_west.3,V2V,109.55205435292454,False
45.0,flow_west.1,vehicle_0,V2V,86.9803589357929,False
45.0,flow_west.1,vehicle_1,V2V,102.80435320078492,False
45.0,flow_west.1,vehicle_2,V2V,74.74049585249229,False
45.0,flow_west.2,flow_east.1,V2V,195.1941927367622,False
45.0,flow_west.2,flow_east.2,V2V,639.7716481713074,False
45.0,flow_west.2,flow_east.3,V2V,443.2502234100824,False
45.0,flow_west.2,flow_west.1,V2V,94.7384797882536,False
45.0,flow_west.2,flow_west.3,V2V,665.072226133332,False
45.0,flow_west.2,vehicle_0,V2V,801.3840728964636,False
45.0,flow_west.2,vehicle_1,V2V,827.5344404477073,False
45.0,flow_west.2,vehicle_2,V2V,505.5904923481261,False
45.0,flow_west.3,flow_east.1,V2V,236.905742165306,False
45.0,flow_west.3,flow_east.2,V2V,456.90331035887937,False
45.0,flow_west.3,flow_east.3,V2V,613.214437339517,False
45.0,flow_west.3,flow_west.1,V2V,109.55205435292454,False
45.0,flow_west.3,flow_west.2,V2V,665.072226133332,False
45.0,flow_west.3,vehicle_0,V2V,528.1969167006249,False
45.0,flow_west.3,vehicle_1,V2V,902.0894248858908,False
45.0,flow_west.3,vehicle_2,V2V,381.90171575472925,False
45.0,vehicle_0,flow_east.1,V2V,174.33573591967533,False
45.0,vehicle_0,flow_east.2,V2V,880.5417235991399,False
45.0,vehicle_0,flow_east.3,V2V,375.7388049752782,False
45.0,vehicle_0,flow_west.1,V2V,86.9803589357929,False
45.0,vehicle_0,flow_west.2,V2V,801.3840728964636,False
45.0,vehicle_0,flow_west.3,V2V,528.1969167006249,False
45.0,vehicle_0,vehicle_1,V2V,616.8171050225409,False
45.0,vehicle_0,vehicle_2,V2V,628.6163652986463,False
45.0,vehicle_1,flow_east.1,V2V,217.42025377190623,False
45.0,vehicle_1,flow_east.2,V2V,522.0509820635123,False
45.0,vehicle_1,flow_east.3,V2V,525.9318051172421,False
45.0,vehicle_1,flow_west.1,V2V,102.80435320078492,False
45.0,vehicle_1,flow_west.2,V2V,827.5344404477073,False
45.0,vehicle_1,flow_west.3,V2V,902.0894248858908,False
45.0,vehicle_1,vehicle_0,V2V,616.8171050225409,False
45.0,vehicle_1,vehicle_2,V2V,428.39877904433274,False
45.0,vehicle_2,flow_east.1,V2V,143.56255210470755,False
45.0,vehicle_2,flow_east.2,V2V,782.5273450380195,False
45.0,vehicle_2,flow_east.3,V2V,288.0468798092183,False
45.0,vehicle_2,flow_west.1,V2V,74.74049585249229,False
45.0,vehicle_2,flow_west.2,V2V,505.5904923481261,False
45.0,vehicle_2,flow_west.3,V2V,381.90171575472925,False
45.0,vehicle_2,vehicle_0,V2V,628.6163652986463,False
45.0,vehicle_2,vehicle_1,V2V,428.39877904433274,False
46.0,BS_1,flow_east.1,V2I,570.0937352298885,True
46.0,BS_1,flow_east.2,V2I,399.26255092605834,False
46.0,BS_1,flow_east.3,V2I,565.5338696369089,True
46.0,BS_1,flow_west.1,V2I,341.0360491066065,True
46.0,BS_1,flow_west.2,V2I,474.7689300410301,False
46.0,BS_1,flow_west.3,V2I,529.8154290203812,True
46.0,BS_1,vehicle_0,V2I,418.9616749211352,False
46.0,BS_1,vehicle_1,V2I,475.7285366262274,False
46.0,BS_1,vehicle_2,V2I,371.437185697266,True
46.0,flow_east.1,flow_east.2,V2V,160.20495835258075,False
46.0,flow_east.1,flow_east.3,V2V,305.72026666987165,False
46.0,flow_east.1,flow_west.1,V2V,233.966218208406,False
46.0,flow_east.1,flow_west.2,V2V,213.81298947299896,False
46.0,flow_east.1,flow_west.3,V2V,262.0351873224481,False
46.0,flow_east.1,vehicle_0,V2V,173.63753103553503,False
46.0,flow_east.1,vehicle_1,V2V,216.12895268131368,False
46.0,flow_east.1,vehicle_2,V2V,142.5178543054218,False
46.0,flow_east.2,flow_east.1,V2V,160.20495835258075,False
46.0,flow_east.2,flow_east.3,V2V,333.8323362313231,False
46.0,flow_east.2,flow_west.1,V2V,76.36555301691295,False
46.0,flow_east.2,flow_west.2,V2V,534.6737873918274,False
46.0,flow_east.2,flow_west.3,V2V,398.01761471806714,False
46.0,flow_east.2,vehicle_0,V2V,889.8229869201522,True
46.0,flow_east.2,vehicle_1,V2V,525.2848047886556,False
46.0,flow_east.2,vehicle_2,V2V,769.9621727053102,False
46.0,flow_east.3,flow_east.1,V2V,305.72026666987165,False
46.0,flow_east.3,flow_east.2,V2V,333.8323362313231,False
46.0,flow_east.3,flow_west.1,V2V,122.38815609918989,False
46.0,flow_east.3,flow_west.2,V2V,511.3937734507688,False
46.0,flow_east.3,flow_west.3,V2V,762.6899877625419,False
46.0,flow_east.3,vehicle_0,V2V,373.2794615149688,False
46.0,flow_east.3,vehicle_1,V2V,520.4348166892335,False
46.0,flow_east.3,vehicle_2,V2V,285.4667976403571,False
46.0,flow_west.1,flow_east.1,V2V,233.966218208406,False
46.0,flow_west.1,flow_east.2,V2V,76.36555301691295,False
46.0,flow_west.1,flow_east.3,V2V,122.38815609918989,False
46.0,flow_west.1,flow_west.2,V2V,94.7384797882536,False
46.0,flow_west.1,flow_west.3,V2V,109.72888702437034,False
46.0,flow_west.1,vehicle_0,V2V,81.11509097246531,False
46.0,flow_west.1,vehicle_1,V2V,95.37971581470896,False
46.0,flow_west.1,vehicle_2,V2V,69.8962541993889,False
46.0,flow_west.2,flow_east.1,V2V,213.81298947299896,False
46.0,flow_west.2,flow_east.2,V2V,534.6737873918274,False
46.0,flow_west.2,flow_east.3,V2V,511.3937734507688,False
46.0,flow_west.2,flow_west.1,V2V,94.7384797882536,False
46.0,flow_west.2,flow_west.3,V2V,662.112553574384,False
46.0,flow_west.2,vehicle_0,V2V,630.9121543378973,False
46.0,flow_west.2,vehicle_1,V2V,1407.417252873292,True
46.0,flow_west.2,vehicle_2,V2V,433.4457438524507,False
46.0,flow_west.3,flow_east.1,V2V,262.0351873224481,False
46.0,flow_west.3,flow_east.2,V2V,398.01761471806714,False
46.0,flow_west.3,flow_east.3,V2V,762.6899877625419,False
46.0,flow_west.3,flow_west.1,V2V,109.72888702437034,False
46.0,flow_west.3,flow_west.2,V2V,662.112553574384,False
46.0,flow_west.3,vehicle_0,V2V,450.8631993853019,False
46.0,flow_west.3,vehicle_1,V2V,677.5752083002428,False
46.0,flow_west.3,vehicle_2,V2V,335.0302757063952,False
46.0,vehicle_0,flow_east.1,V2V,173.63753103553503,False
46.0,vehicle_0,flow_east.2,V2V,889.8229869201522,False
46.0,vehicle_0,flow_east.3,V2V,373.2794615149688,False
46.0,vehicle_0,flow_west.1,V2V,81.11509097246531,False
46.0,vehicle_0,flow_west.2,V2V,630.9121543378973,False
46.0,vehicle_0,flow_west.3,V2V,450.8631993853019,False
46.0,vehicle_0,vehicle_1,V2V,617.7998723395856,False
46.0,vehicle_0,vehicle_2,V2V,625.009657602007,False
46.0,vehicle_1,flow_east.1,V2V,216.12895268131368,False
46.0,vehicle_1,flow_east.2,V2V,525.2848047886556,False
46.0,vehicle_1,flow_east.3,V2V,520.4348166892335,False
46.0,vehicle_1,flow_west.1,V2V,95.37971581470896,False
46.0,vehicle_1,flow_west.2,V2V,1407.417252873292,False
46.0,vehicle_1,flow_west.3,V2V,677.5752083002428,False
46.0,vehicle_1,vehicle_0,V2V,617.7998723395856,False
46.0,vehicle_1,vehicle_2,V2V,427.1385155729874,False
46.0,vehicle_2,flow_east.1,V2V,142.5178543054218,False
46.0,vehicle_2,flow_east.2,V2V,769.9621727053102,False
46.0,vehicle_2,flow_east.3,V2V,285.4667976403571,False
46.0,vehicle_2,flow_west.1,V2V,69.8962541993889,False
46.0,vehicle_2,flow_west.2,V2V,433.4457438524507,False
46.0,vehicle_2,flow_west.3,V2V,335.0302757063952,False
46.0,vehicle_2,vehicle_0,V2V,625.009657602007,False
46.0,vehicle_2,vehicle_1,V2V,427.1385155729874,False
47.0,BS_1,flow_east.1,V2I,581.5055787842726,True
47.0,BS_1,flow_east.2,V2I,389.0139181100975,False
47.0,BS_1,flow_east.3,V2I,553.1720551619138,False
47.0,BS_1,flow_west.1,V2I,332.33644618515814,True
47.0,BS_1,flow_west.2,V2I,487.5833615095528,True
47.0,BS_1,flow_west.3,V2I,544.727318159924,False
47.0,BS_1,vehicle_0,V2I,407.3719427000098,False
47.0,BS_1,vehicle_1,V2I,462.9545657274758,True
47.0,BS_1,vehicle_2,V2I,361.6450064745535,True
47.0,flow_east.1,flow_east.2,V2V,159.759765222767,False
47.0,flow_east.1,flow_east.3,V2V,305.4280242009065,False
47.0,flow_east.1,flow_west.1,V2V,212.78715673696632,False
47.0,flow_east.1,flow_west.2,V2V,234.4995923670648,False
47.0,flow_east.1,flow_west.3,V2V,291.2101769675526,False
47.0,flow_east.1,vehicle_0,V2V,172.47707153375836,False
47.0,flow_east.1,vehicle_1,V2V,215.09830066985649,False
47.0,flow_east.1,vehicle_2,V2V,141.68531321846007,False
47.0,flow_east.2,flow_east.1,V2V,159.759765222767,False
47.0,flow_east.2,flow_east.3,V2V,333.2337748837411,False
47.0,flow_east.2,flow_west.1,V2V,71.56981932398963,False
47.0,flow_east.2,flow_west.2,V2V,460.086820594162,False
47.0,flow_east.2,flow_west.3,V2V,350.39617453136975,False
47.0,flow_east.2,vehicle_0,V2V,901.7578722969416,True
47.0,flow_east.2,vehicle_1,V2V,527.2260388274352,False
47.0,flow_east.2,vehicle_2,V2V,763.0205018947486,False
47.0,flow_east.3,flow_east.1,V2V,305.4280242009065,False
47.0,flow_east.3,flow_east.2,V2V,333.2337748837411,False
47.0,flow_east.3,flow_west.1,V2V,113.30548570502928,False
47.0,flow_east.3,flow_west.2,V2V,602.0872869068644,False
47.0,flow_east.3,flow_west.3,V2V,1102.5251277417783,True
47.0,flow_east.3,vehicle_0,V2V,370.5167731297862,False
47.0,flow_east.3,vehicle_1,V2V,516.8810368203327,False
47.0,flow_east.3,vehicle_2,V2V,283.7508367808584,False
47.0,flow_west.1,flow_east.1,V2V,212.78715673696632,False
47.0,flow_west.1,flow_east.2,V2V,71.56981932398963,False
47.0,flow_west.1,flow_east.3,V2V,113.30548570502928,False
47.0,flow_west.1,flow_west.2,V2V,94.41900760773112,False
47.0,flow_west.1,flow_west.3,V2V,109.72888702437034,False
47.0,flow_west.1,vehicle_0,V2V,75.82091123058629,False
47.0,flow_west.1,vehicle_1,V2V,88.79893357842431,False
47.0,flow_west.1,vehicle_2,V2V,65.54186196270129,False
47.0,flow_west.2,flow_east.1,V2V,234.4995923670648,False
47.0,flow_west.2,flow_east.2,V2V,460.086820594162,False
47.0,flow_west.2,flow_east.3,V2V,602.0872869068644,False
47.0,flow_west.2,flow_west.1,V2V,94.41900760773112,False
47.0,flow_west.2,flow_west.3,V2V,655.5377527241419,False
47.0,flow_west.2,vehicle_0,V2V,526.5788832431233,False
47.0,flow_west.2,vehicle_1,V2V,898.1108917851509,False
47.0,flow_west.2,vehicle_2,V2V,379.7423646685756,False
47.0,flow_west.3,flow_east.1,V2V,291.2101769675526,False
47.0,flow_west.3,flow_east.2,V2V,350.39617453136975,False
47.0,flow_west.3,flow_east.3,V2V,1102.5251277417783,False
47.0,flow_west.3,flow_west.1,V2V,109.72888702437034,False
47.0,flow_west.3,flow_west.2,V2V,655.5377527241419,False
47.0,flow_west.3,vehicle_0,V2V,390.87350852013617,False
47.0,flow_west.3,vehicle_1,V2V,554.4722320005012,False
47.0,flow_west.3,vehicle_2,V2V,297.2786412302355,False
47.0,vehicle_0,flow_east.1,V2V,172.47707153375836,False
47.0,vehicle_0,flow_east.2,V2V,901.7578722969416,False
47.0,vehicle_0,flow_east.3,V2V,370.5167731297862,False
47.0,vehicle_0,flow_west.1,V2V,75.82091123058629,False
47.0,vehicle_0,flow_west.2,V2V,526.5788832431233,False
47.0,vehicle_0,flow_west.3,V2V,390.87350852013617,False
47.0,vehicle_0,vehicle_1,V2V,616.1619792154722,False
47.0,vehicle_0,vehicle_2,V2V,625.665334243452,False
47.0,vehicle_1,flow_east.1,V2V,215.09830066985649,False
47.0,vehicle_1,flow_east.2,V2V,527.2260388274352,False
47.0,vehicle_1,flow_east.3,V2V,516.8810368203327,False
47.0,vehicle_1,flow_west.1,V2V,88.79893357842431,False
47.0,vehicle_1,flow_west.2,V2V,898.1108917851509,False
47.0,vehicle_1,flow_west.3,V2V,554.4722320005012,False
47.0,vehicle_1,vehicle_0,V2V,616.1619792154722,False
47.0,vehicle_1,vehicle_2,V2V,426.5086088741244,False
47.0,vehicle_2,flow_east.1,V2V,141.68531321846007,False
47.0,vehicle_2,flow_east.2,V2V,763.0205018947486,False
47.0,vehicle_2,flow_east.3,V2V,283.7508367808584,False
47.0,vehicle_2,flow_west.1,V2V,65.54186196270129,False
47.0,vehicle_2,flow_west.2,V2V,379.7423646685756,False
47.0,vehicle_2,flow_west.3,V2V,297.2786412302355,False
47.0,vehicle_2,vehicle_0,V2V,625.665334243452,False
47.0,vehicle_2,vehicle_1,V2V,426.5086088741244,False
48.0,BS_1,flow_east.1,V2I,592.2803190516009,True
48.0,BS_1,flow_east.2,V2I,379.7423646685756,False
48.0,BS_1,flow_east.3,V2I,540.8336134619022,True
48.0,BS_1,flow_west.1,V2I,323.3977756875854,True
48.0,BS_1,flow_west.2,V2I,500.4380786695991,True
48.0,BS_1,flow_west.3,V2I,559.6754825678819,True
48.0,BS_1,vehicle_0,V2I,396.4624665739206,False
48.0,BS_1,vehicle_1,V2I,450.8631993853019,True
48.0,BS_1,vehicle_2,V2I,352.51805362976535,True
48.0,flow_east.1,flow_east.2,V2V,159.5374224377531,False
48.0,flow_east.1,flow_east.3,V2V,305.13586272894787,False
48.0,flow_east.1,flow_west.1,V2V,193.47347283464975,False
48.0,flow_east.1,flow_west.2,V2V,257.8744630233903,False
48.0,flow_east.1,flow_west.3,V2V,325.4777460451084,False
48.0,flow_east.1,vehicle_0,V2V,171.55160831054454,False
48.0,flow_east.1,vehicle_1,V2V,214.32671226067512,False
48.0,flow_east.1,vehicle_2,V2V,141.06278846424212,False
48.0,flow_east.2,flow_east.1,V2V,159.5374224377531,False
48.0,flow_east.2,flow_east.3,V2V,332.33644618515814,False
48.0,flow_east.2,flow_west.1,V2V,67.13360890654889,False
48.0,flow_east.2,flow_west.2,V2V,403.001659624967,False
48.0,flow_east.2,flow_west.3,V2V,311.28807573193114,False
48.0,flow_east.2,vehicle_0,V2V,914.6894821159324,True
48.0,flow_east.2,vehicle_1,V2V,527.8732715327078,False
48.0,flow_east.2,vehicle_2,V2V,755.7500940470244,False
48.0,flow_east.3,flow_east.1,V2V,305.13586272894787,False
48.0,flow_east.3,flow_east.2,V2V,332.33644618515814,False
48.0,flow_east.3,flow_west.1,V2V,105.19319569404242,False
48.0,flow_east.3,flow_west.2,V2V,736.2621154175098,False
48.0,flow_east.3,flow_west.3,V2V,1024.5095039008172,False
48.0,flow_east.3,vehicle_0,V2V,367.7584709558008,False
48.0,flow_east.3,vehicle_1,V2V,514.2980373996521,False
48.0,flow_east.3,vehicle_2,V2V,282.0381893909563,False
48.0,flow_west.1,flow_east.1,V2V,193.47347283464975,False
48.0,flow_west.1,flow_east.2,V2V,67.13360890654889,False
48.0,flow_west.1,flow_east.3,V2V,105.19319569404242,False
48.0,flow_west.1,flow_west.2,V2V,93.94123125185416,False
48.0,flow_west.1,flow_west.3,V2V,109.72888702437034,False
48.0,flow_west.1,vehicle_0,V2V,70.79359179924599,False
48.0,flow_west.1,vehicle_1,V2V,82.8430127284178,False
48.0,flow_west.1,vehicle_2,V2V,61.51986307628826,False
48.0,flow_west.2,flow_east.1,V2V,257.8744630233903,False
48.0,flow_west.2,flow_east.2,V2V,403.001659624967,False
48.0,flow_west.2,flow_east.3,V2V,736.2621154175098,False
48.0,flow_west.2,flow_west.1,V2V,93.94123125185416,False
48.0,flow_west.2,flow_west.3,V2V,648.6376789864179,False
48.0,flow_west.2,vehicle_0,V2V,452.4515965645544,False
48.0,flow_west.2,vehicle_1,V2V,687.4530851692098,False
48.0,flow_west.2,vehicle_2,V2V,336.22929752968724,False
48.0,flow_west.3,flow_east.1,V2V,325.4777460451084,False
48.0,flow_west.3,flow_east.2,V2V,311.28807573193114,False
48.0,flow_west.3,flow_east.3,V2V,1024.5095039008172,False
48.0,flow_west.3,flow_west.1,V2V,109.72888702437034,False
48.0,flow_west.3,flow_west.2,V2V,648.6376789864179,False
48.0,flow_west.3,vehicle_0,V2V,343.1442792274149,False
48.0,flow_west.3,vehicle_1,V2V,471.5720320896032,False
48.0,flow_west.3,vehicle_2,V2V,265.3806678869849,False
48.0,vehicle_0,flow_east.1,V2V,171.55160831054454,False
48.0,vehicle_0,flow_east.2,V2V,914.6894821159324,False
48.0,vehicle_0,flow_east.3,V2V,367.7584709558008,False
48.0,vehicle_0,flow_west.1,V2V,70.79359179924599,False
48.0,vehicle_0,flow_west.2,V2V,452.4515965645544,False
48.0,vehicle_0,flow_west.3,V2V,343.1442792274149,False
48.0,vehicle_0,vehicle_1,V2V,612.5595456701654,False
48.0,vehicle_0,vehicle_2,V2V,625.665334243452,False
48.0,vehicle_1,flow_east.1,V2V,214.32671226067512,False
48.0,vehicle_1,flow_east.2,V2V,527.8732715327078,False
48.0,vehicle_1,flow_east.3,V2V,514.2980373996521,False
48.0,vehicle_1,flow_west.1,V2V,82.8430127284178,False
48.0,vehicle_1,flow_west.2,V2V,687.4530851692098,False
48.0,vehicle_1,flow_west.3,V2V,471.5720320896032,False
48.0,vehicle_1,vehicle_0,V2V,612.5595456701654,False
48.0,vehicle_1,vehicle_2,V2V,424.6197963873016,False
48.0,vehicle_2,flow_east.1,V2V,141.06278846424212,False
48.0,vehicle_2,flow_east.2,V2V,755.7500940470244,False
48.0,vehicle_2,flow_east.3,V2V,282.0381893909563,False
48.0,vehicle_2,flow_west.1,V2V,61.51986307628826,False
48.0,vehicle_2,flow_west.2,V2V,336.22929752968724,False
48.0,vehicle_2,flow_west.3,V2V,265.3806678869849,False
48.0,vehicle_2,vehicle_0,V2V,625.665334243452,False
48.0,vehicle_2,vehicle_1,V2V,424.6197963873016,False
49.0,BS_1,flow_east.1,V2I,601.7602158580457,True
49.0,BS_1,flow_east.2,V2I,371.1303275341448,False
49.0,BS_1,flow_east.3,V2I,528.5205810228591,True
49.0,BS_1,flow_west.1,V2I,315.4087894884844,True
49.0,BS_1,flow_west.2,V2I,513.9752566525522,True
49.0,BS_1,flow_west.3,V2I,573.6784742961894,True
49.0,BS_1,vehicle_0,V2I,386.5371619835307,False
49.0,BS_1,vehicle_1,V2I,439.4509725574016,True
49.0,BS_1,vehicle_2,V2I,342.8429095466832,True
49.0,flow_east.1,flow_east.2,V2V,159.0932450875486,False
49.0,flow_east.1,flow_east.3,V2V,304.25986571265724,False
49.0,flow_east.1,flow_west.1,V2V,177.61302667536782,False
49.0,flow_east.1,flow_west.2,V2V,284.03660104553563,False
49.0,flow_east.1,flow_west.3,V2V,364.3932824568967,False
49.0,flow_east.1,vehicle_0,V2V,170.39842511625605,False
49.0,flow_east.1,vehicle_1,V2V,213.29980384860173,False
49.0,flow_east.1,vehicle_2,V2V,139.6165176761328,False
49.0,flow_east.2,flow_east.1,V2V,159.0932450875486,False
49.0,flow_east.2,flow_east.3,V2V,332.33644618515814,False
49.0,flow_east.2,flow_west.1,V2V,63.38732007673663,False
49.0,flow_east.2,flow_west.2,V2V,357.98786999080045,False
49.0,flow_east.2,flow_west.3,V2V,279.75987098197317,False
49.0,flow_east.2,vehicle_0,V2V,932.266460177452,True
49.0,flow_east.2,vehicle_1,V2V,530.4629668624837,False
49.0,flow_east.2,vehicle_2,V2V,737.9130446834608,False
49.0,flow_east.3,flow_east.1,V2V,304.25986571265724,False
49.0,flow_east.3,flow_east.2,V2V,332.33644618515814,False
49.0,flow_east.3,flow_west.1,V2V,98.139075828415,False
49.0,flow_east.3,flow_west.2,V2V,995.3032356360618,False
49.0,flow_east.3,flow_west.3,V2V,741.2152444671921,False
49.0,flow_east.3,vehicle_0,V2V,365.31039167988087,False
49.0,flow_east.3,vehicle_1,V2V,512.0390164767683,False
49.0,flow_east.3,vehicle_2,V2V,279.19123019937047,False
49.0,flow_west.1,flow_east.1,V2V,177.61302667536782,False
49.0,flow_west.1,flow_east.2,V2V,63.38732007673663,False
49.0,flow_west.1,flow_east.3,V2V,98.139075828415,False
49.0,flow_west.1,flow_west.2,V2V,93.78235423865893,False
49.0,flow_west.1,flow_west.3,V2V,109.72888702437034,False
49.0,flow_west.1,vehicle_0,V2V,66.51783717831134,False
49.0,flow_west.1,vehicle_1,V2V,77.463729352743,False
49.0,flow_west.1,vehicle_2,V2V,57.80781557279788,False
49.0,flow_west.2,flow_east.1,V2V,284.03660104553563,False
49.0,flow_west.2,flow_east.2,V2V,357.98786999080045,False
49.0,flow_west.2,flow_east.3,V2V,995.3032356360618,False
49.0,flow_west.2,flow_west.1,V2V,93.78235423865893,False
49.0,flow_west.2,flow_west.3,V2V,644.0396861025454,False
49.0,flow_west.2,vehicle_0,V2V,395.52992721422106,False
49.0,flow_west.2,vehicle_1,V2V,568.4648827236722,False
49.0,flow_west.2,vehicle_2,V2V,298.72909099491807,False
49.0,flow_west.3,flow_east.1,V2V,364.3932824568967,False
49.0,flow_west.3,flow_east.2,V2V,279.75987098197317,False
49.0,flow_west.3,flow_east.3,V2V,741.2152444671921,False
49.0,flow_west.3,flow_west.1,V2V,109.72888702437034,False
49.0,flow_west.3,flow_west.2,V2V,644.0396861025454,False
49.0,flow_west.3,vehicle_0,V2V,305.13586272894787,False
49.0,flow_west.3,vehicle_1,V2V,410.1858478175368,False
49.0,flow_west.3,vehicle_2,V2V,237.97825385240088,False
49.0,vehicle_0,flow_east.1,V2V,170.39842511625605,False
49.0,vehicle_0,flow_east.2,V2V,932.266460177452,False
49.0,vehicle_0,flow_east.3,V2V,365.31039167988087,False
49.0,vehicle_0,flow_west.1,V2V,66.51783717831134,False
49.0,vehicle_0,flow_west.2,V2V,395.52992721422106,False
49.0,vehicle_0,flow_west.3,V2V,305.13586272894787,False
49.0,vehicle_0,vehicle_1,V2V,609.9404128635113,False
49.0,vehicle_0,vehicle_2,V2V,620.4210418951529,False
49.0,vehicle_1,flow_east.1,V2V,213.29980384860173,False
49.0,vehicle_1,flow_east.2,V2V,530.4629668624837,False
49.0,vehicle_1,flow_east.3,V2V,512.0390164767683,False
49.0,vehicle_1,flow_west.1,V2V,77.463729352743,False
49.0,vehicle_1,flow_west.2,V2V,568.4648827236722,False
49.0,vehicle_1,flow_west.3,V2V,410.1858478175368,False
49.0,vehicle_1,vehicle_0,V2V,609.9404128635113,False
49.0,vehicle_1,vehicle_2,V2V,421.1605559041608,False
49.0,vehicle_2,flow_east.1,V2V,139.6165176761328,False
49.0,vehicle_2,flow_east.2,V2V,737.9130446834608,False
49.0,vehicle_2,flow_east.3,V2V,279.19123019937047,False
49.0,vehicle_2,flow_west.1,V2V,57.80781557279788,False
49.0,vehicle_2,flow_west.2,V2V,298.72909099491807,False
49.0,vehicle_2,flow_west.3,V2V,237.97825385240088,False
49.0,vehicle_2,vehicle_0,V2V,620.4210418951529,False
49.0,vehicle_2,vehicle_1,V2V,421.1605559041608,False
50.0,BS_1,flow_east.1,V2I,609.9404128635113,True
50.0,BS_1,flow_east.2,V2I,361.9501428162096,False
50.0,BS_1,flow_east.3,V2I,516.2351620266729,False
50.0,BS_1,flow_east.4,V2I,450.2280649274024,True
50.0,BS_1,flow_west.1,V2I,307.47541450664505,True
50.0,BS_1,flow_west.2,V2I,527.5496455609891,False
50.0,BS_1,flow_west.3,V2I,587.7075091277181,True
50.0,BS_1,flow_west.4,V2I,296.40939047523096,True
50.0,BS_1,vehicle_0,V2I,377.5855153888324,False
50.0,BS_1,vehicle_1,V2I,427.4535252977483,True
50.0,BS_1,vehicle_2,V2I,334.1317191912465,True
50.0,flow_east.1,flow_east.2,V2V,158.42825158303515,False
50.0,flow_east.1,flow_east.3,V2V,303.9680296470533,False
50.0,flow_east.1,flow_east.4,V2V,232.3690113402238,False
50.0,flow_east.1,flow_west.1,V2V,163.34017450348534,False
50.0,flow_east.1,flow_west.2,V2V,314.5245080836519,False
50.0,flow_east.1,flow_west.3,V2V,412.68995161733034,False
50.0,flow_east.1,flow_west.4,V2V,113.66732463329026,False
50.0,flow_east.1,vehicle_0,V2V,170.16827604304115,False
50.0,flow_east.1,vehicle_1,V2V,211.50790380132855,False
50.0,flow_east.1,vehicle_2,V2V,138.38388343162617,False
50.0,flow_east.2,flow_east.1,V2V,158.42825158303515,False
50.0,flow_east.2,flow_east.3,V2V,330.5436492879327,False
50.0,flow_east.2,flow_east.4,V2V,459.1314472672105,False
50.0,flow_east.2,flow_west.1,V2V,59.69678376047192,False
50.0,flow_east.2,flow_west.2,V2V,318.9527431794668,False
50.0,flow_east.2,flow_west.3,V2V,250.9934980158156,False
50.0,flow_east.2,flow_west.4,V2V,462.63580792794306,False
50.0,flow_east.2,vehicle_0,V2V,919.9953613232226,True
50.0,flow_east.2,vehicle_1,V2V,533.0538694888579,False
50.0,flow_east.2,vehicle_2,V2V,728.9994165398707,False
50.0,flow_east.3,flow_east.1,V2V,303.9680296470533,False
50.0,flow_east.3,flow_east.2,V2V,330.5436492879327,False
50.0,flow_east.3,flow_east.4,V2V,596.5286777913177,False
50.0,flow_east.3,flow_west.1,V2V,91.57810618425424,False
50.0,flow_east.3,flow_west.2,V2V,1188.8640732251097,False
50.0,flow_east.3,flow_west.3,V2V,600.1250355005394,False
50.0,flow_east.3,flow_west.4,V2V,214.32671226067512,False
50.0,flow_east.3,vehicle_0,V2V,365.00463249268927,False
50.0,flow_east.3,vehicle_1,V2V,505.91270984992025,False
50.0,flow_east.3,vehicle_2,V2V,276.35372107940583,False
50.0,flow_east.4,flow_east.1,V2V,232.3690113402238,False
50.0,flow_east.4,flow_east.2,V2V,459.1314472672105,False
50.0,flow_east.4,flow_east.3,V2V,596.5286777913177,False
50.0,flow_east.4,flow_west.1,V2V,77.18807217779923,False
50.0,flow_east.4,flow_west.2,V2V,564.2315825043563,False
50.0,flow_east.4,flow_west.3,V2V,405.18573936939765,False
50.0,flow_east.4,flow_west.4,V2V,277.7712846982851,False
50.0,flow_east.4,vehicle_0,V2V,520.7580095722025,False
50.0,flow_east.4,vehicle_1,V2V,874.2444801121302,False
50.0,flow_east.4,vehicle_2,V2V,370.5167731297862,False
50.0,flow_west.1,flow_east.1,V2V,163.34017450348534,False
50.0,flow_west.1,flow_east.2,V2V,59.69678376047192,False
50.0,flow_west.1,flow_east.3,V2V,91.57810618425424,False
50.0,flow_west.1,flow_east.4,V2V,77.18807217779923,False
50.0,flow_west.1,flow_west.2,V2V,93.62366808009484,False
50.0,flow_west.1,flow_west.3,V2V,109.90591010812048,False
50.0,flow_west.1,flow_west.4,V2V,47.47664990653472,False
50.0,flow_west.1,vehicle_0,V2V,62.681791686998366,False
50.0,flow_west.1,vehicle_1,V2V,72.48370736818211,False
50.0,flow_west.1,vehicle_2,V2V,54.38419706846483,False
50.0,flow_west.2,flow_east.1,V2V,314.5245080836519,False
50.0,flow_west.2,flow_east.2,V2V,318.9527431794668,False
50.0,flow_west.2,flow_east.3,V2V,1188.8640732251097,True
50.0,flow_west.2,flow_east.4,V2V,564.2315825043563,False
50.0,flow_west.2,flow_west.1,V2V,93.62366808009484,False
50.0,flow_west.2,flow_west.3,V2V,637.4740986178092,False
50.0,flow_west.2,flow_west.4,V2V,208.19778812893543,False
50.0,flow_west.2,vehicle_0,V2V,351.6083105509803,False
50.0,flow_west.2,vehicle_1,V2V,482.4525595247408,False
50.0,flow_west.2,vehicle_2,V2V,267.33901436821867,False
50.0,flow_west.3,flow_east.1,V2V,412.68995161733034,False
50.0,flow_west.3,flow_east.2,V2V,250.9934980158156,False
50.0,flow_west.3,flow_east.3,V2V,600.1250355005394,False
50.0,flow_west.3,flow_east.4,V2V,405.18573936939765,False
50.0,flow_west.3,flow_west.1,V2V,109.90591010812048,False
50.0,flow_west.3,flow_west.2,V2V,637.4740986178092,False
50.0,flow_west.3,flow_west.4,V2V,170.16827604304115,False
50.0,flow_west.3,vehicle_0,V2V,273.80817108879745,False
50.0,flow_west.3,vehicle_1,V2V,358.29231163506836,False
50.0,flow_west.3,vehicle_2,V2V,214.0697838057939,False
50.0,flow_west.4,flow_east.1,V2V,113.66732463329026,False
50.0,flow_west.4,flow_east.2,V2V,462.63580792794306,False
50.0,flow_west.4,flow_east.3,V2V,214.32671226067512,False
50.0,flow_west.4,flow_east.4,V2V,277.7712846982851,False
50.0,flow_west.4,flow_west.1,V2V,47.47664990653472,False
50.0,flow_west.4,flow_west.2,V2V,208.19778812893543,False
50.0,flow_west.4,flow_west.3,V2V,170.16827604304115,False
50.0,flow_west.4,vehicle_0,V2V,412.37679329280274,False
50.0,flow_west.4,vehicle_1,V2V,308.9402392684795,False
50.0,flow_west.4,vehicle_2,V2V,601.7602158580457,False
50.0,vehicle_0,flow_east.1,V2V,170.16827604304115,False
50.0,vehicle_0,flow_east.2,V2V,919.9953613232226,False
50.0,vehicle_0,flow_east.3,V2V,365.00463249268927,False
50.0,vehicle_0,flow_east.4,V2V,520.7580095722025,False
50.0,vehicle_0,flow_west.1,V2V,62.681791686998366,False
50.0,vehicle_0,flow_west.2,V2V,351.6083105509803,False
50.0,vehicle_0,flow_west.3,V2V,273.80817108879745,False
50.0,vehicle_0,flow_west.4,V2V,412.37679329280274,False
50.0,vehicle_0,vehicle_1,V2V,617.7998723395856,False
50.0,vehicle_0,vehicle_2,V2V,610.2677662452637,False
50.0,vehicle_1,flow_east.1,V2V,211.50790380132855,False
50.0,vehicle_1,flow_east.2,V2V,533.0538694888579,False
50.0,vehicle_1,flow_east.3,V2V,505.91270984992025,False
50.0,vehicle_1,flow_east.4,V2V,874.2444801121302,False
50.0,vehicle_1,flow_west.1,V2V,72.48370736818211,False
50.0,vehicle_1,flow_west.2,V2V,482.4525595247408,False
50.0,vehicle_1,flow_west.3,V2V,358.29231163506836,False
50.0,vehicle_1,flow_west.4,V2V,308.9402392684795,False
50.0,vehicle_1,vehicle_0,V2V,617.7998723395856,False
50.0,vehicle_1,vehicle_2,V2V,420.2179423928691,False
50.0,vehicle_2,flow_east.1,V2V,138.38388343162617,False
50.0,vehicle_2,flow_east.2,V2V,728.9994165398707,False
50.0,vehicle_2,flow_east.3,V2V,276.35372107940583,False
50.0,vehicle_2,flow_east.4,V2V,370.5167731297862,False
50.0,vehicle_2,flow_west.1,V2V,54.38419706846483,False
50.0,vehicle_2,flow_west.2,V2V,267.33901436821867,False
50.0,vehicle_2,flow_west.3,V2V,214.0697838057939,False
50.0,vehicle_2,flow_west.4,V2V,601.7602158580457,False
50.0,vehicle_2,vehicle_0,V2V,610.2677662452637,False
50.0,vehicle_2,vehicle_1,V2V,420.2179423928691,False
51.0,BS_1,flow_east.1,V2I,616.8171050225409,True
51.0,BS_1,flow_east.2,V2I,353.1248525477858,False
51.0,BS_1,flow_east.3,V2I,503.6576574030946,True
51.0,BS_1,flow_east.4,V2I,437.5532099284727,False
51.0,BS_1,flow_west.1,V2I,299.6003735546603,True
51.0,BS_1,flow_west.2,V2I,541.4823901665318,True
51.0,BS_1,flow_west.3,V2I,600.7790725620725,True
51.0,BS_1,flow_west.4,V2I,303.9680296470533,False
51.0,BS_1,vehicle_0,V2I,368.0647299718096,False
51.0,BS_1,vehicle_1,V2I,415.8237911663131,False
51.0,BS_1,vehicle_2,V2I,325.4777460451084,False
51.0,flow_east.1,flow_east.2,V2V,157.76478824134983,False
51.0,flow_east.1,flow_east.3,V2V,302.80150387949567,False
51.0,flow_east.1,flow_east.4,V2V,230.24625574784167,False
51.0,flow_east.1,flow_west.1,V2V,150.13860275087953,False
51.0,flow_east.1,flow_west.2,V2V,351.30518473346393,False
51.0,flow_east.1,flow_west.3,V2V,473.170134747745,False
51.0,flow_east.1,flow_west.4,V2V,122.57822106445828,False
51.0,flow_east.1,vehicle_0,V2V,169.24930978921546,False
51.0,flow_east.1,vehicle_1,V2V,209.72265832149705,False
51.0,flow_east.1,vehicle_2,V2V,137.56574175692347,False
51.0,flow_east.2,flow_east.1,V2V,157.76478824134983,False
51.0,flow_east.2,flow_east.3,V2V,329.94660531236724,False
51.0,flow_east.2,flow_east.4,V2V,461.9983815384903,False
51.0,flow_east.2,flow_west.1,V2V,56.181696369469016,False
51.0,flow_east.2,flow_west.2,V2V,285.75311094852805,False
51.0,flow_east.2,flow_west.3,V2V,226.55052395897073,False
51.0,flow_east.2,flow_west.4,V2V,542.1312369102773,False
51.0,flow_east.2,vehicle_0,V2V,922.980065240602,True
51.0,flow_east.2,vehicle_1,V2V,535.9700519808092,False
51.0,flow_east.2,vehicle_2,V2V,722.0690317755863,False
51.0,flow_east.3,flow_east.1,V2V,302.80150387949567,False
51.0,flow_east.3,flow_east.2,V2V,329.94660531236724,False
51.0,flow_east.3,flow_east.4,V2V,590.3202412975794,False
51.0,flow_east.3,flow_west.1,V2V,85.33730750344964,False
51.0,flow_east.3,flow_west.2,V2V,794.104831839203,False
51.0,flow_east.3,flow_west.3,V2V,505.5904923481261,False
51.0,flow_east.3,flow_west.4,V2V,236.63791232915,False
51.0,flow_east.3,vehicle_0,V2V,364.08769182573,False
51.0,flow_east.3,vehicle_1,V2V,502.04758253040495,False
51.0,flow_east.3,vehicle_2,V2V,274.6558162325551,False
51.0,flow_east.4,flow_east.1,V2V,230.24625574784167,False
51.0,flow_east.4,flow_east.2,V2V,461.9983815384903,False
51.0,flow_east.4,flow_east.3,V2V,590.3202412975794,False
51.0,flow_east.4,flow_west.1,V2V,71.9603909017507,False
51.0,flow_east.4,flow_west.2,V2V,478.2886817049466,False
51.0,flow_east.4,flow_west.3,V2V,354.339174713274,False
51.0,flow_east.4,flow_west.4,V2V,312.16980846719105,False
51.0,flow_east.4,vehicle_0,V2V,523.6676465667733,False
51.0,flow_east.4,vehicle_1,V2V,876.8958742535236,True
51.0,flow_east.4,vehicle_2,V2V,370.5167731297862,False
51.0,flow_west.1,flow_east.1,V2V,150.13860275087953,False
51.0,flow_west.1,flow_east.2,V2V,56.181696369469016,False
51.0,flow_west.1,flow_east.3,V2V,85.33730750344964,False
51.0,flow_west.1,flow_east.4,V2V,71.9603909017507,False
51.0,flow_west.1,flow_west.2,V2V,93.30686824793796,False
51.0,flow_west.1,flow_west.3,V2V,109.72888702437034,False
51.0,flow_west.1,flow_west.4,V2V,47.383574623216816,False
51.0,flow_west.1,vehicle_0,V2V,58.91301162502908,False
51.0,flow_west.1,vehicle_1,V2V,67.75384831740229,False
51.0,flow_west.1,vehicle_2,V2V,51.2284991212,False
51.0,flow_west.2,flow_east.1,V2V,351.30518473346393,False
51.0,flow_west.2,flow_east.2,V2V,285.75311094852805,False
51.0,flow_west.2,flow_east.3,V2V,794.104831839203,False
51.0,flow_west.2,flow_east.4,V2V,478.2886817049466,False
51.0,flow_west.2,flow_west.1,V2V,93.30686824793796,False
51.0,flow_west.2,flow_west.3,V2V,632.5522898299589,False
51.0,flow_west.2,flow_west.4,V2V,208.95960452675857,False
51.0,flow_west.2,vehicle_0,V2V,313.0522412418655,False
51.0,flow_west.2,vehicle_1,V2V,417.392232674608,False
51.0,flow_west.2,vehicle_2,V2V,240.66782055710857,False
51.0,flow_west.3,flow_east.1,V2V,473.170134747745,False
51.0,flow_west.3,flow_east.2,V2V,226.55052395897073,False
51.0,flow_west.3,flow_east.3,V2V,505.5904923481261,False
51.0,flow_west.3,flow_east.4,V2V,354.339174713274,False
51.0,flow_west.3,flow_west.1,V2V,109.72888702437034,False
51.0,flow_west.3,flow_west.2,V2V,632.5522898299589,False
51.0,flow_west.3,flow_west.4,V2V,169.93828982954145,False
51.0,flow_west.3,vehicle_0,V2V,245.8101056281785,False
51.0,flow_west.3,vehicle_1,V2V,316.2937573638574,False
51.0,flow_west.3,vehicle_2,V2V,193.7188480385982,False
51.0,flow_west.4,flow_east.1,V2V,122.57822106445828,False
51.0,flow_west.4,flow_east.2,V2V,542.1312369102773,False
51.0,flow_west.4,flow_east.3,V2V,236.63791232915,False
51.0,flow_west.4,flow_east.4,V2V,312.16980846719105,False
51.0,flow_west.4,flow_west.1,V2V,47.383574623216816,False
51.0,flow_west.4,flow_west.2,V2V,208.95960452675857,False
51.0,flow_west.4,flow_west.3,V2V,169.93828982954145,False
51.0,flow_west.4,vehicle_0,V2V,476.3684106313096,False
51.0,flow_west.4,vehicle_1,V2V,349.18502219489454,False
51.0,flow_west.4,vehicle_2,V2V,758.0631982021108,True
51.0,vehicle_0,flow_east.1,V2V,169.24930978921546,False
51.0,vehicle_0,flow_east.2,V2V,922.980065240602,False
51.0,vehicle_0,flow_east.3,V2V,364.08769182573,False
51.0,vehicle_0,flow_east.4,V2V,523.6676465667733,False
51.0,vehicle_0,flow_west.1,V2V,58.91301162502908,False
51.0,vehicle_0,flow_west.2,V2V,313.0522412418655,False
51.0,vehicle_0,flow_west.3,V2V,245.8101056281785,False
51.0,vehicle_0,flow_west.4,V2V,476.3684106313096,False
51.0,vehicle_0,vehicle_1,V2V,620.7487343818866,False
51.0,vehicle_0,vehicle_2,V2V,606.6674877455755,False
51.0,vehicle_1,flow_east.1,V2V,209.72265832149705,False
51.0,vehicle_1,flow_east.2,V2V,535.9700519808092,False
51.0,vehicle_1,flow_east.3,V2V,502.04758253040495,False
51.0,vehicle_1,flow_east.4,V2V,876.8958742535236,False
51.0,vehicle_1,flow_west.1,V2V,67.75384831740229,False
51.0,vehicle_1,flow_west.2,V2V,417.392232674608,False
51.0,vehicle_1,flow_west.3,V2V,316.2937573638574,False
51.0,vehicle_1,flow_west.4,V2V,349.18502219489454,False
51.0,vehicle_1,vehicle_0,V2V,620.7487343818866,False
51.0,vehicle_1,vehicle_2,V2V,419.589729738748,False
51.0,vehicle_2,flow_east.1,V2V,137.56574175692347,False
51.0,vehicle_2,flow_east.2,V2V,722.0690317755863,False
51.0,vehicle_2,flow_east.3,V2V,274.6558162325551,False
51.0,vehicle_2,flow_east.4,V2V,370.5167731297862,False
51.0,vehicle_2,flow_west.1,V2V,51.2284991212,False
51.0,vehicle_2,flow_west.2,V2V,240.66782055710857,False
51.0,vehicle_2,flow_west.3,V2V,193.7188480385982,False
51.0,vehicle_2,flow_west.4,V2V,758.0631982021108,False
51.0,vehicle_2,vehicle_0,V2V,606.6674877455755,False
51.0,vehicle_2,vehicle_1,V2V,419.589729738748,False
52.0,BS_1,flow_east.1,V2I,622.3873495175933,True
52.0,BS_1,flow_east.2,V2I,345.2556614131326,False
52.0,BS_1,flow_east.3,V2I,491.4357030047008,True
52.0,BS_1,flow_east.4,V2I,425.8788530274697,False
52.0,BS_1,flow_west.2,V2I,555.4475331231832,True
52.0,BS_1,flow_west.3,V2I,611.9046971938343,True
52.0,BS_1,flow_west.4,V2I,311.8758195892976,False
52.0,BS_1,vehicle_0,V2I,359.2059871505013,False
52.0,BS_1,vehicle_1,V2I,404.5614985753256,False
52.0,BS_1,vehicle_2,V2I,317.4747760328183,False
52.0,flow_east.1,flow_east.2,V2V,157.76478824134983,False
52.0,flow_east.1,flow_east.3,V2V,302.80150387949567,False
52.0,flow_east.1,flow_east.4,V2V,229.1878395509715,False
52.0,flow_east.1,flow_west.2,V2V,395.84072765875015,False
52.0,flow_east.1,flow_west.3,V2V,553.4970751947817,False
52.0,flow_east.1,flow_west.4,V2V,132.51826855845437,False
52.0,flow_east.1,vehicle_0,V2V,169.0199764552499,False
52.0,flow_east.1,vehicle_1,V2V,208.7055280151968,False
52.0,flow_east.1,vehicle_2,V2V,136.75049888873656,False
52.0,flow_east.2,flow_east.1,V2V,157.76478824134983,False
52.0,flow_east.2,flow_east.3,V2V,329.94660531236724,False
52.0,flow_east.2,flow_east.4,V2V,465.5056903704867,False
52.0,flow_east.2,flow_west.2,V2V,258.15110450442285,False
52.0,flow_east.2,flow_west.3,V2V,205.91980858011797,False
52.0,flow_east.2,flow_west.4,V2V,650.9372987753358,False
52.0,flow_east.2,vehicle_0,V2V,931.9347867511144,True
52.0,flow_east.2,vehicle_1,V2V,540.8336134619022,False
52.0,flow_east.2,vehicle_2,V2V,711.512802438463,False
52.0,flow_east.3,flow_east.1,V2V,302.80150387949567,False
52.0,flow_east.3,flow_east.2,V2V,329.94660531236724,False
52.0,flow_east.3,flow_east.4,V2V,584.4427470435247,False
52.0,flow_east.3,flow_west.2,V2V,633.8645678860472,False
52.0,flow_east.3,flow_west.3,V2V,436.92090220846706,False
52.0,flow_east.3,flow_west.4,V2V,261.4790579940681,False
52.0,flow_east.3,vehicle_0,V2V,362.86589442376345,False
52.0,flow_east.3,vehicle_1,V2V,497.8640756958412,False
52.0,flow_east.3,vehicle_2,V2V,272.96140311206483,False
52.0,flow_east.4,flow_east.1,V2V,229.1878395509715,False
52.0,flow_east.4,flow_east.2,V2V,465.5056903704867,False
52.0,flow_east.4,flow_east.3,V2V,584.4427470435247,False
52.0,flow_east.4,flow_west.2,V2V,414.5697654032509,False
52.0,flow_east.4,flow_west.3,V2V,313.3465404214037,False
52.0,flow_east.4,flow_west.4,V2V,352.51805362976535,False
52.0,flow_east.4,vehicle_0,V2V,525.9318051172421,False
52.0,flow_east.4,vehicle_1,V2V,876.8958742535236,True
52.0,flow_east.4,vehicle_2,V2V,370.2100770993472,False
52.0,flow_west.2,flow_east.1,V2V,395.84072765875015,False
52.0,flow_west.2,flow_east.2,V2V,258.15110450442285,False
52.0,flow_west.2,flow_east.3,V2V,633.8645678860472,False
52.0,flow_west.2,flow_east.4,V2V,414.5697654032509,False
52.0,flow_west.2,flow_west.3,V2V,629.2722569700819,False
52.0,flow_west.2,flow_west.4,V2V,209.4681698477862,False
52.0,flow_west.2,vehicle_0,V2V,280.6135381981077,False
52.0,flow_west.2,vehicle_1,V2V,366.2280046175333,False
52.0,flow_west.2,vehicle_2,V2V,217.42025377190623,False
52.0,flow_west.3,flow_east.1,V2V,553.4970751947817,False
52.0,flow_west.3,flow_east.2,V2V,205.91980858011797,False
52.0,flow_west.3,flow_east.3,V2V,436.92090220846706,False
52.0,flow_west.3,flow_east.4,V2V,313.3465404214037,False
52.0,flow_west.3,flow_west.2,V2V,629.2722569700819,False
52.0,flow_west.3,flow_west.4,V2V,169.93828982954145,False
52.0,flow_west.3,vehicle_0,V2V,222.3570968089231,False
52.0,flow_west.3,vehicle_1,V2V,281.75307262067446,False
52.0,flow_west.3,vehicle_2,V2V,176.2046544619587,False
52.0,flow_west.4,flow_east.1,V2V,132.51826855845437,False
52.0,flow_west.4,flow_east.2,V2V,650.9372987753358,False
52.0,flow_west.4,flow_east.3,V2V,261.4790579940681,False
52.0,flow_west.4,flow_east.4,V2V,352.51805362976535,False
52.0,flow_west.4,flow_west.2,V2V,209.4681698477862,False
52.0,flow_west.4,flow_west.3,V2V,169.93828982954145,False
52.0,flow_west.4,vehicle_0,V2V,560.3261704082312,False
52.0,flow_west.4,vehicle_1,V2V,397.3954186299013,False
52.0,flow_west.4,vehicle_2,V2V,1119.127240208689,True
52.0,vehicle_0,flow_east.1,V2V,169.0199764552499,False
52.0,vehicle_0,flow_east.2,V2V,931.9347867511144,False
52.0,vehicle_0,flow_east.3,V2V,362.86589442376345,False
52.0,vehicle_0,flow_east.4,V2V,525.9318051172421,False
52.0,vehicle_0,flow_west.2,V2V,280.6135381981077,False
52.0,vehicle_0,flow_west.3,V2V,222.3570968089231,False
52.0,vehicle_0,flow_west.4,V2V,560.3261704082312,False
52.0,vehicle_0,vehicle_1,V2V,624.3540206300363,False
52.0,vehicle_0,vehicle_2,V2V,602.7414637741863,False
52.0,vehicle_1,flow_east.1,V2V,208.7055280151968,False
52.0,vehicle_1,flow_east.2,V2V,540.8336134619022,False
52.0,vehicle_1,flow_east.3,V2V,497.8640756958412,False
52.0,vehicle_1,flow_east.4,V2V,876.8958742535236,False
52.0,vehicle_1,flow_west.2,V2V,366.2280046175333,False
52.0,vehicle_1,flow_west.3,V2V,281.75307262067446,False
52.0,vehicle_1,flow_west.4,V2V,397.3954186299013,False
52.0,vehicle_1,vehicle_0,V2V,624.3540206300363,False
52.0,vehicle_1,vehicle_2,V2V,419.2756825598887,False
52.0,vehicle_2,flow_east.1,V2V,136.75049888873656,False
52.0,vehicle_2,flow_east.2,V2V,711.512802438463,False
52.0,vehicle_2,flow_east.3,V2V,272.96140311206483,False
52.0,vehicle_2,flow_east.4,V2V,370.2100770993472,False
52.0,vehicle_2,flow_west.2,V2V,217.42025377190623,False
52.0,vehicle_2,flow_west.3,V2V,176.2046544619587,False
52.0,vehicle_2,flow_west.4,V2V,1119.127240208689,False
52.0,vehicle_2,vehicle_0,V2V,602.7414637741863,False
52.0,vehicle_2,vehicle_1,V2V,419.2756825598887,False
53.0,BS_1,flow_east.1,V2I,175.9704814761637,True
53.0,BS_1,flow_east.2,V2I,336.82921182264226,False
53.0,BS_1,flow_east.3,V2I,479.8896444688973,True
53.0,BS_1,flow_east.4,V2I,413.9429968260788,False
53.0,BS_1,flow_west.2,V2I,569.1163802041732,True
53.0,BS_1,flow_west.3,V2I,621.0764370791719,True
53.0,BS_1,flow_west.4,V2I,320.1364614448397,False
53.0,BS_1,vehicle_0,V2I,351.0021200468714,False
53.0,BS_1,vehicle_1,V2I,393.9766188247889,False
53.0,BS_1,vehicle_2,V2I,309.2334427079288,False
53.0,flow_east.1,flow_east.2,V2V,156.88255676497917,False
53.0,flow_east.1,flow_east.3,V2V,302.51007777476855,False
53.0,flow_east.1,flow_east.4,V2V,226.55052395897073,False
53.0,flow_east.1,flow_west.2,V2V,448.9581836940701,False
53.0,flow_east.1,flow_west.3,V2V,660.7973427817565,False
53.0,flow_east.1,flow_west.4,V2V,143.1441375310529,False
53.0,flow_east.1,vehicle_0,V2V,168.3329584985145,False
53.0,flow_east.1,vehicle_1,V2V,206.93085620168296,False
53.0,flow_east.1,vehicle_2,V2V,135.53308309524897,False
53.0,flow_east.2,flow_east.1,V2V,156.88255676497917,False
53.0,flow_east.2,flow_east.3,V2V,327.85915682308956,False
53.0,flow_east.2,flow_east.4,V2V,468.37793439116825,False
53.0,flow_east.2,flow_west.2,V2V,233.16706683078783,False
53.0,flow_east.2,flow_west.3,V2V,187.62916169988776,False
53.0,flow_east.2,flow_west.4,V2V,842.4372774553422,False
53.0,flow_east.2,vehicle_0,V2V,920.9902510501804,True
53.0,flow_east.2,vehicle_1,V2V,542.7801533863584,False
53.0,flow_east.2,vehicle_2,V2V,704.9179825643005,False
53.0,flow_east.3,flow_east.1,V2V,302.51007777476855,False
53.0,flow_east.3,flow_east.2,V2V,327.85915682308956,False
53.0,flow_east.3,flow_east.4,V2V,574.3304292310444,False
53.0,flow_east.3,flow_west.2,V2V,534.9978261372823,False
53.0,flow_east.3,flow_west.3,V2V,385.29995398060856,False
53.0,flow_east.3,flow_west.4,V2V,290.34639376762107,False
53.0,flow_east.3,vehicle_0,V2V,361.6450064745535,False
53.0,flow_east.3,vehicle_1,V2V,492.0781057320576,False
53.0,flow_east.3,vehicle_2,V2V,270.14523289701515,False
53.0,flow_east.4,flow_east.1,V2V,226.55052395897073,False
53.0,flow_east.4,flow_east.2,V2V,468.37793439116825,False
53.0,flow_east.4,flow_east.3,V2V,574.3304292310444,False
53.0,flow_east.4,flow_west.2,V2V,362.86589442376345,False
53.0,flow_east.4,flow_west.3,V2V,279.19123019937047,False
53.0,flow_east.4,flow_west.4,V2V,403.31353985775553,False
53.0,flow_east.4,vehicle_0,V2V,532.4060317992868,False
53.0,flow_east.4,vehicle_1,V2V,882.8619173473818,True
53.0,flow_east.4,vehicle_2,V2V,370.2100770993472,False
53.0,flow_west.2,flow_east.1,V2V,448.9581836940701,False
53.0,flow_west.2,flow_east.2,V2V,233.16706683078783,False
53.0,flow_west.2,flow_east.3,V2V,534.9978261372823,False
53.0,flow_west.2,flow_east.4,V2V,362.86589442376345,False
53.0,flow_west.2,flow_west.3,V2V,627.9605123299674,False
53.0,flow_west.2,flow_west.4,V2V,209.97728378007707,False
53.0,flow_west.2,vehicle_0,V2V,253.46280863324532,False
53.0,flow_west.2,vehicle_1,V2V,324.5858971233357,False
53.0,flow_west.2,vehicle_2,V2V,197.1695226499874,False
53.0,flow_west.3,flow_east.1,V2V,660.7973427817565,False
53.0,flow_west.3,flow_east.2,V2V,187.62916169988776,False
53.0,flow_west.3,flow_east.3,V2V,385.29995398060856,False
53.0,flow_west.3,flow_east.4,V2V,279.19123019937047,False
53.0,flow_west.3,flow_west.2,V2V,627.9605123299674,False
53.0,flow_west.3,flow_west.4,V2V,170.39842511625605,False
53.0,flow_west.3,vehicle_0,V2V,202.3987887016321,False
53.0,flow_west.3,vehicle_1,V2V,252.91330411827303,False
53.0,flow_west.3,vehicle_2,V2V,160.65082734530716,False
53.0,flow_west.4,flow_east.1,V2V,143.1441375310529,False
53.0,flow_west.4,flow_east.2,V2V,842.4372774553422,False
53.0,flow_west.4,flow_east.3,V2V,290.34639376762107,False
53.0,flow_west.4,flow_east.4,V2V,403.31353985775553,False
53.0,flow_west.4,flow_west.2,V2V,209.97728378007707,False
53.0,flow_west.4,flow_west.3,V2V,170.39842511625605,False
53.0,flow_west.4,vehicle_0,V2V,680.2087172270918,False
53.0,flow_west.4,vehicle_1,V2V,459.1314472672105,False
53.0,flow_west.4,vehicle_2,V2V,976.7204686136467,True
53.0,vehicle_0,flow_east.1,V2V,168.3329584985145,False
53.0,vehicle_0,flow_east.2,V2V,920.9902510501804,False
53.0,vehicle_0,flow_east.3,V2V,361.6450064745535,False
53.0,vehicle_0,flow_east.4,V2V,532.4060317992868,False
53.0,vehicle_0,flow_west.2,V2V,253.46280863324532,False
53.0,vehicle_0,flow_west.3,V2V,202.3987887016321,False
53.0,vehicle_0,flow_west.4,V2V,680.2087172270918,False
53.0,vehicle_0,vehicle_1,V2V,630.5841557288329,False
53.0,vehicle_0,vehicle_2,V2V,594.5676402537566,False
53.0,vehicle_1,flow_east.1,V2V,206.93085620168296,False
53.0,vehicle_1,flow_east.2,V2V,542.7801533863584,False
53.0,vehicle_1,flow_east.3,V2V,492.0781057320576,False
53.0,vehicle_1,flow_east.4,V2V,882.8619173473818,False
53.0,vehicle_1,flow_west.2,V2V,324.5858971233357,False
53.0,vehicle_1,flow_west.3,V2V,252.91330411827303,False
53.0,vehicle_1,flow_west.4,V2V,459.1314472672105,False
53.0,vehicle_1,vehicle_0,V2V,630.5841557288329,False
53.0,vehicle_1,vehicle_2,V2V,418.0198900578282,False
53.0,vehicle_2,flow_east.1,V2V,135.53308309524897,False
53.0,vehicle_2,flow_east.2,V2V,704.9179825643005,False
53.0,vehicle_2,flow_east.3,V2V,270.14523289701515,False
53.0,vehicle_2,flow_east.4,V2V,370.2100770993472,False
53.0,vehicle_2,flow_west.2,V2V,197.1695226499874,False
53.0,vehicle_2,flow_west.3,V2V,160.65082734530716,False
53.0,vehicle_2,flow_west.4,V2V,976.7204686136467,False
53.0,vehicle_2,vehicle_0,V2V,594.5676402537566,False
53.0,vehicle_2,vehicle_1,V2V,418.0198900578282,False
54.0,BS_1,flow_east.1,V2I,177.1429351712039,False
54.0,BS_1,flow_east.2,V2I,329.3498405350366,False
54.0,BS_1,flow_east.3,V2I,468.0586809409692,True
54.0,BS_1,flow_east.4,V2I,402.37803111599413,False
54.0,BS_1,flow_west.2,V2I,582.158190184225,True
54.0,BS_1,flow_west.3,V2I,627.6326004135207,False
54.0,BS_1,flow_west.4,V2I,328.4552191106342,False
54.0,BS_1,vehicle_0,V2I,342.24036364990644,True
54.0,BS_1,vehicle_1,V2I,383.754553315376,False
54.0,BS_1,vehicle_2,V2I,301.34519899680197,True
54.0,flow_east.1,flow_east.2,V2V,156.6624258831574,False
54.0,flow_east.1,flow_east.3,V2V,301.6362945583815,False
54.0,flow_east.1,flow_east.4,V2V,224.44973511038384,False
54.0,flow_east.1,flow_west.2,V2V,515.912255751332,False
54.0,flow_east.1,flow_west.3,V2V,841.4436098717722,True
54.0,flow_east.1,flow_west.4,V2V,155.34523713562018,False
54.0,flow_east.1,vehicle_0,V2V,167.41923132085685,False
54.0,flow_east.1,vehicle_1,V2V,205.6673950019468,False
54.0,flow_east.1,vehicle_2,V2V,134.52357714318555,False
54.0,flow_east.2,flow_east.1,V2V,156.6624258831574,False
54.0,flow_east.2,flow_east.3,V2V,328.15715268138473,False
54.0,flow_east.2,flow_east.4,V2V,474.449115924823,False
54.0,flow_east.2,flow_west.2,V2V,212.78715673696632,False
54.0,flow_east.2,flow_west.3,V2V,172.0140165288284,False
54.0,flow_east.2,flow_west.4,V2V,1427.3477421471812,True
54.0,flow_east.2,vehicle_0,V2V,940.5586764410976,False
54.0,flow_east.2,vehicle_1,V2V,548.2987160399197,False
54.0,flow_east.2,vehicle_2,V2V,689.758774878471,False
54.0,flow_east.3,flow_east.1,V2V,301.6362945583815,False
54.0,flow_east.3,flow_east.2,V2V,328.15715268138473,False
54.0,flow_east.3,flow_east.4,V2V,566.8363947811912,False
54.0,flow_east.3,flow_west.2,V2V,461.9983815384903,False
54.0,flow_east.3,flow_west.3,V2V,341.6380765129839,False
54.0,flow_east.3,flow_west.4,V2V,324.5858971233357,False
54.0,flow_east.3,vehicle_0,V2V,359.81539519362747,False
54.0,flow_east.3,vehicle_1,V2V,488.54611078762537,False
54.0,flow_east.3,vehicle_2,V2V,267.8994543111523,False
54.0,flow_east.4,flow_east.1,V2V,224.44973511038384,False
54.0,flow_east.4,flow_east.2,V2V,474.449115924823,False
54.0,flow_east.4,flow_east.3,V2V,566.8363947811912,False
54.0,flow_east.4,flow_west.2,V2V,321.321365578753,False
54.0,flow_east.4,flow_west.3,V2V,250.17238135756767,False
54.0,flow_east.4,flow_west.4,V2V,467.7394561546474,False
54.0,flow_east.4,vehicle_0,V2V,535.3218831772624,False
54.0,flow_east.4,vehicle_1,V2V,891.480489711439,True
54.0,flow_east.4,vehicle_2,V2V,369.903435324211,False
54.0,flow_west.2,flow_east.1,V2V,515.912255751332,False
54.0,flow_west.2,flow_east.2,V2V,212.78715673696632,False
54.0,flow_west.2,flow_east.3,V2V,461.9983815384903,False
54.0,flow_west.2,flow_east.4,V2V,321.321365578753,False
54.0,flow_west.2,flow_west.3,V2V,624.3540206300363,False
54.0,flow_west.2,flow_west.4,V2V,210.9971521020058,False
54.0,flow_west.2,vehicle_0,V2V,229.4522575694031,False
54.0,flow_west.2,vehicle_1,V2V,290.0586429682002,False
54.0,flow_west.2,vehicle_2,V2V,179.49970541212596,False
54.0,flow_west.3,flow_east.1,V2V,841.4436098717722,False
54.0,flow_west.3,flow_east.2,V2V,172.0140165288284,False
54.0,flow_west.3,flow_east.3,V2V,341.6380765129839,False
54.0,flow_west.3,flow_east.4,V2V,250.17238135756767,False
54.0,flow_west.3,flow_west.2,V2V,624.3540206300363,False
54.0,flow_west.3,flow_west.4,V2V,170.62873690463763,False
54.0,flow_west.3,vehicle_0,V2V,184.2601625051901,False
54.0,flow_west.3,vehicle_1,V2V,228.1314121975733,False
54.0,flow_west.3,vehicle_2,V2V,146.93546182119735,False
54.0,flow_west.4,flow_east.1,V2V,155.34523713562018,False
54.0,flow_west.4,flow_east.2,V2V,1427.3477421471812,False
54.0,flow_west.4,flow_east.3,V2V,324.5858971233357,False
54.0,flow_west.4,flow_east.4,V2V,467.7394561546474,False
54.0,flow_west.4,flow_west.2,V2V,210.9971521020058,False
54.0,flow_west.4,flow_west.3,V2V,170.62873690463763,False
54.0,flow_west.4,vehicle_0,V2V,905.0734639175674,False
54.0,flow_west.4,vehicle_1,V2V,539.2119801462821,False
54.0,flow_west.4,vehicle_2,V2V,704.5883009008579,False
54.0,vehicle_0,flow_east.1,V2V,167.41923132085685,False
54.0,vehicle_0,flow_east.2,V2V,940.5586764410976,False
54.0,vehicle_0,flow_east.3,V2V,359.81539519362747,False
54.0,vehicle_0,flow_east.4,V2V,535.3218831772624,False
54.0,vehicle_0,flow_west.2,V2V,229.4522575694031,False
54.0,vehicle_0,flow_west.3,V2V,184.2601625051901,False
54.0,vehicle_0,flow_west.4,V2V,905.0734639175674,False
54.0,vehicle_0,vehicle_1,V2V,631.2401624718384,False
54.0,vehicle_0,vehicle_2,V2V,590.3202412975794,False
54.0,vehicle_1,flow_east.1,V2V,205.6673950019468,False
54.0,vehicle_1,flow_east.2,V2V,548.2987160399197,False
54.0,vehicle_1,flow_east.3,V2V,488.54611078762537,False
54.0,vehicle_1,flow_east.4,V2V,891.480489711439,False
54.0,vehicle_1,flow_west.2,V2V,290.0586429682002,False
54.0,vehicle_1,flow_west.3,V2V,228.1314121975733,False
54.0,vehicle_1,flow_west.4,V2V,539.2119801462821,False
54.0,vehicle_1,vehicle_0,V2V,631.2401624718384,False
54.0,vehicle_1,vehicle_2,V2V,416.1373989162907,False
54.0,vehicle_2,flow_east.1,V2V,134.52357714318555,False
54.0,vehicle_2,flow_east.2,V2V,689.758774878471,False
54.0,vehicle_2,flow_east.3,V2V,267.8994543111523,False
54.0,vehicle_2,flow_east.4,V2V,369.903435324211,False
54.0,vehicle_2,flow_west.2,V2V,179.49970541212596,False
54.0,vehicle_2,flow_west.3,V2V,146.93546182119735,False
54.0,vehicle_2,flow_west.4,V2V,704.5883009008579,False
54.0,vehicle_2,vehicle_0,V2V,590.3202412975794,False
54.0,vehicle_2,vehicle_1,V2V,416.1373989162907,False
55.0,BS_1,flow_east.1,V2I,176.67347736439908,False
55.0,BS_1,flow_east.2,V2I,322.2108167747308,False
55.0,BS_1,flow_east.3,V2I,456.5851280360261,True
55.0,BS_1,flow_east.4,V2I,391.80394676636746,False
55.0,BS_1,flow_west.2,V2I,594.5676402537566,True
55.0,BS_1,flow_west.3,V2I,180.68398393855293,False
55.0,BS_1,flow_west.4,V2I,337.12926937869634,False
55.0,BS_1,vehicle_0,V2I,334.7306890543364,False
55.0,BS_1,vehicle_1,V2I,373.8939802173695,False
55.0,BS_1,vehicle_2,V2I,293.8062689359431,False
55.0,flow_east.1,flow_east.2,V2V,156.6624258831574,False
55.0,flow_east.1,flow_east.3,V2V,301.6362945583815,False
55.0,flow_east.1,flow_east.4,V2V,223.40239171811277,False
55.0,flow_east.1,flow_west.2,V2V,609.2857391040316,False
55.0,flow_east.1,flow_west.3,V2V,1450.600154347584,True
55.0,flow_east.1,flow_west.4,V2V,169.24930978921546,False
55.0,flow_east.1,vehicle_0,V2V,167.64741660667343,False
55.0,flow_east.1,vehicle_1,V2V,204.6591390088494,False
55.0,flow_east.1,vehicle_2,V2V,133.5186352804017,False
55.0,flow_east.2,flow_east.1,V2V,156.6624258831574,False
55.0,flow_east.2,flow_east.3,V2V,328.15715268138473,False
55.0,flow_east.2,flow_east.4,V2V,478.2886817049466,False
55.0,flow_east.2,flow_west.2,V2V,194.45585847583104,False
55.0,flow_east.2,flow_west.3,V2V,157.76478824134983,False
55.0,flow_east.2,flow_west.4,V2V,896.7847621322546,False
55.0,flow_east.2,vehicle_0,V2V,932.5981347964744,False
55.0,flow_east.2,vehicle_1,V2V,552.8470513061723,False
55.0,flow_east.2,vehicle_2,V2V,677.2460506475743,True
55.0,flow_east.3,flow_east.1,V2V,301.6362945583815,False
55.0,flow_east.3,flow_east.2,V2V,328.15715268138473,False
55.0,flow_east.3,flow_east.4,V2V,561.3023176660594,False
55.0,flow_east.3,flow_west.2,V2V,404.8735972595023,False
55.0,flow_east.3,flow_west.3,V2V,304.25986571265724,False
55.0,flow_east.3,flow_west.4,V2V,365.00463249268927,False
55.0,flow_east.3,vehicle_0,V2V,360.7299415764064,False
55.0,flow_east.3,vehicle_1,V2V,485.01714130861666,False
55.0,flow_east.3,vehicle_2,V2V,265.3806678869849,False
55.0,flow_east.4,flow_east.1,V2V,223.40239171811277,False
55.0,flow_east.4,flow_east.2,V2V,478.2886817049466,False
55.0,flow_east.4,flow_east.3,V2V,561.3023176660594,False
55.0,flow_east.4,flow_west.2,V2V,286.8992724193575,False
55.0,flow_east.4,flow_west.3,V2V,224.9741715981958,False
55.0,flow_east.4,flow_west.4,V2V,550.897369894504,False
55.0,flow_east.4,vehicle_0,V2V,542.1312369102773,False
55.0,flow_east.4,vehicle_1,V2V,893.469545212772,True
55.0,flow_east.4,vehicle_2,V2V,368.6774128954134,False
55.0,flow_west.2,flow_east.1,V2V,609.2857391040316,False
55.0,flow_west.2,flow_east.2,V2V,194.45585847583104,False
55.0,flow_west.2,flow_east.3,V2V,404.8735972595023,False
55.0,flow_west.2,flow_east.4,V2V,286.8992724193575,False
55.0,flow_west.2,flow_west.3,V2V,618.7827334229928,False
55.0,flow_west.2,flow_west.4,V2V,211.50790380132855,False
55.0,flow_west.2,vehicle_0,V2V,209.4681698477862,False
55.0,flow_west.2,vehicle_1,V2V,260.6456480699518,False
55.0,flow_west.2,vehicle_2,V2V,163.79074448133562,False
55.0,flow_west.3,flow_east.1,V2V,1450.600154347584,False
55.0,flow_west.3,flow_east.2,V2V,157.76478824134983,False
55.0,flow_west.3,flow_east.3,V2V,304.25986571265724,False
55.0,flow_west.3,flow_east.4,V2V,224.9741715981958,False
55.0,flow_west.3,flow_west.2,V2V,618.7827334229928,False
55.0,flow_west.3,flow_west.4,V2V,170.39842511625605,False
55.0,flow_west.3,vehicle_0,V2V,168.790806700124,False
55.0,flow_west.3,vehicle_1,V2V,206.17236165630615,False
55.0,flow_west.3,vehicle_2,V2V,134.32222328605508,False
55.0,flow_west.4,flow_east.1,V2V,169.24930978921546,False
55.0,flow_west.4,flow_east.2,V2V,896.7847621322546,False
55.0,flow_west.4,flow_east.3,V2V,365.00463249268927,False
55.0,flow_west.4,flow_east.4,V2V,550.897369894504,False
55.0,flow_west.4,flow_west.2,V2V,211.50790380132855,False
55.0,flow_west.4,flow_west.3,V2V,170.39842511625605,False
55.0,flow_west.4,vehicle_0,V2V,1422.3651060153877,False
55.0,flow_west.4,vehicle_1,V2V,652.9087255627236,False
55.0,flow_west.4,vehicle_2,V2V,568.7906241888353,False
55.0,vehicle_0,flow_east.1,V2V,167.64741660667343,False
55.0,vehicle_0,flow_east.2,V2V,932.5981347964744,False
55.0,vehicle_0,flow_east.3,V2V,360.7299415764064,False
55.0,vehicle_0,flow_east.4,V2V,542.1312369102773,False
55.0,vehicle_0,flow_west.2,V2V,209.4681698477862,False
55.0,vehicle_0,flow_west.3,V2V,168.790806700124,False
55.0,vehicle_0,flow_west.4,V2V,1422.3651060153877,True
55.0,vehicle_0,vehicle_1,V2V,640.4281718837652,False
55.0,vehicle_0,vehicle_2,V2V,579.2218608122311,False
55.0,vehicle_1,flow_east.1,V2V,204.6591390088494,False
55.0,vehicle_1,flow_east.2,V2V,552.8470513061723,False
55.0,vehicle_1,flow_east.3,V2V,485.01714130861666,False
55.0,vehicle_1,flow_east.4,V2V,893.469545212772,False
55.0,vehicle_1,flow_west.2,V2V,260.6456480699518,False
55.0,vehicle_1,flow_west.3,V2V,206.17236165630615,False
55.0,vehicle_1,flow_west.4,V2V,652.9087255627236,False
55.0,vehicle_1,vehicle_0,V2V,640.4281718837652,False
55.0,vehicle_1,vehicle_2,V2V,414.2563606866034,False
55.0,vehicle_2,flow_east.1,V2V,133.5186352804017,False
55.0,vehicle_2,flow_east.2,V2V,677.2460506475743,False
55.0,vehicle_2,flow_east.3,V2V,265.3806678869849,False
55.0,vehicle_2,flow_east.4,V2V,368.6774128954134,False
55.0,vehicle_2,flow_west.2,V2V,163.79074448133562,False
55.0,vehicle_2,flow_west.3,V2V,134.32222328605508,False
55.0,vehicle_2,flow_west.4,V2V,568.7906241888353,False
55.0,vehicle_2,vehicle_0,V2V,579.2218608122311,False
55.0,vehicle_2,vehicle_1,V2V,414.2563606866034,False
56.0,BS_1,flow_east.1,V2I,623.6984235058114,False
56.0,BS_1,flow_east.2,V2I,314.8191920503417,False
56.0,BS_1,flow_east.3,V2I,446.10286082263826,True
56.0,BS_1,flow_east.4,V2I,380.6674965153172,False
56.0,BS_1,flow_west.2,V2I,605.6858282849678,True
56.0,BS_1,flow_west.3,V2I,181.3964259140568,False
56.0,BS_1,flow_west.4,V2I,346.1614941903182,True
56.0,BS_1,vehicle_0,V2I,326.96559396634837,False
56.0,BS_1,vehicle_1,V2I,364.08769182573,False
56.0,flow_east.1,flow_east.2,V2V,156.44246605287168,False
56.0,flow_east.1,flow_east.3,V2V,302.2187340908274,False
56.0,flow_east.1,flow_east.4,V2V,221.31386122841135,False
56.0,flow_east.1,flow_west.2,V2V,748.1513052715588,False
56.0,flow_east.1,flow_west.3,V2V,896.7847621322546,False
56.0,flow_east.1,flow_west.4,V2V,184.739612501452,False
56.0,flow_east.1,vehicle_0,V2V,167.41923132085685,False
56.0,flow_east.1,vehicle_1,V2V,203.4019777443595,False
56.0,flow_east.2,flow_east.1,V2V,156.44246605287168,False
56.0,flow_east.2,flow_east.3,V2V,326.96559396634837,False
56.0,flow_east.2,flow_east.4,V2V,484.375841162788,False
56.0,flow_east.2,flow_west.2,V2V,178.31934946581768,False
56.0,flow_east.2,flow_west.3,V2V,145.2433312291607,False
56.0,flow_east.2,flow_west.4,V2V,681.1963955845885,False
56.0,flow_east.2,vehicle_0,V2V,938.2367831748912,False
56.0,flow_east.2,vehicle_1,V2V,557.7237916435136,False
56.0,flow_east.3,flow_east.1,V2V,302.2187340908274,False
56.0,flow_east.3,flow_east.2,V2V,326.96559396634837,False
56.0,flow_east.3,flow_east.4,V2V,550.897369894504,False
56.0,flow_east.3,flow_west.2,V2V,359.81539519362747,False
56.0,flow_east.3,flow_west.3,V2V,274.3731706501042,False
56.0,flow_east.3,flow_west.4,V2V,413.6296739051722,False
56.0,flow_east.3,vehicle_0,V2V,358.5968117845097,False
56.0,flow_east.3,vehicle_1,V2V,478.9289868819651,False
56.0,flow_east.4,flow_east.1,V2V,221.31386122841135,False
56.0,flow_east.4,flow_east.2,V2V,484.375841162788,False
56.0,flow_east.4,flow_east.3,V2V,550.897369894504,False
56.0,flow_east.4,flow_west.2,V2V,257.04517885241177,False
56.0,flow_east.4,flow_west.3,V2V,203.15096832068,False
56.0,flow_east.4,flow_west.4,V2V,678.5627226979983,False
56.0,flow_east.4,vehicle_0,V2V,548.2987160399197,False
56.0,flow_east.4,vehicle_1,V2V,902.7525344693264,True
56.0,flow_west.2,flow_east.1,V2V,748.1513052715588,False
56.0,flow_west.2,flow_east.2,V2V,178.31934946581768,False
56.0,flow_west.2,flow_east.3,V2V,359.81539519362747,False
56.0,flow_west.2,flow_east.4,V2V,257.04517885241177,False
56.0,flow_west.2,flow_west.3,V2V,615.8344321037408,False
56.0,flow_west.2,flow_west.4,V2V,212.5310355449741,False
56.0,flow_west.2,vehicle_0,V2V,191.27176379794204,False
56.0,flow_west.2,vehicle_1,V2V,235.30056008829123,False
56.0,flow_west.3,flow_east.1,V2V,896.7847621322546,True
56.0,flow_west.3,flow_east.2,V2V,145.2433312291607,False
56.0,flow_west.3,flow_east.3,V2V,274.3731706501042,False
56.0,flow_west.3,flow_east.4,V2V,203.15096832068,False
56.0,flow_west.3,flow_west.2,V2V,615.8344321037408,False
56.0,flow_west.3,flow_west.4,V2V,170.62873690463763,False
56.0,flow_west.3,vehicle_0,V2V,154.90754737745706,False
56.0,flow_west.3,vehicle_1,V2V,187.38752837736988,False
56.0,flow_west.4,flow_east.1,V2V,184.739612501452,False
56.0,flow_west.4,flow_east.2,V2V,681.1963955845885,False
56.0,flow_west.4,flow_east.3,V2V,413.6296739051722,False
56.0,flow_west.4,flow_east.4,V2V,678.5627226979983,False
56.0,flow_west.4,flow_west.2,V2V,212.5310355449741,False
56.0,flow_west.4,flow_west.3,V2V,170.62873690463763,False
56.0,flow_west.4,vehicle_0,V2V,831.5080636976193,False
56.0,flow_west.4,vehicle_1,V2V,854.0315068880457,False
56.0,vehicle_0,flow_east.1,V2V,167.41923132085685,False
56.0,vehicle_0,flow_east.2,V2V,938.2367831748912,True
56.0,vehicle_0,flow_east.3,V2V,358.5968117845097,False
56.0,vehicle_0,flow_east.4,V2V,548.2987160399197,False
56.0,vehicle_0,flow_west.2,V2V,191.27176379794204,False
56.0,vehicle_0,flow_west.3,V2V,154.90754737745706,False
56.0,vehicle_0,flow_west.4,V2V,831.5080636976193,False
56.0,vehicle_0,vehicle_1,V2V,645.3532265642091,False
56.0,vehicle_1,flow_east.1,V2V,203.4019777443595,False
56.0,vehicle_1,flow_east.2,V2V,557.7237916435136,False
56.0,vehicle_1,flow_east.3,V2V,478.9289868819651,False
56.0,vehicle_1,flow_east.4,V2V,902.7525344693264,False
56.0,vehicle_1,flow_west.2,V2V,235.30056008829123,False
56.0,vehicle_1,flow_west.3,V2V,187.38752837736988,False
56.0,vehicle_1,flow_west.4,V2V,854.0315068880457,False
56.0,vehicle_1,vehicle_0,V2V,645.3532265642091,False
57.0,BS_1,flow_east.1,V2I,619.1103745124757,True
57.0,BS_1,flow_east.2,V2I,307.7682200008818,False
57.0,BS_1,flow_east.3,V2I,435.3407505633056,True
57.0,BS_1,flow_east.4,V2I,370.8235233098798,True
57.0,BS_1,flow_west.2,V2I,615.8344321037408,True
57.0,BS_1,flow_west.3,V2I,630.9121543378973,True
57.0,BS_1,flow_west.4,V2I,355.8584260812596,False
57.0,BS_1,vehicle_0,V2I,319.54445354404555,False
57.0,BS_1,vehicle_1,V2I,354.6429054869848,False
57.0,flow_east.1,flow_east.2,V2V,156.00306005768846,False
57.0,flow_east.1,flow_east.3,V2V,301.6362945583815,False
57.0,flow_east.1,flow_east.4,V2V,219.4931868371658,False
57.0,flow_east.1,flow_west.2,V2V,1031.8118736930862,False
57.0,flow_east.1,flow_west.3,V2V,684.4890930385938,False
57.0,flow_east.1,flow_west.4,V2V,202.14834559963,False
57.0,flow_east.1,vehicle_0,V2V,166.7356634801116,False
57.0,flow_east.1,vehicle_1,V2V,201.89804449310105,False
57.0,flow_east.2,flow_east.1,V2V,156.00306005768846,False
57.0,flow_east.2,flow_east.3,V2V,326.0726709079027,False
57.0,flow_east.2,flow_east.4,V2V,487.2624953402165,False
57.0,flow_east.2,flow_west.2,V2V,163.56537602112758,False
57.0,flow_east.2,flow_west.3,V2V,133.5186352804017,False
57.0,flow_east.2,flow_west.4,V2V,559.6754825678819,False
57.0,flow_east.2,vehicle_0,V2V,936.9100121423376,False
57.0,flow_east.2,vehicle_1,V2V,561.9531591071087,False
57.0,flow_east.3,flow_east.1,V2V,301.6362945583815,False
57.0,flow_east.3,flow_east.2,V2V,326.0726709079027,False
57.0,flow_east.3,flow_east.4,V2V,544.727318159924,False
57.0,flow_east.3,flow_west.2,V2V,321.02502883710184,False
57.0,flow_east.3,flow_west.3,V2V,247.17021744958575,False
57.0,flow_east.3,flow_west.4,V2V,475.4086404500372,False
57.0,flow_east.3,vehicle_0,V2V,357.6834869640201,False
57.0,flow_east.3,vehicle_1,V2V,474.1293292787434,False
57.0,flow_east.4,flow_east.1,V2V,219.4931868371658,False
57.0,flow_east.4,flow_east.2,V2V,487.2624953402165,False
57.0,flow_east.4,flow_east.3,V2V,544.727318159924,False
57.0,flow_east.4,flow_west.2,V2V,231.57205630028776,False
57.0,flow_east.4,flow_west.3,V2V,184.2601625051901,False
57.0,flow_east.4,flow_west.4,V2V,906.068169627298,False
57.0,flow_east.4,vehicle_0,V2V,552.197092268848,False
57.0,flow_east.4,vehicle_1,V2V,901.7578722969416,False
57.0,flow_west.2,flow_east.1,V2V,1031.8118736930862,False
57.0,flow_west.2,flow_east.2,V2V,163.56537602112758,False
57.0,flow_west.2,flow_east.3,V2V,321.02502883710184,False
57.0,flow_west.2,flow_east.4,V2V,231.57205630028776,False
57.0,flow_west.2,flow_west.3,V2V,611.5772892135293,False
57.0,flow_west.2,flow_west.4,V2V,213.04341289437096,False
57.0,flow_west.2,vehicle_0,V2V,175.03538280355357,False
57.0,flow_west.2,vehicle_1,V2V,212.5310355449741,False
57.0,flow_west.3,flow_east.1,V2V,684.4890930385938,False
57.0,flow_west.3,flow_east.2,V2V,133.5186352804017,False
57.0,flow_west.3,flow_east.3,V2V,247.17021744958575,False
57.0,flow_west.3,flow_east.4,V2V,184.2601625051901,False
57.0,flow_west.3,flow_west.2,V2V,611.5772892135293,False
57.0,flow_west.3,flow_west.4,V2V,170.62873690463763,False
57.0,flow_west.3,vehicle_0,V2V,142.30945062243944,False
57.0,flow_west.3,vehicle_1,V2V,170.16827604304115,False
57.0,flow_west.4,flow_east.1,V2V,202.14834559963,False
57.0,flow_west.4,flow_east.2,V2V,559.6754825678819,False
57.0,flow_west.4,flow_east.3,V2V,475.4086404500372,False
57.0,flow_west.4,flow_east.4,V2V,906.068169627298,False
57.0,flow_west.4,flow_west.2,V2V,213.04341289437096,False
57.0,flow_west.4,flow_west.3,V2V,170.62873690463763,False
57.0,flow_west.4,vehicle_0,V2V,648.3091954667148,False
57.0,flow_west.4,vehicle_1,V2V,1506.4065572014986,True
57.0,vehicle_0,flow_east.1,V2V,166.7356634801116,False
57.0,vehicle_0,flow_east.2,V2V,936.9100121423376,True
57.0,vehicle_0,flow_east.3,V2V,357.6834869640201,False
57.0,vehicle_0,flow_east.4,V2V,552.197092268848,False
57.0,vehicle_0,flow_west.2,V2V,175.03538280355357,False
57.0,vehicle_0,flow_west.3,V2V,142.30945062243944,False
57.0,vehicle_0,flow_west.4,V2V,648.3091954667148,False
57.0,vehicle_0,vehicle_1,V2V,651.2658492548862,False
57.0,vehicle_1,flow_east.1,V2V,201.89804449310105,False
57.0,vehicle_1,flow_east.2,V2V,561.9531591071087,False
57.0,vehicle_1,flow_east.3,V2V,474.1293292787434,False
57.0,vehicle_1,flow_east.4,V2V,901.7578722969416,False
57.0,vehicle_1,flow_west.2,V2V,212.5310355449741,False
57.0,vehicle_1,flow_west.3,V2V,170.16827604304115,False
57.0,vehicle_1,flow_west.4,V2V,1506.4065572014986,False
57.0,vehicle_1,vehicle_0,V2V,651.2658492548862,False
58.0,BS_1,flow_east.1,V2I,612.5595456701654,True
58.0,BS_1,flow_east.2,V2I,301.05418642985774,False
58.0,BS_1,flow_east.3,V2I,424.934503470043,True
58.0,BS_1,flow_east.4,V2I,361.03490574409824,False
58.0,BS_1,flow_west.2,V2I,624.026217075783,True
58.0,BS_1,flow_west.3,V2I,625.665334243452,True
58.0,BS_1,flow_west.4,V2I,365.00463249268927,False
58.0,BS_1,vehicle_0,V2I,312.463875127134,False
58.0,BS_1,vehicle_1,V2I,346.1614941903182,True
58.0,flow_east.1,flow_east.2,V2V,155.56433979787255,False
58.0,flow_east.1,flow_east.3,V2V,301.34519899680197,False
58.0,flow_east.1,flow_east.4,V2V,217.9376988698967,False
58.0,flow_east.1,flow_west.2,V2V,1112.818335916879,False
58.0,flow_east.1,flow_west.3,V2V,564.5571318585858,False
58.0,flow_east.1,flow_west.4,V2V,221.57447646841135,False
58.0,flow_east.1,vehicle_0,V2V,166.28077634374787,False
58.0,flow_east.1,vehicle_1,V2V,200.89826333743667,False
58.0,flow_east.2,flow_east.1,V2V,155.56433979787255,False
58.0,flow_east.2,flow_east.3,V2V,325.4777460451084,False
58.0,flow_east.2,flow_east.4,V2V,490.472282975838,False
58.0,flow_east.2,flow_west.2,V2V,150.35354779944518,False
58.0,flow_east.2,flow_west.3,V2V,123.34035241912186,False
58.0,flow_east.2,flow_west.4,V2V,477.96856925173824,False
58.0,flow_east.2,vehicle_0,V2V,938.2367831748912,False
58.0,flow_east.2,vehicle_1,V2V,563.9060481579048,False
58.0,flow_east.3,flow_east.1,V2V,301.34519899680197,False
58.0,flow_east.3,flow_east.2,V2V,325.4777460451084,False
58.0,flow_east.3,flow_east.4,V2V,539.2119801462821,False
58.0,flow_east.3,flow_west.2,V2V,288.0468798092183,False
58.0,flow_east.3,flow_west.3,V2V,223.6640359445716,False
58.0,flow_east.3,flow_west.4,V2V,554.7973163866061,False
58.0,flow_east.3,vehicle_0,V2V,357.0748972130123,False
58.0,flow_east.3,vehicle_1,V2V,471.5720320896032,False
58.0,flow_east.4,flow_east.1,V2V,217.9376988698967,False
58.0,flow_east.4,flow_east.2,V2V,490.472282975838,False
58.0,flow_east.4,flow_east.3,V2V,539.2119801462821,False
58.0,flow_east.4,flow_west.2,V2V,209.4681698477862,False
58.0,flow_east.4,flow_west.3,V2V,167.64741660667343,False
58.0,flow_east.4,flow_west.4,V2V,1326.36851285708,False
58.0,flow_east.4,vehicle_0,V2V,556.0978135777585,False
58.0,flow_east.4,vehicle_1,V2V,910.7102983252232,False
58.0,flow_west.2,flow_east.1,V2V,1112.818335916879,False
58.0,flow_west.2,flow_east.2,V2V,150.35354779944518,False
58.0,flow_west.2,flow_east.3,V2V,288.0468798092183,False
58.0,flow_west.2,flow_east.4,V2V,209.4681698477862,False
58.0,flow_west.2,flow_west.3,V2V,608.6311095141914,False
58.0,flow_west.2,flow_west.4,V2V,213.04341289437096,False
58.0,flow_west.2,vehicle_0,V2V,160.4278084324864,False
58.0,flow_west.2,vehicle_1,V2V,193.47347283464975,False
58.0,flow_west.3,flow_east.1,V2V,564.5571318585858,False
58.0,flow_west.3,flow_east.2,V2V,123.34035241912186,False
58.0,flow_west.3,flow_east.3,V2V,223.6640359445716,False
58.0,flow_west.3,flow_east.4,V2V,167.64741660667343,False
58.0,flow_west.3,flow_west.2,V2V,608.6311095141914,False
58.0,flow_west.3,flow_west.4,V2V,170.16827604304115,False
58.0,flow_west.3,vehicle_0,V2V,131.12546187290232,False
58.0,flow_west.3,vehicle_1,V2V,155.78361414740235,False
58.0,flow_west.4,flow_east.1,V2V,221.57447646841135,False
58.0,flow_west.4,flow_east.2,V2V,477.96856925173824,False
58.0,flow_west.4,flow_east.3,V2V,554.7973163866061,False
58.0,flow_west.4,flow_east.4,V2V,1326.36851285708,True
58.0,flow_west.4,flow_west.2,V2V,213.04341289437096,False
58.0,flow_west.4,flow_west.3,V2V,170.16827604304115,False
58.0,flow_west.4,vehicle_0,V2V,540.1849071044502,False
58.0,flow_west.4,vehicle_1,V2V,856.3506605562161,False
58.0,vehicle_0,flow_east.1,V2V,166.28077634374787,False
58.0,vehicle_0,flow_east.2,V2V,938.2367831748912,True
58.0,vehicle_0,flow_east.3,V2V,357.0748972130123,False
58.0,vehicle_0,flow_east.4,V2V,556.0978135777585,False
58.0,vehicle_0,flow_west.2,V2V,160.4278084324864,False
58.0,vehicle_0,flow_west.3,V2V,131.12546187290232,False
58.0,vehicle_0,flow_west.4,V2V,540.1849071044502,False
58.0,vehicle_0,vehicle_1,V2V,653.5659335643434,False
58.0,vehicle_1,flow_east.1,V2V,200.89826333743667,False
58.0,vehicle_1,flow_east.2,V2V,563.9060481579048,False
58.0,vehicle_1,flow_east.3,V2V,471.5720320896032,False
58.0,vehicle_1,flow_east.4,V2V,910.7102983252232,False
58.0,vehicle_1,flow_west.2,V2V,193.47347283464975,False
58.0,vehicle_1,flow_west.3,V2V,155.78361414740235,False
58.0,vehicle_1,flow_west.4,V2V,856.3506605562161,False
58.0,vehicle_1,vehicle_0,V2V,653.5659335643434,False
59.0,BS_1,flow_east.1,V2I,604.3771075629377,True
59.0,BS_1,flow_east.2,V2I,294.38413668384726,False
59.0,BS_1,flow_east.3,V2I,414.5697654032509,True
59.0,BS_1,flow_east.4,V2I,351.9114973834068,False
59.0,BS_1,flow_west.2,V2I,629.600217265152,True
59.0,BS_1,flow_west.3,V2I,618.1274823133216,True
59.0,BS_1,flow_west.4,V2I,375.4312026342536,True
59.0,BS_1,vehicle_0,V2I,305.72026666987165,False
59.0,BS_1,vehicle_1,V2I,337.429393708916,False
59.0,flow_east.1,flow_east.2,V2V,155.1263062868521,False
59.0,flow_east.1,flow_east.3,V2V,300.7632570013948,False
59.0,flow_east.1,flow_east.4,V2V,216.645075988331,False
59.0,flow_east.1,flow_west.2,V2V,778.2281661476324,False
59.0,flow_east.1,flow_west.3,V2V,482.13210340809536,False
59.0,flow_east.1,flow_west.4,V2V,244.4528405287371,False
59.0,flow_east.1,vehicle_0,V2V,166.28077634374787,False
59.0,flow_east.1,vehicle_1,V2V,199.9007673615829,False
59.0,flow_east.2,flow_east.1,V2V,155.1263062868521,False
59.0,flow_east.2,flow_east.3,V2V,325.1803911575367,False
59.0,flow_east.2,flow_east.4,V2V,493.6845389624826,False
59.0,flow_east.2,flow_west.2,V2V,138.79403939662816,False
59.0,flow_east.2,flow_west.3,V2V,114.0299222141748,False
59.0,flow_east.2,flow_west.4,V2V,413.9429968260788,False
59.0,flow_east.2,vehicle_0,V2V,928.286458566976,False
59.0,flow_east.2,vehicle_1,V2V,566.8363947811912,False
59.0,flow_east.3,flow_east.1,V2V,300.7632570013948,False
59.0,flow_east.3,flow_east.2,V2V,325.1803911575367,False
59.0,flow_east.3,flow_east.4,V2V,534.6737873918274,False
59.0,flow_east.3,flow_west.2,V2V,260.0905660583415,False
59.0,flow_east.3,flow_west.3,V2V,203.4019777443595,False
59.0,flow_east.3,flow_west.4,V2V,673.2967040769183,False
59.0,flow_east.3,vehicle_0,V2V,357.6834869640201,False
59.0,flow_east.3,vehicle_1,V2V,468.6972164444481,False
59.0,flow_east.4,flow_east.1,V2V,216.645075988331,False
59.0,flow_east.4,flow_east.2,V2V,493.6845389624826,False
59.0,flow_east.4,flow_east.3,V2V,534.6737873918274,False
59.0,flow_east.4,flow_west.2,V2V,190.78413214055556,False
59.0,flow_east.4,flow_west.3,V2V,153.16368092101192,False
59.0,flow_east.4,flow_west.4,V2V,804.0314272242707,False
59.0,flow_east.4,vehicle_0,V2V,562.6040615150929,False
59.0,flow_east.4,vehicle_1,V2V,913.3630657022376,True
59.0,flow_west.2,flow_east.1,V2V,778.2281661476324,False
59.0,flow_west.2,flow_east.2,V2V,138.79403939662816,False
59.0,flow_west.2,flow_east.3,V2V,260.0905660583415,False
59.0,flow_west.2,flow_east.4,V2V,190.78413214055556,False
59.0,flow_west.2,flow_west.3,V2V,604.3771075629377,False
59.0,flow_west.2,flow_west.4,V2V,214.0697838057939,False
59.0,flow_west.2,vehicle_0,V2V,148.21197491204072,False
59.0,flow_west.2,vehicle_1,V2V,176.67347736439908,False
59.0,flow_west.3,flow_east.1,V2V,482.13210340809536,False
59.0,flow_west.3,flow_east.2,V2V,114.0299222141748,False
59.0,flow_west.3,flow_east.3,V2V,203.4019777443595,False
59.0,flow_west.3,flow_east.4,V2V,153.16368092101192,False
59.0,flow_west.3,flow_west.2,V2V,604.3771075629377,False
59.0,flow_west.3,flow_west.4,V2V,170.39842511625605,False
59.0,flow_west.3,vehicle_0,V2V,121.25170121677829,False
59.0,flow_west.3,vehicle_1,V2V,142.72643675475405,False
59.0,flow_west.4,flow_east.1,V2V,244.4528405287371,False
59.0,flow_west.4,flow_east.2,V2V,413.9429968260788,False
59.0,flow_west.4,flow_east.3,V2V,673.2967040769183,False
59.0,flow_west.4,flow_east.4,V2V,804.0314272242707,False
59.0,flow_west.4,flow_west.2,V2V,214.0697838057939,False
59.0,flow_west.4,flow_west.3,V2V,170.39842511625605,False
59.0,flow_west.4,vehicle_0,V2V,462.9545657274758,False
59.0,flow_west.4,vehicle_1,V2V,655.2090959755259,False
59.0,vehicle_0,flow_east.1,V2V,166.28077634374787,False
59.0,vehicle_0,flow_east.2,V2V,928.286458566976,True
59.0,vehicle_0,flow_east.3,V2V,357.6834869640201,False
59.0,vehicle_0,flow_east.4,V2V,562.6040615150929,False
59.0,vehicle_0,flow_west.2,V2V,148.21197491204072,False
59.0,vehicle_0,flow_west.3,V2V,121.25170121677829,False
59.0,vehicle_0,flow_west.4,V2V,462.9545657274758,False
59.0,vehicle_0,vehicle_1,V2V,661.7837392954204,False
59.0,vehicle_1,flow_east.1,V2V,199.9007673615829,False
59.0,vehicle_1,flow_east.2,V2V,566.8363947811912,False
59.0,vehicle_1,flow_east.3,V2V,468.6972164444481,False
59.0,vehicle_1,flow_east.4,V2V,913.3630657022376,False
59.0,vehicle_1,flow_west.2,V2V,176.67347736439908,False
59.0,vehicle_1,flow_west.3,V2V,142.72643675475405,False
59.0,vehicle_1,flow_west.4,V2V,655.2090959755259,False
59.0,vehicle_1,vehicle_0,V2V,661.7837392954204,False
60.0,BS_1,flow_east.1,V2I,594.5676402537566,True
60.0,BS_1,flow_east.3,V2I,404.8735972595023,False
60.0,BS_1,flow_east.4,V2I,343.445713235326,False
60.0,BS_1,flow_east.5,V2I,512.0390164767683,True
60.0,BS_1,flow_west.2,V2I,181.15878937659377,False
60.0,BS_1,flow_west.3,V2I,607.9765242918677,True
60.0,BS_1,flow_west.4,V2I,386.227786417579,False
60.0,BS_1,flow_west.5,V2I,626.3210503768738,False
60.0,BS_1,vehicle_0,V2I,298.72909099491807,True
60.0,BS_1,vehicle_1,V2I,329.64818795986616,False
60.0,flow_east.1,flow_east.3,V2V,301.05418642985774,False
60.0,flow_east.1,flow_east.4,V2V,215.8710900996208,False
60.0,flow_east.1,flow_east.5,V2V,537.2666073669767,False
60.0,flow_east.1,flow_west.2,V2V,622.7151029258898,False
60.0,flow_east.1,flow_west.3,V2V,419.2756825598887,False
60.0,flow_east.1,flow_west.4,V2V,271.55208395250065,False
60.0,flow_east.1,flow_west.5,V2V,751.4548566616322,False
60.0,flow_east.1,vehicle_0,V2V,165.8265503247556,False
60.0,flow_east.1,vehicle_1,V2V,199.40287962234788,False
60.0,flow_east.3,flow_east.1,V2V,301.05418642985774,False
60.0,flow_east.3,flow_east.4,V2V,530.4629668624837,False
60.0,flow_east.3,flow_east.5,V2V,444.83468742124137,False
60.0,flow_east.3,flow_west.2,V2V,235.8351409222408,False
60.0,flow_east.3,flow_west.3,V2V,185.94092084879597,False
60.0,flow_east.3,flow_west.4,V2V,878.5530525789897,False
60.0,flow_east.3,flow_west.5,V2V,256.7689647642131,False
60.0,flow_east.3,vehicle_0,V2V,355.8584260812596,False
60.0,flow_east.3,vehicle_1,V2V,466.4628448681492,False
60.0,flow_east.4,flow_east.1,V2V,215.8710900996208,False
60.0,flow_east.4,flow_east.3,V2V,530.4629668624837,False
60.0,flow_east.4,flow_east.5,V2V,298.4388318711436,False
60.0,flow_east.4,flow_west.2,V2V,174.10284053811034,False
60.0,flow_east.4,flow_west.3,V2V,140.64866925199493,False
60.0,flow_east.4,flow_west.4,V2V,628.6163652986463,False
60.0,flow_east.4,flow_west.5,V2V,187.8709466187334,False
60.0,flow_east.4,vehicle_0,V2V,563.2550246212377,False
60.0,flow_east.4,vehicle_1,V2V,919.6637340070504,True
60.0,flow_east.5,flow_east.1,V2V,537.2666073669767,False
60.0,flow_east.5,flow_east.3,V2V,444.83468742124137,False
60.0,flow_east.5,flow_east.4,V2V,298.4388318711436,False
60.0,flow_east.5,flow_west.2,V2V,384.6816452155144,False
60.0,flow_east.5,flow_west.3,V2V,287.1860390896209,False
60.0,flow_east.5,flow_west.4,V2V,391.4937533047362,False
60.0,flow_east.5,flow_west.5,V2V,429.9749459076594,False
60.0,flow_east.5,vehicle_0,V2V,221.57447646841135,False
60.0,flow_east.5,vehicle_1,V2V,272.96140311206483,False
60.0,flow_west.2,flow_east.1,V2V,622.7151029258898,False
60.0,flow_west.2,flow_east.3,V2V,235.8351409222408,False
60.0,flow_west.2,flow_east.4,V2V,174.10284053811034,False
60.0,flow_west.2,flow_east.5,V2V,384.6816452155144,False
60.0,flow_west.2,flow_west.3,V2V,604.0499558655514,False
60.0,flow_west.2,flow_west.4,V2V,214.8409708615403,False
60.0,flow_west.2,flow_west.5,V2V,913.694667774396,False
60.0,flow_west.2,vehicle_0,V2V,136.34396640760497,False
60.0,flow_west.2,vehicle_1,V2V,161.76844973189858,False
60.0,flow_west.3,flow_east.1,V2V,419.2756825598887,False
60.0,flow_west.3,flow_east.3,V2V,185.94092084879597,False
60.0,flow_west.3,flow_east.4,V2V,140.64866925199493,False
60.0,flow_west.3,flow_east.5,V2V,287.1860390896209,False
60.0,flow_west.3,flow_west.2,V2V,604.0499558655514,False
60.0,flow_west.3,flow_west.4,V2V,170.85921126339957,False
60.0,flow_west.3,flow_west.5,V2V,521.4044557134728,False
60.0,flow_west.3,vehicle_0,V2V,112.4042095168152,False
60.0,flow_west.3,vehicle_1,V2V,131.721276540408,False
60.0,flow_west.4,flow_east.1,V2V,271.55208395250065,False
60.0,flow_west.4,flow_east.3,V2V,878.5530525789897,True
60.0,flow_west.4,flow_east.4,V2V,628.6163652986463,False
60.0,flow_west.4,flow_east.5,V2V,391.4937533047362,False
60.0,flow_west.4,flow_west.2,V2V,214.8409708615403,False
60.0,flow_west.4,flow_west.3,V2V,170.85921126339957,False
60.0,flow_west.4,flow_west.5,V2V,233.4333290833948,False
60.0,flow_west.4,vehicle_0,V2V,401.1313044189525,False
60.0,flow_west.4,vehicle_1,V2V,540.8336134619022,False
60.0,flow_west.5,flow_east.1,V2V,751.4548566616322,False
60.0,flow_west.5,flow_east.3,V2V,256.7689647642131,False
60.0,flow_west.5,flow_east.4,V2V,187.8709466187334,False
60.0,flow_west.5,flow_east.5,V2V,429.9749459076594,False
60.0,flow_west.5,flow_west.2,V2V,913.694667774396,True
60.0,flow_west.5,flow_west.3,V2V,521.4044557134728,False
60.0,flow_west.5,flow_west.4,V2V,233.4333290833948,False
60.0,flow_west.5,vehicle_0,V2V,146.29958618690017,False
60.0,flow_west.5,vehicle_1,V2V,174.33573591967533,False
60.0,vehicle_0,flow_east.1,V2V,165.8265503247556,False
60.0,vehicle_0,flow_east.3,V2V,355.8584260812596,False
60.0,vehicle_0,flow_east.4,V2V,563.2550246212377,False
60.0,vehicle_0,flow_east.5,V2V,221.57447646841135,False
60.0,vehicle_0,flow_west.2,V2V,136.34396640760497,False
60.0,vehicle_0,flow_west.3,V2V,112.4042095168152,False
60.0,vehicle_0,flow_west.4,V2V,401.1313044189525,False
60.0,vehicle_0,flow_west.5,V2V,146.29958618690017,False
60.0,vehicle_0,vehicle_1,V2V,659.8110161197217,False
60.0,vehicle_1,flow_east.1,V2V,199.40287962234788,False
60.0,vehicle_1,flow_east.3,V2V,466.4628448681492,False
60.0,vehicle_1,flow_east.4,V2V,919.6637340070504,False
60.0,vehicle_1,flow_east.5,V2V,272.96140311206483,False
60.0,vehicle_1,flow_west.2,V2V,161.76844973189858,False
60.0,vehicle_1,flow_west.3,V2V,131.721276540408,False
60.0,vehicle_1,flow_west.4,V2V,540.8336134619022,False
60.0,vehicle_1,flow_west.5,V2V,174.33573591967533,False
60.0,vehicle_1,vehicle_0,V2V,659.8110161197217,False
61.0,BS_1,flow_east.1,V2I,584.7691648656303,True
61.0,BS_1,flow_east.3,V2I,395.2191729016103,False
61.0,BS_1,flow_east.4,V2I,334.7306890543364,False
61.0,BS_1,flow_east.5,V2I,498.1857443812832,True
61.0,BS_1,flow_west.2,V2I,181.15878937659377,False
61.0,BS_1,flow_west.3,V2I,595.8749501378935,True
61.0,BS_1,flow_west.4,V2I,397.70649392996137,False
61.0,BS_1,flow_west.5,V2I,631.2401624718384,False
61.0,BS_1,vehicle_1,V2I,321.91425968029665,False
61.0,flow_east.1,flow_east.3,V2V,300.181648136069,False
61.0,flow_east.1,flow_east.4,V2V,214.0697838057939,False
61.0,flow_east.1,flow_east.5,V2V,529.8154290203812,False
61.0,flow_east.1,flow_west.2,V2V,527.8732715327078,False
61.0,flow_east.1,flow_west.3,V2V,369.903435324211,False
61.0,flow_east.1,flow_west.4,V2V,301.92747297090347,False
61.0,flow_east.1,flow_west.5,V2V,610.9225058900546,False
61.0,flow_east.1,vehicle_1,V2V,198.40883124054264,False
61.0,flow_east.3,flow_east.1,V2V,300.181648136069,False
61.0,flow_east.3,flow_east.4,V2V,526.2553344767326,False
61.0,flow_east.3,flow_east.5,V2V,448.3234380064039,False
61.0,flow_east.3,flow_west.2,V2V,214.58377466886296,False
61.0,flow_east.3,flow_west.3,V2V,169.93828982954145,False
61.0,flow_east.3,flow_west.4,V2V,1474.1849086483408,False
61.0,flow_east.3,flow_west.5,V2V,232.6349077901941,False
61.0,flow_east.3,vehicle_1,V2V,464.5487982639571,False
61.0,flow_east.4,flow_east.1,V2V,214.0697838057939,False
61.0,flow_east.4,flow_east.3,V2V,526.2553344767326,False
61.0,flow_east.4,flow_east.5,V2V,298.72909099491807,False
61.0,flow_east.4,flow_west.2,V2V,159.31524901544293,False
61.0,flow_east.4,flow_west.3,V2V,129.34796393368782,False
61.0,flow_east.4,flow_west.4,V2V,521.4044557134728,False
61.0,flow_east.4,flow_west.5,V2V,171.32064711173012,False
61.0,flow_east.4,vehicle_1,V2V,925.964872181301,False
61.0,flow_east.5,flow_east.1,V2V,529.8154290203812,False
61.0,flow_east.5,flow_east.3,V2V,448.3234380064039,False
61.0,flow_east.5,flow_east.4,V2V,298.72909099491807,False
61.0,flow_east.5,flow_west.2,V2V,339.5321233063367,False
61.0,flow_east.5,flow_west.3,V2V,256.7689647642131,False
61.0,flow_east.5,flow_west.4,V2V,451.8161418519275,False
61.0,flow_east.5,flow_west.5,V2V,375.7388049752782,False
61.0,flow_east.5,vehicle_1,V2V,273.5258174239854,False
61.0,flow_west.2,flow_east.1,V2V,527.8732715327078,False
61.0,flow_west.2,flow_east.3,V2V,214.58377466886296,False
61.0,flow_west.2,flow_east.4,V2V,159.31524901544293,False
61.0,flow_west.2,flow_east.5,V2V,339.5321233063367,False
61.0,flow_west.2,flow_west.3,V2V,599.4710454583745,False
61.0,flow_west.2,flow_west.4,V2V,215.8710900996208,False
61.0,flow_west.2,flow_west.5,V2V,919.33210799225,True
61.0,flow_west.2,vehicle_1,V2V,148.8526062168409,False
61.0,flow_west.3,flow_east.1,V2V,369.903435324211,False
61.0,flow_west.3,flow_east.3,V2V,169.93828982954145,False
61.0,flow_west.3,flow_east.4,V2V,129.34796393368782,False
61.0,flow_west.3,flow_east.5,V2V,256.7689647642131,False
61.0,flow_west.3,flow_west.2,V2V,599.4710454583745,False
61.0,flow_west.3,flow_west.4,V2V,170.85921126339957,False
61.0,flow_west.3,flow_west.5,V2V,519.1422474340515,False
61.0,flow_west.3,vehicle_1,V2V,121.44064161819212,False
61.0,flow_west.4,flow_east.1,V2V,301.92747297090347,False
61.0,flow_west.4,flow_east.3,V2V,1474.1849086483408,True
61.0,flow_west.4,flow_east.4,V2V,521.4044557134728,False
61.0,flow_west.4,flow_east.5,V2V,451.8161418519275,False
61.0,flow_west.4,flow_west.2,V2V,215.8710900996208,False
61.0,flow_west.4,flow_west.3,V2V,170.85921126339957,False
61.0,flow_west.4,flow_west.5,V2V,233.966218208406,False
61.0,flow_west.4,vehicle_1,V2V,460.7238873646651,False
61.0,flow_west.5,flow_east.1,V2V,610.9225058900546,False
61.0,flow_west.5,flow_east.3,V2V,232.6349077901941,False
61.0,flow_west.5,flow_east.4,V2V,171.32064711173012,False
61.0,flow_west.5,flow_east.5,V2V,375.7388049752782,False
61.0,flow_west.5,flow_west.2,V2V,919.33210799225,False
61.0,flow_west.5,flow_west.3,V2V,519.1422474340515,False
61.0,flow_west.5,flow_west.4,V2V,233.966218208406,False
61.0,flow_west.5,vehicle_1,V2V,159.759765222767,False
61.0,vehicle_1,flow_east.1,V2V,198.40883124054264,False
61.0,vehicle_1,flow_east.3,V2V,464.5487982639571,False
61.0,vehicle_1,flow_east.4,V2V,925.964872181301,True
61.0,vehicle_1,flow_east.5,V2V,273.5258174239854,False
61.0,vehicle_1,flow_west.2,V2V,148.8526062168409,False
61.0,vehicle_1,flow_west.3,V2V,121.44064161819212,False
61.0,vehicle_1,flow_west.4,V2V,460.7238873646651,False
61.0,vehicle_1,flow_west.5,V2V,159.759765222767,False
62.0,BS_1,flow_east.1,V2I,573.6784742961894,True
62.0,BS_1,flow_east.3,V2I,385.6091823186896,False
62.0,BS_1,flow_east.4,V2I,326.96559396634837,False
62.0,BS_1,flow_east.5,V2I,484.375841162788,True
62.0,BS_1,flow_west.2,V2I,630.2561666660467,False
62.0,BS_1,flow_west.3,V2I,582.4845158276606,True
62.0,BS_1,flow_west.4,V2I,408.93480007494657,False
62.0,BS_1,flow_west.5,V2I,181.3964259140568,False
62.0,BS_1,vehicle_1,V2I,314.22990080059554,False
62.0,flow_east.1,flow_east.3,V2V,299.01943441344736,False
62.0,flow_east.1,flow_east.4,V2V,213.29980384860173,False
62.0,flow_east.1,flow_east.5,V2V,522.0509820635123,False
62.0,flow_east.1,flow_west.2,V2V,456.90331035887937,False
62.0,flow_east.1,flow_west.3,V2V,329.0515631662001,False
62.0,flow_east.1,flow_west.4,V2V,338.02984219621237,False
62.0,flow_east.1,flow_west.5,V2V,517.2040052485606,False
62.0,flow_east.1,vehicle_1,V2V,197.41709443493204,False
62.0,flow_east.3,flow_east.1,V2V,299.01943441344736,False
62.0,flow_east.3,flow_east.4,V2V,526.2553344767326,False
62.0,flow_east.3,flow_east.5,V2V,451.8161418519275,False
62.0,flow_east.3,flow_west.2,V2V,195.6871488635396,False
62.0,flow_east.3,flow_west.3,V2V,155.78361414740235,False
62.0,flow_east.3,flow_west.4,V2V,843.7621986230889,False
62.0,flow_east.3,flow_west.5,V2V,211.25245996366425,False
62.0,flow_east.3,vehicle_1,V2V,463.5921702220468,False
62.0,flow_east.4,flow_east.1,V2V,213.29980384860173,False
62.0,flow_east.4,flow_east.3,V2V,526.2553344767326,False
62.0,flow_east.4,flow_east.5,V2V,300.4724108554143,False
62.0,flow_east.4,flow_west.2,V2V,146.72332664891255,False
62.0,flow_east.4,flow_west.3,V2V,119.5596882877001,False
62.0,flow_east.4,flow_west.4,V2V,447.3715646737752,False
62.0,flow_east.4,flow_west.5,V2V,157.10285857025488,False
62.0,flow_east.4,vehicle_1,V2V,921.6535173205102,False
62.0,flow_east.5,flow_east.1,V2V,522.0509820635123,False
62.0,flow_east.5,flow_east.3,V2V,451.8161418519275,False
62.0,flow_east.5,flow_east.4,V2V,300.4724108554143,False
62.0,flow_east.5,flow_west.2,V2V,301.6362945583815,False
62.0,flow_east.5,flow_west.3,V2V,230.51116928411304,False
62.0,flow_east.5,flow_west.4,V2V,532.4060317992868,False
62.0,flow_east.5,flow_west.5,V2V,331.1409714385041,False
62.0,flow_east.5,vehicle_1,V2V,274.9385588070461,False
62.0,flow_west.2,flow_east.1,V2V,456.90331035887937,False
62.0,flow_west.2,flow_east.3,V2V,195.6871488635396,False
62.0,flow_west.2,flow_east.4,V2V,146.72332664891255,False
62.0,flow_west.2,flow_east.5,V2V,301.6362945583815,False
62.0,flow_west.2,flow_west.3,V2V,595.8749501378935,False
62.0,flow_west.2,flow_west.4,V2V,216.38694803389723,False
62.0,flow_west.2,flow_west.5,V2V,922.3167887251544,True
62.0,flow_west.2,vehicle_1,V2V,137.1577575902878,False
62.0,flow_west.3,flow_east.1,V2V,329.0515631662001,False
62.0,flow_west.3,flow_east.3,V2V,155.78361414740235,False
62.0,flow_west.3,flow_east.4,V2V,119.5596882877001,False
62.0,flow_west.3,flow_east.5,V2V,230.51116928411304,False
62.0,flow_west.3,flow_west.2,V2V,595.8749501378935,False
62.0,flow_west.3,flow_west.4,V2V,170.85921126339957,False
62.0,flow_west.3,flow_west.5,V2V,517.2040052485606,False
62.0,flow_west.3,vehicle_1,V2V,112.22452391523647,False
62.0,flow_west.4,flow_east.1,V2V,338.02984219621237,False
62.0,flow_west.4,flow_east.3,V2V,843.7621986230889,True
62.0,flow_west.4,flow_east.4,V2V,447.3715646737752,False
62.0,flow_west.4,flow_east.5,V2V,532.4060317992868,False
62.0,flow_west.4,flow_west.2,V2V,216.38694803389723,False
62.0,flow_west.4,flow_west.3,V2V,170.85921126339957,False
62.0,flow_west.4,flow_west.5,V2V,234.4995923670648,False
62.0,flow_west.4,vehicle_1,V2V,399.8852895903136,False
62.0,flow_west.5,flow_east.1,V2V,517.2040052485606,False
62.0,flow_west.5,flow_east.3,V2V,211.25245996366425,False
62.0,flow_west.5,flow_east.4,V2V,157.10285857025488,False
62.0,flow_west.5,flow_east.5,V2V,331.1409714385041,False
62.0,flow_west.5,flow_west.2,V2V,922.3167887251544,False
62.0,flow_west.5,flow_west.3,V2V,517.2040052485606,False
62.0,flow_west.5,flow_west.4,V2V,234.4995923670648,False
62.0,flow_west.5,vehicle_1,V2V,146.72332664891255,False
62.0,vehicle_1,flow_east.1,V2V,197.41709443493204,False
62.0,vehicle_1,flow_east.3,V2V,463.5921702220468,False
62.0,vehicle_1,flow_east.4,V2V,921.6535173205102,True
62.0,vehicle_1,flow_east.5,V2V,274.9385588070461,False
62.0,vehicle_1,flow_west.2,V2V,137.1577575902878,False
62.0,vehicle_1,flow_west.3,V2V,112.22452391523647,False
62.0,vehicle_1,flow_west.4,V2V,399.8852895903136,False
62.0,vehicle_1,flow_west.5,V2V,146.72332664891255,False
63.0,BS_1,flow_east.1,V2I,562.2786027070588,True
63.0,BS_1,flow_east.3,V2I,376.661925860841,True
63.0,BS_1,flow_east.4,V2I,319.248561102768,False
63.0,BS_1,flow_east.5,V2I,470.9329866216002,True
63.0,BS_1,flow_west.2,V2I,624.6818341462133,False
63.0,BS_1,flow_west.3,V2I,568.4648827236722,True
63.0,BS_1,flow_west.4,V2I,421.1605559041608,True
63.0,BS_1,flow_west.5,V2I,180.68398393855293,False
63.0,BS_1,vehicle_1,V2I,306.89004368774096,False
63.0,flow_east.1,flow_east.3,V2V,298.1486571873432,False
63.0,flow_east.1,flow_east.4,V2V,212.01919873135185,False
63.0,flow_east.1,flow_east.5,V2V,514.9436619537512,False
63.0,flow_east.1,flow_west.2,V2V,401.4429195798042,False
63.0,flow_east.1,flow_west.3,V2V,294.6732003647027,False
63.0,flow_east.1,flow_west.4,V2V,381.2845050241565,False
63.0,flow_east.1,flow_west.5,V2V,448.006114133782,False
63.0,flow_east.1,vehicle_1,V2V,196.18069009648744,False
63.0,flow_east.3,flow_east.1,V2V,298.1486571873432,False
63.0,flow_east.3,flow_east.4,V2V,521.727708884227,False
63.0,flow_east.3,flow_east.5,V2V,456.2669766454994,False
63.0,flow_east.3,flow_west.2,V2V,179.0270912532525,False
63.0,flow_east.3,flow_west.3,V2V,143.35325564636213,False
63.0,flow_east.3,flow_west.4,V2V,654.8804472914046,False
63.0,flow_east.3,flow_west.5,V2V,192.73823432016133,False
63.0,flow_east.3,vehicle_1,V2V,460.4053389000632,False
63.0,flow_east.4,flow_east.1,V2V,212.01919873135185,False
63.0,flow_east.4,flow_east.3,V2V,521.727708884227,False
63.0,flow_east.4,flow_east.5,V2V,301.05418642985774,False
63.0,flow_east.4,flow_west.2,V2V,134.92683246099614,False
63.0,flow_east.4,flow_west.3,V2V,110.43812154230284,False
63.0,flow_east.4,flow_west.4,V2V,388.0847710956295,False
63.0,flow_east.4,flow_west.5,V2V,144.19151046834352,False
63.0,flow_east.4,vehicle_1,V2V,922.3167887251544,False
63.0,flow_east.5,flow_east.1,V2V,514.9436619537512,False
63.0,flow_east.5,flow_east.3,V2V,456.2669766454994,False
63.0,flow_east.5,flow_east.4,V2V,301.05418642985774,False
63.0,flow_east.5,flow_west.2,V2V,269.58318797658205,False
63.0,flow_east.5,flow_west.3,V2V,207.9441250896446,False
63.0,flow_east.5,flow_west.4,V2V,647.3237957144621,False
63.0,flow_east.5,flow_west.5,V2V,294.09515949177427,False
63.0,flow_east.5,vehicle_1,V2V,275.2213982168627,False
63.0,flow_west.2,flow_east.1,V2V,401.4429195798042,False
63.0,flow_west.2,flow_east.3,V2V,179.0270912532525,False
63.0,flow_west.2,flow_east.4,V2V,134.92683246099614,False
63.0,flow_west.2,flow_east.5,V2V,269.58318797658205,False
63.0,flow_west.2,flow_west.3,V2V,592.9337778041358,False
63.0,flow_west.2,flow_west.4,V2V,217.42025377190623,False
63.0,flow_west.2,flow_west.5,V2V,925.964872181301,True
63.0,flow_west.2,vehicle_1,V2V,126.41874881496716,False
63.0,flow_west.3,flow_east.1,V2V,294.6732003647027,False
63.0,flow_west.3,flow_east.3,V2V,143.35325564636213,False
63.0,flow_west.3,flow_east.4,V2V,110.43812154230284,False
63.0,flow_west.3,flow_east.5,V2V,207.9441250896446,False
63.0,flow_west.3,flow_west.2,V2V,592.9337778041358,False
63.0,flow_west.3,flow_west.4,V2V,171.08984804751694,False
63.0,flow_west.3,flow_west.5,V2V,515.912255751332,False
63.0,flow_west.3,vehicle_1,V2V,103.82355680367183,False
63.0,flow_west.4,flow_east.1,V2V,381.2845050241565,False
63.0,flow_west.4,flow_east.3,V2V,654.8804472914046,False
63.0,flow_west.4,flow_east.4,V2V,388.0847710956295,False
63.0,flow_west.4,flow_east.5,V2V,647.3237957144621,False
63.0,flow_west.4,flow_west.2,V2V,217.42025377190623,False
63.0,flow_west.4,flow_west.3,V2V,171.08984804751694,False
63.0,flow_west.4,flow_west.5,V2V,235.30056008829123,False
63.0,flow_west.4,vehicle_1,V2V,350.39617453136975,False
63.0,flow_west.5,flow_east.1,V2V,448.006114133782,False
63.0,flow_west.5,flow_east.3,V2V,192.73823432016133,False
63.0,flow_west.5,flow_east.4,V2V,144.19151046834352,False
63.0,flow_west.5,flow_east.5,V2V,294.09515949177427,False
63.0,flow_west.5,flow_west.2,V2V,925.964872181301,False
63.0,flow_west.5,flow_west.3,V2V,515.912255751332,False
63.0,flow_west.5,flow_west.4,V2V,235.30056008829123,False
63.0,flow_west.5,vehicle_1,V2V,134.92683246099614,False
63.0,vehicle_1,flow_east.1,V2V,196.18069009648744,False
63.0,vehicle_1,flow_east.3,V2V,460.4053389000632,False
63.0,vehicle_1,flow_east.4,V2V,922.3167887251544,True
63.0,vehicle_1,flow_east.5,V2V,275.2213982168627,False
63.0,vehicle_1,flow_west.2,V2V,126.41874881496716,False
63.0,vehicle_1,flow_west.3,V2V,103.82355680367183,False
63.0,vehicle_1,flow_west.4,V2V,350.39617453136975,False
63.0,vehicle_1,flow_west.5,V2V,134.92683246099614,False
64.0,BS_1,flow_east.1,V2I,550.5724802817925,True
64.0,BS_1,flow_east.3,V2I,368.3710439872822,True
64.0,BS_1,flow_east.4,V2I,311.28807573193114,False
64.0,BS_1,flow_east.5,V2I,457.539767541101,True
64.0,BS_1,flow_west.2,V2I,616.8171050225409,True
64.0,BS_1,flow_west.3,V2I,553.4970751947817,True
64.0,BS_1,flow_west.4,V2I,433.7614886513786,True
64.0,BS_1,flow_west.5,V2I,628.2884339656022,True
64.0,BS_1,vehicle_1,V2I,299.89096898766445,False
64.0,flow_east.1,flow_east.3,V2V,298.4388318711436,False
64.0,flow_east.1,flow_east.4,V2V,210.4869449797328,False
64.0,flow_east.1,flow_east.5,V2V,507.5241302255107,False
64.0,flow_east.1,flow_west.2,V2V,355.55445653576396,False
64.0,flow_east.1,flow_west.3,V2V,264.82205798455146,False
64.0,flow_east.1,flow_west.4,V2V,434.70893851256574,False
64.0,flow_east.1,flow_west.5,V2V,394.5978030427178,False
64.0,flow_east.1,vehicle_1,V2V,195.4405975802456,False
64.0,flow_east.3,flow_east.1,V2V,298.4388318711436,False
64.0,flow_east.3,flow_east.4,V2V,515.2665056695485,False
64.0,flow_east.3,flow_east.5,V2V,462.63580792794306,False
64.0,flow_east.3,flow_west.2,V2V,164.69388500138535,False
64.0,flow_east.3,flow_west.3,V2V,132.31874518493967,False
64.0,flow_east.3,flow_west.4,V2V,545.0519057955278,False
64.0,flow_east.3,flow_west.5,V2V,177.1429351712039,False
64.0,flow_east.3,vehicle_1,V2V,457.539767541101,False
64.0,flow_east.4,flow_east.1,V2V,210.4869449797328,False
64.0,flow_east.4,flow_east.3,V2V,515.2665056695485,False
64.0,flow_east.4,flow_east.5,V2V,301.6362945583815,False
64.0,flow_east.4,flow_west.2,V2V,124.2972226850232,False
64.0,flow_east.4,flow_west.3,V2V,102.12870708934862,False
64.0,flow_east.4,flow_west.4,V2V,340.43428240416625,False
64.0,flow_east.4,flow_west.5,V2V,132.7179753699546,False
64.0,flow_east.4,vehicle_1,V2V,934.5882074042872,False
64.0,flow_east.5,flow_east.1,V2V,507.5241302255107,False
64.0,flow_east.5,flow_east.3,V2V,462.63580792794306,False
64.0,flow_east.5,flow_east.4,V2V,301.6362945583815,False
64.0,flow_east.5,flow_west.2,V2V,242.0170037139946,False
64.0,flow_east.5,flow_west.3,V2V,188.11288297492587,False
64.0,flow_east.5,flow_west.4,V2V,848.7309638603684,False
64.0,flow_east.5,flow_west.5,V2V,263.4273306931402,False
64.0,flow_east.5,vehicle_1,V2V,276.9204594571485,False
64.0,flow_west.2,flow_east.1,V2V,355.55445653576396,False
64.0,flow_west.2,flow_east.3,V2V,164.69388500138535,False
64.0,flow_west.2,flow_east.4,V2V,124.2972226850232,False
64.0,flow_west.2,flow_east.5,V2V,242.0170037139946,False
64.0,flow_west.2,flow_west.3,V2V,589.3403717052341,False
64.0,flow_west.2,flow_west.4,V2V,217.9376988698967,False
64.0,flow_west.2,flow_west.5,V2V,919.9953613232226,False
64.0,flow_west.2,vehicle_1,V2V,116.9579743496632,False
64.0,flow_west.3,flow_east.1,V2V,264.82205798455146,False
64.0,flow_west.3,flow_east.3,V2V,132.31874518493967,False
64.0,flow_west.3,flow_east.4,V2V,102.12870708934862,False
64.0,flow_west.3,flow_east.5,V2V,188.11288297492587,False
64.0,flow_west.3,flow_west.2,V2V,589.3403717052341,False
64.0,flow_west.3,flow_west.4,V2V,171.32064711173012,False
64.0,flow_west.3,flow_west.5,V2V,512.0390164767683,False
64.0,flow_west.3,vehicle_1,V2V,96.5092337387133,False
64.0,flow_west.4,flow_east.1,V2V,434.70893851256574,False
64.0,flow_west.4,flow_east.3,V2V,545.0519057955278,False
64.0,flow_west.4,flow_east.4,V2V,340.43428240416625,False
64.0,flow_west.4,flow_east.5,V2V,848.7309638603684,False
64.0,flow_west.4,flow_west.2,V2V,217.9376988698967,False
64.0,flow_west.4,flow_west.3,V2V,171.32064711173012,False
64.0,flow_west.4,flow_west.5,V2V,236.63791232915,False
64.0,flow_west.4,vehicle_1,V2V,310.70064466117793,False
64.0,flow_west.5,flow_east.1,V2V,394.5978030427178,False
64.0,flow_west.5,flow_east.3,V2V,177.1429351712039,False
64.0,flow_west.5,flow_east.4,V2V,132.7179753699546,False
64.0,flow_west.5,flow_east.5,V2V,263.4273306931402,False
64.0,flow_west.5,flow_west.2,V2V,919.9953613232226,False
64.0,flow_west.5,flow_west.3,V2V,512.0390164767683,False
64.0,flow_west.5,flow_west.4,V2V,236.63791232915,False
64.0,flow_west.5,vehicle_1,V2V,124.68127767315552,False
64.0,vehicle_1,flow_east.1,V2V,195.4405975802456,False
64.0,vehicle_1,flow_east.3,V2V,457.539767541101,False
64.0,vehicle_1,flow_east.4,V2V,934.5882074042872,True
64.0,vehicle_1,flow_east.5,V2V,276.9204594571485,False
64.0,vehicle_1,flow_west.2,V2V,116.9579743496632,False
64.0,vehicle_1,flow_west.3,V2V,96.5092337387133,False
64.0,vehicle_1,flow_west.4,V2V,310.70064466117793,False
64.0,vehicle_1,flow_west.5,V2V,124.68127767315552,False
65.0,BS_1,flow_east.1,V2I,538.563451012997,True
65.0,BS_1,flow_east.3,V2I,360.42503502142154,True
65.0,BS_1,flow_east.4,V2I,304.5517833429118,True
65.0,BS_1,flow_east.5,V2I,444.83468742124137,False
65.0,BS_1,flow_west.2,V2I,607.6492483805958,True
65.0,BS_1,flow_west.3,V2I,538.563451012997,True
65.0,BS_1,flow_west.4,V2I,446.10286082263826,False
65.0,BS_1,flow_west.5,V2I,622.0596062060964,True
65.0,flow_east.1,flow_east.3,V2V,298.4388318711436,False
65.0,flow_east.1,flow_east.4,V2V,209.97728378007707,False
65.0,flow_east.1,flow_east.5,V2V,500.75993346410473,False
65.0,flow_east.1,flow_west.2,V2V,319.248561102768,False
65.0,flow_east.1,flow_west.3,V2V,239.8597138976516,False
65.0,flow_east.1,flow_west.4,V2V,500.11624696337026,False
65.0,flow_east.1,flow_west.5,V2V,350.6991166073891,False
65.0,flow_east.3,flow_east.1,V2V,298.4388318711436,False
65.0,flow_east.3,flow_east.4,V2V,513.007041080213,False
65.0,flow_east.3,flow_east.5,V2V,468.6972164444481,False
65.0,flow_east.3,flow_west.2,V2V,152.29589712219436,False
65.0,flow_east.3,flow_west.3,V2V,122.57822106445828,False
65.0,flow_east.3,flow_west.4,V2V,469.01652704013384,False
65.0,flow_east.3,flow_west.5,V2V,163.1151400652523,False
65.0,flow_east.4,flow_east.1,V2V,209.97728378007707,False
65.0,flow_east.4,flow_east.3,V2V,513.007041080213,False
65.0,flow_east.4,flow_east.5,V2V,303.67627528840046,False
65.0,flow_east.4,flow_west.2,V2V,115.67099089869282,False
65.0,flow_east.4,flow_west.3,V2V,95.05871581503864,False
65.0,flow_east.4,flow_west.4,V2V,303.9680296470533,False
65.0,flow_east.4,flow_west.5,V2V,122.95891256913062,False
65.0,flow_east.5,flow_east.1,V2V,500.75993346410473,False
65.0,flow_east.5,flow_east.3,V2V,468.6972164444481,False
65.0,flow_east.5,flow_east.4,V2V,303.67627528840046,False
65.0,flow_east.5,flow_west.2,V2V,219.2336114264695,False
65.0,flow_east.5,flow_west.3,V2V,171.08984804751694,False
65.0,flow_east.5,flow_west.4,V2V,1510.724939526914,True
65.0,flow_east.5,flow_west.5,V2V,237.1736914041641,False
65.0,flow_west.2,flow_east.1,V2V,319.248561102768,False
65.0,flow_west.2,flow_east.3,V2V,152.29589712219436,False
65.0,flow_west.2,flow_east.4,V2V,115.67099089869282,False
65.0,flow_west.2,flow_east.5,V2V,219.2336114264695,False
65.0,flow_west.2,flow_west.3,V2V,583.789950670701,False
65.0,flow_west.2,flow_west.4,V2V,218.9741667565216,False
65.0,flow_west.2,flow_west.5,V2V,929.9447713933962,False
65.0,flow_west.3,flow_east.1,V2V,239.8597138976516,False
65.0,flow_west.3,flow_east.3,V2V,122.57822106445828,False
65.0,flow_west.3,flow_east.4,V2V,95.05871581503864,False
65.0,flow_west.3,flow_east.5,V2V,171.08984804751694,False
65.0,flow_west.3,flow_west.2,V2V,583.789950670701,False
65.0,flow_west.3,flow_west.4,V2V,171.08984804751694,False
65.0,flow_west.3,flow_west.5,V2V,510.1035451747189,False
65.0,flow_west.4,flow_east.1,V2V,500.11624696337026,False
65.0,flow_west.4,flow_east.3,V2V,469.01652704013384,False
65.0,flow_west.4,flow_east.4,V2V,303.9680296470533,False
65.0,flow_west.4,flow_east.5,V2V,1510.724939526914,False
65.0,flow_west.4,flow_west.2,V2V,218.9741667565216,False
65.0,flow_west.4,flow_west.3,V2V,171.08984804751694,False
65.0,flow_west.4,flow_west.5,V2V,236.905742165306,False
65.0,flow_west.5,flow_east.1,V2V,350.6991166073891,False
65.0,flow_west.5,flow_east.3,V2V,163.1151400652523,False
65.0,flow_west.5,flow_east.4,V2V,122.95891256913062,False
65.0,flow_west.5,flow_east.5,V2V,237.1736914041641,False
65.0,flow_west.5,flow_west.2,V2V,929.9447713933962,False
65.0,flow_west.5,flow_west.3,V2V,510.1035451747189,False
65.0,flow_west.5,flow_west.4,V2V,236.905742165306,False
66.0,BS_1,flow_east.1,V2I,526.9024513740998,True
66.0,BS_1,flow_east.3,V2I,352.51805362976535,True
66.0,BS_1,flow_east.4,V2I,296.9888057615337,True
66.0,BS_1,flow_east.5,V2I,432.81436243466874,True
66.0,BS_1,flow_west.2,V2I,596.8555597015367,True
66.0,BS_1,flow_west.3,V2I,523.0209212174984,True
66.0,BS_1,flow_west.4,V2I,459.4498747137596,True
66.0,BS_1,flow_west.5,V2I,614.1968554089484,True
66.0,flow_east.1,flow_east.3,V2V,298.4388318711436,False
66.0,flow_east.1,flow_east.4,V2V,207.9441250896446,False
66.0,flow_east.1,flow_east.5,V2V,494.0058982895423,False
66.0,flow_east.1,flow_west.2,V2V,288.3340064494594,False
66.0,flow_east.1,flow_west.3,V2V,217.9376988698967,False
66.0,flow_east.1,flow_west.4,V2V,588.3606159779036,False
66.0,flow_east.1,flow_west.5,V2V,315.9986920243743,False
66.0,flow_east.3,flow_east.1,V2V,298.4388318711436,False
66.0,flow_east.3,flow_east.4,V2V,505.2682971497237,False
66.0,flow_east.3,flow_east.5,V2V,474.449115924823,False
66.0,flow_east.3,flow_west.2,V2V,141.06278846424212,False
66.0,flow_east.3,flow_west.3,V2V,113.84852861195192,False
66.0,flow_east.3,flow_west.4,V2V,409.560239697971,False
66.0,flow_east.3,flow_west.5,V2V,150.99943022938507,False
66.0,flow_east.4,flow_east.1,V2V,207.9441250896446,False
66.0,flow_east.4,flow_east.3,V2V,505.2682971497237,False
66.0,flow_east.4,flow_east.5,V2V,303.38460277915647,False
66.0,flow_east.4,flow_west.2,V2V,107.09640520764368,False
66.0,flow_east.4,flow_west.3,V2V,88.18970551453656,False
66.0,flow_east.4,flow_west.4,V2V,270.4264047104656,False
66.0,flow_east.4,flow_west.5,V2V,114.0299222141748,False
66.0,flow_east.5,flow_east.1,V2V,494.0058982895423,False
66.0,flow_east.5,flow_east.3,V2V,474.449115924823,False
66.0,flow_east.5,flow_east.4,V2V,303.38460277915647,False
66.0,flow_east.5,flow_west.2,V2V,199.15415139259528,False
66.0,flow_east.5,flow_west.3,V2V,156.00306005768846,False
66.0,flow_east.5,flow_west.4,V2V,849.7247748264442,False
66.0,flow_east.5,flow_west.5,V2V,215.3557639249266,False
66.0,flow_west.2,flow_east.1,V2V,288.3340064494594,False
66.0,flow_west.2,flow_east.3,V2V,141.06278846424212,False
66.0,flow_west.2,flow_east.4,V2V,107.09640520764368,False
66.0,flow_west.2,flow_east.5,V2V,199.15415139259528,False
66.0,flow_west.2,flow_west.3,V2V,577.5910397123184,False
66.0,flow_west.2,flow_west.4,V2V,220.01272920351923,False
66.0,flow_west.2,flow_west.5,V2V,921.3218835420824,False
66.0,flow_west.3,flow_east.1,V2V,217.9376988698967,False
66.0,flow_west.3,flow_east.3,V2V,113.84852861195192,False
66.0,flow_west.3,flow_east.4,V2V,88.18970551453656,False
66.0,flow_west.3,flow_east.5,V2V,156.00306005768846,False
66.0,flow_west.3,flow_west.2,V2V,577.5910397123184,False
66.0,flow_west.3,flow_west.4,V2V,171.08984804751694,False
66.0,flow_west.3,flow_west.5,V2V,503.3355970431181,False
66.0,flow_west.4,flow_east.1,V2V,588.3606159779036,False
66.0,flow_west.4,flow_east.3,V2V,409.560239697971,False
66.0,flow_west.4,flow_east.4,V2V,270.4264047104656,False
66.0,flow_west.4,flow_east.5,V2V,849.7247748264442,False
66.0,flow_west.4,flow_west.2,V2V,220.01272920351923,False
66.0,flow_west.4,flow_west.3,V2V,171.08984804751694,False
66.0,flow_west.4,flow_west.5,V2V,238.78388486234175,False
66.0,flow_west.5,flow_east.1,V2V,315.9986920243743,False
66.0,flow_west.5,flow_east.3,V2V,150.99943022938507,False
66.0,flow_west.5,flow_east.4,V2V,114.0299222141748,False
66.0,flow_west.5,flow_east.5,V2V,215.3557639249266,False
66.0,flow_west.5,flow_west.2,V2V,921.3218835420824,False
66.0,flow_west.5,flow_west.3,V2V,503.3355970431181,False
66.0,flow_west.5,flow_west.4,V2V,238.78388486234175,False
67.0,BS_1,flow_east.1,V2I,515.5893702838652,True
67.0,BS_1,flow_east.3,V2I,344.3504000172214,True
67.0,BS_1,flow_east.5,V2I,420.53210770653345,True
67.0,BS_1,flow_west.2,V2I,584.4427470435247,True
67.0,BS_1,flow_west.3,V2I,508.49124702051586,True
67.0,BS_1,flow_west.4,V2I,473.170134747745,True
67.0,BS_1,flow_west.5,V2I,603.7228156123773,True
67.0,flow_east.1,flow_east.3,V2V,296.40939047523096,False
67.0,flow_east.1,flow_east.5,V2V,485.01714130861666,False
67.0,flow_east.1,flow_west.2,V2V,261.4790579940681,False
67.0,flow_east.1,flow_west.3,V2V,198.90556714256755,False
67.0,flow_east.1,flow_west.4,V2V,717.7799126536754,False
67.0,flow_east.1,flow_west.5,V2V,284.89444455716944,False
67.0,flow_east.3,flow_east.1,V2V,296.40939047523096,False
67.0,flow_east.3,flow_east.5,V2V,478.9289868819651,False
67.0,flow_east.3,flow_west.2,V2V,130.53130342008222,False
67.0,flow_east.3,flow_west.3,V2V,105.53751557081084,False
67.0,flow_east.3,flow_west.4,V2V,359.81539519362747,False
67.0,flow_east.3,flow_west.5,V2V,139.2049177406465,False
67.0,flow_east.5,flow_east.1,V2V,485.01714130861666,False
67.0,flow_east.5,flow_east.3,V2V,478.9289868819651,False
67.0,flow_east.5,flow_west.2,V2V,181.15878937659377,False
67.0,flow_east.5,flow_west.3,V2V,142.72643675475405,False
67.0,flow_east.5,flow_west.4,V2V,648.3091954667148,False
67.0,flow_east.5,flow_west.5,V2V,194.94793449621417,False
67.0,flow_west.2,flow_east.1,V2V,261.4790579940681,False
67.0,flow_west.2,flow_east.3,V2V,130.53130342008222,False
67.0,flow_west.2,flow_east.5,V2V,181.15878937659377,False
67.0,flow_west.2,flow_west.3,V2V,573.6784742961894,False
67.0,flow_west.2,flow_west.4,V2V,221.0533753742114,False
67.0,flow_west.2,flow_west.5,V2V,926.959830357007,False
67.0,flow_west.3,flow_east.1,V2V,198.90556714256755,False
67.0,flow_west.3,flow_east.3,V2V,105.53751557081084,False
67.0,flow_west.3,flow_east.5,V2V,142.72643675475405,False
67.0,flow_west.3,flow_west.2,V2V,573.6784742961894,False
67.0,flow_west.3,flow_west.4,V2V,171.08984804751694,False
67.0,flow_west.3,flow_west.5,V2V,501.7256358797886,False
67.0,flow_west.4,flow_east.1,V2V,717.7799126536754,False
67.0,flow_west.4,flow_east.3,V2V,359.81539519362747,False
67.0,flow_west.4,flow_east.5,V2V,648.3091954667148,False
67.0,flow_west.4,flow_west.2,V2V,221.0533753742114,False
67.0,flow_west.4,flow_west.3,V2V,171.08984804751694,False
67.0,flow_west.4,flow_west.5,V2V,239.32156360404807,False
67.0,flow_west.5,flow_east.1,V2V,284.89444455716944,False
67.0,flow_west.5,flow_east.3,V2V,139.2049177406465,False
67.0,flow_west.5,flow_east.5,V2V,194.94793449621417,False
67.0,flow_west.5,flow_west.2,V2V,926.959830357007,False
67.0,flow_west.5,flow_west.3,V2V,501.7256358797886,False
67.0,flow_west.5,flow_west.4,V2V,239.32156360404807,False
68.0,BS_1,flow_east.1,V2I,503.0135593268066,True
68.0,BS_1,flow_east.3,V2I,337.12926937869634,True
68.0,BS_1,flow_east.5,V2I,408.622143664038,True
68.0,BS_1,flow_west.2,V2I,571.0712200531792,True
68.0,BS_1,flow_west.3,V2I,493.6845389624826,True
68.0,BS_1,flow_west.4,V2I,486.9416543892173,True
68.0,BS_1,flow_west.5,V2I,592.2803190516009,True
68.0,flow_east.1,flow_east.3,V2V,297.2786412302355,False
68.0,flow_east.1,flow_east.5,V2V,479.24917949165024,False
68.0,flow_east.1,flow_west.2,V2V,236.905742165306,False
68.0,flow_east.1,flow_west.3,V2V,181.63421812458745,False
68.0,flow_east.1,flow_west.4,V2V,968.7572475327404,False
68.0,flow_east.1,flow_west.5,V2V,257.5979281454729,False
68.0,flow_east.3,flow_east.1,V2V,297.2786412302355,False
68.0,flow_east.3,flow_east.5,V2V,486.3000483589656,False
68.0,flow_east.3,flow_west.2,V2V,121.0629484533494,False
68.0,flow_east.3,flow_west.3,V2V,98.30311148523268,False
68.0,flow_east.3,flow_west.4,V2V,321.321365578753,False
68.0,flow_east.3,flow_west.5,V2V,129.15138683838137,False
68.0,flow_east.5,flow_east.1,V2V,479.24917949165024,False
68.0,flow_east.5,flow_east.3,V2V,486.3000483589656,False
68.0,flow_east.5,flow_west.2,V2V,165.1464533388395,False
68.0,flow_east.5,flow_west.3,V2V,130.72917207714792,False
68.0,flow_east.5,flow_west.4,V2V,533.7017813240319,False
68.0,flow_east.5,flow_west.5,V2V,177.61302667536782,False
68.0,flow_west.2,flow_east.1,V2V,236.905742165306,False
68.0,flow_west.2,flow_east.3,V2V,121.0629484533494,False
68.0,flow_west.2,flow_east.5,V2V,165.1464533388395,False
68.0,flow_west.2,flow_west.3,V2V,571.0712200531792,False
68.0,flow_west.2,flow_west.4,V2V,221.31386122841135,False
68.0,flow_west.2,flow_west.5,V2V,920.3269899377848,False
68.0,flow_west.3,flow_east.1,V2V,181.63421812458745,False
68.0,flow_west.3,flow_east.3,V2V,98.30311148523268,False
68.0,flow_west.3,flow_east.5,V2V,130.72917207714792,False
68.0,flow_west.3,flow_west.2,V2V,571.0712200531792,False
68.0,flow_west.3,flow_west.4,V2V,170.85921126339957,False
68.0,flow_west.3,flow_west.5,V2V,498.1857443812832,False
68.0,flow_west.4,flow_east.1,V2V,968.7572475327404,False
68.0,flow_west.4,flow_east.3,V2V,321.321365578753,False
68.0,flow_west.4,flow_east.5,V2V,533.7017813240319,False
68.0,flow_west.4,flow_west.2,V2V,221.31386122841135,False
68.0,flow_west.4,flow_west.3,V2V,170.85921126339957,False
68.0,flow_west.4,flow_west.5,V2V,240.1289654562463,False
68.0,flow_west.5,flow_east.1,V2V,257.5979281454729,False
68.0,flow_west.5,flow_east.3,V2V,129.15138683838137,False
68.0,flow_west.5,flow_east.5,V2V,177.61302667536782,False
68.0,flow_west.5,flow_west.2,V2V,920.3269899377848,False
68.0,flow_west.5,flow_west.3,V2V,498.1857443812832,False
68.0,flow_west.5,flow_west.4,V2V,240.1289654562463,False
69.0,BS_1,flow_east.1,V2I,490.79339837343304,False
69.0,BS_1,flow_east.3,V2I,329.94660531236724,True
69.0,BS_1,flow_east.5,V2I,397.3954186299013,True
69.0,BS_1,flow_west.2,V2I,557.7237916435136,True
69.0,BS_1,flow_west.3,V2I,479.24917949165024,True
69.0,BS_1,flow_west.4,V2I,501.0818112970885,False
69.0,BS_1,flow_west.5,V2I,579.2218608122311,True
69.0,flow_east.1,flow_east.3,V2V,297.85856708888736,False
69.0,flow_east.1,flow_east.5,V2V,473.4898386314426,False
69.0,flow_east.1,flow_west.2,V2V,215.8710900996208,False
69.0,flow_east.1,flow_west.3,V2V,166.05358062452154,False
69.0,flow_east.1,flow_west.4,V2V,1191.1888145374633,False
69.0,flow_east.1,flow_west.5,V2V,233.16706683078783,False
69.0,flow_east.3,flow_east.1,V2V,297.85856708888736,False
69.0,flow_east.3,flow_east.5,V2V,494.0058982895423,False
69.0,flow_east.3,flow_west.2,V2V,112.76415046634403,False
69.0,flow_east.3,flow_west.3,V2V,91.73431319946644,False
69.0,flow_east.3,flow_west.4,V2V,288.0468798092183,False
69.0,flow_east.3,flow_west.5,V2V,119.74693786485228,False
69.0,flow_east.5,flow_east.1,V2V,473.4898386314426,False
69.0,flow_east.5,flow_east.3,V2V,494.0058982895423,False
69.0,flow_east.5,flow_west.2,V2V,151.21507307085295,False
69.0,flow_east.5,flow_west.3,V2V,120.12200125252492,False
69.0,flow_east.5,flow_west.4,V2V,452.7693716402421,False
69.0,flow_east.5,flow_west.5,V2V,161.76844973189858,False
69.0,flow_west.2,flow_east.1,V2V,215.8710900996208,False
69.0,flow_west.2,flow_east.3,V2V,112.76415046634403,False
69.0,flow_west.2,flow_east.5,V2V,151.21507307085295,False
69.0,flow_west.2,flow_west.3,V2V,565.2082754578944,False
69.0,flow_west.2,flow_west.4,V2V,222.3570968089231,False
69.0,flow_west.2,flow_west.5,V2V,932.929810605446,False
69.0,flow_west.3,flow_east.1,V2V,166.05358062452154,False
69.0,flow_west.3,flow_east.3,V2V,91.73431319946644,False
69.0,flow_west.3,flow_east.5,V2V,120.12200125252492,False
69.0,flow_west.3,flow_west.2,V2V,565.2082754578944,False
69.0,flow_west.3,flow_west.4,V2V,170.62873690463763,False
69.0,flow_west.3,flow_west.5,V2V,496.5776363646706,False
69.0,flow_west.4,flow_east.1,V2V,1191.1888145374633,True
69.0,flow_west.4,flow_east.3,V2V,288.0468798092183,False
69.0,flow_west.4,flow_east.5,V2V,452.7693716402421,False
69.0,flow_west.4,flow_west.2,V2V,222.3570968089231,False
69.0,flow_west.4,flow_west.3,V2V,170.62873690463763,False
69.0,flow_west.4,flow_west.5,V2V,240.3983343987097,False
69.0,flow_west.5,flow_east.1,V2V,233.16706683078783,False
69.0,flow_west.5,flow_east.3,V2V,119.74693786485228,False
69.0,flow_west.5,flow_east.5,V2V,161.76844973189858,False
69.0,flow_west.5,flow_west.2,V2V,932.929810605446,False
69.0,flow_west.5,flow_west.3,V2V,496.5776363646706,False
69.0,flow_west.5,flow_west.4,V2V,240.3983343987097,False
70.0,BS_1,flow_east.1,V2I,478.9289868819651,True
70.0,BS_1,flow_east.3,V2I,322.8041503885187,True
70.0,BS_1,flow_east.5,V2I,386.8465864308504,True
70.0,BS_1,flow_east.6,V2I,614.1968554089484,True
70.0,BS_1,flow_west.2,V2I,543.4291392892695,True
70.0,BS_1,flow_west.3,V2I,465.5056903704867,True
70.0,BS_1,flow_west.4,V2I,516.2351620266729,True
70.0,BS_1,flow_west.5,V2I,565.5338696369089,True
70.0,BS_1,flow_west.6,V2I,607.9765242918677,True
70.0,flow_east.1,flow_east.3,V2V,298.72909099491807,False
70.0,flow_east.1,flow_east.5,V2V,469.3358661176646,False
70.0,flow_east.1,flow_east.6,V2V,268.4602974104811,False
70.0,flow_east.1,flow_west.2,V2V,196.922096159816,False
70.0,flow_east.1,flow_west.3,V2V,152.51258305659232,False
70.0,flow_east.1,flow_west.4,V2V,786.1655557132036,False
70.0,flow_east.1,flow_west.5,V2V,212.27504948693564,False
70.0,flow_east.1,flow_west.6,V2V,251.8156110887872,False
70.0,flow_east.3,flow_east.1,V2V,298.72909099491807,False
70.0,flow_east.3,flow_east.5,V2V,500.4380786695991,False
70.0,flow_east.3,flow_east.6,V2V,133.71925799155525,False
70.0,flow_east.3,flow_west.2,V2V,105.19319569404242,False
70.0,flow_east.3,flow_west.3,V2V,85.78314146576503,False
70.0,flow_east.3,flow_west.4,V2V,259.5359052461065,False
70.0,flow_east.3,flow_west.5,V2V,111.50768149266771,False
70.0,flow_east.3,flow_west.6,V2V,127.39051931431892,False
70.0,flow_east.5,flow_east.1,V2V,469.3358661176646,False
70.0,flow_east.5,flow_east.3,V2V,500.4380786695991,False
70.0,flow_east.5,flow_east.6,V2V,181.63421812458745,False
70.0,flow_east.5,flow_west.2,V2V,138.79403939662816,False
70.0,flow_east.5,flow_west.3,V2V,110.79388068459409,False
70.0,flow_east.5,flow_west.4,V2V,391.80394676636746,False
70.0,flow_east.5,flow_west.5,V2V,148.21197491204072,False
70.0,flow_east.5,flow_west.6,V2V,171.78273149823082,False
70.0,flow_east.6,flow_east.1,V2V,268.4602974104811,False
70.0,flow_east.6,flow_east.3,V2V,133.71925799155525,False
70.0,flow_east.6,flow_east.5,V2V,181.63421812458745,False
70.0,flow_east.6,flow_west.2,V2V,538.563451012997,False
70.0,flow_east.6,flow_west.3,V2V,359.51066214326494,False
70.0,flow_east.6,flow_west.4,V2V,309.5267253169076,False
70.0,flow_east.6,flow_west.5,V2V,622.3873495175933,False
70.0,flow_east.6,flow_west.6,V2V,1002.27241393691,False
70.0,flow_west.2,flow_east.1,V2V,196.922096159816,False
70.0,flow_west.2,flow_east.3,V2V,105.19319569404242,False
70.0,flow_west.2,flow_east.5,V2V,138.79403939662816,False
70.0,flow_west.2,flow_east.6,V2V,538.563451012997,False
70.0,flow_west.2,flow_west.3,V2V,562.2786027070588,False
70.0,flow_west.2,flow_west.4,V2V,223.1408755218506,False
70.0,flow_west.2,flow_west.5,V2V,928.286458566976,False
70.0,flow_west.2,flow_west.6,V2V,600.1250355005394,False
70.0,flow_west.3,flow_east.1,V2V,152.51258305659232,False
70.0,flow_west.3,flow_east.3,V2V,85.78314146576503,False
70.0,flow_west.3,flow_east.5,V2V,110.79388068459409,False
70.0,flow_west.3,flow_east.6,V2V,359.51066214326494,False
70.0,flow_west.3,flow_west.2,V2V,562.2786027070588,False
70.0,flow_west.3,flow_west.4,V2V,170.85921126339957,False
70.0,flow_west.3,flow_west.5,V2V,493.3632037929179,False
70.0,flow_west.3,flow_west.6,V2V,388.0847710956295,False
70.0,flow_west.4,flow_east.1,V2V,786.1655557132036,False
70.0,flow_west.4,flow_east.3,V2V,259.5359052461065,False
70.0,flow_west.4,flow_east.5,V2V,391.80394676636746,False
70.0,flow_west.4,flow_east.6,V2V,309.5267253169076,False
70.0,flow_west.4,flow_west.2,V2V,223.1408755218506,False
70.0,flow_west.4,flow_west.3,V2V,170.85921126339957,False
70.0,flow_west.4,flow_west.5,V2V,241.47698064933337,False
70.0,flow_west.4,flow_west.6,V2V,289.1959234644955,False
70.0,flow_west.5,flow_east.1,V2V,212.27504948693564,False
70.0,flow_west.5,flow_east.3,V2V,111.50768149266771,False
70.0,flow_west.5,flow_east.5,V2V,148.21197491204072,False
70.0,flow_west.5,flow_east.6,V2V,622.3873495175933,False
70.0,flow_west.5,flow_west.2,V2V,928.286458566976,False
70.0,flow_west.5,flow_west.3,V2V,493.3632037929179,False
70.0,flow_west.5,flow_west.4,V2V,241.47698064933337,False
70.0,flow_west.5,flow_west.6,V2V,709.8638881271144,False
70.0,flow_west.6,flow_east.1,V2V,251.8156110887872,False
70.0,flow_west.6,flow_east.3,V2V,127.39051931431892,False
70.0,flow_west.6,flow_east.5,V2V,171.78273149823082,False
70.0,flow_west.6,flow_east.6,V2V,1002.27241393691,False
70.0,flow_west.6,flow_west.2,V2V,600.1250355005394,False
70.0,flow_west.6,flow_west.3,V2V,388.0847710956295,False
70.0,flow_west.6,flow_west.4,V2V,289.1959234644955,False
70.0,flow_west.6,flow_west.5,V2V,709.8638881271144,False
71.0,BS_1,flow_east.1,V2I,467.42026009311496,True
71.0,BS_1,flow_east.3,V2I,315.7037026872756,True
71.0,BS_1,flow_east.5,V2I,376.0464596951496,True
71.0,BS_1,flow_east.6,V2I,621.0764370791719,True
71.0,BS_1,flow_west.2,V2I,529.4916884979573,True
71.0,BS_1,flow_west.3,V2I,452.13385327948134,True
71.0,BS_1,flow_west.4,V2I,531.758268580473,True
71.0,BS_1,flow_west.5,V2I,551.2222759356557,True
71.0,BS_1,flow_west.6,V2I,598.163207273954,True
71.0,flow_east.1,flow_east.3,V2V,297.85856708888736,False
71.0,flow_east.1,flow_east.5,V2V,462.3170798439674,False
71.0,flow_east.1,flow_east.6,V2V,270.14523289701515,False
71.0,flow_east.1,flow_west.2,V2V,180.44681534635475,False
71.0,flow_east.1,flow_west.3,V2V,140.4418791395819,False
71.0,flow_east.1,flow_west.4,V2V,624.6818341462133,False
71.0,flow_east.1,flow_west.5,V2V,193.7188480385982,False
71.0,flow_east.1,flow_west.6,V2V,229.98146583712477,False
71.0,flow_east.3,flow_east.1,V2V,297.85856708888736,False
71.0,flow_east.3,flow_east.5,V2V,506.8794956939512,False
71.0,flow_east.3,flow_east.6,V2V,134.12105208258674,False
71.0,flow_east.3,flow_west.2,V2V,97.97523136487798,False
71.0,flow_east.3,flow_west.3,V2V,80.11961079847866,False
71.0,flow_east.3,flow_west.4,V2V,233.6997129322458,False
71.0,flow_east.3,flow_west.5,V2V,103.65321173706938,False
71.0,flow_east.3,flow_west.6,V2V,118.4401439039124,False
71.0,flow_east.5,flow_east.1,V2V,462.3170798439674,False
71.0,flow_east.5,flow_east.3,V2V,506.8794956939512,False
71.0,flow_east.5,flow_east.6,V2V,180.92130866666545,False
71.0,flow_east.5,flow_west.2,V2V,127.58543022980012,False
71.0,flow_east.5,flow_west.3,V2V,102.29733185786192,False
71.0,flow_east.5,flow_west.4,V2V,341.93918767585893,False
71.0,flow_east.5,flow_west.5,V2V,135.7355309854064,False
71.0,flow_east.5,flow_west.6,V2V,157.5439744372922,False
71.0,flow_east.6,flow_east.1,V2V,270.14523289701515,False
71.0,flow_east.6,flow_east.3,V2V,134.12105208258674,False
71.0,flow_east.6,flow_east.5,V2V,180.92130866666545,False
71.0,flow_east.6,flow_west.2,V2V,460.7238873646651,False
71.0,flow_east.6,flow_west.3,V2V,317.7702193510412,False
71.0,flow_east.6,flow_west.4,V2V,350.39617453136975,False
71.0,flow_east.6,flow_west.5,V2V,518.4960847906689,False
71.0,flow_east.6,flow_west.6,V2V,733.6208693542061,False
71.0,flow_west.2,flow_east.1,V2V,180.44681534635475,False
71.0,flow_west.2,flow_east.3,V2V,97.97523136487798,False
71.0,flow_west.2,flow_east.5,V2V,127.58543022980012,False
71.0,flow_west.2,flow_east.6,V2V,460.7238873646651,False
71.0,flow_west.2,flow_west.3,V2V,558.6995669866035,False
71.0,flow_west.2,flow_west.4,V2V,224.1877078101824,False
71.0,flow_west.2,flow_west.5,V2V,937.573395359263,False
71.0,flow_west.2,flow_west.6,V2V,595.2212708866408,False
71.0,flow_west.3,flow_east.1,V2V,140.4418791395819,False
71.0,flow_west.3,flow_east.3,V2V,80.11961079847866,False
71.0,flow_west.3,flow_east.5,V2V,102.29733185786192,False
71.0,flow_west.3,flow_east.6,V2V,317.7702193510412,False
71.0,flow_west.3,flow_west.2,V2V,558.6995669866035,False
71.0,flow_west.3,flow_west.4,V2V,171.08984804751694,False
71.0,flow_west.3,flow_west.5,V2V,492.3993437501574,False
71.0,flow_west.3,flow_west.6,V2V,384.0635343181688,False
71.0,flow_west.4,flow_east.1,V2V,624.6818341462133,False
71.0,flow_west.4,flow_east.3,V2V,233.6997129322458,False
71.0,flow_west.4,flow_east.5,V2V,341.93918767585893,False
71.0,flow_west.4,flow_east.6,V2V,350.39617453136975,False
71.0,flow_west.4,flow_west.2,V2V,224.1877078101824,False
71.0,flow_west.4,flow_west.3,V2V,171.08984804751694,False
71.0,flow_west.4,flow_west.5,V2V,242.2871896442523,False
71.0,flow_west.4,flow_west.6,V2V,292.363120871729,False
71.0,flow_west.5,flow_east.1,V2V,193.7188480385982,False
71.0,flow_west.5,flow_east.3,V2V,103.65321173706938,False
71.0,flow_west.5,flow_east.5,V2V,135.7355309854064,False
71.0,flow_west.5,flow_east.6,V2V,518.4960847906689,False
71.0,flow_west.5,flow_west.2,V2V,937.573395359263,False
71.0,flow_west.5,flow_west.3,V2V,492.3993437501574,False
71.0,flow_west.5,flow_west.4,V2V,242.2871896442523,False
71.0,flow_west.5,flow_west.6,V2V,698.3254558428566,False
71.0,flow_west.6,flow_east.1,V2V,229.98146583712477,False
71.0,flow_west.6,flow_east.3,V2V,118.4401439039124,False
71.0,flow_west.6,flow_east.5,V2V,157.5439744372922,False
71.0,flow_west.6,flow_east.6,V2V,733.6208693542061,False
71.0,flow_west.6,flow_west.2,V2V,595.2212708866408,False
71.0,flow_west.6,flow_west.3,V2V,384.0635343181688,False
71.0,flow_west.6,flow_west.4,V2V,292.363120871729,False
71.0,flow_west.6,flow_west.5,V2V,698.3254558428566,False
72.0,BS_1,flow_east.1,V2I,456.5851280360261,True
72.0,BS_1,flow_east.3,V2I,308.9402392684795,True
72.0,BS_1,flow_east.5,V2I,365.92207785052057,True
72.0,BS_1,flow_east.6,V2I,625.3374909751575,True
72.0,BS_1,flow_west.2,V2I,515.5893702838652,True
72.0,BS_1,flow_west.3,V2I,439.4509725574016,True
72.0,BS_1,flow_west.4,V2I,546.9997892280549,True
72.0,BS_1,flow_west.5,V2I,537.5907913527722,True
72.0,BS_1,flow_west.6,V2I,586.7279448723722,True
72.0,flow_east.1,flow_east.3,V2V,297.2786412302355,False
72.0,flow_east.1,flow_east.5,V2V,455.94885625257245,False
72.0,flow_east.1,flow_east.6,V2V,271.55208395250065,False
72.0,flow_east.1,flow_west.2,V2V,166.28077634374787,False
72.0,flow_east.1,flow_west.3,V2V,130.13611899329558,False
72.0,flow_east.1,flow_west.4,V2V,524.6378825976252,False
72.0,flow_east.1,flow_west.5,V2V,178.31934946581768,False
72.0,flow_east.1,flow_west.6,V2V,210.74198038462131,False
72.0,flow_east.3,flow_east.1,V2V,297.2786412302355,False
72.0,flow_east.3,flow_east.5,V2V,512.6843449321773,False
72.0,flow_east.3,flow_east.6,V2V,134.32222328605508,False
72.0,flow_east.3,flow_west.2,V2V,91.57810618425424,False
72.0,flow_east.3,flow_west.3,V2V,75.27922718471359,False
72.0,flow_east.3,flow_west.4,V2V,212.01919873135185,False
72.0,flow_east.3,flow_west.5,V2V,96.83367296678875,False
72.0,flow_east.3,flow_west.6,V2V,110.61590598188624,False
72.0,flow_east.5,flow_east.1,V2V,455.94885625257245,False
72.0,flow_east.5,flow_east.3,V2V,512.6843449321773,False
72.0,flow_east.5,flow_east.6,V2V,179.97294718516198,False
72.0,flow_east.5,flow_west.2,V2V,117.88291537401597,False
72.0,flow_east.5,flow_west.3,V2V,94.8985023127603,False
72.0,flow_east.5,flow_west.4,V2V,301.92747297090347,False
72.0,flow_east.5,flow_west.5,V2V,125.25875871491512,False
72.0,flow_east.5,flow_west.6,V2V,145.03261190185964,False
72.0,flow_east.6,flow_east.1,V2V,271.55208395250065,False
72.0,flow_east.6,flow_east.3,V2V,134.32222328605508,False
72.0,flow_east.6,flow_east.5,V2V,179.97294718516198,False
72.0,flow_east.6,flow_west.2,V2V,402.6898233480809,False
72.0,flow_east.6,flow_west.3,V2V,284.03660104553563,False
72.0,flow_east.6,flow_west.4,V2V,398.6399923931267,False
72.0,flow_east.6,flow_west.5,V2V,448.9581836940701,False
72.0,flow_east.6,flow_west.6,V2V,600.7790725620725,False
72.0,flow_west.2,flow_east.1,V2V,166.28077634374787,False
72.0,flow_west.2,flow_east.3,V2V,91.57810618425424,False
72.0,flow_west.2,flow_east.5,V2V,117.88291537401597,False
72.0,flow_west.2,flow_east.6,V2V,402.6898233480809,False
72.0,flow_west.2,flow_west.3,V2V,556.0978135777585,False
72.0,flow_west.2,flow_west.4,V2V,225.49911613939196,False
72.0,flow_west.2,flow_west.5,V2V,931.2714434874636,False
72.0,flow_west.2,flow_west.6,V2V,591.3002239972949,False
72.0,flow_west.3,flow_east.1,V2V,130.13611899329558,False
72.0,flow_west.3,flow_east.3,V2V,75.27922718471359,False
72.0,flow_west.3,flow_east.5,V2V,94.8985023127603,False
72.0,flow_west.3,flow_east.6,V2V,284.03660104553563,False
72.0,flow_west.3,flow_west.2,V2V,556.0978135777585,False
72.0,flow_west.3,flow_west.4,V2V,171.32064711173012,False
72.0,flow_west.3,flow_west.5,V2V,488.86707729088545,False
72.0,flow_west.3,flow_west.6,V2V,380.9759754420794,False
72.0,flow_west.4,flow_east.1,V2V,524.6378825976252,False
72.0,flow_west.4,flow_east.3,V2V,212.01919873135185,False
72.0,flow_west.4,flow_east.5,V2V,301.92747297090347,False
72.0,flow_west.4,flow_east.6,V2V,398.6399923931267,False
72.0,flow_west.4,flow_west.2,V2V,225.49911613939196,False
72.0,flow_west.4,flow_west.3,V2V,171.32064711173012,False
72.0,flow_west.4,flow_west.5,V2V,243.91073624352788,False
72.0,flow_west.4,flow_west.6,V2V,295.2515866036676,False
72.0,flow_west.5,flow_east.1,V2V,178.31934946581768,False
72.0,flow_west.5,flow_east.3,V2V,96.83367296678875,False
72.0,flow_west.5,flow_east.5,V2V,125.25875871491512,False
72.0,flow_west.5,flow_east.6,V2V,448.9581836940701,False
72.0,flow_west.5,flow_west.2,V2V,931.2714434874636,False
72.0,flow_west.5,flow_west.3,V2V,488.86707729088545,False
72.0,flow_west.5,flow_west.4,V2V,243.91073624352788,False
72.0,flow_west.5,flow_west.6,V2V,695.0300854661662,False
72.0,flow_west.6,flow_east.1,V2V,210.74198038462131,False
72.0,flow_west.6,flow_east.3,V2V,110.61590598188624,False
72.0,flow_west.6,flow_east.5,V2V,145.03261190185964,False
72.0,flow_west.6,flow_east.6,V2V,600.7790725620725,False
72.0,flow_west.6,flow_west.2,V2V,591.3002239972949,False
72.0,flow_west.6,flow_west.3,V2V,380.9759754420794,False
72.0,flow_west.6,flow_west.4,V2V,295.2515866036676,False
72.0,flow_west.6,flow_west.5,V2V,695.0300854661662,False
73.0,BS_1,flow_east.1,V2I,446.4199872291918,True
73.0,BS_1,flow_east.3,V2I,302.2187340908274,True
73.0,BS_1,flow_east.5,V2I,356.4665432839086,True
73.0,BS_1,flow_east.6,V2I,177.1429351712039,True
73.0,BS_1,flow_west.2,V2I,502.3695520212981,True
73.0,BS_1,flow_west.3,V2I,426.5086088741244,True
73.0,BS_1,flow_west.4,V2I,561.9531591071087,True
73.0,BS_1,flow_west.5,V2I,523.9910388858158,True
73.0,BS_1,flow_west.6,V2I,574.9824402159195,True
73.0,flow_east.1,flow_east.3,V2V,295.8303170319566,False
73.0,flow_east.1,flow_east.5,V2V,449.59305951603903,False
73.0,flow_east.1,flow_east.6,V2V,273.2435613792995,False
73.0,flow_east.1,flow_west.2,V2V,153.81633630488582,False
73.0,flow_east.1,flow_west.3,V2V,120.49781657805232,False
73.0,flow_east.1,flow_west.4,V2V,453.405016896485,False
73.0,flow_east.1,flow_west.5,V2V,164.4678501448139,False
73.0,flow_east.1,flow_west.6,V2V,193.96437082173665,False
73.0,flow_east.3,flow_east.1,V2V,295.8303170319566,False
73.0,flow_east.3,flow_east.5,V2V,517.2040052485606,False
73.0,flow_east.3,flow_east.6,V2V,134.7251135647232,False
73.0,flow_east.3,flow_west.2,V2V,85.9321310750522,False
73.0,flow_east.3,flow_west.3,V2V,70.53630306107746,False
73.0,flow_east.3,flow_west.4,V2V,192.98316581333424,False
73.0,flow_east.3,flow_west.5,V2V,90.64486436797138,False
73.0,flow_east.3,flow_west.6,V2V,103.31309493247804,False
73.0,flow_east.5,flow_east.1,V2V,449.59305951603903,False
73.0,flow_east.5,flow_east.3,V2V,517.2040052485606,False
73.0,flow_east.5,flow_east.6,V2V,179.49970541212596,False
73.0,flow_east.5,flow_west.2,V2V,109.1989603598184,False
73.0,flow_east.5,flow_west.3,V2V,88.03787317534184,False
73.0,flow_east.5,flow_west.4,V2V,269.3023151872057,False
73.0,flow_east.5,flow_west.5,V2V,115.85427844443132,False
73.0,flow_east.5,flow_west.6,V2V,133.71925799155525,False
73.0,flow_east.6,flow_east.1,V2V,273.2435613792995,False
73.0,flow_east.6,flow_east.3,V2V,134.7251135647232,False
73.0,flow_east.6,flow_east.5,V2V,179.49970541212596,False
73.0,flow_east.6,flow_west.2,V2V,356.4665432839086,False
73.0,flow_east.6,flow_west.3,V2V,254.8384785162744,False
73.0,flow_east.6,flow_west.4,V2V,458.81305023527017,False
73.0,flow_east.6,flow_west.5,V2V,393.0451922055537,False
73.0,flow_east.6,flow_west.6,V2V,510.4260699050956,False
73.0,flow_west.2,flow_east.1,V2V,153.81633630488582,False
73.0,flow_west.2,flow_east.3,V2V,85.9321310750522,False
73.0,flow_west.2,flow_east.5,V2V,109.1989603598184,False
73.0,flow_west.2,flow_east.6,V2V,356.4665432839086,False
73.0,flow_west.2,flow_west.3,V2V,549.5979103767269,False
73.0,flow_west.2,flow_west.4,V2V,226.813691328948,False
73.0,flow_west.2,flow_west.5,V2V,936.9100121423376,False
73.0,flow_west.2,flow_west.6,V2V,589.0137737735673,False
73.0,flow_west.3,flow_east.1,V2V,120.49781657805232,False
73.0,flow_west.3,flow_east.3,V2V,70.53630306107746,False
73.0,flow_west.3,flow_east.5,V2V,88.03787317534184,False
73.0,flow_west.3,flow_east.6,V2V,254.8384785162744,False
73.0,flow_west.3,flow_west.2,V2V,549.5979103767269,False
73.0,flow_west.3,flow_west.4,V2V,171.32064711173012,False
73.0,flow_west.3,flow_west.5,V2V,485.01714130861666,False
73.0,flow_west.3,flow_west.6,V2V,376.969737101776,False
73.0,flow_west.4,flow_east.1,V2V,453.405016896485,False
73.0,flow_west.4,flow_east.3,V2V,192.98316581333424,False
73.0,flow_west.4,flow_east.5,V2V,269.3023151872057,False
73.0,flow_west.4,flow_east.6,V2V,458.81305023527017,False
73.0,flow_west.4,flow_west.2,V2V,226.813691328948,False
73.0,flow_west.4,flow_west.3,V2V,171.32064711173012,False
73.0,flow_west.4,flow_west.5,V2V,244.995403627406,False
73.0,flow_west.4,flow_west.6,V2V,297.85856708888736,False
73.0,flow_west.5,flow_east.1,V2V,164.4678501448139,False
73.0,flow_west.5,flow_east.3,V2V,90.64486436797138,False
73.0,flow_west.5,flow_east.5,V2V,115.85427844443132,False
73.0,flow_west.5,flow_east.6,V2V,393.0451922055537,False
73.0,flow_west.5,flow_west.2,V2V,936.9100121423376,False
73.0,flow_west.5,flow_west.3,V2V,485.01714130861666,False
73.0,flow_west.5,flow_west.4,V2V,244.995403627406,False
73.0,flow_west.5,flow_west.6,V2V,689.758774878471,False
73.0,flow_west.6,flow_east.1,V2V,193.96437082173665,False
73.0,flow_west.6,flow_east.3,V2V,103.31309493247804,False
73.0,flow_west.6,flow_east.5,V2V,133.71925799155525,False
73.0,flow_west.6,flow_east.6,V2V,510.4260699050956,False
73.0,flow_west.6,flow_west.2,V2V,589.0137737735673,False
73.0,flow_west.6,flow_west.3,V2V,376.969737101776,False
73.0,flow_west.6,flow_west.4,V2V,297.85856708888736,False
73.0,flow_west.6,flow_west.5,V2V,689.758774878471,False
74.0,BS_1,flow_east.1,V2I,435.9727049704109,True
74.0,BS_1,flow_east.3,V2I,295.5409088675979,True
74.0,BS_1,flow_east.5,V2I,347.06789512972296,True
74.0,BS_1,flow_east.6,V2I,176.67347736439908,True
74.0,BS_1,flow_west.2,V2I,488.86707729088545,True
74.0,BS_1,flow_west.3,V2I,415.19669707167,True
74.0,BS_1,flow_west.4,V2I,575.9605612449084,True
74.0,BS_1,flow_west.5,V2I,511.0711840898485,True
74.0,BS_1,flow_west.6,V2I,562.6040615150929,True
74.0,flow_east.1,flow_east.3,V2V,295.2515866036676,False
74.0,flow_east.1,flow_east.5,V2V,444.5177274754267,False
74.0,flow_east.1,flow_east.6,V2V,274.3731706501042,False
74.0,flow_east.1,flow_west.2,V2V,142.10122581068552,False
74.0,flow_east.1,flow_west.3,V2V,112.04502827698992,False
74.0,flow_east.1,flow_west.4,V2V,397.3954186299013,False
74.0,flow_east.1,flow_west.5,V2V,152.07938473439157,False
74.0,flow_east.1,flow_west.6,V2V,178.79101991141508,False
74.0,flow_east.3,flow_east.1,V2V,295.2515866036676,False
74.0,flow_east.3,flow_east.5,V2V,522.3742752077774,False
74.0,flow_east.3,flow_east.6,V2V,134.7251135647232,False
74.0,flow_east.3,flow_west.2,V2V,80.40309750731949,False
74.0,flow_east.3,flow_west.3,V2V,66.39521779025206,False
74.0,flow_east.3,flow_west.4,V2V,176.43898647482362,False
74.0,flow_east.3,flow_west.5,V2V,85.0410301236014,False
74.0,flow_east.3,flow_west.6,V2V,96.67135779208394,False
74.0,flow_east.5,flow_east.1,V2V,444.5177274754267,False
74.0,flow_east.5,flow_east.3,V2V,522.3742752077774,False
74.0,flow_east.5,flow_east.6,V2V,178.79101991141508,False
74.0,flow_east.5,flow_west.2,V2V,101.28845113038506,False
74.0,flow_east.5,flow_west.3,V2V,82.11975783466683,False
74.0,flow_east.5,flow_west.4,V2V,241.74693399314776,False
74.0,flow_east.5,flow_west.5,V2V,107.44492427225556,False
74.0,flow_east.5,flow_west.6,V2V,123.722540103705,False
74.0,flow_east.6,flow_east.1,V2V,274.3731706501042,False
74.0,flow_east.6,flow_east.3,V2V,134.7251135647232,False
74.0,flow_east.6,flow_east.5,V2V,178.79101991141508,False
74.0,flow_east.6,flow_west.2,V2V,317.4747760328183,False
74.0,flow_east.6,flow_west.3,V2V,230.51116928411304,False
74.0,flow_east.6,flow_west.4,V2V,534.9978261372823,False
74.0,flow_east.6,flow_west.5,V2V,349.4877176501538,False
74.0,flow_east.6,flow_west.6,V2V,443.88390815872816,False
74.0,flow_west.2,flow_east.1,V2V,142.10122581068552,False
74.0,flow_west.2,flow_east.3,V2V,80.40309750731949,False
74.0,flow_west.2,flow_east.5,V2V,101.28845113038506,False
74.0,flow_west.2,flow_east.6,V2V,317.4747760328183,False
74.0,flow_west.2,flow_west.3,V2V,549.2730868405832,False
74.0,flow_west.2,flow_west.4,V2V,227.07698452606988,False
74.0,flow_west.2,flow_west.5,V2V,921.6535173205102,False
74.0,flow_west.2,flow_west.6,V2V,584.1163423021806,False
74.0,flow_west.3,flow_east.1,V2V,112.04502827698992,False
74.0,flow_west.3,flow_east.3,V2V,66.39521779025206,False
74.0,flow_west.3,flow_east.5,V2V,82.11975783466683,False
74.0,flow_west.3,flow_east.6,V2V,230.51116928411304,False
74.0,flow_west.3,flow_west.2,V2V,549.2730868405832,False
74.0,flow_west.3,flow_west.4,V2V,171.32064711173012,False
74.0,flow_west.3,flow_west.5,V2V,481.49126952420704,False
74.0,flow_west.3,flow_west.6,V2V,374.2013191181102,False
74.0,flow_west.4,flow_east.1,V2V,397.3954186299013,False
74.0,flow_west.4,flow_east.3,V2V,176.43898647482362,False
74.0,flow_west.4,flow_east.5,V2V,241.74693399314776,False
74.0,flow_west.4,flow_east.6,V2V,534.9978261372823,False
74.0,flow_west.4,flow_west.2,V2V,227.07698452606988,False
74.0,flow_west.4,flow_west.3,V2V,171.32064711173012,False
74.0,flow_west.4,flow_west.5,V2V,246.35380991720535,False
74.0,flow_west.4,flow_west.6,V2V,299.89096898766445,False
74.0,flow_west.5,flow_east.1,V2V,152.07938473439157,False
74.0,flow_west.5,flow_east.3,V2V,85.0410301236014,False
74.0,flow_west.5,flow_east.5,V2V,107.44492427225556,False
74.0,flow_west.5,flow_east.6,V2V,349.4877176501538,False
74.0,flow_west.5,flow_west.2,V2V,921.6535173205102,False
74.0,flow_west.5,flow_west.3,V2V,481.49126952420704,False
74.0,flow_west.5,flow_west.4,V2V,246.35380991720535,False
74.0,flow_west.5,flow_west.6,V2V,688.7705836869366,False
74.0,flow_west.6,flow_east.1,V2V,178.79101991141508,False
74.0,flow_west.6,flow_east.3,V2V,96.67135779208394,False
74.0,flow_west.6,flow_east.5,V2V,123.722540103705,False
74.0,flow_west.6,flow_east.6,V2V,443.88390815872816,False
74.0,flow_west.6,flow_west.2,V2V,584.1163423021806,False
74.0,flow_west.6,flow_west.3,V2V,374.2013191181102,False
74.0,flow_west.6,flow_west.4,V2V,299.89096898766445,False
74.0,flow_west.6,flow_west.5,V2V,688.7705836869366,False
75.0,BS_1,flow_east.1,V2I,425.8788530274697,True
75.0,BS_1,flow_east.5,V2I,338.02984219621237,True
75.0,BS_1,flow_east.6,V2I,623.370639942528,True
75.0,BS_1,flow_west.2,V2I,476.04846003932505,True
75.0,BS_1,flow_west.3,V2I,403.6254639577022,True
75.0,BS_1,flow_west.4,V2I,589.6669822885294,True
75.0,BS_1,flow_west.5,V2I,497.8640756958412,True
75.0,BS_1,flow_west.6,V2I,549.5979103767269,True
75.0,flow_east.1,flow_east.5,V2V,437.86941643731456,False
75.0,flow_east.1,flow_east.6,V2V,276.35372107940583,False
75.0,flow_east.1,flow_west.2,V2V,131.9202490915342,False
75.0,flow_east.1,flow_west.3,V2V,104.33573852412113,False
75.0,flow_east.1,flow_west.4,V2V,352.21474511489504,False
75.0,flow_east.1,flow_west.5,V2V,140.85563906081208,False
75.0,flow_east.1,flow_west.6,V2V,165.1464533388395,False
75.0,flow_east.5,flow_east.1,V2V,437.86941643731456,False
75.0,flow_east.5,flow_east.6,V2V,178.31934946581768,False
75.0,flow_east.5,flow_west.2,V2V,94.10029913878216,False
75.0,flow_east.5,flow_west.3,V2V,76.50217618877863,False
75.0,flow_east.5,flow_west.4,V2V,217.42025377190623,False
75.0,flow_east.5,flow_west.5,V2V,99.78803682824008,False
75.0,flow_east.5,flow_west.6,V2V,114.57524035767756,False
75.0,flow_east.6,flow_east.1,V2V,276.35372107940583,False
75.0,flow_east.6,flow_east.5,V2V,178.31934946581768,False
75.0,flow_east.6,flow_west.2,V2V,284.322457198076,False
75.0,flow_east.6,flow_west.3,V2V,208.19778812893543,False
75.0,flow_east.6,flow_west.4,V2V,646.6669050764079,False
75.0,flow_east.6,flow_west.5,V2V,310.9943210289933,False
75.0,flow_east.6,flow_west.6,V2V,389.6335901612208,False
75.0,flow_west.2,flow_east.1,V2V,131.9202490915342,False
75.0,flow_west.2,flow_east.5,V2V,94.10029913878216,False
75.0,flow_west.2,flow_east.6,V2V,284.322457198076,False
75.0,flow_west.2,flow_west.3,V2V,544.4027476537838,False
75.0,flow_west.2,flow_west.4,V2V,227.86761738606373,False
75.0,flow_west.2,flow_west.5,V2V,923.6433468434502,False
75.0,flow_west.2,flow_west.6,V2V,581.8318778265818,False
75.0,flow_west.3,flow_east.1,V2V,104.33573852412113,False
75.0,flow_west.3,flow_east.5,V2V,76.50217618877863,False
75.0,flow_west.3,flow_east.6,V2V,208.19778812893543,False
75.0,flow_west.3,flow_west.2,V2V,544.4027476537838,False
75.0,flow_west.3,flow_west.4,V2V,171.32064711173012,False
75.0,flow_west.3,flow_west.5,V2V,478.2886817049466,False
75.0,flow_west.3,flow_west.6,V2V,371.1303275341448,False
75.0,flow_west.4,flow_east.1,V2V,352.21474511489504,False
75.0,flow_west.4,flow_east.5,V2V,217.42025377190623,False
75.0,flow_west.4,flow_east.6,V2V,646.6669050764079,False
75.0,flow_west.4,flow_west.2,V2V,227.86761738606373,False
75.0,flow_west.4,flow_west.3,V2V,171.32064711173012,False
75.0,flow_west.4,flow_west.5,V2V,247.4425795872103,False
75.0,flow_west.4,flow_west.6,V2V,301.92747297090347,False
75.0,flow_west.5,flow_east.1,V2V,140.85563906081208,False
75.0,flow_west.5,flow_east.5,V2V,99.78803682824008,False
75.0,flow_west.5,flow_east.6,V2V,310.9943210289933,False
75.0,flow_west.5,flow_west.2,V2V,923.6433468434502,False
75.0,flow_west.5,flow_west.3,V2V,478.2886817049466,False
75.0,flow_west.5,flow_west.4,V2V,247.4425795872103,False
75.0,flow_west.5,flow_west.6,V2V,684.8183993107334,False
75.0,flow_west.6,flow_east.1,V2V,165.1464533388395,False
75.0,flow_west.6,flow_east.5,V2V,114.57524035767756,False
75.0,flow_west.6,flow_east.6,V2V,389.6335901612208,False
75.0,flow_west.6,flow_west.2,V2V,581.8318778265818,False
75.0,flow_west.6,flow_west.3,V2V,371.1303275341448,False
75.0,flow_west.6,flow_west.4,V2V,301.92747297090347,False
75.0,flow_west.6,flow_west.5,V2V,684.8183993107334,False
76.0,BS_1,flow_east.1,V2I,415.51022385718545,True
76.0,BS_1,flow_east.5,V2I,328.7533559818472,True
76.0,BS_1,flow_east.6,V2I,617.4722727843,True
76.0,BS_1,flow_west.2,V2I,463.2733531797445,True
76.0,BS_1,flow_west.3,V2I,392.7348102952046,True
76.0,BS_1,flow_west.4,V2I,602.0872869068644,True
76.0,BS_1,flow_west.5,V2I,485.01714130861666,True
76.0,BS_1,flow_west.6,V2I,536.6182934833215,True
76.0,flow_east.1,flow_east.5,V2V,432.1831257564513,False
76.0,flow_east.1,flow_east.6,V2V,277.7712846982851,False
76.0,flow_east.1,flow_west.2,V2V,122.1982784084105,False
76.0,flow_east.1,flow_west.3,V2V,97.15887671976836,False
76.0,flow_east.1,flow_west.4,V2V,313.9353703379102,False
76.0,flow_east.1,flow_west.5,V2V,130.72917207714792,False
76.0,flow_east.1,flow_west.6,V2V,152.51258305659232,False
76.0,flow_east.5,flow_east.1,V2V,432.1831257564513,False
76.0,flow_east.5,flow_east.6,V2V,177.61302667536782,False
76.0,flow_east.5,flow_west.2,V2V,87.43244139965229,False
76.0,flow_east.5,flow_west.3,V2V,71.43999322477299,False
76.0,flow_east.5,flow_west.4,V2V,196.42767971932173,False
76.0,flow_east.5,flow_west.5,V2V,92.6755579429004,False
76.0,flow_east.5,flow_west.6,V2V,106.05542750038292,False
76.0,flow_east.6,flow_east.1,V2V,277.7712846982851,False
76.0,flow_east.6,flow_east.5,V2V,177.61302667536782,False
76.0,flow_east.6,flow_west.2,V2V,255.38950645357667,False
76.0,flow_east.6,flow_west.3,V2V,189.3248307412419,False
76.0,flow_east.6,flow_west.4,V2V,835.1508547852216,False
76.0,flow_east.6,flow_west.5,V2V,279.19123019937047,False
76.0,flow_east.6,flow_west.6,V2V,345.2556614131326,False
76.0,flow_west.2,flow_east.1,V2V,122.1982784084105,False
76.0,flow_west.2,flow_east.5,V2V,87.43244139965229,False
76.0,flow_west.2,flow_east.6,V2V,255.38950645357667,False
76.0,flow_west.2,flow_west.3,V2V,543.4291392892695,False
76.0,flow_west.2,flow_west.4,V2V,228.65937659152485,False
76.0,flow_west.2,flow_west.5,V2V,914.0262712028024,False
76.0,flow_west.2,flow_west.6,V2V,578.2433272489953,False
76.0,flow_west.3,flow_east.1,V2V,97.15887671976836,False
76.0,flow_west.3,flow_east.5,V2V,71.43999322477299,False
76.0,flow_west.3,flow_east.6,V2V,189.3248307412419,False
76.0,flow_west.3,flow_west.2,V2V,543.4291392892695,False
76.0,flow_west.3,flow_west.4,V2V,171.55160831054454,False
76.0,flow_west.3,flow_west.5,V2V,475.4086404500372,False
76.0,flow_west.3,flow_west.6,V2V,368.9838365895639,False
76.0,flow_west.4,flow_east.1,V2V,313.9353703379102,False
76.0,flow_west.4,flow_east.5,V2V,196.42767971932173,False
76.0,flow_west.4,flow_east.6,V2V,835.1508547852216,False
76.0,flow_west.4,flow_west.2,V2V,228.65937659152485,False
76.0,flow_west.4,flow_west.3,V2V,171.55160831054454,False
76.0,flow_west.4,flow_west.5,V2V,248.8060799902883,False
76.0,flow_west.4,flow_west.6,V2V,303.9680296470533,False
76.0,flow_west.5,flow_east.1,V2V,130.72917207714792,False
76.0,flow_west.5,flow_east.5,V2V,92.6755579429004,False
76.0,flow_west.5,flow_east.6,V2V,279.19123019937047,False
76.0,flow_west.5,flow_west.2,V2V,914.0262712028024,False
76.0,flow_west.5,flow_west.3,V2V,475.4086404500372,False
76.0,flow_west.5,flow_west.4,V2V,248.8060799902883,False
76.0,flow_west.5,flow_west.6,V2V,684.1597933626566,False
76.0,flow_west.6,flow_east.1,V2V,152.51258305659232,False
76.0,flow_west.6,flow_east.5,V2V,106.05542750038292,False
76.0,flow_west.6,flow_east.6,V2V,345.2556614131326,False
76.0,flow_west.6,flow_west.2,V2V,578.2433272489953,False
76.0,flow_west.6,flow_west.3,V2V,368.9838365895639,False
76.0,flow_west.6,flow_west.4,V2V,303.9680296470533,False
76.0,flow_west.6,flow_west.5,V2V,684.1597933626566,False
77.0,BS_1,flow_east.1,V2I,406.12242537583654,True
77.0,BS_1,flow_east.5,V2I,320.72876581211096,True
77.0,BS_1,flow_east.6,V2I,609.9404128635113,False
77.0,BS_1,flow_west.2,V2I,451.1808148376169,True
77.0,BS_1,flow_west.3,V2I,382.2103967038647,True
77.0,BS_1,flow_west.4,V2I,613.214437339517,False
77.0,BS_1,flow_west.5,V2I,471.89159685577926,True
77.0,BS_1,flow_west.6,V2I,523.3442739962992,True
77.0,flow_east.1,flow_east.5,V2V,427.7685725027452,False
77.0,flow_east.1,flow_east.6,V2V,278.9070514801938,False
77.0,flow_east.1,flow_west.2,V2V,113.84852861195192,False
77.0,flow_east.1,flow_west.3,V2V,90.79992858557732,False
77.0,flow_east.1,flow_west.4,V2V,281.4680489625431,False
77.0,flow_east.1,flow_west.5,V2V,121.25170121677829,False
77.0,flow_east.1,flow_west.6,V2V,141.2701173601044,False
77.0,flow_east.5,flow_east.1,V2V,427.7685725027452,False
77.0,flow_east.5,flow_east.6,V2V,176.90812698011686,False
77.0,flow_east.5,flow_west.2,V2V,81.68806010378125,False
77.0,flow_east.5,flow_west.3,V2V,67.01009756778654,False
77.0,flow_east.5,flow_west.4,V2V,178.31934946581768,False
77.0,flow_east.5,flow_west.5,V2V,86.38023539661101,False
77.0,flow_east.5,flow_west.6,V2V,98.79636566745543,False
77.0,flow_east.6,flow_east.1,V2V,278.9070514801938,False
77.0,flow_east.6,flow_east.5,V2V,176.90812698011686,False
77.0,flow_east.6,flow_west.2,V2V,231.83758542618173,False
77.0,flow_east.6,flow_west.3,V2V,173.17286420072764,False
77.0,flow_east.6,flow_west.4,V2V,1430.0051516567528,False
77.0,flow_east.6,flow_west.5,V2V,251.8156110887872,False
77.0,flow_east.6,flow_west.6,V2V,309.5267253169076,False
77.0,flow_west.2,flow_east.1,V2V,113.84852861195192,False
77.0,flow_west.2,flow_east.5,V2V,81.68806010378125,False
77.0,flow_west.2,flow_east.6,V2V,231.83758542618173,False
77.0,flow_west.2,flow_west.3,V2V,540.1849071044502,False
77.0,flow_west.2,flow_west.4,V2V,229.7167997212197,False
77.0,flow_west.2,flow_west.5,V2V,920.9902510501804,False
77.0,flow_west.2,flow_west.6,V2V,576.286629344967,False
77.0,flow_west.3,flow_east.1,V2V,90.79992858557732,False
77.0,flow_west.3,flow_east.5,V2V,67.01009756778654,False
77.0,flow_west.3,flow_east.6,V2V,173.17286420072764,False
77.0,flow_west.3,flow_west.2,V2V,540.1849071044502,False
77.0,flow_west.3,flow_west.4,V2V,171.78273149823082,False
77.0,flow_west.3,flow_west.5,V2V,474.449115924823,False
77.0,flow_west.3,flow_west.6,V2V,366.53398702832897,False
77.0,flow_west.4,flow_east.1,V2V,281.4680489625431,False
77.0,flow_west.4,flow_east.5,V2V,178.31934946581768,False
77.0,flow_west.4,flow_east.6,V2V,1430.0051516567528,True
77.0,flow_west.4,flow_west.2,V2V,229.7167997212197,False
77.0,flow_west.4,flow_west.3,V2V,171.78273149823082,False
77.0,flow_west.4,flow_west.5,V2V,249.62552602259953,False
77.0,flow_west.4,flow_west.6,V2V,306.30499403289514,False
77.0,flow_west.5,flow_east.1,V2V,121.25170121677829,False
77.0,flow_west.5,flow_east.5,V2V,86.38023539661101,False
77.0,flow_west.5,flow_east.6,V2V,251.8156110887872,False
77.0,flow_west.5,flow_west.2,V2V,920.9902510501804,False
77.0,flow_west.5,flow_west.3,V2V,474.449115924823,False
77.0,flow_west.5,flow_west.4,V2V,249.62552602259953,False
77.0,flow_west.5,flow_west.6,V2V,677.9043728699434,False
77.0,flow_west.6,flow_east.1,V2V,141.2701173601044,False
77.0,flow_west.6,flow_east.5,V2V,98.79636566745543,False
77.0,flow_west.6,flow_east.6,V2V,309.5267253169076,False
77.0,flow_west.6,flow_west.2,V2V,576.286629344967,False
77.0,flow_west.6,flow_west.3,V2V,366.53398702832897,False
77.0,flow_west.6,flow_west.4,V2V,306.30499403289514,False
77.0,flow_west.6,flow_west.5,V2V,677.9043728699434,False
78.0,BS_1,flow_east.1,V2I,396.4624665739206,True
78.0,BS_1,flow_east.5,V2I,312.7580194312605,True
78.0,BS_1,flow_east.6,V2I,600.7790725620725,True
78.0,BS_1,flow_west.2,V2I,439.134591765193,False
78.0,BS_1,flow_west.3,V2I,371.7440976940903,True
78.0,BS_1,flow_west.4,V2I,622.7151029258898,True
78.0,BS_1,flow_west.5,V2I,459.4498747137596,False
78.0,BS_1,flow_west.6,V2I,511.0711840898485,True
78.0,flow_east.1,flow_east.5,V2V,424.6197963873016,False
78.0,flow_east.1,flow_east.6,V2V,279.19123019937047,False
78.0,flow_east.1,flow_west.2,V2V,106.05542750038292,False
78.0,flow_east.1,flow_west.3,V2V,84.89317487176653,False
78.0,flow_east.1,flow_west.4,V2V,253.1880016798051,False
78.0,flow_east.1,flow_west.5,V2V,112.76415046634403,False
78.0,flow_east.1,flow_west.6,V2V,131.32388284799924,False
78.0,flow_east.5,flow_east.1,V2V,424.6197963873016,False
78.0,flow_east.5,flow_east.6,V2V,176.2046544619587,False
78.0,flow_east.5,flow_west.2,V2V,76.50217618877863,False
78.0,flow_east.5,flow_west.3,V2V,62.798942660751024,False
78.0,flow_east.5,flow_west.4,V2V,162.44104059131612,False
78.0,flow_east.5,flow_west.5,V2V,80.82973155755803,False
78.0,flow_east.5,flow_west.6,V2V,92.20407771076891,False
78.0,flow_east.6,flow_east.1,V2V,279.19123019937047,False
78.0,flow_east.6,flow_east.5,V2V,176.2046544619587,False
78.0,flow_east.6,flow_west.2,V2V,210.74198038462131,False
78.0,flow_east.6,flow_west.3,V2V,158.42825158303515,False
78.0,flow_east.6,flow_west.4,V2V,881.5360821911747,False
78.0,flow_east.6,flow_west.5,V2V,228.65937659152485,False
78.0,flow_east.6,flow_west.6,V2V,279.47550341819385,False
78.0,flow_west.2,flow_east.1,V2V,106.05542750038292,False
78.0,flow_west.2,flow_east.5,V2V,76.50217618877863,False
78.0,flow_west.2,flow_east.6,V2V,210.74198038462131,False
78.0,flow_west.2,flow_west.3,V2V,536.942441397319,False
78.0,flow_west.2,flow_west.4,V2V,231.0413665563845,False
78.0,flow_west.2,flow_west.5,V2V,917.0107625790808,False
78.0,flow_west.2,flow_west.6,V2V,571.3970770228202,False
78.0,flow_west.3,flow_east.1,V2V,84.89317487176653,False
78.0,flow_west.3,flow_east.5,V2V,62.798942660751024,False
78.0,flow_west.3,flow_east.6,V2V,158.42825158303515,False
78.0,flow_west.3,flow_west.2,V2V,536.942441397319,False
78.0,flow_west.3,flow_west.4,V2V,172.0140165288284,False
78.0,flow_west.3,flow_west.5,V2V,471.2524953250015,False
78.0,flow_west.3,flow_west.6,V2V,362.86589442376345,False
78.0,flow_west.4,flow_east.1,V2V,253.1880016798051,False
78.0,flow_west.4,flow_east.5,V2V,162.44104059131612,False
78.0,flow_west.4,flow_east.6,V2V,881.5360821911747,False
78.0,flow_west.4,flow_west.2,V2V,231.0413665563845,False
78.0,flow_west.4,flow_west.3,V2V,172.0140165288284,False
78.0,flow_west.4,flow_west.5,V2V,251.26742521458547,False
78.0,flow_west.4,flow_west.6,V2V,309.8200869559496,False
78.0,flow_west.5,flow_east.1,V2V,112.76415046634403,False
78.0,flow_west.5,flow_east.5,V2V,80.82973155755803,False
78.0,flow_west.5,flow_east.6,V2V,228.65937659152485,False
78.0,flow_west.5,flow_west.2,V2V,917.0107625790808,True
78.0,flow_west.5,flow_west.3,V2V,471.2524953250015,False
78.0,flow_west.5,flow_west.4,V2V,251.26742521458547,False
78.0,flow_west.5,flow_west.6,V2V,672.6385786282073,False
78.0,flow_west.6,flow_east.1,V2V,131.32388284799924,False
78.0,flow_west.6,flow_east.5,V2V,92.20407771076891,False
78.0,flow_west.6,flow_east.6,V2V,279.47550341819385,False
78.0,flow_west.6,flow_west.2,V2V,571.3970770228202,False
78.0,flow_west.6,flow_west.3,V2V,362.86589442376345,False
78.0,flow_west.6,flow_west.4,V2V,309.8200869559496,False
78.0,flow_west.6,flow_west.5,V2V,672.6385786282073,False
79.0,BS_1,flow_east.1,V2I,387.1560596625086,True
79.0,BS_1,flow_east.5,V2I,304.8437823956721,True
79.0,BS_1,flow_east.6,V2I,589.9936054953313,True
79.0,BS_1,flow_west.2,V2I,427.1385155729874,False
79.0,BS_1,flow_west.3,V2I,361.9501428162096,True
79.0,BS_1,flow_west.4,V2I,629.2722569700819,True
79.0,BS_1,flow_west.5,V2I,447.3715646737752,False
79.0,BS_1,flow_west.6,V2I,498.8291520207459,True
79.0,flow_east.1,flow_east.5,V2V,420.2179423928691,False
79.0,flow_east.1,flow_east.6,V2V,280.3288885262952,False
79.0,flow_east.1,flow_west.2,V2V,98.79636566745543,False
79.0,flow_east.1,flow_west.3,V2V,79.41416629754197,False
79.0,flow_east.1,flow_west.4,V2V,228.65937659152485,False
79.0,flow_east.1,flow_west.5,V2V,105.0213222274564,False
79.0,flow_east.1,flow_west.6,V2V,122.1982784084105,False
79.0,flow_east.5,flow_east.1,V2V,420.2179423928691,False
79.0,flow_east.5,flow_east.6,V2V,175.7364676675899,False
79.0,flow_east.5,flow_west.2,V2V,71.56981932398963,False
79.0,flow_east.5,flow_west.3,V2V,59.02446664541322,False
79.0,flow_east.5,flow_west.4,V2V,147.99878257786776,False
79.0,flow_east.5,flow_west.5,V2V,75.54969980163142,False
79.0,flow_east.5,flow_west.6,V2V,86.23067799633617,False
79.0,flow_east.6,flow_east.1,V2V,280.3288885262952,False
79.0,flow_east.6,flow_east.5,V2V,175.7364676675899,False
79.0,flow_east.6,flow_west.2,V2V,192.0043298530818,False
79.0,flow_east.6,flow_west.3,V2V,145.45422792507424,False
79.0,flow_east.6,flow_west.4,V2V,668.3614666965533,False
79.0,flow_east.6,flow_west.5,V2V,207.690600209752,False
79.0,flow_east.6,flow_west.6,V2V,253.1880016798051,False
79.0,flow_west.2,flow_east.1,V2V,98.79636566745543,False
79.0,flow_west.2,flow_east.5,V2V,71.56981932398963,False
79.0,flow_west.2,flow_east.6,V2V,192.0043298530818,False
79.0,flow_west.2,flow_west.3,V2V,535.3218831772624,False
79.0,flow_west.2,flow_west.4,V2V,231.83758542618173,False
79.0,flow_west.2,flow_west.5,V2V,911.3734819254436,False
79.0,flow_west.2,flow_west.6,V2V,564.8826961874538,False
79.0,flow_west.3,flow_east.1,V2V,79.41416629754197,False
79.0,flow_west.3,flow_east.5,V2V,59.02446664541322,False
79.0,flow_west.3,flow_east.6,V2V,145.45422792507424,False
79.0,flow_west.3,flow_west.2,V2V,535.3218831772624,False
79.0,flow_west.3,flow_west.4,V2V,172.47707153375836,False
79.0,flow_west.3,flow_west.5,V2V,469.01652704013384,False
79.0,flow_west.3,flow_west.6,V2V,359.2059871505013,False
79.0,flow_west.4,flow_east.1,V2V,228.65937659152485,False
79.0,flow_west.4,flow_east.5,V2V,147.99878257786776,False
79.0,flow_west.4,flow_east.6,V2V,668.3614666965533,False
79.0,flow_west.4,flow_west.2,V2V,231.83758542618173,False
79.0,flow_west.4,flow_west.3,V2V,172.47707153375836,False
79.0,flow_west.4,flow_west.5,V2V,252.6387161134658,False
79.0,flow_west.4,flow_west.6,V2V,313.64091683249234,False
79.0,flow_west.5,flow_east.1,V2V,105.0213222274564,False
79.0,flow_west.5,flow_east.5,V2V,75.54969980163142,False
79.0,flow_west.5,flow_east.6,V2V,207.690600209752,False
79.0,flow_west.5,flow_west.2,V2V,911.3734819254436,True
79.0,flow_west.5,flow_west.3,V2V,469.01652704013384,False
79.0,flow_west.5,flow_west.4,V2V,252.6387161134658,False
79.0,flow_west.5,flow_west.6,V2V,665.7300144916513,False
79.0,flow_west.6,flow_east.1,V2V,122.1982784084105,False
79.0,flow_west.6,flow_east.5,V2V,86.23067799633617,False
79.0,flow_west.6,flow_east.6,V2V,253.1880016798051,False
79.0,flow_west.6,flow_west.2,V2V,564.8826961874538,False
79.0,flow_west.6,flow_west.3,V2V,359.2059871505013,False
79.0,flow_west.6,flow_west.4,V2V,313.64091683249234,False
79.0,flow_west.6,flow_west.5,V2V,665.7300144916513,False
80.0,BS_1,flow_east.1,V2I,378.81769233242863,True
80.0,BS_1,flow_east.5,V2I,297.2786412302355,False
80.0,BS_1,flow_east.6,V2I,577.5910397123184,True
80.0,BS_1,flow_east.7,V2I,458.1763476724695,True
80.0,BS_1,flow_west.2,V2I,416.1373989162907,False
80.0,BS_1,flow_west.3,V2I,351.9114973834068,True
80.0,BS_1,flow_west.4,V2I,180.92130866666545,True
80.0,BS_1,flow_west.5,V2I,435.3407505633056,False
80.0,BS_1,flow_west.6,V2I,486.62083871071206,True
80.0,BS_1,flow_west.7,V2I,323.3977756875854,False
80.0,flow_east.1,flow_east.5,V2V,413.9429968260788,False
80.0,flow_east.1,flow_east.6,V2V,282.8940968403178,False
80.0,flow_east.1,flow_east.7,V2V,105.7099619488876,False
80.0,flow_east.1,flow_west.2,V2V,92.6755579429004,False
80.0,flow_east.1,flow_west.3,V2V,74.60627378117968,False
80.0,flow_east.1,flow_west.4,V2V,208.4515891600109,False
80.0,flow_east.1,flow_west.5,V2V,98.30311148523268,False
80.0,flow_east.1,flow_west.6,V2V,114.21150539975012,False
80.0,flow_east.1,flow_west.7,V2V,532.7299413555816,False
80.0,flow_east.5,flow_east.1,V2V,413.9429968260788,False
80.0,flow_east.5,flow_east.6,V2V,175.03538280355357,False
80.0,flow_east.5,flow_east.7,V2V,75.41437118099533,False
80.0,flow_east.5,flow_west.2,V2V,67.13360890654889,False
80.0,flow_east.5,flow_west.3,V2V,55.435738291427576,False
80.0,flow_east.5,flow_west.4,V2V,135.53308309524897,False
80.0,flow_east.5,flow_west.5,V2V,70.6648566786382,False
80.0,flow_east.5,flow_west.6,V2V,80.68733292607158,False
80.0,flow_east.5,flow_west.7,V2V,709.8638881271144,False
80.0,flow_east.6,flow_east.1,V2V,282.8940968403178,False
80.0,flow_east.6,flow_east.5,V2V,175.03538280355357,False
80.0,flow_east.6,flow_east.7,V2V,207.9441250896446,False
80.0,flow_east.6,flow_west.2,V2V,175.50261318617837,False
80.0,flow_east.6,flow_west.3,V2V,133.5186352804017,False
80.0,flow_east.6,flow_west.4,V2V,549.5979103767269,False
80.0,flow_east.6,flow_west.5,V2V,189.3248307412419,False
80.0,flow_east.6,flow_west.6,V2V,229.98146583712477,False
80.0,flow_east.6,flow_west.7,V2V,204.91099292542208,False
80.0,flow_east.7,flow_east.1,V2V,105.7099619488876,False
80.0,flow_east.7,flow_east.5,V2V,75.41437118099533,False
80.0,flow_east.7,flow_east.6,V2V,207.9441250896446,False
80.0,flow_east.7,flow_west.2,V2V,689.4293714337754,False
80.0,flow_east.7,flow_west.3,V2V,404.8735972595023,False
80.0,flow_east.7,flow_west.4,V2V,281.75307262067446,False
80.0,flow_east.7,flow_west.5,V2V,862.3146484959761,False
80.0,flow_east.7,flow_west.6,V2V,852.0437407391379,False
80.0,flow_east.7,flow_west.7,V2V,84.4507422938953,False
80.0,flow_west.2,flow_east.1,V2V,92.6755579429004,False
80.0,flow_west.2,flow_east.5,V2V,67.13360890654889,False
80.0,flow_west.2,flow_east.6,V2V,175.50261318617837,False
80.0,flow_west.2,flow_east.7,V2V,689.4293714337754,False
80.0,flow_west.2,flow_west.3,V2V,529.4916884979573,False
80.0,flow_west.2,flow_west.4,V2V,232.9009263433893,False
80.0,flow_west.2,flow_west.5,V2V,916.347532916382,True
80.0,flow_west.2,flow_west.6,V2V,562.2786027070588,False
80.0,flow_west.2,flow_west.7,V2V,74.74049585249229,False
80.0,flow_west.3,flow_east.1,V2V,74.60627378117968,False
80.0,flow_west.3,flow_east.5,V2V,55.435738291427576,False
80.0,flow_west.3,flow_east.6,V2V,133.5186352804017,False
80.0,flow_west.3,flow_east.7,V2V,404.8735972595023,False
80.0,flow_west.3,flow_west.2,V2V,529.4916884979573,False
80.0,flow_west.3,flow_west.4,V2V,172.0140165288284,False
80.0,flow_west.3,flow_west.5,V2V,465.186697097964,False
80.0,flow_west.3,flow_west.6,V2V,354.9466961247165,False
80.0,flow_west.3,flow_west.7,V2V,61.28956151939826,False
80.0,flow_west.4,flow_east.1,V2V,208.4515891600109,False
80.0,flow_west.4,flow_east.5,V2V,135.53308309524897,False
80.0,flow_west.4,flow_east.6,V2V,549.5979103767269,False
80.0,flow_west.4,flow_east.7,V2V,281.75307262067446,False
80.0,flow_west.4,flow_west.2,V2V,232.9009263433893,False
80.0,flow_west.4,flow_west.3,V2V,172.0140165288284,False
80.0,flow_west.4,flow_west.5,V2V,253.46280863324532,False
80.0,flow_west.4,flow_west.6,V2V,316.2937573638574,False
80.0,flow_west.4,flow_west.7,V2V,156.44246605287168,False
80.0,flow_west.5,flow_east.1,V2V,98.30311148523268,False
80.0,flow_west.5,flow_east.5,V2V,70.6648566786382,False
80.0,flow_west.5,flow_east.6,V2V,189.3248307412419,False
80.0,flow_west.5,flow_east.7,V2V,862.3146484959761,False
80.0,flow_west.5,flow_west.2,V2V,916.347532916382,False
80.0,flow_west.5,flow_west.3,V2V,465.186697097964,False
80.0,flow_west.5,flow_west.4,V2V,253.46280863324532,False
80.0,flow_west.5,flow_west.6,V2V,659.8110161197217,False
80.0,flow_west.5,flow_west.7,V2V,78.99314084384952,False
80.0,flow_west.6,flow_east.1,V2V,114.21150539975012,False
80.0,flow_west.6,flow_east.5,V2V,80.68733292607158,False
80.0,flow_west.6,flow_east.6,V2V,229.98146583712477,False
80.0,flow_west.6,flow_east.7,V2V,852.0437407391379,False
80.0,flow_west.6,flow_west.2,V2V,562.2786027070588,False
80.0,flow_west.6,flow_west.3,V2V,354.9466961247165,False
80.0,flow_west.6,flow_west.4,V2V,316.2937573638574,False
80.0,flow_west.6,flow_west.5,V2V,659.8110161197217,False
80.0,flow_west.6,flow_west.7,V2V,90.64486436797138,False
80.0,flow_west.7,flow_east.1,V2V,532.7299413555816,False
80.0,flow_west.7,flow_east.5,V2V,709.8638881271144,True
80.0,flow_west.7,flow_east.6,V2V,204.91099292542208,False
80.0,flow_west.7,flow_east.7,V2V,84.4507422938953,False
80.0,flow_west.7,flow_west.2,V2V,74.74049585249229,False
80.0,flow_west.7,flow_west.3,V2V,61.28956151939826,False
80.0,flow_west.7,flow_west.4,V2V,156.44246605287168,False
80.0,flow_west.7,flow_west.5,V2V,78.99314084384952,False
80.0,flow_west.7,flow_west.6,V2V,90.64486436797138,False
81.0,BS_1,flow_east.1,V2I,370.2100770993472,True
81.0,BS_1,flow_east.6,V2I,564.5571318585858,True
81.0,BS_1,flow_east.7,V2I,469.9746294766072,False
81.0,BS_1,flow_west.2,V2I,405.8101535151694,False
81.0,BS_1,flow_west.3,V2I,342.5416043138753,True
81.0,BS_1,flow_west.4,V2I,181.15878937659377,True
81.0,BS_1,flow_west.5,V2I,424.30512748694633,False
81.0,BS_1,flow_west.6,V2I,474.7689300410301,False
81.0,BS_1,flow_west.7,V2I,331.1409714385041,True
81.0,flow_east.1,flow_east.6,V2V,284.322457198076,False
81.0,flow_east.1,flow_east.7,V2V,105.88259926451612,False
81.0,flow_east.1,flow_west.2,V2V,86.83004387541658,False
81.0,flow_east.1,flow_west.3,V2V,70.02390172642512,False
81.0,flow_east.1,flow_west.4,V2V,190.29709855557,False
81.0,flow_east.1,flow_west.5,V2V,92.04729893735058,False
81.0,flow_east.1,flow_west.6,V2V,106.74864928235786,False
81.0,flow_east.1,flow_west.7,V2V,631.8962072289747,False
81.0,flow_east.6,flow_east.1,V2V,284.322457198076,False
81.0,flow_east.6,flow_east.7,V2V,207.43721365681145,False
81.0,flow_east.6,flow_west.2,V2V,160.87401495786773,False
81.0,flow_east.6,flow_west.3,V2V,122.95891256913062,False
81.0,flow_east.6,flow_west.4,V2V,467.42026009311496,False
81.0,flow_east.6,flow_west.5,V2V,173.17286420072764,False
81.0,flow_east.6,flow_west.6,V2V,209.4681698477862,False
81.0,flow_east.6,flow_west.7,V2V,225.49911613939196,False
81.0,flow_east.7,flow_east.1,V2V,105.88259926451612,False
81.0,flow_east.7,flow_east.6,V2V,207.43721365681145,False
81.0,flow_east.7,flow_west.2,V2V,569.4421507375175,False
81.0,flow_east.7,flow_west.3,V2V,355.8584260812596,False
81.0,flow_east.7,flow_west.4,V2V,315.1139525640893,False
81.0,flow_east.7,flow_west.5,V2V,670.9933905118714,False
81.0,flow_east.7,flow_west.6,V2V,1407.417252873292,False
81.0,flow_east.7,flow_west.7,V2V,90.180813799799,False
81.0,flow_west.2,flow_east.1,V2V,86.83004387541658,False
81.0,flow_west.2,flow_east.6,V2V,160.87401495786773,False
81.0,flow_west.2,flow_east.7,V2V,569.4421507375175,False
81.0,flow_west.2,flow_west.3,V2V,524.9613339046247,False
81.0,flow_west.2,flow_west.4,V2V,233.966218208406,False
81.0,flow_west.2,flow_west.5,V2V,914.0262712028024,False
81.0,flow_west.2,flow_west.6,V2V,558.6995669866035,False
81.0,flow_west.2,flow_west.7,V2V,74.87490214776874,False
81.0,flow_west.3,flow_east.1,V2V,70.02390172642512,False
81.0,flow_west.3,flow_east.6,V2V,122.95891256913062,False
81.0,flow_west.3,flow_east.7,V2V,355.8584260812596,False
81.0,flow_west.3,flow_west.2,V2V,524.9613339046247,False
81.0,flow_west.3,flow_west.4,V2V,171.78273149823082,False
81.0,flow_west.3,flow_west.5,V2V,461.3610745154105,False
81.0,flow_west.3,flow_west.6,V2V,351.30518473346393,False
81.0,flow_west.3,flow_west.7,V2V,61.05995241282743,False
81.0,flow_west.4,flow_east.1,V2V,190.29709855557,False
81.0,flow_west.4,flow_east.6,V2V,467.42026009311496,False
81.0,flow_west.4,flow_east.7,V2V,315.1139525640893,False
81.0,flow_west.4,flow_west.2,V2V,233.966218208406,False
81.0,flow_west.4,flow_west.3,V2V,171.78273149823082,False
81.0,flow_west.4,flow_west.5,V2V,254.8384785162744,False
81.0,flow_west.4,flow_west.6,V2V,318.9527431794668,False
81.0,flow_west.4,flow_west.7,V2V,156.00306005768846,False
81.0,flow_west.5,flow_east.1,V2V,92.04729893735058,False
81.0,flow_west.5,flow_east.6,V2V,173.17286420072764,False
81.0,flow_west.5,flow_east.7,V2V,670.9933905118714,False
81.0,flow_west.5,flow_west.2,V2V,914.0262712028024,True
81.0,flow_west.5,flow_west.3,V2V,461.3610745154105,False
81.0,flow_west.5,flow_west.4,V2V,254.8384785162744,False
81.0,flow_west.5,flow_west.6,V2V,655.8664175191001,False
81.0,flow_west.5,flow_west.7,V2V,78.99314084384952,False
81.0,flow_west.6,flow_east.1,V2V,106.74864928235786,False
81.0,flow_west.6,flow_east.6,V2V,209.4681698477862,False
81.0,flow_west.6,flow_east.7,V2V,1407.417252873292,True
81.0,flow_west.6,flow_west.2,V2V,558.6995669866035,False
81.0,flow_west.6,flow_west.3,V2V,351.30518473346393,False
81.0,flow_west.6,flow_west.4,V2V,318.9527431794668,False
81.0,flow_west.6,flow_west.5,V2V,655.8664175191001,False
81.0,flow_west.6,flow_west.7,V2V,90.95518319956692,False
81.0,flow_west.7,flow_east.1,V2V,631.8962072289747,False
81.0,flow_west.7,flow_east.6,V2V,225.49911613939196,False
81.0,flow_west.7,flow_east.7,V2V,90.180813799799,False
81.0,flow_west.7,flow_west.2,V2V,74.87490214776874,False
81.0,flow_west.7,flow_west.3,V2V,61.05995241282743,False
81.0,flow_west.7,flow_west.4,V2V,156.00306005768846,False
81.0,flow_west.7,flow_west.5,V2V,78.99314084384952,False
81.0,flow_west.7,flow_west.6,V2V,90.95518319956692,False
82.0,BS_1,flow_east.1,V2I,362.25533632835936,False
82.0,BS_1,flow_east.6,V2I,551.5471983691198,True
82.0,BS_1,flow_east.7,V2I,482.4525595247408,True
82.0,BS_1,flow_west.2,V2I,394.9084648135223,False
82.0,BS_1,flow_west.3,V2I,334.1317191912465,True
82.0,BS_1,flow_west.4,V2I,629.9281871709879,True
82.0,BS_1,flow_west.5,V2I,413.3163920075275,False
82.0,BS_1,flow_west.6,V2I,462.9545657274758,True
82.0,BS_1,flow_west.7,V2I,339.8327773817591,False
82.0,flow_east.1,flow_east.6,V2V,286.6125961188596,False
82.0,flow_east.1,flow_east.7,V2V,106.40165666106384,False
82.0,flow_east.1,flow_west.2,V2V,81.54453638379094,False
82.0,flow_east.1,flow_west.3,V2V,66.1505131151153,False
82.0,flow_east.1,flow_west.4,V2V,174.56879152357843,False
82.0,flow_east.1,flow_west.5,V2V,86.52998214801592,False
82.0,flow_east.1,flow_west.6,V2V,100.12012366658212,False
82.0,flow_east.1,flow_west.7,V2V,784.181027405998,True
82.0,flow_east.6,flow_east.1,V2V,286.6125961188596,False
82.0,flow_east.6,flow_east.7,V2V,207.43721365681145,False
82.0,flow_east.6,flow_west.2,V2V,147.78576615238774,False
82.0,flow_east.6,flow_west.3,V2V,113.84852861195192,False
82.0,flow_east.6,flow_west.4,V2V,405.18573936939765,False
82.0,flow_east.6,flow_west.5,V2V,159.0932450875486,False
82.0,flow_east.6,flow_west.6,V2V,191.7599922403685,False
82.0,flow_east.6,flow_west.7,V2V,249.35226558331487,False
82.0,flow_east.7,flow_east.1,V2V,106.40165666106384,False
82.0,flow_east.7,flow_east.6,V2V,207.43721365681145,False
82.0,flow_east.7,flow_west.2,V2V,483.73464385559106,False
82.0,flow_east.7,flow_west.3,V2V,316.58889856996154,False
82.0,flow_east.7,flow_west.4,V2V,355.55445653576396,False
82.0,flow_east.7,flow_west.5,V2V,556.748157469978,False
82.0,flow_east.7,flow_west.6,V2V,912.3682676544356,False
82.0,flow_east.7,flow_west.7,V2V,96.83367296678875,False
82.0,flow_west.2,flow_east.1,V2V,81.54453638379094,False
82.0,flow_west.2,flow_east.6,V2V,147.78576615238774,False
82.0,flow_west.2,flow_east.7,V2V,483.73464385559106,False
82.0,flow_west.2,flow_west.3,V2V,525.6082952070537,False
82.0,flow_west.2,flow_west.4,V2V,234.4995923670648,False
82.0,flow_west.2,flow_west.5,V2V,903.415649904404,False
82.0,flow_west.2,flow_west.6,V2V,553.8221113691739,False
82.0,flow_west.2,flow_west.7,V2V,74.74049585249229,False
82.0,flow_west.3,flow_east.1,V2V,66.1505131151153,False
82.0,flow_west.3,flow_east.6,V2V,113.84852861195192,False
82.0,flow_west.3,flow_east.7,V2V,316.58889856996154,False
82.0,flow_west.3,flow_west.2,V2V,525.6082952070537,False
82.0,flow_west.3,flow_west.4,V2V,172.24546325614529,False
82.0,flow_west.3,flow_west.5,V2V,459.76833251075584,False
82.0,flow_west.3,flow_west.6,V2V,349.18502219489454,False
82.0,flow_west.3,flow_west.7,V2V,61.05995241282743,False
82.0,flow_west.4,flow_east.1,V2V,174.56879152357843,False
82.0,flow_west.4,flow_east.6,V2V,405.18573936939765,False
82.0,flow_west.4,flow_east.7,V2V,355.55445653576396,False
82.0,flow_west.4,flow_west.2,V2V,234.4995923670648,False
82.0,flow_west.4,flow_west.3,V2V,172.24546325614529,False
82.0,flow_west.4,flow_west.5,V2V,256.216858522522,False
82.0,flow_west.4,flow_west.6,V2V,321.91425968029665,False
82.0,flow_west.4,flow_west.7,V2V,155.56433979787255,False
82.0,flow_west.5,flow_east.1,V2V,86.52998214801592,False
82.0,flow_west.5,flow_east.6,V2V,159.0932450875486,False
82.0,flow_west.5,flow_east.7,V2V,556.748157469978,False
82.0,flow_west.5,flow_west.2,V2V,903.415649904404,True
82.0,flow_west.5,flow_west.3,V2V,459.76833251075584,False
82.0,flow_west.5,flow_west.4,V2V,256.216858522522,False
82.0,flow_west.5,flow_west.6,V2V,652.9087255627236,False
82.0,flow_west.5,flow_west.7,V2V,79.13329604504065,False
82.0,flow_west.6,flow_east.1,V2V,100.12012366658212,False
82.0,flow_west.6,flow_east.6,V2V,191.7599922403685,False
82.0,flow_west.6,flow_east.7,V2V,912.3682676544356,False
82.0,flow_west.6,flow_west.2,V2V,553.8221113691739,False
82.0,flow_west.6,flow_west.3,V2V,349.18502219489454,False
82.0,flow_west.6,flow_west.4,V2V,321.91425968029665,False
82.0,flow_west.6,flow_west.5,V2V,652.9087255627236,False
82.0,flow_west.6,flow_west.7,V2V,91.26626373067296,False
82.0,flow_west.7,flow_east.1,V2V,784.181027405998,False
82.0,flow_west.7,flow_east.6,V2V,249.35226558331487,False
82.0,flow_west.7,flow_east.7,V2V,96.83367296678875,False
82.0,flow_west.7,flow_west.2,V2V,74.74049585249229,False
82.0,flow_west.7,flow_west.3,V2V,61.05995241282743,False
82.0,flow_west.7,flow_west.4,V2V,155.56433979787255,False
82.0,flow_west.7,flow_west.5,V2V,79.13329604504065,False
82.0,flow_west.7,flow_west.6,V2V,91.26626373067296,False
83.0,BS_1,flow_east.1,V2I,354.6429054869848,False
83.0,BS_1,flow_east.6,V2I,538.2392132151006,True
83.0,BS_1,flow_east.7,V2I,495.6130554729622,True
83.0,BS_1,flow_west.2,V2I,384.6816452155144,False
83.0,BS_1,flow_west.3,V2I,325.4777460451084,True
83.0,BS_1,flow_west.4,V2I,623.6984235058114,True
83.0,BS_1,flow_west.5,V2I,402.37803111599413,False
83.0,BS_1,flow_west.6,V2I,451.4984623489202,True
83.0,BS_1,flow_west.7,V2I,348.27730798531906,False
83.0,flow_east.1,flow_east.6,V2V,288.6212227056262,False
83.0,flow_east.1,flow_east.7,V2V,107.09640520764368,False
83.0,flow_east.1,flow_west.2,V2V,76.77597833410626,False
83.0,flow_east.1,flow_west.3,V2V,62.44801330312515,False
83.0,flow_east.1,flow_west.4,V2V,160.4278084324864,False
83.0,flow_east.1,flow_west.5,V2V,81.25805187757089,False
83.0,flow_east.1,flow_west.6,V2V,94.10029913878216,False
83.0,flow_east.1,flow_west.7,V2V,1113.1503804835852,True
83.0,flow_east.6,flow_east.1,V2V,288.6212227056262,False
83.0,flow_east.6,flow_east.7,V2V,207.690600209752,False
83.0,flow_east.6,flow_west.2,V2V,136.34396640760497,False
83.0,flow_east.6,flow_west.3,V2V,105.53751557081084,False
83.0,flow_east.6,flow_west.4,V2V,355.55445653576396,False
83.0,flow_east.6,flow_west.5,V2V,146.29958618690017,False
83.0,flow_east.6,flow_west.6,V2V,175.9704814761637,False
83.0,flow_east.6,flow_west.7,V2V,276.35372107940583,False
83.0,flow_east.7,flow_east.1,V2V,107.09640520764368,False
83.0,flow_east.7,flow_east.6,V2V,207.690600209752,False
83.0,flow_east.7,flow_west.2,V2V,419.9038163766986,False
83.0,flow_east.7,flow_west.3,V2V,282.6087016540835,False
83.0,flow_east.7,flow_west.4,V2V,405.8101535151694,False
83.0,flow_east.7,flow_west.5,V2V,474.1293292787434,False
83.0,flow_east.7,flow_west.6,V2V,696.6776948271847,False
83.0,flow_east.7,flow_west.7,V2V,103.99409296497308,False
83.0,flow_west.2,flow_east.1,V2V,76.77597833410626,False
83.0,flow_west.2,flow_east.6,V2V,136.34396640760497,False
83.0,flow_west.2,flow_east.7,V2V,419.9038163766986,False
83.0,flow_west.2,flow_west.3,V2V,523.0209212174984,False
83.0,flow_west.2,flow_west.4,V2V,235.8351409222408,False
83.0,flow_west.2,flow_west.5,V2V,910.0471202631844,False
83.0,flow_west.2,flow_west.6,V2V,550.2476071337262,False
83.0,flow_west.2,flow_west.7,V2V,74.74049585249229,False
83.0,flow_west.3,flow_east.1,V2V,62.44801330312515,False
83.0,flow_west.3,flow_east.6,V2V,105.53751557081084,False
83.0,flow_west.3,flow_east.7,V2V,282.6087016540835,False
83.0,flow_west.3,flow_west.2,V2V,523.0209212174984,False
83.0,flow_west.3,flow_west.4,V2V,172.70884121501675,False
83.0,flow_west.3,flow_west.5,V2V,458.81305023527017,False
83.0,flow_west.3,flow_west.6,V2V,346.4635648662227,False
83.0,flow_west.3,flow_west.7,V2V,60.945407221103785,False
83.0,flow_west.4,flow_east.1,V2V,160.4278084324864,False
83.0,flow_west.4,flow_east.6,V2V,355.55445653576396,False
83.0,flow_west.4,flow_east.7,V2V,405.8101535151694,False
83.0,flow_west.4,flow_west.2,V2V,235.8351409222408,False
83.0,flow_west.4,flow_west.3,V2V,172.70884121501675,False
83.0,flow_west.4,flow_west.5,V2V,257.04517885241177,False
83.0,flow_west.4,flow_west.6,V2V,325.4777460451084,False
83.0,flow_west.4,flow_west.7,V2V,154.90754737745706,False
83.0,flow_west.5,flow_east.1,V2V,81.25805187757089,False
83.0,flow_west.5,flow_east.6,V2V,146.29958618690017,False
83.0,flow_west.5,flow_east.7,V2V,474.1293292787434,False
83.0,flow_west.5,flow_west.2,V2V,910.0471202631844,True
83.0,flow_west.5,flow_west.3,V2V,458.81305023527017,False
83.0,flow_west.5,flow_west.4,V2V,257.04517885241177,False
83.0,flow_west.5,flow_west.6,V2V,645.3532265642091,False
83.0,flow_west.5,flow_west.7,V2V,79.13329604504065,False
83.0,flow_west.6,flow_east.1,V2V,94.10029913878216,False
83.0,flow_west.6,flow_east.6,V2V,175.9704814761637,False
83.0,flow_west.6,flow_east.7,V2V,696.6776948271847,False
83.0,flow_west.6,flow_west.2,V2V,550.2476071337262,False
83.0,flow_west.6,flow_west.3,V2V,346.4635648662227,False
83.0,flow_west.6,flow_west.4,V2V,325.4777460451084,False
83.0,flow_west.6,flow_west.5,V2V,645.3532265642091,False
83.0,flow_west.6,flow_west.7,V2V,91.42208970353056,False
83.0,flow_west.7,flow_east.1,V2V,1113.1503804835852,False
83.0,flow_west.7,flow_east.6,V2V,276.35372107940583,False
83.0,flow_west.7,flow_east.7,V2V,103.99409296497308,False
83.0,flow_west.7,flow_west.2,V2V,74.74049585249229,False
83.0,flow_west.7,flow_west.3,V2V,60.945407221103785,False
83.0,flow_west.7,flow_west.4,V2V,154.90754737745706,False
83.0,flow_west.7,flow_west.5,V2V,79.13329604504065,False
83.0,flow_west.7,flow_west.6,V2V,91.42208970353056,False
84.0,BS_1,flow_east.1,V2I,347.06789512972296,False
84.0,BS_1,flow_east.6,V2I,524.3144509104085,True
84.0,BS_1,flow_east.7,V2I,509.1361009943205,True
84.0,BS_1,flow_west.2,V2I,375.12365277492705,False
84.0,BS_1,flow_west.3,V2I,316.8841155070861,True
84.0,BS_1,flow_west.4,V2I,615.1793695819206,True
84.0,BS_1,flow_west.5,V2I,392.1141874815176,False
84.0,BS_1,flow_west.6,V2I,440.7168413999162,True
84.0,BS_1,flow_west.7,V2I,357.379162667208,False
84.0,flow_east.1,flow_east.6,V2V,291.2101769675526,False
84.0,flow_east.1,flow_east.7,V2V,107.61946992815378,False
84.0,flow_east.1,flow_west.2,V2V,72.35260430076785,False
84.0,flow_east.1,flow_west.3,V2V,59.02446664541322,False
84.0,flow_east.1,flow_west.4,V2V,147.78576615238774,False
84.0,flow_east.1,flow_west.5,V2V,76.36555301691295,False
84.0,flow_east.1,flow_west.6,V2V,88.49393973171316,False
84.0,flow_east.1,flow_west.7,V2V,1035.1312293763997,True
84.0,flow_east.6,flow_east.1,V2V,291.2101769675526,False
84.0,flow_east.6,flow_east.7,V2V,207.43721365681145,False
84.0,flow_east.6,flow_west.2,V2V,125.83791638837394,False
84.0,flow_east.6,flow_west.3,V2V,97.81157808865277,False
84.0,flow_east.6,flow_west.4,V2V,314.22990080059554,False
84.0,flow_east.6,flow_west.5,V2V,134.52357714318555,False
84.0,flow_east.6,flow_west.6,V2V,161.76844973189858,False
84.0,flow_east.6,flow_west.7,V2V,309.5267253169076,False
84.0,flow_east.7,flow_east.1,V2V,107.61946992815378,False
84.0,flow_east.7,flow_east.6,V2V,207.43721365681145,False
84.0,flow_east.7,flow_west.2,V2V,369.5968479101882,False
84.0,flow_east.7,flow_west.3,V2V,252.91330411827303,False
84.0,flow_east.7,flow_west.4,V2V,468.37793439116825,False
84.0,flow_east.7,flow_west.5,V2V,412.0636763275831,False
84.0,flow_east.7,flow_west.6,V2V,575.6345070028605,False
84.0,flow_east.7,flow_west.7,V2V,112.04502827698992,False
84.0,flow_west.2,flow_east.1,V2V,72.35260430076785,False
84.0,flow_west.2,flow_east.6,V2V,125.83791638837394,False
84.0,flow_west.2,flow_east.7,V2V,369.5968479101882,False
84.0,flow_west.2,flow_west.3,V2V,517.8500039432703,False
84.0,flow_west.2,flow_west.4,V2V,236.905742165306,False
84.0,flow_west.2,flow_west.5,V2V,914.0262712028024,False
84.0,flow_west.2,flow_west.6,V2V,547.3244957216318,False
84.0,flow_west.2,flow_west.7,V2V,75.00949274796073,False
84.0,flow_west.3,flow_east.1,V2V,59.02446664541322,False
84.0,flow_west.3,flow_east.6,V2V,97.81157808865277,False
84.0,flow_west.3,flow_east.7,V2V,252.91330411827303,False
84.0,flow_west.3,flow_west.2,V2V,517.8500039432703,False
84.0,flow_west.3,flow_west.4,V2V,172.47707153375836,False
84.0,flow_west.3,flow_west.5,V2V,455.6307669226409,False
84.0,flow_west.3,flow_west.6,V2V,342.5416043138753,False
84.0,flow_west.3,flow_west.7,V2V,60.83103477253621,False
84.0,flow_west.4,flow_east.1,V2V,147.78576615238774,False
84.0,flow_west.4,flow_east.6,V2V,314.22990080059554,False
84.0,flow_west.4,flow_east.7,V2V,468.37793439116825,False
84.0,flow_west.4,flow_west.2,V2V,236.905742165306,False
84.0,flow_west.4,flow_west.3,V2V,172.47707153375836,False
84.0,flow_west.4,flow_west.5,V2V,258.15110450442285,False
84.0,flow_west.4,flow_west.6,V2V,328.15715268138473,False
84.0,flow_west.4,flow_west.7,V2V,154.6889605330061,False
84.0,flow_west.5,flow_east.1,V2V,76.36555301691295,False
84.0,flow_west.5,flow_east.6,V2V,134.52357714318555,False
84.0,flow_west.5,flow_east.7,V2V,412.0636763275831,False
84.0,flow_west.5,flow_west.2,V2V,914.0262712028024,True
84.0,flow_west.5,flow_west.3,V2V,455.6307669226409,False
84.0,flow_west.5,flow_west.4,V2V,258.15110450442285,False
84.0,flow_west.5,flow_west.6,V2V,639.443399751572,False
84.0,flow_west.5,flow_west.7,V2V,79.13329604504065,False
84.0,flow_west.6,flow_east.1,V2V,88.49393973171316,False
84.0,flow_west.6,flow_east.6,V2V,161.76844973189858,False
84.0,flow_west.6,flow_east.7,V2V,575.6345070028605,False
84.0,flow_west.6,flow_west.2,V2V,547.3244957216318,False
84.0,flow_west.6,flow_west.3,V2V,342.5416043138753,False
84.0,flow_west.6,flow_west.4,V2V,328.15715268138473,False
84.0,flow_west.6,flow_west.5,V2V,639.443399751572,False
84.0,flow_west.6,flow_west.7,V2V,91.89071077529064,False
84.0,flow_west.7,flow_east.1,V2V,1035.1312293763997,False
84.0,flow_west.7,flow_east.6,V2V,309.5267253169076,False
84.0,flow_west.7,flow_east.7,V2V,112.04502827698992,False
84.0,flow_west.7,flow_west.2,V2V,75.00949274796073,False
84.0,flow_west.7,flow_west.3,V2V,60.83103477253621,False
84.0,flow_west.7,flow_west.4,V2V,154.6889605330061,False
84.0,flow_west.7,flow_west.5,V2V,79.13329604504065,False
84.0,flow_west.7,flow_west.6,V2V,91.89071077529064,False
85.0,BS_1,flow_east.1,V2I,339.8327773817591,False
85.0,BS_1,flow_east.6,V2I,511.0711840898485,True
85.0,BS_1,flow_east.7,V2I,523.0209212174984,True
85.0,BS_1,flow_west.2,V2I,365.92207785052057,False
85.0,BS_1,flow_west.3,V2I,308.6471151381865,True
85.0,BS_1,flow_west.4,V2I,605.0314451883087,True
85.0,BS_1,flow_west.5,V2I,382.51912790959585,False
85.0,BS_1,flow_west.6,V2I,429.9749459076594,True
85.0,BS_1,flow_west.7,V2I,366.53398702832897,False
85.0,flow_east.1,flow_east.6,V2V,293.22874832357223,False
85.0,flow_east.1,flow_east.7,V2V,108.31955951522995,False
85.0,flow_east.1,flow_west.2,V2V,68.37856845108871,False
85.0,flow_east.1,flow_west.3,V2V,55.75443478604615,False
85.0,flow_east.1,flow_west.4,V2V,136.75049888873656,False
85.0,flow_east.1,flow_west.5,V2V,72.09094615682874,False
85.0,flow_east.1,flow_west.6,V2V,83.27922332972535,False
85.0,flow_east.1,flow_west.7,V2V,756.7414003491897,True
85.0,flow_east.6,flow_east.1,V2V,293.22874832357223,False
85.0,flow_east.6,flow_east.7,V2V,207.9441250896446,False
85.0,flow_east.6,flow_west.2,V2V,116.58931971340505,False
85.0,flow_east.6,flow_west.3,V2V,90.95518319956692,False
85.0,flow_east.6,flow_west.4,V2V,281.4680489625431,False
85.0,flow_east.6,flow_west.5,V2V,124.68127767315552,False
85.0,flow_east.6,flow_west.6,V2V,149.28057118257,False
85.0,flow_east.6,flow_west.7,V2V,346.1614941903182,False
85.0,flow_east.7,flow_east.1,V2V,108.31955951522995,False
85.0,flow_east.7,flow_east.6,V2V,207.9441250896446,False
85.0,flow_east.7,flow_west.2,V2V,327.56123166490755,False
85.0,flow_east.7,flow_west.3,V2V,227.60394772404345,False
85.0,flow_east.7,flow_west.4,V2V,550.2476071337262,False
85.0,flow_east.7,flow_west.5,V2V,363.17125878724937,False
85.0,flow_east.7,flow_west.6,V2V,491.1145384006808,False
85.0,flow_east.7,flow_west.7,V2V,120.87438338684848,False
85.0,flow_west.2,flow_east.1,V2V,68.37856845108871,False
85.0,flow_west.2,flow_east.6,V2V,116.58931971340505,False
85.0,flow_west.2,flow_east.7,V2V,327.56123166490755,False
85.0,flow_west.2,flow_west.3,V2V,513.6524969863741,False
85.0,flow_west.2,flow_west.4,V2V,237.1736914041641,False
85.0,flow_west.2,flow_west.5,V2V,908.0576195614466,False
85.0,flow_west.2,flow_west.6,V2V,543.7536581806653,False
85.0,flow_west.2,flow_west.7,V2V,74.87490214776874,False
85.0,flow_west.3,flow_east.1,V2V,55.75443478604615,False
85.0,flow_west.3,flow_east.6,V2V,90.95518319956692,False
85.0,flow_west.3,flow_east.7,V2V,227.60394772404345,False
85.0,flow_west.3,flow_west.2,V2V,513.6524969863741,False
85.0,flow_west.3,flow_west.4,V2V,172.0140165288284,False
85.0,flow_west.3,flow_west.5,V2V,451.1808148376169,False
85.0,flow_west.3,flow_west.6,V2V,338.93101264006816,False
85.0,flow_west.3,flow_west.7,V2V,60.71683494330471,False
85.0,flow_west.4,flow_east.1,V2V,136.75049888873656,False
85.0,flow_west.4,flow_east.6,V2V,281.4680489625431,False
85.0,flow_west.4,flow_east.7,V2V,550.2476071337262,False
85.0,flow_west.4,flow_west.2,V2V,237.1736914041641,False
85.0,flow_west.4,flow_west.3,V2V,172.0140165288284,False
85.0,flow_west.4,flow_west.5,V2V,258.98166693425395,False
85.0,flow_west.4,flow_west.6,V2V,330.5436492879327,False
85.0,flow_west.4,flow_west.7,V2V,154.2523035396276,False
85.0,flow_west.5,flow_east.1,V2V,72.09094615682874,False
85.0,flow_west.5,flow_east.6,V2V,124.68127767315552,False
85.0,flow_west.5,flow_east.7,V2V,363.17125878724937,False
85.0,flow_west.5,flow_west.2,V2V,908.0576195614466,True
85.0,flow_west.5,flow_west.3,V2V,451.1808148376169,False
85.0,flow_west.5,flow_west.4,V2V,258.98166693425395,False
85.0,flow_west.5,flow_west.6,V2V,636.8177375412565,False
85.0,flow_west.5,flow_west.7,V2V,79.27363784072745,False
85.0,flow_west.6,flow_east.1,V2V,83.27922332972535,False
85.0,flow_west.6,flow_east.6,V2V,149.28057118257,False
85.0,flow_west.6,flow_east.7,V2V,491.1145384006808,False
85.0,flow_west.6,flow_west.2,V2V,543.7536581806653,False
85.0,flow_west.6,flow_west.3,V2V,338.93101264006816,False
85.0,flow_west.6,flow_west.4,V2V,330.5436492879327,False
85.0,flow_west.6,flow_west.5,V2V,636.8177375412565,False
85.0,flow_west.6,flow_west.7,V2V,92.04729893735058,False
85.0,flow_west.7,flow_east.1,V2V,756.7414003491897,False
85.0,flow_west.7,flow_east.6,V2V,346.1614941903182,False
85.0,flow_west.7,flow_east.7,V2V,120.87438338684848,False
85.0,flow_west.7,flow_west.2,V2V,74.87490214776874,False
85.0,flow_west.7,flow_west.3,V2V,60.71683494330471,False
85.0,flow_west.7,flow_west.4,V2V,154.2523035396276,False
85.0,flow_west.7,flow_west.5,V2V,79.27363784072745,False
85.0,flow_west.7,flow_west.6,V2V,92.04729893735058,False
86.0,BS_1,flow_east.1,V2I,332.93459674819945,True
86.0,BS_1,flow_east.6,V2I,497.54243050069937,True
86.0,BS_1,flow_east.7,V2I,536.6182934833215,True
86.0,BS_1,flow_west.2,V2I,356.77069071425103,False
86.0,BS_1,flow_west.3,V2I,301.34519899680197,True
86.0,BS_1,flow_west.4,V2I,592.2803190516009,True
86.0,BS_1,flow_west.5,V2I,372.35808276906295,False
86.0,BS_1,flow_west.6,V2I,419.589729738748,True
86.0,BS_1,flow_west.7,V2I,375.4312026342536,True
86.0,flow_east.1,flow_east.6,V2V,295.8303170319566,False
86.0,flow_east.1,flow_east.7,V2V,108.84662834955496,False
86.0,flow_east.1,flow_west.2,V2V,64.57723431206539,False
86.0,flow_east.1,flow_west.3,V2V,52.939690161869706,False
86.0,flow_east.1,flow_west.4,V2V,126.61273146121036,False
86.0,flow_east.1,flow_west.5,V2V,68.0031979619512,False
86.0,flow_east.1,flow_west.6,V2V,78.71338995613006,False
86.0,flow_east.1,flow_west.7,V2V,618.7827334229928,False
86.0,flow_east.6,flow_east.1,V2V,295.8303170319566,False
86.0,flow_east.6,flow_east.7,V2V,207.690600209752,False
86.0,flow_east.6,flow_west.2,V2V,108.1442511206251,False
86.0,flow_east.6,flow_west.3,V2V,84.74550851512103,False
86.0,flow_east.6,flow_west.4,V2V,252.0898694337034,False
86.0,flow_east.6,flow_west.5,V2V,115.30498345031154,False
86.0,flow_east.6,flow_west.6,V2V,137.97445062680623,False
86.0,flow_east.6,flow_west.7,V2V,391.4937533047362,False
86.0,flow_east.7,flow_east.1,V2V,108.84662834955496,False
86.0,flow_east.7,flow_east.6,V2V,207.690600209752,False
86.0,flow_east.7,flow_west.2,V2V,292.94011856268446,False
86.0,flow_east.7,flow_west.3,V2V,206.425054063416,False
86.0,flow_east.7,flow_west.4,V2V,670.6643745337896,False
86.0,flow_east.7,flow_west.5,V2V,322.2108167747308,False
86.0,flow_east.7,flow_west.6,V2V,428.0836571106642,False
86.0,flow_east.7,flow_west.7,V2V,130.53130342008222,False
86.0,flow_west.2,flow_east.1,V2V,64.57723431206539,False
86.0,flow_west.2,flow_east.6,V2V,108.1442511206251,False
86.0,flow_west.2,flow_east.7,V2V,292.94011856268446,False
86.0,flow_west.2,flow_west.3,V2V,511.71638426190566,False
86.0,flow_west.2,flow_west.4,V2V,238.5152227437939,False
86.0,flow_west.2,flow_west.5,V2V,913.3630657022376,False
86.0,flow_west.2,flow_west.6,V2V,539.8605804025367,False
86.0,flow_west.2,flow_west.7,V2V,74.87490214776874,False
86.0,flow_west.3,flow_east.1,V2V,52.939690161869706,False
86.0,flow_west.3,flow_east.6,V2V,84.74550851512103,False
86.0,flow_west.3,flow_east.7,V2V,206.425054063416,False
86.0,flow_west.3,flow_west.2,V2V,511.71638426190566,False
86.0,flow_west.3,flow_west.4,V2V,172.24546325614529,False
86.0,flow_west.3,flow_west.5,V2V,450.5456160593841,False
86.0,flow_west.3,flow_west.6,V2V,336.22929752968724,False
86.0,flow_west.3,flow_west.7,V2V,60.60280760926473,False
86.0,flow_west.4,flow_east.1,V2V,126.61273146121036,False
86.0,flow_west.4,flow_east.6,V2V,252.0898694337034,False
86.0,flow_west.4,flow_east.7,V2V,670.6643745337896,False
86.0,flow_west.4,flow_west.2,V2V,238.5152227437939,False
86.0,flow_west.4,flow_west.3,V2V,172.24546325614529,False
86.0,flow_west.4,flow_west.5,V2V,260.0905660583415,False
86.0,flow_west.4,flow_west.6,V2V,334.1317191912465,False
86.0,flow_west.4,flow_west.7,V2V,153.59861165752267,False
86.0,flow_west.5,flow_east.1,V2V,68.0031979619512,False
86.0,flow_west.5,flow_east.6,V2V,115.30498345031154,False
86.0,flow_west.5,flow_east.7,V2V,322.2108167747308,False
86.0,flow_west.5,flow_west.2,V2V,913.3630657022376,True
86.0,flow_west.5,flow_west.3,V2V,450.5456160593841,False
86.0,flow_west.5,flow_west.4,V2V,260.0905660583415,False
86.0,flow_west.5,flow_west.6,V2V,629.600217265152,False
86.0,flow_west.5,flow_west.7,V2V,79.13329604504065,False
86.0,flow_west.6,flow_east.1,V2V,78.71338995613006,False
86.0,flow_west.6,flow_east.6,V2V,137.97445062680623,False
86.0,flow_west.6,flow_east.7,V2V,428.0836571106642,False
86.0,flow_west.6,flow_west.2,V2V,539.8605804025367,False
86.0,flow_west.6,flow_west.3,V2V,336.22929752968724,False
86.0,flow_west.6,flow_west.4,V2V,334.1317191912465,False
86.0,flow_west.6,flow_west.5,V2V,629.600217265152,False
86.0,flow_west.6,flow_west.7,V2V,92.20407771076891,False
86.0,flow_west.7,flow_east.1,V2V,618.7827334229928,False
86.0,flow_west.7,flow_east.6,V2V,391.4937533047362,False
86.0,flow_west.7,flow_east.7,V2V,130.53130342008222,False
86.0,flow_west.7,flow_west.2,V2V,74.87490214776874,False
86.0,flow_west.7,flow_west.3,V2V,60.60280760926473,False
86.0,flow_west.7,flow_west.4,V2V,153.59861165752267,False
86.0,flow_west.7,flow_west.5,V2V,79.13329604504065,False
86.0,flow_west.7,flow_west.6,V2V,92.20407771076891,False
87.0,BS_1,flow_east.1,V2I,325.4777460451084,True
87.0,BS_1,flow_east.6,V2I,484.0552296268089,True
87.0,BS_1,flow_east.7,V2I,549.9227504865856,True
87.0,BS_1,flow_west.2,V2I,347.6724764848756,False
87.0,BS_1,flow_west.4,V2I,578.569491499222,True
87.0,BS_1,flow_west.5,V2I,363.4766798816892,False
87.0,BS_1,flow_west.6,V2I,409.2474987815486,True
87.0,BS_1,flow_west.7,V2I,385.9184598301828,True
87.0,flow_east.1,flow_east.6,V2V,297.56856172129415,False
87.0,flow_east.1,flow_east.7,V2V,109.1989603598184,False
87.0,flow_east.1,flow_west.2,V2V,60.945407221103785,False
87.0,flow_east.1,flow_west.4,V2V,117.1425850023893,False
87.0,flow_east.1,flow_west.5,V2V,64.21841287265485,False
87.0,flow_east.1,flow_west.6,V2V,74.07122610136234,False
87.0,flow_east.1,flow_west.7,V2V,520.7580095722025,False
87.0,flow_east.6,flow_east.1,V2V,297.56856172129415,False
87.0,flow_east.6,flow_east.7,V2V,207.18396559831285,False
87.0,flow_east.6,flow_west.2,V2V,100.45297540592982,False
87.0,flow_east.6,flow_west.4,V2V,226.813691328948,False
87.0,flow_east.6,flow_west.5,V2V,107.09640520764368,False
87.0,flow_east.6,flow_west.6,V2V,127.39051931431892,False
87.0,flow_east.6,flow_west.7,V2V,449.9105460570236,False
87.0,flow_east.7,flow_east.1,V2V,109.1989603598184,False
87.0,flow_east.7,flow_east.6,V2V,207.18396559831285,False
87.0,flow_east.7,flow_west.2,V2V,263.14869465994843,False
87.0,flow_east.7,flow_west.4,V2V,882.8619173473818,False
87.0,flow_east.7,flow_west.5,V2V,288.90852842737337,False
87.0,flow_east.7,flow_west.6,V2V,377.27760031178457,False
87.0,flow_east.7,flow_west.7,V2V,141.68531321846007,False
87.0,flow_west.2,flow_east.1,V2V,60.945407221103785,False
87.0,flow_west.2,flow_east.6,V2V,100.45297540592982,False
87.0,flow_west.2,flow_east.7,V2V,263.14869465994843,False
87.0,flow_west.2,flow_west.4,V2V,239.32156360404807,False
87.0,flow_west.2,flow_west.5,V2V,904.7418982224748,False
87.0,flow_west.2,flow_west.6,V2V,536.6182934833215,False
87.0,flow_west.2,flow_west.7,V2V,74.87490214776874,False
87.0,flow_west.4,flow_east.1,V2V,117.1425850023893,False
87.0,flow_west.4,flow_east.6,V2V,226.813691328948,False
87.0,flow_west.4,flow_east.7,V2V,882.8619173473818,False
87.0,flow_west.4,flow_west.2,V2V,239.32156360404807,False
87.0,flow_west.4,flow_west.5,V2V,261.4790579940681,False
87.0,flow_west.4,flow_west.6,V2V,336.82921182264226,False
87.0,flow_west.4,flow_west.7,V2V,153.16368092101192,False
87.0,flow_west.5,flow_east.1,V2V,64.21841287265485,False
87.0,flow_west.5,flow_east.6,V2V,107.09640520764368,False
87.0,flow_west.5,flow_east.7,V2V,288.90852842737337,False
87.0,flow_west.5,flow_west.2,V2V,904.7418982224748,True
87.0,flow_west.5,flow_west.4,V2V,261.4790579940681,False
87.0,flow_west.5,flow_west.6,V2V,628.2884339656022,False
87.0,flow_west.5,flow_west.7,V2V,79.27363784072745,False
87.0,flow_west.6,flow_east.1,V2V,74.07122610136234,False
87.0,flow_west.6,flow_east.6,V2V,127.39051931431892,False
87.0,flow_west.6,flow_east.7,V2V,377.27760031178457,False
87.0,flow_west.6,flow_west.2,V2V,536.6182934833215,False
87.0,flow_west.6,flow_west.4,V2V,336.82921182264226,False
87.0,flow_west.6,flow_west.5,V2V,628.2884339656022,False
87.0,flow_west.6,flow_west.7,V2V,92.51820718967248,False
87.0,flow_west.7,flow_east.1,V2V,520.7580095722025,False
87.0,flow_west.7,flow_east.6,V2V,449.9105460570236,False
87.0,flow_west.7,flow_east.7,V2V,141.68531321846007,False
87.0,flow_west.7,flow_west.2,V2V,74.87490214776874,False
87.0,flow_west.7,flow_west.4,V2V,153.16368092101192,False
87.0,flow_west.7,flow_west.5,V2V,79.27363784072745,False
87.0,flow_west.7,flow_west.6,V2V,92.51820718967248,False
88.0,BS_1,flow_east.1,V2I,318.6569999082692,True
88.0,BS_1,flow_east.6,V2I,470.9329866216002,True
88.0,BS_1,flow_east.7,V2I,563.5805288524397,False
88.0,BS_1,flow_west.2,V2I,339.23153501818246,False
88.0,BS_1,flow_west.4,V2I,563.9060481579048,False
88.0,BS_1,flow_west.5,V2I,353.7318932154087,False
88.0,BS_1,flow_west.6,V2I,398.9512490978261,True
88.0,BS_1,flow_west.7,V2I,395.52992721422106,True
88.0,flow_east.1,flow_east.6,V2V,300.181648136069,False
88.0,flow_east.1,flow_east.7,V2V,109.90591010812048,False
88.0,flow_east.1,flow_west.2,V2V,57.80781557279788,False
88.0,flow_east.1,flow_west.4,V2V,108.84662834955496,False
88.0,flow_east.1,flow_west.5,V2V,60.71683494330471,False
88.0,flow_east.1,flow_west.6,V2V,69.8962541993889,False
88.0,flow_east.1,flow_west.7,V2V,454.040788515514,False
88.0,flow_east.6,flow_east.1,V2V,300.181648136069,False
88.0,flow_east.6,flow_east.7,V2V,207.18396559831285,False
88.0,flow_east.6,flow_west.2,V2V,93.46517275655756,False
88.0,flow_east.6,flow_west.4,V2V,204.91099292542208,False
88.0,flow_east.6,flow_west.5,V2V,99.29134075543595,False
88.0,flow_east.6,flow_west.6,V2V,118.06846965873532,False
88.0,flow_east.6,flow_west.7,V2V,522.3742752077774,False
88.0,flow_east.7,flow_east.1,V2V,109.90591010812048,False
88.0,flow_east.7,flow_east.6,V2V,207.18396559831285,False
88.0,flow_east.7,flow_west.2,V2V,237.4417598772482,False
88.0,flow_east.7,flow_west.4,V2V,1381.84002909644,False
88.0,flow_east.7,flow_west.5,V2V,258.70470662295617,False
88.0,flow_east.7,flow_west.6,V2V,334.7306890543364,False
88.0,flow_east.7,flow_west.7,V2V,154.03423364024235,False
88.0,flow_west.2,flow_east.1,V2V,57.80781557279788,False
88.0,flow_west.2,flow_east.6,V2V,93.46517275655756,False
88.0,flow_west.2,flow_east.7,V2V,237.4417598772482,False
88.0,flow_west.2,flow_west.4,V2V,240.3983343987097,False
88.0,flow_west.2,flow_west.5,V2V,913.3630657022376,False
88.0,flow_west.2,flow_west.6,V2V,534.6737873918274,False
88.0,flow_west.2,flow_west.7,V2V,74.87490214776874,False
88.0,flow_west.4,flow_east.1,V2V,108.84662834955496,False
88.0,flow_west.4,flow_east.6,V2V,204.91099292542208,False
88.0,flow_west.4,flow_east.7,V2V,1381.84002909644,True
88.0,flow_west.4,flow_west.2,V2V,240.3983343987097,False
88.0,flow_west.4,flow_west.5,V2V,262.3134083143704,False
88.0,flow_west.4,flow_west.6,V2V,339.8327773817591,False
88.0,flow_west.4,flow_west.7,V2V,152.29589712219436,False
88.0,flow_west.5,flow_east.1,V2V,60.71683494330471,False
88.0,flow_west.5,flow_east.6,V2V,99.29134075543595,False
88.0,flow_west.5,flow_east.7,V2V,258.70470662295617,False
88.0,flow_west.5,flow_west.2,V2V,913.3630657022376,True
88.0,flow_west.5,flow_west.4,V2V,262.3134083143704,False
88.0,flow_west.5,flow_west.6,V2V,622.0596062060964,False
88.0,flow_west.5,flow_west.7,V2V,78.99314084384952,False
88.0,flow_west.6,flow_east.1,V2V,69.8962541993889,False
88.0,flow_west.6,flow_east.6,V2V,118.06846965873532,False
88.0,flow_west.6,flow_east.7,V2V,334.7306890543364,False
88.0,flow_west.6,flow_west.2,V2V,534.6737873918274,False
88.0,flow_west.6,flow_west.4,V2V,339.8327773817591,False
88.0,flow_west.6,flow_west.5,V2V,622.0596062060964,False
88.0,flow_west.6,flow_west.7,V2V,92.51820718967248,False
88.0,flow_west.7,flow_east.1,V2V,454.040788515514,False
88.0,flow_west.7,flow_east.6,V2V,522.3742752077774,False
88.0,flow_west.7,flow_east.7,V2V,154.03423364024235,False
88.0,flow_west.7,flow_west.2,V2V,74.87490214776874,False
88.0,flow_west.7,flow_west.4,V2V,152.29589712219436,False
88.0,flow_west.7,flow_west.5,V2V,78.99314084384952,False
88.0,flow_west.7,flow_west.6,V2V,92.51820718967248,False
89.0,BS_1,flow_east.1,V2I,311.8758195892976,True
89.0,BS_1,flow_east.6,V2I,458.81305023527017,True
89.0,BS_1,flow_east.7,V2I,576.286629344967,True
89.0,BS_1,flow_west.2,V2I,331.1409714385041,False
89.0,BS_1,flow_west.4,V2I,549.2730868405832,True
89.0,BS_1,flow_west.5,V2I,344.95384396832753,False
89.0,BS_1,flow_west.6,V2I,389.0139181100975,True
89.0,BS_1,flow_west.7,V2I,406.12242537583654,True
89.0,flow_east.1,flow_east.6,V2V,300.7632570013948,False
89.0,flow_east.1,flow_east.7,V2V,110.08312357533464,False
89.0,flow_east.1,flow_west.2,V2V,54.80282834160019,False
89.0,flow_east.1,flow_west.4,V2V,101.28845113038506,False
89.0,flow_east.1,flow_west.5,V2V,57.37048091760978,False
89.0,flow_east.1,flow_west.6,V2V,66.028427612198,False
89.0,flow_east.1,flow_west.7,V2V,398.01761471806714,False
89.0,flow_east.6,flow_east.1,V2V,300.7632570013948,False
89.0,flow_east.6,flow_east.7,V2V,207.43721365681145,False
89.0,flow_east.6,flow_west.2,V2V,87.58351478344652,False
89.0,flow_east.6,flow_west.4,V2V,186.66353957530796,False
89.0,flow_east.6,flow_west.5,V2V,92.6755579429004,False
89.0,flow_east.6,flow_west.6,V2V,109.72888702437034,False
89.0,flow_east.6,flow_west.7,V2V,621.0764370791719,False
89.0,flow_east.7,flow_east.1,V2V,110.08312357533464,False
89.0,flow_east.7,flow_east.6,V2V,207.43721365681145,False
89.0,flow_east.7,flow_west.2,V2V,215.8710900996208,False
89.0,flow_east.7,flow_west.4,V2V,827.5344404477073,False
89.0,flow_east.7,flow_west.5,V2V,234.23284474296992,False
89.0,flow_east.7,flow_west.6,V2V,299.6003735546603,False
89.0,flow_east.7,flow_west.7,V2V,167.64741660667343,False
89.0,flow_west.2,flow_east.1,V2V,54.80282834160019,False
89.0,flow_west.2,flow_east.6,V2V,87.58351478344652,False
89.0,flow_west.2,flow_east.7,V2V,215.8710900996208,False
89.0,flow_west.2,flow_west.4,V2V,241.47698064933337,False
89.0,flow_west.2,flow_west.5,V2V,920.9902510501804,False
89.0,flow_west.2,flow_west.6,V2V,534.9978261372823,False
89.0,flow_west.2,flow_west.7,V2V,75.00949274796073,False
89.0,flow_west.4,flow_east.1,V2V,101.28845113038506,False
89.0,flow_west.4,flow_east.6,V2V,186.66353957530796,False
89.0,flow_west.4,flow_east.7,V2V,827.5344404477073,False
89.0,flow_west.4,flow_west.2,V2V,241.47698064933337,False
89.0,flow_west.4,flow_west.5,V2V,262.87016214475256,False
89.0,flow_west.4,flow_west.6,V2V,341.3370302827034,False
89.0,flow_west.4,flow_west.7,V2V,152.07938473439157,False
89.0,flow_west.5,flow_east.1,V2V,57.37048091760978,False
89.0,flow_west.5,flow_east.6,V2V,92.6755579429004,False
89.0,flow_west.5,flow_east.7,V2V,234.23284474296992,False
89.0,flow_west.5,flow_west.2,V2V,920.9902510501804,True
89.0,flow_west.5,flow_west.4,V2V,262.87016214475256,False
89.0,flow_west.5,flow_west.6,V2V,620.0933596418705,False
89.0,flow_west.5,flow_west.7,V2V,79.13329604504065,False
89.0,flow_west.6,flow_east.1,V2V,66.028427612198,False
89.0,flow_west.6,flow_east.6,V2V,109.72888702437034,False
89.0,flow_west.6,flow_east.7,V2V,299.6003735546603,False
89.0,flow_west.6,flow_west.2,V2V,534.9978261372823,False
89.0,flow_west.6,flow_west.4,V2V,341.3370302827034,False
89.0,flow_west.6,flow_west.5,V2V,620.0933596418705,False
89.0,flow_west.6,flow_west.7,V2V,92.6755579429004,False
89.0,flow_west.7,flow_east.1,V2V,398.01761471806714,False
89.0,flow_west.7,flow_east.6,V2V,621.0764370791719,False
89.0,flow_west.7,flow_east.7,V2V,167.64741660667343,False
89.0,flow_west.7,flow_west.2,V2V,75.00949274796073,False
89.0,flow_west.7,flow_west.4,V2V,152.07938473439157,False
89.0,flow_west.7,flow_west.5,V2V,79.13329604504065,False
89.0,flow_west.7,flow_west.6,V2V,92.6755579429004,False
90.0,BS_1,flow_east.1,V2I,305.4280242009065,True
90.0,BS_1,flow_east.6,V2I,447.0543392239061,True
90.0,BS_1,flow_east.7,V2I,588.3606159779036,True
90.0,BS_1,flow_west.2,V2I,323.1009266434054,False
90.0,BS_1,flow_west.4,V2I,534.3497669809973,True
90.0,BS_1,flow_west.5,V2I,336.82921182264226,False
90.0,BS_1,flow_west.6,V2I,380.0506910282385,True
90.0,BS_1,flow_west.7,V2I,417.0784639859128,True
90.0,flow_east.1,flow_east.6,V2V,302.51007777476855,False
90.0,flow_east.1,flow_east.7,V2V,110.61590598188624,False
90.0,flow_east.1,flow_west.2,V2V,51.92745582781296,False
90.0,flow_east.1,flow_west.4,V2V,94.41900760773112,False
90.0,flow_east.1,flow_west.5,V2V,54.48860736533232,False
90.0,flow_east.1,flow_west.6,V2V,62.56481527406523,False
90.0,flow_east.1,flow_west.7,V2V,354.03550391791634,False
90.0,flow_east.6,flow_east.1,V2V,302.51007777476855,False
90.0,flow_east.6,flow_east.7,V2V,207.690600209752,False
90.0,flow_east.6,flow_west.2,V2V,81.83177154682676,False
90.0,flow_east.6,flow_west.4,V2V,170.39842511625605,False
90.0,flow_east.6,flow_west.5,V2V,86.67991829347311,False
90.0,flow_east.6,flow_west.6,V2V,102.466147804162,False
90.0,flow_east.6,flow_west.7,V2V,777.5668054622084,False
90.0,flow_east.7,flow_east.1,V2V,110.61590598188624,False
90.0,flow_east.7,flow_east.6,V2V,207.690600209752,False
90.0,flow_east.7,flow_west.2,V2V,196.42767971932173,False
90.0,flow_east.7,flow_west.4,V2V,644.0396861025454,False
90.0,flow_east.7,flow_west.5,V2V,212.78715673696632,False
90.0,flow_east.7,flow_west.6,V2V,270.4264047104656,False
90.0,flow_east.7,flow_west.7,V2V,183.06423184922815,False
90.0,flow_west.2,flow_east.1,V2V,51.92745582781296,False
90.0,flow_west.2,flow_east.6,V2V,81.83177154682676,False
90.0,flow_west.2,flow_east.7,V2V,196.42767971932173,False
90.0,flow_west.2,flow_west.4,V2V,242.2871896442523,False
90.0,flow_west.2,flow_west.5,V2V,912.3682676544356,False
90.0,flow_west.2,flow_west.6,V2V,530.4629668624837,False
90.0,flow_west.2,flow_west.7,V2V,74.87490214776874,False
90.0,flow_west.4,flow_east.1,V2V,94.41900760773112,False
90.0,flow_west.4,flow_east.6,V2V,170.39842511625605,False
90.0,flow_west.4,flow_east.7,V2V,644.0396861025454,False
90.0,flow_west.4,flow_west.2,V2V,242.2871896442523,False
90.0,flow_west.4,flow_west.5,V2V,264.2638582874623,False
90.0,flow_west.4,flow_west.6,V2V,344.6520901297803,False
90.0,flow_west.4,flow_west.7,V2V,151.6468810835847,False
90.0,flow_west.5,flow_east.1,V2V,54.48860736533232,False
90.0,flow_west.5,flow_east.6,V2V,86.67991829347311,False
90.0,flow_west.5,flow_east.7,V2V,212.78715673696632,False
90.0,flow_west.5,flow_west.2,V2V,912.3682676544356,True
90.0,flow_west.5,flow_west.4,V2V,264.2638582874623,False
90.0,flow_west.5,flow_west.6,V2V,616.8171050225409,False
90.0,flow_west.5,flow_west.7,V2V,79.13329604504065,False
90.0,flow_west.6,flow_east.1,V2V,62.56481527406523,False
90.0,flow_west.6,flow_east.6,V2V,102.466147804162,False
90.0,flow_west.6,flow_east.7,V2V,270.4264047104656,False
90.0,flow_west.6,flow_west.2,V2V,530.4629668624837,False
90.0,flow_west.6,flow_west.4,V2V,344.6520901297803,False
90.0,flow_west.6,flow_west.5,V2V,616.8171050225409,False
90.0,flow_west.6,flow_west.7,V2V,92.99083159251018,False
90.0,flow_west.7,flow_east.1,V2V,354.03550391791634,False
90.0,flow_west.7,flow_east.6,V2V,777.5668054622084,False
90.0,flow_west.7,flow_east.7,V2V,183.06423184922815,False
90.0,flow_west.7,flow_west.2,V2V,74.87490214776874,False
90.0,flow_west.7,flow_west.4,V2V,151.6468810835847,False
90.0,flow_west.7,flow_west.5,V2V,79.13329604504065,False
90.0,flow_west.7,flow_west.6,V2V,92.99083159251018,False
91.0,BS_1,flow_east.1,V2I,299.01943441344736,True
91.0,BS_1,flow_east.6,V2I,435.3407505633056,False
91.0,BS_1,flow_east.7,V2I,599.1440681352142,True
91.0,BS_1,flow_west.2,V2I,315.1139525640893,False
91.0,BS_1,flow_west.4,V2I,519.7884915181713,True
91.0,BS_1,flow_west.5,V2I,328.7533559818472,False
91.0,BS_1,flow_west.6,V2I,370.8235233098798,True
91.0,BS_1,flow_west.7,V2I,428.71393822671865,False
91.0,flow_east.1,flow_east.6,V2V,304.8437823956721,False
91.0,flow_east.1,flow_east.7,V2V,110.97204561909804,False
91.0,flow_east.1,flow_west.2,V2V,49.274582694149785,False
91.0,flow_east.1,flow_west.4,V2V,88.3417276876462,False
91.0,flow_east.1,flow_west.5,V2V,51.72694950981638,False
91.0,flow_east.1,flow_west.6,V2V,59.24788859977942,False
91.0,flow_east.1,flow_west.7,V2V,316.58889856996154,False
91.0,flow_east.6,flow_east.1,V2V,304.8437823956721,False
91.0,flow_east.6,flow_east.7,V2V,207.18396559831285,False
91.0,flow_east.6,flow_west.2,V2V,76.50217618877863,False
91.0,flow_east.6,flow_west.4,V2V,155.78361414740235,False
91.0,flow_east.6,flow_west.5,V2V,80.97231755266408,False
91.0,flow_east.6,flow_west.6,V2V,95.54050234173847,False
91.0,flow_east.6,flow_west.7,V2V,1164.28887336438,True
91.0,flow_east.7,flow_east.1,V2V,110.97204561909804,False
91.0,flow_east.7,flow_east.6,V2V,207.18396559831285,False
91.0,flow_east.7,flow_west.2,V2V,179.26331980441284,False
91.0,flow_east.7,flow_west.4,V2V,535.3218831772624,False
91.0,flow_east.7,flow_west.5,V2V,193.96437082173665,False
91.0,flow_east.7,flow_west.6,V2V,244.995403627406,False
91.0,flow_east.7,flow_west.7,V2V,200.64867469429325,False
91.0,flow_west.2,flow_east.1,V2V,49.274582694149785,False
91.0,flow_west.2,flow_east.6,V2V,76.50217618877863,False
91.0,flow_west.2,flow_east.7,V2V,179.26331980441284,False
91.0,flow_west.2,flow_west.4,V2V,242.2871896442523,False
91.0,flow_west.2,flow_west.5,V2V,906.731313921271,False
91.0,flow_west.2,flow_west.6,V2V,525.9318051172421,False
91.0,flow_west.2,flow_west.7,V2V,74.87490214776874,False
91.0,flow_west.4,flow_east.1,V2V,88.3417276876462,False
91.0,flow_west.4,flow_east.6,V2V,155.78361414740235,False
91.0,flow_west.4,flow_east.7,V2V,535.3218831772624,False
91.0,flow_west.4,flow_west.2,V2V,242.2871896442523,False
91.0,flow_west.4,flow_west.5,V2V,264.82205798455146,False
91.0,flow_west.4,flow_west.6,V2V,346.76569855226325,False
91.0,flow_west.4,flow_west.7,V2V,151.43089006225082,False
91.0,flow_west.5,flow_east.1,V2V,51.72694950981638,False
91.0,flow_west.5,flow_east.6,V2V,80.97231755266408,False
91.0,flow_west.5,flow_east.7,V2V,193.96437082173665,False
91.0,flow_west.5,flow_west.2,V2V,906.731313921271,True
91.0,flow_west.5,flow_west.4,V2V,264.82205798455146,False
91.0,flow_west.5,flow_west.6,V2V,612.8869861177827,False
91.0,flow_west.5,flow_west.7,V2V,79.13329604504065,False
91.0,flow_west.6,flow_east.1,V2V,59.24788859977942,False
91.0,flow_west.6,flow_east.6,V2V,95.54050234173847,False
91.0,flow_west.6,flow_east.7,V2V,244.995403627406,False
91.0,flow_west.6,flow_west.2,V2V,525.9318051172421,False
91.0,flow_west.6,flow_west.4,V2V,346.76569855226325,False
91.0,flow_west.6,flow_west.5,V2V,612.8869861177827,False
91.0,flow_west.6,flow_west.7,V2V,93.30686824793796,False
91.0,flow_west.7,flow_east.1,V2V,316.58889856996154,False
91.0,flow_west.7,flow_east.6,V2V,1164.28887336438,False
91.0,flow_west.7,flow_east.7,V2V,200.64867469429325,False
91.0,flow_west.7,flow_west.2,V2V,74.87490214776874,False
91.0,flow_west.7,flow_west.4,V2V,151.43089006225082,False
91.0,flow_west.7,flow_west.5,V2V,79.13329604504065,False
91.0,flow_west.7,flow_west.6,V2V,93.30686824793796,False
92.0,BS_1,flow_east.6,V2I,423.67590454842775,False
92.0,BS_1,flow_east.7,V2I,608.9584187755594,True
92.0,BS_1,flow_west.2,V2I,307.47541450664505,False
92.0,BS_1,flow_west.4,V2I,504.9461243030301,True
92.0,BS_1,flow_west.5,V2I,320.43257663692134,False
92.0,BS_1,flow_west.6,V2I,362.25533632835936,True
92.0,BS_1,flow_west.7,V2I,440.08383798794017,False
92.0,flow_east.6,flow_east.7,V2V,207.43721365681145,False
92.0,flow_east.6,flow_west.2,V2V,71.83001807153457,False
92.0,flow_east.6,flow_west.4,V2V,142.9351978651775,False
92.0,flow_east.6,flow_west.5,V2V,75.68521312538627,False
92.0,flow_east.6,flow_west.6,V2V,89.41120129845827,False
92.0,flow_east.6,flow_west.7,V2V,990.657304658468,True
92.0,flow_east.7,flow_east.6,V2V,207.43721365681145,False
92.0,flow_east.7,flow_west.2,V2V,164.01627974699198,False
92.0,flow_east.7,flow_west.4,V2V,456.2669766454994,False
92.0,flow_east.7,flow_west.5,V2V,176.67347736439908,False
92.0,flow_east.7,flow_west.6,V2V,222.6182278977919,False
92.0,flow_east.7,flow_west.7,V2V,220.53279250085612,False
92.0,flow_west.2,flow_east.6,V2V,71.83001807153457,False
92.0,flow_west.2,flow_east.7,V2V,164.01627974699198,False
92.0,flow_west.2,flow_west.4,V2V,243.0984430160861,False
92.0,flow_west.2,flow_west.5,V2V,914.0262712028024,False
92.0,flow_west.2,flow_west.6,V2V,522.3742752077774,False
92.0,flow_west.2,flow_west.7,V2V,74.74049585249229,False
92.0,flow_west.4,flow_east.6,V2V,142.9351978651775,False
92.0,flow_west.4,flow_east.7,V2V,456.2669766454994,False
92.0,flow_west.4,flow_west.2,V2V,243.0984430160861,False
92.0,flow_west.4,flow_west.5,V2V,265.1013117404859,False
92.0,flow_west.4,flow_west.6,V2V,350.09329393533494,False
92.0,flow_west.4,flow_west.7,V2V,150.78396165750576,False
92.0,flow_west.5,flow_east.6,V2V,75.68521312538627,False
92.0,flow_west.5,flow_east.7,V2V,176.67347736439908,False
92.0,flow_west.5,flow_west.2,V2V,914.0262712028024,True
92.0,flow_west.5,flow_west.4,V2V,265.1013117404859,False
92.0,flow_west.5,flow_west.6,V2V,605.0314451883087,False
92.0,flow_west.5,flow_west.7,V2V,78.99314084384952,False
92.0,flow_west.6,flow_east.6,V2V,89.41120129845827,False
92.0,flow_west.6,flow_east.7,V2V,222.6182278977919,False
92.0,flow_west.6,flow_west.2,V2V,522.3742752077774,False
92.0,flow_west.6,flow_west.4,V2V,350.09329393533494,False
92.0,flow_west.6,flow_west.5,V2V,605.0314451883087,False
92.0,flow_west.6,flow_west.7,V2V,93.46517275655756,False
92.0,flow_west.7,flow_east.6,V2V,990.657304658468,False
92.0,flow_west.7,flow_east.7,V2V,220.53279250085612,False
92.0,flow_west.7,flow_west.2,V2V,74.74049585249229,False
92.0,flow_west.7,flow_west.4,V2V,150.78396165750576,False
92.0,flow_west.7,flow_west.5,V2V,78.99314084384952,False
92.0,flow_west.7,flow_west.6,V2V,93.46517275655756,False
93.0,BS_1,flow_east.6,V2I,413.0031512169344,True
93.0,BS_1,flow_east.7,V2I,617.1446836708177,True
93.0,BS_1,flow_west.2,V2I,300.4724108554143,False
93.0,BS_1,flow_west.4,V2I,490.472282975838,True
93.0,BS_1,flow_west.5,V2I,312.16980846719105,False
93.0,BS_1,flow_west.6,V2I,353.7318932154087,True
93.0,BS_1,flow_west.7,V2I,452.4515965645544,True
93.0,flow_east.6,flow_east.7,V2V,207.43721365681145,False
93.0,flow_east.6,flow_west.2,V2V,67.50521559120682,False
93.0,flow_east.6,flow_west.4,V2V,131.52248776479377,False
93.0,flow_east.6,flow_west.5,V2V,70.92250851693245,False
93.0,flow_east.6,flow_west.6,V2V,83.71712896978838,False
93.0,flow_east.6,flow_west.7,V2V,721.409110622531,False
93.0,flow_east.7,flow_east.6,V2V,207.43721365681145,False
93.0,flow_east.7,flow_west.2,V2V,150.5686674745332,False
93.0,flow_east.7,flow_west.4,V2V,396.15157414274745,False
93.0,flow_east.7,flow_west.5,V2V,161.32089574806133,False
93.0,flow_east.7,flow_west.6,V2V,202.9001002282203,False
93.0,flow_east.7,flow_west.7,V2V,243.91073624352788,False
93.0,flow_west.2,flow_east.6,V2V,67.50521559120682,False
93.0,flow_west.2,flow_east.7,V2V,150.5686674745332,False
93.0,flow_west.2,flow_west.4,V2V,244.1817309509043,False
93.0,flow_west.2,flow_west.5,V2V,926.6281763906796,False
93.0,flow_west.2,flow_west.6,V2V,520.1116439898908,False
93.0,flow_west.2,flow_west.7,V2V,74.87490214776874,False
93.0,flow_west.4,flow_east.6,V2V,131.52248776479377,False
93.0,flow_west.4,flow_east.7,V2V,396.15157414274745,False
93.0,flow_west.4,flow_west.2,V2V,244.1817309509043,False
93.0,flow_west.4,flow_west.5,V2V,265.3806678869849,False
93.0,flow_west.4,flow_west.6,V2V,353.1248525477858,False
93.0,flow_west.4,flow_west.7,V2V,150.5686674745332,False
93.0,flow_west.5,flow_east.6,V2V,70.92250851693245,False
93.0,flow_west.5,flow_east.7,V2V,161.32089574806133,False
93.0,flow_west.5,flow_west.2,V2V,926.6281763906796,True
93.0,flow_west.5,flow_west.4,V2V,265.3806678869849,False
93.0,flow_west.5,flow_west.6,V2V,597.8362774445314,False
93.0,flow_west.5,flow_west.7,V2V,78.85317217006248,False
93.0,flow_west.6,flow_east.6,V2V,83.71712896978838,False
93.0,flow_west.6,flow_east.7,V2V,202.9001002282203,False
93.0,flow_west.6,flow_west.2,V2V,520.1116439898908,False
93.0,flow_west.6,flow_west.4,V2V,353.1248525477858,False
93.0,flow_west.6,flow_west.5,V2V,597.8362774445314,False
93.0,flow_west.6,flow_west.7,V2V,93.78235423865893,False
93.0,flow_west.7,flow_east.6,V2V,721.409110622531,False
93.0,flow_west.7,flow_east.7,V2V,243.91073624352788,False
93.0,flow_west.7,flow_west.2,V2V,74.87490214776874,False
93.0,flow_west.7,flow_west.4,V2V,150.5686674745332,False
93.0,flow_west.7,flow_west.5,V2V,78.85317217006248,False
93.0,flow_west.7,flow_west.6,V2V,93.78235423865893,False
94.0,BS_1,flow_east.6,V2I,402.37803111599413,True
94.0,BS_1,flow_east.7,V2I,623.0428664083857,True
94.0,BS_1,flow_west.4,V2I,476.6883883442734,True
94.0,BS_1,flow_west.5,V2I,304.8437823956721,True
94.0,BS_1,flow_west.6,V2I,345.5575423446339,True
94.0,BS_1,flow_west.7,V2I,465.186697097964,True
94.0,flow_east.6,flow_east.7,V2V,207.9441250896446,False
94.0,flow_east.6,flow_west.4,V2V,121.44064161819212,False
94.0,flow_east.6,flow_west.5,V2V,66.76361059220118,False
94.0,flow_east.6,flow_west.6,V2V,78.57379413404604,False
94.0,flow_east.6,flow_west.7,V2V,586.401449173364,False
94.0,flow_east.7,flow_east.6,V2V,207.9441250896446,False
94.0,flow_east.7,flow_west.4,V2V,347.9748610259778,False
94.0,flow_east.7,flow_west.5,V2V,147.99878257786776,False
94.0,flow_east.7,flow_west.6,V2V,185.219676465199,False
94.0,flow_east.7,flow_west.7,V2V,271.2705156605497,False
94.0,flow_west.4,flow_east.6,V2V,121.44064161819212,False
94.0,flow_west.4,flow_east.7,V2V,347.9748610259778,False
94.0,flow_west.4,flow_west.5,V2V,265.93968670922686,False
94.0,flow_west.4,flow_west.6,V2V,355.25054651230727,False
94.0,flow_west.4,flow_west.7,V2V,150.35354779944518,False
94.0,flow_west.5,flow_east.6,V2V,66.76361059220118,False
94.0,flow_west.5,flow_east.7,V2V,147.99878257786776,False
94.0,flow_west.5,flow_west.4,V2V,265.93968670922686,False
94.0,flow_west.5,flow_west.6,V2V,594.8944494793539,False
94.0,flow_west.5,flow_west.7,V2V,78.99314084384952,False
94.0,flow_west.6,flow_east.6,V2V,78.57379413404604,False
94.0,flow_west.6,flow_east.7,V2V,185.219676465199,False
94.0,flow_west.6,flow_west.4,V2V,355.25054651230727,False
94.0,flow_west.6,flow_west.5,V2V,594.8944494793539,False
94.0,flow_west.6,flow_west.7,V2V,93.94123125185416,False
94.0,flow_west.7,flow_east.6,V2V,586.401449173364,False
94.0,flow_west.7,flow_east.7,V2V,271.2705156605497,False
94.0,flow_west.7,flow_west.4,V2V,150.35354779944518,False
94.0,flow_west.7,flow_west.5,V2V,78.99314084384952,False
94.0,flow_west.7,flow_west.6,V2V,93.94123125185416,False
95.0,BS_1,flow_east.6,V2I,392.1141874815176,True
95.0,BS_1,flow_east.7,V2I,176.67347736439908,True
95.0,BS_1,flow_west.4,V2I,463.2733531797445,True
95.0,BS_1,flow_west.5,V2I,297.2786412302355,True
95.0,BS_1,flow_west.6,V2I,338.02984219621237,True
95.0,BS_1,flow_west.7,V2I,477.96856925173824,True
95.0,flow_east.6,flow_east.7,V2V,208.19778812893543,False
95.0,flow_east.6,flow_west.4,V2V,112.4042095168152,False
95.0,flow_east.6,flow_west.5,V2V,62.798942660751024,False
95.0,flow_east.6,flow_west.6,V2V,73.93792392042515,False
95.0,flow_east.6,flow_west.7,V2V,496.8992107842531,False
95.0,flow_east.7,flow_east.6,V2V,208.19778812893543,False
95.0,flow_east.7,flow_west.4,V2V,308.9402392684795,False
95.0,flow_east.7,flow_west.5,V2V,136.14097273395342,False
95.0,flow_east.7,flow_west.6,V2V,170.16827604304115,False
95.0,flow_east.7,flow_west.7,V2V,302.2187340908274,False
95.0,flow_west.4,flow_east.6,V2V,112.4042095168152,False
95.0,flow_west.4,flow_east.7,V2V,308.9402392684795,False
95.0,flow_west.4,flow_west.5,V2V,265.93968670922686,False
95.0,flow_west.4,flow_west.6,V2V,358.29231163506836,False
95.0,flow_west.4,flow_west.7,V2V,149.92383244713048,False
95.0,flow_west.5,flow_east.6,V2V,62.798942660751024,False
95.0,flow_west.5,flow_east.7,V2V,136.14097273395342,False
95.0,flow_west.5,flow_west.4,V2V,265.93968670922686,False
95.0,flow_west.5,flow_west.6,V2V,587.0544534501622,False
95.0,flow_west.5,flow_west.7,V2V,78.85317217006248,False
95.0,flow_west.6,flow_east.6,V2V,73.93792392042515,False
95.0,flow_west.6,flow_east.7,V2V,170.16827604304115,False
95.0,flow_west.6,flow_west.4,V2V,358.29231163506836,False
95.0,flow_west.6,flow_west.5,V2V,587.0544534501622,False
95.0,flow_west.6,flow_west.7,V2V,94.25955791804286,False
95.0,flow_west.7,flow_east.6,V2V,496.8992107842531,False
95.0,flow_west.7,flow_east.7,V2V,302.2187340908274,False
95.0,flow_west.7,flow_west.4,V2V,149.92383244713048,False
95.0,flow_west.7,flow_west.5,V2V,78.85317217006248,False
95.0,flow_west.7,flow_west.6,V2V,94.25955791804286,False
96.0,BS_1,flow_east.6,V2I,382.51912790959585,True
96.0,BS_1,flow_east.7,V2I,177.1429351712039,True
96.0,BS_1,flow_west.4,V2I,450.2280649274024,True
96.0,BS_1,flow_west.6,V2I,329.94660531236724,True
96.0,BS_1,flow_west.7,V2I,491.4357030047008,True
96.0,flow_east.6,flow_east.7,V2V,208.95960452675857,False
96.0,flow_east.6,flow_west.4,V2V,104.33573852412113,False
96.0,flow_east.6,flow_west.6,V2V,69.51439681237937,False
96.0,flow_east.6,flow_west.7,V2V,430.92108902603775,False
96.0,flow_east.7,flow_east.6,V2V,208.95960452675857,False
96.0,flow_east.7,flow_west.4,V2V,275.5043343054122,False
96.0,flow_east.7,flow_west.6,V2V,156.00306005768846,False
96.0,flow_east.7,flow_west.7,V2V,339.8327773817591,False
96.0,flow_west.4,flow_east.6,V2V,104.33573852412113,False
96.0,flow_west.4,flow_east.7,V2V,275.5043343054122,False
96.0,flow_west.4,flow_west.6,V2V,360.42503502142154,False
96.0,flow_west.4,flow_west.7,V2V,149.70923700614878,False
96.0,flow_west.6,flow_east.6,V2V,69.51439681237937,False
96.0,flow_west.6,flow_east.7,V2V,156.00306005768846,False
96.0,flow_west.6,flow_west.4,V2V,360.42503502142154,False
96.0,flow_west.6,flow_west.7,V2V,94.41900760773112,False
96.0,flow_west.7,flow_east.6,V2V,430.92108902603775,False
96.0,flow_west.7,flow_east.7,V2V,339.8327773817591,False
96.0,flow_west.7,flow_west.4,V2V,149.70923700614878,False
96.0,flow_west.7,flow_west.6,V2V,94.41900760773112,False
97.0,BS_1,flow_east.6,V2I,372.97228192114295,True
97.0,BS_1,flow_east.7,V2I,625.009657602007,True
97.0,BS_1,flow_west.4,V2I,437.2370384945075,True
97.0,BS_1,flow_west.6,V2I,322.8041503885187,True
97.0,BS_1,flow_west.7,V2I,504.3018458585228,True
97.0,flow_east.6,flow_east.7,V2V,209.21381852690465,False
97.0,flow_east.6,flow_west.4,V2V,96.67135779208394,False
97.0,flow_east.6,flow_west.6,V2V,65.66323713919125,False
97.0,flow_east.6,flow_west.7,V2V,378.2015007367229,False
97.0,flow_east.7,flow_east.6,V2V,209.21381852690465,False
97.0,flow_east.7,flow_west.4,V2V,246.62583244808485,False
97.0,flow_east.7,flow_west.6,V2V,143.98167962303626,False
97.0,flow_east.7,flow_west.7,V2V,384.37256498431816,False
97.0,flow_west.4,flow_east.6,V2V,96.67135779208394,False
97.0,flow_west.4,flow_east.7,V2V,246.62583244808485,False
97.0,flow_west.4,flow_west.6,V2V,364.6989293821496,False
97.0,flow_west.4,flow_west.7,V2V,149.06650103414734,False
97.0,flow_west.6,flow_east.6,V2V,65.66323713919125,False
97.0,flow_west.6,flow_east.7,V2V,143.98167962303626,False
97.0,flow_west.6,flow_west.4,V2V,364.6989293821496,False
97.0,flow_west.6,flow_west.7,V2V,94.7384797882536,False
97.0,flow_west.7,flow_east.6,V2V,378.2015007367229,False
97.0,flow_west.7,flow_east.7,V2V,384.37256498431816,False
97.0,flow_west.7,flow_west.4,V2V,149.06650103414734,False
97.0,flow_west.7,flow_west.6,V2V,94.7384797882536,False
98.0,BS_1,flow_east.6,V2I,364.08769182573,True
98.0,BS_1,flow_east.7,V2I,620.4210418951529,True
98.0,BS_1,flow_west.4,V2I,425.2492486565875,True
98.0,BS_1,flow_west.6,V2I,315.9986920243743,True
98.0,BS_1,flow_west.7,V2I,517.8500039432703,True
98.0,flow_east.6,flow_east.7,V2V,209.4681698477862,False
98.0,flow_east.6,flow_west.4,V2V,90.180813799799,False
98.0,flow_east.6,flow_west.6,V2V,62.09865284889688,False
98.0,flow_east.6,flow_west.7,V2V,336.22929752968724,False
98.0,flow_east.7,flow_east.6,V2V,209.4681698477862,False
98.0,flow_east.7,flow_west.4,V2V,223.1408755218506,False
98.0,flow_east.7,flow_west.6,V2V,133.31819557572678,False
98.0,flow_east.7,flow_west.7,V2V,437.5532099284727,False
98.0,flow_west.4,flow_east.6,V2V,90.180813799799,False
98.0,flow_west.4,flow_east.7,V2V,223.1408755218506,False
98.0,flow_west.4,flow_west.6,V2V,368.0647299718096,False
98.0,flow_west.4,flow_west.7,V2V,148.63888684686788,False
98.0,flow_west.6,flow_east.6,V2V,62.09865284889688,False
98.0,flow_west.6,flow_east.7,V2V,133.31819557572678,False
98.0,flow_west.6,flow_west.4,V2V,368.0647299718096,False
98.0,flow_west.6,flow_west.7,V2V,95.05871581503864,False
98.0,flow_west.7,flow_east.6,V2V,336.22929752968724,False
98.0,flow_west.7,flow_east.7,V2V,437.5532099284727,False
98.0,flow_west.7,flow_west.4,V2V,148.63888684686788,False
98.0,flow_west.7,flow_west.6,V2V,95.05871581503864,False
99.0,BS_1,flow_east.6,V2I,354.6429054869848,True
99.0,BS_1,flow_east.7,V2I,613.5418993112947,True
99.0,BS_1,flow_west.4,V2I,413.6296739051722,True
99.0,BS_1,flow_west.6,V2I,309.2334427079288,True
99.0,BS_1,flow_west.7,V2I,532.0821408606605,True
99.0,flow_east.6,flow_east.7,V2V,209.21381852690465,False
99.0,flow_east.6,flow_west.4,V2V,84.15673106809948,False
99.0,flow_east.6,flow_west.6,V2V,58.69061285198565,False
99.0,flow_east.6,flow_west.7,V2V,299.30986198166704,False
99.0,flow_east.7,flow_east.6,V2V,209.21381852690465,False
99.0,flow_east.7,flow_west.4,V2V,202.6493736331694,False
99.0,flow_east.7,flow_west.6,V2V,123.722540103705,False
99.0,flow_east.7,flow_west.7,V2V,507.8464805384609,False
99.0,flow_west.4,flow_east.6,V2V,84.15673106809948,False
99.0,flow_west.4,flow_east.7,V2V,202.6493736331694,False
99.0,flow_west.4,flow_west.6,V2V,371.1303275341448,False
99.0,flow_west.4,flow_west.7,V2V,148.63888684686788,False
99.0,flow_west.6,flow_east.6,V2V,58.69061285198565,False
99.0,flow_west.6,flow_east.7,V2V,123.722540103705,False
99.0,flow_west.6,flow_west.4,V2V,371.1303275341448,False
99.0,flow_west.6,flow_west.7,V2V,95.37971581470896,False
99.0,flow_west.7,flow_east.6,V2V,299.30986198166704,False
99.0,flow_west.7,flow_east.7,V2V,507.8464805384609,False
99.0,flow_west.7,flow_west.4,V2V,148.63888684686788,False
99.0,flow_west.7,flow_west.6,V2V,95.37971581470896,False
