timestamp,vehicle_id,selected_action_type,selected_bs_id,selected_relay_id,accepted,opt_rate_used,truth_rate_mcs_effective,method,objective
0.0,vehicle_0,direct,BS_1,-1,1,148.0,148.0,random,throughput
1.0,vehicle_0,direct,BS_1,-1,1,148.0,148.0,random,throughput
2.0,vehicle_0,direct,BS_1,-1,1,240.0,240.0,random,throughput
3.0,vehicle_0,direct,BS_1,-1,1,240.0,240.0,random,throughput
4.0,vehicle_0,direct,BS_1,-1,1,240.0,240.0,random,throughput
5.0,vehicle_2,direct,BS_1,-1,1,240.0,240.0,random,throughput
5.0,vehicle_1,direct,BS_1,-1,1,240.0,240.0,random,throughput
5.0,vehicle_0,direct,BS_1,-1,1,240.0,240.0,random,throughput
6.0,vehicle_2,direct,BS_1,-1,1,240.0,240.0,random,throughput
6.0,vehicle_1,direct,BS_1,-1,1,240.0,240.0,random,throughput
6.0,vehicle_0,direct,BS_1,-1,1,240.0,240.0,random,throughput
7.0,vehicle_2,direct,BS_1,-1,1,240.0,240.0,random,throughput
7.0,vehicle_1,direct,BS_1,-1,1,240.0,240.0,random,throughput
7.0,vehicle_0,direct,BS_1,-1,1,240.0,240.0,random,throughput
8.0,vehicle_2,direct,BS_1,-1,1,240.0,240.0,random,throughput
8.0,vehicle_1,direct,BS_1,-1,1,240.0,240.0,random,throughput
8.0,vehicle_0,direct,BS_1,-1,1,240.0,240.0,random,throughput
9.0,vehicle_2,direct,BS_1,-1,1,240.0,240.0,random,throughput
9.0,vehicle_1,direct,BS_1,-1,1,240.0,240.0,random,throughput
9.0,vehicle_0,direct,BS_1,-1,1,240.0,240.0,random,throughput
10.0,vehicle_2,relay,BS_1,flow_west.0,1,240.0,240.0,random,throughput
10.0,vehicle_1,relay,BS_1,vehicle_0,1,240.0,240.0,random,throughput
10.0,vehicle_0,relay,BS_1,vehicle_1,1,240.0,240.0,random,throughput
10.0,flow_west.0,relay,BS_1,vehicle_2,1,240.0,240.0,random,throughput
10.0,flow_east.0,relay,BS_1,flow_west.0,1,38.0,38.0,random,throughput
11.0,vehicle_2,relay,BS_1,flow_west.0,1,240.0,240.0,random,throughput
11.0,vehicle_1,relay,BS_1,vehicle_0,1,240.0,240.0,random,throughput
11.0,vehicle_0,relay,BS_1,vehicle_1,1,240.0,240.0,random,throughput
11.0,flow_west.0,relay,BS_1,vehicle_2,1,240.0,240.0,random,throughput
11.0,flow_east.0,relay,BS_1,vehicle_2,1,38.0,38.0,random,throughput
12.0,vehicle_2,relay,BS_1,flow_west.0,1,240.0,240.0,random,throughput
12.0,vehicle_1,relay,BS_1,vehicle_0,1,240.0,240.0,random,throughput
12.0,vehicle_0,relay,BS_1,flow_west.0,1,240.0,240.0,random,throughput
12.0,flow_west.0,relay,BS_1,vehicle_0,1,240.0,240.0,random,throughput
12.0,flow_east.0,relay,BS_1,vehicle_2,1,38.0,38.0,random,throughput
13.0,vehicle_2,relay,BS_1,vehicle_0,1,240.0,240.0,random,throughput
13.0,vehicle_1,relay,BS_1,flow_west.0,1,240.0,240.0,random,throughput
13.0,vehicle_0,relay,BS_1,flow_west.0,1,240.0,240.0,random,throughput
13.0,flow_west.0,relay,BS_1,vehicle_1,1,240.0,240.0,random,throughput
13.0,flow_east.0,relay,BS_1,vehicle_2,1,38.0,38.0,random,throughput
14.0,vehicle_2,relay,BS_1,vehicle_0,1,240.0,240.0,random,throughput
14.0,vehicle_1,relay,BS_1,flow_west.0,1,240.0,240.0,random,throughput
14.0,vehicle_0,relay,BS_1,vehicle_1,1,240.0,240.0,random,throughput
14.0,flow_west.0,relay,BS_1,vehicle_1,1,240.0,240.0,random,throughput
14.0,flow_east.0,relay,BS_1,vehicle_2,1,38.0,38.0,random,throughput
15.0,vehicle_2,relay,BS_1,vehicle_0,1,240.0,240.0,random,throughput
15.0,vehicle_1,relay,BS_1,vehicle_0,1,240.0,240.0,random,throughput
15.0,vehicle_0,relay,BS_1,vehicle_1,1,240.0,240.0,random,throughput
15.0,flow_west.0,relay,BS_1,vehicle_1,1,240.0,240.0,random,throughput
15.0,flow_east.0,relay,BS_1,vehicle_2,1,38.0,38.0,random,throughput
16.0,vehicle_2,relay,BS_1,vehicle_0,1,330.0,330.0,random,throughput
16.0,vehicle_1,relay,BS_1,vehicle_0,1,330.0,330.0,random,throughput
16.0,vehicle_0,relay,BS_1,vehicle_1,1,240.0,240.0,random,throughput
16.0,flow_west.0,relay,BS_1,vehicle_1,1,240.0,240.0,random,throughput
16.0,flow_east.0,relay,BS_1,vehicle_2,1,38.0,38.0,random,throughput
17.0,flow_west.0,relay,BS_1,vehicle_1,1,330.0,330.0,random,throughput
17.0,vehicle_2,relay,BS_1,vehicle_0,1,330.0,330.0,random,throughput
17.0,vehicle_1,relay,BS_1,vehicle_0,1,330.0,330.0,random,throughput
17.0,vehicle_0,relay,BS_1,vehicle_1,1,330.0,330.0,random,throughput
18.0,flow_west.0,relay,BS_1,vehicle_1,1,330.0,330.0,random,throughput
18.0,vehicle_2,relay,BS_1,vehicle_0,1,330.0,330.0,random,throughput
18.0,vehicle_1,relay,BS_1,vehicle_0,1,330.0,330.0,random,throughput
18.0,vehicle_0,relay,BS_1,vehicle_1,1,330.0,330.0,random,throughput
19.0,flow_west.0,relay,BS_1,vehicle_1,1,240.0,240.0,random,throughput
19.0,vehicle_2,relay,BS_1,vehicle_0,1,330.0,330.0,random,throughput
19.0,vehicle_1,relay,BS_1,vehicle_0,1,330.0,330.0,random,throughput
19.0,vehicle_0,relay,BS_1,vehicle_1,1,330.0,330.0,random,throughput
20.0,vehicle_2,direct,BS_1,-1,1,330.0,330.0,random,throughput
20.0,vehicle_1,direct,BS_1,-1,1,330.0,330.0,random,throughput
20.0,vehicle_0,direct,BS_1,-1,1,330.0,330.0,random,throughput
20.0,flow_west.1,direct,BS_1,-1,1,88.0,88.0,random,throughput
20.0,flow_west.0,direct,BS_1,-1,1,240.0,240.0,random,throughput
20.0,flow_east.1,direct,BS_1,-1,1,240.0,240.0,random,throughput
21.0,vehicle_2,direct,BS_1,-1,1,330.0,330.0,random,throughput
21.0,vehicle_1,direct,BS_1,-1,1,330.0,330.0,random,throughput
21.0,vehicle_0,direct,BS_1,-1,1,330.0,330.0,random,throughput
21.0,flow_west.1,direct,BS_1,-1,1,88.0,88.0,random,throughput
21.0,flow_west.0,direct,BS_1,-1,1,240.0,240.0,random,throughput
21.0,flow_east.1,direct,BS_1,-1,1,240.0,240.0,random,throughput
22.0,vehicle_2,direct,BS_1,-1,1,330.0,330.0,random,throughput
22.0,vehicle_1,direct,BS_1,-1,1,330.0,330.0,random,throughput
22.0,vehicle_0,direct,BS_1,-1,1,330.0,330.0,random,throughput
22.0,flow_west.1,direct,BS_1,-1,1,330.0,330.0,random,throughput
22.0,flow_west.0,direct,BS_1,-1,1,240.0,240.0,random,throughput
22.0,flow_east.1,direct,BS_1,-1,1,240.0,240.0,random,throughput
23.0,vehicle_2,direct,BS_1,-1,1,88.0,88.0,random,throughput
23.0,vehicle_1,direct,BS_1,-1,1,330.0,330.0,random,throughput
23.0,vehicle_0,direct,BS_1,-1,1,330.0,330.0,random,throughput
23.0,flow_west.1,direct,BS_1,-1,1,330.0,330.0,random,throughput
23.0,flow_west.0,direct,BS_1,-1,1,148.0,148.0,random,throughput
23.0,flow_east.1,direct,BS_1,-1,1,240.0,240.0,random,throughput
24.0,vehicle_2,direct,BS_1,-1,1,88.0,88.0,random,throughput
24.0,vehicle_1,direct,BS_1,-1,1,330.0,330.0,random,throughput
24.0,vehicle_0,direct,BS_1,-1,1,330.0,330.0,random,throughput
24.0,flow_west.1,direct,BS_1,-1,1,330.0,330.0,random,throughput
24.0,flow_west.0,direct,BS_1,-1,1,148.0,148.0,random,throughput
24.0,flow_east.1,direct,BS_1,-1,1,240.0,240.0,random,throughput
25.0,vehicle_2,direct,BS_1,-1,1,330.0,330.0,random,throughput
25.0,vehicle_1,direct,BS_1,-1,1,330.0,330.0,random,throughput
25.0,vehicle_0,direct,BS_1,-1,1,330.0,330.0,random,throughput
25.0,flow_west.1,direct,BS_1,-1,1,330.0,330.0,random,throughput
25.0,flow_west.0,direct,BS_1,-1,1,240.0,240.0,random,throughput
25.0,flow_east.1,direct,BS_1,-1,1,240.0,240.0,random,throughput
26.0,vehicle_2,direct,BS_1,-1,1,330.0,330.0,random,throughput
26.0,vehicle_1,direct,BS_1,-1,1,330.0,330.0,random,throughput
26.0,vehicle_0,direct,BS_1,-1,1,330.0,330.0,random,throughput
26.0,flow_west.1,direct,BS_1,-1,1,330.0,330.0,random,throughput
26.0,flow_west.0,direct,BS_1,-1,1,240.0,240.0,random,throughput
26.0,flow_east.1,direct,BS_1,-1,1,240.0,240.0,random,throughput
27.0,vehicle_2,direct,BS_1,-1,1,330.0,330.0,random,throughput
27.0,vehicle_1,direct,BS_1,-1,1,330.0,330.0,random,throughput
27.0,vehicle_0,direct,BS_1,-1,1,88.0,88.0,random,throughput
27.0,flow_west.1,direct,BS_1,-1,1,330.0,330.0,random,throughput
27.0,flow_west.0,direct,BS_1,-1,1,240.0,240.0,random,throughput
27.0,flow_east.1,direct,BS_1,-1,1,240.0,240.0,random,throughput
28.0,vehicle_2,relay,BS_1,vehicle_0,1,88.0,88.0,random,throughput
28.0,vehicle_1,relay,BS_1,vehicle_0,1,88.0,88.0,random,throughput
28.0,vehicle_0,relay,BS_1,vehicle_1,1,330.0,330.0,random,throughput
28.0,flow_west.1,relay,BS_1,vehicle_1,1,330.0,330.0,random,throughput
28.0,flow_east.1,relay,BS_1,flow_west.1,1,148.0,148.0,random,throughput
29.0,vehicle_2,relay,BS_1,vehicle_0,1,88.0,88.0,random,throughput
29.0,vehicle_1,relay,BS_1,vehicle_0,1,88.0,88.0,random,throughput
29.0,vehicle_0,relay,BS_1,vehicle_1,1,330.0,330.0,random,throughput
29.0,flow_west.1,relay,BS_1,vehicle_1,1,330.0,330.0,random,throughput
29.0,flow_east.1,relay,BS_1,flow_west.1,1,240.0,240.0,random,throughput
30.0,vehicle_2,direct,BS_1,-1,1,330.0,330.0,random,throughput
30.0,flow_west.2,direct,BS_1,-1,1,148.0,148.0,random,throughput
30.0,vehicle_1,direct,BS_1,-1,1,330.0,330.0,random,throughput
30.0,vehicle_0,direct,BS_1,-1,1,330.0,330.0,random,throughput
30.0,flow_west.1,direct,BS_1,-1,1,330.0,330.0,random,throughput
30.0,flow_east.1,direct,BS_1,-1,1,240.0,240.0,random,throughput
30.0,flow_east.2,direct,BS_1,-1,1,330.0,330.0,random,throughput
31.0,vehicle_2,direct,BS_1,-1,1,330.0,330.0,random,throughput
31.0,flow_west.2,direct,BS_1,-1,1,148.0,148.0,random,throughput
31.0,vehicle_1,direct,BS_1,-1,1,88.0,88.0,random,throughput
31.0,vehicle_0,direct,BS_1,-1,1,330.0,330.0,random,throughput
31.0,flow_west.1,direct,BS_1,-1,1,330.0,330.0,random,throughput
31.0,flow_east.1,direct,BS_1,-1,1,240.0,240.0,random,throughput
31.0,flow_east.2,direct,BS_1,-1,1,330.0,330.0,random,throughput
32.0,vehicle_2,direct,BS_1,-1,1,330.0,330.0,random,throughput
32.0,flow_west.2,direct,BS_1,-1,1,148.0,148.0,random,throughput
32.0,vehicle_1,direct,BS_1,-1,1,88.0,88.0,random,throughput
32.0,vehicle_0,direct,BS_1,-1,1,330.0,330.0,random,throughput
32.0,flow_west.1,direct,BS_1,-1,1,330.0,330.0,random,throughput
32.0,flow_east.1,direct,BS_1,-1,1,240.0,240.0,random,throughput
32.0,flow_east.2,direct,BS_1,-1,1,330.0,330.0,random,throughput
33.0,vehicle_2,direct,BS_1,-1,1,330.0,330.0,random,throughput
33.0,flow_west.2,direct,BS_1,-1,1,148.0,148.0,random,throughput
33.0,vehicle_1,direct,BS_1,-1,1,330.0,330.0,random,throughput
33.0,vehicle_0,direct,BS_1,-1,1,330.0,330.0,random,throughput
33.0,flow_west.1,direct,BS_1,-1,1,330.0,330.0,random,throughput
33.0,flow_east.1,direct,BS_1,-1,1,240.0,240.0,random,throughput
33.0,flow_east.2,direct,BS_1,-1,1,330.0,330.0,random,throughput
34.0,vehicle_2,direct,BS_1,-1,1,330.0,330.0,random,throughput
34.0,flow_west.2,direct,BS_1,-1,1,240.0,240.0,random,throughput
34.0,vehicle_1,direct,BS_1,-1,1,330.0,330.0,random,throughput
34.0,vehicle_0,direct,BS_1,-1,1,330.0,330.0,random,throughput
34.0,flow_west.1,direct,BS_1,-1,1,330.0,330.0,random,throughput
34.0,flow_east.1,direct,BS_1,-1,1,240.0,240.0,random,throughput
34.0,flow_east.2,direct,BS_1,-1,1,330.0,330.0,random,throughput
35.0,vehicle_2,direct,BS_1,-1,1,330.0,330.0,random,throughput
35.0,flow_west.2,direct,BS_1,-1,1,240.0,240.0,random,throughput
35.0,vehicle_1,direct,BS_1,-1,1,330.0,330.0,random,throughput
35.0,vehicle_0,direct,BS_1,-1,1,330.0,330.0,random,throughput
35.0,flow_west.1,direct,BS_1,-1,1,240.0,240.0,random,throughput
35.0,flow_east.1,direct,BS_1,-1,1,240.0,240.0,random,throughput
35.0,flow_east.2,direct,BS_1,-1,1,330.0,330.0,random,throughput
36.0,vehicle_2,direct,BS_1,-1,1,240.0,240.0,random,throughput
36.0,flow_west.2,direct,BS_1,-1,1,240.0,240.0,random,throughput
36.0,vehicle_1,direct,BS_1,-1,1,330.0,330.0,random,throughput
36.0,vehicle_0,direct,BS_1,-1,1,330.0,330.0,random,throughput
36.0,flow_west.1,direct,BS_1,-1,1,240.0,240.0,random,throughput
36.0,flow_east.1,direct,BS_1,-1,1,240.0,240.0,random,throughput
36.0,flow_east.2,direct,BS_1,-1,1,330.0,330.0,random,throughput
37.0,vehicle_2,direct,BS_1,-1,1,240.0,240.0,random,throughput
37.0,flow_west.2,direct,BS_1,-1,1,240.0,240.0,random,throughput
37.0,vehicle_1,direct,BS_1,-1,1,330.0,330.0,random,throughput
37.0,vehicle_0,direct,BS_1,-1,1,330.0,330.0,random,throughput
37.0,flow_west.1,direct,BS_1,-1,1,240.0,240.0,random,throughput
37.0,flow_east.1,direct,BS_1,-1,1,240.0,240.0,random,throughput
37.0,flow_east.2,direct,BS_1,-1,1,240.0,240.0,random,throughput
38.0,vehicle_2,direct,BS_1,-1,1,240.0,240.0,random,throughput
38.0,flow_west.2,direct,BS_1,-1,1,240.0,240.0,random,throughput
38.0,vehicle_1,direct,BS_1,-1,1,330.0,330.0,random,throughput
38.0,vehicle_0,direct,BS_1,-1,1,330.0,330.0,random,throughput
38.0,flow_west.1,direct,BS_1,-1,1,240.0,240.0,random,throughput
38.0,flow_east.1,direct,BS_1,-1,1,240.0,240.0,random,throughput
38.0,flow_east.2,direct,BS_1,-1,1,240.0,240.0,random,throughput
39.0,vehicle_2,direct,BS_1,-1,1,240.0,240.0,random,throughput
39.0,flow_west.2,direct,BS_1,-1,1,240.0,240.0,random,throughput
39.0,vehicle_1,direct,BS_1,-1,1,330.0,330.0,random,throughput
39.0,vehicle_0,direct,BS_1,-1,1,330.0,330.0,random,throughput
39.0,flow_west.1,direct,BS_1,-1,1,240.0,240.0,random,throughput
39.0,flow_east.1,direct,BS_1,-1,1,240.0,240.0,random,throughput
39.0,flow_east.2,direct,BS_1,-1,1,240.0,240.0,random,throughput
40.0,vehicle_2,direct,BS_1,-1,1,240.0,240.0,random,throughput
40.0,flow_west.2,direct,BS_1,-1,1,240.0,240.0,random,throughput
40.0,vehicle_1,direct,BS_1,-1,1,330.0,330.0,random,throughput
40.0,vehicle_0,direct,BS_1,-1,1,240.0,240.0,random,throughput
40.0,flow_west.1,direct,BS_1,-1,1,240.0,240.0,random,throughput
40.0,flow_east.1,direct,BS_1,-1,1,330.0,330.0,random,throughput
40.0,flow_west.3,direct,BS_1,-1,1,240.0,240.0,random,throughput
40.0,flow_east.2,direct,BS_1,-1,1,240.0,240.0,random,throughput
41.0,vehicle_2,direct,BS_1,-1,1,240.0,240.0,random,throughput
41.0,flow_west.2,direct,BS_1,-1,1,240.0,240.0,random,throughput
41.0,vehicle_1,direct,BS_1,-1,1,330.0,330.0,random,throughput
41.0,vehicle_0,direct,BS_1,-1,1,240.0,240.0,random,throughput
41.0,flow_east.3,direct,BS_1,-1,1,330.0,330.0,random,throughput
41.0,flow_west.1,direct,BS_1,-1,1,240.0,240.0,random,throughput
41.0,flow_east.1,direct,BS_1,-1,1,330.0,330.0,random,throughput
41.0,flow_west.3,direct,BS_1,-1,1,240.0,240.0,random,throughput
41.0,flow_east.2,direct,BS_1,-1,1,240.0,240.0,random,throughput
42.0,vehicle_2,direct,BS_1,-1,1,240.0,240.0,random,throughput
42.0,flow_west.2,direct,BS_1,-1,1,240.0,240.0,random,throughput
42.0,vehicle_1,direct,BS_1,-1,1,330.0,330.0,random,throughput
42.0,vehicle_0,direct,BS_1,-1,1,240.0,240.0,random,throughput
42.0,flow_east.3,direct,BS_1,-1,1,330.0,330.0,random,throughput
42.0,flow_west.1,direct,BS_1,-1,1,240.0,240.0,random,throughput
42.0,flow_east.1,direct,BS_1,-1,1,330.0,330.0,random,throughput
42.0,flow_west.3,direct,BS_1,-1,1,240.0,240.0,random,throughput
42.0,flow_east.2,direct,BS_1,-1,1,240.0,240.0,random,throughput
43.0,vehicle_2,direct,BS_1,-1,1,240.0,240.0,random,throughput
43.0,flow_west.2,direct,BS_1,-1,1,240.0,240.0,random,throughput
43.0,vehicle_1,direct,BS_1,-1,1,330.0,330.0,random,throughput
43.0,vehicle_0,direct,BS_1,-1,1,240.0,240.0,random,throughput
43.0,flow_east.3,direct,BS_1,-1,1,330.0,330.0,random,throughput
43.0,flow_west.1,direct,BS_1,-1,1,240.0,240.0,random,throughput
43.0,flow_east.1,direct,BS_1,-1,1,330.0,330.0,random,throughput
43.0,flow_west.3,direct,BS_1,-1,1,240.0,240.0,random,throughput
43.0,flow_east.2,direct,BS_1,-1,1,240.0,240.0,random,throughput
44.0,vehicle_2,direct,BS_1,-1,1,240.0,240.0,random,throughput
44.0,flow_west.2,direct,BS_1,-1,1,240.0,240.0,random,throughput
44.0,vehicle_1,direct,BS_1,-1,1,240.0,240.0,random,throughput
44.0,vehicle_0,direct,BS_1,-1,1,240.0,240.0,random,throughput
44.0,flow_east.3,direct,BS_1,-1,1,330.0,330.0,random,throughput
44.0,flow_west.1,direct,BS_1,-1,1,240.0,240.0,random,throughput
44.0,flow_east.1,direct,BS_1,-1,1,330.0,330.0,random,throughput
44.0,flow_west.3,direct,BS_1,-1,1,240.0,240.0,random,throughput
44.0,flow_east.2,direct,BS_1,-1,1,240.0,240.0,random,throughput
45.0,vehicle_2,direct,BS_1,-1,1,240.0,240.0,random,throughput
45.0,flow_west.2,direct,BS_1,-1,1,240.0,240.0,random,throughput
45.0,vehicle_1,direct,BS_1,-1,1,240.0,240.0,random,throughput
45.0,vehicle_0,direct,BS_1,-1,1,240.0,240.0,random,throughput
45.0,flow_east.3,direct,BS_1,-1,1,330.0,330.0,random,throughput
45.0,flow_west.1,direct,BS_1,-1,1,240.0,240.0,random,throughput
45.0,flow_east.1,direct,BS_1,-1,1,330.0,330.0,random,throughput
45.0,flow_west.3,direct,BS_1,-1,1,330.0,330.0,random,throughput
45.0,flow_east.2,direct,BS_1,-1,1,240.0,240.0,random,throughput
46.0,vehicle_2,direct,BS_1,-1,1,240.0,240.0,random,throughput
46.0,flow_west.2,direct,BS_1,-1,1,240.0,240.0,random,throughput
46.0,vehicle_1,direct,BS_1,-1,1,240.0,240.0,random,throughput
46.0,vehicle_0,direct,BS_1,-1,1,240.0,240.0,random,throughput
46.0,flow_east.3,direct,BS_1,-1,1,330.0,330.0,random,throughput
46.0,flow_west.1,direct,BS_1,-1,1,240.0,240.0,random,throughput
46.0,flow_east.1,direct,BS_1,-1,1,330.0,330.0,random,throughput
46.0,flow_west.3,direct,BS_1,-1,1,330.0,330.0,random,throughput
46.0,flow_east.2,direct,BS_1,-1,1,240.0,240.0,random,throughput
47.0,vehicle_2,direct,BS_1,-1,1,240.0,240.0,random,throughput
47.0,flow_west.2,direct,BS_1,-1,1,240.0,240.0,random,throughput
47.0,vehicle_1,direct,BS_1,-1,1,240.0,240.0,random,throughput
47.0,vehicle_0,direct,BS_1,-1,1,240.0,240.0,random,throughput
47.0,flow_east.3,direct,BS_1,-1,1,330.0,330.0,random,throughput
47.0,flow_west.1,direct,BS_1,-1,1,148.0,148.0,random,throughput
47.0,flow_east.1,direct,BS_1,-1,1,330.0,330.0,random,throughput
47.0,flow_west.3,direct,BS_1,-1,1,330.0,330.0,random,throughput
47.0,flow_east.2,direct,BS_1,-1,1,240.0,240.0,random,throughput
48.0,vehicle_2,direct,BS_1,-1,1,240.0,240.0,random,throughput
48.0,flow_west.2,direct,BS_1,-1,1,240.0,240.0,random,throughput
48.0,vehicle_1,direct,BS_1,-1,1,240.0,240.0,random,throughput
48.0,vehicle_0,direct,BS_1,-1,1,240.0,240.0,random,throughput
48.0,flow_east.3,direct,BS_1,-1,1,330.0,330.0,random,throughput
48.0,flow_west.1,direct,BS_1,-1,1,240.0,240.0,random,throughput
48.0,flow_east.1,direct,BS_1,-1,1,330.0,330.0,random,throughput
48.0,flow_west.3,direct,BS_1,-1,1,330.0,330.0,random,throughput
48.0,flow_east.2,direct,BS_1,-1,1,240.0,240.0,random,throughput
49.0,vehicle_2,direct,BS_1,-1,1,148.0,148.0,random,throughput
49.0,flow_west.2,direct,BS_1,-1,1,330.0,330.0,random,throughput
49.0,vehicle_1,direct,BS_1,-1,1,240.0,240.0,random,throughput
49.0,vehicle_0,direct,BS_1,-1,1,240.0,240.0,random,throughput
49.0,flow_east.3,direct,BS_1,-1,1,330.0,330.0,random,throughput
49.0,flow_west.1,direct,BS_1,-1,1,240.0,240.0,random,throughput
49.0,flow_east.1,direct,BS_1,-1,1,330.0,330.0,random,throughput
49.0,flow_west.3,direct,BS_1,-1,1,330.0,330.0,random,throughput
49.0,flow_east.2,direct,BS_1,-1,1,240.0,240.0,random,throughput
50.0,vehicle_2,direct,BS_1,-1,1,148.0,148.0,random,throughput
50.0,flow_west.2,direct,BS_1,-1,1,330.0,330.0,random,throughput
50.0,vehicle_1,direct,BS_1,-1,1,240.0,240.0,random,throughput
50.0,flow_east.4,direct,BS_1,-1,1,240.0,240.0,random,throughput
50.0,flow_west.4,direct,BS_1,-1,1,148.0,148.0,random,throughput
50.0,vehicle_0,direct,BS_1,-1,1,240.0,240.0,random,throughput
50.0,flow_east.3,none,-1,-1,0,0.0,0.0,random,throughput
50.0,flow_west.1,direct,BS_1,-1,1,240.0,240.0,random,throughput
50.0,flow_east.1,direct,BS_1,-1,1,330.0,330.0,random,throughput
50.0,flow_west.3,direct,BS_1,-1,1,330.0,330.0,random,throughput
50.0,flow_east.2,direct,BS_1,-1,1,240.0,240.0,random,throughput
51.0,vehicle_2,direct,BS_1,-1,1,148.0,148.0,random,throughput
51.0,flow_west.2,direct,BS_1,-1,1,330.0,330.0,random,throughput
51.0,vehicle_1,direct,BS_1,-1,1,240.0,240.0,random,throughput
51.0,flow_east.4,direct,BS_1,-1,1,240.0,240.0,random,throughput
51.0,flow_west.4,direct,BS_1,-1,1,148.0,148.0,random,throughput
51.0,vehicle_0,direct,BS_1,-1,1,240.0,240.0,random,throughput
51.0,flow_east.3,direct,BS_1,-1,1,330.0,330.0,random,throughput
51.0,flow_west.1,none,-1,-1,0,0.0,0.0,random,throughput
51.0,flow_east.1,direct,BS_1,-1,1,330.0,330.0,random,throughput
51.0,flow_west.3,direct,BS_1,-1,1,330.0,330.0,random,throughput
51.0,flow_east.2,direct,BS_1,-1,1,240.0,240.0,random,throughput
52.0,vehicle_2,direct,BS_1,-1,1,148.0,148.0,random,throughput
52.0,flow_west.2,direct,BS_1,-1,1,330.0,330.0,random,throughput
52.0,vehicle_1,direct,BS_1,-1,1,240.0,240.0,random,throughput
52.0,flow_east.4,direct,BS_1,-1,1,240.0,240.0,random,throughput
52.0,flow_west.4,direct,BS_1,-1,1,148.0,148.0,random,throughput
52.0,vehicle_0,direct,BS_1,-1,1,240.0,240.0,random,throughput
52.0,flow_east.3,direct,BS_1,-1,1,240.0,240.0,random,throughput
52.0,flow_east.1,direct,BS_1,-1,1,330.0,330.0,random,throughput
52.0,flow_west.3,direct,BS_1,-1,1,330.0,330.0,random,throughput
52.0,flow_east.2,direct,BS_1,-1,1,148.0,148.0,random,throughput
53.0,vehicle_2,direct,BS_1,-1,1,148.0,148.0,random,throughput
53.0,flow_west.2,direct,BS_1,-1,1,330.0,330.0,random,throughput
53.0,vehicle_1,direct,BS_1,-1,1,240.0,240.0,random,throughput
53.0,flow_east.4,direct,BS_1,-1,1,240.0,240.0,random,throughput
53.0,flow_west.4,direct,BS_1,-1,1,148.0,148.0,random,throughput
53.0,vehicle_0,direct,BS_1,-1,1,240.0,240.0,random,throughput
53.0,flow_east.3,direct,BS_1,-1,1,240.0,240.0,random,throughput
53.0,flow_east.1,direct,BS_1,-1,1,88.0,88.0,random,throughput
53.0,flow_west.3,direct,BS_1,-1,1,330.0,330.0,random,throughput
53.0,flow_east.2,direct,BS_1,-1,1,148.0,148.0,random,throughput
54.0,vehicle_2,direct,BS_1,-1,1,148.0,148.0,random,throughput
54.0,flow_west.2,direct,BS_1,-1,1,330.0,330.0,random,throughput
54.0,vehicle_1,direct,BS_1,-1,1,240.0,240.0,random,throughput
54.0,flow_east.4,direct,BS_1,-1,1,240.0,240.0,random,throughput
54.0,flow_west.4,direct,BS_1,-1,1,148.0,148.0,random,throughput
54.0,vehicle_0,direct,BS_1,-1,1,148.0,148.0,random,throughput
54.0,flow_east.3,direct,BS_1,-1,1,240.0,240.0,random,throughput
54.0,flow_east.1,direct,BS_1,-1,1,88.0,88.0,random,throughput
54.0,flow_west.3,direct,BS_1,-1,1,330.0,330.0,random,throughput
54.0,flow_east.2,direct,BS_1,-1,1,148.0,148.0,random,throughput
55.0,vehicle_2,direct,BS_1,-1,1,148.0,148.0,random,throughput
55.0,flow_west.2,direct,BS_1,-1,1,330.0,330.0,random,throughput
55.0,vehicle_1,direct,BS_1,-1,1,240.0,240.0,random,throughput
55.0,flow_east.4,direct,BS_1,-1,1,240.0,240.0,random,throughput
55.0,flow_west.4,direct,BS_1,-1,1,148.0,148.0,random,throughput
55.0,vehicle_0,direct,BS_1,-1,1,148.0,148.0,random,throughput
55.0,flow_east.3,direct,BS_1,-1,1,240.0,240.0,random,throughput
55.0,flow_east.1,direct,BS_1,-1,1,88.0,88.0,random,throughput
55.0,flow_west.3,direct,BS_1,-1,1,88.0,88.0,random,throughput
55.0,flow_east.2,direct,BS_1,-1,1,148.0,148.0,random,throughput
56.0,flow_west.2,direct,BS_1,-1,1,330.0,330.0,random,throughput
56.0,vehicle_1,direct,BS_1,-1,1,240.0,240.0,random,throughput
56.0,flow_east.4,direct,BS_1,-1,1,240.0,240.0,random,throughput
56.0,flow_west.4,direct,BS_1,-1,1,240.0,240.0,random,throughput
56.0,vehicle_0,direct,BS_1,-1,1,148.0,148.0,random,throughput
56.0,flow_east.3,direct,BS_1,-1,1,240.0,240.0,random,throughput
56.0,flow_east.1,direct,BS_1,-1,1,330.0,330.0,random,throughput
56.0,flow_west.3,direct,BS_1,-1,1,88.0,88.0,random,throughput
56.0,flow_east.2,direct,BS_1,-1,1,148.0,148.0,random,throughput
57.0,flow_west.2,direct,BS_1,-1,1,330.0,330.0,random,throughput
57.0,vehicle_1,direct,BS_1,-1,1,240.0,240.0,random,throughput
57.0,flow_east.4,direct,BS_1,-1,1,240.0,240.0,random,throughput
57.0,flow_west.4,direct,BS_1,-1,1,240.0,240.0,random,throughput
57.0,vehicle_0,direct,BS_1,-1,1,148.0,148.0,random,throughput
57.0,flow_east.3,direct,BS_1,-1,1,240.0,240.0,random,throughput
57.0,flow_east.1,direct,BS_1,-1,1,330.0,330.0,random,throughput
57.0,flow_west.3,direct,BS_1,-1,1,330.0,330.0,random,throughput
57.0,flow_east.2,direct,BS_1,-1,1,148.0,148.0,random,throughput
58.0,flow_west.2,direct,BS_1,-1,1,330.0,330.0,random,throughput
58.0,vehicle_1,direct,BS_1,-1,1,148.0,148.0,random,throughput
58.0,flow_east.4,direct,BS_1,-1,1,240.0,240.0,random,throughput
58.0,flow_west.4,direct,BS_1,-1,1,240.0,240.0,random,throughput
58.0,vehicle_0,direct,BS_1,-1,1,148.0,148.0,random,throughput
58.0,flow_east.3,direct,BS_1,-1,1,240.0,240.0,random,throughput
58.0,flow_east.1,direct,BS_1,-1,1,330.0,330.0,random,throughput
58.0,flow_west.3,direct,BS_1,-1,1,330.0,330.0,random,throughput
58.0,flow_east.2,direct,BS_1,-1,1,148.0,148.0,random,throughput
59.0,flow_west.2,direct,BS_1,-1,1,330.0,330.0,random,throughput
59.0,vehicle_1,direct,BS_1,-1,1,148.0,148.0,random,throughput
59.0,flow_east.4,direct,BS_1,-1,1,240.0,240.0,random,throughput
59.0,flow_west.4,direct,BS_1,-1,1,240.0,240.0,random,throughput
59.0,vehicle_0,direct,BS_1,-1,1,148.0,148.0,random,throughput
59.0,flow_east.3,direct,BS_1,-1,1,240.0,240.0,random,throughput
59.0,flow_east.1,direct,BS_1,-1,1,330.0,330.0,random,throughput
59.0,flow_west.3,direct,BS_1,-1,1,330.0,330.0,random,throughput
59.0,flow_east.2,direct,BS_1,-1,1,148.0,148.0,random,throughput
60.0,flow_west.2,direct,BS_1,-1,1,88.0,88.0,random,throughput
60.0,vehicle_1,direct,BS_1,-1,1,148.0,148.0,random,throughput
60.0,flow_east.4,direct,BS_1,-1,1,148.0,148.0,random,throughput
60.0,flow_west.4,direct,BS_1,-1,1,240.0,240.0,random,throughput
60.0,vehicle_0,direct,BS_1,-1,1,148.0,148.0,random,throughput
60.0,flow_east.3,direct,BS_1,-1,1,240.0,240.0,random,throughput
60.0,flow_west.5,direct,BS_1,-1,1,330.0,330.0,random,throughput
60.0,flow_east.1,direct,BS_1,-1,1,330.0,330.0,random,throughput
60.0,flow_east.5,direct,BS_1,-1,1,330.0,330.0,random,throughput
60.0,flow_west.3,direct,BS_1,-1,1,330.0,330.0,random,throughput
61.0,flow_west.2,direct,BS_1,-1,1,88.0,88.0,random,throughput
61.0,vehicle_1,direct,BS_1,-1,1,148.0,148.0,random,throughput
61.0,flow_east.4,direct,BS_1,-1,1,148.0,148.0,random,throughput
61.0,flow_west.4,direct,BS_1,-1,1,240.0,240.0,random,throughput
61.0,flow_east.3,direct,BS_1,-1,1,240.0,240.0,random,throughput
61.0,flow_west.5,direct,BS_1,-1,1,330.0,330.0,random,throughput
61.0,flow_east.1,direct,BS_1,-1,1,330.0,330.0,random,throughput
61.0,flow_east.5,direct,BS_1,-1,1,240.0,240.0,random,throughput
61.0,flow_west.3,direct,BS_1,-1,1,330.0,330.0,random,throughput
62.0,flow_west.2,direct,BS_1,-1,1,330.0,330.0,random,throughput
62.0,vehicle_1,direct,BS_1,-1,1,148.0,148.0,random,throughput
62.0,flow_east.4,direct,BS_1,-1,1,148.0,148.0,random,throughput
62.0,flow_west.4,direct,BS_1,-1,1,240.0,240.0,random,throughput
62.0,flow_east.3,direct,BS_1,-1,1,240.0,240.0,random,throughput
62.0,flow_west.5,direct,BS_1,-1,1,88.0,88.0,random,throughput
62.0,flow_east.1,direct,BS_1,-1,1,330.0,330.0,random,throughput
62.0,flow_east.5,direct,BS_1,-1,1,240.0,240.0,random,throughput
62.0,flow_west.3,direct,BS_1,-1,1,330.0,330.0,random,throughput
63.0,flow_west.2,direct,BS_1,-1,1,330.0,330.0,random,throughput
63.0,vehicle_1,direct,BS_1,-1,1,148.0,148.0,random,throughput
63.0,flow_east.4,direct,BS_1,-1,1,148.0,148.0,random,throughput
63.0,flow_west.4,direct,BS_1,-1,1,240.0,240.0,random,throughput
63.0,flow_east.3,direct,BS_1,-1,1,240.0,240.0,random,throughput
63.0,flow_west.5,direct,BS_1,-1,1,88.0,88.0,random,throughput
63.0,flow_east.1,direct,BS_1,-1,1,330.0,330.0,random,throughput
63.0,flow_east.5,direct,BS_1,-1,1,240.0,240.0,random,throughput
63.0,flow_west.3,direct,BS_1,-1,1,330.0,330.0,random,throughput
64.0,flow_west.2,direct,BS_1,-1,1,330.0,330.0,random,throughput
64.0,vehicle_1,direct,BS_1,-1,1,148.0,148.0,random,throughput
64.0,flow_east.4,direct,BS_1,-1,1,148.0,148.0,random,throughput
64.0,flow_west.4,direct,BS_1,-1,1,240.0,240.0,random,throughput
64.0,flow_east.3,direct,BS_1,-1,1,240.0,240.0,random,throughput
64.0,flow_west.5,direct,BS_1,-1,1,330.0,330.0,random,throughput
64.0,flow_east.1,direct,BS_1,-1,1,330.0,330.0,random,throughput
64.0,flow_east.5,direct,BS_1,-1,1,240.0,240.0,random,throughput
64.0,flow_west.3,direct,BS_1,-1,1,330.0,330.0,random,throughput
65.0,flow_west.2,direct,BS_1,-1,1,330.0,330.0,random,throughput
65.0,flow_east.4,direct,BS_1,-1,1,148.0,148.0,random,throughput
65.0,flow_west.4,direct,BS_1,-1,1,240.0,240.0,random,throughput
65.0,flow_east.3,direct,BS_1,-1,1,240.0,240.0,random,throughput
65.0,flow_west.5,direct,BS_1,-1,1,330.0,330.0,random,throughput
65.0,flow_east.1,direct,BS_1,-1,1,330.0,330.0,random,throughput
65.0,flow_east.5,direct,BS_1,-1,1,240.0,240.0,random,throughput
65.0,flow_west.3,direct,BS_1,-1,1,330.0,330.0,random,throughput
66.0,flow_west.2,direct,BS_1,-1,1,330.0,330.0,random,throughput
66.0,flow_east.4,direct,BS_1,-1,1,148.0,148.0,random,throughput
66.0,flow_west.4,direct,BS_1,-1,1,240.0,240.0,random,throughput
66.0,flow_east.3,direct,BS_1,-1,1,240.0,240.0,random,throughput
66.0,flow_west.5,direct,BS_1,-1,1,330.0,330.0,random,throughput
66.0,flow_east.1,direct,BS_1,-1,1,330.0,330.0,random,throughput
66.0,flow_east.5,direct,BS_1,-1,1,240.0,240.0,random,throughput
66.0,flow_west.3,direct,BS_1,-1,1,330.0,330.0,random,throughput
67.0,flow_west.2,direct,BS_1,-1,1,330.0,330.0,random,throughput
67.0,flow_west.4,direct,BS_1,-1,1,240.0,240.0,random,throughput
67.0,flow_east.3,direct,BS_1,-1,1,148.0,148.0,random,throughput
67.0,flow_west.5,direct,BS_1,-1,1,330.0,330.0,random,throughput
67.0,flow_east.1,direct,BS_1,-1,1,330.0,330.0,random,throughput
67.0,flow_east.5,direct,BS_1,-1,1,240.0,240.0,random,throughput
67.0,flow_west.3,direct,BS_1,-1,1,330.0,330.0,random,throughput
68.0,flow_west.2,direct,BS_1,-1,1,330.0,330.0,random,throughput
68.0,flow_west.4,direct,BS_1,-1,1,240.0,240.0,random,throughput
68.0,flow_east.3,direct,BS_1,-1,1,148.0,148.0,random,throughput
68.0,flow_west.5,direct,BS_1,-1,1,330.0,330.0,random,throughput
68.0,flow_east.1,direct,BS_1,-1,1,330.0,330.0,random,throughput
68.0,flow_east.5,direct,BS_1,-1,1,240.0,240.0,random,throughput
68.0,flow_west.3,direct,BS_1,-1,1,330.0,330.0,random,throughput
69.0,flow_west.2,direct,BS_1,-1,1,330.0,330.0,random,throughput
69.0,flow_west.4,direct,BS_1,-1,1,240.0,240.0,random,throughput
69.0,flow_east.3,direct,BS_1,-1,1,148.0,148.0,random,throughput
69.0,flow_west.5,direct,BS_1,-1,1,330.0,330.0,random,throughput
69.0,flow_east.1,direct,BS_1,-1,1,240.0,240.0,random,throughput
69.0,flow_east.5,direct,BS_1,-1,1,240.0,240.0,random,throughput
69.0,flow_west.3,direct,BS_1,-1,1,240.0,240.0,random,throughput
70.0,flow_west.2,direct,BS_1,-1,1,330.0,330.0,random,throughput
70.0,flow_west.6,direct,BS_1,-1,1,330.0,330.0,random,throughput
70.0,flow_west.4,direct,BS_1,-1,1,330.0,330.0,random,throughput
70.0,flow_east.3,direct,BS_1,-1,1,148.0,148.0,random,throughput
70.0,flow_east.6,direct,BS_1,-1,1,330.0,330.0,random,throughput
70.0,flow_west.5,direct,BS_1,-1,1,330.0,330.0,random,throughput
70.0,flow_east.1,direct,BS_1,-1,1,240.0,240.0,random,throughput
70.0,flow_east.5,direct,BS_1,-1,1,240.0,240.0,random,throughput
70.0,flow_west.3,direct,BS_1,-1,1,240.0,240.0,random,throughput
71.0,flow_west.2,direct,BS_1,-1,1,330.0,330.0,random,throughput
71.0,flow_west.6,direct,BS_1,-1,1,330.0,330.0,random,throughput
71.0,flow_west.4,direct,BS_1,-1,1,330.0,330.0,random,throughput
71.0,flow_east.3,direct,BS_1,-1,1,148.0,148.0,random,throughput
71.0,flow_east.6,direct,BS_1,-1,1,330.0,330.0,random,throughput
71.0,flow_west.5,direct,BS_1,-1,1,330.0,330.0,random,throughput
71.0,flow_east.1,direct,BS_1,-1,1,240.0,240.0,random,throughput
71.0,flow_east.5,direct,BS_1,-1,1,240.0,240.0,random,throughput
71.0,flow_west.3,direct,BS_1,-1,1,240.0,240.0,random,throughput
72.0,flow_west.2,direct,BS_1,-1,1,330.0,330.0,random,throughput
72.0,flow_west.6,direct,BS_1,-1,1,330.0,330.0,random,throughput
72.0,flow_west.4,direct,BS_1,-1,1,330.0,330.0,random,throughput
72.0,flow_east.3,direct,BS_1,-1,1,148.0,148.0,random,throughput
72.0,flow_east.6,direct,BS_1,-1,1,330.0,330.0,random,throughput
72.0,flow_west.5,direct,BS_1,-1,1,330.0,330.0,random,throughput
72.0,flow_east.1,direct,BS_1,-1,1,240.0,240.0,random,throughput
72.0,flow_east.5,direct,BS_1,-1,1,240.0,240.0,random,throughput
72.0,flow_west.3,direct,BS_1,-1,1,240.0,240.0,random,throughput
73.0,flow_west.2,direct,BS_1,-1,1,330.0,330.0,random,throughput
73.0,flow_west.6,direct,BS_1,-1,1,330.0,330.0,random,throughput
73.0,flow_west.4,direct,BS_1,-1,1,330.0,330.0,random,throughput
73.0,flow_east.3,direct,BS_1,-1,1,148.0,148.0,random,throughput
73.0,flow_east.6,direct,BS_1,-1,1,88.0,88.0,random,throughput
73.0,flow_west.5,direct,BS_1,-1,1,330.0,330.0,random,throughput
73.0,flow_east.1,direct,BS_1,-1,1,240.0,240.0,random,throughput
73.0,flow_east.5,direct,BS_1,-1,1,240.0,240.0,random,throughput
73.0,flow_west.3,direct,BS_1,-1,1,240.0,240.0,random,throughput
74.0,flow_west.2,direct,BS_1,-1,1,240.0,240.0,random,throughput
74.0,flow_west.6,direct,BS_1,-1,1,330.0,330.0,random,throughput
74.0,flow_west.4,direct,BS_1,-1,1,330.0,330.0,random,throughput
74.0,flow_east.3,direct,BS_1,-1,1,148.0,148.0,random,throughput
74.0,flow_east.6,direct,BS_1,-1,1,88.0,88.0,random,throughput
74.0,flow_west.5,direct,BS_1,-1,1,330.0,330.0,random,throughput
74.0,flow_east.1,direct,BS_1,-1,1,240.0,240.0,random,throughput
74.0,flow_east.5,direct,BS_1,-1,1,240.0,240.0,random,throughput
74.0,flow_west.3,direct,BS_1,-1,1,240.0,240.0,random,throughput
75.0,flow_west.2,direct,BS_1,-1,1,240.0,240.0,random,throughput
75.0,flow_west.6,direct,BS_1,-1,1,330.0,330.0,random,throughput
75.0,flow_west.4,direct,BS_1,-1,1,330.0,330.0,random,throughput
75.0,flow_east.6,direct,BS_1,-1,1,330.0,330.0,random,throughput
75.0,flow_west.5,direct,BS_1,-1,1,330.0,330.0,random,throughput
75.0,flow_east.1,direct,BS_1,-1,1,240.0,240.0,random,throughput
75.0,flow_east.5,direct,BS_1,-1,1,148.0,148.0,random,throughput
75.0,flow_west.3,direct,BS_1,-1,1,240.0,240.0,random,throughput
76.0,flow_west.2,direct,BS_1,-1,1,240.0,240.0,random,throughput
76.0,flow_west.6,direct,BS_1,-1,1,330.0,330.0,random,throughput
76.0,flow_west.4,direct,BS_1,-1,1,330.0,330.0,random,throughput
76.0,flow_east.6,direct,BS_1,-1,1,330.0,330.0,random,throughput
76.0,flow_west.5,direct,BS_1,-1,1,330.0,330.0,random,throughput
76.0,flow_east.1,direct,BS_1,-1,1,240.0,240.0,random,throughput
76.0,flow_east.5,direct,BS_1,-1,1,148.0,148.0,random,throughput
76.0,flow_west.3,direct,BS_1,-1,1,240.0,240.0,random,throughput
77.0,flow_west.2,direct,BS_1,-1,1,240.0,240.0,random,throughput
77.0,flow_west.6,direct,BS_1,-1,1,330.0,330.0,random,throughput
77.0,flow_west.4,direct,BS_1,-1,1,330.0,330.0,random,throughput
77.0,flow_east.6,direct,BS_1,-1,1,330.0,330.0,random,throughput
77.0,flow_west.5,direct,BS_1,-1,1,240.0,240.0,random,throughput
77.0,flow_east.1,direct,BS_1,-1,1,240.0,240.0,random,throughput
77.0,flow_east.5,direct,BS_1,-1,1,148.0,148.0,random,throughput
77.0,flow_west.3,direct,BS_1,-1,1,240.0,240.0,random,throughput
78.0,flow_west.2,direct,BS_1,-1,1,240.0,240.0,random,throughput
78.0,flow_west.6,direct,BS_1,-1,1,330.0,330.0,random,throughput
78.0,flow_west.4,direct,BS_1,-1,1,330.0,330.0,random,throughput
78.0,flow_east.6,direct,BS_1,-1,1,330.0,330.0,random,throughput
78.0,flow_west.5,direct,BS_1,-1,1,240.0,240.0,random,throughput
78.0,flow_east.1,direct,BS_1,-1,1,240.0,240.0,random,throughput
78.0,flow_east.5,direct,BS_1,-1,1,148.0,148.0,random,throughput
78.0,flow_west.3,direct,BS_1,-1,1,240.0,240.0,random,throughput
79.0,flow_west.2,direct,BS_1,-1,1,240.0,240.0,random,throughput
79.0,flow_west.6,direct,BS_1,-1,1,330.0,330.0,random,throughput
79.0,flow_west.4,direct,BS_1,-1,1,330.0,330.0,random,throughput
79.0,flow_east.6,direct,BS_1,-1,1,330.0,330.0,random,throughput
79.0,flow_west.5,direct,BS_1,-1,1,240.0,240.0,random,throughput
79.0,flow_east.1,direct,BS_1,-1,1,240.0,240.0,random,throughput
79.0,flow_east.5,direct,BS_1,-1,1,148.0,148.0,random,throughput
79.0,flow_west.3,direct,BS_1,-1,1,240.0,240.0,random,throughput
80.0,flow_west.2,direct,BS_1,-1,1,240.0,240.0,random,throughput
80.0,flow_west.6,direct,BS_1,-1,1,330.0,330.0,random,throughput
80.0,flow_west.4,direct,BS_1,-1,1,88.0,88.0,random,throughput
80.0,flow_east.7,direct,BS_1,-1,1,240.0,240.0,random,throughput
80.0,flow_east.6,direct,BS_1,-1,1,330.0,330.0,random,throughput
80.0,flow_west.5,direct,BS_1,-1,1,240.0,240.0,random,throughput
80.0,flow_east.1,direct,BS_1,-1,1,240.0,240.0,random,throughput
80.0,flow_east.5,direct,BS_1,-1,1,148.0,148.0,random,throughput
80.0,flow_west.3,direct,BS_1,-1,1,240.0,240.0,random,throughput
80.0,flow_west.7,direct,BS_1,-1,1,148.0,148.0,random,throughput
81.0,flow_west.2,direct,BS_1,-1,1,240.0,240.0,random,throughput
81.0,flow_west.6,direct,BS_1,-1,1,240.0,240.0,random,throughput
81.0,flow_west.4,direct,BS_1,-1,1,88.0,88.0,random,throughput
81.0,flow_east.7,direct,BS_1,-1,1,240.0,240.0,random,throughput
81.0,flow_east.6,direct,BS_1,-1,1,330.0,330.0,random,throughput
81.0,flow_west.5,direct,BS_1,-1,1,240.0,240.0,random,throughput
81.0,flow_east.1,direct,BS_1,-1,1,240.0,240.0,random,throughput
81.0,flow_west.3,direct,BS_1,-1,1,240.0,240.0,random,throughput
81.0,flow_west.7,direct,BS_1,-1,1,148.0,148.0,random,throughput
82.0,flow_west.2,direct,BS_1,-1,1,240.0,240.0,random,throughput
82.0,flow_west.6,direct,BS_1,-1,1,240.0,240.0,random,throughput
82.0,flow_west.4,direct,BS_1,-1,1,330.0,330.0,random,throughput
82.0,flow_east.7,direct,BS_1,-1,1,330.0,330.0,random,throughput
82.0,flow_east.6,direct,BS_1,-1,1,330.0,330.0,random,throughput
82.0,flow_west.5,direct,BS_1,-1,1,240.0,240.0,random,throughput
82.0,flow_east.1,direct,BS_1,-1,1,240.0,240.0,random,throughput
82.0,flow_west.3,direct,BS_1,-1,1,240.0,240.0,random,throughput
82.0,flow_west.7,direct,BS_1,-1,1,148.0,148.0,random,throughput
83.0,flow_west.2,direct,BS_1,-1,1,240.0,240.0,random,throughput
83.0,flow_west.6,direct,BS_1,-1,1,240.0,240.0,random,throughput
83.0,flow_west.4,direct,BS_1,-1,1,330.0,330.0,random,throughput
83.0,flow_east.7,direct,BS_1,-1,1,330.0,330.0,random,throughput
83.0,flow_east.6,direct,BS_1,-1,1,330.0,330.0,random,throughput
83.0,flow_west.5,direct,BS_1,-1,1,240.0,240.0,random,throughput
83.0,flow_east.1,direct,BS_1,-1,1,240.0,240.0,random,throughput
83.0,flow_west.3,direct,BS_1,-1,1,148.0,148.0,random,throughput
83.0,flow_west.7,direct,BS_1,-1,1,240.0,240.0,random,throughput
84.0,flow_west.2,direct,BS_1,-1,1,240.0,240.0,random,throughput
84.0,flow_west.6,direct,BS_1,-1,1,240.0,240.0,random,throughput
84.0,flow_west.4,direct,BS_1,-1,1,330.0,330.0,random,throughput
84.0,flow_east.7,direct,BS_1,-1,1,330.0,330.0,random,throughput
84.0,flow_east.6,direct,BS_1,-1,1,330.0,330.0,random,throughput
84.0,flow_west.5,direct,BS_1,-1,1,240.0,240.0,random,throughput
84.0,flow_east.1,direct,BS_1,-1,1,240.0,240.0,random,throughput
84.0,flow_west.3,direct,BS_1,-1,1,148.0,148.0,random,throughput
84.0,flow_west.7,direct,BS_1,-1,1,240.0,240.0,random,throughput
85.0,flow_west.2,direct,BS_1,-1,1,240.0,240.0,random,throughput
85.0,flow_west.6,direct,BS_1,-1,1,240.0,240.0,random,throughput
85.0,flow_west.4,direct,BS_1,-1,1,330.0,330.0,random,throughput
85.0,flow_east.7,direct,BS_1,-1,1,330.0,330.0,random,throughput
85.0,flow_east.6,direct,BS_1,-1,1,330.0,330.0,random,throughput
85.0,flow_west.5,direct,BS_1,-1,1,240.0,240.0,random,throughput
85.0,flow_east.1,direct,BS_1,-1,1,148.0,148.0,random,throughput
85.0,flow_west.3,direct,BS_1,-1,1,240.0,240.0,random,throughput
85.0,flow_west.7,direct,BS_1,-1,1,240.0,240.0,random,throughput
86.0,flow_west.2,direct,BS_1,-1,1,240.0,240.0,random,throughput
86.0,flow_west.6,direct,BS_1,-1,1,240.0,240.0,random,throughput
86.0,flow_west.4,direct,BS_1,-1,1,330.0,330.0,random,throughput
86.0,flow_east.7,direct,BS_1,-1,1,330.0,330.0,random,throughput
86.0,flow_east.6,direct,BS_1,-1,1,240.0,240.0,random,throughput
86.0,flow_west.5,direct,BS_1,-1,1,240.0,240.0,random,throughput
86.0,flow_east.1,direct,BS_1,-1,1,148.0,148.0,random,throughput
86.0,flow_west.3,direct,BS_1,-1,1,148.0,148.0,random,throughput
86.0,flow_west.7,direct,BS_1,-1,1,240.0,240.0,random,throughput
87.0,flow_west.2,direct,BS_1,-1,1,240.0,240.0,random,throughput
87.0,flow_west.6,direct,BS_1,-1,1,240.0,240.0,random,throughput
87.0,flow_west.4,direct,BS_1,-1,1,330.0,330.0,random,throughput
87.0,flow_east.7,direct,BS_1,-1,1,330.0,330.0,random,throughput
87.0,flow_east.6,direct,BS_1,-1,1,240.0,240.0,random,throughput
87.0,flow_west.5,direct,BS_1,-1,1,240.0,240.0,random,throughput
87.0,flow_east.1,direct,BS_1,-1,1,148.0,148.0,random,throughput
87.0,flow_west.7,direct,BS_1,-1,1,240.0,240.0,random,throughput
88.0,flow_west.2,direct,BS_1,-1,1,148.0,148.0,random,throughput
88.0,flow_west.6,direct,BS_1,-1,1,240.0,240.0,random,throughput
88.0,flow_west.4,direct,BS_1,-1,1,330.0,330.0,random,throughput
88.0,flow_east.7,direct,BS_1,-1,1,330.0,330.0,random,throughput
88.0,flow_east.6,direct,BS_1,-1,1,240.0,240.0,random,throughput
88.0,flow_west.5,direct,BS_1,-1,1,240.0,240.0,random,throughput
88.0,flow_east.1,direct,BS_1,-1,1,148.0,148.0,random,throughput
88.0,flow_west.7,direct,BS_1,-1,1,240.0,240.0,random,throughput
89.0,flow_west.2,direct,BS_1,-1,1,240.0,240.0,random,throughput
89.0,flow_west.6,direct,BS_1,-1,1,240.0,240.0,random,throughput
89.0,flow_west.4,direct,BS_1,-1,1,330.0,330.0,random,throughput
89.0,flow_east.7,direct,BS_1,-1,1,330.0,330.0,random,throughput
89.0,flow_east.6,direct,BS_1,-1,1,240.0,240.0,random,throughput
89.0,flow_west.5,direct,BS_1,-1,1,240.0,240.0,random,throughput
89.0,flow_east.1,direct,BS_1,-1,1,148.0,148.0,random,throughput
89.0,flow_west.7,direct,BS_1,-1,1,240.0,240.0,random,throughput
90.0,flow_west.2,direct,BS_1,-1,1,240.0,240.0,random,throughput
90.0,flow_west.6,direct,BS_1,-1,1,240.0,240.0,random,throughput
90.0,flow_west.4,direct,BS_1,-1,1,330.0,330.0,random,throughput
90.0,flow_east.7,direct,BS_1,-1,1,330.0,330.0,random,throughput
90.0,flow_east.6,direct,BS_1,-1,1,240.0,240.0,random,throughput
90.0,flow_west.5,direct,BS_1,-1,1,240.0,240.0,random,throughput
90.0,flow_east.1,direct,BS_1,-1,1,148.0,148.0,random,throughput
90.0,flow_west.7,direct,BS_1,-1,1,240.0,240.0,random,throughput
91.0,flow_west.2,direct,BS_1,-1,1,240.0,240.0,random,throughput
91.0,flow_west.6,direct,BS_1,-1,1,240.0,240.0,random,throughput
91.0,flow_west.4,direct,BS_1,-1,1,330.0,330.0,random,throughput
91.0,flow_east.7,direct,BS_1,-1,1,330.0,330.0,random,throughput
91.0,flow_east.6,direct,BS_1,-1,1,240.0,240.0,random,throughput
91.0,flow_west.5,direct,BS_1,-1,1,240.0,240.0,random,throughput
91.0,flow_east.1,direct,BS_1,-1,1,148.0,148.0,random,throughput
91.0,flow_west.7,direct,BS_1,-1,1,240.0,240.0,random,throughput
92.0,flow_west.2,direct,BS_1,-1,1,240.0,240.0,random,throughput
92.0,flow_west.6,direct,BS_1,-1,1,240.0,240.0,random,throughput
92.0,flow_west.4,direct,BS_1,-1,1,330.0,330.0,random,throughput
92.0,flow_east.7,direct,BS_1,-1,1,330.0,330.0,random,throughput
92.0,flow_west.5,direct,BS_1,-1,1,148.0,148.0,random,throughput
92.0,flow_east.6,direct,BS_1,-1,1,240.0,240.0,random,throughput
92.0,flow_west.7,direct,BS_1,-1,1,240.0,240.0,random,throughput
93.0,flow_west.2,direct,BS_1,-1,1,240.0,240.0,random,throughput
93.0,flow_west.6,direct,BS_1,-1,1,240.0,240.0,random,throughput
93.0,flow_west.4,direct,BS_1,-1,1,330.0,330.0,random,throughput
93.0,flow_east.7,direct,BS_1,-1,1,330.0,330.0,random,throughput
93.0,flow_west.5,direct,BS_1,-1,1,148.0,148.0,random,throughput
93.0,flow_east.6,direct,BS_1,-1,1,240.0,240.0,random,throughput
93.0,flow_west.7,direct,BS_1,-1,1,240.0,240.0,random,throughput
94.0,flow_west.4,direct,BS_1,-1,1,330.0,330.0,random,throughput
94.0,flow_west.6,direct,BS_1,-1,1,240.0,240.0,random,throughput
94.0,flow_east.7,direct,BS_1,-1,1,330.0,330.0,random,throughput
94.0,flow_east.6,direct,BS_1,-1,1,240.0,240.0,random,throughput
94.0,flow_west.5,direct,BS_1,-1,1,148.0,148.0,random,throughput
94.0,flow_west.7,direct,BS_1,-1,1,240.0,240.0,random,throughput
95.0,flow_west.4,direct,BS_1,-1,1,240.0,240.0,random,throughput
95.0,flow_west.6,direct,BS_1,-1,1,240.0,240.0,random,throughput
95.0,flow_east.7,direct,BS_1,-1,1,88.0,88.0,random,throughput
95.0,flow_east.6,direct,BS_1,-1,1,240.0,240.0,random,throughput
95.0,flow_west.5,direct,BS_1,-1,1,148.0,148.0,random,throughput
95.0,flow_west.7,direct,BS_1,-1,1,240.0,240.0,random,throughput
96.0,flow_west.4,relay,BS_1,flow_west.6,1,240.0,240.0,random,throughput
96.0,flow_west.6,relay,BS_1,flow_west.4,1,240.0,240.0,random,throughput
96.0,flow_east.7,relay,BS_1,flow_west.7,1,148.0,148.0,random,throughput
96.0,flow_east.6,relay,BS_1,flow_west.7,1,240.0,240.0,random,throughput
96.0,flow_west.7,relay,BS_1,flow_east.6,1,240.0,240.0,random,throughput
97.0,flow_west.4,relay,BS_1,flow_west.6,1,240.0,240.0,random,throughput
97.0,flow_west.6,relay,BS_1,flow_west.4,1,240.0,240.0,random,throughput
97.0,flow_east.7,relay,BS_1,flow_west.7,1,240.0,240.0,random,throughput
97.0,flow_east.6,relay,BS_1,flow_west.7,1,240.0,240.0,random,throughput
97.0,flow_west.7,relay,BS_1,flow_east.7,1,240.0,240.0,random,throughput
98.0,flow_west.4,relay,BS_1,flow_west.6,1,240.0,240.0,random,throughput
98.0,flow_west.6,relay,BS_1,flow_west.4,1,240.0,240.0,random,throughput
98.0,flow_east.7,relay,BS_1,flow_west.7,1,240.0,240.0,random,throughput
98.0,flow_east.6,relay,BS_1,flow_west.7,1,148.0,148.0,random,throughput
98.0,flow_west.7,relay,BS_1,flow_east.7,1,240.0,240.0,random,throughput
99.0,flow_west.4,relay,BS_1,flow_west.6,1,240.0,240.0,random,throughput
99.0,flow_west.6,relay,BS_1,flow_west.4,1,240.0,240.0,random,throughput
99.0,flow_east.7,relay,BS_1,flow_west.7,1,330.0,330.0,random,throughput
99.0,flow_east.6,relay,BS_1,flow_west.7,1,148.0,148.0,random,throughput
99.0,flow_west.7,relay,BS_1,flow_east.7,1,330.0,330.0,random,throughput
0.0,vehicle_0,direct,BS_1,-1,1,148.0,148.0,greedy_mcs,throughput
1.0,vehicle_0,direct,BS_1,-1,1,148.0,148.0,greedy_mcs,throughput
2.0,vehicle_0,direct,BS_1,-1,1,240.0,240.0,greedy_mcs,throughput
3.0,vehicle_0,direct,BS_1,-1,1,240.0,240.0,greedy_mcs,throughput
4.0,vehicle_0,direct,BS_1,-1,1,240.0,240.0,greedy_mcs,throughput
5.0,vehicle_2,direct,BS_1,-1,1,240.0,240.0,greedy_mcs,throughput
5.0,vehicle_1,direct,BS_1,-1,1,240.0,240.0,greedy_mcs,throughput
5.0,vehicle_0,direct,BS_1,-1,1,240.0,240.0,greedy_mcs,throughput
6.0,vehicle_2,direct,BS_1,-1,1,240.0,240.0,greedy_mcs,throughput
6.0,vehicle_1,direct,BS_1,-1,1,240.0,240.0,greedy_mcs,throughput
6.0,vehicle_0,direct,BS_1,-1,1,240.0,240.0,greedy_mcs,throughput
7.0,vehicle_2,direct,BS_1,-1,1,240.0,240.0,greedy_mcs,throughput
7.0,vehicle_1,direct,BS_1,-1,1,240.0,240.0,greedy_mcs,throughput
7.0,vehicle_0,direct,BS_1,-1,1,240.0,240.0,greedy_mcs,throughput
8.0,vehicle_2,direct,BS_1,-1,1,240.0,240.0,greedy_mcs,throughput
8.0,vehicle_1,direct,BS_1,-1,1,240.0,240.0,greedy_mcs,throughput
8.0,vehicle_0,direct,BS_1,-1,1,240.0,240.0,greedy_mcs,throughput
9.0,vehicle_2,direct,BS_1,-1,1,240.0,240.0,greedy_mcs,throughput
9.0,vehicle_1,direct,BS_1,-1,1,240.0,240.0,greedy_mcs,throughput
9.0,vehicle_0,direct,BS_1,-1,1,240.0,240.0,greedy_mcs,throughput
10.0,vehicle_2,direct,BS_1,-1,1,240.0,240.0,greedy_mcs,throughput
10.0,vehicle_1,direct,BS_1,-1,1,240.0,240.0,greedy_mcs,throughput
10.0,vehicle_0,direct,BS_1,-1,1,240.0,240.0,greedy_mcs,throughput
10.0,flow_west.0,direct,BS_1,-1,1,240.0,240.0,greedy_mcs,throughput
10.0,flow_east.0,direct,BS_1,-1,1,240.0,240.0,greedy_mcs,throughput
11.0,vehicle_2,direct,BS_1,-1,1,240.0,240.0,greedy_mcs,throughput
11.0,vehicle_1,direct,BS_1,-1,1,240.0,240.0,greedy_mcs,throughput
11.0,vehicle_0,direct,BS_1,-1,1,240.0,240.0,greedy_mcs,throughput
11.0,flow_west.0,direct,BS_1,-1,1,240.0,240.0,greedy_mcs,throughput
11.0,flow_east.0,direct,BS_1,-1,1,148.0,148.0,greedy_mcs,throughput
12.0,vehicle_2,direct,BS_1,-1,1,330.0,330.0,greedy_mcs,throughput
12.0,vehicle_1,relay,BS_1,vehicle_2,1,330.0,330.0,greedy_mcs,throughput
12.0,vehicle_0,relay,BS_1,vehicle_2,1,330.0,330.0,greedy_mcs,throughput
12.0,flow_west.0,relay,BS_1,vehicle_2,1,330.0,330.0,greedy_mcs,throughput
12.0,flow_east.0,direct,BS_1,-1,1,148.0,148.0,greedy_mcs,throughput
13.0,vehicle_2,direct,BS_1,-1,1,330.0,330.0,greedy_mcs,throughput
13.0,vehicle_1,relay,BS_1,vehicle_2,1,330.0,330.0,greedy_mcs,throughput
13.0,vehicle_0,relay,BS_1,vehicle_2,1,330.0,330.0,greedy_mcs,throughput
13.0,flow_west.0,relay,BS_1,vehicle_2,1,330.0,330.0,greedy_mcs,throughput
13.0,flow_east.0,direct,BS_1,-1,1,148.0,148.0,greedy_mcs,throughput
14.0,vehicle_2,direct,BS_1,-1,1,330.0,330.0,greedy_mcs,throughput
14.0,vehicle_1,relay,BS_1,vehicle_2,1,330.0,330.0,greedy_mcs,throughput
14.0,vehicle_0,relay,BS_1,vehicle_2,1,330.0,330.0,greedy_mcs,throughput
14.0,flow_west.0,relay,BS_1,vehicle_2,1,330.0,330.0,greedy_mcs,throughput
14.0,flow_east.0,direct,BS_1,-1,1,148.0,148.0,greedy_mcs,throughput
15.0,vehicle_2,direct,BS_1,-1,1,330.0,330.0,greedy_mcs,throughput
15.0,vehicle_1,relay,BS_1,vehicle_2,1,330.0,330.0,greedy_mcs,throughput
15.0,vehicle_0,relay,BS_1,vehicle_2,1,330.0,330.0,greedy_mcs,throughput
15.0,flow_west.0,direct,BS_1,-1,1,240.0,240.0,greedy_mcs,throughput
15.0,flow_east.0,direct,BS_1,-1,1,148.0,148.0,greedy_mcs,throughput
16.0,vehicle_2,direct,BS_1,-1,1,330.0,330.0,greedy_mcs,throughput
16.0,vehicle_1,relay,BS_1,vehicle_0,1,330.0,330.0,greedy_mcs,throughput
16.0,vehicle_0,direct,BS_1,-1,1,330.0,330.0,greedy_mcs,throughput
16.0,flow_west.0,relay,BS_1,vehicle_0,1,330.0,330.0,greedy_mcs,throughput
16.0,flow_east.0,direct,BS_1,-1,1,148.0,148.0,greedy_mcs,throughput
17.0,flow_west.0,relay,BS_1,vehicle_1,1,330.0,330.0,greedy_mcs,throughput
17.0,vehicle_2,direct,BS_1,-1,1,330.0,330.0,greedy_mcs,throughput
17.0,vehicle_1,direct,BS_1,-1,1,330.0,330.0,greedy_mcs,throughput
17.0,vehicle_0,direct,BS_1,-1,1,330.0,330.0,greedy_mcs,throughput
18.0,flow_west.0,relay,BS_1,vehicle_1,1,330.0,330.0,greedy_mcs,throughput
18.0,vehicle_2,direct,BS_1,-1,1,330.0,330.0,greedy_mcs,throughput
18.0,vehicle_1,direct,BS_1,-1,1,330.0,330.0,greedy_mcs,throughput
18.0,vehicle_0,direct,BS_1,-1,1,330.0,330.0,greedy_mcs,throughput
19.0,flow_west.0,direct,BS_1,-1,1,240.0,240.0,greedy_mcs,throughput
19.0,vehicle_2,direct,BS_1,-1,1,330.0,330.0,greedy_mcs,throughput
19.0,vehicle_1,direct,BS_1,-1,1,330.0,330.0,greedy_mcs,throughput
19.0,vehicle_0,direct,BS_1,-1,1,330.0,330.0,greedy_mcs,throughput
20.0,vehicle_2,direct,BS_1,-1,1,330.0,330.0,greedy_mcs,throughput
20.0,vehicle_1,direct,BS_1,-1,1,330.0,330.0,greedy_mcs,throughput
20.0,vehicle_0,direct,BS_1,-1,1,330.0,330.0,greedy_mcs,throughput
20.0,flow_west.1,relay,BS_1,vehicle_2,1,330.0,330.0,greedy_mcs,throughput
20.0,flow_west.0,direct,BS_1,-1,1,240.0,240.0,greedy_mcs,throughput
20.0,flow_east.1,direct,BS_1,-1,1,240.0,240.0,greedy_mcs,throughput
21.0,vehicle_2,direct,BS_1,-1,1,330.0,330.0,greedy_mcs,throughput
21.0,vehicle_1,direct,BS_1,-1,1,330.0,330.0,greedy_mcs,throughput
21.0,vehicle_0,direct,BS_1,-1,1,330.0,330.0,greedy_mcs,throughput
21.0,flow_west.1,relay,BS_1,vehicle_2,1,330.0,330.0,greedy_mcs,throughput
21.0,flow_west.0,direct,BS_1,-1,1,240.0,240.0,greedy_mcs,throughput
21.0,flow_east.1,direct,BS_1,-1,1,240.0,240.0,greedy_mcs,throughput
22.0,vehicle_2,direct,BS_1,-1,1,330.0,330.0,greedy_mcs,throughput
22.0,vehicle_1,direct,BS_1,-1,1,330.0,330.0,greedy_mcs,throughput
22.0,vehicle_0,direct,BS_1,-1,1,330.0,330.0,greedy_mcs,throughput
22.0,flow_west.1,direct,BS_1,-1,1,330.0,330.0,greedy_mcs,throughput
22.0,flow_west.0,direct,BS_1,-1,1,240.0,240.0,greedy_mcs,throughput
22.0,flow_east.1,direct,BS_1,-1,1,240.0,240.0,greedy_mcs,throughput
23.0,vehicle_2,relay,BS_1,flow_west.1,1,330.0,330.0,greedy_mcs,throughput
23.0,vehicle_1,direct,BS_1,-1,1,330.0,330.0,greedy_mcs,throughput
23.0,vehicle_0,direct,BS_1,-1,1,330.0,330.0,greedy_mcs,throughput
23.0,flow_west.1,direct,BS_1,-1,1,330.0,330.0,greedy_mcs,throughput
23.0,flow_west.0,relay,BS_1,flow_east.1,1,240.0,240.0,greedy_mcs,throughput
23.0,flow_east.1,direct,BS_1,-1,1,240.0,240.0,greedy_mcs,throughput
24.0,vehicle_2,relay,BS_1,flow_west.1,1,330.0,330.0,greedy_mcs,throughput
24.0,vehicle_1,direct,BS_1,-1,1,330.0,330.0,greedy_mcs,throughput
24.0,vehicle_0,direct,BS_1,-1,1,330.0,330.0,greedy_mcs,throughput
24.0,flow_west.1,direct,BS_1,-1,1,330.0,330.0,greedy_mcs,throughput
24.0,flow_west.0,relay,BS_1,flow_east.1,1,240.0,240.0,greedy_mcs,throughput
24.0,flow_east.1,direct,BS_1,-1,1,240.0,240.0,greedy_mcs,throughput
25.0,vehicle_2,direct,BS_1,-1,1,330.0,330.0,greedy_mcs,throughput
25.0,vehicle_1,direct,BS_1,-1,1,330.0,330.0,greedy_mcs,throughput
25.0,vehicle_0,direct,BS_1,-1,1,330.0,330.0,greedy_mcs,throughput
25.0,flow_west.1,direct,BS_1,-1,1,330.0,330.0,greedy_mcs,throughput
25.0,flow_west.0,direct,BS_1,-1,1,240.0,240.0,greedy_mcs,throughput
25.0,flow_east.1,direct,BS_1,-1,1,240.0,240.0,greedy_mcs,throughput
26.0,vehicle_2,direct,BS_1,-1,1,330.0,330.0,greedy_mcs,throughput
26.0,vehicle_1,direct,BS_1,-1,1,330.0,330.0,greedy_mcs,throughput
26.0,vehicle_0,direct,BS_1,-1,1,330.0,330.0,greedy_mcs,throughput
26.0,flow_west.1,direct,BS_1,-1,1,330.0,330.0,greedy_mcs,throughput
26.0,flow_west.0,direct,BS_1,-1,1,240.0,240.0,greedy_mcs,throughput
26.0,flow_east.1,direct,BS_1,-1,1,240.0,240.0,greedy_mcs,throughput
27.0,vehicle_2,direct,BS_1,-1,1,330.0,330.0,greedy_mcs,throughput
27.0,vehicle_1,direct,BS_1,-1,1,330.0,330.0,greedy_mcs,throughput
27.0,vehicle_0,relay,BS_1,vehicle_1,1,330.0,330.0,greedy_mcs,throughput
27.0,flow_west.1,direct,BS_1,-1,1,330.0,330.0,greedy_mcs,throughput
27.0,flow_west.0,direct,BS_1,-1,1,240.0,240.0,greedy_mcs,throughput
27.0,flow_east.1,direct,BS_1,-1,1,240.0,240.0,greedy_mcs,throughput
28.0,vehicle_2,direct,BS_1,-1,1,330.0,330.0,greedy_mcs,throughput
28.0,vehicle_1,direct,BS_1,-1,1,330.0,330.0,greedy_mcs,throughput
28.0,vehicle_0,relay,BS_1,vehicle_1,1,330.0,330.0,greedy_mcs,throughput
28.0,flow_west.1,direct,BS_1,-1,1,330.0,330.0,greedy_mcs,throughput
28.0,flow_east.1,direct,BS_1,-1,1,240.0,240.0,greedy_mcs,throughput
29.0,vehicle_2,direct,BS_1,-1,1,330.0,330.0,greedy_mcs,throughput
29.0,vehicle_1,direct,BS_1,-1,1,330.0,330.0,greedy_mcs,throughput
29.0,vehicle_0,relay,BS_1,vehicle_1,1,330.0,330.0,greedy_mcs,throughput
29.0,flow_west.1,direct,BS_1,-1,1,330.0,330.0,greedy_mcs,throughput
29.0,flow_east.1,direct,BS_1,-1,1,240.0,240.0,greedy_mcs,throughput
30.0,vehicle_2,direct,BS_1,-1,1,330.0,330.0,greedy_mcs,throughput
30.0,flow_west.2,direct,BS_1,-1,1,148.0,148.0,greedy_mcs,throughput
30.0,vehicle_1,direct,BS_1,-1,1,330.0,330.0,greedy_mcs,throughput
30.0,vehicle_0,direct,BS_1,-1,1,330.0,330.0,greedy_mcs,throughput
30.0,flow_west.1,direct,BS_1,-1,1,330.0,330.0,greedy_mcs,throughput
30.0,flow_east.1,direct,BS_1,-1,1,240.0,240.0,greedy_mcs,throughput
30.0,flow_east.2,direct,BS_1,-1,1,330.0,330.0,greedy_mcs,throughput
31.0,vehicle_2,direct,BS_1,-1,1,330.0,330.0,greedy_mcs,throughput
31.0,flow_west.2,direct,BS_1,-1,1,148.0,148.0,greedy_mcs,throughput
31.0,vehicle_1,relay,BS_1,vehicle_0,1,330.0,330.0,greedy_mcs,throughput
31.0,vehicle_0,direct,BS_1,-1,1,330.0,330.0,greedy_mcs,throughput
31.0,flow_west.1,direct,BS_1,-1,1,330.0,330.0,greedy_mcs,throughput
31.0,flow_east.1,relay,BS_1,flow_west.1,1,330.0,330.0,greedy_mcs,throughput
31.0,flow_east.2,direct,BS_1,-1,1,330.0,330.0,greedy_mcs,throughput
32.0,vehicle_2,direct,BS_1,-1,1,330.0,330.0,greedy_mcs,throughput
32.0,flow_west.2,direct,BS_1,-1,1,148.0,148.0,greedy_mcs,throughput
32.0,vehicle_1,relay,BS_1,vehicle_0,1,330.0,330.0,greedy_mcs,throughput
32.0,vehicle_0,direct,BS_1,-1,1,330.0,330.0,greedy_mcs,throughput
32.0,flow_west.1,direct,BS_1,-1,1,330.0,330.0,greedy_mcs,throughput
32.0,flow_east.1,relay,BS_1,flow_west.1,1,330.0,330.0,greedy_mcs,throughput
32.0,flow_east.2,direct,BS_1,-1,1,330.0,330.0,greedy_mcs,throughput
33.0,vehicle_2,direct,BS_1,-1,1,330.0,330.0,greedy_mcs,throughput
33.0,flow_west.2,direct,BS_1,-1,1,148.0,148.0,greedy_mcs,throughput
33.0,vehicle_1,direct,BS_1,-1,1,330.0,330.0,greedy_mcs,throughput
33.0,vehicle_0,direct,BS_1,-1,1,330.0,330.0,greedy_mcs,throughput
33.0,flow_west.1,direct,BS_1,-1,1,330.0,330.0,greedy_mcs,throughput
33.0,flow_east.1,relay,BS_1,flow_west.1,1,330.0,330.0,greedy_mcs,throughput
33.0,flow_east.2,direct,BS_1,-1,1,330.0,330.0,greedy_mcs,throughput
34.0,vehicle_2,direct,BS_1,-1,1,330.0,330.0,greedy_mcs,throughput
34.0,flow_west.2,direct,BS_1,-1,1,240.0,240.0,greedy_mcs,throughput
34.0,vehicle_1,direct,BS_1,-1,1,330.0,330.0,greedy_mcs,throughput
34.0,vehicle_0,direct,BS_1,-1,1,330.0,330.0,greedy_mcs,throughput
34.0,flow_west.1,direct,BS_1,-1,1,330.0,330.0,greedy_mcs,throughput
34.0,flow_east.1,relay,BS_1,flow_west.1,1,330.0,330.0,greedy_mcs,throughput
34.0,flow_east.2,direct,BS_1,-1,1,330.0,330.0,greedy_mcs,throughput
35.0,vehicle_2,direct,BS_1,-1,1,330.0,330.0,greedy_mcs,throughput
35.0,flow_west.2,direct,BS_1,-1,1,240.0,240.0,greedy_mcs,throughput
35.0,vehicle_1,direct,BS_1,-1,1,330.0,330.0,greedy_mcs,throughput
35.0,vehicle_0,direct,BS_1,-1,1,330.0,330.0,greedy_mcs,throughput
35.0,flow_west.1,direct,BS_1,-1,1,240.0,240.0,greedy_mcs,throughput
35.0,flow_east.1,direct,BS_1,-1,1,240.0,240.0,greedy_mcs,throughput
35.0,flow_east.2,direct,BS_1,-1,1,330.0,330.0,greedy_mcs,throughput
36.0,vehicle_2,relay,BS_1,flow_east.2,1,330.0,330.0,greedy_mcs,throughput
36.0,flow_west.2,direct,BS_1,-1,1,240.0,240.0,greedy_mcs,throughput
36.0,vehicle_1,direct,BS_1,-1,1,330.0,330.0,greedy_mcs,throughput
36.0,vehicle_0,direct,BS_1,-1,1,330.0,330.0,greedy_mcs,throughput
36.0,flow_west.1,direct,BS_1,-1,1,240.0,240.0,greedy_mcs,throughput
36.0,flow_east.1,direct,BS_1,-1,1,240.0,240.0,greedy_mcs,throughput
36.0,flow_east.2,direct,BS_1,-1,1,330.0,330.0,greedy_mcs,throughput
37.0,vehicle_2,relay,BS_1,vehicle_0,1,330.0,330.0,greedy_mcs,throughput
37.0,flow_west.2,direct,BS_1,-1,1,240.0,240.0,greedy_mcs,throughput
37.0,vehicle_1,direct,BS_1,-1,1,330.0,330.0,greedy_mcs,throughput
37.0,vehicle_0,direct,BS_1,-1,1,330.0,330.0,greedy_mcs,throughput
37.0,flow_west.1,direct,BS_1,-1,1,240.0,240.0,greedy_mcs,throughput
37.0,flow_east.1,direct,BS_1,-1,1,240.0,240.0,greedy_mcs,throughput
37.0,flow_east.2,relay,BS_1,vehicle_0,1,330.0,330.0,greedy_mcs,throughput
38.0,vehicle_2,relay,BS_1,vehicle_0,1,330.0,330.0,greedy_mcs,throughput
38.0,flow_west.2,direct,BS_1,-1,1,240.0,240.0,greedy_mcs,throughput
38.0,vehicle_1,direct,BS_1,-1,1,330.0,330.0,greedy_mcs,throughput
38.0,vehicle_0,direct,BS_1,-1,1,330.0,330.0,greedy_mcs,throughput
38.0,flow_west.1,direct,BS_1,-1,1,240.0,240.0,greedy_mcs,throughput
38.0,flow_east.1,direct,BS_1,-1,1,240.0,240.0,greedy_mcs,throughput
38.0,flow_east.2,relay,BS_1,vehicle_0,1,330.0,330.0,greedy_mcs,throughput
39.0,vehicle_2,relay,BS_1,vehicle_0,1,330.0,330.0,greedy_mcs,throughput
39.0,flow_west.2,direct,BS_1,-1,1,240.0,240.0,greedy_mcs,throughput
39.0,vehicle_1,direct,BS_1,-1,1,330.0,330.0,greedy_mcs,throughput
39.0,vehicle_0,direct,BS_1,-1,1,330.0,330.0,greedy_mcs,throughput
39.0,flow_west.1,direct,BS_1,-1,1,240.0,240.0,greedy_mcs,throughput
39.0,flow_east.1,direct,BS_1,-1,1,240.0,240.0,greedy_mcs,throughput
39.0,flow_east.2,relay,BS_1,vehicle_0,1,330.0,330.0,greedy_mcs,throughput
40.0,vehicle_2,direct,BS_1,-1,1,240.0,240.0,greedy_mcs,throughput
40.0,flow_west.2,direct,BS_1,-1,1,240.0,240.0,greedy_mcs,throughput
40.0,vehicle_1,direct,BS_1,-1,1,330.0,330.0,greedy_mcs,throughput
40.0,vehicle_0,relay,BS_1,vehicle_1,1,330.0,330.0,greedy_mcs,throughput
40.0,flow_west.1,relay,BS_1,flow_east.1,1,330.0,330.0,greedy_mcs,throughput
40.0,flow_east.1,direct,BS_1,-1,1,330.0,330.0,greedy_mcs,throughput
40.0,flow_west.3,direct,BS_1,-1,1,240.0,240.0,greedy_mcs,throughput
40.0,flow_east.2,relay,BS_1,vehicle_1,1,330.0,330.0,greedy_mcs,throughput
41.0,vehicle_2,direct,BS_1,-1,1,240.0,240.0,greedy_mcs,throughput
41.0,flow_west.2,direct,BS_1,-1,1,240.0,240.0,greedy_mcs,throughput
41.0,vehicle_1,direct,BS_1,-1,1,330.0,330.0,greedy_mcs,throughput
41.0,vehicle_0,relay,BS_1,vehicle_1,1,330.0,330.0,greedy_mcs,throughput
41.0,flow_east.3,direct,BS_1,-1,1,330.0,330.0,greedy_mcs,throughput
41.0,flow_west.1,direct,BS_1,-1,1,240.0,240.0,greedy_mcs,throughput
41.0,flow_east.1,direct,BS_1,-1,1,330.0,330.0,greedy_mcs,throughput
41.0,flow_west.3,relay,BS_1,vehicle_1,1,330.0,330.0,greedy_mcs,throughput
41.0,flow_east.2,relay,BS_1,vehicle_1,1,330.0,330.0,greedy_mcs,throughput
42.0,vehicle_2,direct,BS_1,-1,1,240.0,240.0,greedy_mcs,throughput
42.0,flow_west.2,direct,BS_1,-1,1,240.0,240.0,greedy_mcs,throughput
42.0,vehicle_1,direct,BS_1,-1,1,330.0,330.0,greedy_mcs,throughput
42.0,vehicle_0,relay,BS_1,vehicle_1,1,330.0,330.0,greedy_mcs,throughput
42.0,flow_east.3,direct,BS_1,-1,1,330.0,330.0,greedy_mcs,throughput
42.0,flow_west.1,direct,BS_1,-1,1,240.0,240.0,greedy_mcs,throughput
42.0,flow_east.1,direct,BS_1,-1,1,330.0,330.0,greedy_mcs,throughput
42.0,flow_west.3,relay,BS_1,vehicle_1,1,330.0,330.0,greedy_mcs,throughput
42.0,flow_east.2,relay,BS_1,vehicle_1,1,330.0,330.0,greedy_mcs,throughput
43.0,vehicle_2,direct,BS_1,-1,1,240.0,240.0,greedy_mcs,throughput
43.0,flow_west.2,relay,BS_1,vehicle_1,1,330.0,330.0,greedy_mcs,throughput
43.0,vehicle_1,direct,BS_1,-1,1,330.0,330.0,greedy_mcs,throughput
43.0,vehicle_0,relay,BS_1,vehicle_1,1,330.0,330.0,greedy_mcs,throughput
43.0,flow_east.3,direct,BS_1,-1,1,330.0,330.0,greedy_mcs,throughput
43.0,flow_west.1,direct,BS_1,-1,1,240.0,240.0,greedy_mcs,throughput
43.0,flow_east.1,direct,BS_1,-1,1,330.0,330.0,greedy_mcs,throughput
43.0,flow_west.3,relay,BS_1,vehicle_1,1,330.0,330.0,greedy_mcs,throughput
43.0,flow_east.2,relay,BS_1,vehicle_1,1,330.0,330.0,greedy_mcs,throughput
44.0,vehicle_2,direct,BS_1,-1,1,240.0,240.0,greedy_mcs,throughput
44.0,flow_west.2,direct,BS_1,-1,1,240.0,240.0,greedy_mcs,throughput
44.0,vehicle_1,relay,BS_1,flow_east.3,1,330.0,330.0,greedy_mcs,throughput
44.0,vehicle_0,direct,BS_1,-1,1,240.0,240.0,greedy_mcs,throughput
44.0,flow_east.3,direct,BS_1,-1,1,330.0,330.0,greedy_mcs,throughput
44.0,flow_west.1,direct,BS_1,-1,1,240.0,240.0,greedy_mcs,throughput
44.0,flow_east.1,direct,BS_1,-1,1,330.0,330.0,greedy_mcs,throughput
44.0,flow_west.3,relay,BS_1,flow_east.3,1,330.0,330.0,greedy_mcs,throughput
44.0,flow_east.2,direct,BS_1,-1,1,240.0,240.0,greedy_mcs,throughput
45.0,vehicle_2,direct,BS_1,-1,1,240.0,240.0,greedy_mcs,throughput
45.0,flow_west.2,relay,BS_1,flow_west.3,1,330.0,330.0,greedy_mcs,throughput
45.0,vehicle_1,relay,BS_1,flow_west.3,1,330.0,330.0,greedy_mcs,throughput
45.0,vehicle_0,relay,BS_1,flow_west.3,1,330.0,330.0,greedy_mcs,throughput
45.0,flow_east.3,direct,BS_1,-1,1,330.0,330.0,greedy_mcs,throughput
45.0,flow_west.1,direct,BS_1,-1,1,240.0,240.0,greedy_mcs,throughput
45.0,flow_east.1,direct,BS_1,-1,1,330.0,330.0,greedy_mcs,throughput
45.0,flow_west.3,direct,BS_1,-1,1,330.0,330.0,greedy_mcs,throughput
45.0,flow_east.2,direct,BS_1,-1,1,240.0,240.0,greedy_mcs,throughput
46.0,vehicle_2,direct,BS_1,-1,1,240.0,240.0,greedy_mcs,throughput
46.0,flow_west.2,relay,BS_1,flow_west.3,1,330.0,330.0,greedy_mcs,throughput
46.0,vehicle_1,relay,BS_1,flow_west.3,1,330.0,330.0,greedy_mcs,throughput
46.0,vehicle_0,direct,BS_1,-1,1,240.0,240.0,greedy_mcs,throughput
46.0,flow_east.3,direct,BS_1,-1,1,330.0,330.0,greedy_mcs,throughput
46.0,flow_west.1,direct,BS_1,-1,1,240.0,240.0,greedy_mcs,throughput
46.0,flow_east.1,direct,BS_1,-1,1,330.0,330.0,greedy_mcs,throughput
46.0,flow_west.3,direct,BS_1,-1,1,330.0,330.0,greedy_mcs,throughput
46.0,flow_east.2,direct,BS_1,-1,1,240.0,240.0,greedy_mcs,throughput
47.0,vehicle_2,direct,BS_1,-1,1,240.0,240.0,greedy_mcs,throughput
47.0,flow_west.2,relay,BS_1,flow_west.3,1,330.0,330.0,greedy_mcs,throughput
47.0,vehicle_1,relay,BS_1,flow_west.3,1,330.0,330.0,greedy_mcs,throughput
47.0,vehicle_0,direct,BS_1,-1,1,240.0,240.0,greedy_mcs,throughput
47.0,flow_east.3,direct,BS_1,-1,1,330.0,330.0,greedy_mcs,throughput
47.0,flow_west.1,direct,BS_1,-1,1,148.0,148.0,greedy_mcs,throughput
47.0,flow_east.1,direct,BS_1,-1,1,330.0,330.0,greedy_mcs,throughput
47.0,flow_west.3,direct,BS_1,-1,1,330.0,330.0,greedy_mcs,throughput
47.0,flow_east.2,direct,BS_1,-1,1,240.0,240.0,greedy_mcs,throughput
48.0,vehicle_2,direct,BS_1,-1,1,240.0,240.0,greedy_mcs,throughput
48.0,flow_west.2,relay,BS_1,flow_east.3,1,330.0,330.0,greedy_mcs,throughput
48.0,vehicle_1,relay,BS_1,flow_east.3,1,330.0,330.0,greedy_mcs,throughput
48.0,vehicle_0,direct,BS_1,-1,1,240.0,240.0,greedy_mcs,throughput
48.0,flow_east.3,direct,BS_1,-1,1,330.0,330.0,greedy_mcs,throughput
48.0,flow_west.1,direct,BS_1,-1,1,240.0,240.0,greedy_mcs,throughput
48.0,flow_east.1,direct,BS_1,-1,1,330.0,330.0,greedy_mcs,throughput
48.0,flow_west.3,direct,BS_1,-1,1,330.0,330.0,greedy_mcs,throughput
48.0,flow_east.2,direct,BS_1,-1,1,240.0,240.0,greedy_mcs,throughput
49.0,vehicle_2,relay,BS_1,flow_east.2,1,240.0,240.0,greedy_mcs,throughput
49.0,flow_west.2,direct,BS_1,-1,1,330.0,330.0,greedy_mcs,throughput
49.0,vehicle_1,relay,BS_1,flow_west.2,1,330.0,330.0,greedy_mcs,throughput
49.0,vehicle_0,direct,BS_1,-1,1,240.0,240.0,greedy_mcs,throughput
49.0,flow_east.3,direct,BS_1,-1,1,330.0,330.0,greedy_mcs,throughput
49.0,flow_west.1,direct,BS_1,-1,1,240.0,240.0,greedy_mcs,throughput
49.0,flow_east.1,direct,BS_1,-1,1,330.0,330.0,greedy_mcs,throughput
49.0,flow_west.3,direct,BS_1,-1,1,330.0,330.0,greedy_mcs,throughput
49.0,flow_east.2,direct,BS_1,-1,1,240.0,240.0,greedy_mcs,throughput
50.0,vehicle_2,relay,BS_1,flow_east.2,1,240.0,240.0,greedy_mcs,throughput
50.0,flow_west.2,direct,BS_1,-1,1,330.0,330.0,greedy_mcs,throughput
50.0,vehicle_1,relay,BS_1,flow_east.3,1,330.0,330.0,greedy_mcs,throughput
50.0,flow_east.4,relay,BS_1,flow_east.3,1,330.0,330.0,greedy_mcs,throughput
50.0,flow_west.4,relay,BS_1,flow_east.2,1,240.0,240.0,greedy_mcs,throughput
50.0,vehicle_0,direct,BS_1,-1,1,240.0,240.0,greedy_mcs,throughput
50.0,flow_east.3,direct,BS_1,-1,1,330.0,330.0,greedy_mcs,throughput
50.0,flow_west.1,direct,BS_1,-1,1,240.0,240.0,greedy_mcs,throughput
50.0,flow_east.1,direct,BS_1,-1,1,330.0,330.0,greedy_mcs,throughput
50.0,flow_west.3,direct,BS_1,-1,1,330.0,330.0,greedy_mcs,throughput
50.0,flow_east.2,direct,BS_1,-1,1,240.0,240.0,greedy_mcs,throughput
51.0,vehicle_2,relay,BS_1,flow_east.2,1,240.0,240.0,greedy_mcs,throughput
51.0,flow_west.2,direct,BS_1,-1,1,330.0,330.0,greedy_mcs,throughput
51.0,vehicle_1,direct,BS_1,-1,1,240.0,240.0,greedy_mcs,throughput
51.0,flow_east.4,relay,BS_1,flow_east.3,1,330.0,330.0,greedy_mcs,throughput
51.0,flow_west.4,relay,BS_1,flow_east.2,1,240.0,240.0,greedy_mcs,throughput
51.0,vehicle_0,direct,BS_1,-1,1,240.0,240.0,greedy_mcs,throughput
51.0,flow_east.3,direct,BS_1,-1,1,330.0,330.0,greedy_mcs,throughput
51.0,flow_west.1,direct,BS_1,-1,1,240.0,240.0,greedy_mcs,throughput
51.0,flow_east.1,direct,BS_1,-1,1,330.0,330.0,greedy_mcs,throughput
51.0,flow_west.3,direct,BS_1,-1,1,330.0,330.0,greedy_mcs,throughput
51.0,flow_east.2,direct,BS_1,-1,1,240.0,240.0,greedy_mcs,throughput
52.0,vehicle_2,relay,BS_1,vehicle_0,1,240.0,240.0,greedy_mcs,throughput
52.0,flow_west.2,direct,BS_1,-1,1,330.0,330.0,greedy_mcs,throughput
52.0,vehicle_1,direct,BS_1,-1,1,240.0,240.0,greedy_mcs,throughput
52.0,flow_east.4,direct,BS_1,-1,1,240.0,240.0,greedy_mcs,throughput
52.0,flow_west.4,relay,BS_1,vehicle_0,1,240.0,240.0,greedy_mcs,throughput
52.0,vehicle_0,direct,BS_1,-1,1,240.0,240.0,greedy_mcs,throughput
52.0,flow_east.3,relay,BS_1,flow_west.2,1,330.0,330.0,greedy_mcs,throughput
52.0,flow_east.1,direct,BS_1,-1,1,330.0,330.0,greedy_mcs,throughput
52.0,flow_west.3,direct,BS_1,-1,1,330.0,330.0,greedy_mcs,throughput
52.0,flow_east.2,relay,BS_1,vehicle_0,1,240.0,240.0,greedy_mcs,throughput
53.0,vehicle_2,relay,BS_1,vehicle_0,1,240.0,240.0,greedy_mcs,throughput
53.0,flow_west.2,direct,BS_1,-1,1,330.0,330.0,greedy_mcs,throughput
53.0,vehicle_1,direct,BS_1,-1,1,240.0,240.0,greedy_mcs,throughput
53.0,flow_east.4,direct,BS_1,-1,1,240.0,240.0,greedy_mcs,throughput
53.0,flow_west.4,relay,BS_1,vehicle_0,1,240.0,240.0,greedy_mcs,throughput
53.0,vehicle_0,direct,BS_1,-1,1,240.0,240.0,greedy_mcs,throughput
53.0,flow_east.3,relay,BS_1,flow_west.2,1,330.0,330.0,greedy_mcs,throughput
53.0,flow_east.1,relay,BS_1,flow_west.3,1,330.0,330.0,greedy_mcs,throughput
53.0,flow_west.3,direct,BS_1,-1,1,330.0,330.0,greedy_mcs,throughput
53.0,flow_east.2,relay,BS_1,vehicle_0,1,240.0,240.0,greedy_mcs,throughput
54.0,vehicle_2,relay,BS_1,vehicle_1,1,240.0,240.0,greedy_mcs,throughput
54.0,flow_west.2,direct,BS_1,-1,1,330.0,330.0,greedy_mcs,throughput
54.0,vehicle_1,direct,BS_1,-1,1,240.0,240.0,greedy_mcs,throughput
54.0,flow_east.4,direct,BS_1,-1,1,240.0,240.0,greedy_mcs,throughput
54.0,flow_west.4,relay,BS_1,vehicle_1,1,240.0,240.0,greedy_mcs,throughput
54.0,vehicle_0,relay,BS_1,vehicle_1,1,240.0,240.0,greedy_mcs,throughput
54.0,flow_east.3,direct,BS_1,-1,1,240.0,240.0,greedy_mcs,throughput
54.0,flow_east.1,relay,BS_1,flow_west.3,1,330.0,330.0,greedy_mcs,throughput
54.0,flow_west.3,direct,BS_1,-1,1,330.0,330.0,greedy_mcs,throughput
54.0,flow_east.2,relay,BS_1,vehicle_1,1,240.0,240.0,greedy_mcs,throughput
55.0,vehicle_2,relay,BS_1,vehicle_1,1,240.0,240.0,greedy_mcs,throughput
55.0,flow_west.2,direct,BS_1,-1,1,330.0,330.0,greedy_mcs,throughput
55.0,vehicle_1,direct,BS_1,-1,1,240.0,240.0,greedy_mcs,throughput
55.0,flow_east.4,direct,BS_1,-1,1,240.0,240.0,greedy_mcs,throughput
55.0,flow_west.4,relay,BS_1,vehicle_1,1,240.0,240.0,greedy_mcs,throughput
55.0,vehicle_0,relay,BS_1,vehicle_1,1,240.0,240.0,greedy_mcs,throughput
55.0,flow_east.3,direct,BS_1,-1,1,240.0,240.0,greedy_mcs,throughput
55.0,flow_east.1,relay,BS_1,flow_west.2,1,330.0,330.0,greedy_mcs,throughput
55.0,flow_west.3,relay,BS_1,flow_west.2,1,330.0,330.0,greedy_mcs,throughput
55.0,flow_east.2,relay,BS_1,vehicle_1,1,240.0,240.0,greedy_mcs,throughput
56.0,flow_west.2,direct,BS_1,-1,1,330.0,330.0,greedy_mcs,throughput
56.0,vehicle_1,direct,BS_1,-1,1,240.0,240.0,greedy_mcs,throughput
56.0,flow_east.4,direct,BS_1,-1,1,240.0,240.0,greedy_mcs,throughput
56.0,flow_west.4,direct,BS_1,-1,1,240.0,240.0,greedy_mcs,throughput
56.0,vehicle_0,relay,BS_1,flow_west.4,1,240.0,240.0,greedy_mcs,throughput
56.0,flow_east.3,direct,BS_1,-1,1,240.0,240.0,greedy_mcs,throughput
56.0,flow_east.1,direct,BS_1,-1,1,330.0,330.0,greedy_mcs,throughput
56.0,flow_west.3,relay,BS_1,flow_east.1,1,330.0,330.0,greedy_mcs,throughput
56.0,flow_east.2,relay,BS_1,flow_west.4,1,240.0,240.0,greedy_mcs,throughput
57.0,flow_west.2,direct,BS_1,-1,1,330.0,330.0,greedy_mcs,throughput
57.0,vehicle_1,direct,BS_1,-1,1,240.0,240.0,greedy_mcs,throughput
57.0,flow_east.4,direct,BS_1,-1,1,240.0,240.0,greedy_mcs,throughput
57.0,flow_west.4,direct,BS_1,-1,1,240.0,240.0,greedy_mcs,throughput
57.0,vehicle_0,relay,BS_1,vehicle_1,1,240.0,240.0,greedy_mcs,throughput
57.0,flow_east.3,direct,BS_1,-1,1,240.0,240.0,greedy_mcs,throughput
57.0,flow_east.1,direct,BS_1,-1,1,330.0,330.0,greedy_mcs,throughput
57.0,flow_west.3,direct,BS_1,-1,1,330.0,330.0,greedy_mcs,throughput
57.0,flow_east.2,relay,BS_1,vehicle_1,1,240.0,240.0,greedy_mcs,throughput
58.0,flow_west.2,direct,BS_1,-1,1,330.0,330.0,greedy_mcs,throughput
58.0,vehicle_1,relay,BS_1,flow_east.4,1,240.0,240.0,greedy_mcs,throughput
58.0,flow_east.4,direct,BS_1,-1,1,240.0,240.0,greedy_mcs,throughput
58.0,flow_west.4,direct,BS_1,-1,1,240.0,240.0,greedy_mcs,throughput
58.0,vehicle_0,relay,BS_1,flow_east.4,1,240.0,240.0,greedy_mcs,throughput
58.0,flow_east.3,direct,BS_1,-1,1,240.0,240.0,greedy_mcs,throughput
58.0,flow_east.1,direct,BS_1,-1,1,330.0,330.0,greedy_mcs,throughput
58.0,flow_west.3,direct,BS_1,-1,1,330.0,330.0,greedy_mcs,throughput
58.0,flow_east.2,relay,BS_1,flow_east.4,1,240.0,240.0,greedy_mcs,throughput
59.0,flow_west.2,direct,BS_1,-1,1,330.0,330.0,greedy_mcs,throughput
59.0,vehicle_1,relay,BS_1,flow_east.4,1,240.0,240.0,greedy_mcs,throughput
59.0,flow_east.4,direct,BS_1,-1,1,240.0,240.0,greedy_mcs,throughput
59.0,flow_west.4,direct,BS_1,-1,1,240.0,240.0,greedy_mcs,throughput
59.0,vehicle_0,relay,BS_1,flow_east.4,1,240.0,240.0,greedy_mcs,throughput
59.0,flow_east.3,direct,BS_1,-1,1,240.0,240.0,greedy_mcs,throughput
59.0,flow_east.1,direct,BS_1,-1,1,330.0,330.0,greedy_mcs,throughput
59.0,flow_west.3,direct,BS_1,-1,1,330.0,330.0,greedy_mcs,throughput
59.0,flow_east.2,relay,BS_1,flow_east.4,1,240.0,240.0,greedy_mcs,throughput
60.0,flow_west.2,relay,BS_1,flow_west.5,1,330.0,330.0,greedy_mcs,throughput
60.0,vehicle_1,relay,BS_1,flow_west.4,1,240.0,240.0,greedy_mcs,throughput
60.0,flow_east.4,relay,BS_1,flow_west.4,1,240.0,240.0,greedy_mcs,throughput
60.0,flow_west.4,direct,BS_1,-1,1,240.0,240.0,greedy_mcs,throughput
60.0,vehicle_0,relay,BS_1,flow_west.4,1,240.0,240.0,greedy_mcs,throughput
60.0,flow_east.3,direct,BS_1,-1,1,240.0,240.0,greedy_mcs,throughput
60.0,flow_west.5,direct,BS_1,-1,1,330.0,330.0,greedy_mcs,throughput
60.0,flow_east.1,direct,BS_1,-1,1,330.0,330.0,greedy_mcs,throughput
60.0,flow_east.5,direct,BS_1,-1,1,330.0,330.0,greedy_mcs,throughput
60.0,flow_west.3,direct,BS_1,-1,1,330.0,330.0,greedy_mcs,throughput
61.0,flow_west.2,relay,BS_1,flow_west.5,1,330.0,330.0,greedy_mcs,throughput
61.0,vehicle_1,relay,BS_1,flow_east.3,1,240.0,240.0,greedy_mcs,throughput
61.0,flow_east.4,relay,BS_1,flow_east.3,1,240.0,240.0,greedy_mcs,throughput
61.0,flow_west.4,direct,BS_1,-1,1,240.0,240.0,greedy_mcs,throughput
61.0,flow_east.3,direct,BS_1,-1,1,240.0,240.0,greedy_mcs,throughput
61.0,flow_west.5,direct,BS_1,-1,1,330.0,330.0,greedy_mcs,throughput
61.0,flow_east.1,direct,BS_1,-1,1,330.0,330.0,greedy_mcs,throughput
61.0,flow_east.5,relay,BS_1,flow_east.1,1,330.0,330.0,greedy_mcs,throughput
61.0,flow_west.3,direct,BS_1,-1,1,330.0,330.0,greedy_mcs,throughput
62.0,flow_west.2,direct,BS_1,-1,1,330.0,330.0,greedy_mcs,throughput
62.0,vehicle_1,relay,BS_1,flow_east.3,1,240.0,240.0,greedy_mcs,throughput
62.0,flow_east.4,relay,BS_1,flow_east.3,1,240.0,240.0,greedy_mcs,throughput
62.0,flow_west.4,direct,BS_1,-1,1,240.0,240.0,greedy_mcs,throughput
62.0,flow_east.3,direct,BS_1,-1,1,240.0,240.0,greedy_mcs,throughput
62.0,flow_west.5,relay,BS_1,flow_west.2,1,330.0,330.0,greedy_mcs,throughput
62.0,flow_east.1,direct,BS_1,-1,1,330.0,330.0,greedy_mcs,throughput
62.0,flow_east.5,relay,BS_1,flow_east.1,1,330.0,330.0,greedy_mcs,throughput
62.0,flow_west.3,direct,BS_1,-1,1,330.0,330.0,greedy_mcs,throughput
63.0,flow_west.2,direct,BS_1,-1,1,330.0,330.0,greedy_mcs,throughput
63.0,vehicle_1,relay,BS_1,flow_east.3,1,240.0,240.0,greedy_mcs,throughput
63.0,flow_east.4,relay,BS_1,flow_east.3,1,240.0,240.0,greedy_mcs,throughput
63.0,flow_west.4,direct,BS_1,-1,1,240.0,240.0,greedy_mcs,throughput
63.0,flow_east.3,direct,BS_1,-1,1,240.0,240.0,greedy_mcs,throughput
63.0,flow_west.5,relay,BS_1,flow_west.2,1,330.0,330.0,greedy_mcs,throughput
63.0,flow_east.1,direct,BS_1,-1,1,330.0,330.0,greedy_mcs,throughput
63.0,flow_east.5,relay,BS_1,flow_east.1,1,330.0,330.0,greedy_mcs,throughput
63.0,flow_west.3,direct,BS_1,-1,1,330.0,330.0,greedy_mcs,throughput
64.0,flow_west.2,direct,BS_1,-1,1,330.0,330.0,greedy_mcs,throughput
64.0,vehicle_1,relay,BS_1,flow_east.3,1,240.0,240.0,greedy_mcs,throughput
64.0,flow_east.4,relay,BS_1,flow_east.3,1,240.0,240.0,greedy_mcs,throughput
64.0,flow_west.4,direct,BS_1,-1,1,240.0,240.0,greedy_mcs,throughput
64.0,flow_east.3,direct,BS_1,-1,1,240.0,240.0,greedy_mcs,throughput
64.0,flow_west.5,direct,BS_1,-1,1,330.0,330.0,greedy_mcs,throughput
64.0,flow_east.1,direct,BS_1,-1,1,330.0,330.0,greedy_mcs,throughput
64.0,flow_east.5,relay,BS_1,flow_east.1,1,330.0,330.0,greedy_mcs,throughput
64.0,flow_west.3,direct,BS_1,-1,1,330.0,330.0,greedy_mcs,throughput
65.0,flow_west.2,direct,BS_1,-1,1,330.0,330.0,greedy_mcs,throughput
65.0,flow_east.4,relay,BS_1,flow_east.3,1,240.0,240.0,greedy_mcs,throughput
65.0,flow_west.4,direct,BS_1,-1,1,240.0,240.0,greedy_mcs,throughput
65.0,flow_east.3,direct,BS_1,-1,1,240.0,240.0,greedy_mcs,throughput
65.0,flow_west.5,direct,BS_1,-1,1,330.0,330.0,greedy_mcs,throughput
65.0,flow_east.1,direct,BS_1,-1,1,330.0,330.0,greedy_mcs,throughput
65.0,flow_east.5,direct,BS_1,-1,1,240.0,240.0,greedy_mcs,throughput
65.0,flow_west.3,direct,BS_1,-1,1,330.0,330.0,greedy_mcs,throughput
66.0,flow_west.2,direct,BS_1,-1,1,330.0,330.0,greedy_mcs,throughput
66.0,flow_east.4,relay,BS_1,flow_east.3,1,240.0,240.0,greedy_mcs,throughput
66.0,flow_west.4,relay,BS_1,flow_east.1,1,330.0,330.0,greedy_mcs,throughput
66.0,flow_east.3,direct,BS_1,-1,1,240.0,240.0,greedy_mcs,throughput
66.0,flow_west.5,direct,BS_1,-1,1,330.0,330.0,greedy_mcs,throughput
66.0,flow_east.1,direct,BS_1,-1,1,330.0,330.0,greedy_mcs,throughput
66.0,flow_east.5,direct,BS_1,-1,1,240.0,240.0,greedy_mcs,throughput
66.0,flow_west.3,direct,BS_1,-1,1,330.0,330.0,greedy_mcs,throughput
67.0,flow_west.2,direct,BS_1,-1,1,330.0,330.0,greedy_mcs,throughput
67.0,flow_west.4,relay,BS_1,flow_east.1,1,330.0,330.0,greedy_mcs,throughput
67.0,flow_east.3,relay,BS_1,flow_east.5,1,240.0,240.0,greedy_mcs,throughput
67.0,flow_west.5,direct,BS_1,-1,1,330.0,330.0,greedy_mcs,throughput
67.0,flow_east.1,direct,BS_1,-1,1,330.0,330.0,greedy_mcs,throughput
67.0,flow_east.5,direct,BS_1,-1,1,240.0,240.0,greedy_mcs,throughput
67.0,flow_west.3,direct,BS_1,-1,1,330.0,330.0,greedy_mcs,throughput
68.0,flow_west.2,direct,BS_1,-1,1,330.0,330.0,greedy_mcs,throughput
68.0,flow_west.4,relay,BS_1,flow_east.1,1,330.0,330.0,greedy_mcs,throughput
68.0,flow_east.3,relay,BS_1,flow_east.5,1,240.0,240.0,greedy_mcs,throughput
68.0,flow_west.5,direct,BS_1,-1,1,330.0,330.0,greedy_mcs,throughput
68.0,flow_east.1,direct,BS_1,-1,1,330.0,330.0,greedy_mcs,throughput
68.0,flow_east.5,direct,BS_1,-1,1,240.0,240.0,greedy_mcs,throughput
68.0,flow_west.3,direct,BS_1,-1,1,330.0,330.0,greedy_mcs,throughput
69.0,flow_west.2,direct,BS_1,-1,1,330.0,330.0,greedy_mcs,throughput
69.0,flow_west.4,direct,BS_1,-1,1,240.0,240.0,greedy_mcs,throughput
69.0,flow_east.3,relay,BS_1,flow_east.5,1,240.0,240.0,greedy_mcs,throughput
69.0,flow_west.5,direct,BS_1,-1,1,330.0,330.0,greedy_mcs,throughput
69.0,flow_east.1,direct,BS_1,-1,1,240.0,240.0,greedy_mcs,throughput
69.0,flow_east.5,direct,BS_1,-1,1,240.0,240.0,greedy_mcs,throughput
69.0,flow_west.3,relay,BS_1,flow_west.2,1,330.0,330.0,greedy_mcs,throughput
70.0,flow_west.2,direct,BS_1,-1,1,330.0,330.0,greedy_mcs,throughput
70.0,flow_west.6,direct,BS_1,-1,1,330.0,330.0,greedy_mcs,throughput
70.0,flow_west.4,direct,BS_1,-1,1,330.0,330.0,greedy_mcs,throughput
70.0,flow_east.3,relay,BS_1,flow_east.5,1,240.0,240.0,greedy_mcs,throughput
70.0,flow_east.6,direct,BS_1,-1,1,330.0,330.0,greedy_mcs,throughput
70.0,flow_west.5,direct,BS_1,-1,1,330.0,330.0,greedy_mcs,throughput
70.0,flow_east.1,relay,BS_1,flow_west.4,1,330.0,330.0,greedy_mcs,throughput
70.0,flow_east.5,direct,BS_1,-1,1,240.0,240.0,greedy_mcs,throughput
70.0,flow_west.3,relay,BS_1,flow_west.2,1,330.0,330.0,greedy_mcs,throughput
71.0,flow_west.2,direct,BS_1,-1,1,330.0,330.0,greedy_mcs,throughput
71.0,flow_west.6,direct,BS_1,-1,1,330.0,330.0,greedy_mcs,throughput
71.0,flow_west.4,direct,BS_1,-1,1,330.0,330.0,greedy_mcs,throughput
71.0,flow_east.3,relay,BS_1,flow_east.5,1,240.0,240.0,greedy_mcs,throughput
71.0,flow_east.6,direct,BS_1,-1,1,330.0,330.0,greedy_mcs,throughput
71.0,flow_west.5,direct,BS_1,-1,1,330.0,330.0,greedy_mcs,throughput
71.0,flow_east.1,relay,BS_1,flow_west.4,1,330.0,330.0,greedy_mcs,throughput
71.0,flow_east.5,direct,BS_1,-1,1,240.0,240.0,greedy_mcs,throughput
71.0,flow_west.3,relay,BS_1,flow_west.2,1,330.0,330.0,greedy_mcs,throughput
72.0,flow_west.2,direct,BS_1,-1,1,330.0,330.0,greedy_mcs,throughput
72.0,flow_west.6,direct,BS_1,-1,1,330.0,330.0,greedy_mcs,throughput
72.0,flow_west.4,direct,BS_1,-1,1,330.0,330.0,greedy_mcs,throughput
72.0,flow_east.3,relay,BS_1,flow_east.5,1,240.0,240.0,greedy_mcs,throughput
72.0,flow_east.6,direct,BS_1,-1,1,330.0,330.0,greedy_mcs,throughput
72.0,flow_west.5,direct,BS_1,-1,1,330.0,330.0,greedy_mcs,throughput
72.0,flow_east.1,relay,BS_1,flow_west.4,1,330.0,330.0,greedy_mcs,throughput
72.0,flow_east.5,direct,BS_1,-1,1,240.0,240.0,greedy_mcs,throughput
72.0,flow_west.3,relay,BS_1,flow_west.2,1,330.0,330.0,greedy_mcs,throughput
73.0,flow_west.2,direct,BS_1,-1,1,330.0,330.0,greedy_mcs,throughput
73.0,flow_west.6,direct,BS_1,-1,1,330.0,330.0,greedy_mcs,throughput
73.0,flow_west.4,direct,BS_1,-1,1,330.0,330.0,greedy_mcs,throughput
73.0,flow_east.3,relay,BS_1,flow_east.5,1,240.0,240.0,greedy_mcs,throughput
73.0,flow_east.6,relay,BS_1,flow_west.6,1,330.0,330.0,greedy_mcs,throughput
73.0,flow_west.5,direct,BS_1,-1,1,330.0,330.0,greedy_mcs,throughput
73.0,flow_east.1,direct,BS_1,-1,1,240.0,240.0,greedy_mcs,throughput
73.0,flow_east.5,direct,BS_1,-1,1,240.0,240.0,greedy_mcs,throughput
73.0,flow_west.3,relay,BS_1,flow_west.2,1,330.0,330.0,greedy_mcs,throughput
74.0,flow_west.2,relay,BS_1,flow_west.5,1,330.0,330.0,greedy_mcs,throughput
74.0,flow_west.6,direct,BS_1,-1,1,330.0,330.0,greedy_mcs,throughput
74.0,flow_west.4,direct,BS_1,-1,1,330.0,330.0,greedy_mcs,throughput
74.0,flow_east.3,relay,BS_1,flow_east.5,1,240.0,240.0,greedy_mcs,throughput
74.0,flow_east.6,relay,BS_1,flow_west.4,1,330.0,330.0,greedy_mcs,throughput
74.0,flow_west.5,direct,BS_1,-1,1,330.0,330.0,greedy_mcs,throughput
74.0,flow_east.1,direct,BS_1,-1,1,240.0,240.0,greedy_mcs,throughput
74.0,flow_east.5,direct,BS_1,-1,1,240.0,240.0,greedy_mcs,throughput
74.0,flow_west.3,relay,BS_1,flow_west.5,1,330.0,330.0,greedy_mcs,throughput
75.0,flow_west.2,relay,BS_1,flow_west.5,1,330.0,330.0,greedy_mcs,throughput
75.0,flow_west.6,direct,BS_1,-1,1,330.0,330.0,greedy_mcs,throughput
75.0,flow_west.4,direct,BS_1,-1,1,330.0,330.0,greedy_mcs,throughput
75.0,flow_east.6,direct,BS_1,-1,1,330.0,330.0,greedy_mcs,throughput
75.0,flow_west.5,direct,BS_1,-1,1,330.0,330.0,greedy_mcs,throughput
75.0,flow_east.1,direct,BS_1,-1,1,240.0,240.0,greedy_mcs,throughput
75.0,flow_east.5,relay,BS_1,flow_east.1,1,240.0,240.0,greedy_mcs,throughput
75.0,flow_west.3,relay,BS_1,flow_west.5,1,330.0,330.0,greedy_mcs,throughput
76.0,flow_west.2,relay,BS_1,flow_west.5,1,330.0,330.0,greedy_mcs,throughput
76.0,flow_west.6,direct,BS_1,-1,1,330.0,330.0,greedy_mcs,throughput
76.0,flow_west.4,direct,BS_1,-1,1,330.0,330.0,greedy_mcs,throughput
76.0,flow_east.6,direct,BS_1,-1,1,330.0,330.0,greedy_mcs,throughput
76.0,flow_west.5,direct,BS_1,-1,1,330.0,330.0,greedy_mcs,throughput
76.0,flow_east.1,direct,BS_1,-1,1,240.0,240.0,greedy_mcs,throughput
76.0,flow_east.5,relay,BS_1,flow_east.1,1,240.0,240.0,greedy_mcs,throughput
76.0,flow_west.3,relay,BS_1,flow_west.5,1,330.0,330.0,greedy_mcs,throughput
77.0,flow_west.2,relay,BS_1,flow_west.6,1,330.0,330.0,greedy_mcs,throughput
77.0,flow_west.6,direct,BS_1,-1,1,330.0,330.0,greedy_mcs,throughput
77.0,flow_west.4,direct,BS_1,-1,1,330.0,330.0,greedy_mcs,throughput
77.0,flow_east.6,direct,BS_1,-1,1,330.0,330.0,greedy_mcs,throughput
77.0,flow_west.5,relay,BS_1,flow_west.6,1,330.0,330.0,greedy_mcs,throughput
77.0,flow_east.1,direct,BS_1,-1,1,240.0,240.0,greedy_mcs,throughput
77.0,flow_east.5,relay,BS_1,flow_east.1,1,240.0,240.0,greedy_mcs,throughput
77.0,flow_west.3,direct,BS_1,-1,1,240.0,240.0,greedy_mcs,throughput
78.0,flow_west.2,relay,BS_1,flow_west.6,1,330.0,330.0,greedy_mcs,throughput
78.0,flow_west.6,direct,BS_1,-1,1,330.0,330.0,greedy_mcs,throughput
78.0,flow_west.4,direct,BS_1,-1,1,330.0,330.0,greedy_mcs,throughput
78.0,flow_east.6,direct,BS_1,-1,1,330.0,330.0,greedy_mcs,throughput
78.0,flow_west.5,relay,BS_1,flow_west.6,1,330.0,330.0,greedy_mcs,throughput
78.0,flow_east.1,direct,BS_1,-1,1,240.0,240.0,greedy_mcs,throughput
78.0,flow_east.5,relay,BS_1,flow_east.1,1,240.0,240.0,greedy_mcs,throughput
78.0,flow_west.3,direct,BS_1,-1,1,240.0,240.0,greedy_mcs,throughput
79.0,flow_west.2,relay,BS_1,flow_west.6,1,330.0,330.0,greedy_mcs,throughput
79.0,flow_west.6,direct,BS_1,-1,1,330.0,330.0,greedy_mcs,throughput
79.0,flow_west.4,direct,BS_1,-1,1,330.0,330.0,greedy_mcs,throughput
79.0,flow_east.6,direct,BS_1,-1,1,330.0,330.0,greedy_mcs,throughput
79.0,flow_west.5,relay,BS_1,flow_west.6,1,330.0,330.0,greedy_mcs,throughput
79.0,flow_east.1,direct,BS_1,-1,1,240.0,240.0,greedy_mcs,throughput
79.0,flow_east.5,relay,BS_1,flow_east.1,1,240.0,240.0,greedy_mcs,throughput
79.0,flow_west.3,direct,BS_1,-1,1,240.0,240.0,greedy_mcs,throughput
80.0,flow_west.2,relay,BS_1,flow_west.6,1,330.0,330.0,greedy_mcs,throughput
80.0,flow_west.6,direct,BS_1,-1,1,330.0,330.0,greedy_mcs,throughput
80.0,flow_west.4,relay,BS_1,flow_east.6,1,330.0,330.0,greedy_mcs,throughput
80.0,flow_east.7,relay,BS_1,flow_west.6,1,330.0,330.0,greedy_mcs,throughput
80.0,flow_east.6,direct,BS_1,-1,1,330.0,330.0,greedy_mcs,throughput
80.0,flow_west.5,relay,BS_1,flow_west.6,1,330.0,330.0,greedy_mcs,throughput
80.0,flow_east.1,direct,BS_1,-1,1,240.0,240.0,greedy_mcs,throughput
80.0,flow_east.5,relay,BS_1,flow_east.1,1,240.0,240.0,greedy_mcs,throughput
80.0,flow_west.3,direct,BS_1,-1,1,240.0,240.0,greedy_mcs,throughput
80.0,flow_west.7,relay,BS_1,flow_east.1,1,240.0,240.0,greedy_mcs,throughput
81.0,flow_west.2,direct,BS_1,-1,1,240.0,240.0,greedy_mcs,throughput
81.0,flow_west.6,direct,BS_1,-1,1,240.0,240.0,greedy_mcs,throughput
81.0,flow_west.4,relay,BS_1,flow_east.6,1,240.0,240.0,greedy_mcs,throughput
81.0,flow_east.7,direct,BS_1,-1,1,240.0,240.0,greedy_mcs,throughput
81.0,flow_east.6,direct,BS_1,-1,1,330.0,330.0,greedy_mcs,throughput
81.0,flow_west.5,direct,BS_1,-1,1,240.0,240.0,greedy_mcs,throughput
81.0,flow_east.1,direct,BS_1,-1,1,240.0,240.0,greedy_mcs,throughput
81.0,flow_west.3,direct,BS_1,-1,1,240.0,240.0,greedy_mcs,throughput
81.0,flow_west.7,relay,BS_1,flow_east.1,1,240.0,240.0,greedy_mcs,throughput
82.0,flow_west.2,relay,BS_1,flow_east.7,1,330.0,330.0,greedy_mcs,throughput
82.0,flow_west.6,relay,BS_1,flow_east.7,1,330.0,330.0,greedy_mcs,throughput
82.0,flow_west.4,direct,BS_1,-1,1,330.0,330.0,greedy_mcs,throughput
82.0,flow_east.7,direct,BS_1,-1,1,330.0,330.0,greedy_mcs,throughput
82.0,flow_east.6,direct,BS_1,-1,1,330.0,330.0,greedy_mcs,throughput
82.0,flow_west.5,relay,BS_1,flow_east.7,1,330.0,330.0,greedy_mcs,throughput
82.0,flow_east.1,direct,BS_1,-1,1,240.0,240.0,greedy_mcs,throughput
82.0,flow_west.3,direct,BS_1,-1,1,240.0,240.0,greedy_mcs,throughput
82.0,flow_west.7,relay,BS_1,flow_east.1,1,240.0,240.0,greedy_mcs,throughput
83.0,flow_west.2,direct,BS_1,-1,1,240.0,240.0,greedy_mcs,throughput
83.0,flow_west.6,relay,BS_1,flow_east.7,1,330.0,330.0,greedy_mcs,throughput
83.0,flow_west.4,direct,BS_1,-1,1,330.0,330.0,greedy_mcs,throughput
83.0,flow_east.7,direct,BS_1,-1,1,330.0,330.0,greedy_mcs,throughput
83.0,flow_east.6,direct,BS_1,-1,1,330.0,330.0,greedy_mcs,throughput
83.0,flow_west.5,relay,BS_1,flow_east.7,1,330.0,330.0,greedy_mcs,throughput
83.0,flow_east.1,direct,BS_1,-1,1,240.0,240.0,greedy_mcs,throughput
83.0,flow_west.3,relay,BS_1,flow_west.2,1,240.0,240.0,greedy_mcs,throughput
83.0,flow_west.7,direct,BS_1,-1,1,240.0,240.0,greedy_mcs,throughput
84.0,flow_west.2,direct,BS_1,-1,1,240.0,240.0,greedy_mcs,throughput
84.0,flow_west.6,relay,BS_1,flow_east.7,1,330.0,330.0,greedy_mcs,throughput
84.0,flow_west.4,direct,BS_1,-1,1,330.0,330.0,greedy_mcs,throughput
84.0,flow_east.7,direct,BS_1,-1,1,330.0,330.0,greedy_mcs,throughput
84.0,flow_east.6,direct,BS_1,-1,1,330.0,330.0,greedy_mcs,throughput
84.0,flow_west.5,direct,BS_1,-1,1,240.0,240.0,greedy_mcs,throughput
84.0,flow_east.1,direct,BS_1,-1,1,240.0,240.0,greedy_mcs,throughput
84.0,flow_west.3,relay,BS_1,flow_west.2,1,240.0,240.0,greedy_mcs,throughput
84.0,flow_west.7,direct,BS_1,-1,1,240.0,240.0,greedy_mcs,throughput
85.0,flow_west.2,direct,BS_1,-1,1,240.0,240.0,greedy_mcs,throughput
85.0,flow_west.6,direct,BS_1,-1,1,240.0,240.0,greedy_mcs,throughput
85.0,flow_west.4,direct,BS_1,-1,1,330.0,330.0,greedy_mcs,throughput
85.0,flow_east.7,direct,BS_1,-1,1,330.0,330.0,greedy_mcs,throughput
85.0,flow_east.6,direct,BS_1,-1,1,330.0,330.0,greedy_mcs,throughput
85.0,flow_west.5,direct,BS_1,-1,1,240.0,240.0,greedy_mcs,throughput
85.0,flow_east.1,relay,BS_1,flow_west.7,1,240.0,240.0,greedy_mcs,throughput
85.0,flow_west.3,direct,BS_1,-1,1,240.0,240.0,greedy_mcs,throughput
85.0,flow_west.7,direct,BS_1,-1,1,240.0,240.0,greedy_mcs,throughput
86.0,flow_west.2,direct,BS_1,-1,1,240.0,240.0,greedy_mcs,throughput
86.0,flow_west.6,relay,BS_1,flow_east.7,1,330.0,330.0,greedy_mcs,throughput
86.0,flow_west.4,direct,BS_1,-1,1,330.0,330.0,greedy_mcs,throughput
86.0,flow_east.7,direct,BS_1,-1,1,330.0,330.0,greedy_mcs,throughput
86.0,flow_east.6,direct,BS_1,-1,1,240.0,240.0,greedy_mcs,throughput
86.0,flow_west.5,direct,BS_1,-1,1,240.0,240.0,greedy_mcs,throughput
86.0,flow_east.1,relay,BS_1,flow_west.7,1,240.0,240.0,greedy_mcs,throughput
86.0,flow_west.3,relay,BS_1,flow_west.2,1,240.0,240.0,greedy_mcs,throughput
86.0,flow_west.7,direct,BS_1,-1,1,240.0,240.0,greedy_mcs,throughput
87.0,flow_west.2,direct,BS_1,-1,1,240.0,240.0,greedy_mcs,throughput
87.0,flow_west.6,direct,BS_1,-1,1,240.0,240.0,greedy_mcs,throughput
87.0,flow_west.4,direct,BS_1,-1,1,330.0,330.0,greedy_mcs,throughput
87.0,flow_east.7,direct,BS_1,-1,1,330.0,330.0,greedy_mcs,throughput
87.0,flow_east.6,direct,BS_1,-1,1,240.0,240.0,greedy_mcs,throughput
87.0,flow_west.5,direct,BS_1,-1,1,240.0,240.0,greedy_mcs,throughput
87.0,flow_east.1,relay,BS_1,flow_west.7,1,240.0,240.0,greedy_mcs,throughput
87.0,flow_west.7,direct,BS_1,-1,1,240.0,240.0,greedy_mcs,throughput
88.0,flow_west.2,relay,BS_1,flow_west.5,1,240.0,240.0,greedy_mcs,throughput
88.0,flow_west.6,direct,BS_1,-1,1,240.0,240.0,greedy_mcs,throughput
88.0,flow_west.4,direct,BS_1,-1,1,330.0,330.0,greedy_mcs,throughput
88.0,flow_east.7,direct,BS_1,-1,1,330.0,330.0,greedy_mcs,throughput
88.0,flow_east.6,direct,BS_1,-1,1,240.0,240.0,greedy_mcs,throughput
88.0,flow_west.5,direct,BS_1,-1,1,240.0,240.0,greedy_mcs,throughput
88.0,flow_east.1,relay,BS_1,flow_west.7,1,240.0,240.0,greedy_mcs,throughput
88.0,flow_west.7,direct,BS_1,-1,1,240.0,240.0,greedy_mcs,throughput
89.0,flow_west.2,direct,BS_1,-1,1,240.0,240.0,greedy_mcs,throughput
89.0,flow_west.6,direct,BS_1,-1,1,240.0,240.0,greedy_mcs,throughput
89.0,flow_west.4,direct,BS_1,-1,1,330.0,330.0,greedy_mcs,throughput
89.0,flow_east.7,direct,BS_1,-1,1,330.0,330.0,greedy_mcs,throughput
89.0,flow_east.6,direct,BS_1,-1,1,240.0,240.0,greedy_mcs,throughput
89.0,flow_west.5,direct,BS_1,-1,1,240.0,240.0,greedy_mcs,throughput
89.0,flow_east.1,relay,BS_1,flow_west.7,1,240.0,240.0,greedy_mcs,throughput
89.0,flow_west.7,direct,BS_1,-1,1,240.0,240.0,greedy_mcs,throughput
90.0,flow_west.2,direct,BS_1,-1,1,240.0,240.0,greedy_mcs,throughput
90.0,flow_west.6,direct,BS_1,-1,1,240.0,240.0,greedy_mcs,throughput
90.0,flow_west.4,direct,BS_1,-1,1,330.0,330.0,greedy_mcs,throughput
90.0,flow_east.7,direct,BS_1,-1,1,330.0,330.0,greedy_mcs,throughput
90.0,flow_east.6,direct,BS_1,-1,1,240.0,240.0,greedy_mcs,throughput
90.0,flow_west.5,direct,BS_1,-1,1,240.0,240.0,greedy_mcs,throughput
90.0,flow_east.1,relay,BS_1,flow_west.7,1,240.0,240.0,greedy_mcs,throughput
90.0,flow_west.7,direct,BS_1,-1,1,240.0,240.0,greedy_mcs,throughput
91.0,flow_west.2,direct,BS_1,-1,1,240.0,240.0,greedy_mcs,throughput
91.0,flow_west.6,direct,BS_1,-1,1,240.0,240.0,greedy_mcs,throughput
91.0,flow_west.4,direct,BS_1,-1,1,330.0,330.0,greedy_mcs,throughput
91.0,flow_east.7,direct,BS_1,-1,1,330.0,330.0,greedy_mcs,throughput
91.0,flow_east.6,direct,BS_1,-1,1,240.0,240.0,greedy_mcs,throughput
91.0,flow_west.5,direct,BS_1,-1,1,240.0,240.0,greedy_mcs,throughput
91.0,flow_east.1,direct,BS_1,-1,1,148.0,148.0,greedy_mcs,throughput
91.0,flow_west.7,direct,BS_1,-1,1,240.0,240.0,greedy_mcs,throughput
92.0,flow_west.2,direct,BS_1,-1,1,240.0,240.0,greedy_mcs,throughput
92.0,flow_west.6,direct,BS_1,-1,1,240.0,240.0,greedy_mcs,throughput
92.0,flow_west.4,direct,BS_1,-1,1,330.0,330.0,greedy_mcs,throughput
92.0,flow_east.7,direct,BS_1,-1,1,330.0,330.0,greedy_mcs,throughput
92.0,flow_west.5,relay,BS_1,flow_west.2,1,240.0,240.0,greedy_mcs,throughput
92.0,flow_east.6,direct,BS_1,-1,1,240.0,240.0,greedy_mcs,throughput
92.0,flow_west.7,direct,BS_1,-1,1,240.0,240.0,greedy_mcs,throughput
93.0,flow_west.2,direct,BS_1,-1,1,240.0,240.0,greedy_mcs,throughput
93.0,flow_west.6,direct,BS_1,-1,1,240.0,240.0,greedy_mcs,throughput
93.0,flow_west.4,direct,BS_1,-1,1,330.0,330.0,greedy_mcs,throughput
93.0,flow_east.7,direct,BS_1,-1,1,330.0,330.0,greedy_mcs,throughput
93.0,flow_west.5,relay,BS_1,flow_west.2,1,240.0,240.0,greedy_mcs,throughput
93.0,flow_east.6,direct,BS_1,-1,1,240.0,240.0,greedy_mcs,throughput
93.0,flow_west.7,direct,BS_1,-1,1,240.0,240.0,greedy_mcs,throughput
94.0,flow_west.4,direct,BS_1,-1,1,330.0,330.0,greedy_mcs,throughput
94.0,flow_west.6,direct,BS_1,-1,1,240.0,240.0,greedy_mcs,throughput
94.0,flow_east.7,direct,BS_1,-1,1,330.0,330.0,greedy_mcs,throughput
94.0,flow_east.6,direct,BS_1,-1,1,240.0,240.0,greedy_mcs,throughput
94.0,flow_west.5,relay,BS_1,flow_west.6,1,240.0,240.0,greedy_mcs,throughput
94.0,flow_west.7,direct,BS_1,-1,1,240.0,240.0,greedy_mcs,throughput
95.0,flow_west.4,direct,BS_1,-1,1,240.0,240.0,greedy_mcs,throughput
95.0,flow_west.6,direct,BS_1,-1,1,240.0,240.0,greedy_mcs,throughput
95.0,flow_east.7,relay,BS_1,flow_west.4,1,240.0,240.0,greedy_mcs,throughput
95.0,flow_east.6,direct,BS_1,-1,1,240.0,240.0,greedy_mcs,throughput
95.0,flow_west.5,relay,BS_1,flow_west.6,1,240.0,240.0,greedy_mcs,throughput
95.0,flow_west.7,direct,BS_1,-1,1,240.0,240.0,greedy_mcs,throughput
96.0,flow_west.4,direct,BS_1,-1,1,240.0,240.0,greedy_mcs,throughput
96.0,flow_west.6,direct,BS_1,-1,1,240.0,240.0,greedy_mcs,throughput
96.0,flow_east.7,relay,BS_1,flow_west.7,1,148.0,148.0,greedy_mcs,throughput
96.0,flow_east.6,direct,BS_1,-1,1,240.0,240.0,greedy_mcs,throughput
96.0,flow_west.7,direct,BS_1,-1,1,240.0,240.0,greedy_mcs,throughput
97.0,flow_west.4,direct,BS_1,-1,1,240.0,240.0,greedy_mcs,throughput
97.0,flow_west.6,direct,BS_1,-1,1,240.0,240.0,greedy_mcs,throughput
97.0,flow_east.7,direct,BS_1,-1,1,330.0,330.0,greedy_mcs,throughput
97.0,flow_east.6,direct,BS_1,-1,1,240.0,240.0,greedy_mcs,throughput
97.0,flow_west.7,direct,BS_1,-1,1,330.0,330.0,greedy_mcs,throughput
98.0,flow_west.4,direct,BS_1,-1,1,240.0,240.0,greedy_mcs,throughput
98.0,flow_west.6,direct,BS_1,-1,1,240.0,240.0,greedy_mcs,throughput
98.0,flow_east.7,direct,BS_1,-1,1,330.0,330.0,greedy_mcs,throughput
98.0,flow_east.6,direct,BS_1,-1,1,240.0,240.0,greedy_mcs,throughput
98.0,flow_west.7,direct,BS_1,-1,1,330.0,330.0,greedy_mcs,throughput
99.0,flow_west.4,direct,BS_1,-1,1,240.0,240.0,greedy_mcs,throughput
99.0,flow_west.6,direct,BS_1,-1,1,240.0,240.0,greedy_mcs,throughput
99.0,flow_east.7,direct,BS_1,-1,1,330.0,330.0,greedy_mcs,throughput
99.0,flow_east.6,direct,BS_1,-1,1,240.0,240.0,greedy_mcs,throughput
99.0,flow_west.7,direct,BS_1,-1,1,330.0,330.0,greedy_mcs,throughput
0.0,vehicle_0,direct,BS_1,-1,1,332.93459674819945,148.0,optimal_shannon,throughput
1.0,vehicle_0,direct,BS_1,-1,1,326.6678816851222,148.0,optimal_shannon,throughput
2.0,vehicle_0,direct,BS_1,-1,1,346.76569855226325,240.0,optimal_shannon,throughput
3.0,vehicle_0,direct,BS_1,-1,1,394.2871876821154,240.0,optimal_shannon,throughput
4.0,vehicle_0,direct,BS_1,-1,1,356.16245503513744,240.0,optimal_shannon,throughput
5.0,vehicle_2,direct,BS_1,-1,1,440.08383798794017,240.0,optimal_shannon,throughput
5.0,vehicle_1,relay,BS_1,vehicle_2,1,440.08383798794017,240.0,optimal_shannon,throughput
5.0,vehicle_0,relay,BS_1,vehicle_2,1,440.08383798794017,240.0,optimal_shannon,throughput
6.0,vehicle_2,direct,BS_1,-1,1,461.3610745154105,240.0,optimal_shannon,throughput
6.0,vehicle_1,relay,BS_1,vehicle_2,1,461.3610745154105,240.0,optimal_shannon,throughput
6.0,vehicle_0,relay,BS_1,vehicle_2,1,461.3610745154105,240.0,optimal_shannon,throughput
7.0,vehicle_2,direct,BS_1,-1,1,434.70893851256574,240.0,optimal_shannon,throughput
7.0,vehicle_1,relay,BS_1,vehicle_2,1,434.70893851256574,240.0,optimal_shannon,throughput
7.0,vehicle_0,relay,BS_1,vehicle_2,1,434.70893851256574,240.0,optimal_shannon,throughput
8.0,vehicle_2,direct,BS_1,-1,1,482.7730416834351,240.0,optimal_shannon,throughput
8.0,vehicle_1,relay,BS_1,vehicle_2,1,482.7730416834351,240.0,optimal_shannon,throughput
8.0,vehicle_0,relay,BS_1,vehicle_2,1,482.7730416834351,240.0,optimal_shannon,throughput
9.0,vehicle_2,direct,BS_1,-1,1,465.186697097964,240.0,optimal_shannon,throughput
9.0,vehicle_1,relay,BS_1,vehicle_2,1,465.186697097964,240.0,optimal_shannon,throughput
9.0,vehicle_0,relay,BS_1,vehicle_2,1,465.186697097964,240.0,optimal_shannon,throughput
10.0,vehicle_2,relay,BS_1,flow_west.0,1,480.8505404793837,240.0,optimal_shannon,throughput
10.0,vehicle_1,relay,BS_1,flow_west.0,1,480.8505404793837,240.0,optimal_shannon,throughput
10.0,vehicle_0,relay,BS_1,flow_west.0,1,480.8505404793837,240.0,optimal_shannon,throughput
10.0,flow_west.0,direct,BS_1,-1,1,480.8505404793837,240.0,optimal_shannon,throughput
10.0,flow_east.0,direct,BS_1,-1,1,349.4877176501538,240.0,optimal_shannon,throughput
11.0,vehicle_2,direct,BS_1,-1,1,491.7568921327168,240.0,optimal_shannon,throughput
11.0,vehicle_1,relay,BS_1,vehicle_2,1,491.7568921327168,240.0,optimal_shannon,throughput
11.0,vehicle_0,relay,BS_1,vehicle_2,1,491.7568921327168,240.0,optimal_shannon,throughput
11.0,flow_west.0,relay,BS_1,vehicle_2,1,491.7568921327168,240.0,optimal_shannon,throughput
11.0,flow_east.0,direct,BS_1,-1,1,339.8327773817591,148.0,optimal_shannon,throughput
12.0,vehicle_2,direct,BS_1,-1,1,529.1679669631907,330.0,optimal_shannon,throughput
12.0,vehicle_1,relay,BS_1,vehicle_2,1,529.1679669631907,330.0,optimal_shannon,throughput
12.0,vehicle_0,relay,BS_1,vehicle_2,1,529.1679669631907,330.0,optimal_shannon,throughput
12.0,flow_west.0,relay,BS_1,vehicle_2,1,529.1679669631907,330.0,optimal_shannon,throughput
12.0,flow_east.0,direct,BS_1,-1,1,331.43973651039096,148.0,optimal_shannon,throughput
13.0,vehicle_2,direct,BS_1,-1,1,519.4653593181657,330.0,optimal_shannon,throughput
13.0,vehicle_1,relay,BS_1,vehicle_2,1,519.4653593181657,330.0,optimal_shannon,throughput
13.0,vehicle_0,relay,BS_1,vehicle_2,1,519.4653593181657,330.0,optimal_shannon,throughput
13.0,flow_west.0,relay,BS_1,vehicle_2,1,519.4653593181657,330.0,optimal_shannon,throughput
13.0,flow_east.0,direct,BS_1,-1,1,322.8041503885187,148.0,optimal_shannon,throughput
14.0,vehicle_2,direct,BS_1,-1,1,531.1105801589197,330.0,optimal_shannon,throughput
14.0,vehicle_1,relay,BS_1,vehicle_2,1,531.1105801589197,330.0,optimal_shannon,throughput
14.0,vehicle_0,relay,BS_1,vehicle_2,1,531.1105801589197,330.0,optimal_shannon,throughput
14.0,flow_west.0,relay,BS_1,vehicle_2,1,531.1105801589197,330.0,optimal_shannon,throughput
14.0,flow_east.0,direct,BS_1,-1,1,314.8191920503417,148.0,optimal_shannon,throughput
15.0,vehicle_2,direct,BS_1,-1,1,554.7973163866061,330.0,optimal_shannon,throughput
15.0,vehicle_1,relay,BS_1,vehicle_2,1,554.1471636495645,330.0,optimal_shannon,throughput
15.0,vehicle_0,relay,BS_1,vehicle_2,1,554.7973163866061,330.0,optimal_shannon,throughput
15.0,flow_west.0,relay,BS_1,vehicle_0,1,479.24917949165024,240.0,optimal_shannon,throughput
15.0,flow_east.0,direct,BS_1,-1,1,306.89004368774096,148.0,optimal_shannon,throughput
16.0,vehicle_2,direct,BS_1,-1,1,573.0265756603674,330.0,optimal_shannon,throughput
16.0,vehicle_1,relay,BS_1,vehicle_2,1,552.197092268848,330.0,optimal_shannon,throughput
16.0,vehicle_0,relay,BS_1,vehicle_2,1,573.0265756603674,330.0,optimal_shannon,throughput
16.0,flow_west.0,relay,BS_1,vehicle_0,1,509.458560672318,330.0,optimal_shannon,throughput
16.0,flow_east.0,direct,BS_1,-1,1,299.30986198166704,148.0,optimal_shannon,throughput
17.0,flow_west.0,relay,BS_1,vehicle_1,1,508.16885281930934,330.0,optimal_shannon,throughput
17.0,vehicle_2,direct,BS_1,-1,1,589.3403717052341,330.0,optimal_shannon,throughput
17.0,vehicle_1,relay,BS_1,vehicle_2,1,526.2553344767326,330.0,optimal_shannon,throughput
17.0,vehicle_0,relay,BS_1,vehicle_2,1,589.3403717052341,330.0,optimal_shannon,throughput
18.0,flow_west.0,relay,BS_1,vehicle_1,1,507.2018019280962,330.0,optimal_shannon,throughput
18.0,vehicle_2,direct,BS_1,-1,1,585.0955957394588,330.0,optimal_shannon,throughput
18.0,vehicle_1,relay,BS_1,vehicle_0,1,539.2119801462821,330.0,optimal_shannon,throughput
18.0,vehicle_0,relay,BS_1,vehicle_2,1,585.0955957394588,330.0,optimal_shannon,throughput
19.0,flow_west.0,relay,BS_1,vehicle_1,1,460.7238873646651,240.0,optimal_shannon,throughput
19.0,vehicle_2,direct,BS_1,-1,1,601.4331564336534,330.0,optimal_shannon,throughput
19.0,vehicle_1,relay,BS_1,vehicle_0,1,557.3985645206653,330.0,optimal_shannon,throughput
19.0,vehicle_0,relay,BS_1,vehicle_2,1,601.4331564336534,330.0,optimal_shannon,throughput
20.0,vehicle_2,direct,BS_1,-1,1,610.9225058900546,330.0,optimal_shannon,throughput
20.0,vehicle_1,relay,BS_1,vehicle_0,1,553.4970751947817,330.0,optimal_shannon,throughput
20.0,vehicle_0,relay,BS_1,vehicle_2,1,610.9225058900546,330.0,optimal_shannon,throughput
20.0,flow_west.1,relay,BS_1,vehicle_2,1,610.9225058900546,330.0,optimal_shannon,throughput
20.0,flow_west.0,direct,BS_1,-1,1,395.2191729016103,240.0,optimal_shannon,throughput
20.0,flow_east.1,relay,BS_1,flow_west.0,1,395.2191729016103,240.0,optimal_shannon,throughput
21.0,vehicle_2,direct,BS_1,-1,1,616.1619792154722,330.0,optimal_shannon,throughput
21.0,vehicle_1,relay,BS_1,vehicle_0,1,582.8108547274094,330.0,optimal_shannon,throughput
21.0,vehicle_0,relay,BS_1,vehicle_2,1,616.1619792154722,330.0,optimal_shannon,throughput
21.0,flow_west.1,relay,BS_1,vehicle_2,1,616.1619792154722,330.0,optimal_shannon,throughput
21.0,flow_west.0,relay,BS_1,flow_east.1,1,375.12365277492705,240.0,optimal_shannon,throughput
21.0,flow_east.1,direct,BS_1,-1,1,375.12365277492705,240.0,optimal_shannon,throughput
22.0,vehicle_2,relay,BS_1,flow_west.1,1,638.4587084805578,330.0,optimal_shannon,throughput
22.0,vehicle_1,relay,BS_1,vehicle_0,1,589.0137737735673,330.0,optimal_shannon,throughput
22.0,vehicle_0,relay,BS_1,vehicle_2,1,636.4895707140209,330.0,optimal_shannon,throughput
22.0,flow_west.1,direct,BS_1,-1,1,638.4587084805578,330.0,optimal_shannon,throughput
22.0,flow_west.0,direct,BS_1,-1,1,388.3944384975526,240.0,optimal_shannon,throughput
22.0,flow_east.1,relay,BS_1,flow_west.0,1,388.3944384975526,240.0,optimal_shannon,throughput
23.0,vehicle_2,relay,BS_1,flow_west.1,1,625.3374909751575,330.0,optimal_shannon,throughput
23.0,vehicle_1,relay,BS_1,vehicle_0,1,596.8555597015367,330.0,optimal_shannon,throughput
23.0,vehicle_0,relay,BS_1,flow_west.1,1,625.3374909751575,330.0,optimal_shannon,throughput
23.0,flow_west.1,direct,BS_1,-1,1,625.3374909751575,330.0,optimal_shannon,throughput
23.0,flow_west.0,relay,BS_1,flow_east.1,1,387.1560596625086,240.0,optimal_shannon,throughput
23.0,flow_east.1,direct,BS_1,-1,1,387.1560596625086,240.0,optimal_shannon,throughput
24.0,vehicle_2,relay,BS_1,flow_west.1,1,615.8344321037408,330.0,optimal_shannon,throughput
24.0,vehicle_1,relay,BS_1,flow_west.1,1,615.8344321037408,330.0,optimal_shannon,throughput
24.0,vehicle_0,relay,BS_1,flow_west.1,1,615.8344321037408,330.0,optimal_shannon,throughput
24.0,flow_west.1,direct,BS_1,-1,1,615.8344321037408,330.0,optimal_shannon,throughput
24.0,flow_west.0,relay,BS_1,flow_east.1,1,378.5095708043106,240.0,optimal_shannon,throughput
24.0,flow_east.1,direct,BS_1,-1,1,378.5095708043106,240.0,optimal_shannon,throughput
25.0,vehicle_2,direct,BS_1,-1,1,625.009657602007,330.0,optimal_shannon,throughput
25.0,vehicle_1,relay,BS_1,vehicle_0,1,624.6818341462133,330.0,optimal_shannon,throughput
25.0,vehicle_0,relay,BS_1,vehicle_2,1,625.009657602007,330.0,optimal_shannon,throughput
25.0,flow_west.1,relay,BS_1,vehicle_0,1,624.6818341462133,330.0,optimal_shannon,throughput
25.0,flow_west.0,relay,BS_1,flow_east.1,1,357.379162667208,240.0,optimal_shannon,throughput
25.0,flow_east.1,direct,BS_1,-1,1,357.379162667208,240.0,optimal_shannon,throughput
26.0,vehicle_2,relay,BS_1,vehicle_0,1,621.7318730140526,330.0,optimal_shannon,throughput
26.0,vehicle_1,relay,BS_1,vehicle_0,1,621.7318730140526,330.0,optimal_shannon,throughput
26.0,vehicle_0,direct,BS_1,-1,1,621.7318730140526,330.0,optimal_shannon,throughput
26.0,flow_west.1,relay,BS_1,vehicle_0,1,621.7318730140526,330.0,optimal_shannon,throughput
26.0,flow_west.0,relay,BS_1,flow_east.1,1,373.8939802173695,240.0,optimal_shannon,throughput
26.0,flow_east.1,direct,BS_1,-1,1,373.8939802173695,240.0,optimal_shannon,throughput
27.0,vehicle_2,direct,BS_1,-1,1,611.9046971938343,330.0,optimal_shannon,throughput
27.0,vehicle_1,direct,BS_1,-1,1,614.8518542192005,330.0,optimal_shannon,throughput
27.0,vehicle_0,relay,BS_1,vehicle_1,1,614.8518542192005,330.0,optimal_shannon,throughput
27.0,flow_west.1,relay,BS_1,vehicle_1,1,614.8518542192005,330.0,optimal_shannon,throughput
27.0,flow_west.0,relay,BS_1,flow_east.1,1,415.19669707167,240.0,optimal_shannon,throughput
27.0,flow_east.1,direct,BS_1,-1,1,415.19669707167,240.0,optimal_shannon,throughput
28.0,vehicle_2,direct,BS_1,-1,1,602.0872869068644,330.0,optimal_shannon,throughput
28.0,vehicle_1,direct,BS_1,-1,1,627.3046982380895,330.0,optimal_shannon,throughput
28.0,vehicle_0,relay,BS_1,vehicle_1,1,627.3046982380895,330.0,optimal_shannon,throughput
28.0,flow_west.1,relay,BS_1,vehicle_1,1,627.3046982380895,330.0,optimal_shannon,throughput
28.0,flow_east.1,direct,BS_1,-1,1,395.84072765875015,240.0,optimal_shannon,throughput
29.0,vehicle_2,direct,BS_1,-1,1,590.3202412975794,330.0,optimal_shannon,throughput
29.0,vehicle_1,direct,BS_1,-1,1,621.4041499641611,330.0,optimal_shannon,throughput
29.0,vehicle_0,relay,BS_1,vehicle_1,1,621.4041499641611,330.0,optimal_shannon,throughput
29.0,flow_west.1,direct,BS_1,-1,1,574.6564277327512,330.0,optimal_shannon,throughput
29.0,flow_east.1,direct,BS_1,-1,1,418.9616749211352,240.0,optimal_shannon,throughput
30.0,vehicle_2,relay,BS_1,vehicle_0,1,621.0764370791719,330.0,optimal_shannon,throughput
30.0,flow_west.2,direct,BS_1,-1,1,314.5245080836519,148.0,optimal_shannon,throughput
30.0,vehicle_1,direct,BS_1,-1,1,624.026217075783,330.0,optimal_shannon,throughput
30.0,vehicle_0,relay,BS_1,vehicle_1,1,624.026217075783,330.0,optimal_shannon,throughput
30.0,flow_west.1,direct,BS_1,-1,1,538.563451012997,330.0,optimal_shannon,throughput
30.0,flow_east.1,relay,BS_1,flow_west.1,1,460.086820594162,240.0,optimal_shannon,throughput
30.0,flow_east.2,relay,BS_1,vehicle_0,1,621.0764370791719,330.0,optimal_shannon,throughput
31.0,vehicle_2,relay,BS_1,vehicle_0,1,613.8693720090947,330.0,optimal_shannon,throughput
31.0,flow_west.2,direct,BS_1,-1,1,322.2108167747308,148.0,optimal_shannon,throughput
31.0,vehicle_1,relay,BS_1,vehicle_0,1,613.8693720090947,330.0,optimal_shannon,throughput
31.0,vehicle_0,direct,BS_1,-1,1,613.8693720090947,330.0,optimal_shannon,throughput
31.0,flow_west.1,direct,BS_1,-1,1,520.1116439898908,330.0,optimal_shannon,throughput
31.0,flow_east.1,relay,BS_1,flow_west.1,1,510.7486162257304,330.0,optimal_shannon,throughput
31.0,flow_east.2,relay,BS_1,vehicle_0,1,613.8693720090947,330.0,optimal_shannon,throughput
32.0,vehicle_2,relay,BS_1,vehicle_0,1,604.7042706790123,330.0,optimal_shannon,throughput
32.0,flow_west.2,direct,BS_1,-1,1,329.94660531236724,148.0,optimal_shannon,throughput
32.0,vehicle_1,relay,BS_1,vehicle_0,1,604.7042706790123,330.0,optimal_shannon,throughput
32.0,vehicle_0,direct,BS_1,-1,1,604.7042706790123,330.0,optimal_shannon,throughput
32.0,flow_west.1,direct,BS_1,-1,1,508.8136630946356,330.0,optimal_shannon,throughput
32.0,flow_east.1,relay,BS_1,flow_west.1,1,508.8136630946356,330.0,optimal_shannon,throughput
32.0,flow_east.2,relay,BS_1,vehicle_0,1,604.7042706790123,330.0,optimal_shannon,throughput
33.0,vehicle_2,relay,BS_1,vehicle_0,1,593.2605257125546,330.0,optimal_shannon,throughput
33.0,flow_west.2,direct,BS_1,-1,1,338.02984219621237,148.0,optimal_shannon,throughput
33.0,vehicle_1,direct,BS_1,-1,1,624.3540206300363,330.0,optimal_shannon,throughput
33.0,vehicle_0,relay,BS_1,vehicle_1,1,624.3540206300363,330.0,optimal_shannon,throughput
33.0,flow_west.1,direct,BS_1,-1,1,522.6975882735633,330.0,optimal_shannon,throughput
33.0,flow_east.1,relay,BS_1,flow_west.1,1,522.6975882735633,330.0,optimal_shannon,throughput
33.0,flow_east.2,relay,BS_1,vehicle_0,1,593.2605257125546,330.0,optimal_shannon,throughput
34.0,vehicle_2,relay,BS_1,vehicle_0,1,580.8530207641363,330.0,optimal_shannon,throughput
34.0,flow_west.2,direct,BS_1,-1,1,346.4635648662227,240.0,optimal_shannon,throughput
34.0,vehicle_1,direct,BS_1,-1,1,619.1103745124757,330.0,optimal_shannon,throughput
34.0,vehicle_0,relay,BS_1,vehicle_1,1,619.1103745124757,330.0,optimal_shannon,throughput
34.0,flow_west.1,direct,BS_1,-1,1,506.5572115709057,330.0,optimal_shannon,throughput
34.0,flow_east.1,relay,BS_1,flow_west.1,1,506.5572115709057,330.0,optimal_shannon,throughput
34.0,flow_east.2,relay,BS_1,vehicle_0,1,580.8530207641363,330.0,optimal_shannon,throughput
35.0,vehicle_2,relay,BS_1,vehicle_0,1,567.1620630105467,330.0,optimal_shannon,throughput
35.0,flow_west.2,direct,BS_1,-1,1,355.55445653576396,240.0,optimal_shannon,throughput
35.0,vehicle_1,direct,BS_1,-1,1,611.9046971938343,330.0,optimal_shannon,throughput
35.0,vehicle_0,relay,BS_1,vehicle_1,1,611.9046971938343,330.0,optimal_shannon,throughput
35.0,flow_west.1,direct,BS_1,-1,1,477.0083931204234,240.0,optimal_shannon,throughput
35.0,flow_east.1,relay,BS_1,flow_west.1,1,477.0083931204234,240.0,optimal_shannon,throughput
35.0,flow_east.2,relay,BS_1,vehicle_0,1,567.1620630105467,330.0,optimal_shannon,throughput
36.0,vehicle_2,relay,BS_1,vehicle_0,1,553.4970751947817,330.0,optimal_shannon,throughput
36.0,flow_west.2,relay,BS_1,vehicle_2,1,372.97228192114295,240.0,optimal_shannon,throughput
36.0,vehicle_1,direct,BS_1,-1,1,602.7414637741863,330.0,optimal_shannon,throughput
36.0,vehicle_0,relay,BS_1,vehicle_1,1,602.7414637741863,330.0,optimal_shannon,throughput
36.0,flow_west.1,relay,BS_1,flow_east.1,1,490.1511922608827,240.0,optimal_shannon,throughput
36.0,flow_east.1,direct,BS_1,-1,1,490.1511922608827,240.0,optimal_shannon,throughput
36.0,flow_east.2,relay,BS_1,vehicle_0,1,553.4970751947817,330.0,optimal_shannon,throughput
37.0,vehicle_2,relay,BS_1,vehicle_0,1,539.2119801462821,330.0,optimal_shannon,throughput
37.0,flow_west.2,relay,BS_1,vehicle_2,1,424.6197963873016,240.0,optimal_shannon,throughput
37.0,vehicle_1,direct,BS_1,-1,1,591.9536082625906,330.0,optimal_shannon,throughput
37.0,vehicle_0,relay,BS_1,vehicle_1,1,591.9536082625906,330.0,optimal_shannon,throughput
37.0,flow_west.1,relay,BS_1,flow_east.1,1,482.13210340809536,240.0,optimal_shannon,throughput
37.0,flow_east.1,direct,BS_1,-1,1,482.13210340809536,240.0,optimal_shannon,throughput
37.0,flow_east.2,relay,BS_1,vehicle_0,1,539.2119801462821,330.0,optimal_shannon,throughput
38.0,vehicle_2,relay,BS_1,vehicle_0,1,524.6378825976252,330.0,optimal_shannon,throughput
38.0,flow_west.2,relay,BS_1,vehicle_2,1,464.229892826553,240.0,optimal_shannon,throughput
38.0,vehicle_1,direct,BS_1,-1,1,580.2005163614133,330.0,optimal_shannon,throughput
38.0,vehicle_0,relay,BS_1,vehicle_1,1,580.2005163614133,330.0,optimal_shannon,throughput
38.0,flow_west.1,relay,BS_1,flow_east.1,1,494.9701206968013,240.0,optimal_shannon,throughput
38.0,flow_east.1,direct,BS_1,-1,1,494.9701206968013,240.0,optimal_shannon,throughput
38.0,flow_east.2,relay,BS_1,vehicle_0,1,524.6378825976252,330.0,optimal_shannon,throughput
39.0,vehicle_2,relay,BS_1,vehicle_0,1,510.4260699050956,330.0,optimal_shannon,throughput
39.0,flow_west.2,relay,BS_1,flow_east.2,1,477.6484836316672,240.0,optimal_shannon,throughput
39.0,vehicle_1,direct,BS_1,-1,1,567.8134435728895,330.0,optimal_shannon,throughput
39.0,vehicle_0,relay,BS_1,vehicle_1,1,567.8134435728895,330.0,optimal_shannon,throughput
39.0,flow_west.1,relay,BS_1,flow_east.1,1,499.4726530154481,240.0,optimal_shannon,throughput
39.0,flow_east.1,direct,BS_1,-1,1,499.4726530154481,240.0,optimal_shannon,throughput
39.0,flow_east.2,relay,BS_1,vehicle_1,1,519.4653593181657,330.0,optimal_shannon,throughput
40.0,vehicle_2,relay,BS_1,vehicle_0,1,496.5776363646706,240.0,optimal_shannon,throughput
40.0,flow_west.2,relay,BS_1,vehicle_0,1,474.1293292787434,240.0,optimal_shannon,throughput
40.0,vehicle_1,direct,BS_1,-1,1,554.7973163866061,330.0,optimal_shannon,throughput
40.0,vehicle_0,relay,BS_1,vehicle_1,1,554.7973163866061,330.0,optimal_shannon,throughput
40.0,flow_west.1,relay,BS_1,flow_east.1,1,515.2665056695485,330.0,optimal_shannon,throughput
40.0,flow_east.1,direct,BS_1,-1,1,526.9024513740998,330.0,optimal_shannon,throughput
40.0,flow_west.3,relay,BS_1,vehicle_0,1,496.5776363646706,240.0,optimal_shannon,throughput
40.0,flow_east.2,relay,BS_1,vehicle_1,1,518.8191559100986,330.0,optimal_shannon,throughput
41.0,vehicle_2,relay,BS_1,vehicle_0,1,482.4525595247408,240.0,optimal_shannon,throughput
41.0,flow_west.2,relay,BS_1,vehicle_0,1,482.4525595247408,240.0,optimal_shannon,throughput
41.0,vehicle_1,direct,BS_1,-1,1,541.8068048027193,330.0,optimal_shannon,throughput
41.0,vehicle_0,relay,BS_1,vehicle_1,1,541.8068048027193,330.0,optimal_shannon,throughput
41.0,flow_east.3,direct,BS_1,-1,1,615.5068955513373,330.0,optimal_shannon,throughput
41.0,flow_west.1,relay,BS_1,flow_east.1,1,403.9374318362137,240.0,optimal_shannon,throughput
41.0,flow_east.1,direct,BS_1,-1,1,537.5907913527722,330.0,optimal_shannon,throughput
41.0,flow_west.3,relay,BS_1,vehicle_1,1,532.4060317992868,330.0,optimal_shannon,throughput
41.0,flow_east.2,relay,BS_1,vehicle_1,1,518.8191559100986,330.0,optimal_shannon,throughput
42.0,vehicle_2,relay,BS_1,flow_west.3,1,472.21118956401847,240.0,optimal_shannon,throughput
42.0,flow_west.2,relay,BS_1,flow_west.3,1,472.21118956401847,240.0,optimal_shannon,throughput
42.0,vehicle_1,relay,BS_1,flow_east.3,1,535.6459584717496,330.0,optimal_shannon,throughput
42.0,vehicle_0,relay,BS_1,vehicle_1,1,528.5205810228591,330.0,optimal_shannon,throughput
42.0,flow_east.3,direct,BS_1,-1,1,607.3219836357962,330.0,optimal_shannon,throughput
42.0,flow_west.1,direct,BS_1,-1,1,394.5978030427178,240.0,optimal_shannon,throughput
42.0,flow_east.1,direct,BS_1,-1,1,537.5907913527722,330.0,optimal_shannon,throughput
42.0,flow_west.3,relay,BS_1,vehicle_1,1,528.5205810228591,330.0,optimal_shannon,throughput
42.0,flow_east.2,relay,BS_1,vehicle_1,1,518.1730341202119,330.0,optimal_shannon,throughput
43.0,vehicle_2,relay,BS_1,flow_west.3,1,485.9792833883489,240.0,optimal_shannon,throughput
43.0,flow_west.2,relay,BS_1,vehicle_1,1,515.2665056695485,330.0,optimal_shannon,throughput
43.0,vehicle_1,relay,BS_1,flow_east.3,1,531.758268580473,330.0,optimal_shannon,throughput
43.0,vehicle_0,relay,BS_1,vehicle_1,1,515.2665056695485,330.0,optimal_shannon,throughput
43.0,flow_east.3,direct,BS_1,-1,1,598.4901490165557,330.0,optimal_shannon,throughput
43.0,flow_west.1,direct,BS_1,-1,1,416.4510470245045,240.0,optimal_shannon,throughput
43.0,flow_east.1,direct,BS_1,-1,1,535.9700519808092,330.0,optimal_shannon,throughput
43.0,flow_west.3,relay,BS_1,vehicle_1,1,515.2665056695485,330.0,optimal_shannon,throughput
43.0,flow_east.2,relay,BS_1,vehicle_1,1,515.2665056695485,330.0,optimal_shannon,throughput
44.0,vehicle_2,relay,BS_1,flow_west.2,1,448.9581836940701,240.0,optimal_shannon,throughput
44.0,flow_west.2,relay,BS_1,vehicle_1,1,502.3695520212981,240.0,optimal_shannon,throughput
44.0,vehicle_1,relay,BS_1,flow_east.3,1,529.1679669631907,330.0,optimal_shannon,throughput
44.0,vehicle_0,relay,BS_1,vehicle_1,1,502.3695520212981,240.0,optimal_shannon,throughput
44.0,flow_east.3,direct,BS_1,-1,1,588.3606159779036,330.0,optimal_shannon,throughput
44.0,flow_west.1,direct,BS_1,-1,1,359.81539519362747,240.0,optimal_shannon,throughput
44.0,flow_east.1,direct,BS_1,-1,1,567.1620630105467,330.0,optimal_shannon,throughput
44.0,flow_west.3,relay,BS_1,flow_east.3,1,515.2665056695485,330.0,optimal_shannon,throughput
44.0,flow_east.2,relay,BS_1,vehicle_1,1,502.3695520212981,240.0,optimal_shannon,throughput
45.0,vehicle_2,relay,BS_1,flow_west.2,1,461.67971307457674,240.0,optimal_shannon,throughput
45.0,flow_west.2,relay,BS_1,flow_west.3,1,514.9436619537512,330.0,optimal_shannon,throughput
45.0,vehicle_1,relay,BS_1,flow_east.3,1,525.6082952070537,330.0,optimal_shannon,throughput
45.0,vehicle_0,relay,BS_1,flow_west.3,1,514.9436619537512,330.0,optimal_shannon,throughput
45.0,flow_east.3,direct,BS_1,-1,1,576.9388069963878,330.0,optimal_shannon,throughput
45.0,flow_west.1,direct,BS_1,-1,1,399.8852895903136,240.0,optimal_shannon,throughput
45.0,flow_east.1,direct,BS_1,-1,1,566.8363947811912,330.0,optimal_shannon,throughput
45.0,flow_west.3,relay,BS_1,flow_east.3,1,576.9388069963878,330.0,optimal_shannon,throughput
45.0,flow_east.2,relay,BS_1,vehicle_1,1,488.86707729088545,240.0,optimal_shannon,throughput
46.0,vehicle_2,relay,BS_1,flow_west.2,1,433.4457438524507,240.0,optimal_shannon,throughput
46.0,flow_west.2,relay,BS_1,flow_west.3,1,529.4916884979573,330.0,optimal_shannon,throughput
46.0,vehicle_1,relay,BS_1,flow_west.3,1,529.4916884979573,330.0,optimal_shannon,throughput
46.0,vehicle_0,relay,BS_1,vehicle_1,1,475.4086404500372,240.0,optimal_shannon,throughput
46.0,flow_east.3,direct,BS_1,-1,1,565.5338696369089,330.0,optimal_shannon,throughput
46.0,flow_west.1,direct,BS_1,-1,1,357.379162667208,240.0,optimal_shannon,throughput
46.0,flow_east.1,direct,BS_1,-1,1,591.3002239972949,330.0,optimal_shannon,throughput
46.0,flow_west.3,relay,BS_1,flow_east.3,1,565.5338696369089,330.0,optimal_shannon,throughput
46.0,flow_east.2,relay,BS_1,vehicle_1,1,475.4086404500372,240.0,optimal_shannon,throughput
47.0,vehicle_2,relay,BS_1,vehicle_1,1,426.5086088741244,240.0,optimal_shannon,throughput
47.0,flow_west.2,relay,BS_1,flow_east.3,1,552.8470513061723,330.0,optimal_shannon,throughput
47.0,vehicle_1,relay,BS_1,flow_west.3,1,544.4027476537838,330.0,optimal_shannon,throughput
47.0,vehicle_0,relay,BS_1,flow_west.2,1,487.2624953402165,240.0,optimal_shannon,throughput
47.0,flow_east.3,direct,BS_1,-1,1,552.8470513061723,330.0,optimal_shannon,throughput
47.0,flow_west.1,direct,BS_1,-1,1,336.52922116487616,148.0,optimal_shannon,throughput
47.0,flow_east.1,direct,BS_1,-1,1,586.0749663818073,330.0,optimal_shannon,throughput
47.0,flow_west.3,relay,BS_1,flow_east.3,1,552.8470513061723,330.0,optimal_shannon,throughput
47.0,flow_east.2,relay,BS_1,vehicle_1,1,462.63580792794306,240.0,optimal_shannon,throughput
48.0,vehicle_2,relay,BS_1,vehicle_1,1,424.6197963873016,240.0,optimal_shannon,throughput
48.0,flow_west.2,relay,BS_1,flow_west.3,1,559.3501618493508,330.0,optimal_shannon,throughput
48.0,vehicle_1,relay,BS_1,flow_east.3,1,514.2980373996521,330.0,optimal_shannon,throughput
48.0,vehicle_0,relay,BS_1,flow_west.2,1,452.13385327948134,240.0,optimal_shannon,throughput
48.0,flow_east.3,relay,BS_1,flow_west.3,1,559.3501618493508,330.0,optimal_shannon,throughput
48.0,flow_west.1,direct,BS_1,-1,1,366.53398702832897,240.0,optimal_shannon,throughput
48.0,flow_east.1,direct,BS_1,-1,1,602.7414637741863,330.0,optimal_shannon,throughput
48.0,flow_west.3,direct,BS_1,-1,1,559.3501618493508,330.0,optimal_shannon,throughput
48.0,flow_east.2,relay,BS_1,vehicle_1,1,450.8631993853019,240.0,optimal_shannon,throughput
49.0,vehicle_2,relay,BS_1,vehicle_1,1,420.84631223711045,240.0,optimal_shannon,throughput
49.0,flow_west.2,relay,BS_1,flow_west.3,1,573.6784742961894,330.0,optimal_shannon,throughput
49.0,vehicle_1,relay,BS_1,flow_west.2,1,513.6524969863741,330.0,optimal_shannon,throughput
49.0,vehicle_0,relay,BS_1,vehicle_1,1,439.134591765193,240.0,optimal_shannon,throughput
49.0,flow_east.3,relay,BS_1,flow_west.3,1,573.6784742961894,330.0,optimal_shannon,throughput
49.0,flow_west.1,direct,BS_1,-1,1,367.7584709558008,240.0,optimal_shannon,throughput
49.0,flow_east.1,direct,BS_1,-1,1,602.7414637741863,330.0,optimal_shannon,throughput
49.0,flow_west.3,direct,BS_1,-1,1,573.6784742961894,330.0,optimal_shannon,throughput
49.0,flow_east.2,relay,BS_1,vehicle_1,1,439.134591765193,240.0,optimal_shannon,throughput
50.0,vehicle_2,relay,BS_1,vehicle_1,1,419.9038163766986,240.0,optimal_shannon,throughput
50.0,flow_west.2,relay,BS_1,flow_west.3,1,587.7075091277181,330.0,optimal_shannon,throughput
50.0,vehicle_1,relay,BS_1,flow_east.3,1,505.5904923481261,330.0,optimal_shannon,throughput
50.0,flow_east.4,relay,BS_1,flow_west.2,1,527.2260388274352,330.0,optimal_shannon,throughput
50.0,flow_west.4,relay,BS_1,vehicle_0,1,377.27760031178457,240.0,optimal_shannon,throughput
50.0,vehicle_0,relay,BS_1,flow_east.4,1,449.9105460570236,240.0,optimal_shannon,throughput
50.0,flow_east.3,relay,BS_1,flow_west.3,1,587.7075091277181,330.0,optimal_shannon,throughput
50.0,flow_west.1,direct,BS_1,-1,1,361.6450064745535,240.0,optimal_shannon,throughput
50.0,flow_east.1,direct,BS_1,-1,1,614.1968554089484,330.0,optimal_shannon,throughput
50.0,flow_west.3,direct,BS_1,-1,1,587.7075091277181,330.0,optimal_shannon,throughput
50.0,flow_east.2,relay,BS_1,flow_east.4,1,449.9105460570236,240.0,optimal_shannon,throughput
51.0,vehicle_2,relay,BS_1,vehicle_1,1,415.51022385718545,240.0,optimal_shannon,throughput
51.0,flow_west.2,relay,BS_1,flow_west.3,1,600.4520481669889,330.0,optimal_shannon,throughput
51.0,vehicle_1,relay,BS_1,flow_east.3,1,501.7256358797886,240.0,optimal_shannon,throughput
51.0,flow_east.4,relay,BS_1,flow_east.3,1,503.3355970431181,330.0,optimal_shannon,throughput
51.0,flow_west.4,relay,BS_1,vehicle_0,1,367.7584709558008,240.0,optimal_shannon,throughput
51.0,vehicle_0,relay,BS_1,flow_east.4,1,437.2370384945075,240.0,optimal_shannon,throughput
51.0,flow_east.3,relay,BS_1,flow_west.2,1,541.1579930401035,330.0,optimal_shannon,throughput
51.0,flow_west.1,direct,BS_1,-1,1,352.21474511489504,240.0,optimal_shannon,throughput
51.0,flow_east.1,direct,BS_1,-1,1,630.2561666660467,330.0,optimal_shannon,throughput
51.0,flow_west.3,direct,BS_1,-1,1,600.4520481669889,330.0,optimal_shannon,throughput
51.0,flow_east.2,relay,BS_1,flow_east.4,1,437.2370384945075,240.0,optimal_shannon,throughput
52.0,vehicle_2,relay,BS_1,vehicle_1,1,404.5614985753256,240.0,optimal_shannon,throughput
52.0,flow_west.2,relay,BS_1,flow_west.3,1,611.5772892135293,330.0,optimal_shannon,throughput
52.0,vehicle_1,relay,BS_1,flow_east.3,1,491.1145384006808,240.0,optimal_shannon,throughput
52.0,flow_east.4,relay,BS_1,flow_east.3,1,491.1145384006808,240.0,optimal_shannon,throughput
52.0,flow_west.4,relay,BS_1,vehicle_1,1,397.3954186299013,240.0,optimal_shannon,throughput
52.0,vehicle_0,relay,BS_1,flow_east.4,1,425.5640318684957,240.0,optimal_shannon,throughput
52.0,flow_east.3,relay,BS_1,flow_west.2,1,555.1224167725766,330.0,optimal_shannon,throughput
52.0,flow_east.1,direct,BS_1,-1,1,636.1614130548986,330.0,optimal_shannon,throughput
52.0,flow_west.3,direct,BS_1,-1,1,611.5772892135293,330.0,optimal_shannon,throughput
52.0,flow_east.2,relay,BS_1,flow_east.4,1,425.5640318684957,240.0,optimal_shannon,throughput
53.0,vehicle_2,relay,BS_1,vehicle_1,1,393.6660965639681,240.0,optimal_shannon,throughput
53.0,flow_west.2,relay,BS_1,flow_west.3,1,620.7487343818866,330.0,optimal_shannon,throughput
53.0,vehicle_1,relay,BS_1,flow_east.3,1,479.8896444688973,240.0,optimal_shannon,throughput
53.0,flow_east.4,relay,BS_1,flow_east.3,1,479.8896444688973,240.0,optimal_shannon,throughput
53.0,flow_west.4,relay,BS_1,flow_east.4,1,403.001659624967,240.0,optimal_shannon,throughput
53.0,vehicle_0,relay,BS_1,flow_east.4,1,413.6296739051722,240.0,optimal_shannon,throughput
53.0,flow_east.3,relay,BS_1,flow_west.2,1,534.6737873918274,330.0,optimal_shannon,throughput
53.0,flow_east.1,relay,BS_1,flow_west.3,1,620.7487343818866,330.0,optimal_shannon,throughput
53.0,flow_west.3,direct,BS_1,-1,1,620.7487343818866,330.0,optimal_shannon,throughput
53.0,flow_east.2,relay,BS_1,flow_east.4,1,413.6296739051722,240.0,optimal_shannon,throughput
54.0,vehicle_2,relay,BS_1,vehicle_1,1,383.44562207440975,240.0,optimal_shannon,throughput
54.0,flow_west.2,relay,BS_1,flow_west.3,1,624.026217075783,330.0,optimal_shannon,throughput
54.0,vehicle_1,relay,BS_1,flow_east.3,1,468.0586809409692,240.0,optimal_shannon,throughput
54.0,flow_east.4,relay,BS_1,flow_east.3,1,468.0586809409692,240.0,optimal_shannon,throughput
54.0,flow_west.4,relay,BS_1,flow_east.4,1,402.0662830177585,240.0,optimal_shannon,throughput
54.0,vehicle_0,relay,BS_1,flow_east.4,1,402.0662830177585,240.0,optimal_shannon,throughput
54.0,flow_east.3,direct,BS_1,-1,1,468.0586809409692,240.0,optimal_shannon,throughput
54.0,flow_east.1,relay,BS_1,flow_west.3,1,627.6326004135207,330.0,optimal_shannon,throughput
54.0,flow_west.3,direct,BS_1,-1,1,627.6326004135207,330.0,optimal_shannon,throughput
54.0,flow_east.2,relay,BS_1,flow_east.4,1,402.0662830177585,240.0,optimal_shannon,throughput
55.0,vehicle_2,relay,BS_1,vehicle_1,1,373.58669431504455,240.0,optimal_shannon,throughput
55.0,flow_west.2,direct,BS_1,-1,1,594.24084323702,330.0,optimal_shannon,throughput
55.0,vehicle_1,relay,BS_1,flow_east.3,1,456.5851280360261,240.0,optimal_shannon,throughput
55.0,flow_east.4,relay,BS_1,flow_east.3,1,456.5851280360261,240.0,optimal_shannon,throughput
55.0,flow_west.4,relay,BS_1,flow_east.4,1,391.4937533047362,240.0,optimal_shannon,throughput
55.0,vehicle_0,relay,BS_1,flow_east.4,1,391.4937533047362,240.0,optimal_shannon,throughput
55.0,flow_east.3,direct,BS_1,-1,1,456.5851280360261,240.0,optimal_shannon,throughput
55.0,flow_east.1,relay,BS_1,flow_west.2,1,594.24084323702,330.0,optimal_shannon,throughput
55.0,flow_west.3,relay,BS_1,flow_west.2,1,594.24084323702,330.0,optimal_shannon,throughput
55.0,flow_east.2,relay,BS_1,flow_east.4,1,391.4937533047362,240.0,optimal_shannon,throughput
56.0,flow_west.2,relay,BS_1,flow_east.1,1,623.370639942528,330.0,optimal_shannon,throughput
56.0,vehicle_1,relay,BS_1,flow_east.3,1,445.7857675690306,240.0,optimal_shannon,throughput
56.0,flow_east.4,relay,BS_1,flow_east.3,1,445.7857675690306,240.0,optimal_shannon,throughput
56.0,flow_west.4,relay,BS_1,flow_east.3,1,413.6296739051722,240.0,optimal_shannon,throughput
56.0,vehicle_0,relay,BS_1,flow_east.4,1,380.6674965153172,240.0,optimal_shannon,throughput
56.0,flow_east.3,direct,BS_1,-1,1,445.7857675690306,240.0,optimal_shannon,throughput
56.0,flow_east.1,direct,BS_1,-1,1,623.370639942528,330.0,optimal_shannon,throughput
56.0,flow_west.3,relay,BS_1,flow_east.1,1,623.370639942528,330.0,optimal_shannon,throughput
56.0,flow_east.2,relay,BS_1,flow_east.4,1,380.6674965153172,240.0,optimal_shannon,throughput
57.0,flow_west.2,relay,BS_1,flow_east.1,1,618.7827334229928,330.0,optimal_shannon,throughput
57.0,vehicle_1,relay,BS_1,flow_east.3,1,435.3407505633056,240.0,optimal_shannon,throughput
57.0,flow_east.4,relay,BS_1,flow_east.3,1,435.3407505633056,240.0,optimal_shannon,throughput
57.0,flow_west.4,relay,BS_1,flow_east.3,1,435.3407505633056,240.0,optimal_shannon,throughput
57.0,vehicle_0,relay,BS_1,flow_east.4,1,370.5167731297862,240.0,optimal_shannon,throughput
57.0,flow_east.3,direct,BS_1,-1,1,435.3407505633056,240.0,optimal_shannon,throughput
57.0,flow_east.1,relay,BS_1,flow_west.3,1,639.443399751572,330.0,optimal_shannon,throughput
57.0,flow_west.3,direct,BS_1,-1,1,639.443399751572,330.0,optimal_shannon,throughput
57.0,flow_east.2,relay,BS_1,flow_east.4,1,370.5167731297862,240.0,optimal_shannon,throughput
58.0,flow_west.2,direct,BS_1,-1,1,624.026217075783,330.0,optimal_shannon,throughput
58.0,vehicle_1,relay,BS_1,flow_east.3,1,424.934503470043,240.0,optimal_shannon,throughput
58.0,flow_east.4,relay,BS_1,flow_east.3,1,424.934503470043,240.0,optimal_shannon,throughput
58.0,flow_west.4,relay,BS_1,flow_east.3,1,424.934503470043,240.0,optimal_shannon,throughput
58.0,vehicle_0,relay,BS_1,flow_west.4,1,365.00463249268927,240.0,optimal_shannon,throughput
58.0,flow_east.3,direct,BS_1,-1,1,424.934503470043,240.0,optimal_shannon,throughput
58.0,flow_east.1,relay,BS_1,flow_west.2,1,624.026217075783,330.0,optimal_shannon,throughput
58.0,flow_west.3,direct,BS_1,-1,1,634.8488745126301,330.0,optimal_shannon,throughput
58.0,flow_east.2,relay,BS_1,flow_west.4,1,365.00463249268927,240.0,optimal_shannon,throughput
59.0,flow_west.2,direct,BS_1,-1,1,629.2722569700819,330.0,optimal_shannon,throughput
59.0,vehicle_1,relay,BS_1,flow_east.3,1,414.5697654032509,240.0,optimal_shannon,throughput
59.0,flow_east.4,relay,BS_1,flow_east.3,1,414.5697654032509,240.0,optimal_shannon,throughput
59.0,flow_west.4,relay,BS_1,flow_east.3,1,414.5697654032509,240.0,optimal_shannon,throughput
59.0,vehicle_0,relay,BS_1,flow_west.4,1,375.4312026342536,240.0,optimal_shannon,throughput
59.0,flow_east.3,direct,BS_1,-1,1,414.5697654032509,240.0,optimal_shannon,throughput
59.0,flow_east.1,relay,BS_1,flow_west.2,1,629.2722569700819,330.0,optimal_shannon,throughput
59.0,flow_west.3,relay,BS_1,flow_west.2,1,629.2722569700819,330.0,optimal_shannon,throughput
59.0,flow_east.2,relay,BS_1,flow_west.4,1,375.4312026342536,240.0,optimal_shannon,throughput
60.0,flow_west.2,relay,BS_1,flow_west.5,1,625.9931873847293,330.0,optimal_shannon,throughput
60.0,vehicle_1,relay,BS_1,flow_east.3,1,404.8735972595023,240.0,optimal_shannon,throughput
60.0,flow_east.4,relay,BS_1,flow_east.3,1,404.8735972595023,240.0,optimal_shannon,throughput
60.0,flow_west.4,relay,BS_1,flow_east.3,1,404.8735972595023,240.0,optimal_shannon,throughput
60.0,vehicle_0,relay,BS_1,flow_west.4,1,386.227786417579,240.0,optimal_shannon,throughput
60.0,flow_east.3,relay,BS_1,flow_east.5,1,444.5177274754267,240.0,optimal_shannon,throughput
60.0,flow_west.5,direct,BS_1,-1,1,625.9931873847293,330.0,optimal_shannon,throughput
60.0,flow_east.1,relay,BS_1,flow_west.5,1,625.9931873847293,330.0,optimal_shannon,throughput
60.0,flow_east.5,relay,BS_1,flow_east.1,1,537.2666073669767,330.0,optimal_shannon,throughput
60.0,flow_west.3,direct,BS_1,-1,1,612.8869861177827,330.0,optimal_shannon,throughput
61.0,flow_west.2,relay,BS_1,flow_west.5,1,630.9121543378973,330.0,optimal_shannon,throughput
61.0,vehicle_1,relay,BS_1,flow_west.4,1,397.3954186299013,240.0,optimal_shannon,throughput
61.0,flow_east.4,relay,BS_1,flow_west.4,1,397.3954186299013,240.0,optimal_shannon,throughput
61.0,flow_west.4,relay,BS_1,flow_east.5,1,451.8161418519275,240.0,optimal_shannon,throughput
61.0,flow_east.3,relay,BS_1,flow_east.5,1,448.006114133782,240.0,optimal_shannon,throughput
61.0,flow_west.5,direct,BS_1,-1,1,630.9121543378973,330.0,optimal_shannon,throughput
61.0,flow_east.1,relay,BS_1,flow_west.5,1,610.9225058900546,330.0,optimal_shannon,throughput
61.0,flow_east.5,relay,BS_1,flow_east.1,1,529.4916884979573,330.0,optimal_shannon,throughput
61.0,flow_west.3,direct,BS_1,-1,1,596.2018079278104,330.0,optimal_shannon,throughput
62.0,flow_west.2,direct,BS_1,-1,1,642.0696369877044,330.0,optimal_shannon,throughput
62.0,vehicle_1,relay,BS_1,flow_west.4,1,399.8852895903136,240.0,optimal_shannon,throughput
62.0,flow_east.4,relay,BS_1,flow_west.4,1,408.93480007494657,240.0,optimal_shannon,throughput
62.0,flow_west.4,relay,BS_1,flow_east.5,1,484.0552296268089,240.0,optimal_shannon,throughput
62.0,flow_east.3,relay,BS_1,flow_east.5,1,451.8161418519275,240.0,optimal_shannon,throughput
62.0,flow_west.5,relay,BS_1,flow_west.2,1,642.0696369877044,330.0,optimal_shannon,throughput
62.0,flow_east.1,direct,BS_1,-1,1,573.6784742961894,330.0,optimal_shannon,throughput
62.0,flow_east.5,relay,BS_1,flow_east.1,1,521.727708884227,330.0,optimal_shannon,throughput
62.0,flow_west.3,relay,BS_1,flow_west.2,1,642.0696369877044,330.0,optimal_shannon,throughput
63.0,flow_west.2,direct,BS_1,-1,1,634.5207630042877,330.0,optimal_shannon,throughput
63.0,vehicle_1,relay,BS_1,flow_east.3,1,376.661925860841,240.0,optimal_shannon,throughput
63.0,flow_east.4,relay,BS_1,flow_west.4,1,387.7751520915279,240.0,optimal_shannon,throughput
63.0,flow_west.4,relay,BS_1,flow_east.5,1,470.6135060391421,240.0,optimal_shannon,throughput
63.0,flow_east.3,relay,BS_1,flow_east.5,1,455.94885625257245,240.0,optimal_shannon,throughput
63.0,flow_west.5,relay,BS_1,flow_west.2,1,634.5207630042877,330.0,optimal_shannon,throughput
63.0,flow_east.1,direct,BS_1,-1,1,562.2786027070588,330.0,optimal_shannon,throughput
63.0,flow_east.5,relay,BS_1,flow_east.1,1,514.6208391819343,330.0,optimal_shannon,throughput
63.0,flow_west.3,relay,BS_1,flow_west.2,1,634.5207630042877,330.0,optimal_shannon,throughput
64.0,flow_west.2,relay,BS_1,flow_west.5,1,637.4740986178092,330.0,optimal_shannon,throughput
64.0,vehicle_1,relay,BS_1,flow_east.3,1,368.3710439872822,240.0,optimal_shannon,throughput
64.0,flow_east.4,relay,BS_1,flow_east.3,1,368.3710439872822,240.0,optimal_shannon,throughput
64.0,flow_west.4,relay,BS_1,flow_east.5,1,457.539767541101,240.0,optimal_shannon,throughput
64.0,flow_east.3,relay,BS_1,flow_east.5,1,457.539767541101,240.0,optimal_shannon,throughput
64.0,flow_west.5,direct,BS_1,-1,1,637.4740986178092,330.0,optimal_shannon,throughput
64.0,flow_east.1,direct,BS_1,-1,1,550.2476071337262,330.0,optimal_shannon,throughput
64.0,flow_east.5,relay,BS_1,flow_east.1,1,507.5241302255107,330.0,optimal_shannon,throughput
64.0,flow_west.3,relay,BS_1,flow_west.2,1,612.5595456701654,330.0,optimal_shannon,throughput
65.0,flow_west.2,relay,BS_1,flow_west.5,1,631.2401624718384,330.0,optimal_shannon,throughput
65.0,flow_east.4,relay,BS_1,flow_east.3,1,360.1201861901151,240.0,optimal_shannon,throughput
65.0,flow_west.4,relay,BS_1,flow_east.1,1,499.7944383953201,240.0,optimal_shannon,throughput
65.0,flow_east.3,relay,BS_1,flow_west.4,1,446.10286082263826,240.0,optimal_shannon,throughput
65.0,flow_west.5,direct,BS_1,-1,1,631.2401624718384,330.0,optimal_shannon,throughput
65.0,flow_east.1,direct,BS_1,-1,1,538.563451012997,330.0,optimal_shannon,throughput
65.0,flow_east.5,relay,BS_1,flow_east.1,1,500.4380786695991,240.0,optimal_shannon,throughput
65.0,flow_west.3,relay,BS_1,flow_west.5,1,586.401449173364,330.0,optimal_shannon,throughput
66.0,flow_west.2,relay,BS_1,flow_west.5,1,628.2884339656022,330.0,optimal_shannon,throughput
66.0,flow_east.4,relay,BS_1,flow_east.3,1,352.51805362976535,240.0,optimal_shannon,throughput
66.0,flow_west.4,relay,BS_1,flow_east.1,1,526.5788832431233,330.0,optimal_shannon,throughput
66.0,flow_east.3,relay,BS_1,flow_east.5,1,432.49872596558606,240.0,optimal_shannon,throughput
66.0,flow_west.5,direct,BS_1,-1,1,628.2884339656022,330.0,optimal_shannon,throughput
66.0,flow_east.1,direct,BS_1,-1,1,526.5788832431233,330.0,optimal_shannon,throughput
66.0,flow_east.5,relay,BS_1,flow_east.1,1,493.6845389624826,240.0,optimal_shannon,throughput
66.0,flow_west.3,relay,BS_1,flow_west.2,1,603.3956868289939,330.0,optimal_shannon,throughput
67.0,flow_west.2,relay,BS_1,flow_west.5,1,615.5068955513373,330.0,optimal_shannon,throughput
67.0,flow_west.4,relay,BS_1,flow_east.1,1,515.2665056695485,330.0,optimal_shannon,throughput
67.0,flow_east.3,relay,BS_1,flow_east.5,1,420.53210770653345,240.0,optimal_shannon,throughput
67.0,flow_west.5,direct,BS_1,-1,1,615.5068955513373,330.0,optimal_shannon,throughput
67.0,flow_east.1,direct,BS_1,-1,1,515.2665056695485,330.0,optimal_shannon,throughput
67.0,flow_east.5,relay,BS_1,flow_east.1,1,485.01714130861666,240.0,optimal_shannon,throughput
67.0,flow_west.3,relay,BS_1,flow_west.2,1,586.7279448723722,330.0,optimal_shannon,throughput
68.0,flow_west.2,relay,BS_1,flow_west.5,1,603.7228156123773,330.0,optimal_shannon,throughput
68.0,flow_west.4,relay,BS_1,flow_east.1,1,503.0135593268066,330.0,optimal_shannon,throughput
68.0,flow_east.3,relay,BS_1,flow_east.5,1,408.622143664038,240.0,optimal_shannon,throughput
68.0,flow_west.5,direct,BS_1,-1,1,603.7228156123773,330.0,optimal_shannon,throughput
68.0,flow_east.1,direct,BS_1,-1,1,503.0135593268066,330.0,optimal_shannon,throughput
68.0,flow_east.5,relay,BS_1,flow_west.4,1,486.62083871071206,240.0,optimal_shannon,throughput
68.0,flow_west.3,relay,BS_1,flow_west.2,1,581.5055787842726,330.0,optimal_shannon,throughput
69.0,flow_west.2,relay,BS_1,flow_west.5,1,594.24084323702,330.0,optimal_shannon,throughput
69.0,flow_west.4,direct,BS_1,-1,1,501.0818112970885,240.0,optimal_shannon,throughput
69.0,flow_east.3,relay,BS_1,flow_east.5,1,397.0843889094015,240.0,optimal_shannon,throughput
69.0,flow_west.5,direct,BS_1,-1,1,594.24084323702,330.0,optimal_shannon,throughput
69.0,flow_east.1,relay,BS_1,flow_west.4,1,501.0818112970885,240.0,optimal_shannon,throughput
69.0,flow_east.5,relay,BS_1,flow_east.1,1,473.4898386314426,240.0,optimal_shannon,throughput
69.0,flow_west.3,relay,BS_1,flow_west.2,1,575.6345070028605,330.0,optimal_shannon,throughput
70.0,flow_west.2,relay,BS_1,flow_west.6,1,613.8693720090947,330.0,optimal_shannon,throughput
70.0,flow_west.6,relay,BS_1,flow_east.6,1,627.9605123299674,330.0,optimal_shannon,throughput
70.0,flow_west.4,direct,BS_1,-1,1,516.2351620266729,330.0,optimal_shannon,throughput
70.0,flow_east.3,relay,BS_1,flow_east.5,1,386.5371619835307,240.0,optimal_shannon,throughput
70.0,flow_east.6,direct,BS_1,-1,1,627.9605123299674,330.0,optimal_shannon,throughput
70.0,flow_west.5,relay,BS_1,flow_east.6,1,627.9605123299674,330.0,optimal_shannon,throughput
70.0,flow_east.1,relay,BS_1,flow_west.4,1,516.2351620266729,330.0,optimal_shannon,throughput
70.0,flow_east.5,relay,BS_1,flow_east.1,1,469.01652704013384,240.0,optimal_shannon,throughput
70.0,flow_west.3,relay,BS_1,flow_west.2,1,568.1391558409217,330.0,optimal_shannon,throughput
71.0,flow_west.2,relay,BS_1,flow_west.6,1,609.9404128635113,330.0,optimal_shannon,throughput
71.0,flow_west.6,relay,BS_1,flow_east.6,1,621.4041499641611,330.0,optimal_shannon,throughput
71.0,flow_west.4,direct,BS_1,-1,1,531.4344149995793,330.0,optimal_shannon,throughput
71.0,flow_east.3,relay,BS_1,flow_east.5,1,375.7388049752782,240.0,optimal_shannon,throughput
71.0,flow_east.6,direct,BS_1,-1,1,621.4041499641611,330.0,optimal_shannon,throughput
71.0,flow_west.5,relay,BS_1,flow_west.6,1,609.9404128635113,330.0,optimal_shannon,throughput
71.0,flow_east.1,relay,BS_1,flow_west.4,1,531.4344149995793,330.0,optimal_shannon,throughput
71.0,flow_east.5,relay,BS_1,flow_east.1,1,461.9983815384903,240.0,optimal_shannon,throughput
71.0,flow_west.3,relay,BS_1,flow_west.2,1,555.4475331231832,330.0,optimal_shannon,throughput
72.0,flow_west.2,relay,BS_1,flow_west.6,1,589.3403717052341,330.0,optimal_shannon,throughput
72.0,flow_west.6,relay,BS_1,flow_east.6,1,639.1151603163821,330.0,optimal_shannon,throughput
72.0,flow_west.4,direct,BS_1,-1,1,546.9997892280549,330.0,optimal_shannon,throughput
72.0,flow_east.3,relay,BS_1,flow_east.5,1,365.616206835258,240.0,optimal_shannon,throughput
72.0,flow_east.6,direct,BS_1,-1,1,639.1151603163821,330.0,optimal_shannon,throughput
72.0,flow_west.5,relay,BS_1,flow_west.6,1,589.3403717052341,330.0,optimal_shannon,throughput
72.0,flow_east.1,relay,BS_1,flow_west.4,1,524.3144509104085,330.0,optimal_shannon,throughput
72.0,flow_east.5,relay,BS_1,flow_east.1,1,455.6307669226409,240.0,optimal_shannon,throughput
72.0,flow_west.3,relay,BS_1,flow_west.2,1,521.4044557134728,330.0,optimal_shannon,throughput
73.0,flow_west.2,relay,BS_1,flow_west.6,1,574.6564277327512,330.0,optimal_shannon,throughput
73.0,flow_west.6,direct,BS_1,-1,1,574.6564277327512,330.0,optimal_shannon,throughput
73.0,flow_west.4,direct,BS_1,-1,1,561.9531591071087,330.0,optimal_shannon,throughput
73.0,flow_east.3,relay,BS_1,flow_east.5,1,356.16245503513744,240.0,optimal_shannon,throughput
73.0,flow_east.6,relay,BS_1,flow_west.6,1,574.6564277327512,330.0,optimal_shannon,throughput
73.0,flow_west.5,relay,BS_1,flow_west.6,1,574.6564277327512,330.0,optimal_shannon,throughput
73.0,flow_east.1,relay,BS_1,flow_west.4,1,453.08717843976865,240.0,optimal_shannon,throughput
73.0,flow_east.5,relay,BS_1,flow_east.1,1,446.4199872291918,240.0,optimal_shannon,throughput
73.0,flow_west.3,relay,BS_1,flow_west.2,1,533.3778161585142,330.0,optimal_shannon,throughput
74.0,flow_west.2,relay,BS_1,flow_west.6,1,565.8594786915696,330.0,optimal_shannon,throughput
74.0,flow_west.6,direct,BS_1,-1,1,565.8594786915696,330.0,optimal_shannon,throughput
74.0,flow_west.4,direct,BS_1,-1,1,575.9605612449084,330.0,optimal_shannon,throughput
74.0,flow_east.3,relay,BS_1,flow_east.5,1,347.06789512972296,240.0,optimal_shannon,throughput
74.0,flow_east.6,relay,BS_1,flow_west.4,1,534.6737873918274,330.0,optimal_shannon,throughput
74.0,flow_west.5,relay,BS_1,flow_west.6,1,565.8594786915696,330.0,optimal_shannon,throughput
74.0,flow_east.1,direct,BS_1,-1,1,435.6567100092598,240.0,optimal_shannon,throughput
74.0,flow_east.5,relay,BS_1,flow_east.1,1,435.6567100092598,240.0,optimal_shannon,throughput
74.0,flow_west.3,relay,BS_1,flow_west.5,1,520.4348166892335,330.0,optimal_shannon,throughput
75.0,flow_west.2,relay,BS_1,flow_west.6,1,565.5338696369089,330.0,optimal_shannon,throughput
75.0,flow_west.6,direct,BS_1,-1,1,565.5338696369089,330.0,optimal_shannon,throughput
75.0,flow_west.4,relay,BS_1,flow_east.6,1,623.0428664083857,330.0,optimal_shannon,throughput
75.0,flow_east.6,direct,BS_1,-1,1,623.0428664083857,330.0,optimal_shannon,throughput
75.0,flow_west.5,relay,BS_1,flow_west.6,1,565.5338696369089,330.0,optimal_shannon,throughput
75.0,flow_east.1,direct,BS_1,-1,1,425.5640318684957,240.0,optimal_shannon,throughput
75.0,flow_east.5,relay,BS_1,flow_east.1,1,425.5640318684957,240.0,optimal_shannon,throughput
75.0,flow_west.3,relay,BS_1,flow_west.5,1,522.0509820635123,330.0,optimal_shannon,throughput
76.0,flow_west.2,relay,BS_1,flow_west.6,1,562.6040615150929,330.0,optimal_shannon,throughput
76.0,flow_west.6,direct,BS_1,-1,1,562.6040615150929,330.0,optimal_shannon,throughput
76.0,flow_west.4,relay,BS_1,flow_east.6,1,617.1446836708177,330.0,optimal_shannon,throughput
76.0,flow_east.6,direct,BS_1,-1,1,617.1446836708177,330.0,optimal_shannon,throughput
76.0,flow_west.5,relay,BS_1,flow_west.6,1,562.6040615150929,330.0,optimal_shannon,throughput
76.0,flow_east.1,direct,BS_1,-1,1,415.51022385718545,240.0,optimal_shannon,throughput
76.0,flow_east.5,relay,BS_1,flow_east.1,1,415.51022385718545,240.0,optimal_shannon,throughput
76.0,flow_west.3,relay,BS_1,flow_west.5,1,504.9461243030301,330.0,optimal_shannon,throughput
77.0,flow_west.2,relay,BS_1,flow_west.6,1,523.9910388858158,330.0,optimal_shannon,throughput
77.0,flow_west.6,direct,BS_1,-1,1,523.9910388858158,330.0,optimal_shannon,throughput
77.0,flow_west.4,direct,BS_1,-1,1,613.214437339517,330.0,optimal_shannon,throughput
77.0,flow_east.6,relay,BS_1,flow_west.4,1,613.214437339517,330.0,optimal_shannon,throughput
77.0,flow_west.5,relay,BS_1,flow_west.6,1,523.9910388858158,330.0,optimal_shannon,throughput
77.0,flow_east.1,direct,BS_1,-1,1,405.8101535151694,240.0,optimal_shannon,throughput
77.0,flow_east.5,relay,BS_1,flow_east.1,1,405.8101535151694,240.0,optimal_shannon,throughput
77.0,flow_west.3,relay,BS_1,flow_west.5,1,487.904252843177,240.0,optimal_shannon,throughput
78.0,flow_west.2,relay,BS_1,flow_west.6,1,534.3497669809973,330.0,optimal_shannon,throughput
78.0,flow_west.6,direct,BS_1,-1,1,534.3497669809973,330.0,optimal_shannon,throughput
78.0,flow_west.4,direct,BS_1,-1,1,622.3873495175933,330.0,optimal_shannon,throughput
78.0,flow_east.6,relay,BS_1,flow_west.4,1,622.3873495175933,330.0,optimal_shannon,throughput
78.0,flow_west.5,relay,BS_1,flow_west.6,1,534.3497669809973,330.0,optimal_shannon,throughput
78.0,flow_east.1,direct,BS_1,-1,1,396.15157414274745,240.0,optimal_shannon,throughput
78.0,flow_east.5,relay,BS_1,flow_east.1,1,396.15157414274745,240.0,optimal_shannon,throughput
78.0,flow_west.3,relay,BS_1,flow_west.5,1,496.5776363646706,240.0,optimal_shannon,throughput
79.0,flow_west.2,relay,BS_1,flow_west.6,1,528.1969167006249,330.0,optimal_shannon,throughput
79.0,flow_west.6,direct,BS_1,-1,1,528.1969167006249,330.0,optimal_shannon,throughput
79.0,flow_west.4,direct,BS_1,-1,1,628.9443063073678,330.0,optimal_shannon,throughput
79.0,flow_east.6,relay,BS_1,flow_west.4,1,628.9443063073678,330.0,optimal_shannon,throughput
79.0,flow_west.5,relay,BS_1,flow_west.6,1,528.1969167006249,330.0,optimal_shannon,throughput
79.0,flow_east.1,direct,BS_1,-1,1,386.8465864308504,240.0,optimal_shannon,throughput
79.0,flow_east.5,relay,BS_1,flow_east.1,1,386.8465864308504,240.0,optimal_shannon,throughput
79.0,flow_west.3,relay,BS_1,flow_west.5,1,450.8631993853019,240.0,optimal_shannon,throughput
80.0,flow_west.2,relay,BS_1,flow_west.6,1,515.2665056695485,330.0,optimal_shannon,throughput
80.0,flow_west.6,direct,BS_1,-1,1,515.2665056695485,330.0,optimal_shannon,throughput
80.0,flow_west.4,relay,BS_1,flow_east.6,1,549.5979103767269,330.0,optimal_shannon,throughput
80.0,flow_east.7,relay,BS_1,flow_west.6,1,515.2665056695485,330.0,optimal_shannon,throughput
80.0,flow_east.6,direct,BS_1,-1,1,577.5910397123184,330.0,optimal_shannon,throughput
80.0,flow_west.5,relay,BS_1,flow_west.6,1,515.2665056695485,330.0,optimal_shannon,throughput
80.0,flow_east.1,direct,BS_1,-1,1,378.5095708043106,240.0,optimal_shannon,throughput
80.0,flow_east.5,relay,BS_1,flow_east.1,1,378.5095708043106,240.0,optimal_shannon,throughput
80.0,flow_west.3,relay,BS_1,flow_west.5,1,475.7285366262274,240.0,optimal_shannon,throughput
80.0,flow_west.7,relay,BS_1,flow_east.1,1,378.5095708043106,240.0,optimal_shannon,throughput
81.0,flow_west.2,relay,BS_1,flow_east.7,1,479.8896444688973,240.0,optimal_shannon,throughput
81.0,flow_west.6,relay,BS_1,flow_east.7,1,479.8896444688973,240.0,optimal_shannon,throughput
81.0,flow_west.4,relay,BS_1,flow_east.6,1,467.10109281740176,240.0,optimal_shannon,throughput
81.0,flow_east.7,direct,BS_1,-1,1,479.8896444688973,240.0,optimal_shannon,throughput
81.0,flow_east.6,direct,BS_1,-1,1,564.5571318585858,330.0,optimal_shannon,throughput
81.0,flow_west.5,relay,BS_1,flow_east.7,1,479.8896444688973,240.0,optimal_shannon,throughput
81.0,flow_east.1,direct,BS_1,-1,1,369.903435324211,240.0,optimal_shannon,throughput
81.0,flow_west.3,relay,BS_1,flow_west.5,1,453.405016896485,240.0,optimal_shannon,throughput
81.0,flow_west.7,relay,BS_1,flow_east.1,1,369.903435324211,240.0,optimal_shannon,throughput
82.0,flow_west.2,relay,BS_1,flow_east.7,1,506.23494960688714,330.0,optimal_shannon,throughput
82.0,flow_west.6,relay,BS_1,flow_east.7,1,506.23494960688714,330.0,optimal_shannon,throughput
82.0,flow_west.4,direct,BS_1,-1,1,637.8022928261104,330.0,optimal_shannon,throughput
82.0,flow_east.7,direct,BS_1,-1,1,506.23494960688714,330.0,optimal_shannon,throughput
82.0,flow_east.6,direct,BS_1,-1,1,551.2222759356557,330.0,optimal_shannon,throughput
82.0,flow_west.5,relay,BS_1,flow_east.7,1,506.23494960688714,330.0,optimal_shannon,throughput
82.0,flow_east.1,direct,BS_1,-1,1,362.25533632835936,240.0,optimal_shannon,throughput
82.0,flow_west.3,relay,BS_1,flow_west.5,1,435.6567100092598,240.0,optimal_shannon,throughput
82.0,flow_west.7,relay,BS_1,flow_east.1,1,362.25533632835936,240.0,optimal_shannon,throughput
83.0,flow_west.2,relay,BS_1,flow_east.7,1,482.7730416834351,240.0,optimal_shannon,throughput
83.0,flow_west.6,relay,BS_1,flow_east.7,1,504.9461243030301,330.0,optimal_shannon,throughput
83.0,flow_west.4,direct,BS_1,-1,1,624.026217075783,330.0,optimal_shannon,throughput
83.0,flow_east.7,direct,BS_1,-1,1,504.9461243030301,330.0,optimal_shannon,throughput
83.0,flow_east.6,direct,BS_1,-1,1,538.2392132151006,330.0,optimal_shannon,throughput
83.0,flow_west.5,relay,BS_1,flow_east.7,1,504.9461243030301,330.0,optimal_shannon,throughput
83.0,flow_east.1,direct,BS_1,-1,1,354.6429054869848,240.0,optimal_shannon,throughput
83.0,flow_west.3,relay,BS_1,flow_west.5,1,420.84631223711045,240.0,optimal_shannon,throughput
83.0,flow_west.7,relay,BS_1,flow_east.1,1,354.6429054869848,240.0,optimal_shannon,throughput
84.0,flow_west.2,relay,BS_1,flow_west.6,1,479.8896444688973,240.0,optimal_shannon,throughput
84.0,flow_west.6,relay,BS_1,flow_east.7,1,517.5269943044786,330.0,optimal_shannon,throughput
84.0,flow_west.4,direct,BS_1,-1,1,621.4041499641611,330.0,optimal_shannon,throughput
84.0,flow_east.7,relay,BS_1,flow_west.4,1,546.0257711035626,330.0,optimal_shannon,throughput
84.0,flow_east.6,direct,BS_1,-1,1,523.9910388858158,330.0,optimal_shannon,throughput
84.0,flow_west.5,relay,BS_1,flow_west.6,1,479.8896444688973,240.0,optimal_shannon,throughput
84.0,flow_east.1,relay,BS_1,flow_west.7,1,357.379162667208,240.0,optimal_shannon,throughput
84.0,flow_west.3,relay,BS_1,flow_west.5,1,432.1831257564513,240.0,optimal_shannon,throughput
84.0,flow_west.7,direct,BS_1,-1,1,357.379162667208,240.0,optimal_shannon,throughput
85.0,flow_west.2,relay,BS_1,flow_west.6,1,466.4628448681492,240.0,optimal_shannon,throughput
85.0,flow_west.6,relay,BS_1,flow_east.7,1,491.4357030047008,240.0,optimal_shannon,throughput
85.0,flow_west.4,direct,BS_1,-1,1,605.3586310654136,330.0,optimal_shannon,throughput
85.0,flow_east.7,relay,BS_1,flow_west.4,1,582.4845158276606,330.0,optimal_shannon,throughput
85.0,flow_east.6,direct,BS_1,-1,1,510.7486162257304,330.0,optimal_shannon,throughput
85.0,flow_west.5,relay,BS_1,flow_west.6,1,466.4628448681492,240.0,optimal_shannon,throughput
85.0,flow_east.1,relay,BS_1,flow_west.7,1,366.2280046175333,240.0,optimal_shannon,throughput
85.0,flow_west.3,relay,BS_1,flow_west.5,1,410.49871484968537,240.0,optimal_shannon,throughput
85.0,flow_west.7,direct,BS_1,-1,1,366.2280046175333,240.0,optimal_shannon,throughput
86.0,flow_west.2,relay,BS_1,flow_west.6,1,458.4946836822213,240.0,optimal_shannon,throughput
86.0,flow_west.6,relay,BS_1,flow_east.7,1,509.781042081471,330.0,optimal_shannon,throughput
86.0,flow_west.4,direct,BS_1,-1,1,602.0872869068644,330.0,optimal_shannon,throughput
86.0,flow_east.7,relay,BS_1,flow_west.4,1,602.0872869068644,330.0,optimal_shannon,throughput
86.0,flow_east.6,direct,BS_1,-1,1,497.2208088465663,240.0,optimal_shannon,throughput
86.0,flow_west.5,relay,BS_1,flow_west.6,1,458.4946836822213,240.0,optimal_shannon,throughput
86.0,flow_east.1,relay,BS_1,flow_west.7,1,375.4312026342536,240.0,optimal_shannon,throughput
86.0,flow_west.3,relay,BS_1,flow_west.2,1,403.001659624967,240.0,optimal_shannon,throughput
86.0,flow_west.7,relay,BS_1,flow_east.6,1,391.18360719111,240.0,optimal_shannon,throughput
87.0,flow_west.2,relay,BS_1,flow_west.6,1,452.13385327948134,240.0,optimal_shannon,throughput
87.0,flow_west.6,relay,BS_1,flow_east.7,1,459.1314472672105,240.0,optimal_shannon,throughput
87.0,flow_west.4,direct,BS_1,-1,1,584.4427470435247,330.0,optimal_shannon,throughput
87.0,flow_east.7,relay,BS_1,flow_west.4,1,584.4427470435247,330.0,optimal_shannon,throughput
87.0,flow_east.6,direct,BS_1,-1,1,483.73464385559106,240.0,optimal_shannon,throughput
87.0,flow_west.5,relay,BS_1,flow_west.6,1,452.13385327948134,240.0,optimal_shannon,throughput
87.0,flow_east.1,relay,BS_1,flow_west.7,1,385.6091823186896,240.0,optimal_shannon,throughput
87.0,flow_west.7,relay,BS_1,flow_east.6,1,449.59305951603903,240.0,optimal_shannon,throughput
88.0,flow_west.2,relay,BS_1,flow_west.6,1,438.18565794811985,240.0,optimal_shannon,throughput
88.0,flow_west.6,direct,BS_1,-1,1,438.18565794811985,240.0,optimal_shannon,throughput
88.0,flow_west.4,relay,BS_1,flow_east.7,1,586.0749663818073,330.0,optimal_shannon,throughput
88.0,flow_east.7,direct,BS_1,-1,1,586.0749663818073,330.0,optimal_shannon,throughput
88.0,flow_east.6,direct,BS_1,-1,1,470.6135060391421,240.0,optimal_shannon,throughput
88.0,flow_west.5,relay,BS_1,flow_west.6,1,438.18565794811985,240.0,optimal_shannon,throughput
88.0,flow_east.1,relay,BS_1,flow_west.7,1,395.2191729016103,240.0,optimal_shannon,throughput
88.0,flow_west.7,relay,BS_1,flow_east.6,1,470.6135060391421,240.0,optimal_shannon,throughput
89.0,flow_west.2,relay,BS_1,flow_west.6,1,394.5978030427178,240.0,optimal_shannon,throughput
89.0,flow_west.6,direct,BS_1,-1,1,394.5978030427178,240.0,optimal_shannon,throughput
89.0,flow_west.4,relay,BS_1,flow_east.7,1,594.8944494793539,330.0,optimal_shannon,throughput
89.0,flow_east.7,direct,BS_1,-1,1,594.8944494793539,330.0,optimal_shannon,throughput
89.0,flow_east.6,direct,BS_1,-1,1,458.81305023527017,240.0,optimal_shannon,throughput
89.0,flow_west.5,relay,BS_1,flow_west.6,1,394.5978030427178,240.0,optimal_shannon,throughput
89.0,flow_east.1,relay,BS_1,flow_west.7,1,397.70649392996137,240.0,optimal_shannon,throughput
89.0,flow_west.7,relay,BS_1,flow_east.6,1,458.81305023527017,240.0,optimal_shannon,throughput
90.0,flow_west.2,relay,BS_1,flow_west.6,1,413.6296739051722,240.0,optimal_shannon,throughput
90.0,flow_west.6,direct,BS_1,-1,1,413.6296739051722,240.0,optimal_shannon,throughput
90.0,flow_west.4,relay,BS_1,flow_east.7,1,602.4143695541968,330.0,optimal_shannon,throughput
90.0,flow_east.7,direct,BS_1,-1,1,602.4143695541968,330.0,optimal_shannon,throughput
90.0,flow_east.6,direct,BS_1,-1,1,447.0543392239061,240.0,optimal_shannon,throughput
90.0,flow_west.5,relay,BS_1,flow_west.6,1,413.6296739051722,240.0,optimal_shannon,throughput
90.0,flow_east.1,relay,BS_1,flow_west.7,1,353.7318932154087,240.0,optimal_shannon,throughput
90.0,flow_west.7,relay,BS_1,flow_east.6,1,447.0543392239061,240.0,optimal_shannon,throughput
91.0,flow_west.2,relay,BS_1,flow_west.6,1,384.6816452155144,240.0,optimal_shannon,throughput
91.0,flow_west.6,direct,BS_1,-1,1,384.6816452155144,240.0,optimal_shannon,throughput
91.0,flow_west.4,relay,BS_1,flow_east.7,1,592.2803190516009,330.0,optimal_shannon,throughput
91.0,flow_east.7,direct,BS_1,-1,1,599.7980345889184,330.0,optimal_shannon,throughput
91.0,flow_east.6,direct,BS_1,-1,1,435.0248267064087,240.0,optimal_shannon,throughput
91.0,flow_west.5,relay,BS_1,flow_west.6,1,384.6816452155144,240.0,optimal_shannon,throughput
91.0,flow_east.1,relay,BS_1,flow_west.7,1,316.2937573638574,148.0,optimal_shannon,throughput
91.0,flow_west.7,relay,BS_1,flow_east.6,1,435.0248267064087,240.0,optimal_shannon,throughput
92.0,flow_west.2,relay,BS_1,flow_west.6,1,410.49871484968537,240.0,optimal_shannon,throughput
92.0,flow_west.6,direct,BS_1,-1,1,410.49871484968537,240.0,optimal_shannon,throughput
92.0,flow_west.4,direct,BS_1,-1,1,511.71638426190566,330.0,optimal_shannon,throughput
92.0,flow_east.7,direct,BS_1,-1,1,624.6818341462133,330.0,optimal_shannon,throughput
92.0,flow_west.5,relay,BS_1,flow_west.6,1,410.49871484968537,240.0,optimal_shannon,throughput
92.0,flow_east.6,relay,BS_1,flow_west.7,1,439.76738798902,240.0,optimal_shannon,throughput
92.0,flow_west.7,direct,BS_1,-1,1,439.76738798902,240.0,optimal_shannon,throughput
93.0,flow_west.2,relay,BS_1,flow_west.6,1,363.17125878724937,240.0,optimal_shannon,throughput
93.0,flow_west.6,direct,BS_1,-1,1,363.17125878724937,240.0,optimal_shannon,throughput
93.0,flow_west.4,direct,BS_1,-1,1,521.727708884227,330.0,optimal_shannon,throughput
93.0,flow_east.7,direct,BS_1,-1,1,631.8962072289747,330.0,optimal_shannon,throughput
93.0,flow_west.5,relay,BS_1,flow_west.6,1,363.17125878724937,240.0,optimal_shannon,throughput
93.0,flow_east.6,relay,BS_1,flow_west.7,1,452.13385327948134,240.0,optimal_shannon,throughput
93.0,flow_west.7,direct,BS_1,-1,1,452.13385327948134,240.0,optimal_shannon,throughput
94.0,flow_west.4,direct,BS_1,-1,1,503.979740357832,330.0,optimal_shannon,throughput
94.0,flow_west.6,relay,BS_1,flow_west.4,1,360.1201861901151,240.0,optimal_shannon,throughput
94.0,flow_east.7,direct,BS_1,-1,1,632.5522898299589,330.0,optimal_shannon,throughput
94.0,flow_east.6,relay,BS_1,flow_west.7,1,464.867733041794,240.0,optimal_shannon,throughput
94.0,flow_west.5,relay,BS_1,flow_west.6,1,354.339174713274,240.0,optimal_shannon,throughput
94.0,flow_west.7,direct,BS_1,-1,1,464.867733041794,240.0,optimal_shannon,throughput
95.0,flow_west.4,direct,BS_1,-1,1,493.3632037929179,240.0,optimal_shannon,throughput
95.0,flow_west.6,relay,BS_1,flow_west.4,1,375.12365277492705,240.0,optimal_shannon,throughput
95.0,flow_east.7,relay,BS_1,flow_west.4,1,372.97228192114295,240.0,optimal_shannon,throughput
95.0,flow_east.6,relay,BS_1,flow_west.7,1,477.6484836316672,240.0,optimal_shannon,throughput
95.0,flow_west.5,relay,BS_1,flow_west.6,1,366.53398702832897,240.0,optimal_shannon,throughput
95.0,flow_west.7,direct,BS_1,-1,1,477.6484836316672,240.0,optimal_shannon,throughput
96.0,flow_west.4,direct,BS_1,-1,1,488.54611078762537,240.0,optimal_shannon,throughput
96.0,flow_west.6,relay,BS_1,flow_west.4,1,385.6091823186896,240.0,optimal_shannon,throughput
96.0,flow_east.7,relay,BS_1,flow_west.7,1,339.8327773817591,148.0,optimal_shannon,throughput
96.0,flow_east.6,relay,BS_1,flow_west.7,1,430.6056712478352,240.0,optimal_shannon,throughput
96.0,flow_west.7,direct,BS_1,-1,1,491.1145384006808,240.0,optimal_shannon,throughput
97.0,flow_west.4,direct,BS_1,-1,1,446.4199872291918,240.0,optimal_shannon,throughput
97.0,flow_west.6,relay,BS_1,flow_west.4,1,407.9969580735333,240.0,optimal_shannon,throughput
97.0,flow_east.7,direct,BS_1,-1,1,624.6818341462133,330.0,optimal_shannon,throughput
97.0,flow_east.6,relay,BS_1,flow_west.7,1,378.2015007367229,240.0,optimal_shannon,throughput
97.0,flow_west.7,direct,BS_1,-1,1,504.3018458585228,330.0,optimal_shannon,throughput
98.0,flow_west.4,direct,BS_1,-1,1,466.4628448681492,240.0,optimal_shannon,throughput
98.0,flow_west.6,relay,BS_1,flow_west.4,1,426.8235434059149,240.0,optimal_shannon,throughput
98.0,flow_east.7,direct,BS_1,-1,1,620.4210418951529,330.0,optimal_shannon,throughput
98.0,flow_east.6,direct,BS_1,-1,1,363.78215759761594,240.0,optimal_shannon,throughput
98.0,flow_west.7,direct,BS_1,-1,1,517.8500039432703,330.0,optimal_shannon,throughput
99.0,flow_west.4,direct,BS_1,-1,1,440.7168413999162,240.0,optimal_shannon,throughput
99.0,flow_west.6,relay,BS_1,flow_west.4,1,440.7168413999162,240.0,optimal_shannon,throughput
99.0,flow_east.7,direct,BS_1,-1,1,613.5418993112947,330.0,optimal_shannon,throughput
99.0,flow_east.6,direct,BS_1,-1,1,354.6429054869848,240.0,optimal_shannon,throughput
99.0,flow_west.7,direct,BS_1,-1,1,532.0821408606605,330.0,optimal_shannon,throughput
0.0,vehicle_0,direct,BS_1,-1,1,332.93459674819945,148.0,optimal_shannon,outage
1.0,vehicle_0,direct,BS_1,-1,1,326.6678816851222,148.0,optimal_shannon,outage
2.0,vehicle_0,direct,BS_1,-1,1,346.76569855226325,240.0,optimal_shannon,outage
3.0,vehicle_0,direct,BS_1,-1,1,394.2871876821154,240.0,optimal_shannon,outage
4.0,vehicle_0,direct,BS_1,-1,1,356.16245503513744,240.0,optimal_shannon,outage
5.0,vehicle_2,direct,BS_1,-1,1,440.08383798794017,240.0,optimal_shannon,outage
5.0,vehicle_1,relay,BS_1,vehicle_2,1,440.08383798794017,240.0,optimal_shannon,outage
5.0,vehicle_0,relay,BS_1,vehicle_2,1,440.08383798794017,240.0,optimal_shannon,outage
6.0,vehicle_2,direct,BS_1,-1,1,461.3610745154105,240.0,optimal_shannon,outage
6.0,vehicle_1,relay,BS_1,vehicle_2,1,461.3610745154105,240.0,optimal_shannon,outage
6.0,vehicle_0,relay,BS_1,vehicle_2,1,461.3610745154105,240.0,optimal_shannon,outage
7.0,vehicle_2,direct,BS_1,-1,1,434.70893851256574,240.0,optimal_shannon,outage
7.0,vehicle_1,relay,BS_1,vehicle_2,1,434.70893851256574,240.0,optimal_shannon,outage
7.0,vehicle_0,relay,BS_1,vehicle_2,1,434.70893851256574,240.0,optimal_shannon,outage
8.0,vehicle_2,direct,BS_1,-1,1,482.7730416834351,240.0,optimal_shannon,outage
8.0,vehicle_1,relay,BS_1,vehicle_2,1,482.7730416834351,240.0,optimal_shannon,outage
8.0,vehicle_0,relay,BS_1,vehicle_2,1,482.7730416834351,240.0,optimal_shannon,outage
9.0,vehicle_2,direct,BS_1,-1,1,465.186697097964,240.0,optimal_shannon,outage
9.0,vehicle_1,relay,BS_1,vehicle_2,1,465.186697097964,240.0,optimal_shannon,outage
9.0,vehicle_0,relay,BS_1,vehicle_2,1,465.186697097964,240.0,optimal_shannon,outage
10.0,vehicle_2,relay,BS_1,flow_west.0,1,480.8505404793837,240.0,optimal_shannon,outage
10.0,vehicle_1,relay,BS_1,flow_west.0,1,480.8505404793837,240.0,optimal_shannon,outage
10.0,vehicle_0,relay,BS_1,flow_west.0,1,480.8505404793837,240.0,optimal_shannon,outage
10.0,flow_west.0,direct,BS_1,-1,1,480.8505404793837,240.0,optimal_shannon,outage
10.0,flow_east.0,direct,BS_1,-1,1,349.4877176501538,240.0,optimal_shannon,outage
11.0,vehicle_2,direct,BS_1,-1,1,491.7568921327168,240.0,optimal_shannon,outage
11.0,vehicle_1,relay,BS_1,vehicle_2,1,491.7568921327168,240.0,optimal_shannon,outage
11.0,vehicle_0,relay,BS_1,vehicle_2,1,491.7568921327168,240.0,optimal_shannon,outage
11.0,flow_west.0,relay,BS_1,vehicle_2,1,491.7568921327168,240.0,optimal_shannon,outage
11.0,flow_east.0,direct,BS_1,-1,1,339.8327773817591,148.0,optimal_shannon,outage
12.0,vehicle_2,direct,BS_1,-1,1,529.1679669631907,330.0,optimal_shannon,outage
12.0,vehicle_1,relay,BS_1,vehicle_2,1,529.1679669631907,330.0,optimal_shannon,outage
12.0,vehicle_0,relay,BS_1,vehicle_2,1,529.1679669631907,330.0,optimal_shannon,outage
12.0,flow_west.0,relay,BS_1,vehicle_2,1,529.1679669631907,330.0,optimal_shannon,outage
12.0,flow_east.0,direct,BS_1,-1,1,331.43973651039096,148.0,optimal_shannon,outage
13.0,vehicle_2,direct,BS_1,-1,1,519.4653593181657,330.0,optimal_shannon,outage
13.0,vehicle_1,relay,BS_1,vehicle_2,1,519.4653593181657,330.0,optimal_shannon,outage
13.0,vehicle_0,relay,BS_1,vehicle_2,1,519.4653593181657,330.0,optimal_shannon,outage
13.0,flow_west.0,relay,BS_1,vehicle_2,1,519.4653593181657,330.0,optimal_shannon,outage
13.0,flow_east.0,direct,BS_1,-1,1,322.8041503885187,148.0,optimal_shannon,outage
14.0,vehicle_2,direct,BS_1,-1,1,531.1105801589197,330.0,optimal_shannon,outage
14.0,vehicle_1,relay,BS_1,vehicle_2,1,531.1105801589197,330.0,optimal_shannon,outage
14.0,vehicle_0,relay,BS_1,vehicle_2,1,531.1105801589197,330.0,optimal_shannon,outage
14.0,flow_west.0,relay,BS_1,vehicle_2,1,531.1105801589197,330.0,optimal_shannon,outage
14.0,flow_east.0,direct,BS_1,-1,1,314.8191920503417,148.0,optimal_shannon,outage
15.0,vehicle_2,direct,BS_1,-1,1,554.7973163866061,330.0,optimal_shannon,outage
15.0,vehicle_1,relay,BS_1,vehicle_2,1,554.1471636495645,330.0,optimal_shannon,outage
15.0,vehicle_0,relay,BS_1,vehicle_2,1,554.7973163866061,330.0,optimal_shannon,outage
15.0,flow_west.0,relay,BS_1,vehicle_0,1,479.24917949165024,240.0,optimal_shannon,outage
15.0,flow_east.0,direct,BS_1,-1,1,306.89004368774096,148.0,optimal_shannon,outage
16.0,vehicle_2,direct,BS_1,-1,1,573.0265756603674,330.0,optimal_shannon,outage
16.0,vehicle_1,relay,BS_1,vehicle_2,1,552.197092268848,330.0,optimal_shannon,outage
16.0,vehicle_0,relay,BS_1,vehicle_2,1,573.0265756603674,330.0,optimal_shannon,outage
16.0,flow_west.0,relay,BS_1,vehicle_0,1,509.458560672318,330.0,optimal_shannon,outage
16.0,flow_east.0,direct,BS_1,-1,1,299.30986198166704,148.0,optimal_shannon,outage
17.0,flow_west.0,relay,BS_1,vehicle_1,1,508.16885281930934,330.0,optimal_shannon,outage
17.0,vehicle_2,direct,BS_1,-1,1,589.3403717052341,330.0,optimal_shannon,outage
17.0,vehicle_1,relay,BS_1,vehicle_2,1,526.2553344767326,330.0,optimal_shannon,outage
17.0,vehicle_0,relay,BS_1,vehicle_2,1,589.3403717052341,330.0,optimal_shannon,outage
18.0,flow_west.0,relay,BS_1,vehicle_1,1,507.2018019280962,330.0,optimal_shannon,outage
18.0,vehicle_2,direct,BS_1,-1,1,585.0955957394588,330.0,optimal_shannon,outage
18.0,vehicle_1,relay,BS_1,vehicle_0,1,539.2119801462821,330.0,optimal_shannon,outage
18.0,vehicle_0,relay,BS_1,vehicle_2,1,585.0955957394588,330.0,optimal_shannon,outage
19.0,flow_west.0,relay,BS_1,vehicle_1,1,460.7238873646651,240.0,optimal_shannon,outage
19.0,vehicle_2,direct,BS_1,-1,1,601.4331564336534,330.0,optimal_shannon,outage
19.0,vehicle_1,relay,BS_1,vehicle_0,1,557.3985645206653,330.0,optimal_shannon,outage
19.0,vehicle_0,relay,BS_1,vehicle_2,1,601.4331564336534,330.0,optimal_shannon,outage
20.0,vehicle_2,direct,BS_1,-1,1,610.9225058900546,330.0,optimal_shannon,outage
20.0,vehicle_1,relay,BS_1,vehicle_0,1,553.4970751947817,330.0,optimal_shannon,outage
20.0,vehicle_0,relay,BS_1,vehicle_2,1,610.9225058900546,330.0,optimal_shannon,outage
20.0,flow_west.1,relay,BS_1,vehicle_2,1,610.9225058900546,330.0,optimal_shannon,outage
20.0,flow_west.0,direct,BS_1,-1,1,395.2191729016103,240.0,optimal_shannon,outage
20.0,flow_east.1,relay,BS_1,flow_west.0,1,395.2191729016103,240.0,optimal_shannon,outage
21.0,vehicle_2,direct,BS_1,-1,1,616.1619792154722,330.0,optimal_shannon,outage
21.0,vehicle_1,relay,BS_1,vehicle_0,1,582.8108547274094,330.0,optimal_shannon,outage
21.0,vehicle_0,relay,BS_1,vehicle_2,1,616.1619792154722,330.0,optimal_shannon,outage
21.0,flow_west.1,relay,BS_1,vehicle_2,1,616.1619792154722,330.0,optimal_shannon,outage
21.0,flow_west.0,relay,BS_1,flow_east.1,1,375.12365277492705,240.0,optimal_shannon,outage
21.0,flow_east.1,direct,BS_1,-1,1,375.12365277492705,240.0,optimal_shannon,outage
22.0,vehicle_2,relay,BS_1,flow_west.1,1,638.4587084805578,330.0,optimal_shannon,outage
22.0,vehicle_1,relay,BS_1,vehicle_0,1,589.0137737735673,330.0,optimal_shannon,outage
22.0,vehicle_0,relay,BS_1,vehicle_2,1,636.4895707140209,330.0,optimal_shannon,outage
22.0,flow_west.1,direct,BS_1,-1,1,638.4587084805578,330.0,optimal_shannon,outage
22.0,flow_west.0,direct,BS_1,-1,1,388.3944384975526,240.0,optimal_shannon,outage
22.0,flow_east.1,relay,BS_1,flow_west.0,1,388.3944384975526,240.0,optimal_shannon,outage
23.0,vehicle_2,relay,BS_1,flow_west.1,1,625.3374909751575,330.0,optimal_shannon,outage
23.0,vehicle_1,relay,BS_1,vehicle_0,1,596.8555597015367,330.0,optimal_shannon,outage
23.0,vehicle_0,relay,BS_1,flow_west.1,1,625.3374909751575,330.0,optimal_shannon,outage
23.0,flow_west.1,direct,BS_1,-1,1,625.3374909751575,330.0,optimal_shannon,outage
23.0,flow_west.0,relay,BS_1,flow_east.1,1,387.1560596625086,240.0,optimal_shannon,outage
23.0,flow_east.1,direct,BS_1,-1,1,387.1560596625086,240.0,optimal_shannon,outage
24.0,vehicle_2,relay,BS_1,flow_west.1,1,615.8344321037408,330.0,optimal_shannon,outage
24.0,vehicle_1,relay,BS_1,flow_west.1,1,615.8344321037408,330.0,optimal_shannon,outage
24.0,vehicle_0,relay,BS_1,flow_west.1,1,615.8344321037408,330.0,optimal_shannon,outage
24.0,flow_west.1,direct,BS_1,-1,1,615.8344321037408,330.0,optimal_shannon,outage
24.0,flow_west.0,relay,BS_1,flow_east.1,1,378.5095708043106,240.0,optimal_shannon,outage
24.0,flow_east.1,direct,BS_1,-1,1,378.5095708043106,240.0,optimal_shannon,outage
25.0,vehicle_2,direct,BS_1,-1,1,625.009657602007,330.0,optimal_shannon,outage
25.0,vehicle_1,relay,BS_1,vehicle_0,1,624.6818341462133,330.0,optimal_shannon,outage
25.0,vehicle_0,relay,BS_1,vehicle_2,1,625.009657602007,330.0,optimal_shannon,outage
25.0,flow_west.1,relay,BS_1,vehicle_0,1,624.6818341462133,330.0,optimal_shannon,outage
25.0,flow_west.0,relay,BS_1,flow_east.1,1,357.379162667208,240.0,optimal_shannon,outage
25.0,flow_east.1,direct,BS_1,-1,1,357.379162667208,240.0,optimal_shannon,outage
26.0,vehicle_2,relay,BS_1,vehicle_0,1,621.7318730140526,330.0,optimal_shannon,outage
26.0,vehicle_1,relay,BS_1,vehicle_0,1,621.7318730140526,330.0,optimal_shannon,outage
26.0,vehicle_0,direct,BS_1,-1,1,621.7318730140526,330.0,optimal_shannon,outage
26.0,flow_west.1,relay,BS_1,vehicle_0,1,621.7318730140526,330.0,optimal_shannon,outage
26.0,flow_west.0,relay,BS_1,flow_east.1,1,373.8939802173695,240.0,optimal_shannon,outage
26.0,flow_east.1,direct,BS_1,-1,1,373.8939802173695,240.0,optimal_shannon,outage
27.0,vehicle_2,direct,BS_1,-1,1,611.9046971938343,330.0,optimal_shannon,outage
27.0,vehicle_1,direct,BS_1,-1,1,614.8518542192005,330.0,optimal_shannon,outage
27.0,vehicle_0,relay,BS_1,vehicle_1,1,614.8518542192005,330.0,optimal_shannon,outage
27.0,flow_west.1,relay,BS_1,vehicle_1,1,614.8518542192005,330.0,optimal_shannon,outage
27.0,flow_west.0,relay,BS_1,flow_east.1,1,415.19669707167,240.0,optimal_shannon,outage
27.0,flow_east.1,direct,BS_1,-1,1,415.19669707167,240.0,optimal_shannon,outage
28.0,vehicle_2,direct,BS_1,-1,1,602.0872869068644,330.0,optimal_shannon,outage
28.0,vehicle_1,direct,BS_1,-1,1,627.3046982380895,330.0,optimal_shannon,outage
28.0,vehicle_0,relay,BS_1,vehicle_1,1,627.3046982380895,330.0,optimal_shannon,outage
28.0,flow_west.1,relay,BS_1,vehicle_1,1,627.3046982380895,330.0,optimal_shannon,outage
28.0,flow_east.1,direct,BS_1,-1,1,395.84072765875015,240.0,optimal_shannon,outage
29.0,vehicle_2,direct,BS_1,-1,1,590.3202412975794,330.0,optimal_shannon,outage
29.0,vehicle_1,direct,BS_1,-1,1,621.4041499641611,330.0,optimal_shannon,outage
29.0,vehicle_0,relay,BS_1,vehicle_1,1,621.4041499641611,330.0,optimal_shannon,outage
29.0,flow_west.1,direct,BS_1,-1,1,574.6564277327512,330.0,optimal_shannon,outage
29.0,flow_east.1,direct,BS_1,-1,1,418.9616749211352,240.0,optimal_shannon,outage
30.0,vehicle_2,relay,BS_1,vehicle_0,1,621.0764370791719,330.0,optimal_shannon,outage
30.0,flow_west.2,direct,BS_1,-1,1,314.5245080836519,148.0,optimal_shannon,outage
30.0,vehicle_1,direct,BS_1,-1,1,624.026217075783,330.0,optimal_shannon,outage
30.0,vehicle_0,relay,BS_1,vehicle_1,1,624.026217075783,330.0,optimal_shannon,outage
30.0,flow_west.1,direct,BS_1,-1,1,538.563451012997,330.0,optimal_shannon,outage
30.0,flow_east.1,relay,BS_1,flow_west.1,1,460.086820594162,240.0,optimal_shannon,outage
30.0,flow_east.2,relay,BS_1,vehicle_0,1,621.0764370791719,330.0,optimal_shannon,outage
31.0,vehicle_2,relay,BS_1,vehicle_0,1,613.8693720090947,330.0,optimal_shannon,outage
31.0,flow_west.2,direct,BS_1,-1,1,322.2108167747308,148.0,optimal_shannon,outage
31.0,vehicle_1,relay,BS_1,vehicle_0,1,613.8693720090947,330.0,optimal_shannon,outage
31.0,vehicle_0,direct,BS_1,-1,1,613.8693720090947,330.0,optimal_shannon,outage
31.0,flow_west.1,direct,BS_1,-1,1,520.1116439898908,330.0,optimal_shannon,outage
31.0,flow_east.1,relay,BS_1,flow_west.1,1,510.7486162257304,330.0,optimal_shannon,outage
31.0,flow_east.2,relay,BS_1,vehicle_0,1,613.8693720090947,330.0,optimal_shannon,outage
32.0,vehicle_2,relay,BS_1,vehicle_0,1,604.7042706790123,330.0,optimal_shannon,outage
32.0,flow_west.2,direct,BS_1,-1,1,329.94660531236724,148.0,optimal_shannon,outage
32.0,vehicle_1,relay,BS_1,vehicle_0,1,604.7042706790123,330.0,optimal_shannon,outage
32.0,vehicle_0,direct,BS_1,-1,1,604.7042706790123,330.0,optimal_shannon,outage
32.0,flow_west.1,direct,BS_1,-1,1,508.8136630946356,330.0,optimal_shannon,outage
32.0,flow_east.1,relay,BS_1,flow_west.1,1,508.8136630946356,330.0,optimal_shannon,outage
32.0,flow_east.2,relay,BS_1,vehicle_0,1,604.7042706790123,330.0,optimal_shannon,outage
33.0,vehicle_2,relay,BS_1,vehicle_0,1,593.2605257125546,330.0,optimal_shannon,outage
33.0,flow_west.2,direct,BS_1,-1,1,338.02984219621237,148.0,optimal_shannon,outage
33.0,vehicle_1,direct,BS_1,-1,1,624.3540206300363,330.0,optimal_shannon,outage
33.0,vehicle_0,relay,BS_1,vehicle_1,1,624.3540206300363,330.0,optimal_shannon,outage
33.0,flow_west.1,direct,BS_1,-1,1,522.6975882735633,330.0,optimal_shannon,outage
33.0,flow_east.1,relay,BS_1,flow_west.1,1,522.6975882735633,330.0,optimal_shannon,outage
33.0,flow_east.2,relay,BS_1,vehicle_0,1,593.2605257125546,330.0,optimal_shannon,outage
34.0,vehicle_2,relay,BS_1,vehicle_0,1,580.8530207641363,330.0,optimal_shannon,outage
34.0,flow_west.2,direct,BS_1,-1,1,346.4635648662227,240.0,optimal_shannon,outage
34.0,vehicle_1,direct,BS_1,-1,1,619.1103745124757,330.0,optimal_shannon,outage
34.0,vehicle_0,relay,BS_1,vehicle_1,1,619.1103745124757,330.0,optimal_shannon,outage
34.0,flow_west.1,direct,BS_1,-1,1,506.5572115709057,330.0,optimal_shannon,outage
34.0,flow_east.1,relay,BS_1,flow_west.1,1,506.5572115709057,330.0,optimal_shannon,outage
34.0,flow_east.2,relay,BS_1,vehicle_0,1,580.8530207641363,330.0,optimal_shannon,outage
35.0,vehicle_2,relay,BS_1,vehicle_0,1,567.1620630105467,330.0,optimal_shannon,outage
35.0,flow_west.2,direct,BS_1,-1,1,355.55445653576396,240.0,optimal_shannon,outage
35.0,vehicle_1,direct,BS_1,-1,1,611.9046971938343,330.0,optimal_shannon,outage
35.0,vehicle_0,relay,BS_1,vehicle_1,1,611.9046971938343,330.0,optimal_shannon,outage
35.0,flow_west.1,direct,BS_1,-1,1,477.0083931204234,240.0,optimal_shannon,outage
35.0,flow_east.1,relay,BS_1,flow_west.1,1,477.0083931204234,240.0,optimal_shannon,outage
35.0,flow_east.2,relay,BS_1,vehicle_0,1,567.1620630105467,330.0,optimal_shannon,outage
36.0,vehicle_2,relay,BS_1,vehicle_0,1,553.4970751947817,330.0,optimal_shannon,outage
36.0,flow_west.2,relay,BS_1,vehicle_2,1,372.97228192114295,240.0,optimal_shannon,outage
36.0,vehicle_1,direct,BS_1,-1,1,602.7414637741863,330.0,optimal_shannon,outage
36.0,vehicle_0,relay,BS_1,vehicle_1,1,602.7414637741863,330.0,optimal_shannon,outage
36.0,flow_west.1,relay,BS_1,flow_east.1,1,490.1511922608827,240.0,optimal_shannon,outage
36.0,flow_east.1,direct,BS_1,-1,1,490.1511922608827,240.0,optimal_shannon,outage
36.0,flow_east.2,relay,BS_1,vehicle_0,1,553.4970751947817,330.0,optimal_shannon,outage
37.0,vehicle_2,relay,BS_1,vehicle_0,1,539.2119801462821,330.0,optimal_shannon,outage
37.0,flow_west.2,relay,BS_1,vehicle_2,1,424.6197963873016,240.0,optimal_shannon,outage
37.0,vehicle_1,direct,BS_1,-1,1,591.9536082625906,330.0,optimal_shannon,outage
37.0,vehicle_0,relay,BS_1,vehicle_1,1,591.9536082625906,330.0,optimal_shannon,outage
37.0,flow_west.1,relay,BS_1,flow_east.1,1,482.13210340809536,240.0,optimal_shannon,outage
37.0,flow_east.1,direct,BS_1,-1,1,482.13210340809536,240.0,optimal_shannon,outage
37.0,flow_east.2,relay,BS_1,vehicle_0,1,539.2119801462821,330.0,optimal_shannon,outage
38.0,vehicle_2,relay,BS_1,vehicle_0,1,524.6378825976252,330.0,optimal_shannon,outage
38.0,flow_west.2,relay,BS_1,vehicle_2,1,464.229892826553,240.0,optimal_shannon,outage
38.0,vehicle_1,direct,BS_1,-1,1,580.2005163614133,330.0,optimal_shannon,outage
38.0,vehicle_0,relay,BS_1,vehicle_1,1,580.2005163614133,330.0,optimal_shannon,outage
38.0,flow_west.1,relay,BS_1,flow_east.1,1,494.9701206968013,240.0,optimal_shannon,outage
38.0,flow_east.1,direct,BS_1,-1,1,494.9701206968013,240.0,optimal_shannon,outage
38.0,flow_east.2,relay,BS_1,vehicle_0,1,524.6378825976252,330.0,optimal_shannon,outage
39.0,vehicle_2,relay,BS_1,vehicle_0,1,510.4260699050956,330.0,optimal_shannon,outage
39.0,flow_west.2,relay,BS_1,flow_east.2,1,477.6484836316672,240.0,optimal_shannon,outage
39.0,vehicle_1,direct,BS_1,-1,1,567.8134435728895,330.0,optimal_shannon,outage
39.0,vehicle_0,relay,BS_1,vehicle_1,1,567.8134435728895,330.0,optimal_shannon,outage
39.0,flow_west.1,relay,BS_1,flow_east.1,1,499.4726530154481,240.0,optimal_shannon,outage
39.0,flow_east.1,direct,BS_1,-1,1,499.4726530154481,240.0,optimal_shannon,outage
39.0,flow_east.2,relay,BS_1,vehicle_1,1,519.4653593181657,330.0,optimal_shannon,outage
40.0,vehicle_2,relay,BS_1,vehicle_0,1,496.5776363646706,240.0,optimal_shannon,outage
40.0,flow_west.2,relay,BS_1,vehicle_0,1,474.1293292787434,240.0,optimal_shannon,outage
40.0,vehicle_1,direct,BS_1,-1,1,554.7973163866061,330.0,optimal_shannon,outage
40.0,vehicle_0,relay,BS_1,vehicle_1,1,554.7973163866061,330.0,optimal_shannon,outage
40.0,flow_west.1,relay,BS_1,flow_east.1,1,515.2665056695485,330.0,optimal_shannon,outage
40.0,flow_east.1,direct,BS_1,-1,1,526.9024513740998,330.0,optimal_shannon,outage
40.0,flow_west.3,relay,BS_1,vehicle_0,1,496.5776363646706,240.0,optimal_shannon,outage
40.0,flow_east.2,relay,BS_1,vehicle_1,1,518.8191559100986,330.0,optimal_shannon,outage
41.0,vehicle_2,relay,BS_1,vehicle_0,1,482.4525595247408,240.0,optimal_shannon,outage
41.0,flow_west.2,relay,BS_1,vehicle_0,1,482.4525595247408,240.0,optimal_shannon,outage
41.0,vehicle_1,direct,BS_1,-1,1,541.8068048027193,330.0,optimal_shannon,outage
41.0,vehicle_0,relay,BS_1,vehicle_1,1,541.8068048027193,330.0,optimal_shannon,outage
41.0,flow_east.3,direct,BS_1,-1,1,615.5068955513373,330.0,optimal_shannon,outage
41.0,flow_west.1,relay,BS_1,flow_east.1,1,403.9374318362137,240.0,optimal_shannon,outage
41.0,flow_east.1,direct,BS_1,-1,1,537.5907913527722,330.0,optimal_shannon,outage
41.0,flow_west.3,relay,BS_1,vehicle_1,1,532.4060317992868,330.0,optimal_shannon,outage
41.0,flow_east.2,relay,BS_1,vehicle_1,1,518.8191559100986,330.0,optimal_shannon,outage
42.0,vehicle_2,relay,BS_1,flow_west.3,1,472.21118956401847,240.0,optimal_shannon,outage
42.0,flow_west.2,relay,BS_1,flow_west.3,1,472.21118956401847,240.0,optimal_shannon,outage
42.0,vehicle_1,relay,BS_1,flow_east.3,1,535.6459584717496,330.0,optimal_shannon,outage
42.0,vehicle_0,relay,BS_1,vehicle_1,1,528.5205810228591,330.0,optimal_shannon,outage
42.0,flow_east.3,direct,BS_1,-1,1,607.3219836357962,330.0,optimal_shannon,outage
42.0,flow_west.1,direct,BS_1,-1,1,394.5978030427178,240.0,optimal_shannon,outage
42.0,flow_east.1,direct,BS_1,-1,1,537.5907913527722,330.0,optimal_shannon,outage
42.0,flow_west.3,relay,BS_1,vehicle_1,1,528.5205810228591,330.0,optimal_shannon,outage
42.0,flow_east.2,relay,BS_1,vehicle_1,1,518.1730341202119,330.0,optimal_shannon,outage
43.0,vehicle_2,relay,BS_1,flow_west.3,1,485.9792833883489,240.0,optimal_shannon,outage
43.0,flow_west.2,relay,BS_1,vehicle_1,1,515.2665056695485,330.0,optimal_shannon,outage
43.0,vehicle_1,relay,BS_1,flow_east.3,1,531.758268580473,330.0,optimal_shannon,outage
43.0,vehicle_0,relay,BS_1,vehicle_1,1,515.2665056695485,330.0,optimal_shannon,outage
43.0,flow_east.3,direct,BS_1,-1,1,598.4901490165557,330.0,optimal_shannon,outage
43.0,flow_west.1,direct,BS_1,-1,1,416.4510470245045,240.0,optimal_shannon,outage
43.0,flow_east.1,direct,BS_1,-1,1,535.9700519808092,330.0,optimal_shannon,outage
43.0,flow_west.3,relay,BS_1,vehicle_1,1,515.2665056695485,330.0,optimal_shannon,outage
43.0,flow_east.2,relay,BS_1,vehicle_1,1,515.2665056695485,330.0,optimal_shannon,outage
44.0,vehicle_2,relay,BS_1,flow_west.2,1,448.9581836940701,240.0,optimal_shannon,outage
44.0,flow_west.2,relay,BS_1,vehicle_1,1,502.3695520212981,240.0,optimal_shannon,outage
44.0,vehicle_1,relay,BS_1,flow_east.3,1,529.1679669631907,330.0,optimal_shannon,outage
44.0,vehicle_0,relay,BS_1,vehicle_1,1,502.3695520212981,240.0,optimal_shannon,outage
44.0,flow_east.3,direct,BS_1,-1,1,588.3606159779036,330.0,optimal_shannon,outage
44.0,flow_west.1,direct,BS_1,-1,1,359.81539519362747,240.0,optimal_shannon,outage
44.0,flow_east.1,direct,BS_1,-1,1,567.1620630105467,330.0,optimal_shannon,outage
44.0,flow_west.3,relay,BS_1,flow_east.3,1,515.2665056695485,330.0,optimal_shannon,outage
44.0,flow_east.2,relay,BS_1,vehicle_1,1,502.3695520212981,240.0,optimal_shannon,outage
45.0,vehicle_2,relay,BS_1,flow_west.2,1,461.67971307457674,240.0,optimal_shannon,outage
45.0,flow_west.2,relay,BS_1,flow_west.3,1,514.9436619537512,330.0,optimal_shannon,outage
45.0,vehicle_1,relay,BS_1,flow_east.3,1,525.6082952070537,330.0,optimal_shannon,outage
45.0,vehicle_0,relay,BS_1,flow_west.3,1,514.9436619537512,330.0,optimal_shannon,outage
45.0,flow_east.3,direct,BS_1,-1,1,576.9388069963878,330.0,optimal_shannon,outage
45.0,flow_west.1,direct,BS_1,-1,1,399.8852895903136,240.0,optimal_shannon,outage
45.0,flow_east.1,direct,BS_1,-1,1,566.8363947811912,330.0,optimal_shannon,outage
45.0,flow_west.3,relay,BS_1,flow_east.3,1,576.9388069963878,330.0,optimal_shannon,outage
45.0,flow_east.2,relay,BS_1,vehicle_1,1,488.86707729088545,240.0,optimal_shannon,outage
46.0,vehicle_2,relay,BS_1,flow_west.2,1,433.4457438524507,240.0,optimal_shannon,outage
46.0,flow_west.2,relay,BS_1,flow_west.3,1,529.4916884979573,330.0,optimal_shannon,outage
46.0,vehicle_1,relay,BS_1,flow_west.3,1,529.4916884979573,330.0,optimal_shannon,outage
46.0,vehicle_0,relay,BS_1,vehicle_1,1,475.4086404500372,240.0,optimal_shannon,outage
46.0,flow_east.3,direct,BS_1,-1,1,565.5338696369089,330.0,optimal_shannon,outage
46.0,flow_west.1,direct,BS_1,-1,1,357.379162667208,240.0,optimal_shannon,outage
46.0,flow_east.1,direct,BS_1,-1,1,591.3002239972949,330.0,optimal_shannon,outage
46.0,flow_west.3,relay,BS_1,flow_east.3,1,565.5338696369089,330.0,optimal_shannon,outage
46.0,flow_east.2,relay,BS_1,vehicle_1,1,475.4086404500372,240.0,optimal_shannon,outage
47.0,vehicle_2,relay,BS_1,vehicle_1,1,426.5086088741244,240.0,optimal_shannon,outage
47.0,flow_west.2,relay,BS_1,flow_east.3,1,552.8470513061723,330.0,optimal_shannon,outage
47.0,vehicle_1,relay,BS_1,flow_west.3,1,544.4027476537838,330.0,optimal_shannon,outage
47.0,vehicle_0,relay,BS_1,flow_west.2,1,487.2624953402165,240.0,optimal_shannon,outage
47.0,flow_east.3,direct,BS_1,-1,1,552.8470513061723,330.0,optimal_shannon,outage
47.0,flow_west.1,direct,BS_1,-1,1,336.52922116487616,148.0,optimal_shannon,outage
47.0,flow_east.1,direct,BS_1,-1,1,586.0749663818073,330.0,optimal_shannon,outage
47.0,flow_west.3,relay,BS_1,flow_east.3,1,552.8470513061723,330.0,optimal_shannon,outage
47.0,flow_east.2,relay,BS_1,vehicle_1,1,462.63580792794306,240.0,optimal_shannon,outage
48.0,vehicle_2,relay,BS_1,vehicle_1,1,424.6197963873016,240.0,optimal_shannon,outage
48.0,flow_west.2,relay,BS_1,flow_west.3,1,559.3501618493508,330.0,optimal_shannon,outage
48.0,vehicle_1,relay,BS_1,flow_east.3,1,514.2980373996521,330.0,optimal_shannon,outage
48.0,vehicle_0,relay,BS_1,flow_west.2,1,452.13385327948134,240.0,optimal_shannon,outage
48.0,flow_east.3,relay,BS_1,flow_west.3,1,559.3501618493508,330.0,optimal_shannon,outage
48.0,flow_west.1,direct,BS_1,-1,1,366.53398702832897,240.0,optimal_shannon,outage
48.0,flow_east.1,direct,BS_1,-1,1,602.7414637741863,330.0,optimal_shannon,outage
48.0,flow_west.3,direct,BS_1,-1,1,559.3501618493508,330.0,optimal_shannon,outage
48.0,flow_east.2,relay,BS_1,vehicle_1,1,450.8631993853019,240.0,optimal_shannon,outage
49.0,vehicle_2,relay,BS_1,vehicle_1,1,420.84631223711045,240.0,optimal_shannon,outage
49.0,flow_west.2,relay,BS_1,flow_west.3,1,573.6784742961894,330.0,optimal_shannon,outage
49.0,vehicle_1,relay,BS_1,flow_west.2,1,513.6524969863741,330.0,optimal_shannon,outage
49.0,vehicle_0,relay,BS_1,vehicle_1,1,439.134591765193,240.0,optimal_shannon,outage
49.0,flow_east.3,relay,BS_1,flow_west.3,1,573.6784742961894,330.0,optimal_shannon,outage
49.0,flow_west.1,direct,BS_1,-1,1,367.7584709558008,240.0,optimal_shannon,outage
49.0,flow_east.1,direct,BS_1,-1,1,602.7414637741863,330.0,optimal_shannon,outage
49.0,flow_west.3,direct,BS_1,-1,1,573.6784742961894,330.0,optimal_shannon,outage
49.0,flow_east.2,relay,BS_1,vehicle_1,1,439.134591765193,240.0,optimal_shannon,outage
50.0,vehicle_2,relay,BS_1,vehicle_1,1,419.9038163766986,240.0,optimal_shannon,outage
50.0,flow_west.2,relay,BS_1,flow_west.3,1,587.7075091277181,330.0,optimal_shannon,outage
50.0,vehicle_1,relay,BS_1,flow_east.3,1,505.5904923481261,330.0,optimal_shannon,outage
50.0,flow_east.4,relay,BS_1,flow_west.2,1,527.2260388274352,330.0,optimal_shannon,outage
50.0,flow_west.4,relay,BS_1,vehicle_0,1,377.27760031178457,240.0,optimal_shannon,outage
50.0,vehicle_0,relay,BS_1,flow_east.4,1,449.9105460570236,240.0,optimal_shannon,outage
50.0,flow_east.3,relay,BS_1,flow_west.3,1,587.7075091277181,330.0,optimal_shannon,outage
50.0,flow_west.1,direct,BS_1,-1,1,361.6450064745535,240.0,optimal_shannon,outage
50.0,flow_east.1,direct,BS_1,-1,1,614.1968554089484,330.0,optimal_shannon,outage
50.0,flow_west.3,direct,BS_1,-1,1,587.7075091277181,330.0,optimal_shannon,outage
50.0,flow_east.2,relay,BS_1,flow_east.4,1,449.9105460570236,240.0,optimal_shannon,outage
51.0,vehicle_2,relay,BS_1,vehicle_1,1,415.51022385718545,240.0,optimal_shannon,outage
51.0,flow_west.2,relay,BS_1,flow_west.3,1,600.4520481669889,330.0,optimal_shannon,outage
51.0,vehicle_1,relay,BS_1,flow_east.3,1,501.7256358797886,240.0,optimal_shannon,outage
51.0,flow_east.4,relay,BS_1,flow_east.3,1,503.3355970431181,330.0,optimal_shannon,outage
51.0,flow_west.4,relay,BS_1,vehicle_0,1,367.7584709558008,240.0,optimal_shannon,outage
51.0,vehicle_0,relay,BS_1,flow_east.4,1,437.2370384945075,240.0,optimal_shannon,outage
51.0,flow_east.3,relay,BS_1,flow_west.2,1,541.1579930401035,330.0,optimal_shannon,outage
51.0,flow_west.1,direct,BS_1,-1,1,352.21474511489504,240.0,optimal_shannon,outage
51.0,flow_east.1,direct,BS_1,-1,1,630.2561666660467,330.0,optimal_shannon,outage
51.0,flow_west.3,direct,BS_1,-1,1,600.4520481669889,330.0,optimal_shannon,outage
51.0,flow_east.2,relay,BS_1,flow_east.4,1,437.2370384945075,240.0,optimal_shannon,outage
52.0,vehicle_2,relay,BS_1,vehicle_1,1,404.5614985753256,240.0,optimal_shannon,outage
52.0,flow_west.2,relay,BS_1,flow_west.3,1,611.5772892135293,330.0,optimal_shannon,outage
52.0,vehicle_1,relay,BS_1,flow_east.3,1,491.1145384006808,240.0,optimal_shannon,outage
52.0,flow_east.4,relay,BS_1,flow_east.3,1,491.1145384006808,240.0,optimal_shannon,outage
52.0,flow_west.4,relay,BS_1,vehicle_1,1,397.3954186299013,240.0,optimal_shannon,outage
52.0,vehicle_0,relay,BS_1,flow_east.4,1,425.5640318684957,240.0,optimal_shannon,outage
52.0,flow_east.3,relay,BS_1,flow_west.2,1,555.1224167725766,330.0,optimal_shannon,outage
52.0,flow_east.1,direct,BS_1,-1,1,636.1614130548986,330.0,optimal_shannon,outage
52.0,flow_west.3,direct,BS_1,-1,1,611.5772892135293,330.0,optimal_shannon,outage
52.0,flow_east.2,relay,BS_1,flow_east.4,1,425.5640318684957,240.0,optimal_shannon,outage
53.0,vehicle_2,relay,BS_1,vehicle_1,1,393.6660965639681,240.0,optimal_shannon,outage
53.0,flow_west.2,relay,BS_1,flow_west.3,1,620.7487343818866,330.0,optimal_shannon,outage
53.0,vehicle_1,relay,BS_1,flow_east.3,1,479.8896444688973,240.0,optimal_shannon,outage
53.0,flow_east.4,relay,BS_1,flow_east.3,1,479.8896444688973,240.0,optimal_shannon,outage
53.0,flow_west.4,relay,BS_1,flow_east.4,1,403.001659624967,240.0,optimal_shannon,outage
53.0,vehicle_0,relay,BS_1,flow_east.4,1,413.6296739051722,240.0,optimal_shannon,outage
53.0,flow_east.3,relay,BS_1,flow_west.2,1,534.6737873918274,330.0,optimal_shannon,outage
53.0,flow_east.1,relay,BS_1,flow_west.3,1,620.7487343818866,330.0,optimal_shannon,outage
53.0,flow_west.3,direct,BS_1,-1,1,620.7487343818866,330.0,optimal_shannon,outage
53.0,flow_east.2,relay,BS_1,flow_east.4,1,413.6296739051722,240.0,optimal_shannon,outage
54.0,vehicle_2,relay,BS_1,vehicle_1,1,383.44562207440975,240.0,optimal_shannon,outage
54.0,flow_west.2,relay,BS_1,flow_west.3,1,624.026217075783,330.0,optimal_shannon,outage
54.0,vehicle_1,relay,BS_1,flow_east.3,1,468.0586809409692,240.0,optimal_shannon,outage
54.0,flow_east.4,relay,BS_1,flow_east.3,1,468.0586809409692,240.0,optimal_shannon,outage
54.0,flow_west.4,relay,BS_1,flow_east.4,1,402.0662830177585,240.0,optimal_shannon,outage
54.0,vehicle_0,relay,BS_1,flow_east.4,1,402.0662830177585,240.0,optimal_shannon,outage
54.0,flow_east.3,direct,BS_1,-1,1,468.0586809409692,240.0,optimal_shannon,outage
54.0,flow_east.1,relay,BS_1,flow_west.3,1,627.6326004135207,330.0,optimal_shannon,outage
54.0,flow_west.3,direct,BS_1,-1,1,627.6326004135207,330.0,optimal_shannon,outage
54.0,flow_east.2,relay,BS_1,flow_east.4,1,402.0662830177585,240.0,optimal_shannon,outage
55.0,vehicle_2,relay,BS_1,vehicle_1,1,373.58669431504455,240.0,optimal_shannon,outage
55.0,flow_west.2,direct,BS_1,-1,1,594.24084323702,330.0,optimal_shannon,outage
55.0,vehicle_1,relay,BS_1,flow_east.3,1,456.5851280360261,240.0,optimal_shannon,outage
55.0,flow_east.4,relay,BS_1,flow_east.3,1,456.5851280360261,240.0,optimal_shannon,outage
55.0,flow_west.4,relay,BS_1,flow_east.4,1,391.4937533047362,240.0,optimal_shannon,outage
55.0,vehicle_0,relay,BS_1,flow_east.4,1,391.4937533047362,240.0,optimal_shannon,outage
55.0,flow_east.3,direct,BS_1,-1,1,456.5851280360261,240.0,optimal_shannon,outage
55.0,flow_east.1,relay,BS_1,flow_west.2,1,594.24084323702,330.0,optimal_shannon,outage
55.0,flow_west.3,relay,BS_1,flow_west.2,1,594.24084323702,330.0,optimal_shannon,outage
55.0,flow_east.2,relay,BS_1,flow_east.4,1,391.4937533047362,240.0,optimal_shannon,outage
56.0,flow_west.2,relay,BS_1,flow_east.1,1,623.370639942528,330.0,optimal_shannon,outage
56.0,vehicle_1,relay,BS_1,flow_east.3,1,445.7857675690306,240.0,optimal_shannon,outage
56.0,flow_east.4,relay,BS_1,flow_east.3,1,445.7857675690306,240.0,optimal_shannon,outage
56.0,flow_west.4,relay,BS_1,flow_east.3,1,413.6296739051722,240.0,optimal_shannon,outage
56.0,vehicle_0,relay,BS_1,flow_east.4,1,380.6674965153172,240.0,optimal_shannon,outage
56.0,flow_east.3,direct,BS_1,-1,1,445.7857675690306,240.0,optimal_shannon,outage
56.0,flow_east.1,direct,BS_1,-1,1,623.370639942528,330.0,optimal_shannon,outage
56.0,flow_west.3,relay,BS_1,flow_east.1,1,623.370639942528,330.0,optimal_shannon,outage
56.0,flow_east.2,relay,BS_1,flow_east.4,1,380.6674965153172,240.0,optimal_shannon,outage
57.0,flow_west.2,relay,BS_1,flow_east.1,1,618.7827334229928,330.0,optimal_shannon,outage
57.0,vehicle_1,relay,BS_1,flow_east.3,1,435.3407505633056,240.0,optimal_shannon,outage
57.0,flow_east.4,relay,BS_1,flow_east.3,1,435.3407505633056,240.0,optimal_shannon,outage
57.0,flow_west.4,relay,BS_1,flow_east.3,1,435.3407505633056,240.0,optimal_shannon,outage
57.0,vehicle_0,relay,BS_1,flow_east.4,1,370.5167731297862,240.0,optimal_shannon,outage
57.0,flow_east.3,direct,BS_1,-1,1,435.3407505633056,240.0,optimal_shannon,outage
57.0,flow_east.1,relay,BS_1,flow_west.3,1,639.443399751572,330.0,optimal_shannon,outage
57.0,flow_west.3,direct,BS_1,-1,1,639.443399751572,330.0,optimal_shannon,outage
57.0,flow_east.2,relay,BS_1,flow_east.4,1,370.5167731297862,240.0,optimal_shannon,outage
58.0,flow_west.2,direct,BS_1,-1,1,624.026217075783,330.0,optimal_shannon,outage
58.0,vehicle_1,relay,BS_1,flow_east.3,1,424.934503470043,240.0,optimal_shannon,outage
58.0,flow_east.4,relay,BS_1,flow_east.3,1,424.934503470043,240.0,optimal_shannon,outage
58.0,flow_west.4,relay,BS_1,flow_east.3,1,424.934503470043,240.0,optimal_shannon,outage
58.0,vehicle_0,relay,BS_1,flow_west.4,1,365.00463249268927,240.0,optimal_shannon,outage
58.0,flow_east.3,direct,BS_1,-1,1,424.934503470043,240.0,optimal_shannon,outage
58.0,flow_east.1,relay,BS_1,flow_west.2,1,624.026217075783,330.0,optimal_shannon,outage
58.0,flow_west.3,direct,BS_1,-1,1,634.8488745126301,330.0,optimal_shannon,outage
58.0,flow_east.2,relay,BS_1,flow_west.4,1,365.00463249268927,240.0,optimal_shannon,outage
59.0,flow_west.2,direct,BS_1,-1,1,629.2722569700819,330.0,optimal_shannon,outage
59.0,vehicle_1,relay,BS_1,flow_east.3,1,414.5697654032509,240.0,optimal_shannon,outage
59.0,flow_east.4,relay,BS_1,flow_east.3,1,414.5697654032509,240.0,optimal_shannon,outage
59.0,flow_west.4,relay,BS_1,flow_east.3,1,414.5697654032509,240.0,optimal_shannon,outage
59.0,vehicle_0,relay,BS_1,flow_west.4,1,375.4312026342536,240.0,optimal_shannon,outage
59.0,flow_east.3,direct,BS_1,-1,1,414.5697654032509,240.0,optimal_shannon,outage
59.0,flow_east.1,relay,BS_1,flow_west.2,1,629.2722569700819,330.0,optimal_shannon,outage
59.0,flow_west.3,relay,BS_1,flow_west.2,1,629.2722569700819,330.0,optimal_shannon,outage
59.0,flow_east.2,relay,BS_1,flow_west.4,1,375.4312026342536,240.0,optimal_shannon,outage
60.0,flow_west.2,relay,BS_1,flow_west.5,1,625.9931873847293,330.0,optimal_shannon,outage
60.0,vehicle_1,relay,BS_1,flow_east.3,1,404.8735972595023,240.0,optimal_shannon,outage
60.0,flow_east.4,relay,BS_1,flow_east.3,1,404.8735972595023,240.0,optimal_shannon,outage
60.0,flow_west.4,relay,BS_1,flow_east.3,1,404.8735972595023,240.0,optimal_shannon,outage
60.0,vehicle_0,relay,BS_1,flow_west.4,1,386.227786417579,240.0,optimal_shannon,outage
60.0,flow_east.3,relay,BS_1,flow_east.5,1,444.5177274754267,240.0,optimal_shannon,outage
60.0,flow_west.5,direct,BS_1,-1,1,625.9931873847293,330.0,optimal_shannon,outage
60.0,flow_east.1,relay,BS_1,flow_west.5,1,625.9931873847293,330.0,optimal_shannon,outage
60.0,flow_east.5,relay,BS_1,flow_east.1,1,537.2666073669767,330.0,optimal_shannon,outage
60.0,flow_west.3,direct,BS_1,-1,1,612.8869861177827,330.0,optimal_shannon,outage
61.0,flow_west.2,relay,BS_1,flow_west.5,1,630.9121543378973,330.0,optimal_shannon,outage
61.0,vehicle_1,relay,BS_1,flow_west.4,1,397.3954186299013,240.0,optimal_shannon,outage
61.0,flow_east.4,relay,BS_1,flow_west.4,1,397.3954186299013,240.0,optimal_shannon,outage
61.0,flow_west.4,relay,BS_1,flow_east.5,1,451.8161418519275,240.0,optimal_shannon,outage
61.0,flow_east.3,relay,BS_1,flow_east.5,1,448.006114133782,240.0,optimal_shannon,outage
61.0,flow_west.5,direct,BS_1,-1,1,630.9121543378973,330.0,optimal_shannon,outage
61.0,flow_east.1,relay,BS_1,flow_west.5,1,610.9225058900546,330.0,optimal_shannon,outage
61.0,flow_east.5,relay,BS_1,flow_east.1,1,529.4916884979573,330.0,optimal_shannon,outage
61.0,flow_west.3,direct,BS_1,-1,1,596.2018079278104,330.0,optimal_shannon,outage
62.0,flow_west.2,direct,BS_1,-1,1,642.0696369877044,330.0,optimal_shannon,outage
62.0,vehicle_1,relay,BS_1,flow_west.4,1,399.8852895903136,240.0,optimal_shannon,outage
62.0,flow_east.4,relay,BS_1,flow_west.4,1,408.93480007494657,240.0,optimal_shannon,outage
62.0,flow_west.4,relay,BS_1,flow_east.5,1,484.0552296268089,240.0,optimal_shannon,outage
62.0,flow_east.3,relay,BS_1,flow_east.5,1,451.8161418519275,240.0,optimal_shannon,outage
62.0,flow_west.5,relay,BS_1,flow_west.2,1,642.0696369877044,330.0,optimal_shannon,outage
62.0,flow_east.1,direct,BS_1,-1,1,573.6784742961894,330.0,optimal_shannon,outage
62.0,flow_east.5,relay,BS_1,flow_east.1,1,521.727708884227,330.0,optimal_shannon,outage
62.0,flow_west.3,relay,BS_1,flow_west.2,1,642.0696369877044,330.0,optimal_shannon,outage
63.0,flow_west.2,direct,BS_1,-1,1,634.5207630042877,330.0,optimal_shannon,outage
63.0,vehicle_1,relay,BS_1,flow_east.3,1,376.661925860841,240.0,optimal_shannon,outage
63.0,flow_east.4,relay,BS_1,flow_west.4,1,387.7751520915279,240.0,optimal_shannon,outage
63.0,flow_west.4,relay,BS_1,flow_east.5,1,470.6135060391421,240.0,optimal_shannon,outage
63.0,flow_east.3,relay,BS_1,flow_east.5,1,455.94885625257245,240.0,optimal_shannon,outage
63.0,flow_west.5,relay,BS_1,flow_west.2,1,634.5207630042877,330.0,optimal_shannon,outage
63.0,flow_east.1,direct,BS_1,-1,1,562.2786027070588,330.0,optimal_shannon,outage
63.0,flow_east.5,relay,BS_1,flow_east.1,1,514.6208391819343,330.0,optimal_shannon,outage
63.0,flow_west.3,relay,BS_1,flow_west.2,1,634.5207630042877,330.0,optimal_shannon,outage
64.0,flow_west.2,relay,BS_1,flow_west.5,1,637.4740986178092,330.0,optimal_shannon,outage
64.0,vehicle_1,relay,BS_1,flow_east.3,1,368.3710439872822,240.0,optimal_shannon,outage
64.0,flow_east.4,relay,BS_1,flow_east.3,1,368.3710439872822,240.0,optimal_shannon,outage
64.0,flow_west.4,relay,BS_1,flow_east.5,1,457.539767541101,240.0,optimal_shannon,outage
64.0,flow_east.3,relay,BS_1,flow_east.5,1,457.539767541101,240.0,optimal_shannon,outage
64.0,flow_west.5,direct,BS_1,-1,1,637.4740986178092,330.0,optimal_shannon,outage
64.0,flow_east.1,direct,BS_1,-1,1,550.2476071337262,330.0,optimal_shannon,outage
64.0,flow_east.5,relay,BS_1,flow_east.1,1,507.5241302255107,330.0,optimal_shannon,outage
64.0,flow_west.3,relay,BS_1,flow_west.2,1,612.5595456701654,330.0,optimal_shannon,outage
65.0,flow_west.2,relay,BS_1,flow_west.5,1,631.2401624718384,330.0,optimal_shannon,outage
65.0,flow_east.4,relay,BS_1,flow_east.3,1,360.1201861901151,240.0,optimal_shannon,outage
65.0,flow_west.4,relay,BS_1,flow_east.1,1,499.7944383953201,240.0,optimal_shannon,outage
65.0,flow_east.3,relay,BS_1,flow_west.4,1,446.10286082263826,240.0,optimal_shannon,outage
65.0,flow_west.5,direct,BS_1,-1,1,631.2401624718384,330.0,optimal_shannon,outage
65.0,flow_east.1,direct,BS_1,-1,1,538.563451012997,330.0,optimal_shannon,outage
65.0,flow_east.5,relay,BS_1,flow_east.1,1,500.4380786695991,240.0,optimal_shannon,outage
65.0,flow_west.3,relay,BS_1,flow_west.5,1,586.401449173364,330.0,optimal_shannon,outage
66.0,flow_west.2,relay,BS_1,flow_west.5,1,628.2884339656022,330.0,optimal_shannon,outage
66.0,flow_east.4,relay,BS_1,flow_east.3,1,352.51805362976535,240.0,optimal_shannon,outage
66.0,flow_west.4,relay,BS_1,flow_east.1,1,526.5788832431233,330.0,optimal_shannon,outage
66.0,flow_east.3,relay,BS_1,flow_east.5,1,432.49872596558606,240.0,optimal_shannon,outage
66.0,flow_west.5,direct,BS_1,-1,1,628.2884339656022,330.0,optimal_shannon,outage
66.0,flow_east.1,direct,BS_1,-1,1,526.5788832431233,330.0,optimal_shannon,outage
66.0,flow_east.5,relay,BS_1,flow_east.1,1,493.6845389624826,240.0,optimal_shannon,outage
66.0,flow_west.3,relay,BS_1,flow_west.2,1,603.3956868289939,330.0,optimal_shannon,outage
67.0,flow_west.2,relay,BS_1,flow_west.5,1,615.5068955513373,330.0,optimal_shannon,outage
67.0,flow_west.4,relay,BS_1,flow_east.1,1,515.2665056695485,330.0,optimal_shannon,outage
67.0,flow_east.3,relay,BS_1,flow_east.5,1,420.53210770653345,240.0,optimal_shannon,outage
67.0,flow_west.5,direct,BS_1,-1,1,615.5068955513373,330.0,optimal_shannon,outage
67.0,flow_east.1,direct,BS_1,-1,1,515.2665056695485,330.0,optimal_shannon,outage
67.0,flow_east.5,relay,BS_1,flow_east.1,1,485.01714130861666,240.0,optimal_shannon,outage
67.0,flow_west.3,relay,BS_1,flow_west.2,1,586.7279448723722,330.0,optimal_shannon,outage
68.0,flow_west.2,relay,BS_1,flow_west.5,1,603.7228156123773,330.0,optimal_shannon,outage
68.0,flow_west.4,relay,BS_1,flow_east.1,1,503.0135593268066,330.0,optimal_shannon,outage
68.0,flow_east.3,relay,BS_1,flow_east.5,1,408.622143664038,240.0,optimal_shannon,outage
68.0,flow_west.5,direct,BS_1,-1,1,603.7228156123773,330.0,optimal_shannon,outage
68.0,flow_east.1,direct,BS_1,-1,1,503.0135593268066,330.0,optimal_shannon,outage
68.0,flow_east.5,relay,BS_1,flow_west.4,1,486.62083871071206,240.0,optimal_shannon,outage
68.0,flow_west.3,relay,BS_1,flow_west.2,1,581.5055787842726,330.0,optimal_shannon,outage
69.0,flow_west.2,relay,BS_1,flow_west.5,1,594.24084323702,330.0,optimal_shannon,outage
69.0,flow_west.4,direct,BS_1,-1,1,501.0818112970885,240.0,optimal_shannon,outage
69.0,flow_east.3,relay,BS_1,flow_east.5,1,397.0843889094015,240.0,optimal_shannon,outage
69.0,flow_west.5,direct,BS_1,-1,1,594.24084323702,330.0,optimal_shannon,outage
69.0,flow_east.1,relay,BS_1,flow_west.4,1,501.0818112970885,240.0,optimal_shannon,outage
69.0,flow_east.5,relay,BS_1,flow_east.1,1,473.4898386314426,240.0,optimal_shannon,outage
69.0,flow_west.3,relay,BS_1,flow_west.2,1,575.6345070028605,330.0,optimal_shannon,outage
70.0,flow_west.2,relay,BS_1,flow_west.6,1,613.8693720090947,330.0,optimal_shannon,outage
70.0,flow_west.6,relay,BS_1,flow_east.6,1,627.9605123299674,330.0,optimal_shannon,outage
70.0,flow_west.4,direct,BS_1,-1,1,516.2351620266729,330.0,optimal_shannon,outage
70.0,flow_east.3,relay,BS_1,flow_east.5,1,386.5371619835307,240.0,optimal_shannon,outage
70.0,flow_east.6,direct,BS_1,-1,1,627.9605123299674,330.0,optimal_shannon,outage
70.0,flow_west.5,relay,BS_1,flow_east.6,1,627.9605123299674,330.0,optimal_shannon,outage
70.0,flow_east.1,relay,BS_1,flow_west.4,1,516.2351620266729,330.0,optimal_shannon,outage
70.0,flow_east.5,relay,BS_1,flow_east.1,1,469.01652704013384,240.0,optimal_shannon,outage
70.0,flow_west.3,relay,BS_1,flow_west.2,1,568.1391558409217,330.0,optimal_shannon,outage
71.0,flow_west.2,relay,BS_1,flow_west.6,1,609.9404128635113,330.0,optimal_shannon,outage
71.0,flow_west.6,relay,BS_1,flow_east.6,1,621.4041499641611,330.0,optimal_shannon,outage
71.0,flow_west.4,direct,BS_1,-1,1,531.4344149995793,330.0,optimal_shannon,outage
71.0,flow_east.3,relay,BS_1,flow_east.5,1,375.7388049752782,240.0,optimal_shannon,outage
71.0,flow_east.6,direct,BS_1,-1,1,621.4041499641611,330.0,optimal_shannon,outage
71.0,flow_west.5,relay,BS_1,flow_west.6,1,609.9404128635113,330.0,optimal_shannon,outage
71.0,flow_east.1,relay,BS_1,flow_west.4,1,531.4344149995793,330.0,optimal_shannon,outage
71.0,flow_east.5,relay,BS_1,flow_east.1,1,461.9983815384903,240.0,optimal_shannon,outage
71.0,flow_west.3,relay,BS_1,flow_west.2,1,555.4475331231832,330.0,optimal_shannon,outage
72.0,flow_west.2,relay,BS_1,flow_west.6,1,589.3403717052341,330.0,optimal_shannon,outage
72.0,flow_west.6,relay,BS_1,flow_east.6,1,639.1151603163821,330.0,optimal_shannon,outage
72.0,flow_west.4,direct,BS_1,-1,1,546.9997892280549,330.0,optimal_shannon,outage
72.0,flow_east.3,relay,BS_1,flow_east.5,1,365.616206835258,240.0,optimal_shannon,outage
72.0,flow_east.6,direct,BS_1,-1,1,639.1151603163821,330.0,optimal_shannon,outage
72.0,flow_west.5,relay,BS_1,flow_west.6,1,589.3403717052341,330.0,optimal_shannon,outage
72.0,flow_east.1,relay,BS_1,flow_west.4,1,524.3144509104085,330.0,optimal_shannon,outage
72.0,flow_east.5,relay,BS_1,flow_east.1,1,455.6307669226409,240.0,optimal_shannon,outage
72.0,flow_west.3,relay,BS_1,flow_west.2,1,521.4044557134728,330.0,optimal_shannon,outage
73.0,flow_west.2,relay,BS_1,flow_west.6,1,574.6564277327512,330.0,optimal_shannon,outage
73.0,flow_west.6,direct,BS_1,-1,1,574.6564277327512,330.0,optimal_shannon,outage
73.0,flow_west.4,direct,BS_1,-1,1,561.9531591071087,330.0,optimal_shannon,outage
73.0,flow_east.3,relay,BS_1,flow_east.5,1,356.16245503513744,240.0,optimal_shannon,outage
73.0,flow_east.6,relay,BS_1,flow_west.6,1,574.6564277327512,330.0,optimal_shannon,outage
73.0,flow_west.5,relay,BS_1,flow_west.6,1,574.6564277327512,330.0,optimal_shannon,outage
73.0,flow_east.1,relay,BS_1,flow_west.4,1,453.08717843976865,240.0,optimal_shannon,outage
73.0,flow_east.5,relay,BS_1,flow_east.1,1,446.4199872291918,240.0,optimal_shannon,outage
73.0,flow_west.3,relay,BS_1,flow_west.2,1,533.3778161585142,330.0,optimal_shannon,outage
74.0,flow_west.2,relay,BS_1,flow_west.6,1,565.8594786915696,330.0,optimal_shannon,outage
74.0,flow_west.6,direct,BS_1,-1,1,565.8594786915696,330.0,optimal_shannon,outage
74.0,flow_west.4,direct,BS_1,-1,1,575.9605612449084,330.0,optimal_shannon,outage
74.0,flow_east.3,relay,BS_1,flow_east.5,1,347.06789512972296,240.0,optimal_shannon,outage
74.0,flow_east.6,relay,BS_1,flow_west.4,1,534.6737873918274,330.0,optimal_shannon,outage
74.0,flow_west.5,relay,BS_1,flow_west.6,1,565.8594786915696,330.0,optimal_shannon,outage
74.0,flow_east.1,direct,BS_1,-1,1,435.6567100092598,240.0,optimal_shannon,outage
74.0,flow_east.5,relay,BS_1,flow_east.1,1,435.6567100092598,240.0,optimal_shannon,outage
74.0,flow_west.3,relay,BS_1,flow_west.5,1,520.4348166892335,330.0,optimal_shannon,outage
75.0,flow_west.2,relay,BS_1,flow_west.6,1,565.5338696369089,330.0,optimal_shannon,outage
75.0,flow_west.6,direct,BS_1,-1,1,565.5338696369089,330.0,optimal_shannon,outage
75.0,flow_west.4,relay,BS_1,flow_east.6,1,623.0428664083857,330.0,optimal_shannon,outage
75.0,flow_east.6,direct,BS_1,-1,1,623.0428664083857,330.0,optimal_shannon,outage
75.0,flow_west.5,relay,BS_1,flow_west.6,1,565.5338696369089,330.0,optimal_shannon,outage
75.0,flow_east.1,direct,BS_1,-1,1,425.5640318684957,240.0,optimal_shannon,outage
75.0,flow_east.5,relay,BS_1,flow_east.1,1,425.5640318684957,240.0,optimal_shannon,outage
75.0,flow_west.3,relay,BS_1,flow_west.5,1,522.0509820635123,330.0,optimal_shannon,outage
76.0,flow_west.2,relay,BS_1,flow_west.6,1,562.6040615150929,330.0,optimal_shannon,outage
76.0,flow_west.6,direct,BS_1,-1,1,562.6040615150929,330.0,optimal_shannon,outage
76.0,flow_west.4,relay,BS_1,flow_east.6,1,617.1446836708177,330.0,optimal_shannon,outage
76.0,flow_east.6,direct,BS_1,-1,1,617.1446836708177,330.0,optimal_shannon,outage
76.0,flow_west.5,relay,BS_1,flow_west.6,1,562.6040615150929,330.0,optimal_shannon,outage
76.0,flow_east.1,direct,BS_1,-1,1,415.51022385718545,240.0,optimal_shannon,outage
76.0,flow_east.5,relay,BS_1,flow_east.1,1,415.51022385718545,240.0,optimal_shannon,outage
76.0,flow_west.3,relay,BS_1,flow_west.5,1,504.9461243030301,330.0,optimal_shannon,outage
77.0,flow_west.2,relay,BS_1,flow_west.6,1,523.9910388858158,330.0,optimal_shannon,outage
77.0,flow_west.6,direct,BS_1,-1,1,523.9910388858158,330.0,optimal_shannon,outage
77.0,flow_west.4,direct,BS_1,-1,1,613.214437339517,330.0,optimal_shannon,outage
77.0,flow_east.6,relay,BS_1,flow_west.4,1,613.214437339517,330.0,optimal_shannon,outage
77.0,flow_west.5,relay,BS_1,flow_west.6,1,523.9910388858158,330.0,optimal_shannon,outage
77.0,flow_east.1,direct,BS_1,-1,1,405.8101535151694,240.0,optimal_shannon,outage
77.0,flow_east.5,relay,BS_1,flow_east.1,1,405.8101535151694,240.0,optimal_shannon,outage
77.0,flow_west.3,relay,BS_1,flow_west.5,1,487.904252843177,240.0,optimal_shannon,outage
78.0,flow_west.2,relay,BS_1,flow_west.6,1,534.3497669809973,330.0,optimal_shannon,outage
78.0,flow_west.6,direct,BS_1,-1,1,534.3497669809973,330.0,optimal_shannon,outage
78.0,flow_west.4,direct,BS_1,-1,1,622.3873495175933,330.0,optimal_shannon,outage
78.0,flow_east.6,relay,BS_1,flow_west.4,1,622.3873495175933,330.0,optimal_shannon,outage
78.0,flow_west.5,relay,BS_1,flow_west.6,1,534.3497669809973,330.0,optimal_shannon,outage
78.0,flow_east.1,direct,BS_1,-1,1,396.15157414274745,240.0,optimal_shannon,outage
78.0,flow_east.5,relay,BS_1,flow_east.1,1,396.15157414274745,240.0,optimal_shannon,outage
78.0,flow_west.3,relay,BS_1,flow_west.5,1,496.5776363646706,240.0,optimal_shannon,outage
79.0,flow_west.2,relay,BS_1,flow_west.6,1,528.1969167006249,330.0,optimal_shannon,outage
79.0,flow_west.6,direct,BS_1,-1,1,528.1969167006249,330.0,optimal_shannon,outage
79.0,flow_west.4,direct,BS_1,-1,1,628.9443063073678,330.0,optimal_shannon,outage
79.0,flow_east.6,relay,BS_1,flow_west.4,1,628.9443063073678,330.0,optimal_shannon,outage
79.0,flow_west.5,relay,BS_1,flow_west.6,1,528.1969167006249,330.0,optimal_shannon,outage
79.0,flow_east.1,direct,BS_1,-1,1,386.8465864308504,240.0,optimal_shannon,outage
79.0,flow_east.5,relay,BS_1,flow_east.1,1,386.8465864308504,240.0,optimal_shannon,outage
79.0,flow_west.3,relay,BS_1,flow_west.5,1,450.8631993853019,240.0,optimal_shannon,outage
80.0,flow_west.2,relay,BS_1,flow_west.6,1,515.2665056695485,330.0,optimal_shannon,outage
80.0,flow_west.6,direct,BS_1,-1,1,515.2665056695485,330.0,optimal_shannon,outage
80.0,flow_west.4,relay,BS_1,flow_east.6,1,549.5979103767269,330.0,optimal_shannon,outage
80.0,flow_east.7,relay,BS_1,flow_west.6,1,515.2665056695485,330.0,optimal_shannon,outage
80.0,flow_east.6,direct,BS_1,-1,1,577.5910397123184,330.0,optimal_shannon,outage
80.0,flow_west.5,relay,BS_1,flow_west.6,1,515.2665056695485,330.0,optimal_shannon,outage
80.0,flow_east.1,direct,BS_1,-1,1,378.5095708043106,240.0,optimal_shannon,outage
80.0,flow_east.5,relay,BS_1,flow_east.1,1,378.5095708043106,240.0,optimal_shannon,outage
80.0,flow_west.3,relay,BS_1,flow_west.5,1,475.7285366262274,240.0,optimal_shannon,outage
80.0,flow_west.7,relay,BS_1,flow_east.1,1,378.5095708043106,240.0,optimal_shannon,outage
81.0,flow_west.2,relay,BS_1,flow_east.7,1,479.8896444688973,240.0,optimal_shannon,outage
81.0,flow_west.6,relay,BS_1,flow_east.7,1,479.8896444688973,240.0,optimal_shannon,outage
81.0,flow_west.4,relay,BS_1,flow_east.6,1,467.10109281740176,240.0,optimal_shannon,outage
81.0,flow_east.7,direct,BS_1,-1,1,479.8896444688973,240.0,optimal_shannon,outage
81.0,flow_east.6,direct,BS_1,-1,1,564.5571318585858,330.0,optimal_shannon,outage
81.0,flow_west.5,relay,BS_1,flow_east.7,1,479.8896444688973,240.0,optimal_shannon,outage
81.0,flow_east.1,direct,BS_1,-1,1,369.903435324211,240.0,optimal_shannon,outage
81.0,flow_west.3,relay,BS_1,flow_west.5,1,453.405016896485,240.0,optimal_shannon,outage
81.0,flow_west.7,relay,BS_1,flow_east.1,1,369.903435324211,240.0,optimal_shannon,outage
82.0,flow_west.2,relay,BS_1,flow_east.7,1,506.23494960688714,330.0,optimal_shannon,outage
82.0,flow_west.6,relay,BS_1,flow_east.7,1,506.23494960688714,330.0,optimal_shannon,outage
82.0,flow_west.4,direct,BS_1,-1,1,637.8022928261104,330.0,optimal_shannon,outage
82.0,flow_east.7,direct,BS_1,-1,1,506.23494960688714,330.0,optimal_shannon,outage
82.0,flow_east.6,direct,BS_1,-1,1,551.2222759356557,330.0,optimal_shannon,outage
82.0,flow_west.5,relay,BS_1,flow_east.7,1,506.23494960688714,330.0,optimal_shannon,outage
82.0,flow_east.1,direct,BS_1,-1,1,362.25533632835936,240.0,optimal_shannon,outage
82.0,flow_west.3,relay,BS_1,flow_west.5,1,435.6567100092598,240.0,optimal_shannon,outage
82.0,flow_west.7,relay,BS_1,flow_east.1,1,362.25533632835936,240.0,optimal_shannon,outage
83.0,flow_west.2,relay,BS_1,flow_east.7,1,482.7730416834351,240.0,optimal_shannon,outage
83.0,flow_west.6,relay,BS_1,flow_east.7,1,504.9461243030301,330.0,optimal_shannon,outage
83.0,flow_west.4,direct,BS_1,-1,1,624.026217075783,330.0,optimal_shannon,outage
83.0,flow_east.7,direct,BS_1,-1,1,504.9461243030301,330.0,optimal_shannon,outage
83.0,flow_east.6,direct,BS_1,-1,1,538.2392132151006,330.0,optimal_shannon,outage
83.0,flow_west.5,relay,BS_1,flow_east.7,1,504.9461243030301,330.0,optimal_shannon,outage
83.0,flow_east.1,direct,BS_1,-1,1,354.6429054869848,240.0,optimal_shannon,outage
83.0,flow_west.3,relay,BS_1,flow_west.5,1,420.84631223711045,240.0,optimal_shannon,outage
83.0,flow_west.7,relay,BS_1,flow_east.1,1,354.6429054869848,240.0,optimal_shannon,outage
84.0,flow_west.2,relay,BS_1,flow_west.6,1,479.8896444688973,240.0,optimal_shannon,outage
84.0,flow_west.6,relay,BS_1,flow_east.7,1,517.5269943044786,330.0,optimal_shannon,outage
84.0,flow_west.4,direct,BS_1,-1,1,621.4041499641611,330.0,optimal_shannon,outage
84.0,flow_east.7,relay,BS_1,flow_west.4,1,546.0257711035626,330.0,optimal_shannon,outage
84.0,flow_east.6,direct,BS_1,-1,1,523.9910388858158,330.0,optimal_shannon,outage
84.0,flow_west.5,relay,BS_1,flow_west.6,1,479.8896444688973,240.0,optimal_shannon,outage
84.0,flow_east.1,relay,BS_1,flow_west.7,1,357.379162667208,240.0,optimal_shannon,outage
84.0,flow_west.3,relay,BS_1,flow_west.5,1,432.1831257564513,240.0,optimal_shannon,outage
84.0,flow_west.7,direct,BS_1,-1,1,357.379162667208,240.0,optimal_shannon,outage
85.0,flow_west.2,relay,BS_1,flow_west.6,1,466.4628448681492,240.0,optimal_shannon,outage
85.0,flow_west.6,relay,BS_1,flow_east.7,1,491.4357030047008,240.0,optimal_shannon,outage
85.0,flow_west.4,direct,BS_1,-1,1,605.3586310654136,330.0,optimal_shannon,outage
85.0,flow_east.7,relay,BS_1,flow_west.4,1,582.4845158276606,330.0,optimal_shannon,outage
85.0,flow_east.6,direct,BS_1,-1,1,510.7486162257304,330.0,optimal_shannon,outage
85.0,flow_west.5,relay,BS_1,flow_west.6,1,466.4628448681492,240.0,optimal_shannon,outage
85.0,flow_east.1,relay,BS_1,flow_west.7,1,366.2280046175333,240.0,optimal_shannon,outage
85.0,flow_west.3,relay,BS_1,flow_west.5,1,410.49871484968537,240.0,optimal_shannon,outage
85.0,flow_west.7,direct,BS_1,-1,1,366.2280046175333,240.0,optimal_shannon,outage
86.0,flow_west.2,relay,BS_1,flow_west.6,1,458.4946836822213,240.0,optimal_shannon,outage
86.0,flow_west.6,relay,BS_1,flow_east.7,1,509.781042081471,330.0,optimal_shannon,outage
86.0,flow_west.4,direct,BS_1,-1,1,602.0872869068644,330.0,optimal_shannon,outage
86.0,flow_east.7,relay,BS_1,flow_west.4,1,602.0872869068644,330.0,optimal_shannon,outage
86.0,flow_east.6,direct,BS_1,-1,1,497.2208088465663,240.0,optimal_shannon,outage
86.0,flow_west.5,relay,BS_1,flow_west.6,1,458.4946836822213,240.0,optimal_shannon,outage
86.0,flow_east.1,relay,BS_1,flow_west.7,1,375.4312026342536,240.0,optimal_shannon,outage
86.0,flow_west.3,relay,BS_1,flow_west.2,1,403.001659624967,240.0,optimal_shannon,outage
86.0,flow_west.7,relay,BS_1,flow_east.6,1,391.18360719111,240.0,optimal_shannon,outage
87.0,flow_west.2,relay,BS_1,flow_west.6,1,452.13385327948134,240.0,optimal_shannon,outage
87.0,flow_west.6,relay,BS_1,flow_east.7,1,459.1314472672105,240.0,optimal_shannon,outage
87.0,flow_west.4,direct,BS_1,-1,1,584.4427470435247,330.0,optimal_shannon,outage
87.0,flow_east.7,relay,BS_1,flow_west.4,1,584.4427470435247,330.0,optimal_shannon,outage
87.0,flow_east.6,direct,BS_1,-1,1,483.73464385559106,240.0,optimal_shannon,outage
87.0,flow_west.5,relay,BS_1,flow_west.6,1,452.13385327948134,240.0,optimal_shannon,outage
87.0,flow_east.1,relay,BS_1,flow_west.7,1,385.6091823186896,240.0,optimal_shannon,outage
87.0,flow_west.7,relay,BS_1,flow_east.6,1,449.59305951603903,240.0,optimal_shannon,outage
88.0,flow_west.2,relay,BS_1,flow_west.6,1,438.18565794811985,240.0,optimal_shannon,outage
88.0,flow_west.6,direct,BS_1,-1,1,438.18565794811985,240.0,optimal_shannon,outage
88.0,flow_west.4,relay,BS_1,flow_east.7,1,586.0749663818073,330.0,optimal_shannon,outage
88.0,flow_east.7,direct,BS_1,-1,1,586.0749663818073,330.0,optimal_shannon,outage
88.0,flow_east.6,direct,BS_1,-1,1,470.6135060391421,240.0,optimal_shannon,outage
88.0,flow_west.5,relay,BS_1,flow_west.6,1,438.18565794811985,240.0,optimal_shannon,outage
88.0,flow_east.1,relay,BS_1,flow_west.7,1,395.2191729016103,240.0,optimal_shannon,outage
88.0,flow_west.7,relay,BS_1,flow_east.6,1,470.6135060391421,240.0,optimal_shannon,outage
89.0,flow_west.2,relay,BS_1,flow_west.6,1,394.5978030427178,240.0,optimal_shannon,outage
89.0,flow_west.6,direct,BS_1,-1,1,394.5978030427178,240.0,optimal_shannon,outage
89.0,flow_west.4,relay,BS_1,flow_east.7,1,594.8944494793539,330.0,optimal_shannon,outage
89.0,flow_east.7,direct,BS_1,-1,1,594.8944494793539,330.0,optimal_shannon,outage
89.0,flow_east.6,direct,BS_1,-1,1,458.81305023527017,240.0,optimal_shannon,outage
89.0,flow_west.5,relay,BS_1,flow_west.6,1,394.5978030427178,240.0,optimal_shannon,outage
89.0,flow_east.1,relay,BS_1,flow_west.7,1,397.70649392996137,240.0,optimal_shannon,outage
89.0,flow_west.7,relay,BS_1,flow_east.6,1,458.81305023527017,240.0,optimal_shannon,outage
90.0,flow_west.2,relay,BS_1,flow_west.6,1,413.6296739051722,240.0,optimal_shannon,outage
90.0,flow_west.6,direct,BS_1,-1,1,413.6296739051722,240.0,optimal_shannon,outage
90.0,flow_west.4,relay,BS_1,flow_east.7,1,602.4143695541968,330.0,optimal_shannon,outage
90.0,flow_east.7,direct,BS_1,-1,1,602.4143695541968,330.0,optimal_shannon,outage
90.0,flow_east.6,direct,BS_1,-1,1,447.0543392239061,240.0,optimal_shannon,outage
90.0,flow_west.5,relay,BS_1,flow_west.6,1,413.6296739051722,240.0,optimal_shannon,outage
90.0,flow_east.1,relay,BS_1,flow_west.7,1,353.7318932154087,240.0,optimal_shannon,outage
90.0,flow_west.7,relay,BS_1,flow_east.6,1,447.0543392239061,240.0,optimal_shannon,outage
91.0,flow_west.2,relay,BS_1,flow_west.6,1,384.6816452155144,240.0,optimal_shannon,outage
91.0,flow_west.6,direct,BS_1,-1,1,384.6816452155144,240.0,optimal_shannon,outage
91.0,flow_west.4,relay,BS_1,flow_east.7,1,592.2803190516009,330.0,optimal_shannon,outage
91.0,flow_east.7,direct,BS_1,-1,1,599.7980345889184,330.0,optimal_shannon,outage
91.0,flow_east.6,direct,BS_1,-1,1,435.0248267064087,240.0,optimal_shannon,outage
91.0,flow_west.5,relay,BS_1,flow_west.6,1,384.6816452155144,240.0,optimal_shannon,outage
91.0,flow_east.1,relay,BS_1,flow_west.7,1,316.2937573638574,148.0,optimal_shannon,outage
91.0,flow_west.7,relay,BS_1,flow_east.6,1,435.0248267064087,240.0,optimal_shannon,outage
92.0,flow_west.2,relay,BS_1,flow_west.6,1,410.49871484968537,240.0,optimal_shannon,outage
92.0,flow_west.6,direct,BS_1,-1,1,410.49871484968537,240.0,optimal_shannon,outage
92.0,flow_west.4,direct,BS_1,-1,1,511.71638426190566,330.0,optimal_shannon,outage
92.0,flow_east.7,direct,BS_1,-1,1,624.6818341462133,330.0,optimal_shannon,outage
92.0,flow_west.5,relay,BS_1,flow_west.6,1,410.49871484968537,240.0,optimal_shannon,outage
92.0,flow_east.6,relay,BS_1,flow_west.7,1,439.76738798902,240.0,optimal_shannon,outage
92.0,flow_west.7,direct,BS_1,-1,1,439.76738798902,240.0,optimal_shannon,outage
93.0,flow_west.2,relay,BS_1,flow_west.6,1,363.17125878724937,240.0,optimal_shannon,outage
93.0,flow_west.6,direct,BS_1,-1,1,363.17125878724937,240.0,optimal_shannon,outage
93.0,flow_west.4,direct,BS_1,-1,1,521.727708884227,330.0,optimal_shannon,outage
93.0,flow_east.7,direct,BS_1,-1,1,631.8962072289747,330.0,optimal_shannon,outage
93.0,flow_west.5,relay,BS_1,flow_west.6,1,363.17125878724937,240.0,optimal_shannon,outage
93.0,flow_east.6,relay,BS_1,flow_west.7,1,452.13385327948134,240.0,optimal_shannon,outage
93.0,flow_west.7,direct,BS_1,-1,1,452.13385327948134,240.0,optimal_shannon,outage
94.0,flow_west.4,direct,BS_1,-1,1,503.979740357832,330.0,optimal_shannon,outage
94.0,flow_west.6,relay,BS_1,flow_west.4,1,360.1201861901151,240.0,optimal_shannon,outage
94.0,flow_east.7,direct,BS_1,-1,1,632.5522898299589,330.0,optimal_shannon,outage
94.0,flow_east.6,relay,BS_1,flow_west.7,1,464.867733041794,240.0,optimal_shannon,outage
94.0,flow_west.5,relay,BS_1,flow_west.6,1,354.339174713274,240.0,optimal_shannon,outage
94.0,flow_west.7,direct,BS_1,-1,1,464.867733041794,240.0,optimal_shannon,outage
95.0,flow_west.4,direct,BS_1,-1,1,493.3632037929179,240.0,optimal_shannon,outage
95.0,flow_west.6,relay,BS_1,flow_west.4,1,375.12365277492705,240.0,optimal_shannon,outage
95.0,flow_east.7,relay,BS_1,flow_west.4,1,372.97228192114295,240.0,optimal_shannon,outage
95.0,flow_east.6,relay,BS_1,flow_west.7,1,477.6484836316672,240.0,optimal_shannon,outage
95.0,flow_west.5,relay,BS_1,flow_west.6,1,366.53398702832897,240.0,optimal_shannon,outage
95.0,flow_west.7,direct,BS_1,-1,1,477.6484836316672,240.0,optimal_shannon,outage
96.0,flow_west.4,direct,BS_1,-1,1,488.54611078762537,240.0,optimal_shannon,outage
96.0,flow_west.6,relay,BS_1,flow_west.4,1,385.6091823186896,240.0,optimal_shannon,outage
96.0,flow_east.7,relay,BS_1,flow_west.7,1,339.8327773817591,148.0,optimal_shannon,outage
96.0,flow_east.6,relay,BS_1,flow_west.7,1,430.6056712478352,240.0,optimal_shannon,outage
96.0,flow_west.7,direct,BS_1,-1,1,491.1145384006808,240.0,optimal_shannon,outage
97.0,flow_west.4,direct,BS_1,-1,1,446.4199872291918,240.0,optimal_shannon,outage
97.0,flow_west.6,relay,BS_1,flow_west.4,1,407.9969580735333,240.0,optimal_shannon,outage
97.0,flow_east.7,direct,BS_1,-1,1,624.6818341462133,330.0,optimal_shannon,outage
97.0,flow_east.6,relay,BS_1,flow_west.7,1,378.2015007367229,240.0,optimal_shannon,outage
97.0,flow_west.7,direct,BS_1,-1,1,504.3018458585228,330.0,optimal_shannon,outage
98.0,flow_west.4,direct,BS_1,-1,1,466.4628448681492,240.0,optimal_shannon,outage
98.0,flow_west.6,relay,BS_1,flow_west.4,1,426.8235434059149,240.0,optimal_shannon,outage
98.0,flow_east.7,direct,BS_1,-1,1,620.4210418951529,330.0,optimal_shannon,outage
98.0,flow_east.6,direct,BS_1,-1,1,363.78215759761594,240.0,optimal_shannon,outage
98.0,flow_west.7,direct,BS_1,-1,1,517.8500039432703,330.0,optimal_shannon,outage
99.0,flow_west.4,direct,BS_1,-1,1,440.7168413999162,240.0,optimal_shannon,outage
99.0,flow_west.6,relay,BS_1,flow_west.4,1,440.7168413999162,240.0,optimal_shannon,outage
99.0,flow_east.7,direct,BS_1,-1,1,613.5418993112947,330.0,optimal_shannon,outage
99.0,flow_east.6,direct,BS_1,-1,1,354.6429054869848,240.0,optimal_shannon,outage
99.0,flow_west.7,direct,BS_1,-1,1,532.0821408606605,330.0,optimal_shannon,outage
0.0,vehicle_0,direct,BS_1,-1,1,88.0,148.0,proposed_optimal_dkmcs,throughput
1.0,vehicle_0,direct,BS_1,-1,1,88.0,148.0,proposed_optimal_dkmcs,throughput
2.0,vehicle_0,direct,BS_1,-1,1,88.0,240.0,proposed_optimal_dkmcs,throughput
3.0,vehicle_0,direct,BS_1,-1,1,148.0,240.0,proposed_optimal_dkmcs,throughput
4.0,vehicle_0,direct,BS_1,-1,1,88.0,240.0,proposed_optimal_dkmcs,throughput
5.0,vehicle_2,direct,BS_1,-1,1,148.0,240.0,proposed_optimal_dkmcs,throughput
5.0,vehicle_1,relay,BS_1,vehicle_0,1,148.0,240.0,proposed_optimal_dkmcs,throughput
5.0,vehicle_0,direct,BS_1,-1,1,148.0,240.0,proposed_optimal_dkmcs,throughput
6.0,vehicle_2,direct,BS_1,-1,1,148.0,240.0,proposed_optimal_dkmcs,throughput
6.0,vehicle_1,relay,BS_1,vehicle_2,1,148.0,240.0,proposed_optimal_dkmcs,throughput
6.0,vehicle_0,relay,BS_1,vehicle_2,1,148.0,240.0,proposed_optimal_dkmcs,throughput
7.0,vehicle_2,relay,BS_1,vehicle_0,1,148.0,240.0,proposed_optimal_dkmcs,throughput
7.0,vehicle_1,relay,BS_1,vehicle_2,1,148.0,240.0,proposed_optimal_dkmcs,throughput
7.0,vehicle_0,relay,BS_1,vehicle_1,1,148.0,240.0,proposed_optimal_dkmcs,throughput
8.0,vehicle_2,direct,BS_1,-1,1,148.0,240.0,proposed_optimal_dkmcs,throughput
8.0,vehicle_1,relay,BS_1,vehicle_0,1,148.0,240.0,proposed_optimal_dkmcs,throughput
8.0,vehicle_0,direct,BS_1,-1,1,148.0,240.0,proposed_optimal_dkmcs,throughput
9.0,vehicle_2,direct,BS_1,-1,1,148.0,240.0,proposed_optimal_dkmcs,throughput
9.0,vehicle_1,relay,BS_1,vehicle_2,1,148.0,240.0,proposed_optimal_dkmcs,throughput
9.0,vehicle_0,relay,BS_1,vehicle_2,1,148.0,240.0,proposed_optimal_dkmcs,throughput
10.0,vehicle_2,relay,BS_1,vehicle_1,1,148.0,240.0,proposed_optimal_dkmcs,throughput
10.0,vehicle_1,direct,BS_1,-1,1,148.0,240.0,proposed_optimal_dkmcs,throughput
10.0,vehicle_0,direct,BS_1,-1,1,148.0,240.0,proposed_optimal_dkmcs,throughput
10.0,flow_west.0,relay,BS_1,vehicle_1,1,148.0,240.0,proposed_optimal_dkmcs,throughput
10.0,flow_east.0,direct,BS_1,-1,1,88.0,240.0,proposed_optimal_dkmcs,throughput
11.0,vehicle_2,relay,BS_1,flow_west.0,1,148.0,240.0,proposed_optimal_dkmcs,throughput
11.0,vehicle_1,direct,BS_1,-1,1,148.0,240.0,proposed_optimal_dkmcs,throughput
11.0,vehicle_0,direct,BS_1,-1,1,148.0,240.0,proposed_optimal_dkmcs,throughput
11.0,flow_west.0,direct,BS_1,-1,1,148.0,240.0,proposed_optimal_dkmcs,throughput
11.0,flow_east.0,direct,BS_1,-1,1,88.0,148.0,proposed_optimal_dkmcs,throughput
12.0,vehicle_2,relay,BS_1,vehicle_1,1,148.0,240.0,proposed_optimal_dkmcs,throughput
12.0,vehicle_1,relay,BS_1,vehicle_0,1,148.0,240.0,proposed_optimal_dkmcs,throughput
12.0,vehicle_0,relay,BS_1,vehicle_1,1,148.0,240.0,proposed_optimal_dkmcs,throughput
12.0,flow_west.0,direct,BS_1,-1,1,148.0,240.0,proposed_optimal_dkmcs,throughput
12.0,flow_east.0,direct,BS_1,-1,1,88.0,148.0,proposed_optimal_dkmcs,throughput
13.0,vehicle_2,relay,BS_1,vehicle_1,1,148.0,240.0,proposed_optimal_dkmcs,throughput
13.0,vehicle_1,relay,BS_1,vehicle_0,1,148.0,240.0,proposed_optimal_dkmcs,throughput
13.0,vehicle_0,relay,BS_1,flow_west.0,1,148.0,240.0,proposed_optimal_dkmcs,throughput
13.0,flow_west.0,direct,BS_1,-1,1,148.0,240.0,proposed_optimal_dkmcs,throughput
13.0,flow_east.0,direct,BS_1,-1,1,88.0,148.0,proposed_optimal_dkmcs,throughput
14.0,vehicle_2,direct,BS_1,-1,1,148.0,330.0,proposed_optimal_dkmcs,throughput
14.0,vehicle_1,relay,BS_1,vehicle_2,1,148.0,330.0,proposed_optimal_dkmcs,throughput
14.0,vehicle_0,relay,BS_1,vehicle_1,1,148.0,240.0,proposed_optimal_dkmcs,throughput
14.0,flow_west.0,relay,BS_1,vehicle_0,1,148.0,240.0,proposed_optimal_dkmcs,throughput
14.0,flow_east.0,direct,BS_1,-1,1,88.0,148.0,proposed_optimal_dkmcs,throughput
15.0,vehicle_2,direct,BS_1,-1,1,240.0,330.0,proposed_optimal_dkmcs,throughput
15.0,vehicle_1,relay,BS_1,vehicle_2,1,240.0,330.0,proposed_optimal_dkmcs,throughput
15.0,vehicle_0,relay,BS_1,vehicle_2,1,240.0,330.0,proposed_optimal_dkmcs,throughput
15.0,flow_west.0,relay,BS_1,vehicle_0,1,148.0,240.0,proposed_optimal_dkmcs,throughput
15.0,flow_east.0,direct,BS_1,-1,1,88.0,148.0,proposed_optimal_dkmcs,throughput
16.0,vehicle_2,direct,BS_1,-1,1,240.0,330.0,proposed_optimal_dkmcs,throughput
16.0,vehicle_1,relay,BS_1,vehicle_2,1,240.0,330.0,proposed_optimal_dkmcs,throughput
16.0,vehicle_0,relay,BS_1,vehicle_2,1,240.0,330.0,proposed_optimal_dkmcs,throughput
16.0,flow_west.0,direct,BS_1,-1,1,148.0,240.0,proposed_optimal_dkmcs,throughput
16.0,flow_east.0,direct,BS_1,-1,1,88.0,148.0,proposed_optimal_dkmcs,throughput
17.0,flow_west.0,direct,BS_1,-1,1,148.0,240.0,proposed_optimal_dkmcs,throughput
17.0,vehicle_2,direct,BS_1,-1,1,240.0,330.0,proposed_optimal_dkmcs,throughput
17.0,vehicle_1,relay,BS_1,flow_west.0,1,148.0,240.0,proposed_optimal_dkmcs,throughput
17.0,vehicle_0,relay,BS_1,vehicle_2,1,240.0,330.0,proposed_optimal_dkmcs,throughput
18.0,flow_west.0,relay,BS_1,vehicle_1,1,148.0,330.0,proposed_optimal_dkmcs,throughput
18.0,vehicle_2,direct,BS_1,-1,1,240.0,330.0,proposed_optimal_dkmcs,throughput
18.0,vehicle_1,relay,BS_1,vehicle_2,1,148.0,240.0,proposed_optimal_dkmcs,throughput
18.0,vehicle_0,relay,BS_1,vehicle_2,1,240.0,330.0,proposed_optimal_dkmcs,throughput
19.0,flow_west.0,relay,BS_1,vehicle_1,1,148.0,240.0,proposed_optimal_dkmcs,throughput
19.0,vehicle_2,relay,BS_1,vehicle_0,1,240.0,330.0,proposed_optimal_dkmcs,throughput
19.0,vehicle_1,relay,BS_1,vehicle_0,1,240.0,330.0,proposed_optimal_dkmcs,throughput
19.0,vehicle_0,relay,BS_1,vehicle_2,1,240.0,330.0,proposed_optimal_dkmcs,throughput
20.0,vehicle_2,direct,BS_1,-1,1,240.0,330.0,proposed_optimal_dkmcs,throughput
20.0,vehicle_1,relay,BS_1,vehicle_0,1,240.0,330.0,proposed_optimal_dkmcs,throughput
20.0,vehicle_0,direct,BS_1,-1,1,240.0,330.0,proposed_optimal_dkmcs,throughput
20.0,flow_west.1,relay,BS_1,vehicle_2,1,240.0,330.0,proposed_optimal_dkmcs,throughput
20.0,flow_west.0,direct,BS_1,-1,1,148.0,240.0,proposed_optimal_dkmcs,throughput
20.0,flow_east.1,relay,BS_1,flow_west.0,1,148.0,240.0,proposed_optimal_dkmcs,throughput
21.0,vehicle_2,relay,BS_1,vehicle_0,1,240.0,330.0,proposed_optimal_dkmcs,throughput
21.0,vehicle_1,relay,BS_1,vehicle_0,1,240.0,330.0,proposed_optimal_dkmcs,throughput
21.0,vehicle_0,direct,BS_1,-1,1,240.0,330.0,proposed_optimal_dkmcs,throughput
21.0,flow_west.1,relay,BS_1,vehicle_0,1,240.0,330.0,proposed_optimal_dkmcs,throughput
21.0,flow_west.0,relay,BS_1,vehicle_0,1,88.0,148.0,proposed_optimal_dkmcs,throughput
21.0,flow_east.1,direct,BS_1,-1,1,88.0,240.0,proposed_optimal_dkmcs,throughput
22.0,vehicle_2,relay,BS_1,flow_west.1,1,240.0,330.0,proposed_optimal_dkmcs,throughput
22.0,vehicle_1,direct,BS_1,-1,1,240.0,330.0,proposed_optimal_dkmcs,throughput
22.0,vehicle_0,relay,BS_1,vehicle_1,1,240.0,330.0,proposed_optimal_dkmcs,throughput
22.0,flow_west.1,direct,BS_1,-1,1,240.0,330.0,proposed_optimal_dkmcs,throughput
22.0,flow_west.0,relay,BS_1,vehicle_0,1,88.0,148.0,proposed_optimal_dkmcs,throughput
22.0,flow_east.1,direct,BS_1,-1,1,88.0,240.0,proposed_optimal_dkmcs,throughput
23.0,vehicle_2,relay,BS_1,flow_west.1,1,240.0,330.0,proposed_optimal_dkmcs,throughput
23.0,vehicle_1,direct,BS_1,-1,1,240.0,330.0,proposed_optimal_dkmcs,throughput
23.0,vehicle_0,direct,BS_1,-1,1,240.0,330.0,proposed_optimal_dkmcs,throughput
23.0,flow_west.1,relay,BS_1,vehicle_0,1,240.0,330.0,proposed_optimal_dkmcs,throughput
23.0,flow_west.0,direct,BS_1,-1,1,88.0,148.0,proposed_optimal_dkmcs,throughput
23.0,flow_east.1,direct,BS_1,-1,1,88.0,240.0,proposed_optimal_dkmcs,throughput
24.0,vehicle_2,relay,BS_1,flow_west.1,1,240.0,330.0,proposed_optimal_dkmcs,throughput
24.0,vehicle_1,relay,BS_1,flow_west.1,1,240.0,330.0,proposed_optimal_dkmcs,throughput
24.0,vehicle_0,relay,BS_1,vehicle_1,1,240.0,330.0,proposed_optimal_dkmcs,throughput
24.0,flow_west.1,relay,BS_1,vehicle_1,1,240.0,330.0,proposed_optimal_dkmcs,throughput
24.0,flow_west.0,direct,BS_1,-1,1,88.0,148.0,proposed_optimal_dkmcs,throughput
24.0,flow_east.1,relay,BS_1,vehicle_1,1,88.0,148.0,proposed_optimal_dkmcs,throughput
25.0,vehicle_2,direct,BS_1,-1,1,240.0,330.0,proposed_optimal_dkmcs,throughput
25.0,vehicle_1,direct,BS_1,-1,1,240.0,330.0,proposed_optimal_dkmcs,throughput
25.0,vehicle_0,direct,BS_1,-1,1,240.0,330.0,proposed_optimal_dkmcs,throughput
25.0,flow_west.1,direct,BS_1,-1,1,240.0,330.0,proposed_optimal_dkmcs,throughput
25.0,flow_west.0,direct,BS_1,-1,1,88.0,240.0,proposed_optimal_dkmcs,throughput
25.0,flow_east.1,relay,BS_1,vehicle_1,1,88.0,148.0,proposed_optimal_dkmcs,throughput
26.0,vehicle_2,direct,BS_1,-1,1,240.0,330.0,proposed_optimal_dkmcs,throughput
26.0,vehicle_1,relay,BS_1,vehicle_0,1,240.0,330.0,proposed_optimal_dkmcs,throughput
26.0,vehicle_0,direct,BS_1,-1,1,240.0,330.0,proposed_optimal_dkmcs,throughput
26.0,flow_west.1,relay,BS_1,vehicle_1,1,240.0,330.0,proposed_optimal_dkmcs,throughput
26.0,flow_west.0,direct,BS_1,-1,1,88.0,240.0,proposed_optimal_dkmcs,throughput
26.0,flow_east.1,direct,BS_1,-1,1,88.0,240.0,proposed_optimal_dkmcs,throughput
27.0,vehicle_2,direct,BS_1,-1,1,240.0,330.0,proposed_optimal_dkmcs,throughput
27.0,vehicle_1,direct,BS_1,-1,1,240.0,330.0,proposed_optimal_dkmcs,throughput
27.0,vehicle_0,relay,BS_1,vehicle_2,1,240.0,330.0,proposed_optimal_dkmcs,throughput
27.0,flow_west.1,direct,BS_1,-1,1,240.0,330.0,proposed_optimal_dkmcs,throughput
27.0,flow_west.0,relay,BS_1,flow_east.1,1,148.0,240.0,proposed_optimal_dkmcs,throughput
27.0,flow_east.1,direct,BS_1,-1,1,148.0,240.0,proposed_optimal_dkmcs,throughput
28.0,vehicle_2,direct,BS_1,-1,1,240.0,330.0,proposed_optimal_dkmcs,throughput
28.0,vehicle_1,relay,BS_1,flow_west.1,1,240.0,330.0,proposed_optimal_dkmcs,throughput
28.0,vehicle_0,relay,BS_1,vehicle_2,1,240.0,330.0,proposed_optimal_dkmcs,throughput
28.0,flow_west.1,direct,BS_1,-1,1,240.0,330.0,proposed_optimal_dkmcs,throughput
28.0,flow_east.1,direct,BS_1,-1,1,148.0,240.0,proposed_optimal_dkmcs,throughput
29.0,vehicle_2,direct,BS_1,-1,1,240.0,330.0,proposed_optimal_dkmcs,throughput
29.0,vehicle_1,direct,BS_1,-1,1,240.0,330.0,proposed_optimal_dkmcs,throughput
29.0,vehicle_0,relay,BS_1,vehicle_2,1,240.0,330.0,proposed_optimal_dkmcs,throughput
29.0,flow_west.1,direct,BS_1,-1,1,240.0,330.0,proposed_optimal_dkmcs,throughput
29.0,flow_east.1,direct,BS_1,-1,1,148.0,240.0,proposed_optimal_dkmcs,throughput
30.0,vehicle_2,direct,BS_1,-1,1,240.0,330.0,proposed_optimal_dkmcs,throughput
30.0,flow_west.2,direct,BS_1,-1,1,88.0,148.0,proposed_optimal_dkmcs,throughput
30.0,vehicle_1,direct,BS_1,-1,1,240.0,330.0,proposed_optimal_dkmcs,throughput
30.0,vehicle_0,direct,BS_1,-1,1,240.0,330.0,proposed_optimal_dkmcs,throughput
30.0,flow_west.1,direct,BS_1,-1,1,148.0,330.0,proposed_optimal_dkmcs,throughput
30.0,flow_east.1,direct,BS_1,-1,1,148.0,240.0,proposed_optimal_dkmcs,throughput
30.0,flow_east.2,direct,BS_1,-1,1,240.0,330.0,proposed_optimal_dkmcs,throughput
31.0,vehicle_2,direct,BS_1,-1,1,240.0,330.0,proposed_optimal_dkmcs,throughput
31.0,flow_west.2,direct,BS_1,-1,1,88.0,148.0,proposed_optimal_dkmcs,throughput
31.0,vehicle_1,relay,BS_1,vehicle_0,1,240.0,330.0,proposed_optimal_dkmcs,throughput
31.0,vehicle_0,direct,BS_1,-1,1,240.0,330.0,proposed_optimal_dkmcs,throughput
31.0,flow_west.1,direct,BS_1,-1,1,148.0,330.0,proposed_optimal_dkmcs,throughput
31.0,flow_east.1,direct,BS_1,-1,1,148.0,240.0,proposed_optimal_dkmcs,throughput
31.0,flow_east.2,relay,BS_1,vehicle_0,1,240.0,330.0,proposed_optimal_dkmcs,throughput
32.0,vehicle_2,relay,BS_1,flow_east.2,1,240.0,330.0,proposed_optimal_dkmcs,throughput
32.0,flow_west.2,direct,BS_1,-1,1,88.0,148.0,proposed_optimal_dkmcs,throughput
32.0,vehicle_1,relay,BS_1,vehicle_0,1,240.0,330.0,proposed_optimal_dkmcs,throughput
32.0,vehicle_0,direct,BS_1,-1,1,240.0,330.0,proposed_optimal_dkmcs,throughput
32.0,flow_west.1,direct,BS_1,-1,1,148.0,330.0,proposed_optimal_dkmcs,throughput
32.0,flow_east.1,direct,BS_1,-1,1,148.0,240.0,proposed_optimal_dkmcs,throughput
32.0,flow_east.2,direct,BS_1,-1,1,240.0,330.0,proposed_optimal_dkmcs,throughput
33.0,vehicle_2,relay,BS_1,vehicle_0,1,240.0,330.0,proposed_optimal_dkmcs,throughput
33.0,flow_west.2,direct,BS_1,-1,1,88.0,148.0,proposed_optimal_dkmcs,throughput
33.0,vehicle_1,direct,BS_1,-1,1,240.0,330.0,proposed_optimal_dkmcs,throughput
33.0,vehicle_0,direct,BS_1,-1,1,240.0,330.0,proposed_optimal_dkmcs,throughput
33.0,flow_west.1,direct,BS_1,-1,1,148.0,330.0,proposed_optimal_dkmcs,throughput
33.0,flow_east.1,direct,BS_1,-1,1,148.0,240.0,proposed_optimal_dkmcs,throughput
33.0,flow_east.2,relay,BS_1,vehicle_0,1,240.0,330.0,proposed_optimal_dkmcs,throughput
34.0,vehicle_2,relay,BS_1,vehicle_0,1,240.0,330.0,proposed_optimal_dkmcs,throughput
34.0,flow_west.2,direct,BS_1,-1,1,88.0,240.0,proposed_optimal_dkmcs,throughput
34.0,vehicle_1,relay,BS_1,vehicle_0,1,240.0,330.0,proposed_optimal_dkmcs,throughput
34.0,vehicle_0,direct,BS_1,-1,1,240.0,330.0,proposed_optimal_dkmcs,throughput
34.0,flow_west.1,direct,BS_1,-1,1,148.0,330.0,proposed_optimal_dkmcs,throughput
34.0,flow_east.1,direct,BS_1,-1,1,148.0,240.0,proposed_optimal_dkmcs,throughput
34.0,flow_east.2,relay,BS_1,vehicle_0,1,240.0,330.0,proposed_optimal_dkmcs,throughput
35.0,vehicle_2,relay,BS_1,vehicle_0,1,240.0,330.0,proposed_optimal_dkmcs,throughput
35.0,flow_west.2,relay,BS_1,flow_east.2,1,88.0,148.0,proposed_optimal_dkmcs,throughput
35.0,vehicle_1,direct,BS_1,-1,1,240.0,330.0,proposed_optimal_dkmcs,throughput
35.0,vehicle_0,direct,BS_1,-1,1,240.0,330.0,proposed_optimal_dkmcs,throughput
35.0,flow_west.1,direct,BS_1,-1,1,148.0,240.0,proposed_optimal_dkmcs,throughput
35.0,flow_east.1,relay,BS_1,flow_west.1,1,148.0,240.0,proposed_optimal_dkmcs,throughput
35.0,flow_east.2,relay,BS_1,vehicle_0,1,240.0,330.0,proposed_optimal_dkmcs,throughput
36.0,vehicle_2,relay,BS_1,vehicle_0,1,240.0,330.0,proposed_optimal_dkmcs,throughput
36.0,flow_west.2,direct,BS_1,-1,1,88.0,240.0,proposed_optimal_dkmcs,throughput
36.0,vehicle_1,direct,BS_1,-1,1,240.0,330.0,proposed_optimal_dkmcs,throughput
36.0,vehicle_0,direct,BS_1,-1,1,240.0,330.0,proposed_optimal_dkmcs,throughput
36.0,flow_west.1,direct,BS_1,-1,1,148.0,240.0,proposed_optimal_dkmcs,throughput
36.0,flow_east.1,direct,BS_1,-1,1,148.0,240.0,proposed_optimal_dkmcs,throughput
36.0,flow_east.2,relay,BS_1,vehicle_0,1,240.0,330.0,proposed_optimal_dkmcs,throughput
37.0,vehicle_2,direct,BS_1,-1,1,148.0,240.0,proposed_optimal_dkmcs,throughput
37.0,flow_west.2,relay,BS_1,vehicle_2,1,148.0,240.0,proposed_optimal_dkmcs,throughput
37.0,vehicle_1,direct,BS_1,-1,1,240.0,330.0,proposed_optimal_dkmcs,throughput
37.0,vehicle_0,relay,BS_1,vehicle_1,1,240.0,330.0,proposed_optimal_dkmcs,throughput
37.0,flow_west.1,direct,BS_1,-1,1,148.0,240.0,proposed_optimal_dkmcs,throughput
37.0,flow_east.1,direct,BS_1,-1,1,148.0,240.0,proposed_optimal_dkmcs,throughput
37.0,flow_east.2,relay,BS_1,vehicle_1,1,148.0,330.0,proposed_optimal_dkmcs,throughput
38.0,vehicle_2,direct,BS_1,-1,1,148.0,240.0,proposed_optimal_dkmcs,throughput
38.0,flow_west.2,relay,BS_1,flow_east.2,1,148.0,240.0,proposed_optimal_dkmcs,throughput
38.0,vehicle_1,direct,BS_1,-1,1,240.0,330.0,proposed_optimal_dkmcs,throughput
38.0,vehicle_0,relay,BS_1,vehicle_1,1,240.0,330.0,proposed_optimal_dkmcs,throughput
38.0,flow_west.1,direct,BS_1,-1,1,148.0,240.0,proposed_optimal_dkmcs,throughput
38.0,flow_east.1,direct,BS_1,-1,1,148.0,240.0,proposed_optimal_dkmcs,throughput
38.0,flow_east.2,relay,BS_1,vehicle_1,1,148.0,330.0,proposed_optimal_dkmcs,throughput
39.0,vehicle_2,direct,BS_1,-1,1,148.0,240.0,proposed_optimal_dkmcs,throughput
39.0,flow_west.2,direct,BS_1,-1,1,148.0,240.0,proposed_optimal_dkmcs,throughput
39.0,vehicle_1,direct,BS_1,-1,1,240.0,330.0,proposed_optimal_dkmcs,throughput
39.0,vehicle_0,relay,BS_1,vehicle_1,1,240.0,330.0,proposed_optimal_dkmcs,throughput
39.0,flow_west.1,direct,BS_1,-1,1,148.0,240.0,proposed_optimal_dkmcs,throughput
39.0,flow_east.1,relay,BS_1,flow_west.1,1,148.0,240.0,proposed_optimal_dkmcs,throughput
39.0,flow_east.2,relay,BS_1,vehicle_1,1,148.0,330.0,proposed_optimal_dkmcs,throughput
40.0,vehicle_2,relay,BS_1,flow_east.2,1,148.0,240.0,proposed_optimal_dkmcs,throughput
40.0,flow_west.2,relay,BS_1,flow_east.2,1,148.0,240.0,proposed_optimal_dkmcs,throughput
40.0,vehicle_1,direct,BS_1,-1,1,240.0,330.0,proposed_optimal_dkmcs,throughput
40.0,vehicle_0,relay,BS_1,vehicle_1,1,240.0,330.0,proposed_optimal_dkmcs,throughput
40.0,flow_west.1,relay,BS_1,flow_east.1,1,148.0,330.0,proposed_optimal_dkmcs,throughput
40.0,flow_east.1,relay,BS_1,flow_west.1,1,148.0,240.0,proposed_optimal_dkmcs,throughput
40.0,flow_west.3,direct,BS_1,-1,1,148.0,240.0,proposed_optimal_dkmcs,throughput
40.0,flow_east.2,direct,BS_1,-1,1,148.0,240.0,proposed_optimal_dkmcs,throughput
41.0,vehicle_2,relay,BS_1,flow_east.2,1,148.0,240.0,proposed_optimal_dkmcs,throughput
41.0,flow_west.2,relay,BS_1,flow_east.2,1,148.0,240.0,proposed_optimal_dkmcs,throughput
41.0,vehicle_1,relay,BS_1,flow_east.2,1,148.0,240.0,proposed_optimal_dkmcs,throughput
41.0,vehicle_0,relay,BS_1,flow_east.2,1,148.0,240.0,proposed_optimal_dkmcs,throughput
41.0,flow_east.3,direct,BS_1,-1,1,240.0,330.0,proposed_optimal_dkmcs,throughput
41.0,flow_west.1,relay,BS_1,flow_east.1,1,148.0,240.0,proposed_optimal_dkmcs,throughput
41.0,flow_east.1,direct,BS_1,-1,1,148.0,330.0,proposed_optimal_dkmcs,throughput
41.0,flow_west.3,direct,BS_1,-1,1,148.0,240.0,proposed_optimal_dkmcs,throughput
41.0,flow_east.2,direct,BS_1,-1,1,148.0,240.0,proposed_optimal_dkmcs,throughput
42.0,vehicle_2,relay,BS_1,flow_east.2,1,148.0,240.0,proposed_optimal_dkmcs,throughput
42.0,flow_west.2,relay,BS_1,flow_east.2,1,148.0,240.0,proposed_optimal_dkmcs,throughput
42.0,vehicle_1,relay,BS_1,flow_east.2,1,148.0,240.0,proposed_optimal_dkmcs,throughput
42.0,vehicle_0,relay,BS_1,flow_east.2,1,148.0,240.0,proposed_optimal_dkmcs,throughput
42.0,flow_east.3,direct,BS_1,-1,1,240.0,330.0,proposed_optimal_dkmcs,throughput
42.0,flow_west.1,direct,BS_1,-1,1,148.0,240.0,proposed_optimal_dkmcs,throughput
42.0,flow_east.1,direct,BS_1,-1,1,148.0,330.0,proposed_optimal_dkmcs,throughput
42.0,flow_west.3,direct,BS_1,-1,1,148.0,240.0,proposed_optimal_dkmcs,throughput
42.0,flow_east.2,direct,BS_1,-1,1,148.0,240.0,proposed_optimal_dkmcs,throughput
43.0,vehicle_2,relay,BS_1,flow_east.2,1,148.0,240.0,proposed_optimal_dkmcs,throughput
43.0,flow_west.2,relay,BS_1,flow_east.2,1,148.0,240.0,proposed_optimal_dkmcs,throughput
43.0,vehicle_1,relay,BS_1,flow_east.2,1,148.0,240.0,proposed_optimal_dkmcs,throughput
43.0,vehicle_0,relay,BS_1,flow_east.2,1,148.0,240.0,proposed_optimal_dkmcs,throughput
43.0,flow_east.3,direct,BS_1,-1,1,240.0,330.0,proposed_optimal_dkmcs,throughput
43.0,flow_west.1,relay,BS_1,flow_east.1,1,148.0,240.0,proposed_optimal_dkmcs,throughput
43.0,flow_east.1,relay,BS_1,flow_west.1,1,148.0,240.0,proposed_optimal_dkmcs,throughput
43.0,flow_west.3,direct,BS_1,-1,1,148.0,240.0,proposed_optimal_dkmcs,throughput
43.0,flow_east.2,direct,BS_1,-1,1,148.0,240.0,proposed_optimal_dkmcs,throughput
44.0,vehicle_2,relay,BS_1,flow_east.2,1,148.0,240.0,proposed_optimal_dkmcs,throughput
44.0,flow_west.2,relay,BS_1,flow_east.2,1,148.0,240.0,proposed_optimal_dkmcs,throughput
44.0,vehicle_1,relay,BS_1,flow_east.2,1,148.0,240.0,proposed_optimal_dkmcs,throughput
44.0,vehicle_0,relay,BS_1,flow_east.2,1,148.0,240.0,proposed_optimal_dkmcs,throughput
44.0,flow_east.3,direct,BS_1,-1,1,240.0,330.0,proposed_optimal_dkmcs,throughput
44.0,flow_west.1,relay,BS_1,flow_east.1,1,88.0,148.0,proposed_optimal_dkmcs,throughput
44.0,flow_east.1,direct,BS_1,-1,1,240.0,330.0,proposed_optimal_dkmcs,throughput
44.0,flow_west.3,direct,BS_1,-1,1,148.0,240.0,proposed_optimal_dkmcs,throughput
44.0,flow_east.2,direct,BS_1,-1,1,148.0,240.0,proposed_optimal_dkmcs,throughput
45.0,vehicle_2,relay,BS_1,flow_east.2,1,148.0,240.0,proposed_optimal_dkmcs,throughput
45.0,flow_west.2,relay,BS_1,flow_east.2,1,148.0,240.0,proposed_optimal_dkmcs,throughput
45.0,vehicle_1,relay,BS_1,flow_east.3,1,148.0,330.0,proposed_optimal_dkmcs,throughput
45.0,vehicle_0,relay,BS_1,flow_east.2,1,148.0,240.0,proposed_optimal_dkmcs,throughput
45.0,flow_east.3,direct,BS_1,-1,1,240.0,330.0,proposed_optimal_dkmcs,throughput
45.0,flow_west.1,direct,BS_1,-1,1,148.0,240.0,proposed_optimal_dkmcs,throughput
45.0,flow_east.1,direct,BS_1,-1,1,240.0,330.0,proposed_optimal_dkmcs,throughput
45.0,flow_west.3,relay,BS_1,flow_east.3,1,240.0,330.0,proposed_optimal_dkmcs,throughput
45.0,flow_east.2,direct,BS_1,-1,1,148.0,240.0,proposed_optimal_dkmcs,throughput
46.0,vehicle_2,relay,BS_1,flow_east.2,1,148.0,240.0,proposed_optimal_dkmcs,throughput
46.0,flow_west.2,relay,BS_1,flow_east.2,1,148.0,240.0,proposed_optimal_dkmcs,throughput
46.0,vehicle_1,relay,BS_1,flow_east.2,1,148.0,240.0,proposed_optimal_dkmcs,throughput
46.0,vehicle_0,relay,BS_1,flow_east.2,1,148.0,240.0,proposed_optimal_dkmcs,throughput
46.0,flow_east.3,direct,BS_1,-1,1,240.0,330.0,proposed_optimal_dkmcs,throughput
46.0,flow_west.1,relay,BS_1,flow_east.1,1,88.0,148.0,proposed_optimal_dkmcs,throughput
46.0,flow_east.1,direct,BS_1,-1,1,240.0,330.0,proposed_optimal_dkmcs,throughput
46.0,flow_west.3,relay,BS_1,flow_east.3,1,240.0,330.0,proposed_optimal_dkmcs,throughput
46.0,flow_east.2,direct,BS_1,-1,1,148.0,240.0,proposed_optimal_dkmcs,throughput
47.0,vehicle_2,relay,BS_1,vehicle_0,1,148.0,240.0,proposed_optimal_dkmcs,throughput
47.0,flow_west.2,relay,BS_1,flow_east.3,1,240.0,330.0,proposed_optimal_dkmcs,throughput
47.0,vehicle_1,relay,BS_1,flow_east.3,1,148.0,330.0,proposed_optimal_dkmcs,throughput
47.0,vehicle_0,relay,BS_1,vehicle_1,1,148.0,240.0,proposed_optimal_dkmcs,throughput
47.0,flow_east.3,direct,BS_1,-1,1,240.0,330.0,proposed_optimal_dkmcs,throughput
47.0,flow_west.1,direct,BS_1,-1,1,88.0,148.0,proposed_optimal_dkmcs,throughput
47.0,flow_east.1,direct,BS_1,-1,1,240.0,330.0,proposed_optimal_dkmcs,throughput
47.0,flow_west.3,relay,BS_1,flow_east.3,1,240.0,330.0,proposed_optimal_dkmcs,throughput
47.0,flow_east.2,relay,BS_1,vehicle_1,1,148.0,240.0,proposed_optimal_dkmcs,throughput
48.0,vehicle_2,relay,BS_1,vehicle_0,1,148.0,240.0,proposed_optimal_dkmcs,throughput
48.0,flow_west.2,relay,BS_1,flow_west.3,1,240.0,330.0,proposed_optimal_dkmcs,throughput
48.0,vehicle_1,relay,BS_1,flow_west.3,1,148.0,240.0,proposed_optimal_dkmcs,throughput
48.0,vehicle_0,relay,BS_1,vehicle_1,1,148.0,240.0,proposed_optimal_dkmcs,throughput
48.0,flow_east.3,relay,BS_1,flow_west.3,1,240.0,330.0,proposed_optimal_dkmcs,throughput
48.0,flow_west.1,direct,BS_1,-1,1,88.0,240.0,proposed_optimal_dkmcs,throughput
48.0,flow_east.1,direct,BS_1,-1,1,240.0,330.0,proposed_optimal_dkmcs,throughput
48.0,flow_west.3,direct,BS_1,-1,1,240.0,330.0,proposed_optimal_dkmcs,throughput
48.0,flow_east.2,relay,BS_1,flow_west.2,1,148.0,240.0,proposed_optimal_dkmcs,throughput
49.0,vehicle_2,relay,BS_1,vehicle_1,1,148.0,240.0,proposed_optimal_dkmcs,throughput
49.0,flow_west.2,relay,BS_1,flow_west.3,1,240.0,330.0,proposed_optimal_dkmcs,throughput
49.0,vehicle_1,relay,BS_1,flow_west.2,1,148.0,330.0,proposed_optimal_dkmcs,throughput
49.0,vehicle_0,relay,BS_1,vehicle_1,1,148.0,240.0,proposed_optimal_dkmcs,throughput
49.0,flow_east.3,relay,BS_1,flow_west.3,1,240.0,330.0,proposed_optimal_dkmcs,throughput
49.0,flow_west.1,direct,BS_1,-1,1,88.0,240.0,proposed_optimal_dkmcs,throughput
49.0,flow_east.1,direct,BS_1,-1,1,240.0,330.0,proposed_optimal_dkmcs,throughput
49.0,flow_west.3,direct,BS_1,-1,1,240.0,330.0,proposed_optimal_dkmcs,throughput
49.0,flow_east.2,relay,BS_1,vehicle_1,1,148.0,240.0,proposed_optimal_dkmcs,throughput
50.0,vehicle_2,relay,BS_1,vehicle_1,1,148.0,240.0,proposed_optimal_dkmcs,throughput
50.0,flow_west.2,relay,BS_1,flow_west.3,1,240.0,330.0,proposed_optimal_dkmcs,throughput
50.0,vehicle_1,relay,BS_1,flow_east.3,1,148.0,330.0,proposed_optimal_dkmcs,throughput
50.0,flow_east.4,relay,BS_1,flow_west.2,1,148.0,330.0,proposed_optimal_dkmcs,throughput
50.0,flow_west.4,relay,BS_1,flow_east.2,1,88.0,240.0,proposed_optimal_dkmcs,throughput
50.0,vehicle_0,relay,BS_1,vehicle_1,1,148.0,240.0,proposed_optimal_dkmcs,throughput
50.0,flow_east.3,relay,BS_1,flow_west.3,1,240.0,330.0,proposed_optimal_dkmcs,throughput
50.0,flow_west.1,direct,BS_1,-1,1,88.0,240.0,proposed_optimal_dkmcs,throughput
50.0,flow_east.1,direct,BS_1,-1,1,240.0,330.0,proposed_optimal_dkmcs,throughput
50.0,flow_west.3,direct,BS_1,-1,1,240.0,330.0,proposed_optimal_dkmcs,throughput
50.0,flow_east.2,relay,BS_1,vehicle_1,1,148.0,240.0,proposed_optimal_dkmcs,throughput
51.0,vehicle_2,relay,BS_1,vehicle_1,1,148.0,240.0,proposed_optimal_dkmcs,throughput
51.0,flow_west.2,relay,BS_1,flow_west.3,1,240.0,330.0,proposed_optimal_dkmcs,throughput
51.0,vehicle_1,relay,BS_1,flow_east.4,1,148.0,240.0,proposed_optimal_dkmcs,throughput
51.0,flow_east.4,relay,BS_1,vehicle_1,1,148.0,240.0,proposed_optimal_dkmcs,throughput
51.0,flow_west.4,relay,BS_1,flow_east.2,1,88.0,240.0,proposed_optimal_dkmcs,throughput
51.0,vehicle_0,relay,BS_1,vehicle_1,1,148.0,240.0,proposed_optimal_dkmcs,throughput
51.0,flow_east.3,relay,BS_1,vehicle_1,1,148.0,240.0,proposed_optimal_dkmcs,throughput
51.0,flow_west.1,direct,BS_1,-1,1,88.0,240.0,proposed_optimal_dkmcs,throughput
51.0,flow_east.1,direct,BS_1,-1,1,240.0,330.0,proposed_optimal_dkmcs,throughput
51.0,flow_west.3,direct,BS_1,-1,1,240.0,330.0,proposed_optimal_dkmcs,throughput
51.0,flow_east.2,relay,BS_1,vehicle_1,1,148.0,240.0,proposed_optimal_dkmcs,throughput
52.0,vehicle_2,relay,BS_1,vehicle_1,1,148.0,240.0,proposed_optimal_dkmcs,throughput
52.0,flow_west.2,relay,BS_1,flow_west.3,1,240.0,330.0,proposed_optimal_dkmcs,throughput
52.0,vehicle_1,relay,BS_1,flow_east.4,1,148.0,240.0,proposed_optimal_dkmcs,throughput
52.0,flow_east.4,relay,BS_1,flow_west.2,1,148.0,240.0,proposed_optimal_dkmcs,throughput
52.0,flow_west.4,relay,BS_1,vehicle_1,1,148.0,240.0,proposed_optimal_dkmcs,throughput
52.0,vehicle_0,relay,BS_1,vehicle_1,1,148.0,240.0,proposed_optimal_dkmcs,throughput
52.0,flow_east.3,relay,BS_1,flow_west.2,1,240.0,330.0,proposed_optimal_dkmcs,throughput
52.0,flow_east.1,relay,BS_1,flow_west.3,1,240.0,330.0,proposed_optimal_dkmcs,throughput
52.0,flow_west.3,relay,BS_1,flow_west.2,1,240.0,330.0,proposed_optimal_dkmcs,throughput
52.0,flow_east.2,relay,BS_1,vehicle_1,1,148.0,240.0,proposed_optimal_dkmcs,throughput
53.0,vehicle_2,relay,BS_1,vehicle_1,1,148.0,240.0,proposed_optimal_dkmcs,throughput
53.0,flow_west.2,relay,BS_1,flow_west.3,1,240.0,330.0,proposed_optimal_dkmcs,throughput
53.0,vehicle_1,relay,BS_1,flow_east.4,1,148.0,240.0,proposed_optimal_dkmcs,throughput
53.0,flow_east.4,relay,BS_1,vehicle_1,1,148.0,240.0,proposed_optimal_dkmcs,throughput
53.0,flow_west.4,relay,BS_1,vehicle_1,1,148.0,240.0,proposed_optimal_dkmcs,throughput
53.0,vehicle_0,relay,BS_1,vehicle_1,1,148.0,240.0,proposed_optimal_dkmcs,throughput
53.0,flow_east.3,direct,BS_1,-1,1,148.0,240.0,proposed_optimal_dkmcs,throughput
53.0,flow_east.1,relay,BS_1,flow_west.3,1,240.0,330.0,proposed_optimal_dkmcs,throughput
53.0,flow_west.3,direct,BS_1,-1,1,240.0,330.0,proposed_optimal_dkmcs,throughput
53.0,flow_east.2,relay,BS_1,vehicle_1,1,148.0,240.0,proposed_optimal_dkmcs,throughput
54.0,vehicle_2,relay,BS_1,flow_east.2,1,88.0,148.0,proposed_optimal_dkmcs,throughput
54.0,flow_west.2,relay,BS_1,flow_west.3,1,240.0,330.0,proposed_optimal_dkmcs,throughput
54.0,vehicle_1,relay,BS_1,flow_east.4,1,148.0,240.0,proposed_optimal_dkmcs,throughput
54.0,flow_east.4,relay,BS_1,flow_east.3,1,148.0,240.0,proposed_optimal_dkmcs,throughput
54.0,flow_west.4,relay,BS_1,flow_east.4,1,148.0,240.0,proposed_optimal_dkmcs,throughput
54.0,vehicle_0,relay,BS_1,flow_east.4,1,148.0,240.0,proposed_optimal_dkmcs,throughput
54.0,flow_east.3,direct,BS_1,-1,1,148.0,240.0,proposed_optimal_dkmcs,throughput
54.0,flow_east.1,relay,BS_1,flow_west.3,1,240.0,330.0,proposed_optimal_dkmcs,throughput
54.0,flow_west.3,direct,BS_1,-1,1,240.0,330.0,proposed_optimal_dkmcs,throughput
54.0,flow_east.2,relay,BS_1,flow_east.4,1,148.0,240.0,proposed_optimal_dkmcs,throughput
55.0,vehicle_2,relay,BS_1,flow_east.2,1,88.0,148.0,proposed_optimal_dkmcs,throughput
55.0,flow_west.2,direct,BS_1,-1,1,240.0,330.0,proposed_optimal_dkmcs,throughput
55.0,vehicle_1,relay,BS_1,flow_east.3,1,148.0,240.0,proposed_optimal_dkmcs,throughput
55.0,flow_east.4,relay,BS_1,flow_east.3,1,148.0,240.0,proposed_optimal_dkmcs,throughput
55.0,flow_west.4,relay,BS_1,flow_east.2,1,88.0,148.0,proposed_optimal_dkmcs,throughput
55.0,vehicle_0,relay,BS_1,flow_west.4,1,88.0,148.0,proposed_optimal_dkmcs,throughput
55.0,flow_east.3,relay,BS_1,flow_west.2,1,148.0,240.0,proposed_optimal_dkmcs,throughput
55.0,flow_east.1,relay,BS_1,flow_west.2,1,240.0,330.0,proposed_optimal_dkmcs,throughput
55.0,flow_west.3,relay,BS_1,flow_west.2,1,240.0,330.0,proposed_optimal_dkmcs,throughput
55.0,flow_east.2,direct,BS_1,-1,1,88.0,148.0,proposed_optimal_dkmcs,throughput
56.0,flow_west.2,relay,BS_1,flow_east.1,1,240.0,330.0,proposed_optimal_dkmcs,throughput
56.0,vehicle_1,relay,BS_1,flow_east.3,1,148.0,240.0,proposed_optimal_dkmcs,throughput
56.0,flow_east.4,relay,BS_1,flow_east.3,1,148.0,240.0,proposed_optimal_dkmcs,throughput
56.0,flow_west.4,relay,BS_1,flow_east.3,1,148.0,240.0,proposed_optimal_dkmcs,throughput
56.0,vehicle_0,relay,BS_1,flow_east.3,1,88.0,240.0,proposed_optimal_dkmcs,throughput
56.0,flow_east.3,direct,BS_1,-1,1,148.0,240.0,proposed_optimal_dkmcs,throughput
56.0,flow_east.1,relay,BS_1,flow_west.2,1,240.0,330.0,proposed_optimal_dkmcs,throughput
56.0,flow_west.3,relay,BS_1,flow_east.1,1,240.0,330.0,proposed_optimal_dkmcs,throughput
56.0,flow_east.2,relay,BS_1,flow_east.3,1,88.0,148.0,proposed_optimal_dkmcs,throughput
57.0,flow_west.2,relay,BS_1,flow_east.1,1,240.0,330.0,proposed_optimal_dkmcs,throughput
57.0,vehicle_1,relay,BS_1,flow_east.3,1,148.0,240.0,proposed_optimal_dkmcs,throughput
57.0,flow_east.4,relay,BS_1,flow_east.3,1,148.0,240.0,proposed_optimal_dkmcs,throughput
57.0,flow_west.4,relay,BS_1,flow_east.3,1,148.0,240.0,proposed_optimal_dkmcs,throughput
57.0,vehicle_0,relay,BS_1,flow_east.3,1,88.0,240.0,proposed_optimal_dkmcs,throughput
57.0,flow_east.3,direct,BS_1,-1,1,148.0,240.0,proposed_optimal_dkmcs,throughput
57.0,flow_east.1,relay,BS_1,flow_west.2,1,240.0,330.0,proposed_optimal_dkmcs,throughput
57.0,flow_west.3,relay,BS_1,flow_east.1,1,240.0,330.0,proposed_optimal_dkmcs,throughput
57.0,flow_east.2,relay,BS_1,flow_east.3,1,88.0,148.0,proposed_optimal_dkmcs,throughput
58.0,flow_west.2,relay,BS_1,flow_east.1,1,240.0,330.0,proposed_optimal_dkmcs,throughput
58.0,vehicle_1,relay,BS_1,flow_east.3,1,148.0,240.0,proposed_optimal_dkmcs,throughput
58.0,flow_east.4,relay,BS_1,flow_east.3,1,148.0,240.0,proposed_optimal_dkmcs,throughput
58.0,flow_west.4,relay,BS_1,flow_east.3,1,148.0,240.0,proposed_optimal_dkmcs,throughput
58.0,vehicle_0,relay,BS_1,flow_east.3,1,88.0,240.0,proposed_optimal_dkmcs,throughput
58.0,flow_east.3,direct,BS_1,-1,1,148.0,240.0,proposed_optimal_dkmcs,throughput
58.0,flow_east.1,relay,BS_1,flow_west.2,1,240.0,330.0,proposed_optimal_dkmcs,throughput
58.0,flow_west.3,relay,BS_1,flow_east.1,1,240.0,330.0,proposed_optimal_dkmcs,throughput
58.0,flow_east.2,relay,BS_1,flow_east.3,1,88.0,148.0,proposed_optimal_dkmcs,throughput
59.0,flow_west.2,relay,BS_1,flow_east.1,1,240.0,330.0,proposed_optimal_dkmcs,throughput
59.0,vehicle_1,relay,BS_1,flow_east.3,1,148.0,240.0,proposed_optimal_dkmcs,throughput
59.0,flow_east.4,relay,BS_1,flow_east.3,1,148.0,240.0,proposed_optimal_dkmcs,throughput
59.0,flow_west.4,relay,BS_1,flow_east.3,1,148.0,240.0,proposed_optimal_dkmcs,throughput
59.0,vehicle_0,relay,BS_1,flow_east.3,1,88.0,240.0,proposed_optimal_dkmcs,throughput
59.0,flow_east.3,direct,BS_1,-1,1,148.0,240.0,proposed_optimal_dkmcs,throughput
59.0,flow_east.1,relay,BS_1,flow_west.2,1,240.0,330.0,proposed_optimal_dkmcs,throughput
59.0,flow_west.3,relay,BS_1,flow_west.2,1,240.0,330.0,proposed_optimal_dkmcs,throughput
59.0,flow_east.2,relay,BS_1,flow_east.3,1,88.0,148.0,proposed_optimal_dkmcs,throughput
60.0,flow_west.2,relay,BS_1,flow_east.1,1,240.0,330.0,proposed_optimal_dkmcs,throughput
60.0,vehicle_1,relay,BS_1,flow_east.3,1,148.0,240.0,proposed_optimal_dkmcs,throughput
60.0,flow_east.4,relay,BS_1,flow_east.3,1,148.0,240.0,proposed_optimal_dkmcs,throughput
60.0,flow_west.4,relay,BS_1,flow_east.3,1,148.0,240.0,proposed_optimal_dkmcs,throughput
60.0,vehicle_0,relay,BS_1,flow_east.3,1,88.0,240.0,proposed_optimal_dkmcs,throughput
60.0,flow_east.3,direct,BS_1,-1,1,148.0,240.0,proposed_optimal_dkmcs,throughput
60.0,flow_west.5,relay,BS_1,flow_east.1,1,240.0,330.0,proposed_optimal_dkmcs,throughput
60.0,flow_east.1,relay,BS_1,flow_west.5,1,240.0,330.0,proposed_optimal_dkmcs,throughput
60.0,flow_east.5,direct,BS_1,-1,1,148.0,330.0,proposed_optimal_dkmcs,throughput
60.0,flow_west.3,direct,BS_1,-1,1,240.0,330.0,proposed_optimal_dkmcs,throughput
61.0,flow_west.2,relay,BS_1,flow_west.5,1,240.0,330.0,proposed_optimal_dkmcs,throughput
61.0,vehicle_1,relay,BS_1,flow_east.3,1,148.0,240.0,proposed_optimal_dkmcs,throughput
61.0,flow_east.4,relay,BS_1,flow_east.3,1,148.0,240.0,proposed_optimal_dkmcs,throughput
61.0,flow_west.4,relay,BS_1,flow_east.3,1,148.0,240.0,proposed_optimal_dkmcs,throughput
61.0,flow_east.3,direct,BS_1,-1,1,148.0,240.0,proposed_optimal_dkmcs,throughput
61.0,flow_west.5,direct,BS_1,-1,1,240.0,330.0,proposed_optimal_dkmcs,throughput
61.0,flow_east.1,relay,BS_1,flow_west.5,1,240.0,330.0,proposed_optimal_dkmcs,throughput
61.0,flow_east.5,relay,BS_1,flow_east.3,1,148.0,240.0,proposed_optimal_dkmcs,throughput
61.0,flow_west.3,direct,BS_1,-1,1,240.0,330.0,proposed_optimal_dkmcs,throughput
62.0,flow_west.2,relay,BS_1,flow_west.3,1,240.0,330.0,proposed_optimal_dkmcs,throughput
62.0,vehicle_1,relay,BS_1,flow_west.4,1,148.0,240.0,proposed_optimal_dkmcs,throughput
62.0,flow_east.4,relay,BS_1,flow_west.4,1,148.0,240.0,proposed_optimal_dkmcs,throughput
62.0,flow_west.4,relay,BS_1,flow_east.5,1,148.0,240.0,proposed_optimal_dkmcs,throughput
62.0,flow_east.3,relay,BS_1,flow_west.4,1,148.0,240.0,proposed_optimal_dkmcs,throughput
62.0,flow_west.5,relay,BS_1,flow_west.2,1,240.0,330.0,proposed_optimal_dkmcs,throughput
62.0,flow_east.1,direct,BS_1,-1,1,240.0,330.0,proposed_optimal_dkmcs,throughput
62.0,flow_east.5,relay,BS_1,flow_west.4,1,148.0,240.0,proposed_optimal_dkmcs,throughput
62.0,flow_west.3,relay,BS_1,flow_west.2,1,240.0,330.0,proposed_optimal_dkmcs,throughput
63.0,flow_west.2,relay,BS_1,flow_west.3,1,240.0,330.0,proposed_optimal_dkmcs,throughput
63.0,vehicle_1,direct,BS_1,-1,1,88.0,148.0,proposed_optimal_dkmcs,throughput
63.0,flow_east.4,direct,BS_1,-1,1,88.0,148.0,proposed_optimal_dkmcs,throughput
63.0,flow_west.4,relay,BS_1,flow_east.5,1,148.0,240.0,proposed_optimal_dkmcs,throughput
63.0,flow_east.3,relay,BS_1,flow_east.5,1,148.0,240.0,proposed_optimal_dkmcs,throughput
63.0,flow_west.5,relay,BS_1,flow_west.2,1,240.0,330.0,proposed_optimal_dkmcs,throughput
63.0,flow_east.1,direct,BS_1,-1,1,240.0,330.0,proposed_optimal_dkmcs,throughput
63.0,flow_east.5,direct,BS_1,-1,1,148.0,240.0,proposed_optimal_dkmcs,throughput
63.0,flow_west.3,relay,BS_1,flow_west.2,1,240.0,330.0,proposed_optimal_dkmcs,throughput
64.0,flow_west.2,relay,BS_1,flow_west.3,1,240.0,330.0,proposed_optimal_dkmcs,throughput
64.0,vehicle_1,relay,BS_1,flow_east.5,1,88.0,148.0,proposed_optimal_dkmcs,throughput
64.0,flow_east.4,relay,BS_1,flow_east.5,1,88.0,148.0,proposed_optimal_dkmcs,throughput
64.0,flow_west.4,relay,BS_1,flow_east.5,1,148.0,240.0,proposed_optimal_dkmcs,throughput
64.0,flow_east.3,relay,BS_1,flow_east.5,1,148.0,240.0,proposed_optimal_dkmcs,throughput
64.0,flow_west.5,relay,BS_1,flow_west.2,1,240.0,330.0,proposed_optimal_dkmcs,throughput
64.0,flow_east.1,direct,BS_1,-1,1,148.0,330.0,proposed_optimal_dkmcs,throughput
64.0,flow_east.5,direct,BS_1,-1,1,148.0,240.0,proposed_optimal_dkmcs,throughput
64.0,flow_west.3,relay,BS_1,flow_west.2,1,240.0,330.0,proposed_optimal_dkmcs,throughput
65.0,flow_west.2,direct,BS_1,-1,1,240.0,330.0,proposed_optimal_dkmcs,throughput
65.0,flow_east.4,relay,BS_1,flow_east.5,1,88.0,148.0,proposed_optimal_dkmcs,throughput
65.0,flow_west.4,relay,BS_1,flow_east.5,1,148.0,240.0,proposed_optimal_dkmcs,throughput
65.0,flow_east.3,relay,BS_1,flow_east.5,1,148.0,240.0,proposed_optimal_dkmcs,throughput
65.0,flow_west.5,relay,BS_1,flow_west.2,1,240.0,330.0,proposed_optimal_dkmcs,throughput
65.0,flow_east.1,relay,BS_1,flow_east.5,1,148.0,240.0,proposed_optimal_dkmcs,throughput
65.0,flow_east.5,direct,BS_1,-1,1,148.0,240.0,proposed_optimal_dkmcs,throughput
65.0,flow_west.3,relay,BS_1,flow_west.2,1,240.0,330.0,proposed_optimal_dkmcs,throughput
66.0,flow_west.2,direct,BS_1,-1,1,240.0,330.0,proposed_optimal_dkmcs,throughput
66.0,flow_east.4,relay,BS_1,flow_east.5,1,88.0,148.0,proposed_optimal_dkmcs,throughput
66.0,flow_west.4,relay,BS_1,flow_east.5,1,148.0,240.0,proposed_optimal_dkmcs,throughput
66.0,flow_east.3,relay,BS_1,flow_east.5,1,148.0,240.0,proposed_optimal_dkmcs,throughput
66.0,flow_west.5,relay,BS_1,flow_west.2,1,240.0,330.0,proposed_optimal_dkmcs,throughput
66.0,flow_east.1,relay,BS_1,flow_east.5,1,148.0,240.0,proposed_optimal_dkmcs,throughput
66.0,flow_east.5,direct,BS_1,-1,1,148.0,240.0,proposed_optimal_dkmcs,throughput
66.0,flow_west.3,relay,BS_1,flow_west.2,1,240.0,330.0,proposed_optimal_dkmcs,throughput
67.0,flow_west.2,direct,BS_1,-1,1,240.0,330.0,proposed_optimal_dkmcs,throughput
67.0,flow_west.4,relay,BS_1,flow_east.1,1,148.0,330.0,proposed_optimal_dkmcs,throughput
67.0,flow_east.3,relay,BS_1,flow_east.5,1,148.0,240.0,proposed_optimal_dkmcs,throughput
67.0,flow_west.5,direct,BS_1,-1,1,240.0,330.0,proposed_optimal_dkmcs,throughput
67.0,flow_east.1,relay,BS_1,flow_west.4,1,148.0,240.0,proposed_optimal_dkmcs,throughput
67.0,flow_east.5,relay,BS_1,flow_east.1,1,148.0,240.0,proposed_optimal_dkmcs,throughput
67.0,flow_west.3,relay,BS_1,flow_west.2,1,240.0,330.0,proposed_optimal_dkmcs,throughput
68.0,flow_west.2,direct,BS_1,-1,1,240.0,330.0,proposed_optimal_dkmcs,throughput
68.0,flow_west.4,relay,BS_1,flow_east.5,1,148.0,240.0,proposed_optimal_dkmcs,throughput
68.0,flow_east.3,relay,BS_1,flow_east.5,1,148.0,240.0,proposed_optimal_dkmcs,throughput
68.0,flow_west.5,relay,BS_1,flow_west.2,1,240.0,330.0,proposed_optimal_dkmcs,throughput
68.0,flow_east.1,relay,BS_1,flow_east.5,1,148.0,240.0,proposed_optimal_dkmcs,throughput
68.0,flow_east.5,relay,BS_1,flow_east.1,1,148.0,240.0,proposed_optimal_dkmcs,throughput
68.0,flow_west.3,relay,BS_1,flow_west.2,1,240.0,330.0,proposed_optimal_dkmcs,throughput
69.0,flow_west.2,direct,BS_1,-1,1,240.0,330.0,proposed_optimal_dkmcs,throughput
69.0,flow_west.4,relay,BS_1,flow_east.5,1,148.0,240.0,proposed_optimal_dkmcs,throughput
69.0,flow_east.3,relay,BS_1,flow_east.5,1,148.0,240.0,proposed_optimal_dkmcs,throughput
69.0,flow_west.5,relay,BS_1,flow_west.2,1,240.0,330.0,proposed_optimal_dkmcs,throughput
69.0,flow_east.1,relay,BS_1,flow_east.5,1,148.0,240.0,proposed_optimal_dkmcs,throughput
69.0,flow_east.5,relay,BS_1,flow_east.1,1,148.0,240.0,proposed_optimal_dkmcs,throughput
69.0,flow_west.3,relay,BS_1,flow_west.2,1,240.0,330.0,proposed_optimal_dkmcs,throughput
70.0,flow_west.2,relay,BS_1,flow_west.5,1,240.0,330.0,proposed_optimal_dkmcs,throughput
70.0,flow_west.6,relay,BS_1,flow_west.2,1,240.0,330.0,proposed_optimal_dkmcs,throughput
70.0,flow_west.4,relay,BS_1,flow_east.1,1,148.0,240.0,proposed_optimal_dkmcs,throughput
70.0,flow_east.3,relay,BS_1,flow_east.1,1,88.0,148.0,proposed_optimal_dkmcs,throughput
70.0,flow_east.6,relay,BS_1,flow_west.2,1,240.0,330.0,proposed_optimal_dkmcs,throughput
70.0,flow_west.5,relay,BS_1,flow_west.2,1,240.0,330.0,proposed_optimal_dkmcs,throughput
70.0,flow_east.1,direct,BS_1,-1,1,148.0,240.0,proposed_optimal_dkmcs,throughput
70.0,flow_east.5,relay,BS_1,flow_east.1,1,148.0,240.0,proposed_optimal_dkmcs,throughput
70.0,flow_west.3,relay,BS_1,flow_west.2,1,240.0,330.0,proposed_optimal_dkmcs,throughput
71.0,flow_west.2,relay,BS_1,flow_west.6,1,240.0,330.0,proposed_optimal_dkmcs,throughput
71.0,flow_west.6,relay,BS_1,flow_west.2,1,240.0,330.0,proposed_optimal_dkmcs,throughput
71.0,flow_west.4,relay,BS_1,flow_east.1,1,148.0,240.0,proposed_optimal_dkmcs,throughput
71.0,flow_east.3,relay,BS_1,flow_east.1,1,88.0,148.0,proposed_optimal_dkmcs,throughput
71.0,flow_east.6,relay,BS_1,flow_west.6,1,240.0,330.0,proposed_optimal_dkmcs,throughput
71.0,flow_west.5,relay,BS_1,flow_west.2,1,240.0,330.0,proposed_optimal_dkmcs,throughput
71.0,flow_east.1,direct,BS_1,-1,1,148.0,240.0,proposed_optimal_dkmcs,throughput
71.0,flow_east.5,relay,BS_1,flow_east.1,1,148.0,240.0,proposed_optimal_dkmcs,throughput
71.0,flow_west.3,relay,BS_1,flow_west.2,1,240.0,330.0,proposed_optimal_dkmcs,throughput
72.0,flow_west.2,relay,BS_1,flow_west.6,1,240.0,330.0,proposed_optimal_dkmcs,throughput
72.0,flow_west.6,direct,BS_1,-1,1,240.0,330.0,proposed_optimal_dkmcs,throughput
72.0,flow_west.4,relay,BS_1,flow_east.1,1,148.0,240.0,proposed_optimal_dkmcs,throughput
72.0,flow_east.3,relay,BS_1,flow_east.1,1,88.0,148.0,proposed_optimal_dkmcs,throughput
72.0,flow_east.6,relay,BS_1,flow_west.6,1,240.0,330.0,proposed_optimal_dkmcs,throughput
72.0,flow_west.5,relay,BS_1,flow_west.6,1,240.0,330.0,proposed_optimal_dkmcs,throughput
72.0,flow_east.1,direct,BS_1,-1,1,148.0,240.0,proposed_optimal_dkmcs,throughput
72.0,flow_east.5,relay,BS_1,flow_east.1,1,148.0,240.0,proposed_optimal_dkmcs,throughput
72.0,flow_west.3,relay,BS_1,flow_west.6,1,148.0,240.0,proposed_optimal_dkmcs,throughput
73.0,flow_west.2,relay,BS_1,flow_west.6,1,240.0,330.0,proposed_optimal_dkmcs,throughput
73.0,flow_west.6,direct,BS_1,-1,1,240.0,330.0,proposed_optimal_dkmcs,throughput
73.0,flow_west.4,direct,BS_1,-1,1,240.0,330.0,proposed_optimal_dkmcs,throughput
73.0,flow_east.3,relay,BS_1,flow_east.1,1,88.0,148.0,proposed_optimal_dkmcs,throughput
73.0,flow_east.6,relay,BS_1,flow_west.6,1,240.0,330.0,proposed_optimal_dkmcs,throughput
73.0,flow_west.5,relay,BS_1,flow_west.6,1,240.0,330.0,proposed_optimal_dkmcs,throughput
73.0,flow_east.1,direct,BS_1,-1,1,148.0,240.0,proposed_optimal_dkmcs,throughput
73.0,flow_east.5,relay,BS_1,flow_east.1,1,148.0,240.0,proposed_optimal_dkmcs,throughput
73.0,flow_west.3,relay,BS_1,flow_west.6,1,148.0,240.0,proposed_optimal_dkmcs,throughput
74.0,flow_west.2,relay,BS_1,flow_west.6,1,240.0,330.0,proposed_optimal_dkmcs,throughput
74.0,flow_west.6,direct,BS_1,-1,1,240.0,330.0,proposed_optimal_dkmcs,throughput
74.0,flow_west.4,direct,BS_1,-1,1,240.0,330.0,proposed_optimal_dkmcs,throughput
74.0,flow_east.3,relay,BS_1,flow_east.1,1,88.0,148.0,proposed_optimal_dkmcs,throughput
74.0,flow_east.6,relay,BS_1,flow_west.6,1,148.0,240.0,proposed_optimal_dkmcs,throughput
74.0,flow_west.5,relay,BS_1,flow_west.6,1,240.0,330.0,proposed_optimal_dkmcs,throughput
74.0,flow_east.1,direct,BS_1,-1,1,148.0,240.0,proposed_optimal_dkmcs,throughput
74.0,flow_east.5,relay,BS_1,flow_east.1,1,148.0,240.0,proposed_optimal_dkmcs,throughput
74.0,flow_west.3,relay,BS_1,flow_west.6,1,148.0,240.0,proposed_optimal_dkmcs,throughput
75.0,flow_west.2,relay,BS_1,flow_west.6,1,240.0,330.0,proposed_optimal_dkmcs,throughput
75.0,flow_west.6,direct,BS_1,-1,1,240.0,330.0,proposed_optimal_dkmcs,throughput
75.0,flow_west.4,direct,BS_1,-1,1,240.0,330.0,proposed_optimal_dkmcs,throughput
75.0,flow_east.6,direct,BS_1,-1,1,240.0,330.0,proposed_optimal_dkmcs,throughput
75.0,flow_west.5,relay,BS_1,flow_west.6,1,240.0,330.0,proposed_optimal_dkmcs,throughput
75.0,flow_east.1,direct,BS_1,-1,1,148.0,240.0,proposed_optimal_dkmcs,throughput
75.0,flow_east.5,relay,BS_1,flow_east.1,1,148.0,240.0,proposed_optimal_dkmcs,throughput
75.0,flow_west.3,relay,BS_1,flow_west.6,1,148.0,240.0,proposed_optimal_dkmcs,throughput
76.0,flow_west.2,relay,BS_1,flow_west.6,1,240.0,330.0,proposed_optimal_dkmcs,throughput
76.0,flow_west.6,direct,BS_1,-1,1,240.0,330.0,proposed_optimal_dkmcs,throughput
76.0,flow_west.4,direct,BS_1,-1,1,240.0,330.0,proposed_optimal_dkmcs,throughput
76.0,flow_east.6,direct,BS_1,-1,1,240.0,330.0,proposed_optimal_dkmcs,throughput
76.0,flow_west.5,relay,BS_1,flow_west.6,1,240.0,330.0,proposed_optimal_dkmcs,throughput
76.0,flow_east.1,direct,BS_1,-1,1,148.0,240.0,proposed_optimal_dkmcs,throughput
76.0,flow_east.5,relay,BS_1,flow_east.1,1,148.0,240.0,proposed_optimal_dkmcs,throughput
76.0,flow_west.3,relay,BS_1,flow_west.6,1,148.0,240.0,proposed_optimal_dkmcs,throughput
77.0,flow_west.2,direct,BS_1,-1,1,148.0,240.0,proposed_optimal_dkmcs,throughput
77.0,flow_west.6,relay,BS_1,flow_west.2,1,148.0,240.0,proposed_optimal_dkmcs,throughput
77.0,flow_west.4,direct,BS_1,-1,1,240.0,330.0,proposed_optimal_dkmcs,throughput
77.0,flow_east.6,direct,BS_1,-1,1,240.0,330.0,proposed_optimal_dkmcs,throughput
77.0,flow_west.5,direct,BS_1,-1,1,148.0,240.0,proposed_optimal_dkmcs,throughput
77.0,flow_east.1,direct,BS_1,-1,1,148.0,240.0,proposed_optimal_dkmcs,throughput
77.0,flow_east.5,relay,BS_1,flow_east.1,1,148.0,240.0,proposed_optimal_dkmcs,throughput
77.0,flow_west.3,direct,BS_1,-1,1,148.0,240.0,proposed_optimal_dkmcs,throughput
78.0,flow_west.2,direct,BS_1,-1,1,148.0,240.0,proposed_optimal_dkmcs,throughput
78.0,flow_west.6,relay,BS_1,flow_west.2,1,148.0,240.0,proposed_optimal_dkmcs,throughput
78.0,flow_west.4,direct,BS_1,-1,1,240.0,330.0,proposed_optimal_dkmcs,throughput
78.0,flow_east.6,direct,BS_1,-1,1,240.0,330.0,proposed_optimal_dkmcs,throughput
78.0,flow_west.5,relay,BS_1,flow_west.2,1,148.0,240.0,proposed_optimal_dkmcs,throughput
78.0,flow_east.1,direct,BS_1,-1,1,148.0,240.0,proposed_optimal_dkmcs,throughput
78.0,flow_east.5,relay,BS_1,flow_east.1,1,148.0,240.0,proposed_optimal_dkmcs,throughput
78.0,flow_west.3,relay,BS_1,flow_west.2,1,148.0,240.0,proposed_optimal_dkmcs,throughput
79.0,flow_west.2,direct,BS_1,-1,1,148.0,240.0,proposed_optimal_dkmcs,throughput
79.0,flow_west.6,relay,BS_1,flow_west.2,1,148.0,240.0,proposed_optimal_dkmcs,throughput
79.0,flow_west.4,direct,BS_1,-1,1,240.0,330.0,proposed_optimal_dkmcs,throughput
79.0,flow_east.6,direct,BS_1,-1,1,240.0,330.0,proposed_optimal_dkmcs,throughput
79.0,flow_west.5,relay,BS_1,flow_west.2,1,148.0,240.0,proposed_optimal_dkmcs,throughput
79.0,flow_east.1,direct,BS_1,-1,1,88.0,240.0,proposed_optimal_dkmcs,throughput
79.0,flow_east.5,direct,BS_1,-1,1,88.0,148.0,proposed_optimal_dkmcs,throughput
79.0,flow_west.3,relay,BS_1,flow_west.2,1,148.0,240.0,proposed_optimal_dkmcs,throughput
80.0,flow_west.2,relay,BS_1,flow_west.6,1,148.0,330.0,proposed_optimal_dkmcs,throughput
80.0,flow_west.6,relay,BS_1,flow_west.2,1,148.0,240.0,proposed_optimal_dkmcs,throughput
80.0,flow_west.4,relay,BS_1,flow_east.6,1,148.0,330.0,proposed_optimal_dkmcs,throughput
80.0,flow_east.7,relay,BS_1,flow_west.2,1,148.0,240.0,proposed_optimal_dkmcs,throughput
80.0,flow_east.6,direct,BS_1,-1,1,240.0,330.0,proposed_optimal_dkmcs,throughput
80.0,flow_west.5,relay,BS_1,flow_west.6,1,148.0,330.0,proposed_optimal_dkmcs,throughput
80.0,flow_east.1,direct,BS_1,-1,1,88.0,240.0,proposed_optimal_dkmcs,throughput
80.0,flow_east.5,relay,BS_1,flow_east.1,1,88.0,240.0,proposed_optimal_dkmcs,throughput
80.0,flow_west.3,relay,BS_1,flow_east.7,1,148.0,240.0,proposed_optimal_dkmcs,throughput
80.0,flow_west.7,relay,BS_1,flow_east.1,1,88.0,240.0,proposed_optimal_dkmcs,throughput
81.0,flow_west.2,relay,BS_1,flow_west.5,1,148.0,240.0,proposed_optimal_dkmcs,throughput
81.0,flow_west.6,relay,BS_1,flow_west.2,1,148.0,240.0,proposed_optimal_dkmcs,throughput
81.0,flow_west.4,relay,BS_1,flow_east.6,1,148.0,240.0,proposed_optimal_dkmcs,throughput
81.0,flow_east.7,relay,BS_1,flow_west.5,1,148.0,240.0,proposed_optimal_dkmcs,throughput
81.0,flow_east.6,direct,BS_1,-1,1,240.0,330.0,proposed_optimal_dkmcs,throughput
81.0,flow_west.5,relay,BS_1,flow_west.2,1,148.0,240.0,proposed_optimal_dkmcs,throughput
81.0,flow_east.1,direct,BS_1,-1,1,88.0,240.0,proposed_optimal_dkmcs,throughput
81.0,flow_west.3,relay,BS_1,flow_west.5,1,148.0,240.0,proposed_optimal_dkmcs,throughput
81.0,flow_west.7,direct,BS_1,-1,1,88.0,148.0,proposed_optimal_dkmcs,throughput
82.0,flow_west.2,relay,BS_1,flow_west.5,1,148.0,240.0,proposed_optimal_dkmcs,throughput
82.0,flow_west.6,relay,BS_1,flow_east.7,1,148.0,330.0,proposed_optimal_dkmcs,throughput
82.0,flow_west.4,direct,BS_1,-1,1,240.0,330.0,proposed_optimal_dkmcs,throughput
82.0,flow_east.7,relay,BS_1,flow_west.5,1,148.0,240.0,proposed_optimal_dkmcs,throughput
82.0,flow_east.6,direct,BS_1,-1,1,148.0,330.0,proposed_optimal_dkmcs,throughput
82.0,flow_west.5,relay,BS_1,flow_west.2,1,148.0,240.0,proposed_optimal_dkmcs,throughput
82.0,flow_east.1,relay,BS_1,flow_east.6,1,88.0,148.0,proposed_optimal_dkmcs,throughput
82.0,flow_west.3,relay,BS_1,flow_west.2,1,148.0,240.0,proposed_optimal_dkmcs,throughput
82.0,flow_west.7,relay,BS_1,flow_east.6,1,88.0,148.0,proposed_optimal_dkmcs,throughput
83.0,flow_west.2,relay,BS_1,flow_west.5,1,148.0,240.0,proposed_optimal_dkmcs,throughput
83.0,flow_west.6,relay,BS_1,flow_west.5,1,148.0,240.0,proposed_optimal_dkmcs,throughput
83.0,flow_west.4,direct,BS_1,-1,1,240.0,330.0,proposed_optimal_dkmcs,throughput
83.0,flow_east.7,relay,BS_1,flow_west.5,1,148.0,240.0,proposed_optimal_dkmcs,throughput
83.0,flow_east.6,direct,BS_1,-1,1,148.0,330.0,proposed_optimal_dkmcs,throughput
83.0,flow_west.5,relay,BS_1,flow_west.2,1,148.0,240.0,proposed_optimal_dkmcs,throughput
83.0,flow_east.1,direct,BS_1,-1,1,88.0,240.0,proposed_optimal_dkmcs,throughput
83.0,flow_west.3,relay,BS_1,flow_west.2,1,148.0,240.0,proposed_optimal_dkmcs,throughput
83.0,flow_west.7,relay,BS_1,flow_east.6,1,88.0,148.0,proposed_optimal_dkmcs,throughput
84.0,flow_west.2,relay,BS_1,flow_west.5,1,148.0,240.0,proposed_optimal_dkmcs,throughput
84.0,flow_west.6,relay,BS_1,flow_west.5,1,148.0,240.0,proposed_optimal_dkmcs,throughput
84.0,flow_west.4,direct,BS_1,-1,1,240.0,330.0,proposed_optimal_dkmcs,throughput
84.0,flow_east.7,relay,BS_1,flow_west.2,1,148.0,240.0,proposed_optimal_dkmcs,throughput
84.0,flow_east.6,direct,BS_1,-1,1,148.0,330.0,proposed_optimal_dkmcs,throughput
84.0,flow_west.5,relay,BS_1,flow_west.2,1,148.0,240.0,proposed_optimal_dkmcs,throughput
84.0,flow_east.1,relay,BS_1,flow_east.6,1,88.0,148.0,proposed_optimal_dkmcs,throughput
84.0,flow_west.3,relay,BS_1,flow_west.2,1,148.0,240.0,proposed_optimal_dkmcs,throughput
84.0,flow_west.7,relay,BS_1,flow_east.6,1,88.0,148.0,proposed_optimal_dkmcs,throughput
85.0,flow_west.2,relay,BS_1,flow_west.5,1,148.0,240.0,proposed_optimal_dkmcs,throughput
85.0,flow_west.6,relay,BS_1,flow_west.5,1,148.0,240.0,proposed_optimal_dkmcs,throughput
85.0,flow_west.4,direct,BS_1,-1,1,240.0,330.0,proposed_optimal_dkmcs,throughput
85.0,flow_east.7,relay,BS_1,flow_west.4,1,240.0,330.0,proposed_optimal_dkmcs,throughput
85.0,flow_east.6,direct,BS_1,-1,1,148.0,330.0,proposed_optimal_dkmcs,throughput
85.0,flow_west.5,direct,BS_1,-1,1,148.0,240.0,proposed_optimal_dkmcs,throughput
85.0,flow_east.1,relay,BS_1,flow_east.6,1,88.0,148.0,proposed_optimal_dkmcs,throughput
85.0,flow_west.3,relay,BS_1,flow_west.5,1,148.0,240.0,proposed_optimal_dkmcs,throughput
85.0,flow_west.7,relay,BS_1,flow_east.6,1,88.0,240.0,proposed_optimal_dkmcs,throughput
86.0,flow_west.2,direct,BS_1,-1,1,148.0,240.0,proposed_optimal_dkmcs,throughput
86.0,flow_west.6,relay,BS_1,flow_west.2,1,148.0,240.0,proposed_optimal_dkmcs,throughput
86.0,flow_west.4,direct,BS_1,-1,1,240.0,330.0,proposed_optimal_dkmcs,throughput
86.0,flow_east.7,direct,BS_1,-1,1,240.0,330.0,proposed_optimal_dkmcs,throughput
86.0,flow_east.6,direct,BS_1,-1,1,148.0,240.0,proposed_optimal_dkmcs,throughput
86.0,flow_west.5,relay,BS_1,flow_west.2,1,148.0,240.0,proposed_optimal_dkmcs,throughput
86.0,flow_east.1,direct,BS_1,-1,1,88.0,148.0,proposed_optimal_dkmcs,throughput
86.0,flow_west.3,relay,BS_1,flow_west.2,1,148.0,240.0,proposed_optimal_dkmcs,throughput
86.0,flow_west.7,direct,BS_1,-1,1,88.0,240.0,proposed_optimal_dkmcs,throughput
87.0,flow_west.2,relay,BS_1,flow_west.5,1,148.0,240.0,proposed_optimal_dkmcs,throughput
87.0,flow_west.6,direct,BS_1,-1,1,148.0,240.0,proposed_optimal_dkmcs,throughput
87.0,flow_west.4,direct,BS_1,-1,1,240.0,330.0,proposed_optimal_dkmcs,throughput
87.0,flow_east.7,direct,BS_1,-1,1,240.0,330.0,proposed_optimal_dkmcs,throughput
87.0,flow_east.6,direct,BS_1,-1,1,148.0,240.0,proposed_optimal_dkmcs,throughput
87.0,flow_west.5,direct,BS_1,-1,1,148.0,240.0,proposed_optimal_dkmcs,throughput
87.0,flow_east.1,relay,BS_1,flow_east.6,1,88.0,148.0,proposed_optimal_dkmcs,throughput
87.0,flow_west.7,relay,BS_1,flow_east.6,1,148.0,240.0,proposed_optimal_dkmcs,throughput
88.0,flow_west.2,relay,BS_1,flow_west.6,1,148.0,240.0,proposed_optimal_dkmcs,throughput
88.0,flow_west.6,direct,BS_1,-1,1,148.0,240.0,proposed_optimal_dkmcs,throughput
88.0,flow_west.4,direct,BS_1,-1,1,240.0,330.0,proposed_optimal_dkmcs,throughput
88.0,flow_east.7,direct,BS_1,-1,1,240.0,330.0,proposed_optimal_dkmcs,throughput
88.0,flow_east.6,direct,BS_1,-1,1,148.0,240.0,proposed_optimal_dkmcs,throughput
88.0,flow_west.5,relay,BS_1,flow_west.6,1,148.0,240.0,proposed_optimal_dkmcs,throughput
88.0,flow_east.1,relay,BS_1,flow_west.7,1,148.0,240.0,proposed_optimal_dkmcs,throughput
88.0,flow_west.7,direct,BS_1,-1,1,148.0,240.0,proposed_optimal_dkmcs,throughput
89.0,flow_west.2,relay,BS_1,flow_west.6,1,148.0,240.0,proposed_optimal_dkmcs,throughput
89.0,flow_west.6,direct,BS_1,-1,1,148.0,240.0,proposed_optimal_dkmcs,throughput
89.0,flow_west.4,direct,BS_1,-1,1,240.0,330.0,proposed_optimal_dkmcs,throughput
89.0,flow_east.7,direct,BS_1,-1,1,240.0,330.0,proposed_optimal_dkmcs,throughput
89.0,flow_east.6,direct,BS_1,-1,1,148.0,240.0,proposed_optimal_dkmcs,throughput
89.0,flow_west.5,relay,BS_1,flow_west.6,1,148.0,240.0,proposed_optimal_dkmcs,throughput
89.0,flow_east.1,relay,BS_1,flow_west.7,1,148.0,240.0,proposed_optimal_dkmcs,throughput
89.0,flow_west.7,direct,BS_1,-1,1,148.0,240.0,proposed_optimal_dkmcs,throughput
90.0,flow_west.2,relay,BS_1,flow_west.6,1,148.0,240.0,proposed_optimal_dkmcs,throughput
90.0,flow_west.6,direct,BS_1,-1,1,148.0,240.0,proposed_optimal_dkmcs,throughput
90.0,flow_west.4,relay,BS_1,flow_east.7,1,240.0,330.0,proposed_optimal_dkmcs,throughput
90.0,flow_east.7,direct,BS_1,-1,1,240.0,330.0,proposed_optimal_dkmcs,throughput
90.0,flow_east.6,direct,BS_1,-1,1,148.0,240.0,proposed_optimal_dkmcs,throughput
90.0,flow_west.5,relay,BS_1,flow_west.6,1,148.0,240.0,proposed_optimal_dkmcs,throughput
90.0,flow_east.1,direct,BS_1,-1,1,88.0,148.0,proposed_optimal_dkmcs,throughput
90.0,flow_west.7,direct,BS_1,-1,1,148.0,240.0,proposed_optimal_dkmcs,throughput
91.0,flow_west.2,direct,BS_1,-1,1,88.0,240.0,proposed_optimal_dkmcs,throughput
91.0,flow_west.6,direct,BS_1,-1,1,88.0,240.0,proposed_optimal_dkmcs,throughput
91.0,flow_west.4,relay,BS_1,flow_east.7,1,240.0,330.0,proposed_optimal_dkmcs,throughput
91.0,flow_east.7,direct,BS_1,-1,1,240.0,330.0,proposed_optimal_dkmcs,throughput
91.0,flow_east.6,direct,BS_1,-1,1,148.0,240.0,proposed_optimal_dkmcs,throughput
91.0,flow_west.5,direct,BS_1,-1,1,88.0,240.0,proposed_optimal_dkmcs,throughput
91.0,flow_east.1,direct,BS_1,-1,1,88.0,148.0,proposed_optimal_dkmcs,throughput
91.0,flow_west.7,direct,BS_1,-1,1,148.0,240.0,proposed_optimal_dkmcs,throughput
92.0,flow_west.2,relay,BS_1,flow_west.6,1,148.0,240.0,proposed_optimal_dkmcs,throughput
92.0,flow_west.6,direct,BS_1,-1,1,148.0,240.0,proposed_optimal_dkmcs,throughput
92.0,flow_west.4,direct,BS_1,-1,1,148.0,330.0,proposed_optimal_dkmcs,throughput
92.0,flow_east.7,direct,BS_1,-1,1,240.0,330.0,proposed_optimal_dkmcs,throughput
92.0,flow_west.5,relay,BS_1,flow_west.6,1,148.0,240.0,proposed_optimal_dkmcs,throughput
92.0,flow_east.6,direct,BS_1,-1,1,148.0,240.0,proposed_optimal_dkmcs,throughput
92.0,flow_west.7,direct,BS_1,-1,1,148.0,240.0,proposed_optimal_dkmcs,throughput
93.0,flow_west.2,direct,BS_1,-1,1,88.0,240.0,proposed_optimal_dkmcs,throughput
93.0,flow_west.6,direct,BS_1,-1,1,88.0,240.0,proposed_optimal_dkmcs,throughput
93.0,flow_west.4,direct,BS_1,-1,1,148.0,330.0,proposed_optimal_dkmcs,throughput
93.0,flow_east.7,direct,BS_1,-1,1,240.0,330.0,proposed_optimal_dkmcs,throughput
93.0,flow_west.5,direct,BS_1,-1,1,88.0,148.0,proposed_optimal_dkmcs,throughput
93.0,flow_east.6,direct,BS_1,-1,1,148.0,240.0,proposed_optimal_dkmcs,throughput
93.0,flow_west.7,direct,BS_1,-1,1,148.0,240.0,proposed_optimal_dkmcs,throughput
94.0,flow_west.4,direct,BS_1,-1,1,148.0,330.0,proposed_optimal_dkmcs,throughput
94.0,flow_west.6,direct,BS_1,-1,1,88.0,240.0,proposed_optimal_dkmcs,throughput
94.0,flow_east.7,direct,BS_1,-1,1,240.0,330.0,proposed_optimal_dkmcs,throughput
94.0,flow_east.6,direct,BS_1,-1,1,148.0,240.0,proposed_optimal_dkmcs,throughput
94.0,flow_west.5,direct,BS_1,-1,1,88.0,148.0,proposed_optimal_dkmcs,throughput
94.0,flow_west.7,relay,BS_1,flow_east.6,1,148.0,240.0,proposed_optimal_dkmcs,throughput
95.0,flow_west.4,direct,BS_1,-1,1,148.0,240.0,proposed_optimal_dkmcs,throughput
95.0,flow_west.6,direct,BS_1,-1,1,88.0,240.0,proposed_optimal_dkmcs,throughput
95.0,flow_east.7,relay,BS_1,flow_west.4,1,88.0,240.0,proposed_optimal_dkmcs,throughput
95.0,flow_east.6,relay,BS_1,flow_west.7,1,148.0,240.0,proposed_optimal_dkmcs,throughput
95.0,flow_west.5,direct,BS_1,-1,1,88.0,148.0,proposed_optimal_dkmcs,throughput
95.0,flow_west.7,direct,BS_1,-1,1,148.0,240.0,proposed_optimal_dkmcs,throughput
96.0,flow_west.4,direct,BS_1,-1,1,148.0,240.0,proposed_optimal_dkmcs,throughput
96.0,flow_west.6,relay,BS_1,flow_west.4,1,88.0,240.0,proposed_optimal_dkmcs,throughput
96.0,flow_east.7,relay,BS_1,flow_west.4,1,88.0,148.0,proposed_optimal_dkmcs,throughput
96.0,flow_east.6,relay,BS_1,flow_west.7,1,148.0,240.0,proposed_optimal_dkmcs,throughput
96.0,flow_west.7,direct,BS_1,-1,1,148.0,240.0,proposed_optimal_dkmcs,throughput
97.0,flow_west.4,direct,BS_1,-1,1,148.0,240.0,proposed_optimal_dkmcs,throughput
97.0,flow_west.6,relay,BS_1,flow_west.4,1,148.0,240.0,proposed_optimal_dkmcs,throughput
97.0,flow_east.7,direct,BS_1,-1,1,240.0,330.0,proposed_optimal_dkmcs,throughput
97.0,flow_east.6,relay,BS_1,flow_west.7,1,88.0,240.0,proposed_optimal_dkmcs,throughput
97.0,flow_west.7,direct,BS_1,-1,1,148.0,330.0,proposed_optimal_dkmcs,throughput
98.0,flow_west.4,direct,BS_1,-1,1,148.0,240.0,proposed_optimal_dkmcs,throughput
98.0,flow_west.6,relay,BS_1,flow_west.4,1,148.0,240.0,proposed_optimal_dkmcs,throughput
98.0,flow_east.7,direct,BS_1,-1,1,240.0,330.0,proposed_optimal_dkmcs,throughput
98.0,flow_east.6,relay,BS_1,flow_west.7,1,88.0,148.0,proposed_optimal_dkmcs,throughput
98.0,flow_west.7,direct,BS_1,-1,1,148.0,330.0,proposed_optimal_dkmcs,throughput
99.0,flow_west.4,direct,BS_1,-1,1,148.0,240.0,proposed_optimal_dkmcs,throughput
99.0,flow_west.6,relay,BS_1,flow_west.4,1,148.0,240.0,proposed_optimal_dkmcs,throughput
99.0,flow_east.7,direct,BS_1,-1,1,240.0,330.0,proposed_optimal_dkmcs,throughput
99.0,flow_east.6,direct,BS_1,-1,1,88.0,240.0,proposed_optimal_dkmcs,throughput
99.0,flow_west.7,relay,BS_1,flow_east.7,1,148.0,330.0,proposed_optimal_dkmcs,throughput
0.0,vehicle_0,direct,BS_1,-1,1,88.0,148.0,proposed_optimal_dkmcs,outage
1.0,vehicle_0,direct,BS_1,-1,1,88.0,148.0,proposed_optimal_dkmcs,outage
2.0,vehicle_0,direct,BS_1,-1,1,88.0,240.0,proposed_optimal_dkmcs,outage
3.0,vehicle_0,direct,BS_1,-1,1,148.0,240.0,proposed_optimal_dkmcs,outage
4.0,vehicle_0,direct,BS_1,-1,1,88.0,240.0,proposed_optimal_dkmcs,outage
5.0,vehicle_2,direct,BS_1,-1,1,148.0,240.0,proposed_optimal_dkmcs,outage
5.0,vehicle_1,relay,BS_1,vehicle_2,1,148.0,240.0,proposed_optimal_dkmcs,outage
5.0,vehicle_0,direct,BS_1,-1,1,148.0,240.0,proposed_optimal_dkmcs,outage
6.0,vehicle_2,direct,BS_1,-1,1,148.0,240.0,proposed_optimal_dkmcs,outage
6.0,vehicle_1,relay,BS_1,vehicle_2,1,148.0,240.0,proposed_optimal_dkmcs,outage
6.0,vehicle_0,relay,BS_1,vehicle_2,1,148.0,240.0,proposed_optimal_dkmcs,outage
7.0,vehicle_2,relay,BS_1,vehicle_0,1,148.0,240.0,proposed_optimal_dkmcs,outage
7.0,vehicle_1,relay,BS_1,vehicle_0,1,148.0,240.0,proposed_optimal_dkmcs,outage
7.0,vehicle_0,relay,BS_1,vehicle_2,1,148.0,240.0,proposed_optimal_dkmcs,outage
8.0,vehicle_2,direct,BS_1,-1,1,148.0,240.0,proposed_optimal_dkmcs,outage
8.0,vehicle_1,relay,BS_1,vehicle_2,1,148.0,240.0,proposed_optimal_dkmcs,outage
8.0,vehicle_0,relay,BS_1,vehicle_2,1,148.0,240.0,proposed_optimal_dkmcs,outage
9.0,vehicle_2,relay,BS_1,vehicle_0,1,148.0,240.0,proposed_optimal_dkmcs,outage
9.0,vehicle_1,direct,BS_1,-1,1,148.0,240.0,proposed_optimal_dkmcs,outage
9.0,vehicle_0,relay,BS_1,vehicle_2,1,148.0,240.0,proposed_optimal_dkmcs,outage
10.0,vehicle_2,relay,BS_1,vehicle_1,1,148.0,240.0,proposed_optimal_dkmcs,outage
10.0,vehicle_1,relay,BS_1,vehicle_2,1,148.0,240.0,proposed_optimal_dkmcs,outage
10.0,vehicle_0,relay,BS_1,vehicle_1,1,148.0,240.0,proposed_optimal_dkmcs,outage
10.0,flow_west.0,relay,BS_1,vehicle_0,1,148.0,240.0,proposed_optimal_dkmcs,outage
10.0,flow_east.0,direct,BS_1,-1,1,88.0,240.0,proposed_optimal_dkmcs,outage
11.0,vehicle_2,relay,BS_1,vehicle_0,1,148.0,240.0,proposed_optimal_dkmcs,outage
11.0,vehicle_1,relay,BS_1,vehicle_2,1,148.0,240.0,proposed_optimal_dkmcs,outage
11.0,vehicle_0,direct,BS_1,-1,1,148.0,240.0,proposed_optimal_dkmcs,outage
11.0,flow_west.0,relay,BS_1,vehicle_2,1,148.0,240.0,proposed_optimal_dkmcs,outage
11.0,flow_east.0,direct,BS_1,-1,1,88.0,148.0,proposed_optimal_dkmcs,outage
12.0,vehicle_2,direct,BS_1,-1,1,148.0,330.0,proposed_optimal_dkmcs,outage
12.0,vehicle_1,direct,BS_1,-1,1,148.0,240.0,proposed_optimal_dkmcs,outage
12.0,vehicle_0,direct,BS_1,-1,1,148.0,240.0,proposed_optimal_dkmcs,outage
12.0,flow_west.0,relay,BS_1,vehicle_2,1,148.0,330.0,proposed_optimal_dkmcs,outage
12.0,flow_east.0,direct,BS_1,-1,1,88.0,148.0,proposed_optimal_dkmcs,outage
13.0,vehicle_2,relay,BS_1,vehicle_1,1,148.0,240.0,proposed_optimal_dkmcs,outage
13.0,vehicle_1,direct,BS_1,-1,1,148.0,240.0,proposed_optimal_dkmcs,outage
13.0,vehicle_0,direct,BS_1,-1,1,148.0,240.0,proposed_optimal_dkmcs,outage
13.0,flow_west.0,relay,BS_1,vehicle_2,1,148.0,330.0,proposed_optimal_dkmcs,outage
13.0,flow_east.0,direct,BS_1,-1,1,88.0,148.0,proposed_optimal_dkmcs,outage
14.0,vehicle_2,relay,BS_1,vehicle_1,1,148.0,240.0,proposed_optimal_dkmcs,outage
14.0,vehicle_1,relay,BS_1,vehicle_2,1,148.0,330.0,proposed_optimal_dkmcs,outage
14.0,vehicle_0,direct,BS_1,-1,1,148.0,240.0,proposed_optimal_dkmcs,outage
14.0,flow_west.0,direct,BS_1,-1,1,148.0,240.0,proposed_optimal_dkmcs,outage
14.0,flow_east.0,direct,BS_1,-1,1,88.0,148.0,proposed_optimal_dkmcs,outage
15.0,vehicle_2,direct,BS_1,-1,1,240.0,330.0,proposed_optimal_dkmcs,outage
15.0,vehicle_1,relay,BS_1,vehicle_2,1,240.0,330.0,proposed_optimal_dkmcs,outage
15.0,vehicle_0,relay,BS_1,vehicle_2,1,240.0,330.0,proposed_optimal_dkmcs,outage
15.0,flow_west.0,relay,BS_1,vehicle_1,1,148.0,240.0,proposed_optimal_dkmcs,outage
15.0,flow_east.0,direct,BS_1,-1,1,88.0,148.0,proposed_optimal_dkmcs,outage
16.0,vehicle_2,direct,BS_1,-1,1,240.0,330.0,proposed_optimal_dkmcs,outage
16.0,vehicle_1,relay,BS_1,vehicle_2,1,240.0,330.0,proposed_optimal_dkmcs,outage
16.0,vehicle_0,relay,BS_1,vehicle_2,1,240.0,330.0,proposed_optimal_dkmcs,outage
16.0,flow_west.0,relay,BS_1,vehicle_1,1,148.0,240.0,proposed_optimal_dkmcs,outage
16.0,flow_east.0,direct,BS_1,-1,1,88.0,148.0,proposed_optimal_dkmcs,outage
17.0,flow_west.0,relay,BS_1,vehicle_1,1,148.0,330.0,proposed_optimal_dkmcs,outage
17.0,vehicle_2,direct,BS_1,-1,1,240.0,330.0,proposed_optimal_dkmcs,outage
17.0,vehicle_1,direct,BS_1,-1,1,148.0,330.0,proposed_optimal_dkmcs,outage
17.0,vehicle_0,relay,BS_1,vehicle_2,1,240.0,330.0,proposed_optimal_dkmcs,outage
18.0,flow_west.0,relay,BS_1,vehicle_0,1,148.0,240.0,proposed_optimal_dkmcs,outage
18.0,vehicle_2,direct,BS_1,-1,1,240.0,330.0,proposed_optimal_dkmcs,outage
18.0,vehicle_1,relay,BS_1,vehicle_2,1,148.0,240.0,proposed_optimal_dkmcs,outage
18.0,vehicle_0,relay,BS_1,vehicle_2,1,240.0,330.0,proposed_optimal_dkmcs,outage
19.0,flow_west.0,relay,BS_1,vehicle_0,1,148.0,240.0,proposed_optimal_dkmcs,outage
19.0,vehicle_2,relay,BS_1,vehicle_0,1,240.0,330.0,proposed_optimal_dkmcs,outage
19.0,vehicle_1,relay,BS_1,vehicle_0,1,240.0,330.0,proposed_optimal_dkmcs,outage
19.0,vehicle_0,relay,BS_1,vehicle_2,1,240.0,330.0,proposed_optimal_dkmcs,outage
20.0,vehicle_2,direct,BS_1,-1,1,240.0,330.0,proposed_optimal_dkmcs,outage
20.0,vehicle_1,relay,BS_1,vehicle_0,1,240.0,330.0,proposed_optimal_dkmcs,outage
20.0,vehicle_0,relay,BS_1,vehicle_2,1,240.0,330.0,proposed_optimal_dkmcs,outage
20.0,flow_west.1,relay,BS_1,vehicle_2,1,240.0,330.0,proposed_optimal_dkmcs,outage
20.0,flow_west.0,direct,BS_1,-1,1,148.0,240.0,proposed_optimal_dkmcs,outage
20.0,flow_east.1,relay,BS_1,flow_west.0,1,148.0,240.0,proposed_optimal_dkmcs,outage
21.0,vehicle_2,direct,BS_1,-1,1,240.0,330.0,proposed_optimal_dkmcs,outage
21.0,vehicle_1,relay,BS_1,vehicle_0,1,240.0,330.0,proposed_optimal_dkmcs,outage
21.0,vehicle_0,direct,BS_1,-1,1,240.0,330.0,proposed_optimal_dkmcs,outage
21.0,flow_west.1,relay,BS_1,vehicle_0,1,240.0,330.0,proposed_optimal_dkmcs,outage
21.0,flow_west.0,relay,BS_1,vehicle_0,1,88.0,148.0,proposed_optimal_dkmcs,outage
21.0,flow_east.1,relay,BS_1,vehicle_1,1,88.0,148.0,proposed_optimal_dkmcs,outage
22.0,vehicle_2,relay,BS_1,vehicle_0,1,240.0,330.0,proposed_optimal_dkmcs,outage
22.0,vehicle_1,direct,BS_1,-1,1,240.0,330.0,proposed_optimal_dkmcs,outage
22.0,vehicle_0,direct,BS_1,-1,1,240.0,330.0,proposed_optimal_dkmcs,outage
22.0,flow_west.1,direct,BS_1,-1,1,240.0,330.0,proposed_optimal_dkmcs,outage
22.0,flow_west.0,direct,BS_1,-1,1,88.0,240.0,proposed_optimal_dkmcs,outage
22.0,flow_east.1,direct,BS_1,-1,1,88.0,240.0,proposed_optimal_dkmcs,outage
23.0,vehicle_2,relay,BS_1,vehicle_0,1,240.0,330.0,proposed_optimal_dkmcs,outage
23.0,vehicle_1,relay,BS_1,flow_west.1,1,240.0,330.0,proposed_optimal_dkmcs,outage
23.0,vehicle_0,relay,BS_1,flow_west.1,1,240.0,330.0,proposed_optimal_dkmcs,outage
23.0,flow_west.1,relay,BS_1,vehicle_0,1,240.0,330.0,proposed_optimal_dkmcs,outage
23.0,flow_west.0,direct,BS_1,-1,1,88.0,148.0,proposed_optimal_dkmcs,outage
23.0,flow_east.1,relay,BS_1,vehicle_1,1,88.0,148.0,proposed_optimal_dkmcs,outage
24.0,vehicle_2,relay,BS_1,flow_west.1,1,240.0,330.0,proposed_optimal_dkmcs,outage
24.0,vehicle_1,direct,BS_1,-1,1,240.0,330.0,proposed_optimal_dkmcs,outage
24.0,vehicle_0,direct,BS_1,-1,1,240.0,330.0,proposed_optimal_dkmcs,outage
24.0,flow_west.1,relay,BS_1,vehicle_1,1,240.0,330.0,proposed_optimal_dkmcs,outage
24.0,flow_west.0,direct,BS_1,-1,1,88.0,148.0,proposed_optimal_dkmcs,outage
24.0,flow_east.1,relay,BS_1,vehicle_1,1,88.0,148.0,proposed_optimal_dkmcs,outage
25.0,vehicle_2,direct,BS_1,-1,1,240.0,330.0,proposed_optimal_dkmcs,outage
25.0,vehicle_1,direct,BS_1,-1,1,240.0,330.0,proposed_optimal_dkmcs,outage
25.0,vehicle_0,direct,BS_1,-1,1,240.0,330.0,proposed_optimal_dkmcs,outage
25.0,flow_west.1,direct,BS_1,-1,1,240.0,330.0,proposed_optimal_dkmcs,outage
25.0,flow_west.0,direct,BS_1,-1,1,88.0,240.0,proposed_optimal_dkmcs,outage
25.0,flow_east.1,direct,BS_1,-1,1,88.0,240.0,proposed_optimal_dkmcs,outage
26.0,vehicle_2,direct,BS_1,-1,1,240.0,330.0,proposed_optimal_dkmcs,outage
26.0,vehicle_1,direct,BS_1,-1,1,240.0,330.0,proposed_optimal_dkmcs,outage
26.0,vehicle_0,direct,BS_1,-1,1,240.0,330.0,proposed_optimal_dkmcs,outage
26.0,flow_west.1,direct,BS_1,-1,1,240.0,330.0,proposed_optimal_dkmcs,outage
26.0,flow_west.0,direct,BS_1,-1,1,88.0,240.0,proposed_optimal_dkmcs,outage
26.0,flow_east.1,direct,BS_1,-1,1,88.0,240.0,proposed_optimal_dkmcs,outage
27.0,vehicle_2,relay,BS_1,vehicle_1,1,240.0,330.0,proposed_optimal_dkmcs,outage
27.0,vehicle_1,direct,BS_1,-1,1,240.0,330.0,proposed_optimal_dkmcs,outage
27.0,vehicle_0,relay,BS_1,vehicle_2,1,240.0,330.0,proposed_optimal_dkmcs,outage
27.0,flow_west.1,direct,BS_1,-1,1,240.0,330.0,proposed_optimal_dkmcs,outage
27.0,flow_west.0,relay,BS_1,flow_east.1,1,148.0,240.0,proposed_optimal_dkmcs,outage
27.0,flow_east.1,direct,BS_1,-1,1,148.0,240.0,proposed_optimal_dkmcs,outage
28.0,vehicle_2,direct,BS_1,-1,1,240.0,330.0,proposed_optimal_dkmcs,outage
28.0,vehicle_1,relay,BS_1,flow_west.1,1,240.0,330.0,proposed_optimal_dkmcs,outage
28.0,vehicle_0,relay,BS_1,vehicle_2,1,240.0,330.0,proposed_optimal_dkmcs,outage
28.0,flow_west.1,direct,BS_1,-1,1,240.0,330.0,proposed_optimal_dkmcs,outage
28.0,flow_east.1,direct,BS_1,-1,1,148.0,240.0,proposed_optimal_dkmcs,outage
29.0,vehicle_2,direct,BS_1,-1,1,240.0,330.0,proposed_optimal_dkmcs,outage
29.0,vehicle_1,direct,BS_1,-1,1,240.0,330.0,proposed_optimal_dkmcs,outage
29.0,vehicle_0,relay,BS_1,vehicle_1,1,240.0,330.0,proposed_optimal_dkmcs,outage
29.0,flow_west.1,relay,BS_1,vehicle_1,1,240.0,330.0,proposed_optimal_dkmcs,outage
29.0,flow_east.1,direct,BS_1,-1,1,148.0,240.0,proposed_optimal_dkmcs,outage
30.0,vehicle_2,direct,BS_1,-1,1,240.0,330.0,proposed_optimal_dkmcs,outage
30.0,flow_west.2,direct,BS_1,-1,1,88.0,148.0,proposed_optimal_dkmcs,outage
30.0,vehicle_1,direct,BS_1,-1,1,240.0,330.0,proposed_optimal_dkmcs,outage
30.0,vehicle_0,direct,BS_1,-1,1,240.0,330.0,proposed_optimal_dkmcs,outage
30.0,flow_west.1,direct,BS_1,-1,1,148.0,330.0,proposed_optimal_dkmcs,outage
30.0,flow_east.1,direct,BS_1,-1,1,148.0,240.0,proposed_optimal_dkmcs,outage
30.0,flow_east.2,direct,BS_1,-1,1,240.0,330.0,proposed_optimal_dkmcs,outage
31.0,vehicle_2,direct,BS_1,-1,1,240.0,330.0,proposed_optimal_dkmcs,outage
31.0,flow_west.2,direct,BS_1,-1,1,88.0,148.0,proposed_optimal_dkmcs,outage
31.0,vehicle_1,relay,BS_1,vehicle_0,1,240.0,330.0,proposed_optimal_dkmcs,outage
31.0,vehicle_0,direct,BS_1,-1,1,240.0,330.0,proposed_optimal_dkmcs,outage
31.0,flow_west.1,direct,BS_1,-1,1,148.0,330.0,proposed_optimal_dkmcs,outage
31.0,flow_east.1,direct,BS_1,-1,1,148.0,240.0,proposed_optimal_dkmcs,outage
31.0,flow_east.2,relay,BS_1,vehicle_0,1,240.0,330.0,proposed_optimal_dkmcs,outage
32.0,vehicle_2,relay,BS_1,vehicle_0,1,240.0,330.0,proposed_optimal_dkmcs,outage
32.0,flow_west.2,direct,BS_1,-1,1,88.0,148.0,proposed_optimal_dkmcs,outage
32.0,vehicle_1,relay,BS_1,vehicle_0,1,240.0,330.0,proposed_optimal_dkmcs,outage
32.0,vehicle_0,direct,BS_1,-1,1,240.0,330.0,proposed_optimal_dkmcs,outage
32.0,flow_west.1,direct,BS_1,-1,1,148.0,330.0,proposed_optimal_dkmcs,outage
32.0,flow_east.1,direct,BS_1,-1,1,148.0,240.0,proposed_optimal_dkmcs,outage
32.0,flow_east.2,relay,BS_1,vehicle_0,1,240.0,330.0,proposed_optimal_dkmcs,outage
33.0,vehicle_2,relay,BS_1,vehicle_0,1,240.0,330.0,proposed_optimal_dkmcs,outage
33.0,flow_west.2,direct,BS_1,-1,1,88.0,148.0,proposed_optimal_dkmcs,outage
33.0,vehicle_1,direct,BS_1,-1,1,240.0,330.0,proposed_optimal_dkmcs,outage
33.0,vehicle_0,direct,BS_1,-1,1,240.0,330.0,proposed_optimal_dkmcs,outage
33.0,flow_west.1,direct,BS_1,-1,1,148.0,330.0,proposed_optimal_dkmcs,outage
33.0,flow_east.1,direct,BS_1,-1,1,148.0,240.0,proposed_optimal_dkmcs,outage
33.0,flow_east.2,relay,BS_1,vehicle_0,1,240.0,330.0,proposed_optimal_dkmcs,outage
34.0,vehicle_2,relay,BS_1,vehicle_0,1,240.0,330.0,proposed_optimal_dkmcs,outage
34.0,flow_west.2,direct,BS_1,-1,1,88.0,240.0,proposed_optimal_dkmcs,outage
34.0,vehicle_1,direct,BS_1,-1,1,240.0,330.0,proposed_optimal_dkmcs,outage
34.0,vehicle_0,direct,BS_1,-1,1,240.0,330.0,proposed_optimal_dkmcs,outage
34.0,flow_west.1,direct,BS_1,-1,1,148.0,330.0,proposed_optimal_dkmcs,outage
34.0,flow_east.1,direct,BS_1,-1,1,148.0,240.0,proposed_optimal_dkmcs,outage
34.0,flow_east.2,relay,BS_1,vehicle_0,1,240.0,330.0,proposed_optimal_dkmcs,outage
35.0,vehicle_2,relay,BS_1,vehicle_0,1,240.0,330.0,proposed_optimal_dkmcs,outage
35.0,flow_west.2,direct,BS_1,-1,1,88.0,240.0,proposed_optimal_dkmcs,outage
35.0,vehicle_1,direct,BS_1,-1,1,240.0,330.0,proposed_optimal_dkmcs,outage
35.0,vehicle_0,direct,BS_1,-1,1,240.0,330.0,proposed_optimal_dkmcs,outage
35.0,flow_west.1,direct,BS_1,-1,1,148.0,240.0,proposed_optimal_dkmcs,outage
35.0,flow_east.1,direct,BS_1,-1,1,148.0,240.0,proposed_optimal_dkmcs,outage
35.0,flow_east.2,relay,BS_1,vehicle_0,1,240.0,330.0,proposed_optimal_dkmcs,outage
36.0,vehicle_2,relay,BS_1,vehicle_0,1,240.0,330.0,proposed_optimal_dkmcs,outage
36.0,flow_west.2,direct,BS_1,-1,1,88.0,240.0,proposed_optimal_dkmcs,outage
36.0,vehicle_1,direct,BS_1,-1,1,240.0,330.0,proposed_optimal_dkmcs,outage
36.0,vehicle_0,direct,BS_1,-1,1,240.0,330.0,proposed_optimal_dkmcs,outage
36.0,flow_west.1,direct,BS_1,-1,1,148.0,240.0,proposed_optimal_dkmcs,outage
36.0,flow_east.1,direct,BS_1,-1,1,148.0,240.0,proposed_optimal_dkmcs,outage
36.0,flow_east.2,relay,BS_1,vehicle_0,1,240.0,330.0,proposed_optimal_dkmcs,outage
37.0,vehicle_2,direct,BS_1,-1,1,148.0,240.0,proposed_optimal_dkmcs,outage
37.0,flow_west.2,relay,BS_1,vehicle_2,1,148.0,240.0,proposed_optimal_dkmcs,outage
37.0,vehicle_1,direct,BS_1,-1,1,240.0,330.0,proposed_optimal_dkmcs,outage
37.0,vehicle_0,relay,BS_1,vehicle_1,1,240.0,330.0,proposed_optimal_dkmcs,outage
37.0,flow_west.1,direct,BS_1,-1,1,148.0,240.0,proposed_optimal_dkmcs,outage
37.0,flow_east.1,direct,BS_1,-1,1,148.0,240.0,proposed_optimal_dkmcs,outage
37.0,flow_east.2,relay,BS_1,vehicle_1,1,148.0,330.0,proposed_optimal_dkmcs,outage
38.0,vehicle_2,direct,BS_1,-1,1,148.0,240.0,proposed_optimal_dkmcs,outage
38.0,flow_west.2,relay,BS_1,flow_east.2,1,148.0,240.0,proposed_optimal_dkmcs,outage
38.0,vehicle_1,direct,BS_1,-1,1,240.0,330.0,proposed_optimal_dkmcs,outage
38.0,vehicle_0,relay,BS_1,vehicle_1,1,240.0,330.0,proposed_optimal_dkmcs,outage
38.0,flow_west.1,direct,BS_1,-1,1,148.0,240.0,proposed_optimal_dkmcs,outage
38.0,flow_east.1,direct,BS_1,-1,1,148.0,240.0,proposed_optimal_dkmcs,outage
38.0,flow_east.2,direct,BS_1,-1,1,148.0,240.0,proposed_optimal_dkmcs,outage
39.0,vehicle_2,direct,BS_1,-1,1,148.0,240.0,proposed_optimal_dkmcs,outage
39.0,flow_west.2,direct,BS_1,-1,1,148.0,240.0,proposed_optimal_dkmcs,outage
39.0,vehicle_1,direct,BS_1,-1,1,240.0,330.0,proposed_optimal_dkmcs,outage
39.0,vehicle_0,relay,BS_1,vehicle_1,1,240.0,330.0,proposed_optimal_dkmcs,outage
39.0,flow_west.1,relay,BS_1,flow_east.1,1,148.0,240.0,proposed_optimal_dkmcs,outage
39.0,flow_east.1,relay,BS_1,flow_west.1,1,148.0,240.0,proposed_optimal_dkmcs,outage
39.0,flow_east.2,relay,BS_1,vehicle_1,1,148.0,330.0,proposed_optimal_dkmcs,outage
40.0,vehicle_2,relay,BS_1,flow_east.2,1,148.0,240.0,proposed_optimal_dkmcs,outage
40.0,flow_west.2,relay,BS_1,flow_east.2,1,148.0,240.0,proposed_optimal_dkmcs,outage
40.0,vehicle_1,direct,BS_1,-1,1,240.0,330.0,proposed_optimal_dkmcs,outage
40.0,vehicle_0,relay,BS_1,vehicle_1,1,240.0,330.0,proposed_optimal_dkmcs,outage
40.0,flow_west.1,relay,BS_1,flow_east.1,1,148.0,330.0,proposed_optimal_dkmcs,outage
40.0,flow_east.1,relay,BS_1,flow_west.1,1,148.0,240.0,proposed_optimal_dkmcs,outage
40.0,flow_west.3,direct,BS_1,-1,1,148.0,240.0,proposed_optimal_dkmcs,outage
40.0,flow_east.2,direct,BS_1,-1,1,148.0,240.0,proposed_optimal_dkmcs,outage
41.0,vehicle_2,relay,BS_1,flow_east.2,1,148.0,240.0,proposed_optimal_dkmcs,outage
41.0,flow_west.2,relay,BS_1,flow_east.2,1,148.0,240.0,proposed_optimal_dkmcs,outage
41.0,vehicle_1,relay,BS_1,flow_east.2,1,148.0,240.0,proposed_optimal_dkmcs,outage
41.0,vehicle_0,relay,BS_1,flow_east.2,1,148.0,240.0,proposed_optimal_dkmcs,outage
41.0,flow_east.3,direct,BS_1,-1,1,240.0,330.0,proposed_optimal_dkmcs,outage
41.0,flow_west.1,relay,BS_1,flow_east.1,1,148.0,240.0,proposed_optimal_dkmcs,outage
41.0,flow_east.1,direct,BS_1,-1,1,148.0,330.0,proposed_optimal_dkmcs,outage
41.0,flow_west.3,direct,BS_1,-1,1,148.0,240.0,proposed_optimal_dkmcs,outage
41.0,flow_east.2,direct,BS_1,-1,1,148.0,240.0,proposed_optimal_dkmcs,outage
42.0,vehicle_2,relay,BS_1,flow_west.2,1,148.0,240.0,proposed_optimal_dkmcs,outage
42.0,flow_west.2,relay,BS_1,vehicle_0,1,148.0,240.0,proposed_optimal_dkmcs,outage
42.0,vehicle_1,relay,BS_1,vehicle_0,1,148.0,240.0,proposed_optimal_dkmcs,outage
42.0,vehicle_0,relay,BS_1,flow_west.2,1,148.0,240.0,proposed_optimal_dkmcs,outage
42.0,flow_east.3,direct,BS_1,-1,1,240.0,330.0,proposed_optimal_dkmcs,outage
42.0,flow_west.1,direct,BS_1,-1,1,148.0,240.0,proposed_optimal_dkmcs,outage
42.0,flow_east.1,direct,BS_1,-1,1,148.0,330.0,proposed_optimal_dkmcs,outage
42.0,flow_west.3,relay,BS_1,vehicle_0,1,148.0,240.0,proposed_optimal_dkmcs,outage
42.0,flow_east.2,relay,BS_1,vehicle_0,1,148.0,240.0,proposed_optimal_dkmcs,outage
43.0,vehicle_2,relay,BS_1,flow_east.2,1,148.0,240.0,proposed_optimal_dkmcs,outage
43.0,flow_west.2,relay,BS_1,flow_east.2,1,148.0,240.0,proposed_optimal_dkmcs,outage
43.0,vehicle_1,relay,BS_1,flow_east.2,1,148.0,240.0,proposed_optimal_dkmcs,outage
43.0,vehicle_0,relay,BS_1,flow_east.2,1,148.0,240.0,proposed_optimal_dkmcs,outage
43.0,flow_east.3,direct,BS_1,-1,1,240.0,330.0,proposed_optimal_dkmcs,outage
43.0,flow_west.1,relay,BS_1,flow_east.1,1,148.0,240.0,proposed_optimal_dkmcs,outage
43.0,flow_east.1,relay,BS_1,flow_west.1,1,148.0,240.0,proposed_optimal_dkmcs,outage
43.0,flow_west.3,direct,BS_1,-1,1,148.0,240.0,proposed_optimal_dkmcs,outage
43.0,flow_east.2,direct,BS_1,-1,1,148.0,240.0,proposed_optimal_dkmcs,outage
44.0,vehicle_2,relay,BS_1,flow_east.2,1,148.0,240.0,proposed_optimal_dkmcs,outage
44.0,flow_west.2,relay,BS_1,flow_east.2,1,148.0,240.0,proposed_optimal_dkmcs,outage
44.0,vehicle_1,relay,BS_1,flow_east.2,1,148.0,240.0,proposed_optimal_dkmcs,outage
44.0,vehicle_0,relay,BS_1,flow_east.2,1,148.0,240.0,proposed_optimal_dkmcs,outage
44.0,flow_east.3,direct,BS_1,-1,1,240.0,330.0,proposed_optimal_dkmcs,outage
44.0,flow_west.1,relay,BS_1,flow_east.1,1,88.0,148.0,proposed_optimal_dkmcs,outage
44.0,flow_east.1,direct,BS_1,-1,1,240.0,330.0,proposed_optimal_dkmcs,outage
44.0,flow_west.3,direct,BS_1,-1,1,148.0,240.0,proposed_optimal_dkmcs,outage
44.0,flow_east.2,direct,BS_1,-1,1,148.0,240.0,proposed_optimal_dkmcs,outage
45.0,vehicle_2,relay,BS_1,flow_east.2,1,148.0,240.0,proposed_optimal_dkmcs,outage
45.0,flow_west.2,relay,BS_1,flow_east.2,1,148.0,240.0,proposed_optimal_dkmcs,outage
45.0,vehicle_1,direct,BS_1,-1,1,148.0,240.0,proposed_optimal_dkmcs,outage
45.0,vehicle_0,relay,BS_1,flow_west.2,1,148.0,240.0,proposed_optimal_dkmcs,outage
45.0,flow_east.3,direct,BS_1,-1,1,240.0,330.0,proposed_optimal_dkmcs,outage
45.0,flow_west.1,direct,BS_1,-1,1,148.0,240.0,proposed_optimal_dkmcs,outage
45.0,flow_east.1,direct,BS_1,-1,1,240.0,330.0,proposed_optimal_dkmcs,outage
45.0,flow_west.3,relay,BS_1,flow_east.3,1,240.0,330.0,proposed_optimal_dkmcs,outage
45.0,flow_east.2,relay,BS_1,flow_west.2,1,148.0,240.0,proposed_optimal_dkmcs,outage
46.0,vehicle_2,relay,BS_1,flow_east.2,1,148.0,240.0,proposed_optimal_dkmcs,outage
46.0,flow_west.2,relay,BS_1,flow_east.2,1,148.0,240.0,proposed_optimal_dkmcs,outage
46.0,vehicle_1,relay,BS_1,flow_east.2,1,148.0,240.0,proposed_optimal_dkmcs,outage
46.0,vehicle_0,relay,BS_1,flow_east.2,1,148.0,240.0,proposed_optimal_dkmcs,outage
46.0,flow_east.3,direct,BS_1,-1,1,240.0,330.0,proposed_optimal_dkmcs,outage
46.0,flow_west.1,relay,BS_1,flow_east.1,1,88.0,148.0,proposed_optimal_dkmcs,outage
46.0,flow_east.1,direct,BS_1,-1,1,240.0,330.0,proposed_optimal_dkmcs,outage
46.0,flow_west.3,relay,BS_1,flow_east.3,1,240.0,330.0,proposed_optimal_dkmcs,outage
46.0,flow_east.2,direct,BS_1,-1,1,148.0,240.0,proposed_optimal_dkmcs,outage
47.0,vehicle_2,relay,BS_1,vehicle_1,1,148.0,240.0,proposed_optimal_dkmcs,outage
47.0,flow_west.2,relay,BS_1,flow_east.3,1,240.0,330.0,proposed_optimal_dkmcs,outage
47.0,vehicle_1,relay,BS_1,flow_east.3,1,148.0,330.0,proposed_optimal_dkmcs,outage
47.0,vehicle_0,relay,BS_1,vehicle_1,1,148.0,240.0,proposed_optimal_dkmcs,outage
47.0,flow_east.3,direct,BS_1,-1,1,240.0,330.0,proposed_optimal_dkmcs,outage
47.0,flow_west.1,direct,BS_1,-1,1,88.0,148.0,proposed_optimal_dkmcs,outage
47.0,flow_east.1,direct,BS_1,-1,1,240.0,330.0,proposed_optimal_dkmcs,outage
47.0,flow_west.3,relay,BS_1,flow_east.3,1,240.0,330.0,proposed_optimal_dkmcs,outage
47.0,flow_east.2,relay,BS_1,vehicle_1,1,148.0,240.0,proposed_optimal_dkmcs,outage
48.0,vehicle_2,relay,BS_1,vehicle_0,1,148.0,240.0,proposed_optimal_dkmcs,outage
48.0,flow_west.2,relay,BS_1,flow_west.3,1,240.0,330.0,proposed_optimal_dkmcs,outage
48.0,vehicle_1,relay,BS_1,flow_west.2,1,148.0,240.0,proposed_optimal_dkmcs,outage
48.0,vehicle_0,relay,BS_1,flow_west.2,1,148.0,240.0,proposed_optimal_dkmcs,outage
48.0,flow_east.3,relay,BS_1,flow_west.3,1,240.0,330.0,proposed_optimal_dkmcs,outage
48.0,flow_west.1,direct,BS_1,-1,1,88.0,240.0,proposed_optimal_dkmcs,outage
48.0,flow_east.1,direct,BS_1,-1,1,240.0,330.0,proposed_optimal_dkmcs,outage
48.0,flow_west.3,direct,BS_1,-1,1,240.0,330.0,proposed_optimal_dkmcs,outage
48.0,flow_east.2,relay,BS_1,flow_west.2,1,148.0,240.0,proposed_optimal_dkmcs,outage
49.0,vehicle_2,relay,BS_1,vehicle_1,1,148.0,240.0,proposed_optimal_dkmcs,outage
49.0,flow_west.2,relay,BS_1,flow_west.3,1,240.0,330.0,proposed_optimal_dkmcs,outage
49.0,vehicle_1,relay,BS_1,flow_east.3,1,148.0,330.0,proposed_optimal_dkmcs,outage
49.0,vehicle_0,relay,BS_1,flow_west.2,1,148.0,240.0,proposed_optimal_dkmcs,outage
49.0,flow_east.3,relay,BS_1,flow_west.3,1,240.0,330.0,proposed_optimal_dkmcs,outage
49.0,flow_west.1,direct,BS_1,-1,1,88.0,240.0,proposed_optimal_dkmcs,outage
49.0,flow_east.1,direct,BS_1,-1,1,240.0,330.0,proposed_optimal_dkmcs,outage
49.0,flow_west.3,direct,BS_1,-1,1,240.0,330.0,proposed_optimal_dkmcs,outage
49.0,flow_east.2,relay,BS_1,vehicle_1,1,148.0,240.0,proposed_optimal_dkmcs,outage
50.0,vehicle_2,relay,BS_1,vehicle_1,1,148.0,240.0,proposed_optimal_dkmcs,outage
50.0,flow_west.2,relay,BS_1,flow_west.3,1,240.0,330.0,proposed_optimal_dkmcs,outage
50.0,vehicle_1,relay,BS_1,flow_east.3,1,148.0,330.0,proposed_optimal_dkmcs,outage
50.0,flow_east.4,relay,BS_1,vehicle_1,1,148.0,240.0,proposed_optimal_dkmcs,outage
50.0,flow_west.4,relay,BS_1,vehicle_1,1,88.0,148.0,proposed_optimal_dkmcs,outage
50.0,vehicle_0,relay,BS_1,vehicle_1,1,148.0,240.0,proposed_optimal_dkmcs,outage
50.0,flow_east.3,relay,BS_1,flow_west.3,1,240.0,330.0,proposed_optimal_dkmcs,outage
50.0,flow_west.1,direct,BS_1,-1,1,88.0,240.0,proposed_optimal_dkmcs,outage
50.0,flow_east.1,direct,BS_1,-1,1,240.0,330.0,proposed_optimal_dkmcs,outage
50.0,flow_west.3,direct,BS_1,-1,1,240.0,330.0,proposed_optimal_dkmcs,outage
50.0,flow_east.2,relay,BS_1,vehicle_1,1,148.0,240.0,proposed_optimal_dkmcs,outage
51.0,vehicle_2,relay,BS_1,vehicle_1,1,148.0,240.0,proposed_optimal_dkmcs,outage
51.0,flow_west.2,relay,BS_1,flow_west.3,1,240.0,330.0,proposed_optimal_dkmcs,outage
51.0,vehicle_1,relay,BS_1,flow_east.3,1,148.0,240.0,proposed_optimal_dkmcs,outage
51.0,flow_east.4,relay,BS_1,vehicle_1,1,148.0,240.0,proposed_optimal_dkmcs,outage
51.0,flow_west.4,direct,BS_1,-1,1,88.0,148.0,proposed_optimal_dkmcs,outage
51.0,vehicle_0,relay,BS_1,vehicle_1,1,148.0,240.0,proposed_optimal_dkmcs,outage
51.0,flow_east.3,relay,BS_1,flow_east.4,1,148.0,240.0,proposed_optimal_dkmcs,outage
51.0,flow_west.1,direct,BS_1,-1,1,88.0,240.0,proposed_optimal_dkmcs,outage
51.0,flow_east.1,direct,BS_1,-1,1,240.0,330.0,proposed_optimal_dkmcs,outage
51.0,flow_west.3,direct,BS_1,-1,1,240.0,330.0,proposed_optimal_dkmcs,outage
51.0,flow_east.2,relay,BS_1,vehicle_1,1,148.0,240.0,proposed_optimal_dkmcs,outage
52.0,vehicle_2,relay,BS_1,vehicle_1,1,148.0,240.0,proposed_optimal_dkmcs,outage
52.0,flow_west.2,relay,BS_1,flow_west.3,1,240.0,330.0,proposed_optimal_dkmcs,outage
52.0,vehicle_1,direct,BS_1,-1,1,148.0,240.0,proposed_optimal_dkmcs,outage
52.0,flow_east.4,relay,BS_1,flow_west.2,1,148.0,240.0,proposed_optimal_dkmcs,outage
52.0,flow_west.4,relay,BS_1,vehicle_1,1,148.0,240.0,proposed_optimal_dkmcs,outage
52.0,vehicle_0,relay,BS_1,vehicle_1,1,148.0,240.0,proposed_optimal_dkmcs,outage
52.0,flow_east.3,relay,BS_1,flow_west.2,1,240.0,330.0,proposed_optimal_dkmcs,outage
52.0,flow_east.1,relay,BS_1,flow_west.3,1,240.0,330.0,proposed_optimal_dkmcs,outage
52.0,flow_west.3,relay,BS_1,flow_west.2,1,240.0,330.0,proposed_optimal_dkmcs,outage
52.0,flow_east.2,relay,BS_1,vehicle_1,1,148.0,240.0,proposed_optimal_dkmcs,outage
53.0,vehicle_2,relay,BS_1,vehicle_1,1,148.0,240.0,proposed_optimal_dkmcs,outage
53.0,flow_west.2,relay,BS_1,flow_west.3,1,240.0,330.0,proposed_optimal_dkmcs,outage
53.0,vehicle_1,relay,BS_1,flow_east.4,1,148.0,240.0,proposed_optimal_dkmcs,outage
53.0,flow_east.4,relay,BS_1,vehicle_1,1,148.0,240.0,proposed_optimal_dkmcs,outage
53.0,flow_west.4,relay,BS_1,vehicle_1,1,148.0,240.0,proposed_optimal_dkmcs,outage
53.0,vehicle_0,relay,BS_1,vehicle_1,1,148.0,240.0,proposed_optimal_dkmcs,outage
53.0,flow_east.3,relay,BS_1,flow_east.4,1,148.0,240.0,proposed_optimal_dkmcs,outage
53.0,flow_east.1,relay,BS_1,flow_west.3,1,240.0,330.0,proposed_optimal_dkmcs,outage
53.0,flow_west.3,relay,BS_1,flow_west.2,1,240.0,330.0,proposed_optimal_dkmcs,outage
53.0,flow_east.2,relay,BS_1,vehicle_1,1,148.0,240.0,proposed_optimal_dkmcs,outage
54.0,vehicle_2,direct,BS_1,-1,1,88.0,148.0,proposed_optimal_dkmcs,outage
54.0,flow_west.2,relay,BS_1,flow_west.3,1,240.0,330.0,proposed_optimal_dkmcs,outage
54.0,vehicle_1,relay,BS_1,flow_east.4,1,148.0,240.0,proposed_optimal_dkmcs,outage
54.0,flow_east.4,relay,BS_1,flow_east.3,1,148.0,240.0,proposed_optimal_dkmcs,outage
54.0,flow_west.4,relay,BS_1,flow_east.4,1,148.0,240.0,proposed_optimal_dkmcs,outage
54.0,vehicle_0,relay,BS_1,flow_east.4,1,148.0,240.0,proposed_optimal_dkmcs,outage
54.0,flow_east.3,relay,BS_1,flow_east.4,1,148.0,240.0,proposed_optimal_dkmcs,outage
54.0,flow_east.1,relay,BS_1,flow_west.3,1,240.0,330.0,proposed_optimal_dkmcs,outage
54.0,flow_west.3,relay,BS_1,flow_west.2,1,240.0,330.0,proposed_optimal_dkmcs,outage
54.0,flow_east.2,relay,BS_1,flow_east.4,1,148.0,240.0,proposed_optimal_dkmcs,outage
55.0,vehicle_2,relay,BS_1,flow_east.2,1,88.0,148.0,proposed_optimal_dkmcs,outage
55.0,flow_west.2,direct,BS_1,-1,1,240.0,330.0,proposed_optimal_dkmcs,outage
55.0,vehicle_1,relay,BS_1,flow_east.3,1,148.0,240.0,proposed_optimal_dkmcs,outage
55.0,flow_east.4,relay,BS_1,flow_east.3,1,148.0,240.0,proposed_optimal_dkmcs,outage
55.0,flow_west.4,relay,BS_1,flow_east.2,1,88.0,148.0,proposed_optimal_dkmcs,outage
55.0,vehicle_0,relay,BS_1,flow_east.2,1,88.0,148.0,proposed_optimal_dkmcs,outage
55.0,flow_east.3,relay,BS_1,flow_west.2,1,148.0,240.0,proposed_optimal_dkmcs,outage
55.0,flow_east.1,relay,BS_1,flow_west.2,1,240.0,330.0,proposed_optimal_dkmcs,outage
55.0,flow_west.3,relay,BS_1,flow_west.2,1,240.0,330.0,proposed_optimal_dkmcs,outage
55.0,flow_east.2,direct,BS_1,-1,1,88.0,148.0,proposed_optimal_dkmcs,outage
56.0,flow_west.2,relay,BS_1,flow_east.1,1,240.0,330.0,proposed_optimal_dkmcs,outage
56.0,vehicle_1,relay,BS_1,flow_east.3,1,148.0,240.0,proposed_optimal_dkmcs,outage
56.0,flow_east.4,relay,BS_1,flow_east.3,1,148.0,240.0,proposed_optimal_dkmcs,outage
56.0,flow_west.4,relay,BS_1,flow_east.3,1,148.0,240.0,proposed_optimal_dkmcs,outage
56.0,vehicle_0,direct,BS_1,-1,1,88.0,148.0,proposed_optimal_dkmcs,outage
56.0,flow_east.3,direct,BS_1,-1,1,148.0,240.0,proposed_optimal_dkmcs,outage
56.0,flow_east.1,relay,BS_1,flow_west.2,1,240.0,330.0,proposed_optimal_dkmcs,outage
56.0,flow_west.3,relay,BS_1,flow_east.1,1,240.0,330.0,proposed_optimal_dkmcs,outage
56.0,flow_east.2,direct,BS_1,-1,1,88.0,148.0,proposed_optimal_dkmcs,outage
57.0,flow_west.2,relay,BS_1,flow_east.1,1,240.0,330.0,proposed_optimal_dkmcs,outage
57.0,vehicle_1,relay,BS_1,flow_east.3,1,148.0,240.0,proposed_optimal_dkmcs,outage
57.0,flow_east.4,relay,BS_1,flow_east.3,1,148.0,240.0,proposed_optimal_dkmcs,outage
57.0,flow_west.4,relay,BS_1,flow_east.3,1,148.0,240.0,proposed_optimal_dkmcs,outage
57.0,vehicle_0,relay,BS_1,flow_east.3,1,88.0,240.0,proposed_optimal_dkmcs,outage
57.0,flow_east.3,direct,BS_1,-1,1,148.0,240.0,proposed_optimal_dkmcs,outage
57.0,flow_east.1,relay,BS_1,flow_west.2,1,240.0,330.0,proposed_optimal_dkmcs,outage
57.0,flow_west.3,relay,BS_1,flow_east.1,1,240.0,330.0,proposed_optimal_dkmcs,outage
57.0,flow_east.2,direct,BS_1,-1,1,88.0,148.0,proposed_optimal_dkmcs,outage
58.0,flow_west.2,relay,BS_1,flow_east.1,1,240.0,330.0,proposed_optimal_dkmcs,outage
58.0,vehicle_1,relay,BS_1,flow_east.3,1,148.0,240.0,proposed_optimal_dkmcs,outage
58.0,flow_east.4,relay,BS_1,flow_east.3,1,148.0,240.0,proposed_optimal_dkmcs,outage
58.0,flow_west.4,relay,BS_1,flow_east.3,1,148.0,240.0,proposed_optimal_dkmcs,outage
58.0,vehicle_0,relay,BS_1,flow_east.3,1,88.0,240.0,proposed_optimal_dkmcs,outage
58.0,flow_east.3,direct,BS_1,-1,1,148.0,240.0,proposed_optimal_dkmcs,outage
58.0,flow_east.1,relay,BS_1,flow_west.2,1,240.0,330.0,proposed_optimal_dkmcs,outage
58.0,flow_west.3,relay,BS_1,flow_east.1,1,240.0,330.0,proposed_optimal_dkmcs,outage
58.0,flow_east.2,relay,BS_1,flow_east.3,1,88.0,148.0,proposed_optimal_dkmcs,outage
59.0,flow_west.2,relay,BS_1,flow_east.1,1,240.0,330.0,proposed_optimal_dkmcs,outage
59.0,vehicle_1,relay,BS_1,flow_east.3,1,148.0,240.0,proposed_optimal_dkmcs,outage
59.0,flow_east.4,relay,BS_1,flow_east.3,1,148.0,240.0,proposed_optimal_dkmcs,outage
59.0,flow_west.4,relay,BS_1,flow_east.3,1,148.0,240.0,proposed_optimal_dkmcs,outage
59.0,vehicle_0,direct,BS_1,-1,1,88.0,148.0,proposed_optimal_dkmcs,outage
59.0,flow_east.3,direct,BS_1,-1,1,148.0,240.0,proposed_optimal_dkmcs,outage
59.0,flow_east.1,relay,BS_1,flow_west.2,1,240.0,330.0,proposed_optimal_dkmcs,outage
59.0,flow_west.3,relay,BS_1,flow_west.2,1,240.0,330.0,proposed_optimal_dkmcs,outage
59.0,flow_east.2,relay,BS_1,flow_east.3,1,88.0,148.0,proposed_optimal_dkmcs,outage
60.0,flow_west.2,relay,BS_1,flow_east.1,1,240.0,330.0,proposed_optimal_dkmcs,outage
60.0,vehicle_1,relay,BS_1,flow_east.3,1,148.0,240.0,proposed_optimal_dkmcs,outage
60.0,flow_east.4,relay,BS_1,flow_east.3,1,148.0,240.0,proposed_optimal_dkmcs,outage
60.0,flow_west.4,relay,BS_1,flow_east.3,1,148.0,240.0,proposed_optimal_dkmcs,outage
60.0,vehicle_0,relay,BS_1,flow_east.3,1,88.0,240.0,proposed_optimal_dkmcs,outage
60.0,flow_east.3,direct,BS_1,-1,1,148.0,240.0,proposed_optimal_dkmcs,outage
60.0,flow_west.5,relay,BS_1,flow_east.1,1,240.0,330.0,proposed_optimal_dkmcs,outage
60.0,flow_east.1,relay,BS_1,flow_west.5,1,240.0,330.0,proposed_optimal_dkmcs,outage
60.0,flow_east.5,relay,BS_1,flow_east.1,1,148.0,330.0,proposed_optimal_dkmcs,outage
60.0,flow_west.3,direct,BS_1,-1,1,240.0,330.0,proposed_optimal_dkmcs,outage
61.0,flow_west.2,relay,BS_1,flow_west.5,1,240.0,330.0,proposed_optimal_dkmcs,outage
61.0,vehicle_1,relay,BS_1,flow_east.3,1,148.0,240.0,proposed_optimal_dkmcs,outage
61.0,flow_east.4,relay,BS_1,flow_east.3,1,148.0,240.0,proposed_optimal_dkmcs,outage
61.0,flow_west.4,relay,BS_1,flow_east.3,1,148.0,240.0,proposed_optimal_dkmcs,outage
61.0,flow_east.3,direct,BS_1,-1,1,148.0,240.0,proposed_optimal_dkmcs,outage
61.0,flow_west.5,relay,BS_1,flow_east.1,1,240.0,330.0,proposed_optimal_dkmcs,outage
61.0,flow_east.1,relay,BS_1,flow_west.5,1,240.0,330.0,proposed_optimal_dkmcs,outage
61.0,flow_east.5,relay,BS_1,flow_east.3,1,148.0,240.0,proposed_optimal_dkmcs,outage
61.0,flow_west.3,direct,BS_1,-1,1,240.0,330.0,proposed_optimal_dkmcs,outage
62.0,flow_west.2,relay,BS_1,flow_west.3,1,240.0,330.0,proposed_optimal_dkmcs,outage
62.0,vehicle_1,relay,BS_1,flow_west.4,1,148.0,240.0,proposed_optimal_dkmcs,outage
62.0,flow_east.4,relay,BS_1,flow_west.4,1,148.0,240.0,proposed_optimal_dkmcs,outage
62.0,flow_west.4,relay,BS_1,flow_east.5,1,148.0,240.0,proposed_optimal_dkmcs,outage
62.0,flow_east.3,relay,BS_1,flow_west.4,1,148.0,240.0,proposed_optimal_dkmcs,outage
62.0,flow_west.5,relay,BS_1,flow_west.2,1,240.0,330.0,proposed_optimal_dkmcs,outage
62.0,flow_east.1,direct,BS_1,-1,1,240.0,330.0,proposed_optimal_dkmcs,outage
62.0,flow_east.5,relay,BS_1,flow_west.4,1,148.0,240.0,proposed_optimal_dkmcs,outage
62.0,flow_west.3,relay,BS_1,flow_west.2,1,240.0,330.0,proposed_optimal_dkmcs,outage
63.0,flow_west.2,relay,BS_1,flow_west.3,1,240.0,330.0,proposed_optimal_dkmcs,outage
63.0,vehicle_1,direct,BS_1,-1,1,88.0,148.0,proposed_optimal_dkmcs,outage
63.0,flow_east.4,direct,BS_1,-1,1,88.0,148.0,proposed_optimal_dkmcs,outage
63.0,flow_west.4,relay,BS_1,flow_east.5,1,148.0,240.0,proposed_optimal_dkmcs,outage
63.0,flow_east.3,relay,BS_1,flow_east.5,1,148.0,240.0,proposed_optimal_dkmcs,outage
63.0,flow_west.5,relay,BS_1,flow_west.2,1,240.0,330.0,proposed_optimal_dkmcs,outage
63.0,flow_east.1,direct,BS_1,-1,1,240.0,330.0,proposed_optimal_dkmcs,outage
63.0,flow_east.5,direct,BS_1,-1,1,148.0,240.0,proposed_optimal_dkmcs,outage
63.0,flow_west.3,relay,BS_1,flow_west.2,1,240.0,330.0,proposed_optimal_dkmcs,outage
64.0,flow_west.2,direct,BS_1,-1,1,240.0,330.0,proposed_optimal_dkmcs,outage
64.0,vehicle_1,direct,BS_1,-1,1,88.0,148.0,proposed_optimal_dkmcs,outage
64.0,flow_east.4,direct,BS_1,-1,1,88.0,148.0,proposed_optimal_dkmcs,outage
64.0,flow_west.4,relay,BS_1,flow_east.5,1,148.0,240.0,proposed_optimal_dkmcs,outage
64.0,flow_east.3,relay,BS_1,flow_east.5,1,148.0,240.0,proposed_optimal_dkmcs,outage
64.0,flow_west.5,relay,BS_1,flow_west.2,1,240.0,330.0,proposed_optimal_dkmcs,outage
64.0,flow_east.1,direct,BS_1,-1,1,148.0,330.0,proposed_optimal_dkmcs,outage
64.0,flow_east.5,direct,BS_1,-1,1,148.0,240.0,proposed_optimal_dkmcs,outage
64.0,flow_west.3,relay,BS_1,flow_west.2,1,240.0,330.0,proposed_optimal_dkmcs,outage
65.0,flow_west.2,direct,BS_1,-1,1,240.0,330.0,proposed_optimal_dkmcs,outage
65.0,flow_east.4,direct,BS_1,-1,1,88.0,148.0,proposed_optimal_dkmcs,outage
65.0,flow_west.4,relay,BS_1,flow_east.5,1,148.0,240.0,proposed_optimal_dkmcs,outage
65.0,flow_east.3,relay,BS_1,flow_east.5,1,148.0,240.0,proposed_optimal_dkmcs,outage
65.0,flow_west.5,relay,BS_1,flow_west.2,1,240.0,330.0,proposed_optimal_dkmcs,outage
65.0,flow_east.1,direct,BS_1,-1,1,148.0,330.0,proposed_optimal_dkmcs,outage
65.0,flow_east.5,direct,BS_1,-1,1,148.0,240.0,proposed_optimal_dkmcs,outage
65.0,flow_west.3,relay,BS_1,flow_west.2,1,240.0,330.0,proposed_optimal_dkmcs,outage
66.0,flow_west.2,direct,BS_1,-1,1,240.0,330.0,proposed_optimal_dkmcs,outage
66.0,flow_east.4,direct,BS_1,-1,1,88.0,148.0,proposed_optimal_dkmcs,outage
66.0,flow_west.4,relay,BS_1,flow_east.5,1,148.0,240.0,proposed_optimal_dkmcs,outage
66.0,flow_east.3,relay,BS_1,flow_east.5,1,148.0,240.0,proposed_optimal_dkmcs,outage
66.0,flow_west.5,relay,BS_1,flow_west.2,1,240.0,330.0,proposed_optimal_dkmcs,outage
66.0,flow_east.1,relay,BS_1,flow_east.5,1,148.0,240.0,proposed_optimal_dkmcs,outage
66.0,flow_east.5,direct,BS_1,-1,1,148.0,240.0,proposed_optimal_dkmcs,outage
66.0,flow_west.3,relay,BS_1,flow_west.2,1,240.0,330.0,proposed_optimal_dkmcs,outage
67.0,flow_west.2,relay,BS_1,flow_west.5,1,240.0,330.0,proposed_optimal_dkmcs,outage
67.0,flow_west.4,relay,BS_1,flow_east.1,1,148.0,330.0,proposed_optimal_dkmcs,outage
67.0,flow_east.3,relay,BS_1,flow_east.5,1,148.0,240.0,proposed_optimal_dkmcs,outage
67.0,flow_west.5,relay,BS_1,flow_west.2,1,240.0,330.0,proposed_optimal_dkmcs,outage
67.0,flow_east.1,relay,BS_1,flow_west.4,1,148.0,240.0,proposed_optimal_dkmcs,outage
67.0,flow_east.5,relay,BS_1,flow_east.1,1,148.0,240.0,proposed_optimal_dkmcs,outage
67.0,flow_west.3,relay,BS_1,flow_west.5,1,240.0,330.0,proposed_optimal_dkmcs,outage
68.0,flow_west.2,direct,BS_1,-1,1,240.0,330.0,proposed_optimal_dkmcs,outage
68.0,flow_west.4,relay,BS_1,flow_east.5,1,148.0,240.0,proposed_optimal_dkmcs,outage
68.0,flow_east.3,relay,BS_1,flow_east.5,1,148.0,240.0,proposed_optimal_dkmcs,outage
68.0,flow_west.5,relay,BS_1,flow_west.2,1,240.0,330.0,proposed_optimal_dkmcs,outage
68.0,flow_east.1,relay,BS_1,flow_east.5,1,148.0,240.0,proposed_optimal_dkmcs,outage
68.0,flow_east.5,relay,BS_1,flow_west.4,1,148.0,240.0,proposed_optimal_dkmcs,outage
68.0,flow_west.3,relay,BS_1,flow_west.2,1,240.0,330.0,proposed_optimal_dkmcs,outage
69.0,flow_west.2,direct,BS_1,-1,1,240.0,330.0,proposed_optimal_dkmcs,outage
69.0,flow_west.4,relay,BS_1,flow_east.5,1,148.0,240.0,proposed_optimal_dkmcs,outage
69.0,flow_east.3,relay,BS_1,flow_east.5,1,148.0,240.0,proposed_optimal_dkmcs,outage
69.0,flow_west.5,relay,BS_1,flow_west.2,1,240.0,330.0,proposed_optimal_dkmcs,outage
69.0,flow_east.1,relay,BS_1,flow_east.5,1,148.0,240.0,proposed_optimal_dkmcs,outage
69.0,flow_east.5,relay,BS_1,flow_west.4,1,148.0,240.0,proposed_optimal_dkmcs,outage
69.0,flow_west.3,relay,BS_1,flow_west.2,1,240.0,330.0,proposed_optimal_dkmcs,outage
70.0,flow_west.2,relay,BS_1,flow_east.6,1,240.0,330.0,proposed_optimal_dkmcs,outage
70.0,flow_west.6,relay,BS_1,flow_east.6,1,240.0,330.0,proposed_optimal_dkmcs,outage
70.0,flow_west.4,relay,BS_1,flow_east.1,1,148.0,240.0,proposed_optimal_dkmcs,outage
70.0,flow_east.3,relay,BS_1,flow_east.1,1,88.0,148.0,proposed_optimal_dkmcs,outage
70.0,flow_east.6,relay,BS_1,flow_west.2,1,240.0,330.0,proposed_optimal_dkmcs,outage
70.0,flow_west.5,relay,BS_1,flow_west.2,1,240.0,330.0,proposed_optimal_dkmcs,outage
70.0,flow_east.1,direct,BS_1,-1,1,148.0,240.0,proposed_optimal_dkmcs,outage
70.0,flow_east.5,relay,BS_1,flow_east.1,1,148.0,240.0,proposed_optimal_dkmcs,outage
70.0,flow_west.3,relay,BS_1,flow_west.2,1,240.0,330.0,proposed_optimal_dkmcs,outage
71.0,flow_west.2,relay,BS_1,flow_west.6,1,240.0,330.0,proposed_optimal_dkmcs,outage
71.0,flow_west.6,relay,BS_1,flow_west.2,1,240.0,330.0,proposed_optimal_dkmcs,outage
71.0,flow_west.4,relay,BS_1,flow_east.1,1,148.0,240.0,proposed_optimal_dkmcs,outage
71.0,flow_east.3,relay,BS_1,flow_east.1,1,88.0,148.0,proposed_optimal_dkmcs,outage
71.0,flow_east.6,direct,BS_1,-1,1,240.0,330.0,proposed_optimal_dkmcs,outage
71.0,flow_west.5,relay,BS_1,flow_west.2,1,240.0,330.0,proposed_optimal_dkmcs,outage
71.0,flow_east.1,direct,BS_1,-1,1,148.0,240.0,proposed_optimal_dkmcs,outage
71.0,flow_east.5,relay,BS_1,flow_east.1,1,148.0,240.0,proposed_optimal_dkmcs,outage
71.0,flow_west.3,relay,BS_1,flow_west.2,1,240.0,330.0,proposed_optimal_dkmcs,outage
72.0,flow_west.2,relay,BS_1,flow_west.6,1,240.0,330.0,proposed_optimal_dkmcs,outage
72.0,flow_west.6,direct,BS_1,-1,1,240.0,330.0,proposed_optimal_dkmcs,outage
72.0,flow_west.4,relay,BS_1,flow_east.1,1,148.0,240.0,proposed_optimal_dkmcs,outage
72.0,flow_east.3,relay,BS_1,flow_east.1,1,88.0,148.0,proposed_optimal_dkmcs,outage
72.0,flow_east.6,relay,BS_1,flow_west.6,1,240.0,330.0,proposed_optimal_dkmcs,outage
72.0,flow_west.5,relay,BS_1,flow_west.6,1,240.0,330.0,proposed_optimal_dkmcs,outage
72.0,flow_east.1,direct,BS_1,-1,1,148.0,240.0,proposed_optimal_dkmcs,outage
72.0,flow_east.5,relay,BS_1,flow_east.1,1,148.0,240.0,proposed_optimal_dkmcs,outage
72.0,flow_west.3,relay,BS_1,flow_west.6,1,148.0,240.0,proposed_optimal_dkmcs,outage
73.0,flow_west.2,relay,BS_1,flow_west.6,1,240.0,330.0,proposed_optimal_dkmcs,outage
73.0,flow_west.6,direct,BS_1,-1,1,240.0,330.0,proposed_optimal_dkmcs,outage
73.0,flow_west.4,direct,BS_1,-1,1,240.0,330.0,proposed_optimal_dkmcs,outage
73.0,flow_east.3,relay,BS_1,flow_east.1,1,88.0,148.0,proposed_optimal_dkmcs,outage
73.0,flow_east.6,relay,BS_1,flow_west.6,1,240.0,330.0,proposed_optimal_dkmcs,outage
73.0,flow_west.5,relay,BS_1,flow_west.6,1,240.0,330.0,proposed_optimal_dkmcs,outage
73.0,flow_east.1,direct,BS_1,-1,1,148.0,240.0,proposed_optimal_dkmcs,outage
73.0,flow_east.5,relay,BS_1,flow_east.1,1,148.0,240.0,proposed_optimal_dkmcs,outage
73.0,flow_west.3,direct,BS_1,-1,1,148.0,240.0,proposed_optimal_dkmcs,outage
74.0,flow_west.2,relay,BS_1,flow_west.6,1,240.0,330.0,proposed_optimal_dkmcs,outage
74.0,flow_west.6,direct,BS_1,-1,1,240.0,330.0,proposed_optimal_dkmcs,outage
74.0,flow_west.4,direct,BS_1,-1,1,240.0,330.0,proposed_optimal_dkmcs,outage
74.0,flow_east.3,relay,BS_1,flow_east.1,1,88.0,148.0,proposed_optimal_dkmcs,outage
74.0,flow_east.6,relay,BS_1,flow_west.6,1,148.0,240.0,proposed_optimal_dkmcs,outage
74.0,flow_west.5,relay,BS_1,flow_west.6,1,240.0,330.0,proposed_optimal_dkmcs,outage
74.0,flow_east.1,direct,BS_1,-1,1,148.0,240.0,proposed_optimal_dkmcs,outage
74.0,flow_east.5,relay,BS_1,flow_east.1,1,148.0,240.0,proposed_optimal_dkmcs,outage
74.0,flow_west.3,relay,BS_1,flow_west.6,1,148.0,240.0,proposed_optimal_dkmcs,outage
75.0,flow_west.2,relay,BS_1,flow_west.6,1,240.0,330.0,proposed_optimal_dkmcs,outage
75.0,flow_west.6,direct,BS_1,-1,1,240.0,330.0,proposed_optimal_dkmcs,outage
75.0,flow_west.4,direct,BS_1,-1,1,240.0,330.0,proposed_optimal_dkmcs,outage
75.0,flow_east.6,direct,BS_1,-1,1,240.0,330.0,proposed_optimal_dkmcs,outage
75.0,flow_west.5,relay,BS_1,flow_west.6,1,240.0,330.0,proposed_optimal_dkmcs,outage
75.0,flow_east.1,direct,BS_1,-1,1,148.0,240.0,proposed_optimal_dkmcs,outage
75.0,flow_east.5,relay,BS_1,flow_east.1,1,148.0,240.0,proposed_optimal_dkmcs,outage
75.0,flow_west.3,relay,BS_1,flow_west.6,1,148.0,240.0,proposed_optimal_dkmcs,outage
76.0,flow_west.2,relay,BS_1,flow_west.6,1,240.0,330.0,proposed_optimal_dkmcs,outage
76.0,flow_west.6,direct,BS_1,-1,1,240.0,330.0,proposed_optimal_dkmcs,outage
76.0,flow_west.4,direct,BS_1,-1,1,240.0,330.0,proposed_optimal_dkmcs,outage
76.0,flow_east.6,direct,BS_1,-1,1,240.0,330.0,proposed_optimal_dkmcs,outage
76.0,flow_west.5,relay,BS_1,flow_west.6,1,240.0,330.0,proposed_optimal_dkmcs,outage
76.0,flow_east.1,direct,BS_1,-1,1,148.0,240.0,proposed_optimal_dkmcs,outage
76.0,flow_east.5,relay,BS_1,flow_east.1,1,148.0,240.0,proposed_optimal_dkmcs,outage
76.0,flow_west.3,relay,BS_1,flow_west.6,1,148.0,240.0,proposed_optimal_dkmcs,outage
77.0,flow_west.2,direct,BS_1,-1,1,148.0,240.0,proposed_optimal_dkmcs,outage
77.0,flow_west.6,relay,BS_1,flow_west.2,1,148.0,240.0,proposed_optimal_dkmcs,outage
77.0,flow_west.4,direct,BS_1,-1,1,240.0,330.0,proposed_optimal_dkmcs,outage
77.0,flow_east.6,direct,BS_1,-1,1,240.0,330.0,proposed_optimal_dkmcs,outage
77.0,flow_west.5,relay,BS_1,flow_west.2,1,148.0,240.0,proposed_optimal_dkmcs,outage
77.0,flow_east.1,direct,BS_1,-1,1,148.0,240.0,proposed_optimal_dkmcs,outage
77.0,flow_east.5,relay,BS_1,flow_east.1,1,148.0,240.0,proposed_optimal_dkmcs,outage
77.0,flow_west.3,direct,BS_1,-1,1,148.0,240.0,proposed_optimal_dkmcs,outage
78.0,flow_west.2,direct,BS_1,-1,1,148.0,240.0,proposed_optimal_dkmcs,outage
78.0,flow_west.6,relay,BS_1,flow_west.2,1,148.0,240.0,proposed_optimal_dkmcs,outage
78.0,flow_west.4,direct,BS_1,-1,1,240.0,330.0,proposed_optimal_dkmcs,outage
78.0,flow_east.6,direct,BS_1,-1,1,240.0,330.0,proposed_optimal_dkmcs,outage
78.0,flow_west.5,relay,BS_1,flow_west.2,1,148.0,240.0,proposed_optimal_dkmcs,outage
78.0,flow_east.1,direct,BS_1,-1,1,148.0,240.0,proposed_optimal_dkmcs,outage
78.0,flow_east.5,relay,BS_1,flow_east.1,1,148.0,240.0,proposed_optimal_dkmcs,outage
78.0,flow_west.3,relay,BS_1,flow_west.2,1,148.0,240.0,proposed_optimal_dkmcs,outage
79.0,flow_west.2,direct,BS_1,-1,1,148.0,240.0,proposed_optimal_dkmcs,outage
79.0,flow_west.6,relay,BS_1,flow_west.2,1,148.0,240.0,proposed_optimal_dkmcs,outage
79.0,flow_west.4,direct,BS_1,-1,1,240.0,330.0,proposed_optimal_dkmcs,outage
79.0,flow_east.6,direct,BS_1,-1,1,240.0,330.0,proposed_optimal_dkmcs,outage
79.0,flow_west.5,relay,BS_1,flow_west.2,1,148.0,240.0,proposed_optimal_dkmcs,outage
79.0,flow_east.1,direct,BS_1,-1,1,88.0,240.0,proposed_optimal_dkmcs,outage
79.0,flow_east.5,relay,BS_1,flow_east.1,1,88.0,240.0,proposed_optimal_dkmcs,outage
79.0,flow_west.3,relay,BS_1,flow_west.2,1,148.0,240.0,proposed_optimal_dkmcs,outage
80.0,flow_west.2,direct,BS_1,-1,1,148.0,240.0,proposed_optimal_dkmcs,outage
80.0,flow_west.6,direct,BS_1,-1,1,148.0,330.0,proposed_optimal_dkmcs,outage
80.0,flow_west.4,relay,BS_1,flow_east.6,1,148.0,330.0,proposed_optimal_dkmcs,outage
80.0,flow_east.7,direct,BS_1,-1,1,148.0,240.0,proposed_optimal_dkmcs,outage
80.0,flow_east.6,direct,BS_1,-1,1,240.0,330.0,proposed_optimal_dkmcs,outage
80.0,flow_west.5,relay,BS_1,flow_east.7,1,148.0,240.0,proposed_optimal_dkmcs,outage
80.0,flow_east.1,direct,BS_1,-1,1,88.0,240.0,proposed_optimal_dkmcs,outage
80.0,flow_east.5,relay,BS_1,flow_east.1,1,88.0,240.0,proposed_optimal_dkmcs,outage
80.0,flow_west.3,relay,BS_1,flow_east.7,1,148.0,240.0,proposed_optimal_dkmcs,outage
80.0,flow_west.7,relay,BS_1,flow_east.1,1,88.0,240.0,proposed_optimal_dkmcs,outage
81.0,flow_west.2,relay,BS_1,flow_east.7,1,148.0,240.0,proposed_optimal_dkmcs,outage
81.0,flow_west.6,relay,BS_1,flow_east.7,1,148.0,240.0,proposed_optimal_dkmcs,outage
81.0,flow_west.4,relay,BS_1,flow_east.6,1,148.0,240.0,proposed_optimal_dkmcs,outage
81.0,flow_east.7,relay,BS_1,flow_west.2,1,148.0,240.0,proposed_optimal_dkmcs,outage
81.0,flow_east.6,direct,BS_1,-1,1,240.0,330.0,proposed_optimal_dkmcs,outage
81.0,flow_west.5,direct,BS_1,-1,1,148.0,240.0,proposed_optimal_dkmcs,outage
81.0,flow_east.1,relay,BS_1,flow_east.6,1,88.0,148.0,proposed_optimal_dkmcs,outage
81.0,flow_west.3,direct,BS_1,-1,1,148.0,240.0,proposed_optimal_dkmcs,outage
81.0,flow_west.7,relay,BS_1,flow_east.1,1,88.0,240.0,proposed_optimal_dkmcs,outage
82.0,flow_west.2,relay,BS_1,flow_west.5,1,148.0,240.0,proposed_optimal_dkmcs,outage
82.0,flow_west.6,relay,BS_1,flow_east.7,1,148.0,330.0,proposed_optimal_dkmcs,outage
82.0,flow_west.4,direct,BS_1,-1,1,240.0,330.0,proposed_optimal_dkmcs,outage
82.0,flow_east.7,relay,BS_1,flow_west.2,1,148.0,240.0,proposed_optimal_dkmcs,outage
82.0,flow_east.6,direct,BS_1,-1,1,148.0,330.0,proposed_optimal_dkmcs,outage
82.0,flow_west.5,relay,BS_1,flow_west.2,1,148.0,240.0,proposed_optimal_dkmcs,outage
82.0,flow_east.1,relay,BS_1,flow_east.6,1,88.0,148.0,proposed_optimal_dkmcs,outage
82.0,flow_west.3,relay,BS_1,flow_west.2,1,148.0,240.0,proposed_optimal_dkmcs,outage
82.0,flow_west.7,relay,BS_1,flow_east.6,1,88.0,148.0,proposed_optimal_dkmcs,outage
83.0,flow_west.2,relay,BS_1,flow_west.5,1,148.0,240.0,proposed_optimal_dkmcs,outage
83.0,flow_west.6,direct,BS_1,-1,1,148.0,240.0,proposed_optimal_dkmcs,outage
83.0,flow_west.4,direct,BS_1,-1,1,240.0,330.0,proposed_optimal_dkmcs,outage
83.0,flow_east.7,relay,BS_1,flow_west.5,1,148.0,240.0,proposed_optimal_dkmcs,outage
83.0,flow_east.6,direct,BS_1,-1,1,148.0,330.0,proposed_optimal_dkmcs,outage
83.0,flow_west.5,relay,BS_1,flow_west.2,1,148.0,240.0,proposed_optimal_dkmcs,outage
83.0,flow_east.1,relay,BS_1,flow_east.6,1,88.0,148.0,proposed_optimal_dkmcs,outage
83.0,flow_west.3,relay,BS_1,flow_west.5,1,148.0,240.0,proposed_optimal_dkmcs,outage
83.0,flow_west.7,relay,BS_1,flow_east.6,1,88.0,148.0,proposed_optimal_dkmcs,outage
84.0,flow_west.2,relay,BS_1,flow_west.5,1,148.0,240.0,proposed_optimal_dkmcs,outage
84.0,flow_west.6,direct,BS_1,-1,1,148.0,240.0,proposed_optimal_dkmcs,outage
84.0,flow_west.4,direct,BS_1,-1,1,240.0,330.0,proposed_optimal_dkmcs,outage
84.0,flow_east.7,relay,BS_1,flow_west.2,1,148.0,240.0,proposed_optimal_dkmcs,outage
84.0,flow_east.6,direct,BS_1,-1,1,148.0,330.0,proposed_optimal_dkmcs,outage
84.0,flow_west.5,relay,BS_1,flow_west.2,1,148.0,240.0,proposed_optimal_dkmcs,outage
84.0,flow_east.1,relay,BS_1,flow_east.6,1,88.0,148.0,proposed_optimal_dkmcs,outage
84.0,flow_west.3,relay,BS_1,flow_west.5,1,148.0,240.0,proposed_optimal_dkmcs,outage
84.0,flow_west.7,relay,BS_1,flow_east.6,1,88.0,148.0,proposed_optimal_dkmcs,outage
85.0,flow_west.2,relay,BS_1,flow_west.5,1,148.0,240.0,proposed_optimal_dkmcs,outage
85.0,flow_west.6,relay,BS_1,flow_west.5,1,148.0,240.0,proposed_optimal_dkmcs,outage
85.0,flow_west.4,direct,BS_1,-1,1,240.0,330.0,proposed_optimal_dkmcs,outage
85.0,flow_east.7,relay,BS_1,flow_west.4,1,240.0,330.0,proposed_optimal_dkmcs,outage
85.0,flow_east.6,direct,BS_1,-1,1,148.0,330.0,proposed_optimal_dkmcs,outage
85.0,flow_west.5,direct,BS_1,-1,1,148.0,240.0,proposed_optimal_dkmcs,outage
85.0,flow_east.1,relay,BS_1,flow_east.6,1,88.0,148.0,proposed_optimal_dkmcs,outage
85.0,flow_west.3,relay,BS_1,flow_west.5,1,148.0,240.0,proposed_optimal_dkmcs,outage
85.0,flow_west.7,relay,BS_1,flow_east.6,1,88.0,240.0,proposed_optimal_dkmcs,outage
86.0,flow_west.2,direct,BS_1,-1,1,148.0,240.0,proposed_optimal_dkmcs,outage
86.0,flow_west.6,relay,BS_1,flow_west.2,1,148.0,240.0,proposed_optimal_dkmcs,outage
86.0,flow_west.4,direct,BS_1,-1,1,240.0,330.0,proposed_optimal_dkmcs,outage
86.0,flow_east.7,direct,BS_1,-1,1,240.0,330.0,proposed_optimal_dkmcs,outage
86.0,flow_east.6,direct,BS_1,-1,1,148.0,240.0,proposed_optimal_dkmcs,outage
86.0,flow_west.5,relay,BS_1,flow_west.2,1,148.0,240.0,proposed_optimal_dkmcs,outage
86.0,flow_east.1,relay,BS_1,flow_east.6,1,88.0,148.0,proposed_optimal_dkmcs,outage
86.0,flow_west.3,relay,BS_1,flow_west.2,1,148.0,240.0,proposed_optimal_dkmcs,outage
86.0,flow_west.7,relay,BS_1,flow_east.6,1,88.0,240.0,proposed_optimal_dkmcs,outage
87.0,flow_west.2,relay,BS_1,flow_west.5,1,148.0,240.0,proposed_optimal_dkmcs,outage
87.0,flow_west.6,relay,BS_1,flow_west.5,1,148.0,240.0,proposed_optimal_dkmcs,outage
87.0,flow_west.4,direct,BS_1,-1,1,240.0,330.0,proposed_optimal_dkmcs,outage
87.0,flow_east.7,direct,BS_1,-1,1,240.0,330.0,proposed_optimal_dkmcs,outage
87.0,flow_east.6,direct,BS_1,-1,1,148.0,240.0,proposed_optimal_dkmcs,outage
87.0,flow_west.5,relay,BS_1,flow_west.6,1,148.0,240.0,proposed_optimal_dkmcs,outage
87.0,flow_east.1,relay,BS_1,flow_east.6,1,88.0,148.0,proposed_optimal_dkmcs,outage
87.0,flow_west.7,relay,BS_1,flow_east.6,1,148.0,240.0,proposed_optimal_dkmcs,outage
88.0,flow_west.2,relay,BS_1,flow_west.6,1,148.0,240.0,proposed_optimal_dkmcs,outage
88.0,flow_west.6,direct,BS_1,-1,1,148.0,240.0,proposed_optimal_dkmcs,outage
88.0,flow_west.4,direct,BS_1,-1,1,240.0,330.0,proposed_optimal_dkmcs,outage
88.0,flow_east.7,direct,BS_1,-1,1,240.0,330.0,proposed_optimal_dkmcs,outage
88.0,flow_east.6,direct,BS_1,-1,1,148.0,240.0,proposed_optimal_dkmcs,outage
88.0,flow_west.5,relay,BS_1,flow_west.6,1,148.0,240.0,proposed_optimal_dkmcs,outage
88.0,flow_east.1,relay,BS_1,flow_west.7,1,148.0,240.0,proposed_optimal_dkmcs,outage
88.0,flow_west.7,direct,BS_1,-1,1,148.0,240.0,proposed_optimal_dkmcs,outage
89.0,flow_west.2,relay,BS_1,flow_west.6,1,148.0,240.0,proposed_optimal_dkmcs,outage
89.0,flow_west.6,direct,BS_1,-1,1,148.0,240.0,proposed_optimal_dkmcs,outage
89.0,flow_west.4,direct,BS_1,-1,1,240.0,330.0,proposed_optimal_dkmcs,outage
89.0,flow_east.7,direct,BS_1,-1,1,240.0,330.0,proposed_optimal_dkmcs,outage
89.0,flow_east.6,direct,BS_1,-1,1,148.0,240.0,proposed_optimal_dkmcs,outage
89.0,flow_west.5,relay,BS_1,flow_west.6,1,148.0,240.0,proposed_optimal_dkmcs,outage
89.0,flow_east.1,relay,BS_1,flow_west.7,1,148.0,240.0,proposed_optimal_dkmcs,outage
89.0,flow_west.7,direct,BS_1,-1,1,148.0,240.0,proposed_optimal_dkmcs,outage
90.0,flow_west.2,relay,BS_1,flow_west.6,1,148.0,240.0,proposed_optimal_dkmcs,outage
90.0,flow_west.6,direct,BS_1,-1,1,148.0,240.0,proposed_optimal_dkmcs,outage
90.0,flow_west.4,relay,BS_1,flow_east.7,1,240.0,330.0,proposed_optimal_dkmcs,outage
90.0,flow_east.7,direct,BS_1,-1,1,240.0,330.0,proposed_optimal_dkmcs,outage
90.0,flow_east.6,direct,BS_1,-1,1,148.0,240.0,proposed_optimal_dkmcs,outage
90.0,flow_west.5,relay,BS_1,flow_west.6,1,148.0,240.0,proposed_optimal_dkmcs,outage
90.0,flow_east.1,direct,BS_1,-1,1,88.0,148.0,proposed_optimal_dkmcs,outage
90.0,flow_west.7,direct,BS_1,-1,1,148.0,240.0,proposed_optimal_dkmcs,outage
91.0,flow_west.2,direct,BS_1,-1,1,88.0,240.0,proposed_optimal_dkmcs,outage
91.0,flow_west.6,direct,BS_1,-1,1,88.0,240.0,proposed_optimal_dkmcs,outage
91.0,flow_west.4,relay,BS_1,flow_east.7,1,240.0,330.0,proposed_optimal_dkmcs,outage
91.0,flow_east.7,direct,BS_1,-1,1,240.0,330.0,proposed_optimal_dkmcs,outage
91.0,flow_east.6,direct,BS_1,-1,1,148.0,240.0,proposed_optimal_dkmcs,outage
91.0,flow_west.5,direct,BS_1,-1,1,88.0,240.0,proposed_optimal_dkmcs,outage
91.0,flow_east.1,direct,BS_1,-1,1,88.0,148.0,proposed_optimal_dkmcs,outage
91.0,flow_west.7,direct,BS_1,-1,1,148.0,240.0,proposed_optimal_dkmcs,outage
92.0,flow_west.2,relay,BS_1,flow_west.6,1,148.0,240.0,proposed_optimal_dkmcs,outage
92.0,flow_west.6,direct,BS_1,-1,1,148.0,240.0,proposed_optimal_dkmcs,outage
92.0,flow_west.4,direct,BS_1,-1,1,148.0,330.0,proposed_optimal_dkmcs,outage
92.0,flow_east.7,direct,BS_1,-1,1,240.0,330.0,proposed_optimal_dkmcs,outage
92.0,flow_west.5,relay,BS_1,flow_west.6,1,148.0,240.0,proposed_optimal_dkmcs,outage
92.0,flow_east.6,direct,BS_1,-1,1,148.0,240.0,proposed_optimal_dkmcs,outage
92.0,flow_west.7,direct,BS_1,-1,1,148.0,240.0,proposed_optimal_dkmcs,outage
93.0,flow_west.2,direct,BS_1,-1,1,88.0,240.0,proposed_optimal_dkmcs,outage
93.0,flow_west.6,direct,BS_1,-1,1,88.0,240.0,proposed_optimal_dkmcs,outage
93.0,flow_west.4,direct,BS_1,-1,1,148.0,330.0,proposed_optimal_dkmcs,outage
93.0,flow_east.7,direct,BS_1,-1,1,240.0,330.0,proposed_optimal_dkmcs,outage
93.0,flow_west.5,direct,BS_1,-1,1,88.0,148.0,proposed_optimal_dkmcs,outage
93.0,flow_east.6,direct,BS_1,-1,1,148.0,240.0,proposed_optimal_dkmcs,outage
93.0,flow_west.7,direct,BS_1,-1,1,148.0,240.0,proposed_optimal_dkmcs,outage
94.0,flow_west.4,direct,BS_1,-1,1,148.0,330.0,proposed_optimal_dkmcs,outage
94.0,flow_west.6,direct,BS_1,-1,1,88.0,240.0,proposed_optimal_dkmcs,outage
94.0,flow_east.7,direct,BS_1,-1,1,240.0,330.0,proposed_optimal_dkmcs,outage
94.0,flow_east.6,direct,BS_1,-1,1,148.0,240.0,proposed_optimal_dkmcs,outage
94.0,flow_west.5,direct,BS_1,-1,1,88.0,148.0,proposed_optimal_dkmcs,outage
94.0,flow_west.7,direct,BS_1,-1,1,148.0,240.0,proposed_optimal_dkmcs,outage
95.0,flow_west.4,direct,BS_1,-1,1,148.0,240.0,proposed_optimal_dkmcs,outage
95.0,flow_west.6,direct,BS_1,-1,1,88.0,240.0,proposed_optimal_dkmcs,outage
95.0,flow_east.7,relay,BS_1,flow_west.7,1,88.0,148.0,proposed_optimal_dkmcs,outage
95.0,flow_east.6,relay,BS_1,flow_west.7,1,148.0,240.0,proposed_optimal_dkmcs,outage
95.0,flow_west.5,direct,BS_1,-1,1,88.0,148.0,proposed_optimal_dkmcs,outage
95.0,flow_west.7,direct,BS_1,-1,1,148.0,240.0,proposed_optimal_dkmcs,outage
96.0,flow_west.4,direct,BS_1,-1,1,148.0,240.0,proposed_optimal_dkmcs,outage
96.0,flow_west.6,relay,BS_1,flow_west.4,1,88.0,240.0,proposed_optimal_dkmcs,outage
96.0,flow_east.7,relay,BS_1,flow_west.4,1,88.0,148.0,proposed_optimal_dkmcs,outage
96.0,flow_east.6,relay,BS_1,flow_west.7,1,148.0,240.0,proposed_optimal_dkmcs,outage
96.0,flow_west.7,direct,BS_1,-1,1,148.0,240.0,proposed_optimal_dkmcs,outage
97.0,flow_west.4,direct,BS_1,-1,1,148.0,240.0,proposed_optimal_dkmcs,outage
97.0,flow_west.6,relay,BS_1,flow_west.4,1,148.0,240.0,proposed_optimal_dkmcs,outage
97.0,flow_east.7,direct,BS_1,-1,1,240.0,330.0,proposed_optimal_dkmcs,outage
97.0,flow_east.6,direct,BS_1,-1,1,88.0,240.0,proposed_optimal_dkmcs,outage
97.0,flow_west.7,direct,BS_1,-1,1,148.0,330.0,proposed_optimal_dkmcs,outage
98.0,flow_west.4,direct,BS_1,-1,1,148.0,240.0,proposed_optimal_dkmcs,outage
98.0,flow_west.6,relay,BS_1,flow_west.4,1,148.0,240.0,proposed_optimal_dkmcs,outage
98.0,flow_east.7,direct,BS_1,-1,1,240.0,330.0,proposed_optimal_dkmcs,outage
98.0,flow_east.6,direct,BS_1,-1,1,88.0,240.0,proposed_optimal_dkmcs,outage
98.0,flow_west.7,direct,BS_1,-1,1,148.0,330.0,proposed_optimal_dkmcs,outage
99.0,flow_west.4,direct,BS_1,-1,1,148.0,240.0,proposed_optimal_dkmcs,outage
99.0,flow_west.6,relay,BS_1,flow_west.4,1,148.0,240.0,proposed_optimal_dkmcs,outage
99.0,flow_east.7,direct,BS_1,-1,1,240.0,330.0,proposed_optimal_dkmcs,outage
99.0,flow_east.6,direct,BS_1,-1,1,88.0,240.0,proposed_optimal_dkmcs,outage
99.0,flow_west.7,relay,BS_1,flow_east.7,1,148.0,330.0,proposed_optimal_dkmcs,outage
