timestamp,vehicle_id,action_type,bs_id,relay_id,rate_shannon,rate_mcs,rate_dkmcs,truth_rate_mcs
0.0,vehicle_0,direct,BS_1,-1,332.93459674819945,148.0,88.0,148.0
1.0,vehicle_0,direct,BS_1,-1,326.6678816851222,148.0,88.0,148.0
2.0,vehicle_0,direct,BS_1,-1,346.76569855226325,240.0,88.0,240.0
3.0,vehicle_0,direct,BS_1,-1,394.2871876821154,240.0,148.0,240.0
4.0,vehicle_0,direct,BS_1,-1,356.16245503513744,240.0,88.0,240.0
5.0,vehicle_2,direct,BS_1,-1,440.08383798794017,240.0,148.0,240.0
5.0,vehicle_2,relay,BS_1,vehicle_0,406.74709823584806,240.0,148.0,240.0
5.0,vehicle_2,relay,BS_1,vehicle_1,379.4340893655378,240.0,88.0,240.0
5.0,vehicle_1,direct,BS_1,-1,379.4340893655378,240.0,88.0,240.0
5.0,vehicle_1,relay,BS_1,vehicle_0,406.74709823584806,240.0,148.0,240.0
5.0,vehicle_1,relay,BS_1,vehicle_2,440.08383798794017,240.0,148.0,240.0
5.0,vehicle_0,direct,BS_1,-1,406.74709823584806,240.0,148.0,240.0
5.0,vehicle_0,relay,BS_1,vehicle_1,379.4340893655378,240.0,88.0,240.0
5.0,vehicle_0,relay,BS_1,vehicle_2,440.08383798794017,240.0,148.0,240.0
6.0,vehicle_2,direct,BS_1,-1,461.3610745154105,240.0,148.0,240.0
6.0,vehicle_2,relay,BS_1,vehicle_0,372.35808276906295,240.0,88.0,240.0
6.0,vehicle_2,relay,BS_1,vehicle_1,354.339174713274,240.0,88.0,240.0
6.0,vehicle_1,direct,BS_1,-1,354.339174713274,240.0,88.0,240.0
6.0,vehicle_1,relay,BS_1,vehicle_0,372.35808276906295,240.0,88.0,240.0
6.0,vehicle_1,relay,BS_1,vehicle_2,461.3610745154105,240.0,148.0,240.0
6.0,vehicle_0,direct,BS_1,-1,372.35808276906295,240.0,88.0,240.0
6.0,vehicle_0,relay,BS_1,vehicle_1,354.339174713274,240.0,88.0,240.0
6.0,vehicle_0,relay,BS_1,vehicle_2,461.3610745154105,240.0,148.0,240.0
7.0,vehicle_2,direct,BS_1,-1,434.70893851256574,240.0,148.0,240.0
7.0,vehicle_2,relay,BS_1,vehicle_0,421.1605559041608,240.0,148.0,240.0
7.0,vehicle_2,relay,BS_1,vehicle_1,411.7506008060546,240.0,148.0,240.0
7.0,vehicle_1,direct,BS_1,-1,411.7506008060546,240.0,148.0,240.0
7.0,vehicle_1,relay,BS_1,vehicle_0,421.1605559041608,240.0,148.0,240.0
7.0,vehicle_1,relay,BS_1,vehicle_2,434.70893851256574,240.0,148.0,240.0
7.0,vehicle_0,direct,BS_1,-1,421.1605559041608,240.0,148.0,240.0
7.0,vehicle_0,relay,BS_1,vehicle_1,411.7506008060546,240.0,148.0,240.0
7.0,vehicle_0,relay,BS_1,vehicle_2,434.70893851256574,240.0,148.0,240.0
8.0,vehicle_2,direct,BS_1,-1,482.7730416834351,240.0,148.0,240.0
8.0,vehicle_2,relay,BS_1,vehicle_0,438.18565794811985,240.0,148.0,240.0
8.0,vehicle_2,relay,BS_1,vehicle_1,372.0510634196294,240.0,88.0,240.0
8.0,vehicle_1,direct,BS_1,-1,372.0510634196294,240.0,88.0,240.0
8.0,vehicle_1,relay,BS_1,vehicle_0,438.18565794811985,240.0,148.0,240.0
8.0,vehicle_1,relay,BS_1,vehicle_2,482.7730416834351,240.0,148.0,240.0
8.0,vehicle_0,direct,BS_1,-1,438.18565794811985,240.0,148.0,240.0
8.0,vehicle_0,relay,BS_1,vehicle_1,372.0510634196294,240.0,88.0,240.0
8.0,vehicle_0,relay,BS_1,vehicle_2,482.7730416834351,240.0,148.0,240.0
9.0,vehicle_2,direct,BS_1,-1,465.186697097964,240.0,148.0,240.0
9.0,vehicle_2,relay,BS_1,vehicle_0,448.006114133782,240.0,148.0,240.0
9.0,vehicle_2,relay,BS_1,vehicle_1,416.4510470245045,240.0,148.0,240.0
9.0,vehicle_1,direct,BS_1,-1,416.4510470245045,240.0,148.0,240.0
9.0,vehicle_1,relay,BS_1,vehicle_0,448.006114133782,240.0,148.0,240.0
9.0,vehicle_1,relay,BS_1,vehicle_2,465.186697097964,240.0,148.0,240.0
9.0,vehicle_0,direct,BS_1,-1,448.006114133782,240.0,148.0,240.0
9.0,vehicle_0,relay,BS_1,vehicle_1,416.4510470245045,240.0,148.0,240.0
9.0,vehicle_0,relay,BS_1,vehicle_2,465.186697097964,240.0,148.0,240.0
10.0,vehicle_2,direct,BS_1,-1,470.6135060391421,240.0,148.0,240.0
10.0,vehicle_2,relay,BS_1,flow_west.0,480.8505404793837,240.0,148.0,240.0
10.0,vehicle_2,relay,BS_1,vehicle_0,453.08717843976865,240.0,148.0,240.0
10.0,vehicle_2,relay,BS_1,vehicle_1,430.92108902603775,240.0,148.0,240.0
10.0,vehicle_2,relay,BS_1,flow_east.0,97.81157808865277,38.0,15.0,38.0
10.0,vehicle_1,direct,BS_1,-1,430.92108902603775,240.0,148.0,240.0
10.0,vehicle_1,relay,BS_1,vehicle_0,453.08717843976865,240.0,148.0,240.0
10.0,vehicle_1,relay,BS_1,vehicle_2,470.6135060391421,240.0,148.0,240.0
10.0,vehicle_1,relay,BS_1,flow_west.0,480.8505404793837,240.0,148.0,240.0
10.0,vehicle_1,relay,BS_1,flow_east.0,77.32580792187953,38.0,15.0,38.0
10.0,vehicle_0,direct,BS_1,-1,453.08717843976865,240.0,148.0,240.0
10.0,vehicle_0,relay,BS_1,vehicle_1,430.92108902603775,240.0,148.0,240.0
10.0,vehicle_0,relay,BS_1,vehicle_2,470.6135060391421,240.0,148.0,240.0
10.0,vehicle_0,relay,BS_1,flow_west.0,480.8505404793837,240.0,148.0,240.0
10.0,vehicle_0,relay,BS_1,flow_east.0,83.13363152952836,38.0,15.0,38.0
10.0,flow_west.0,direct,BS_1,-1,480.8505404793837,240.0,148.0,240.0
10.0,flow_west.0,relay,BS_1,vehicle_2,470.6135060391421,240.0,148.0,240.0
10.0,flow_west.0,relay,BS_1,vehicle_0,453.08717843976865,240.0,148.0,240.0
10.0,flow_west.0,relay,BS_1,vehicle_1,430.92108902603775,240.0,148.0,240.0
10.0,flow_west.0,relay,BS_1,flow_east.0,99.62228024691149,38.0,15.0,38.0
10.0,flow_east.0,direct,BS_1,-1,349.4877176501538,240.0,88.0,240.0
10.0,flow_east.0,relay,BS_1,flow_west.0,99.62228024691149,38.0,15.0,38.0
10.0,flow_east.0,relay,BS_1,vehicle_2,97.81157808865277,38.0,15.0,38.0
10.0,flow_east.0,relay,BS_1,vehicle_0,83.13363152952836,38.0,15.0,38.0
10.0,flow_east.0,relay,BS_1,vehicle_1,77.32580792187953,38.0,15.0,38.0
11.0,vehicle_2,direct,BS_1,-1,491.7568921327168,240.0,148.0,240.0
11.0,vehicle_2,relay,BS_1,flow_west.0,489.5090850913649,240.0,148.0,240.0
11.0,vehicle_2,relay,BS_1,vehicle_0,428.71393822671865,240.0,148.0,240.0
11.0,vehicle_2,relay,BS_1,vehicle_1,415.51022385718545,240.0,148.0,240.0
11.0,vehicle_2,relay,BS_1,flow_east.0,97.64811599326376,38.0,15.0,38.0
11.0,vehicle_1,direct,BS_1,-1,415.51022385718545,240.0,148.0,240.0
11.0,vehicle_1,relay,BS_1,vehicle_0,428.71393822671865,240.0,148.0,240.0
11.0,vehicle_1,relay,BS_1,vehicle_2,491.7568921327168,240.0,148.0,240.0
11.0,vehicle_1,relay,BS_1,flow_west.0,489.5090850913649,240.0,148.0,240.0
11.0,vehicle_1,relay,BS_1,flow_east.0,76.91315745757582,38.0,15.0,38.0
11.0,vehicle_0,direct,BS_1,-1,428.71393822671865,240.0,148.0,240.0
11.0,vehicle_0,relay,BS_1,vehicle_1,415.51022385718545,240.0,148.0,240.0
11.0,vehicle_0,relay,BS_1,flow_west.0,489.5090850913649,240.0,148.0,240.0
11.0,vehicle_0,relay,BS_1,vehicle_2,491.7568921327168,240.0,148.0,240.0
11.0,vehicle_0,relay,BS_1,flow_east.0,83.13363152952836,38.0,15.0,38.0
11.0,flow_west.0,direct,BS_1,-1,489.5090850913649,240.0,148.0,240.0
11.0,flow_west.0,relay,BS_1,vehicle_2,491.7568921327168,240.0,148.0,240.0
11.0,flow_west.0,relay,BS_1,vehicle_0,428.71393822671865,240.0,148.0,240.0
11.0,flow_west.0,relay,BS_1,vehicle_1,415.51022385718545,240.0,148.0,240.0
11.0,flow_west.0,relay,BS_1,flow_east.0,92.04729893735058,38.0,15.0,38.0
11.0,flow_east.0,direct,BS_1,-1,339.8327773817591,148.0,88.0,148.0
11.0,flow_east.0,relay,BS_1,vehicle_2,97.64811599326376,38.0,15.0,38.0
11.0,flow_east.0,relay,BS_1,flow_west.0,92.04729893735058,38.0,15.0,38.0
11.0,flow_east.0,relay,BS_1,vehicle_0,83.13363152952836,38.0,15.0,38.0
11.0,flow_east.0,relay,BS_1,vehicle_1,76.91315745757582,38.0,15.0,38.0
12.0,vehicle_2,direct,BS_1,-1,529.1679669631907,330.0,148.0,330.0
12.0,vehicle_2,relay,BS_1,flow_west.0,466.78195438865765,240.0,148.0,240.0
12.0,vehicle_2,relay,BS_1,vehicle_0,469.9746294766072,240.0,148.0,240.0
12.0,vehicle_2,relay,BS_1,vehicle_1,422.4179203333686,240.0,148.0,240.0
12.0,vehicle_2,relay,BS_1,flow_east.0,97.64811599326376,38.0,15.0,38.0
12.0,vehicle_1,direct,BS_1,-1,422.4179203333686,240.0,148.0,240.0
12.0,vehicle_1,relay,BS_1,vehicle_0,469.9746294766072,240.0,148.0,240.0
12.0,vehicle_1,relay,BS_1,flow_west.0,466.78195438865765,240.0,148.0,240.0
12.0,vehicle_1,relay,BS_1,vehicle_2,529.1679669631907,330.0,148.0,330.0
12.0,vehicle_1,relay,BS_1,flow_east.0,76.91315745757582,38.0,15.0,38.0
12.0,vehicle_0,direct,BS_1,-1,469.9746294766072,240.0,148.0,240.0
12.0,vehicle_0,relay,BS_1,flow_west.0,466.78195438865765,240.0,148.0,240.0
12.0,vehicle_0,relay,BS_1,vehicle_1,422.4179203333686,240.0,148.0,240.0
12.0,vehicle_0,relay,BS_1,vehicle_2,529.1679669631907,330.0,148.0,330.0
12.0,vehicle_0,relay,BS_1,flow_east.0,83.13363152952836,38.0,15.0,38.0
12.0,flow_west.0,direct,BS_1,-1,466.78195438865765,240.0,148.0,240.0
12.0,flow_west.0,relay,BS_1,vehicle_0,469.9746294766072,240.0,148.0,240.0
12.0,flow_west.0,relay,BS_1,vehicle_1,422.4179203333686,240.0,148.0,240.0
12.0,flow_west.0,relay,BS_1,vehicle_2,529.1679669631907,330.0,148.0,330.0
12.0,flow_west.0,relay,BS_1,flow_east.0,85.63434103105182,38.0,15.0,38.0
12.0,flow_east.0,direct,BS_1,-1,331.43973651039096,148.0,88.0,148.0
12.0,flow_east.0,relay,BS_1,vehicle_2,97.64811599326376,38.0,15.0,38.0
12.0,flow_east.0,relay,BS_1,flow_west.0,85.63434103105182,38.0,15.0,38.0
12.0,flow_east.0,relay,BS_1,vehicle_0,83.13363152952836,38.0,15.0,38.0
12.0,flow_east.0,relay,BS_1,vehicle_1,76.91315745757582,38.0,15.0,38.0
13.0,vehicle_2,direct,BS_1,-1,519.4653593181657,330.0,148.0,330.0
13.0,vehicle_2,relay,BS_1,vehicle_0,455.3127087212257,240.0,148.0,240.0
13.0,vehicle_2,relay,BS_1,vehicle_1,450.2280649274024,240.0,148.0,240.0
13.0,vehicle_2,relay,BS_1,flow_west.0,450.8631993853019,240.0,148.0,240.0
13.0,vehicle_2,relay,BS_1,flow_east.0,97.64811599326376,38.0,15.0,38.0
13.0,vehicle_1,direct,BS_1,-1,450.2280649274024,240.0,148.0,240.0
13.0,vehicle_1,relay,BS_1,flow_west.0,450.8631993853019,240.0,148.0,240.0
13.0,vehicle_1,relay,BS_1,vehicle_0,455.3127087212257,240.0,148.0,240.0
13.0,vehicle_1,relay,BS_1,vehicle_2,519.4653593181657,330.0,148.0,330.0
13.0,vehicle_1,relay,BS_1,flow_east.0,76.77597833410626,38.0,15.0,38.0
13.0,vehicle_0,direct,BS_1,-1,455.3127087212257,240.0,148.0,240.0
13.0,vehicle_0,relay,BS_1,flow_west.0,450.8631993853019,240.0,148.0,240.0
13.0,vehicle_0,relay,BS_1,vehicle_1,450.2280649274024,240.0,148.0,240.0
13.0,vehicle_0,relay,BS_1,vehicle_2,519.4653593181657,330.0,148.0,330.0
13.0,vehicle_0,relay,BS_1,flow_east.0,83.27922332972535,38.0,15.0,38.0
13.0,flow_west.0,direct,BS_1,-1,450.8631993853019,240.0,148.0,240.0
13.0,flow_west.0,relay,BS_1,vehicle_1,450.2280649274024,240.0,148.0,240.0
13.0,flow_west.0,relay,BS_1,vehicle_0,455.3127087212257,240.0,148.0,240.0
13.0,flow_west.0,relay,BS_1,vehicle_2,519.4653593181657,330.0,148.0,330.0
13.0,flow_west.0,relay,BS_1,flow_east.0,79.69578345878772,38.0,15.0,38.0
13.0,flow_east.0,direct,BS_1,-1,322.8041503885187,148.0,88.0,148.0
13.0,flow_east.0,relay,BS_1,vehicle_2,97.64811599326376,38.0,15.0,38.0
13.0,flow_east.0,relay,BS_1,vehicle_0,83.27922332972535,38.0,15.0,38.0
13.0,flow_east.0,relay,BS_1,flow_west.0,79.69578345878772,38.0,15.0,38.0
13.0,flow_east.0,relay,BS_1,vehicle_1,76.77597833410626,38.0,15.0,38.0
14.0,vehicle_2,direct,BS_1,-1,531.1105801589197,330.0,148.0,330.0
14.0,vehicle_2,relay,BS_1,vehicle_0,475.7285366262274,240.0,148.0,240.0
14.0,vehicle_2,relay,BS_1,vehicle_1,471.5720320896032,240.0,148.0,240.0
14.0,vehicle_2,relay,BS_1,flow_west.0,448.006114133782,240.0,148.0,240.0
14.0,vehicle_2,relay,BS_1,flow_east.0,97.97523136487798,38.0,15.0,38.0
14.0,vehicle_1,direct,BS_1,-1,471.5720320896032,240.0,148.0,240.0
14.0,vehicle_1,relay,BS_1,flow_west.0,448.006114133782,240.0,148.0,240.0
14.0,vehicle_1,relay,BS_1,vehicle_0,475.7285366262274,240.0,148.0,240.0
14.0,vehicle_1,relay,BS_1,vehicle_2,531.1105801589197,330.0,148.0,330.0
14.0,vehicle_1,relay,BS_1,flow_east.0,76.77597833410626,38.0,15.0,38.0
14.0,vehicle_0,direct,BS_1,-1,475.7285366262274,240.0,148.0,240.0
14.0,vehicle_0,relay,BS_1,vehicle_1,471.5720320896032,240.0,148.0,240.0
14.0,vehicle_0,relay,BS_1,flow_west.0,448.006114133782,240.0,148.0,240.0
14.0,vehicle_0,relay,BS_1,vehicle_2,531.1105801589197,330.0,148.0,330.0
14.0,vehicle_0,relay,BS_1,flow_east.0,83.13363152952836,38.0,15.0,38.0
14.0,flow_west.0,direct,BS_1,-1,448.006114133782,240.0,148.0,240.0
14.0,flow_west.0,relay,BS_1,vehicle_1,471.5720320896032,240.0,148.0,240.0
14.0,flow_west.0,relay,BS_1,vehicle_0,475.7285366262274,240.0,148.0,240.0
14.0,flow_west.0,relay,BS_1,vehicle_2,531.1105801589197,330.0,148.0,330.0
14.0,flow_west.0,relay,BS_1,flow_east.0,74.4722358524461,38.0,15.0,38.0
14.0,flow_east.0,direct,BS_1,-1,314.8191920503417,148.0,88.0,148.0
14.0,flow_east.0,relay,BS_1,vehicle_2,97.97523136487798,38.0,15.0,38.0
14.0,flow_east.0,relay,BS_1,vehicle_0,83.13363152952836,38.0,15.0,38.0
14.0,flow_east.0,relay,BS_1,vehicle_1,76.77597833410626,38.0,15.0,38.0
14.0,flow_east.0,relay,BS_1,flow_west.0,74.4722358524461,38.0,15.0,38.0
15.0,vehicle_2,direct,BS_1,-1,554.7973163866061,330.0,240.0,330.0
15.0,vehicle_2,relay,BS_1,vehicle_0,479.24917949165024,240.0,148.0,240.0
15.0,vehicle_2,relay,BS_1,vehicle_1,453.7228869438658,240.0,148.0,240.0
15.0,vehicle_2,relay,BS_1,flow_west.0,404.2494434048504,240.0,148.0,240.0
15.0,vehicle_2,relay,BS_1,flow_east.0,97.97523136487798,38.0,15.0,38.0
15.0,vehicle_1,direct,BS_1,-1,453.7228869438658,240.0,148.0,240.0
15.0,vehicle_1,relay,BS_1,vehicle_0,479.24917949165024,240.0,148.0,240.0
15.0,vehicle_1,relay,BS_1,flow_west.0,457.8580422705454,240.0,148.0,240.0
15.0,vehicle_1,relay,BS_1,vehicle_2,554.1471636495645,330.0,240.0,330.0
15.0,vehicle_1,relay,BS_1,flow_east.0,76.77597833410626,38.0,15.0,38.0
15.0,vehicle_0,direct,BS_1,-1,479.24917949165024,240.0,148.0,240.0
15.0,vehicle_0,relay,BS_1,vehicle_1,453.7228869438658,240.0,148.0,240.0
15.0,vehicle_0,relay,BS_1,vehicle_2,554.7973163866061,330.0,240.0,330.0
15.0,vehicle_0,relay,BS_1,flow_west.0,457.8580422705454,240.0,148.0,240.0
15.0,vehicle_0,relay,BS_1,flow_east.0,83.27922332972535,38.0,15.0,38.0
15.0,flow_west.0,direct,BS_1,-1,457.8580422705454,240.0,148.0,240.0
15.0,flow_west.0,relay,BS_1,vehicle_1,453.7228869438658,240.0,148.0,240.0
15.0,flow_west.0,relay,BS_1,vehicle_0,479.24917949165024,240.0,148.0,240.0
15.0,flow_west.0,relay,BS_1,vehicle_2,404.2494434048504,240.0,148.0,240.0
15.0,flow_west.0,relay,BS_1,flow_east.0,69.76878760268013,38.0,15.0,38.0
15.0,flow_east.0,direct,BS_1,-1,306.89004368774096,148.0,88.0,148.0
15.0,flow_east.0,relay,BS_1,vehicle_2,97.97523136487798,38.0,15.0,38.0
15.0,flow_east.0,relay,BS_1,vehicle_0,83.27922332972535,38.0,15.0,38.0
15.0,flow_east.0,relay,BS_1,vehicle_1,76.77597833410626,38.0,15.0,38.0
15.0,flow_east.0,relay,BS_1,flow_west.0,69.76878760268013,38.0,15.0,38.0
16.0,vehicle_2,direct,BS_1,-1,573.0265756603674,330.0,240.0,330.0
16.0,vehicle_2,relay,BS_1,vehicle_0,521.727708884227,330.0,148.0,330.0
16.0,vehicle_2,relay,BS_1,vehicle_1,475.4086404500372,240.0,148.0,240.0
16.0,vehicle_2,relay,BS_1,flow_west.0,358.9013703269799,240.0,88.0,240.0
16.0,vehicle_2,relay,BS_1,flow_east.0,97.81157808865277,38.0,15.0,38.0
16.0,vehicle_1,direct,BS_1,-1,475.4086404500372,240.0,148.0,240.0
16.0,vehicle_1,relay,BS_1,vehicle_0,521.727708884227,330.0,148.0,330.0
16.0,vehicle_1,relay,BS_1,flow_west.0,447.3715646737752,240.0,148.0,240.0
16.0,vehicle_1,relay,BS_1,vehicle_2,552.197092268848,330.0,240.0,330.0
16.0,vehicle_1,relay,BS_1,flow_east.0,76.63898460276764,38.0,15.0,38.0
16.0,vehicle_0,direct,BS_1,-1,521.727708884227,330.0,148.0,330.0
16.0,vehicle_0,relay,BS_1,vehicle_1,475.4086404500372,240.0,148.0,240.0
16.0,vehicle_0,relay,BS_1,vehicle_2,573.0265756603674,330.0,240.0,330.0
16.0,vehicle_0,relay,BS_1,flow_west.0,447.3715646737752,240.0,148.0,240.0
16.0,vehicle_0,relay,BS_1,flow_east.0,83.42500346787911,38.0,15.0,38.0
16.0,flow_west.0,direct,BS_1,-1,447.3715646737752,240.0,148.0,240.0
16.0,flow_west.0,relay,BS_1,vehicle_1,475.4086404500372,240.0,148.0,240.0
16.0,flow_west.0,relay,BS_1,vehicle_0,509.458560672318,330.0,148.0,330.0
16.0,flow_west.0,relay,BS_1,vehicle_2,358.9013703269799,240.0,88.0,240.0
16.0,flow_west.0,relay,BS_1,flow_east.0,65.29964342228931,38.0,15.0,38.0
16.0,flow_east.0,direct,BS_1,-1,299.30986198166704,148.0,88.0,148.0
16.0,flow_east.0,relay,BS_1,vehicle_2,97.81157808865277,38.0,15.0,38.0
16.0,flow_east.0,relay,BS_1,vehicle_0,83.42500346787911,38.0,15.0,38.0
16.0,flow_east.0,relay,BS_1,vehicle_1,76.63898460276764,38.0,15.0,38.0
16.0,flow_east.0,relay,BS_1,flow_west.0,65.29964342228931,38.0,15.0,38.0
17.0,flow_west.0,direct,BS_1,-1,437.2370384945075,240.0,148.0,240.0
17.0,flow_west.0,relay,BS_1,vehicle_1,508.16885281930934,330.0,148.0,330.0
17.0,flow_west.0,relay,BS_1,vehicle_0,449.2756053723709,240.0,148.0,240.0
17.0,flow_west.0,relay,BS_1,vehicle_2,387.46558158163725,240.0,88.0,240.0
17.0,vehicle_2,direct,BS_1,-1,589.3403717052341,330.0,240.0,330.0
17.0,vehicle_2,relay,BS_1,vehicle_0,508.16885281930934,330.0,148.0,330.0
17.0,vehicle_2,relay,BS_1,vehicle_1,508.16885281930934,330.0,148.0,330.0
17.0,vehicle_2,relay,BS_1,flow_west.0,387.46558158163725,240.0,88.0,240.0
17.0,vehicle_1,direct,BS_1,-1,508.16885281930934,330.0,148.0,330.0
17.0,vehicle_1,relay,BS_1,vehicle_0,508.16885281930934,330.0,148.0,330.0
17.0,vehicle_1,relay,BS_1,flow_west.0,437.2370384945075,240.0,148.0,240.0
17.0,vehicle_1,relay,BS_1,vehicle_2,526.2553344767326,330.0,148.0,330.0
17.0,vehicle_0,direct,BS_1,-1,508.16885281930934,330.0,148.0,330.0
17.0,vehicle_0,relay,BS_1,vehicle_1,508.16885281930934,330.0,148.0,330.0
17.0,vehicle_0,relay,BS_1,vehicle_2,589.3403717052341,330.0,240.0,330.0
17.0,vehicle_0,relay,BS_1,flow_west.0,437.2370384945075,240.0,148.0,240.0
18.0,flow_west.0,direct,BS_1,-1,420.84631223711045,240.0,148.0,240.0
18.0,flow_west.0,relay,BS_1,vehicle_1,507.2018019280962,330.0,148.0,330.0
18.0,flow_west.0,relay,BS_1,vehicle_0,395.84072765875015,240.0,148.0,240.0
18.0,flow_west.0,relay,BS_1,vehicle_2,291.78647327720546,148.0,88.0,148.0
18.0,vehicle_2,direct,BS_1,-1,585.0955957394588,330.0,240.0,330.0
18.0,vehicle_2,relay,BS_1,vehicle_0,539.2119801462821,330.0,148.0,330.0
18.0,vehicle_2,relay,BS_1,vehicle_1,495.9345586578576,240.0,148.0,240.0
18.0,vehicle_2,relay,BS_1,flow_west.0,291.78647327720546,148.0,88.0,148.0
18.0,vehicle_1,direct,BS_1,-1,518.1730341202119,330.0,148.0,330.0
18.0,vehicle_1,relay,BS_1,vehicle_0,539.2119801462821,330.0,148.0,330.0
18.0,vehicle_1,relay,BS_1,flow_west.0,420.84631223711045,240.0,148.0,240.0
18.0,vehicle_1,relay,BS_1,vehicle_2,495.9345586578576,240.0,148.0,240.0
18.0,vehicle_0,direct,BS_1,-1,539.2119801462821,330.0,148.0,330.0
18.0,vehicle_0,relay,BS_1,vehicle_1,518.1730341202119,330.0,148.0,330.0
18.0,vehicle_0,relay,BS_1,vehicle_2,585.0955957394588,330.0,240.0,330.0
18.0,vehicle_0,relay,BS_1,flow_west.0,395.84072765875015,240.0,148.0,240.0
19.0,flow_west.0,direct,BS_1,-1,378.2015007367229,240.0,88.0,240.0
19.0,flow_west.0,relay,BS_1,vehicle_1,460.7238873646651,240.0,148.0,240.0
19.0,flow_west.0,relay,BS_1,vehicle_0,401.1313044189525,240.0,148.0,240.0
19.0,flow_west.0,relay,BS_1,vehicle_2,327.56123166490755,148.0,88.0,148.0
19.0,vehicle_2,direct,BS_1,-1,601.4331564336534,330.0,240.0,330.0
19.0,vehicle_2,relay,BS_1,vehicle_0,557.3985645206653,330.0,240.0,330.0
19.0,vehicle_2,relay,BS_1,vehicle_1,489.83012628165926,240.0,148.0,240.0
19.0,vehicle_2,relay,BS_1,flow_west.0,327.56123166490755,148.0,88.0,148.0
19.0,vehicle_1,direct,BS_1,-1,530.1391884890118,330.0,148.0,330.0
19.0,vehicle_1,relay,BS_1,vehicle_0,557.3985645206653,330.0,240.0,330.0
19.0,vehicle_1,relay,BS_1,vehicle_2,489.83012628165926,240.0,148.0,240.0
19.0,vehicle_1,relay,BS_1,flow_west.0,378.2015007367229,240.0,88.0,240.0
19.0,vehicle_0,direct,BS_1,-1,557.3985645206653,330.0,240.0,330.0
19.0,vehicle_0,relay,BS_1,vehicle_1,530.1391884890118,330.0,148.0,330.0
19.0,vehicle_0,relay,BS_1,vehicle_2,601.4331564336534,330.0,240.0,330.0
19.0,vehicle_0,relay,BS_1,flow_west.0,378.2015007367229,240.0,88.0,240.0
20.0,vehicle_2,direct,BS_1,-1,610.9225058900546,330.0,240.0,330.0
20.0,vehicle_2,relay,BS_1,vehicle_0,553.4970751947817,330.0,240.0,330.0
20.0,vehicle_2,relay,BS_1,flow_west.1,181.15878937659377,88.0,38.0,88.0
20.0,vehicle_2,relay,BS_1,vehicle_1,492.0781057320576,240.0,148.0,240.0
20.0,vehicle_2,relay,BS_1,flow_west.0,253.73772481385973,148.0,88.0,148.0
20.0,vehicle_2,relay,BS_1,flow_east.1,235.03345020851685,148.0,38.0,148.0
20.0,vehicle_1,direct,BS_1,-1,516.2351620266729,330.0,148.0,330.0
20.0,vehicle_1,relay,BS_1,vehicle_0,553.4970751947817,330.0,240.0,330.0
20.0,vehicle_1,relay,BS_1,vehicle_2,492.0781057320576,240.0,148.0,240.0
20.0,vehicle_1,relay,BS_1,flow_west.0,389.0139181100975,240.0,88.0,240.0
20.0,vehicle_1,relay,BS_1,flow_west.1,181.15878937659377,88.0,38.0,88.0
20.0,vehicle_1,relay,BS_1,flow_east.1,327.56123166490755,148.0,88.0,148.0
20.0,vehicle_0,direct,BS_1,-1,553.4970751947817,330.0,240.0,330.0
20.0,vehicle_0,relay,BS_1,vehicle_1,516.2351620266729,330.0,148.0,330.0
20.0,vehicle_0,relay,BS_1,vehicle_2,610.9225058900546,330.0,240.0,330.0
20.0,vehicle_0,relay,BS_1,flow_west.1,181.15878937659377,88.0,38.0,88.0
20.0,vehicle_0,relay,BS_1,flow_west.0,285.4667976403571,148.0,88.0,148.0
20.0,vehicle_0,relay,BS_1,flow_east.1,221.31386122841135,148.0,38.0,148.0
20.0,flow_west.1,direct,BS_1,-1,181.15878937659377,88.0,38.0,88.0
20.0,flow_west.1,relay,BS_1,vehicle_2,610.9225058900546,330.0,240.0,330.0
20.0,flow_west.1,relay,BS_1,vehicle_0,509.1361009943205,330.0,148.0,330.0
20.0,flow_west.1,relay,BS_1,vehicle_1,372.35808276906295,240.0,88.0,240.0
20.0,flow_west.1,relay,BS_1,flow_west.0,232.9009263433893,148.0,38.0,148.0
20.0,flow_west.1,relay,BS_1,flow_east.1,192.0043298530818,88.0,38.0,88.0
20.0,flow_west.0,direct,BS_1,-1,395.2191729016103,240.0,148.0,240.0
20.0,flow_west.0,relay,BS_1,flow_east.1,368.3710439872822,240.0,88.0,240.0
20.0,flow_west.0,relay,BS_1,vehicle_1,389.0139181100975,240.0,88.0,240.0
20.0,flow_west.0,relay,BS_1,vehicle_0,285.4667976403571,148.0,88.0,148.0
20.0,flow_west.0,relay,BS_1,vehicle_2,253.73772481385973,148.0,88.0,148.0
20.0,flow_west.0,relay,BS_1,flow_west.1,181.15878937659377,88.0,38.0,88.0
20.0,flow_east.1,direct,BS_1,-1,368.3710439872822,240.0,88.0,240.0
20.0,flow_east.1,relay,BS_1,flow_west.0,395.2191729016103,240.0,148.0,240.0
20.0,flow_east.1,relay,BS_1,vehicle_1,327.56123166490755,148.0,88.0,148.0
20.0,flow_east.1,relay,BS_1,vehicle_2,235.8351409222408,148.0,38.0,148.0
20.0,flow_east.1,relay,BS_1,vehicle_0,221.31386122841135,148.0,38.0,148.0
20.0,flow_east.1,relay,BS_1,flow_west.1,181.15878937659377,88.0,38.0,88.0
21.0,vehicle_2,direct,BS_1,-1,616.1619792154722,330.0,240.0,330.0
21.0,vehicle_2,relay,BS_1,flow_west.1,181.15878937659377,88.0,38.0,88.0
21.0,vehicle_2,relay,BS_1,vehicle_0,582.8108547274094,330.0,240.0,330.0
21.0,vehicle_2,relay,BS_1,vehicle_1,507.8464805384609,330.0,148.0,330.0
21.0,vehicle_2,relay,BS_1,flow_east.1,237.1736914041641,148.0,38.0,148.0
21.0,vehicle_2,relay,BS_1,flow_west.0,205.6673950019468,88.0,38.0,88.0
21.0,vehicle_1,direct,BS_1,-1,545.701132304824,330.0,148.0,330.0
21.0,vehicle_1,relay,BS_1,vehicle_0,582.8108547274094,330.0,240.0,330.0
21.0,vehicle_1,relay,BS_1,vehicle_2,507.8464805384609,330.0,148.0,330.0
21.0,vehicle_1,relay,BS_1,flow_west.1,181.15878937659377,88.0,38.0,88.0
21.0,vehicle_1,relay,BS_1,flow_east.1,326.6678816851222,148.0,88.0,148.0
21.0,vehicle_1,relay,BS_1,flow_west.0,319.54445354404555,148.0,88.0,148.0
21.0,vehicle_0,direct,BS_1,-1,582.8108547274094,330.0,240.0,330.0
21.0,vehicle_0,relay,BS_1,vehicle_1,545.701132304824,330.0,148.0,330.0
21.0,vehicle_0,relay,BS_1,vehicle_2,616.1619792154722,330.0,240.0,330.0
21.0,vehicle_0,relay,BS_1,flow_west.1,181.15878937659377,88.0,38.0,88.0
21.0,vehicle_0,relay,BS_1,flow_west.0,331.1409714385041,148.0,88.0,148.0
21.0,vehicle_0,relay,BS_1,flow_east.1,216.645075988331,148.0,38.0,148.0
21.0,flow_west.1,direct,BS_1,-1,181.15878937659377,88.0,38.0,88.0
21.0,flow_west.1,relay,BS_1,vehicle_2,616.1619792154722,330.0,240.0,330.0
21.0,flow_west.1,relay,BS_1,vehicle_0,582.158190184225,330.0,240.0,330.0
21.0,flow_west.1,relay,BS_1,vehicle_1,407.3719427000098,240.0,148.0,240.0
21.0,flow_west.1,relay,BS_1,flow_west.0,231.30664995397208,148.0,38.0,148.0
21.0,flow_west.1,relay,BS_1,flow_east.1,221.8352209247875,148.0,38.0,148.0
21.0,flow_west.0,direct,BS_1,-1,370.5167731297862,240.0,88.0,240.0
21.0,flow_west.0,relay,BS_1,flow_east.1,375.12365277492705,240.0,88.0,240.0
21.0,flow_west.0,relay,BS_1,vehicle_0,331.1409714385041,148.0,88.0,148.0
21.0,flow_west.0,relay,BS_1,vehicle_1,319.54445354404555,148.0,88.0,148.0
21.0,flow_west.0,relay,BS_1,flow_west.1,181.15878937659377,88.0,38.0,88.0
21.0,flow_west.0,relay,BS_1,vehicle_2,205.6673950019468,88.0,38.0,88.0
21.0,flow_east.1,direct,BS_1,-1,375.12365277492705,240.0,88.0,240.0
21.0,flow_east.1,relay,BS_1,flow_west.0,370.5167731297862,240.0,88.0,240.0
21.0,flow_east.1,relay,BS_1,vehicle_1,326.6678816851222,148.0,88.0,148.0
21.0,flow_east.1,relay,BS_1,vehicle_2,236.370202064211,148.0,38.0,148.0
21.0,flow_east.1,relay,BS_1,flow_west.1,181.15878937659377,88.0,38.0,88.0
21.0,flow_east.1,relay,BS_1,vehicle_0,215.8710900996208,148.0,38.0,148.0
22.0,vehicle_2,direct,BS_1,-1,636.4895707140209,330.0,240.0,330.0
22.0,vehicle_2,relay,BS_1,flow_west.1,638.4587084805578,330.0,240.0,330.0
22.0,vehicle_2,relay,BS_1,vehicle_0,589.0137737735673,330.0,240.0,330.0
22.0,vehicle_2,relay,BS_1,vehicle_1,510.7486162257304,330.0,148.0,330.0
22.0,vehicle_2,relay,BS_1,flow_east.1,236.63791232915,148.0,38.0,148.0
22.0,vehicle_2,relay,BS_1,flow_west.0,227.86761738606373,148.0,38.0,148.0
22.0,vehicle_1,direct,BS_1,-1,552.8470513061723,330.0,240.0,330.0
22.0,vehicle_1,relay,BS_1,vehicle_0,589.0137737735673,330.0,240.0,330.0
22.0,vehicle_1,relay,BS_1,flow_west.1,548.6234896355552,330.0,148.0,330.0
22.0,vehicle_1,relay,BS_1,vehicle_2,510.7486162257304,330.0,148.0,330.0
22.0,vehicle_1,relay,BS_1,flow_east.1,323.99169161671387,148.0,88.0,148.0
22.0,vehicle_1,relay,BS_1,flow_west.0,321.02502883710184,148.0,88.0,148.0
22.0,vehicle_0,direct,BS_1,-1,589.0137737735673,330.0,240.0,330.0
22.0,vehicle_0,relay,BS_1,vehicle_1,552.8470513061723,330.0,240.0,330.0
22.0,vehicle_0,relay,BS_1,vehicle_2,636.4895707140209,330.0,240.0,330.0
22.0,vehicle_0,relay,BS_1,flow_west.1,619.1103745124757,330.0,240.0,330.0
22.0,vehicle_0,relay,BS_1,flow_west.0,264.2638582874623,148.0,88.0,148.0
22.0,vehicle_0,relay,BS_1,flow_east.1,211.76348344667971,148.0,38.0,148.0
22.0,flow_west.1,direct,BS_1,-1,638.4587084805578,330.0,240.0,330.0
22.0,flow_west.1,relay,BS_1,vehicle_2,636.4895707140209,330.0,240.0,330.0
22.0,flow_west.1,relay,BS_1,vehicle_0,589.0137737735673,330.0,240.0,330.0
22.0,flow_west.1,relay,BS_1,vehicle_1,548.9482799146641,330.0,148.0,330.0
22.0,flow_west.1,relay,BS_1,flow_east.1,235.8351409222408,148.0,38.0,148.0
22.0,flow_west.1,relay,BS_1,flow_west.0,231.0413665563845,148.0,38.0,148.0
22.0,flow_west.0,direct,BS_1,-1,388.3944384975526,240.0,88.0,240.0
22.0,flow_west.0,relay,BS_1,flow_east.1,381.5930851616265,240.0,88.0,240.0
22.0,flow_west.0,relay,BS_1,vehicle_1,321.02502883710184,148.0,88.0,148.0
22.0,flow_west.0,relay,BS_1,vehicle_0,262.87016214475256,148.0,88.0,148.0
22.0,flow_west.0,relay,BS_1,flow_west.1,231.0413665563845,148.0,38.0,148.0
22.0,flow_west.0,relay,BS_1,vehicle_2,227.86761738606373,148.0,38.0,148.0
22.0,flow_east.1,direct,BS_1,-1,381.5930851616265,240.0,88.0,240.0
22.0,flow_east.1,relay,BS_1,flow_west.0,388.3944384975526,240.0,88.0,240.0
22.0,flow_east.1,relay,BS_1,vehicle_1,323.99169161671387,148.0,88.0,148.0
22.0,flow_east.1,relay,BS_1,vehicle_2,236.63791232915,148.0,38.0,148.0
22.0,flow_east.1,relay,BS_1,flow_west.1,235.8351409222408,148.0,38.0,148.0
22.0,flow_east.1,relay,BS_1,vehicle_0,211.76348344667971,148.0,38.0,148.0
23.0,vehicle_2,direct,BS_1,-1,176.43898647482362,88.0,38.0,88.0
23.0,vehicle_2,relay,BS_1,flow_west.1,625.3374909751575,330.0,240.0,330.0
23.0,vehicle_2,relay,BS_1,vehicle_0,596.8555597015367,330.0,240.0,330.0
23.0,vehicle_2,relay,BS_1,vehicle_1,516.558089064704,330.0,148.0,330.0
23.0,vehicle_2,relay,BS_1,flow_east.1,237.1736914041641,148.0,38.0,148.0
23.0,vehicle_2,relay,BS_1,flow_west.0,235.30056008829123,148.0,38.0,148.0
23.0,vehicle_1,direct,BS_1,-1,571.0712200531792,330.0,240.0,330.0
23.0,vehicle_1,relay,BS_1,vehicle_0,596.8555597015367,330.0,240.0,330.0
23.0,vehicle_1,relay,BS_1,flow_west.1,562.2786027070588,330.0,240.0,330.0
23.0,vehicle_1,relay,BS_1,vehicle_2,176.43898647482362,88.0,38.0,88.0
23.0,vehicle_1,relay,BS_1,flow_east.1,321.02502883710184,148.0,88.0,148.0
23.0,vehicle_1,relay,BS_1,flow_west.0,306.30499403289514,148.0,88.0,148.0
23.0,vehicle_0,direct,BS_1,-1,596.8555597015367,330.0,240.0,330.0
23.0,vehicle_0,relay,BS_1,vehicle_1,571.0712200531792,330.0,240.0,330.0
23.0,vehicle_0,relay,BS_1,flow_west.1,625.3374909751575,330.0,240.0,330.0
23.0,vehicle_0,relay,BS_1,vehicle_2,176.43898647482362,88.0,38.0,88.0
23.0,vehicle_0,relay,BS_1,flow_east.1,209.72265832149705,148.0,38.0,148.0
23.0,vehicle_0,relay,BS_1,flow_west.0,205.1629870076807,88.0,38.0,88.0
23.0,flow_west.1,direct,BS_1,-1,625.3374909751575,330.0,240.0,330.0
23.0,flow_west.1,relay,BS_1,vehicle_2,176.43898647482362,88.0,38.0,88.0
23.0,flow_west.1,relay,BS_1,vehicle_0,596.8555597015367,330.0,240.0,330.0
23.0,flow_west.1,relay,BS_1,vehicle_1,562.2786027070588,330.0,240.0,330.0
23.0,flow_west.1,relay,BS_1,flow_west.0,232.10323716252793,148.0,38.0,148.0
23.0,flow_west.1,relay,BS_1,flow_east.1,227.07698452606988,148.0,38.0,148.0
23.0,flow_west.0,direct,BS_1,-1,336.82921182264226,148.0,88.0,148.0
23.0,flow_west.0,relay,BS_1,flow_east.1,387.1560596625086,240.0,88.0,240.0
23.0,flow_west.0,relay,BS_1,vehicle_1,306.30499403289514,148.0,88.0,148.0
23.0,flow_west.0,relay,BS_1,vehicle_2,176.43898647482362,88.0,38.0,88.0
23.0,flow_west.0,relay,BS_1,flow_west.1,232.10323716252793,148.0,38.0,148.0
23.0,flow_west.0,relay,BS_1,vehicle_0,205.1629870076807,88.0,38.0,88.0
23.0,flow_east.1,direct,BS_1,-1,387.1560596625086,240.0,88.0,240.0
23.0,flow_east.1,relay,BS_1,flow_west.0,336.82921182264226,148.0,88.0,148.0
23.0,flow_east.1,relay,BS_1,vehicle_1,320.72876581211096,148.0,88.0,148.0
23.0,flow_east.1,relay,BS_1,vehicle_2,176.43898647482362,88.0,38.0,88.0
23.0,flow_east.1,relay,BS_1,flow_west.1,227.07698452606988,148.0,38.0,148.0
23.0,flow_east.1,relay,BS_1,vehicle_0,209.72265832149705,148.0,38.0,148.0
24.0,vehicle_2,direct,BS_1,-1,177.1429351712039,88.0,38.0,88.0
24.0,vehicle_2,relay,BS_1,flow_west.1,615.8344321037408,330.0,240.0,330.0
24.0,vehicle_2,relay,BS_1,vehicle_0,608.6311095141914,330.0,240.0,330.0
24.0,vehicle_2,relay,BS_1,vehicle_1,519.1422474340515,330.0,148.0,330.0
24.0,vehicle_2,relay,BS_1,flow_east.1,236.905742165306,148.0,38.0,148.0
24.0,vehicle_2,relay,BS_1,flow_west.0,216.12895268131368,148.0,38.0,148.0
24.0,vehicle_1,direct,BS_1,-1,587.3809748781263,330.0,240.0,330.0
24.0,vehicle_1,relay,BS_1,vehicle_0,608.6311095141914,330.0,240.0,330.0
24.0,vehicle_1,relay,BS_1,flow_west.1,615.8344321037408,330.0,240.0,330.0
24.0,vehicle_1,relay,BS_1,vehicle_2,177.1429351712039,88.0,38.0,88.0
24.0,vehicle_1,relay,BS_1,flow_east.1,318.36133142346836,148.0,88.0,148.0
24.0,vehicle_1,relay,BS_1,flow_west.0,222.6182278977919,148.0,38.0,148.0
24.0,vehicle_0,direct,BS_1,-1,608.6311095141914,330.0,240.0,330.0
24.0,vehicle_0,relay,BS_1,flow_west.1,615.8344321037408,330.0,240.0,330.0
24.0,vehicle_0,relay,BS_1,vehicle_1,587.3809748781263,330.0,240.0,330.0
24.0,vehicle_0,relay,BS_1,vehicle_2,177.1429351712039,88.0,38.0,88.0
24.0,vehicle_0,relay,BS_1,flow_west.0,224.44973511038384,148.0,38.0,148.0
24.0,vehicle_0,relay,BS_1,flow_east.1,207.690600209752,148.0,38.0,148.0
24.0,flow_west.1,direct,BS_1,-1,615.8344321037408,330.0,240.0,330.0
24.0,flow_west.1,relay,BS_1,vehicle_0,608.6311095141914,330.0,240.0,330.0
24.0,flow_west.1,relay,BS_1,vehicle_2,177.1429351712039,88.0,38.0,88.0
24.0,flow_west.1,relay,BS_1,vehicle_1,587.3809748781263,330.0,240.0,330.0
24.0,flow_west.1,relay,BS_1,flow_west.0,233.16706683078783,148.0,38.0,148.0
24.0,flow_west.1,relay,BS_1,flow_east.1,205.41512108881653,88.0,38.0,88.0
24.0,flow_west.0,direct,BS_1,-1,339.23153501818246,148.0,88.0,148.0
24.0,flow_west.0,relay,BS_1,flow_east.1,378.5095708043106,240.0,88.0,240.0
24.0,flow_west.0,relay,BS_1,flow_west.1,233.16706683078783,148.0,38.0,148.0
24.0,flow_west.0,relay,BS_1,vehicle_0,224.44973511038384,148.0,38.0,148.0
24.0,flow_west.0,relay,BS_1,vehicle_1,222.6182278977919,148.0,38.0,148.0
24.0,flow_west.0,relay,BS_1,vehicle_2,177.1429351712039,88.0,38.0,88.0
24.0,flow_east.1,direct,BS_1,-1,378.5095708043106,240.0,88.0,240.0
24.0,flow_east.1,relay,BS_1,flow_west.0,339.23153501818246,148.0,88.0,148.0
24.0,flow_east.1,relay,BS_1,vehicle_1,318.9527431794668,148.0,88.0,148.0
24.0,flow_east.1,relay,BS_1,vehicle_2,177.1429351712039,88.0,38.0,88.0
24.0,flow_east.1,relay,BS_1,vehicle_0,207.690600209752,148.0,38.0,148.0
24.0,flow_east.1,relay,BS_1,flow_west.1,205.41512108881653,88.0,38.0,88.0
25.0,vehicle_2,direct,BS_1,-1,625.009657602007,330.0,240.0,330.0
25.0,vehicle_2,relay,BS_1,vehicle_0,624.6818341462133,330.0,240.0,330.0
25.0,vehicle_2,relay,BS_1,flow_west.1,560.9769198924376,330.0,240.0,330.0
25.0,vehicle_2,relay,BS_1,vehicle_1,525.9318051172421,330.0,148.0,330.0
25.0,vehicle_2,relay,BS_1,flow_east.1,236.10261153904315,148.0,38.0,148.0
25.0,vehicle_2,relay,BS_1,flow_west.0,183.7813277310543,88.0,38.0,88.0
25.0,vehicle_1,direct,BS_1,-1,598.8171026458018,330.0,240.0,330.0
25.0,vehicle_1,relay,BS_1,flow_west.1,608.9584187755594,330.0,240.0,330.0
25.0,vehicle_1,relay,BS_1,vehicle_0,624.6818341462133,330.0,240.0,330.0
25.0,vehicle_1,relay,BS_1,vehicle_2,525.9318051172421,330.0,148.0,330.0
25.0,vehicle_1,relay,BS_1,flow_east.1,314.8191920503417,148.0,88.0,148.0
25.0,vehicle_1,relay,BS_1,flow_west.0,211.25245996366425,148.0,38.0,148.0
25.0,vehicle_0,direct,BS_1,-1,624.6818341462133,330.0,240.0,330.0
25.0,vehicle_0,relay,BS_1,flow_west.1,608.9584187755594,330.0,240.0,330.0
25.0,vehicle_0,relay,BS_1,vehicle_1,598.8171026458018,330.0,240.0,330.0
25.0,vehicle_0,relay,BS_1,vehicle_2,625.009657602007,330.0,240.0,330.0
25.0,vehicle_0,relay,BS_1,flow_west.0,236.370202064211,148.0,38.0,148.0
25.0,vehicle_0,relay,BS_1,flow_east.1,206.17236165630615,148.0,38.0,148.0
25.0,flow_west.1,direct,BS_1,-1,608.9584187755594,330.0,240.0,330.0
25.0,flow_west.1,relay,BS_1,vehicle_0,624.6818341462133,330.0,240.0,330.0
25.0,flow_west.1,relay,BS_1,vehicle_1,598.8171026458018,330.0,240.0,330.0
25.0,flow_west.1,relay,BS_1,vehicle_2,560.9769198924376,330.0,240.0,330.0
25.0,flow_west.1,relay,BS_1,flow_east.1,243.36909210886293,148.0,38.0,148.0
25.0,flow_west.1,relay,BS_1,flow_west.0,230.7762062766997,148.0,38.0,148.0
25.0,flow_west.0,direct,BS_1,-1,353.1248525477858,240.0,88.0,240.0
25.0,flow_west.0,relay,BS_1,flow_east.1,357.379162667208,240.0,88.0,240.0
25.0,flow_west.0,relay,BS_1,vehicle_0,236.370202064211,148.0,38.0,148.0
25.0,flow_west.0,relay,BS_1,flow_west.1,232.10323716252793,148.0,38.0,148.0
25.0,flow_west.0,relay,BS_1,vehicle_1,211.25245996366425,148.0,38.0,148.0
25.0,flow_west.0,relay,BS_1,vehicle_2,182.5869406016952,88.0,38.0,88.0
25.0,flow_east.1,direct,BS_1,-1,357.379162667208,240.0,88.0,240.0
25.0,flow_east.1,relay,BS_1,flow_west.0,353.1248525477858,240.0,88.0,240.0
25.0,flow_east.1,relay,BS_1,vehicle_1,314.8191920503417,148.0,88.0,148.0
25.0,flow_east.1,relay,BS_1,flow_west.1,243.36909210886293,148.0,38.0,148.0
25.0,flow_east.1,relay,BS_1,vehicle_2,236.10261153904315,148.0,38.0,148.0
25.0,flow_east.1,relay,BS_1,vehicle_0,206.17236165630615,148.0,38.0,148.0
26.0,vehicle_2,direct,BS_1,-1,619.7656876449897,330.0,240.0,330.0
26.0,vehicle_2,relay,BS_1,vehicle_0,621.7318730140526,330.0,240.0,330.0
26.0,vehicle_2,relay,BS_1,flow_west.1,543.1046376785041,330.0,148.0,330.0
26.0,vehicle_2,relay,BS_1,vehicle_1,541.1579930401035,330.0,148.0,330.0
26.0,vehicle_2,relay,BS_1,flow_east.1,235.30056008829123,148.0,38.0,148.0
26.0,vehicle_2,relay,BS_1,flow_west.0,146.51136806671062,88.0,38.0,88.0
26.0,vehicle_1,direct,BS_1,-1,608.9584187755594,330.0,240.0,330.0
26.0,vehicle_1,relay,BS_1,flow_west.1,592.9337778041358,330.0,240.0,330.0
26.0,vehicle_1,relay,BS_1,vehicle_0,621.7318730140526,330.0,240.0,330.0
26.0,vehicle_1,relay,BS_1,vehicle_2,541.1579930401035,330.0,148.0,330.0
26.0,vehicle_1,relay,BS_1,flow_east.1,311.8758195892976,148.0,88.0,148.0
26.0,vehicle_1,relay,BS_1,flow_west.0,235.03345020851685,148.0,38.0,148.0
26.0,vehicle_0,direct,BS_1,-1,621.7318730140526,330.0,240.0,330.0
26.0,vehicle_0,relay,BS_1,vehicle_1,608.9584187755594,330.0,240.0,330.0
26.0,vehicle_0,relay,BS_1,flow_west.1,592.9337778041358,330.0,240.0,330.0
26.0,vehicle_0,relay,BS_1,vehicle_2,619.7656876449897,330.0,240.0,330.0
26.0,vehicle_0,relay,BS_1,flow_west.0,218.9741667565216,148.0,38.0,148.0
26.0,vehicle_0,relay,BS_1,flow_east.1,205.41512108881653,88.0,38.0,88.0
26.0,flow_west.1,direct,BS_1,-1,592.9337778041358,330.0,240.0,330.0
26.0,flow_west.1,relay,BS_1,vehicle_1,608.9584187755594,330.0,240.0,330.0
26.0,flow_west.1,relay,BS_1,vehicle_0,621.7318730140526,330.0,240.0,330.0
26.0,flow_west.1,relay,BS_1,vehicle_2,542.7801533863584,330.0,148.0,330.0
26.0,flow_west.1,relay,BS_1,flow_east.1,320.1364614448397,148.0,88.0,148.0
26.0,flow_west.1,relay,BS_1,flow_west.0,232.9009263433893,148.0,38.0,148.0
26.0,flow_west.0,direct,BS_1,-1,359.51066214326494,240.0,88.0,240.0
26.0,flow_west.0,relay,BS_1,flow_east.1,373.8939802173695,240.0,88.0,240.0
26.0,flow_west.0,relay,BS_1,vehicle_1,235.03345020851685,148.0,38.0,148.0
26.0,flow_west.0,relay,BS_1,flow_west.1,232.9009263433893,148.0,38.0,148.0
26.0,flow_west.0,relay,BS_1,vehicle_0,218.9741667565216,148.0,38.0,148.0
26.0,flow_west.0,relay,BS_1,vehicle_2,145.2433312291607,88.0,38.0,88.0
26.0,flow_east.1,direct,BS_1,-1,373.8939802173695,240.0,88.0,240.0
26.0,flow_east.1,relay,BS_1,flow_west.0,359.51066214326494,240.0,88.0,240.0
26.0,flow_east.1,relay,BS_1,flow_west.1,319.54445354404555,148.0,88.0,148.0
26.0,flow_east.1,relay,BS_1,vehicle_1,311.8758195892976,148.0,88.0,148.0
26.0,flow_east.1,relay,BS_1,vehicle_2,235.30056008829123,148.0,38.0,148.0
26.0,flow_east.1,relay,BS_1,vehicle_0,205.41512108881653,88.0,38.0,88.0
27.0,vehicle_2,direct,BS_1,-1,611.9046971938343,330.0,240.0,330.0
27.0,vehicle_2,relay,BS_1,vehicle_0,175.9704814761637,88.0,38.0,88.0
27.0,vehicle_2,relay,BS_1,vehicle_1,552.197092268848,330.0,240.0,330.0
27.0,vehicle_2,relay,BS_1,flow_west.1,403.9374318362137,240.0,148.0,240.0
27.0,vehicle_2,relay,BS_1,flow_east.1,234.7664609118501,148.0,38.0,148.0
27.0,vehicle_2,relay,BS_1,flow_west.0,119.74693786485228,88.0,15.0,88.0
27.0,vehicle_1,direct,BS_1,-1,614.8518542192005,330.0,240.0,330.0
27.0,vehicle_1,relay,BS_1,flow_west.1,594.8944494793539,330.0,240.0,330.0
27.0,vehicle_1,relay,BS_1,vehicle_0,175.9704814761637,88.0,38.0,88.0
27.0,vehicle_1,relay,BS_1,vehicle_2,552.197092268848,330.0,240.0,330.0
27.0,vehicle_1,relay,BS_1,flow_east.1,307.47541450664505,148.0,88.0,148.0
27.0,vehicle_1,relay,BS_1,flow_west.0,231.57205630028776,148.0,38.0,148.0
27.0,vehicle_0,direct,BS_1,-1,175.9704814761637,88.0,38.0,88.0
27.0,vehicle_0,relay,BS_1,vehicle_1,614.8518542192005,330.0,240.0,330.0
27.0,vehicle_0,relay,BS_1,flow_west.1,594.8944494793539,330.0,240.0,330.0
27.0,vehicle_0,relay,BS_1,vehicle_2,611.9046971938343,330.0,240.0,330.0
27.0,vehicle_0,relay,BS_1,flow_east.1,205.6673950019468,88.0,38.0,88.0
27.0,vehicle_0,relay,BS_1,flow_west.0,187.14604681000856,88.0,38.0,88.0
27.0,flow_west.1,direct,BS_1,-1,594.8944494793539,330.0,240.0,330.0
27.0,flow_west.1,relay,BS_1,vehicle_1,614.8518542192005,330.0,240.0,330.0
27.0,flow_west.1,relay,BS_1,vehicle_0,175.9704814761637,88.0,38.0,88.0
27.0,flow_west.1,relay,BS_1,vehicle_2,403.9374318362137,240.0,148.0,240.0
27.0,flow_west.1,relay,BS_1,flow_east.1,315.4087894884844,148.0,88.0,148.0
27.0,flow_west.1,relay,BS_1,flow_west.0,233.4333290833948,148.0,38.0,148.0
27.0,flow_west.0,direct,BS_1,-1,354.339174713274,240.0,88.0,240.0
27.0,flow_west.0,relay,BS_1,flow_east.1,415.19669707167,240.0,148.0,240.0
27.0,flow_west.0,relay,BS_1,flow_west.1,233.4333290833948,148.0,38.0,148.0
27.0,flow_west.0,relay,BS_1,vehicle_1,231.57205630028776,148.0,38.0,148.0
27.0,flow_west.0,relay,BS_1,vehicle_0,175.9704814761637,88.0,38.0,88.0
27.0,flow_west.0,relay,BS_1,vehicle_2,119.74693786485228,88.0,15.0,88.0
27.0,flow_east.1,direct,BS_1,-1,415.19669707167,240.0,148.0,240.0
27.0,flow_east.1,relay,BS_1,flow_west.0,354.339174713274,240.0,88.0,240.0
27.0,flow_east.1,relay,BS_1,flow_west.1,315.4087894884844,148.0,88.0,148.0
27.0,flow_east.1,relay,BS_1,vehicle_1,307.47541450664505,148.0,88.0,148.0
27.0,flow_east.1,relay,BS_1,vehicle_2,234.7664609118501,148.0,38.0,148.0
27.0,flow_east.1,relay,BS_1,vehicle_0,175.9704814761637,88.0,38.0,88.0
28.0,vehicle_2,direct,BS_1,-1,602.0872869068644,330.0,240.0,330.0
28.0,vehicle_2,relay,BS_1,vehicle_0,177.1429351712039,88.0,38.0,88.0
28.0,vehicle_2,relay,BS_1,vehicle_1,498.50743650642033,240.0,148.0,240.0
28.0,vehicle_2,relay,BS_1,flow_west.1,352.21474511489504,240.0,88.0,240.0
28.0,vehicle_2,relay,BS_1,flow_east.1,233.6997129322458,148.0,38.0,148.0
28.0,vehicle_1,direct,BS_1,-1,627.3046982380895,330.0,240.0,330.0
28.0,vehicle_1,relay,BS_1,vehicle_0,177.1429351712039,88.0,38.0,88.0
28.0,vehicle_1,relay,BS_1,flow_west.1,565.5338696369089,330.0,240.0,330.0
28.0,vehicle_1,relay,BS_1,vehicle_2,498.50743650642033,240.0,148.0,240.0
28.0,vehicle_1,relay,BS_1,flow_east.1,303.38460277915647,148.0,88.0,148.0
28.0,vehicle_0,direct,BS_1,-1,177.1429351712039,88.0,38.0,88.0
28.0,vehicle_0,relay,BS_1,vehicle_1,627.3046982380895,330.0,240.0,330.0
28.0,vehicle_0,relay,BS_1,vehicle_2,602.0872869068644,330.0,240.0,330.0
28.0,vehicle_0,relay,BS_1,flow_west.1,542.4556864508997,330.0,148.0,330.0
28.0,vehicle_0,relay,BS_1,flow_east.1,206.17236165630615,148.0,38.0,148.0
28.0,flow_west.1,direct,BS_1,-1,565.5338696369089,330.0,240.0,330.0
28.0,flow_west.1,relay,BS_1,vehicle_1,627.3046982380895,330.0,240.0,330.0
28.0,flow_west.1,relay,BS_1,vehicle_0,177.1429351712039,88.0,38.0,88.0
28.0,flow_west.1,relay,BS_1,vehicle_2,352.21474511489504,240.0,88.0,240.0
28.0,flow_west.1,relay,BS_1,flow_east.1,327.2633773361634,148.0,88.0,148.0
28.0,flow_east.1,direct,BS_1,-1,395.84072765875015,240.0,148.0,240.0
28.0,flow_east.1,relay,BS_1,flow_west.1,327.2633773361634,148.0,88.0,148.0
28.0,flow_east.1,relay,BS_1,vehicle_1,303.38460277915647,148.0,88.0,148.0
28.0,flow_east.1,relay,BS_1,vehicle_2,233.4333290833948,148.0,38.0,148.0
28.0,flow_east.1,relay,BS_1,vehicle_0,177.1429351712039,88.0,38.0,88.0
29.0,vehicle_2,direct,BS_1,-1,590.3202412975794,330.0,240.0,330.0
29.0,vehicle_2,relay,BS_1,vehicle_0,176.2046544619587,88.0,38.0,88.0
29.0,vehicle_2,relay,BS_1,vehicle_1,466.4628448681492,240.0,148.0,240.0
29.0,vehicle_2,relay,BS_1,flow_west.1,377.8934822310478,240.0,88.0,240.0
29.0,vehicle_2,relay,BS_1,flow_east.1,232.6349077901941,148.0,38.0,148.0
29.0,vehicle_1,direct,BS_1,-1,621.4041499641611,330.0,240.0,330.0
29.0,vehicle_1,relay,BS_1,vehicle_0,176.2046544619587,88.0,38.0,88.0
29.0,vehicle_1,relay,BS_1,flow_west.1,561.6277307488749,330.0,240.0,330.0
29.0,vehicle_1,relay,BS_1,vehicle_2,466.4628448681492,240.0,148.0,240.0
29.0,vehicle_1,relay,BS_1,flow_east.1,301.6362945583815,148.0,88.0,148.0
29.0,vehicle_0,direct,BS_1,-1,176.2046544619587,88.0,38.0,88.0
29.0,vehicle_0,relay,BS_1,vehicle_1,621.4041499641611,330.0,240.0,330.0
29.0,vehicle_0,relay,BS_1,vehicle_2,590.3202412975794,330.0,240.0,330.0
29.0,vehicle_0,relay,BS_1,flow_west.1,420.53210770653345,240.0,148.0,240.0
29.0,vehicle_0,relay,BS_1,flow_east.1,205.6673950019468,88.0,38.0,88.0
29.0,flow_west.1,direct,BS_1,-1,574.6564277327512,330.0,240.0,330.0
29.0,flow_west.1,relay,BS_1,vehicle_1,561.6277307488749,330.0,240.0,330.0
29.0,flow_west.1,relay,BS_1,vehicle_0,176.2046544619587,88.0,38.0,88.0
29.0,flow_west.1,relay,BS_1,flow_east.1,385.6091823186896,240.0,88.0,240.0
29.0,flow_west.1,relay,BS_1,vehicle_2,377.8934822310478,240.0,88.0,240.0
29.0,flow_east.1,direct,BS_1,-1,418.9616749211352,240.0,148.0,240.0
29.0,flow_east.1,relay,BS_1,flow_west.1,384.9907749136074,240.0,88.0,240.0
29.0,flow_east.1,relay,BS_1,vehicle_1,301.6362945583815,148.0,88.0,148.0
29.0,flow_east.1,relay,BS_1,vehicle_2,232.6349077901941,148.0,38.0,148.0
29.0,flow_east.1,relay,BS_1,vehicle_0,176.2046544619587,88.0,38.0,88.0
30.0,vehicle_2,direct,BS_1,-1,576.9388069963878,330.0,240.0,330.0
30.0,vehicle_2,relay,BS_1,flow_east.2,585.4220396360311,330.0,240.0,330.0
30.0,vehicle_2,relay,BS_1,vehicle_0,621.0764370791719,330.0,240.0,330.0
30.0,vehicle_2,relay,BS_1,vehicle_1,462.3170798439674,240.0,148.0,240.0
30.0,vehicle_2,relay,BS_1,flow_west.1,296.40939047523096,148.0,88.0,148.0
30.0,vehicle_2,relay,BS_1,flow_east.1,231.0413665563845,148.0,38.0,148.0
30.0,flow_west.2,direct,BS_1,-1,314.5245080836519,148.0,88.0,148.0
30.0,flow_west.2,relay,BS_1,vehicle_2,194.70182302160697,88.0,38.0,88.0
30.0,flow_west.2,relay,BS_1,flow_east.2,188.59720936267092,88.0,38.0,88.0
30.0,flow_west.2,relay,BS_1,vehicle_0,158.87141078548595,88.0,38.0,88.0
30.0,flow_west.2,relay,BS_1,vehicle_1,136.34396640760497,88.0,38.0,88.0
30.0,flow_west.2,relay,BS_1,flow_west.1,98.63175640005056,38.0,15.0,38.0
30.0,vehicle_1,direct,BS_1,-1,624.026217075783,330.0,240.0,330.0
30.0,vehicle_1,relay,BS_1,vehicle_0,621.0764370791719,330.0,240.0,330.0
30.0,vehicle_1,relay,BS_1,flow_east.2,486.62083871071206,240.0,148.0,240.0
30.0,vehicle_1,relay,BS_1,vehicle_2,462.3170798439674,240.0,148.0,240.0
30.0,vehicle_1,relay,BS_1,flow_west.1,461.3610745154105,240.0,148.0,240.0
30.0,vehicle_1,relay,BS_1,flow_east.1,298.1486571873432,148.0,88.0,148.0
30.0,vehicle_0,direct,BS_1,-1,621.0764370791719,330.0,240.0,330.0
30.0,vehicle_0,relay,BS_1,vehicle_1,624.026217075783,330.0,240.0,330.0
30.0,vehicle_0,relay,BS_1,flow_east.2,585.4220396360311,330.0,240.0,330.0
30.0,vehicle_0,relay,BS_1,vehicle_2,576.9388069963878,330.0,240.0,330.0
30.0,vehicle_0,relay,BS_1,flow_west.1,365.616206835258,240.0,88.0,240.0
30.0,vehicle_0,relay,BS_1,flow_east.1,207.690600209752,148.0,38.0,148.0
30.0,flow_west.1,direct,BS_1,-1,538.563451012997,330.0,148.0,330.0
30.0,flow_west.1,relay,BS_1,vehicle_1,461.3610745154105,240.0,148.0,240.0
30.0,flow_west.1,relay,BS_1,flow_east.1,406.74709823584806,240.0,148.0,240.0
30.0,flow_west.1,relay,BS_1,vehicle_0,365.00463249268927,240.0,88.0,240.0
30.0,flow_west.1,relay,BS_1,vehicle_2,296.40939047523096,148.0,88.0,148.0
30.0,flow_west.1,relay,BS_1,flow_east.2,285.75311094852805,148.0,88.0,148.0
30.0,flow_east.1,direct,BS_1,-1,406.74709823584806,240.0,148.0,240.0
30.0,flow_east.1,relay,BS_1,flow_west.1,460.086820594162,240.0,148.0,240.0
30.0,flow_east.1,relay,BS_1,vehicle_1,298.1486571873432,148.0,88.0,148.0
30.0,flow_east.1,relay,BS_1,flow_east.2,235.5677903824343,148.0,38.0,148.0
30.0,flow_east.1,relay,BS_1,vehicle_2,231.0413665563845,148.0,38.0,148.0
30.0,flow_east.1,relay,BS_1,vehicle_0,208.7055280151968,148.0,38.0,148.0
30.0,flow_east.2,direct,BS_1,-1,585.4220396360311,330.0,240.0,330.0
30.0,flow_east.2,relay,BS_1,vehicle_2,576.9388069963878,330.0,240.0,330.0
30.0,flow_east.2,relay,BS_1,vehicle_0,621.0764370791719,330.0,240.0,330.0
30.0,flow_east.2,relay,BS_1,vehicle_1,486.62083871071206,240.0,148.0,240.0
30.0,flow_east.2,relay,BS_1,flow_west.1,285.75311094852805,148.0,88.0,148.0
30.0,flow_east.2,relay,BS_1,flow_east.1,235.30056008829123,148.0,38.0,148.0
31.0,vehicle_2,direct,BS_1,-1,563.5805288524397,330.0,240.0,330.0
31.0,vehicle_2,relay,BS_1,flow_east.2,575.3084666495879,330.0,240.0,330.0
31.0,vehicle_2,relay,BS_1,vehicle_0,613.8693720090947,330.0,240.0,330.0
31.0,vehicle_2,relay,BS_1,vehicle_1,176.90812698011686,88.0,38.0,88.0
31.0,vehicle_2,relay,BS_1,flow_west.1,325.4777460451084,148.0,88.0,148.0
31.0,vehicle_2,relay,BS_1,flow_east.1,229.7167997212197,148.0,38.0,148.0
31.0,flow_west.2,direct,BS_1,-1,322.2108167747308,148.0,88.0,148.0
31.0,flow_west.2,relay,BS_1,vehicle_2,214.0697838057939,148.0,38.0,148.0
31.0,flow_west.2,relay,BS_1,flow_east.2,205.1629870076807,88.0,38.0,88.0
31.0,flow_west.2,relay,BS_1,vehicle_0,173.8701055273237,88.0,38.0,88.0
31.0,flow_west.2,relay,BS_1,vehicle_1,147.78576615238774,88.0,38.0,88.0
31.0,flow_west.2,relay,BS_1,flow_west.1,98.30311148523268,38.0,15.0,38.0
31.0,vehicle_1,direct,BS_1,-1,176.90812698011686,88.0,38.0,88.0
31.0,vehicle_1,relay,BS_1,vehicle_0,613.8693720090947,330.0,240.0,330.0
31.0,vehicle_1,relay,BS_1,flow_east.2,492.72060613455454,240.0,148.0,240.0
31.0,vehicle_1,relay,BS_1,vehicle_2,460.7238873646651,240.0,148.0,240.0
31.0,vehicle_1,relay,BS_1,flow_west.1,428.0836571106642,240.0,148.0,240.0
31.0,vehicle_1,relay,BS_1,flow_east.1,295.8303170319566,148.0,88.0,148.0
31.0,vehicle_0,direct,BS_1,-1,613.8693720090947,330.0,240.0,330.0
31.0,vehicle_0,relay,BS_1,flow_east.2,575.3084666495879,330.0,240.0,330.0
31.0,vehicle_0,relay,BS_1,vehicle_1,176.90812698011686,88.0,38.0,88.0
31.0,vehicle_0,relay,BS_1,vehicle_2,563.5805288524397,330.0,240.0,330.0
31.0,vehicle_0,relay,BS_1,flow_west.1,390.5634573866199,240.0,88.0,240.0
31.0,vehicle_0,relay,BS_1,flow_east.1,210.74198038462131,148.0,38.0,148.0
31.0,flow_west.1,direct,BS_1,-1,520.1116439898908,330.0,148.0,330.0
31.0,flow_west.1,relay,BS_1,flow_east.1,447.6888230000076,240.0,148.0,240.0
31.0,flow_west.1,relay,BS_1,vehicle_1,176.90812698011686,88.0,38.0,88.0
31.0,flow_west.1,relay,BS_1,vehicle_0,390.5634573866199,240.0,88.0,240.0
31.0,flow_west.1,relay,BS_1,flow_east.2,329.94660531236724,148.0,88.0,148.0
31.0,flow_west.1,relay,BS_1,vehicle_2,325.4777460451084,148.0,88.0,148.0
31.0,flow_east.1,direct,BS_1,-1,447.6888230000076,240.0,148.0,240.0
31.0,flow_east.1,relay,BS_1,flow_west.1,510.7486162257304,330.0,148.0,330.0
31.0,flow_east.1,relay,BS_1,vehicle_1,176.90812698011686,88.0,38.0,88.0
31.0,flow_east.1,relay,BS_1,flow_east.2,235.8351409222408,148.0,38.0,148.0
31.0,flow_east.1,relay,BS_1,vehicle_2,229.7167997212197,148.0,38.0,148.0
31.0,flow_east.1,relay,BS_1,vehicle_0,210.74198038462131,148.0,38.0,148.0
31.0,flow_east.2,direct,BS_1,-1,575.3084666495879,330.0,240.0,330.0
31.0,flow_east.2,relay,BS_1,vehicle_2,563.5805288524397,330.0,240.0,330.0
31.0,flow_east.2,relay,BS_1,vehicle_0,613.8693720090947,330.0,240.0,330.0
31.0,flow_east.2,relay,BS_1,vehicle_1,176.90812698011686,88.0,38.0,88.0
31.0,flow_east.2,relay,BS_1,flow_west.1,329.94660531236724,148.0,88.0,148.0
31.0,flow_east.2,relay,BS_1,flow_east.1,235.8351409222408,148.0,38.0,148.0
32.0,vehicle_2,direct,BS_1,-1,549.9227504865856,330.0,148.0,330.0
32.0,vehicle_2,relay,BS_1,flow_east.2,564.8826961874538,330.0,240.0,330.0
32.0,vehicle_2,relay,BS_1,vehicle_0,604.7042706790123,330.0,240.0,330.0
32.0,vehicle_2,relay,BS_1,vehicle_1,176.90812698011686,88.0,38.0,88.0
32.0,vehicle_2,relay,BS_1,flow_west.1,245.2668568142152,148.0,88.0,148.0
32.0,vehicle_2,relay,BS_1,flow_west.2,236.10261153904315,148.0,38.0,148.0
32.0,flow_west.2,direct,BS_1,-1,329.94660531236724,148.0,88.0,148.0
32.0,flow_west.2,relay,BS_1,vehicle_2,236.10261153904315,148.0,38.0,148.0
32.0,flow_west.2,relay,BS_1,flow_east.2,223.6640359445716,148.0,38.0,148.0
32.0,flow_west.2,relay,BS_1,vehicle_0,190.29709855557,88.0,38.0,88.0
32.0,flow_west.2,relay,BS_1,vehicle_1,160.87401495786773,88.0,38.0,88.0
32.0,flow_west.2,relay,BS_1,flow_west.1,97.81157808865277,38.0,15.0,38.0
32.0,vehicle_1,direct,BS_1,-1,176.90812698011686,88.0,38.0,88.0
32.0,vehicle_1,relay,BS_1,vehicle_0,604.7042706790123,330.0,240.0,330.0
32.0,vehicle_1,relay,BS_1,flow_east.2,499.7944383953201,240.0,148.0,240.0
32.0,vehicle_1,relay,BS_1,vehicle_2,460.086820594162,240.0,148.0,240.0
32.0,vehicle_1,relay,BS_1,flow_west.1,352.51805362976535,240.0,88.0,240.0
32.0,vehicle_1,relay,BS_1,flow_east.1,289.1959234644955,148.0,88.0,148.0
32.0,vehicle_0,direct,BS_1,-1,604.7042706790123,330.0,240.0,330.0
32.0,vehicle_0,relay,BS_1,flow_east.2,564.8826961874538,330.0,240.0,330.0
32.0,vehicle_0,relay,BS_1,vehicle_1,176.90812698011686,88.0,38.0,88.0
32.0,vehicle_0,relay,BS_1,vehicle_2,549.9227504865856,330.0,148.0,330.0
32.0,vehicle_0,relay,BS_1,flow_west.1,289.4834076669304,148.0,88.0,148.0
32.0,vehicle_0,relay,BS_1,flow_east.1,210.74198038462131,148.0,38.0,148.0
32.0,flow_west.1,direct,BS_1,-1,508.8136630946356,330.0,148.0,330.0
32.0,flow_west.1,relay,BS_1,flow_east.1,432.81436243466874,240.0,148.0,240.0
32.0,flow_west.1,relay,BS_1,vehicle_1,176.90812698011686,88.0,38.0,88.0
32.0,flow_west.1,relay,BS_1,flow_east.2,292.94011856268446,148.0,88.0,148.0
32.0,flow_west.1,relay,BS_1,vehicle_0,289.4834076669304,148.0,88.0,148.0
32.0,flow_west.1,relay,BS_1,vehicle_2,245.2668568142152,148.0,88.0,148.0
32.0,flow_east.1,direct,BS_1,-1,432.81436243466874,240.0,148.0,240.0
32.0,flow_east.1,relay,BS_1,flow_west.1,508.8136630946356,330.0,148.0,330.0
32.0,flow_east.1,relay,BS_1,vehicle_1,176.90812698011686,88.0,38.0,88.0
32.0,flow_east.1,relay,BS_1,flow_east.2,236.10261153904315,148.0,38.0,148.0
32.0,flow_east.1,relay,BS_1,vehicle_2,228.39533198918497,148.0,38.0,148.0
32.0,flow_east.1,relay,BS_1,vehicle_0,212.01919873135185,148.0,38.0,148.0
32.0,flow_east.2,direct,BS_1,-1,564.8826961874538,330.0,240.0,330.0
32.0,flow_east.2,relay,BS_1,vehicle_2,549.9227504865856,330.0,148.0,330.0
32.0,flow_east.2,relay,BS_1,vehicle_0,604.7042706790123,330.0,240.0,330.0
32.0,flow_east.2,relay,BS_1,vehicle_1,176.90812698011686,88.0,38.0,88.0
32.0,flow_east.2,relay,BS_1,flow_west.1,292.94011856268446,148.0,88.0,148.0
32.0,flow_east.2,relay,BS_1,flow_east.1,235.5677903824343,148.0,38.0,148.0
33.0,vehicle_2,direct,BS_1,-1,534.9978261372823,330.0,148.0,330.0
33.0,vehicle_2,relay,BS_1,flow_east.2,553.1720551619138,330.0,240.0,330.0
33.0,vehicle_2,relay,BS_1,vehicle_0,593.2605257125546,330.0,240.0,330.0
33.0,vehicle_2,relay,BS_1,vehicle_1,457.539767541101,240.0,148.0,240.0
33.0,vehicle_2,relay,BS_1,flow_west.2,262.3134083143704,148.0,88.0,148.0
33.0,vehicle_2,relay,BS_1,flow_east.1,226.02456737821373,148.0,38.0,148.0
33.0,flow_west.2,direct,BS_1,-1,338.02984219621237,148.0,88.0,148.0
33.0,flow_west.2,relay,BS_1,vehicle_2,262.3134083143704,148.0,88.0,148.0
33.0,flow_west.2,relay,BS_1,flow_east.2,244.995403627406,148.0,38.0,148.0
33.0,flow_west.2,relay,BS_1,vehicle_0,209.72265832149705,148.0,38.0,148.0
33.0,flow_west.2,relay,BS_1,vehicle_1,175.2689181816603,88.0,38.0,88.0
33.0,flow_west.2,relay,BS_1,flow_west.1,97.48484507172998,38.0,15.0,38.0
33.0,vehicle_1,direct,BS_1,-1,624.3540206300363,330.0,240.0,330.0
33.0,vehicle_1,relay,BS_1,vehicle_0,593.2605257125546,330.0,240.0,330.0
33.0,vehicle_1,relay,BS_1,flow_east.2,504.9461243030301,330.0,148.0,330.0
33.0,vehicle_1,relay,BS_1,vehicle_2,457.539767541101,240.0,148.0,240.0
33.0,vehicle_1,relay,BS_1,flow_west.1,364.08769182573,240.0,88.0,240.0
33.0,vehicle_1,relay,BS_1,flow_east.1,283.1795845254822,148.0,88.0,148.0
33.0,vehicle_0,direct,BS_1,-1,593.2605257125546,330.0,240.0,330.0
33.0,vehicle_0,relay,BS_1,flow_east.2,553.1720551619138,330.0,240.0,330.0
33.0,vehicle_0,relay,BS_1,vehicle_1,624.3540206300363,330.0,240.0,330.0
33.0,vehicle_0,relay,BS_1,vehicle_2,534.9978261372823,330.0,148.0,330.0
33.0,vehicle_0,relay,BS_1,flow_west.1,328.7533559818472,148.0,88.0,148.0
33.0,vehicle_0,relay,BS_1,flow_east.1,215.61336045783145,148.0,38.0,148.0
33.0,flow_west.1,direct,BS_1,-1,522.6975882735633,330.0,148.0,330.0
33.0,flow_west.1,relay,BS_1,flow_east.1,423.0468352859786,240.0,148.0,240.0
33.0,flow_west.1,relay,BS_1,vehicle_1,363.17125878724937,240.0,88.0,240.0
33.0,flow_west.1,relay,BS_1,vehicle_0,328.7533559818472,148.0,88.0,148.0
33.0,flow_west.1,relay,BS_1,flow_east.2,216.9033363755457,148.0,38.0,148.0
33.0,flow_west.1,relay,BS_1,vehicle_2,207.18396559831285,148.0,38.0,148.0
33.0,flow_east.1,direct,BS_1,-1,423.0468352859786,240.0,148.0,240.0
33.0,flow_east.1,relay,BS_1,flow_west.1,522.6975882735633,330.0,148.0,330.0
33.0,flow_east.1,relay,BS_1,vehicle_1,283.1795845254822,148.0,88.0,148.0
33.0,flow_east.1,relay,BS_1,flow_east.2,235.8351409222408,148.0,38.0,148.0
33.0,flow_east.1,relay,BS_1,vehicle_2,226.02456737821373,148.0,38.0,148.0
33.0,flow_east.1,relay,BS_1,vehicle_0,216.9033363755457,148.0,38.0,148.0
33.0,flow_east.2,direct,BS_1,-1,553.1720551619138,330.0,240.0,330.0
33.0,flow_east.2,relay,BS_1,vehicle_2,534.9978261372823,330.0,148.0,330.0
33.0,flow_east.2,relay,BS_1,vehicle_0,593.2605257125546,330.0,240.0,330.0
33.0,flow_east.2,relay,BS_1,vehicle_1,504.9461243030301,330.0,148.0,330.0
33.0,flow_east.2,relay,BS_1,flow_west.2,244.995403627406,148.0,38.0,148.0
33.0,flow_east.2,relay,BS_1,flow_east.1,235.8351409222408,148.0,38.0,148.0
34.0,vehicle_2,direct,BS_1,-1,520.7580095722025,330.0,148.0,330.0
34.0,vehicle_2,relay,BS_1,flow_east.2,539.8605804025367,330.0,148.0,330.0
34.0,vehicle_2,relay,BS_1,vehicle_0,580.8530207641363,330.0,240.0,330.0
34.0,vehicle_2,relay,BS_1,vehicle_1,456.90331035887937,240.0,148.0,240.0
34.0,vehicle_2,relay,BS_1,flow_west.2,292.65157602933976,148.0,88.0,148.0
34.0,vehicle_2,relay,BS_1,flow_west.1,230.51116928411304,148.0,38.0,148.0
34.0,flow_west.2,direct,BS_1,-1,346.4635648662227,240.0,88.0,240.0
34.0,flow_west.2,relay,BS_1,vehicle_2,292.65157602933976,148.0,88.0,148.0
34.0,flow_west.2,relay,BS_1,flow_east.2,271.2705156605497,148.0,88.0,148.0
34.0,flow_west.2,relay,BS_1,vehicle_0,231.57205630028776,148.0,38.0,148.0
34.0,flow_west.2,relay,BS_1,vehicle_1,192.0043298530818,88.0,38.0,88.0
34.0,flow_west.2,relay,BS_1,flow_west.1,97.32176531656306,38.0,15.0,38.0
34.0,vehicle_1,direct,BS_1,-1,619.1103745124757,330.0,240.0,330.0
34.0,vehicle_1,relay,BS_1,vehicle_0,580.8530207641363,330.0,240.0,330.0
34.0,vehicle_1,relay,BS_1,flow_east.2,507.8464805384609,330.0,148.0,330.0
34.0,vehicle_1,relay,BS_1,vehicle_2,456.90331035887937,240.0,148.0,240.0
34.0,vehicle_1,relay,BS_1,flow_west.1,299.30986198166704,148.0,88.0,148.0
34.0,vehicle_1,relay,BS_1,flow_east.1,275.2213982168627,148.0,88.0,148.0
34.0,vehicle_0,direct,BS_1,-1,580.8530207641363,330.0,240.0,330.0
34.0,vehicle_0,relay,BS_1,flow_east.2,539.8605804025367,330.0,148.0,330.0
34.0,vehicle_0,relay,BS_1,vehicle_1,619.1103745124757,330.0,240.0,330.0
34.0,vehicle_0,relay,BS_1,vehicle_2,520.7580095722025,330.0,148.0,330.0
34.0,vehicle_0,relay,BS_1,flow_west.1,259.2587331962592,148.0,88.0,148.0
34.0,vehicle_0,relay,BS_1,flow_west.2,231.57205630028776,148.0,38.0,148.0
34.0,flow_west.1,direct,BS_1,-1,506.5572115709057,330.0,148.0,330.0
34.0,flow_west.1,relay,BS_1,flow_east.1,434.07726941071337,240.0,148.0,240.0
34.0,flow_west.1,relay,BS_1,vehicle_1,299.30986198166704,148.0,88.0,148.0
34.0,flow_west.1,relay,BS_1,vehicle_0,257.5979281454729,148.0,88.0,148.0
34.0,flow_west.1,relay,BS_1,vehicle_2,229.1878395509715,148.0,38.0,148.0
34.0,flow_west.1,relay,BS_1,flow_east.2,211.50790380132855,148.0,38.0,148.0
34.0,flow_east.1,direct,BS_1,-1,434.07726941071337,240.0,148.0,240.0
34.0,flow_east.1,relay,BS_1,flow_west.1,506.5572115709057,330.0,148.0,330.0
34.0,flow_east.1,relay,BS_1,vehicle_1,275.5043343054122,148.0,88.0,148.0
34.0,flow_east.1,relay,BS_1,flow_east.2,235.5677903824343,148.0,38.0,148.0
34.0,flow_east.1,relay,BS_1,vehicle_2,223.92580803175304,148.0,38.0,148.0
34.0,flow_east.1,relay,BS_1,vehicle_0,216.645075988331,148.0,38.0,148.0
34.0,flow_east.2,direct,BS_1,-1,539.8605804025367,330.0,148.0,330.0
34.0,flow_east.2,relay,BS_1,vehicle_2,520.7580095722025,330.0,148.0,330.0
34.0,flow_east.2,relay,BS_1,vehicle_0,580.8530207641363,330.0,240.0,330.0
34.0,flow_east.2,relay,BS_1,vehicle_1,507.8464805384609,330.0,148.0,330.0
34.0,flow_east.2,relay,BS_1,flow_west.2,271.2705156605497,148.0,88.0,148.0
34.0,flow_east.2,relay,BS_1,flow_east.1,235.5677903824343,148.0,38.0,148.0
35.0,vehicle_2,direct,BS_1,-1,505.91270984992025,330.0,148.0,330.0
35.0,vehicle_2,relay,BS_1,flow_east.2,527.5496455609891,330.0,148.0,330.0
35.0,vehicle_2,relay,BS_1,vehicle_0,567.1620630105467,330.0,240.0,330.0
35.0,vehicle_2,relay,BS_1,vehicle_1,453.7228869438658,240.0,148.0,240.0
35.0,vehicle_2,relay,BS_1,flow_west.2,329.94660531236724,148.0,88.0,148.0
35.0,vehicle_2,relay,BS_1,flow_west.1,234.23284474296992,148.0,38.0,148.0
35.0,flow_west.2,direct,BS_1,-1,355.55445653576396,240.0,88.0,240.0
35.0,flow_west.2,relay,BS_1,vehicle_2,329.94660531236724,148.0,88.0,148.0
35.0,flow_west.2,relay,BS_1,flow_east.2,301.34519899680197,148.0,88.0,148.0
35.0,flow_west.2,relay,BS_1,vehicle_0,257.5979281454729,148.0,88.0,148.0
35.0,flow_west.2,relay,BS_1,vehicle_1,211.25245996366425,148.0,38.0,148.0
35.0,flow_west.2,relay,BS_1,flow_west.1,97.15887671976836,38.0,15.0,38.0
35.0,vehicle_1,direct,BS_1,-1,611.9046971938343,330.0,240.0,330.0
35.0,vehicle_1,relay,BS_1,vehicle_0,567.1620630105467,330.0,240.0,330.0
35.0,vehicle_1,relay,BS_1,flow_east.2,511.3937734507688,330.0,148.0,330.0
35.0,vehicle_1,relay,BS_1,vehicle_2,453.7228869438658,240.0,148.0,240.0
35.0,vehicle_1,relay,BS_1,flow_west.1,323.99169161671387,148.0,88.0,148.0
35.0,vehicle_1,relay,BS_1,flow_east.1,274.3731706501042,148.0,88.0,148.0
35.0,vehicle_0,direct,BS_1,-1,567.1620630105467,330.0,240.0,330.0
35.0,vehicle_0,relay,BS_1,flow_east.2,527.5496455609891,330.0,148.0,330.0
35.0,vehicle_0,relay,BS_1,vehicle_1,611.9046971938343,330.0,240.0,330.0
35.0,vehicle_0,relay,BS_1,vehicle_2,505.91270984992025,330.0,148.0,330.0
35.0,vehicle_0,relay,BS_1,flow_west.2,257.5979281454729,148.0,88.0,148.0
35.0,vehicle_0,relay,BS_1,flow_east.1,218.1966188840575,148.0,38.0,148.0
35.0,flow_west.1,direct,BS_1,-1,477.0083931204234,240.0,148.0,240.0
35.0,flow_west.1,relay,BS_1,flow_east.1,449.59305951603903,240.0,148.0,240.0
35.0,flow_west.1,relay,BS_1,vehicle_1,323.99169161671387,148.0,88.0,148.0
35.0,flow_west.1,relay,BS_1,flow_east.2,234.7664609118501,148.0,38.0,148.0
35.0,flow_west.1,relay,BS_1,vehicle_2,234.23284474296992,148.0,38.0,148.0
35.0,flow_west.1,relay,BS_1,vehicle_0,205.91980858011797,148.0,38.0,148.0
35.0,flow_east.1,direct,BS_1,-1,449.59305951603903,240.0,148.0,240.0
35.0,flow_east.1,relay,BS_1,flow_west.1,477.0083931204234,240.0,148.0,240.0
35.0,flow_east.1,relay,BS_1,vehicle_1,274.3731706501042,148.0,88.0,148.0
35.0,flow_east.1,relay,BS_1,flow_east.2,234.7664609118501,148.0,38.0,148.0
35.0,flow_east.1,relay,BS_1,vehicle_2,222.3570968089231,148.0,38.0,148.0
35.0,flow_east.1,relay,BS_1,vehicle_0,218.1966188840575,148.0,38.0,148.0
35.0,flow_east.2,direct,BS_1,-1,527.5496455609891,330.0,148.0,330.0
35.0,flow_east.2,relay,BS_1,vehicle_2,505.91270984992025,330.0,148.0,330.0
35.0,flow_east.2,relay,BS_1,vehicle_0,567.1620630105467,330.0,240.0,330.0
35.0,flow_east.2,relay,BS_1,vehicle_1,511.3937734507688,330.0,148.0,330.0
35.0,flow_east.2,relay,BS_1,flow_west.2,301.34519899680197,148.0,88.0,148.0
35.0,flow_east.2,relay,BS_1,flow_east.1,234.7664609118501,148.0,38.0,148.0
36.0,vehicle_2,direct,BS_1,-1,491.7568921327168,240.0,148.0,240.0
36.0,vehicle_2,relay,BS_1,flow_east.2,514.9436619537512,330.0,148.0,330.0
36.0,vehicle_2,relay,BS_1,vehicle_0,553.4970751947817,330.0,240.0,330.0
36.0,vehicle_2,relay,BS_1,vehicle_1,450.2280649274024,240.0,148.0,240.0
36.0,vehicle_2,relay,BS_1,flow_west.2,364.3932824568967,240.0,88.0,240.0
36.0,vehicle_2,relay,BS_1,flow_east.1,220.01272920351923,148.0,38.0,148.0
36.0,flow_west.2,direct,BS_1,-1,364.3932824568967,240.0,88.0,240.0
36.0,flow_west.2,relay,BS_1,vehicle_2,372.97228192114295,240.0,88.0,240.0
36.0,flow_west.2,relay,BS_1,flow_east.2,335.62965182504246,148.0,88.0,148.0
36.0,flow_west.2,relay,BS_1,vehicle_0,286.3260103393144,148.0,88.0,148.0
36.0,flow_west.2,relay,BS_1,vehicle_1,232.10323716252793,148.0,38.0,148.0
36.0,flow_west.2,relay,BS_1,flow_east.1,98.63175640005056,38.0,15.0,38.0
36.0,vehicle_1,direct,BS_1,-1,602.7414637741863,330.0,240.0,330.0
36.0,vehicle_1,relay,BS_1,vehicle_0,553.4970751947817,330.0,240.0,330.0
36.0,vehicle_1,relay,BS_1,flow_east.2,513.329758446952,330.0,148.0,330.0
36.0,vehicle_1,relay,BS_1,vehicle_2,450.2280649274024,240.0,148.0,240.0
36.0,vehicle_1,relay,BS_1,flow_east.1,270.70767588119463,148.0,88.0,148.0
36.0,vehicle_1,relay,BS_1,flow_west.1,246.0819009216821,148.0,88.0,148.0
36.0,vehicle_0,direct,BS_1,-1,553.4970751947817,330.0,240.0,330.0
36.0,vehicle_0,relay,BS_1,flow_east.2,514.9436619537512,330.0,148.0,330.0
36.0,vehicle_0,relay,BS_1,vehicle_1,602.7414637741863,330.0,240.0,330.0
36.0,vehicle_0,relay,BS_1,vehicle_2,491.7568921327168,240.0,148.0,240.0
36.0,vehicle_0,relay,BS_1,flow_west.2,286.3260103393144,148.0,88.0,148.0
36.0,vehicle_0,relay,BS_1,flow_west.1,228.65937659152485,148.0,38.0,148.0
36.0,flow_west.1,direct,BS_1,-1,486.3000483589656,240.0,148.0,240.0
36.0,flow_west.1,relay,BS_1,flow_east.1,490.1511922608827,240.0,148.0,240.0
36.0,flow_west.1,relay,BS_1,vehicle_1,246.0819009216821,148.0,88.0,148.0
36.0,flow_west.1,relay,BS_1,flow_east.2,232.3690113402238,148.0,38.0,148.0
36.0,flow_west.1,relay,BS_1,vehicle_0,228.65937659152485,148.0,38.0,148.0
36.0,flow_west.1,relay,BS_1,vehicle_2,212.5310355449741,148.0,38.0,148.0
36.0,flow_east.1,direct,BS_1,-1,490.1511922608827,240.0,148.0,240.0
36.0,flow_east.1,relay,BS_1,flow_west.1,486.3000483589656,240.0,148.0,240.0
36.0,flow_east.1,relay,BS_1,vehicle_1,272.115516550139,148.0,88.0,148.0
36.0,flow_east.1,relay,BS_1,flow_east.2,235.30056008829123,148.0,38.0,148.0
36.0,flow_east.1,relay,BS_1,vehicle_0,220.27269582049507,148.0,38.0,148.0
36.0,flow_east.1,relay,BS_1,vehicle_2,220.01272920351923,148.0,38.0,148.0
36.0,flow_east.2,direct,BS_1,-1,514.9436619537512,330.0,148.0,330.0
36.0,flow_east.2,relay,BS_1,vehicle_2,491.7568921327168,240.0,148.0,240.0
36.0,flow_east.2,relay,BS_1,vehicle_0,553.4970751947817,330.0,240.0,330.0
36.0,flow_east.2,relay,BS_1,vehicle_1,513.329758446952,330.0,148.0,330.0
36.0,flow_east.2,relay,BS_1,flow_west.2,335.62965182504246,148.0,88.0,148.0
36.0,flow_east.2,relay,BS_1,flow_east.1,235.30056008829123,148.0,38.0,148.0
37.0,vehicle_2,direct,BS_1,-1,478.2886817049466,240.0,148.0,240.0
37.0,vehicle_2,relay,BS_1,flow_east.2,502.04758253040495,240.0,148.0,240.0
37.0,vehicle_2,relay,BS_1,vehicle_0,539.2119801462821,330.0,148.0,330.0
37.0,vehicle_2,relay,BS_1,vehicle_1,449.59305951603903,240.0,148.0,240.0
37.0,vehicle_2,relay,BS_1,flow_west.2,373.2794615149688,240.0,88.0,240.0
37.0,vehicle_2,relay,BS_1,flow_east.1,251.8156110887872,148.0,88.0,148.0
37.0,flow_west.2,direct,BS_1,-1,373.2794615149688,240.0,88.0,240.0
37.0,flow_west.2,relay,BS_1,vehicle_2,424.6197963873016,240.0,148.0,240.0
37.0,flow_west.2,relay,BS_1,flow_east.2,377.27760031178457,240.0,88.0,240.0
37.0,flow_west.2,relay,BS_1,vehicle_0,320.43257663692134,148.0,88.0,148.0
37.0,flow_west.2,relay,BS_1,vehicle_1,256.4928579330168,148.0,88.0,148.0
37.0,flow_west.2,relay,BS_1,flow_east.1,105.36526014709428,88.0,15.0,88.0
37.0,vehicle_1,direct,BS_1,-1,591.9536082625906,330.0,240.0,330.0
37.0,vehicle_1,relay,BS_1,vehicle_0,539.2119801462821,330.0,148.0,330.0
37.0,vehicle_1,relay,BS_1,flow_east.2,502.04758253040495,240.0,148.0,240.0
37.0,vehicle_1,relay,BS_1,vehicle_2,449.59305951603903,240.0,148.0,240.0
37.0,vehicle_1,relay,BS_1,flow_east.1,262.87016214475256,148.0,88.0,148.0
37.0,vehicle_1,relay,BS_1,flow_west.2,256.4928579330168,148.0,88.0,148.0
37.0,vehicle_0,direct,BS_1,-1,539.2119801462821,330.0,148.0,330.0
37.0,vehicle_0,relay,BS_1,flow_east.2,502.04758253040495,240.0,148.0,240.0
37.0,vehicle_0,relay,BS_1,vehicle_1,591.9536082625906,330.0,240.0,330.0
37.0,vehicle_0,relay,BS_1,vehicle_2,478.2886817049466,240.0,148.0,240.0
37.0,vehicle_0,relay,BS_1,flow_west.2,320.43257663692134,148.0,88.0,148.0
37.0,vehicle_0,relay,BS_1,flow_west.1,236.370202064211,148.0,38.0,148.0
37.0,flow_west.1,direct,BS_1,-1,448.3234380064039,240.0,148.0,240.0
37.0,flow_west.1,relay,BS_1,flow_east.1,482.13210340809536,240.0,148.0,240.0
37.0,flow_west.1,relay,BS_1,vehicle_0,236.370202064211,148.0,38.0,148.0
37.0,flow_west.1,relay,BS_1,flow_east.2,209.72265832149705,148.0,38.0,148.0
37.0,flow_west.1,relay,BS_1,vehicle_1,205.91980858011797,148.0,38.0,148.0
37.0,flow_west.1,relay,BS_1,vehicle_2,178.79101991141508,88.0,38.0,88.0
37.0,flow_east.1,direct,BS_1,-1,482.13210340809536,240.0,148.0,240.0
37.0,flow_east.1,relay,BS_1,flow_west.1,448.3234380064039,240.0,148.0,240.0
37.0,flow_east.1,relay,BS_1,vehicle_1,264.54290677992645,148.0,88.0,148.0
37.0,flow_east.1,relay,BS_1,vehicle_2,251.26742521458547,148.0,88.0,148.0
37.0,flow_east.1,relay,BS_1,flow_east.2,235.03345020851685,148.0,38.0,148.0
37.0,flow_east.1,relay,BS_1,vehicle_0,223.1408755218506,148.0,38.0,148.0
37.0,flow_east.2,direct,BS_1,-1,502.04758253040495,240.0,148.0,240.0
37.0,flow_east.2,relay,BS_1,vehicle_2,478.2886817049466,240.0,148.0,240.0
37.0,flow_east.2,relay,BS_1,vehicle_0,539.2119801462821,330.0,148.0,330.0
37.0,flow_east.2,relay,BS_1,vehicle_1,515.2665056695485,330.0,148.0,330.0
37.0,flow_east.2,relay,BS_1,flow_west.2,373.2794615149688,240.0,88.0,240.0
37.0,flow_east.2,relay,BS_1,flow_east.1,235.03345020851685,148.0,38.0,148.0
38.0,vehicle_2,direct,BS_1,-1,464.229892826553,240.0,148.0,240.0
38.0,vehicle_2,relay,BS_1,flow_east.2,489.5090850913649,240.0,148.0,240.0
38.0,vehicle_2,relay,BS_1,vehicle_0,524.6378825976252,330.0,148.0,330.0
38.0,vehicle_2,relay,BS_1,flow_west.2,382.8279092726472,240.0,88.0,240.0
38.0,vehicle_2,relay,BS_1,vehicle_1,446.4199872291918,240.0,148.0,240.0
38.0,vehicle_2,relay,BS_1,flow_east.1,152.07938473439157,88.0,38.0,88.0
38.0,flow_west.2,direct,BS_1,-1,382.8279092726472,240.0,88.0,240.0
38.0,flow_west.2,relay,BS_1,vehicle_2,464.229892826553,240.0,148.0,240.0
38.0,flow_west.2,relay,BS_1,flow_east.2,428.39877904433274,240.0,148.0,240.0
38.0,flow_west.2,relay,BS_1,vehicle_0,361.6450064745535,240.0,88.0,240.0
38.0,flow_west.2,relay,BS_1,vehicle_1,284.6084050860509,148.0,88.0,148.0
38.0,flow_west.2,relay,BS_1,flow_east.1,112.94440574124827,88.0,15.0,88.0
38.0,vehicle_1,direct,BS_1,-1,580.2005163614133,330.0,240.0,330.0
38.0,vehicle_1,relay,BS_1,vehicle_0,524.6378825976252,330.0,148.0,330.0
38.0,vehicle_1,relay,BS_1,flow_east.2,489.5090850913649,240.0,148.0,240.0
38.0,vehicle_1,relay,BS_1,vehicle_2,446.4199872291918,240.0,148.0,240.0
38.0,vehicle_1,relay,BS_1,flow_west.2,284.6084050860509,148.0,88.0,148.0
38.0,vehicle_1,relay,BS_1,flow_east.1,259.8131829210259,148.0,88.0,148.0
38.0,vehicle_0,direct,BS_1,-1,524.6378825976252,330.0,148.0,330.0
38.0,vehicle_0,relay,BS_1,flow_east.2,489.5090850913649,240.0,148.0,240.0
38.0,vehicle_0,relay,BS_1,vehicle_1,580.2005163614133,330.0,240.0,330.0
38.0,vehicle_0,relay,BS_1,vehicle_2,464.229892826553,240.0,148.0,240.0
38.0,vehicle_0,relay,BS_1,flow_west.2,361.6450064745535,240.0,88.0,240.0
38.0,vehicle_0,relay,BS_1,flow_east.1,225.761778506332,148.0,38.0,148.0
38.0,flow_west.1,direct,BS_1,-1,465.5056903704867,240.0,148.0,240.0
38.0,flow_west.1,relay,BS_1,flow_east.1,494.9701206968013,240.0,148.0,240.0
38.0,flow_west.1,relay,BS_1,vehicle_1,226.813691328948,148.0,38.0,148.0
38.0,flow_west.1,relay,BS_1,vehicle_0,217.67891044278068,148.0,38.0,148.0
38.0,flow_west.1,relay,BS_1,flow_east.2,176.2046544619587,88.0,38.0,88.0
38.0,flow_west.1,relay,BS_1,vehicle_2,144.40151922733813,88.0,38.0,88.0
38.0,flow_east.1,direct,BS_1,-1,494.9701206968013,240.0,148.0,240.0
38.0,flow_east.1,relay,BS_1,flow_west.1,465.5056903704867,240.0,148.0,240.0
38.0,flow_east.1,relay,BS_1,flow_east.2,267.6191838653231,148.0,88.0,148.0
38.0,flow_east.1,relay,BS_1,vehicle_1,259.8131829210259,148.0,88.0,148.0
38.0,flow_east.1,relay,BS_1,vehicle_0,225.761778506332,148.0,38.0,148.0
38.0,flow_east.1,relay,BS_1,vehicle_2,152.07938473439157,88.0,38.0,88.0
38.0,flow_east.2,direct,BS_1,-1,489.5090850913649,240.0,148.0,240.0
38.0,flow_east.2,relay,BS_1,vehicle_2,464.229892826553,240.0,148.0,240.0
38.0,flow_east.2,relay,BS_1,vehicle_0,524.6378825976252,330.0,148.0,330.0
38.0,flow_east.2,relay,BS_1,vehicle_1,516.8810368203327,330.0,148.0,330.0
38.0,flow_east.2,relay,BS_1,flow_west.2,382.8279092726472,240.0,88.0,240.0
38.0,flow_east.2,relay,BS_1,flow_east.1,267.6191838653231,148.0,88.0,148.0
39.0,vehicle_2,direct,BS_1,-1,450.8631993853019,240.0,148.0,240.0
39.0,vehicle_2,relay,BS_1,flow_east.2,477.6484836316672,240.0,148.0,240.0
39.0,vehicle_2,relay,BS_1,vehicle_0,510.4260699050956,330.0,148.0,330.0
39.0,vehicle_2,relay,BS_1,flow_west.2,393.0451922055537,240.0,148.0,240.0
39.0,vehicle_2,relay,BS_1,vehicle_1,442.2999498356923,240.0,148.0,240.0
39.0,vehicle_2,relay,BS_1,flow_east.1,149.92383244713048,88.0,38.0,88.0
39.0,flow_west.2,direct,BS_1,-1,393.0451922055537,240.0,148.0,240.0
39.0,flow_west.2,relay,BS_1,vehicle_2,450.8631993853019,240.0,148.0,240.0
39.0,flow_west.2,relay,BS_1,flow_east.2,477.6484836316672,240.0,148.0,240.0
39.0,flow_west.2,relay,BS_1,vehicle_0,412.0636763275831,240.0,148.0,240.0
39.0,flow_west.2,relay,BS_1,vehicle_1,317.4747760328183,148.0,88.0,148.0
39.0,flow_west.2,relay,BS_1,flow_east.1,121.25170121677829,88.0,15.0,88.0
39.0,vehicle_1,direct,BS_1,-1,567.8134435728895,330.0,240.0,330.0
39.0,vehicle_1,relay,BS_1,vehicle_0,510.4260699050956,330.0,148.0,330.0
39.0,vehicle_1,relay,BS_1,flow_east.2,477.6484836316672,240.0,148.0,240.0
39.0,vehicle_1,relay,BS_1,vehicle_2,442.2999498356923,240.0,148.0,240.0
39.0,vehicle_1,relay,BS_1,flow_west.2,317.4747760328183,148.0,88.0,148.0
39.0,vehicle_1,relay,BS_1,flow_east.1,252.0898694337034,148.0,88.0,148.0
39.0,vehicle_0,direct,BS_1,-1,510.4260699050956,330.0,148.0,330.0
39.0,vehicle_0,relay,BS_1,flow_east.2,477.6484836316672,240.0,148.0,240.0
39.0,vehicle_0,relay,BS_1,vehicle_1,567.8134435728895,330.0,240.0,330.0
39.0,vehicle_0,relay,BS_1,vehicle_2,450.8631993853019,240.0,148.0,240.0
39.0,vehicle_0,relay,BS_1,flow_west.2,393.0451922055537,240.0,148.0,240.0
39.0,vehicle_0,relay,BS_1,flow_east.1,228.1314121975733,148.0,38.0,148.0
39.0,flow_west.1,direct,BS_1,-1,418.0198900578282,240.0,148.0,240.0
39.0,flow_west.1,relay,BS_1,flow_east.1,499.4726530154481,240.0,148.0,240.0
39.0,flow_west.1,relay,BS_1,vehicle_1,235.5677903824343,148.0,38.0,148.0
39.0,flow_west.1,relay,BS_1,vehicle_0,184.2601625051901,88.0,38.0,88.0
39.0,flow_west.1,relay,BS_1,flow_east.2,142.9351978651775,88.0,38.0,88.0
39.0,flow_west.1,relay,BS_1,vehicle_2,118.06846965873532,88.0,15.0,88.0
39.0,flow_east.1,direct,BS_1,-1,499.4726530154481,240.0,148.0,240.0
39.0,flow_east.1,relay,BS_1,flow_west.1,418.0198900578282,240.0,148.0,240.0
39.0,flow_east.1,relay,BS_1,vehicle_1,252.0898694337034,148.0,88.0,148.0
39.0,flow_east.1,relay,BS_1,vehicle_0,228.1314121975733,148.0,38.0,148.0
39.0,flow_east.1,relay,BS_1,flow_east.2,210.4869449797328,148.0,38.0,148.0
39.0,flow_east.1,relay,BS_1,vehicle_2,149.92383244713048,88.0,38.0,88.0
39.0,flow_east.2,direct,BS_1,-1,477.6484836316672,240.0,148.0,240.0
39.0,flow_east.2,relay,BS_1,vehicle_2,450.8631993853019,240.0,148.0,240.0
39.0,flow_east.2,relay,BS_1,vehicle_0,510.4260699050956,330.0,148.0,330.0
39.0,flow_east.2,relay,BS_1,vehicle_1,519.4653593181657,330.0,148.0,330.0
39.0,flow_east.2,relay,BS_1,flow_west.2,393.0451922055537,240.0,148.0,240.0
39.0,flow_east.2,relay,BS_1,flow_east.1,210.4869449797328,148.0,38.0,148.0
40.0,vehicle_2,direct,BS_1,-1,438.18565794811985,240.0,148.0,240.0
40.0,vehicle_2,relay,BS_1,flow_west.3,445.46870753784,240.0,148.0,240.0
40.0,vehicle_2,relay,BS_1,flow_east.2,465.186697097964,240.0,148.0,240.0
40.0,vehicle_2,relay,BS_1,flow_west.2,403.001659624967,240.0,148.0,240.0
40.0,vehicle_2,relay,BS_1,vehicle_0,496.5776363646706,240.0,148.0,240.0
40.0,vehicle_2,relay,BS_1,vehicle_1,439.4509725574016,240.0,148.0,240.0
40.0,flow_west.2,direct,BS_1,-1,403.001659624967,240.0,148.0,240.0
40.0,flow_west.2,relay,BS_1,vehicle_2,438.18565794811985,240.0,148.0,240.0
40.0,flow_west.2,relay,BS_1,flow_west.3,445.46870753784,240.0,148.0,240.0
40.0,flow_west.2,relay,BS_1,flow_east.2,465.186697097964,240.0,148.0,240.0
40.0,flow_west.2,relay,BS_1,vehicle_0,474.1293292787434,240.0,148.0,240.0
40.0,flow_west.2,relay,BS_1,vehicle_1,355.8584260812596,240.0,88.0,240.0
40.0,vehicle_1,direct,BS_1,-1,554.7973163866061,330.0,240.0,330.0
40.0,vehicle_1,relay,BS_1,vehicle_0,496.5776363646706,240.0,148.0,240.0
40.0,vehicle_1,relay,BS_1,flow_east.2,465.186697097964,240.0,148.0,240.0
40.0,vehicle_1,relay,BS_1,flow_west.3,445.46870753784,240.0,148.0,240.0
40.0,vehicle_1,relay,BS_1,vehicle_2,438.18565794811985,240.0,148.0,240.0
40.0,vehicle_1,relay,BS_1,flow_west.2,355.8584260812596,240.0,88.0,240.0
40.0,vehicle_0,direct,BS_1,-1,496.5776363646706,240.0,148.0,240.0
40.0,vehicle_0,relay,BS_1,flow_east.2,465.186697097964,240.0,148.0,240.0
40.0,vehicle_0,relay,BS_1,flow_west.3,445.46870753784,240.0,148.0,240.0
40.0,vehicle_0,relay,BS_1,vehicle_1,554.7973163866061,330.0,240.0,330.0
40.0,vehicle_0,relay,BS_1,vehicle_2,438.18565794811985,240.0,148.0,240.0
40.0,vehicle_0,relay,BS_1,flow_west.2,403.001659624967,240.0,148.0,240.0
40.0,flow_west.1,direct,BS_1,-1,401.1313044189525,240.0,148.0,240.0
40.0,flow_west.1,relay,BS_1,flow_east.1,515.2665056695485,330.0,148.0,330.0
40.0,flow_west.1,relay,BS_1,vehicle_1,218.7148529966203,148.0,38.0,148.0
40.0,flow_west.1,relay,BS_1,vehicle_0,149.92383244713048,88.0,38.0,88.0
40.0,flow_west.1,relay,BS_1,flow_east.2,120.12200125252492,88.0,15.0,88.0
40.0,flow_west.1,relay,BS_1,flow_west.2,113.12485083339482,88.0,15.0,88.0
40.0,flow_east.1,direct,BS_1,-1,526.9024513740998,330.0,148.0,330.0
40.0,flow_east.1,relay,BS_1,flow_west.1,401.1313044189525,240.0,148.0,240.0
40.0,flow_east.1,relay,BS_1,vehicle_1,251.26742521458547,148.0,88.0,148.0
40.0,flow_east.1,relay,BS_1,vehicle_0,183.542141443624,88.0,38.0,88.0
40.0,flow_east.1,relay,BS_1,flow_east.2,163.56537602112758,88.0,38.0,88.0
40.0,flow_east.1,relay,BS_1,flow_west.3,151.86304601452122,88.0,38.0,88.0
40.0,flow_west.3,direct,BS_1,-1,445.46870753784,240.0,148.0,240.0
40.0,flow_west.3,relay,BS_1,vehicle_2,438.18565794811985,240.0,148.0,240.0
40.0,flow_west.3,relay,BS_1,flow_east.2,465.186697097964,240.0,148.0,240.0
40.0,flow_west.3,relay,BS_1,flow_west.2,403.001659624967,240.0,148.0,240.0
40.0,flow_west.3,relay,BS_1,vehicle_0,496.5776363646706,240.0,148.0,240.0
40.0,flow_west.3,relay,BS_1,vehicle_1,455.3127087212257,240.0,148.0,240.0
40.0,flow_east.2,direct,BS_1,-1,465.186697097964,240.0,148.0,240.0
40.0,flow_east.2,relay,BS_1,flow_west.3,445.46870753784,240.0,148.0,240.0
40.0,flow_east.2,relay,BS_1,vehicle_2,438.18565794811985,240.0,148.0,240.0
40.0,flow_east.2,relay,BS_1,vehicle_0,496.5776363646706,240.0,148.0,240.0
40.0,flow_east.2,relay,BS_1,flow_west.2,403.001659624967,240.0,148.0,240.0
40.0,flow_east.2,relay,BS_1,vehicle_1,518.8191559100986,330.0,148.0,330.0
41.0,vehicle_2,direct,BS_1,-1,426.1937120553512,240.0,148.0,240.0
41.0,vehicle_2,relay,BS_1,flow_west.2,413.9429968260788,240.0,148.0,240.0
41.0,vehicle_2,relay,BS_1,flow_east.2,453.08717843976865,240.0,148.0,240.0
41.0,vehicle_2,relay,BS_1,flow_west.3,458.81305023527017,240.0,148.0,240.0
41.0,vehicle_2,relay,BS_1,vehicle_0,482.4525595247408,240.0,148.0,240.0
41.0,vehicle_2,relay,BS_1,vehicle_1,437.5532099284727,240.0,148.0,240.0
41.0,flow_west.2,direct,BS_1,-1,413.9429968260788,240.0,148.0,240.0
41.0,flow_west.2,relay,BS_1,vehicle_2,426.1937120553512,240.0,148.0,240.0
41.0,flow_west.2,relay,BS_1,flow_east.2,453.08717843976865,240.0,148.0,240.0
41.0,flow_west.2,relay,BS_1,flow_west.3,458.81305023527017,240.0,148.0,240.0
41.0,flow_west.2,relay,BS_1,vehicle_0,482.4525595247408,240.0,148.0,240.0
41.0,flow_west.2,relay,BS_1,vehicle_1,403.001659624967,240.0,148.0,240.0
41.0,vehicle_1,direct,BS_1,-1,541.8068048027193,330.0,148.0,330.0
41.0,vehicle_1,relay,BS_1,vehicle_0,482.4525595247408,240.0,148.0,240.0
41.0,vehicle_1,relay,BS_1,flow_east.3,536.2941636645899,330.0,148.0,330.0
41.0,vehicle_1,relay,BS_1,flow_west.3,458.81305023527017,240.0,148.0,240.0
41.0,vehicle_1,relay,BS_1,flow_east.2,453.08717843976865,240.0,148.0,240.0
41.0,vehicle_1,relay,BS_1,vehicle_2,426.1937120553512,240.0,148.0,240.0
41.0,vehicle_0,direct,BS_1,-1,482.4525595247408,240.0,148.0,240.0
41.0,vehicle_0,relay,BS_1,flow_west.3,458.81305023527017,240.0,148.0,240.0
41.0,vehicle_0,relay,BS_1,flow_east.2,453.08717843976865,240.0,148.0,240.0
41.0,vehicle_0,relay,BS_1,vehicle_1,541.8068048027193,330.0,148.0,330.0
41.0,vehicle_0,relay,BS_1,vehicle_2,426.1937120553512,240.0,148.0,240.0
41.0,vehicle_0,relay,BS_1,flow_west.2,413.9429968260788,240.0,148.0,240.0
41.0,flow_east.3,direct,BS_1,-1,615.5068955513373,330.0,240.0,330.0
41.0,flow_east.3,relay,BS_1,vehicle_1,536.2941636645899,330.0,148.0,330.0
41.0,flow_east.3,relay,BS_1,vehicle_0,390.25345388552125,240.0,88.0,240.0
41.0,flow_east.3,relay,BS_1,flow_east.1,372.6651556377322,240.0,88.0,240.0
41.0,flow_east.3,relay,BS_1,flow_west.3,344.6520901297803,148.0,88.0,148.0
41.0,flow_east.3,relay,BS_1,flow_east.2,338.33016610588925,148.0,88.0,148.0
41.0,flow_west.1,direct,BS_1,-1,389.9434981119616,240.0,88.0,240.0
41.0,flow_west.1,relay,BS_1,flow_east.1,403.9374318362137,240.0,148.0,240.0
41.0,flow_west.1,relay,BS_1,flow_east.3,226.813691328948,148.0,38.0,148.0
41.0,flow_west.1,relay,BS_1,vehicle_1,186.42251422485575,88.0,38.0,88.0
41.0,flow_west.1,relay,BS_1,vehicle_0,121.81908509685344,88.0,15.0,88.0
41.0,flow_west.1,relay,BS_1,flow_west.2,110.43812154230284,88.0,15.0,88.0
41.0,flow_east.1,direct,BS_1,-1,537.5907913527722,330.0,148.0,330.0
41.0,flow_east.1,relay,BS_1,flow_west.1,389.9434981119616,240.0,88.0,240.0
41.0,flow_east.1,relay,BS_1,flow_east.3,372.0510634196294,240.0,88.0,240.0
41.0,flow_east.1,relay,BS_1,vehicle_1,247.17021744958575,148.0,88.0,148.0
41.0,flow_east.1,relay,BS_1,vehicle_0,180.44681534635475,88.0,38.0,88.0
41.0,flow_east.1,relay,BS_1,flow_west.3,165.1464533388395,88.0,38.0,88.0
41.0,flow_west.3,direct,BS_1,-1,458.81305023527017,240.0,148.0,240.0
41.0,flow_west.3,relay,BS_1,flow_east.2,453.08717843976865,240.0,148.0,240.0
41.0,flow_west.3,relay,BS_1,vehicle_0,482.4525595247408,240.0,148.0,240.0
41.0,flow_west.3,relay,BS_1,vehicle_2,426.1937120553512,240.0,148.0,240.0
41.0,flow_west.3,relay,BS_1,flow_west.2,413.9429968260788,240.0,148.0,240.0
41.0,flow_west.3,relay,BS_1,vehicle_1,532.4060317992868,330.0,148.0,330.0
41.0,flow_east.2,direct,BS_1,-1,453.08717843976865,240.0,148.0,240.0
41.0,flow_east.2,relay,BS_1,flow_west.3,458.81305023527017,240.0,148.0,240.0
41.0,flow_east.2,relay,BS_1,vehicle_2,426.1937120553512,240.0,148.0,240.0
41.0,flow_east.2,relay,BS_1,vehicle_0,482.4525595247408,240.0,148.0,240.0
41.0,flow_east.2,relay,BS_1,flow_west.2,413.9429968260788,240.0,148.0,240.0
41.0,flow_east.2,relay,BS_1,vehicle_1,518.8191559100986,330.0,148.0,330.0
42.0,vehicle_2,direct,BS_1,-1,414.2563606866034,240.0,148.0,240.0
42.0,vehicle_2,relay,BS_1,flow_west.2,424.934503470043,240.0,148.0,240.0
42.0,vehicle_2,relay,BS_1,flow_east.2,441.3499822191297,240.0,148.0,240.0
42.0,vehicle_2,relay,BS_1,vehicle_0,469.01652704013384,240.0,148.0,240.0
42.0,vehicle_2,relay,BS_1,flow_west.3,472.21118956401847,240.0,148.0,240.0
42.0,vehicle_2,relay,BS_1,vehicle_1,434.07726941071337,240.0,148.0,240.0
42.0,flow_west.2,direct,BS_1,-1,424.934503470043,240.0,148.0,240.0
42.0,flow_west.2,relay,BS_1,vehicle_2,414.2563606866034,240.0,148.0,240.0
42.0,flow_west.2,relay,BS_1,flow_east.2,441.3499822191297,240.0,148.0,240.0
42.0,flow_west.2,relay,BS_1,vehicle_0,469.01652704013384,240.0,148.0,240.0
42.0,flow_west.2,relay,BS_1,flow_west.3,472.21118956401847,240.0,148.0,240.0
42.0,flow_west.2,relay,BS_1,vehicle_1,461.04246592429706,240.0,148.0,240.0
42.0,vehicle_1,direct,BS_1,-1,528.5205810228591,330.0,148.0,330.0
42.0,vehicle_1,relay,BS_1,flow_west.3,472.21118956401847,240.0,148.0,240.0
42.0,vehicle_1,relay,BS_1,vehicle_0,469.01652704013384,240.0,148.0,240.0
42.0,vehicle_1,relay,BS_1,flow_east.3,535.6459584717496,330.0,148.0,330.0
42.0,vehicle_1,relay,BS_1,flow_east.2,441.3499822191297,240.0,148.0,240.0
42.0,vehicle_1,relay,BS_1,flow_west.2,424.934503470043,240.0,148.0,240.0
42.0,vehicle_0,direct,BS_1,-1,469.01652704013384,240.0,148.0,240.0
42.0,vehicle_0,relay,BS_1,flow_west.3,472.21118956401847,240.0,148.0,240.0
42.0,vehicle_0,relay,BS_1,flow_east.2,441.3499822191297,240.0,148.0,240.0
42.0,vehicle_0,relay,BS_1,flow_west.2,424.934503470043,240.0,148.0,240.0
42.0,vehicle_0,relay,BS_1,vehicle_1,528.5205810228591,330.0,148.0,330.0
42.0,vehicle_0,relay,BS_1,vehicle_2,414.2563606866034,240.0,148.0,240.0
42.0,flow_east.3,direct,BS_1,-1,607.3219836357962,330.0,240.0,330.0
42.0,flow_east.3,relay,BS_1,vehicle_1,528.5205810228591,330.0,148.0,330.0
42.0,flow_east.3,relay,BS_1,flow_west.3,390.25345388552125,240.0,88.0,240.0
42.0,flow_east.3,relay,BS_1,vehicle_0,387.46558158163725,240.0,88.0,240.0
42.0,flow_east.3,relay,BS_1,flow_east.1,367.4522670462284,240.0,88.0,240.0
42.0,flow_east.3,relay,BS_1,flow_east.2,337.429393708916,148.0,88.0,148.0
42.0,flow_west.1,direct,BS_1,-1,394.5978030427178,240.0,148.0,240.0
42.0,flow_west.1,relay,BS_1,flow_east.1,365.00463249268927,240.0,88.0,240.0
42.0,flow_west.1,relay,BS_1,flow_east.3,236.370202064211,148.0,38.0,148.0
42.0,flow_west.1,relay,BS_1,vehicle_1,152.29589712219436,88.0,38.0,88.0
42.0,flow_west.1,relay,BS_1,flow_west.3,109.55205435292454,88.0,15.0,88.0
42.0,flow_west.1,relay,BS_1,vehicle_0,109.1989603598184,88.0,15.0,88.0
42.0,flow_east.1,direct,BS_1,-1,537.5907913527722,330.0,148.0,330.0
42.0,flow_east.1,relay,BS_1,flow_east.3,367.4522670462284,240.0,88.0,240.0
42.0,flow_east.1,relay,BS_1,flow_west.1,365.00463249268927,240.0,88.0,240.0
42.0,flow_east.1,relay,BS_1,vehicle_1,267.33901436821867,148.0,88.0,148.0
42.0,flow_east.1,relay,BS_1,flow_west.3,179.97294718516198,88.0,38.0,88.0
42.0,flow_east.1,relay,BS_1,vehicle_0,179.0270912532525,88.0,38.0,88.0
42.0,flow_west.3,direct,BS_1,-1,472.21118956401847,240.0,148.0,240.0
42.0,flow_west.3,relay,BS_1,vehicle_0,469.01652704013384,240.0,148.0,240.0
42.0,flow_west.3,relay,BS_1,flow_east.2,441.3499822191297,240.0,148.0,240.0
42.0,flow_west.3,relay,BS_1,flow_west.2,424.934503470043,240.0,148.0,240.0
42.0,flow_west.3,relay,BS_1,vehicle_1,528.5205810228591,330.0,148.0,330.0
42.0,flow_west.3,relay,BS_1,vehicle_2,414.2563606866034,240.0,148.0,240.0
42.0,flow_east.2,direct,BS_1,-1,441.3499822191297,240.0,148.0,240.0
42.0,flow_east.2,relay,BS_1,flow_west.2,424.934503470043,240.0,148.0,240.0
42.0,flow_east.2,relay,BS_1,vehicle_0,469.01652704013384,240.0,148.0,240.0
42.0,flow_east.2,relay,BS_1,flow_west.3,472.21118956401847,240.0,148.0,240.0
42.0,flow_east.2,relay,BS_1,vehicle_2,414.2563606866034,240.0,148.0,240.0
42.0,flow_east.2,relay,BS_1,vehicle_1,518.1730341202119,330.0,148.0,330.0
43.0,vehicle_2,direct,BS_1,-1,403.001659624967,240.0,148.0,240.0
43.0,vehicle_2,relay,BS_1,flow_east.2,430.2902901830227,240.0,148.0,240.0
43.0,vehicle_2,relay,BS_1,flow_west.2,436.6048011435362,240.0,148.0,240.0
43.0,vehicle_2,relay,BS_1,vehicle_0,455.3127087212257,240.0,148.0,240.0
43.0,vehicle_2,relay,BS_1,flow_west.3,485.9792833883489,240.0,148.0,240.0
43.0,vehicle_2,relay,BS_1,vehicle_1,432.1831257564513,240.0,148.0,240.0
43.0,flow_west.2,direct,BS_1,-1,436.6048011435362,240.0,148.0,240.0
43.0,flow_west.2,relay,BS_1,flow_east.2,430.2902901830227,240.0,148.0,240.0
43.0,flow_west.2,relay,BS_1,vehicle_0,455.3127087212257,240.0,148.0,240.0
43.0,flow_west.2,relay,BS_1,vehicle_2,403.001659624967,240.0,148.0,240.0
43.0,flow_west.2,relay,BS_1,flow_west.3,485.9792833883489,240.0,148.0,240.0
43.0,flow_west.2,relay,BS_1,vehicle_1,515.2665056695485,330.0,148.0,330.0
43.0,vehicle_1,direct,BS_1,-1,515.2665056695485,330.0,148.0,330.0
43.0,vehicle_1,relay,BS_1,flow_west.3,485.9792833883489,240.0,148.0,240.0
43.0,vehicle_1,relay,BS_1,vehicle_0,455.3127087212257,240.0,148.0,240.0
43.0,vehicle_1,relay,BS_1,flow_west.2,436.6048011435362,240.0,148.0,240.0
43.0,vehicle_1,relay,BS_1,flow_east.3,531.758268580473,330.0,148.0,330.0
43.0,vehicle_1,relay,BS_1,flow_east.2,430.2902901830227,240.0,148.0,240.0
43.0,vehicle_0,direct,BS_1,-1,455.3127087212257,240.0,148.0,240.0
43.0,vehicle_0,relay,BS_1,flow_west.2,436.6048011435362,240.0,148.0,240.0
43.0,vehicle_0,relay,BS_1,flow_east.2,430.2902901830227,240.0,148.0,240.0
43.0,vehicle_0,relay,BS_1,flow_west.3,485.9792833883489,240.0,148.0,240.0
43.0,vehicle_0,relay,BS_1,vehicle_2,403.001659624967,240.0,148.0,240.0
43.0,vehicle_0,relay,BS_1,vehicle_1,515.2665056695485,330.0,148.0,330.0
43.0,flow_east.3,direct,BS_1,-1,598.4901490165557,330.0,240.0,330.0
43.0,flow_east.3,relay,BS_1,vehicle_1,515.2665056695485,330.0,148.0,330.0
43.0,flow_east.3,relay,BS_1,flow_west.3,444.5177274754267,240.0,148.0,240.0
43.0,flow_east.3,relay,BS_1,vehicle_0,382.2103967038647,240.0,88.0,240.0
43.0,flow_east.3,relay,BS_1,flow_east.1,367.7584709558008,240.0,88.0,240.0
43.0,flow_east.3,relay,BS_1,flow_west.2,344.6520901297803,148.0,88.0,148.0
43.0,flow_west.1,direct,BS_1,-1,416.4510470245045,240.0,148.0,240.0
43.0,flow_west.1,relay,BS_1,flow_east.1,399.5738977870829,240.0,148.0,240.0
43.0,flow_west.1,relay,BS_1,flow_east.3,222.8794875252549,148.0,38.0,148.0
43.0,flow_west.1,relay,BS_1,vehicle_1,126.61273146121036,88.0,15.0,88.0
43.0,flow_west.1,relay,BS_1,vehicle_2,114.21150539975012,88.0,15.0,88.0
43.0,flow_west.1,relay,BS_1,flow_east.2,110.43812154230284,88.0,15.0,88.0
43.0,flow_east.1,direct,BS_1,-1,535.9700519808092,330.0,148.0,330.0
43.0,flow_east.1,relay,BS_1,flow_west.1,399.5738977870829,240.0,148.0,240.0
43.0,flow_east.1,relay,BS_1,flow_east.3,367.7584709558008,240.0,88.0,240.0
43.0,flow_east.1,relay,BS_1,vehicle_1,220.01272920351923,148.0,38.0,148.0
43.0,flow_east.1,relay,BS_1,flow_west.3,196.6748151283273,88.0,38.0,88.0
43.0,flow_east.1,relay,BS_1,vehicle_0,177.37790178668195,88.0,38.0,88.0
43.0,flow_west.3,direct,BS_1,-1,485.9792833883489,240.0,148.0,240.0
43.0,flow_west.3,relay,BS_1,vehicle_0,455.3127087212257,240.0,148.0,240.0
43.0,flow_west.3,relay,BS_1,vehicle_1,515.2665056695485,330.0,148.0,330.0
43.0,flow_west.3,relay,BS_1,flow_west.2,436.6048011435362,240.0,148.0,240.0
43.0,flow_west.3,relay,BS_1,flow_east.2,430.2902901830227,240.0,148.0,240.0
43.0,flow_west.3,relay,BS_1,vehicle_2,403.001659624967,240.0,148.0,240.0
43.0,flow_east.2,direct,BS_1,-1,430.2902901830227,240.0,148.0,240.0
43.0,flow_east.2,relay,BS_1,flow_west.2,436.6048011435362,240.0,148.0,240.0
43.0,flow_east.2,relay,BS_1,vehicle_0,455.3127087212257,240.0,148.0,240.0
43.0,flow_east.2,relay,BS_1,vehicle_2,403.001659624967,240.0,148.0,240.0
43.0,flow_east.2,relay,BS_1,flow_west.3,485.9792833883489,240.0,148.0,240.0
43.0,flow_east.2,relay,BS_1,vehicle_1,515.2665056695485,330.0,148.0,330.0
44.0,vehicle_2,direct,BS_1,-1,392.42447535585467,240.0,148.0,240.0
44.0,vehicle_2,relay,BS_1,flow_east.2,419.589729738748,240.0,148.0,240.0
44.0,vehicle_2,relay,BS_1,vehicle_0,442.6166737931025,240.0,148.0,240.0
44.0,vehicle_2,relay,BS_1,flow_west.2,448.9581836940701,240.0,148.0,240.0
44.0,vehicle_2,relay,BS_1,flow_west.3,440.08383798794017,240.0,148.0,240.0
44.0,vehicle_2,relay,BS_1,vehicle_1,430.6056712478352,240.0,148.0,240.0
44.0,flow_west.2,direct,BS_1,-1,448.9581836940701,240.0,148.0,240.0
44.0,flow_west.2,relay,BS_1,vehicle_0,442.6166737931025,240.0,148.0,240.0
44.0,flow_west.2,relay,BS_1,flow_east.2,419.589729738748,240.0,148.0,240.0
44.0,flow_west.2,relay,BS_1,flow_west.3,500.11624696337026,240.0,148.0,240.0
44.0,flow_west.2,relay,BS_1,vehicle_1,502.3695520212981,240.0,148.0,240.0
44.0,flow_west.2,relay,BS_1,vehicle_2,392.42447535585467,240.0,148.0,240.0
44.0,vehicle_1,direct,BS_1,-1,502.3695520212981,240.0,148.0,240.0
44.0,vehicle_1,relay,BS_1,flow_west.3,500.11624696337026,240.0,148.0,240.0
44.0,vehicle_1,relay,BS_1,flow_west.2,448.9581836940701,240.0,148.0,240.0
44.0,vehicle_1,relay,BS_1,vehicle_0,442.6166737931025,240.0,148.0,240.0
44.0,vehicle_1,relay,BS_1,flow_east.3,529.1679669631907,330.0,148.0,330.0
44.0,vehicle_1,relay,BS_1,flow_east.2,419.589729738748,240.0,148.0,240.0
44.0,vehicle_0,direct,BS_1,-1,442.6166737931025,240.0,148.0,240.0
44.0,vehicle_0,relay,BS_1,flow_west.2,448.9581836940701,240.0,148.0,240.0
44.0,vehicle_0,relay,BS_1,flow_east.2,419.589729738748,240.0,148.0,240.0
44.0,vehicle_0,relay,BS_1,flow_west.3,500.11624696337026,240.0,148.0,240.0
44.0,vehicle_0,relay,BS_1,vehicle_2,392.42447535585467,240.0,148.0,240.0
44.0,vehicle_0,relay,BS_1,vehicle_1,502.3695520212981,240.0,148.0,240.0
44.0,flow_east.3,direct,BS_1,-1,588.3606159779036,330.0,240.0,330.0
44.0,flow_east.3,relay,BS_1,vehicle_1,502.3695520212981,240.0,148.0,240.0
44.0,flow_east.3,relay,BS_1,flow_west.3,500.11624696337026,240.0,148.0,240.0
44.0,flow_east.3,relay,BS_1,flow_west.2,388.70415420106633,240.0,88.0,240.0
44.0,flow_east.3,relay,BS_1,vehicle_0,379.4340893655378,240.0,88.0,240.0
44.0,flow_east.3,relay,BS_1,flow_east.1,363.17125878724937,240.0,88.0,240.0
44.0,flow_west.1,direct,BS_1,-1,359.81539519362747,240.0,88.0,240.0
44.0,flow_west.1,relay,BS_1,flow_east.1,286.3260103393144,148.0,88.0,148.0
44.0,flow_west.1,relay,BS_1,flow_east.3,193.7188480385982,88.0,38.0,88.0
44.0,flow_west.1,relay,BS_1,vehicle_2,112.94440574124827,88.0,15.0,88.0
44.0,flow_west.1,relay,BS_1,flow_east.2,111.86572263736475,88.0,15.0,88.0
44.0,flow_west.1,relay,BS_1,vehicle_1,110.97204561909804,88.0,15.0,88.0
44.0,flow_east.1,direct,BS_1,-1,567.1620630105467,330.0,240.0,330.0
44.0,flow_east.1,relay,BS_1,flow_east.3,363.17125878724937,240.0,88.0,240.0
44.0,flow_east.1,relay,BS_1,flow_west.1,286.3260103393144,148.0,88.0,148.0
44.0,flow_east.1,relay,BS_1,vehicle_1,218.7148529966203,148.0,38.0,148.0
44.0,flow_east.1,relay,BS_1,flow_west.3,215.3557639249266,148.0,38.0,148.0
44.0,flow_east.1,relay,BS_1,flow_west.2,179.0270912532525,88.0,38.0,88.0
44.0,flow_west.3,direct,BS_1,-1,500.11624696337026,240.0,148.0,240.0
44.0,flow_west.3,relay,BS_1,vehicle_1,502.3695520212981,240.0,148.0,240.0
44.0,flow_west.3,relay,BS_1,flow_west.2,448.9581836940701,240.0,148.0,240.0
44.0,flow_west.3,relay,BS_1,vehicle_0,442.6166737931025,240.0,148.0,240.0
44.0,flow_west.3,relay,BS_1,flow_east.2,419.589729738748,240.0,148.0,240.0
44.0,flow_west.3,relay,BS_1,flow_east.3,515.2665056695485,330.0,148.0,330.0
44.0,flow_east.2,direct,BS_1,-1,419.589729738748,240.0,148.0,240.0
44.0,flow_east.2,relay,BS_1,vehicle_0,442.6166737931025,240.0,148.0,240.0
44.0,flow_east.2,relay,BS_1,flow_west.2,448.9581836940701,240.0,148.0,240.0
44.0,flow_east.2,relay,BS_1,vehicle_2,392.42447535585467,240.0,148.0,240.0
44.0,flow_east.2,relay,BS_1,flow_west.3,500.11624696337026,240.0,148.0,240.0
44.0,flow_east.2,relay,BS_1,vehicle_1,502.3695520212981,240.0,148.0,240.0
45.0,vehicle_2,direct,BS_1,-1,381.5930851616265,240.0,88.0,240.0
45.0,vehicle_2,relay,BS_1,flow_east.2,408.93480007494657,240.0,148.0,240.0
45.0,vehicle_2,relay,BS_1,vehicle_0,430.2902901830227,240.0,148.0,240.0
45.0,vehicle_2,relay,BS_1,flow_west.2,461.67971307457674,240.0,148.0,240.0
45.0,vehicle_2,relay,BS_1,vehicle_1,428.0836571106642,240.0,148.0,240.0
45.0,vehicle_2,relay,BS_1,flow_west.3,381.5930851616265,240.0,88.0,240.0
45.0,flow_west.2,direct,BS_1,-1,461.67971307457674,240.0,148.0,240.0
45.0,flow_west.2,relay,BS_1,vehicle_1,488.86707729088545,240.0,148.0,240.0
45.0,flow_west.2,relay,BS_1,vehicle_0,430.2902901830227,240.0,148.0,240.0
45.0,flow_west.2,relay,BS_1,flow_west.3,514.9436619537512,330.0,148.0,330.0
45.0,flow_west.2,relay,BS_1,flow_east.2,408.93480007494657,240.0,148.0,240.0
45.0,flow_west.2,relay,BS_1,vehicle_2,381.5930851616265,240.0,88.0,240.0
45.0,vehicle_1,direct,BS_1,-1,488.86707729088545,240.0,148.0,240.0
45.0,vehicle_1,relay,BS_1,flow_west.3,514.9436619537512,330.0,148.0,330.0
45.0,vehicle_1,relay,BS_1,flow_west.2,461.67971307457674,240.0,148.0,240.0
45.0,vehicle_1,relay,BS_1,vehicle_0,430.2902901830227,240.0,148.0,240.0
45.0,vehicle_1,relay,BS_1,flow_east.3,525.6082952070537,330.0,148.0,330.0
45.0,vehicle_1,relay,BS_1,flow_east.2,408.93480007494657,240.0,148.0,240.0
45.0,vehicle_0,direct,BS_1,-1,430.2902901830227,240.0,148.0,240.0
45.0,vehicle_0,relay,BS_1,flow_east.2,408.93480007494657,240.0,148.0,240.0
45.0,vehicle_0,relay,BS_1,flow_west.2,461.67971307457674,240.0,148.0,240.0
45.0,vehicle_0,relay,BS_1,vehicle_2,381.5930851616265,240.0,88.0,240.0
45.0,vehicle_0,relay,BS_1,vehicle_1,488.86707729088545,240.0,148.0,240.0
45.0,vehicle_0,relay,BS_1,flow_west.3,514.9436619537512,330.0,148.0,330.0
45.0,flow_east.3,direct,BS_1,-1,576.9388069963878,330.0,240.0,330.0
45.0,flow_east.3,relay,BS_1,flow_west.3,514.9436619537512,330.0,148.0,330.0
45.0,flow_east.3,relay,BS_1,vehicle_1,488.86707729088545,240.0,148.0,240.0
45.0,flow_east.3,relay,BS_1,flow_west.2,442.9334316748264,240.0,148.0,240.0
45.0,flow_east.3,relay,BS_1,vehicle_0,375.7388049752782,240.0,88.0,240.0
45.0,flow_east.3,relay,BS_1,flow_east.1,358.29231163506836,240.0,88.0,240.0
45.0,flow_west.1,direct,BS_1,-1,399.8852895903136,240.0,148.0,240.0
45.0,flow_west.1,relay,BS_1,flow_east.1,330.24509246438555,148.0,88.0,148.0
45.0,flow_west.1,relay,BS_1,flow_east.3,159.98227723847648,88.0,38.0,88.0
45.0,flow_west.1,relay,BS_1,vehicle_2,113.84852861195192,88.0,15.0,88.0
45.0,flow_west.1,relay,BS_1,flow_east.2,112.76415046634403,88.0,15.0,88.0
45.0,flow_west.1,relay,BS_1,vehicle_0,111.32894605570311,88.0,15.0,88.0
45.0,flow_east.1,direct,BS_1,-1,566.8363947811912,330.0,240.0,330.0
45.0,flow_east.1,relay,BS_1,flow_east.3,358.29231163506836,240.0,88.0,240.0
45.0,flow_east.1,relay,BS_1,flow_west.1,330.8422756551894,148.0,88.0,148.0
45.0,flow_east.1,relay,BS_1,flow_west.3,236.63791232915,148.0,38.0,148.0
45.0,flow_east.1,relay,BS_1,vehicle_1,217.16172902644533,148.0,38.0,148.0
45.0,flow_east.1,relay,BS_1,flow_west.2,195.1941927367622,88.0,38.0,88.0
45.0,flow_west.3,direct,BS_1,-1,514.9436619537512,330.0,148.0,330.0
45.0,flow_west.3,relay,BS_1,vehicle_1,488.86707729088545,240.0,148.0,240.0
45.0,flow_west.3,relay,BS_1,flow_west.2,461.67971307457674,240.0,148.0,240.0
45.0,flow_west.3,relay,BS_1,flow_east.3,576.9388069963878,330.0,240.0,330.0
45.0,flow_west.3,relay,BS_1,vehicle_0,430.2902901830227,240.0,148.0,240.0
45.0,flow_west.3,relay,BS_1,flow_east.2,408.93480007494657,240.0,148.0,240.0
45.0,flow_east.2,direct,BS_1,-1,408.93480007494657,240.0,148.0,240.0
45.0,flow_east.2,relay,BS_1,vehicle_0,430.2902901830227,240.0,148.0,240.0
45.0,flow_east.2,relay,BS_1,vehicle_2,381.5930851616265,240.0,88.0,240.0
45.0,flow_east.2,relay,BS_1,flow_west.2,461.67971307457674,240.0,148.0,240.0
45.0,flow_east.2,relay,BS_1,vehicle_1,488.86707729088545,240.0,148.0,240.0
45.0,flow_east.2,relay,BS_1,flow_west.3,456.5851280360261,240.0,148.0,240.0
46.0,vehicle_2,direct,BS_1,-1,371.1303275341448,240.0,88.0,240.0
46.0,vehicle_2,relay,BS_1,flow_east.2,398.9512490978261,240.0,148.0,240.0
46.0,vehicle_2,relay,BS_1,vehicle_0,418.64770690364634,240.0,148.0,240.0
46.0,vehicle_2,relay,BS_1,flow_west.2,433.4457438524507,240.0,148.0,240.0
46.0,vehicle_2,relay,BS_1,vehicle_1,426.8235434059149,240.0,148.0,240.0
46.0,vehicle_2,relay,BS_1,flow_west.3,335.0302757063952,148.0,88.0,148.0
46.0,flow_west.2,direct,BS_1,-1,474.7689300410301,240.0,148.0,240.0
46.0,flow_west.2,relay,BS_1,vehicle_1,475.4086404500372,240.0,148.0,240.0
46.0,flow_west.2,relay,BS_1,flow_west.3,529.4916884979573,330.0,148.0,330.0
46.0,flow_west.2,relay,BS_1,vehicle_0,418.64770690364634,240.0,148.0,240.0
46.0,flow_west.2,relay,BS_1,flow_east.2,398.9512490978261,240.0,148.0,240.0
46.0,flow_west.2,relay,BS_1,flow_east.3,511.0711840898485,330.0,148.0,330.0
46.0,vehicle_1,direct,BS_1,-1,475.4086404500372,240.0,148.0,240.0
46.0,vehicle_1,relay,BS_1,flow_west.2,474.7689300410301,240.0,148.0,240.0
46.0,vehicle_1,relay,BS_1,flow_west.3,529.4916884979573,330.0,148.0,330.0
46.0,vehicle_1,relay,BS_1,vehicle_0,418.64770690364634,240.0,148.0,240.0
46.0,vehicle_1,relay,BS_1,flow_east.2,398.9512490978261,240.0,148.0,240.0
46.0,vehicle_1,relay,BS_1,flow_east.3,520.4348166892335,330.0,148.0,330.0
46.0,vehicle_0,direct,BS_1,-1,418.64770690364634,240.0,148.0,240.0
46.0,vehicle_0,relay,BS_1,flow_east.2,398.9512490978261,240.0,148.0,240.0
46.0,vehicle_0,relay,BS_1,flow_west.2,474.7689300410301,240.0,148.0,240.0
46.0,vehicle_0,relay,BS_1,vehicle_2,371.1303275341448,240.0,88.0,240.0
46.0,vehicle_0,relay,BS_1,vehicle_1,475.4086404500372,240.0,148.0,240.0
46.0,vehicle_0,relay,BS_1,flow_west.3,450.8631993853019,240.0,148.0,240.0
46.0,flow_east.3,direct,BS_1,-1,565.5338696369089,330.0,240.0,330.0
46.0,flow_east.3,relay,BS_1,flow_west.3,529.4916884979573,330.0,148.0,330.0
46.0,flow_east.3,relay,BS_1,vehicle_1,475.4086404500372,240.0,148.0,240.0
46.0,flow_east.3,relay,BS_1,flow_west.2,474.7689300410301,240.0,148.0,240.0
46.0,flow_east.3,relay,BS_1,vehicle_0,372.97228192114295,240.0,88.0,240.0
46.0,flow_east.3,relay,BS_1,flow_east.2,333.8323362313231,148.0,88.0,148.0
46.0,flow_west.1,direct,BS_1,-1,357.379162667208,240.0,88.0,240.0
46.0,flow_west.1,relay,BS_1,flow_east.1,291.2101769675526,148.0,88.0,148.0
46.0,flow_west.1,relay,BS_1,flow_east.3,129.93880338455713,88.0,38.0,88.0
46.0,flow_west.1,relay,BS_1,vehicle_0,114.0299222141748,88.0,15.0,88.0
46.0,flow_west.1,relay,BS_1,flow_east.2,113.12485083339482,88.0,15.0,88.0
46.0,flow_west.1,relay,BS_1,flow_west.2,111.86572263736475,88.0,15.0,88.0
46.0,flow_east.1,direct,BS_1,-1,591.3002239972949,330.0,240.0,330.0
46.0,flow_east.1,relay,BS_1,flow_east.3,326.96559396634837,148.0,88.0,148.0
46.0,flow_east.1,relay,BS_1,flow_west.1,291.2101769675526,148.0,88.0,148.0
46.0,flow_east.1,relay,BS_1,flow_west.3,262.0351873224481,148.0,88.0,148.0
46.0,flow_east.1,relay,BS_1,vehicle_1,216.12895268131368,148.0,38.0,148.0
46.0,flow_east.1,relay,BS_1,flow_west.2,213.81298947299896,148.0,38.0,148.0
46.0,flow_west.3,direct,BS_1,-1,529.4916884979573,330.0,148.0,330.0
46.0,flow_west.3,relay,BS_1,flow_east.3,565.5338696369089,330.0,240.0,330.0
46.0,flow_west.3,relay,BS_1,vehicle_1,475.4086404500372,240.0,148.0,240.0
46.0,flow_west.3,relay,BS_1,flow_west.2,474.7689300410301,240.0,148.0,240.0
46.0,flow_west.3,relay,BS_1,vehicle_0,418.64770690364634,240.0,148.0,240.0
46.0,flow_west.3,relay,BS_1,flow_east.2,398.01761471806714,240.0,148.0,240.0
46.0,flow_east.2,direct,BS_1,-1,398.9512490978261,240.0,148.0,240.0
46.0,flow_east.2,relay,BS_1,vehicle_0,418.64770690364634,240.0,148.0,240.0
46.0,flow_east.2,relay,BS_1,vehicle_2,371.1303275341448,240.0,88.0,240.0
46.0,flow_east.2,relay,BS_1,flow_west.2,474.7689300410301,240.0,148.0,240.0
46.0,flow_east.2,relay,BS_1,vehicle_1,475.4086404500372,240.0,148.0,240.0
46.0,flow_east.2,relay,BS_1,flow_west.3,398.01761471806714,240.0,148.0,240.0
47.0,vehicle_2,direct,BS_1,-1,361.6450064745535,240.0,88.0,240.0
47.0,vehicle_2,relay,BS_1,flow_east.2,389.0139181100975,240.0,88.0,240.0
47.0,vehicle_2,relay,BS_1,vehicle_0,407.3719427000098,240.0,148.0,240.0
47.0,vehicle_2,relay,BS_1,vehicle_1,426.5086088741244,240.0,148.0,240.0
47.0,vehicle_2,relay,BS_1,flow_west.2,379.4340893655378,240.0,88.0,240.0
47.0,vehicle_2,relay,BS_1,flow_west.3,296.9888057615337,148.0,88.0,148.0
47.0,flow_west.2,direct,BS_1,-1,487.2624953402165,240.0,148.0,240.0
47.0,flow_west.2,relay,BS_1,vehicle_1,462.63580792794306,240.0,148.0,240.0
47.0,flow_west.2,relay,BS_1,flow_west.3,544.4027476537838,330.0,148.0,330.0
47.0,flow_west.2,relay,BS_1,flow_east.3,552.8470513061723,330.0,240.0,330.0
47.0,flow_west.2,relay,BS_1,vehicle_0,407.3719427000098,240.0,148.0,240.0
47.0,flow_west.2,relay,BS_1,flow_east.2,389.0139181100975,240.0,88.0,240.0
47.0,vehicle_1,direct,BS_1,-1,462.63580792794306,240.0,148.0,240.0
47.0,vehicle_1,relay,BS_1,flow_west.2,487.2624953402165,240.0,148.0,240.0
47.0,vehicle_1,relay,BS_1,vehicle_0,407.3719427000098,240.0,148.0,240.0
47.0,vehicle_1,relay,BS_1,flow_west.3,544.4027476537838,330.0,148.0,330.0
47.0,vehicle_1,relay,BS_1,flow_east.2,389.0139181100975,240.0,88.0,240.0
47.0,vehicle_1,relay,BS_1,flow_east.3,516.558089064704,330.0,148.0,330.0
47.0,vehicle_0,direct,BS_1,-1,407.3719427000098,240.0,148.0,240.0
47.0,vehicle_0,relay,BS_1,flow_east.2,389.0139181100975,240.0,88.0,240.0
47.0,vehicle_0,relay,BS_1,vehicle_2,361.6450064745535,240.0,88.0,240.0
47.0,vehicle_0,relay,BS_1,vehicle_1,462.63580792794306,240.0,148.0,240.0
47.0,vehicle_0,relay,BS_1,flow_west.2,487.2624953402165,240.0,148.0,240.0
47.0,vehicle_0,relay,BS_1,flow_west.3,390.87350852013617,240.0,88.0,240.0
47.0,flow_east.3,direct,BS_1,-1,552.8470513061723,330.0,240.0,330.0
47.0,flow_east.3,relay,BS_1,flow_west.3,544.4027476537838,330.0,148.0,330.0
47.0,flow_east.3,relay,BS_1,flow_west.2,487.2624953402165,240.0,148.0,240.0
47.0,flow_east.3,relay,BS_1,vehicle_1,462.63580792794306,240.0,148.0,240.0
47.0,flow_east.3,relay,BS_1,vehicle_0,370.2100770993472,240.0,88.0,240.0
47.0,flow_east.3,relay,BS_1,flow_east.2,332.93459674819945,148.0,88.0,148.0
47.0,flow_west.1,direct,BS_1,-1,336.52922116487616,148.0,88.0,148.0
47.0,flow_west.1,relay,BS_1,flow_east.1,216.645075988331,148.0,38.0,148.0
47.0,flow_west.1,relay,BS_1,flow_east.3,113.84852861195192,88.0,15.0,88.0
47.0,flow_west.1,relay,BS_1,vehicle_0,113.84852861195192,88.0,15.0,88.0
47.0,flow_west.1,relay,BS_1,flow_east.2,112.04502827698992,88.0,15.0,88.0
47.0,flow_west.1,relay,BS_1,flow_west.3,109.90591010812048,88.0,15.0,88.0
47.0,flow_east.1,direct,BS_1,-1,586.0749663818073,330.0,240.0,330.0
47.0,flow_east.1,relay,BS_1,flow_east.3,305.13586272894787,148.0,88.0,148.0
47.0,flow_east.1,relay,BS_1,flow_west.3,290.9221609165747,148.0,88.0,148.0
47.0,flow_east.1,relay,BS_1,flow_west.2,234.23284474296992,148.0,38.0,148.0
47.0,flow_east.1,relay,BS_1,flow_west.1,216.645075988331,148.0,38.0,148.0
47.0,flow_east.1,relay,BS_1,vehicle_1,214.8409708615403,148.0,38.0,148.0
47.0,flow_west.3,direct,BS_1,-1,544.4027476537838,330.0,148.0,330.0
47.0,flow_west.3,relay,BS_1,flow_east.3,552.8470513061723,330.0,240.0,330.0
47.0,flow_west.3,relay,BS_1,flow_west.2,487.2624953402165,240.0,148.0,240.0
47.0,flow_west.3,relay,BS_1,vehicle_1,462.63580792794306,240.0,148.0,240.0
47.0,flow_west.3,relay,BS_1,vehicle_0,390.87350852013617,240.0,88.0,240.0
47.0,flow_west.3,relay,BS_1,flow_east.2,350.09329393533494,240.0,88.0,240.0
47.0,flow_east.2,direct,BS_1,-1,389.0139181100975,240.0,88.0,240.0
47.0,flow_east.2,relay,BS_1,vehicle_0,407.3719427000098,240.0,148.0,240.0
47.0,flow_east.2,relay,BS_1,vehicle_2,361.6450064745535,240.0,88.0,240.0
47.0,flow_east.2,relay,BS_1,vehicle_1,462.63580792794306,240.0,148.0,240.0
47.0,flow_east.2,relay,BS_1,flow_west.2,460.086820594162,240.0,148.0,240.0
47.0,flow_east.2,relay,BS_1,flow_west.3,350.09329393533494,240.0,88.0,240.0
48.0,vehicle_2,direct,BS_1,-1,352.21474511489504,240.0,88.0,240.0
48.0,vehicle_2,relay,BS_1,flow_east.2,379.4340893655378,240.0,88.0,240.0
48.0,vehicle_2,relay,BS_1,vehicle_0,396.4624665739206,240.0,148.0,240.0
48.0,vehicle_2,relay,BS_1,vehicle_1,424.6197963873016,240.0,148.0,240.0
48.0,vehicle_2,relay,BS_1,flow_west.2,335.92944104153315,148.0,88.0,148.0
48.0,vehicle_2,relay,BS_1,flow_east.3,281.75307262067446,148.0,88.0,148.0
48.0,flow_west.2,direct,BS_1,-1,500.4380786695991,240.0,148.0,240.0
48.0,flow_west.2,relay,BS_1,flow_east.3,540.5092514704746,330.0,148.0,330.0
48.0,flow_west.2,relay,BS_1,vehicle_1,450.8631993853019,240.0,148.0,240.0
48.0,flow_west.2,relay,BS_1,flow_west.3,559.3501618493508,330.0,240.0,330.0
48.0,flow_west.2,relay,BS_1,vehicle_0,396.4624665739206,240.0,148.0,240.0
48.0,flow_west.2,relay,BS_1,flow_east.2,379.4340893655378,240.0,88.0,240.0
48.0,vehicle_1,direct,BS_1,-1,450.8631993853019,240.0,148.0,240.0
48.0,vehicle_1,relay,BS_1,flow_west.2,500.4380786695991,240.0,148.0,240.0
48.0,vehicle_1,relay,BS_1,vehicle_0,396.4624665739206,240.0,148.0,240.0
48.0,vehicle_1,relay,BS_1,flow_east.2,379.4340893655378,240.0,88.0,240.0
48.0,vehicle_1,relay,BS_1,flow_east.3,514.2980373996521,330.0,148.0,330.0
48.0,vehicle_1,relay,BS_1,flow_west.3,471.5720320896032,240.0,148.0,240.0
48.0,vehicle_0,direct,BS_1,-1,396.4624665739206,240.0,148.0,240.0
48.0,vehicle_0,relay,BS_1,flow_east.2,379.4340893655378,240.0,88.0,240.0
48.0,vehicle_0,relay,BS_1,vehicle_2,352.21474511489504,240.0,88.0,240.0
48.0,vehicle_0,relay,BS_1,vehicle_1,450.8631993853019,240.0,148.0,240.0
48.0,vehicle_0,relay,BS_1,flow_west.2,452.13385327948134,240.0,148.0,240.0
48.0,vehicle_0,relay,BS_1,flow_east.3,367.4522670462284,240.0,88.0,240.0
48.0,flow_east.3,direct,BS_1,-1,540.5092514704746,330.0,148.0,330.0
48.0,flow_east.3,relay,BS_1,flow_west.3,559.3501618493508,330.0,240.0,330.0
48.0,flow_east.3,relay,BS_1,flow_west.2,500.4380786695991,240.0,148.0,240.0
48.0,flow_east.3,relay,BS_1,vehicle_1,450.8631993853019,240.0,148.0,240.0
48.0,flow_east.3,relay,BS_1,vehicle_0,367.4522670462284,240.0,88.0,240.0
48.0,flow_east.3,relay,BS_1,flow_east.2,332.03747401078374,148.0,88.0,148.0
48.0,flow_west.1,direct,BS_1,-1,366.53398702832897,240.0,88.0,240.0
48.0,flow_west.1,relay,BS_1,flow_east.1,212.5310355449741,148.0,38.0,148.0
48.0,flow_west.1,relay,BS_1,vehicle_1,114.21150539975012,88.0,15.0,88.0
48.0,flow_west.1,relay,BS_1,vehicle_0,112.94440574124827,88.0,15.0,88.0
48.0,flow_west.1,relay,BS_1,flow_west.2,110.97204561909804,88.0,15.0,88.0
48.0,flow_west.1,relay,BS_1,flow_west.3,109.72888702437034,88.0,15.0,88.0
48.0,flow_east.1,direct,BS_1,-1,602.7414637741863,330.0,240.0,330.0
48.0,flow_east.1,relay,BS_1,flow_west.3,325.1803911575367,148.0,88.0,148.0
48.0,flow_east.1,relay,BS_1,flow_east.3,305.13586272894787,148.0,88.0,148.0
48.0,flow_east.1,relay,BS_1,flow_west.2,257.5979281454729,148.0,88.0,148.0
48.0,flow_east.1,relay,BS_1,vehicle_1,214.0697838057939,148.0,38.0,148.0
48.0,flow_east.1,relay,BS_1,flow_west.1,212.5310355449741,148.0,38.0,148.0
48.0,flow_west.3,direct,BS_1,-1,559.3501618493508,330.0,240.0,330.0
48.0,flow_west.3,relay,BS_1,flow_east.3,540.5092514704746,330.0,148.0,330.0
48.0,flow_west.3,relay,BS_1,flow_west.2,500.4380786695991,240.0,148.0,240.0
48.0,flow_west.3,relay,BS_1,vehicle_1,450.8631993853019,240.0,148.0,240.0
48.0,flow_west.3,relay,BS_1,vehicle_0,343.1442792274149,148.0,88.0,148.0
48.0,flow_west.3,relay,BS_1,flow_east.1,325.1803911575367,148.0,88.0,148.0
48.0,flow_east.2,direct,BS_1,-1,379.4340893655378,240.0,88.0,240.0
48.0,flow_east.2,relay,BS_1,vehicle_0,396.4624665739206,240.0,148.0,240.0
48.0,flow_east.2,relay,BS_1,vehicle_2,352.21474511489504,240.0,88.0,240.0
48.0,flow_east.2,relay,BS_1,vehicle_1,450.8631993853019,240.0,148.0,240.0
48.0,flow_east.2,relay,BS_1,flow_west.2,403.001659624967,240.0,148.0,240.0
48.0,flow_east.2,relay,BS_1,flow_east.3,332.03747401078374,148.0,88.0,148.0
49.0,vehicle_2,direct,BS_1,-1,342.8429095466832,148.0,88.0,148.0
49.0,vehicle_2,relay,BS_1,flow_east.2,370.8235233098798,240.0,88.0,240.0
49.0,vehicle_2,relay,BS_1,vehicle_0,386.227786417579,240.0,88.0,240.0
49.0,vehicle_2,relay,BS_1,vehicle_1,420.84631223711045,240.0,148.0,240.0
49.0,vehicle_2,relay,BS_1,flow_west.2,298.72909099491807,148.0,88.0,148.0
49.0,vehicle_2,relay,BS_1,flow_east.3,278.9070514801938,148.0,88.0,148.0
49.0,flow_west.2,direct,BS_1,-1,513.6524969863741,330.0,148.0,330.0
49.0,flow_west.2,relay,BS_1,flow_east.3,528.1969167006249,330.0,148.0,330.0
49.0,flow_west.2,relay,BS_1,flow_west.3,573.6784742961894,330.0,240.0,330.0
49.0,flow_west.2,relay,BS_1,vehicle_1,439.134591765193,240.0,148.0,240.0
49.0,flow_west.2,relay,BS_1,vehicle_0,386.227786417579,240.0,88.0,240.0
49.0,flow_west.2,relay,BS_1,flow_east.2,357.98786999080045,240.0,88.0,240.0
49.0,vehicle_1,direct,BS_1,-1,439.134591765193,240.0,148.0,240.0
49.0,vehicle_1,relay,BS_1,vehicle_0,386.227786417579,240.0,88.0,240.0
49.0,vehicle_1,relay,BS_1,flow_west.2,513.6524969863741,330.0,148.0,330.0
49.0,vehicle_1,relay,BS_1,flow_east.2,370.8235233098798,240.0,88.0,240.0
49.0,vehicle_1,relay,BS_1,flow_east.3,511.71638426190566,330.0,148.0,330.0
49.0,vehicle_1,relay,BS_1,vehicle_2,342.8429095466832,148.0,88.0,148.0
49.0,vehicle_0,direct,BS_1,-1,386.227786417579,240.0,88.0,240.0
49.0,vehicle_0,relay,BS_1,flow_east.2,370.8235233098798,240.0,88.0,240.0
49.0,vehicle_0,relay,BS_1,vehicle_2,342.8429095466832,148.0,88.0,148.0
49.0,vehicle_0,relay,BS_1,vehicle_1,439.134591765193,240.0,148.0,240.0
49.0,vehicle_0,relay,BS_1,flow_west.2,395.52992721422106,240.0,148.0,240.0
49.0,vehicle_0,relay,BS_1,flow_east.3,365.31039167988087,240.0,88.0,240.0
49.0,flow_east.3,direct,BS_1,-1,528.1969167006249,330.0,148.0,330.0
49.0,flow_east.3,relay,BS_1,flow_west.2,513.6524969863741,330.0,148.0,330.0
49.0,flow_east.3,relay,BS_1,flow_west.3,573.6784742961894,330.0,240.0,330.0
49.0,flow_east.3,relay,BS_1,vehicle_1,439.134591765193,240.0,148.0,240.0
49.0,flow_east.3,relay,BS_1,vehicle_0,365.31039167988087,240.0,88.0,240.0
49.0,flow_east.3,relay,BS_1,flow_east.2,332.03747401078374,148.0,88.0,148.0
49.0,flow_west.1,direct,BS_1,-1,367.7584709558008,240.0,88.0,240.0
49.0,flow_west.1,relay,BS_1,flow_east.1,233.16706683078783,148.0,38.0,148.0
49.0,flow_west.1,relay,BS_1,vehicle_1,112.94440574124827,88.0,15.0,88.0
49.0,flow_west.1,relay,BS_1,flow_west.3,109.72888702437034,88.0,15.0,88.0
49.0,flow_west.1,relay,BS_1,flow_east.3,109.37541212212612,88.0,15.0,88.0
49.0,flow_west.1,relay,BS_1,flow_west.2,108.67074815479114,88.0,15.0,88.0
49.0,flow_east.1,direct,BS_1,-1,602.7414637741863,330.0,240.0,330.0
49.0,flow_east.1,relay,BS_1,flow_west.3,364.08769182573,240.0,88.0,240.0
49.0,flow_east.1,relay,BS_1,flow_east.3,304.25986571265724,148.0,88.0,148.0
49.0,flow_east.1,relay,BS_1,flow_west.2,283.7508367808584,148.0,88.0,148.0
49.0,flow_east.1,relay,BS_1,flow_west.1,233.16706683078783,148.0,38.0,148.0
49.0,flow_east.1,relay,BS_1,vehicle_1,213.04341289437096,148.0,38.0,148.0
49.0,flow_west.3,direct,BS_1,-1,573.6784742961894,330.0,240.0,330.0
49.0,flow_west.3,relay,BS_1,flow_east.3,528.1969167006249,330.0,148.0,330.0
49.0,flow_west.3,relay,BS_1,flow_west.2,513.6524969863741,330.0,148.0,330.0
49.0,flow_west.3,relay,BS_1,vehicle_1,409.87302273849053,240.0,148.0,240.0
49.0,flow_west.3,relay,BS_1,flow_east.1,364.08769182573,240.0,88.0,240.0
49.0,flow_west.3,relay,BS_1,vehicle_0,304.8437823956721,148.0,88.0,148.0
49.0,flow_east.2,direct,BS_1,-1,370.8235233098798,240.0,88.0,240.0
49.0,flow_east.2,relay,BS_1,vehicle_0,386.227786417579,240.0,88.0,240.0
49.0,flow_east.2,relay,BS_1,vehicle_2,342.8429095466832,148.0,88.0,148.0
49.0,flow_east.2,relay,BS_1,vehicle_1,439.134591765193,240.0,148.0,240.0
49.0,flow_east.2,relay,BS_1,flow_west.2,357.98786999080045,240.0,88.0,240.0
49.0,flow_east.2,relay,BS_1,flow_east.3,332.03747401078374,148.0,88.0,148.0
50.0,vehicle_2,direct,BS_1,-1,333.8323362313231,148.0,88.0,148.0
50.0,vehicle_2,relay,BS_1,flow_east.2,361.6450064745535,240.0,88.0,240.0
50.0,vehicle_2,relay,BS_1,vehicle_0,377.27760031178457,240.0,88.0,240.0
50.0,vehicle_2,relay,BS_1,flow_west.4,296.40939047523096,148.0,88.0,148.0
50.0,vehicle_2,relay,BS_1,vehicle_1,419.9038163766986,240.0,148.0,240.0
50.0,vehicle_2,relay,BS_1,flow_east.4,370.2100770993472,240.0,88.0,240.0
50.0,flow_west.2,direct,BS_1,-1,527.2260388274352,330.0,148.0,330.0
50.0,flow_west.2,relay,BS_1,flow_east.3,516.2351620266729,330.0,148.0,330.0
50.0,flow_west.2,relay,BS_1,flow_west.3,587.7075091277181,330.0,240.0,330.0
50.0,flow_west.2,relay,BS_1,flow_east.4,449.9105460570236,240.0,148.0,240.0
50.0,flow_west.2,relay,BS_1,vehicle_1,427.1385155729874,240.0,148.0,240.0
50.0,flow_west.2,relay,BS_1,vehicle_0,351.30518473346393,240.0,88.0,240.0
50.0,vehicle_1,direct,BS_1,-1,427.1385155729874,240.0,148.0,240.0
50.0,vehicle_1,relay,BS_1,flow_east.4,449.9105460570236,240.0,148.0,240.0
50.0,vehicle_1,relay,BS_1,vehicle_0,377.27760031178457,240.0,88.0,240.0
50.0,vehicle_1,relay,BS_1,flow_east.2,361.6450064745535,240.0,88.0,240.0
50.0,vehicle_1,relay,BS_1,flow_east.3,505.5904923481261,330.0,148.0,330.0
50.0,vehicle_1,relay,BS_1,flow_west.2,482.13210340809536,240.0,148.0,240.0
50.0,flow_east.4,direct,BS_1,-1,449.9105460570236,240.0,148.0,240.0
50.0,flow_east.4,relay,BS_1,vehicle_1,427.1385155729874,240.0,148.0,240.0
50.0,flow_east.4,relay,BS_1,flow_east.3,516.2351620266729,330.0,148.0,330.0
50.0,flow_east.4,relay,BS_1,flow_west.2,527.2260388274352,330.0,148.0,330.0
50.0,flow_east.4,relay,BS_1,vehicle_0,377.27760031178457,240.0,88.0,240.0
50.0,flow_east.4,relay,BS_1,flow_east.2,361.6450064745535,240.0,88.0,240.0
50.0,flow_west.4,direct,BS_1,-1,296.40939047523096,148.0,88.0,148.0
50.0,flow_west.4,relay,BS_1,vehicle_2,333.8323362313231,148.0,88.0,148.0
50.0,flow_west.4,relay,BS_1,flow_east.2,361.6450064745535,240.0,88.0,240.0
50.0,flow_west.4,relay,BS_1,vehicle_0,377.27760031178457,240.0,88.0,240.0
50.0,flow_west.4,relay,BS_1,vehicle_1,308.6471151381865,148.0,88.0,148.0
50.0,flow_west.4,relay,BS_1,flow_east.4,277.48758080221484,148.0,88.0,148.0
50.0,vehicle_0,direct,BS_1,-1,377.27760031178457,240.0,88.0,240.0
50.0,vehicle_0,relay,BS_1,flow_east.2,361.6450064745535,240.0,88.0,240.0
50.0,vehicle_0,relay,BS_1,vehicle_1,427.1385155729874,240.0,148.0,240.0
50.0,vehicle_0,relay,BS_1,vehicle_2,333.8323362313231,148.0,88.0,148.0
50.0,vehicle_0,relay,BS_1,flow_east.4,449.9105460570236,240.0,148.0,240.0
50.0,vehicle_0,relay,BS_1,flow_west.4,296.40939047523096,148.0,88.0,148.0
50.0,flow_east.3,direct,BS_1,-1,516.2351620266729,330.0,148.0,330.0
50.0,flow_east.3,relay,BS_1,flow_west.2,527.2260388274352,330.0,148.0,330.0
50.0,flow_east.3,relay,BS_1,flow_west.3,587.7075091277181,330.0,240.0,330.0
50.0,flow_east.3,relay,BS_1,flow_east.4,449.9105460570236,240.0,148.0,240.0
50.0,flow_east.3,relay,BS_1,vehicle_1,427.1385155729874,240.0,148.0,240.0
50.0,flow_east.3,relay,BS_1,vehicle_0,364.6989293821496,240.0,88.0,240.0
50.0,flow_west.1,direct,BS_1,-1,361.6450064745535,240.0,88.0,240.0
50.0,flow_west.1,relay,BS_1,flow_east.1,233.16706683078783,148.0,38.0,148.0
50.0,flow_west.1,relay,BS_1,flow_east.4,114.0299222141748,88.0,15.0,88.0
50.0,flow_west.1,relay,BS_1,vehicle_1,113.30548570502928,88.0,15.0,88.0
50.0,flow_west.1,relay,BS_1,flow_west.2,110.43812154230284,88.0,15.0,88.0
50.0,flow_west.1,relay,BS_1,flow_west.3,109.72888702437034,88.0,15.0,88.0
50.0,flow_east.1,direct,BS_1,-1,614.1968554089484,330.0,240.0,330.0
50.0,flow_east.1,relay,BS_1,flow_west.3,412.37679329280274,240.0,148.0,240.0
50.0,flow_east.1,relay,BS_1,flow_west.2,314.5245080836519,148.0,88.0,148.0
50.0,flow_east.1,relay,BS_1,flow_east.3,303.67627528840046,148.0,88.0,148.0
50.0,flow_east.1,relay,BS_1,flow_west.1,233.16706683078783,148.0,38.0,148.0
50.0,flow_east.1,relay,BS_1,flow_east.4,232.10323716252793,148.0,38.0,148.0
50.0,flow_west.3,direct,BS_1,-1,587.7075091277181,330.0,240.0,330.0
50.0,flow_west.3,relay,BS_1,flow_west.2,527.2260388274352,330.0,148.0,330.0
50.0,flow_west.3,relay,BS_1,flow_east.3,516.2351620266729,330.0,148.0,330.0
50.0,flow_west.3,relay,BS_1,flow_east.1,412.37679329280274,240.0,148.0,240.0
50.0,flow_west.3,relay,BS_1,flow_east.4,404.8735972595023,240.0,148.0,240.0
50.0,flow_west.3,relay,BS_1,vehicle_1,357.98786999080045,240.0,88.0,240.0
50.0,flow_east.2,direct,BS_1,-1,361.6450064745535,240.0,88.0,240.0
50.0,flow_east.2,relay,BS_1,vehicle_0,377.27760031178457,240.0,88.0,240.0
50.0,flow_east.2,relay,BS_1,vehicle_2,333.8323362313231,148.0,88.0,148.0
50.0,flow_east.2,relay,BS_1,vehicle_1,427.1385155729874,240.0,148.0,240.0
50.0,flow_east.2,relay,BS_1,flow_west.4,296.40939047523096,148.0,88.0,148.0
50.0,flow_east.2,relay,BS_1,flow_east.4,449.9105460570236,240.0,148.0,240.0
51.0,vehicle_2,direct,BS_1,-1,325.1803911575367,148.0,88.0,148.0
51.0,vehicle_2,relay,BS_1,flow_west.4,303.9680296470533,148.0,88.0,148.0
51.0,vehicle_2,relay,BS_1,flow_east.2,352.82142281250975,240.0,88.0,240.0
51.0,vehicle_2,relay,BS_1,vehicle_0,367.7584709558008,240.0,88.0,240.0
51.0,vehicle_2,relay,BS_1,vehicle_1,415.51022385718545,240.0,148.0,240.0
51.0,vehicle_2,relay,BS_1,flow_east.4,370.5167731297862,240.0,88.0,240.0
51.0,flow_west.2,direct,BS_1,-1,541.1579930401035,330.0,148.0,330.0
51.0,flow_west.2,relay,BS_1,flow_east.3,503.3355970431181,330.0,148.0,330.0
51.0,flow_west.2,relay,BS_1,flow_west.3,600.4520481669889,330.0,240.0,330.0
51.0,flow_west.2,relay,BS_1,flow_east.4,437.2370384945075,240.0,148.0,240.0
51.0,flow_west.2,relay,BS_1,vehicle_1,415.51022385718545,240.0,148.0,240.0
51.0,flow_west.2,relay,BS_1,flow_east.1,351.0021200468714,240.0,88.0,240.0
51.0,vehicle_1,direct,BS_1,-1,415.51022385718545,240.0,148.0,240.0
51.0,vehicle_1,relay,BS_1,flow_east.4,437.2370384945075,240.0,148.0,240.0
51.0,vehicle_1,relay,BS_1,vehicle_0,367.7584709558008,240.0,88.0,240.0
51.0,vehicle_1,relay,BS_1,flow_east.2,352.82142281250975,240.0,88.0,240.0
51.0,vehicle_1,relay,BS_1,flow_east.3,501.7256358797886,240.0,148.0,240.0
51.0,vehicle_1,relay,BS_1,vehicle_2,325.1803911575367,148.0,88.0,148.0
51.0,flow_east.4,direct,BS_1,-1,437.2370384945075,240.0,148.0,240.0
51.0,flow_east.4,relay,BS_1,vehicle_1,415.51022385718545,240.0,148.0,240.0
51.0,flow_east.4,relay,BS_1,flow_east.3,503.3355970431181,330.0,148.0,330.0
51.0,flow_east.4,relay,BS_1,vehicle_0,367.7584709558008,240.0,88.0,240.0
51.0,flow_east.4,relay,BS_1,flow_west.2,478.2886817049466,240.0,148.0,240.0
51.0,flow_east.4,relay,BS_1,flow_east.2,352.82142281250975,240.0,88.0,240.0
51.0,flow_west.4,direct,BS_1,-1,303.9680296470533,148.0,88.0,148.0
51.0,flow_west.4,relay,BS_1,vehicle_2,325.1803911575367,148.0,88.0,148.0
51.0,flow_west.4,relay,BS_1,flow_east.2,352.82142281250975,240.0,88.0,240.0
51.0,flow_west.4,relay,BS_1,vehicle_0,367.7584709558008,240.0,88.0,240.0
51.0,flow_west.4,relay,BS_1,vehicle_1,348.88238868739717,240.0,88.0,240.0
51.0,flow_west.4,relay,BS_1,flow_east.4,311.8758195892976,148.0,88.0,148.0
51.0,vehicle_0,direct,BS_1,-1,367.7584709558008,240.0,88.0,240.0
51.0,vehicle_0,relay,BS_1,flow_east.2,352.82142281250975,240.0,88.0,240.0
51.0,vehicle_0,relay,BS_1,vehicle_1,415.51022385718545,240.0,148.0,240.0
51.0,vehicle_0,relay,BS_1,vehicle_2,325.1803911575367,148.0,88.0,148.0
51.0,vehicle_0,relay,BS_1,flow_east.4,437.2370384945075,240.0,148.0,240.0
51.0,vehicle_0,relay,BS_1,flow_west.4,303.9680296470533,148.0,88.0,148.0
51.0,flow_east.3,direct,BS_1,-1,503.3355970431181,330.0,148.0,330.0
51.0,flow_east.3,relay,BS_1,flow_west.2,541.1579930401035,330.0,148.0,330.0
51.0,flow_east.3,relay,BS_1,flow_east.4,437.2370384945075,240.0,148.0,240.0
51.0,flow_east.3,relay,BS_1,flow_west.3,505.2682971497237,330.0,148.0,330.0
51.0,flow_east.3,relay,BS_1,vehicle_1,415.51022385718545,240.0,148.0,240.0
51.0,flow_east.3,relay,BS_1,vehicle_0,363.78215759761594,240.0,88.0,240.0
51.0,flow_west.1,direct,BS_1,-1,352.21474511489504,240.0,88.0,240.0
51.0,flow_west.1,relay,BS_1,flow_east.1,210.9971521020058,148.0,38.0,148.0
51.0,flow_west.1,relay,BS_1,flow_east.4,112.5840850459434,88.0,15.0,88.0
51.0,flow_west.1,relay,BS_1,flow_east.3,111.50768149266771,88.0,15.0,88.0
51.0,flow_west.1,relay,BS_1,flow_west.2,110.08312357533464,88.0,15.0,88.0
51.0,flow_west.1,relay,BS_1,flow_west.3,109.90591010812048,88.0,15.0,88.0
51.0,flow_east.1,direct,BS_1,-1,630.2561666660467,330.0,240.0,330.0
51.0,flow_east.1,relay,BS_1,flow_west.3,473.170134747745,240.0,148.0,240.0
51.0,flow_east.1,relay,BS_1,flow_west.2,351.0021200468714,240.0,88.0,240.0
51.0,flow_east.1,relay,BS_1,flow_east.3,302.80150387949567,148.0,88.0,148.0
51.0,flow_east.1,relay,BS_1,flow_east.4,230.24625574784167,148.0,38.0,148.0
51.0,flow_east.1,relay,BS_1,flow_west.1,210.9971521020058,148.0,38.0,148.0
51.0,flow_west.3,direct,BS_1,-1,600.4520481669889,330.0,240.0,330.0
51.0,flow_west.3,relay,BS_1,flow_west.2,541.1579930401035,330.0,148.0,330.0
51.0,flow_west.3,relay,BS_1,flow_east.3,503.3355970431181,330.0,148.0,330.0
51.0,flow_west.3,relay,BS_1,flow_east.1,473.170134747745,240.0,148.0,240.0
51.0,flow_west.3,relay,BS_1,flow_east.4,354.03550391791634,240.0,88.0,240.0
51.0,flow_west.3,relay,BS_1,vehicle_1,316.2937573638574,148.0,88.0,148.0
51.0,flow_east.2,direct,BS_1,-1,352.82142281250975,240.0,88.0,240.0
51.0,flow_east.2,relay,BS_1,vehicle_0,367.7584709558008,240.0,88.0,240.0
51.0,flow_east.2,relay,BS_1,vehicle_2,325.1803911575367,148.0,88.0,148.0
51.0,flow_east.2,relay,BS_1,flow_west.4,303.9680296470533,148.0,88.0,148.0
51.0,flow_east.2,relay,BS_1,vehicle_1,415.51022385718545,240.0,148.0,240.0
51.0,flow_east.2,relay,BS_1,flow_east.4,437.2370384945075,240.0,148.0,240.0
52.0,vehicle_2,direct,BS_1,-1,317.17940803979667,148.0,88.0,148.0
52.0,vehicle_2,relay,BS_1,flow_west.4,311.58190863148184,148.0,88.0,148.0
52.0,vehicle_2,relay,BS_1,flow_east.2,344.95384396832753,148.0,88.0,148.0
52.0,vehicle_2,relay,BS_1,vehicle_0,358.9013703269799,240.0,88.0,240.0
52.0,vehicle_2,relay,BS_1,vehicle_1,404.5614985753256,240.0,148.0,240.0
52.0,vehicle_2,relay,BS_1,flow_east.4,370.2100770993472,240.0,88.0,240.0
52.0,flow_west.2,direct,BS_1,-1,555.1224167725766,330.0,240.0,330.0
52.0,flow_west.2,relay,BS_1,flow_east.3,491.1145384006808,240.0,148.0,240.0
52.0,flow_west.2,relay,BS_1,flow_west.3,611.5772892135293,330.0,240.0,330.0
52.0,flow_west.2,relay,BS_1,flow_east.4,414.2563606866034,240.0,148.0,240.0
52.0,flow_west.2,relay,BS_1,flow_east.1,395.84072765875015,240.0,148.0,240.0
52.0,flow_west.2,relay,BS_1,vehicle_1,366.2280046175333,240.0,88.0,240.0
52.0,vehicle_1,direct,BS_1,-1,404.5614985753256,240.0,148.0,240.0
52.0,vehicle_1,relay,BS_1,flow_east.4,425.5640318684957,240.0,148.0,240.0
52.0,vehicle_1,relay,BS_1,vehicle_0,358.9013703269799,240.0,88.0,240.0
52.0,vehicle_1,relay,BS_1,flow_east.2,344.95384396832753,148.0,88.0,148.0
52.0,vehicle_1,relay,BS_1,flow_east.3,491.1145384006808,240.0,148.0,240.0
52.0,vehicle_1,relay,BS_1,vehicle_2,317.17940803979667,148.0,88.0,148.0
52.0,flow_east.4,direct,BS_1,-1,425.5640318684957,240.0,148.0,240.0
52.0,flow_east.4,relay,BS_1,vehicle_1,404.5614985753256,240.0,148.0,240.0
52.0,flow_east.4,relay,BS_1,flow_east.3,491.1145384006808,240.0,148.0,240.0
52.0,flow_east.4,relay,BS_1,vehicle_0,358.9013703269799,240.0,88.0,240.0
52.0,flow_east.4,relay,BS_1,flow_east.2,344.95384396832753,148.0,88.0,148.0
52.0,flow_east.4,relay,BS_1,flow_west.2,414.2563606866034,240.0,148.0,240.0
52.0,flow_west.4,direct,BS_1,-1,311.58190863148184,148.0,88.0,148.0
52.0,flow_west.4,relay,BS_1,vehicle_2,317.17940803979667,148.0,88.0,148.0
52.0,flow_west.4,relay,BS_1,flow_east.2,344.95384396832753,148.0,88.0,148.0
52.0,flow_west.4,relay,BS_1,vehicle_0,358.9013703269799,240.0,88.0,240.0
52.0,flow_west.4,relay,BS_1,vehicle_1,397.3954186299013,240.0,148.0,240.0
52.0,flow_west.4,relay,BS_1,flow_east.4,352.21474511489504,240.0,88.0,240.0
52.0,vehicle_0,direct,BS_1,-1,358.9013703269799,240.0,88.0,240.0
52.0,vehicle_0,relay,BS_1,flow_east.2,344.95384396832753,148.0,88.0,148.0
52.0,vehicle_0,relay,BS_1,vehicle_1,404.5614985753256,240.0,148.0,240.0
52.0,vehicle_0,relay,BS_1,vehicle_2,317.17940803979667,148.0,88.0,148.0
52.0,vehicle_0,relay,BS_1,flow_west.4,311.58190863148184,148.0,88.0,148.0
52.0,vehicle_0,relay,BS_1,flow_east.4,425.5640318684957,240.0,148.0,240.0
52.0,flow_east.3,direct,BS_1,-1,491.1145384006808,240.0,148.0,240.0
52.0,flow_east.3,relay,BS_1,flow_west.2,555.1224167725766,330.0,240.0,330.0
52.0,flow_east.3,relay,BS_1,flow_east.4,425.5640318684957,240.0,148.0,240.0
52.0,flow_east.3,relay,BS_1,vehicle_1,404.5614985753256,240.0,148.0,240.0
52.0,flow_east.3,relay,BS_1,flow_west.3,436.92090220846706,240.0,148.0,240.0
52.0,flow_east.3,relay,BS_1,vehicle_0,358.9013703269799,240.0,88.0,240.0
52.0,flow_east.1,direct,BS_1,-1,636.1614130548986,330.0,240.0,330.0
52.0,flow_east.1,relay,BS_1,flow_west.3,553.1720551619138,330.0,240.0,330.0
52.0,flow_east.1,relay,BS_1,flow_west.2,395.84072765875015,240.0,148.0,240.0
52.0,flow_east.1,relay,BS_1,flow_east.3,302.80150387949567,148.0,88.0,148.0
52.0,flow_east.1,relay,BS_1,flow_east.4,228.92354583523547,148.0,38.0,148.0
52.0,flow_east.1,relay,BS_1,vehicle_1,208.4515891600109,148.0,38.0,148.0
52.0,flow_west.3,direct,BS_1,-1,611.5772892135293,330.0,240.0,330.0
52.0,flow_west.3,relay,BS_1,flow_west.2,555.1224167725766,330.0,240.0,330.0
52.0,flow_west.3,relay,BS_1,flow_east.1,553.1720551619138,330.0,240.0,330.0
52.0,flow_west.3,relay,BS_1,flow_east.3,436.92090220846706,240.0,148.0,240.0
52.0,flow_west.3,relay,BS_1,flow_east.4,313.3465404214037,148.0,88.0,148.0
52.0,flow_west.3,relay,BS_1,vehicle_1,281.75307262067446,148.0,88.0,148.0
52.0,flow_east.2,direct,BS_1,-1,344.95384396832753,148.0,88.0,148.0
52.0,flow_east.2,relay,BS_1,vehicle_0,358.9013703269799,240.0,88.0,240.0
52.0,flow_east.2,relay,BS_1,vehicle_2,317.17940803979667,148.0,88.0,148.0
52.0,flow_east.2,relay,BS_1,flow_west.4,311.58190863148184,148.0,88.0,148.0
52.0,flow_east.2,relay,BS_1,vehicle_1,404.5614985753256,240.0,148.0,240.0
52.0,flow_east.2,relay,BS_1,flow_east.4,425.5640318684957,240.0,148.0,240.0
53.0,vehicle_2,direct,BS_1,-1,309.2334427079288,148.0,88.0,148.0
53.0,vehicle_2,relay,BS_1,flow_west.4,319.8404203693363,148.0,88.0,148.0
53.0,vehicle_2,relay,BS_1,flow_east.2,336.52922116487616,148.0,88.0,148.0
53.0,vehicle_2,relay,BS_1,vehicle_0,350.6991166073891,240.0,88.0,240.0
53.0,vehicle_2,relay,BS_1,vehicle_1,393.6660965639681,240.0,148.0,240.0
53.0,vehicle_2,relay,BS_1,flow_east.4,369.903435324211,240.0,88.0,240.0
53.0,flow_west.2,direct,BS_1,-1,569.1163802041732,330.0,240.0,330.0
53.0,flow_west.2,relay,BS_1,flow_west.3,620.7487343818866,330.0,240.0,330.0
53.0,flow_west.2,relay,BS_1,flow_east.3,479.8896444688973,240.0,148.0,240.0
53.0,flow_west.2,relay,BS_1,flow_east.1,175.9704814761637,88.0,38.0,88.0
53.0,flow_west.2,relay,BS_1,flow_east.4,362.86589442376345,240.0,88.0,240.0
53.0,flow_west.2,relay,BS_1,vehicle_1,324.28875823851973,148.0,88.0,148.0
53.0,vehicle_1,direct,BS_1,-1,393.6660965639681,240.0,148.0,240.0
53.0,vehicle_1,relay,BS_1,flow_east.4,413.6296739051722,240.0,148.0,240.0
53.0,vehicle_1,relay,BS_1,vehicle_0,350.6991166073891,240.0,88.0,240.0
53.0,vehicle_1,relay,BS_1,flow_east.2,336.52922116487616,148.0,88.0,148.0
53.0,vehicle_1,relay,BS_1,flow_east.3,479.8896444688973,240.0,148.0,240.0
53.0,vehicle_1,relay,BS_1,flow_west.4,319.8404203693363,148.0,88.0,148.0
53.0,flow_east.4,direct,BS_1,-1,413.6296739051722,240.0,148.0,240.0
53.0,flow_east.4,relay,BS_1,vehicle_1,393.6660965639681,240.0,148.0,240.0
53.0,flow_east.4,relay,BS_1,flow_east.3,479.8896444688973,240.0,148.0,240.0
53.0,flow_east.4,relay,BS_1,vehicle_0,350.6991166073891,240.0,88.0,240.0
53.0,flow_east.4,relay,BS_1,flow_east.2,336.52922116487616,148.0,88.0,148.0
53.0,flow_east.4,relay,BS_1,flow_west.4,319.8404203693363,148.0,88.0,148.0
53.0,flow_west.4,direct,BS_1,-1,319.8404203693363,148.0,88.0,148.0
53.0,flow_west.4,relay,BS_1,vehicle_2,309.2334427079288,148.0,88.0,148.0
53.0,flow_west.4,relay,BS_1,flow_east.2,336.52922116487616,148.0,88.0,148.0
53.0,flow_west.4,relay,BS_1,vehicle_0,350.6991166073891,240.0,88.0,240.0
53.0,flow_west.4,relay,BS_1,vehicle_1,393.6660965639681,240.0,148.0,240.0
53.0,flow_west.4,relay,BS_1,flow_east.4,403.001659624967,240.0,148.0,240.0
53.0,vehicle_0,direct,BS_1,-1,350.6991166073891,240.0,88.0,240.0
53.0,vehicle_0,relay,BS_1,flow_east.2,336.52922116487616,148.0,88.0,148.0
53.0,vehicle_0,relay,BS_1,flow_west.4,319.8404203693363,148.0,88.0,148.0
53.0,vehicle_0,relay,BS_1,vehicle_1,393.6660965639681,240.0,148.0,240.0
53.0,vehicle_0,relay,BS_1,vehicle_2,309.2334427079288,148.0,88.0,148.0
53.0,vehicle_0,relay,BS_1,flow_east.4,413.6296739051722,240.0,148.0,240.0
53.0,flow_east.3,direct,BS_1,-1,479.8896444688973,240.0,148.0,240.0
53.0,flow_east.3,relay,BS_1,flow_east.4,413.6296739051722,240.0,148.0,240.0
53.0,flow_east.3,relay,BS_1,flow_west.2,534.6737873918274,330.0,148.0,330.0
53.0,flow_east.3,relay,BS_1,vehicle_1,393.6660965639681,240.0,148.0,240.0
53.0,flow_east.3,relay,BS_1,flow_west.3,384.9907749136074,240.0,88.0,240.0
53.0,flow_east.3,relay,BS_1,vehicle_0,350.6991166073891,240.0,88.0,240.0
53.0,flow_east.1,direct,BS_1,-1,175.9704814761637,88.0,38.0,88.0
53.0,flow_east.1,relay,BS_1,flow_west.3,620.7487343818866,330.0,240.0,330.0
53.0,flow_east.1,relay,BS_1,flow_west.2,448.6407945493119,240.0,148.0,240.0
53.0,flow_east.1,relay,BS_1,flow_east.3,302.2187340908274,148.0,88.0,148.0
53.0,flow_east.1,relay,BS_1,flow_east.4,226.55052395897073,148.0,38.0,148.0
53.0,flow_east.1,relay,BS_1,vehicle_1,206.93085620168296,148.0,38.0,148.0
53.0,flow_west.3,direct,BS_1,-1,620.7487343818866,330.0,240.0,330.0
53.0,flow_west.3,relay,BS_1,flow_east.1,175.9704814761637,88.0,38.0,88.0
53.0,flow_west.3,relay,BS_1,flow_west.2,569.1163802041732,330.0,240.0,330.0
53.0,flow_west.3,relay,BS_1,flow_east.3,384.9907749136074,240.0,88.0,240.0
53.0,flow_west.3,relay,BS_1,flow_east.4,279.19123019937047,148.0,88.0,148.0
53.0,flow_west.3,relay,BS_1,vehicle_1,252.91330411827303,148.0,88.0,148.0
53.0,flow_east.2,direct,BS_1,-1,336.52922116487616,148.0,88.0,148.0
53.0,flow_east.2,relay,BS_1,vehicle_0,350.6991166073891,240.0,88.0,240.0
53.0,flow_east.2,relay,BS_1,flow_west.4,319.8404203693363,148.0,88.0,148.0
53.0,flow_east.2,relay,BS_1,vehicle_2,309.2334427079288,148.0,88.0,148.0
53.0,flow_east.2,relay,BS_1,vehicle_1,393.6660965639681,240.0,148.0,240.0
53.0,flow_east.2,relay,BS_1,flow_east.4,413.6296739051722,240.0,148.0,240.0
54.0,vehicle_2,direct,BS_1,-1,301.34519899680197,148.0,88.0,148.0
54.0,vehicle_2,relay,BS_1,flow_west.4,328.4552191106342,148.0,88.0,148.0
54.0,vehicle_2,relay,BS_1,flow_east.2,329.3498405350366,148.0,88.0,148.0
54.0,vehicle_2,relay,BS_1,vehicle_0,341.93918767585893,148.0,88.0,148.0
54.0,vehicle_2,relay,BS_1,vehicle_1,383.44562207440975,240.0,88.0,240.0
54.0,vehicle_2,relay,BS_1,flow_east.4,369.903435324211,240.0,88.0,240.0
54.0,flow_west.2,direct,BS_1,-1,581.8318778265818,330.0,240.0,330.0
54.0,flow_west.2,relay,BS_1,flow_west.3,624.026217075783,330.0,240.0,330.0
54.0,flow_west.2,relay,BS_1,flow_east.1,177.1429351712039,88.0,38.0,88.0
54.0,flow_west.2,relay,BS_1,flow_east.3,461.67971307457674,240.0,148.0,240.0
54.0,flow_west.2,relay,BS_1,flow_east.4,321.321365578753,148.0,88.0,148.0
54.0,flow_west.2,relay,BS_1,vehicle_1,290.0586429682002,148.0,88.0,148.0
54.0,vehicle_1,direct,BS_1,-1,383.44562207440975,240.0,88.0,240.0
54.0,vehicle_1,relay,BS_1,flow_east.4,402.0662830177585,240.0,148.0,240.0
54.0,vehicle_1,relay,BS_1,vehicle_0,341.93918767585893,148.0,88.0,148.0
54.0,vehicle_1,relay,BS_1,flow_east.2,329.3498405350366,148.0,88.0,148.0
54.0,vehicle_1,relay,BS_1,flow_west.4,328.4552191106342,148.0,88.0,148.0
54.0,vehicle_1,relay,BS_1,flow_east.3,468.0586809409692,240.0,148.0,240.0
54.0,flow_east.4,direct,BS_1,-1,402.0662830177585,240.0,148.0,240.0
54.0,flow_east.4,relay,BS_1,vehicle_1,383.44562207440975,240.0,88.0,240.0
54.0,flow_east.4,relay,BS_1,flow_east.3,468.0586809409692,240.0,148.0,240.0
54.0,flow_east.4,relay,BS_1,vehicle_0,341.93918767585893,148.0,88.0,148.0
54.0,flow_east.4,relay,BS_1,flow_east.2,329.3498405350366,148.0,88.0,148.0
54.0,flow_east.4,relay,BS_1,flow_west.4,328.4552191106342,148.0,88.0,148.0
54.0,flow_west.4,direct,BS_1,-1,328.4552191106342,148.0,88.0,148.0
54.0,flow_west.4,relay,BS_1,flow_east.2,329.3498405350366,148.0,88.0,148.0
54.0,flow_west.4,relay,BS_1,vehicle_0,341.93918767585893,148.0,88.0,148.0
54.0,flow_west.4,relay,BS_1,vehicle_2,301.34519899680197,148.0,88.0,148.0
54.0,flow_west.4,relay,BS_1,vehicle_1,383.44562207440975,240.0,88.0,240.0
54.0,flow_west.4,relay,BS_1,flow_east.4,402.0662830177585,240.0,148.0,240.0
54.0,vehicle_0,direct,BS_1,-1,341.93918767585893,148.0,88.0,148.0
54.0,vehicle_0,relay,BS_1,flow_east.2,329.3498405350366,148.0,88.0,148.0
54.0,vehicle_0,relay,BS_1,flow_west.4,328.4552191106342,148.0,88.0,148.0
54.0,vehicle_0,relay,BS_1,vehicle_1,383.44562207440975,240.0,88.0,240.0
54.0,vehicle_0,relay,BS_1,vehicle_2,301.34519899680197,148.0,88.0,148.0
54.0,vehicle_0,relay,BS_1,flow_east.4,402.0662830177585,240.0,148.0,240.0
54.0,flow_east.3,direct,BS_1,-1,468.0586809409692,240.0,148.0,240.0
54.0,flow_east.3,relay,BS_1,flow_east.4,402.0662830177585,240.0,148.0,240.0
54.0,flow_east.3,relay,BS_1,vehicle_1,383.44562207440975,240.0,88.0,240.0
54.0,flow_east.3,relay,BS_1,flow_west.2,461.67971307457674,240.0,148.0,240.0
54.0,flow_east.3,relay,BS_1,vehicle_0,341.93918767585893,148.0,88.0,148.0
54.0,flow_east.3,relay,BS_1,flow_west.3,341.3370302827034,148.0,88.0,148.0
54.0,flow_east.1,direct,BS_1,-1,177.1429351712039,88.0,38.0,88.0
54.0,flow_east.1,relay,BS_1,flow_west.3,627.6326004135207,330.0,240.0,330.0
54.0,flow_east.1,relay,BS_1,flow_west.2,515.5893702838652,330.0,148.0,330.0
54.0,flow_east.1,relay,BS_1,flow_east.3,301.34519899680197,148.0,88.0,148.0
54.0,flow_east.1,relay,BS_1,flow_east.4,224.1877078101824,148.0,38.0,148.0
54.0,flow_east.1,relay,BS_1,vehicle_1,205.41512108881653,88.0,38.0,88.0
54.0,flow_west.3,direct,BS_1,-1,627.6326004135207,330.0,240.0,330.0
54.0,flow_west.3,relay,BS_1,flow_east.1,177.1429351712039,88.0,38.0,88.0
54.0,flow_west.3,relay,BS_1,flow_west.2,581.8318778265818,330.0,240.0,330.0
54.0,flow_west.3,relay,BS_1,flow_east.3,341.3370302827034,148.0,88.0,148.0
54.0,flow_west.3,relay,BS_1,flow_east.4,249.8988980026021,148.0,88.0,148.0
54.0,flow_west.3,relay,BS_1,vehicle_1,228.1314121975733,148.0,38.0,148.0
54.0,flow_east.2,direct,BS_1,-1,329.3498405350366,148.0,88.0,148.0
54.0,flow_east.2,relay,BS_1,flow_west.4,328.4552191106342,148.0,88.0,148.0
54.0,flow_east.2,relay,BS_1,vehicle_0,341.93918767585893,148.0,88.0,148.0
54.0,flow_east.2,relay,BS_1,vehicle_2,301.34519899680197,148.0,88.0,148.0
54.0,flow_east.2,relay,BS_1,vehicle_1,383.44562207440975,240.0,88.0,240.0
54.0,flow_east.2,relay,BS_1,flow_east.4,402.0662830177585,240.0,148.0,240.0
55.0,vehicle_2,direct,BS_1,-1,293.8062689359431,148.0,88.0,148.0
55.0,vehicle_2,relay,BS_1,flow_east.2,321.91425968029665,148.0,88.0,148.0
55.0,vehicle_2,relay,BS_1,vehicle_0,334.7306890543364,148.0,88.0,148.0
55.0,vehicle_2,relay,BS_1,flow_west.4,336.82921182264226,148.0,88.0,148.0
55.0,vehicle_2,relay,BS_1,vehicle_1,373.58669431504455,240.0,88.0,240.0
55.0,vehicle_2,relay,BS_1,flow_east.4,368.3710439872822,240.0,88.0,240.0
55.0,flow_west.2,direct,BS_1,-1,594.24084323702,330.0,240.0,330.0
55.0,flow_west.2,relay,BS_1,flow_west.3,180.68398393855293,88.0,38.0,88.0
55.0,flow_west.2,relay,BS_1,flow_east.1,176.67347736439908,88.0,38.0,88.0
55.0,flow_west.2,relay,BS_1,flow_east.3,404.5614985753256,240.0,148.0,240.0
55.0,flow_west.2,relay,BS_1,flow_east.4,286.8992724193575,148.0,88.0,148.0
55.0,flow_west.2,relay,BS_1,vehicle_1,260.36805449547734,148.0,88.0,148.0
55.0,vehicle_1,direct,BS_1,-1,373.58669431504455,240.0,88.0,240.0
55.0,vehicle_1,relay,BS_1,flow_east.4,391.4937533047362,240.0,88.0,240.0
55.0,vehicle_1,relay,BS_1,flow_west.4,336.82921182264226,148.0,88.0,148.0
55.0,vehicle_1,relay,BS_1,vehicle_0,334.7306890543364,148.0,88.0,148.0
55.0,vehicle_1,relay,BS_1,flow_east.2,321.91425968029665,148.0,88.0,148.0
55.0,vehicle_1,relay,BS_1,flow_east.3,456.5851280360261,240.0,148.0,240.0
55.0,flow_east.4,direct,BS_1,-1,391.4937533047362,240.0,88.0,240.0
55.0,flow_east.4,relay,BS_1,vehicle_1,373.58669431504455,240.0,88.0,240.0
55.0,flow_east.4,relay,BS_1,flow_east.3,456.5851280360261,240.0,148.0,240.0
55.0,flow_east.4,relay,BS_1,flow_west.4,336.82921182264226,148.0,88.0,148.0
55.0,flow_east.4,relay,BS_1,vehicle_0,334.7306890543364,148.0,88.0,148.0
55.0,flow_east.4,relay,BS_1,flow_east.2,321.91425968029665,148.0,88.0,148.0
55.0,flow_west.4,direct,BS_1,-1,336.82921182264226,148.0,88.0,148.0
55.0,flow_west.4,relay,BS_1,vehicle_0,334.7306890543364,148.0,88.0,148.0
55.0,flow_west.4,relay,BS_1,flow_east.2,321.91425968029665,148.0,88.0,148.0
55.0,flow_west.4,relay,BS_1,vehicle_1,373.58669431504455,240.0,88.0,240.0
55.0,flow_west.4,relay,BS_1,vehicle_2,293.8062689359431,148.0,88.0,148.0
55.0,flow_west.4,relay,BS_1,flow_east.4,391.4937533047362,240.0,88.0,240.0
55.0,vehicle_0,direct,BS_1,-1,334.7306890543364,148.0,88.0,148.0
55.0,vehicle_0,relay,BS_1,flow_west.4,336.82921182264226,148.0,88.0,148.0
55.0,vehicle_0,relay,BS_1,flow_east.2,321.91425968029665,148.0,88.0,148.0
55.0,vehicle_0,relay,BS_1,vehicle_1,373.58669431504455,240.0,88.0,240.0
55.0,vehicle_0,relay,BS_1,vehicle_2,293.8062689359431,148.0,88.0,148.0
55.0,vehicle_0,relay,BS_1,flow_east.4,391.4937533047362,240.0,88.0,240.0
55.0,flow_east.3,direct,BS_1,-1,456.5851280360261,240.0,148.0,240.0
55.0,flow_east.3,relay,BS_1,flow_east.4,391.4937533047362,240.0,88.0,240.0
55.0,flow_east.3,relay,BS_1,vehicle_1,373.58669431504455,240.0,88.0,240.0
55.0,flow_east.3,relay,BS_1,flow_west.2,404.5614985753256,240.0,148.0,240.0
55.0,flow_east.3,relay,BS_1,flow_west.4,336.82921182264226,148.0,88.0,148.0
55.0,flow_east.3,relay,BS_1,vehicle_0,334.7306890543364,148.0,88.0,148.0
55.0,flow_east.1,direct,BS_1,-1,176.67347736439908,88.0,38.0,88.0
55.0,flow_east.1,relay,BS_1,flow_west.3,180.68398393855293,88.0,38.0,88.0
55.0,flow_east.1,relay,BS_1,flow_west.2,594.24084323702,330.0,240.0,330.0
55.0,flow_east.1,relay,BS_1,flow_east.3,301.6362945583815,148.0,88.0,148.0
55.0,flow_east.1,relay,BS_1,flow_east.4,223.1408755218506,148.0,38.0,148.0
55.0,flow_east.1,relay,BS_1,vehicle_1,204.6591390088494,88.0,38.0,88.0
55.0,flow_west.3,direct,BS_1,-1,180.68398393855293,88.0,38.0,88.0
55.0,flow_west.3,relay,BS_1,flow_east.1,176.67347736439908,88.0,38.0,88.0
55.0,flow_west.3,relay,BS_1,flow_west.2,594.24084323702,330.0,240.0,330.0
55.0,flow_west.3,relay,BS_1,flow_east.3,303.9680296470533,148.0,88.0,148.0
55.0,flow_west.3,relay,BS_1,flow_east.4,224.71188976288005,148.0,38.0,148.0
55.0,flow_west.3,relay,BS_1,vehicle_1,205.91980858011797,148.0,38.0,148.0
55.0,flow_east.2,direct,BS_1,-1,321.91425968029665,148.0,88.0,148.0
55.0,flow_east.2,relay,BS_1,vehicle_0,334.7306890543364,148.0,88.0,148.0
55.0,flow_east.2,relay,BS_1,flow_west.4,336.82921182264226,148.0,88.0,148.0
55.0,flow_east.2,relay,BS_1,vehicle_2,293.8062689359431,148.0,88.0,148.0
55.0,flow_east.2,relay,BS_1,vehicle_1,373.58669431504455,240.0,88.0,240.0
55.0,flow_east.2,relay,BS_1,flow_east.4,391.4937533047362,240.0,88.0,240.0
56.0,flow_west.2,direct,BS_1,-1,605.3586310654136,330.0,240.0,330.0
56.0,flow_west.2,relay,BS_1,flow_east.1,623.370639942528,330.0,240.0,330.0
56.0,flow_west.2,relay,BS_1,flow_west.3,181.3964259140568,88.0,38.0,88.0
56.0,flow_west.2,relay,BS_1,flow_east.3,359.81539519362747,240.0,88.0,240.0
56.0,flow_west.2,relay,BS_1,flow_east.4,257.04517885241177,148.0,88.0,148.0
56.0,flow_west.2,relay,BS_1,vehicle_1,235.03345020851685,148.0,38.0,148.0
56.0,vehicle_1,direct,BS_1,-1,363.78215759761594,240.0,88.0,240.0
56.0,vehicle_1,relay,BS_1,flow_east.4,380.6674965153172,240.0,88.0,240.0
56.0,vehicle_1,relay,BS_1,flow_west.4,346.1614941903182,240.0,88.0,240.0
56.0,vehicle_1,relay,BS_1,vehicle_0,326.96559396634837,148.0,88.0,148.0
56.0,vehicle_1,relay,BS_1,flow_east.2,314.8191920503417,148.0,88.0,148.0
56.0,vehicle_1,relay,BS_1,flow_east.3,445.7857675690306,240.0,148.0,240.0
56.0,flow_east.4,direct,BS_1,-1,380.6674965153172,240.0,88.0,240.0
56.0,flow_east.4,relay,BS_1,vehicle_1,363.78215759761594,240.0,88.0,240.0
56.0,flow_east.4,relay,BS_1,flow_west.4,346.1614941903182,240.0,88.0,240.0
56.0,flow_east.4,relay,BS_1,flow_east.3,445.7857675690306,240.0,148.0,240.0
56.0,flow_east.4,relay,BS_1,vehicle_0,326.96559396634837,148.0,88.0,148.0
56.0,flow_east.4,relay,BS_1,flow_east.2,314.8191920503417,148.0,88.0,148.0
56.0,flow_west.4,direct,BS_1,-1,346.1614941903182,240.0,88.0,240.0
56.0,flow_west.4,relay,BS_1,vehicle_1,363.78215759761594,240.0,88.0,240.0
56.0,flow_west.4,relay,BS_1,vehicle_0,326.96559396634837,148.0,88.0,148.0
56.0,flow_west.4,relay,BS_1,flow_east.2,314.8191920503417,148.0,88.0,148.0
56.0,flow_west.4,relay,BS_1,flow_east.4,380.6674965153172,240.0,88.0,240.0
56.0,flow_west.4,relay,BS_1,flow_east.3,413.6296739051722,240.0,148.0,240.0
56.0,vehicle_0,direct,BS_1,-1,326.96559396634837,148.0,88.0,148.0
56.0,vehicle_0,relay,BS_1,flow_east.2,314.8191920503417,148.0,88.0,148.0
56.0,vehicle_0,relay,BS_1,flow_west.4,346.1614941903182,240.0,88.0,240.0
56.0,vehicle_0,relay,BS_1,vehicle_1,363.78215759761594,240.0,88.0,240.0
56.0,vehicle_0,relay,BS_1,flow_east.4,380.6674965153172,240.0,88.0,240.0
56.0,vehicle_0,relay,BS_1,flow_east.3,358.5968117845097,240.0,88.0,240.0
56.0,flow_east.3,direct,BS_1,-1,445.7857675690306,240.0,148.0,240.0
56.0,flow_east.3,relay,BS_1,flow_east.4,380.6674965153172,240.0,88.0,240.0
56.0,flow_east.3,relay,BS_1,vehicle_1,363.78215759761594,240.0,88.0,240.0
56.0,flow_east.3,relay,BS_1,flow_west.4,346.1614941903182,240.0,88.0,240.0
56.0,flow_east.3,relay,BS_1,flow_west.2,359.81539519362747,240.0,88.0,240.0
56.0,flow_east.3,relay,BS_1,vehicle_0,326.96559396634837,148.0,88.0,148.0
56.0,flow_east.1,direct,BS_1,-1,623.370639942528,330.0,240.0,330.0
56.0,flow_east.1,relay,BS_1,flow_west.3,181.3964259140568,88.0,38.0,88.0
56.0,flow_east.1,relay,BS_1,flow_west.2,605.3586310654136,330.0,240.0,330.0
56.0,flow_east.1,relay,BS_1,flow_east.3,301.92747297090347,148.0,88.0,148.0
56.0,flow_east.1,relay,BS_1,flow_east.4,221.0533753742114,148.0,38.0,148.0
56.0,flow_east.1,relay,BS_1,vehicle_1,203.15096832068,88.0,38.0,88.0
56.0,flow_west.3,direct,BS_1,-1,181.3964259140568,88.0,38.0,88.0
56.0,flow_west.3,relay,BS_1,flow_east.1,623.370639942528,330.0,240.0,330.0
56.0,flow_west.3,relay,BS_1,flow_west.2,605.3586310654136,330.0,240.0,330.0
56.0,flow_west.3,relay,BS_1,flow_east.3,274.09062221653113,148.0,88.0,148.0
56.0,flow_west.3,relay,BS_1,flow_east.4,202.9001002282203,88.0,38.0,88.0
56.0,flow_west.3,relay,BS_1,vehicle_1,187.14604681000856,88.0,38.0,88.0
56.0,flow_east.2,direct,BS_1,-1,314.8191920503417,148.0,88.0,148.0
56.0,flow_east.2,relay,BS_1,vehicle_0,326.96559396634837,148.0,88.0,148.0
56.0,flow_east.2,relay,BS_1,flow_west.4,346.1614941903182,240.0,88.0,240.0
56.0,flow_east.2,relay,BS_1,vehicle_1,363.78215759761594,240.0,88.0,240.0
56.0,flow_east.2,relay,BS_1,flow_east.4,380.6674965153172,240.0,88.0,240.0
56.0,flow_east.2,relay,BS_1,flow_east.3,326.96559396634837,148.0,88.0,148.0
57.0,flow_west.2,direct,BS_1,-1,615.8344321037408,330.0,240.0,330.0
57.0,flow_west.2,relay,BS_1,flow_east.1,618.7827334229928,330.0,240.0,330.0
57.0,flow_west.2,relay,BS_1,flow_west.3,611.2498921041574,330.0,240.0,330.0
57.0,flow_west.2,relay,BS_1,flow_east.3,321.02502883710184,148.0,88.0,148.0
57.0,flow_west.2,relay,BS_1,flow_east.4,231.57205630028776,148.0,38.0,148.0
57.0,flow_west.2,relay,BS_1,flow_west.4,212.78715673696632,148.0,38.0,148.0
57.0,vehicle_1,direct,BS_1,-1,354.339174713274,240.0,88.0,240.0
57.0,vehicle_1,relay,BS_1,flow_west.4,355.55445653576396,240.0,88.0,240.0
57.0,vehicle_1,relay,BS_1,flow_east.4,370.5167731297862,240.0,88.0,240.0
57.0,vehicle_1,relay,BS_1,vehicle_0,319.54445354404555,148.0,88.0,148.0
57.0,vehicle_1,relay,BS_1,flow_east.2,307.7682200008818,148.0,88.0,148.0
57.0,vehicle_1,relay,BS_1,flow_east.3,435.3407505633056,240.0,148.0,240.0
57.0,flow_east.4,direct,BS_1,-1,370.5167731297862,240.0,88.0,240.0
57.0,flow_east.4,relay,BS_1,flow_west.4,355.55445653576396,240.0,88.0,240.0
57.0,flow_east.4,relay,BS_1,vehicle_1,354.339174713274,240.0,88.0,240.0
57.0,flow_east.4,relay,BS_1,vehicle_0,319.54445354404555,148.0,88.0,148.0
57.0,flow_east.4,relay,BS_1,flow_east.3,435.3407505633056,240.0,148.0,240.0
57.0,flow_east.4,relay,BS_1,flow_east.2,307.7682200008818,148.0,88.0,148.0
57.0,flow_west.4,direct,BS_1,-1,355.55445653576396,240.0,88.0,240.0
57.0,flow_west.4,relay,BS_1,vehicle_1,354.339174713274,240.0,88.0,240.0
57.0,flow_west.4,relay,BS_1,flow_east.4,370.5167731297862,240.0,88.0,240.0
57.0,flow_west.4,relay,BS_1,vehicle_0,319.54445354404555,148.0,88.0,148.0
57.0,flow_west.4,relay,BS_1,flow_east.2,307.7682200008818,148.0,88.0,148.0
57.0,flow_west.4,relay,BS_1,flow_east.3,435.3407505633056,240.0,148.0,240.0
57.0,vehicle_0,direct,BS_1,-1,319.54445354404555,148.0,88.0,148.0
57.0,vehicle_0,relay,BS_1,flow_east.2,307.7682200008818,148.0,88.0,148.0
57.0,vehicle_0,relay,BS_1,vehicle_1,354.339174713274,240.0,88.0,240.0
57.0,vehicle_0,relay,BS_1,flow_west.4,355.55445653576396,240.0,88.0,240.0
57.0,vehicle_0,relay,BS_1,flow_east.4,370.5167731297862,240.0,88.0,240.0
57.0,vehicle_0,relay,BS_1,flow_east.3,357.6834869640201,240.0,88.0,240.0
57.0,flow_east.3,direct,BS_1,-1,435.3407505633056,240.0,148.0,240.0
57.0,flow_east.3,relay,BS_1,flow_east.4,370.5167731297862,240.0,88.0,240.0
57.0,flow_east.3,relay,BS_1,flow_west.4,355.55445653576396,240.0,88.0,240.0
57.0,flow_east.3,relay,BS_1,vehicle_1,354.339174713274,240.0,88.0,240.0
57.0,flow_east.3,relay,BS_1,vehicle_0,319.54445354404555,148.0,88.0,148.0
57.0,flow_east.3,relay,BS_1,flow_east.2,307.7682200008818,148.0,88.0,148.0
57.0,flow_east.1,direct,BS_1,-1,618.7827334229928,330.0,240.0,330.0
57.0,flow_east.1,relay,BS_1,flow_west.2,615.8344321037408,330.0,240.0,330.0
57.0,flow_east.1,relay,BS_1,flow_west.3,639.443399751572,330.0,240.0,330.0
57.0,flow_east.1,relay,BS_1,flow_east.3,301.6362945583815,148.0,88.0,148.0
57.0,flow_east.1,relay,BS_1,flow_east.4,219.2336114264695,148.0,38.0,148.0
57.0,flow_east.1,relay,BS_1,flow_west.4,202.14834559963,88.0,38.0,88.0
57.0,flow_west.3,direct,BS_1,-1,639.443399751572,330.0,240.0,330.0
57.0,flow_west.3,relay,BS_1,flow_east.1,618.7827334229928,330.0,240.0,330.0
57.0,flow_west.3,relay,BS_1,flow_west.2,611.2498921041574,330.0,240.0,330.0
57.0,flow_west.3,relay,BS_1,flow_east.3,246.89796834772255,148.0,88.0,148.0
57.0,flow_west.3,relay,BS_1,flow_east.4,184.02066813704585,88.0,38.0,88.0
57.0,flow_west.3,relay,BS_1,flow_west.4,170.39842511625605,88.0,38.0,88.0
57.0,flow_east.2,direct,BS_1,-1,307.7682200008818,148.0,88.0,148.0
57.0,flow_east.2,relay,BS_1,vehicle_0,319.54445354404555,148.0,88.0,148.0
57.0,flow_east.2,relay,BS_1,vehicle_1,354.339174713274,240.0,88.0,240.0
57.0,flow_east.2,relay,BS_1,flow_west.4,355.55445653576396,240.0,88.0,240.0
57.0,flow_east.2,relay,BS_1,flow_east.4,370.5167731297862,240.0,88.0,240.0
57.0,flow_east.2,relay,BS_1,flow_east.3,326.0726709079027,148.0,88.0,148.0
58.0,flow_west.2,direct,BS_1,-1,624.026217075783,330.0,240.0,330.0
58.0,flow_west.2,relay,BS_1,flow_east.1,612.2321160207898,330.0,240.0,330.0
58.0,flow_west.2,relay,BS_1,flow_west.3,608.9584187755594,330.0,240.0,330.0
58.0,flow_west.2,relay,BS_1,flow_east.3,287.75984293538914,148.0,88.0,148.0
58.0,flow_west.2,relay,BS_1,flow_west.4,212.78715673696632,148.0,38.0,148.0
58.0,flow_west.2,relay,BS_1,flow_east.4,209.4681698477862,148.0,38.0,148.0
58.0,vehicle_1,direct,BS_1,-1,345.859486643437,148.0,88.0,148.0
58.0,vehicle_1,relay,BS_1,flow_east.4,361.03490574409824,240.0,88.0,240.0
58.0,vehicle_1,relay,BS_1,flow_west.4,365.00463249268927,240.0,88.0,240.0
58.0,vehicle_1,relay,BS_1,vehicle_0,312.16980846719105,148.0,88.0,148.0
58.0,vehicle_1,relay,BS_1,flow_east.2,300.7632570013948,148.0,88.0,148.0
58.0,vehicle_1,relay,BS_1,flow_east.3,424.934503470043,240.0,148.0,240.0
58.0,flow_east.4,direct,BS_1,-1,361.03490574409824,240.0,88.0,240.0
58.0,flow_east.4,relay,BS_1,flow_west.4,365.00463249268927,240.0,88.0,240.0
58.0,flow_east.4,relay,BS_1,vehicle_1,345.859486643437,148.0,88.0,148.0
58.0,flow_east.4,relay,BS_1,vehicle_0,312.16980846719105,148.0,88.0,148.0
58.0,flow_east.4,relay,BS_1,flow_east.3,424.934503470043,240.0,148.0,240.0
58.0,flow_east.4,relay,BS_1,flow_east.2,300.7632570013948,148.0,88.0,148.0
58.0,flow_west.4,direct,BS_1,-1,365.00463249268927,240.0,88.0,240.0
58.0,flow_west.4,relay,BS_1,flow_east.4,361.03490574409824,240.0,88.0,240.0
58.0,flow_west.4,relay,BS_1,vehicle_1,345.859486643437,148.0,88.0,148.0
58.0,flow_west.4,relay,BS_1,flow_east.3,424.934503470043,240.0,148.0,240.0
58.0,flow_west.4,relay,BS_1,vehicle_0,312.16980846719105,148.0,88.0,148.0
58.0,flow_west.4,relay,BS_1,flow_east.2,300.7632570013948,148.0,88.0,148.0
58.0,vehicle_0,direct,BS_1,-1,312.16980846719105,148.0,88.0,148.0
58.0,vehicle_0,relay,BS_1,flow_east.2,300.7632570013948,148.0,88.0,148.0
58.0,vehicle_0,relay,BS_1,vehicle_1,345.859486643437,148.0,88.0,148.0
58.0,vehicle_0,relay,BS_1,flow_east.4,361.03490574409824,240.0,88.0,240.0
58.0,vehicle_0,relay,BS_1,flow_west.4,365.00463249268927,240.0,88.0,240.0
58.0,vehicle_0,relay,BS_1,flow_east.3,356.77069071425103,240.0,88.0,240.0
58.0,flow_east.3,direct,BS_1,-1,424.934503470043,240.0,148.0,240.0
58.0,flow_east.3,relay,BS_1,flow_west.4,365.00463249268927,240.0,88.0,240.0
58.0,flow_east.3,relay,BS_1,flow_east.4,361.03490574409824,240.0,88.0,240.0
58.0,flow_east.3,relay,BS_1,vehicle_1,345.859486643437,148.0,88.0,148.0
58.0,flow_east.3,relay,BS_1,vehicle_0,312.16980846719105,148.0,88.0,148.0
58.0,flow_east.3,relay,BS_1,flow_east.2,300.7632570013948,148.0,88.0,148.0
58.0,flow_east.1,direct,BS_1,-1,612.2321160207898,330.0,240.0,330.0
58.0,flow_east.1,relay,BS_1,flow_west.2,624.026217075783,330.0,240.0,330.0
58.0,flow_east.1,relay,BS_1,flow_west.3,570.7453774099582,330.0,240.0,330.0
58.0,flow_east.1,relay,BS_1,flow_east.3,301.05418642985774,148.0,88.0,148.0
58.0,flow_east.1,relay,BS_1,flow_west.4,221.57447646841135,148.0,38.0,148.0
58.0,flow_east.1,relay,BS_1,flow_east.4,217.9376988698967,148.0,38.0,148.0
58.0,flow_west.3,direct,BS_1,-1,634.8488745126301,330.0,240.0,330.0
58.0,flow_west.3,relay,BS_1,flow_west.2,609.2857391040316,330.0,240.0,330.0
58.0,flow_west.3,relay,BS_1,flow_east.1,570.7453774099582,330.0,240.0,330.0
58.0,flow_west.3,relay,BS_1,flow_east.3,223.6640359445716,148.0,38.0,148.0
58.0,flow_west.3,relay,BS_1,flow_west.4,169.93828982954145,88.0,38.0,88.0
58.0,flow_west.3,relay,BS_1,flow_east.4,167.41923132085685,88.0,38.0,88.0
58.0,flow_east.2,direct,BS_1,-1,300.7632570013948,148.0,88.0,148.0
58.0,flow_east.2,relay,BS_1,vehicle_0,312.16980846719105,148.0,88.0,148.0
58.0,flow_east.2,relay,BS_1,vehicle_1,345.859486643437,148.0,88.0,148.0
58.0,flow_east.2,relay,BS_1,flow_east.4,361.03490574409824,240.0,88.0,240.0
58.0,flow_east.2,relay,BS_1,flow_west.4,365.00463249268927,240.0,88.0,240.0
58.0,flow_east.2,relay,BS_1,flow_east.3,325.4777460451084,148.0,88.0,148.0
59.0,flow_west.2,direct,BS_1,-1,629.2722569700819,330.0,240.0,330.0
59.0,flow_west.2,relay,BS_1,flow_east.1,604.0499558655514,330.0,240.0,330.0
59.0,flow_west.2,relay,BS_1,flow_west.3,624.026217075783,330.0,240.0,330.0
59.0,flow_west.2,relay,BS_1,flow_east.3,259.8131829210259,148.0,88.0,148.0
59.0,flow_west.2,relay,BS_1,flow_west.4,214.0697838057939,148.0,38.0,148.0
59.0,flow_west.2,relay,BS_1,flow_east.4,190.54054050863795,88.0,38.0,88.0
59.0,vehicle_1,direct,BS_1,-1,337.12926937869634,148.0,88.0,148.0
59.0,vehicle_1,relay,BS_1,flow_east.4,351.6083105509803,240.0,88.0,240.0
59.0,vehicle_1,relay,BS_1,vehicle_0,305.4280242009065,148.0,88.0,148.0
59.0,vehicle_1,relay,BS_1,flow_west.4,375.4312026342536,240.0,88.0,240.0
59.0,vehicle_1,relay,BS_1,flow_east.2,294.09515949177427,148.0,88.0,148.0
59.0,vehicle_1,relay,BS_1,flow_east.3,414.5697654032509,240.0,148.0,240.0
59.0,flow_east.4,direct,BS_1,-1,351.6083105509803,240.0,88.0,240.0
59.0,flow_east.4,relay,BS_1,vehicle_1,337.12926937869634,148.0,88.0,148.0
59.0,flow_east.4,relay,BS_1,flow_west.4,375.4312026342536,240.0,88.0,240.0
59.0,flow_east.4,relay,BS_1,vehicle_0,305.4280242009065,148.0,88.0,148.0
59.0,flow_east.4,relay,BS_1,flow_east.3,414.5697654032509,240.0,148.0,240.0
59.0,flow_east.4,relay,BS_1,flow_east.2,294.09515949177427,148.0,88.0,148.0
59.0,flow_west.4,direct,BS_1,-1,375.4312026342536,240.0,88.0,240.0
59.0,flow_west.4,relay,BS_1,flow_east.4,351.6083105509803,240.0,88.0,240.0
59.0,flow_west.4,relay,BS_1,flow_east.3,414.5697654032509,240.0,148.0,240.0
59.0,flow_west.4,relay,BS_1,vehicle_1,337.12926937869634,148.0,88.0,148.0
59.0,flow_west.4,relay,BS_1,vehicle_0,305.4280242009065,148.0,88.0,148.0
59.0,flow_west.4,relay,BS_1,flow_east.2,294.09515949177427,148.0,88.0,148.0
59.0,vehicle_0,direct,BS_1,-1,305.4280242009065,148.0,88.0,148.0
59.0,vehicle_0,relay,BS_1,flow_east.2,294.09515949177427,148.0,88.0,148.0
59.0,vehicle_0,relay,BS_1,vehicle_1,337.12926937869634,148.0,88.0,148.0
59.0,vehicle_0,relay,BS_1,flow_east.4,351.6083105509803,240.0,88.0,240.0
59.0,vehicle_0,relay,BS_1,flow_west.4,375.4312026342536,240.0,88.0,240.0
59.0,vehicle_0,relay,BS_1,flow_east.3,357.379162667208,240.0,88.0,240.0
59.0,flow_east.3,direct,BS_1,-1,414.5697654032509,240.0,148.0,240.0
59.0,flow_east.3,relay,BS_1,flow_west.4,375.4312026342536,240.0,88.0,240.0
59.0,flow_east.3,relay,BS_1,flow_east.4,351.6083105509803,240.0,88.0,240.0
59.0,flow_east.3,relay,BS_1,vehicle_1,337.12926937869634,148.0,88.0,148.0
59.0,flow_east.3,relay,BS_1,vehicle_0,305.4280242009065,148.0,88.0,148.0
59.0,flow_east.3,relay,BS_1,flow_east.2,294.09515949177427,148.0,88.0,148.0
59.0,flow_east.1,direct,BS_1,-1,604.0499558655514,330.0,240.0,330.0
59.0,flow_east.1,relay,BS_1,flow_west.2,629.2722569700819,330.0,240.0,330.0
59.0,flow_east.1,relay,BS_1,flow_west.3,509.1361009943205,330.0,148.0,330.0
59.0,flow_east.1,relay,BS_1,flow_east.3,300.4724108554143,148.0,88.0,148.0
59.0,flow_east.1,relay,BS_1,flow_west.4,244.4528405287371,148.0,38.0,148.0
59.0,flow_east.1,relay,BS_1,flow_east.4,216.38694803389723,148.0,38.0,148.0
59.0,flow_west.3,direct,BS_1,-1,624.026217075783,330.0,240.0,330.0
59.0,flow_west.3,relay,BS_1,flow_west.2,629.2722569700819,330.0,240.0,330.0
59.0,flow_west.3,relay,BS_1,flow_east.1,509.1361009943205,330.0,148.0,330.0
59.0,flow_west.3,relay,BS_1,flow_east.3,203.15096832068,88.0,38.0,88.0
59.0,flow_west.3,relay,BS_1,flow_west.4,170.16827604304115,88.0,38.0,88.0
59.0,flow_west.3,relay,BS_1,flow_east.4,153.16368092101192,88.0,38.0,88.0
59.0,flow_east.2,direct,BS_1,-1,294.09515949177427,148.0,88.0,148.0
59.0,flow_east.2,relay,BS_1,vehicle_0,305.4280242009065,148.0,88.0,148.0
59.0,flow_east.2,relay,BS_1,vehicle_1,337.12926937869634,148.0,88.0,148.0
59.0,flow_east.2,relay,BS_1,flow_east.4,351.6083105509803,240.0,88.0,240.0
59.0,flow_east.2,relay,BS_1,flow_west.4,375.4312026342536,240.0,88.0,240.0
59.0,flow_east.2,relay,BS_1,flow_east.3,324.88310814000465,148.0,88.0,148.0
60.0,flow_west.2,direct,BS_1,-1,181.15878937659377,88.0,38.0,88.0
60.0,flow_west.2,relay,BS_1,flow_west.5,625.9931873847293,330.0,240.0,330.0
60.0,flow_west.2,relay,BS_1,flow_west.3,612.8869861177827,330.0,240.0,330.0
60.0,flow_west.2,relay,BS_1,flow_east.1,594.5676402537566,330.0,240.0,330.0
60.0,flow_west.2,relay,BS_1,flow_east.5,384.37256498431816,240.0,88.0,240.0
60.0,flow_west.2,relay,BS_1,flow_east.3,235.5677903824343,148.0,38.0,148.0
60.0,vehicle_1,direct,BS_1,-1,329.3498405350366,148.0,88.0,148.0
60.0,vehicle_1,relay,BS_1,flow_east.4,343.1442792274149,148.0,88.0,148.0
60.0,vehicle_1,relay,BS_1,vehicle_0,298.4388318711436,148.0,88.0,148.0
60.0,vehicle_1,relay,BS_1,flow_west.4,386.227786417579,240.0,88.0,240.0
60.0,vehicle_1,relay,BS_1,flow_east.3,404.8735972595023,240.0,148.0,240.0
60.0,vehicle_1,relay,BS_1,flow_east.5,272.679342779729,148.0,88.0,148.0
60.0,flow_east.4,direct,BS_1,-1,343.1442792274149,148.0,88.0,148.0
60.0,flow_east.4,relay,BS_1,vehicle_1,329.3498405350366,148.0,88.0,148.0
60.0,flow_east.4,relay,BS_1,flow_west.4,386.227786417579,240.0,88.0,240.0
60.0,flow_east.4,relay,BS_1,vehicle_0,298.4388318711436,148.0,88.0,148.0
60.0,flow_east.4,relay,BS_1,flow_east.3,404.8735972595023,240.0,148.0,240.0
60.0,flow_east.4,relay,BS_1,flow_east.5,298.4388318711436,148.0,88.0,148.0
60.0,flow_west.4,direct,BS_1,-1,386.227786417579,240.0,88.0,240.0
60.0,flow_west.4,relay,BS_1,flow_east.3,404.8735972595023,240.0,148.0,240.0
60.0,flow_west.4,relay,BS_1,flow_east.4,343.1442792274149,148.0,88.0,148.0
60.0,flow_west.4,relay,BS_1,vehicle_1,329.3498405350366,148.0,88.0,148.0
60.0,flow_west.4,relay,BS_1,vehicle_0,298.4388318711436,148.0,88.0,148.0
60.0,flow_west.4,relay,BS_1,flow_east.5,391.18360719111,240.0,88.0,240.0
60.0,vehicle_0,direct,BS_1,-1,298.4388318711436,148.0,88.0,148.0
60.0,vehicle_0,relay,BS_1,vehicle_1,329.3498405350366,148.0,88.0,148.0
60.0,vehicle_0,relay,BS_1,flow_east.4,343.1442792274149,148.0,88.0,148.0
60.0,vehicle_0,relay,BS_1,flow_west.4,386.227786417579,240.0,88.0,240.0
60.0,vehicle_0,relay,BS_1,flow_east.3,355.55445653576396,240.0,88.0,240.0
60.0,vehicle_0,relay,BS_1,flow_east.5,221.57447646841135,148.0,38.0,148.0
60.0,flow_east.3,direct,BS_1,-1,404.8735972595023,240.0,148.0,240.0
60.0,flow_east.3,relay,BS_1,flow_west.4,386.227786417579,240.0,88.0,240.0
60.0,flow_east.3,relay,BS_1,flow_east.4,343.1442792274149,148.0,88.0,148.0
60.0,flow_east.3,relay,BS_1,vehicle_1,329.3498405350366,148.0,88.0,148.0
60.0,flow_east.3,relay,BS_1,flow_east.5,444.5177274754267,240.0,148.0,240.0
60.0,flow_east.3,relay,BS_1,vehicle_0,298.4388318711436,148.0,88.0,148.0
60.0,flow_west.5,direct,BS_1,-1,625.9931873847293,330.0,240.0,330.0
60.0,flow_west.5,relay,BS_1,flow_west.2,181.15878937659377,88.0,38.0,88.0
60.0,flow_west.5,relay,BS_1,flow_east.1,594.5676402537566,330.0,240.0,330.0
60.0,flow_west.5,relay,BS_1,flow_west.3,533.3778161585142,330.0,148.0,330.0
60.0,flow_west.5,relay,BS_1,flow_east.5,429.9749459076594,240.0,148.0,240.0
60.0,flow_west.5,relay,BS_1,flow_east.3,256.7689647642131,148.0,88.0,148.0
60.0,flow_east.1,direct,BS_1,-1,594.5676402537566,330.0,240.0,330.0
60.0,flow_east.1,relay,BS_1,flow_west.5,625.9931873847293,330.0,240.0,330.0
60.0,flow_east.1,relay,BS_1,flow_west.2,181.15878937659377,88.0,38.0,88.0
60.0,flow_east.1,relay,BS_1,flow_east.5,512.0390164767683,330.0,148.0,330.0
60.0,flow_east.1,relay,BS_1,flow_west.3,447.6888230000076,240.0,148.0,240.0
60.0,flow_east.1,relay,BS_1,flow_east.3,301.05418642985774,148.0,88.0,148.0
60.0,flow_east.5,direct,BS_1,-1,512.0390164767683,330.0,148.0,330.0
60.0,flow_east.5,relay,BS_1,flow_east.1,537.2666073669767,330.0,148.0,330.0
60.0,flow_east.5,relay,BS_1,flow_east.3,404.8735972595023,240.0,148.0,240.0
60.0,flow_east.5,relay,BS_1,flow_west.5,429.9749459076594,240.0,148.0,240.0
60.0,flow_east.5,relay,BS_1,flow_west.4,386.227786417579,240.0,88.0,240.0
60.0,flow_east.5,relay,BS_1,flow_west.2,181.15878937659377,88.0,38.0,88.0
60.0,flow_west.3,direct,BS_1,-1,612.8869861177827,330.0,240.0,330.0
60.0,flow_west.3,relay,BS_1,flow_west.2,181.15878937659377,88.0,38.0,88.0
60.0,flow_west.3,relay,BS_1,flow_west.5,533.3778161585142,330.0,148.0,330.0
60.0,flow_west.3,relay,BS_1,flow_east.1,447.6888230000076,240.0,148.0,240.0
60.0,flow_west.3,relay,BS_1,flow_east.5,287.1860390896209,148.0,88.0,148.0
60.0,flow_west.3,relay,BS_1,flow_east.3,185.94092084879597,88.0,38.0,88.0
61.0,flow_west.2,direct,BS_1,-1,181.15878937659377,88.0,38.0,88.0
61.0,flow_west.2,relay,BS_1,flow_west.5,630.9121543378973,330.0,240.0,330.0
61.0,flow_west.2,relay,BS_1,flow_west.3,596.2018079278104,330.0,240.0,330.0
61.0,flow_west.2,relay,BS_1,flow_east.1,527.8732715327078,330.0,148.0,330.0
61.0,flow_west.2,relay,BS_1,flow_east.5,339.23153501818246,148.0,88.0,148.0
61.0,flow_west.2,relay,BS_1,flow_west.4,215.61336045783145,148.0,38.0,148.0
61.0,vehicle_1,direct,BS_1,-1,321.61777590408826,148.0,88.0,148.0
61.0,vehicle_1,relay,BS_1,flow_east.4,334.7306890543364,148.0,88.0,148.0
61.0,vehicle_1,relay,BS_1,flow_east.3,395.2191729016103,240.0,148.0,240.0
61.0,vehicle_1,relay,BS_1,flow_west.4,397.3954186299013,240.0,148.0,240.0
61.0,vehicle_1,relay,BS_1,flow_east.5,273.5258174239854,148.0,88.0,148.0
61.0,vehicle_1,relay,BS_1,flow_east.1,198.16067991772067,88.0,38.0,88.0
61.0,flow_east.4,direct,BS_1,-1,334.7306890543364,148.0,88.0,148.0
61.0,flow_east.4,relay,BS_1,vehicle_1,321.61777590408826,148.0,88.0,148.0
61.0,flow_east.4,relay,BS_1,flow_east.3,395.2191729016103,240.0,148.0,240.0
61.0,flow_east.4,relay,BS_1,flow_west.4,397.3954186299013,240.0,148.0,240.0
61.0,flow_east.4,relay,BS_1,flow_east.5,298.72909099491807,148.0,88.0,148.0
61.0,flow_east.4,relay,BS_1,flow_east.1,214.0697838057939,148.0,38.0,148.0
61.0,flow_west.4,direct,BS_1,-1,397.3954186299013,240.0,148.0,240.0
61.0,flow_west.4,relay,BS_1,flow_east.3,395.2191729016103,240.0,148.0,240.0
61.0,flow_west.4,relay,BS_1,flow_east.4,334.7306890543364,148.0,88.0,148.0
61.0,flow_west.4,relay,BS_1,vehicle_1,321.61777590408826,148.0,88.0,148.0
61.0,flow_west.4,relay,BS_1,flow_east.5,451.8161418519275,240.0,148.0,240.0
61.0,flow_west.4,relay,BS_1,flow_east.1,301.6362945583815,148.0,88.0,148.0
61.0,flow_east.3,direct,BS_1,-1,395.2191729016103,240.0,148.0,240.0
61.0,flow_east.3,relay,BS_1,flow_west.4,397.3954186299013,240.0,148.0,240.0
61.0,flow_east.3,relay,BS_1,flow_east.4,334.7306890543364,148.0,88.0,148.0
61.0,flow_east.3,relay,BS_1,vehicle_1,321.61777590408826,148.0,88.0,148.0
61.0,flow_east.3,relay,BS_1,flow_east.5,448.006114133782,240.0,148.0,240.0
61.0,flow_east.3,relay,BS_1,flow_east.1,299.89096898766445,148.0,88.0,148.0
61.0,flow_west.5,direct,BS_1,-1,630.9121543378973,330.0,240.0,330.0
61.0,flow_west.5,relay,BS_1,flow_west.2,181.15878937659377,88.0,38.0,88.0
61.0,flow_west.5,relay,BS_1,flow_east.1,584.4427470435247,330.0,240.0,330.0
61.0,flow_west.5,relay,BS_1,flow_west.3,545.0519057955278,330.0,148.0,330.0
61.0,flow_west.5,relay,BS_1,flow_east.5,375.4312026342536,240.0,88.0,240.0
61.0,flow_west.5,relay,BS_1,flow_west.4,233.966218208406,148.0,38.0,148.0
61.0,flow_east.1,direct,BS_1,-1,584.4427470435247,330.0,240.0,330.0
61.0,flow_east.1,relay,BS_1,flow_west.5,610.9225058900546,330.0,240.0,330.0
61.0,flow_east.1,relay,BS_1,flow_east.5,498.1857443812832,240.0,148.0,240.0
61.0,flow_east.1,relay,BS_1,flow_west.2,181.15878937659377,88.0,38.0,88.0
61.0,flow_east.1,relay,BS_1,flow_west.3,380.9759754420794,240.0,88.0,240.0
61.0,flow_east.1,relay,BS_1,flow_west.4,301.6362945583815,148.0,88.0,148.0
61.0,flow_east.5,direct,BS_1,-1,498.1857443812832,240.0,148.0,240.0
61.0,flow_east.5,relay,BS_1,flow_east.1,529.4916884979573,330.0,148.0,330.0
61.0,flow_east.5,relay,BS_1,flow_west.4,397.3954186299013,240.0,148.0,240.0
61.0,flow_east.5,relay,BS_1,flow_east.3,395.2191729016103,240.0,148.0,240.0
61.0,flow_east.5,relay,BS_1,flow_west.5,375.4312026342536,240.0,88.0,240.0
61.0,flow_east.5,relay,BS_1,flow_west.2,181.15878937659377,88.0,38.0,88.0
61.0,flow_west.3,direct,BS_1,-1,596.2018079278104,330.0,240.0,330.0
61.0,flow_west.3,relay,BS_1,flow_west.2,181.15878937659377,88.0,38.0,88.0
61.0,flow_west.3,relay,BS_1,flow_west.5,545.0519057955278,330.0,148.0,330.0
61.0,flow_west.3,relay,BS_1,flow_east.1,380.9759754420794,240.0,88.0,240.0
61.0,flow_west.3,relay,BS_1,flow_east.5,256.7689647642131,148.0,88.0,148.0
61.0,flow_west.3,relay,BS_1,flow_west.4,170.85921126339957,88.0,38.0,88.0
62.0,flow_west.2,direct,BS_1,-1,642.0696369877044,330.0,240.0,330.0
62.0,flow_west.2,relay,BS_1,flow_west.5,181.3964259140568,88.0,38.0,88.0
62.0,flow_west.2,relay,BS_1,flow_west.3,602.0872869068644,330.0,240.0,330.0
62.0,flow_west.2,relay,BS_1,flow_east.1,456.5851280360261,240.0,148.0,240.0
62.0,flow_west.2,relay,BS_1,flow_east.5,301.34519899680197,148.0,88.0,148.0
62.0,flow_west.2,relay,BS_1,flow_west.4,216.38694803389723,148.0,38.0,148.0
62.0,vehicle_1,direct,BS_1,-1,314.22990080059554,148.0,88.0,148.0
62.0,vehicle_1,relay,BS_1,flow_east.4,326.96559396634837,148.0,88.0,148.0
62.0,vehicle_1,relay,BS_1,flow_east.3,385.6091823186896,240.0,88.0,240.0
62.0,vehicle_1,relay,BS_1,flow_west.4,399.8852895903136,240.0,148.0,240.0
62.0,vehicle_1,relay,BS_1,flow_east.5,274.6558162325551,148.0,88.0,148.0
62.0,vehicle_1,relay,BS_1,flow_east.1,197.41709443493204,88.0,38.0,88.0
62.0,flow_east.4,direct,BS_1,-1,326.96559396634837,148.0,88.0,148.0
62.0,flow_east.4,relay,BS_1,vehicle_1,314.22990080059554,148.0,88.0,148.0
62.0,flow_east.4,relay,BS_1,flow_east.3,385.6091823186896,240.0,88.0,240.0
62.0,flow_east.4,relay,BS_1,flow_west.4,408.93480007494657,240.0,148.0,240.0
62.0,flow_east.4,relay,BS_1,flow_east.5,300.4724108554143,148.0,88.0,148.0
62.0,flow_east.4,relay,BS_1,flow_east.1,213.29980384860173,148.0,38.0,148.0
62.0,flow_west.4,direct,BS_1,-1,408.93480007494657,240.0,148.0,240.0
62.0,flow_west.4,relay,BS_1,flow_east.3,385.6091823186896,240.0,88.0,240.0
62.0,flow_west.4,relay,BS_1,flow_east.5,484.0552296268089,240.0,148.0,240.0
62.0,flow_west.4,relay,BS_1,flow_east.4,326.96559396634837,148.0,88.0,148.0
62.0,flow_west.4,relay,BS_1,vehicle_1,314.22990080059554,148.0,88.0,148.0
62.0,flow_west.4,relay,BS_1,flow_east.1,337.72958468934917,148.0,88.0,148.0
62.0,flow_east.3,direct,BS_1,-1,385.6091823186896,240.0,88.0,240.0
62.0,flow_east.3,relay,BS_1,flow_west.4,408.93480007494657,240.0,148.0,240.0
62.0,flow_east.3,relay,BS_1,flow_east.4,326.96559396634837,148.0,88.0,148.0
62.0,flow_east.3,relay,BS_1,vehicle_1,314.22990080059554,148.0,88.0,148.0
62.0,flow_east.3,relay,BS_1,flow_east.5,451.8161418519275,240.0,148.0,240.0
62.0,flow_east.3,relay,BS_1,flow_east.1,298.72909099491807,148.0,88.0,148.0
62.0,flow_west.5,direct,BS_1,-1,181.3964259140568,88.0,38.0,88.0
62.0,flow_west.5,relay,BS_1,flow_west.2,642.0696369877044,330.0,240.0,330.0
62.0,flow_west.5,relay,BS_1,flow_west.3,557.3985645206653,330.0,240.0,330.0
62.0,flow_west.5,relay,BS_1,flow_east.1,517.2040052485606,330.0,148.0,330.0
62.0,flow_west.5,relay,BS_1,flow_east.5,330.8422756551894,148.0,88.0,148.0
62.0,flow_west.5,relay,BS_1,flow_west.4,234.4995923670648,148.0,38.0,148.0
62.0,flow_east.1,direct,BS_1,-1,573.6784742961894,330.0,240.0,330.0
62.0,flow_east.1,relay,BS_1,flow_east.5,484.0552296268089,240.0,148.0,240.0
62.0,flow_east.1,relay,BS_1,flow_west.5,181.3964259140568,88.0,38.0,88.0
62.0,flow_east.1,relay,BS_1,flow_west.2,456.5851280360261,240.0,148.0,240.0
62.0,flow_east.1,relay,BS_1,flow_west.3,372.35808276906295,240.0,88.0,240.0
62.0,flow_east.1,relay,BS_1,flow_west.4,337.72958468934917,148.0,88.0,148.0
62.0,flow_east.5,direct,BS_1,-1,484.0552296268089,240.0,148.0,240.0
62.0,flow_east.5,relay,BS_1,flow_west.4,408.93480007494657,240.0,148.0,240.0
62.0,flow_east.5,relay,BS_1,flow_east.1,521.727708884227,330.0,148.0,330.0
62.0,flow_east.5,relay,BS_1,flow_east.3,385.6091823186896,240.0,88.0,240.0
62.0,flow_east.5,relay,BS_1,flow_west.5,181.3964259140568,88.0,38.0,88.0
62.0,flow_east.5,relay,BS_1,flow_west.2,301.34519899680197,148.0,88.0,148.0
62.0,flow_west.3,direct,BS_1,-1,602.0872869068644,330.0,240.0,330.0
62.0,flow_west.3,relay,BS_1,flow_west.2,642.0696369877044,330.0,240.0,330.0
62.0,flow_west.3,relay,BS_1,flow_west.5,181.3964259140568,88.0,38.0,88.0
62.0,flow_west.3,relay,BS_1,flow_east.1,372.35808276906295,240.0,88.0,240.0
62.0,flow_west.3,relay,BS_1,flow_east.5,230.51116928411304,148.0,38.0,148.0
62.0,flow_west.3,relay,BS_1,flow_west.4,170.85921126339957,88.0,38.0,88.0
63.0,flow_west.2,direct,BS_1,-1,634.5207630042877,330.0,240.0,330.0
63.0,flow_west.2,relay,BS_1,flow_west.5,180.68398393855293,88.0,38.0,88.0
63.0,flow_west.2,relay,BS_1,flow_west.3,569.7679357567669,330.0,240.0,330.0
63.0,flow_west.2,relay,BS_1,flow_east.1,401.1313044189525,240.0,148.0,240.0
63.0,flow_west.2,relay,BS_1,flow_east.5,269.3023151872057,148.0,88.0,148.0
63.0,flow_west.2,relay,BS_1,flow_west.4,217.16172902644533,148.0,38.0,148.0
63.0,vehicle_1,direct,BS_1,-1,306.59747864438486,148.0,88.0,148.0
63.0,vehicle_1,relay,BS_1,flow_east.4,318.9527431794668,148.0,88.0,148.0
63.0,vehicle_1,relay,BS_1,flow_east.3,376.661925860841,240.0,88.0,240.0
63.0,vehicle_1,relay,BS_1,flow_west.4,350.09329393533494,240.0,88.0,240.0
63.0,vehicle_1,relay,BS_1,flow_east.5,275.2213982168627,148.0,88.0,148.0
63.0,vehicle_1,relay,BS_1,flow_east.1,195.93384642340416,88.0,38.0,88.0
63.0,flow_east.4,direct,BS_1,-1,318.9527431794668,148.0,88.0,148.0
63.0,flow_east.4,relay,BS_1,vehicle_1,306.59747864438486,148.0,88.0,148.0
63.0,flow_east.4,relay,BS_1,flow_east.3,376.661925860841,240.0,88.0,240.0
63.0,flow_east.4,relay,BS_1,flow_west.4,387.7751520915279,240.0,88.0,240.0
63.0,flow_east.4,relay,BS_1,flow_east.5,300.7632570013948,148.0,88.0,148.0
63.0,flow_east.4,relay,BS_1,flow_east.1,211.76348344667971,148.0,38.0,148.0
63.0,flow_west.4,direct,BS_1,-1,421.1605559041608,240.0,148.0,240.0
63.0,flow_west.4,relay,BS_1,flow_east.3,376.661925860841,240.0,88.0,240.0
63.0,flow_west.4,relay,BS_1,flow_east.5,470.6135060391421,240.0,148.0,240.0
63.0,flow_west.4,relay,BS_1,flow_east.4,318.9527431794668,148.0,88.0,148.0
63.0,flow_west.4,relay,BS_1,flow_east.1,380.9759754420794,240.0,88.0,240.0
63.0,flow_west.4,relay,BS_1,vehicle_1,306.59747864438486,148.0,88.0,148.0
63.0,flow_east.3,direct,BS_1,-1,376.661925860841,240.0,88.0,240.0
63.0,flow_east.3,relay,BS_1,flow_west.4,421.1605559041608,240.0,148.0,240.0
63.0,flow_east.3,relay,BS_1,flow_east.4,318.9527431794668,148.0,88.0,148.0
63.0,flow_east.3,relay,BS_1,vehicle_1,306.59747864438486,148.0,88.0,148.0
63.0,flow_east.3,relay,BS_1,flow_east.5,455.94885625257245,240.0,148.0,240.0
63.0,flow_east.3,relay,BS_1,flow_east.1,298.1486571873432,148.0,88.0,148.0
63.0,flow_west.5,direct,BS_1,-1,180.68398393855293,88.0,38.0,88.0
63.0,flow_west.5,relay,BS_1,flow_west.2,634.5207630042877,330.0,240.0,330.0
63.0,flow_west.5,relay,BS_1,flow_west.3,565.5338696369089,330.0,240.0,330.0
63.0,flow_west.5,relay,BS_1,flow_east.1,448.006114133782,240.0,148.0,240.0
63.0,flow_west.5,relay,BS_1,flow_east.5,294.09515949177427,148.0,88.0,148.0
63.0,flow_west.5,relay,BS_1,flow_west.4,235.30056008829123,148.0,38.0,148.0
63.0,flow_east.1,direct,BS_1,-1,562.2786027070588,330.0,240.0,330.0
63.0,flow_east.1,relay,BS_1,flow_east.5,470.6135060391421,240.0,148.0,240.0
63.0,flow_east.1,relay,BS_1,flow_west.5,180.68398393855293,88.0,38.0,88.0
63.0,flow_east.1,relay,BS_1,flow_west.2,401.1313044189525,240.0,148.0,240.0
63.0,flow_east.1,relay,BS_1,flow_west.4,380.9759754420794,240.0,88.0,240.0
63.0,flow_east.1,relay,BS_1,flow_east.3,298.1486571873432,148.0,88.0,148.0
63.0,flow_east.5,direct,BS_1,-1,470.6135060391421,240.0,148.0,240.0
63.0,flow_east.5,relay,BS_1,flow_west.4,421.1605559041608,240.0,148.0,240.0
63.0,flow_east.5,relay,BS_1,flow_east.1,514.6208391819343,330.0,148.0,330.0
63.0,flow_east.5,relay,BS_1,flow_east.3,376.661925860841,240.0,88.0,240.0
63.0,flow_east.5,relay,BS_1,flow_east.4,300.7632570013948,148.0,88.0,148.0
63.0,flow_east.5,relay,BS_1,flow_west.5,180.68398393855293,88.0,38.0,88.0
63.0,flow_west.3,direct,BS_1,-1,569.7679357567669,330.0,240.0,330.0
63.0,flow_west.3,relay,BS_1,flow_west.2,634.5207630042877,330.0,240.0,330.0
63.0,flow_west.3,relay,BS_1,flow_west.5,180.68398393855293,88.0,38.0,88.0
63.0,flow_west.3,relay,BS_1,flow_east.1,295.5409088675979,148.0,88.0,148.0
63.0,flow_west.3,relay,BS_1,flow_east.5,207.9441250896446,148.0,38.0,148.0
63.0,flow_west.3,relay,BS_1,flow_west.4,171.08984804751694,88.0,38.0,88.0
64.0,flow_west.2,direct,BS_1,-1,629.2722569700819,330.0,240.0,330.0
64.0,flow_west.2,relay,BS_1,flow_west.5,637.4740986178092,330.0,240.0,330.0
64.0,flow_west.2,relay,BS_1,flow_west.3,573.3525179252946,330.0,240.0,330.0
64.0,flow_west.2,relay,BS_1,flow_east.1,355.55445653576396,240.0,88.0,240.0
64.0,flow_west.2,relay,BS_1,flow_east.5,241.74693399314776,148.0,38.0,148.0
64.0,flow_west.2,relay,BS_1,flow_west.4,217.9376988698967,148.0,38.0,148.0
64.0,vehicle_1,direct,BS_1,-1,299.6003735546603,148.0,88.0,148.0
64.0,vehicle_1,relay,BS_1,flow_east.4,311.28807573193114,148.0,88.0,148.0
64.0,vehicle_1,relay,BS_1,flow_east.3,368.3710439872822,240.0,88.0,240.0
64.0,vehicle_1,relay,BS_1,flow_west.4,310.70064466117793,148.0,88.0,148.0
64.0,vehicle_1,relay,BS_1,flow_east.5,276.63704231945616,148.0,88.0,148.0
64.0,vehicle_1,relay,BS_1,flow_east.1,195.4405975802456,88.0,38.0,88.0
64.0,flow_east.4,direct,BS_1,-1,311.28807573193114,148.0,88.0,148.0
64.0,flow_east.4,relay,BS_1,vehicle_1,299.6003735546603,148.0,88.0,148.0
64.0,flow_east.4,relay,BS_1,flow_east.3,368.3710439872822,240.0,88.0,240.0
64.0,flow_east.4,relay,BS_1,flow_west.4,340.1334971218473,148.0,88.0,148.0
64.0,flow_east.4,relay,BS_1,flow_east.5,301.34519899680197,148.0,88.0,148.0
64.0,flow_east.4,relay,BS_1,flow_east.1,210.23204605551203,148.0,38.0,148.0
64.0,flow_west.4,direct,BS_1,-1,433.7614886513786,240.0,148.0,240.0
64.0,flow_west.4,relay,BS_1,flow_east.5,457.539767541101,240.0,148.0,240.0
64.0,flow_west.4,relay,BS_1,flow_east.3,368.3710439872822,240.0,88.0,240.0
64.0,flow_west.4,relay,BS_1,flow_east.1,434.39308605591094,240.0,148.0,240.0
64.0,flow_west.4,relay,BS_1,flow_east.4,311.28807573193114,148.0,88.0,148.0
64.0,flow_west.4,relay,BS_1,vehicle_1,299.6003735546603,148.0,88.0,148.0
64.0,flow_east.3,direct,BS_1,-1,368.3710439872822,240.0,88.0,240.0
64.0,flow_east.3,relay,BS_1,flow_west.4,433.7614886513786,240.0,148.0,240.0
64.0,flow_east.3,relay,BS_1,flow_east.4,311.28807573193114,148.0,88.0,148.0
64.0,flow_east.3,relay,BS_1,flow_east.5,457.539767541101,240.0,148.0,240.0
64.0,flow_east.3,relay,BS_1,vehicle_1,299.6003735546603,148.0,88.0,148.0
64.0,flow_east.3,relay,BS_1,flow_east.1,298.4388318711436,148.0,88.0,148.0
64.0,flow_west.5,direct,BS_1,-1,637.4740986178092,330.0,240.0,330.0
64.0,flow_west.5,relay,BS_1,flow_west.2,629.2722569700819,330.0,240.0,330.0
64.0,flow_west.5,relay,BS_1,flow_west.3,573.3525179252946,330.0,240.0,330.0
64.0,flow_west.5,relay,BS_1,flow_east.1,394.2871876821154,240.0,148.0,240.0
64.0,flow_west.5,relay,BS_1,flow_east.5,263.14869465994843,148.0,88.0,148.0
64.0,flow_west.5,relay,BS_1,flow_west.4,236.370202064211,148.0,38.0,148.0
64.0,flow_east.1,direct,BS_1,-1,550.2476071337262,330.0,148.0,330.0
64.0,flow_east.1,relay,BS_1,flow_east.5,457.539767541101,240.0,148.0,240.0
64.0,flow_east.1,relay,BS_1,flow_west.4,433.7614886513786,240.0,148.0,240.0
64.0,flow_east.1,relay,BS_1,flow_west.5,394.2871876821154,240.0,148.0,240.0
64.0,flow_east.1,relay,BS_1,flow_west.3,357.379162667208,240.0,88.0,240.0
64.0,flow_east.1,relay,BS_1,flow_west.2,355.55445653576396,240.0,88.0,240.0
64.0,flow_east.5,direct,BS_1,-1,457.539767541101,240.0,148.0,240.0
64.0,flow_east.5,relay,BS_1,flow_west.4,433.7614886513786,240.0,148.0,240.0
64.0,flow_east.5,relay,BS_1,flow_east.1,507.5241302255107,330.0,148.0,330.0
64.0,flow_east.5,relay,BS_1,flow_east.3,368.3710439872822,240.0,88.0,240.0
64.0,flow_east.5,relay,BS_1,flow_east.4,301.34519899680197,148.0,88.0,148.0
64.0,flow_east.5,relay,BS_1,vehicle_1,276.63704231945616,148.0,88.0,148.0
64.0,flow_west.3,direct,BS_1,-1,573.3525179252946,330.0,240.0,330.0
64.0,flow_west.3,relay,BS_1,flow_west.2,612.5595456701654,330.0,240.0,330.0
64.0,flow_west.3,relay,BS_1,flow_west.5,582.4845158276606,330.0,240.0,330.0
64.0,flow_west.3,relay,BS_1,flow_east.1,384.37256498431816,240.0,88.0,240.0
64.0,flow_west.3,relay,BS_1,flow_east.5,188.11288297492587,88.0,38.0,88.0
64.0,flow_west.3,relay,BS_1,flow_west.4,171.08984804751694,88.0,38.0,88.0
65.0,flow_west.2,direct,BS_1,-1,607.6492483805958,330.0,240.0,330.0
65.0,flow_west.2,relay,BS_1,flow_west.5,631.2401624718384,330.0,240.0,330.0
65.0,flow_west.2,relay,BS_1,flow_west.3,539.5362714035234,330.0,148.0,330.0
65.0,flow_west.2,relay,BS_1,flow_east.1,319.248561102768,148.0,88.0,148.0
65.0,flow_west.2,relay,BS_1,flow_east.5,218.9741667565216,148.0,38.0,148.0
65.0,flow_west.2,relay,BS_1,flow_west.4,218.7148529966203,148.0,38.0,148.0
65.0,flow_east.4,direct,BS_1,-1,304.5517833429118,148.0,88.0,148.0
65.0,flow_east.4,relay,BS_1,flow_east.3,360.1201861901151,240.0,88.0,240.0
65.0,flow_east.4,relay,BS_1,flow_west.4,303.9680296470533,148.0,88.0,148.0
65.0,flow_east.4,relay,BS_1,flow_east.5,303.67627528840046,148.0,88.0,148.0
65.0,flow_east.4,relay,BS_1,flow_east.1,209.97728378007707,148.0,38.0,148.0
65.0,flow_east.4,relay,BS_1,flow_west.5,122.95891256913062,88.0,15.0,88.0
65.0,flow_west.4,direct,BS_1,-1,446.10286082263826,240.0,148.0,240.0
65.0,flow_west.4,relay,BS_1,flow_east.5,444.83468742124137,240.0,148.0,240.0
65.0,flow_west.4,relay,BS_1,flow_east.1,499.7944383953201,240.0,148.0,240.0
65.0,flow_west.4,relay,BS_1,flow_east.3,360.1201861901151,240.0,88.0,240.0
65.0,flow_west.4,relay,BS_1,flow_east.4,303.9680296470533,148.0,88.0,148.0
65.0,flow_west.4,relay,BS_1,flow_west.5,236.63791232915,148.0,38.0,148.0
65.0,flow_east.3,direct,BS_1,-1,360.1201861901151,240.0,88.0,240.0
65.0,flow_east.3,relay,BS_1,flow_east.4,304.5517833429118,148.0,88.0,148.0
65.0,flow_east.3,relay,BS_1,flow_west.4,446.10286082263826,240.0,148.0,240.0
65.0,flow_east.3,relay,BS_1,flow_east.5,444.83468742124137,240.0,148.0,240.0
65.0,flow_east.3,relay,BS_1,flow_east.1,298.4388318711436,148.0,88.0,148.0
65.0,flow_east.3,relay,BS_1,flow_west.5,162.89027284299803,88.0,38.0,88.0
65.0,flow_west.5,direct,BS_1,-1,631.2401624718384,330.0,240.0,330.0
65.0,flow_west.5,relay,BS_1,flow_west.2,607.6492483805958,330.0,240.0,330.0
65.0,flow_west.5,relay,BS_1,flow_west.3,539.5362714035234,330.0,148.0,330.0
65.0,flow_west.5,relay,BS_1,flow_east.1,350.6991166073891,240.0,88.0,240.0
65.0,flow_west.5,relay,BS_1,flow_east.5,236.905742165306,148.0,38.0,148.0
65.0,flow_west.5,relay,BS_1,flow_west.4,236.63791232915,148.0,38.0,148.0
65.0,flow_east.1,direct,BS_1,-1,538.563451012997,330.0,148.0,330.0
65.0,flow_east.1,relay,BS_1,flow_east.5,444.83468742124137,240.0,148.0,240.0
65.0,flow_east.1,relay,BS_1,flow_west.4,446.10286082263826,240.0,148.0,240.0
65.0,flow_east.1,relay,BS_1,flow_west.3,357.379162667208,240.0,88.0,240.0
65.0,flow_east.1,relay,BS_1,flow_west.5,350.6991166073891,240.0,88.0,240.0
65.0,flow_east.1,relay,BS_1,flow_west.2,319.248561102768,148.0,88.0,148.0
65.0,flow_east.5,direct,BS_1,-1,444.83468742124137,240.0,148.0,240.0
65.0,flow_east.5,relay,BS_1,flow_west.4,446.10286082263826,240.0,148.0,240.0
65.0,flow_east.5,relay,BS_1,flow_east.1,500.4380786695991,240.0,148.0,240.0
65.0,flow_east.5,relay,BS_1,flow_east.3,360.1201861901151,240.0,88.0,240.0
65.0,flow_east.5,relay,BS_1,flow_east.4,303.67627528840046,148.0,88.0,148.0
65.0,flow_east.5,relay,BS_1,flow_west.5,236.905742165306,148.0,38.0,148.0
65.0,flow_west.3,direct,BS_1,-1,539.5362714035234,330.0,148.0,330.0
65.0,flow_west.3,relay,BS_1,flow_west.5,586.401449173364,330.0,240.0,330.0
65.0,flow_west.3,relay,BS_1,flow_west.2,585.0955957394588,330.0,240.0,330.0
65.0,flow_west.3,relay,BS_1,flow_east.1,345.2556614131326,148.0,88.0,148.0
65.0,flow_west.3,relay,BS_1,flow_east.5,171.08984804751694,88.0,38.0,88.0
65.0,flow_west.3,relay,BS_1,flow_west.4,170.85921126339957,88.0,38.0,88.0
66.0,flow_west.2,direct,BS_1,-1,603.3956868289939,330.0,240.0,330.0
66.0,flow_west.2,relay,BS_1,flow_west.5,628.2884339656022,330.0,240.0,330.0
66.0,flow_west.2,relay,BS_1,flow_west.3,527.8732715327078,330.0,148.0,330.0
66.0,flow_west.2,relay,BS_1,flow_east.1,288.0468798092183,148.0,88.0,148.0
66.0,flow_west.2,relay,BS_1,flow_west.4,220.01272920351923,148.0,38.0,148.0
66.0,flow_west.2,relay,BS_1,flow_east.5,198.90556714256755,88.0,38.0,88.0
66.0,flow_east.4,direct,BS_1,-1,296.6990554611581,148.0,88.0,148.0
66.0,flow_east.4,relay,BS_1,flow_east.3,352.51805362976535,240.0,88.0,240.0
66.0,flow_east.4,relay,BS_1,flow_east.5,303.0930122619326,148.0,88.0,148.0
66.0,flow_east.4,relay,BS_1,flow_west.4,270.4264047104656,148.0,88.0,148.0
66.0,flow_east.4,relay,BS_1,flow_east.1,207.690600209752,148.0,38.0,148.0
66.0,flow_east.4,relay,BS_1,flow_west.5,113.84852861195192,88.0,15.0,88.0
66.0,flow_west.4,direct,BS_1,-1,459.4498747137596,240.0,148.0,240.0
66.0,flow_west.4,relay,BS_1,flow_east.5,432.49872596558606,240.0,148.0,240.0
66.0,flow_west.4,relay,BS_1,flow_east.1,526.5788832431233,330.0,148.0,330.0
66.0,flow_west.4,relay,BS_1,flow_east.3,352.51805362976535,240.0,88.0,240.0
66.0,flow_west.4,relay,BS_1,flow_east.4,270.4264047104656,148.0,88.0,148.0
66.0,flow_west.4,relay,BS_1,flow_west.5,238.5152227437939,148.0,38.0,148.0
66.0,flow_east.3,direct,BS_1,-1,352.51805362976535,240.0,88.0,240.0
66.0,flow_east.3,relay,BS_1,flow_east.4,296.6990554611581,148.0,88.0,148.0
66.0,flow_east.3,relay,BS_1,flow_east.5,432.49872596558606,240.0,148.0,240.0
66.0,flow_east.3,relay,BS_1,flow_west.4,409.2474987815486,240.0,148.0,240.0
66.0,flow_east.3,relay,BS_1,flow_east.1,298.1486571873432,148.0,88.0,148.0
66.0,flow_east.3,relay,BS_1,flow_west.5,150.99943022938507,88.0,38.0,88.0
66.0,flow_west.5,direct,BS_1,-1,628.2884339656022,330.0,240.0,330.0
66.0,flow_west.5,relay,BS_1,flow_west.2,603.3956868289939,330.0,240.0,330.0
66.0,flow_west.5,relay,BS_1,flow_west.3,527.8732715327078,330.0,148.0,330.0
66.0,flow_west.5,relay,BS_1,flow_east.1,315.7037026872756,148.0,88.0,148.0
66.0,flow_west.5,relay,BS_1,flow_west.4,238.5152227437939,148.0,38.0,148.0
66.0,flow_west.5,relay,BS_1,flow_east.5,215.09830066985649,148.0,38.0,148.0
66.0,flow_east.1,direct,BS_1,-1,526.5788832431233,330.0,148.0,330.0
66.0,flow_east.1,relay,BS_1,flow_west.4,459.4498747137596,240.0,148.0,240.0
66.0,flow_east.1,relay,BS_1,flow_east.5,432.49872596558606,240.0,148.0,240.0
66.0,flow_east.1,relay,BS_1,flow_west.5,315.7037026872756,148.0,88.0,148.0
66.0,flow_east.1,relay,BS_1,flow_east.3,298.1486571873432,148.0,88.0,148.0
66.0,flow_east.1,relay,BS_1,flow_west.2,288.0468798092183,148.0,88.0,148.0
66.0,flow_east.5,direct,BS_1,-1,432.49872596558606,240.0,148.0,240.0
66.0,flow_east.5,relay,BS_1,flow_west.4,459.4498747137596,240.0,148.0,240.0
66.0,flow_east.5,relay,BS_1,flow_east.1,493.6845389624826,240.0,148.0,240.0
66.0,flow_east.5,relay,BS_1,flow_east.3,352.51805362976535,240.0,88.0,240.0
66.0,flow_east.5,relay,BS_1,flow_east.4,296.6990554611581,148.0,88.0,148.0
66.0,flow_east.5,relay,BS_1,flow_west.5,215.09830066985649,148.0,38.0,148.0
66.0,flow_west.3,direct,BS_1,-1,527.8732715327078,330.0,148.0,330.0
66.0,flow_west.3,relay,BS_1,flow_west.2,603.3956868289939,330.0,240.0,330.0
66.0,flow_west.3,relay,BS_1,flow_west.5,571.3970770228202,330.0,240.0,330.0
66.0,flow_west.3,relay,BS_1,flow_east.1,263.4273306931402,148.0,88.0,148.0
66.0,flow_west.3,relay,BS_1,flow_west.4,170.85921126339957,88.0,38.0,88.0
66.0,flow_west.3,relay,BS_1,flow_east.5,156.00306005768846,88.0,38.0,88.0
67.0,flow_west.2,direct,BS_1,-1,586.7279448723722,330.0,240.0,330.0
67.0,flow_west.2,relay,BS_1,flow_west.5,615.5068955513373,330.0,240.0,330.0
67.0,flow_west.2,relay,BS_1,flow_west.3,508.16885281930934,330.0,148.0,330.0
67.0,flow_west.2,relay,BS_1,flow_east.1,261.201149981482,148.0,88.0,148.0
67.0,flow_west.2,relay,BS_1,flow_west.4,221.0533753742114,148.0,38.0,148.0
67.0,flow_west.2,relay,BS_1,flow_east.5,181.15878937659377,88.0,38.0,88.0
67.0,flow_west.4,direct,BS_1,-1,473.170134747745,240.0,148.0,240.0
67.0,flow_west.4,relay,BS_1,flow_east.1,515.2665056695485,330.0,148.0,330.0
67.0,flow_west.4,relay,BS_1,flow_east.5,420.53210770653345,240.0,148.0,240.0
67.0,flow_west.4,relay,BS_1,flow_east.3,344.3504000172214,148.0,88.0,148.0
67.0,flow_west.4,relay,BS_1,flow_west.5,239.32156360404807,148.0,38.0,148.0
67.0,flow_west.4,relay,BS_1,flow_west.2,221.0533753742114,148.0,38.0,148.0
67.0,flow_east.3,direct,BS_1,-1,344.3504000172214,148.0,88.0,148.0
67.0,flow_east.3,relay,BS_1,flow_east.5,420.53210770653345,240.0,148.0,240.0
67.0,flow_east.3,relay,BS_1,flow_west.4,359.81539519362747,240.0,88.0,240.0
67.0,flow_east.3,relay,BS_1,flow_east.1,296.40939047523096,148.0,88.0,148.0
67.0,flow_east.3,relay,BS_1,flow_west.5,138.99938832033325,88.0,38.0,88.0
67.0,flow_east.3,relay,BS_1,flow_west.2,130.33361903189498,88.0,38.0,88.0
67.0,flow_west.5,direct,BS_1,-1,615.5068955513373,330.0,240.0,330.0
67.0,flow_west.5,relay,BS_1,flow_west.2,586.7279448723722,330.0,240.0,330.0
67.0,flow_west.5,relay,BS_1,flow_west.3,508.16885281930934,330.0,148.0,330.0
67.0,flow_west.5,relay,BS_1,flow_east.1,284.89444455716944,148.0,88.0,148.0
67.0,flow_west.5,relay,BS_1,flow_west.4,239.32156360404807,148.0,38.0,148.0
67.0,flow_west.5,relay,BS_1,flow_east.5,194.94793449621417,88.0,38.0,88.0
67.0,flow_east.1,direct,BS_1,-1,515.2665056695485,330.0,148.0,330.0
67.0,flow_east.1,relay,BS_1,flow_west.4,473.170134747745,240.0,148.0,240.0
67.0,flow_east.1,relay,BS_1,flow_east.5,420.53210770653345,240.0,148.0,240.0
67.0,flow_east.1,relay,BS_1,flow_east.3,296.40939047523096,148.0,88.0,148.0
67.0,flow_east.1,relay,BS_1,flow_west.5,284.89444455716944,148.0,88.0,148.0
67.0,flow_east.1,relay,BS_1,flow_west.2,261.201149981482,148.0,88.0,148.0
67.0,flow_east.5,direct,BS_1,-1,420.53210770653345,240.0,148.0,240.0
67.0,flow_east.5,relay,BS_1,flow_west.4,473.170134747745,240.0,148.0,240.0
67.0,flow_east.5,relay,BS_1,flow_east.1,485.01714130861666,240.0,148.0,240.0
67.0,flow_east.5,relay,BS_1,flow_east.3,344.3504000172214,148.0,88.0,148.0
67.0,flow_east.5,relay,BS_1,flow_west.5,194.94793449621417,88.0,38.0,88.0
67.0,flow_east.5,relay,BS_1,flow_west.2,181.15878937659377,88.0,38.0,88.0
67.0,flow_west.3,direct,BS_1,-1,508.16885281930934,330.0,148.0,330.0
67.0,flow_west.3,relay,BS_1,flow_west.2,586.7279448723722,330.0,240.0,330.0
67.0,flow_west.3,relay,BS_1,flow_west.5,560.6515374618564,330.0,240.0,330.0
67.0,flow_west.3,relay,BS_1,flow_east.1,205.91980858011797,148.0,38.0,148.0
67.0,flow_west.3,relay,BS_1,flow_west.4,170.85921126339957,88.0,38.0,88.0
67.0,flow_west.3,relay,BS_1,flow_east.5,142.5178543054218,88.0,38.0,88.0
68.0,flow_west.2,direct,BS_1,-1,581.5055787842726,330.0,240.0,330.0
68.0,flow_west.2,relay,BS_1,flow_west.5,603.7228156123773,330.0,240.0,330.0
68.0,flow_west.2,relay,BS_1,flow_west.3,521.0812225948887,330.0,148.0,330.0
68.0,flow_west.2,relay,BS_1,flow_east.1,236.63791232915,148.0,38.0,148.0
68.0,flow_west.2,relay,BS_1,flow_west.4,221.0533753742114,148.0,38.0,148.0
68.0,flow_west.2,relay,BS_1,flow_east.5,164.9200861122167,88.0,38.0,88.0
68.0,flow_west.4,direct,BS_1,-1,486.62083871071206,240.0,148.0,240.0
68.0,flow_west.4,relay,BS_1,flow_east.1,503.0135593268066,330.0,148.0,330.0
68.0,flow_west.4,relay,BS_1,flow_east.5,408.622143664038,240.0,148.0,240.0
68.0,flow_west.4,relay,BS_1,flow_east.3,321.02502883710184,148.0,88.0,148.0
68.0,flow_west.4,relay,BS_1,flow_west.5,239.8597138976516,148.0,38.0,148.0
68.0,flow_west.4,relay,BS_1,flow_west.2,221.0533753742114,148.0,38.0,148.0
68.0,flow_east.3,direct,BS_1,-1,336.82921182264226,148.0,88.0,148.0
68.0,flow_east.3,relay,BS_1,flow_east.5,408.622143664038,240.0,148.0,240.0
68.0,flow_east.3,relay,BS_1,flow_west.4,321.02502883710184,148.0,88.0,148.0
68.0,flow_east.3,relay,BS_1,flow_east.1,296.9888057615337,148.0,88.0,148.0
68.0,flow_east.3,relay,BS_1,flow_west.5,128.95499456773547,88.0,38.0,88.0
68.0,flow_east.3,relay,BS_1,flow_west.2,120.87438338684848,88.0,15.0,88.0
68.0,flow_west.5,direct,BS_1,-1,603.7228156123773,330.0,240.0,330.0
68.0,flow_west.5,relay,BS_1,flow_west.2,581.5055787842726,330.0,240.0,330.0
68.0,flow_west.5,relay,BS_1,flow_west.3,521.0812225948887,330.0,148.0,330.0
68.0,flow_west.5,relay,BS_1,flow_east.1,257.32150003400477,148.0,88.0,148.0
68.0,flow_west.5,relay,BS_1,flow_west.4,239.8597138976516,148.0,38.0,148.0
68.0,flow_west.5,relay,BS_1,flow_east.5,177.37790178668195,88.0,38.0,88.0
68.0,flow_east.1,direct,BS_1,-1,503.0135593268066,330.0,148.0,330.0
68.0,flow_east.1,relay,BS_1,flow_west.4,486.62083871071206,240.0,148.0,240.0
68.0,flow_east.1,relay,BS_1,flow_east.5,408.622143664038,240.0,148.0,240.0
68.0,flow_east.1,relay,BS_1,flow_east.3,296.9888057615337,148.0,88.0,148.0
68.0,flow_east.1,relay,BS_1,flow_west.5,257.32150003400477,148.0,88.0,148.0
68.0,flow_east.1,relay,BS_1,flow_west.2,236.63791232915,148.0,38.0,148.0
68.0,flow_east.5,direct,BS_1,-1,408.622143664038,240.0,148.0,240.0
68.0,flow_east.5,relay,BS_1,flow_west.4,486.62083871071206,240.0,148.0,240.0
68.0,flow_east.5,relay,BS_1,flow_east.3,336.82921182264226,148.0,88.0,148.0
68.0,flow_east.5,relay,BS_1,flow_east.1,478.9289868819651,240.0,148.0,240.0
68.0,flow_east.5,relay,BS_1,flow_west.5,177.37790178668195,88.0,38.0,88.0
68.0,flow_east.5,relay,BS_1,flow_west.2,164.9200861122167,88.0,38.0,88.0
68.0,flow_west.3,direct,BS_1,-1,521.0812225948887,330.0,148.0,330.0
68.0,flow_west.3,relay,BS_1,flow_west.2,581.5055787842726,330.0,240.0,330.0
68.0,flow_west.3,relay,BS_1,flow_west.5,535.6459584717496,330.0,148.0,330.0
68.0,flow_west.3,relay,BS_1,flow_east.1,230.24625574784167,148.0,38.0,148.0
68.0,flow_west.3,relay,BS_1,flow_west.4,190.54054050863795,88.0,38.0,88.0
68.0,flow_west.3,relay,BS_1,flow_east.5,130.72917207714792,88.0,38.0,88.0
69.0,flow_west.2,direct,BS_1,-1,575.6345070028605,330.0,240.0,330.0
69.0,flow_west.2,relay,BS_1,flow_west.5,594.24084323702,330.0,240.0,330.0
69.0,flow_west.2,relay,BS_1,flow_west.3,479.8896444688973,240.0,148.0,240.0
69.0,flow_west.2,relay,BS_1,flow_west.4,222.0960944281053,148.0,38.0,148.0
69.0,flow_west.2,relay,BS_1,flow_east.1,215.61336045783145,148.0,38.0,148.0
69.0,flow_west.2,relay,BS_1,flow_east.5,150.99943022938507,88.0,38.0,88.0
69.0,flow_west.4,direct,BS_1,-1,501.0818112970885,240.0,148.0,240.0
69.0,flow_west.4,relay,BS_1,flow_east.1,490.472282975838,240.0,148.0,240.0
69.0,flow_west.4,relay,BS_1,flow_east.5,397.0843889094015,240.0,148.0,240.0
69.0,flow_west.4,relay,BS_1,flow_east.3,288.0468798092183,148.0,88.0,148.0
69.0,flow_west.4,relay,BS_1,flow_west.5,240.1289654562463,148.0,38.0,148.0
69.0,flow_west.4,relay,BS_1,flow_west.3,235.8351409222408,148.0,38.0,148.0
69.0,flow_east.3,direct,BS_1,-1,329.64818795986616,148.0,88.0,148.0
69.0,flow_east.3,relay,BS_1,flow_east.5,397.0843889094015,240.0,148.0,240.0
69.0,flow_east.3,relay,BS_1,flow_east.1,297.85856708888736,148.0,88.0,148.0
69.0,flow_east.3,relay,BS_1,flow_west.4,288.0468798092183,148.0,88.0,148.0
69.0,flow_east.3,relay,BS_1,flow_west.5,119.74693786485228,88.0,15.0,88.0
69.0,flow_east.3,relay,BS_1,flow_west.2,112.76415046634403,88.0,15.0,88.0
69.0,flow_west.5,direct,BS_1,-1,594.24084323702,330.0,240.0,330.0
69.0,flow_west.5,relay,BS_1,flow_west.2,575.6345070028605,330.0,240.0,330.0
69.0,flow_west.5,relay,BS_1,flow_west.3,479.8896444688973,240.0,148.0,240.0
69.0,flow_west.5,relay,BS_1,flow_west.4,240.1289654562463,148.0,38.0,148.0
69.0,flow_west.5,relay,BS_1,flow_east.1,232.9009263433893,148.0,38.0,148.0
69.0,flow_west.5,relay,BS_1,flow_east.5,161.54458865790124,88.0,38.0,88.0
69.0,flow_east.1,direct,BS_1,-1,490.472282975838,240.0,148.0,240.0
69.0,flow_east.1,relay,BS_1,flow_west.4,501.0818112970885,240.0,148.0,240.0
69.0,flow_east.1,relay,BS_1,flow_east.5,397.0843889094015,240.0,148.0,240.0
69.0,flow_east.1,relay,BS_1,flow_east.3,297.85856708888736,148.0,88.0,148.0
69.0,flow_east.1,relay,BS_1,flow_west.3,235.5677903824343,148.0,38.0,148.0
69.0,flow_east.1,relay,BS_1,flow_west.5,232.9009263433893,148.0,38.0,148.0
69.0,flow_east.5,direct,BS_1,-1,397.0843889094015,240.0,148.0,240.0
69.0,flow_east.5,relay,BS_1,flow_east.3,329.64818795986616,148.0,88.0,148.0
69.0,flow_east.5,relay,BS_1,flow_east.1,473.4898386314426,240.0,148.0,240.0
69.0,flow_east.5,relay,BS_1,flow_west.4,452.7693716402421,240.0,148.0,240.0
69.0,flow_east.5,relay,BS_1,flow_west.5,161.54458865790124,88.0,38.0,88.0
69.0,flow_east.5,relay,BS_1,flow_west.2,150.99943022938507,88.0,38.0,88.0
69.0,flow_west.3,direct,BS_1,-1,479.8896444688973,240.0,148.0,240.0
69.0,flow_west.3,relay,BS_1,flow_west.2,575.6345070028605,330.0,240.0,330.0
69.0,flow_west.3,relay,BS_1,flow_west.5,522.3742752077774,330.0,148.0,330.0
69.0,flow_west.3,relay,BS_1,flow_west.4,235.8351409222408,148.0,38.0,148.0
69.0,flow_west.3,relay,BS_1,flow_east.1,235.5677903824343,148.0,38.0,148.0
69.0,flow_west.3,relay,BS_1,flow_east.5,119.93437553834065,88.0,15.0,88.0
70.0,flow_west.2,direct,BS_1,-1,568.1391558409217,330.0,240.0,330.0
70.0,flow_west.2,relay,BS_1,flow_west.5,567.1620630105467,330.0,240.0,330.0
70.0,flow_west.2,relay,BS_1,flow_west.6,613.8693720090947,330.0,240.0,330.0
70.0,flow_west.2,relay,BS_1,flow_east.6,611.2498921041574,330.0,240.0,330.0
70.0,flow_west.2,relay,BS_1,flow_west.3,480.209916723004,240.0,148.0,240.0
70.0,flow_west.2,relay,BS_1,flow_west.4,222.8794875252549,148.0,38.0,148.0
70.0,flow_west.6,direct,BS_1,-1,613.8693720090947,330.0,240.0,330.0
70.0,flow_west.6,relay,BS_1,flow_east.6,627.9605123299674,330.0,240.0,330.0
70.0,flow_west.6,relay,BS_1,flow_west.5,567.1620630105467,330.0,240.0,330.0
70.0,flow_west.6,relay,BS_1,flow_west.2,568.1391558409217,330.0,240.0,330.0
70.0,flow_west.6,relay,BS_1,flow_west.3,452.13385327948134,240.0,148.0,240.0
70.0,flow_west.6,relay,BS_1,flow_west.4,289.1959234644955,148.0,88.0,148.0
70.0,flow_west.4,direct,BS_1,-1,516.2351620266729,330.0,148.0,330.0
70.0,flow_west.4,relay,BS_1,flow_east.1,478.6088209340613,240.0,148.0,240.0
70.0,flow_west.4,relay,BS_1,flow_east.5,386.5371619835307,240.0,88.0,240.0
70.0,flow_west.4,relay,BS_1,flow_east.6,309.5267253169076,148.0,88.0,148.0
70.0,flow_west.4,relay,BS_1,flow_west.6,289.1959234644955,148.0,88.0,148.0
70.0,flow_west.4,relay,BS_1,flow_east.3,259.2587331962592,148.0,88.0,148.0
70.0,flow_east.3,direct,BS_1,-1,322.8041503885187,148.0,88.0,148.0
70.0,flow_east.3,relay,BS_1,flow_east.5,386.5371619835307,240.0,88.0,240.0
70.0,flow_east.3,relay,BS_1,flow_east.1,298.4388318711436,148.0,88.0,148.0
70.0,flow_east.3,relay,BS_1,flow_west.4,259.2587331962592,148.0,88.0,148.0
70.0,flow_east.3,relay,BS_1,flow_east.6,133.5186352804017,88.0,38.0,88.0
70.0,flow_east.3,relay,BS_1,flow_west.6,127.19579390630402,88.0,38.0,88.0
70.0,flow_east.6,direct,BS_1,-1,627.9605123299674,330.0,240.0,330.0
70.0,flow_east.6,relay,BS_1,flow_west.6,613.8693720090947,330.0,240.0,330.0
70.0,flow_east.6,relay,BS_1,flow_west.5,567.1620630105467,330.0,240.0,330.0
70.0,flow_east.6,relay,BS_1,flow_west.2,568.1391558409217,330.0,240.0,330.0
70.0,flow_east.6,relay,BS_1,flow_west.3,379.1258652198573,240.0,88.0,240.0
70.0,flow_east.6,relay,BS_1,flow_west.4,309.5267253169076,148.0,88.0,148.0
70.0,flow_west.5,direct,BS_1,-1,567.1620630105467,330.0,240.0,330.0
70.0,flow_west.5,relay,BS_1,flow_west.2,568.1391558409217,330.0,240.0,330.0
70.0,flow_west.5,relay,BS_1,flow_west.6,613.8693720090947,330.0,240.0,330.0
70.0,flow_west.5,relay,BS_1,flow_east.6,627.9605123299674,330.0,240.0,330.0
70.0,flow_west.5,relay,BS_1,flow_west.3,480.209916723004,240.0,148.0,240.0
70.0,flow_west.5,relay,BS_1,flow_west.4,241.47698064933337,148.0,38.0,148.0
70.0,flow_east.1,direct,BS_1,-1,478.6088209340613,240.0,148.0,240.0
70.0,flow_east.1,relay,BS_1,flow_west.4,516.2351620266729,330.0,148.0,330.0
70.0,flow_east.1,relay,BS_1,flow_east.5,386.5371619835307,240.0,88.0,240.0
70.0,flow_east.1,relay,BS_1,flow_east.3,298.4388318711436,148.0,88.0,148.0
70.0,flow_east.1,relay,BS_1,flow_east.6,268.17982554605265,148.0,88.0,148.0
70.0,flow_east.1,relay,BS_1,flow_west.6,251.54146296067503,148.0,88.0,148.0
70.0,flow_east.5,direct,BS_1,-1,386.5371619835307,240.0,88.0,240.0
70.0,flow_east.5,relay,BS_1,flow_east.3,322.8041503885187,148.0,88.0,148.0
70.0,flow_east.5,relay,BS_1,flow_east.1,469.01652704013384,240.0,148.0,240.0
70.0,flow_east.5,relay,BS_1,flow_west.4,391.4937533047362,240.0,88.0,240.0
70.0,flow_east.5,relay,BS_1,flow_east.6,181.3964259140568,88.0,38.0,88.0
70.0,flow_east.5,relay,BS_1,flow_west.6,171.78273149823082,88.0,38.0,88.0
70.0,flow_west.3,direct,BS_1,-1,480.209916723004,240.0,148.0,240.0
70.0,flow_west.3,relay,BS_1,flow_west.2,568.1391558409217,330.0,240.0,330.0
70.0,flow_west.3,relay,BS_1,flow_west.5,500.4380786695991,240.0,148.0,240.0
70.0,flow_west.3,relay,BS_1,flow_west.6,452.13385327948134,240.0,148.0,240.0
70.0,flow_west.3,relay,BS_1,flow_east.6,379.1258652198573,240.0,88.0,240.0
70.0,flow_west.3,relay,BS_1,flow_west.4,236.63791232915,148.0,38.0,148.0
71.0,flow_west.2,direct,BS_1,-1,555.4475331231832,330.0,240.0,330.0
71.0,flow_west.2,relay,BS_1,flow_west.5,564.5571318585858,330.0,240.0,330.0
71.0,flow_west.2,relay,BS_1,flow_west.6,609.9404128635113,330.0,240.0,330.0
71.0,flow_west.2,relay,BS_1,flow_west.3,455.94885625257245,240.0,148.0,240.0
71.0,flow_west.2,relay,BS_1,flow_east.6,505.5904923481261,330.0,148.0,330.0
71.0,flow_west.2,relay,BS_1,flow_west.4,267.33901436821867,148.0,88.0,148.0
71.0,flow_west.6,direct,BS_1,-1,609.9404128635113,330.0,240.0,330.0
71.0,flow_west.6,relay,BS_1,flow_east.6,621.4041499641611,330.0,240.0,330.0
71.0,flow_west.6,relay,BS_1,flow_west.5,564.5571318585858,330.0,240.0,330.0
71.0,flow_west.6,relay,BS_1,flow_west.2,555.4475331231832,330.0,240.0,330.0
71.0,flow_west.6,relay,BS_1,flow_west.3,455.94885625257245,240.0,148.0,240.0
71.0,flow_west.6,relay,BS_1,flow_west.4,292.363120871729,148.0,88.0,148.0
71.0,flow_west.4,direct,BS_1,-1,531.4344149995793,330.0,148.0,330.0
71.0,flow_west.4,relay,BS_1,flow_east.1,467.42026009311496,240.0,148.0,240.0
71.0,flow_west.4,relay,BS_1,flow_east.6,350.09329393533494,240.0,88.0,240.0
71.0,flow_west.4,relay,BS_1,flow_east.5,341.6380765129839,148.0,88.0,148.0
71.0,flow_west.4,relay,BS_1,flow_west.6,292.363120871729,148.0,88.0,148.0
71.0,flow_west.4,relay,BS_1,flow_west.2,265.6601262634088,148.0,88.0,148.0
71.0,flow_east.3,direct,BS_1,-1,315.4087894884844,148.0,88.0,148.0
71.0,flow_east.3,relay,BS_1,flow_east.5,375.7388049752782,240.0,88.0,240.0
71.0,flow_east.3,relay,BS_1,flow_east.1,297.85856708888736,148.0,88.0,148.0
71.0,flow_east.3,relay,BS_1,flow_west.4,233.6997129322458,148.0,38.0,148.0
71.0,flow_east.3,relay,BS_1,flow_east.6,134.12105208258674,88.0,38.0,88.0
71.0,flow_east.3,relay,BS_1,flow_west.6,118.4401439039124,88.0,15.0,88.0
71.0,flow_east.6,direct,BS_1,-1,621.4041499641611,330.0,240.0,330.0
71.0,flow_east.6,relay,BS_1,flow_west.6,609.9404128635113,330.0,240.0,330.0
71.0,flow_east.6,relay,BS_1,flow_west.5,549.5979103767269,330.0,148.0,330.0
71.0,flow_east.6,relay,BS_1,flow_west.2,505.5904923481261,330.0,148.0,330.0
71.0,flow_east.6,relay,BS_1,flow_west.3,398.9512490978261,240.0,148.0,240.0
71.0,flow_east.6,relay,BS_1,flow_west.4,350.09329393533494,240.0,88.0,240.0
71.0,flow_west.5,direct,BS_1,-1,564.5571318585858,330.0,240.0,330.0
71.0,flow_west.5,relay,BS_1,flow_west.2,555.4475331231832,330.0,240.0,330.0
71.0,flow_west.5,relay,BS_1,flow_west.6,609.9404128635113,330.0,240.0,330.0
71.0,flow_west.5,relay,BS_1,flow_east.6,549.5979103767269,330.0,148.0,330.0
71.0,flow_west.5,relay,BS_1,flow_west.3,455.94885625257245,240.0,148.0,240.0
71.0,flow_west.5,relay,BS_1,flow_west.4,242.0170037139946,148.0,38.0,148.0
71.0,flow_east.1,direct,BS_1,-1,467.42026009311496,240.0,148.0,240.0
71.0,flow_east.1,relay,BS_1,flow_west.4,531.4344149995793,330.0,148.0,330.0
71.0,flow_east.1,relay,BS_1,flow_east.5,375.7388049752782,240.0,88.0,240.0
71.0,flow_east.1,relay,BS_1,flow_east.3,297.85856708888736,148.0,88.0,148.0
71.0,flow_east.1,relay,BS_1,flow_east.6,269.8641605994724,148.0,88.0,148.0
71.0,flow_east.1,relay,BS_1,flow_west.6,229.7167997212197,148.0,38.0,148.0
71.0,flow_east.5,direct,BS_1,-1,375.7388049752782,240.0,88.0,240.0
71.0,flow_east.5,relay,BS_1,flow_east.3,315.4087894884844,148.0,88.0,148.0
71.0,flow_east.5,relay,BS_1,flow_east.1,461.9983815384903,240.0,148.0,240.0
71.0,flow_east.5,relay,BS_1,flow_west.4,341.6380765129839,148.0,88.0,148.0
71.0,flow_east.5,relay,BS_1,flow_east.6,180.68398393855293,88.0,38.0,88.0
71.0,flow_east.5,relay,BS_1,flow_west.6,157.32333117059216,88.0,38.0,88.0
71.0,flow_west.3,direct,BS_1,-1,455.94885625257245,240.0,148.0,240.0
71.0,flow_west.3,relay,BS_1,flow_west.2,555.4475331231832,330.0,240.0,330.0
71.0,flow_west.3,relay,BS_1,flow_west.5,495.9345586578576,240.0,148.0,240.0
71.0,flow_west.3,relay,BS_1,flow_west.6,460.7238873646651,240.0,148.0,240.0
71.0,flow_west.3,relay,BS_1,flow_east.6,398.9512490978261,240.0,148.0,240.0
71.0,flow_west.3,relay,BS_1,flow_west.4,236.905742165306,148.0,38.0,148.0
72.0,flow_west.2,direct,BS_1,-1,521.4044557134728,330.0,148.0,330.0
72.0,flow_west.2,relay,BS_1,flow_west.5,542.7801533863584,330.0,148.0,330.0
72.0,flow_west.2,relay,BS_1,flow_west.6,589.3403717052341,330.0,240.0,330.0
72.0,flow_west.2,relay,BS_1,flow_west.3,463.2733531797445,240.0,148.0,240.0
72.0,flow_west.2,relay,BS_1,flow_east.6,404.2494434048504,240.0,148.0,240.0
72.0,flow_west.2,relay,BS_1,flow_west.4,258.42785242532756,148.0,88.0,148.0
72.0,flow_west.6,direct,BS_1,-1,589.3403717052341,330.0,240.0,330.0
72.0,flow_west.6,relay,BS_1,flow_west.5,542.7801533863584,330.0,148.0,330.0
72.0,flow_west.6,relay,BS_1,flow_east.6,639.1151603163821,330.0,240.0,330.0
72.0,flow_west.6,relay,BS_1,flow_west.2,521.4044557134728,330.0,148.0,330.0
72.0,flow_west.6,relay,BS_1,flow_west.3,462.3170798439674,240.0,148.0,240.0
72.0,flow_west.6,relay,BS_1,flow_west.4,295.2515866036676,148.0,88.0,148.0
72.0,flow_west.4,direct,BS_1,-1,546.9997892280549,330.0,148.0,330.0
72.0,flow_west.4,relay,BS_1,flow_east.1,456.5851280360261,240.0,148.0,240.0
72.0,flow_west.4,relay,BS_1,flow_east.6,398.3287809028572,240.0,148.0,240.0
72.0,flow_west.4,relay,BS_1,flow_west.5,321.91425968029665,148.0,88.0,148.0
72.0,flow_west.4,relay,BS_1,flow_east.5,301.92747297090347,148.0,88.0,148.0
72.0,flow_west.4,relay,BS_1,flow_west.6,295.2515866036676,148.0,88.0,148.0
72.0,flow_east.3,direct,BS_1,-1,308.6471151381865,148.0,88.0,148.0
72.0,flow_east.3,relay,BS_1,flow_east.5,365.616206835258,240.0,88.0,240.0
72.0,flow_east.3,relay,BS_1,flow_east.1,296.9888057615337,148.0,88.0,148.0
72.0,flow_east.3,relay,BS_1,flow_west.4,211.76348344667971,148.0,38.0,148.0
72.0,flow_east.3,relay,BS_1,flow_east.6,134.32222328605508,88.0,38.0,88.0
72.0,flow_east.3,relay,BS_1,flow_west.6,110.43812154230284,88.0,15.0,88.0
72.0,flow_east.6,direct,BS_1,-1,639.1151603163821,330.0,240.0,330.0
72.0,flow_east.6,relay,BS_1,flow_west.6,589.3403717052341,330.0,240.0,330.0
72.0,flow_east.6,relay,BS_1,flow_west.5,449.9105460570236,240.0,148.0,240.0
72.0,flow_east.6,relay,BS_1,flow_west.2,404.2494434048504,240.0,148.0,240.0
72.0,flow_east.6,relay,BS_1,flow_west.4,398.3287809028572,240.0,148.0,240.0
72.0,flow_east.6,relay,BS_1,flow_west.3,285.1805754592772,148.0,88.0,148.0
72.0,flow_west.5,direct,BS_1,-1,542.7801533863584,330.0,148.0,330.0
72.0,flow_west.5,relay,BS_1,flow_west.2,521.4044557134728,330.0,148.0,330.0
72.0,flow_west.5,relay,BS_1,flow_west.6,589.3403717052341,330.0,240.0,330.0
72.0,flow_west.5,relay,BS_1,flow_west.3,463.2733531797445,240.0,148.0,240.0
72.0,flow_west.5,relay,BS_1,flow_east.6,450.2280649274024,240.0,148.0,240.0
72.0,flow_west.5,relay,BS_1,flow_west.4,322.5074470549099,148.0,88.0,148.0
72.0,flow_east.1,direct,BS_1,-1,456.5851280360261,240.0,148.0,240.0
72.0,flow_east.1,relay,BS_1,flow_west.4,524.3144509104085,330.0,148.0,330.0
72.0,flow_east.1,relay,BS_1,flow_east.5,365.616206835258,240.0,88.0,240.0
72.0,flow_east.1,relay,BS_1,flow_east.3,296.9888057615337,148.0,88.0,148.0
72.0,flow_east.1,relay,BS_1,flow_east.6,271.2705156605497,148.0,88.0,148.0
72.0,flow_east.1,relay,BS_1,flow_west.6,210.74198038462131,148.0,38.0,148.0
72.0,flow_east.5,direct,BS_1,-1,365.616206835258,240.0,88.0,240.0
72.0,flow_east.5,relay,BS_1,flow_east.3,308.6471151381865,148.0,88.0,148.0
72.0,flow_east.5,relay,BS_1,flow_east.1,455.6307669226409,240.0,148.0,240.0
72.0,flow_east.5,relay,BS_1,flow_west.4,301.92747297090347,148.0,88.0,148.0
72.0,flow_east.5,relay,BS_1,flow_east.6,179.97294718516198,88.0,38.0,88.0
72.0,flow_east.5,relay,BS_1,flow_west.6,144.82207005292682,88.0,38.0,88.0
72.0,flow_west.3,direct,BS_1,-1,463.2733531797445,240.0,148.0,240.0
72.0,flow_west.3,relay,BS_1,flow_west.2,521.4044557134728,330.0,148.0,330.0
72.0,flow_west.3,relay,BS_1,flow_west.5,489.83012628165926,240.0,148.0,240.0
72.0,flow_west.3,relay,BS_1,flow_west.6,462.63580792794306,240.0,148.0,240.0
72.0,flow_west.3,relay,BS_1,flow_east.6,285.1805754592772,148.0,88.0,148.0
72.0,flow_west.3,relay,BS_1,flow_west.4,236.63791232915,148.0,38.0,148.0
73.0,flow_west.2,direct,BS_1,-1,533.3778161585142,330.0,148.0,330.0
73.0,flow_west.2,relay,BS_1,flow_west.5,525.2848047886556,330.0,148.0,330.0
73.0,flow_west.2,relay,BS_1,flow_west.6,574.6564277327512,330.0,240.0,330.0
73.0,flow_west.2,relay,BS_1,flow_west.3,448.6407945493119,240.0,148.0,240.0
73.0,flow_west.2,relay,BS_1,flow_east.6,177.1429351712039,88.0,38.0,88.0
73.0,flow_west.2,relay,BS_1,flow_west.4,264.54290677992645,148.0,88.0,148.0
73.0,flow_west.6,direct,BS_1,-1,574.6564277327512,330.0,240.0,330.0
73.0,flow_west.6,relay,BS_1,flow_west.5,525.2848047886556,330.0,148.0,330.0
73.0,flow_west.6,relay,BS_1,flow_west.2,533.3778161585142,330.0,148.0,330.0
73.0,flow_west.6,relay,BS_1,flow_east.6,177.1429351712039,88.0,38.0,88.0
73.0,flow_west.6,relay,BS_1,flow_west.3,448.6407945493119,240.0,148.0,240.0
73.0,flow_west.6,relay,BS_1,flow_west.4,348.5798172450272,240.0,88.0,240.0
73.0,flow_west.4,direct,BS_1,-1,561.9531591071087,330.0,240.0,330.0
73.0,flow_west.4,relay,BS_1,flow_east.6,177.1429351712039,88.0,38.0,88.0
73.0,flow_west.4,relay,BS_1,flow_east.1,446.4199872291918,240.0,148.0,240.0
73.0,flow_west.4,relay,BS_1,flow_west.6,348.5798172450272,240.0,88.0,240.0
73.0,flow_west.4,relay,BS_1,flow_west.5,322.5074470549099,148.0,88.0,148.0
73.0,flow_west.4,relay,BS_1,flow_east.5,269.02154239031796,148.0,88.0,148.0
73.0,flow_east.3,direct,BS_1,-1,301.92747297090347,148.0,88.0,148.0
73.0,flow_east.3,relay,BS_1,flow_east.5,356.16245503513744,240.0,88.0,240.0
73.0,flow_east.3,relay,BS_1,flow_east.1,295.5409088675979,148.0,88.0,148.0
73.0,flow_east.3,relay,BS_1,flow_west.4,192.73823432016133,88.0,38.0,88.0
73.0,flow_east.3,relay,BS_1,flow_east.6,134.52357714318555,88.0,38.0,88.0
73.0,flow_east.3,relay,BS_1,flow_west.6,103.1433232154826,88.0,15.0,88.0
73.0,flow_east.6,direct,BS_1,-1,177.1429351712039,88.0,38.0,88.0
73.0,flow_east.6,relay,BS_1,flow_west.6,574.6564277327512,330.0,240.0,330.0
73.0,flow_east.6,relay,BS_1,flow_west.4,458.4946836822213,240.0,148.0,240.0
73.0,flow_east.6,relay,BS_1,flow_west.5,434.70893851256574,240.0,148.0,240.0
73.0,flow_east.6,relay,BS_1,flow_west.2,365.31039167988087,240.0,88.0,240.0
73.0,flow_east.6,relay,BS_1,flow_west.3,330.8422756551894,148.0,88.0,148.0
73.0,flow_west.5,direct,BS_1,-1,525.2848047886556,330.0,148.0,330.0
73.0,flow_west.5,relay,BS_1,flow_west.2,533.3778161585142,330.0,148.0,330.0
73.0,flow_west.5,relay,BS_1,flow_west.6,574.6564277327512,330.0,240.0,330.0
73.0,flow_west.5,relay,BS_1,flow_west.3,448.6407945493119,240.0,148.0,240.0
73.0,flow_west.5,relay,BS_1,flow_east.6,177.1429351712039,88.0,38.0,88.0
73.0,flow_west.5,relay,BS_1,flow_west.4,322.5074470549099,148.0,88.0,148.0
73.0,flow_east.1,direct,BS_1,-1,446.4199872291918,240.0,148.0,240.0
73.0,flow_east.1,relay,BS_1,flow_west.4,453.08717843976865,240.0,148.0,240.0
73.0,flow_east.1,relay,BS_1,flow_east.5,356.16245503513744,240.0,88.0,240.0
73.0,flow_east.1,relay,BS_1,flow_east.3,295.5409088675979,148.0,88.0,148.0
73.0,flow_east.1,relay,BS_1,flow_east.6,177.1429351712039,88.0,38.0,88.0
73.0,flow_east.1,relay,BS_1,flow_west.6,193.96437082173665,88.0,38.0,88.0
73.0,flow_east.5,direct,BS_1,-1,356.16245503513744,240.0,88.0,240.0
73.0,flow_east.5,relay,BS_1,flow_east.3,301.92747297090347,148.0,88.0,148.0
73.0,flow_east.5,relay,BS_1,flow_east.1,446.4199872291918,240.0,148.0,240.0
73.0,flow_east.5,relay,BS_1,flow_west.4,269.02154239031796,148.0,88.0,148.0
73.0,flow_east.5,relay,BS_1,flow_east.6,177.1429351712039,88.0,38.0,88.0
73.0,flow_east.5,relay,BS_1,flow_west.6,133.71925799155525,88.0,38.0,88.0
73.0,flow_west.3,direct,BS_1,-1,448.6407945493119,240.0,148.0,240.0
73.0,flow_west.3,relay,BS_1,flow_west.2,533.3778161585142,330.0,148.0,330.0
73.0,flow_west.3,relay,BS_1,flow_west.5,501.0818112970885,240.0,148.0,240.0
73.0,flow_west.3,relay,BS_1,flow_west.6,458.1763476724695,240.0,148.0,240.0
73.0,flow_west.3,relay,BS_1,flow_east.6,177.1429351712039,88.0,38.0,88.0
73.0,flow_west.3,relay,BS_1,flow_west.4,236.63791232915,148.0,38.0,148.0
74.0,flow_west.2,direct,BS_1,-1,497.54243050069937,240.0,148.0,240.0
74.0,flow_west.2,relay,BS_1,flow_west.5,532.7299413555816,330.0,148.0,330.0
74.0,flow_west.2,relay,BS_1,flow_west.3,457.2215235489121,240.0,148.0,240.0
74.0,flow_west.2,relay,BS_1,flow_west.6,565.8594786915696,330.0,240.0,330.0
74.0,flow_west.2,relay,BS_1,flow_east.6,176.67347736439908,88.0,38.0,88.0
74.0,flow_west.2,relay,BS_1,flow_west.4,266.4991131674612,148.0,88.0,148.0
74.0,flow_west.6,direct,BS_1,-1,565.8594786915696,330.0,240.0,330.0
74.0,flow_west.6,relay,BS_1,flow_west.5,532.7299413555816,330.0,148.0,330.0
74.0,flow_west.6,relay,BS_1,flow_west.2,497.54243050069937,240.0,148.0,240.0
74.0,flow_west.6,relay,BS_1,flow_east.6,176.67347736439908,88.0,38.0,88.0
74.0,flow_west.6,relay,BS_1,flow_west.3,451.8161418519275,240.0,148.0,240.0
74.0,flow_west.6,relay,BS_1,flow_west.4,357.0748972130123,240.0,88.0,240.0
74.0,flow_west.4,direct,BS_1,-1,575.9605612449084,330.0,240.0,330.0
74.0,flow_west.4,relay,BS_1,flow_east.6,176.67347736439908,88.0,38.0,88.0
74.0,flow_west.4,relay,BS_1,flow_east.1,397.3954186299013,240.0,148.0,240.0
74.0,flow_west.4,relay,BS_1,flow_west.6,357.6834869640201,240.0,88.0,240.0
74.0,flow_west.4,relay,BS_1,flow_west.5,324.88310814000465,148.0,88.0,148.0
74.0,flow_west.4,relay,BS_1,flow_west.2,266.4991131674612,148.0,88.0,148.0
74.0,flow_east.3,direct,BS_1,-1,295.2515866036676,148.0,88.0,148.0
74.0,flow_east.3,relay,BS_1,flow_east.5,347.06789512972296,240.0,88.0,240.0
74.0,flow_east.3,relay,BS_1,flow_east.1,294.9623503870303,148.0,88.0,148.0
74.0,flow_east.3,relay,BS_1,flow_west.4,176.2046544619587,88.0,38.0,88.0
74.0,flow_east.3,relay,BS_1,flow_east.6,134.7251135647232,88.0,38.0,88.0
74.0,flow_east.3,relay,BS_1,flow_west.6,96.5092337387133,38.0,15.0,38.0
74.0,flow_east.6,direct,BS_1,-1,176.67347736439908,88.0,38.0,88.0
74.0,flow_east.6,relay,BS_1,flow_west.4,534.6737873918274,330.0,148.0,330.0
74.0,flow_east.6,relay,BS_1,flow_west.6,464.5487982639571,240.0,148.0,240.0
74.0,flow_east.6,relay,BS_1,flow_west.2,398.3287809028572,240.0,148.0,240.0
74.0,flow_east.6,relay,BS_1,flow_west.5,350.09329393533494,240.0,88.0,240.0
74.0,flow_east.6,relay,BS_1,flow_west.3,280.6135381981077,148.0,88.0,148.0
74.0,flow_west.5,direct,BS_1,-1,532.7299413555816,330.0,148.0,330.0
74.0,flow_west.5,relay,BS_1,flow_west.2,497.54243050069937,240.0,148.0,240.0
74.0,flow_west.5,relay,BS_1,flow_west.6,565.8594786915696,330.0,240.0,330.0
74.0,flow_west.5,relay,BS_1,flow_west.3,457.2215235489121,240.0,148.0,240.0
74.0,flow_west.5,relay,BS_1,flow_east.6,176.67347736439908,88.0,38.0,88.0
74.0,flow_west.5,relay,BS_1,flow_west.4,324.88310814000465,148.0,88.0,148.0
74.0,flow_east.1,direct,BS_1,-1,435.6567100092598,240.0,148.0,240.0
74.0,flow_east.1,relay,BS_1,flow_east.5,347.06789512972296,240.0,88.0,240.0
74.0,flow_east.1,relay,BS_1,flow_west.4,397.3954186299013,240.0,148.0,240.0
74.0,flow_east.1,relay,BS_1,flow_east.3,294.9623503870303,148.0,88.0,148.0
74.0,flow_east.1,relay,BS_1,flow_east.6,176.67347736439908,88.0,38.0,88.0
74.0,flow_east.1,relay,BS_1,flow_west.6,178.55510593147633,88.0,38.0,88.0
74.0,flow_east.5,direct,BS_1,-1,347.06789512972296,240.0,88.0,240.0
74.0,flow_east.5,relay,BS_1,flow_east.3,295.2515866036676,148.0,88.0,148.0
74.0,flow_east.5,relay,BS_1,flow_east.1,435.6567100092598,240.0,148.0,240.0
74.0,flow_east.5,relay,BS_1,flow_west.4,241.47698064933337,148.0,38.0,148.0
74.0,flow_east.5,relay,BS_1,flow_east.6,176.67347736439908,88.0,38.0,88.0
74.0,flow_east.5,relay,BS_1,flow_west.6,123.722540103705,88.0,15.0,88.0
74.0,flow_west.3,direct,BS_1,-1,457.2215235489121,240.0,148.0,240.0
74.0,flow_west.3,relay,BS_1,flow_west.2,497.54243050069937,240.0,148.0,240.0
74.0,flow_west.3,relay,BS_1,flow_west.5,520.4348166892335,330.0,148.0,330.0
74.0,flow_west.3,relay,BS_1,flow_west.6,451.8161418519275,240.0,148.0,240.0
74.0,flow_west.3,relay,BS_1,flow_east.6,176.67347736439908,88.0,38.0,88.0
74.0,flow_west.3,relay,BS_1,flow_west.4,236.63791232915,148.0,38.0,148.0
75.0,flow_west.2,direct,BS_1,-1,487.904252843177,240.0,148.0,240.0
75.0,flow_west.2,relay,BS_1,flow_west.5,522.0509820635123,330.0,148.0,330.0
75.0,flow_west.2,relay,BS_1,flow_west.3,446.10286082263826,240.0,148.0,240.0
75.0,flow_west.2,relay,BS_1,flow_west.6,565.5338696369089,330.0,240.0,330.0
75.0,flow_west.2,relay,BS_1,flow_east.6,285.1805754592772,148.0,88.0,148.0
75.0,flow_west.2,relay,BS_1,flow_west.4,270.4264047104656,148.0,88.0,148.0
75.0,flow_west.6,direct,BS_1,-1,565.5338696369089,330.0,240.0,330.0
75.0,flow_west.6,relay,BS_1,flow_west.5,522.0509820635123,330.0,148.0,330.0
75.0,flow_west.6,relay,BS_1,flow_west.2,487.904252843177,240.0,148.0,240.0
75.0,flow_west.6,relay,BS_1,flow_east.6,447.6888230000076,240.0,148.0,240.0
75.0,flow_west.6,relay,BS_1,flow_west.3,440.08383798794017,240.0,148.0,240.0
75.0,flow_west.6,relay,BS_1,flow_west.4,341.0360491066065,148.0,88.0,148.0
75.0,flow_west.4,direct,BS_1,-1,589.3403717052341,330.0,240.0,330.0
75.0,flow_west.4,relay,BS_1,flow_east.6,623.0428664083857,330.0,240.0,330.0
75.0,flow_west.4,relay,BS_1,flow_east.1,351.9114973834068,240.0,88.0,240.0
75.0,flow_west.4,relay,BS_1,flow_west.6,341.0360491066065,148.0,88.0,148.0
75.0,flow_west.4,relay,BS_1,flow_west.5,326.3702406223097,148.0,88.0,148.0
75.0,flow_west.4,relay,BS_1,flow_west.2,270.4264047104656,148.0,88.0,148.0
75.0,flow_east.6,direct,BS_1,-1,623.0428664083857,330.0,240.0,330.0
75.0,flow_east.6,relay,BS_1,flow_west.4,589.3403717052341,330.0,240.0,330.0
75.0,flow_east.6,relay,BS_1,flow_west.6,447.6888230000076,240.0,148.0,240.0
75.0,flow_east.6,relay,BS_1,flow_west.5,381.2845050241565,240.0,88.0,240.0
75.0,flow_east.6,relay,BS_1,flow_west.2,285.1805754592772,148.0,88.0,148.0
75.0,flow_east.6,relay,BS_1,flow_east.1,276.35372107940583,148.0,88.0,148.0
75.0,flow_west.5,direct,BS_1,-1,522.0509820635123,330.0,148.0,330.0
75.0,flow_west.5,relay,BS_1,flow_west.2,487.904252843177,240.0,148.0,240.0
75.0,flow_west.5,relay,BS_1,flow_west.6,565.5338696369089,330.0,240.0,330.0
75.0,flow_west.5,relay,BS_1,flow_west.3,446.10286082263826,240.0,148.0,240.0
75.0,flow_west.5,relay,BS_1,flow_east.6,381.2845050241565,240.0,88.0,240.0
75.0,flow_west.5,relay,BS_1,flow_west.4,326.3702406223097,148.0,88.0,148.0
75.0,flow_east.1,direct,BS_1,-1,425.5640318684957,240.0,148.0,240.0
75.0,flow_east.1,relay,BS_1,flow_east.5,337.72958468934917,148.0,88.0,148.0
75.0,flow_east.1,relay,BS_1,flow_west.4,351.9114973834068,240.0,88.0,240.0
75.0,flow_east.1,relay,BS_1,flow_east.6,276.35372107940583,148.0,88.0,148.0
75.0,flow_east.1,relay,BS_1,flow_west.6,164.9200861122167,88.0,38.0,88.0
75.0,flow_east.1,relay,BS_1,flow_west.5,140.85563906081208,88.0,38.0,88.0
75.0,flow_east.5,direct,BS_1,-1,337.72958468934917,148.0,88.0,148.0
75.0,flow_east.5,relay,BS_1,flow_east.1,425.5640318684957,240.0,148.0,240.0
75.0,flow_east.5,relay,BS_1,flow_west.4,217.42025377190623,148.0,38.0,148.0
75.0,flow_east.5,relay,BS_1,flow_east.6,178.08375066662265,88.0,38.0,88.0
75.0,flow_east.5,relay,BS_1,flow_west.6,114.39327812797964,88.0,15.0,88.0
75.0,flow_east.5,relay,BS_1,flow_west.5,99.62228024691149,38.0,15.0,38.0
75.0,flow_west.3,direct,BS_1,-1,446.10286082263826,240.0,148.0,240.0
75.0,flow_west.3,relay,BS_1,flow_west.2,487.904252843177,240.0,148.0,240.0
75.0,flow_west.3,relay,BS_1,flow_west.5,522.0509820635123,330.0,148.0,330.0
75.0,flow_west.3,relay,BS_1,flow_west.6,440.08383798794017,240.0,148.0,240.0
75.0,flow_west.3,relay,BS_1,flow_west.4,236.63791232915,148.0,38.0,148.0
75.0,flow_west.3,relay,BS_1,flow_east.6,208.4515891600109,148.0,38.0,148.0
76.0,flow_west.2,direct,BS_1,-1,489.1880687433037,240.0,148.0,240.0
76.0,flow_west.2,relay,BS_1,flow_west.5,504.9461243030301,330.0,148.0,330.0
76.0,flow_west.2,relay,BS_1,flow_west.3,438.5019343881086,240.0,148.0,240.0
76.0,flow_west.2,relay,BS_1,flow_west.6,562.6040615150929,330.0,240.0,330.0
76.0,flow_west.2,relay,BS_1,flow_east.6,331.7385707435337,148.0,88.0,148.0
76.0,flow_west.2,relay,BS_1,flow_west.4,272.679342779729,148.0,88.0,148.0
76.0,flow_west.6,direct,BS_1,-1,562.6040615150929,330.0,240.0,330.0
76.0,flow_west.6,relay,BS_1,flow_west.5,504.9461243030301,330.0,148.0,330.0
76.0,flow_west.6,relay,BS_1,flow_west.2,489.1880687433037,240.0,148.0,240.0
76.0,flow_west.6,relay,BS_1,flow_west.3,431.2365434417132,240.0,148.0,240.0
76.0,flow_west.6,relay,BS_1,flow_east.6,354.6429054869848,240.0,88.0,240.0
76.0,flow_west.6,relay,BS_1,flow_west.4,350.39617453136975,240.0,88.0,240.0
76.0,flow_west.4,direct,BS_1,-1,602.0872869068644,330.0,240.0,330.0
76.0,flow_west.4,relay,BS_1,flow_east.6,617.1446836708177,330.0,240.0,330.0
76.0,flow_west.4,relay,BS_1,flow_west.6,350.39617453136975,240.0,88.0,240.0
76.0,flow_west.4,relay,BS_1,flow_west.5,328.15715268138473,148.0,88.0,148.0
76.0,flow_west.4,relay,BS_1,flow_east.1,313.64091683249234,148.0,88.0,148.0
76.0,flow_west.4,relay,BS_1,flow_west.2,272.679342779729,148.0,88.0,148.0
76.0,flow_east.6,direct,BS_1,-1,617.1446836708177,330.0,240.0,330.0
76.0,flow_east.6,relay,BS_1,flow_west.4,602.0872869068644,330.0,240.0,330.0
76.0,flow_east.6,relay,BS_1,flow_west.6,354.6429054869848,240.0,88.0,240.0
76.0,flow_east.6,relay,BS_1,flow_west.2,331.7385707435337,148.0,88.0,148.0
76.0,flow_east.6,relay,BS_1,flow_west.5,289.1959234644955,148.0,88.0,148.0
76.0,flow_east.6,relay,BS_1,flow_east.1,277.7712846982851,148.0,88.0,148.0
76.0,flow_west.5,direct,BS_1,-1,504.9461243030301,330.0,148.0,330.0
76.0,flow_west.5,relay,BS_1,flow_west.2,489.1880687433037,240.0,148.0,240.0
76.0,flow_west.5,relay,BS_1,flow_west.6,562.6040615150929,330.0,240.0,330.0
76.0,flow_west.5,relay,BS_1,flow_west.3,438.5019343881086,240.0,148.0,240.0
76.0,flow_west.5,relay,BS_1,flow_west.4,328.15715268138473,148.0,88.0,148.0
76.0,flow_west.5,relay,BS_1,flow_east.6,289.1959234644955,148.0,88.0,148.0
76.0,flow_east.1,direct,BS_1,-1,415.51022385718545,240.0,148.0,240.0
76.0,flow_east.1,relay,BS_1,flow_east.5,328.7533559818472,148.0,88.0,148.0
76.0,flow_east.1,relay,BS_1,flow_west.4,313.64091683249234,148.0,88.0,148.0
76.0,flow_east.1,relay,BS_1,flow_east.6,277.7712846982851,148.0,88.0,148.0
76.0,flow_east.1,relay,BS_1,flow_west.6,152.29589712219436,88.0,38.0,88.0
76.0,flow_east.1,relay,BS_1,flow_west.5,130.53130342008222,88.0,38.0,88.0
76.0,flow_east.5,direct,BS_1,-1,328.7533559818472,148.0,88.0,148.0
76.0,flow_east.5,relay,BS_1,flow_east.1,415.51022385718545,240.0,148.0,240.0
76.0,flow_east.5,relay,BS_1,flow_west.4,196.18069009648744,88.0,38.0,88.0
76.0,flow_east.5,relay,BS_1,flow_east.6,177.37790178668195,88.0,38.0,88.0
76.0,flow_east.5,relay,BS_1,flow_west.6,106.05542750038292,88.0,15.0,88.0
76.0,flow_east.5,relay,BS_1,flow_west.5,92.6755579429004,38.0,15.0,38.0
76.0,flow_west.3,direct,BS_1,-1,438.5019343881086,240.0,148.0,240.0
76.0,flow_west.3,relay,BS_1,flow_west.2,489.1880687433037,240.0,148.0,240.0
76.0,flow_west.3,relay,BS_1,flow_west.5,504.9461243030301,330.0,148.0,330.0
76.0,flow_west.3,relay,BS_1,flow_west.6,431.2365434417132,240.0,148.0,240.0
76.0,flow_west.3,relay,BS_1,flow_west.4,236.10261153904315,148.0,38.0,148.0
76.0,flow_west.3,relay,BS_1,flow_east.6,221.31386122841135,148.0,38.0,148.0
77.0,flow_west.2,direct,BS_1,-1,476.3684106313096,240.0,148.0,240.0
77.0,flow_west.2,relay,BS_1,flow_west.5,487.904252843177,240.0,148.0,240.0
77.0,flow_west.2,relay,BS_1,flow_west.6,523.9910388858158,330.0,148.0,330.0
77.0,flow_west.2,relay,BS_1,flow_west.3,413.3163920075275,240.0,148.0,240.0
77.0,flow_west.2,relay,BS_1,flow_east.6,284.89444455716944,148.0,88.0,148.0
77.0,flow_west.2,relay,BS_1,flow_west.4,276.9204594571485,148.0,88.0,148.0
77.0,flow_west.6,direct,BS_1,-1,523.9910388858158,330.0,148.0,330.0
77.0,flow_west.6,relay,BS_1,flow_west.5,487.904252843177,240.0,148.0,240.0
77.0,flow_west.6,relay,BS_1,flow_west.2,476.3684106313096,240.0,148.0,240.0
77.0,flow_west.6,relay,BS_1,flow_west.3,413.3163920075275,240.0,148.0,240.0
77.0,flow_west.6,relay,BS_1,flow_east.6,376.0464596951496,240.0,88.0,240.0
77.0,flow_west.6,relay,BS_1,flow_west.4,361.9501428162096,240.0,88.0,240.0
77.0,flow_west.4,direct,BS_1,-1,613.214437339517,330.0,240.0,330.0
77.0,flow_west.4,relay,BS_1,flow_east.6,609.6130704749004,330.0,240.0,330.0
77.0,flow_west.4,relay,BS_1,flow_west.6,361.9501428162096,240.0,88.0,240.0
77.0,flow_west.4,relay,BS_1,flow_west.5,329.0515631662001,148.0,88.0,148.0
77.0,flow_west.4,relay,BS_1,flow_east.1,281.4680489625431,148.0,88.0,148.0
77.0,flow_west.4,relay,BS_1,flow_west.2,276.9204594571485,148.0,88.0,148.0
77.0,flow_east.6,direct,BS_1,-1,609.6130704749004,330.0,240.0,330.0
77.0,flow_east.6,relay,BS_1,flow_west.4,613.214437339517,330.0,240.0,330.0
77.0,flow_east.6,relay,BS_1,flow_west.6,376.661925860841,240.0,88.0,240.0
77.0,flow_east.6,relay,BS_1,flow_west.5,330.5436492879327,148.0,88.0,148.0
77.0,flow_east.6,relay,BS_1,flow_west.2,284.89444455716944,148.0,88.0,148.0
77.0,flow_east.6,relay,BS_1,flow_east.1,278.6229674154846,148.0,88.0,148.0
77.0,flow_west.5,direct,BS_1,-1,487.904252843177,240.0,148.0,240.0
77.0,flow_west.5,relay,BS_1,flow_west.2,476.3684106313096,240.0,148.0,240.0
77.0,flow_west.5,relay,BS_1,flow_west.6,523.9910388858158,330.0,148.0,330.0
77.0,flow_west.5,relay,BS_1,flow_west.3,413.3163920075275,240.0,148.0,240.0
77.0,flow_west.5,relay,BS_1,flow_east.6,330.5436492879327,148.0,88.0,148.0
77.0,flow_west.5,relay,BS_1,flow_west.4,329.0515631662001,148.0,88.0,148.0
77.0,flow_east.1,direct,BS_1,-1,405.8101535151694,240.0,148.0,240.0
77.0,flow_east.1,relay,BS_1,flow_east.5,320.43257663692134,148.0,88.0,148.0
77.0,flow_east.1,relay,BS_1,flow_west.4,281.4680489625431,148.0,88.0,148.0
77.0,flow_east.1,relay,BS_1,flow_east.6,278.6229674154846,148.0,88.0,148.0
77.0,flow_east.1,relay,BS_1,flow_west.6,141.2701173601044,88.0,38.0,88.0
77.0,flow_east.1,relay,BS_1,flow_west.5,121.0629484533494,88.0,15.0,88.0
77.0,flow_east.5,direct,BS_1,-1,320.43257663692134,148.0,88.0,148.0
77.0,flow_east.5,relay,BS_1,flow_east.1,405.8101535151694,240.0,148.0,240.0
77.0,flow_east.5,relay,BS_1,flow_west.4,178.08375066662265,88.0,38.0,88.0
77.0,flow_east.5,relay,BS_1,flow_east.6,176.67347736439908,88.0,38.0,88.0
77.0,flow_east.5,relay,BS_1,flow_west.6,98.63175640005056,38.0,15.0,38.0
77.0,flow_east.5,relay,BS_1,flow_west.5,86.23067799633617,38.0,15.0,38.0
77.0,flow_west.3,direct,BS_1,-1,413.3163920075275,240.0,148.0,240.0
77.0,flow_west.3,relay,BS_1,flow_west.2,476.3684106313096,240.0,148.0,240.0
77.0,flow_west.3,relay,BS_1,flow_west.5,487.904252843177,240.0,148.0,240.0
77.0,flow_west.3,relay,BS_1,flow_west.6,418.64770690364634,240.0,148.0,240.0
77.0,flow_west.3,relay,BS_1,flow_west.4,236.905742165306,148.0,38.0,148.0
77.0,flow_west.3,relay,BS_1,flow_east.6,236.370202064211,148.0,38.0,148.0
78.0,flow_west.2,direct,BS_1,-1,456.5851280360261,240.0,148.0,240.0
78.0,flow_west.2,relay,BS_1,flow_west.5,496.5776363646706,240.0,148.0,240.0
78.0,flow_west.2,relay,BS_1,flow_west.6,534.3497669809973,330.0,148.0,330.0
78.0,flow_west.2,relay,BS_1,flow_west.3,372.0510634196294,240.0,88.0,240.0
78.0,flow_west.2,relay,BS_1,flow_west.4,281.18311857020205,148.0,88.0,148.0
78.0,flow_west.2,relay,BS_1,flow_east.6,212.27504948693564,148.0,38.0,148.0
78.0,flow_west.6,direct,BS_1,-1,534.3497669809973,330.0,148.0,330.0
78.0,flow_west.6,relay,BS_1,flow_west.5,496.5776363646706,240.0,148.0,240.0
78.0,flow_west.6,relay,BS_1,flow_west.2,456.5851280360261,240.0,148.0,240.0
78.0,flow_west.6,relay,BS_1,flow_west.3,372.0510634196294,240.0,88.0,240.0
78.0,flow_west.6,relay,BS_1,flow_west.4,376.969737101776,240.0,88.0,240.0
78.0,flow_west.6,relay,BS_1,flow_east.6,288.90852842737337,148.0,88.0,148.0
78.0,flow_west.4,direct,BS_1,-1,622.3873495175933,330.0,240.0,330.0
78.0,flow_west.4,relay,BS_1,flow_east.6,600.4520481669889,330.0,240.0,330.0
78.0,flow_west.4,relay,BS_1,flow_west.6,376.969737101776,240.0,88.0,240.0
78.0,flow_west.4,relay,BS_1,flow_west.5,330.24509246438555,148.0,88.0,148.0
78.0,flow_west.4,relay,BS_1,flow_west.2,281.18311857020205,148.0,88.0,148.0
78.0,flow_west.4,relay,BS_1,flow_east.1,252.91330411827303,148.0,88.0,148.0
78.0,flow_east.6,direct,BS_1,-1,600.4520481669889,330.0,240.0,330.0
78.0,flow_east.6,relay,BS_1,flow_west.4,622.3873495175933,330.0,240.0,330.0
78.0,flow_east.6,relay,BS_1,flow_west.6,288.90852842737337,148.0,88.0,148.0
78.0,flow_east.6,relay,BS_1,flow_east.1,279.19123019937047,148.0,88.0,148.0
78.0,flow_east.6,relay,BS_1,flow_west.5,271.2705156605497,148.0,88.0,148.0
78.0,flow_east.6,relay,BS_1,flow_west.3,227.60394772404345,148.0,38.0,148.0
78.0,flow_west.5,direct,BS_1,-1,496.5776363646706,240.0,148.0,240.0
78.0,flow_west.5,relay,BS_1,flow_west.2,456.5851280360261,240.0,148.0,240.0
78.0,flow_west.5,relay,BS_1,flow_west.6,534.3497669809973,330.0,148.0,330.0
78.0,flow_west.5,relay,BS_1,flow_west.3,372.0510634196294,240.0,88.0,240.0
78.0,flow_west.5,relay,BS_1,flow_west.4,330.5436492879327,148.0,88.0,148.0
78.0,flow_west.5,relay,BS_1,flow_east.6,271.2705156605497,148.0,88.0,148.0
78.0,flow_east.1,direct,BS_1,-1,396.15157414274745,240.0,148.0,240.0
78.0,flow_east.1,relay,BS_1,flow_east.5,312.7580194312605,148.0,88.0,148.0
78.0,flow_east.1,relay,BS_1,flow_east.6,279.19123019937047,148.0,88.0,148.0
78.0,flow_east.1,relay,BS_1,flow_west.4,252.91330411827303,148.0,88.0,148.0
78.0,flow_east.1,relay,BS_1,flow_west.6,131.12546187290232,88.0,38.0,88.0
78.0,flow_east.1,relay,BS_1,flow_west.5,112.76415046634403,88.0,15.0,88.0
78.0,flow_east.5,direct,BS_1,-1,312.7580194312605,148.0,88.0,148.0
78.0,flow_east.5,relay,BS_1,flow_east.1,396.15157414274745,240.0,148.0,240.0
78.0,flow_east.5,relay,BS_1,flow_east.6,176.2046544619587,88.0,38.0,88.0
78.0,flow_east.5,relay,BS_1,flow_west.4,162.21667583364015,88.0,38.0,88.0
78.0,flow_east.5,relay,BS_1,flow_west.6,92.20407771076891,38.0,15.0,38.0
78.0,flow_east.5,relay,BS_1,flow_west.5,80.68733292607158,38.0,15.0,38.0
78.0,flow_west.3,direct,BS_1,-1,372.0510634196294,240.0,88.0,240.0
78.0,flow_west.3,relay,BS_1,flow_west.2,456.5851280360261,240.0,148.0,240.0
78.0,flow_west.3,relay,BS_1,flow_west.5,496.5776363646706,240.0,148.0,240.0
78.0,flow_west.3,relay,BS_1,flow_west.6,397.0843889094015,240.0,148.0,240.0
78.0,flow_west.3,relay,BS_1,flow_west.4,236.63791232915,148.0,38.0,148.0
78.0,flow_west.3,relay,BS_1,flow_east.6,227.60394772404345,148.0,38.0,148.0
79.0,flow_west.2,direct,BS_1,-1,435.0248267064087,240.0,148.0,240.0
79.0,flow_west.2,relay,BS_1,flow_west.5,450.8631993853019,240.0,148.0,240.0
79.0,flow_west.2,relay,BS_1,flow_west.6,528.1969167006249,330.0,148.0,330.0
79.0,flow_west.2,relay,BS_1,flow_west.3,407.059499060891,240.0,148.0,240.0
79.0,flow_west.2,relay,BS_1,flow_west.4,284.89444455716944,148.0,88.0,148.0
79.0,flow_west.2,relay,BS_1,flow_east.6,216.645075988331,148.0,38.0,148.0
79.0,flow_west.6,direct,BS_1,-1,528.1969167006249,330.0,148.0,330.0
79.0,flow_west.6,relay,BS_1,flow_west.5,450.8631993853019,240.0,148.0,240.0
79.0,flow_west.6,relay,BS_1,flow_west.2,435.0248267064087,240.0,148.0,240.0
79.0,flow_west.6,relay,BS_1,flow_west.4,389.6335901612208,240.0,88.0,240.0
79.0,flow_west.6,relay,BS_1,flow_west.3,377.8934822310478,240.0,88.0,240.0
79.0,flow_west.6,relay,BS_1,flow_east.6,331.43973651039096,148.0,88.0,148.0
79.0,flow_west.4,direct,BS_1,-1,628.9443063073678,330.0,240.0,330.0
79.0,flow_west.4,relay,BS_1,flow_east.6,589.6669822885294,330.0,240.0,330.0
79.0,flow_west.4,relay,BS_1,flow_west.6,389.6335901612208,240.0,88.0,240.0
79.0,flow_west.4,relay,BS_1,flow_west.5,331.1409714385041,148.0,88.0,148.0
79.0,flow_west.4,relay,BS_1,flow_west.2,283.7508367808584,148.0,88.0,148.0
79.0,flow_west.4,relay,BS_1,flow_west.3,236.370202064211,148.0,38.0,148.0
79.0,flow_east.6,direct,BS_1,-1,589.6669822885294,330.0,240.0,330.0
79.0,flow_east.6,relay,BS_1,flow_west.4,628.9443063073678,330.0,240.0,330.0
79.0,flow_east.6,relay,BS_1,flow_west.6,331.1409714385041,148.0,88.0,148.0
79.0,flow_east.6,relay,BS_1,flow_east.1,280.3288885262952,148.0,88.0,148.0
79.0,flow_east.6,relay,BS_1,flow_west.2,216.645075988331,148.0,38.0,148.0
79.0,flow_east.6,relay,BS_1,flow_west.5,207.690600209752,148.0,38.0,148.0
79.0,flow_west.5,direct,BS_1,-1,450.8631993853019,240.0,148.0,240.0
79.0,flow_west.5,relay,BS_1,flow_west.2,435.0248267064087,240.0,148.0,240.0
79.0,flow_west.5,relay,BS_1,flow_west.6,528.1969167006249,330.0,148.0,330.0
79.0,flow_west.5,relay,BS_1,flow_west.3,407.059499060891,240.0,148.0,240.0
79.0,flow_west.5,relay,BS_1,flow_west.4,331.1409714385041,148.0,88.0,148.0
79.0,flow_west.5,relay,BS_1,flow_east.6,207.690600209752,148.0,38.0,148.0
79.0,flow_east.1,direct,BS_1,-1,386.8465864308504,240.0,88.0,240.0
79.0,flow_east.1,relay,BS_1,flow_east.5,304.8437823956721,148.0,88.0,148.0
79.0,flow_east.1,relay,BS_1,flow_east.6,280.3288885262952,148.0,88.0,148.0
79.0,flow_east.1,relay,BS_1,flow_west.4,228.39533198918497,148.0,38.0,148.0
79.0,flow_east.1,relay,BS_1,flow_west.6,122.1982784084105,88.0,15.0,88.0
79.0,flow_east.1,relay,BS_1,flow_west.3,115.48789255245303,88.0,15.0,88.0
79.0,flow_east.5,direct,BS_1,-1,304.8437823956721,148.0,88.0,148.0
79.0,flow_east.5,relay,BS_1,flow_east.1,386.8465864308504,240.0,88.0,240.0
79.0,flow_east.5,relay,BS_1,flow_east.6,175.50261318617837,88.0,38.0,88.0
79.0,flow_east.5,relay,BS_1,flow_west.4,147.99878257786776,88.0,38.0,88.0
79.0,flow_east.5,relay,BS_1,flow_west.6,86.23067799633617,38.0,15.0,38.0
79.0,flow_east.5,relay,BS_1,flow_west.5,75.41437118099533,38.0,15.0,38.0
79.0,flow_west.3,direct,BS_1,-1,407.059499060891,240.0,148.0,240.0
79.0,flow_west.3,relay,BS_1,flow_west.2,435.0248267064087,240.0,148.0,240.0
79.0,flow_west.3,relay,BS_1,flow_west.5,450.8631993853019,240.0,148.0,240.0
79.0,flow_west.3,relay,BS_1,flow_west.6,377.27760031178457,240.0,88.0,240.0
79.0,flow_west.3,relay,BS_1,flow_west.4,236.370202064211,148.0,38.0,148.0
79.0,flow_west.3,relay,BS_1,flow_east.6,200.3992290404092,88.0,38.0,88.0
80.0,flow_west.2,direct,BS_1,-1,437.2370384945075,240.0,148.0,240.0
80.0,flow_west.2,relay,BS_1,flow_west.5,475.7285366262274,240.0,148.0,240.0
80.0,flow_west.2,relay,BS_1,flow_east.7,469.3358661176646,240.0,148.0,240.0
80.0,flow_west.2,relay,BS_1,flow_west.6,515.2665056695485,330.0,148.0,330.0
80.0,flow_west.2,relay,BS_1,flow_west.3,365.92207785052057,240.0,88.0,240.0
80.0,flow_west.2,relay,BS_1,flow_west.4,180.92130866666545,88.0,38.0,88.0
80.0,flow_west.6,direct,BS_1,-1,515.2665056695485,330.0,148.0,330.0
80.0,flow_west.6,relay,BS_1,flow_east.7,469.3358661176646,240.0,148.0,240.0
80.0,flow_west.6,relay,BS_1,flow_west.5,475.7285366262274,240.0,148.0,240.0
80.0,flow_west.6,relay,BS_1,flow_west.2,437.2370384945075,240.0,148.0,240.0
80.0,flow_west.6,relay,BS_1,flow_west.4,180.92130866666545,88.0,38.0,88.0
80.0,flow_west.6,relay,BS_1,flow_west.3,359.51066214326494,240.0,88.0,240.0
80.0,flow_west.4,direct,BS_1,-1,180.92130866666545,88.0,38.0,88.0
80.0,flow_west.4,relay,BS_1,flow_east.6,549.5979103767269,330.0,148.0,330.0
80.0,flow_west.4,relay,BS_1,flow_west.6,396.15157414274745,240.0,148.0,240.0
80.0,flow_west.4,relay,BS_1,flow_west.5,331.43973651039096,148.0,88.0,148.0
80.0,flow_west.4,relay,BS_1,flow_west.2,288.90852842737337,148.0,88.0,148.0
80.0,flow_west.4,relay,BS_1,flow_east.7,285.75311094852805,148.0,88.0,148.0
80.0,flow_east.7,direct,BS_1,-1,469.3358661176646,240.0,148.0,240.0
80.0,flow_east.7,relay,BS_1,flow_west.5,475.7285366262274,240.0,148.0,240.0
80.0,flow_east.7,relay,BS_1,flow_west.6,515.2665056695485,330.0,148.0,330.0
80.0,flow_east.7,relay,BS_1,flow_west.2,437.2370384945075,240.0,148.0,240.0
80.0,flow_east.7,relay,BS_1,flow_west.3,365.92207785052057,240.0,88.0,240.0
80.0,flow_east.7,relay,BS_1,flow_west.4,180.92130866666545,88.0,38.0,88.0
80.0,flow_east.6,direct,BS_1,-1,577.5910397123184,330.0,240.0,330.0
80.0,flow_east.6,relay,BS_1,flow_west.4,180.92130866666545,88.0,38.0,88.0
80.0,flow_east.6,relay,BS_1,flow_east.1,282.6087016540835,148.0,88.0,148.0
80.0,flow_east.6,relay,BS_1,flow_west.6,277.2039723366398,148.0,88.0,148.0
80.0,flow_east.6,relay,BS_1,flow_west.2,235.30056008829123,148.0,38.0,148.0
80.0,flow_east.6,relay,BS_1,flow_west.5,218.1966188840575,148.0,38.0,148.0
80.0,flow_west.5,direct,BS_1,-1,475.7285366262274,240.0,148.0,240.0
80.0,flow_west.5,relay,BS_1,flow_west.2,437.2370384945075,240.0,148.0,240.0
80.0,flow_west.5,relay,BS_1,flow_east.7,469.3358661176646,240.0,148.0,240.0
80.0,flow_west.5,relay,BS_1,flow_west.6,515.2665056695485,330.0,148.0,330.0
80.0,flow_west.5,relay,BS_1,flow_west.3,365.92207785052057,240.0,88.0,240.0
80.0,flow_west.5,relay,BS_1,flow_west.4,180.92130866666545,88.0,38.0,88.0
80.0,flow_east.1,direct,BS_1,-1,378.5095708043106,240.0,88.0,240.0
80.0,flow_east.1,relay,BS_1,flow_west.7,323.1009266434054,148.0,88.0,148.0
80.0,flow_east.1,relay,BS_1,flow_east.5,296.9888057615337,148.0,88.0,148.0
80.0,flow_east.1,relay,BS_1,flow_east.6,282.6087016540835,148.0,88.0,148.0
80.0,flow_east.1,relay,BS_1,flow_west.4,180.92130866666545,88.0,38.0,88.0
80.0,flow_east.1,relay,BS_1,flow_west.6,114.21150539975012,88.0,15.0,88.0
80.0,flow_east.5,direct,BS_1,-1,296.9888057615337,148.0,88.0,148.0
80.0,flow_east.5,relay,BS_1,flow_west.7,323.1009266434054,148.0,88.0,148.0
80.0,flow_east.5,relay,BS_1,flow_east.1,378.5095708043106,240.0,88.0,240.0
80.0,flow_east.5,relay,BS_1,flow_east.6,175.03538280355357,88.0,38.0,88.0
80.0,flow_east.5,relay,BS_1,flow_west.4,135.53308309524897,88.0,38.0,88.0
80.0,flow_east.5,relay,BS_1,flow_west.6,80.54512159666169,38.0,15.0,38.0
80.0,flow_west.3,direct,BS_1,-1,365.92207785052057,240.0,88.0,240.0
80.0,flow_west.3,relay,BS_1,flow_west.2,437.2370384945075,240.0,148.0,240.0
80.0,flow_west.3,relay,BS_1,flow_west.5,475.7285366262274,240.0,148.0,240.0
80.0,flow_west.3,relay,BS_1,flow_east.7,404.5614985753256,240.0,148.0,240.0
80.0,flow_west.3,relay,BS_1,flow_west.6,359.51066214326494,240.0,88.0,240.0
80.0,flow_west.3,relay,BS_1,flow_west.4,180.92130866666545,88.0,38.0,88.0
80.0,flow_west.7,direct,BS_1,-1,323.1009266434054,148.0,88.0,148.0
80.0,flow_west.7,relay,BS_1,flow_east.5,296.9888057615337,148.0,88.0,148.0
80.0,flow_west.7,relay,BS_1,flow_east.1,378.5095708043106,240.0,88.0,240.0
80.0,flow_west.7,relay,BS_1,flow_east.6,204.6591390088494,88.0,38.0,88.0
80.0,flow_west.7,relay,BS_1,flow_west.4,156.22267740189497,88.0,38.0,88.0
80.0,flow_west.7,relay,BS_1,flow_west.6,90.48999051763236,38.0,15.0,38.0
81.0,flow_west.2,direct,BS_1,-1,421.1605559041608,240.0,148.0,240.0
81.0,flow_west.2,relay,BS_1,flow_west.5,453.405016896485,240.0,148.0,240.0
81.0,flow_west.2,relay,BS_1,flow_east.7,479.8896444688973,240.0,148.0,240.0
81.0,flow_west.2,relay,BS_1,flow_west.6,478.9289868819651,240.0,148.0,240.0
81.0,flow_west.2,relay,BS_1,flow_west.3,392.42447535585467,240.0,148.0,240.0
81.0,flow_west.2,relay,BS_1,flow_west.4,181.15878937659377,88.0,38.0,88.0
81.0,flow_west.6,direct,BS_1,-1,478.9289868819651,240.0,148.0,240.0
81.0,flow_west.6,relay,BS_1,flow_east.7,479.8896444688973,240.0,148.0,240.0
81.0,flow_west.6,relay,BS_1,flow_west.5,453.405016896485,240.0,148.0,240.0
81.0,flow_west.6,relay,BS_1,flow_west.2,421.1605559041608,240.0,148.0,240.0
81.0,flow_west.6,relay,BS_1,flow_west.4,181.15878937659377,88.0,38.0,88.0
81.0,flow_west.6,relay,BS_1,flow_west.3,351.0021200468714,240.0,88.0,240.0
81.0,flow_west.4,direct,BS_1,-1,181.15878937659377,88.0,38.0,88.0
81.0,flow_west.4,relay,BS_1,flow_east.6,467.10109281740176,240.0,148.0,240.0
81.0,flow_west.4,relay,BS_1,flow_west.6,400.8197337496839,240.0,148.0,240.0
81.0,flow_west.4,relay,BS_1,flow_east.7,393.3556209930418,240.0,148.0,240.0
81.0,flow_west.4,relay,BS_1,flow_west.5,331.43973651039096,148.0,88.0,148.0
81.0,flow_west.4,relay,BS_1,flow_west.2,291.2101769675526,148.0,88.0,148.0
81.0,flow_east.7,direct,BS_1,-1,479.8896444688973,240.0,148.0,240.0
81.0,flow_east.7,relay,BS_1,flow_west.6,478.9289868819651,240.0,148.0,240.0
81.0,flow_east.7,relay,BS_1,flow_west.5,453.405016896485,240.0,148.0,240.0
81.0,flow_east.7,relay,BS_1,flow_west.2,421.1605559041608,240.0,148.0,240.0
81.0,flow_east.7,relay,BS_1,flow_west.4,181.15878937659377,88.0,38.0,88.0
81.0,flow_east.7,relay,BS_1,flow_west.3,363.4766798816892,240.0,88.0,240.0
81.0,flow_east.6,direct,BS_1,-1,564.5571318585858,330.0,240.0,330.0
81.0,flow_east.6,relay,BS_1,flow_west.4,181.15878937659377,88.0,38.0,88.0
81.0,flow_east.6,relay,BS_1,flow_east.1,284.322457198076,148.0,88.0,148.0
81.0,flow_east.6,relay,BS_1,flow_west.5,236.370202064211,148.0,38.0,148.0
81.0,flow_east.6,relay,BS_1,flow_west.2,230.7762062766997,148.0,38.0,148.0
81.0,flow_east.6,relay,BS_1,flow_west.7,225.49911613939196,148.0,38.0,148.0
81.0,flow_west.5,direct,BS_1,-1,453.405016896485,240.0,148.0,240.0
81.0,flow_west.5,relay,BS_1,flow_west.2,421.1605559041608,240.0,148.0,240.0
81.0,flow_west.5,relay,BS_1,flow_east.7,479.8896444688973,240.0,148.0,240.0
81.0,flow_west.5,relay,BS_1,flow_west.6,478.9289868819651,240.0,148.0,240.0
81.0,flow_west.5,relay,BS_1,flow_west.3,392.42447535585467,240.0,148.0,240.0
81.0,flow_west.5,relay,BS_1,flow_west.4,181.15878937659377,88.0,38.0,88.0
81.0,flow_east.1,direct,BS_1,-1,369.903435324211,240.0,88.0,240.0
81.0,flow_east.1,relay,BS_1,flow_west.7,331.1409714385041,148.0,88.0,148.0
81.0,flow_east.1,relay,BS_1,flow_east.6,284.322457198076,148.0,88.0,148.0
81.0,flow_east.1,relay,BS_1,flow_west.4,181.15878937659377,88.0,38.0,88.0
81.0,flow_east.1,relay,BS_1,flow_west.3,110.97204561909804,88.0,15.0,88.0
81.0,flow_east.1,relay,BS_1,flow_west.6,106.74864928235786,88.0,15.0,88.0
81.0,flow_west.3,direct,BS_1,-1,392.42447535585467,240.0,148.0,240.0
81.0,flow_west.3,relay,BS_1,flow_west.2,421.1605559041608,240.0,148.0,240.0
81.0,flow_west.3,relay,BS_1,flow_west.5,453.405016896485,240.0,148.0,240.0
81.0,flow_west.3,relay,BS_1,flow_east.7,363.4766798816892,240.0,88.0,240.0
81.0,flow_west.3,relay,BS_1,flow_west.6,351.0021200468714,240.0,88.0,240.0
81.0,flow_west.3,relay,BS_1,flow_west.4,181.15878937659377,88.0,38.0,88.0
81.0,flow_west.7,direct,BS_1,-1,331.1409714385041,148.0,88.0,148.0
81.0,flow_west.7,relay,BS_1,flow_east.1,369.903435324211,240.0,88.0,240.0
81.0,flow_west.7,relay,BS_1,flow_east.6,225.49911613939196,148.0,38.0,148.0
81.0,flow_west.7,relay,BS_1,flow_west.4,155.78361414740235,88.0,38.0,88.0
81.0,flow_west.7,relay,BS_1,flow_west.6,90.79992858557732,38.0,15.0,38.0
81.0,flow_west.7,relay,BS_1,flow_east.7,90.180813799799,38.0,15.0,38.0
82.0,flow_west.2,direct,BS_1,-1,403.001659624967,240.0,148.0,240.0
82.0,flow_west.2,relay,BS_1,flow_west.5,435.6567100092598,240.0,148.0,240.0
82.0,flow_west.2,relay,BS_1,flow_west.6,480.209916723004,240.0,148.0,240.0
82.0,flow_west.2,relay,BS_1,flow_west.3,349.7904749359766,240.0,88.0,240.0
82.0,flow_west.2,relay,BS_1,flow_east.7,506.23494960688714,330.0,148.0,330.0
82.0,flow_west.2,relay,BS_1,flow_west.4,294.38413668384726,148.0,88.0,148.0
82.0,flow_west.6,direct,BS_1,-1,480.209916723004,240.0,148.0,240.0
82.0,flow_west.6,relay,BS_1,flow_east.7,506.23494960688714,330.0,148.0,330.0
82.0,flow_west.6,relay,BS_1,flow_west.5,435.6567100092598,240.0,148.0,240.0
82.0,flow_west.6,relay,BS_1,flow_west.2,403.001659624967,240.0,148.0,240.0
82.0,flow_west.6,relay,BS_1,flow_west.4,403.9374318362137,240.0,148.0,240.0
82.0,flow_west.6,relay,BS_1,flow_west.3,349.7904749359766,240.0,88.0,240.0
82.0,flow_west.4,direct,BS_1,-1,637.8022928261104,330.0,240.0,330.0
82.0,flow_west.4,relay,BS_1,flow_east.6,404.8735972595023,240.0,148.0,240.0
82.0,flow_west.4,relay,BS_1,flow_west.6,403.9374318362137,240.0,148.0,240.0
82.0,flow_west.4,relay,BS_1,flow_east.7,362.25533632835936,240.0,88.0,240.0
82.0,flow_west.4,relay,BS_1,flow_west.5,330.5436492879327,148.0,88.0,148.0
82.0,flow_west.4,relay,BS_1,flow_west.2,294.38413668384726,148.0,88.0,148.0
82.0,flow_east.7,direct,BS_1,-1,506.23494960688714,330.0,148.0,330.0
82.0,flow_east.7,relay,BS_1,flow_west.6,480.209916723004,240.0,148.0,240.0
82.0,flow_east.7,relay,BS_1,flow_west.5,435.6567100092598,240.0,148.0,240.0
82.0,flow_east.7,relay,BS_1,flow_west.2,403.001659624967,240.0,148.0,240.0
82.0,flow_east.7,relay,BS_1,flow_west.3,349.7904749359766,240.0,88.0,240.0
82.0,flow_east.7,relay,BS_1,flow_west.4,362.25533632835936,240.0,88.0,240.0
82.0,flow_east.6,direct,BS_1,-1,551.2222759356557,330.0,148.0,330.0
82.0,flow_east.6,relay,BS_1,flow_west.4,404.8735972595023,240.0,148.0,240.0
82.0,flow_east.6,relay,BS_1,flow_east.1,286.3260103393144,148.0,88.0,148.0
82.0,flow_east.6,relay,BS_1,flow_west.7,249.07911685057672,148.0,88.0,148.0
82.0,flow_east.6,relay,BS_1,flow_west.5,228.65937659152485,148.0,38.0,148.0
82.0,flow_east.6,relay,BS_1,flow_west.6,216.38694803389723,148.0,38.0,148.0
82.0,flow_west.5,direct,BS_1,-1,435.6567100092598,240.0,148.0,240.0
82.0,flow_west.5,relay,BS_1,flow_west.2,403.001659624967,240.0,148.0,240.0
82.0,flow_west.5,relay,BS_1,flow_west.6,480.209916723004,240.0,148.0,240.0
82.0,flow_west.5,relay,BS_1,flow_east.7,506.23494960688714,330.0,148.0,330.0
82.0,flow_west.5,relay,BS_1,flow_west.3,349.7904749359766,240.0,88.0,240.0
82.0,flow_west.5,relay,BS_1,flow_west.4,330.5436492879327,148.0,88.0,148.0
82.0,flow_east.1,direct,BS_1,-1,362.25533632835936,240.0,88.0,240.0
82.0,flow_east.1,relay,BS_1,flow_west.7,339.5321233063367,148.0,88.0,148.0
82.0,flow_east.1,relay,BS_1,flow_east.6,286.3260103393144,148.0,88.0,148.0
82.0,flow_east.1,relay,BS_1,flow_west.4,174.33573591967533,88.0,38.0,88.0
82.0,flow_east.1,relay,BS_1,flow_west.3,108.49505853490054,88.0,15.0,88.0
82.0,flow_east.1,relay,BS_1,flow_east.7,106.40165666106384,88.0,15.0,88.0
82.0,flow_west.3,direct,BS_1,-1,349.7904749359766,240.0,88.0,240.0
82.0,flow_west.3,relay,BS_1,flow_west.2,403.001659624967,240.0,148.0,240.0
82.0,flow_west.3,relay,BS_1,flow_west.5,435.6567100092598,240.0,148.0,240.0
82.0,flow_west.3,relay,BS_1,flow_east.7,396.7734048601328,240.0,148.0,240.0
82.0,flow_west.3,relay,BS_1,flow_west.6,350.09329393533494,240.0,88.0,240.0
82.0,flow_west.3,relay,BS_1,flow_west.4,236.10261153904315,148.0,38.0,148.0
82.0,flow_west.7,direct,BS_1,-1,339.5321233063367,148.0,88.0,148.0
82.0,flow_west.7,relay,BS_1,flow_east.1,362.25533632835936,240.0,88.0,240.0
82.0,flow_west.7,relay,BS_1,flow_east.6,249.07911685057672,148.0,88.0,148.0
82.0,flow_west.7,relay,BS_1,flow_west.4,155.34523713562018,88.0,38.0,88.0
82.0,flow_west.7,relay,BS_1,flow_west.3,130.53130342008222,88.0,38.0,88.0
82.0,flow_west.7,relay,BS_1,flow_east.7,96.67135779208394,38.0,15.0,38.0
83.0,flow_west.2,direct,BS_1,-1,393.9766188247889,240.0,148.0,240.0
83.0,flow_west.2,relay,BS_1,flow_west.5,420.84631223711045,240.0,148.0,240.0
83.0,flow_west.2,relay,BS_1,flow_west.6,465.186697097964,240.0,148.0,240.0
83.0,flow_west.2,relay,BS_1,flow_west.3,326.0726709079027,148.0,88.0,148.0
83.0,flow_west.2,relay,BS_1,flow_east.7,482.7730416834351,240.0,148.0,240.0
83.0,flow_west.2,relay,BS_1,flow_west.4,298.1486571873432,148.0,88.0,148.0
83.0,flow_west.6,direct,BS_1,-1,465.186697097964,240.0,148.0,240.0
83.0,flow_west.6,relay,BS_1,flow_west.5,420.84631223711045,240.0,148.0,240.0
83.0,flow_west.6,relay,BS_1,flow_east.7,504.9461243030301,330.0,148.0,330.0
83.0,flow_west.6,relay,BS_1,flow_west.2,393.9766188247889,240.0,148.0,240.0
83.0,flow_west.6,relay,BS_1,flow_west.4,403.9374318362137,240.0,148.0,240.0
83.0,flow_west.6,relay,BS_1,flow_west.3,326.0726709079027,148.0,88.0,148.0
83.0,flow_west.4,direct,BS_1,-1,624.026217075783,330.0,240.0,330.0
83.0,flow_west.4,relay,BS_1,flow_east.7,406.12242537583654,240.0,148.0,240.0
83.0,flow_west.4,relay,BS_1,flow_west.6,403.9374318362137,240.0,148.0,240.0
83.0,flow_west.4,relay,BS_1,flow_east.6,355.25054651230727,240.0,88.0,240.0
83.0,flow_west.4,relay,BS_1,flow_west.5,330.24509246438555,148.0,88.0,148.0
83.0,flow_west.4,relay,BS_1,flow_west.2,298.1486571873432,148.0,88.0,148.0
83.0,flow_east.7,direct,BS_1,-1,504.9461243030301,330.0,148.0,330.0
83.0,flow_east.7,relay,BS_1,flow_west.6,465.186697097964,240.0,148.0,240.0
83.0,flow_east.7,relay,BS_1,flow_west.5,420.84631223711045,240.0,148.0,240.0
83.0,flow_east.7,relay,BS_1,flow_west.2,393.9766188247889,240.0,148.0,240.0
83.0,flow_east.7,relay,BS_1,flow_west.4,406.12242537583654,240.0,148.0,240.0
83.0,flow_east.7,relay,BS_1,flow_west.3,285.75311094852805,148.0,88.0,148.0
83.0,flow_east.6,direct,BS_1,-1,538.2392132151006,330.0,148.0,330.0
83.0,flow_east.6,relay,BS_1,flow_west.4,355.25054651230727,240.0,88.0,240.0
83.0,flow_east.6,relay,BS_1,flow_east.1,288.6212227056262,148.0,88.0,148.0
83.0,flow_east.6,relay,BS_1,flow_west.7,276.0704958929652,148.0,88.0,148.0
83.0,flow_east.6,relay,BS_1,flow_west.6,232.6349077901941,148.0,38.0,148.0
83.0,flow_east.6,relay,BS_1,flow_east.7,207.43721365681145,148.0,38.0,148.0
83.0,flow_west.5,direct,BS_1,-1,420.84631223711045,240.0,148.0,240.0
83.0,flow_west.5,relay,BS_1,flow_west.2,393.9766188247889,240.0,148.0,240.0
83.0,flow_west.5,relay,BS_1,flow_west.6,465.186697097964,240.0,148.0,240.0
83.0,flow_west.5,relay,BS_1,flow_east.7,504.9461243030301,330.0,148.0,330.0
83.0,flow_west.5,relay,BS_1,flow_west.3,326.0726709079027,148.0,88.0,148.0
83.0,flow_west.5,relay,BS_1,flow_west.4,330.24509246438555,148.0,88.0,148.0
83.0,flow_east.1,direct,BS_1,-1,354.6429054869848,240.0,88.0,240.0
83.0,flow_east.1,relay,BS_1,flow_west.7,347.9748610259778,240.0,88.0,240.0
83.0,flow_east.1,relay,BS_1,flow_east.6,288.6212227056262,148.0,88.0,148.0
83.0,flow_east.1,relay,BS_1,flow_west.4,160.20495835258075,88.0,38.0,88.0
83.0,flow_east.1,relay,BS_1,flow_east.7,107.09640520764368,88.0,15.0,88.0
83.0,flow_east.1,relay,BS_1,flow_west.3,104.33573852412113,88.0,15.0,88.0
83.0,flow_west.3,direct,BS_1,-1,326.0726709079027,148.0,88.0,148.0
83.0,flow_west.3,relay,BS_1,flow_west.2,393.9766188247889,240.0,148.0,240.0
83.0,flow_west.3,relay,BS_1,flow_west.5,420.84631223711045,240.0,148.0,240.0
83.0,flow_west.3,relay,BS_1,flow_west.6,352.82142281250975,240.0,88.0,240.0
83.0,flow_west.3,relay,BS_1,flow_east.7,286.03951523204836,148.0,88.0,148.0
83.0,flow_west.3,relay,BS_1,flow_west.4,236.63791232915,148.0,38.0,148.0
83.0,flow_west.7,direct,BS_1,-1,347.9748610259778,240.0,88.0,240.0
83.0,flow_west.7,relay,BS_1,flow_east.1,354.6429054869848,240.0,88.0,240.0
83.0,flow_west.7,relay,BS_1,flow_east.6,276.0704958929652,148.0,88.0,148.0
83.0,flow_west.7,relay,BS_1,flow_west.4,154.6889605330061,88.0,38.0,88.0
83.0,flow_west.7,relay,BS_1,flow_east.7,103.82355680367183,88.0,15.0,88.0
83.0,flow_west.7,relay,BS_1,flow_west.3,102.29733185786192,88.0,15.0,88.0
84.0,flow_west.2,direct,BS_1,-1,422.4179203333686,240.0,148.0,240.0
84.0,flow_west.2,relay,BS_1,flow_west.5,432.1831257564513,240.0,148.0,240.0
84.0,flow_west.2,relay,BS_1,flow_west.6,479.8896444688973,240.0,148.0,240.0
84.0,flow_west.2,relay,BS_1,flow_west.3,342.24036364990644,148.0,88.0,148.0
84.0,flow_west.2,relay,BS_1,flow_east.7,434.39308605591094,240.0,148.0,240.0
84.0,flow_west.2,relay,BS_1,flow_west.4,301.6362945583815,148.0,88.0,148.0
84.0,flow_west.6,direct,BS_1,-1,479.8896444688973,240.0,148.0,240.0
84.0,flow_west.6,relay,BS_1,flow_west.5,432.1831257564513,240.0,148.0,240.0
84.0,flow_west.6,relay,BS_1,flow_east.7,517.5269943044786,330.0,148.0,330.0
84.0,flow_west.6,relay,BS_1,flow_west.2,422.4179203333686,240.0,148.0,240.0
84.0,flow_west.6,relay,BS_1,flow_west.4,401.1313044189525,240.0,148.0,240.0
84.0,flow_west.6,relay,BS_1,flow_west.3,342.24036364990644,148.0,88.0,148.0
84.0,flow_west.4,direct,BS_1,-1,621.4041499641611,330.0,240.0,330.0
84.0,flow_west.4,relay,BS_1,flow_east.7,517.5269943044786,330.0,148.0,330.0
84.0,flow_west.4,relay,BS_1,flow_west.6,401.1313044189525,240.0,148.0,240.0
84.0,flow_west.4,relay,BS_1,flow_west.5,330.8422756551894,148.0,88.0,148.0
84.0,flow_west.4,relay,BS_1,flow_east.6,314.22990080059554,148.0,88.0,148.0
84.0,flow_west.4,relay,BS_1,flow_west.2,302.51007777476855,148.0,88.0,148.0
84.0,flow_east.7,direct,BS_1,-1,517.5269943044786,330.0,148.0,330.0
84.0,flow_east.7,relay,BS_1,flow_west.6,479.8896444688973,240.0,148.0,240.0
84.0,flow_east.7,relay,BS_1,flow_west.4,546.0257711035626,330.0,148.0,330.0
84.0,flow_east.7,relay,BS_1,flow_west.2,422.4179203333686,240.0,148.0,240.0
84.0,flow_east.7,relay,BS_1,flow_west.5,432.1831257564513,240.0,148.0,240.0
84.0,flow_east.7,relay,BS_1,flow_west.3,331.1409714385041,148.0,88.0,148.0
84.0,flow_east.6,direct,BS_1,-1,523.9910388858158,330.0,148.0,330.0
84.0,flow_east.6,relay,BS_1,flow_west.4,314.22990080059554,148.0,88.0,148.0
84.0,flow_east.6,relay,BS_1,flow_west.7,309.2334427079288,148.0,88.0,148.0
84.0,flow_east.6,relay,BS_1,flow_east.1,291.2101769675526,148.0,88.0,148.0
84.0,flow_east.6,relay,BS_1,flow_east.7,256.4928579330168,148.0,88.0,148.0
84.0,flow_east.6,relay,BS_1,flow_west.6,231.57205630028776,148.0,38.0,148.0
84.0,flow_west.5,direct,BS_1,-1,432.1831257564513,240.0,148.0,240.0
84.0,flow_west.5,relay,BS_1,flow_west.2,422.4179203333686,240.0,148.0,240.0
84.0,flow_west.5,relay,BS_1,flow_west.6,479.8896444688973,240.0,148.0,240.0
84.0,flow_west.5,relay,BS_1,flow_west.3,342.24036364990644,148.0,88.0,148.0
84.0,flow_west.5,relay,BS_1,flow_east.7,433.7614886513786,240.0,148.0,240.0
84.0,flow_west.5,relay,BS_1,flow_west.4,330.8422756551894,148.0,88.0,148.0
84.0,flow_east.1,direct,BS_1,-1,346.76569855226325,240.0,88.0,240.0
84.0,flow_east.1,relay,BS_1,flow_west.7,357.379162667208,240.0,88.0,240.0
84.0,flow_east.1,relay,BS_1,flow_east.6,291.2101769675526,148.0,88.0,148.0
84.0,flow_east.1,relay,BS_1,flow_west.4,147.57292575005712,88.0,38.0,88.0
84.0,flow_east.1,relay,BS_1,flow_west.2,111.50768149266771,88.0,15.0,88.0
84.0,flow_east.1,relay,BS_1,flow_east.7,107.61946992815378,88.0,15.0,88.0
84.0,flow_west.3,direct,BS_1,-1,342.24036364990644,148.0,88.0,148.0
84.0,flow_west.3,relay,BS_1,flow_west.2,422.4179203333686,240.0,148.0,240.0
84.0,flow_west.3,relay,BS_1,flow_west.5,432.1831257564513,240.0,148.0,240.0
84.0,flow_west.3,relay,BS_1,flow_west.6,361.9501428162096,240.0,88.0,240.0
84.0,flow_west.3,relay,BS_1,flow_east.7,331.1409714385041,148.0,88.0,148.0
84.0,flow_west.3,relay,BS_1,flow_west.4,236.370202064211,148.0,38.0,148.0
84.0,flow_west.7,direct,BS_1,-1,357.379162667208,240.0,88.0,240.0
84.0,flow_west.7,relay,BS_1,flow_east.1,346.76569855226325,240.0,88.0,240.0
84.0,flow_west.7,relay,BS_1,flow_east.6,309.2334427079288,148.0,88.0,148.0
84.0,flow_west.7,relay,BS_1,flow_west.4,154.47054587875238,88.0,38.0,88.0
84.0,flow_west.7,relay,BS_1,flow_east.7,112.04502827698992,88.0,15.0,88.0
84.0,flow_west.7,relay,BS_1,flow_west.3,101.96027350532282,88.0,15.0,88.0
85.0,flow_west.2,direct,BS_1,-1,365.616206835258,240.0,88.0,240.0
85.0,flow_west.2,relay,BS_1,flow_west.5,410.49871484968537,240.0,148.0,240.0
85.0,flow_west.2,relay,BS_1,flow_west.6,466.4628448681492,240.0,148.0,240.0
85.0,flow_west.2,relay,BS_1,flow_west.3,354.339174713274,240.0,88.0,240.0
85.0,flow_west.2,relay,BS_1,flow_east.7,402.0662830177585,240.0,148.0,240.0
85.0,flow_west.2,relay,BS_1,flow_west.4,303.0930122619326,148.0,88.0,148.0
85.0,flow_west.6,direct,BS_1,-1,466.4628448681492,240.0,148.0,240.0
85.0,flow_west.6,relay,BS_1,flow_west.5,410.49871484968537,240.0,148.0,240.0
85.0,flow_west.6,relay,BS_1,flow_west.2,365.616206835258,240.0,88.0,240.0
85.0,flow_west.6,relay,BS_1,flow_east.7,491.4357030047008,240.0,148.0,240.0
85.0,flow_west.6,relay,BS_1,flow_west.4,397.0843889094015,240.0,148.0,240.0
85.0,flow_west.6,relay,BS_1,flow_west.3,354.339174713274,240.0,88.0,240.0
85.0,flow_west.4,direct,BS_1,-1,605.3586310654136,330.0,240.0,330.0
85.0,flow_west.4,relay,BS_1,flow_east.7,534.3497669809973,330.0,148.0,330.0
85.0,flow_west.4,relay,BS_1,flow_west.6,397.70649392996137,240.0,148.0,240.0
85.0,flow_west.4,relay,BS_1,flow_west.5,329.3498405350366,148.0,88.0,148.0
85.0,flow_west.4,relay,BS_1,flow_west.2,303.0930122619326,148.0,88.0,148.0
85.0,flow_west.4,relay,BS_1,flow_east.6,281.18311857020205,148.0,88.0,148.0
85.0,flow_east.7,direct,BS_1,-1,534.3497669809973,330.0,148.0,330.0
85.0,flow_east.7,relay,BS_1,flow_west.4,582.4845158276606,330.0,240.0,330.0
85.0,flow_east.7,relay,BS_1,flow_west.6,466.4628448681492,240.0,148.0,240.0
85.0,flow_east.7,relay,BS_1,flow_west.2,365.616206835258,240.0,88.0,240.0
85.0,flow_east.7,relay,BS_1,flow_west.5,400.8197337496839,240.0,148.0,240.0
85.0,flow_east.7,relay,BS_1,flow_west.3,268.4602974104811,148.0,88.0,148.0
85.0,flow_east.6,direct,BS_1,-1,510.7486162257304,330.0,148.0,330.0
85.0,flow_east.6,relay,BS_1,flow_west.7,346.1614941903182,240.0,88.0,240.0
85.0,flow_east.6,relay,BS_1,flow_east.1,292.94011856268446,148.0,88.0,148.0
85.0,flow_east.6,relay,BS_1,flow_west.4,281.18311857020205,148.0,88.0,148.0
85.0,flow_east.6,relay,BS_1,flow_east.7,255.9409666965167,148.0,88.0,148.0
85.0,flow_east.6,relay,BS_1,flow_west.6,209.21381852690465,148.0,38.0,148.0
85.0,flow_west.5,direct,BS_1,-1,410.49871484968537,240.0,148.0,240.0
85.0,flow_west.5,relay,BS_1,flow_west.2,365.616206835258,240.0,88.0,240.0
85.0,flow_west.5,relay,BS_1,flow_west.6,466.4628448681492,240.0,148.0,240.0
85.0,flow_west.5,relay,BS_1,flow_west.3,354.339174713274,240.0,88.0,240.0
85.0,flow_west.5,relay,BS_1,flow_east.7,400.8197337496839,240.0,148.0,240.0
85.0,flow_west.5,relay,BS_1,flow_west.4,329.3498405350366,148.0,88.0,148.0
85.0,flow_east.1,direct,BS_1,-1,339.8327773817591,148.0,88.0,148.0
85.0,flow_east.1,relay,BS_1,flow_west.7,366.2280046175333,240.0,88.0,240.0
85.0,flow_east.1,relay,BS_1,flow_east.6,292.94011856268446,148.0,88.0,148.0
85.0,flow_east.1,relay,BS_1,flow_west.4,136.54714182366484,88.0,38.0,88.0
85.0,flow_east.1,relay,BS_1,flow_east.7,108.1442511206251,88.0,15.0,88.0
85.0,flow_east.1,relay,BS_1,flow_west.3,93.46517275655756,38.0,15.0,38.0
85.0,flow_west.3,direct,BS_1,-1,354.339174713274,240.0,88.0,240.0
85.0,flow_west.3,relay,BS_1,flow_west.2,365.616206835258,240.0,88.0,240.0
85.0,flow_west.3,relay,BS_1,flow_west.5,410.49871484968537,240.0,148.0,240.0
85.0,flow_west.3,relay,BS_1,flow_west.6,373.8939802173695,240.0,88.0,240.0
85.0,flow_west.3,relay,BS_1,flow_east.7,268.4602974104811,148.0,88.0,148.0
85.0,flow_west.3,relay,BS_1,flow_west.4,236.63791232915,148.0,38.0,148.0
85.0,flow_west.7,direct,BS_1,-1,366.2280046175333,240.0,88.0,240.0
85.0,flow_west.7,relay,BS_1,flow_east.1,339.8327773817591,148.0,88.0,148.0
85.0,flow_west.7,relay,BS_1,flow_east.6,346.1614941903182,240.0,88.0,240.0
85.0,flow_west.7,relay,BS_1,flow_west.4,154.2523035396276,88.0,38.0,88.0
85.0,flow_west.7,relay,BS_1,flow_east.7,120.87438338684848,88.0,15.0,88.0
85.0,flow_west.7,relay,BS_1,flow_west.2,113.66732463329026,88.0,15.0,88.0
86.0,flow_west.2,direct,BS_1,-1,403.001659624967,240.0,148.0,240.0
86.0,flow_west.2,relay,BS_1,flow_west.5,376.969737101776,240.0,88.0,240.0
86.0,flow_west.2,relay,BS_1,flow_west.6,458.4946836822213,240.0,148.0,240.0
86.0,flow_west.2,relay,BS_1,flow_west.3,345.859486643437,148.0,88.0,148.0
86.0,flow_west.2,relay,BS_1,flow_west.4,307.47541450664505,148.0,88.0,148.0
86.0,flow_west.2,relay,BS_1,flow_east.7,301.6362945583815,148.0,88.0,148.0
86.0,flow_west.6,direct,BS_1,-1,458.4946836822213,240.0,148.0,240.0
86.0,flow_west.6,relay,BS_1,flow_west.5,376.969737101776,240.0,88.0,240.0
86.0,flow_west.6,relay,BS_1,flow_west.2,403.001659624967,240.0,148.0,240.0
86.0,flow_west.6,relay,BS_1,flow_east.7,509.781042081471,330.0,148.0,330.0
86.0,flow_west.6,relay,BS_1,flow_west.4,388.3944384975526,240.0,88.0,240.0
86.0,flow_west.6,relay,BS_1,flow_west.3,345.859486643437,148.0,88.0,148.0
86.0,flow_west.4,direct,BS_1,-1,602.0872869068644,330.0,240.0,330.0
86.0,flow_west.4,relay,BS_1,flow_east.7,562.6040615150929,330.0,240.0,330.0
86.0,flow_west.4,relay,BS_1,flow_west.6,389.0139181100975,240.0,88.0,240.0
86.0,flow_west.4,relay,BS_1,flow_west.5,328.15715268138473,148.0,88.0,148.0
86.0,flow_west.4,relay,BS_1,flow_west.2,307.47541450664505,148.0,88.0,148.0
86.0,flow_west.4,relay,BS_1,flow_east.6,251.8156110887872,148.0,88.0,148.0
86.0,flow_east.7,direct,BS_1,-1,562.6040615150929,330.0,240.0,330.0
86.0,flow_east.7,relay,BS_1,flow_west.4,602.0872869068644,330.0,240.0,330.0
86.0,flow_east.7,relay,BS_1,flow_west.6,458.4946836822213,240.0,148.0,240.0
86.0,flow_east.7,relay,BS_1,flow_west.5,376.969737101776,240.0,88.0,240.0
86.0,flow_east.7,relay,BS_1,flow_west.2,301.6362945583815,148.0,88.0,148.0
86.0,flow_east.7,relay,BS_1,flow_east.6,207.43721365681145,148.0,38.0,148.0
86.0,flow_east.6,direct,BS_1,-1,497.2208088465663,240.0,148.0,240.0
86.0,flow_east.6,relay,BS_1,flow_west.7,375.4312026342536,240.0,88.0,240.0
86.0,flow_east.6,relay,BS_1,flow_east.1,295.5409088675979,148.0,88.0,148.0
86.0,flow_east.6,relay,BS_1,flow_west.4,251.8156110887872,148.0,88.0,148.0
86.0,flow_east.6,relay,BS_1,flow_east.7,207.43721365681145,148.0,38.0,148.0
86.0,flow_east.6,relay,BS_1,flow_west.6,178.31934946581768,88.0,38.0,88.0
86.0,flow_west.5,direct,BS_1,-1,376.969737101776,240.0,88.0,240.0
86.0,flow_west.5,relay,BS_1,flow_west.2,403.001659624967,240.0,148.0,240.0
86.0,flow_west.5,relay,BS_1,flow_west.6,458.4946836822213,240.0,148.0,240.0
86.0,flow_west.5,relay,BS_1,flow_west.3,345.859486643437,148.0,88.0,148.0
86.0,flow_west.5,relay,BS_1,flow_east.7,403.9374318362137,240.0,148.0,240.0
86.0,flow_west.5,relay,BS_1,flow_west.4,328.15715268138473,148.0,88.0,148.0
86.0,flow_east.1,direct,BS_1,-1,332.6354871398456,148.0,88.0,148.0
86.0,flow_east.1,relay,BS_1,flow_west.7,375.4312026342536,240.0,88.0,240.0
86.0,flow_east.1,relay,BS_1,flow_east.6,295.5409088675979,148.0,88.0,148.0
86.0,flow_east.1,relay,BS_1,flow_west.4,126.41874881496716,88.0,15.0,88.0
86.0,flow_east.1,relay,BS_1,flow_east.7,108.84662834955496,88.0,15.0,88.0
86.0,flow_east.1,relay,BS_1,flow_west.3,88.64634168328722,38.0,15.0,38.0
86.0,flow_west.3,direct,BS_1,-1,345.859486643437,148.0,88.0,148.0
86.0,flow_west.3,relay,BS_1,flow_west.2,403.001659624967,240.0,148.0,240.0
86.0,flow_west.3,relay,BS_1,flow_west.5,376.969737101776,240.0,88.0,240.0
86.0,flow_west.3,relay,BS_1,flow_west.6,381.2845050241565,240.0,88.0,240.0
86.0,flow_west.3,relay,BS_1,flow_west.4,236.10261153904315,148.0,38.0,148.0
86.0,flow_west.3,relay,BS_1,flow_east.7,206.17236165630615,148.0,38.0,148.0
86.0,flow_west.7,direct,BS_1,-1,375.4312026342536,240.0,88.0,240.0
86.0,flow_west.7,relay,BS_1,flow_east.1,332.6354871398456,148.0,88.0,148.0
86.0,flow_west.7,relay,BS_1,flow_east.6,391.18360719111,240.0,88.0,240.0
86.0,flow_west.7,relay,BS_1,flow_west.4,153.3810598217928,88.0,38.0,88.0
86.0,flow_west.7,relay,BS_1,flow_east.7,130.53130342008222,88.0,38.0,88.0
86.0,flow_west.7,relay,BS_1,flow_west.5,116.0377551445833,88.0,15.0,88.0
87.0,flow_west.2,direct,BS_1,-1,366.8400249751059,240.0,88.0,240.0
87.0,flow_west.2,relay,BS_1,flow_west.5,406.4347403118046,240.0,148.0,240.0
87.0,flow_west.2,relay,BS_1,flow_west.6,452.13385327948134,240.0,148.0,240.0
87.0,flow_west.2,relay,BS_1,flow_east.7,324.88310814000465,148.0,88.0,148.0
87.0,flow_west.2,relay,BS_1,flow_west.4,309.2334427079288,148.0,88.0,148.0
87.0,flow_west.2,relay,BS_1,flow_west.7,112.5840850459434,88.0,15.0,88.0
87.0,flow_west.6,direct,BS_1,-1,452.13385327948134,240.0,148.0,240.0
87.0,flow_west.6,relay,BS_1,flow_west.5,406.4347403118046,240.0,148.0,240.0
87.0,flow_west.6,relay,BS_1,flow_west.2,366.8400249751059,240.0,88.0,240.0
87.0,flow_west.6,relay,BS_1,flow_east.7,459.1314472672105,240.0,148.0,240.0
87.0,flow_west.6,relay,BS_1,flow_west.4,380.9759754420794,240.0,88.0,240.0
87.0,flow_west.6,relay,BS_1,flow_east.6,146.29958618690017,88.0,38.0,88.0
87.0,flow_west.4,direct,BS_1,-1,584.4427470435247,330.0,240.0,330.0
87.0,flow_west.4,relay,BS_1,flow_east.7,568.7906241888353,330.0,240.0,330.0
87.0,flow_west.4,relay,BS_1,flow_west.6,380.9759754420794,240.0,88.0,240.0
87.0,flow_west.4,relay,BS_1,flow_west.5,327.2633773361634,148.0,88.0,148.0
87.0,flow_west.4,relay,BS_1,flow_west.2,309.2334427079288,148.0,88.0,148.0
87.0,flow_west.4,relay,BS_1,flow_east.6,226.55052395897073,148.0,38.0,148.0
87.0,flow_east.7,direct,BS_1,-1,568.7906241888353,330.0,240.0,330.0
87.0,flow_east.7,relay,BS_1,flow_west.4,584.4427470435247,330.0,240.0,330.0
87.0,flow_east.7,relay,BS_1,flow_west.6,452.13385327948134,240.0,148.0,240.0
87.0,flow_east.7,relay,BS_1,flow_west.2,324.88310814000465,148.0,88.0,148.0
87.0,flow_east.7,relay,BS_1,flow_west.5,290.0586429682002,148.0,88.0,148.0
87.0,flow_east.7,relay,BS_1,flow_east.6,207.18396559831285,148.0,38.0,148.0
87.0,flow_east.6,direct,BS_1,-1,483.73464385559106,240.0,148.0,240.0
87.0,flow_east.6,relay,BS_1,flow_west.7,385.6091823186896,240.0,88.0,240.0
87.0,flow_east.6,relay,BS_1,flow_east.1,297.2786412302355,148.0,88.0,148.0
87.0,flow_east.6,relay,BS_1,flow_west.4,226.55052395897073,148.0,38.0,148.0
87.0,flow_east.6,relay,BS_1,flow_east.7,207.18396559831285,148.0,38.0,148.0
87.0,flow_east.6,relay,BS_1,flow_west.6,146.29958618690017,88.0,38.0,88.0
87.0,flow_west.5,direct,BS_1,-1,406.4347403118046,240.0,148.0,240.0
87.0,flow_west.5,relay,BS_1,flow_west.2,366.8400249751059,240.0,88.0,240.0
87.0,flow_west.5,relay,BS_1,flow_west.6,452.13385327948134,240.0,148.0,240.0
87.0,flow_west.5,relay,BS_1,flow_west.4,327.2633773361634,148.0,88.0,148.0
87.0,flow_west.5,relay,BS_1,flow_east.7,290.0586429682002,148.0,88.0,148.0
87.0,flow_west.5,relay,BS_1,flow_west.7,113.48631031790651,88.0,15.0,88.0
87.0,flow_east.1,direct,BS_1,-1,325.1803911575367,148.0,88.0,148.0
87.0,flow_east.1,relay,BS_1,flow_west.7,385.6091823186896,240.0,88.0,240.0
87.0,flow_east.1,relay,BS_1,flow_east.6,297.2786412302355,148.0,88.0,148.0
87.0,flow_east.1,relay,BS_1,flow_west.4,116.9579743496632,88.0,15.0,88.0
87.0,flow_east.1,relay,BS_1,flow_east.7,109.02269909334596,88.0,15.0,88.0
87.0,flow_east.1,relay,BS_1,flow_west.6,73.93792392042515,38.0,15.0,38.0
87.0,flow_west.7,direct,BS_1,-1,385.6091823186896,240.0,88.0,240.0
87.0,flow_west.7,relay,BS_1,flow_east.1,325.1803911575367,148.0,88.0,148.0
87.0,flow_west.7,relay,BS_1,flow_east.6,449.59305951603903,240.0,148.0,240.0
87.0,flow_west.7,relay,BS_1,flow_west.4,153.16368092101192,88.0,38.0,88.0
87.0,flow_west.7,relay,BS_1,flow_east.7,141.68531321846007,88.0,38.0,88.0
87.0,flow_west.7,relay,BS_1,flow_west.5,115.30498345031154,88.0,15.0,88.0
88.0,flow_west.2,direct,BS_1,-1,341.3370302827034,148.0,88.0,148.0
88.0,flow_west.2,relay,BS_1,flow_west.5,365.00463249268927,240.0,88.0,240.0
88.0,flow_west.2,relay,BS_1,flow_west.6,438.18565794811985,240.0,148.0,240.0
88.0,flow_west.2,relay,BS_1,flow_west.4,312.16980846719105,148.0,88.0,148.0
88.0,flow_west.2,relay,BS_1,flow_east.7,302.2187340908274,148.0,88.0,148.0
88.0,flow_west.2,relay,BS_1,flow_west.7,112.5840850459434,88.0,15.0,88.0
88.0,flow_west.6,direct,BS_1,-1,438.18565794811985,240.0,148.0,240.0
88.0,flow_west.6,relay,BS_1,flow_west.5,365.00463249268927,240.0,88.0,240.0
88.0,flow_west.6,relay,BS_1,flow_west.2,341.3370302827034,148.0,88.0,148.0
88.0,flow_west.6,relay,BS_1,flow_east.7,387.46558158163725,240.0,88.0,240.0
88.0,flow_west.6,relay,BS_1,flow_west.4,370.5167731297862,240.0,88.0,240.0
88.0,flow_west.6,relay,BS_1,flow_west.7,132.9178655339887,88.0,38.0,88.0
88.0,flow_west.4,direct,BS_1,-1,585.4220396360311,330.0,240.0,330.0
88.0,flow_west.4,relay,BS_1,flow_east.7,586.0749663818073,330.0,240.0,330.0
88.0,flow_west.4,relay,BS_1,flow_west.6,371.437185697266,240.0,88.0,240.0
88.0,flow_west.4,relay,BS_1,flow_west.5,325.4777460451084,148.0,88.0,148.0
88.0,flow_west.4,relay,BS_1,flow_west.2,312.16980846719105,148.0,88.0,148.0
88.0,flow_west.4,relay,BS_1,flow_east.6,204.6591390088494,88.0,38.0,88.0
88.0,flow_east.7,direct,BS_1,-1,586.0749663818073,330.0,240.0,330.0
88.0,flow_east.7,relay,BS_1,flow_west.4,585.4220396360311,330.0,240.0,330.0
88.0,flow_east.7,relay,BS_1,flow_west.6,387.46558158163725,240.0,88.0,240.0
88.0,flow_east.7,relay,BS_1,flow_west.5,329.94660531236724,148.0,88.0,148.0
88.0,flow_east.7,relay,BS_1,flow_west.2,303.0930122619326,148.0,88.0,148.0
88.0,flow_east.7,relay,BS_1,flow_east.6,207.18396559831285,148.0,38.0,148.0
88.0,flow_east.6,direct,BS_1,-1,470.6135060391421,240.0,148.0,240.0
88.0,flow_east.6,relay,BS_1,flow_west.7,395.2191729016103,240.0,148.0,240.0
88.0,flow_east.6,relay,BS_1,flow_east.1,300.181648136069,148.0,88.0,148.0
88.0,flow_east.6,relay,BS_1,flow_east.7,207.18396559831285,148.0,38.0,148.0
88.0,flow_east.6,relay,BS_1,flow_west.4,204.6591390088494,88.0,38.0,88.0
88.0,flow_east.6,relay,BS_1,flow_west.6,121.0629484533494,88.0,15.0,88.0
88.0,flow_west.5,direct,BS_1,-1,365.00463249268927,240.0,88.0,240.0
88.0,flow_west.5,relay,BS_1,flow_west.2,341.3370302827034,148.0,88.0,148.0
88.0,flow_west.5,relay,BS_1,flow_west.6,438.18565794811985,240.0,148.0,240.0
88.0,flow_west.5,relay,BS_1,flow_east.7,329.94660531236724,148.0,88.0,148.0
88.0,flow_west.5,relay,BS_1,flow_west.4,325.4777460451084,148.0,88.0,148.0
88.0,flow_west.5,relay,BS_1,flow_west.7,113.30548570502928,88.0,15.0,88.0
88.0,flow_east.1,direct,BS_1,-1,318.6569999082692,148.0,88.0,148.0
88.0,flow_east.1,relay,BS_1,flow_west.7,395.2191729016103,240.0,148.0,240.0
88.0,flow_east.1,relay,BS_1,flow_east.6,300.181648136069,148.0,88.0,148.0
88.0,flow_east.1,relay,BS_1,flow_east.7,109.72888702437034,88.0,15.0,88.0
88.0,flow_east.1,relay,BS_1,flow_west.4,108.67074815479114,88.0,15.0,88.0
88.0,flow_east.1,relay,BS_1,flow_west.2,78.71338995613006,38.0,15.0,38.0
88.0,flow_west.7,direct,BS_1,-1,395.2191729016103,240.0,148.0,240.0
88.0,flow_west.7,relay,BS_1,flow_east.6,470.6135060391421,240.0,148.0,240.0
88.0,flow_west.7,relay,BS_1,flow_east.1,318.6569999082692,148.0,88.0,148.0
88.0,flow_west.7,relay,BS_1,flow_east.7,153.81633630488582,88.0,38.0,88.0
88.0,flow_west.7,relay,BS_1,flow_west.4,152.29589712219436,88.0,38.0,88.0
88.0,flow_west.7,relay,BS_1,flow_west.6,132.9178655339887,88.0,38.0,88.0
89.0,flow_west.2,direct,BS_1,-1,354.9466961247165,240.0,88.0,240.0
89.0,flow_west.2,relay,BS_1,flow_west.5,364.08769182573,240.0,88.0,240.0
89.0,flow_west.2,relay,BS_1,flow_west.6,394.5978030427178,240.0,148.0,240.0
89.0,flow_west.2,relay,BS_1,flow_west.4,315.7037026872756,148.0,88.0,148.0
89.0,flow_west.2,relay,BS_1,flow_east.7,224.71188976288005,148.0,38.0,148.0
89.0,flow_west.2,relay,BS_1,flow_west.7,114.0299222141748,88.0,15.0,88.0
89.0,flow_west.6,direct,BS_1,-1,394.5978030427178,240.0,148.0,240.0
89.0,flow_west.6,relay,BS_1,flow_west.5,364.08769182573,240.0,88.0,240.0
89.0,flow_west.6,relay,BS_1,flow_west.2,354.9466961247165,240.0,88.0,240.0
89.0,flow_west.6,relay,BS_1,flow_west.4,364.6989293821496,240.0,88.0,240.0
89.0,flow_west.6,relay,BS_1,flow_east.7,331.1409714385041,148.0,88.0,148.0
89.0,flow_west.6,relay,BS_1,flow_east.6,109.72888702437034,88.0,15.0,88.0
89.0,flow_west.4,direct,BS_1,-1,558.0490344518188,330.0,240.0,330.0
89.0,flow_west.4,relay,BS_1,flow_east.7,594.8944494793539,330.0,240.0,330.0
89.0,flow_west.4,relay,BS_1,flow_west.6,364.6989293821496,240.0,88.0,240.0
89.0,flow_west.4,relay,BS_1,flow_west.5,324.28875823851973,148.0,88.0,148.0
89.0,flow_west.4,relay,BS_1,flow_west.2,315.7037026872756,148.0,88.0,148.0
89.0,flow_west.4,relay,BS_1,flow_east.6,186.66353957530796,88.0,38.0,88.0
89.0,flow_east.7,direct,BS_1,-1,594.8944494793539,330.0,240.0,330.0
89.0,flow_east.7,relay,BS_1,flow_west.4,558.0490344518188,330.0,240.0,330.0
89.0,flow_east.7,relay,BS_1,flow_west.6,330.5436492879327,148.0,88.0,148.0
89.0,flow_east.7,relay,BS_1,flow_west.5,294.09515949177427,148.0,88.0,148.0
89.0,flow_east.7,relay,BS_1,flow_west.2,224.71188976288005,148.0,38.0,148.0
89.0,flow_east.7,relay,BS_1,flow_east.6,207.43721365681145,148.0,38.0,148.0
89.0,flow_east.6,direct,BS_1,-1,458.81305023527017,240.0,148.0,240.0
89.0,flow_east.6,relay,BS_1,flow_west.7,406.12242537583654,240.0,148.0,240.0
89.0,flow_east.6,relay,BS_1,flow_east.1,300.4724108554143,148.0,88.0,148.0
89.0,flow_east.6,relay,BS_1,flow_east.7,207.43721365681145,148.0,38.0,148.0
89.0,flow_east.6,relay,BS_1,flow_west.4,186.66353957530796,88.0,38.0,88.0
89.0,flow_east.6,relay,BS_1,flow_west.2,109.90591010812048,88.0,15.0,88.0
89.0,flow_west.5,direct,BS_1,-1,364.08769182573,240.0,88.0,240.0
89.0,flow_west.5,relay,BS_1,flow_west.2,354.9466961247165,240.0,88.0,240.0
89.0,flow_west.5,relay,BS_1,flow_west.6,394.5978030427178,240.0,148.0,240.0
89.0,flow_west.5,relay,BS_1,flow_west.4,324.28875823851973,148.0,88.0,148.0
89.0,flow_west.5,relay,BS_1,flow_east.7,294.09515949177427,148.0,88.0,148.0
89.0,flow_west.5,relay,BS_1,flow_west.7,114.93973315428543,88.0,15.0,88.0
89.0,flow_east.1,direct,BS_1,-1,311.58190863148184,148.0,88.0,148.0
89.0,flow_east.1,relay,BS_1,flow_west.7,397.70649392996137,240.0,148.0,240.0
89.0,flow_east.1,relay,BS_1,flow_east.6,300.4724108554143,148.0,88.0,148.0
89.0,flow_east.1,relay,BS_1,flow_east.7,109.90591010812048,88.0,15.0,88.0
89.0,flow_east.1,relay,BS_1,flow_west.4,101.12097355158215,88.0,15.0,88.0
89.0,flow_east.1,relay,BS_1,flow_west.2,75.27922718471359,38.0,15.0,38.0
89.0,flow_west.7,direct,BS_1,-1,406.12242537583654,240.0,148.0,240.0
89.0,flow_west.7,relay,BS_1,flow_east.6,458.81305023527017,240.0,148.0,240.0
89.0,flow_west.7,relay,BS_1,flow_east.1,311.58190863148184,148.0,88.0,148.0
89.0,flow_west.7,relay,BS_1,flow_east.7,167.41923132085685,88.0,38.0,88.0
89.0,flow_west.7,relay,BS_1,flow_west.4,151.86304601452122,88.0,38.0,88.0
89.0,flow_west.7,relay,BS_1,flow_west.2,114.0299222141748,88.0,15.0,88.0
90.0,flow_west.2,direct,BS_1,-1,370.5167731297862,240.0,88.0,240.0
90.0,flow_west.2,relay,BS_1,flow_west.5,385.29995398060856,240.0,88.0,240.0
90.0,flow_west.2,relay,BS_1,flow_west.6,413.6296739051722,240.0,148.0,240.0
90.0,flow_west.2,relay,BS_1,flow_west.4,316.8841155070861,148.0,88.0,148.0
90.0,flow_west.2,relay,BS_1,flow_east.7,210.23204605551203,148.0,38.0,148.0
90.0,flow_west.2,relay,BS_1,flow_east.6,113.12485083339482,88.0,15.0,88.0
90.0,flow_west.6,direct,BS_1,-1,413.6296739051722,240.0,148.0,240.0
90.0,flow_west.6,relay,BS_1,flow_west.5,385.29995398060856,240.0,88.0,240.0
90.0,flow_west.6,relay,BS_1,flow_west.2,370.5167731297862,240.0,88.0,240.0
90.0,flow_west.6,relay,BS_1,flow_west.4,356.77069071425103,240.0,88.0,240.0
90.0,flow_west.6,relay,BS_1,flow_east.7,308.35407045683394,148.0,88.0,148.0
90.0,flow_west.6,relay,BS_1,flow_west.7,109.90591010812048,88.0,15.0,88.0
90.0,flow_west.4,direct,BS_1,-1,535.9700519808092,330.0,148.0,330.0
90.0,flow_west.4,relay,BS_1,flow_east.7,602.4143695541968,330.0,240.0,330.0
90.0,flow_west.4,relay,BS_1,flow_west.6,356.77069071425103,240.0,88.0,240.0
90.0,flow_west.4,relay,BS_1,flow_west.5,323.1009266434054,148.0,88.0,148.0
90.0,flow_west.4,relay,BS_1,flow_west.2,316.8841155070861,148.0,88.0,148.0
90.0,flow_west.4,relay,BS_1,flow_east.6,170.16827604304115,88.0,38.0,88.0
90.0,flow_east.7,direct,BS_1,-1,602.4143695541968,330.0,240.0,330.0
90.0,flow_east.7,relay,BS_1,flow_west.4,535.9700519808092,330.0,148.0,330.0
90.0,flow_east.7,relay,BS_1,flow_west.6,309.8200869559496,148.0,88.0,148.0
90.0,flow_east.7,relay,BS_1,flow_west.5,216.9033363755457,148.0,38.0,148.0
90.0,flow_east.7,relay,BS_1,flow_west.2,210.23204605551203,148.0,38.0,148.0
90.0,flow_east.7,relay,BS_1,flow_east.6,207.43721365681145,148.0,38.0,148.0
90.0,flow_east.6,direct,BS_1,-1,447.0543392239061,240.0,148.0,240.0
90.0,flow_east.6,relay,BS_1,flow_west.7,417.0784639859128,240.0,148.0,240.0
90.0,flow_east.6,relay,BS_1,flow_east.1,302.2187340908274,148.0,88.0,148.0
90.0,flow_east.6,relay,BS_1,flow_east.7,207.43721365681145,148.0,38.0,148.0
90.0,flow_east.6,relay,BS_1,flow_west.4,170.16827604304115,88.0,38.0,88.0
90.0,flow_east.6,relay,BS_1,flow_west.2,113.12485083339482,88.0,15.0,88.0
90.0,flow_west.5,direct,BS_1,-1,385.29995398060856,240.0,88.0,240.0
90.0,flow_west.5,relay,BS_1,flow_west.2,370.5167731297862,240.0,88.0,240.0
90.0,flow_west.5,relay,BS_1,flow_west.6,413.6296739051722,240.0,148.0,240.0
90.0,flow_west.5,relay,BS_1,flow_west.4,323.1009266434054,148.0,88.0,148.0
90.0,flow_west.5,relay,BS_1,flow_east.7,216.9033363755457,148.0,38.0,148.0
90.0,flow_west.5,relay,BS_1,flow_west.7,113.30548570502928,88.0,15.0,88.0
90.0,flow_east.1,direct,BS_1,-1,305.13586272894787,148.0,88.0,148.0
90.0,flow_east.1,relay,BS_1,flow_west.7,353.7318932154087,240.0,88.0,240.0
90.0,flow_east.1,relay,BS_1,flow_east.6,302.2187340908274,148.0,88.0,148.0
90.0,flow_east.1,relay,BS_1,flow_east.7,110.43812154230284,88.0,15.0,88.0
90.0,flow_east.1,relay,BS_1,flow_west.4,94.41900760773112,38.0,15.0,38.0
90.0,flow_east.1,relay,BS_1,flow_west.6,62.44801330312515,38.0,15.0,38.0
90.0,flow_west.7,direct,BS_1,-1,417.0784639859128,240.0,148.0,240.0
90.0,flow_west.7,relay,BS_1,flow_east.6,447.0543392239061,240.0,148.0,240.0
90.0,flow_west.7,relay,BS_1,flow_east.1,305.13586272894787,148.0,88.0,148.0
90.0,flow_west.7,relay,BS_1,flow_east.7,183.06423184922815,88.0,38.0,88.0
90.0,flow_west.7,relay,BS_1,flow_west.4,151.43089006225082,88.0,38.0,88.0
90.0,flow_west.7,relay,BS_1,flow_west.5,113.30548570502928,88.0,15.0,88.0
91.0,flow_west.2,direct,BS_1,-1,368.6774128954134,240.0,88.0,240.0
91.0,flow_west.2,relay,BS_1,flow_west.5,376.969737101776,240.0,88.0,240.0
91.0,flow_west.2,relay,BS_1,flow_west.6,384.6816452155144,240.0,88.0,240.0
91.0,flow_west.2,relay,BS_1,flow_west.4,317.7702193510412,148.0,88.0,148.0
91.0,flow_west.2,relay,BS_1,flow_east.7,230.24625574784167,148.0,38.0,148.0
91.0,flow_west.2,relay,BS_1,flow_east.6,114.75739204716773,88.0,15.0,88.0
91.0,flow_west.6,direct,BS_1,-1,384.6816452155144,240.0,88.0,240.0
91.0,flow_west.6,relay,BS_1,flow_west.5,376.969737101776,240.0,88.0,240.0
91.0,flow_west.6,relay,BS_1,flow_west.2,368.6774128954134,240.0,88.0,240.0
91.0,flow_west.6,relay,BS_1,flow_west.4,351.9114973834068,240.0,88.0,240.0
91.0,flow_west.6,relay,BS_1,flow_east.7,322.5074470549099,148.0,88.0,148.0
91.0,flow_west.6,relay,BS_1,flow_west.7,110.26052739667448,88.0,15.0,88.0
91.0,flow_west.4,direct,BS_1,-1,520.1116439898908,330.0,148.0,330.0
91.0,flow_west.4,relay,BS_1,flow_east.7,592.2803190516009,330.0,240.0,330.0
91.0,flow_west.4,relay,BS_1,flow_west.6,351.9114973834068,240.0,88.0,240.0
91.0,flow_west.4,relay,BS_1,flow_west.5,320.43257663692134,148.0,88.0,148.0
91.0,flow_west.4,relay,BS_1,flow_west.2,317.7702193510412,148.0,88.0,148.0
91.0,flow_west.4,relay,BS_1,flow_east.6,155.78361414740235,88.0,38.0,88.0
91.0,flow_east.7,direct,BS_1,-1,599.7980345889184,330.0,240.0,330.0
91.0,flow_east.7,relay,BS_1,flow_west.4,520.1116439898908,330.0,148.0,330.0
91.0,flow_east.7,relay,BS_1,flow_west.6,322.5074470549099,148.0,88.0,148.0
91.0,flow_east.7,relay,BS_1,flow_west.2,230.24625574784167,148.0,38.0,148.0
91.0,flow_east.7,relay,BS_1,flow_west.5,211.50790380132855,148.0,38.0,148.0
91.0,flow_east.7,relay,BS_1,flow_east.6,207.18396559831285,148.0,38.0,148.0
91.0,flow_east.6,direct,BS_1,-1,435.0248267064087,240.0,148.0,240.0
91.0,flow_east.6,relay,BS_1,flow_west.7,428.39877904433274,240.0,148.0,240.0
91.0,flow_east.6,relay,BS_1,flow_east.1,299.01943441344736,148.0,88.0,148.0
91.0,flow_east.6,relay,BS_1,flow_east.7,207.18396559831285,148.0,38.0,148.0
91.0,flow_east.6,relay,BS_1,flow_west.4,155.78361414740235,88.0,38.0,88.0
91.0,flow_east.6,relay,BS_1,flow_west.2,114.75739204716773,88.0,15.0,88.0
91.0,flow_west.5,direct,BS_1,-1,376.969737101776,240.0,88.0,240.0
91.0,flow_west.5,relay,BS_1,flow_west.2,368.6774128954134,240.0,88.0,240.0
91.0,flow_west.5,relay,BS_1,flow_west.6,384.6816452155144,240.0,88.0,240.0
91.0,flow_west.5,relay,BS_1,flow_west.4,321.02502883710184,148.0,88.0,148.0
91.0,flow_west.5,relay,BS_1,flow_east.7,212.78715673696632,148.0,38.0,148.0
91.0,flow_west.5,relay,BS_1,flow_east.6,113.84852861195192,88.0,15.0,88.0
91.0,flow_east.1,direct,BS_1,-1,299.01943441344736,148.0,88.0,148.0
91.0,flow_east.1,relay,BS_1,flow_west.7,316.2937573638574,148.0,88.0,148.0
91.0,flow_east.1,relay,BS_1,flow_east.6,304.5517833429118,148.0,88.0,148.0
91.0,flow_east.1,relay,BS_1,flow_east.7,110.79388068459409,88.0,15.0,88.0
91.0,flow_east.1,relay,BS_1,flow_west.4,88.3417276876462,38.0,15.0,38.0
91.0,flow_east.1,relay,BS_1,flow_west.6,59.24788859977942,38.0,15.0,38.0
91.0,flow_west.7,direct,BS_1,-1,428.39877904433274,240.0,148.0,240.0
91.0,flow_west.7,relay,BS_1,flow_east.6,435.0248267064087,240.0,148.0,240.0
91.0,flow_west.7,relay,BS_1,flow_east.1,299.01943441344736,148.0,88.0,148.0
91.0,flow_west.7,relay,BS_1,flow_east.7,200.64867469429325,88.0,38.0,88.0
91.0,flow_west.7,relay,BS_1,flow_west.4,151.43089006225082,88.0,38.0,88.0
91.0,flow_west.7,relay,BS_1,flow_west.2,114.0299222141748,88.0,15.0,88.0
92.0,flow_west.2,direct,BS_1,-1,361.6450064745535,240.0,88.0,240.0
92.0,flow_west.2,relay,BS_1,flow_west.5,345.2556614131326,148.0,88.0,148.0
92.0,flow_west.2,relay,BS_1,flow_west.6,410.49871484968537,240.0,148.0,240.0
92.0,flow_west.2,relay,BS_1,flow_west.4,318.36133142346836,148.0,88.0,148.0
92.0,flow_west.2,relay,BS_1,flow_east.7,233.966218208406,148.0,38.0,148.0
92.0,flow_west.2,relay,BS_1,flow_west.7,113.84852861195192,88.0,15.0,88.0
92.0,flow_west.6,direct,BS_1,-1,410.49871484968537,240.0,148.0,240.0
92.0,flow_west.6,relay,BS_1,flow_west.5,345.2556614131326,148.0,88.0,148.0
92.0,flow_west.6,relay,BS_1,flow_west.2,361.6450064745535,240.0,88.0,240.0
92.0,flow_west.6,relay,BS_1,flow_west.4,350.09329393533494,240.0,88.0,240.0
92.0,flow_west.6,relay,BS_1,flow_east.7,249.07911685057672,148.0,88.0,148.0
92.0,flow_west.6,relay,BS_1,flow_east.6,109.90591010812048,88.0,15.0,88.0
92.0,flow_west.4,direct,BS_1,-1,511.71638426190566,330.0,148.0,330.0
92.0,flow_west.4,relay,BS_1,flow_east.7,474.1293292787434,240.0,148.0,240.0
92.0,flow_west.4,relay,BS_1,flow_west.6,350.09329393533494,240.0,88.0,240.0
92.0,flow_west.4,relay,BS_1,flow_west.5,321.91425968029665,148.0,88.0,148.0
92.0,flow_west.4,relay,BS_1,flow_west.2,318.36133142346836,148.0,88.0,148.0
92.0,flow_west.4,relay,BS_1,flow_west.7,150.5686674745332,88.0,38.0,88.0
92.0,flow_east.7,direct,BS_1,-1,624.6818341462133,330.0,240.0,330.0
92.0,flow_east.7,relay,BS_1,flow_west.4,474.7689300410301,240.0,148.0,240.0
92.0,flow_east.7,relay,BS_1,flow_west.6,249.07911685057672,148.0,88.0,148.0
92.0,flow_east.7,relay,BS_1,flow_west.5,235.30056008829123,148.0,38.0,148.0
92.0,flow_east.7,relay,BS_1,flow_west.2,233.966218208406,148.0,38.0,148.0
92.0,flow_east.7,relay,BS_1,flow_west.7,220.27269582049507,148.0,38.0,148.0
92.0,flow_west.5,direct,BS_1,-1,345.2556614131326,148.0,88.0,148.0
92.0,flow_west.5,relay,BS_1,flow_west.2,361.6450064745535,240.0,88.0,240.0
92.0,flow_west.5,relay,BS_1,flow_west.6,410.49871484968537,240.0,148.0,240.0
92.0,flow_west.5,relay,BS_1,flow_west.4,321.91425968029665,148.0,88.0,148.0
92.0,flow_west.5,relay,BS_1,flow_east.7,235.30056008829123,148.0,38.0,148.0
92.0,flow_west.5,relay,BS_1,flow_west.7,113.12485083339482,88.0,15.0,88.0
92.0,flow_east.6,direct,BS_1,-1,423.67590454842775,240.0,148.0,240.0
92.0,flow_east.6,relay,BS_1,flow_west.7,439.76738798902,240.0,148.0,240.0
92.0,flow_east.6,relay,BS_1,flow_east.7,207.18396559831285,148.0,38.0,148.0
92.0,flow_east.6,relay,BS_1,flow_west.4,142.9351978651775,88.0,38.0,88.0
92.0,flow_east.6,relay,BS_1,flow_west.2,112.22452391523647,88.0,15.0,88.0
92.0,flow_east.6,relay,BS_1,flow_west.5,112.22452391523647,88.0,15.0,88.0
92.0,flow_west.7,direct,BS_1,-1,439.76738798902,240.0,148.0,240.0
92.0,flow_west.7,relay,BS_1,flow_east.6,423.67590454842775,240.0,148.0,240.0
92.0,flow_west.7,relay,BS_1,flow_east.7,220.27269582049507,148.0,38.0,148.0
92.0,flow_west.7,relay,BS_1,flow_west.4,150.5686674745332,88.0,38.0,88.0
92.0,flow_west.7,relay,BS_1,flow_west.2,113.84852861195192,88.0,15.0,88.0
92.0,flow_west.7,relay,BS_1,flow_west.5,113.12485083339482,88.0,15.0,88.0
93.0,flow_west.2,direct,BS_1,-1,354.339174713274,240.0,88.0,240.0
93.0,flow_west.2,relay,BS_1,flow_west.5,320.43257663692134,148.0,88.0,148.0
93.0,flow_west.2,relay,BS_1,flow_west.6,363.17125878724937,240.0,88.0,240.0
93.0,flow_west.2,relay,BS_1,flow_west.4,321.321365578753,148.0,88.0,148.0
93.0,flow_west.2,relay,BS_1,flow_east.7,213.04341289437096,148.0,38.0,148.0
93.0,flow_west.2,relay,BS_1,flow_west.7,112.5840850459434,88.0,15.0,88.0
93.0,flow_west.6,direct,BS_1,-1,363.17125878724937,240.0,88.0,240.0
93.0,flow_west.6,relay,BS_1,flow_west.5,320.43257663692134,148.0,88.0,148.0
93.0,flow_west.6,relay,BS_1,flow_west.2,354.339174713274,240.0,88.0,240.0
93.0,flow_west.6,relay,BS_1,flow_west.4,354.03550391791634,240.0,88.0,240.0
93.0,flow_west.6,relay,BS_1,flow_east.7,205.1629870076807,88.0,38.0,88.0
93.0,flow_west.6,relay,BS_1,flow_east.6,111.50768149266771,88.0,15.0,88.0
93.0,flow_west.4,direct,BS_1,-1,521.727708884227,330.0,148.0,330.0
93.0,flow_west.4,relay,BS_1,flow_east.7,422.7323584812443,240.0,148.0,240.0
93.0,flow_west.4,relay,BS_1,flow_west.6,354.339174713274,240.0,88.0,240.0
93.0,flow_west.4,relay,BS_1,flow_west.2,321.321365578753,148.0,88.0,148.0
93.0,flow_west.4,relay,BS_1,flow_west.5,320.43257663692134,148.0,88.0,148.0
93.0,flow_west.4,relay,BS_1,flow_west.7,150.35354779944518,88.0,38.0,88.0
93.0,flow_east.7,direct,BS_1,-1,631.8962072289747,330.0,240.0,330.0
93.0,flow_east.7,relay,BS_1,flow_west.4,423.36135066813705,240.0,148.0,240.0
93.0,flow_east.7,relay,BS_1,flow_west.7,243.639856573772,148.0,38.0,148.0
93.0,flow_east.7,relay,BS_1,flow_west.5,231.30664995397208,148.0,38.0,148.0
93.0,flow_east.7,relay,BS_1,flow_west.2,213.04341289437096,148.0,38.0,148.0
93.0,flow_east.7,relay,BS_1,flow_east.6,207.43721365681145,148.0,38.0,148.0
93.0,flow_west.5,direct,BS_1,-1,320.43257663692134,148.0,88.0,148.0
93.0,flow_west.5,relay,BS_1,flow_west.2,354.339174713274,240.0,88.0,240.0
93.0,flow_west.5,relay,BS_1,flow_west.6,363.17125878724937,240.0,88.0,240.0
93.0,flow_west.5,relay,BS_1,flow_west.4,320.72876581211096,148.0,88.0,148.0
93.0,flow_west.5,relay,BS_1,flow_east.7,231.30664995397208,148.0,38.0,148.0
93.0,flow_west.5,relay,BS_1,flow_west.7,114.75739204716773,88.0,15.0,88.0
93.0,flow_east.6,direct,BS_1,-1,412.68995161733034,240.0,148.0,240.0
93.0,flow_east.6,relay,BS_1,flow_west.7,452.13385327948134,240.0,148.0,240.0
93.0,flow_east.6,relay,BS_1,flow_east.7,207.43721365681145,148.0,38.0,148.0
93.0,flow_east.6,relay,BS_1,flow_west.4,131.32388284799924,88.0,38.0,88.0
93.0,flow_east.6,relay,BS_1,flow_west.6,111.50768149266771,88.0,15.0,88.0
93.0,flow_east.6,relay,BS_1,flow_west.5,111.1504007535744,88.0,15.0,88.0
93.0,flow_west.7,direct,BS_1,-1,452.13385327948134,240.0,148.0,240.0
93.0,flow_west.7,relay,BS_1,flow_east.6,412.68995161733034,240.0,148.0,240.0
93.0,flow_west.7,relay,BS_1,flow_east.7,243.639856573772,148.0,38.0,148.0
93.0,flow_west.7,relay,BS_1,flow_west.4,150.35354779944518,88.0,38.0,88.0
93.0,flow_west.7,relay,BS_1,flow_west.5,114.75739204716773,88.0,15.0,88.0
93.0,flow_west.7,relay,BS_1,flow_west.2,112.5840850459434,88.0,15.0,88.0
94.0,flow_west.4,direct,BS_1,-1,503.979740357832,330.0,148.0,330.0
94.0,flow_west.4,relay,BS_1,flow_west.6,354.339174713274,240.0,88.0,240.0
94.0,flow_west.4,relay,BS_1,flow_east.7,350.39617453136975,240.0,88.0,240.0
94.0,flow_west.4,relay,BS_1,flow_west.5,313.9353703379102,148.0,88.0,148.0
94.0,flow_west.4,relay,BS_1,flow_west.7,150.35354779944518,88.0,38.0,88.0
94.0,flow_west.4,relay,BS_1,flow_east.6,121.25170121677829,88.0,15.0,88.0
94.0,flow_west.6,direct,BS_1,-1,354.339174713274,240.0,88.0,240.0
94.0,flow_west.6,relay,BS_1,flow_west.5,313.9353703379102,148.0,88.0,148.0
94.0,flow_west.6,relay,BS_1,flow_west.4,360.1201861901151,240.0,88.0,240.0
94.0,flow_west.6,relay,BS_1,flow_east.7,224.1877078101824,148.0,38.0,148.0
94.0,flow_west.6,relay,BS_1,flow_east.6,112.5840850459434,88.0,15.0,88.0
94.0,flow_west.6,relay,BS_1,flow_west.7,108.84662834955496,88.0,15.0,88.0
94.0,flow_east.7,direct,BS_1,-1,632.5522898299589,330.0,240.0,330.0
94.0,flow_east.7,relay,BS_1,flow_west.4,350.39617453136975,240.0,88.0,240.0
94.0,flow_east.7,relay,BS_1,flow_west.7,270.9890462506881,148.0,88.0,148.0
94.0,flow_east.7,relay,BS_1,flow_west.6,224.1877078101824,148.0,38.0,148.0
94.0,flow_east.7,relay,BS_1,flow_east.6,207.9441250896446,148.0,38.0,148.0
94.0,flow_east.7,relay,BS_1,flow_west.5,206.17236165630615,148.0,38.0,148.0
94.0,flow_east.6,direct,BS_1,-1,402.0662830177585,240.0,148.0,240.0
94.0,flow_east.6,relay,BS_1,flow_west.7,464.867733041794,240.0,148.0,240.0
94.0,flow_east.6,relay,BS_1,flow_east.7,207.9441250896446,148.0,38.0,148.0
94.0,flow_east.6,relay,BS_1,flow_west.4,121.25170121677829,88.0,15.0,88.0
94.0,flow_east.6,relay,BS_1,flow_west.6,112.5840850459434,88.0,15.0,88.0
94.0,flow_east.6,relay,BS_1,flow_west.5,108.84662834955496,88.0,15.0,88.0
94.0,flow_west.5,direct,BS_1,-1,313.9353703379102,148.0,88.0,148.0
94.0,flow_west.5,relay,BS_1,flow_west.6,354.339174713274,240.0,88.0,240.0
94.0,flow_west.5,relay,BS_1,flow_west.4,318.6569999082692,148.0,88.0,148.0
94.0,flow_west.5,relay,BS_1,flow_east.7,206.17236165630615,148.0,38.0,148.0
94.0,flow_west.5,relay,BS_1,flow_west.7,114.75739204716773,88.0,15.0,88.0
94.0,flow_west.5,relay,BS_1,flow_east.6,108.84662834955496,88.0,15.0,88.0
94.0,flow_west.7,direct,BS_1,-1,464.867733041794,240.0,148.0,240.0
94.0,flow_west.7,relay,BS_1,flow_east.6,402.0662830177585,240.0,148.0,240.0
94.0,flow_west.7,relay,BS_1,flow_east.7,270.9890462506881,148.0,88.0,148.0
94.0,flow_west.7,relay,BS_1,flow_west.4,150.35354779944518,88.0,38.0,88.0
94.0,flow_west.7,relay,BS_1,flow_west.5,114.75739204716773,88.0,15.0,88.0
94.0,flow_west.7,relay,BS_1,flow_west.6,108.84662834955496,88.0,15.0,88.0
95.0,flow_west.4,direct,BS_1,-1,493.3632037929179,240.0,148.0,240.0
95.0,flow_west.4,relay,BS_1,flow_west.6,366.53398702832897,240.0,88.0,240.0
95.0,flow_west.4,relay,BS_1,flow_east.7,176.67347736439908,88.0,38.0,88.0
95.0,flow_west.4,relay,BS_1,flow_west.5,309.5267253169076,148.0,88.0,148.0
95.0,flow_west.4,relay,BS_1,flow_west.7,213.29980384860173,148.0,38.0,148.0
95.0,flow_west.4,relay,BS_1,flow_east.6,112.22452391523647,88.0,15.0,88.0
95.0,flow_west.6,direct,BS_1,-1,366.53398702832897,240.0,88.0,240.0
95.0,flow_west.6,relay,BS_1,flow_west.5,309.5267253169076,148.0,88.0,148.0
95.0,flow_west.6,relay,BS_1,flow_west.4,375.12365277492705,240.0,88.0,240.0
95.0,flow_west.6,relay,BS_1,flow_east.7,176.67347736439908,88.0,38.0,88.0
95.0,flow_west.6,relay,BS_1,flow_east.6,112.76415046634403,88.0,15.0,88.0
95.0,flow_west.6,relay,BS_1,flow_west.7,109.1989603598184,88.0,15.0,88.0
95.0,flow_east.7,direct,BS_1,-1,176.67347736439908,88.0,38.0,88.0
95.0,flow_east.7,relay,BS_1,flow_west.4,372.97228192114295,240.0,88.0,240.0
95.0,flow_east.7,relay,BS_1,flow_west.7,301.92747297090347,148.0,88.0,148.0
95.0,flow_east.7,relay,BS_1,flow_west.6,236.10261153904315,148.0,38.0,148.0
95.0,flow_east.7,relay,BS_1,flow_east.6,207.9441250896446,148.0,38.0,148.0
95.0,flow_east.7,relay,BS_1,flow_west.5,172.47707153375836,88.0,38.0,88.0
95.0,flow_east.6,direct,BS_1,-1,391.80394676636746,240.0,88.0,240.0
95.0,flow_east.6,relay,BS_1,flow_west.7,477.6484836316672,240.0,148.0,240.0
95.0,flow_east.6,relay,BS_1,flow_east.7,176.67347736439908,88.0,38.0,88.0
95.0,flow_east.6,relay,BS_1,flow_west.6,112.76415046634403,88.0,15.0,88.0
95.0,flow_east.6,relay,BS_1,flow_west.4,112.22452391523647,88.0,15.0,88.0
95.0,flow_east.6,relay,BS_1,flow_west.5,104.5068478969301,88.0,15.0,88.0
95.0,flow_west.5,direct,BS_1,-1,309.5267253169076,148.0,88.0,148.0
95.0,flow_west.5,relay,BS_1,flow_west.6,366.53398702832897,240.0,88.0,240.0
95.0,flow_west.5,relay,BS_1,flow_west.4,318.6569999082692,148.0,88.0,148.0
95.0,flow_west.5,relay,BS_1,flow_east.7,172.47707153375836,88.0,38.0,88.0
95.0,flow_west.5,relay,BS_1,flow_west.7,114.57524035767756,88.0,15.0,88.0
95.0,flow_west.5,relay,BS_1,flow_east.6,104.5068478969301,88.0,15.0,88.0
95.0,flow_west.7,direct,BS_1,-1,477.6484836316672,240.0,148.0,240.0
95.0,flow_west.7,relay,BS_1,flow_east.6,391.80394676636746,240.0,88.0,240.0
95.0,flow_west.7,relay,BS_1,flow_east.7,176.67347736439908,88.0,38.0,88.0
95.0,flow_west.7,relay,BS_1,flow_west.4,213.81298947299896,148.0,38.0,148.0
95.0,flow_west.7,relay,BS_1,flow_west.5,114.57524035767756,88.0,15.0,88.0
95.0,flow_west.7,relay,BS_1,flow_west.6,109.1989603598184,88.0,15.0,88.0
96.0,flow_west.4,direct,BS_1,-1,488.54611078762537,240.0,148.0,240.0
96.0,flow_west.4,relay,BS_1,flow_west.6,379.1258652198573,240.0,88.0,240.0
96.0,flow_west.4,relay,BS_1,flow_east.7,177.1429351712039,88.0,38.0,88.0
96.0,flow_west.4,relay,BS_1,flow_west.7,209.72265832149705,148.0,38.0,148.0
96.0,flow_west.4,relay,BS_1,flow_east.6,104.16482020921124,88.0,15.0,88.0
96.0,flow_west.6,direct,BS_1,-1,379.1258652198573,240.0,88.0,240.0
96.0,flow_west.6,relay,BS_1,flow_west.4,385.6091823186896,240.0,88.0,240.0
96.0,flow_west.6,relay,BS_1,flow_east.7,177.1429351712039,88.0,38.0,88.0
96.0,flow_west.6,relay,BS_1,flow_east.6,111.32894605570311,88.0,15.0,88.0
96.0,flow_west.6,relay,BS_1,flow_west.7,109.37541212212612,88.0,15.0,88.0
96.0,flow_east.7,direct,BS_1,-1,177.1429351712039,88.0,38.0,88.0
96.0,flow_east.7,relay,BS_1,flow_west.7,339.8327773817591,148.0,88.0,148.0
96.0,flow_east.7,relay,BS_1,flow_west.4,296.40939047523096,148.0,88.0,148.0
96.0,flow_east.7,relay,BS_1,flow_west.6,223.92580803175304,148.0,38.0,148.0
96.0,flow_east.7,relay,BS_1,flow_east.6,208.95960452675857,148.0,38.0,148.0
96.0,flow_east.6,direct,BS_1,-1,382.51912790959585,240.0,88.0,240.0
96.0,flow_east.6,relay,BS_1,flow_west.7,430.6056712478352,240.0,148.0,240.0
96.0,flow_east.6,relay,BS_1,flow_east.7,177.1429351712039,88.0,38.0,88.0
96.0,flow_east.6,relay,BS_1,flow_west.6,112.04502827698992,88.0,15.0,88.0
96.0,flow_east.6,relay,BS_1,flow_west.4,104.16482020921124,88.0,15.0,88.0
96.0,flow_west.7,direct,BS_1,-1,491.1145384006808,240.0,148.0,240.0
96.0,flow_west.7,relay,BS_1,flow_east.6,382.51912790959585,240.0,88.0,240.0
96.0,flow_west.7,relay,BS_1,flow_east.7,177.1429351712039,88.0,38.0,88.0
96.0,flow_west.7,relay,BS_1,flow_west.4,209.72265832149705,148.0,38.0,148.0
96.0,flow_west.7,relay,BS_1,flow_west.6,109.37541212212612,88.0,15.0,88.0
97.0,flow_west.4,direct,BS_1,-1,446.4199872291918,240.0,148.0,240.0
97.0,flow_west.4,relay,BS_1,flow_west.6,372.97228192114295,240.0,88.0,240.0
97.0,flow_west.4,relay,BS_1,flow_east.7,325.4777460451084,148.0,88.0,148.0
97.0,flow_west.4,relay,BS_1,flow_west.7,208.19778812893543,148.0,38.0,148.0
97.0,flow_west.4,relay,BS_1,flow_east.6,96.67135779208394,38.0,15.0,38.0
97.0,flow_west.6,direct,BS_1,-1,372.97228192114295,240.0,88.0,240.0
97.0,flow_west.6,relay,BS_1,flow_west.4,407.9969580735333,240.0,148.0,240.0
97.0,flow_west.6,relay,BS_1,flow_east.7,196.6748151283273,88.0,38.0,88.0
97.0,flow_west.6,relay,BS_1,flow_west.7,109.72888702437034,88.0,15.0,88.0
97.0,flow_west.6,relay,BS_1,flow_east.6,108.31955951522995,88.0,15.0,88.0
97.0,flow_east.7,direct,BS_1,-1,624.6818341462133,330.0,240.0,330.0
97.0,flow_east.7,relay,BS_1,flow_west.7,384.37256498431816,240.0,88.0,240.0
97.0,flow_east.7,relay,BS_1,flow_west.4,325.4777460451084,148.0,88.0,148.0
97.0,flow_east.7,relay,BS_1,flow_east.6,209.21381852690465,148.0,38.0,148.0
97.0,flow_east.7,relay,BS_1,flow_west.6,196.6748151283273,88.0,38.0,88.0
97.0,flow_east.6,direct,BS_1,-1,372.6651556377322,240.0,88.0,240.0
97.0,flow_east.6,relay,BS_1,flow_west.7,378.2015007367229,240.0,88.0,240.0
97.0,flow_east.6,relay,BS_1,flow_east.7,209.21381852690465,148.0,38.0,148.0
97.0,flow_east.6,relay,BS_1,flow_west.6,108.31955951522995,88.0,15.0,88.0
97.0,flow_east.6,relay,BS_1,flow_west.4,96.67135779208394,38.0,15.0,38.0
97.0,flow_west.7,direct,BS_1,-1,504.3018458585228,330.0,148.0,330.0
97.0,flow_west.7,relay,BS_1,flow_east.7,384.37256498431816,240.0,88.0,240.0
97.0,flow_west.7,relay,BS_1,flow_east.6,372.6651556377322,240.0,88.0,240.0
97.0,flow_west.7,relay,BS_1,flow_west.4,208.95960452675857,148.0,38.0,148.0
97.0,flow_west.7,relay,BS_1,flow_west.6,109.72888702437034,88.0,15.0,88.0
98.0,flow_west.4,direct,BS_1,-1,466.4628448681492,240.0,148.0,240.0
98.0,flow_west.4,relay,BS_1,flow_west.6,362.56058690086655,240.0,88.0,240.0
98.0,flow_west.4,relay,BS_1,flow_east.7,252.91330411827303,148.0,88.0,148.0
98.0,flow_west.4,relay,BS_1,flow_west.7,208.7055280151968,148.0,38.0,148.0
98.0,flow_west.4,relay,BS_1,flow_east.6,90.180813799799,38.0,15.0,38.0
98.0,flow_west.6,direct,BS_1,-1,362.56058690086655,240.0,88.0,240.0
98.0,flow_west.6,relay,BS_1,flow_west.4,426.8235434059149,240.0,148.0,240.0
98.0,flow_west.6,relay,BS_1,flow_east.7,164.24198168070535,88.0,38.0,88.0
98.0,flow_west.6,relay,BS_1,flow_west.7,110.08312357533464,88.0,15.0,88.0
98.0,flow_west.6,relay,BS_1,flow_east.6,103.48305777642186,88.0,15.0,88.0
98.0,flow_east.7,direct,BS_1,-1,620.4210418951529,330.0,240.0,330.0
98.0,flow_east.7,relay,BS_1,flow_west.7,437.5532099284727,240.0,148.0,240.0
98.0,flow_east.7,relay,BS_1,flow_west.4,252.91330411827303,148.0,88.0,148.0
98.0,flow_east.7,relay,BS_1,flow_east.6,209.21381852690465,148.0,38.0,148.0
98.0,flow_east.7,relay,BS_1,flow_west.6,164.24198168070535,88.0,38.0,88.0
98.0,flow_east.6,direct,BS_1,-1,363.78215759761594,240.0,88.0,240.0
98.0,flow_east.6,relay,BS_1,flow_west.7,336.22929752968724,148.0,88.0,148.0
98.0,flow_east.6,relay,BS_1,flow_east.7,209.21381852690465,148.0,38.0,148.0
98.0,flow_east.6,relay,BS_1,flow_west.6,103.48305777642186,88.0,15.0,88.0
98.0,flow_east.6,relay,BS_1,flow_west.4,90.180813799799,38.0,15.0,38.0
98.0,flow_west.7,direct,BS_1,-1,517.8500039432703,330.0,148.0,330.0
98.0,flow_west.7,relay,BS_1,flow_east.7,437.5532099284727,240.0,148.0,240.0
98.0,flow_west.7,relay,BS_1,flow_east.6,336.22929752968724,148.0,88.0,148.0
98.0,flow_west.7,relay,BS_1,flow_west.4,208.7055280151968,148.0,38.0,148.0
98.0,flow_west.7,relay,BS_1,flow_west.6,110.08312357533464,88.0,15.0,88.0
99.0,flow_west.4,direct,BS_1,-1,440.7168413999162,240.0,148.0,240.0
99.0,flow_west.4,relay,BS_1,flow_west.6,346.1614941903182,240.0,88.0,240.0
99.0,flow_west.4,relay,BS_1,flow_west.7,208.4515891600109,148.0,38.0,148.0
99.0,flow_west.4,relay,BS_1,flow_east.7,205.41512108881653,88.0,38.0,88.0
99.0,flow_west.4,relay,BS_1,flow_east.6,84.01000845393789,38.0,15.0,38.0
99.0,flow_west.6,direct,BS_1,-1,346.1614941903182,240.0,88.0,240.0
99.0,flow_west.6,relay,BS_1,flow_west.4,440.7168413999162,240.0,148.0,240.0
99.0,flow_west.6,relay,BS_1,flow_east.7,136.54714182366484,88.0,38.0,88.0
99.0,flow_west.6,relay,BS_1,flow_west.7,108.49505853490054,88.0,15.0,88.0
99.0,flow_west.6,relay,BS_1,flow_east.6,98.9611661469488,38.0,15.0,38.0
99.0,flow_east.7,direct,BS_1,-1,613.5418993112947,330.0,240.0,330.0
99.0,flow_east.7,relay,BS_1,flow_west.7,507.5241302255107,330.0,148.0,330.0
99.0,flow_east.7,relay,BS_1,flow_east.6,208.95960452675857,148.0,38.0,148.0
99.0,flow_east.7,relay,BS_1,flow_west.4,205.41512108881653,88.0,38.0,88.0
99.0,flow_east.7,relay,BS_1,flow_west.6,136.54714182366484,88.0,38.0,88.0
99.0,flow_east.6,direct,BS_1,-1,354.6429054869848,240.0,88.0,240.0
99.0,flow_east.6,relay,BS_1,flow_west.7,299.30986198166704,148.0,88.0,148.0
99.0,flow_east.6,relay,BS_1,flow_east.7,208.95960452675857,148.0,38.0,148.0
99.0,flow_east.6,relay,BS_1,flow_west.6,98.9611661469488,38.0,15.0,38.0
99.0,flow_east.6,relay,BS_1,flow_west.4,84.01000845393789,38.0,15.0,38.0
99.0,flow_west.7,direct,BS_1,-1,532.0821408606605,330.0,148.0,330.0
99.0,flow_west.7,relay,BS_1,flow_east.7,507.5241302255107,330.0,148.0,330.0
99.0,flow_west.7,relay,BS_1,flow_east.6,299.30986198166704,148.0,88.0,148.0
99.0,flow_west.7,relay,BS_1,flow_west.4,208.4515891600109,148.0,38.0,148.0
99.0,flow_west.7,relay,BS_1,flow_west.6,108.49505853490054,88.0,15.0,88.0
